ISO-10303-21;
HEADER;
FILE_DESCRIPTION(('KiCad electronic assembly'),'2;1');
FILE_NAME('JACK_CONN.step','2026-01-03T12:44:38',('Pcbnew'),('Kicad'),
  'Open CASCADE STEP processor 7.6','KiCad to STEP converter','Unknown'
  );
FILE_SCHEMA(('AUTOMOTIVE_DESIGN { 1 0 10303 214 1 1 1 1 }'));
ENDSEC;
DATA;
#1 = APPLICATION_PROTOCOL_DEFINITION('international standard',
  'automotive_design',2000,#2);
#2 = APPLICATION_CONTEXT(
  'core data for automotive mechanical design processes');
#3 = SHAPE_DEFINITION_REPRESENTATION(#4,#10);
#4 = PRODUCT_DEFINITION_SHAPE('','',#5);
#5 = PRODUCT_DEFINITION('design','',#6,#9);
#6 = PRODUCT_DEFINITION_FORMATION('','',#7);
#7 = PRODUCT('JACK_CONN 1','JACK_CONN 1','',(#8));
#8 = PRODUCT_CONTEXT('',#2,'mechanical');
#9 = PRODUCT_DEFINITION_CONTEXT('part definition',#2,'design');
#10 = SHAPE_REPRESENTATION('',(#11,#15,#19,#23,#27,#31,#35,#39,#43,#47,
    #51,#55,#59),#63);
#11 = AXIS2_PLACEMENT_3D('',#12,#13,#14);
#12 = CARTESIAN_POINT('',(0.,0.,0.));
#13 = DIRECTION('',(0.,0.,1.));
#14 = DIRECTION('',(1.,0.,-0.));
#15 = AXIS2_PLACEMENT_3D('',#16,#17,#18);
#16 = CARTESIAN_POINT('',(51.999893,-56.444909,0.795));
#17 = DIRECTION('',(0.,0.,1.));
#18 = DIRECTION('',(-1.,1.224646799147E-16,0.));
#19 = AXIS2_PLACEMENT_3D('',#20,#21,#22);
#20 = CARTESIAN_POINT('',(27.999893,-23.55491,0.795));
#21 = DIRECTION('',(0.,0.,1.));
#22 = DIRECTION('',(1.,0.,0.));
#23 = AXIS2_PLACEMENT_3D('',#24,#25,#26);
#24 = CARTESIAN_POINT('',(59.944892,-39.99991,0.795));
#25 = DIRECTION('',(-0.,0.,1.));
#26 = DIRECTION('',(1.110223024625E-16,-1.,0.));
#27 = AXIS2_PLACEMENT_3D('',#28,#29,#30);
#28 = CARTESIAN_POINT('',(51.999893,-24.05491,0.795));
#29 = DIRECTION('',(0.,0.,1.));
#30 = DIRECTION('',(1.,0.,0.));
#31 = AXIS2_PLACEMENT_3D('',#32,#33,#34);
#32 = CARTESIAN_POINT('',(43.999893,-23.55491,0.795));
#33 = DIRECTION('',(0.,0.,1.));
#34 = DIRECTION('',(1.,0.,0.));
#35 = AXIS2_PLACEMENT_3D('',#36,#37,#38);
#36 = CARTESIAN_POINT('',(27.499893,-56.44491,0.795));
#37 = DIRECTION('',(0.,0.,1.));
#38 = DIRECTION('',(-1.,1.224646799147E-16,0.));
#39 = AXIS2_PLACEMENT_3D('',#40,#41,#42);
#40 = CARTESIAN_POINT('',(43.999893,-56.444909,0.795));
#41 = DIRECTION('',(0.,0.,1.));
#42 = DIRECTION('',(-1.,1.224646799147E-16,0.));
#43 = AXIS2_PLACEMENT_3D('',#44,#45,#46);
#44 = CARTESIAN_POINT('',(35.999893,-23.55491,0.795));
#45 = DIRECTION('',(0.,0.,1.));
#46 = DIRECTION('',(1.,0.,0.));
#47 = AXIS2_PLACEMENT_3D('',#48,#49,#50);
#48 = CARTESIAN_POINT('',(52.499893,-44.99991,0.795));
#49 = DIRECTION('',(0.,0.,1.));
#50 = DIRECTION('',(-1.,1.224646799147E-16,0.));
#51 = AXIS2_PLACEMENT_3D('',#52,#53,#54);
#52 = CARTESIAN_POINT('',(52.499893,-34.99991,0.795));
#53 = DIRECTION('',(0.,0.,1.));
#54 = DIRECTION('',(-1.,1.224646799147E-16,0.));
#55 = AXIS2_PLACEMENT_3D('',#56,#57,#58);
#56 = CARTESIAN_POINT('',(35.999893,-56.444909,0.795));
#57 = DIRECTION('',(0.,0.,1.));
#58 = DIRECTION('',(-1.,1.224646799147E-16,0.));
#59 = AXIS2_PLACEMENT_3D('',#60,#61,#62);
#60 = CARTESIAN_POINT('',(0.,0.,0.));
#61 = DIRECTION('',(0.,0.,1.));
#62 = DIRECTION('',(1.,0.,-0.));
#63 = ( GEOMETRIC_REPRESENTATION_CONTEXT(3) 
GLOBAL_UNCERTAINTY_ASSIGNED_CONTEXT((#67)) GLOBAL_UNIT_ASSIGNED_CONTEXT(
(#64,#65,#66)) REPRESENTATION_CONTEXT('Context #1',
  '3D Context with UNIT and UNCERTAINTY') );
#64 = ( LENGTH_UNIT() NAMED_UNIT(*) SI_UNIT(.MILLI.,.METRE.) );
#65 = ( NAMED_UNIT(*) PLANE_ANGLE_UNIT() SI_UNIT($,.RADIAN.) );
#66 = ( NAMED_UNIT(*) SI_UNIT($,.STERADIAN.) SOLID_ANGLE_UNIT() );
#67 = UNCERTAINTY_MEASURE_WITH_UNIT(LENGTH_MEASURE(5.E-07),#64,
  'distance_accuracy_value','confusion accuracy');
#68 = PRODUCT_RELATED_PRODUCT_CATEGORY('part',$,(#7));
#69 = SHAPE_DEFINITION_REPRESENTATION(#70,#76);
#70 = PRODUCT_DEFINITION_SHAPE('','',#71);
#71 = PRODUCT_DEFINITION('design','',#72,#75);
#72 = PRODUCT_DEFINITION_FORMATION('','',#73);
#73 = PRODUCT('jack2.5_PJ-210B','jack2.5_PJ-210B','',(#74));
#74 = PRODUCT_CONTEXT('',#2,'mechanical');
#75 = PRODUCT_DEFINITION_CONTEXT('part definition',#2,'design');
#76 = ADVANCED_BREP_SHAPE_REPRESENTATION('',(#11,#77),#1332);
#77 = MANIFOLD_SOLID_BREP('',#78);
#78 = CLOSED_SHELL('',(#79,#119,#170,#201,#232,#254,#273,#421,#445,#477,
    #497,#509,#526,#542,#591,#615,#657,#674,#696,#727,#769,#793,#828,
    #850,#908,#939,#981,#1005,#1027,#1058,#1100,#1124,#1159,#1181,#1193,
    #1205,#1217,#1229,#1241,#1253,#1265,#1277,#1289,#1322));
#79 = ADVANCED_FACE('',(#80),#114,.F.);
#80 = FACE_BOUND('',#81,.T.);
#81 = EDGE_LOOP('',(#82,#92,#100,#108));
#82 = ORIENTED_EDGE('',*,*,#83,.F.);
#83 = EDGE_CURVE('',#84,#86,#88,.T.);
#84 = VERTEX_POINT('',#85);
#85 = CARTESIAN_POINT('',(0.75,-8.1,5.));
#86 = VERTEX_POINT('',#87);
#87 = CARTESIAN_POINT('',(2.5,-8.1,5.));
#88 = LINE('',#89,#90);
#89 = CARTESIAN_POINT('',(0.,-8.1,5.));
#90 = VECTOR('',#91,1.);
#91 = DIRECTION('',(1.,0.,0.));
#92 = ORIENTED_EDGE('',*,*,#93,.T.);
#93 = EDGE_CURVE('',#84,#94,#96,.T.);
#94 = VERTEX_POINT('',#95);
#95 = CARTESIAN_POINT('',(0.75,-8.1,0.));
#96 = LINE('',#97,#98);
#97 = CARTESIAN_POINT('',(0.75,-8.1,5.));
#98 = VECTOR('',#99,1.);
#99 = DIRECTION('',(0.,0.,-1.));
#100 = ORIENTED_EDGE('',*,*,#101,.T.);
#101 = EDGE_CURVE('',#94,#102,#104,.T.);
#102 = VERTEX_POINT('',#103);
#103 = CARTESIAN_POINT('',(2.5,-8.1,0.));
#104 = LINE('',#105,#106);
#105 = CARTESIAN_POINT('',(0.,-8.1,0.));
#106 = VECTOR('',#107,1.);
#107 = DIRECTION('',(1.,0.,0.));
#108 = ORIENTED_EDGE('',*,*,#109,.F.);
#109 = EDGE_CURVE('',#86,#102,#110,.T.);
#110 = LINE('',#111,#112);
#111 = CARTESIAN_POINT('',(2.5,-8.1,5.));
#112 = VECTOR('',#113,1.);
#113 = DIRECTION('',(0.,0.,-1.));
#114 = PLANE('',#115);
#115 = AXIS2_PLACEMENT_3D('',#116,#117,#118);
#116 = CARTESIAN_POINT('',(0.,-8.1,5.));
#117 = DIRECTION('',(0.,1.,0.));
#118 = DIRECTION('',(0.,-0.,1.));
#119 = ADVANCED_FACE('',(#120,#131),#165,.T.);
#120 = FACE_BOUND('',#121,.T.);
#121 = EDGE_LOOP('',(#122));
#122 = ORIENTED_EDGE('',*,*,#123,.F.);
#123 = EDGE_CURVE('',#124,#124,#126,.T.);
#124 = VERTEX_POINT('',#125);
#125 = CARTESIAN_POINT('',(0.,0.,4.5));
#126 = CIRCLE('',#127,2.);
#127 = AXIS2_PLACEMENT_3D('',#128,#129,#130);
#128 = CARTESIAN_POINT('',(0.,0.,2.5));
#129 = DIRECTION('',(0.,1.,0.));
#130 = DIRECTION('',(0.,-0.,1.));
#131 = FACE_BOUND('',#132,.T.);
#132 = EDGE_LOOP('',(#133,#143,#151,#159));
#133 = ORIENTED_EDGE('',*,*,#134,.F.);
#134 = EDGE_CURVE('',#135,#137,#139,.T.);
#135 = VERTEX_POINT('',#136);
#136 = CARTESIAN_POINT('',(-2.5,0.,0.));
#137 = VERTEX_POINT('',#138);
#138 = CARTESIAN_POINT('',(2.5,0.,0.));
#139 = LINE('',#140,#141);
#140 = CARTESIAN_POINT('',(0.,0.,0.));
#141 = VECTOR('',#142,1.);
#142 = DIRECTION('',(1.,0.,0.));
#143 = ORIENTED_EDGE('',*,*,#144,.F.);
#144 = EDGE_CURVE('',#145,#135,#147,.T.);
#145 = VERTEX_POINT('',#146);
#146 = CARTESIAN_POINT('',(-2.5,0.,5.));
#147 = LINE('',#148,#149);
#148 = CARTESIAN_POINT('',(-2.5,0.,5.));
#149 = VECTOR('',#150,1.);
#150 = DIRECTION('',(0.,0.,-1.));
#151 = ORIENTED_EDGE('',*,*,#152,.T.);
#152 = EDGE_CURVE('',#145,#153,#155,.T.);
#153 = VERTEX_POINT('',#154);
#154 = CARTESIAN_POINT('',(2.5,0.,5.));
#155 = LINE('',#156,#157);
#156 = CARTESIAN_POINT('',(0.,0.,5.));
#157 = VECTOR('',#158,1.);
#158 = DIRECTION('',(1.,0.,0.));
#159 = ORIENTED_EDGE('',*,*,#160,.T.);
#160 = EDGE_CURVE('',#153,#137,#161,.T.);
#161 = LINE('',#162,#163);
#162 = CARTESIAN_POINT('',(2.5,0.,5.));
#163 = VECTOR('',#164,1.);
#164 = DIRECTION('',(0.,0.,-1.));
#165 = PLANE('',#166);
#166 = AXIS2_PLACEMENT_3D('',#167,#168,#169);
#167 = CARTESIAN_POINT('',(0.,0.,5.));
#168 = DIRECTION('',(0.,1.,0.));
#169 = DIRECTION('',(0.,-0.,1.));
#170 = ADVANCED_FACE('',(#171),#196,.F.);
#171 = FACE_BOUND('',#172,.T.);
#172 = EDGE_LOOP('',(#173,#181,#189,#195));
#173 = ORIENTED_EDGE('',*,*,#174,.T.);
#174 = EDGE_CURVE('',#135,#175,#177,.T.);
#175 = VERTEX_POINT('',#176);
#176 = CARTESIAN_POINT('',(-2.5,-8.1,0.));
#177 = LINE('',#178,#179);
#178 = CARTESIAN_POINT('',(-2.5,-4.05,0.));
#179 = VECTOR('',#180,1.);
#180 = DIRECTION('',(5.354084802398E-17,-1.,0.));
#181 = ORIENTED_EDGE('',*,*,#182,.F.);
#182 = EDGE_CURVE('',#183,#175,#185,.T.);
#183 = VERTEX_POINT('',#184);
#184 = CARTESIAN_POINT('',(-2.5,-8.1,5.));
#185 = LINE('',#186,#187);
#186 = CARTESIAN_POINT('',(-2.5,-8.1,5.));
#187 = VECTOR('',#188,1.);
#188 = DIRECTION('',(0.,0.,-1.));
#189 = ORIENTED_EDGE('',*,*,#190,.F.);
#190 = EDGE_CURVE('',#145,#183,#191,.T.);
#191 = LINE('',#192,#193);
#192 = CARTESIAN_POINT('',(-2.5,-4.05,5.));
#193 = VECTOR('',#194,1.);
#194 = DIRECTION('',(5.354084802398E-17,-1.,0.));
#195 = ORIENTED_EDGE('',*,*,#144,.T.);
#196 = PLANE('',#197);
#197 = AXIS2_PLACEMENT_3D('',#198,#199,#200);
#198 = CARTESIAN_POINT('',(-2.5,-4.05,5.));
#199 = DIRECTION('',(1.,5.354084802398E-17,0.));
#200 = DIRECTION('',(-5.354084802398E-17,1.,0.));
#201 = ADVANCED_FACE('',(#202),#227,.F.);
#202 = FACE_BOUND('',#203,.T.);
#203 = EDGE_LOOP('',(#204,#212,#220,#226));
#204 = ORIENTED_EDGE('',*,*,#205,.T.);
#205 = EDGE_CURVE('',#175,#206,#208,.T.);
#206 = VERTEX_POINT('',#207);
#207 = CARTESIAN_POINT('',(-0.75,-8.1,0.));
#208 = LINE('',#209,#210);
#209 = CARTESIAN_POINT('',(0.,-8.1,0.));
#210 = VECTOR('',#211,1.);
#211 = DIRECTION('',(1.,0.,0.));
#212 = ORIENTED_EDGE('',*,*,#213,.T.);
#213 = EDGE_CURVE('',#206,#214,#216,.T.);
#214 = VERTEX_POINT('',#215);
#215 = CARTESIAN_POINT('',(-0.75,-8.1,5.));
#216 = LINE('',#217,#218);
#217 = CARTESIAN_POINT('',(-0.75,-8.1,-2.5));
#218 = VECTOR('',#219,1.);
#219 = DIRECTION('',(0.,0.,1.));
#220 = ORIENTED_EDGE('',*,*,#221,.F.);
#221 = EDGE_CURVE('',#183,#214,#222,.T.);
#222 = LINE('',#223,#224);
#223 = CARTESIAN_POINT('',(0.,-8.1,5.));
#224 = VECTOR('',#225,1.);
#225 = DIRECTION('',(1.,0.,0.));
#226 = ORIENTED_EDGE('',*,*,#182,.T.);
#227 = PLANE('',#228);
#228 = AXIS2_PLACEMENT_3D('',#229,#230,#231);
#229 = CARTESIAN_POINT('',(0.,-8.1,5.));
#230 = DIRECTION('',(0.,1.,0.));
#231 = DIRECTION('',(0.,-0.,1.));
#232 = ADVANCED_FACE('',(#233),#249,.T.);
#233 = FACE_BOUND('',#234,.T.);
#234 = EDGE_LOOP('',(#235,#241,#242,#248));
#235 = ORIENTED_EDGE('',*,*,#236,.F.);
#236 = EDGE_CURVE('',#137,#102,#237,.T.);
#237 = LINE('',#238,#239);
#238 = CARTESIAN_POINT('',(2.5,-4.05,0.));
#239 = VECTOR('',#240,1.);
#240 = DIRECTION('',(5.354084802398E-17,-1.,0.));
#241 = ORIENTED_EDGE('',*,*,#160,.F.);
#242 = ORIENTED_EDGE('',*,*,#243,.T.);
#243 = EDGE_CURVE('',#153,#86,#244,.T.);
#244 = LINE('',#245,#246);
#245 = CARTESIAN_POINT('',(2.5,-4.05,5.));
#246 = VECTOR('',#247,1.);
#247 = DIRECTION('',(5.354084802398E-17,-1.,0.));
#248 = ORIENTED_EDGE('',*,*,#109,.T.);
#249 = PLANE('',#250);
#250 = AXIS2_PLACEMENT_3D('',#251,#252,#253);
#251 = CARTESIAN_POINT('',(2.5,-4.05,5.));
#252 = DIRECTION('',(1.,5.354084802398E-17,0.));
#253 = DIRECTION('',(-5.354084802398E-17,1.,0.));
#254 = ADVANCED_FACE('',(#255),#268,.T.);
#255 = FACE_BOUND('',#256,.T.);
#256 = EDGE_LOOP('',(#257,#258,#259,#260,#266,#267));
#257 = ORIENTED_EDGE('',*,*,#152,.F.);
#258 = ORIENTED_EDGE('',*,*,#190,.T.);
#259 = ORIENTED_EDGE('',*,*,#221,.T.);
#260 = ORIENTED_EDGE('',*,*,#261,.T.);
#261 = EDGE_CURVE('',#214,#84,#262,.T.);
#262 = LINE('',#263,#264);
#263 = CARTESIAN_POINT('',(0.,-8.1,5.));
#264 = VECTOR('',#265,1.);
#265 = DIRECTION('',(1.,0.,0.));
#266 = ORIENTED_EDGE('',*,*,#83,.T.);
#267 = ORIENTED_EDGE('',*,*,#243,.F.);
#268 = PLANE('',#269);
#269 = AXIS2_PLACEMENT_3D('',#270,#271,#272);
#270 = CARTESIAN_POINT('',(3.469446951954E-15,-4.05,5.));
#271 = DIRECTION('',(0.,0.,1.));
#272 = DIRECTION('',(1.,0.,-0.));
#273 = ADVANCED_FACE('',(#274,#285,#319,#353,#387),#416,.F.);
#274 = FACE_BOUND('',#275,.T.);
#275 = EDGE_LOOP('',(#276));
#276 = ORIENTED_EDGE('',*,*,#277,.T.);
#277 = EDGE_CURVE('',#278,#278,#280,.T.);
#278 = VERTEX_POINT('',#279);
#279 = CARTESIAN_POINT('',(0.75,-3.5,0.));
#280 = CIRCLE('',#281,0.75);
#281 = AXIS2_PLACEMENT_3D('',#282,#283,#284);
#282 = CARTESIAN_POINT('',(0.,-3.5,0.));
#283 = DIRECTION('',(0.,0.,1.));
#284 = DIRECTION('',(1.,0.,-0.));
#285 = FACE_BOUND('',#286,.T.);
#286 = EDGE_LOOP('',(#287,#297,#305,#313));
#287 = ORIENTED_EDGE('',*,*,#288,.F.);
#288 = EDGE_CURVE('',#289,#291,#293,.T.);
#289 = VERTEX_POINT('',#290);
#290 = CARTESIAN_POINT('',(1.5,-6.55,0.));
#291 = VERTEX_POINT('',#292);
#292 = CARTESIAN_POINT('',(1.5,-5.05,0.));
#293 = LINE('',#294,#295);
#294 = CARTESIAN_POINT('',(1.5,-5.8,0.));
#295 = VECTOR('',#296,1.);
#296 = DIRECTION('',(2.891205793295E-16,1.,0.));
#297 = ORIENTED_EDGE('',*,*,#298,.T.);
#298 = EDGE_CURVE('',#289,#299,#301,.T.);
#299 = VERTEX_POINT('',#300);
#300 = CARTESIAN_POINT('',(2.,-6.55,0.));
#301 = LINE('',#302,#303);
#302 = CARTESIAN_POINT('',(1.75,-6.55,0.));
#303 = VECTOR('',#304,1.);
#304 = DIRECTION('',(1.,0.,0.));
#305 = ORIENTED_EDGE('',*,*,#306,.T.);
#306 = EDGE_CURVE('',#299,#307,#309,.T.);
#307 = VERTEX_POINT('',#308);
#308 = CARTESIAN_POINT('',(2.,-5.05,0.));
#309 = LINE('',#310,#311);
#310 = CARTESIAN_POINT('',(2.,-5.8,0.));
#311 = VECTOR('',#312,1.);
#312 = DIRECTION('',(2.891205793295E-16,1.,0.));
#313 = ORIENTED_EDGE('',*,*,#314,.F.);
#314 = EDGE_CURVE('',#291,#307,#315,.T.);
#315 = LINE('',#316,#317);
#316 = CARTESIAN_POINT('',(1.75,-5.05,0.));
#317 = VECTOR('',#318,1.);
#318 = DIRECTION('',(1.,0.,0.));
#319 = FACE_BOUND('',#320,.T.);
#320 = EDGE_LOOP('',(#321,#331,#339,#347));
#321 = ORIENTED_EDGE('',*,*,#322,.F.);
#322 = EDGE_CURVE('',#323,#325,#327,.T.);
#323 = VERTEX_POINT('',#324);
#324 = CARTESIAN_POINT('',(-2.,-6.55,0.));
#325 = VERTEX_POINT('',#326);
#326 = CARTESIAN_POINT('',(-2.,-5.05,0.));
#327 = LINE('',#328,#329);
#328 = CARTESIAN_POINT('',(-2.,-5.8,0.));
#329 = VECTOR('',#330,1.);
#330 = DIRECTION('',(0.,1.,0.));
#331 = ORIENTED_EDGE('',*,*,#332,.T.);
#332 = EDGE_CURVE('',#323,#333,#335,.T.);
#333 = VERTEX_POINT('',#334);
#334 = CARTESIAN_POINT('',(-1.5,-6.55,0.));
#335 = LINE('',#336,#337);
#336 = CARTESIAN_POINT('',(-1.75,-6.55,0.));
#337 = VECTOR('',#338,1.);
#338 = DIRECTION('',(1.,0.,0.));
#339 = ORIENTED_EDGE('',*,*,#340,.T.);
#340 = EDGE_CURVE('',#333,#341,#343,.T.);
#341 = VERTEX_POINT('',#342);
#342 = CARTESIAN_POINT('',(-1.5,-5.05,0.));
#343 = LINE('',#344,#345);
#344 = CARTESIAN_POINT('',(-1.5,-5.8,0.));
#345 = VECTOR('',#346,1.);
#346 = DIRECTION('',(0.,1.,0.));
#347 = ORIENTED_EDGE('',*,*,#348,.F.);
#348 = EDGE_CURVE('',#325,#341,#349,.T.);
#349 = LINE('',#350,#351);
#350 = CARTESIAN_POINT('',(-1.75,-5.05,0.));
#351 = VECTOR('',#352,1.);
#352 = DIRECTION('',(1.,0.,0.));
#353 = FACE_BOUND('',#354,.T.);
#354 = EDGE_LOOP('',(#355,#365,#373,#381));
#355 = ORIENTED_EDGE('',*,*,#356,.F.);
#356 = EDGE_CURVE('',#357,#359,#361,.T.);
#357 = VERTEX_POINT('',#358);
#358 = CARTESIAN_POINT('',(-0.75,-1.85,0.));
#359 = VERTEX_POINT('',#360);
#360 = CARTESIAN_POINT('',(-0.75,-1.35,0.));
#361 = LINE('',#362,#363);
#362 = CARTESIAN_POINT('',(-0.75,-1.6,0.));
#363 = VECTOR('',#364,1.);
#364 = DIRECTION('',(-2.168404344971E-16,1.,0.));
#365 = ORIENTED_EDGE('',*,*,#366,.T.);
#366 = EDGE_CURVE('',#357,#367,#369,.T.);
#367 = VERTEX_POINT('',#368);
#368 = CARTESIAN_POINT('',(0.75,-1.85,0.));
#369 = LINE('',#370,#371);
#370 = CARTESIAN_POINT('',(1.951563910474E-15,-1.85,0.));
#371 = VECTOR('',#372,1.);
#372 = DIRECTION('',(1.,0.,0.));
#373 = ORIENTED_EDGE('',*,*,#374,.T.);
#374 = EDGE_CURVE('',#367,#375,#377,.T.);
#375 = VERTEX_POINT('',#376);
#376 = CARTESIAN_POINT('',(0.75,-1.35,0.));
#377 = LINE('',#378,#379);
#378 = CARTESIAN_POINT('',(0.75,-1.6,0.));
#379 = VECTOR('',#380,1.);
#380 = DIRECTION('',(-2.168404344971E-16,1.,0.));
#381 = ORIENTED_EDGE('',*,*,#382,.F.);
#382 = EDGE_CURVE('',#359,#375,#383,.T.);
#383 = LINE('',#384,#385);
#384 = CARTESIAN_POINT('',(2.059984127722E-15,-1.35,0.));
#385 = VECTOR('',#386,1.);
#386 = DIRECTION('',(1.,0.,0.));
#387 = FACE_BOUND('',#388,.T.);
#388 = EDGE_LOOP('',(#389,#390,#398,#406,#412,#413,#414,#415));
#389 = ORIENTED_EDGE('',*,*,#101,.F.);
#390 = ORIENTED_EDGE('',*,*,#391,.T.);
#391 = EDGE_CURVE('',#94,#392,#394,.T.);
#392 = VERTEX_POINT('',#393);
#393 = CARTESIAN_POINT('',(0.75,-7.85,0.));
#394 = LINE('',#395,#396);
#395 = CARTESIAN_POINT('',(0.75,-8.1,0.));
#396 = VECTOR('',#397,1.);
#397 = DIRECTION('',(0.,1.,0.));
#398 = ORIENTED_EDGE('',*,*,#399,.F.);
#399 = EDGE_CURVE('',#400,#392,#402,.T.);
#400 = VERTEX_POINT('',#401);
#401 = CARTESIAN_POINT('',(-0.75,-7.85,0.));
#402 = LINE('',#403,#404);
#403 = CARTESIAN_POINT('',(5.854691731422E-15,-7.85,0.));
#404 = VECTOR('',#405,1.);
#405 = DIRECTION('',(1.,0.,0.));
#406 = ORIENTED_EDGE('',*,*,#407,.F.);
#407 = EDGE_CURVE('',#206,#400,#408,.T.);
#408 = LINE('',#409,#410);
#409 = CARTESIAN_POINT('',(-0.75,-8.1,0.));
#410 = VECTOR('',#411,1.);
#411 = DIRECTION('',(0.,1.,0.));
#412 = ORIENTED_EDGE('',*,*,#205,.F.);
#413 = ORIENTED_EDGE('',*,*,#174,.F.);
#414 = ORIENTED_EDGE('',*,*,#134,.T.);
#415 = ORIENTED_EDGE('',*,*,#236,.T.);
#416 = PLANE('',#417);
#417 = AXIS2_PLACEMENT_3D('',#418,#419,#420);
#418 = CARTESIAN_POINT('',(3.469446951954E-15,-4.05,0.));
#419 = DIRECTION('',(0.,0.,1.));
#420 = DIRECTION('',(1.,0.,-0.));
#421 = ADVANCED_FACE('',(#422),#440,.T.);
#422 = FACE_BOUND('',#423,.T.);
#423 = EDGE_LOOP('',(#424,#433,#438,#439));
#424 = ORIENTED_EDGE('',*,*,#425,.F.);
#425 = EDGE_CURVE('',#426,#426,#428,.T.);
#426 = VERTEX_POINT('',#427);
#427 = CARTESIAN_POINT('',(0.,1.5,4.5));
#428 = CIRCLE('',#429,2.);
#429 = AXIS2_PLACEMENT_3D('',#430,#431,#432);
#430 = CARTESIAN_POINT('',(0.,1.5,2.5));
#431 = DIRECTION('',(0.,1.,0.));
#432 = DIRECTION('',(0.,-0.,1.));
#433 = ORIENTED_EDGE('',*,*,#434,.T.);
#434 = EDGE_CURVE('',#426,#124,#435,.T.);
#435 = B_SPLINE_CURVE_WITH_KNOTS('',1,(#436,#437),.UNSPECIFIED.,.F.,.F.,
  (2,2),(0.,1.5),.PIECEWISE_BEZIER_KNOTS.);
#436 = CARTESIAN_POINT('',(2.449293598295E-16,1.5,4.5));
#437 = CARTESIAN_POINT('',(2.449293598295E-16,0.,4.5));
#438 = ORIENTED_EDGE('',*,*,#123,.T.);
#439 = ORIENTED_EDGE('',*,*,#434,.F.);
#440 = CYLINDRICAL_SURFACE('',#441,2.);
#441 = AXIS2_PLACEMENT_3D('',#442,#443,#444);
#442 = CARTESIAN_POINT('',(0.,1.5,2.5));
#443 = DIRECTION('',(0.,-1.,0.));
#444 = DIRECTION('',(0.,0.,-1.));
#445 = ADVANCED_FACE('',(#446),#472,.T.);
#446 = FACE_BOUND('',#447,.T.);
#447 = EDGE_LOOP('',(#448,#457,#464,#471));
#448 = ORIENTED_EDGE('',*,*,#449,.F.);
#449 = EDGE_CURVE('',#450,#450,#452,.T.);
#450 = VERTEX_POINT('',#451);
#451 = CARTESIAN_POINT('',(0.,3.,4.51));
#452 = CIRCLE('',#453,2.01);
#453 = AXIS2_PLACEMENT_3D('',#454,#455,#456);
#454 = CARTESIAN_POINT('',(0.,3.,2.5));
#455 = DIRECTION('',(0.,1.,0.));
#456 = DIRECTION('',(0.,-0.,1.));
#457 = ORIENTED_EDGE('',*,*,#458,.T.);
#458 = EDGE_CURVE('',#450,#459,#461,.T.);
#459 = VERTEX_POINT('',#460);
#460 = CARTESIAN_POINT('',(0.,1.5,4.51));
#461 = B_SPLINE_CURVE_WITH_KNOTS('',1,(#462,#463),.UNSPECIFIED.,.F.,.F.,
  (2,2),(0.,1.5),.PIECEWISE_BEZIER_KNOTS.);
#462 = CARTESIAN_POINT('',(2.461540066286E-16,3.,4.51));
#463 = CARTESIAN_POINT('',(2.461540066286E-16,1.5,4.51));
#464 = ORIENTED_EDGE('',*,*,#465,.T.);
#465 = EDGE_CURVE('',#459,#459,#466,.T.);
#466 = CIRCLE('',#467,2.01);
#467 = AXIS2_PLACEMENT_3D('',#468,#469,#470);
#468 = CARTESIAN_POINT('',(0.,1.5,2.5));
#469 = DIRECTION('',(0.,1.,0.));
#470 = DIRECTION('',(0.,-0.,1.));
#471 = ORIENTED_EDGE('',*,*,#458,.F.);
#472 = CYLINDRICAL_SURFACE('',#473,2.01);
#473 = AXIS2_PLACEMENT_3D('',#474,#475,#476);
#474 = CARTESIAN_POINT('',(0.,3.,2.5));
#475 = DIRECTION('',(0.,-1.,0.));
#476 = DIRECTION('',(0.,0.,-1.));
#477 = ADVANCED_FACE('',(#478,#481),#492,.T.);
#478 = FACE_BOUND('',#479,.T.);
#479 = EDGE_LOOP('',(#480));
#480 = ORIENTED_EDGE('',*,*,#449,.T.);
#481 = FACE_BOUND('',#482,.T.);
#482 = EDGE_LOOP('',(#483));
#483 = ORIENTED_EDGE('',*,*,#484,.F.);
#484 = EDGE_CURVE('',#485,#485,#487,.T.);
#485 = VERTEX_POINT('',#486);
#486 = CARTESIAN_POINT('',(0.,3.,3.8));
#487 = CIRCLE('',#488,1.3);
#488 = AXIS2_PLACEMENT_3D('',#489,#490,#491);
#489 = CARTESIAN_POINT('',(0.,3.,2.5));
#490 = DIRECTION('',(0.,1.,0.));
#491 = DIRECTION('',(0.,-0.,1.));
#492 = PLANE('',#493);
#493 = AXIS2_PLACEMENT_3D('',#494,#495,#496);
#494 = CARTESIAN_POINT('',(0.,3.,2.5));
#495 = DIRECTION('',(0.,1.,0.));
#496 = DIRECTION('',(-1.,0.,0.));
#497 = ADVANCED_FACE('',(#498,#501),#504,.F.);
#498 = FACE_BOUND('',#499,.T.);
#499 = EDGE_LOOP('',(#500));
#500 = ORIENTED_EDGE('',*,*,#425,.T.);
#501 = FACE_BOUND('',#502,.T.);
#502 = EDGE_LOOP('',(#503));
#503 = ORIENTED_EDGE('',*,*,#465,.F.);
#504 = PLANE('',#505);
#505 = AXIS2_PLACEMENT_3D('',#506,#507,#508);
#506 = CARTESIAN_POINT('',(0.,1.5,2.5));
#507 = DIRECTION('',(0.,1.,0.));
#508 = DIRECTION('',(-1.,0.,0.));
#509 = ADVANCED_FACE('',(#510),#521,.T.);
#510 = FACE_BOUND('',#511,.T.);
#511 = EDGE_LOOP('',(#512));
#512 = ORIENTED_EDGE('',*,*,#513,.T.);
#513 = EDGE_CURVE('',#514,#514,#516,.T.);
#514 = VERTEX_POINT('',#515);
#515 = CARTESIAN_POINT('',(0.,0.,3.8));
#516 = CIRCLE('',#517,1.3);
#517 = AXIS2_PLACEMENT_3D('',#518,#519,#520);
#518 = CARTESIAN_POINT('',(0.,0.,2.5));
#519 = DIRECTION('',(0.,1.,0.));
#520 = DIRECTION('',(0.,-0.,1.));
#521 = PLANE('',#522);
#522 = AXIS2_PLACEMENT_3D('',#523,#524,#525);
#523 = CARTESIAN_POINT('',(0.,0.,5.));
#524 = DIRECTION('',(0.,1.,0.));
#525 = DIRECTION('',(0.,-0.,1.));
#526 = ADVANCED_FACE('',(#527),#537,.F.);
#527 = FACE_BOUND('',#528,.F.);
#528 = EDGE_LOOP('',(#529,#530,#535,#536));
#529 = ORIENTED_EDGE('',*,*,#513,.T.);
#530 = ORIENTED_EDGE('',*,*,#531,.F.);
#531 = EDGE_CURVE('',#485,#514,#532,.T.);
#532 = B_SPLINE_CURVE_WITH_KNOTS('',1,(#533,#534),.UNSPECIFIED.,.F.,.F.,
  (2,2),(-1.5,1.5),.PIECEWISE_BEZIER_KNOTS.);
#533 = CARTESIAN_POINT('',(4.776122516675E-16,3.,3.8));
#534 = CARTESIAN_POINT('',(4.776122516675E-16,0.,3.8));
#535 = ORIENTED_EDGE('',*,*,#484,.F.);
#536 = ORIENTED_EDGE('',*,*,#531,.T.);
#537 = CYLINDRICAL_SURFACE('',#538,1.3);
#538 = AXIS2_PLACEMENT_3D('',#539,#540,#541);
#539 = CARTESIAN_POINT('',(0.,1.5,2.5));
#540 = DIRECTION('',(0.,-1.,0.));
#541 = DIRECTION('',(0.,0.,-1.));
#542 = ADVANCED_FACE('',(#543),#586,.T.);
#543 = FACE_BOUND('',#544,.T.);
#544 = EDGE_LOOP('',(#545,#555,#564,#570,#571,#579));
#545 = ORIENTED_EDGE('',*,*,#546,.T.);
#546 = EDGE_CURVE('',#547,#549,#551,.T.);
#547 = VERTEX_POINT('',#548);
#548 = CARTESIAN_POINT('',(-0.25,-1.85,-2.5));
#549 = VERTEX_POINT('',#550);
#550 = CARTESIAN_POINT('',(0.25,-1.85,-2.5));
#551 = LINE('',#552,#553);
#552 = CARTESIAN_POINT('',(1.951563910474E-15,-1.85,-2.5));
#553 = VECTOR('',#554,1.);
#554 = DIRECTION('',(1.,0.,0.));
#555 = ORIENTED_EDGE('',*,*,#556,.T.);
#556 = EDGE_CURVE('',#549,#557,#559,.T.);
#557 = VERTEX_POINT('',#558);
#558 = CARTESIAN_POINT('',(0.75,-1.85,-2.));
#559 = CIRCLE('',#560,0.5);
#560 = AXIS2_PLACEMENT_3D('',#561,#562,#563);
#561 = CARTESIAN_POINT('',(0.25,-1.85,-2.));
#562 = DIRECTION('',(0.,-1.,0.));
#563 = DIRECTION('',(0.,0.,-1.));
#564 = ORIENTED_EDGE('',*,*,#565,.T.);
#565 = EDGE_CURVE('',#557,#367,#566,.T.);
#566 = LINE('',#567,#568);
#567 = CARTESIAN_POINT('',(0.75,-1.85,-2.5));
#568 = VECTOR('',#569,1.);
#569 = DIRECTION('',(0.,0.,1.));
#570 = ORIENTED_EDGE('',*,*,#366,.F.);
#571 = ORIENTED_EDGE('',*,*,#572,.F.);
#572 = EDGE_CURVE('',#573,#357,#575,.T.);
#573 = VERTEX_POINT('',#574);
#574 = CARTESIAN_POINT('',(-0.75,-1.85,-2.));
#575 = LINE('',#576,#577);
#576 = CARTESIAN_POINT('',(-0.75,-1.85,-2.5));
#577 = VECTOR('',#578,1.);
#578 = DIRECTION('',(0.,0.,1.));
#579 = ORIENTED_EDGE('',*,*,#580,.T.);
#580 = EDGE_CURVE('',#573,#547,#581,.T.);
#581 = CIRCLE('',#582,0.5);
#582 = AXIS2_PLACEMENT_3D('',#583,#584,#585);
#583 = CARTESIAN_POINT('',(-0.25,-1.85,-2.));
#584 = DIRECTION('',(0.,-1.,0.));
#585 = DIRECTION('',(0.,0.,-1.));
#586 = PLANE('',#587);
#587 = AXIS2_PLACEMENT_3D('',#588,#589,#590);
#588 = CARTESIAN_POINT('',(1.951563910474E-15,-1.85,-2.5));
#589 = DIRECTION('',(0.,-1.,0.));
#590 = DIRECTION('',(0.,0.,-1.));
#591 = ADVANCED_FACE('',(#592),#610,.F.);
#592 = FACE_BOUND('',#593,.T.);
#593 = EDGE_LOOP('',(#594,#602,#608,#609));
#594 = ORIENTED_EDGE('',*,*,#595,.F.);
#595 = EDGE_CURVE('',#596,#359,#598,.T.);
#596 = VERTEX_POINT('',#597);
#597 = CARTESIAN_POINT('',(-0.75,-1.35,-2.));
#598 = LINE('',#599,#600);
#599 = CARTESIAN_POINT('',(-0.75,-1.35,-2.5));
#600 = VECTOR('',#601,1.);
#601 = DIRECTION('',(0.,0.,1.));
#602 = ORIENTED_EDGE('',*,*,#603,.F.);
#603 = EDGE_CURVE('',#573,#596,#604,.T.);
#604 = LINE('',#605,#606);
#605 = CARTESIAN_POINT('',(-0.75,-1.85,-2.));
#606 = VECTOR('',#607,1.);
#607 = DIRECTION('',(-2.168404344971E-16,1.,0.));
#608 = ORIENTED_EDGE('',*,*,#572,.T.);
#609 = ORIENTED_EDGE('',*,*,#356,.T.);
#610 = PLANE('',#611);
#611 = AXIS2_PLACEMENT_3D('',#612,#613,#614);
#612 = CARTESIAN_POINT('',(-0.75,-1.6,-2.5));
#613 = DIRECTION('',(1.,2.168404344971E-16,0.));
#614 = DIRECTION('',(-2.168404344971E-16,1.,0.));
#615 = ADVANCED_FACE('',(#616),#652,.F.);
#616 = FACE_BOUND('',#617,.T.);
#617 = EDGE_LOOP('',(#618,#626,#635,#643,#650,#651));
#618 = ORIENTED_EDGE('',*,*,#619,.F.);
#619 = EDGE_CURVE('',#620,#375,#622,.T.);
#620 = VERTEX_POINT('',#621);
#621 = CARTESIAN_POINT('',(0.75,-1.35,-2.));
#622 = LINE('',#623,#624);
#623 = CARTESIAN_POINT('',(0.75,-1.35,-2.5));
#624 = VECTOR('',#625,1.);
#625 = DIRECTION('',(0.,0.,1.));
#626 = ORIENTED_EDGE('',*,*,#627,.F.);
#627 = EDGE_CURVE('',#628,#620,#630,.T.);
#628 = VERTEX_POINT('',#629);
#629 = CARTESIAN_POINT('',(0.25,-1.35,-2.5));
#630 = CIRCLE('',#631,0.5);
#631 = AXIS2_PLACEMENT_3D('',#632,#633,#634);
#632 = CARTESIAN_POINT('',(0.25,-1.35,-2.));
#633 = DIRECTION('',(0.,-1.,0.));
#634 = DIRECTION('',(0.,0.,-1.));
#635 = ORIENTED_EDGE('',*,*,#636,.F.);
#636 = EDGE_CURVE('',#637,#628,#639,.T.);
#637 = VERTEX_POINT('',#638);
#638 = CARTESIAN_POINT('',(-0.25,-1.35,-2.5));
#639 = LINE('',#640,#641);
#640 = CARTESIAN_POINT('',(2.059984127722E-15,-1.35,-2.5));
#641 = VECTOR('',#642,1.);
#642 = DIRECTION('',(1.,0.,0.));
#643 = ORIENTED_EDGE('',*,*,#644,.F.);
#644 = EDGE_CURVE('',#596,#637,#645,.T.);
#645 = CIRCLE('',#646,0.5);
#646 = AXIS2_PLACEMENT_3D('',#647,#648,#649);
#647 = CARTESIAN_POINT('',(-0.25,-1.35,-2.));
#648 = DIRECTION('',(0.,-1.,0.));
#649 = DIRECTION('',(0.,0.,-1.));
#650 = ORIENTED_EDGE('',*,*,#595,.T.);
#651 = ORIENTED_EDGE('',*,*,#382,.T.);
#652 = PLANE('',#653);
#653 = AXIS2_PLACEMENT_3D('',#654,#655,#656);
#654 = CARTESIAN_POINT('',(2.059984127722E-15,-1.35,-2.5));
#655 = DIRECTION('',(0.,-1.,0.));
#656 = DIRECTION('',(0.,0.,-1.));
#657 = ADVANCED_FACE('',(#658),#669,.T.);
#658 = FACE_BOUND('',#659,.T.);
#659 = EDGE_LOOP('',(#660,#661,#667,#668));
#660 = ORIENTED_EDGE('',*,*,#565,.F.);
#661 = ORIENTED_EDGE('',*,*,#662,.T.);
#662 = EDGE_CURVE('',#557,#620,#663,.T.);
#663 = LINE('',#664,#665);
#664 = CARTESIAN_POINT('',(0.75,-1.6,-2.));
#665 = VECTOR('',#666,1.);
#666 = DIRECTION('',(-2.168404344971E-16,1.,0.));
#667 = ORIENTED_EDGE('',*,*,#619,.T.);
#668 = ORIENTED_EDGE('',*,*,#374,.F.);
#669 = PLANE('',#670);
#670 = AXIS2_PLACEMENT_3D('',#671,#672,#673);
#671 = CARTESIAN_POINT('',(0.75,-1.6,-2.5));
#672 = DIRECTION('',(1.,2.168404344971E-16,0.));
#673 = DIRECTION('',(-2.168404344971E-16,1.,0.));
#674 = ADVANCED_FACE('',(#675),#691,.T.);
#675 = FACE_BOUND('',#676,.T.);
#676 = EDGE_LOOP('',(#677,#678,#684,#685));
#677 = ORIENTED_EDGE('',*,*,#636,.T.);
#678 = ORIENTED_EDGE('',*,*,#679,.F.);
#679 = EDGE_CURVE('',#549,#628,#680,.T.);
#680 = LINE('',#681,#682);
#681 = CARTESIAN_POINT('',(0.25,-4.175,-2.5));
#682 = VECTOR('',#683,1.);
#683 = DIRECTION('',(-2.168404344971E-16,1.,0.));
#684 = ORIENTED_EDGE('',*,*,#546,.F.);
#685 = ORIENTED_EDGE('',*,*,#686,.T.);
#686 = EDGE_CURVE('',#547,#637,#687,.T.);
#687 = LINE('',#688,#689);
#688 = CARTESIAN_POINT('',(-0.25,-1.35,-2.5));
#689 = VECTOR('',#690,1.);
#690 = DIRECTION('',(-2.168404344971E-16,1.,0.));
#691 = PLANE('',#692);
#692 = AXIS2_PLACEMENT_3D('',#693,#694,#695);
#693 = CARTESIAN_POINT('',(3.469446951954E-15,-4.175,-2.5));
#694 = DIRECTION('',(0.,0.,-1.));
#695 = DIRECTION('',(1.,0.,0.));
#696 = ADVANCED_FACE('',(#697),#722,.T.);
#697 = FACE_BOUND('',#698,.T.);
#698 = EDGE_LOOP('',(#699,#707,#715,#721));
#699 = ORIENTED_EDGE('',*,*,#700,.F.);
#700 = EDGE_CURVE('',#701,#323,#703,.T.);
#701 = VERTEX_POINT('',#702);
#702 = CARTESIAN_POINT('',(-2.,-6.55,-2.));
#703 = LINE('',#704,#705);
#704 = CARTESIAN_POINT('',(-2.,-6.55,-2.5));
#705 = VECTOR('',#706,1.);
#706 = DIRECTION('',(0.,0.,1.));
#707 = ORIENTED_EDGE('',*,*,#708,.T.);
#708 = EDGE_CURVE('',#701,#709,#711,.T.);
#709 = VERTEX_POINT('',#710);
#710 = CARTESIAN_POINT('',(-1.5,-6.55,-2.));
#711 = LINE('',#712,#713);
#712 = CARTESIAN_POINT('',(-1.75,-6.55,-2.));
#713 = VECTOR('',#714,1.);
#714 = DIRECTION('',(1.,0.,0.));
#715 = ORIENTED_EDGE('',*,*,#716,.T.);
#716 = EDGE_CURVE('',#709,#333,#717,.T.);
#717 = LINE('',#718,#719);
#718 = CARTESIAN_POINT('',(-1.5,-6.55,-2.5));
#719 = VECTOR('',#720,1.);
#720 = DIRECTION('',(0.,0.,1.));
#721 = ORIENTED_EDGE('',*,*,#332,.F.);
#722 = PLANE('',#723);
#723 = AXIS2_PLACEMENT_3D('',#724,#725,#726);
#724 = CARTESIAN_POINT('',(-1.75,-6.55,-2.5));
#725 = DIRECTION('',(0.,-1.,0.));
#726 = DIRECTION('',(0.,0.,-1.));
#727 = ADVANCED_FACE('',(#728),#764,.F.);
#728 = FACE_BOUND('',#729,.T.);
#729 = EDGE_LOOP('',(#730,#740,#747,#748,#749,#757));
#730 = ORIENTED_EDGE('',*,*,#731,.F.);
#731 = EDGE_CURVE('',#732,#734,#736,.T.);
#732 = VERTEX_POINT('',#733);
#733 = CARTESIAN_POINT('',(-2.,-6.05,-2.5));
#734 = VERTEX_POINT('',#735);
#735 = CARTESIAN_POINT('',(-2.,-5.55,-2.5));
#736 = LINE('',#737,#738);
#737 = CARTESIAN_POINT('',(-2.,-5.8,-2.5));
#738 = VECTOR('',#739,1.);
#739 = DIRECTION('',(0.,1.,0.));
#740 = ORIENTED_EDGE('',*,*,#741,.F.);
#741 = EDGE_CURVE('',#701,#732,#742,.T.);
#742 = CIRCLE('',#743,0.5);
#743 = AXIS2_PLACEMENT_3D('',#744,#745,#746);
#744 = CARTESIAN_POINT('',(-2.,-6.05,-2.));
#745 = DIRECTION('',(1.,0.,0.));
#746 = DIRECTION('',(0.,0.,-1.));
#747 = ORIENTED_EDGE('',*,*,#700,.T.);
#748 = ORIENTED_EDGE('',*,*,#322,.T.);
#749 = ORIENTED_EDGE('',*,*,#750,.F.);
#750 = EDGE_CURVE('',#751,#325,#753,.T.);
#751 = VERTEX_POINT('',#752);
#752 = CARTESIAN_POINT('',(-2.,-5.05,-2.));
#753 = LINE('',#754,#755);
#754 = CARTESIAN_POINT('',(-2.,-5.05,-2.5));
#755 = VECTOR('',#756,1.);
#756 = DIRECTION('',(0.,0.,1.));
#757 = ORIENTED_EDGE('',*,*,#758,.F.);
#758 = EDGE_CURVE('',#734,#751,#759,.T.);
#759 = CIRCLE('',#760,0.5);
#760 = AXIS2_PLACEMENT_3D('',#761,#762,#763);
#761 = CARTESIAN_POINT('',(-2.,-5.55,-2.));
#762 = DIRECTION('',(1.,0.,0.));
#763 = DIRECTION('',(0.,0.,-1.));
#764 = PLANE('',#765);
#765 = AXIS2_PLACEMENT_3D('',#766,#767,#768);
#766 = CARTESIAN_POINT('',(-2.,-5.8,-2.5));
#767 = DIRECTION('',(1.,0.,0.));
#768 = DIRECTION('',(0.,0.,-1.));
#769 = ADVANCED_FACE('',(#770),#788,.F.);
#770 = FACE_BOUND('',#771,.T.);
#771 = EDGE_LOOP('',(#772,#780,#786,#787));
#772 = ORIENTED_EDGE('',*,*,#773,.F.);
#773 = EDGE_CURVE('',#774,#341,#776,.T.);
#774 = VERTEX_POINT('',#775);
#775 = CARTESIAN_POINT('',(-1.5,-5.05,-2.));
#776 = LINE('',#777,#778);
#777 = CARTESIAN_POINT('',(-1.5,-5.05,-2.5));
#778 = VECTOR('',#779,1.);
#779 = DIRECTION('',(0.,0.,1.));
#780 = ORIENTED_EDGE('',*,*,#781,.F.);
#781 = EDGE_CURVE('',#751,#774,#782,.T.);
#782 = LINE('',#783,#784);
#783 = CARTESIAN_POINT('',(-2.,-5.05,-2.));
#784 = VECTOR('',#785,1.);
#785 = DIRECTION('',(1.,0.,0.));
#786 = ORIENTED_EDGE('',*,*,#750,.T.);
#787 = ORIENTED_EDGE('',*,*,#348,.T.);
#788 = PLANE('',#789);
#789 = AXIS2_PLACEMENT_3D('',#790,#791,#792);
#790 = CARTESIAN_POINT('',(-1.75,-5.05,-2.5));
#791 = DIRECTION('',(0.,-1.,0.));
#792 = DIRECTION('',(0.,0.,-1.));
#793 = ADVANCED_FACE('',(#794),#823,.T.);
#794 = FACE_BOUND('',#795,.T.);
#795 = EDGE_LOOP('',(#796,#797,#806,#814,#821,#822));
#796 = ORIENTED_EDGE('',*,*,#716,.F.);
#797 = ORIENTED_EDGE('',*,*,#798,.T.);
#798 = EDGE_CURVE('',#709,#799,#801,.T.);
#799 = VERTEX_POINT('',#800);
#800 = CARTESIAN_POINT('',(-1.5,-6.05,-2.5));
#801 = CIRCLE('',#802,0.5);
#802 = AXIS2_PLACEMENT_3D('',#803,#804,#805);
#803 = CARTESIAN_POINT('',(-1.5,-6.05,-2.));
#804 = DIRECTION('',(1.,0.,0.));
#805 = DIRECTION('',(0.,0.,-1.));
#806 = ORIENTED_EDGE('',*,*,#807,.T.);
#807 = EDGE_CURVE('',#799,#808,#810,.T.);
#808 = VERTEX_POINT('',#809);
#809 = CARTESIAN_POINT('',(-1.5,-5.55,-2.5));
#810 = LINE('',#811,#812);
#811 = CARTESIAN_POINT('',(-1.5,-5.8,-2.5));
#812 = VECTOR('',#813,1.);
#813 = DIRECTION('',(0.,1.,0.));
#814 = ORIENTED_EDGE('',*,*,#815,.T.);
#815 = EDGE_CURVE('',#808,#774,#816,.T.);
#816 = CIRCLE('',#817,0.5);
#817 = AXIS2_PLACEMENT_3D('',#818,#819,#820);
#818 = CARTESIAN_POINT('',(-1.5,-5.55,-2.));
#819 = DIRECTION('',(1.,0.,0.));
#820 = DIRECTION('',(0.,0.,-1.));
#821 = ORIENTED_EDGE('',*,*,#773,.T.);
#822 = ORIENTED_EDGE('',*,*,#340,.F.);
#823 = PLANE('',#824);
#824 = AXIS2_PLACEMENT_3D('',#825,#826,#827);
#825 = CARTESIAN_POINT('',(-1.5,-5.8,-2.5));
#826 = DIRECTION('',(1.,0.,0.));
#827 = DIRECTION('',(0.,0.,-1.));
#828 = ADVANCED_FACE('',(#829),#845,.T.);
#829 = FACE_BOUND('',#830,.T.);
#830 = EDGE_LOOP('',(#831,#832,#838,#839));
#831 = ORIENTED_EDGE('',*,*,#807,.F.);
#832 = ORIENTED_EDGE('',*,*,#833,.F.);
#833 = EDGE_CURVE('',#732,#799,#834,.T.);
#834 = LINE('',#835,#836);
#835 = CARTESIAN_POINT('',(3.469446951954E-15,-6.05,-2.5));
#836 = VECTOR('',#837,1.);
#837 = DIRECTION('',(1.,0.,0.));
#838 = ORIENTED_EDGE('',*,*,#731,.T.);
#839 = ORIENTED_EDGE('',*,*,#840,.T.);
#840 = EDGE_CURVE('',#734,#808,#841,.T.);
#841 = LINE('',#842,#843);
#842 = CARTESIAN_POINT('',(-1.5,-5.55,-2.5));
#843 = VECTOR('',#844,1.);
#844 = DIRECTION('',(1.,0.,0.));
#845 = PLANE('',#846);
#846 = AXIS2_PLACEMENT_3D('',#847,#848,#849);
#847 = CARTESIAN_POINT('',(3.469446951954E-15,-4.175,-2.5));
#848 = DIRECTION('',(0.,0.,-1.));
#849 = DIRECTION('',(1.,0.,0.));
#850 = ADVANCED_FACE('',(#851),#903,.T.);
#851 = FACE_BOUND('',#852,.T.);
#852 = EDGE_LOOP('',(#853,#863,#872,#880,#888,#896));
#853 = ORIENTED_EDGE('',*,*,#854,.T.);
#854 = EDGE_CURVE('',#855,#857,#859,.T.);
#855 = VERTEX_POINT('',#856);
#856 = CARTESIAN_POINT('',(-0.25,-8.35,-2.5));
#857 = VERTEX_POINT('',#858);
#858 = CARTESIAN_POINT('',(0.25,-8.35,-2.5));
#859 = LINE('',#860,#861);
#860 = CARTESIAN_POINT('',(6.071532165919E-15,-8.35,-2.5));
#861 = VECTOR('',#862,1.);
#862 = DIRECTION('',(1.,0.,0.));
#863 = ORIENTED_EDGE('',*,*,#864,.T.);
#864 = EDGE_CURVE('',#857,#865,#867,.T.);
#865 = VERTEX_POINT('',#866);
#866 = CARTESIAN_POINT('',(0.75,-8.35,-2.));
#867 = CIRCLE('',#868,0.5);
#868 = AXIS2_PLACEMENT_3D('',#869,#870,#871);
#869 = CARTESIAN_POINT('',(0.25,-8.35,-2.));
#870 = DIRECTION('',(0.,-1.,0.));
#871 = DIRECTION('',(0.,0.,-1.));
#872 = ORIENTED_EDGE('',*,*,#873,.T.);
#873 = EDGE_CURVE('',#865,#874,#876,.T.);
#874 = VERTEX_POINT('',#875);
#875 = CARTESIAN_POINT('',(0.75,-8.35,4.75));
#876 = LINE('',#877,#878);
#877 = CARTESIAN_POINT('',(0.75,-8.35,-2.5));
#878 = VECTOR('',#879,1.);
#879 = DIRECTION('',(0.,0.,1.));
#880 = ORIENTED_EDGE('',*,*,#881,.F.);
#881 = EDGE_CURVE('',#882,#874,#884,.T.);
#882 = VERTEX_POINT('',#883);
#883 = CARTESIAN_POINT('',(-0.75,-8.35,4.75));
#884 = LINE('',#885,#886);
#885 = CARTESIAN_POINT('',(0.,-8.35,4.75));
#886 = VECTOR('',#887,1.);
#887 = DIRECTION('',(1.,0.,0.));
#888 = ORIENTED_EDGE('',*,*,#889,.F.);
#889 = EDGE_CURVE('',#890,#882,#892,.T.);
#890 = VERTEX_POINT('',#891);
#891 = CARTESIAN_POINT('',(-0.75,-8.35,-2.));
#892 = LINE('',#893,#894);
#893 = CARTESIAN_POINT('',(-0.75,-8.35,-2.5));
#894 = VECTOR('',#895,1.);
#895 = DIRECTION('',(0.,0.,1.));
#896 = ORIENTED_EDGE('',*,*,#897,.T.);
#897 = EDGE_CURVE('',#890,#855,#898,.T.);
#898 = CIRCLE('',#899,0.5);
#899 = AXIS2_PLACEMENT_3D('',#900,#901,#902);
#900 = CARTESIAN_POINT('',(-0.25,-8.35,-2.));
#901 = DIRECTION('',(0.,-1.,0.));
#902 = DIRECTION('',(0.,0.,-1.));
#903 = PLANE('',#904);
#904 = AXIS2_PLACEMENT_3D('',#905,#906,#907);
#905 = CARTESIAN_POINT('',(6.071532165919E-15,-8.35,-2.5));
#906 = DIRECTION('',(0.,-1.,0.));
#907 = DIRECTION('',(0.,0.,-1.));
#908 = ADVANCED_FACE('',(#909),#934,.F.);
#909 = FACE_BOUND('',#910,.T.);
#910 = EDGE_LOOP('',(#911,#919,#925,#926,#932,#933));
#911 = ORIENTED_EDGE('',*,*,#912,.F.);
#912 = EDGE_CURVE('',#913,#400,#915,.T.);
#913 = VERTEX_POINT('',#914);
#914 = CARTESIAN_POINT('',(-0.75,-7.85,-2.));
#915 = LINE('',#916,#917);
#916 = CARTESIAN_POINT('',(-0.75,-7.85,-2.5));
#917 = VECTOR('',#918,1.);
#918 = DIRECTION('',(0.,0.,1.));
#919 = ORIENTED_EDGE('',*,*,#920,.F.);
#920 = EDGE_CURVE('',#890,#913,#921,.T.);
#921 = LINE('',#922,#923);
#922 = CARTESIAN_POINT('',(-0.75,-8.35,-2.));
#923 = VECTOR('',#924,1.);
#924 = DIRECTION('',(0.,1.,0.));
#925 = ORIENTED_EDGE('',*,*,#889,.T.);
#926 = ORIENTED_EDGE('',*,*,#927,.F.);
#927 = EDGE_CURVE('',#214,#882,#928,.T.);
#928 = LINE('',#929,#930);
#929 = CARTESIAN_POINT('',(-0.75,-11.85,1.25));
#930 = VECTOR('',#931,1.);
#931 = DIRECTION('',(0.,-0.707106781187,-0.707106781187));
#932 = ORIENTED_EDGE('',*,*,#213,.F.);
#933 = ORIENTED_EDGE('',*,*,#407,.T.);
#934 = PLANE('',#935);
#935 = AXIS2_PLACEMENT_3D('',#936,#937,#938);
#936 = CARTESIAN_POINT('',(-0.75,-8.1,-2.5));
#937 = DIRECTION('',(1.,0.,0.));
#938 = DIRECTION('',(0.,0.,-1.));
#939 = ADVANCED_FACE('',(#940),#976,.F.);
#940 = FACE_BOUND('',#941,.T.);
#941 = EDGE_LOOP('',(#942,#950,#959,#967,#974,#975));
#942 = ORIENTED_EDGE('',*,*,#943,.F.);
#943 = EDGE_CURVE('',#944,#392,#946,.T.);
#944 = VERTEX_POINT('',#945);
#945 = CARTESIAN_POINT('',(0.75,-7.85,-2.));
#946 = LINE('',#947,#948);
#947 = CARTESIAN_POINT('',(0.75,-7.85,-2.5));
#948 = VECTOR('',#949,1.);
#949 = DIRECTION('',(0.,0.,1.));
#950 = ORIENTED_EDGE('',*,*,#951,.F.);
#951 = EDGE_CURVE('',#952,#944,#954,.T.);
#952 = VERTEX_POINT('',#953);
#953 = CARTESIAN_POINT('',(0.25,-7.85,-2.5));
#954 = CIRCLE('',#955,0.5);
#955 = AXIS2_PLACEMENT_3D('',#956,#957,#958);
#956 = CARTESIAN_POINT('',(0.25,-7.85,-2.));
#957 = DIRECTION('',(0.,-1.,0.));
#958 = DIRECTION('',(0.,0.,-1.));
#959 = ORIENTED_EDGE('',*,*,#960,.F.);
#960 = EDGE_CURVE('',#961,#952,#963,.T.);
#961 = VERTEX_POINT('',#962);
#962 = CARTESIAN_POINT('',(-0.25,-7.85,-2.5));
#963 = LINE('',#964,#965);
#964 = CARTESIAN_POINT('',(5.854691731422E-15,-7.85,-2.5));
#965 = VECTOR('',#966,1.);
#966 = DIRECTION('',(1.,0.,0.));
#967 = ORIENTED_EDGE('',*,*,#968,.F.);
#968 = EDGE_CURVE('',#913,#961,#969,.T.);
#969 = CIRCLE('',#970,0.5);
#970 = AXIS2_PLACEMENT_3D('',#971,#972,#973);
#971 = CARTESIAN_POINT('',(-0.25,-7.85,-2.));
#972 = DIRECTION('',(0.,-1.,0.));
#973 = DIRECTION('',(0.,0.,-1.));
#974 = ORIENTED_EDGE('',*,*,#912,.T.);
#975 = ORIENTED_EDGE('',*,*,#399,.T.);
#976 = PLANE('',#977);
#977 = AXIS2_PLACEMENT_3D('',#978,#979,#980);
#978 = CARTESIAN_POINT('',(5.854691731422E-15,-7.85,-2.5));
#979 = DIRECTION('',(0.,-1.,0.));
#980 = DIRECTION('',(0.,0.,-1.));
#981 = ADVANCED_FACE('',(#982),#1000,.T.);
#982 = FACE_BOUND('',#983,.T.);
#983 = EDGE_LOOP('',(#984,#985,#991,#992,#993,#994));
#984 = ORIENTED_EDGE('',*,*,#873,.F.);
#985 = ORIENTED_EDGE('',*,*,#986,.T.);
#986 = EDGE_CURVE('',#865,#944,#987,.T.);
#987 = LINE('',#988,#989);
#988 = CARTESIAN_POINT('',(0.75,-8.1,-2.));
#989 = VECTOR('',#990,1.);
#990 = DIRECTION('',(0.,1.,0.));
#991 = ORIENTED_EDGE('',*,*,#943,.T.);
#992 = ORIENTED_EDGE('',*,*,#391,.F.);
#993 = ORIENTED_EDGE('',*,*,#93,.F.);
#994 = ORIENTED_EDGE('',*,*,#995,.F.);
#995 = EDGE_CURVE('',#874,#84,#996,.T.);
#996 = LINE('',#997,#998);
#997 = CARTESIAN_POINT('',(0.75,-8.1,5.));
#998 = VECTOR('',#999,1.);
#999 = DIRECTION('',(0.,0.707106781187,0.707106781187));
#1000 = PLANE('',#1001);
#1001 = AXIS2_PLACEMENT_3D('',#1002,#1003,#1004);
#1002 = CARTESIAN_POINT('',(0.75,-8.1,-2.5));
#1003 = DIRECTION('',(1.,0.,0.));
#1004 = DIRECTION('',(0.,0.,-1.));
#1005 = ADVANCED_FACE('',(#1006),#1022,.T.);
#1006 = FACE_BOUND('',#1007,.T.);
#1007 = EDGE_LOOP('',(#1008,#1009,#1015,#1016));
#1008 = ORIENTED_EDGE('',*,*,#960,.T.);
#1009 = ORIENTED_EDGE('',*,*,#1010,.F.);
#1010 = EDGE_CURVE('',#857,#952,#1011,.T.);
#1011 = LINE('',#1012,#1013);
#1012 = CARTESIAN_POINT('',(0.25,-4.175,-2.5));
#1013 = VECTOR('',#1014,1.);
#1014 = DIRECTION('',(0.,1.,0.));
#1015 = ORIENTED_EDGE('',*,*,#854,.F.);
#1016 = ORIENTED_EDGE('',*,*,#1017,.T.);
#1017 = EDGE_CURVE('',#855,#961,#1018,.T.);
#1018 = LINE('',#1019,#1020);
#1019 = CARTESIAN_POINT('',(-0.25,-7.85,-2.5));
#1020 = VECTOR('',#1021,1.);
#1021 = DIRECTION('',(0.,1.,0.));
#1022 = PLANE('',#1023);
#1023 = AXIS2_PLACEMENT_3D('',#1024,#1025,#1026);
#1024 = CARTESIAN_POINT('',(3.469446951954E-15,-4.175,-2.5));
#1025 = DIRECTION('',(0.,0.,-1.));
#1026 = DIRECTION('',(1.,0.,0.));
#1027 = ADVANCED_FACE('',(#1028),#1053,.T.);
#1028 = FACE_BOUND('',#1029,.T.);
#1029 = EDGE_LOOP('',(#1030,#1038,#1046,#1052));
#1030 = ORIENTED_EDGE('',*,*,#1031,.F.);
#1031 = EDGE_CURVE('',#1032,#289,#1034,.T.);
#1032 = VERTEX_POINT('',#1033);
#1033 = CARTESIAN_POINT('',(1.5,-6.55,-2.));
#1034 = LINE('',#1035,#1036);
#1035 = CARTESIAN_POINT('',(1.5,-6.55,-2.5));
#1036 = VECTOR('',#1037,1.);
#1037 = DIRECTION('',(0.,0.,1.));
#1038 = ORIENTED_EDGE('',*,*,#1039,.T.);
#1039 = EDGE_CURVE('',#1032,#1040,#1042,.T.);
#1040 = VERTEX_POINT('',#1041);
#1041 = CARTESIAN_POINT('',(2.,-6.55,-2.));
#1042 = LINE('',#1043,#1044);
#1043 = CARTESIAN_POINT('',(1.75,-6.55,-2.));
#1044 = VECTOR('',#1045,1.);
#1045 = DIRECTION('',(1.,0.,0.));
#1046 = ORIENTED_EDGE('',*,*,#1047,.T.);
#1047 = EDGE_CURVE('',#1040,#299,#1048,.T.);
#1048 = LINE('',#1049,#1050);
#1049 = CARTESIAN_POINT('',(2.,-6.55,-2.5));
#1050 = VECTOR('',#1051,1.);
#1051 = DIRECTION('',(0.,0.,1.));
#1052 = ORIENTED_EDGE('',*,*,#298,.F.);
#1053 = PLANE('',#1054);
#1054 = AXIS2_PLACEMENT_3D('',#1055,#1056,#1057);
#1055 = CARTESIAN_POINT('',(1.75,-6.55,-2.5));
#1056 = DIRECTION('',(0.,-1.,0.));
#1057 = DIRECTION('',(0.,0.,-1.));
#1058 = ADVANCED_FACE('',(#1059),#1095,.F.);
#1059 = FACE_BOUND('',#1060,.T.);
#1060 = EDGE_LOOP('',(#1061,#1069,#1078,#1086,#1093,#1094));
#1061 = ORIENTED_EDGE('',*,*,#1062,.F.);
#1062 = EDGE_CURVE('',#1063,#291,#1065,.T.);
#1063 = VERTEX_POINT('',#1064);
#1064 = CARTESIAN_POINT('',(1.5,-5.05,-2.));
#1065 = LINE('',#1066,#1067);
#1066 = CARTESIAN_POINT('',(1.5,-5.05,-2.5));
#1067 = VECTOR('',#1068,1.);
#1068 = DIRECTION('',(0.,0.,1.));
#1069 = ORIENTED_EDGE('',*,*,#1070,.F.);
#1070 = EDGE_CURVE('',#1071,#1063,#1073,.T.);
#1071 = VERTEX_POINT('',#1072);
#1072 = CARTESIAN_POINT('',(1.5,-5.55,-2.5));
#1073 = CIRCLE('',#1074,0.5);
#1074 = AXIS2_PLACEMENT_3D('',#1075,#1076,#1077);
#1075 = CARTESIAN_POINT('',(1.5,-5.55,-2.));
#1076 = DIRECTION('',(1.,-2.891205793295E-16,0.));
#1077 = DIRECTION('',(2.891205793295E-16,1.,0.));
#1078 = ORIENTED_EDGE('',*,*,#1079,.F.);
#1079 = EDGE_CURVE('',#1080,#1071,#1082,.T.);
#1080 = VERTEX_POINT('',#1081);
#1081 = CARTESIAN_POINT('',(1.5,-6.05,-2.5));
#1082 = LINE('',#1083,#1084);
#1083 = CARTESIAN_POINT('',(1.5,-5.8,-2.5));
#1084 = VECTOR('',#1085,1.);
#1085 = DIRECTION('',(2.891205793295E-16,1.,0.));
#1086 = ORIENTED_EDGE('',*,*,#1087,.F.);
#1087 = EDGE_CURVE('',#1032,#1080,#1088,.T.);
#1088 = CIRCLE('',#1089,0.5);
#1089 = AXIS2_PLACEMENT_3D('',#1090,#1091,#1092);
#1090 = CARTESIAN_POINT('',(1.5,-6.05,-2.));
#1091 = DIRECTION('',(1.,-2.891205793295E-16,0.));
#1092 = DIRECTION('',(2.891205793295E-16,1.,0.));
#1093 = ORIENTED_EDGE('',*,*,#1031,.T.);
#1094 = ORIENTED_EDGE('',*,*,#288,.T.);
#1095 = PLANE('',#1096);
#1096 = AXIS2_PLACEMENT_3D('',#1097,#1098,#1099);
#1097 = CARTESIAN_POINT('',(1.5,-5.8,-2.5));
#1098 = DIRECTION('',(1.,-2.891205793295E-16,0.));
#1099 = DIRECTION('',(2.891205793295E-16,1.,0.));
#1100 = ADVANCED_FACE('',(#1101),#1119,.F.);
#1101 = FACE_BOUND('',#1102,.T.);
#1102 = EDGE_LOOP('',(#1103,#1111,#1117,#1118));
#1103 = ORIENTED_EDGE('',*,*,#1104,.F.);
#1104 = EDGE_CURVE('',#1105,#307,#1107,.T.);
#1105 = VERTEX_POINT('',#1106);
#1106 = CARTESIAN_POINT('',(2.,-5.05,-2.));
#1107 = LINE('',#1108,#1109);
#1108 = CARTESIAN_POINT('',(2.,-5.05,-2.5));
#1109 = VECTOR('',#1110,1.);
#1110 = DIRECTION('',(0.,0.,1.));
#1111 = ORIENTED_EDGE('',*,*,#1112,.F.);
#1112 = EDGE_CURVE('',#1063,#1105,#1113,.T.);
#1113 = LINE('',#1114,#1115);
#1114 = CARTESIAN_POINT('',(1.5,-5.05,-2.));
#1115 = VECTOR('',#1116,1.);
#1116 = DIRECTION('',(1.,0.,0.));
#1117 = ORIENTED_EDGE('',*,*,#1062,.T.);
#1118 = ORIENTED_EDGE('',*,*,#314,.T.);
#1119 = PLANE('',#1120);
#1120 = AXIS2_PLACEMENT_3D('',#1121,#1122,#1123);
#1121 = CARTESIAN_POINT('',(1.75,-5.05,-2.5));
#1122 = DIRECTION('',(0.,-1.,0.));
#1123 = DIRECTION('',(0.,0.,-1.));
#1124 = ADVANCED_FACE('',(#1125),#1154,.T.);
#1125 = FACE_BOUND('',#1126,.T.);
#1126 = EDGE_LOOP('',(#1127,#1137,#1144,#1145,#1146,#1147));
#1127 = ORIENTED_EDGE('',*,*,#1128,.T.);
#1128 = EDGE_CURVE('',#1129,#1131,#1133,.T.);
#1129 = VERTEX_POINT('',#1130);
#1130 = CARTESIAN_POINT('',(2.,-6.05,-2.5));
#1131 = VERTEX_POINT('',#1132);
#1132 = CARTESIAN_POINT('',(2.,-5.55,-2.5));
#1133 = LINE('',#1134,#1135);
#1134 = CARTESIAN_POINT('',(2.,-5.8,-2.5));
#1135 = VECTOR('',#1136,1.);
#1136 = DIRECTION('',(2.891205793295E-16,1.,0.));
#1137 = ORIENTED_EDGE('',*,*,#1138,.T.);
#1138 = EDGE_CURVE('',#1131,#1105,#1139,.T.);
#1139 = CIRCLE('',#1140,0.5);
#1140 = AXIS2_PLACEMENT_3D('',#1141,#1142,#1143);
#1141 = CARTESIAN_POINT('',(2.,-5.55,-2.));
#1142 = DIRECTION('',(1.,-2.891205793295E-16,0.));
#1143 = DIRECTION('',(2.891205793295E-16,1.,0.));
#1144 = ORIENTED_EDGE('',*,*,#1104,.T.);
#1145 = ORIENTED_EDGE('',*,*,#306,.F.);
#1146 = ORIENTED_EDGE('',*,*,#1047,.F.);
#1147 = ORIENTED_EDGE('',*,*,#1148,.T.);
#1148 = EDGE_CURVE('',#1040,#1129,#1149,.T.);
#1149 = CIRCLE('',#1150,0.5);
#1150 = AXIS2_PLACEMENT_3D('',#1151,#1152,#1153);
#1151 = CARTESIAN_POINT('',(2.,-6.05,-2.));
#1152 = DIRECTION('',(1.,-2.891205793295E-16,0.));
#1153 = DIRECTION('',(2.891205793295E-16,1.,0.));
#1154 = PLANE('',#1155);
#1155 = AXIS2_PLACEMENT_3D('',#1156,#1157,#1158);
#1156 = CARTESIAN_POINT('',(2.,-5.8,-2.5));
#1157 = DIRECTION('',(1.,-2.891205793295E-16,0.));
#1158 = DIRECTION('',(2.891205793295E-16,1.,0.));
#1159 = ADVANCED_FACE('',(#1160),#1176,.T.);
#1160 = FACE_BOUND('',#1161,.T.);
#1161 = EDGE_LOOP('',(#1162,#1163,#1169,#1170));
#1162 = ORIENTED_EDGE('',*,*,#1079,.T.);
#1163 = ORIENTED_EDGE('',*,*,#1164,.T.);
#1164 = EDGE_CURVE('',#1071,#1131,#1165,.T.);
#1165 = LINE('',#1166,#1167);
#1166 = CARTESIAN_POINT('',(2.,-5.55,-2.5));
#1167 = VECTOR('',#1168,1.);
#1168 = DIRECTION('',(1.,0.,0.));
#1169 = ORIENTED_EDGE('',*,*,#1128,.F.);
#1170 = ORIENTED_EDGE('',*,*,#1171,.F.);
#1171 = EDGE_CURVE('',#1080,#1129,#1172,.T.);
#1172 = LINE('',#1173,#1174);
#1173 = CARTESIAN_POINT('',(3.469446951954E-15,-6.05,-2.5));
#1174 = VECTOR('',#1175,1.);
#1175 = DIRECTION('',(1.,0.,0.));
#1176 = PLANE('',#1177);
#1177 = AXIS2_PLACEMENT_3D('',#1178,#1179,#1180);
#1178 = CARTESIAN_POINT('',(3.469446951954E-15,-4.175,-2.5));
#1179 = DIRECTION('',(0.,0.,-1.));
#1180 = DIRECTION('',(1.,0.,0.));
#1181 = ADVANCED_FACE('',(#1182),#1188,.T.);
#1182 = FACE_BOUND('',#1183,.T.);
#1183 = EDGE_LOOP('',(#1184,#1185,#1186,#1187));
#1184 = ORIENTED_EDGE('',*,*,#556,.F.);
#1185 = ORIENTED_EDGE('',*,*,#679,.T.);
#1186 = ORIENTED_EDGE('',*,*,#627,.T.);
#1187 = ORIENTED_EDGE('',*,*,#662,.F.);
#1188 = CYLINDRICAL_SURFACE('',#1189,0.5);
#1189 = AXIS2_PLACEMENT_3D('',#1190,#1191,#1192);
#1190 = CARTESIAN_POINT('',(0.25,-1.6,-2.));
#1191 = DIRECTION('',(-2.168404344971E-16,1.,0.));
#1192 = DIRECTION('',(-1.,-2.168404344971E-16,0.));
#1193 = ADVANCED_FACE('',(#1194),#1200,.T.);
#1194 = FACE_BOUND('',#1195,.T.);
#1195 = EDGE_LOOP('',(#1196,#1197,#1198,#1199));
#1196 = ORIENTED_EDGE('',*,*,#580,.F.);
#1197 = ORIENTED_EDGE('',*,*,#603,.T.);
#1198 = ORIENTED_EDGE('',*,*,#644,.T.);
#1199 = ORIENTED_EDGE('',*,*,#686,.F.);
#1200 = CYLINDRICAL_SURFACE('',#1201,0.5);
#1201 = AXIS2_PLACEMENT_3D('',#1202,#1203,#1204);
#1202 = CARTESIAN_POINT('',(-0.25,-4.175,-2.));
#1203 = DIRECTION('',(2.168404344971E-16,-1.,0.));
#1204 = DIRECTION('',(1.,2.168404344971E-16,0.));
#1205 = ADVANCED_FACE('',(#1206),#1212,.T.);
#1206 = FACE_BOUND('',#1207,.T.);
#1207 = EDGE_LOOP('',(#1208,#1209,#1210,#1211));
#1208 = ORIENTED_EDGE('',*,*,#741,.T.);
#1209 = ORIENTED_EDGE('',*,*,#833,.T.);
#1210 = ORIENTED_EDGE('',*,*,#798,.F.);
#1211 = ORIENTED_EDGE('',*,*,#708,.F.);
#1212 = CYLINDRICAL_SURFACE('',#1213,0.5);
#1213 = AXIS2_PLACEMENT_3D('',#1214,#1215,#1216);
#1214 = CARTESIAN_POINT('',(-1.75,-6.05,-2.));
#1215 = DIRECTION('',(1.,0.,0.));
#1216 = DIRECTION('',(0.,0.,-1.));
#1217 = ADVANCED_FACE('',(#1218),#1224,.T.);
#1218 = FACE_BOUND('',#1219,.T.);
#1219 = EDGE_LOOP('',(#1220,#1221,#1222,#1223));
#1220 = ORIENTED_EDGE('',*,*,#758,.T.);
#1221 = ORIENTED_EDGE('',*,*,#781,.T.);
#1222 = ORIENTED_EDGE('',*,*,#815,.F.);
#1223 = ORIENTED_EDGE('',*,*,#840,.F.);
#1224 = CYLINDRICAL_SURFACE('',#1225,0.5);
#1225 = AXIS2_PLACEMENT_3D('',#1226,#1227,#1228);
#1226 = CARTESIAN_POINT('',(3.469446951954E-15,-5.55,-2.));
#1227 = DIRECTION('',(-1.,0.,0.));
#1228 = DIRECTION('',(0.,0.,1.));
#1229 = ADVANCED_FACE('',(#1230),#1236,.T.);
#1230 = FACE_BOUND('',#1231,.T.);
#1231 = EDGE_LOOP('',(#1232,#1233,#1234,#1235));
#1232 = ORIENTED_EDGE('',*,*,#1070,.T.);
#1233 = ORIENTED_EDGE('',*,*,#1112,.T.);
#1234 = ORIENTED_EDGE('',*,*,#1138,.F.);
#1235 = ORIENTED_EDGE('',*,*,#1164,.F.);
#1236 = CYLINDRICAL_SURFACE('',#1237,0.5);
#1237 = AXIS2_PLACEMENT_3D('',#1238,#1239,#1240);
#1238 = CARTESIAN_POINT('',(3.469446951954E-15,-5.55,-2.));
#1239 = DIRECTION('',(-1.,0.,0.));
#1240 = DIRECTION('',(0.,0.,1.));
#1241 = ADVANCED_FACE('',(#1242),#1248,.T.);
#1242 = FACE_BOUND('',#1243,.T.);
#1243 = EDGE_LOOP('',(#1244,#1245,#1246,#1247));
#1244 = ORIENTED_EDGE('',*,*,#1087,.T.);
#1245 = ORIENTED_EDGE('',*,*,#1171,.T.);
#1246 = ORIENTED_EDGE('',*,*,#1148,.F.);
#1247 = ORIENTED_EDGE('',*,*,#1039,.F.);
#1248 = CYLINDRICAL_SURFACE('',#1249,0.5);
#1249 = AXIS2_PLACEMENT_3D('',#1250,#1251,#1252);
#1250 = CARTESIAN_POINT('',(1.75,-6.05,-2.));
#1251 = DIRECTION('',(1.,0.,0.));
#1252 = DIRECTION('',(0.,0.,-1.));
#1253 = ADVANCED_FACE('',(#1254),#1260,.T.);
#1254 = FACE_BOUND('',#1255,.T.);
#1255 = EDGE_LOOP('',(#1256,#1257,#1258,#1259));
#1256 = ORIENTED_EDGE('',*,*,#864,.F.);
#1257 = ORIENTED_EDGE('',*,*,#1010,.T.);
#1258 = ORIENTED_EDGE('',*,*,#951,.T.);
#1259 = ORIENTED_EDGE('',*,*,#986,.F.);
#1260 = CYLINDRICAL_SURFACE('',#1261,0.5);
#1261 = AXIS2_PLACEMENT_3D('',#1262,#1263,#1264);
#1262 = CARTESIAN_POINT('',(0.25,-8.1,-2.));
#1263 = DIRECTION('',(0.,1.,0.));
#1264 = DIRECTION('',(0.,-0.,1.));
#1265 = ADVANCED_FACE('',(#1266),#1272,.T.);
#1266 = FACE_BOUND('',#1267,.T.);
#1267 = EDGE_LOOP('',(#1268,#1269,#1270,#1271));
#1268 = ORIENTED_EDGE('',*,*,#897,.F.);
#1269 = ORIENTED_EDGE('',*,*,#920,.T.);
#1270 = ORIENTED_EDGE('',*,*,#968,.T.);
#1271 = ORIENTED_EDGE('',*,*,#1017,.F.);
#1272 = CYLINDRICAL_SURFACE('',#1273,0.5);
#1273 = AXIS2_PLACEMENT_3D('',#1274,#1275,#1276);
#1274 = CARTESIAN_POINT('',(-0.25,-4.175,-2.));
#1275 = DIRECTION('',(0.,-1.,0.));
#1276 = DIRECTION('',(0.,0.,-1.));
#1277 = ADVANCED_FACE('',(#1278),#1284,.T.);
#1278 = FACE_BOUND('',#1279,.T.);
#1279 = EDGE_LOOP('',(#1280,#1281,#1282,#1283));
#1280 = ORIENTED_EDGE('',*,*,#927,.T.);
#1281 = ORIENTED_EDGE('',*,*,#881,.T.);
#1282 = ORIENTED_EDGE('',*,*,#995,.T.);
#1283 = ORIENTED_EDGE('',*,*,#261,.F.);
#1284 = PLANE('',#1285);
#1285 = AXIS2_PLACEMENT_3D('',#1286,#1287,#1288);
#1286 = CARTESIAN_POINT('',(0.,-8.1,5.));
#1287 = DIRECTION('',(0.,-0.707106781187,0.707106781187));
#1288 = DIRECTION('',(-1.,0.,0.));
#1289 = ADVANCED_FACE('',(#1290),#1317,.T.);
#1290 = FACE_BOUND('',#1291,.T.);
#1291 = EDGE_LOOP('',(#1292,#1303,#1308,#1309,#1310));
#1292 = ORIENTED_EDGE('',*,*,#1293,.F.);
#1293 = EDGE_CURVE('',#1294,#1296,#1298,.T.);
#1294 = VERTEX_POINT('',#1295);
#1295 = CARTESIAN_POINT('',(0.75,-3.5,-0.8));
#1296 = VERTEX_POINT('',#1297);
#1297 = CARTESIAN_POINT('',(-0.75,-3.5,-0.8));
#1298 = CIRCLE('',#1299,0.75);
#1299 = AXIS2_PLACEMENT_3D('',#1300,#1301,#1302);
#1300 = CARTESIAN_POINT('',(0.,-3.5,-0.8));
#1301 = DIRECTION('',(0.,0.,-1.));
#1302 = DIRECTION('',(-1.,0.,0.));
#1303 = ORIENTED_EDGE('',*,*,#1304,.T.);
#1304 = EDGE_CURVE('',#1294,#278,#1305,.T.);
#1305 = B_SPLINE_CURVE_WITH_KNOTS('',1,(#1306,#1307),.UNSPECIFIED.,.F.,
  .F.,(2,2),(0.,0.8),.PIECEWISE_BEZIER_KNOTS.);
#1306 = CARTESIAN_POINT('',(0.75,-3.5,-0.8));
#1307 = CARTESIAN_POINT('',(0.75,-3.5,0.));
#1308 = ORIENTED_EDGE('',*,*,#277,.F.);
#1309 = ORIENTED_EDGE('',*,*,#1304,.F.);
#1310 = ORIENTED_EDGE('',*,*,#1311,.F.);
#1311 = EDGE_CURVE('',#1296,#1294,#1312,.T.);
#1312 = CIRCLE('',#1313,0.75);
#1313 = AXIS2_PLACEMENT_3D('',#1314,#1315,#1316);
#1314 = CARTESIAN_POINT('',(0.,-3.5,-0.8));
#1315 = DIRECTION('',(0.,0.,-1.));
#1316 = DIRECTION('',(-1.,0.,0.));
#1317 = CYLINDRICAL_SURFACE('',#1318,0.75);
#1318 = AXIS2_PLACEMENT_3D('',#1319,#1320,#1321);
#1319 = CARTESIAN_POINT('',(0.,-3.5,-0.8));
#1320 = DIRECTION('',(0.,0.,1.));
#1321 = DIRECTION('',(1.,0.,-0.));
#1322 = ADVANCED_FACE('',(#1323),#1327,.T.);
#1323 = FACE_BOUND('',#1324,.T.);
#1324 = EDGE_LOOP('',(#1325,#1326));
#1325 = ORIENTED_EDGE('',*,*,#1311,.T.);
#1326 = ORIENTED_EDGE('',*,*,#1293,.T.);
#1327 = PLANE('',#1328);
#1328 = AXIS2_PLACEMENT_3D('',#1329,#1330,#1331);
#1329 = CARTESIAN_POINT('',(3.469446951954E-15,-4.05,-0.8));
#1330 = DIRECTION('',(0.,0.,-1.));
#1331 = DIRECTION('',(1.,0.,0.));
#1332 = ( GEOMETRIC_REPRESENTATION_CONTEXT(3) 
GLOBAL_UNCERTAINTY_ASSIGNED_CONTEXT((#1336)) 
GLOBAL_UNIT_ASSIGNED_CONTEXT((#1333,#1334,#1335)) REPRESENTATION_CONTEXT
('Context #1','3D Context with UNIT and UNCERTAINTY') );
#1333 = ( LENGTH_UNIT() NAMED_UNIT(*) SI_UNIT(.MILLI.,.METRE.) );
#1334 = ( NAMED_UNIT(*) PLANE_ANGLE_UNIT() SI_UNIT($,.RADIAN.) );
#1335 = ( NAMED_UNIT(*) SI_UNIT($,.STERADIAN.) SOLID_ANGLE_UNIT() );
#1336 = UNCERTAINTY_MEASURE_WITH_UNIT(LENGTH_MEASURE(1.E-06),#1333,
  'distance_accuracy_value','confusion accuracy');
#1337 = CONTEXT_DEPENDENT_SHAPE_REPRESENTATION(#1338,#1340);
#1338 = ( REPRESENTATION_RELATIONSHIP('','',#76,#10) 
REPRESENTATION_RELATIONSHIP_WITH_TRANSFORMATION(#1339) 
SHAPE_REPRESENTATION_RELATIONSHIP() );
#1339 = ITEM_DEFINED_TRANSFORMATION('','',#11,#15);
#1340 = PRODUCT_DEFINITION_SHAPE('Placement','Placement of an item',
  #1341);
#1341 = NEXT_ASSEMBLY_USAGE_OCCURRENCE('1','J8','',#5,#71,$);
#1342 = PRODUCT_RELATED_PRODUCT_CATEGORY('part',$,(#73));
#1343 = CONTEXT_DEPENDENT_SHAPE_REPRESENTATION(#1344,#1346);
#1344 = ( REPRESENTATION_RELATIONSHIP('','',#76,#10) 
REPRESENTATION_RELATIONSHIP_WITH_TRANSFORMATION(#1345) 
SHAPE_REPRESENTATION_RELATIONSHIP() );
#1345 = ITEM_DEFINED_TRANSFORMATION('','',#11,#19);
#1346 = PRODUCT_DEFINITION_SHAPE('Placement','Placement of an item',
  #1347);
#1347 = NEXT_ASSEMBLY_USAGE_OCCURRENCE('2','J1','',#5,#71,$);
#1348 = CONTEXT_DEPENDENT_SHAPE_REPRESENTATION(#1349,#1351);
#1349 = ( REPRESENTATION_RELATIONSHIP('','',#76,#10) 
REPRESENTATION_RELATIONSHIP_WITH_TRANSFORMATION(#1350) 
SHAPE_REPRESENTATION_RELATIONSHIP() );
#1350 = ITEM_DEFINED_TRANSFORMATION('','',#11,#23);
#1351 = PRODUCT_DEFINITION_SHAPE('Placement','Placement of an item',
  #1352);
#1352 = NEXT_ASSEMBLY_USAGE_OCCURRENCE('3','J9','',#5,#71,$);
#1353 = CONTEXT_DEPENDENT_SHAPE_REPRESENTATION(#1354,#1356);
#1354 = ( REPRESENTATION_RELATIONSHIP('','',#76,#10) 
REPRESENTATION_RELATIONSHIP_WITH_TRANSFORMATION(#1355) 
SHAPE_REPRESENTATION_RELATIONSHIP() );
#1355 = ITEM_DEFINED_TRANSFORMATION('','',#11,#27);
#1356 = PRODUCT_DEFINITION_SHAPE('Placement','Placement of an item',
  #1357);
#1357 = NEXT_ASSEMBLY_USAGE_OCCURRENCE('4','J7','',#5,#71,$);
#1358 = CONTEXT_DEPENDENT_SHAPE_REPRESENTATION(#1359,#1361);
#1359 = ( REPRESENTATION_RELATIONSHIP('','',#76,#10) 
REPRESENTATION_RELATIONSHIP_WITH_TRANSFORMATION(#1360) 
SHAPE_REPRESENTATION_RELATIONSHIP() );
#1360 = ITEM_DEFINED_TRANSFORMATION('','',#11,#31);
#1361 = PRODUCT_DEFINITION_SHAPE('Placement','Placement of an item',
  #1362);
#1362 = NEXT_ASSEMBLY_USAGE_OCCURRENCE('5','J6','',#5,#71,$);
#1363 = CONTEXT_DEPENDENT_SHAPE_REPRESENTATION(#1364,#1366);
#1364 = ( REPRESENTATION_RELATIONSHIP('','',#76,#10) 
REPRESENTATION_RELATIONSHIP_WITH_TRANSFORMATION(#1365) 
SHAPE_REPRESENTATION_RELATIONSHIP() );
#1365 = ITEM_DEFINED_TRANSFORMATION('','',#11,#35);
#1366 = PRODUCT_DEFINITION_SHAPE('Placement','Placement of an item',
  #1367);
#1367 = NEXT_ASSEMBLY_USAGE_OCCURRENCE('6','J2','',#5,#71,$);
#1368 = CONTEXT_DEPENDENT_SHAPE_REPRESENTATION(#1369,#1371);
#1369 = ( REPRESENTATION_RELATIONSHIP('','',#76,#10) 
REPRESENTATION_RELATIONSHIP_WITH_TRANSFORMATION(#1370) 
SHAPE_REPRESENTATION_RELATIONSHIP() );
#1370 = ITEM_DEFINED_TRANSFORMATION('','',#11,#39);
#1371 = PRODUCT_DEFINITION_SHAPE('Placement','Placement of an item',
  #1372);
#1372 = NEXT_ASSEMBLY_USAGE_OCCURRENCE('7','J5','',#5,#71,$);
#1373 = CONTEXT_DEPENDENT_SHAPE_REPRESENTATION(#1374,#1376);
#1374 = ( REPRESENTATION_RELATIONSHIP('','',#76,#10) 
REPRESENTATION_RELATIONSHIP_WITH_TRANSFORMATION(#1375) 
SHAPE_REPRESENTATION_RELATIONSHIP() );
#1375 = ITEM_DEFINED_TRANSFORMATION('','',#11,#43);
#1376 = PRODUCT_DEFINITION_SHAPE('Placement','Placement of an item',
  #1377);
#1377 = NEXT_ASSEMBLY_USAGE_OCCURRENCE('8','J3','',#5,#71,$);
#1378 = SHAPE_DEFINITION_REPRESENTATION(#1379,#1385);
#1379 = PRODUCT_DEFINITION_SHAPE('','',#1380);
#1380 = PRODUCT_DEFINITION('design','',#1381,#1384);
#1381 = PRODUCT_DEFINITION_FORMATION('','',#1382);
#1382 = PRODUCT('PinHeader_1x01_P2.54mm_Vertical',
  'PinHeader_1x01_P2.54mm_Vertical','',(#1383));
#1383 = PRODUCT_CONTEXT('',#2,'mechanical');
#1384 = PRODUCT_DEFINITION_CONTEXT('part definition',#2,'design');
#1385 = ADVANCED_BREP_SHAPE_REPRESENTATION('',(#11,#1386),#2144);
#1386 = MANIFOLD_SOLID_BREP('',#1387);
#1387 = CLOSED_SHELL('',(#1388,#1428,#1459,#1490,#1573,#1656,#1673,#1690
    ,#1707,#1724,#1736,#1767,#1791,#1815,#1832,#1863,#1887,#1911,#1928,
    #1959,#1983,#2007,#2024,#2055,#2079,#2103,#2120,#2132));
#1388 = ADVANCED_FACE('',(#1389),#1423,.F.);
#1389 = FACE_BOUND('',#1390,.F.);
#1390 = EDGE_LOOP('',(#1391,#1401,#1409,#1417));
#1391 = ORIENTED_EDGE('',*,*,#1392,.T.);
#1392 = EDGE_CURVE('',#1393,#1395,#1397,.T.);
#1393 = VERTEX_POINT('',#1394);
#1394 = CARTESIAN_POINT('',(-1.016,1.27,0.));
#1395 = VERTEX_POINT('',#1396);
#1396 = CARTESIAN_POINT('',(-1.016,1.27,2.54));
#1397 = LINE('',#1398,#1399);
#1398 = CARTESIAN_POINT('',(-1.016,1.27,0.));
#1399 = VECTOR('',#1400,1.);
#1400 = DIRECTION('',(0.,0.,1.));
#1401 = ORIENTED_EDGE('',*,*,#1402,.T.);
#1402 = EDGE_CURVE('',#1395,#1403,#1405,.T.);
#1403 = VERTEX_POINT('',#1404);
#1404 = CARTESIAN_POINT('',(-1.27,1.016,2.54));
#1405 = LINE('',#1406,#1407);
#1406 = CARTESIAN_POINT('',(-1.016,1.27,2.54));
#1407 = VECTOR('',#1408,1.);
#1408 = DIRECTION('',(-0.707106781187,-0.707106781187,0.));
#1409 = ORIENTED_EDGE('',*,*,#1410,.F.);
#1410 = EDGE_CURVE('',#1411,#1403,#1413,.T.);
#1411 = VERTEX_POINT('',#1412);
#1412 = CARTESIAN_POINT('',(-1.27,1.016,0.));
#1413 = LINE('',#1414,#1415);
#1414 = CARTESIAN_POINT('',(-1.27,1.016,0.));
#1415 = VECTOR('',#1416,1.);
#1416 = DIRECTION('',(0.,0.,1.));
#1417 = ORIENTED_EDGE('',*,*,#1418,.F.);
#1418 = EDGE_CURVE('',#1393,#1411,#1419,.T.);
#1419 = LINE('',#1420,#1421);
#1420 = CARTESIAN_POINT('',(-1.016,1.27,0.));
#1421 = VECTOR('',#1422,1.);
#1422 = DIRECTION('',(-0.707106781187,-0.707106781187,0.));
#1423 = PLANE('',#1424);
#1424 = AXIS2_PLACEMENT_3D('',#1425,#1426,#1427);
#1425 = CARTESIAN_POINT('',(-1.016,1.27,0.));
#1426 = DIRECTION('',(0.707106781187,-0.707106781187,0.));
#1427 = DIRECTION('',(-0.707106781187,-0.707106781187,0.));
#1428 = ADVANCED_FACE('',(#1429),#1454,.F.);
#1429 = FACE_BOUND('',#1430,.F.);
#1430 = EDGE_LOOP('',(#1431,#1441,#1447,#1448));
#1431 = ORIENTED_EDGE('',*,*,#1432,.T.);
#1432 = EDGE_CURVE('',#1433,#1435,#1437,.T.);
#1433 = VERTEX_POINT('',#1434);
#1434 = CARTESIAN_POINT('',(1.016,1.27,0.));
#1435 = VERTEX_POINT('',#1436);
#1436 = CARTESIAN_POINT('',(1.016,1.27,2.54));
#1437 = LINE('',#1438,#1439);
#1438 = CARTESIAN_POINT('',(1.016,1.27,0.));
#1439 = VECTOR('',#1440,1.);
#1440 = DIRECTION('',(0.,0.,1.));
#1441 = ORIENTED_EDGE('',*,*,#1442,.T.);
#1442 = EDGE_CURVE('',#1435,#1395,#1443,.T.);
#1443 = LINE('',#1444,#1445);
#1444 = CARTESIAN_POINT('',(1.016,1.27,2.54));
#1445 = VECTOR('',#1446,1.);
#1446 = DIRECTION('',(-1.,0.,0.));
#1447 = ORIENTED_EDGE('',*,*,#1392,.F.);
#1448 = ORIENTED_EDGE('',*,*,#1449,.F.);
#1449 = EDGE_CURVE('',#1433,#1393,#1450,.T.);
#1450 = LINE('',#1451,#1452);
#1451 = CARTESIAN_POINT('',(1.016,1.27,0.));
#1452 = VECTOR('',#1453,1.);
#1453 = DIRECTION('',(-1.,0.,0.));
#1454 = PLANE('',#1455);
#1455 = AXIS2_PLACEMENT_3D('',#1456,#1457,#1458);
#1456 = CARTESIAN_POINT('',(1.016,1.27,0.));
#1457 = DIRECTION('',(0.,-1.,0.));
#1458 = DIRECTION('',(-1.,0.,0.));
#1459 = ADVANCED_FACE('',(#1460),#1485,.F.);
#1460 = FACE_BOUND('',#1461,.F.);
#1461 = EDGE_LOOP('',(#1462,#1463,#1471,#1479));
#1462 = ORIENTED_EDGE('',*,*,#1410,.T.);
#1463 = ORIENTED_EDGE('',*,*,#1464,.T.);
#1464 = EDGE_CURVE('',#1403,#1465,#1467,.T.);
#1465 = VERTEX_POINT('',#1466);
#1466 = CARTESIAN_POINT('',(-1.27,-1.016,2.54));
#1467 = LINE('',#1468,#1469);
#1468 = CARTESIAN_POINT('',(-1.27,1.016,2.54));
#1469 = VECTOR('',#1470,1.);
#1470 = DIRECTION('',(0.,-1.,0.));
#1471 = ORIENTED_EDGE('',*,*,#1472,.F.);
#1472 = EDGE_CURVE('',#1473,#1465,#1475,.T.);
#1473 = VERTEX_POINT('',#1474);
#1474 = CARTESIAN_POINT('',(-1.27,-1.016,0.));
#1475 = LINE('',#1476,#1477);
#1476 = CARTESIAN_POINT('',(-1.27,-1.016,0.));
#1477 = VECTOR('',#1478,1.);
#1478 = DIRECTION('',(0.,0.,1.));
#1479 = ORIENTED_EDGE('',*,*,#1480,.F.);
#1480 = EDGE_CURVE('',#1411,#1473,#1481,.T.);
#1481 = LINE('',#1482,#1483);
#1482 = CARTESIAN_POINT('',(-1.27,1.016,0.));
#1483 = VECTOR('',#1484,1.);
#1484 = DIRECTION('',(0.,-1.,0.));
#1485 = PLANE('',#1486);
#1486 = AXIS2_PLACEMENT_3D('',#1487,#1488,#1489);
#1487 = CARTESIAN_POINT('',(-1.27,1.016,0.));
#1488 = DIRECTION('',(1.,0.,0.));
#1489 = DIRECTION('',(0.,-1.,0.));
#1490 = ADVANCED_FACE('',(#1491,#1534),#1568,.F.);
#1491 = FACE_BOUND('',#1492,.F.);
#1492 = EDGE_LOOP('',(#1493,#1494,#1495,#1503,#1511,#1519,#1527,#1533));
#1493 = ORIENTED_EDGE('',*,*,#1418,.T.);
#1494 = ORIENTED_EDGE('',*,*,#1480,.T.);
#1495 = ORIENTED_EDGE('',*,*,#1496,.T.);
#1496 = EDGE_CURVE('',#1473,#1497,#1499,.T.);
#1497 = VERTEX_POINT('',#1498);
#1498 = CARTESIAN_POINT('',(-1.016,-1.27,0.));
#1499 = LINE('',#1500,#1501);
#1500 = CARTESIAN_POINT('',(-1.27,-1.016,0.));
#1501 = VECTOR('',#1502,1.);
#1502 = DIRECTION('',(0.707106781187,-0.707106781187,0.));
#1503 = ORIENTED_EDGE('',*,*,#1504,.T.);
#1504 = EDGE_CURVE('',#1497,#1505,#1507,.T.);
#1505 = VERTEX_POINT('',#1506);
#1506 = CARTESIAN_POINT('',(1.016,-1.27,0.));
#1507 = LINE('',#1508,#1509);
#1508 = CARTESIAN_POINT('',(-1.016,-1.27,0.));
#1509 = VECTOR('',#1510,1.);
#1510 = DIRECTION('',(1.,0.,0.));
#1511 = ORIENTED_EDGE('',*,*,#1512,.T.);
#1512 = EDGE_CURVE('',#1505,#1513,#1515,.T.);
#1513 = VERTEX_POINT('',#1514);
#1514 = CARTESIAN_POINT('',(1.27,-1.016,0.));
#1515 = LINE('',#1516,#1517);
#1516 = CARTESIAN_POINT('',(1.016,-1.27,0.));
#1517 = VECTOR('',#1518,1.);
#1518 = DIRECTION('',(0.707106781187,0.707106781187,0.));
#1519 = ORIENTED_EDGE('',*,*,#1520,.T.);
#1520 = EDGE_CURVE('',#1513,#1521,#1523,.T.);
#1521 = VERTEX_POINT('',#1522);
#1522 = CARTESIAN_POINT('',(1.27,1.016,0.));
#1523 = LINE('',#1524,#1525);
#1524 = CARTESIAN_POINT('',(1.27,-1.016,0.));
#1525 = VECTOR('',#1526,1.);
#1526 = DIRECTION('',(0.,1.,0.));
#1527 = ORIENTED_EDGE('',*,*,#1528,.T.);
#1528 = EDGE_CURVE('',#1521,#1433,#1529,.T.);
#1529 = LINE('',#1530,#1531);
#1530 = CARTESIAN_POINT('',(1.27,1.016,0.));
#1531 = VECTOR('',#1532,1.);
#1532 = DIRECTION('',(-0.707106781187,0.707106781187,0.));
#1533 = ORIENTED_EDGE('',*,*,#1449,.T.);
#1534 = FACE_BOUND('',#1535,.F.);
#1535 = EDGE_LOOP('',(#1536,#1546,#1554,#1562));
#1536 = ORIENTED_EDGE('',*,*,#1537,.T.);
#1537 = EDGE_CURVE('',#1538,#1540,#1542,.T.);
#1538 = VERTEX_POINT('',#1539);
#1539 = CARTESIAN_POINT('',(0.32,-0.32,0.));
#1540 = VERTEX_POINT('',#1541);
#1541 = CARTESIAN_POINT('',(-0.32,-0.32,0.));
#1542 = LINE('',#1543,#1544);
#1543 = CARTESIAN_POINT('',(-0.16,-0.32,0.));
#1544 = VECTOR('',#1545,1.);
#1545 = DIRECTION('',(-1.,0.,0.));
#1546 = ORIENTED_EDGE('',*,*,#1547,.T.);
#1547 = EDGE_CURVE('',#1540,#1548,#1550,.T.);
#1548 = VERTEX_POINT('',#1549);
#1549 = CARTESIAN_POINT('',(-0.32,0.32,0.));
#1550 = LINE('',#1551,#1552);
#1551 = CARTESIAN_POINT('',(-0.32,-0.16,0.));
#1552 = VECTOR('',#1553,1.);
#1553 = DIRECTION('',(0.,1.,0.));
#1554 = ORIENTED_EDGE('',*,*,#1555,.F.);
#1555 = EDGE_CURVE('',#1556,#1548,#1558,.T.);
#1556 = VERTEX_POINT('',#1557);
#1557 = CARTESIAN_POINT('',(0.32,0.32,0.));
#1558 = LINE('',#1559,#1560);
#1559 = CARTESIAN_POINT('',(-0.16,0.32,0.));
#1560 = VECTOR('',#1561,1.);
#1561 = DIRECTION('',(-1.,0.,0.));
#1562 = ORIENTED_EDGE('',*,*,#1563,.F.);
#1563 = EDGE_CURVE('',#1538,#1556,#1564,.T.);
#1564 = LINE('',#1565,#1566);
#1565 = CARTESIAN_POINT('',(0.32,-0.16,0.));
#1566 = VECTOR('',#1567,1.);
#1567 = DIRECTION('',(0.,1.,0.));
#1568 = PLANE('',#1569);
#1569 = AXIS2_PLACEMENT_3D('',#1570,#1571,#1572);
#1570 = CARTESIAN_POINT('',(2.321466769849E-17,4.642933539699E-17,0.));
#1571 = DIRECTION('',(0.,0.,1.));
#1572 = DIRECTION('',(1.,0.,-0.));
#1573 = ADVANCED_FACE('',(#1574,#1617),#1651,.T.);
#1574 = FACE_BOUND('',#1575,.T.);
#1575 = EDGE_LOOP('',(#1576,#1577,#1578,#1586,#1594,#1602,#1610,#1616));
#1576 = ORIENTED_EDGE('',*,*,#1402,.T.);
#1577 = ORIENTED_EDGE('',*,*,#1464,.T.);
#1578 = ORIENTED_EDGE('',*,*,#1579,.T.);
#1579 = EDGE_CURVE('',#1465,#1580,#1582,.T.);
#1580 = VERTEX_POINT('',#1581);
#1581 = CARTESIAN_POINT('',(-1.016,-1.27,2.54));
#1582 = LINE('',#1583,#1584);
#1583 = CARTESIAN_POINT('',(-1.27,-1.016,2.54));
#1584 = VECTOR('',#1585,1.);
#1585 = DIRECTION('',(0.707106781187,-0.707106781187,0.));
#1586 = ORIENTED_EDGE('',*,*,#1587,.T.);
#1587 = EDGE_CURVE('',#1580,#1588,#1590,.T.);
#1588 = VERTEX_POINT('',#1589);
#1589 = CARTESIAN_POINT('',(1.016,-1.27,2.54));
#1590 = LINE('',#1591,#1592);
#1591 = CARTESIAN_POINT('',(-1.016,-1.27,2.54));
#1592 = VECTOR('',#1593,1.);
#1593 = DIRECTION('',(1.,0.,0.));
#1594 = ORIENTED_EDGE('',*,*,#1595,.T.);
#1595 = EDGE_CURVE('',#1588,#1596,#1598,.T.);
#1596 = VERTEX_POINT('',#1597);
#1597 = CARTESIAN_POINT('',(1.27,-1.016,2.54));
#1598 = LINE('',#1599,#1600);
#1599 = CARTESIAN_POINT('',(1.016,-1.27,2.54));
#1600 = VECTOR('',#1601,1.);
#1601 = DIRECTION('',(0.707106781187,0.707106781187,0.));
#1602 = ORIENTED_EDGE('',*,*,#1603,.T.);
#1603 = EDGE_CURVE('',#1596,#1604,#1606,.T.);
#1604 = VERTEX_POINT('',#1605);
#1605 = CARTESIAN_POINT('',(1.27,1.016,2.54));
#1606 = LINE('',#1607,#1608);
#1607 = CARTESIAN_POINT('',(1.27,-1.016,2.54));
#1608 = VECTOR('',#1609,1.);
#1609 = DIRECTION('',(0.,1.,0.));
#1610 = ORIENTED_EDGE('',*,*,#1611,.T.);
#1611 = EDGE_CURVE('',#1604,#1435,#1612,.T.);
#1612 = LINE('',#1613,#1614);
#1613 = CARTESIAN_POINT('',(1.27,1.016,2.54));
#1614 = VECTOR('',#1615,1.);
#1615 = DIRECTION('',(-0.707106781187,0.707106781187,0.));
#1616 = ORIENTED_EDGE('',*,*,#1442,.T.);
#1617 = FACE_BOUND('',#1618,.T.);
#1618 = EDGE_LOOP('',(#1619,#1629,#1637,#1645));
#1619 = ORIENTED_EDGE('',*,*,#1620,.T.);
#1620 = EDGE_CURVE('',#1621,#1623,#1625,.T.);
#1621 = VERTEX_POINT('',#1622);
#1622 = CARTESIAN_POINT('',(0.32,-0.32,2.54));
#1623 = VERTEX_POINT('',#1624);
#1624 = CARTESIAN_POINT('',(-0.32,-0.32,2.54));
#1625 = LINE('',#1626,#1627);
#1626 = CARTESIAN_POINT('',(-0.16,-0.32,2.54));
#1627 = VECTOR('',#1628,1.);
#1628 = DIRECTION('',(-1.,0.,0.));
#1629 = ORIENTED_EDGE('',*,*,#1630,.T.);
#1630 = EDGE_CURVE('',#1623,#1631,#1633,.T.);
#1631 = VERTEX_POINT('',#1632);
#1632 = CARTESIAN_POINT('',(-0.32,0.32,2.54));
#1633 = LINE('',#1634,#1635);
#1634 = CARTESIAN_POINT('',(-0.32,-0.16,2.54));
#1635 = VECTOR('',#1636,1.);
#1636 = DIRECTION('',(0.,1.,0.));
#1637 = ORIENTED_EDGE('',*,*,#1638,.F.);
#1638 = EDGE_CURVE('',#1639,#1631,#1641,.T.);
#1639 = VERTEX_POINT('',#1640);
#1640 = CARTESIAN_POINT('',(0.32,0.32,2.54));
#1641 = LINE('',#1642,#1643);
#1642 = CARTESIAN_POINT('',(-0.16,0.32,2.54));
#1643 = VECTOR('',#1644,1.);
#1644 = DIRECTION('',(-1.,0.,0.));
#1645 = ORIENTED_EDGE('',*,*,#1646,.F.);
#1646 = EDGE_CURVE('',#1621,#1639,#1647,.T.);
#1647 = LINE('',#1648,#1649);
#1648 = CARTESIAN_POINT('',(0.32,-0.16,2.54));
#1649 = VECTOR('',#1650,1.);
#1650 = DIRECTION('',(0.,1.,0.));
#1651 = PLANE('',#1652);
#1652 = AXIS2_PLACEMENT_3D('',#1653,#1654,#1655);
#1653 = CARTESIAN_POINT('',(2.321466769849E-17,4.642933539699E-17,2.54)
  );
#1654 = DIRECTION('',(0.,0.,1.));
#1655 = DIRECTION('',(1.,0.,-0.));
#1656 = ADVANCED_FACE('',(#1657),#1668,.F.);
#1657 = FACE_BOUND('',#1658,.F.);
#1658 = EDGE_LOOP('',(#1659,#1665,#1666,#1667));
#1659 = ORIENTED_EDGE('',*,*,#1660,.T.);
#1660 = EDGE_CURVE('',#1521,#1604,#1661,.T.);
#1661 = LINE('',#1662,#1663);
#1662 = CARTESIAN_POINT('',(1.27,1.016,0.));
#1663 = VECTOR('',#1664,1.);
#1664 = DIRECTION('',(0.,0.,1.));
#1665 = ORIENTED_EDGE('',*,*,#1611,.T.);
#1666 = ORIENTED_EDGE('',*,*,#1432,.F.);
#1667 = ORIENTED_EDGE('',*,*,#1528,.F.);
#1668 = PLANE('',#1669);
#1669 = AXIS2_PLACEMENT_3D('',#1670,#1671,#1672);
#1670 = CARTESIAN_POINT('',(1.27,1.016,0.));
#1671 = DIRECTION('',(-0.707106781187,-0.707106781187,0.));
#1672 = DIRECTION('',(-0.707106781187,0.707106781187,0.));
#1673 = ADVANCED_FACE('',(#1674),#1685,.F.);
#1674 = FACE_BOUND('',#1675,.F.);
#1675 = EDGE_LOOP('',(#1676,#1677,#1678,#1684));
#1676 = ORIENTED_EDGE('',*,*,#1472,.T.);
#1677 = ORIENTED_EDGE('',*,*,#1579,.T.);
#1678 = ORIENTED_EDGE('',*,*,#1679,.F.);
#1679 = EDGE_CURVE('',#1497,#1580,#1680,.T.);
#1680 = LINE('',#1681,#1682);
#1681 = CARTESIAN_POINT('',(-1.016,-1.27,0.));
#1682 = VECTOR('',#1683,1.);
#1683 = DIRECTION('',(0.,0.,1.));
#1684 = ORIENTED_EDGE('',*,*,#1496,.F.);
#1685 = PLANE('',#1686);
#1686 = AXIS2_PLACEMENT_3D('',#1687,#1688,#1689);
#1687 = CARTESIAN_POINT('',(-1.27,-1.016,0.));
#1688 = DIRECTION('',(0.707106781187,0.707106781187,0.));
#1689 = DIRECTION('',(0.707106781187,-0.707106781187,0.));
#1690 = ADVANCED_FACE('',(#1691),#1702,.F.);
#1691 = FACE_BOUND('',#1692,.F.);
#1692 = EDGE_LOOP('',(#1693,#1699,#1700,#1701));
#1693 = ORIENTED_EDGE('',*,*,#1694,.T.);
#1694 = EDGE_CURVE('',#1513,#1596,#1695,.T.);
#1695 = LINE('',#1696,#1697);
#1696 = CARTESIAN_POINT('',(1.27,-1.016,0.));
#1697 = VECTOR('',#1698,1.);
#1698 = DIRECTION('',(0.,0.,1.));
#1699 = ORIENTED_EDGE('',*,*,#1603,.T.);
#1700 = ORIENTED_EDGE('',*,*,#1660,.F.);
#1701 = ORIENTED_EDGE('',*,*,#1520,.F.);
#1702 = PLANE('',#1703);
#1703 = AXIS2_PLACEMENT_3D('',#1704,#1705,#1706);
#1704 = CARTESIAN_POINT('',(1.27,-1.016,0.));
#1705 = DIRECTION('',(-1.,0.,0.));
#1706 = DIRECTION('',(0.,1.,0.));
#1707 = ADVANCED_FACE('',(#1708),#1719,.F.);
#1708 = FACE_BOUND('',#1709,.F.);
#1709 = EDGE_LOOP('',(#1710,#1711,#1712,#1718));
#1710 = ORIENTED_EDGE('',*,*,#1679,.T.);
#1711 = ORIENTED_EDGE('',*,*,#1587,.T.);
#1712 = ORIENTED_EDGE('',*,*,#1713,.F.);
#1713 = EDGE_CURVE('',#1505,#1588,#1714,.T.);
#1714 = LINE('',#1715,#1716);
#1715 = CARTESIAN_POINT('',(1.016,-1.27,0.));
#1716 = VECTOR('',#1717,1.);
#1717 = DIRECTION('',(0.,0.,1.));
#1718 = ORIENTED_EDGE('',*,*,#1504,.F.);
#1719 = PLANE('',#1720);
#1720 = AXIS2_PLACEMENT_3D('',#1721,#1722,#1723);
#1721 = CARTESIAN_POINT('',(-1.016,-1.27,0.));
#1722 = DIRECTION('',(0.,1.,0.));
#1723 = DIRECTION('',(1.,0.,0.));
#1724 = ADVANCED_FACE('',(#1725),#1731,.F.);
#1725 = FACE_BOUND('',#1726,.F.);
#1726 = EDGE_LOOP('',(#1727,#1728,#1729,#1730));
#1727 = ORIENTED_EDGE('',*,*,#1713,.T.);
#1728 = ORIENTED_EDGE('',*,*,#1595,.T.);
#1729 = ORIENTED_EDGE('',*,*,#1694,.F.);
#1730 = ORIENTED_EDGE('',*,*,#1512,.F.);
#1731 = PLANE('',#1732);
#1732 = AXIS2_PLACEMENT_3D('',#1733,#1734,#1735);
#1733 = CARTESIAN_POINT('',(1.016,-1.27,0.));
#1734 = DIRECTION('',(-0.707106781187,0.707106781187,0.));
#1735 = DIRECTION('',(0.707106781187,0.707106781187,0.));
#1736 = ADVANCED_FACE('',(#1737),#1762,.F.);
#1737 = FACE_BOUND('',#1738,.F.);
#1738 = EDGE_LOOP('',(#1739,#1747,#1755,#1761));
#1739 = ORIENTED_EDGE('',*,*,#1740,.F.);
#1740 = EDGE_CURVE('',#1741,#1538,#1743,.T.);
#1741 = VERTEX_POINT('',#1742);
#1742 = CARTESIAN_POINT('',(0.32,-0.32,-2.84));
#1743 = LINE('',#1744,#1745);
#1744 = CARTESIAN_POINT('',(0.32,-0.32,-3.));
#1745 = VECTOR('',#1746,1.);
#1746 = DIRECTION('',(0.,0.,1.));
#1747 = ORIENTED_EDGE('',*,*,#1748,.F.);
#1748 = EDGE_CURVE('',#1749,#1741,#1751,.T.);
#1749 = VERTEX_POINT('',#1750);
#1750 = CARTESIAN_POINT('',(-0.32,-0.32,-2.84));
#1751 = LINE('',#1752,#1753);
#1752 = CARTESIAN_POINT('',(-0.32,-0.32,-2.84));
#1753 = VECTOR('',#1754,1.);
#1754 = DIRECTION('',(1.,0.,0.));
#1755 = ORIENTED_EDGE('',*,*,#1756,.T.);
#1756 = EDGE_CURVE('',#1749,#1540,#1757,.T.);
#1757 = LINE('',#1758,#1759);
#1758 = CARTESIAN_POINT('',(-0.32,-0.32,-3.));
#1759 = VECTOR('',#1760,1.);
#1760 = DIRECTION('',(0.,0.,1.));
#1761 = ORIENTED_EDGE('',*,*,#1537,.F.);
#1762 = PLANE('',#1763);
#1763 = AXIS2_PLACEMENT_3D('',#1764,#1765,#1766);
#1764 = CARTESIAN_POINT('',(-0.32,-0.32,-3.));
#1765 = DIRECTION('',(0.,1.,0.));
#1766 = DIRECTION('',(0.,-0.,1.));
#1767 = ADVANCED_FACE('',(#1768),#1786,.T.);
#1768 = FACE_BOUND('',#1769,.T.);
#1769 = EDGE_LOOP('',(#1770,#1771,#1779,#1785));
#1770 = ORIENTED_EDGE('',*,*,#1740,.F.);
#1771 = ORIENTED_EDGE('',*,*,#1772,.T.);
#1772 = EDGE_CURVE('',#1741,#1773,#1775,.T.);
#1773 = VERTEX_POINT('',#1774);
#1774 = CARTESIAN_POINT('',(0.32,0.32,-2.84));
#1775 = LINE('',#1776,#1777);
#1776 = CARTESIAN_POINT('',(0.32,-0.32,-2.84));
#1777 = VECTOR('',#1778,1.);
#1778 = DIRECTION('',(0.,1.,0.));
#1779 = ORIENTED_EDGE('',*,*,#1780,.T.);
#1780 = EDGE_CURVE('',#1773,#1556,#1781,.T.);
#1781 = LINE('',#1782,#1783);
#1782 = CARTESIAN_POINT('',(0.32,0.32,-3.));
#1783 = VECTOR('',#1784,1.);
#1784 = DIRECTION('',(0.,0.,1.));
#1785 = ORIENTED_EDGE('',*,*,#1563,.F.);
#1786 = PLANE('',#1787);
#1787 = AXIS2_PLACEMENT_3D('',#1788,#1789,#1790);
#1788 = CARTESIAN_POINT('',(0.32,-0.32,-3.));
#1789 = DIRECTION('',(1.,0.,0.));
#1790 = DIRECTION('',(0.,0.,1.));
#1791 = ADVANCED_FACE('',(#1792),#1810,.T.);
#1792 = FACE_BOUND('',#1793,.T.);
#1793 = EDGE_LOOP('',(#1794,#1795,#1803,#1809));
#1794 = ORIENTED_EDGE('',*,*,#1780,.F.);
#1795 = ORIENTED_EDGE('',*,*,#1796,.F.);
#1796 = EDGE_CURVE('',#1797,#1773,#1799,.T.);
#1797 = VERTEX_POINT('',#1798);
#1798 = CARTESIAN_POINT('',(-0.32,0.32,-2.84));
#1799 = LINE('',#1800,#1801);
#1800 = CARTESIAN_POINT('',(-0.32,0.32,-2.84));
#1801 = VECTOR('',#1802,1.);
#1802 = DIRECTION('',(1.,0.,0.));
#1803 = ORIENTED_EDGE('',*,*,#1804,.T.);
#1804 = EDGE_CURVE('',#1797,#1548,#1805,.T.);
#1805 = LINE('',#1806,#1807);
#1806 = CARTESIAN_POINT('',(-0.32,0.32,-3.));
#1807 = VECTOR('',#1808,1.);
#1808 = DIRECTION('',(0.,0.,1.));
#1809 = ORIENTED_EDGE('',*,*,#1555,.F.);
#1810 = PLANE('',#1811);
#1811 = AXIS2_PLACEMENT_3D('',#1812,#1813,#1814);
#1812 = CARTESIAN_POINT('',(-0.32,0.32,-3.));
#1813 = DIRECTION('',(0.,1.,0.));
#1814 = DIRECTION('',(0.,-0.,1.));
#1815 = ADVANCED_FACE('',(#1816),#1827,.F.);
#1816 = FACE_BOUND('',#1817,.F.);
#1817 = EDGE_LOOP('',(#1818,#1819,#1825,#1826));
#1818 = ORIENTED_EDGE('',*,*,#1756,.F.);
#1819 = ORIENTED_EDGE('',*,*,#1820,.T.);
#1820 = EDGE_CURVE('',#1749,#1797,#1821,.T.);
#1821 = LINE('',#1822,#1823);
#1822 = CARTESIAN_POINT('',(-0.32,-0.32,-2.84));
#1823 = VECTOR('',#1824,1.);
#1824 = DIRECTION('',(0.,1.,0.));
#1825 = ORIENTED_EDGE('',*,*,#1804,.T.);
#1826 = ORIENTED_EDGE('',*,*,#1547,.F.);
#1827 = PLANE('',#1828);
#1828 = AXIS2_PLACEMENT_3D('',#1829,#1830,#1831);
#1829 = CARTESIAN_POINT('',(-0.32,-0.32,-3.));
#1830 = DIRECTION('',(1.,0.,0.));
#1831 = DIRECTION('',(0.,0.,1.));
#1832 = ADVANCED_FACE('',(#1833),#1858,.F.);
#1833 = FACE_BOUND('',#1834,.F.);
#1834 = EDGE_LOOP('',(#1835,#1843,#1844,#1852));
#1835 = ORIENTED_EDGE('',*,*,#1836,.F.);
#1836 = EDGE_CURVE('',#1621,#1837,#1839,.T.);
#1837 = VERTEX_POINT('',#1838);
#1838 = CARTESIAN_POINT('',(0.32,-0.32,8.38));
#1839 = LINE('',#1840,#1841);
#1840 = CARTESIAN_POINT('',(0.32,-0.32,-3.));
#1841 = VECTOR('',#1842,1.);
#1842 = DIRECTION('',(0.,0.,1.));
#1843 = ORIENTED_EDGE('',*,*,#1620,.T.);
#1844 = ORIENTED_EDGE('',*,*,#1845,.T.);
#1845 = EDGE_CURVE('',#1623,#1846,#1848,.T.);
#1846 = VERTEX_POINT('',#1847);
#1847 = CARTESIAN_POINT('',(-0.32,-0.32,8.38));
#1848 = LINE('',#1849,#1850);
#1849 = CARTESIAN_POINT('',(-0.32,-0.32,-3.));
#1850 = VECTOR('',#1851,1.);
#1851 = DIRECTION('',(0.,0.,1.));
#1852 = ORIENTED_EDGE('',*,*,#1853,.T.);
#1853 = EDGE_CURVE('',#1846,#1837,#1854,.T.);
#1854 = LINE('',#1855,#1856);
#1855 = CARTESIAN_POINT('',(-0.32,-0.32,8.38));
#1856 = VECTOR('',#1857,1.);
#1857 = DIRECTION('',(1.,0.,0.));
#1858 = PLANE('',#1859);
#1859 = AXIS2_PLACEMENT_3D('',#1860,#1861,#1862);
#1860 = CARTESIAN_POINT('',(-0.32,-0.32,-3.));
#1861 = DIRECTION('',(0.,1.,0.));
#1862 = DIRECTION('',(0.,-0.,1.));
#1863 = ADVANCED_FACE('',(#1864),#1882,.T.);
#1864 = FACE_BOUND('',#1865,.T.);
#1865 = EDGE_LOOP('',(#1866,#1867,#1868,#1876));
#1866 = ORIENTED_EDGE('',*,*,#1836,.F.);
#1867 = ORIENTED_EDGE('',*,*,#1646,.T.);
#1868 = ORIENTED_EDGE('',*,*,#1869,.T.);
#1869 = EDGE_CURVE('',#1639,#1870,#1872,.T.);
#1870 = VERTEX_POINT('',#1871);
#1871 = CARTESIAN_POINT('',(0.32,0.32,8.38));
#1872 = LINE('',#1873,#1874);
#1873 = CARTESIAN_POINT('',(0.32,0.32,-3.));
#1874 = VECTOR('',#1875,1.);
#1875 = DIRECTION('',(0.,0.,1.));
#1876 = ORIENTED_EDGE('',*,*,#1877,.F.);
#1877 = EDGE_CURVE('',#1837,#1870,#1878,.T.);
#1878 = LINE('',#1879,#1880);
#1879 = CARTESIAN_POINT('',(0.32,-0.32,8.38));
#1880 = VECTOR('',#1881,1.);
#1881 = DIRECTION('',(0.,1.,0.));
#1882 = PLANE('',#1883);
#1883 = AXIS2_PLACEMENT_3D('',#1884,#1885,#1886);
#1884 = CARTESIAN_POINT('',(0.32,-0.32,-3.));
#1885 = DIRECTION('',(1.,0.,0.));
#1886 = DIRECTION('',(0.,0.,1.));
#1887 = ADVANCED_FACE('',(#1888),#1906,.T.);
#1888 = FACE_BOUND('',#1889,.T.);
#1889 = EDGE_LOOP('',(#1890,#1891,#1892,#1900));
#1890 = ORIENTED_EDGE('',*,*,#1869,.F.);
#1891 = ORIENTED_EDGE('',*,*,#1638,.T.);
#1892 = ORIENTED_EDGE('',*,*,#1893,.T.);
#1893 = EDGE_CURVE('',#1631,#1894,#1896,.T.);
#1894 = VERTEX_POINT('',#1895);
#1895 = CARTESIAN_POINT('',(-0.32,0.32,8.38));
#1896 = LINE('',#1897,#1898);
#1897 = CARTESIAN_POINT('',(-0.32,0.32,-3.));
#1898 = VECTOR('',#1899,1.);
#1899 = DIRECTION('',(0.,0.,1.));
#1900 = ORIENTED_EDGE('',*,*,#1901,.T.);
#1901 = EDGE_CURVE('',#1894,#1870,#1902,.T.);
#1902 = LINE('',#1903,#1904);
#1903 = CARTESIAN_POINT('',(-0.32,0.32,8.38));
#1904 = VECTOR('',#1905,1.);
#1905 = DIRECTION('',(1.,0.,0.));
#1906 = PLANE('',#1907);
#1907 = AXIS2_PLACEMENT_3D('',#1908,#1909,#1910);
#1908 = CARTESIAN_POINT('',(-0.32,0.32,-3.));
#1909 = DIRECTION('',(0.,1.,0.));
#1910 = DIRECTION('',(0.,-0.,1.));
#1911 = ADVANCED_FACE('',(#1912),#1923,.F.);
#1912 = FACE_BOUND('',#1913,.F.);
#1913 = EDGE_LOOP('',(#1914,#1915,#1916,#1917));
#1914 = ORIENTED_EDGE('',*,*,#1845,.F.);
#1915 = ORIENTED_EDGE('',*,*,#1630,.T.);
#1916 = ORIENTED_EDGE('',*,*,#1893,.T.);
#1917 = ORIENTED_EDGE('',*,*,#1918,.F.);
#1918 = EDGE_CURVE('',#1846,#1894,#1919,.T.);
#1919 = LINE('',#1920,#1921);
#1920 = CARTESIAN_POINT('',(-0.32,-0.32,8.38));
#1921 = VECTOR('',#1922,1.);
#1922 = DIRECTION('',(0.,1.,0.));
#1923 = PLANE('',#1924);
#1924 = AXIS2_PLACEMENT_3D('',#1925,#1926,#1927);
#1925 = CARTESIAN_POINT('',(-0.32,-0.32,-3.));
#1926 = DIRECTION('',(1.,0.,0.));
#1927 = DIRECTION('',(0.,0.,1.));
#1928 = ADVANCED_FACE('',(#1929),#1954,.T.);
#1929 = FACE_BOUND('',#1930,.F.);
#1930 = EDGE_LOOP('',(#1931,#1939,#1940,#1948));
#1931 = ORIENTED_EDGE('',*,*,#1932,.F.);
#1932 = EDGE_CURVE('',#1749,#1933,#1935,.T.);
#1933 = VERTEX_POINT('',#1934);
#1934 = CARTESIAN_POINT('',(-0.16,-0.16,-3.));
#1935 = LINE('',#1936,#1937);
#1936 = CARTESIAN_POINT('',(-0.266666666667,-0.266666666667,
    -2.893333333333));
#1937 = VECTOR('',#1938,1.);
#1938 = DIRECTION('',(0.57735026919,0.57735026919,-0.57735026919));
#1939 = ORIENTED_EDGE('',*,*,#1748,.T.);
#1940 = ORIENTED_EDGE('',*,*,#1941,.T.);
#1941 = EDGE_CURVE('',#1741,#1942,#1944,.T.);
#1942 = VERTEX_POINT('',#1943);
#1943 = CARTESIAN_POINT('',(0.16,-0.16,-3.));
#1944 = LINE('',#1945,#1946);
#1945 = CARTESIAN_POINT('',(0.16,-0.16,-3.));
#1946 = VECTOR('',#1947,1.);
#1947 = DIRECTION('',(-0.57735026919,0.57735026919,-0.57735026919));
#1948 = ORIENTED_EDGE('',*,*,#1949,.F.);
#1949 = EDGE_CURVE('',#1933,#1942,#1950,.T.);
#1950 = LINE('',#1951,#1952);
#1951 = CARTESIAN_POINT('',(-0.32,-0.16,-3.));
#1952 = VECTOR('',#1953,1.);
#1953 = DIRECTION('',(1.,0.,0.));
#1954 = PLANE('',#1955);
#1955 = AXIS2_PLACEMENT_3D('',#1956,#1957,#1958);
#1956 = CARTESIAN_POINT('',(-0.32,-0.24,-2.92));
#1957 = DIRECTION('',(1.735167508357E-18,-0.707106781187,-0.707106781187
    ));
#1958 = DIRECTION('',(-1.,-1.226948711654E-18,-1.226948711654E-18));
#1959 = ADVANCED_FACE('',(#1960),#1978,.F.);
#1960 = FACE_BOUND('',#1961,.F.);
#1961 = EDGE_LOOP('',(#1962,#1963,#1964,#1972));
#1962 = ORIENTED_EDGE('',*,*,#1941,.F.);
#1963 = ORIENTED_EDGE('',*,*,#1772,.T.);
#1964 = ORIENTED_EDGE('',*,*,#1965,.T.);
#1965 = EDGE_CURVE('',#1773,#1966,#1968,.T.);
#1966 = VERTEX_POINT('',#1967);
#1967 = CARTESIAN_POINT('',(0.16,0.16,-3.));
#1968 = LINE('',#1969,#1970);
#1969 = CARTESIAN_POINT('',(5.333333333333E-02,5.333333333333E-02,
    -3.106666666667));
#1970 = VECTOR('',#1971,1.);
#1971 = DIRECTION('',(-0.57735026919,-0.57735026919,-0.57735026919));
#1972 = ORIENTED_EDGE('',*,*,#1973,.F.);
#1973 = EDGE_CURVE('',#1942,#1966,#1974,.T.);
#1974 = LINE('',#1975,#1976);
#1975 = CARTESIAN_POINT('',(0.16,-0.32,-3.));
#1976 = VECTOR('',#1977,1.);
#1977 = DIRECTION('',(0.,1.,0.));
#1978 = PLANE('',#1979);
#1979 = AXIS2_PLACEMENT_3D('',#1980,#1981,#1982);
#1980 = CARTESIAN_POINT('',(0.24,-0.32,-2.92));
#1981 = DIRECTION('',(-0.707106781187,1.735167508357E-18,0.707106781187)
  );
#1982 = DIRECTION('',(1.226948711654E-18,1.,-1.226948711654E-18));
#1983 = ADVANCED_FACE('',(#1984),#2002,.F.);
#1984 = FACE_BOUND('',#1985,.T.);
#1985 = EDGE_LOOP('',(#1986,#1994,#1995,#1996));
#1986 = ORIENTED_EDGE('',*,*,#1987,.F.);
#1987 = EDGE_CURVE('',#1797,#1988,#1990,.T.);
#1988 = VERTEX_POINT('',#1989);
#1989 = CARTESIAN_POINT('',(-0.16,0.16,-3.));
#1990 = LINE('',#1991,#1992);
#1991 = CARTESIAN_POINT('',(-0.16,0.16,-3.));
#1992 = VECTOR('',#1993,1.);
#1993 = DIRECTION('',(0.57735026919,-0.57735026919,-0.57735026919));
#1994 = ORIENTED_EDGE('',*,*,#1796,.T.);
#1995 = ORIENTED_EDGE('',*,*,#1965,.T.);
#1996 = ORIENTED_EDGE('',*,*,#1997,.F.);
#1997 = EDGE_CURVE('',#1988,#1966,#1998,.T.);
#1998 = LINE('',#1999,#2000);
#1999 = CARTESIAN_POINT('',(-0.32,0.16,-3.));
#2000 = VECTOR('',#2001,1.);
#2001 = DIRECTION('',(1.,0.,0.));
#2002 = PLANE('',#2003);
#2003 = AXIS2_PLACEMENT_3D('',#2004,#2005,#2006);
#2004 = CARTESIAN_POINT('',(-0.32,0.24,-2.92));
#2005 = DIRECTION('',(-1.735167508357E-18,-0.707106781187,0.707106781187
    ));
#2006 = DIRECTION('',(-1.,1.226948711654E-18,-1.226948711654E-18));
#2007 = ADVANCED_FACE('',(#2008),#2019,.T.);
#2008 = FACE_BOUND('',#2009,.T.);
#2009 = EDGE_LOOP('',(#2010,#2011,#2012,#2013));
#2010 = ORIENTED_EDGE('',*,*,#1932,.F.);
#2011 = ORIENTED_EDGE('',*,*,#1820,.T.);
#2012 = ORIENTED_EDGE('',*,*,#1987,.T.);
#2013 = ORIENTED_EDGE('',*,*,#2014,.F.);
#2014 = EDGE_CURVE('',#1933,#1988,#2015,.T.);
#2015 = LINE('',#2016,#2017);
#2016 = CARTESIAN_POINT('',(-0.16,-0.32,-3.));
#2017 = VECTOR('',#2018,1.);
#2018 = DIRECTION('',(0.,1.,0.));
#2019 = PLANE('',#2020);
#2020 = AXIS2_PLACEMENT_3D('',#2021,#2022,#2023);
#2021 = CARTESIAN_POINT('',(-0.24,-0.32,-2.92));
#2022 = DIRECTION('',(-0.707106781187,-1.735167508357E-18,
    -0.707106781187));
#2023 = DIRECTION('',(-1.226948711654E-18,1.,-1.226948711654E-18));
#2024 = ADVANCED_FACE('',(#2025),#2050,.F.);
#2025 = FACE_BOUND('',#2026,.T.);
#2026 = EDGE_LOOP('',(#2027,#2035,#2036,#2044));
#2027 = ORIENTED_EDGE('',*,*,#2028,.F.);
#2028 = EDGE_CURVE('',#1846,#2029,#2031,.T.);
#2029 = VERTEX_POINT('',#2030);
#2030 = CARTESIAN_POINT('',(-0.16,-0.16,8.54));
#2031 = LINE('',#2032,#2033);
#2032 = CARTESIAN_POINT('',(-0.266666666667,-0.266666666667,
    8.433333333333));
#2033 = VECTOR('',#2034,1.);
#2034 = DIRECTION('',(0.57735026919,0.57735026919,0.57735026919));
#2035 = ORIENTED_EDGE('',*,*,#1853,.T.);
#2036 = ORIENTED_EDGE('',*,*,#2037,.T.);
#2037 = EDGE_CURVE('',#1837,#2038,#2040,.T.);
#2038 = VERTEX_POINT('',#2039);
#2039 = CARTESIAN_POINT('',(0.16,-0.16,8.54));
#2040 = LINE('',#2041,#2042);
#2041 = CARTESIAN_POINT('',(0.16,-0.16,8.54));
#2042 = VECTOR('',#2043,1.);
#2043 = DIRECTION('',(-0.57735026919,0.57735026919,0.57735026919));
#2044 = ORIENTED_EDGE('',*,*,#2045,.F.);
#2045 = EDGE_CURVE('',#2029,#2038,#2046,.T.);
#2046 = LINE('',#2047,#2048);
#2047 = CARTESIAN_POINT('',(-0.32,-0.16,8.54));
#2048 = VECTOR('',#2049,1.);
#2049 = DIRECTION('',(1.,0.,0.));
#2050 = PLANE('',#2051);
#2051 = AXIS2_PLACEMENT_3D('',#2052,#2053,#2054);
#2052 = CARTESIAN_POINT('',(-0.32,-0.24,8.46));
#2053 = DIRECTION('',(-1.735167508357E-18,0.707106781187,-0.707106781187
    ));
#2054 = DIRECTION('',(-1.,-1.226948711654E-18,1.226948711654E-18));
#2055 = ADVANCED_FACE('',(#2056),#2074,.T.);
#2056 = FACE_BOUND('',#2057,.T.);
#2057 = EDGE_LOOP('',(#2058,#2059,#2060,#2068));
#2058 = ORIENTED_EDGE('',*,*,#2037,.F.);
#2059 = ORIENTED_EDGE('',*,*,#1877,.T.);
#2060 = ORIENTED_EDGE('',*,*,#2061,.T.);
#2061 = EDGE_CURVE('',#1870,#2062,#2064,.T.);
#2062 = VERTEX_POINT('',#2063);
#2063 = CARTESIAN_POINT('',(0.16,0.16,8.54));
#2064 = LINE('',#2065,#2066);
#2065 = CARTESIAN_POINT('',(5.333333333333E-02,5.333333333333E-02,
    8.646666666667));
#2066 = VECTOR('',#2067,1.);
#2067 = DIRECTION('',(-0.57735026919,-0.57735026919,0.57735026919));
#2068 = ORIENTED_EDGE('',*,*,#2069,.F.);
#2069 = EDGE_CURVE('',#2038,#2062,#2070,.T.);
#2070 = LINE('',#2071,#2072);
#2071 = CARTESIAN_POINT('',(0.16,-0.32,8.54));
#2072 = VECTOR('',#2073,1.);
#2073 = DIRECTION('',(0.,1.,0.));
#2074 = PLANE('',#2075);
#2075 = AXIS2_PLACEMENT_3D('',#2076,#2077,#2078);
#2076 = CARTESIAN_POINT('',(0.24,-0.32,8.46));
#2077 = DIRECTION('',(0.707106781187,-1.735167508357E-18,0.707106781187)
  );
#2078 = DIRECTION('',(1.226948711654E-18,1.,1.226948711654E-18));
#2079 = ADVANCED_FACE('',(#2080),#2098,.T.);
#2080 = FACE_BOUND('',#2081,.F.);
#2081 = EDGE_LOOP('',(#2082,#2090,#2091,#2092));
#2082 = ORIENTED_EDGE('',*,*,#2083,.F.);
#2083 = EDGE_CURVE('',#1894,#2084,#2086,.T.);
#2084 = VERTEX_POINT('',#2085);
#2085 = CARTESIAN_POINT('',(-0.16,0.16,8.54));
#2086 = LINE('',#2087,#2088);
#2087 = CARTESIAN_POINT('',(-0.16,0.16,8.54));
#2088 = VECTOR('',#2089,1.);
#2089 = DIRECTION('',(0.57735026919,-0.57735026919,0.57735026919));
#2090 = ORIENTED_EDGE('',*,*,#1901,.T.);
#2091 = ORIENTED_EDGE('',*,*,#2061,.T.);
#2092 = ORIENTED_EDGE('',*,*,#2093,.F.);
#2093 = EDGE_CURVE('',#2084,#2062,#2094,.T.);
#2094 = LINE('',#2095,#2096);
#2095 = CARTESIAN_POINT('',(-0.32,0.16,8.54));
#2096 = VECTOR('',#2097,1.);
#2097 = DIRECTION('',(1.,0.,0.));
#2098 = PLANE('',#2099);
#2099 = AXIS2_PLACEMENT_3D('',#2100,#2101,#2102);
#2100 = CARTESIAN_POINT('',(-0.32,0.24,8.46));
#2101 = DIRECTION('',(1.735167508357E-18,0.707106781187,0.707106781187)
  );
#2102 = DIRECTION('',(-1.,1.226948711654E-18,1.226948711654E-18));
#2103 = ADVANCED_FACE('',(#2104),#2115,.F.);
#2104 = FACE_BOUND('',#2105,.F.);
#2105 = EDGE_LOOP('',(#2106,#2107,#2108,#2109));
#2106 = ORIENTED_EDGE('',*,*,#2028,.F.);
#2107 = ORIENTED_EDGE('',*,*,#1918,.T.);
#2108 = ORIENTED_EDGE('',*,*,#2083,.T.);
#2109 = ORIENTED_EDGE('',*,*,#2110,.F.);
#2110 = EDGE_CURVE('',#2029,#2084,#2111,.T.);
#2111 = LINE('',#2112,#2113);
#2112 = CARTESIAN_POINT('',(-0.16,-0.32,8.54));
#2113 = VECTOR('',#2114,1.);
#2114 = DIRECTION('',(0.,1.,0.));
#2115 = PLANE('',#2116);
#2116 = AXIS2_PLACEMENT_3D('',#2117,#2118,#2119);
#2117 = CARTESIAN_POINT('',(-0.24,-0.32,8.46));
#2118 = DIRECTION('',(0.707106781187,1.735167508357E-18,-0.707106781187)
  );
#2119 = DIRECTION('',(-1.226948711654E-18,1.,1.226948711654E-18));
#2120 = ADVANCED_FACE('',(#2121),#2127,.F.);
#2121 = FACE_BOUND('',#2122,.F.);
#2122 = EDGE_LOOP('',(#2123,#2124,#2125,#2126));
#2123 = ORIENTED_EDGE('',*,*,#1997,.F.);
#2124 = ORIENTED_EDGE('',*,*,#2014,.F.);
#2125 = ORIENTED_EDGE('',*,*,#1949,.T.);
#2126 = ORIENTED_EDGE('',*,*,#1973,.T.);
#2127 = PLANE('',#2128);
#2128 = AXIS2_PLACEMENT_3D('',#2129,#2130,#2131);
#2129 = CARTESIAN_POINT('',(-0.32,-0.32,-3.));
#2130 = DIRECTION('',(0.,0.,1.));
#2131 = DIRECTION('',(1.,0.,-0.));
#2132 = ADVANCED_FACE('',(#2133),#2139,.T.);
#2133 = FACE_BOUND('',#2134,.T.);
#2134 = EDGE_LOOP('',(#2135,#2136,#2137,#2138));
#2135 = ORIENTED_EDGE('',*,*,#2069,.T.);
#2136 = ORIENTED_EDGE('',*,*,#2093,.F.);
#2137 = ORIENTED_EDGE('',*,*,#2110,.F.);
#2138 = ORIENTED_EDGE('',*,*,#2045,.T.);
#2139 = PLANE('',#2140);
#2140 = AXIS2_PLACEMENT_3D('',#2141,#2142,#2143);
#2141 = CARTESIAN_POINT('',(-0.32,-0.32,8.54));
#2142 = DIRECTION('',(0.,0.,1.));
#2143 = DIRECTION('',(1.,0.,-0.));
#2144 = ( GEOMETRIC_REPRESENTATION_CONTEXT(3) 
GLOBAL_UNCERTAINTY_ASSIGNED_CONTEXT((#2148)) 
GLOBAL_UNIT_ASSIGNED_CONTEXT((#2145,#2146,#2147)) REPRESENTATION_CONTEXT
('Context #1','3D Context with UNIT and UNCERTAINTY') );
#2145 = ( LENGTH_UNIT() NAMED_UNIT(*) SI_UNIT(.MILLI.,.METRE.) );
#2146 = ( NAMED_UNIT(*) PLANE_ANGLE_UNIT() SI_UNIT($,.RADIAN.) );
#2147 = ( NAMED_UNIT(*) SI_UNIT($,.STERADIAN.) SOLID_ANGLE_UNIT() );
#2148 = UNCERTAINTY_MEASURE_WITH_UNIT(LENGTH_MEASURE(1.E-07),#2145,
  'distance_accuracy_value','confusion accuracy');
#2149 = CONTEXT_DEPENDENT_SHAPE_REPRESENTATION(#2150,#2152);
#2150 = ( REPRESENTATION_RELATIONSHIP('','',#1385,#10) 
REPRESENTATION_RELATIONSHIP_WITH_TRANSFORMATION(#2151) 
SHAPE_REPRESENTATION_RELATIONSHIP() );
#2151 = ITEM_DEFINED_TRANSFORMATION('','',#11,#47);
#2152 = PRODUCT_DEFINITION_SHAPE('Placement','Placement of an item',
  #2153);
#2153 = NEXT_ASSEMBLY_USAGE_OCCURRENCE('9','J10','',#5,#1380,$);
#2154 = PRODUCT_RELATED_PRODUCT_CATEGORY('part',$,(#1382));
#2155 = CONTEXT_DEPENDENT_SHAPE_REPRESENTATION(#2156,#2158);
#2156 = ( REPRESENTATION_RELATIONSHIP('','',#1385,#10) 
REPRESENTATION_RELATIONSHIP_WITH_TRANSFORMATION(#2157) 
SHAPE_REPRESENTATION_RELATIONSHIP() );
#2157 = ITEM_DEFINED_TRANSFORMATION('','',#11,#51);
#2158 = PRODUCT_DEFINITION_SHAPE('Placement','Placement of an item',
  #2159);
#2159 = NEXT_ASSEMBLY_USAGE_OCCURRENCE('10','J11','',#5,#1380,$);
#2160 = CONTEXT_DEPENDENT_SHAPE_REPRESENTATION(#2161,#2163);
#2161 = ( REPRESENTATION_RELATIONSHIP('','',#76,#10) 
REPRESENTATION_RELATIONSHIP_WITH_TRANSFORMATION(#2162) 
SHAPE_REPRESENTATION_RELATIONSHIP() );
#2162 = ITEM_DEFINED_TRANSFORMATION('','',#11,#55);
#2163 = PRODUCT_DEFINITION_SHAPE('Placement','Placement of an item',
  #2164);
#2164 = NEXT_ASSEMBLY_USAGE_OCCURRENCE('11','J4','',#5,#71,$);
#2165 = SHAPE_DEFINITION_REPRESENTATION(#2166,#2172);
#2166 = PRODUCT_DEFINITION_SHAPE('','',#2167);
#2167 = PRODUCT_DEFINITION('design','',#2168,#2171);
#2168 = PRODUCT_DEFINITION_FORMATION('','',#2169);
#2169 = PRODUCT('JACK_CONN_PCB','JACK_CONN_PCB','',(#2170));
#2170 = PRODUCT_CONTEXT('',#2,'mechanical');
#2171 = PRODUCT_DEFINITION_CONTEXT('part definition',#2,'design');
#2172 = ADVANCED_BREP_SHAPE_REPRESENTATION('',(#11,#2173),#8712);
#2173 = MANIFOLD_SOLID_BREP('',#2174);
#2174 = CLOSED_SHELL('',(#2175,#2217,#2248,#2279,#3968,#5657,#5674,#5691
    ,#5708,#5725,#5737,#5759,#5776,#5793,#5805,#5822,#5844,#5861,#5878,
    #5890,#5912,#5929,#5946,#5958,#5980,#5997,#6014,#6026,#6048,#6065,
    #6082,#6094,#6111,#6133,#6150,#6167,#6179,#6201,#6218,#6235,#6247,
    #6269,#6286,#6303,#6315,#6332,#6349,#6366,#6383,#6400,#6422,#6439,
    #6456,#6468,#6485,#6507,#6524,#6541,#6553,#6575,#6592,#6609,#6621,
    #6643,#6660,#6677,#6689,#6711,#6728,#6745,#6757,#6774,#6796,#6813,
    #6830,#6842,#6864,#6881,#6898,#6910,#6932,#6949,#6966,#6978,#6995,
    #7012,#7029,#7046,#7063,#7080,#7102,#7119,#7136,#7148,#7170,#7187,
    #7204,#7216,#7233,#7255,#7272,#7289,#7301,#7318,#7335,#7352,#7369,
    #7386,#7408,#7425,#7442,#7454,#7476,#7493,#7510,#7522,#7544,#7561,
    #7578,#7590,#7607,#7629,#7646,#7663,#7675,#7697,#7714,#7731,#7743,
    #7765,#7782,#7799,#7811,#7833,#7850,#7867,#7879,#7896,#7918,#7935,
    #7952,#7964,#7981,#7998,#8015,#8032,#8054,#8071,#8088,#8100,#8117,
    #8134,#8156,#8173,#8190,#8202,#8224,#8241,#8258,#8270,#8292,#8309,
    #8326,#8338,#8355,#8377,#8394,#8411,#8423,#8445,#8462,#8479,#8491,
    #8513,#8530,#8547,#8559,#8581,#8598,#8615,#8627,#8644,#8666,#8683,
    #8700));
#2175 = ADVANCED_FACE('',(#2176),#2212,.T.);
#2176 = FACE_BOUND('',#2177,.T.);
#2177 = EDGE_LOOP('',(#2178,#2188,#2197,#2205));
#2178 = ORIENTED_EDGE('',*,*,#2179,.T.);
#2179 = EDGE_CURVE('',#2180,#2182,#2184,.T.);
#2180 = VERTEX_POINT('',#2181);
#2181 = CARTESIAN_POINT('',(58.999894,-23.499911,0.));
#2182 = VERTEX_POINT('',#2183);
#2183 = CARTESIAN_POINT('',(58.999894,-23.499911,0.71));
#2184 = LINE('',#2185,#2186);
#2185 = CARTESIAN_POINT('',(58.999894,-23.499911,0.));
#2186 = VECTOR('',#2187,1.);
#2187 = DIRECTION('',(0.,0.,1.));
#2188 = ORIENTED_EDGE('',*,*,#2189,.T.);
#2189 = EDGE_CURVE('',#2182,#2190,#2192,.T.);
#2190 = VERTEX_POINT('',#2191);
#2191 = CARTESIAN_POINT('',(59.999892,-24.499909,0.71));
#2192 = CIRCLE('',#2193,0.999999252927);
#2193 = AXIS2_PLACEMENT_3D('',#2194,#2195,#2196);
#2194 = CARTESIAN_POINT('',(58.999892747074,-24.49991025292,0.71));
#2195 = DIRECTION('',(0.,0.,-1.));
#2196 = DIRECTION('',(1.252926962069E-06,0.999999999999,0.));
#2197 = ORIENTED_EDGE('',*,*,#2198,.F.);
#2198 = EDGE_CURVE('',#2199,#2190,#2201,.T.);
#2199 = VERTEX_POINT('',#2200);
#2200 = CARTESIAN_POINT('',(59.999892,-24.499909,0.));
#2201 = LINE('',#2202,#2203);
#2202 = CARTESIAN_POINT('',(59.999892,-24.499909,0.));
#2203 = VECTOR('',#2204,1.);
#2204 = DIRECTION('',(0.,0.,1.));
#2205 = ORIENTED_EDGE('',*,*,#2206,.F.);
#2206 = EDGE_CURVE('',#2180,#2199,#2207,.T.);
#2207 = CIRCLE('',#2208,0.999999252927);
#2208 = AXIS2_PLACEMENT_3D('',#2209,#2210,#2211);
#2209 = CARTESIAN_POINT('',(58.999892747074,-24.49991025292,0.));
#2210 = DIRECTION('',(0.,0.,-1.));
#2211 = DIRECTION('',(1.252926962069E-06,0.999999999999,0.));
#2212 = CYLINDRICAL_SURFACE('',#2213,0.999999252927);
#2213 = AXIS2_PLACEMENT_3D('',#2214,#2215,#2216);
#2214 = CARTESIAN_POINT('',(58.999892747074,-24.49991025292,0.));
#2215 = DIRECTION('',(0.,0.,-1.));
#2216 = DIRECTION('',(1.252926962069E-06,0.999999999999,0.));
#2217 = ADVANCED_FACE('',(#2218),#2243,.T.);
#2218 = FACE_BOUND('',#2219,.T.);
#2219 = EDGE_LOOP('',(#2220,#2230,#2236,#2237));
#2220 = ORIENTED_EDGE('',*,*,#2221,.T.);
#2221 = EDGE_CURVE('',#2222,#2224,#2226,.T.);
#2222 = VERTEX_POINT('',#2223);
#2223 = CARTESIAN_POINT('',(20.499893,-23.499911,0.));
#2224 = VERTEX_POINT('',#2225);
#2225 = CARTESIAN_POINT('',(20.499893,-23.499911,0.71));
#2226 = LINE('',#2227,#2228);
#2227 = CARTESIAN_POINT('',(20.499893,-23.499911,0.));
#2228 = VECTOR('',#2229,1.);
#2229 = DIRECTION('',(0.,0.,1.));
#2230 = ORIENTED_EDGE('',*,*,#2231,.T.);
#2231 = EDGE_CURVE('',#2224,#2182,#2232,.T.);
#2232 = LINE('',#2233,#2234);
#2233 = CARTESIAN_POINT('',(20.499893,-23.499911,0.71));
#2234 = VECTOR('',#2235,1.);
#2235 = DIRECTION('',(1.,0.,0.));
#2236 = ORIENTED_EDGE('',*,*,#2179,.F.);
#2237 = ORIENTED_EDGE('',*,*,#2238,.F.);
#2238 = EDGE_CURVE('',#2222,#2180,#2239,.T.);
#2239 = LINE('',#2240,#2241);
#2240 = CARTESIAN_POINT('',(20.499893,-23.499911,0.));
#2241 = VECTOR('',#2242,1.);
#2242 = DIRECTION('',(1.,0.,0.));
#2243 = PLANE('',#2244);
#2244 = AXIS2_PLACEMENT_3D('',#2245,#2246,#2247);
#2245 = CARTESIAN_POINT('',(20.499893,-23.499911,0.));
#2246 = DIRECTION('',(0.,1.,0.));
#2247 = DIRECTION('',(1.,0.,0.));
#2248 = ADVANCED_FACE('',(#2249),#2274,.T.);
#2249 = FACE_BOUND('',#2250,.T.);
#2250 = EDGE_LOOP('',(#2251,#2252,#2260,#2268));
#2251 = ORIENTED_EDGE('',*,*,#2198,.T.);
#2252 = ORIENTED_EDGE('',*,*,#2253,.T.);
#2253 = EDGE_CURVE('',#2190,#2254,#2256,.T.);
#2254 = VERTEX_POINT('',#2255);
#2255 = CARTESIAN_POINT('',(59.999893,-55.499903,0.71));
#2256 = LINE('',#2257,#2258);
#2257 = CARTESIAN_POINT('',(59.999892,-24.499909,0.71));
#2258 = VECTOR('',#2259,1.);
#2259 = DIRECTION('',(3.225807067818E-08,-1.,0.));
#2260 = ORIENTED_EDGE('',*,*,#2261,.F.);
#2261 = EDGE_CURVE('',#2262,#2254,#2264,.T.);
#2262 = VERTEX_POINT('',#2263);
#2263 = CARTESIAN_POINT('',(59.999893,-55.499903,0.));
#2264 = LINE('',#2265,#2266);
#2265 = CARTESIAN_POINT('',(59.999893,-55.499903,0.));
#2266 = VECTOR('',#2267,1.);
#2267 = DIRECTION('',(0.,0.,1.));
#2268 = ORIENTED_EDGE('',*,*,#2269,.F.);
#2269 = EDGE_CURVE('',#2199,#2262,#2270,.T.);
#2270 = LINE('',#2271,#2272);
#2271 = CARTESIAN_POINT('',(59.999892,-24.499909,0.));
#2272 = VECTOR('',#2273,1.);
#2273 = DIRECTION('',(3.225807067818E-08,-1.,0.));
#2274 = PLANE('',#2275);
#2275 = AXIS2_PLACEMENT_3D('',#2276,#2277,#2278);
#2276 = CARTESIAN_POINT('',(59.999892,-24.499909,0.));
#2277 = DIRECTION('',(1.,3.225807067818E-08,-0.));
#2278 = DIRECTION('',(3.225807067818E-08,-1.,0.));
#2279 = ADVANCED_FACE('',(#2280,#2326,#2362,#2373,#2409,#2445,#2481,
    #2517,#2528,#2564,#2600,#2636,#2647,#2658,#2669,#2680,#2691,#2727,
    #2738,#2774,#2810,#2846,#2882,#2893,#2929,#2965,#3001,#3012,#3023,
    #3034,#3045,#3056,#3067,#3103,#3139,#3150,#3186,#3197,#3208,#3219,
    #3230,#3241,#3277,#3313,#3349,#3360,#3396,#3432,#3468,#3504,#3515,
    #3551,#3562,#3573,#3584,#3595,#3631,#3642,#3653,#3689,#3725,#3761,
    #3772,#3808,#3844,#3880,#3916,#3927),#3963,.F.);
#2280 = FACE_BOUND('',#2281,.F.);
#2281 = EDGE_LOOP('',(#2282,#2283,#2284,#2293,#2301,#2310,#2318,#2325));
#2282 = ORIENTED_EDGE('',*,*,#2206,.F.);
#2283 = ORIENTED_EDGE('',*,*,#2238,.F.);
#2284 = ORIENTED_EDGE('',*,*,#2285,.F.);
#2285 = EDGE_CURVE('',#2286,#2222,#2288,.T.);
#2286 = VERTEX_POINT('',#2287);
#2287 = CARTESIAN_POINT('',(19.499895,-24.499909,0.));
#2288 = CIRCLE('',#2289,1.000000960045);
#2289 = AXIS2_PLACEMENT_3D('',#2290,#2291,#2292);
#2290 = CARTESIAN_POINT('',(20.499895960041,-24.49991196004,0.));
#2291 = DIRECTION('',(0.,0.,-1.));
#2292 = DIRECTION('',(-0.999999999996,2.960038067502E-06,0.));
#2293 = ORIENTED_EDGE('',*,*,#2294,.F.);
#2294 = EDGE_CURVE('',#2295,#2286,#2297,.T.);
#2295 = VERTEX_POINT('',#2296);
#2296 = CARTESIAN_POINT('',(19.499894,-55.49991,0.));
#2297 = LINE('',#2298,#2299);
#2298 = CARTESIAN_POINT('',(19.499894,-55.49991,0.));
#2299 = VECTOR('',#2300,1.);
#2300 = DIRECTION('',(3.22580633941E-08,1.,0.));
#2301 = ORIENTED_EDGE('',*,*,#2302,.F.);
#2302 = EDGE_CURVE('',#2303,#2295,#2305,.T.);
#2303 = VERTEX_POINT('',#2304);
#2304 = CARTESIAN_POINT('',(20.499893,-56.499909,0.));
#2305 = CIRCLE('',#2306,0.99999754582);
#2306 = AXIS2_PLACEMENT_3D('',#2307,#2308,#2309);
#2307 = CARTESIAN_POINT('',(20.499891545819,-55.49991145418,0.));
#2308 = DIRECTION('',(0.,0.,-1.));
#2309 = DIRECTION('',(1.454184252254E-06,-0.999999999999,0.));
#2310 = ORIENTED_EDGE('',*,*,#2311,.F.);
#2311 = EDGE_CURVE('',#2312,#2303,#2314,.T.);
#2312 = VERTEX_POINT('',#2313);
#2313 = CARTESIAN_POINT('',(58.999897,-56.499903,0.));
#2314 = LINE('',#2315,#2316);
#2315 = CARTESIAN_POINT('',(58.999897,-56.499903,0.));
#2316 = VECTOR('',#2317,1.);
#2317 = DIRECTION('',(-1.,-1.558441396282E-07,0.));
#2318 = ORIENTED_EDGE('',*,*,#2319,.F.);
#2319 = EDGE_CURVE('',#2262,#2312,#2320,.T.);
#2320 = CIRCLE('',#2321,0.999987303378);
#2321 = AXIS2_PLACEMENT_3D('',#2322,#2323,#2324);
#2322 = CARTESIAN_POINT('',(58.999905696702,-55.49991569666,0.));
#2323 = DIRECTION('',(0.,0.,-1.));
#2324 = DIRECTION('',(0.999999999919,1.269682078821E-05,0.));
#2325 = ORIENTED_EDGE('',*,*,#2269,.F.);
#2326 = FACE_BOUND('',#2327,.F.);
#2327 = EDGE_LOOP('',(#2328,#2339,#2347,#2356));
#2328 = ORIENTED_EDGE('',*,*,#2329,.T.);
#2329 = EDGE_CURVE('',#2330,#2332,#2334,.T.);
#2330 = VERTEX_POINT('',#2331);
#2331 = CARTESIAN_POINT('',(27.049893,-55.24491,0.));
#2332 = VERTEX_POINT('',#2333);
#2333 = CARTESIAN_POINT('',(27.049893,-54.44491,0.));
#2334 = CIRCLE('',#2335,0.4);
#2335 = AXIS2_PLACEMENT_3D('',#2336,#2337,#2338);
#2336 = CARTESIAN_POINT('',(27.049893,-54.84491,0.));
#2337 = DIRECTION('',(-0.,0.,-1.));
#2338 = DIRECTION('',(-8.881784197001E-15,1.,0.));
#2339 = ORIENTED_EDGE('',*,*,#2340,.T.);
#2340 = EDGE_CURVE('',#2332,#2341,#2343,.T.);
#2341 = VERTEX_POINT('',#2342);
#2342 = CARTESIAN_POINT('',(27.949893,-54.44491,0.));
#2343 = LINE('',#2344,#2345);
#2344 = CARTESIAN_POINT('',(13.9749465,-54.44491,0.));
#2345 = VECTOR('',#2346,1.);
#2346 = DIRECTION('',(1.,0.,-0.));
#2347 = ORIENTED_EDGE('',*,*,#2348,.T.);
#2348 = EDGE_CURVE('',#2341,#2349,#2351,.T.);
#2349 = VERTEX_POINT('',#2350);
#2350 = CARTESIAN_POINT('',(27.949893,-55.24491,0.));
#2351 = CIRCLE('',#2352,0.4);
#2352 = AXIS2_PLACEMENT_3D('',#2353,#2354,#2355);
#2353 = CARTESIAN_POINT('',(27.949893,-54.84491,0.));
#2354 = DIRECTION('',(-0.,0.,-1.));
#2355 = DIRECTION('',(8.881784197001E-15,-1.,-0.));
#2356 = ORIENTED_EDGE('',*,*,#2357,.T.);
#2357 = EDGE_CURVE('',#2349,#2330,#2358,.T.);
#2358 = LINE('',#2359,#2360);
#2359 = CARTESIAN_POINT('',(13.5249465,-55.24491,0.));
#2360 = VECTOR('',#2361,1.);
#2361 = DIRECTION('',(-1.,0.,0.));
#2362 = FACE_BOUND('',#2363,.F.);
#2363 = EDGE_LOOP('',(#2364));
#2364 = ORIENTED_EDGE('',*,*,#2365,.F.);
#2365 = EDGE_CURVE('',#2366,#2366,#2368,.T.);
#2366 = VERTEX_POINT('',#2367);
#2367 = CARTESIAN_POINT('',(28.349893,-52.94491,0.));
#2368 = CIRCLE('',#2369,0.85);
#2369 = AXIS2_PLACEMENT_3D('',#2370,#2371,#2372);
#2370 = CARTESIAN_POINT('',(27.499893,-52.94491,0.));
#2371 = DIRECTION('',(0.,0.,1.));
#2372 = DIRECTION('',(1.,0.,-0.));
#2373 = FACE_BOUND('',#2374,.F.);
#2374 = EDGE_LOOP('',(#2375,#2386,#2394,#2403));
#2375 = ORIENTED_EDGE('',*,*,#2376,.T.);
#2376 = EDGE_CURVE('',#2377,#2379,#2381,.T.);
#2377 = VERTEX_POINT('',#2378);
#2378 = CARTESIAN_POINT('',(25.349893,-50.19491,0.));
#2379 = VERTEX_POINT('',#2380);
#2380 = CARTESIAN_POINT('',(26.149893,-50.19491,0.));
#2381 = CIRCLE('',#2382,0.4);
#2382 = AXIS2_PLACEMENT_3D('',#2383,#2384,#2385);
#2383 = CARTESIAN_POINT('',(25.749893,-50.19491,0.));
#2384 = DIRECTION('',(0.,-0.,-1.));
#2385 = DIRECTION('',(1.,1.7763568394E-14,-0.));
#2386 = ORIENTED_EDGE('',*,*,#2387,.T.);
#2387 = EDGE_CURVE('',#2379,#2388,#2390,.T.);
#2388 = VERTEX_POINT('',#2389);
#2389 = CARTESIAN_POINT('',(26.149893,-51.09491,0.));
#2390 = LINE('',#2391,#2392);
#2391 = CARTESIAN_POINT('',(26.149893,-25.547455,0.));
#2392 = VECTOR('',#2393,1.);
#2393 = DIRECTION('',(0.,-1.,0.));
#2394 = ORIENTED_EDGE('',*,*,#2395,.T.);
#2395 = EDGE_CURVE('',#2388,#2396,#2398,.T.);
#2396 = VERTEX_POINT('',#2397);
#2397 = CARTESIAN_POINT('',(25.349893,-51.09491,0.));
#2398 = CIRCLE('',#2399,0.4);
#2399 = AXIS2_PLACEMENT_3D('',#2400,#2401,#2402);
#2400 = CARTESIAN_POINT('',(25.749893,-51.09491,0.));
#2401 = DIRECTION('',(-0.,0.,-1.));
#2402 = DIRECTION('',(-1.,0.,0.));
#2403 = ORIENTED_EDGE('',*,*,#2404,.T.);
#2404 = EDGE_CURVE('',#2396,#2377,#2405,.T.);
#2405 = LINE('',#2406,#2407);
#2406 = CARTESIAN_POINT('',(25.349893,-25.097455,0.));
#2407 = VECTOR('',#2408,1.);
#2408 = DIRECTION('',(-0.,1.,0.));
#2409 = FACE_BOUND('',#2410,.F.);
#2410 = EDGE_LOOP('',(#2411,#2422,#2430,#2439));
#2411 = ORIENTED_EDGE('',*,*,#2412,.T.);
#2412 = EDGE_CURVE('',#2413,#2415,#2417,.T.);
#2413 = VERTEX_POINT('',#2414);
#2414 = CARTESIAN_POINT('',(28.849893,-50.19491,0.));
#2415 = VERTEX_POINT('',#2416);
#2416 = CARTESIAN_POINT('',(29.649893,-50.19491,0.));
#2417 = CIRCLE('',#2418,0.4);
#2418 = AXIS2_PLACEMENT_3D('',#2419,#2420,#2421);
#2419 = CARTESIAN_POINT('',(29.249893,-50.19491,0.));
#2420 = DIRECTION('',(0.,-0.,-1.));
#2421 = DIRECTION('',(1.,1.7763568394E-14,-0.));
#2422 = ORIENTED_EDGE('',*,*,#2423,.T.);
#2423 = EDGE_CURVE('',#2415,#2424,#2426,.T.);
#2424 = VERTEX_POINT('',#2425);
#2425 = CARTESIAN_POINT('',(29.649893,-51.09491,0.));
#2426 = LINE('',#2427,#2428);
#2427 = CARTESIAN_POINT('',(29.649893,-25.547455,0.));
#2428 = VECTOR('',#2429,1.);
#2429 = DIRECTION('',(0.,-1.,0.));
#2430 = ORIENTED_EDGE('',*,*,#2431,.T.);
#2431 = EDGE_CURVE('',#2424,#2432,#2434,.T.);
#2432 = VERTEX_POINT('',#2433);
#2433 = CARTESIAN_POINT('',(28.849893,-51.09491,0.));
#2434 = CIRCLE('',#2435,0.4);
#2435 = AXIS2_PLACEMENT_3D('',#2436,#2437,#2438);
#2436 = CARTESIAN_POINT('',(29.249893,-51.09491,0.));
#2437 = DIRECTION('',(-0.,0.,-1.));
#2438 = DIRECTION('',(-1.,0.,0.));
#2439 = ORIENTED_EDGE('',*,*,#2440,.T.);
#2440 = EDGE_CURVE('',#2432,#2413,#2441,.T.);
#2441 = LINE('',#2442,#2443);
#2442 = CARTESIAN_POINT('',(28.849893,-25.097455,0.));
#2443 = VECTOR('',#2444,1.);
#2444 = DIRECTION('',(-0.,1.,0.));
#2445 = FACE_BOUND('',#2446,.F.);
#2446 = EDGE_LOOP('',(#2447,#2458,#2466,#2475));
#2447 = ORIENTED_EDGE('',*,*,#2448,.T.);
#2448 = EDGE_CURVE('',#2449,#2451,#2453,.T.);
#2449 = VERTEX_POINT('',#2450);
#2450 = CARTESIAN_POINT('',(27.049893,-48.74491,0.));
#2451 = VERTEX_POINT('',#2452);
#2452 = CARTESIAN_POINT('',(27.049893,-47.94491,0.));
#2453 = CIRCLE('',#2454,0.4);
#2454 = AXIS2_PLACEMENT_3D('',#2455,#2456,#2457);
#2455 = CARTESIAN_POINT('',(27.049893,-48.34491,0.));
#2456 = DIRECTION('',(-0.,0.,-1.));
#2457 = DIRECTION('',(-8.881784197001E-15,1.,0.));
#2458 = ORIENTED_EDGE('',*,*,#2459,.T.);
#2459 = EDGE_CURVE('',#2451,#2460,#2462,.T.);
#2460 = VERTEX_POINT('',#2461);
#2461 = CARTESIAN_POINT('',(27.949893,-47.94491,0.));
#2462 = LINE('',#2463,#2464);
#2463 = CARTESIAN_POINT('',(13.9749465,-47.94491,0.));
#2464 = VECTOR('',#2465,1.);
#2465 = DIRECTION('',(1.,0.,-0.));
#2466 = ORIENTED_EDGE('',*,*,#2467,.T.);
#2467 = EDGE_CURVE('',#2460,#2468,#2470,.T.);
#2468 = VERTEX_POINT('',#2469);
#2469 = CARTESIAN_POINT('',(27.949893,-48.74491,0.));
#2470 = CIRCLE('',#2471,0.4);
#2471 = AXIS2_PLACEMENT_3D('',#2472,#2473,#2474);
#2472 = CARTESIAN_POINT('',(27.949893,-48.34491,0.));
#2473 = DIRECTION('',(-0.,0.,-1.));
#2474 = DIRECTION('',(8.881784197001E-15,-1.,-0.));
#2475 = ORIENTED_EDGE('',*,*,#2476,.T.);
#2476 = EDGE_CURVE('',#2468,#2449,#2477,.T.);
#2477 = LINE('',#2478,#2479);
#2478 = CARTESIAN_POINT('',(13.5249465,-48.74491,0.));
#2479 = VECTOR('',#2480,1.);
#2480 = DIRECTION('',(-1.,0.,0.));
#2481 = FACE_BOUND('',#2482,.F.);
#2482 = EDGE_LOOP('',(#2483,#2494,#2502,#2511));
#2483 = ORIENTED_EDGE('',*,*,#2484,.T.);
#2484 = EDGE_CURVE('',#2485,#2487,#2489,.T.);
#2485 = VERTEX_POINT('',#2486);
#2486 = CARTESIAN_POINT('',(35.549893,-55.244909,0.));
#2487 = VERTEX_POINT('',#2488);
#2488 = CARTESIAN_POINT('',(35.549893,-54.444909,0.));
#2489 = CIRCLE('',#2490,0.4);
#2490 = AXIS2_PLACEMENT_3D('',#2491,#2492,#2493);
#2491 = CARTESIAN_POINT('',(35.549893,-54.844909,0.));
#2492 = DIRECTION('',(-0.,0.,-1.));
#2493 = DIRECTION('',(0.,1.,0.));
#2494 = ORIENTED_EDGE('',*,*,#2495,.T.);
#2495 = EDGE_CURVE('',#2487,#2496,#2498,.T.);
#2496 = VERTEX_POINT('',#2497);
#2497 = CARTESIAN_POINT('',(36.449893,-54.444909,0.));
#2498 = LINE('',#2499,#2500);
#2499 = CARTESIAN_POINT('',(18.2249465,-54.444909,0.));
#2500 = VECTOR('',#2501,1.);
#2501 = DIRECTION('',(1.,0.,-0.));
#2502 = ORIENTED_EDGE('',*,*,#2503,.T.);
#2503 = EDGE_CURVE('',#2496,#2504,#2506,.T.);
#2504 = VERTEX_POINT('',#2505);
#2505 = CARTESIAN_POINT('',(36.449893,-55.244909,0.));
#2506 = CIRCLE('',#2507,0.4);
#2507 = AXIS2_PLACEMENT_3D('',#2508,#2509,#2510);
#2508 = CARTESIAN_POINT('',(36.449893,-54.844909,0.));
#2509 = DIRECTION('',(-0.,0.,-1.));
#2510 = DIRECTION('',(-0.,-1.,0.));
#2511 = ORIENTED_EDGE('',*,*,#2512,.T.);
#2512 = EDGE_CURVE('',#2504,#2485,#2513,.T.);
#2513 = LINE('',#2514,#2515);
#2514 = CARTESIAN_POINT('',(17.7749465,-55.244909,0.));
#2515 = VECTOR('',#2516,1.);
#2516 = DIRECTION('',(-1.,0.,0.));
#2517 = FACE_BOUND('',#2518,.F.);
#2518 = EDGE_LOOP('',(#2519));
#2519 = ORIENTED_EDGE('',*,*,#2520,.F.);
#2520 = EDGE_CURVE('',#2521,#2521,#2523,.T.);
#2521 = VERTEX_POINT('',#2522);
#2522 = CARTESIAN_POINT('',(36.849893,-52.944909,0.));
#2523 = CIRCLE('',#2524,0.85);
#2524 = AXIS2_PLACEMENT_3D('',#2525,#2526,#2527);
#2525 = CARTESIAN_POINT('',(35.999893,-52.944909,0.));
#2526 = DIRECTION('',(0.,0.,1.));
#2527 = DIRECTION('',(1.,0.,-0.));
#2528 = FACE_BOUND('',#2529,.F.);
#2529 = EDGE_LOOP('',(#2530,#2541,#2549,#2558));
#2530 = ORIENTED_EDGE('',*,*,#2531,.T.);
#2531 = EDGE_CURVE('',#2532,#2534,#2536,.T.);
#2532 = VERTEX_POINT('',#2533);
#2533 = CARTESIAN_POINT('',(33.849893,-50.194909,0.));
#2534 = VERTEX_POINT('',#2535);
#2535 = CARTESIAN_POINT('',(34.649893,-50.194909,0.));
#2536 = CIRCLE('',#2537,0.4);
#2537 = AXIS2_PLACEMENT_3D('',#2538,#2539,#2540);
#2538 = CARTESIAN_POINT('',(34.249893,-50.194909,0.));
#2539 = DIRECTION('',(0.,-0.,-1.));
#2540 = DIRECTION('',(1.,-1.7763568394E-14,0.));
#2541 = ORIENTED_EDGE('',*,*,#2542,.T.);
#2542 = EDGE_CURVE('',#2534,#2543,#2545,.T.);
#2543 = VERTEX_POINT('',#2544);
#2544 = CARTESIAN_POINT('',(34.649893,-51.094909,0.));
#2545 = LINE('',#2546,#2547);
#2546 = CARTESIAN_POINT('',(34.649893,-25.5474545,0.));
#2547 = VECTOR('',#2548,1.);
#2548 = DIRECTION('',(0.,-1.,0.));
#2549 = ORIENTED_EDGE('',*,*,#2550,.T.);
#2550 = EDGE_CURVE('',#2543,#2551,#2553,.T.);
#2551 = VERTEX_POINT('',#2552);
#2552 = CARTESIAN_POINT('',(33.849893,-51.094909,0.));
#2553 = CIRCLE('',#2554,0.4);
#2554 = AXIS2_PLACEMENT_3D('',#2555,#2556,#2557);
#2555 = CARTESIAN_POINT('',(34.249893,-51.094909,0.));
#2556 = DIRECTION('',(-0.,0.,-1.));
#2557 = DIRECTION('',(-1.,0.,0.));
#2558 = ORIENTED_EDGE('',*,*,#2559,.T.);
#2559 = EDGE_CURVE('',#2551,#2532,#2560,.T.);
#2560 = LINE('',#2561,#2562);
#2561 = CARTESIAN_POINT('',(33.849893,-25.0974545,0.));
#2562 = VECTOR('',#2563,1.);
#2563 = DIRECTION('',(-0.,1.,0.));
#2564 = FACE_BOUND('',#2565,.F.);
#2565 = EDGE_LOOP('',(#2566,#2577,#2585,#2594));
#2566 = ORIENTED_EDGE('',*,*,#2567,.T.);
#2567 = EDGE_CURVE('',#2568,#2570,#2572,.T.);
#2568 = VERTEX_POINT('',#2569);
#2569 = CARTESIAN_POINT('',(37.349893,-50.194909,0.));
#2570 = VERTEX_POINT('',#2571);
#2571 = CARTESIAN_POINT('',(38.149893,-50.194909,0.));
#2572 = CIRCLE('',#2573,0.4);
#2573 = AXIS2_PLACEMENT_3D('',#2574,#2575,#2576);
#2574 = CARTESIAN_POINT('',(37.749893,-50.194909,0.));
#2575 = DIRECTION('',(0.,-0.,-1.));
#2576 = DIRECTION('',(1.,-1.7763568394E-14,0.));
#2577 = ORIENTED_EDGE('',*,*,#2578,.T.);
#2578 = EDGE_CURVE('',#2570,#2579,#2581,.T.);
#2579 = VERTEX_POINT('',#2580);
#2580 = CARTESIAN_POINT('',(38.149893,-51.094909,0.));
#2581 = LINE('',#2582,#2583);
#2582 = CARTESIAN_POINT('',(38.149893,-25.5474545,0.));
#2583 = VECTOR('',#2584,1.);
#2584 = DIRECTION('',(0.,-1.,0.));
#2585 = ORIENTED_EDGE('',*,*,#2586,.T.);
#2586 = EDGE_CURVE('',#2579,#2587,#2589,.T.);
#2587 = VERTEX_POINT('',#2588);
#2588 = CARTESIAN_POINT('',(37.349893,-51.094909,0.));
#2589 = CIRCLE('',#2590,0.4);
#2590 = AXIS2_PLACEMENT_3D('',#2591,#2592,#2593);
#2591 = CARTESIAN_POINT('',(37.749893,-51.094909,0.));
#2592 = DIRECTION('',(-0.,0.,-1.));
#2593 = DIRECTION('',(-1.,0.,0.));
#2594 = ORIENTED_EDGE('',*,*,#2595,.T.);
#2595 = EDGE_CURVE('',#2587,#2568,#2596,.T.);
#2596 = LINE('',#2597,#2598);
#2597 = CARTESIAN_POINT('',(37.349893,-25.0974545,0.));
#2598 = VECTOR('',#2599,1.);
#2599 = DIRECTION('',(-0.,1.,0.));
#2600 = FACE_BOUND('',#2601,.F.);
#2601 = EDGE_LOOP('',(#2602,#2613,#2621,#2630));
#2602 = ORIENTED_EDGE('',*,*,#2603,.T.);
#2603 = EDGE_CURVE('',#2604,#2606,#2608,.T.);
#2604 = VERTEX_POINT('',#2605);
#2605 = CARTESIAN_POINT('',(35.549893,-48.744909,0.));
#2606 = VERTEX_POINT('',#2607);
#2607 = CARTESIAN_POINT('',(35.549893,-47.944909,0.));
#2608 = CIRCLE('',#2609,0.4);
#2609 = AXIS2_PLACEMENT_3D('',#2610,#2611,#2612);
#2610 = CARTESIAN_POINT('',(35.549893,-48.344909,0.));
#2611 = DIRECTION('',(-0.,0.,-1.));
#2612 = DIRECTION('',(0.,1.,0.));
#2613 = ORIENTED_EDGE('',*,*,#2614,.T.);
#2614 = EDGE_CURVE('',#2606,#2615,#2617,.T.);
#2615 = VERTEX_POINT('',#2616);
#2616 = CARTESIAN_POINT('',(36.449893,-47.944909,0.));
#2617 = LINE('',#2618,#2619);
#2618 = CARTESIAN_POINT('',(18.2249465,-47.944909,0.));
#2619 = VECTOR('',#2620,1.);
#2620 = DIRECTION('',(1.,0.,-0.));
#2621 = ORIENTED_EDGE('',*,*,#2622,.T.);
#2622 = EDGE_CURVE('',#2615,#2623,#2625,.T.);
#2623 = VERTEX_POINT('',#2624);
#2624 = CARTESIAN_POINT('',(36.449893,-48.744909,0.));
#2625 = CIRCLE('',#2626,0.4);
#2626 = AXIS2_PLACEMENT_3D('',#2627,#2628,#2629);
#2627 = CARTESIAN_POINT('',(36.449893,-48.344909,0.));
#2628 = DIRECTION('',(-0.,0.,-1.));
#2629 = DIRECTION('',(-0.,-1.,0.));
#2630 = ORIENTED_EDGE('',*,*,#2631,.T.);
#2631 = EDGE_CURVE('',#2623,#2604,#2632,.T.);
#2632 = LINE('',#2633,#2634);
#2633 = CARTESIAN_POINT('',(17.7749465,-48.744909,0.));
#2634 = VECTOR('',#2635,1.);
#2635 = DIRECTION('',(-1.,0.,0.));
#2636 = FACE_BOUND('',#2637,.F.);
#2637 = EDGE_LOOP('',(#2638));
#2638 = ORIENTED_EDGE('',*,*,#2639,.F.);
#2639 = EDGE_CURVE('',#2640,#2640,#2642,.T.);
#2640 = VERTEX_POINT('',#2641);
#2641 = CARTESIAN_POINT('',(23.499893,-43.99991,0.));
#2642 = CIRCLE('',#2643,1.);
#2643 = AXIS2_PLACEMENT_3D('',#2644,#2645,#2646);
#2644 = CARTESIAN_POINT('',(22.499893,-43.99991,0.));
#2645 = DIRECTION('',(0.,0.,1.));
#2646 = DIRECTION('',(1.,0.,-0.));
#2647 = FACE_BOUND('',#2648,.F.);
#2648 = EDGE_LOOP('',(#2649));
#2649 = ORIENTED_EDGE('',*,*,#2650,.T.);
#2650 = EDGE_CURVE('',#2651,#2651,#2653,.T.);
#2651 = VERTEX_POINT('',#2652);
#2652 = CARTESIAN_POINT('',(32.374893,-45.59991,0.));
#2653 = CIRCLE('',#2654,0.6);
#2654 = AXIS2_PLACEMENT_3D('',#2655,#2656,#2657);
#2655 = CARTESIAN_POINT('',(32.374893,-44.99991,0.));
#2656 = DIRECTION('',(-0.,0.,-1.));
#2657 = DIRECTION('',(-0.,-1.,0.));
#2658 = FACE_BOUND('',#2659,.F.);
#2659 = EDGE_LOOP('',(#2660));
#2660 = ORIENTED_EDGE('',*,*,#2661,.T.);
#2661 = EDGE_CURVE('',#2662,#2662,#2664,.T.);
#2662 = VERTEX_POINT('',#2663);
#2663 = CARTESIAN_POINT('',(37.374893,-45.59991,0.));
#2664 = CIRCLE('',#2665,0.6);
#2665 = AXIS2_PLACEMENT_3D('',#2666,#2667,#2668);
#2666 = CARTESIAN_POINT('',(37.374893,-44.99991,0.));
#2667 = DIRECTION('',(-0.,0.,-1.));
#2668 = DIRECTION('',(-0.,-1.,0.));
#2669 = FACE_BOUND('',#2670,.F.);
#2670 = EDGE_LOOP('',(#2671));
#2671 = ORIENTED_EDGE('',*,*,#2672,.T.);
#2672 = EDGE_CURVE('',#2673,#2673,#2675,.T.);
#2673 = VERTEX_POINT('',#2674);
#2674 = CARTESIAN_POINT('',(32.374893,-42.34991,0.));
#2675 = CIRCLE('',#2676,0.6);
#2676 = AXIS2_PLACEMENT_3D('',#2677,#2678,#2679);
#2677 = CARTESIAN_POINT('',(32.374893,-41.74991,0.));
#2678 = DIRECTION('',(-0.,0.,-1.));
#2679 = DIRECTION('',(-0.,-1.,0.));
#2680 = FACE_BOUND('',#2681,.F.);
#2681 = EDGE_LOOP('',(#2682));
#2682 = ORIENTED_EDGE('',*,*,#2683,.T.);
#2683 = EDGE_CURVE('',#2684,#2684,#2686,.T.);
#2684 = VERTEX_POINT('',#2685);
#2685 = CARTESIAN_POINT('',(37.374893,-42.34991,0.));
#2686 = CIRCLE('',#2687,0.6);
#2687 = AXIS2_PLACEMENT_3D('',#2688,#2689,#2690);
#2688 = CARTESIAN_POINT('',(37.374893,-41.74991,0.));
#2689 = DIRECTION('',(-0.,0.,-1.));
#2690 = DIRECTION('',(-0.,-1.,0.));
#2691 = FACE_BOUND('',#2692,.F.);
#2692 = EDGE_LOOP('',(#2693,#2704,#2712,#2721));
#2693 = ORIENTED_EDGE('',*,*,#2694,.T.);
#2694 = EDGE_CURVE('',#2695,#2697,#2699,.T.);
#2695 = VERTEX_POINT('',#2696);
#2696 = CARTESIAN_POINT('',(43.549893,-55.244909,0.));
#2697 = VERTEX_POINT('',#2698);
#2698 = CARTESIAN_POINT('',(43.549893,-54.444909,0.));
#2699 = CIRCLE('',#2700,0.4);
#2700 = AXIS2_PLACEMENT_3D('',#2701,#2702,#2703);
#2701 = CARTESIAN_POINT('',(43.549893,-54.844909,0.));
#2702 = DIRECTION('',(-0.,0.,-1.));
#2703 = DIRECTION('',(0.,1.,0.));
#2704 = ORIENTED_EDGE('',*,*,#2705,.T.);
#2705 = EDGE_CURVE('',#2697,#2706,#2708,.T.);
#2706 = VERTEX_POINT('',#2707);
#2707 = CARTESIAN_POINT('',(44.449893,-54.444909,0.));
#2708 = LINE('',#2709,#2710);
#2709 = CARTESIAN_POINT('',(22.2249465,-54.444909,0.));
#2710 = VECTOR('',#2711,1.);
#2711 = DIRECTION('',(1.,0.,-0.));
#2712 = ORIENTED_EDGE('',*,*,#2713,.T.);
#2713 = EDGE_CURVE('',#2706,#2714,#2716,.T.);
#2714 = VERTEX_POINT('',#2715);
#2715 = CARTESIAN_POINT('',(44.449893,-55.244909,0.));
#2716 = CIRCLE('',#2717,0.4);
#2717 = AXIS2_PLACEMENT_3D('',#2718,#2719,#2720);
#2718 = CARTESIAN_POINT('',(44.449893,-54.844909,0.));
#2719 = DIRECTION('',(-0.,0.,-1.));
#2720 = DIRECTION('',(-0.,-1.,0.));
#2721 = ORIENTED_EDGE('',*,*,#2722,.T.);
#2722 = EDGE_CURVE('',#2714,#2695,#2723,.T.);
#2723 = LINE('',#2724,#2725);
#2724 = CARTESIAN_POINT('',(21.7749465,-55.244909,0.));
#2725 = VECTOR('',#2726,1.);
#2726 = DIRECTION('',(-1.,0.,0.));
#2727 = FACE_BOUND('',#2728,.F.);
#2728 = EDGE_LOOP('',(#2729));
#2729 = ORIENTED_EDGE('',*,*,#2730,.F.);
#2730 = EDGE_CURVE('',#2731,#2731,#2733,.T.);
#2731 = VERTEX_POINT('',#2732);
#2732 = CARTESIAN_POINT('',(44.849893,-52.944909,0.));
#2733 = CIRCLE('',#2734,0.85);
#2734 = AXIS2_PLACEMENT_3D('',#2735,#2736,#2737);
#2735 = CARTESIAN_POINT('',(43.999893,-52.944909,0.));
#2736 = DIRECTION('',(0.,0.,1.));
#2737 = DIRECTION('',(1.,0.,-0.));
#2738 = FACE_BOUND('',#2739,.F.);
#2739 = EDGE_LOOP('',(#2740,#2751,#2759,#2768));
#2740 = ORIENTED_EDGE('',*,*,#2741,.T.);
#2741 = EDGE_CURVE('',#2742,#2744,#2746,.T.);
#2742 = VERTEX_POINT('',#2743);
#2743 = CARTESIAN_POINT('',(41.849893,-50.194909,0.));
#2744 = VERTEX_POINT('',#2745);
#2745 = CARTESIAN_POINT('',(42.649893,-50.194909,0.));
#2746 = CIRCLE('',#2747,0.4);
#2747 = AXIS2_PLACEMENT_3D('',#2748,#2749,#2750);
#2748 = CARTESIAN_POINT('',(42.249893,-50.194909,0.));
#2749 = DIRECTION('',(0.,-0.,-1.));
#2750 = DIRECTION('',(1.,-1.7763568394E-14,0.));
#2751 = ORIENTED_EDGE('',*,*,#2752,.T.);
#2752 = EDGE_CURVE('',#2744,#2753,#2755,.T.);
#2753 = VERTEX_POINT('',#2754);
#2754 = CARTESIAN_POINT('',(42.649893,-51.094909,0.));
#2755 = LINE('',#2756,#2757);
#2756 = CARTESIAN_POINT('',(42.649893,-25.5474545,0.));
#2757 = VECTOR('',#2758,1.);
#2758 = DIRECTION('',(0.,-1.,0.));
#2759 = ORIENTED_EDGE('',*,*,#2760,.T.);
#2760 = EDGE_CURVE('',#2753,#2761,#2763,.T.);
#2761 = VERTEX_POINT('',#2762);
#2762 = CARTESIAN_POINT('',(41.849893,-51.094909,0.));
#2763 = CIRCLE('',#2764,0.4);
#2764 = AXIS2_PLACEMENT_3D('',#2765,#2766,#2767);
#2765 = CARTESIAN_POINT('',(42.249893,-51.094909,0.));
#2766 = DIRECTION('',(-0.,0.,-1.));
#2767 = DIRECTION('',(-1.,0.,0.));
#2768 = ORIENTED_EDGE('',*,*,#2769,.T.);
#2769 = EDGE_CURVE('',#2761,#2742,#2770,.T.);
#2770 = LINE('',#2771,#2772);
#2771 = CARTESIAN_POINT('',(41.849893,-25.0974545,0.));
#2772 = VECTOR('',#2773,1.);
#2773 = DIRECTION('',(-0.,1.,0.));
#2774 = FACE_BOUND('',#2775,.F.);
#2775 = EDGE_LOOP('',(#2776,#2787,#2795,#2804));
#2776 = ORIENTED_EDGE('',*,*,#2777,.T.);
#2777 = EDGE_CURVE('',#2778,#2780,#2782,.T.);
#2778 = VERTEX_POINT('',#2779);
#2779 = CARTESIAN_POINT('',(43.549893,-48.744909,0.));
#2780 = VERTEX_POINT('',#2781);
#2781 = CARTESIAN_POINT('',(43.549893,-47.944909,0.));
#2782 = CIRCLE('',#2783,0.4);
#2783 = AXIS2_PLACEMENT_3D('',#2784,#2785,#2786);
#2784 = CARTESIAN_POINT('',(43.549893,-48.344909,0.));
#2785 = DIRECTION('',(-0.,0.,-1.));
#2786 = DIRECTION('',(0.,1.,0.));
#2787 = ORIENTED_EDGE('',*,*,#2788,.T.);
#2788 = EDGE_CURVE('',#2780,#2789,#2791,.T.);
#2789 = VERTEX_POINT('',#2790);
#2790 = CARTESIAN_POINT('',(44.449893,-47.944909,0.));
#2791 = LINE('',#2792,#2793);
#2792 = CARTESIAN_POINT('',(22.2249465,-47.944909,0.));
#2793 = VECTOR('',#2794,1.);
#2794 = DIRECTION('',(1.,0.,-0.));
#2795 = ORIENTED_EDGE('',*,*,#2796,.T.);
#2796 = EDGE_CURVE('',#2789,#2797,#2799,.T.);
#2797 = VERTEX_POINT('',#2798);
#2798 = CARTESIAN_POINT('',(44.449893,-48.744909,0.));
#2799 = CIRCLE('',#2800,0.4);
#2800 = AXIS2_PLACEMENT_3D('',#2801,#2802,#2803);
#2801 = CARTESIAN_POINT('',(44.449893,-48.344909,0.));
#2802 = DIRECTION('',(-0.,0.,-1.));
#2803 = DIRECTION('',(-0.,-1.,0.));
#2804 = ORIENTED_EDGE('',*,*,#2805,.T.);
#2805 = EDGE_CURVE('',#2797,#2778,#2806,.T.);
#2806 = LINE('',#2807,#2808);
#2807 = CARTESIAN_POINT('',(21.7749465,-48.744909,0.));
#2808 = VECTOR('',#2809,1.);
#2809 = DIRECTION('',(-1.,0.,0.));
#2810 = FACE_BOUND('',#2811,.F.);
#2811 = EDGE_LOOP('',(#2812,#2823,#2831,#2840));
#2812 = ORIENTED_EDGE('',*,*,#2813,.T.);
#2813 = EDGE_CURVE('',#2814,#2816,#2818,.T.);
#2814 = VERTEX_POINT('',#2815);
#2815 = CARTESIAN_POINT('',(45.349893,-50.194909,0.));
#2816 = VERTEX_POINT('',#2817);
#2817 = CARTESIAN_POINT('',(46.149893,-50.194909,0.));
#2818 = CIRCLE('',#2819,0.4);
#2819 = AXIS2_PLACEMENT_3D('',#2820,#2821,#2822);
#2820 = CARTESIAN_POINT('',(45.749893,-50.194909,0.));
#2821 = DIRECTION('',(0.,-0.,-1.));
#2822 = DIRECTION('',(1.,-1.7763568394E-14,0.));
#2823 = ORIENTED_EDGE('',*,*,#2824,.T.);
#2824 = EDGE_CURVE('',#2816,#2825,#2827,.T.);
#2825 = VERTEX_POINT('',#2826);
#2826 = CARTESIAN_POINT('',(46.149893,-51.094909,0.));
#2827 = LINE('',#2828,#2829);
#2828 = CARTESIAN_POINT('',(46.149893,-25.5474545,0.));
#2829 = VECTOR('',#2830,1.);
#2830 = DIRECTION('',(0.,-1.,0.));
#2831 = ORIENTED_EDGE('',*,*,#2832,.T.);
#2832 = EDGE_CURVE('',#2825,#2833,#2835,.T.);
#2833 = VERTEX_POINT('',#2834);
#2834 = CARTESIAN_POINT('',(45.349893,-51.094909,0.));
#2835 = CIRCLE('',#2836,0.4);
#2836 = AXIS2_PLACEMENT_3D('',#2837,#2838,#2839);
#2837 = CARTESIAN_POINT('',(45.749893,-51.094909,0.));
#2838 = DIRECTION('',(-0.,0.,-1.));
#2839 = DIRECTION('',(-1.,0.,0.));
#2840 = ORIENTED_EDGE('',*,*,#2841,.T.);
#2841 = EDGE_CURVE('',#2833,#2814,#2842,.T.);
#2842 = LINE('',#2843,#2844);
#2843 = CARTESIAN_POINT('',(45.349893,-25.0974545,0.));
#2844 = VECTOR('',#2845,1.);
#2845 = DIRECTION('',(-0.,1.,0.));
#2846 = FACE_BOUND('',#2847,.F.);
#2847 = EDGE_LOOP('',(#2848,#2859,#2867,#2876));
#2848 = ORIENTED_EDGE('',*,*,#2849,.T.);
#2849 = EDGE_CURVE('',#2850,#2852,#2854,.T.);
#2850 = VERTEX_POINT('',#2851);
#2851 = CARTESIAN_POINT('',(51.549893,-55.244909,0.));
#2852 = VERTEX_POINT('',#2853);
#2853 = CARTESIAN_POINT('',(51.549893,-54.444909,0.));
#2854 = CIRCLE('',#2855,0.4);
#2855 = AXIS2_PLACEMENT_3D('',#2856,#2857,#2858);
#2856 = CARTESIAN_POINT('',(51.549893,-54.844909,0.));
#2857 = DIRECTION('',(-0.,0.,-1.));
#2858 = DIRECTION('',(0.,1.,0.));
#2859 = ORIENTED_EDGE('',*,*,#2860,.T.);
#2860 = EDGE_CURVE('',#2852,#2861,#2863,.T.);
#2861 = VERTEX_POINT('',#2862);
#2862 = CARTESIAN_POINT('',(52.449893,-54.444909,0.));
#2863 = LINE('',#2864,#2865);
#2864 = CARTESIAN_POINT('',(26.2249465,-54.444909,0.));
#2865 = VECTOR('',#2866,1.);
#2866 = DIRECTION('',(1.,0.,-0.));
#2867 = ORIENTED_EDGE('',*,*,#2868,.T.);
#2868 = EDGE_CURVE('',#2861,#2869,#2871,.T.);
#2869 = VERTEX_POINT('',#2870);
#2870 = CARTESIAN_POINT('',(52.449893,-55.244909,0.));
#2871 = CIRCLE('',#2872,0.4);
#2872 = AXIS2_PLACEMENT_3D('',#2873,#2874,#2875);
#2873 = CARTESIAN_POINT('',(52.449893,-54.844909,0.));
#2874 = DIRECTION('',(-0.,0.,-1.));
#2875 = DIRECTION('',(-0.,-1.,0.));
#2876 = ORIENTED_EDGE('',*,*,#2877,.T.);
#2877 = EDGE_CURVE('',#2869,#2850,#2878,.T.);
#2878 = LINE('',#2879,#2880);
#2879 = CARTESIAN_POINT('',(25.7749465,-55.244909,0.));
#2880 = VECTOR('',#2881,1.);
#2881 = DIRECTION('',(-1.,0.,0.));
#2882 = FACE_BOUND('',#2883,.F.);
#2883 = EDGE_LOOP('',(#2884));
#2884 = ORIENTED_EDGE('',*,*,#2885,.F.);
#2885 = EDGE_CURVE('',#2886,#2886,#2888,.T.);
#2886 = VERTEX_POINT('',#2887);
#2887 = CARTESIAN_POINT('',(52.849893,-52.944909,0.));
#2888 = CIRCLE('',#2889,0.85);
#2889 = AXIS2_PLACEMENT_3D('',#2890,#2891,#2892);
#2890 = CARTESIAN_POINT('',(51.999893,-52.944909,0.));
#2891 = DIRECTION('',(0.,0.,1.));
#2892 = DIRECTION('',(1.,0.,-0.));
#2893 = FACE_BOUND('',#2894,.F.);
#2894 = EDGE_LOOP('',(#2895,#2906,#2914,#2923));
#2895 = ORIENTED_EDGE('',*,*,#2896,.T.);
#2896 = EDGE_CURVE('',#2897,#2899,#2901,.T.);
#2897 = VERTEX_POINT('',#2898);
#2898 = CARTESIAN_POINT('',(49.849893,-50.194909,0.));
#2899 = VERTEX_POINT('',#2900);
#2900 = CARTESIAN_POINT('',(50.649893,-50.194909,0.));
#2901 = CIRCLE('',#2902,0.4);
#2902 = AXIS2_PLACEMENT_3D('',#2903,#2904,#2905);
#2903 = CARTESIAN_POINT('',(50.249893,-50.194909,0.));
#2904 = DIRECTION('',(0.,-0.,-1.));
#2905 = DIRECTION('',(1.,-1.7763568394E-14,0.));
#2906 = ORIENTED_EDGE('',*,*,#2907,.T.);
#2907 = EDGE_CURVE('',#2899,#2908,#2910,.T.);
#2908 = VERTEX_POINT('',#2909);
#2909 = CARTESIAN_POINT('',(50.649893,-51.094909,0.));
#2910 = LINE('',#2911,#2912);
#2911 = CARTESIAN_POINT('',(50.649893,-25.5474545,0.));
#2912 = VECTOR('',#2913,1.);
#2913 = DIRECTION('',(0.,-1.,0.));
#2914 = ORIENTED_EDGE('',*,*,#2915,.T.);
#2915 = EDGE_CURVE('',#2908,#2916,#2918,.T.);
#2916 = VERTEX_POINT('',#2917);
#2917 = CARTESIAN_POINT('',(49.849893,-51.094909,0.));
#2918 = CIRCLE('',#2919,0.4);
#2919 = AXIS2_PLACEMENT_3D('',#2920,#2921,#2922);
#2920 = CARTESIAN_POINT('',(50.249893,-51.094909,0.));
#2921 = DIRECTION('',(-0.,0.,-1.));
#2922 = DIRECTION('',(-1.,0.,0.));
#2923 = ORIENTED_EDGE('',*,*,#2924,.T.);
#2924 = EDGE_CURVE('',#2916,#2897,#2925,.T.);
#2925 = LINE('',#2926,#2927);
#2926 = CARTESIAN_POINT('',(49.849893,-25.0974545,0.));
#2927 = VECTOR('',#2928,1.);
#2928 = DIRECTION('',(-0.,1.,0.));
#2929 = FACE_BOUND('',#2930,.F.);
#2930 = EDGE_LOOP('',(#2931,#2942,#2950,#2959));
#2931 = ORIENTED_EDGE('',*,*,#2932,.T.);
#2932 = EDGE_CURVE('',#2933,#2935,#2937,.T.);
#2933 = VERTEX_POINT('',#2934);
#2934 = CARTESIAN_POINT('',(53.349893,-50.194909,0.));
#2935 = VERTEX_POINT('',#2936);
#2936 = CARTESIAN_POINT('',(54.149893,-50.194909,0.));
#2937 = CIRCLE('',#2938,0.4);
#2938 = AXIS2_PLACEMENT_3D('',#2939,#2940,#2941);
#2939 = CARTESIAN_POINT('',(53.749893,-50.194909,0.));
#2940 = DIRECTION('',(0.,-0.,-1.));
#2941 = DIRECTION('',(1.,-1.7763568394E-14,0.));
#2942 = ORIENTED_EDGE('',*,*,#2943,.T.);
#2943 = EDGE_CURVE('',#2935,#2944,#2946,.T.);
#2944 = VERTEX_POINT('',#2945);
#2945 = CARTESIAN_POINT('',(54.149893,-51.094909,0.));
#2946 = LINE('',#2947,#2948);
#2947 = CARTESIAN_POINT('',(54.149893,-25.5474545,0.));
#2948 = VECTOR('',#2949,1.);
#2949 = DIRECTION('',(0.,-1.,0.));
#2950 = ORIENTED_EDGE('',*,*,#2951,.T.);
#2951 = EDGE_CURVE('',#2944,#2952,#2954,.T.);
#2952 = VERTEX_POINT('',#2953);
#2953 = CARTESIAN_POINT('',(53.349893,-51.094909,0.));
#2954 = CIRCLE('',#2955,0.4);
#2955 = AXIS2_PLACEMENT_3D('',#2956,#2957,#2958);
#2956 = CARTESIAN_POINT('',(53.749893,-51.094909,0.));
#2957 = DIRECTION('',(-0.,0.,-1.));
#2958 = DIRECTION('',(-1.,0.,0.));
#2959 = ORIENTED_EDGE('',*,*,#2960,.T.);
#2960 = EDGE_CURVE('',#2952,#2933,#2961,.T.);
#2961 = LINE('',#2962,#2963);
#2962 = CARTESIAN_POINT('',(53.349893,-25.0974545,0.));
#2963 = VECTOR('',#2964,1.);
#2964 = DIRECTION('',(-0.,1.,0.));
#2965 = FACE_BOUND('',#2966,.F.);
#2966 = EDGE_LOOP('',(#2967,#2978,#2986,#2995));
#2967 = ORIENTED_EDGE('',*,*,#2968,.T.);
#2968 = EDGE_CURVE('',#2969,#2971,#2973,.T.);
#2969 = VERTEX_POINT('',#2970);
#2970 = CARTESIAN_POINT('',(51.549893,-48.744909,0.));
#2971 = VERTEX_POINT('',#2972);
#2972 = CARTESIAN_POINT('',(51.549893,-47.944909,0.));
#2973 = CIRCLE('',#2974,0.4);
#2974 = AXIS2_PLACEMENT_3D('',#2975,#2976,#2977);
#2975 = CARTESIAN_POINT('',(51.549893,-48.344909,0.));
#2976 = DIRECTION('',(-0.,0.,-1.));
#2977 = DIRECTION('',(0.,1.,0.));
#2978 = ORIENTED_EDGE('',*,*,#2979,.T.);
#2979 = EDGE_CURVE('',#2971,#2980,#2982,.T.);
#2980 = VERTEX_POINT('',#2981);
#2981 = CARTESIAN_POINT('',(52.449893,-47.944909,0.));
#2982 = LINE('',#2983,#2984);
#2983 = CARTESIAN_POINT('',(26.2249465,-47.944909,0.));
#2984 = VECTOR('',#2985,1.);
#2985 = DIRECTION('',(1.,0.,-0.));
#2986 = ORIENTED_EDGE('',*,*,#2987,.T.);
#2987 = EDGE_CURVE('',#2980,#2988,#2990,.T.);
#2988 = VERTEX_POINT('',#2989);
#2989 = CARTESIAN_POINT('',(52.449893,-48.744909,0.));
#2990 = CIRCLE('',#2991,0.4);
#2991 = AXIS2_PLACEMENT_3D('',#2992,#2993,#2994);
#2992 = CARTESIAN_POINT('',(52.449893,-48.344909,0.));
#2993 = DIRECTION('',(-0.,0.,-1.));
#2994 = DIRECTION('',(-0.,-1.,0.));
#2995 = ORIENTED_EDGE('',*,*,#2996,.T.);
#2996 = EDGE_CURVE('',#2988,#2969,#2997,.T.);
#2997 = LINE('',#2998,#2999);
#2998 = CARTESIAN_POINT('',(25.7749465,-48.744909,0.));
#2999 = VECTOR('',#3000,1.);
#3000 = DIRECTION('',(-1.,0.,0.));
#3001 = FACE_BOUND('',#3002,.F.);
#3002 = EDGE_LOOP('',(#3003));
#3003 = ORIENTED_EDGE('',*,*,#3004,.T.);
#3004 = EDGE_CURVE('',#3005,#3005,#3007,.T.);
#3005 = VERTEX_POINT('',#3006);
#3006 = CARTESIAN_POINT('',(42.624893,-45.59991,0.));
#3007 = CIRCLE('',#3008,0.6);
#3008 = AXIS2_PLACEMENT_3D('',#3009,#3010,#3011);
#3009 = CARTESIAN_POINT('',(42.624893,-44.99991,0.));
#3010 = DIRECTION('',(-0.,0.,-1.));
#3011 = DIRECTION('',(-0.,-1.,0.));
#3012 = FACE_BOUND('',#3013,.F.);
#3013 = EDGE_LOOP('',(#3014));
#3014 = ORIENTED_EDGE('',*,*,#3015,.T.);
#3015 = EDGE_CURVE('',#3016,#3016,#3018,.T.);
#3016 = VERTEX_POINT('',#3017);
#3017 = CARTESIAN_POINT('',(47.624893,-45.59991,0.));
#3018 = CIRCLE('',#3019,0.6);
#3019 = AXIS2_PLACEMENT_3D('',#3020,#3021,#3022);
#3020 = CARTESIAN_POINT('',(47.624893,-44.99991,0.));
#3021 = DIRECTION('',(-0.,0.,-1.));
#3022 = DIRECTION('',(-0.,-1.,0.));
#3023 = FACE_BOUND('',#3024,.F.);
#3024 = EDGE_LOOP('',(#3025));
#3025 = ORIENTED_EDGE('',*,*,#3026,.T.);
#3026 = EDGE_CURVE('',#3027,#3027,#3029,.T.);
#3027 = VERTEX_POINT('',#3028);
#3028 = CARTESIAN_POINT('',(42.624893,-42.34991,0.));
#3029 = CIRCLE('',#3030,0.6);
#3030 = AXIS2_PLACEMENT_3D('',#3031,#3032,#3033);
#3031 = CARTESIAN_POINT('',(42.624893,-41.74991,0.));
#3032 = DIRECTION('',(-0.,0.,-1.));
#3033 = DIRECTION('',(-0.,-1.,0.));
#3034 = FACE_BOUND('',#3035,.F.);
#3035 = EDGE_LOOP('',(#3036));
#3036 = ORIENTED_EDGE('',*,*,#3037,.T.);
#3037 = EDGE_CURVE('',#3038,#3038,#3040,.T.);
#3038 = VERTEX_POINT('',#3039);
#3039 = CARTESIAN_POINT('',(47.624893,-42.34991,0.));
#3040 = CIRCLE('',#3041,0.6);
#3041 = AXIS2_PLACEMENT_3D('',#3042,#3043,#3044);
#3042 = CARTESIAN_POINT('',(47.624893,-41.74991,0.));
#3043 = DIRECTION('',(-0.,0.,-1.));
#3044 = DIRECTION('',(-0.,-1.,0.));
#3045 = FACE_BOUND('',#3046,.F.);
#3046 = EDGE_LOOP('',(#3047));
#3047 = ORIENTED_EDGE('',*,*,#3048,.T.);
#3048 = EDGE_CURVE('',#3049,#3049,#3051,.T.);
#3049 = VERTEX_POINT('',#3050);
#3050 = CARTESIAN_POINT('',(52.499893,-45.49991,0.));
#3051 = CIRCLE('',#3052,0.5);
#3052 = AXIS2_PLACEMENT_3D('',#3053,#3054,#3055);
#3053 = CARTESIAN_POINT('',(52.499893,-44.99991,0.));
#3054 = DIRECTION('',(-0.,0.,-1.));
#3055 = DIRECTION('',(-0.,-1.,0.));
#3056 = FACE_BOUND('',#3057,.F.);
#3057 = EDGE_LOOP('',(#3058));
#3058 = ORIENTED_EDGE('',*,*,#3059,.F.);
#3059 = EDGE_CURVE('',#3060,#3060,#3062,.T.);
#3060 = VERTEX_POINT('',#3061);
#3061 = CARTESIAN_POINT('',(57.999893,-45.49991,0.));
#3062 = CIRCLE('',#3063,1.);
#3063 = AXIS2_PLACEMENT_3D('',#3064,#3065,#3066);
#3064 = CARTESIAN_POINT('',(56.999893,-45.49991,0.));
#3065 = DIRECTION('',(0.,0.,1.));
#3066 = DIRECTION('',(1.,0.,-0.));
#3067 = FACE_BOUND('',#3068,.F.);
#3068 = EDGE_LOOP('',(#3069,#3080,#3088,#3097));
#3069 = ORIENTED_EDGE('',*,*,#3070,.T.);
#3070 = EDGE_CURVE('',#3071,#3073,#3075,.T.);
#3071 = VERTEX_POINT('',#3072);
#3072 = CARTESIAN_POINT('',(52.244892,-40.44991,0.));
#3073 = VERTEX_POINT('',#3074);
#3074 = CARTESIAN_POINT('',(51.444892,-40.44991,0.));
#3075 = CIRCLE('',#3076,0.4);
#3076 = AXIS2_PLACEMENT_3D('',#3077,#3078,#3079);
#3077 = CARTESIAN_POINT('',(51.844892,-40.44991,0.));
#3078 = DIRECTION('',(-0.,0.,-1.));
#3079 = DIRECTION('',(-1.,0.,0.));
#3080 = ORIENTED_EDGE('',*,*,#3081,.T.);
#3081 = EDGE_CURVE('',#3073,#3082,#3084,.T.);
#3082 = VERTEX_POINT('',#3083);
#3083 = CARTESIAN_POINT('',(51.444892,-39.54991,0.));
#3084 = LINE('',#3085,#3086);
#3085 = CARTESIAN_POINT('',(51.444892,-19.774955,0.));
#3086 = VECTOR('',#3087,1.);
#3087 = DIRECTION('',(-0.,1.,0.));
#3088 = ORIENTED_EDGE('',*,*,#3089,.T.);
#3089 = EDGE_CURVE('',#3082,#3090,#3092,.T.);
#3090 = VERTEX_POINT('',#3091);
#3091 = CARTESIAN_POINT('',(52.244892,-39.54991,0.));
#3092 = CIRCLE('',#3093,0.4);
#3093 = AXIS2_PLACEMENT_3D('',#3094,#3095,#3096);
#3094 = CARTESIAN_POINT('',(51.844892,-39.54991,0.));
#3095 = DIRECTION('',(0.,-0.,-1.));
#3096 = DIRECTION('',(1.,0.,-0.));
#3097 = ORIENTED_EDGE('',*,*,#3098,.T.);
#3098 = EDGE_CURVE('',#3090,#3071,#3099,.T.);
#3099 = LINE('',#3100,#3101);
#3100 = CARTESIAN_POINT('',(52.244892,-20.224955,0.));
#3101 = VECTOR('',#3102,1.);
#3102 = DIRECTION('',(0.,-1.,0.));
#3103 = FACE_BOUND('',#3104,.F.);
#3104 = EDGE_LOOP('',(#3105,#3116,#3124,#3133));
#3105 = ORIENTED_EDGE('',*,*,#3106,.T.);
#3106 = EDGE_CURVE('',#3107,#3109,#3111,.T.);
#3107 = VERTEX_POINT('',#3108);
#3108 = CARTESIAN_POINT('',(53.694892,-42.14991,0.));
#3109 = VERTEX_POINT('',#3110);
#3110 = CARTESIAN_POINT('',(53.694892,-41.34991,0.));
#3111 = CIRCLE('',#3112,0.4);
#3112 = AXIS2_PLACEMENT_3D('',#3113,#3114,#3115);
#3113 = CARTESIAN_POINT('',(53.694892,-41.74991,0.));
#3114 = DIRECTION('',(0.,-0.,-1.));
#3115 = DIRECTION('',(1.7763568394E-14,1.,-0.));
#3116 = ORIENTED_EDGE('',*,*,#3117,.T.);
#3117 = EDGE_CURVE('',#3109,#3118,#3120,.T.);
#3118 = VERTEX_POINT('',#3119);
#3119 = CARTESIAN_POINT('',(54.594892,-41.34991,0.));
#3120 = LINE('',#3121,#3122);
#3121 = CARTESIAN_POINT('',(27.297446,-41.34991,0.));
#3122 = VECTOR('',#3123,1.);
#3123 = DIRECTION('',(1.,0.,-0.));
#3124 = ORIENTED_EDGE('',*,*,#3125,.T.);
#3125 = EDGE_CURVE('',#3118,#3126,#3128,.T.);
#3126 = VERTEX_POINT('',#3127);
#3127 = CARTESIAN_POINT('',(54.594892,-42.14991,0.));
#3128 = CIRCLE('',#3129,0.4);
#3129 = AXIS2_PLACEMENT_3D('',#3130,#3131,#3132);
#3130 = CARTESIAN_POINT('',(54.594892,-41.74991,0.));
#3131 = DIRECTION('',(-0.,0.,-1.));
#3132 = DIRECTION('',(-0.,-1.,0.));
#3133 = ORIENTED_EDGE('',*,*,#3134,.T.);
#3134 = EDGE_CURVE('',#3126,#3107,#3135,.T.);
#3135 = LINE('',#3136,#3137);
#3136 = CARTESIAN_POINT('',(26.847446,-42.14991,0.));
#3137 = VECTOR('',#3138,1.);
#3138 = DIRECTION('',(-1.,0.,0.));
#3139 = FACE_BOUND('',#3140,.F.);
#3140 = EDGE_LOOP('',(#3141));
#3141 = ORIENTED_EDGE('',*,*,#3142,.F.);
#3142 = EDGE_CURVE('',#3143,#3143,#3145,.T.);
#3143 = VERTEX_POINT('',#3144);
#3144 = CARTESIAN_POINT('',(57.294892,-39.99991,0.));
#3145 = CIRCLE('',#3146,0.85);
#3146 = AXIS2_PLACEMENT_3D('',#3147,#3148,#3149);
#3147 = CARTESIAN_POINT('',(56.444892,-39.99991,0.));
#3148 = DIRECTION('',(0.,0.,1.));
#3149 = DIRECTION('',(1.,0.,-0.));
#3150 = FACE_BOUND('',#3151,.F.);
#3151 = EDGE_LOOP('',(#3152,#3163,#3171,#3180));
#3152 = ORIENTED_EDGE('',*,*,#3153,.T.);
#3153 = EDGE_CURVE('',#3154,#3156,#3158,.T.);
#3154 = VERTEX_POINT('',#3155);
#3155 = CARTESIAN_POINT('',(58.744892,-40.44991,0.));
#3156 = VERTEX_POINT('',#3157);
#3157 = CARTESIAN_POINT('',(57.944892,-40.44991,0.));
#3158 = CIRCLE('',#3159,0.4);
#3159 = AXIS2_PLACEMENT_3D('',#3160,#3161,#3162);
#3160 = CARTESIAN_POINT('',(58.344892,-40.44991,0.));
#3161 = DIRECTION('',(-0.,0.,-1.));
#3162 = DIRECTION('',(-1.,0.,0.));
#3163 = ORIENTED_EDGE('',*,*,#3164,.T.);
#3164 = EDGE_CURVE('',#3156,#3165,#3167,.T.);
#3165 = VERTEX_POINT('',#3166);
#3166 = CARTESIAN_POINT('',(57.944892,-39.54991,0.));
#3167 = LINE('',#3168,#3169);
#3168 = CARTESIAN_POINT('',(57.944892,-19.774955,0.));
#3169 = VECTOR('',#3170,1.);
#3170 = DIRECTION('',(-0.,1.,0.));
#3171 = ORIENTED_EDGE('',*,*,#3172,.T.);
#3172 = EDGE_CURVE('',#3165,#3173,#3175,.T.);
#3173 = VERTEX_POINT('',#3174);
#3174 = CARTESIAN_POINT('',(58.744892,-39.54991,0.));
#3175 = CIRCLE('',#3176,0.4);
#3176 = AXIS2_PLACEMENT_3D('',#3177,#3178,#3179);
#3177 = CARTESIAN_POINT('',(58.344892,-39.54991,0.));
#3178 = DIRECTION('',(0.,-0.,-1.));
#3179 = DIRECTION('',(1.,0.,-0.));
#3180 = ORIENTED_EDGE('',*,*,#3181,.T.);
#3181 = EDGE_CURVE('',#3173,#3154,#3182,.T.);
#3182 = LINE('',#3183,#3184);
#3183 = CARTESIAN_POINT('',(58.744892,-20.224955,0.));
#3184 = VECTOR('',#3185,1.);
#3185 = DIRECTION('',(0.,-1.,0.));
#3186 = FACE_BOUND('',#3187,.F.);
#3187 = EDGE_LOOP('',(#3188));
#3188 = ORIENTED_EDGE('',*,*,#3189,.F.);
#3189 = EDGE_CURVE('',#3190,#3190,#3192,.T.);
#3190 = VERTEX_POINT('',#3191);
#3191 = CARTESIAN_POINT('',(23.499893,-35.99991,0.));
#3192 = CIRCLE('',#3193,1.);
#3193 = AXIS2_PLACEMENT_3D('',#3194,#3195,#3196);
#3194 = CARTESIAN_POINT('',(22.499893,-35.99991,0.));
#3195 = DIRECTION('',(0.,0.,1.));
#3196 = DIRECTION('',(1.,0.,-0.));
#3197 = FACE_BOUND('',#3198,.F.);
#3198 = EDGE_LOOP('',(#3199));
#3199 = ORIENTED_EDGE('',*,*,#3200,.T.);
#3200 = EDGE_CURVE('',#3201,#3201,#3203,.T.);
#3201 = VERTEX_POINT('',#3202);
#3202 = CARTESIAN_POINT('',(32.374893,-38.84991,0.));
#3203 = CIRCLE('',#3204,0.6);
#3204 = AXIS2_PLACEMENT_3D('',#3205,#3206,#3207);
#3205 = CARTESIAN_POINT('',(32.374893,-38.24991,0.));
#3206 = DIRECTION('',(-0.,0.,-1.));
#3207 = DIRECTION('',(-0.,-1.,0.));
#3208 = FACE_BOUND('',#3209,.F.);
#3209 = EDGE_LOOP('',(#3210));
#3210 = ORIENTED_EDGE('',*,*,#3211,.T.);
#3211 = EDGE_CURVE('',#3212,#3212,#3214,.T.);
#3212 = VERTEX_POINT('',#3213);
#3213 = CARTESIAN_POINT('',(38.094893,-39.59991,0.));
#3214 = CIRCLE('',#3215,0.6);
#3215 = AXIS2_PLACEMENT_3D('',#3216,#3217,#3218);
#3216 = CARTESIAN_POINT('',(38.094893,-38.99991,0.));
#3217 = DIRECTION('',(-0.,0.,-1.));
#3218 = DIRECTION('',(-0.,-1.,0.));
#3219 = FACE_BOUND('',#3220,.F.);
#3220 = EDGE_LOOP('',(#3221));
#3221 = ORIENTED_EDGE('',*,*,#3222,.T.);
#3222 = EDGE_CURVE('',#3223,#3223,#3225,.T.);
#3223 = VERTEX_POINT('',#3224);
#3224 = CARTESIAN_POINT('',(32.374893,-35.59991,0.));
#3225 = CIRCLE('',#3226,0.6);
#3226 = AXIS2_PLACEMENT_3D('',#3227,#3228,#3229);
#3227 = CARTESIAN_POINT('',(32.374893,-34.99991,0.));
#3228 = DIRECTION('',(-0.,0.,-1.));
#3229 = DIRECTION('',(-0.,-1.,0.));
#3230 = FACE_BOUND('',#3231,.F.);
#3231 = EDGE_LOOP('',(#3232));
#3232 = ORIENTED_EDGE('',*,*,#3233,.T.);
#3233 = EDGE_CURVE('',#3234,#3234,#3236,.T.);
#3234 = VERTEX_POINT('',#3235);
#3235 = CARTESIAN_POINT('',(38.094893,-35.09991,0.));
#3236 = CIRCLE('',#3237,0.6);
#3237 = AXIS2_PLACEMENT_3D('',#3238,#3239,#3240);
#3238 = CARTESIAN_POINT('',(38.094893,-34.49991,0.));
#3239 = DIRECTION('',(-0.,0.,-1.));
#3240 = DIRECTION('',(-0.,-1.,0.));
#3241 = FACE_BOUND('',#3242,.F.);
#3242 = EDGE_LOOP('',(#3243,#3254,#3262,#3271));
#3243 = ORIENTED_EDGE('',*,*,#3244,.T.);
#3244 = EDGE_CURVE('',#3245,#3247,#3249,.T.);
#3245 = VERTEX_POINT('',#3246);
#3246 = CARTESIAN_POINT('',(28.449893,-31.25491,0.));
#3247 = VERTEX_POINT('',#3248);
#3248 = CARTESIAN_POINT('',(28.449893,-32.05491,0.));
#3249 = CIRCLE('',#3250,0.4);
#3250 = AXIS2_PLACEMENT_3D('',#3251,#3252,#3253);
#3251 = CARTESIAN_POINT('',(28.449893,-31.65491,0.));
#3252 = DIRECTION('',(-0.,0.,-1.));
#3253 = DIRECTION('',(-0.,-1.,0.));
#3254 = ORIENTED_EDGE('',*,*,#3255,.T.);
#3255 = EDGE_CURVE('',#3247,#3256,#3258,.T.);
#3256 = VERTEX_POINT('',#3257);
#3257 = CARTESIAN_POINT('',(27.549893,-32.05491,0.));
#3258 = LINE('',#3259,#3260);
#3259 = CARTESIAN_POINT('',(13.7749465,-32.05491,0.));
#3260 = VECTOR('',#3261,1.);
#3261 = DIRECTION('',(-1.,0.,0.));
#3262 = ORIENTED_EDGE('',*,*,#3263,.T.);
#3263 = EDGE_CURVE('',#3256,#3264,#3266,.T.);
#3264 = VERTEX_POINT('',#3265);
#3265 = CARTESIAN_POINT('',(27.549893,-31.25491,0.));
#3266 = CIRCLE('',#3267,0.4);
#3267 = AXIS2_PLACEMENT_3D('',#3268,#3269,#3270);
#3268 = CARTESIAN_POINT('',(27.549893,-31.65491,0.));
#3269 = DIRECTION('',(-0.,0.,-1.));
#3270 = DIRECTION('',(0.,1.,0.));
#3271 = ORIENTED_EDGE('',*,*,#3272,.T.);
#3272 = EDGE_CURVE('',#3264,#3245,#3273,.T.);
#3273 = LINE('',#3274,#3275);
#3274 = CARTESIAN_POINT('',(14.2249465,-31.25491,0.));
#3275 = VECTOR('',#3276,1.);
#3276 = DIRECTION('',(1.,0.,-0.));
#3277 = FACE_BOUND('',#3278,.F.);
#3278 = EDGE_LOOP('',(#3279,#3290,#3298,#3307));
#3279 = ORIENTED_EDGE('',*,*,#3280,.T.);
#3280 = EDGE_CURVE('',#3281,#3283,#3285,.T.);
#3281 = VERTEX_POINT('',#3282);
#3282 = CARTESIAN_POINT('',(26.649893,-29.80491,0.));
#3283 = VERTEX_POINT('',#3284);
#3284 = CARTESIAN_POINT('',(25.849893,-29.80491,0.));
#3285 = CIRCLE('',#3286,0.4);
#3286 = AXIS2_PLACEMENT_3D('',#3287,#3288,#3289);
#3287 = CARTESIAN_POINT('',(26.249893,-29.80491,0.));
#3288 = DIRECTION('',(-0.,0.,-1.));
#3289 = DIRECTION('',(-1.,8.881784197001E-15,0.));
#3290 = ORIENTED_EDGE('',*,*,#3291,.T.);
#3291 = EDGE_CURVE('',#3283,#3292,#3294,.T.);
#3292 = VERTEX_POINT('',#3293);
#3293 = CARTESIAN_POINT('',(25.849893,-28.90491,0.));
#3294 = LINE('',#3295,#3296);
#3295 = CARTESIAN_POINT('',(25.849893,-14.452455,0.));
#3296 = VECTOR('',#3297,1.);
#3297 = DIRECTION('',(-0.,1.,0.));
#3298 = ORIENTED_EDGE('',*,*,#3299,.T.);
#3299 = EDGE_CURVE('',#3292,#3300,#3302,.T.);
#3300 = VERTEX_POINT('',#3301);
#3301 = CARTESIAN_POINT('',(26.649893,-28.90491,0.));
#3302 = CIRCLE('',#3303,0.4);
#3303 = AXIS2_PLACEMENT_3D('',#3304,#3305,#3306);
#3304 = CARTESIAN_POINT('',(26.249893,-28.90491,0.));
#3305 = DIRECTION('',(0.,-0.,-1.));
#3306 = DIRECTION('',(1.,-8.881784197001E-15,0.));
#3307 = ORIENTED_EDGE('',*,*,#3308,.T.);
#3308 = EDGE_CURVE('',#3300,#3281,#3309,.T.);
#3309 = LINE('',#3310,#3311);
#3310 = CARTESIAN_POINT('',(26.649893,-14.902455,0.));
#3311 = VECTOR('',#3312,1.);
#3312 = DIRECTION('',(0.,-1.,0.));
#3313 = FACE_BOUND('',#3314,.F.);
#3314 = EDGE_LOOP('',(#3315,#3326,#3334,#3343));
#3315 = ORIENTED_EDGE('',*,*,#3316,.T.);
#3316 = EDGE_CURVE('',#3317,#3319,#3321,.T.);
#3317 = VERTEX_POINT('',#3318);
#3318 = CARTESIAN_POINT('',(30.149893,-29.80491,0.));
#3319 = VERTEX_POINT('',#3320);
#3320 = CARTESIAN_POINT('',(29.349893,-29.80491,0.));
#3321 = CIRCLE('',#3322,0.4);
#3322 = AXIS2_PLACEMENT_3D('',#3323,#3324,#3325);
#3323 = CARTESIAN_POINT('',(29.749893,-29.80491,0.));
#3324 = DIRECTION('',(-0.,0.,-1.));
#3325 = DIRECTION('',(-1.,8.881784197001E-15,0.));
#3326 = ORIENTED_EDGE('',*,*,#3327,.T.);
#3327 = EDGE_CURVE('',#3319,#3328,#3330,.T.);
#3328 = VERTEX_POINT('',#3329);
#3329 = CARTESIAN_POINT('',(29.349893,-28.90491,0.));
#3330 = LINE('',#3331,#3332);
#3331 = CARTESIAN_POINT('',(29.349893,-14.452455,0.));
#3332 = VECTOR('',#3333,1.);
#3333 = DIRECTION('',(-0.,1.,0.));
#3334 = ORIENTED_EDGE('',*,*,#3335,.T.);
#3335 = EDGE_CURVE('',#3328,#3336,#3338,.T.);
#3336 = VERTEX_POINT('',#3337);
#3337 = CARTESIAN_POINT('',(30.149893,-28.90491,0.));
#3338 = CIRCLE('',#3339,0.4);
#3339 = AXIS2_PLACEMENT_3D('',#3340,#3341,#3342);
#3340 = CARTESIAN_POINT('',(29.749893,-28.90491,0.));
#3341 = DIRECTION('',(0.,-0.,-1.));
#3342 = DIRECTION('',(1.,-8.881784197001E-15,0.));
#3343 = ORIENTED_EDGE('',*,*,#3344,.T.);
#3344 = EDGE_CURVE('',#3336,#3317,#3345,.T.);
#3345 = LINE('',#3346,#3347);
#3346 = CARTESIAN_POINT('',(30.149893,-14.902455,0.));
#3347 = VECTOR('',#3348,1.);
#3348 = DIRECTION('',(0.,-1.,0.));
#3349 = FACE_BOUND('',#3350,.F.);
#3350 = EDGE_LOOP('',(#3351));
#3351 = ORIENTED_EDGE('',*,*,#3352,.F.);
#3352 = EDGE_CURVE('',#3353,#3353,#3355,.T.);
#3353 = VERTEX_POINT('',#3354);
#3354 = CARTESIAN_POINT('',(28.849893,-27.05491,0.));
#3355 = CIRCLE('',#3356,0.85);
#3356 = AXIS2_PLACEMENT_3D('',#3357,#3358,#3359);
#3357 = CARTESIAN_POINT('',(27.999893,-27.05491,0.));
#3358 = DIRECTION('',(0.,0.,1.));
#3359 = DIRECTION('',(1.,0.,-0.));
#3360 = FACE_BOUND('',#3361,.F.);
#3361 = EDGE_LOOP('',(#3362,#3373,#3381,#3390));
#3362 = ORIENTED_EDGE('',*,*,#3363,.T.);
#3363 = EDGE_CURVE('',#3364,#3366,#3368,.T.);
#3364 = VERTEX_POINT('',#3365);
#3365 = CARTESIAN_POINT('',(28.449893,-24.75491,0.));
#3366 = VERTEX_POINT('',#3367);
#3367 = CARTESIAN_POINT('',(28.449893,-25.55491,0.));
#3368 = CIRCLE('',#3369,0.4);
#3369 = AXIS2_PLACEMENT_3D('',#3370,#3371,#3372);
#3370 = CARTESIAN_POINT('',(28.449893,-25.15491,0.));
#3371 = DIRECTION('',(-0.,0.,-1.));
#3372 = DIRECTION('',(-0.,-1.,0.));
#3373 = ORIENTED_EDGE('',*,*,#3374,.T.);
#3374 = EDGE_CURVE('',#3366,#3375,#3377,.T.);
#3375 = VERTEX_POINT('',#3376);
#3376 = CARTESIAN_POINT('',(27.549893,-25.55491,0.));
#3377 = LINE('',#3378,#3379);
#3378 = CARTESIAN_POINT('',(13.7749465,-25.55491,0.));
#3379 = VECTOR('',#3380,1.);
#3380 = DIRECTION('',(-1.,0.,0.));
#3381 = ORIENTED_EDGE('',*,*,#3382,.T.);
#3382 = EDGE_CURVE('',#3375,#3383,#3385,.T.);
#3383 = VERTEX_POINT('',#3384);
#3384 = CARTESIAN_POINT('',(27.549893,-24.75491,0.));
#3385 = CIRCLE('',#3386,0.4);
#3386 = AXIS2_PLACEMENT_3D('',#3387,#3388,#3389);
#3387 = CARTESIAN_POINT('',(27.549893,-25.15491,0.));
#3388 = DIRECTION('',(-0.,0.,-1.));
#3389 = DIRECTION('',(0.,1.,0.));
#3390 = ORIENTED_EDGE('',*,*,#3391,.T.);
#3391 = EDGE_CURVE('',#3383,#3364,#3392,.T.);
#3392 = LINE('',#3393,#3394);
#3393 = CARTESIAN_POINT('',(14.2249465,-24.75491,0.));
#3394 = VECTOR('',#3395,1.);
#3395 = DIRECTION('',(1.,0.,-0.));
#3396 = FACE_BOUND('',#3397,.F.);
#3397 = EDGE_LOOP('',(#3398,#3409,#3417,#3426));
#3398 = ORIENTED_EDGE('',*,*,#3399,.T.);
#3399 = EDGE_CURVE('',#3400,#3402,#3404,.T.);
#3400 = VERTEX_POINT('',#3401);
#3401 = CARTESIAN_POINT('',(34.649893,-29.80491,0.));
#3402 = VERTEX_POINT('',#3403);
#3403 = CARTESIAN_POINT('',(33.849893,-29.80491,0.));
#3404 = CIRCLE('',#3405,0.4);
#3405 = AXIS2_PLACEMENT_3D('',#3406,#3407,#3408);
#3406 = CARTESIAN_POINT('',(34.249893,-29.80491,0.));
#3407 = DIRECTION('',(-0.,0.,-1.));
#3408 = DIRECTION('',(-1.,0.,0.));
#3409 = ORIENTED_EDGE('',*,*,#3410,.T.);
#3410 = EDGE_CURVE('',#3402,#3411,#3413,.T.);
#3411 = VERTEX_POINT('',#3412);
#3412 = CARTESIAN_POINT('',(33.849893,-28.90491,0.));
#3413 = LINE('',#3414,#3415);
#3414 = CARTESIAN_POINT('',(33.849893,-14.452455,0.));
#3415 = VECTOR('',#3416,1.);
#3416 = DIRECTION('',(-0.,1.,0.));
#3417 = ORIENTED_EDGE('',*,*,#3418,.T.);
#3418 = EDGE_CURVE('',#3411,#3419,#3421,.T.);
#3419 = VERTEX_POINT('',#3420);
#3420 = CARTESIAN_POINT('',(34.649893,-28.90491,0.));
#3421 = CIRCLE('',#3422,0.4);
#3422 = AXIS2_PLACEMENT_3D('',#3423,#3424,#3425);
#3423 = CARTESIAN_POINT('',(34.249893,-28.90491,0.));
#3424 = DIRECTION('',(0.,-0.,-1.));
#3425 = DIRECTION('',(1.,0.,-0.));
#3426 = ORIENTED_EDGE('',*,*,#3427,.T.);
#3427 = EDGE_CURVE('',#3419,#3400,#3428,.T.);
#3428 = LINE('',#3429,#3430);
#3429 = CARTESIAN_POINT('',(34.649893,-14.902455,0.));
#3430 = VECTOR('',#3431,1.);
#3431 = DIRECTION('',(0.,-1.,0.));
#3432 = FACE_BOUND('',#3433,.F.);
#3433 = EDGE_LOOP('',(#3434,#3445,#3453,#3462));
#3434 = ORIENTED_EDGE('',*,*,#3435,.T.);
#3435 = EDGE_CURVE('',#3436,#3438,#3440,.T.);
#3436 = VERTEX_POINT('',#3437);
#3437 = CARTESIAN_POINT('',(36.449893,-31.25491,0.));
#3438 = VERTEX_POINT('',#3439);
#3439 = CARTESIAN_POINT('',(36.449893,-32.05491,0.));
#3440 = CIRCLE('',#3441,0.4);
#3441 = AXIS2_PLACEMENT_3D('',#3442,#3443,#3444);
#3442 = CARTESIAN_POINT('',(36.449893,-31.65491,0.));
#3443 = DIRECTION('',(-0.,0.,-1.));
#3444 = DIRECTION('',(-0.,-1.,0.));
#3445 = ORIENTED_EDGE('',*,*,#3446,.T.);
#3446 = EDGE_CURVE('',#3438,#3447,#3449,.T.);
#3447 = VERTEX_POINT('',#3448);
#3448 = CARTESIAN_POINT('',(35.549893,-32.05491,0.));
#3449 = LINE('',#3450,#3451);
#3450 = CARTESIAN_POINT('',(17.7749465,-32.05491,0.));
#3451 = VECTOR('',#3452,1.);
#3452 = DIRECTION('',(-1.,0.,0.));
#3453 = ORIENTED_EDGE('',*,*,#3454,.T.);
#3454 = EDGE_CURVE('',#3447,#3455,#3457,.T.);
#3455 = VERTEX_POINT('',#3456);
#3456 = CARTESIAN_POINT('',(35.549893,-31.25491,0.));
#3457 = CIRCLE('',#3458,0.4);
#3458 = AXIS2_PLACEMENT_3D('',#3459,#3460,#3461);
#3459 = CARTESIAN_POINT('',(35.549893,-31.65491,0.));
#3460 = DIRECTION('',(-0.,0.,-1.));
#3461 = DIRECTION('',(0.,1.,0.));
#3462 = ORIENTED_EDGE('',*,*,#3463,.T.);
#3463 = EDGE_CURVE('',#3455,#3436,#3464,.T.);
#3464 = LINE('',#3465,#3466);
#3465 = CARTESIAN_POINT('',(18.2249465,-31.25491,0.));
#3466 = VECTOR('',#3467,1.);
#3467 = DIRECTION('',(1.,0.,-0.));
#3468 = FACE_BOUND('',#3469,.F.);
#3469 = EDGE_LOOP('',(#3470,#3481,#3489,#3498));
#3470 = ORIENTED_EDGE('',*,*,#3471,.T.);
#3471 = EDGE_CURVE('',#3472,#3474,#3476,.T.);
#3472 = VERTEX_POINT('',#3473);
#3473 = CARTESIAN_POINT('',(38.149893,-29.80491,0.));
#3474 = VERTEX_POINT('',#3475);
#3475 = CARTESIAN_POINT('',(37.349893,-29.80491,0.));
#3476 = CIRCLE('',#3477,0.4);
#3477 = AXIS2_PLACEMENT_3D('',#3478,#3479,#3480);
#3478 = CARTESIAN_POINT('',(37.749893,-29.80491,0.));
#3479 = DIRECTION('',(-0.,0.,-1.));
#3480 = DIRECTION('',(-1.,0.,0.));
#3481 = ORIENTED_EDGE('',*,*,#3482,.T.);
#3482 = EDGE_CURVE('',#3474,#3483,#3485,.T.);
#3483 = VERTEX_POINT('',#3484);
#3484 = CARTESIAN_POINT('',(37.349893,-28.90491,0.));
#3485 = LINE('',#3486,#3487);
#3486 = CARTESIAN_POINT('',(37.349893,-14.452455,0.));
#3487 = VECTOR('',#3488,1.);
#3488 = DIRECTION('',(-0.,1.,0.));
#3489 = ORIENTED_EDGE('',*,*,#3490,.T.);
#3490 = EDGE_CURVE('',#3483,#3491,#3493,.T.);
#3491 = VERTEX_POINT('',#3492);
#3492 = CARTESIAN_POINT('',(38.149893,-28.90491,0.));
#3493 = CIRCLE('',#3494,0.4);
#3494 = AXIS2_PLACEMENT_3D('',#3495,#3496,#3497);
#3495 = CARTESIAN_POINT('',(37.749893,-28.90491,0.));
#3496 = DIRECTION('',(0.,-0.,-1.));
#3497 = DIRECTION('',(1.,0.,-0.));
#3498 = ORIENTED_EDGE('',*,*,#3499,.T.);
#3499 = EDGE_CURVE('',#3491,#3472,#3500,.T.);
#3500 = LINE('',#3501,#3502);
#3501 = CARTESIAN_POINT('',(38.149893,-14.902455,0.));
#3502 = VECTOR('',#3503,1.);
#3503 = DIRECTION('',(0.,-1.,0.));
#3504 = FACE_BOUND('',#3505,.F.);
#3505 = EDGE_LOOP('',(#3506));
#3506 = ORIENTED_EDGE('',*,*,#3507,.F.);
#3507 = EDGE_CURVE('',#3508,#3508,#3510,.T.);
#3508 = VERTEX_POINT('',#3509);
#3509 = CARTESIAN_POINT('',(36.849893,-27.05491,0.));
#3510 = CIRCLE('',#3511,0.85);
#3511 = AXIS2_PLACEMENT_3D('',#3512,#3513,#3514);
#3512 = CARTESIAN_POINT('',(35.999893,-27.05491,0.));
#3513 = DIRECTION('',(0.,0.,1.));
#3514 = DIRECTION('',(1.,0.,-0.));
#3515 = FACE_BOUND('',#3516,.F.);
#3516 = EDGE_LOOP('',(#3517,#3528,#3536,#3545));
#3517 = ORIENTED_EDGE('',*,*,#3518,.T.);
#3518 = EDGE_CURVE('',#3519,#3521,#3523,.T.);
#3519 = VERTEX_POINT('',#3520);
#3520 = CARTESIAN_POINT('',(36.449893,-24.75491,0.));
#3521 = VERTEX_POINT('',#3522);
#3522 = CARTESIAN_POINT('',(36.449893,-25.55491,0.));
#3523 = CIRCLE('',#3524,0.4);
#3524 = AXIS2_PLACEMENT_3D('',#3525,#3526,#3527);
#3525 = CARTESIAN_POINT('',(36.449893,-25.15491,0.));
#3526 = DIRECTION('',(-0.,0.,-1.));
#3527 = DIRECTION('',(-0.,-1.,0.));
#3528 = ORIENTED_EDGE('',*,*,#3529,.T.);
#3529 = EDGE_CURVE('',#3521,#3530,#3532,.T.);
#3530 = VERTEX_POINT('',#3531);
#3531 = CARTESIAN_POINT('',(35.549893,-25.55491,0.));
#3532 = LINE('',#3533,#3534);
#3533 = CARTESIAN_POINT('',(17.7749465,-25.55491,0.));
#3534 = VECTOR('',#3535,1.);
#3535 = DIRECTION('',(-1.,0.,0.));
#3536 = ORIENTED_EDGE('',*,*,#3537,.T.);
#3537 = EDGE_CURVE('',#3530,#3538,#3540,.T.);
#3538 = VERTEX_POINT('',#3539);
#3539 = CARTESIAN_POINT('',(35.549893,-24.75491,0.));
#3540 = CIRCLE('',#3541,0.4);
#3541 = AXIS2_PLACEMENT_3D('',#3542,#3543,#3544);
#3542 = CARTESIAN_POINT('',(35.549893,-25.15491,0.));
#3543 = DIRECTION('',(-0.,0.,-1.));
#3544 = DIRECTION('',(0.,1.,0.));
#3545 = ORIENTED_EDGE('',*,*,#3546,.T.);
#3546 = EDGE_CURVE('',#3538,#3519,#3547,.T.);
#3547 = LINE('',#3548,#3549);
#3548 = CARTESIAN_POINT('',(18.2249465,-24.75491,0.));
#3549 = VECTOR('',#3550,1.);
#3550 = DIRECTION('',(1.,0.,-0.));
#3551 = FACE_BOUND('',#3552,.F.);
#3552 = EDGE_LOOP('',(#3553));
#3553 = ORIENTED_EDGE('',*,*,#3554,.T.);
#3554 = EDGE_CURVE('',#3555,#3555,#3557,.T.);
#3555 = VERTEX_POINT('',#3556);
#3556 = CARTESIAN_POINT('',(41.904893,-39.59991,0.));
#3557 = CIRCLE('',#3558,0.6);
#3558 = AXIS2_PLACEMENT_3D('',#3559,#3560,#3561);
#3559 = CARTESIAN_POINT('',(41.904893,-38.99991,0.));
#3560 = DIRECTION('',(-0.,0.,-1.));
#3561 = DIRECTION('',(-0.,-1.,0.));
#3562 = FACE_BOUND('',#3563,.F.);
#3563 = EDGE_LOOP('',(#3564));
#3564 = ORIENTED_EDGE('',*,*,#3565,.T.);
#3565 = EDGE_CURVE('',#3566,#3566,#3568,.T.);
#3566 = VERTEX_POINT('',#3567);
#3567 = CARTESIAN_POINT('',(47.624893,-38.84991,0.));
#3568 = CIRCLE('',#3569,0.6);
#3569 = AXIS2_PLACEMENT_3D('',#3570,#3571,#3572);
#3570 = CARTESIAN_POINT('',(47.624893,-38.24991,0.));
#3571 = DIRECTION('',(-0.,0.,-1.));
#3572 = DIRECTION('',(-0.,-1.,0.));
#3573 = FACE_BOUND('',#3574,.F.);
#3574 = EDGE_LOOP('',(#3575));
#3575 = ORIENTED_EDGE('',*,*,#3576,.T.);
#3576 = EDGE_CURVE('',#3577,#3577,#3579,.T.);
#3577 = VERTEX_POINT('',#3578);
#3578 = CARTESIAN_POINT('',(41.904893,-35.09991,0.));
#3579 = CIRCLE('',#3580,0.6);
#3580 = AXIS2_PLACEMENT_3D('',#3581,#3582,#3583);
#3581 = CARTESIAN_POINT('',(41.904893,-34.49991,0.));
#3582 = DIRECTION('',(-0.,0.,-1.));
#3583 = DIRECTION('',(-0.,-1.,0.));
#3584 = FACE_BOUND('',#3585,.F.);
#3585 = EDGE_LOOP('',(#3586));
#3586 = ORIENTED_EDGE('',*,*,#3587,.T.);
#3587 = EDGE_CURVE('',#3588,#3588,#3590,.T.);
#3588 = VERTEX_POINT('',#3589);
#3589 = CARTESIAN_POINT('',(47.624893,-35.59991,0.));
#3590 = CIRCLE('',#3591,0.6);
#3591 = AXIS2_PLACEMENT_3D('',#3592,#3593,#3594);
#3592 = CARTESIAN_POINT('',(47.624893,-34.99991,0.));
#3593 = DIRECTION('',(-0.,0.,-1.));
#3594 = DIRECTION('',(-0.,-1.,0.));
#3595 = FACE_BOUND('',#3596,.F.);
#3596 = EDGE_LOOP('',(#3597,#3608,#3616,#3625));
#3597 = ORIENTED_EDGE('',*,*,#3598,.T.);
#3598 = EDGE_CURVE('',#3599,#3601,#3603,.T.);
#3599 = VERTEX_POINT('',#3600);
#3600 = CARTESIAN_POINT('',(53.694892,-38.64991,0.));
#3601 = VERTEX_POINT('',#3602);
#3602 = CARTESIAN_POINT('',(53.694892,-37.84991,0.));
#3603 = CIRCLE('',#3604,0.4);
#3604 = AXIS2_PLACEMENT_3D('',#3605,#3606,#3607);
#3605 = CARTESIAN_POINT('',(53.694892,-38.24991,0.));
#3606 = DIRECTION('',(0.,-0.,-1.));
#3607 = DIRECTION('',(1.7763568394E-14,1.,-0.));
#3608 = ORIENTED_EDGE('',*,*,#3609,.T.);
#3609 = EDGE_CURVE('',#3601,#3610,#3612,.T.);
#3610 = VERTEX_POINT('',#3611);
#3611 = CARTESIAN_POINT('',(54.594892,-37.84991,0.));
#3612 = LINE('',#3613,#3614);
#3613 = CARTESIAN_POINT('',(27.297446,-37.84991,0.));
#3614 = VECTOR('',#3615,1.);
#3615 = DIRECTION('',(1.,0.,-0.));
#3616 = ORIENTED_EDGE('',*,*,#3617,.T.);
#3617 = EDGE_CURVE('',#3610,#3618,#3620,.T.);
#3618 = VERTEX_POINT('',#3619);
#3619 = CARTESIAN_POINT('',(54.594892,-38.64991,0.));
#3620 = CIRCLE('',#3621,0.4);
#3621 = AXIS2_PLACEMENT_3D('',#3622,#3623,#3624);
#3622 = CARTESIAN_POINT('',(54.594892,-38.24991,0.));
#3623 = DIRECTION('',(-0.,0.,-1.));
#3624 = DIRECTION('',(-0.,-1.,0.));
#3625 = ORIENTED_EDGE('',*,*,#3626,.T.);
#3626 = EDGE_CURVE('',#3618,#3599,#3627,.T.);
#3627 = LINE('',#3628,#3629);
#3628 = CARTESIAN_POINT('',(26.847446,-38.64991,0.));
#3629 = VECTOR('',#3630,1.);
#3630 = DIRECTION('',(-1.,0.,0.));
#3631 = FACE_BOUND('',#3632,.F.);
#3632 = EDGE_LOOP('',(#3633));
#3633 = ORIENTED_EDGE('',*,*,#3634,.T.);
#3634 = EDGE_CURVE('',#3635,#3635,#3637,.T.);
#3635 = VERTEX_POINT('',#3636);
#3636 = CARTESIAN_POINT('',(52.499893,-35.49991,0.));
#3637 = CIRCLE('',#3638,0.5);
#3638 = AXIS2_PLACEMENT_3D('',#3639,#3640,#3641);
#3639 = CARTESIAN_POINT('',(52.499893,-34.99991,0.));
#3640 = DIRECTION('',(-0.,0.,-1.));
#3641 = DIRECTION('',(-0.,-1.,0.));
#3642 = FACE_BOUND('',#3643,.F.);
#3643 = EDGE_LOOP('',(#3644));
#3644 = ORIENTED_EDGE('',*,*,#3645,.F.);
#3645 = EDGE_CURVE('',#3646,#3646,#3648,.T.);
#3646 = VERTEX_POINT('',#3647);
#3647 = CARTESIAN_POINT('',(57.999893,-34.49991,0.));
#3648 = CIRCLE('',#3649,1.);
#3649 = AXIS2_PLACEMENT_3D('',#3650,#3651,#3652);
#3650 = CARTESIAN_POINT('',(56.999893,-34.49991,0.));
#3651 = DIRECTION('',(0.,0.,1.));
#3652 = DIRECTION('',(1.,0.,-0.));
#3653 = FACE_BOUND('',#3654,.F.);
#3654 = EDGE_LOOP('',(#3655,#3666,#3674,#3683));
#3655 = ORIENTED_EDGE('',*,*,#3656,.T.);
#3656 = EDGE_CURVE('',#3657,#3659,#3661,.T.);
#3657 = VERTEX_POINT('',#3658);
#3658 = CARTESIAN_POINT('',(44.449893,-31.25491,0.));
#3659 = VERTEX_POINT('',#3660);
#3660 = CARTESIAN_POINT('',(44.449893,-32.05491,0.));
#3661 = CIRCLE('',#3662,0.4);
#3662 = AXIS2_PLACEMENT_3D('',#3663,#3664,#3665);
#3663 = CARTESIAN_POINT('',(44.449893,-31.65491,0.));
#3664 = DIRECTION('',(-0.,0.,-1.));
#3665 = DIRECTION('',(-0.,-1.,0.));
#3666 = ORIENTED_EDGE('',*,*,#3667,.T.);
#3667 = EDGE_CURVE('',#3659,#3668,#3670,.T.);
#3668 = VERTEX_POINT('',#3669);
#3669 = CARTESIAN_POINT('',(43.549893,-32.05491,0.));
#3670 = LINE('',#3671,#3672);
#3671 = CARTESIAN_POINT('',(21.7749465,-32.05491,0.));
#3672 = VECTOR('',#3673,1.);
#3673 = DIRECTION('',(-1.,0.,0.));
#3674 = ORIENTED_EDGE('',*,*,#3675,.T.);
#3675 = EDGE_CURVE('',#3668,#3676,#3678,.T.);
#3676 = VERTEX_POINT('',#3677);
#3677 = CARTESIAN_POINT('',(43.549893,-31.25491,0.));
#3678 = CIRCLE('',#3679,0.4);
#3679 = AXIS2_PLACEMENT_3D('',#3680,#3681,#3682);
#3680 = CARTESIAN_POINT('',(43.549893,-31.65491,0.));
#3681 = DIRECTION('',(-0.,0.,-1.));
#3682 = DIRECTION('',(0.,1.,0.));
#3683 = ORIENTED_EDGE('',*,*,#3684,.T.);
#3684 = EDGE_CURVE('',#3676,#3657,#3685,.T.);
#3685 = LINE('',#3686,#3687);
#3686 = CARTESIAN_POINT('',(22.2249465,-31.25491,0.));
#3687 = VECTOR('',#3688,1.);
#3688 = DIRECTION('',(1.,0.,-0.));
#3689 = FACE_BOUND('',#3690,.F.);
#3690 = EDGE_LOOP('',(#3691,#3702,#3710,#3719));
#3691 = ORIENTED_EDGE('',*,*,#3692,.T.);
#3692 = EDGE_CURVE('',#3693,#3695,#3697,.T.);
#3693 = VERTEX_POINT('',#3694);
#3694 = CARTESIAN_POINT('',(42.649893,-29.80491,0.));
#3695 = VERTEX_POINT('',#3696);
#3696 = CARTESIAN_POINT('',(41.849893,-29.80491,0.));
#3697 = CIRCLE('',#3698,0.4);
#3698 = AXIS2_PLACEMENT_3D('',#3699,#3700,#3701);
#3699 = CARTESIAN_POINT('',(42.249893,-29.80491,0.));
#3700 = DIRECTION('',(-0.,0.,-1.));
#3701 = DIRECTION('',(-1.,0.,0.));
#3702 = ORIENTED_EDGE('',*,*,#3703,.T.);
#3703 = EDGE_CURVE('',#3695,#3704,#3706,.T.);
#3704 = VERTEX_POINT('',#3705);
#3705 = CARTESIAN_POINT('',(41.849893,-28.90491,0.));
#3706 = LINE('',#3707,#3708);
#3707 = CARTESIAN_POINT('',(41.849893,-14.452455,0.));
#3708 = VECTOR('',#3709,1.);
#3709 = DIRECTION('',(-0.,1.,0.));
#3710 = ORIENTED_EDGE('',*,*,#3711,.T.);
#3711 = EDGE_CURVE('',#3704,#3712,#3714,.T.);
#3712 = VERTEX_POINT('',#3713);
#3713 = CARTESIAN_POINT('',(42.649893,-28.90491,0.));
#3714 = CIRCLE('',#3715,0.4);
#3715 = AXIS2_PLACEMENT_3D('',#3716,#3717,#3718);
#3716 = CARTESIAN_POINT('',(42.249893,-28.90491,0.));
#3717 = DIRECTION('',(0.,-0.,-1.));
#3718 = DIRECTION('',(1.,0.,-0.));
#3719 = ORIENTED_EDGE('',*,*,#3720,.T.);
#3720 = EDGE_CURVE('',#3712,#3693,#3721,.T.);
#3721 = LINE('',#3722,#3723);
#3722 = CARTESIAN_POINT('',(42.649893,-14.902455,0.));
#3723 = VECTOR('',#3724,1.);
#3724 = DIRECTION('',(0.,-1.,0.));
#3725 = FACE_BOUND('',#3726,.F.);
#3726 = EDGE_LOOP('',(#3727,#3738,#3746,#3755));
#3727 = ORIENTED_EDGE('',*,*,#3728,.T.);
#3728 = EDGE_CURVE('',#3729,#3731,#3733,.T.);
#3729 = VERTEX_POINT('',#3730);
#3730 = CARTESIAN_POINT('',(46.149893,-29.80491,0.));
#3731 = VERTEX_POINT('',#3732);
#3732 = CARTESIAN_POINT('',(45.349893,-29.80491,0.));
#3733 = CIRCLE('',#3734,0.4);
#3734 = AXIS2_PLACEMENT_3D('',#3735,#3736,#3737);
#3735 = CARTESIAN_POINT('',(45.749893,-29.80491,0.));
#3736 = DIRECTION('',(-0.,0.,-1.));
#3737 = DIRECTION('',(-1.,0.,0.));
#3738 = ORIENTED_EDGE('',*,*,#3739,.T.);
#3739 = EDGE_CURVE('',#3731,#3740,#3742,.T.);
#3740 = VERTEX_POINT('',#3741);
#3741 = CARTESIAN_POINT('',(45.349893,-28.90491,0.));
#3742 = LINE('',#3743,#3744);
#3743 = CARTESIAN_POINT('',(45.349893,-14.452455,0.));
#3744 = VECTOR('',#3745,1.);
#3745 = DIRECTION('',(-0.,1.,0.));
#3746 = ORIENTED_EDGE('',*,*,#3747,.T.);
#3747 = EDGE_CURVE('',#3740,#3748,#3750,.T.);
#3748 = VERTEX_POINT('',#3749);
#3749 = CARTESIAN_POINT('',(46.149893,-28.90491,0.));
#3750 = CIRCLE('',#3751,0.4);
#3751 = AXIS2_PLACEMENT_3D('',#3752,#3753,#3754);
#3752 = CARTESIAN_POINT('',(45.749893,-28.90491,0.));
#3753 = DIRECTION('',(0.,-0.,-1.));
#3754 = DIRECTION('',(1.,0.,-0.));
#3755 = ORIENTED_EDGE('',*,*,#3756,.T.);
#3756 = EDGE_CURVE('',#3748,#3729,#3757,.T.);
#3757 = LINE('',#3758,#3759);
#3758 = CARTESIAN_POINT('',(46.149893,-14.902455,0.));
#3759 = VECTOR('',#3760,1.);
#3760 = DIRECTION('',(0.,-1.,0.));
#3761 = FACE_BOUND('',#3762,.F.);
#3762 = EDGE_LOOP('',(#3763));
#3763 = ORIENTED_EDGE('',*,*,#3764,.F.);
#3764 = EDGE_CURVE('',#3765,#3765,#3767,.T.);
#3765 = VERTEX_POINT('',#3766);
#3766 = CARTESIAN_POINT('',(44.849893,-27.05491,0.));
#3767 = CIRCLE('',#3768,0.85);
#3768 = AXIS2_PLACEMENT_3D('',#3769,#3770,#3771);
#3769 = CARTESIAN_POINT('',(43.999893,-27.05491,0.));
#3770 = DIRECTION('',(0.,0.,1.));
#3771 = DIRECTION('',(1.,0.,-0.));
#3772 = FACE_BOUND('',#3773,.F.);
#3773 = EDGE_LOOP('',(#3774,#3785,#3793,#3802));
#3774 = ORIENTED_EDGE('',*,*,#3775,.T.);
#3775 = EDGE_CURVE('',#3776,#3778,#3780,.T.);
#3776 = VERTEX_POINT('',#3777);
#3777 = CARTESIAN_POINT('',(44.449893,-24.75491,0.));
#3778 = VERTEX_POINT('',#3779);
#3779 = CARTESIAN_POINT('',(44.449893,-25.55491,0.));
#3780 = CIRCLE('',#3781,0.4);
#3781 = AXIS2_PLACEMENT_3D('',#3782,#3783,#3784);
#3782 = CARTESIAN_POINT('',(44.449893,-25.15491,0.));
#3783 = DIRECTION('',(-0.,0.,-1.));
#3784 = DIRECTION('',(-0.,-1.,0.));
#3785 = ORIENTED_EDGE('',*,*,#3786,.T.);
#3786 = EDGE_CURVE('',#3778,#3787,#3789,.T.);
#3787 = VERTEX_POINT('',#3788);
#3788 = CARTESIAN_POINT('',(43.549893,-25.55491,0.));
#3789 = LINE('',#3790,#3791);
#3790 = CARTESIAN_POINT('',(21.7749465,-25.55491,0.));
#3791 = VECTOR('',#3792,1.);
#3792 = DIRECTION('',(-1.,0.,0.));
#3793 = ORIENTED_EDGE('',*,*,#3794,.T.);
#3794 = EDGE_CURVE('',#3787,#3795,#3797,.T.);
#3795 = VERTEX_POINT('',#3796);
#3796 = CARTESIAN_POINT('',(43.549893,-24.75491,0.));
#3797 = CIRCLE('',#3798,0.4);
#3798 = AXIS2_PLACEMENT_3D('',#3799,#3800,#3801);
#3799 = CARTESIAN_POINT('',(43.549893,-25.15491,0.));
#3800 = DIRECTION('',(-0.,0.,-1.));
#3801 = DIRECTION('',(0.,1.,0.));
#3802 = ORIENTED_EDGE('',*,*,#3803,.T.);
#3803 = EDGE_CURVE('',#3795,#3776,#3804,.T.);
#3804 = LINE('',#3805,#3806);
#3805 = CARTESIAN_POINT('',(22.2249465,-24.75491,0.));
#3806 = VECTOR('',#3807,1.);
#3807 = DIRECTION('',(1.,0.,-0.));
#3808 = FACE_BOUND('',#3809,.F.);
#3809 = EDGE_LOOP('',(#3810,#3821,#3829,#3838));
#3810 = ORIENTED_EDGE('',*,*,#3811,.T.);
#3811 = EDGE_CURVE('',#3812,#3814,#3816,.T.);
#3812 = VERTEX_POINT('',#3813);
#3813 = CARTESIAN_POINT('',(52.449893,-31.75491,0.));
#3814 = VERTEX_POINT('',#3815);
#3815 = CARTESIAN_POINT('',(52.449893,-32.55491,0.));
#3816 = CIRCLE('',#3817,0.4);
#3817 = AXIS2_PLACEMENT_3D('',#3818,#3819,#3820);
#3818 = CARTESIAN_POINT('',(52.449893,-32.15491,0.));
#3819 = DIRECTION('',(-0.,0.,-1.));
#3820 = DIRECTION('',(-0.,-1.,0.));
#3821 = ORIENTED_EDGE('',*,*,#3822,.T.);
#3822 = EDGE_CURVE('',#3814,#3823,#3825,.T.);
#3823 = VERTEX_POINT('',#3824);
#3824 = CARTESIAN_POINT('',(51.549893,-32.55491,0.));
#3825 = LINE('',#3826,#3827);
#3826 = CARTESIAN_POINT('',(25.7749465,-32.55491,0.));
#3827 = VECTOR('',#3828,1.);
#3828 = DIRECTION('',(-1.,0.,0.));
#3829 = ORIENTED_EDGE('',*,*,#3830,.T.);
#3830 = EDGE_CURVE('',#3823,#3831,#3833,.T.);
#3831 = VERTEX_POINT('',#3832);
#3832 = CARTESIAN_POINT('',(51.549893,-31.75491,0.));
#3833 = CIRCLE('',#3834,0.4);
#3834 = AXIS2_PLACEMENT_3D('',#3835,#3836,#3837);
#3835 = CARTESIAN_POINT('',(51.549893,-32.15491,0.));
#3836 = DIRECTION('',(-0.,0.,-1.));
#3837 = DIRECTION('',(0.,1.,0.));
#3838 = ORIENTED_EDGE('',*,*,#3839,.T.);
#3839 = EDGE_CURVE('',#3831,#3812,#3840,.T.);
#3840 = LINE('',#3841,#3842);
#3841 = CARTESIAN_POINT('',(26.2249465,-31.75491,0.));
#3842 = VECTOR('',#3843,1.);
#3843 = DIRECTION('',(1.,0.,-0.));
#3844 = FACE_BOUND('',#3845,.F.);
#3845 = EDGE_LOOP('',(#3846,#3857,#3865,#3874));
#3846 = ORIENTED_EDGE('',*,*,#3847,.T.);
#3847 = EDGE_CURVE('',#3848,#3850,#3852,.T.);
#3848 = VERTEX_POINT('',#3849);
#3849 = CARTESIAN_POINT('',(50.649893,-30.30491,0.));
#3850 = VERTEX_POINT('',#3851);
#3851 = CARTESIAN_POINT('',(49.849893,-30.30491,0.));
#3852 = CIRCLE('',#3853,0.4);
#3853 = AXIS2_PLACEMENT_3D('',#3854,#3855,#3856);
#3854 = CARTESIAN_POINT('',(50.249893,-30.30491,0.));
#3855 = DIRECTION('',(-0.,0.,-1.));
#3856 = DIRECTION('',(-1.,0.,0.));
#3857 = ORIENTED_EDGE('',*,*,#3858,.T.);
#3858 = EDGE_CURVE('',#3850,#3859,#3861,.T.);
#3859 = VERTEX_POINT('',#3860);
#3860 = CARTESIAN_POINT('',(49.849893,-29.40491,0.));
#3861 = LINE('',#3862,#3863);
#3862 = CARTESIAN_POINT('',(49.849893,-14.702455,0.));
#3863 = VECTOR('',#3864,1.);
#3864 = DIRECTION('',(-0.,1.,0.));
#3865 = ORIENTED_EDGE('',*,*,#3866,.T.);
#3866 = EDGE_CURVE('',#3859,#3867,#3869,.T.);
#3867 = VERTEX_POINT('',#3868);
#3868 = CARTESIAN_POINT('',(50.649893,-29.40491,0.));
#3869 = CIRCLE('',#3870,0.4);
#3870 = AXIS2_PLACEMENT_3D('',#3871,#3872,#3873);
#3871 = CARTESIAN_POINT('',(50.249893,-29.40491,0.));
#3872 = DIRECTION('',(0.,-0.,-1.));
#3873 = DIRECTION('',(1.,0.,-0.));
#3874 = ORIENTED_EDGE('',*,*,#3875,.T.);
#3875 = EDGE_CURVE('',#3867,#3848,#3876,.T.);
#3876 = LINE('',#3877,#3878);
#3877 = CARTESIAN_POINT('',(50.649893,-15.152455,0.));
#3878 = VECTOR('',#3879,1.);
#3879 = DIRECTION('',(0.,-1.,0.));
#3880 = FACE_BOUND('',#3881,.F.);
#3881 = EDGE_LOOP('',(#3882,#3893,#3901,#3910));
#3882 = ORIENTED_EDGE('',*,*,#3883,.T.);
#3883 = EDGE_CURVE('',#3884,#3886,#3888,.T.);
#3884 = VERTEX_POINT('',#3885);
#3885 = CARTESIAN_POINT('',(54.149893,-30.30491,0.));
#3886 = VERTEX_POINT('',#3887);
#3887 = CARTESIAN_POINT('',(53.349893,-30.30491,0.));
#3888 = CIRCLE('',#3889,0.4);
#3889 = AXIS2_PLACEMENT_3D('',#3890,#3891,#3892);
#3890 = CARTESIAN_POINT('',(53.749893,-30.30491,0.));
#3891 = DIRECTION('',(-0.,0.,-1.));
#3892 = DIRECTION('',(-1.,0.,0.));
#3893 = ORIENTED_EDGE('',*,*,#3894,.T.);
#3894 = EDGE_CURVE('',#3886,#3895,#3897,.T.);
#3895 = VERTEX_POINT('',#3896);
#3896 = CARTESIAN_POINT('',(53.349893,-29.40491,0.));
#3897 = LINE('',#3898,#3899);
#3898 = CARTESIAN_POINT('',(53.349893,-14.702455,0.));
#3899 = VECTOR('',#3900,1.);
#3900 = DIRECTION('',(-0.,1.,0.));
#3901 = ORIENTED_EDGE('',*,*,#3902,.T.);
#3902 = EDGE_CURVE('',#3895,#3903,#3905,.T.);
#3903 = VERTEX_POINT('',#3904);
#3904 = CARTESIAN_POINT('',(54.149893,-29.40491,0.));
#3905 = CIRCLE('',#3906,0.4);
#3906 = AXIS2_PLACEMENT_3D('',#3907,#3908,#3909);
#3907 = CARTESIAN_POINT('',(53.749893,-29.40491,0.));
#3908 = DIRECTION('',(0.,-0.,-1.));
#3909 = DIRECTION('',(1.,0.,-0.));
#3910 = ORIENTED_EDGE('',*,*,#3911,.T.);
#3911 = EDGE_CURVE('',#3903,#3884,#3912,.T.);
#3912 = LINE('',#3913,#3914);
#3913 = CARTESIAN_POINT('',(54.149893,-15.152455,0.));
#3914 = VECTOR('',#3915,1.);
#3915 = DIRECTION('',(0.,-1.,0.));
#3916 = FACE_BOUND('',#3917,.F.);
#3917 = EDGE_LOOP('',(#3918));
#3918 = ORIENTED_EDGE('',*,*,#3919,.F.);
#3919 = EDGE_CURVE('',#3920,#3920,#3922,.T.);
#3920 = VERTEX_POINT('',#3921);
#3921 = CARTESIAN_POINT('',(52.849893,-27.55491,0.));
#3922 = CIRCLE('',#3923,0.85);
#3923 = AXIS2_PLACEMENT_3D('',#3924,#3925,#3926);
#3924 = CARTESIAN_POINT('',(51.999893,-27.55491,0.));
#3925 = DIRECTION('',(0.,0.,1.));
#3926 = DIRECTION('',(1.,0.,-0.));
#3927 = FACE_BOUND('',#3928,.F.);
#3928 = EDGE_LOOP('',(#3929,#3940,#3948,#3957));
#3929 = ORIENTED_EDGE('',*,*,#3930,.T.);
#3930 = EDGE_CURVE('',#3931,#3933,#3935,.T.);
#3931 = VERTEX_POINT('',#3932);
#3932 = CARTESIAN_POINT('',(52.449893,-25.25491,0.));
#3933 = VERTEX_POINT('',#3934);
#3934 = CARTESIAN_POINT('',(52.449893,-26.05491,0.));
#3935 = CIRCLE('',#3936,0.4);
#3936 = AXIS2_PLACEMENT_3D('',#3937,#3938,#3939);
#3937 = CARTESIAN_POINT('',(52.449893,-25.65491,0.));
#3938 = DIRECTION('',(-0.,0.,-1.));
#3939 = DIRECTION('',(-0.,-1.,0.));
#3940 = ORIENTED_EDGE('',*,*,#3941,.T.);
#3941 = EDGE_CURVE('',#3933,#3942,#3944,.T.);
#3942 = VERTEX_POINT('',#3943);
#3943 = CARTESIAN_POINT('',(51.549893,-26.05491,0.));
#3944 = LINE('',#3945,#3946);
#3945 = CARTESIAN_POINT('',(25.7749465,-26.05491,0.));
#3946 = VECTOR('',#3947,1.);
#3947 = DIRECTION('',(-1.,0.,0.));
#3948 = ORIENTED_EDGE('',*,*,#3949,.T.);
#3949 = EDGE_CURVE('',#3942,#3950,#3952,.T.);
#3950 = VERTEX_POINT('',#3951);
#3951 = CARTESIAN_POINT('',(51.549893,-25.25491,0.));
#3952 = CIRCLE('',#3953,0.4);
#3953 = AXIS2_PLACEMENT_3D('',#3954,#3955,#3956);
#3954 = CARTESIAN_POINT('',(51.549893,-25.65491,0.));
#3955 = DIRECTION('',(-0.,0.,-1.));
#3956 = DIRECTION('',(0.,1.,0.));
#3957 = ORIENTED_EDGE('',*,*,#3958,.T.);
#3958 = EDGE_CURVE('',#3950,#3931,#3959,.T.);
#3959 = LINE('',#3960,#3961);
#3960 = CARTESIAN_POINT('',(26.2249465,-25.25491,0.));
#3961 = VECTOR('',#3962,1.);
#3962 = DIRECTION('',(1.,0.,-0.));
#3963 = PLANE('',#3964);
#3964 = AXIS2_PLACEMENT_3D('',#3965,#3966,#3967);
#3965 = CARTESIAN_POINT('',(0.,0.,0.));
#3966 = DIRECTION('',(0.,0.,1.));
#3967 = DIRECTION('',(1.,0.,-0.));
#3968 = ADVANCED_FACE('',(#3969,#4015,#4051,#4062,#4098,#4134,#4170,
    #4206,#4217,#4253,#4289,#4325,#4336,#4347,#4358,#4369,#4380,#4416,
    #4427,#4463,#4499,#4535,#4571,#4582,#4618,#4654,#4690,#4701,#4712,
    #4723,#4734,#4745,#4756,#4792,#4828,#4839,#4875,#4886,#4897,#4908,
    #4919,#4930,#4966,#5002,#5038,#5049,#5085,#5121,#5157,#5193,#5204,
    #5240,#5251,#5262,#5273,#5284,#5320,#5331,#5342,#5378,#5414,#5450,
    #5461,#5497,#5533,#5569,#5605,#5616),#5652,.T.);
#3969 = FACE_BOUND('',#3970,.T.);
#3970 = EDGE_LOOP('',(#3971,#3972,#3973,#3982,#3990,#3999,#4007,#4014));
#3971 = ORIENTED_EDGE('',*,*,#2189,.F.);
#3972 = ORIENTED_EDGE('',*,*,#2231,.F.);
#3973 = ORIENTED_EDGE('',*,*,#3974,.F.);
#3974 = EDGE_CURVE('',#3975,#2224,#3977,.T.);
#3975 = VERTEX_POINT('',#3976);
#3976 = CARTESIAN_POINT('',(19.499895,-24.499909,0.71));
#3977 = CIRCLE('',#3978,1.000000960045);
#3978 = AXIS2_PLACEMENT_3D('',#3979,#3980,#3981);
#3979 = CARTESIAN_POINT('',(20.499895960041,-24.49991196004,0.71));
#3980 = DIRECTION('',(0.,0.,-1.));
#3981 = DIRECTION('',(-0.999999999996,2.960038067502E-06,0.));
#3982 = ORIENTED_EDGE('',*,*,#3983,.F.);
#3983 = EDGE_CURVE('',#3984,#3975,#3986,.T.);
#3984 = VERTEX_POINT('',#3985);
#3985 = CARTESIAN_POINT('',(19.499894,-55.49991,0.71));
#3986 = LINE('',#3987,#3988);
#3987 = CARTESIAN_POINT('',(19.499894,-55.49991,0.71));
#3988 = VECTOR('',#3989,1.);
#3989 = DIRECTION('',(3.22580633941E-08,1.,0.));
#3990 = ORIENTED_EDGE('',*,*,#3991,.F.);
#3991 = EDGE_CURVE('',#3992,#3984,#3994,.T.);
#3992 = VERTEX_POINT('',#3993);
#3993 = CARTESIAN_POINT('',(20.499893,-56.499909,0.71));
#3994 = CIRCLE('',#3995,0.99999754582);
#3995 = AXIS2_PLACEMENT_3D('',#3996,#3997,#3998);
#3996 = CARTESIAN_POINT('',(20.499891545819,-55.49991145418,0.71));
#3997 = DIRECTION('',(0.,0.,-1.));
#3998 = DIRECTION('',(1.454184252254E-06,-0.999999999999,0.));
#3999 = ORIENTED_EDGE('',*,*,#4000,.F.);
#4000 = EDGE_CURVE('',#4001,#3992,#4003,.T.);
#4001 = VERTEX_POINT('',#4002);
#4002 = CARTESIAN_POINT('',(58.999897,-56.499903,0.71));
#4003 = LINE('',#4004,#4005);
#4004 = CARTESIAN_POINT('',(58.999897,-56.499903,0.71));
#4005 = VECTOR('',#4006,1.);
#4006 = DIRECTION('',(-1.,-1.558441396282E-07,0.));
#4007 = ORIENTED_EDGE('',*,*,#4008,.F.);
#4008 = EDGE_CURVE('',#2254,#4001,#4009,.T.);
#4009 = CIRCLE('',#4010,0.999987303378);
#4010 = AXIS2_PLACEMENT_3D('',#4011,#4012,#4013);
#4011 = CARTESIAN_POINT('',(58.999905696702,-55.49991569666,0.71));
#4012 = DIRECTION('',(0.,0.,-1.));
#4013 = DIRECTION('',(0.999999999919,1.269682078821E-05,0.));
#4014 = ORIENTED_EDGE('',*,*,#2253,.F.);
#4015 = FACE_BOUND('',#4016,.T.);
#4016 = EDGE_LOOP('',(#4017,#4028,#4036,#4045));
#4017 = ORIENTED_EDGE('',*,*,#4018,.T.);
#4018 = EDGE_CURVE('',#4019,#4021,#4023,.T.);
#4019 = VERTEX_POINT('',#4020);
#4020 = CARTESIAN_POINT('',(27.049893,-55.24491,0.71));
#4021 = VERTEX_POINT('',#4022);
#4022 = CARTESIAN_POINT('',(27.049893,-54.44491,0.71));
#4023 = CIRCLE('',#4024,0.4);
#4024 = AXIS2_PLACEMENT_3D('',#4025,#4026,#4027);
#4025 = CARTESIAN_POINT('',(27.049893,-54.84491,0.71));
#4026 = DIRECTION('',(-0.,0.,-1.));
#4027 = DIRECTION('',(-8.881784197001E-15,1.,0.));
#4028 = ORIENTED_EDGE('',*,*,#4029,.T.);
#4029 = EDGE_CURVE('',#4021,#4030,#4032,.T.);
#4030 = VERTEX_POINT('',#4031);
#4031 = CARTESIAN_POINT('',(27.949893,-54.44491,0.71));
#4032 = LINE('',#4033,#4034);
#4033 = CARTESIAN_POINT('',(13.9749465,-54.44491,0.71));
#4034 = VECTOR('',#4035,1.);
#4035 = DIRECTION('',(1.,0.,-0.));
#4036 = ORIENTED_EDGE('',*,*,#4037,.T.);
#4037 = EDGE_CURVE('',#4030,#4038,#4040,.T.);
#4038 = VERTEX_POINT('',#4039);
#4039 = CARTESIAN_POINT('',(27.949893,-55.24491,0.71));
#4040 = CIRCLE('',#4041,0.4);
#4041 = AXIS2_PLACEMENT_3D('',#4042,#4043,#4044);
#4042 = CARTESIAN_POINT('',(27.949893,-54.84491,0.71));
#4043 = DIRECTION('',(-0.,0.,-1.));
#4044 = DIRECTION('',(8.881784197001E-15,-1.,-0.));
#4045 = ORIENTED_EDGE('',*,*,#4046,.T.);
#4046 = EDGE_CURVE('',#4038,#4019,#4047,.T.);
#4047 = LINE('',#4048,#4049);
#4048 = CARTESIAN_POINT('',(13.5249465,-55.24491,0.71));
#4049 = VECTOR('',#4050,1.);
#4050 = DIRECTION('',(-1.,0.,0.));
#4051 = FACE_BOUND('',#4052,.T.);
#4052 = EDGE_LOOP('',(#4053));
#4053 = ORIENTED_EDGE('',*,*,#4054,.F.);
#4054 = EDGE_CURVE('',#4055,#4055,#4057,.T.);
#4055 = VERTEX_POINT('',#4056);
#4056 = CARTESIAN_POINT('',(28.349893,-52.94491,0.71));
#4057 = CIRCLE('',#4058,0.85);
#4058 = AXIS2_PLACEMENT_3D('',#4059,#4060,#4061);
#4059 = CARTESIAN_POINT('',(27.499893,-52.94491,0.71));
#4060 = DIRECTION('',(0.,0.,1.));
#4061 = DIRECTION('',(1.,0.,-0.));
#4062 = FACE_BOUND('',#4063,.T.);
#4063 = EDGE_LOOP('',(#4064,#4075,#4083,#4092));
#4064 = ORIENTED_EDGE('',*,*,#4065,.T.);
#4065 = EDGE_CURVE('',#4066,#4068,#4070,.T.);
#4066 = VERTEX_POINT('',#4067);
#4067 = CARTESIAN_POINT('',(25.349893,-50.19491,0.71));
#4068 = VERTEX_POINT('',#4069);
#4069 = CARTESIAN_POINT('',(26.149893,-50.19491,0.71));
#4070 = CIRCLE('',#4071,0.4);
#4071 = AXIS2_PLACEMENT_3D('',#4072,#4073,#4074);
#4072 = CARTESIAN_POINT('',(25.749893,-50.19491,0.71));
#4073 = DIRECTION('',(0.,-0.,-1.));
#4074 = DIRECTION('',(1.,1.7763568394E-14,-0.));
#4075 = ORIENTED_EDGE('',*,*,#4076,.T.);
#4076 = EDGE_CURVE('',#4068,#4077,#4079,.T.);
#4077 = VERTEX_POINT('',#4078);
#4078 = CARTESIAN_POINT('',(26.149893,-51.09491,0.71));
#4079 = LINE('',#4080,#4081);
#4080 = CARTESIAN_POINT('',(26.149893,-25.547455,0.71));
#4081 = VECTOR('',#4082,1.);
#4082 = DIRECTION('',(0.,-1.,0.));
#4083 = ORIENTED_EDGE('',*,*,#4084,.T.);
#4084 = EDGE_CURVE('',#4077,#4085,#4087,.T.);
#4085 = VERTEX_POINT('',#4086);
#4086 = CARTESIAN_POINT('',(25.349893,-51.09491,0.71));
#4087 = CIRCLE('',#4088,0.4);
#4088 = AXIS2_PLACEMENT_3D('',#4089,#4090,#4091);
#4089 = CARTESIAN_POINT('',(25.749893,-51.09491,0.71));
#4090 = DIRECTION('',(-0.,0.,-1.));
#4091 = DIRECTION('',(-1.,0.,0.));
#4092 = ORIENTED_EDGE('',*,*,#4093,.T.);
#4093 = EDGE_CURVE('',#4085,#4066,#4094,.T.);
#4094 = LINE('',#4095,#4096);
#4095 = CARTESIAN_POINT('',(25.349893,-25.097455,0.71));
#4096 = VECTOR('',#4097,1.);
#4097 = DIRECTION('',(-0.,1.,0.));
#4098 = FACE_BOUND('',#4099,.T.);
#4099 = EDGE_LOOP('',(#4100,#4111,#4119,#4128));
#4100 = ORIENTED_EDGE('',*,*,#4101,.T.);
#4101 = EDGE_CURVE('',#4102,#4104,#4106,.T.);
#4102 = VERTEX_POINT('',#4103);
#4103 = CARTESIAN_POINT('',(28.849893,-50.19491,0.71));
#4104 = VERTEX_POINT('',#4105);
#4105 = CARTESIAN_POINT('',(29.649893,-50.19491,0.71));
#4106 = CIRCLE('',#4107,0.4);
#4107 = AXIS2_PLACEMENT_3D('',#4108,#4109,#4110);
#4108 = CARTESIAN_POINT('',(29.249893,-50.19491,0.71));
#4109 = DIRECTION('',(0.,-0.,-1.));
#4110 = DIRECTION('',(1.,1.7763568394E-14,-0.));
#4111 = ORIENTED_EDGE('',*,*,#4112,.T.);
#4112 = EDGE_CURVE('',#4104,#4113,#4115,.T.);
#4113 = VERTEX_POINT('',#4114);
#4114 = CARTESIAN_POINT('',(29.649893,-51.09491,0.71));
#4115 = LINE('',#4116,#4117);
#4116 = CARTESIAN_POINT('',(29.649893,-25.547455,0.71));
#4117 = VECTOR('',#4118,1.);
#4118 = DIRECTION('',(0.,-1.,0.));
#4119 = ORIENTED_EDGE('',*,*,#4120,.T.);
#4120 = EDGE_CURVE('',#4113,#4121,#4123,.T.);
#4121 = VERTEX_POINT('',#4122);
#4122 = CARTESIAN_POINT('',(28.849893,-51.09491,0.71));
#4123 = CIRCLE('',#4124,0.4);
#4124 = AXIS2_PLACEMENT_3D('',#4125,#4126,#4127);
#4125 = CARTESIAN_POINT('',(29.249893,-51.09491,0.71));
#4126 = DIRECTION('',(-0.,0.,-1.));
#4127 = DIRECTION('',(-1.,0.,0.));
#4128 = ORIENTED_EDGE('',*,*,#4129,.T.);
#4129 = EDGE_CURVE('',#4121,#4102,#4130,.T.);
#4130 = LINE('',#4131,#4132);
#4131 = CARTESIAN_POINT('',(28.849893,-25.097455,0.71));
#4132 = VECTOR('',#4133,1.);
#4133 = DIRECTION('',(-0.,1.,0.));
#4134 = FACE_BOUND('',#4135,.T.);
#4135 = EDGE_LOOP('',(#4136,#4147,#4155,#4164));
#4136 = ORIENTED_EDGE('',*,*,#4137,.T.);
#4137 = EDGE_CURVE('',#4138,#4140,#4142,.T.);
#4138 = VERTEX_POINT('',#4139);
#4139 = CARTESIAN_POINT('',(27.049893,-48.74491,0.71));
#4140 = VERTEX_POINT('',#4141);
#4141 = CARTESIAN_POINT('',(27.049893,-47.94491,0.71));
#4142 = CIRCLE('',#4143,0.4);
#4143 = AXIS2_PLACEMENT_3D('',#4144,#4145,#4146);
#4144 = CARTESIAN_POINT('',(27.049893,-48.34491,0.71));
#4145 = DIRECTION('',(-0.,0.,-1.));
#4146 = DIRECTION('',(-8.881784197001E-15,1.,0.));
#4147 = ORIENTED_EDGE('',*,*,#4148,.T.);
#4148 = EDGE_CURVE('',#4140,#4149,#4151,.T.);
#4149 = VERTEX_POINT('',#4150);
#4150 = CARTESIAN_POINT('',(27.949893,-47.94491,0.71));
#4151 = LINE('',#4152,#4153);
#4152 = CARTESIAN_POINT('',(13.9749465,-47.94491,0.71));
#4153 = VECTOR('',#4154,1.);
#4154 = DIRECTION('',(1.,0.,-0.));
#4155 = ORIENTED_EDGE('',*,*,#4156,.T.);
#4156 = EDGE_CURVE('',#4149,#4157,#4159,.T.);
#4157 = VERTEX_POINT('',#4158);
#4158 = CARTESIAN_POINT('',(27.949893,-48.74491,0.71));
#4159 = CIRCLE('',#4160,0.4);
#4160 = AXIS2_PLACEMENT_3D('',#4161,#4162,#4163);
#4161 = CARTESIAN_POINT('',(27.949893,-48.34491,0.71));
#4162 = DIRECTION('',(-0.,0.,-1.));
#4163 = DIRECTION('',(8.881784197001E-15,-1.,-0.));
#4164 = ORIENTED_EDGE('',*,*,#4165,.T.);
#4165 = EDGE_CURVE('',#4157,#4138,#4166,.T.);
#4166 = LINE('',#4167,#4168);
#4167 = CARTESIAN_POINT('',(13.5249465,-48.74491,0.71));
#4168 = VECTOR('',#4169,1.);
#4169 = DIRECTION('',(-1.,0.,0.));
#4170 = FACE_BOUND('',#4171,.T.);
#4171 = EDGE_LOOP('',(#4172,#4183,#4191,#4200));
#4172 = ORIENTED_EDGE('',*,*,#4173,.T.);
#4173 = EDGE_CURVE('',#4174,#4176,#4178,.T.);
#4174 = VERTEX_POINT('',#4175);
#4175 = CARTESIAN_POINT('',(35.549893,-55.244909,0.71));
#4176 = VERTEX_POINT('',#4177);
#4177 = CARTESIAN_POINT('',(35.549893,-54.444909,0.71));
#4178 = CIRCLE('',#4179,0.4);
#4179 = AXIS2_PLACEMENT_3D('',#4180,#4181,#4182);
#4180 = CARTESIAN_POINT('',(35.549893,-54.844909,0.71));
#4181 = DIRECTION('',(-0.,0.,-1.));
#4182 = DIRECTION('',(0.,1.,0.));
#4183 = ORIENTED_EDGE('',*,*,#4184,.T.);
#4184 = EDGE_CURVE('',#4176,#4185,#4187,.T.);
#4185 = VERTEX_POINT('',#4186);
#4186 = CARTESIAN_POINT('',(36.449893,-54.444909,0.71));
#4187 = LINE('',#4188,#4189);
#4188 = CARTESIAN_POINT('',(18.2249465,-54.444909,0.71));
#4189 = VECTOR('',#4190,1.);
#4190 = DIRECTION('',(1.,0.,-0.));
#4191 = ORIENTED_EDGE('',*,*,#4192,.T.);
#4192 = EDGE_CURVE('',#4185,#4193,#4195,.T.);
#4193 = VERTEX_POINT('',#4194);
#4194 = CARTESIAN_POINT('',(36.449893,-55.244909,0.71));
#4195 = CIRCLE('',#4196,0.4);
#4196 = AXIS2_PLACEMENT_3D('',#4197,#4198,#4199);
#4197 = CARTESIAN_POINT('',(36.449893,-54.844909,0.71));
#4198 = DIRECTION('',(-0.,0.,-1.));
#4199 = DIRECTION('',(-0.,-1.,0.));
#4200 = ORIENTED_EDGE('',*,*,#4201,.T.);
#4201 = EDGE_CURVE('',#4193,#4174,#4202,.T.);
#4202 = LINE('',#4203,#4204);
#4203 = CARTESIAN_POINT('',(17.7749465,-55.244909,0.71));
#4204 = VECTOR('',#4205,1.);
#4205 = DIRECTION('',(-1.,0.,0.));
#4206 = FACE_BOUND('',#4207,.T.);
#4207 = EDGE_LOOP('',(#4208));
#4208 = ORIENTED_EDGE('',*,*,#4209,.F.);
#4209 = EDGE_CURVE('',#4210,#4210,#4212,.T.);
#4210 = VERTEX_POINT('',#4211);
#4211 = CARTESIAN_POINT('',(36.849893,-52.944909,0.71));
#4212 = CIRCLE('',#4213,0.85);
#4213 = AXIS2_PLACEMENT_3D('',#4214,#4215,#4216);
#4214 = CARTESIAN_POINT('',(35.999893,-52.944909,0.71));
#4215 = DIRECTION('',(0.,0.,1.));
#4216 = DIRECTION('',(1.,0.,-0.));
#4217 = FACE_BOUND('',#4218,.T.);
#4218 = EDGE_LOOP('',(#4219,#4230,#4238,#4247));
#4219 = ORIENTED_EDGE('',*,*,#4220,.T.);
#4220 = EDGE_CURVE('',#4221,#4223,#4225,.T.);
#4221 = VERTEX_POINT('',#4222);
#4222 = CARTESIAN_POINT('',(33.849893,-50.194909,0.71));
#4223 = VERTEX_POINT('',#4224);
#4224 = CARTESIAN_POINT('',(34.649893,-50.194909,0.71));
#4225 = CIRCLE('',#4226,0.4);
#4226 = AXIS2_PLACEMENT_3D('',#4227,#4228,#4229);
#4227 = CARTESIAN_POINT('',(34.249893,-50.194909,0.71));
#4228 = DIRECTION('',(0.,-0.,-1.));
#4229 = DIRECTION('',(1.,-1.7763568394E-14,0.));
#4230 = ORIENTED_EDGE('',*,*,#4231,.T.);
#4231 = EDGE_CURVE('',#4223,#4232,#4234,.T.);
#4232 = VERTEX_POINT('',#4233);
#4233 = CARTESIAN_POINT('',(34.649893,-51.094909,0.71));
#4234 = LINE('',#4235,#4236);
#4235 = CARTESIAN_POINT('',(34.649893,-25.5474545,0.71));
#4236 = VECTOR('',#4237,1.);
#4237 = DIRECTION('',(0.,-1.,0.));
#4238 = ORIENTED_EDGE('',*,*,#4239,.T.);
#4239 = EDGE_CURVE('',#4232,#4240,#4242,.T.);
#4240 = VERTEX_POINT('',#4241);
#4241 = CARTESIAN_POINT('',(33.849893,-51.094909,0.71));
#4242 = CIRCLE('',#4243,0.4);
#4243 = AXIS2_PLACEMENT_3D('',#4244,#4245,#4246);
#4244 = CARTESIAN_POINT('',(34.249893,-51.094909,0.71));
#4245 = DIRECTION('',(-0.,0.,-1.));
#4246 = DIRECTION('',(-1.,0.,0.));
#4247 = ORIENTED_EDGE('',*,*,#4248,.T.);
#4248 = EDGE_CURVE('',#4240,#4221,#4249,.T.);
#4249 = LINE('',#4250,#4251);
#4250 = CARTESIAN_POINT('',(33.849893,-25.0974545,0.71));
#4251 = VECTOR('',#4252,1.);
#4252 = DIRECTION('',(-0.,1.,0.));
#4253 = FACE_BOUND('',#4254,.T.);
#4254 = EDGE_LOOP('',(#4255,#4266,#4274,#4283));
#4255 = ORIENTED_EDGE('',*,*,#4256,.T.);
#4256 = EDGE_CURVE('',#4257,#4259,#4261,.T.);
#4257 = VERTEX_POINT('',#4258);
#4258 = CARTESIAN_POINT('',(37.349893,-50.194909,0.71));
#4259 = VERTEX_POINT('',#4260);
#4260 = CARTESIAN_POINT('',(38.149893,-50.194909,0.71));
#4261 = CIRCLE('',#4262,0.4);
#4262 = AXIS2_PLACEMENT_3D('',#4263,#4264,#4265);
#4263 = CARTESIAN_POINT('',(37.749893,-50.194909,0.71));
#4264 = DIRECTION('',(0.,-0.,-1.));
#4265 = DIRECTION('',(1.,-1.7763568394E-14,0.));
#4266 = ORIENTED_EDGE('',*,*,#4267,.T.);
#4267 = EDGE_CURVE('',#4259,#4268,#4270,.T.);
#4268 = VERTEX_POINT('',#4269);
#4269 = CARTESIAN_POINT('',(38.149893,-51.094909,0.71));
#4270 = LINE('',#4271,#4272);
#4271 = CARTESIAN_POINT('',(38.149893,-25.5474545,0.71));
#4272 = VECTOR('',#4273,1.);
#4273 = DIRECTION('',(0.,-1.,0.));
#4274 = ORIENTED_EDGE('',*,*,#4275,.T.);
#4275 = EDGE_CURVE('',#4268,#4276,#4278,.T.);
#4276 = VERTEX_POINT('',#4277);
#4277 = CARTESIAN_POINT('',(37.349893,-51.094909,0.71));
#4278 = CIRCLE('',#4279,0.4);
#4279 = AXIS2_PLACEMENT_3D('',#4280,#4281,#4282);
#4280 = CARTESIAN_POINT('',(37.749893,-51.094909,0.71));
#4281 = DIRECTION('',(-0.,0.,-1.));
#4282 = DIRECTION('',(-1.,0.,0.));
#4283 = ORIENTED_EDGE('',*,*,#4284,.T.);
#4284 = EDGE_CURVE('',#4276,#4257,#4285,.T.);
#4285 = LINE('',#4286,#4287);
#4286 = CARTESIAN_POINT('',(37.349893,-25.0974545,0.71));
#4287 = VECTOR('',#4288,1.);
#4288 = DIRECTION('',(-0.,1.,0.));
#4289 = FACE_BOUND('',#4290,.T.);
#4290 = EDGE_LOOP('',(#4291,#4302,#4310,#4319));
#4291 = ORIENTED_EDGE('',*,*,#4292,.T.);
#4292 = EDGE_CURVE('',#4293,#4295,#4297,.T.);
#4293 = VERTEX_POINT('',#4294);
#4294 = CARTESIAN_POINT('',(35.549893,-48.744909,0.71));
#4295 = VERTEX_POINT('',#4296);
#4296 = CARTESIAN_POINT('',(35.549893,-47.944909,0.71));
#4297 = CIRCLE('',#4298,0.4);
#4298 = AXIS2_PLACEMENT_3D('',#4299,#4300,#4301);
#4299 = CARTESIAN_POINT('',(35.549893,-48.344909,0.71));
#4300 = DIRECTION('',(-0.,0.,-1.));
#4301 = DIRECTION('',(0.,1.,0.));
#4302 = ORIENTED_EDGE('',*,*,#4303,.T.);
#4303 = EDGE_CURVE('',#4295,#4304,#4306,.T.);
#4304 = VERTEX_POINT('',#4305);
#4305 = CARTESIAN_POINT('',(36.449893,-47.944909,0.71));
#4306 = LINE('',#4307,#4308);
#4307 = CARTESIAN_POINT('',(18.2249465,-47.944909,0.71));
#4308 = VECTOR('',#4309,1.);
#4309 = DIRECTION('',(1.,0.,-0.));
#4310 = ORIENTED_EDGE('',*,*,#4311,.T.);
#4311 = EDGE_CURVE('',#4304,#4312,#4314,.T.);
#4312 = VERTEX_POINT('',#4313);
#4313 = CARTESIAN_POINT('',(36.449893,-48.744909,0.71));
#4314 = CIRCLE('',#4315,0.4);
#4315 = AXIS2_PLACEMENT_3D('',#4316,#4317,#4318);
#4316 = CARTESIAN_POINT('',(36.449893,-48.344909,0.71));
#4317 = DIRECTION('',(-0.,0.,-1.));
#4318 = DIRECTION('',(-0.,-1.,0.));
#4319 = ORIENTED_EDGE('',*,*,#4320,.T.);
#4320 = EDGE_CURVE('',#4312,#4293,#4321,.T.);
#4321 = LINE('',#4322,#4323);
#4322 = CARTESIAN_POINT('',(17.7749465,-48.744909,0.71));
#4323 = VECTOR('',#4324,1.);
#4324 = DIRECTION('',(-1.,0.,0.));
#4325 = FACE_BOUND('',#4326,.T.);
#4326 = EDGE_LOOP('',(#4327));
#4327 = ORIENTED_EDGE('',*,*,#4328,.F.);
#4328 = EDGE_CURVE('',#4329,#4329,#4331,.T.);
#4329 = VERTEX_POINT('',#4330);
#4330 = CARTESIAN_POINT('',(23.499893,-43.99991,0.71));
#4331 = CIRCLE('',#4332,1.);
#4332 = AXIS2_PLACEMENT_3D('',#4333,#4334,#4335);
#4333 = CARTESIAN_POINT('',(22.499893,-43.99991,0.71));
#4334 = DIRECTION('',(0.,0.,1.));
#4335 = DIRECTION('',(1.,0.,-0.));
#4336 = FACE_BOUND('',#4337,.T.);
#4337 = EDGE_LOOP('',(#4338));
#4338 = ORIENTED_EDGE('',*,*,#4339,.T.);
#4339 = EDGE_CURVE('',#4340,#4340,#4342,.T.);
#4340 = VERTEX_POINT('',#4341);
#4341 = CARTESIAN_POINT('',(32.374893,-45.59991,0.71));
#4342 = CIRCLE('',#4343,0.6);
#4343 = AXIS2_PLACEMENT_3D('',#4344,#4345,#4346);
#4344 = CARTESIAN_POINT('',(32.374893,-44.99991,0.71));
#4345 = DIRECTION('',(-0.,0.,-1.));
#4346 = DIRECTION('',(-0.,-1.,0.));
#4347 = FACE_BOUND('',#4348,.T.);
#4348 = EDGE_LOOP('',(#4349));
#4349 = ORIENTED_EDGE('',*,*,#4350,.T.);
#4350 = EDGE_CURVE('',#4351,#4351,#4353,.T.);
#4351 = VERTEX_POINT('',#4352);
#4352 = CARTESIAN_POINT('',(37.374893,-45.59991,0.71));
#4353 = CIRCLE('',#4354,0.6);
#4354 = AXIS2_PLACEMENT_3D('',#4355,#4356,#4357);
#4355 = CARTESIAN_POINT('',(37.374893,-44.99991,0.71));
#4356 = DIRECTION('',(-0.,0.,-1.));
#4357 = DIRECTION('',(-0.,-1.,0.));
#4358 = FACE_BOUND('',#4359,.T.);
#4359 = EDGE_LOOP('',(#4360));
#4360 = ORIENTED_EDGE('',*,*,#4361,.T.);
#4361 = EDGE_CURVE('',#4362,#4362,#4364,.T.);
#4362 = VERTEX_POINT('',#4363);
#4363 = CARTESIAN_POINT('',(32.374893,-42.34991,0.71));
#4364 = CIRCLE('',#4365,0.6);
#4365 = AXIS2_PLACEMENT_3D('',#4366,#4367,#4368);
#4366 = CARTESIAN_POINT('',(32.374893,-41.74991,0.71));
#4367 = DIRECTION('',(-0.,0.,-1.));
#4368 = DIRECTION('',(-0.,-1.,0.));
#4369 = FACE_BOUND('',#4370,.T.);
#4370 = EDGE_LOOP('',(#4371));
#4371 = ORIENTED_EDGE('',*,*,#4372,.T.);
#4372 = EDGE_CURVE('',#4373,#4373,#4375,.T.);
#4373 = VERTEX_POINT('',#4374);
#4374 = CARTESIAN_POINT('',(37.374893,-42.34991,0.71));
#4375 = CIRCLE('',#4376,0.6);
#4376 = AXIS2_PLACEMENT_3D('',#4377,#4378,#4379);
#4377 = CARTESIAN_POINT('',(37.374893,-41.74991,0.71));
#4378 = DIRECTION('',(-0.,0.,-1.));
#4379 = DIRECTION('',(-0.,-1.,0.));
#4380 = FACE_BOUND('',#4381,.T.);
#4381 = EDGE_LOOP('',(#4382,#4393,#4401,#4410));
#4382 = ORIENTED_EDGE('',*,*,#4383,.T.);
#4383 = EDGE_CURVE('',#4384,#4386,#4388,.T.);
#4384 = VERTEX_POINT('',#4385);
#4385 = CARTESIAN_POINT('',(43.549893,-55.244909,0.71));
#4386 = VERTEX_POINT('',#4387);
#4387 = CARTESIAN_POINT('',(43.549893,-54.444909,0.71));
#4388 = CIRCLE('',#4389,0.4);
#4389 = AXIS2_PLACEMENT_3D('',#4390,#4391,#4392);
#4390 = CARTESIAN_POINT('',(43.549893,-54.844909,0.71));
#4391 = DIRECTION('',(-0.,0.,-1.));
#4392 = DIRECTION('',(0.,1.,0.));
#4393 = ORIENTED_EDGE('',*,*,#4394,.T.);
#4394 = EDGE_CURVE('',#4386,#4395,#4397,.T.);
#4395 = VERTEX_POINT('',#4396);
#4396 = CARTESIAN_POINT('',(44.449893,-54.444909,0.71));
#4397 = LINE('',#4398,#4399);
#4398 = CARTESIAN_POINT('',(22.2249465,-54.444909,0.71));
#4399 = VECTOR('',#4400,1.);
#4400 = DIRECTION('',(1.,0.,-0.));
#4401 = ORIENTED_EDGE('',*,*,#4402,.T.);
#4402 = EDGE_CURVE('',#4395,#4403,#4405,.T.);
#4403 = VERTEX_POINT('',#4404);
#4404 = CARTESIAN_POINT('',(44.449893,-55.244909,0.71));
#4405 = CIRCLE('',#4406,0.4);
#4406 = AXIS2_PLACEMENT_3D('',#4407,#4408,#4409);
#4407 = CARTESIAN_POINT('',(44.449893,-54.844909,0.71));
#4408 = DIRECTION('',(-0.,0.,-1.));
#4409 = DIRECTION('',(-0.,-1.,0.));
#4410 = ORIENTED_EDGE('',*,*,#4411,.T.);
#4411 = EDGE_CURVE('',#4403,#4384,#4412,.T.);
#4412 = LINE('',#4413,#4414);
#4413 = CARTESIAN_POINT('',(21.7749465,-55.244909,0.71));
#4414 = VECTOR('',#4415,1.);
#4415 = DIRECTION('',(-1.,0.,0.));
#4416 = FACE_BOUND('',#4417,.T.);
#4417 = EDGE_LOOP('',(#4418));
#4418 = ORIENTED_EDGE('',*,*,#4419,.F.);
#4419 = EDGE_CURVE('',#4420,#4420,#4422,.T.);
#4420 = VERTEX_POINT('',#4421);
#4421 = CARTESIAN_POINT('',(44.849893,-52.944909,0.71));
#4422 = CIRCLE('',#4423,0.85);
#4423 = AXIS2_PLACEMENT_3D('',#4424,#4425,#4426);
#4424 = CARTESIAN_POINT('',(43.999893,-52.944909,0.71));
#4425 = DIRECTION('',(0.,0.,1.));
#4426 = DIRECTION('',(1.,0.,-0.));
#4427 = FACE_BOUND('',#4428,.T.);
#4428 = EDGE_LOOP('',(#4429,#4440,#4448,#4457));
#4429 = ORIENTED_EDGE('',*,*,#4430,.T.);
#4430 = EDGE_CURVE('',#4431,#4433,#4435,.T.);
#4431 = VERTEX_POINT('',#4432);
#4432 = CARTESIAN_POINT('',(41.849893,-50.194909,0.71));
#4433 = VERTEX_POINT('',#4434);
#4434 = CARTESIAN_POINT('',(42.649893,-50.194909,0.71));
#4435 = CIRCLE('',#4436,0.4);
#4436 = AXIS2_PLACEMENT_3D('',#4437,#4438,#4439);
#4437 = CARTESIAN_POINT('',(42.249893,-50.194909,0.71));
#4438 = DIRECTION('',(0.,-0.,-1.));
#4439 = DIRECTION('',(1.,-1.7763568394E-14,0.));
#4440 = ORIENTED_EDGE('',*,*,#4441,.T.);
#4441 = EDGE_CURVE('',#4433,#4442,#4444,.T.);
#4442 = VERTEX_POINT('',#4443);
#4443 = CARTESIAN_POINT('',(42.649893,-51.094909,0.71));
#4444 = LINE('',#4445,#4446);
#4445 = CARTESIAN_POINT('',(42.649893,-25.5474545,0.71));
#4446 = VECTOR('',#4447,1.);
#4447 = DIRECTION('',(0.,-1.,0.));
#4448 = ORIENTED_EDGE('',*,*,#4449,.T.);
#4449 = EDGE_CURVE('',#4442,#4450,#4452,.T.);
#4450 = VERTEX_POINT('',#4451);
#4451 = CARTESIAN_POINT('',(41.849893,-51.094909,0.71));
#4452 = CIRCLE('',#4453,0.4);
#4453 = AXIS2_PLACEMENT_3D('',#4454,#4455,#4456);
#4454 = CARTESIAN_POINT('',(42.249893,-51.094909,0.71));
#4455 = DIRECTION('',(-0.,0.,-1.));
#4456 = DIRECTION('',(-1.,0.,0.));
#4457 = ORIENTED_EDGE('',*,*,#4458,.T.);
#4458 = EDGE_CURVE('',#4450,#4431,#4459,.T.);
#4459 = LINE('',#4460,#4461);
#4460 = CARTESIAN_POINT('',(41.849893,-25.0974545,0.71));
#4461 = VECTOR('',#4462,1.);
#4462 = DIRECTION('',(-0.,1.,0.));
#4463 = FACE_BOUND('',#4464,.T.);
#4464 = EDGE_LOOP('',(#4465,#4476,#4484,#4493));
#4465 = ORIENTED_EDGE('',*,*,#4466,.T.);
#4466 = EDGE_CURVE('',#4467,#4469,#4471,.T.);
#4467 = VERTEX_POINT('',#4468);
#4468 = CARTESIAN_POINT('',(43.549893,-48.744909,0.71));
#4469 = VERTEX_POINT('',#4470);
#4470 = CARTESIAN_POINT('',(43.549893,-47.944909,0.71));
#4471 = CIRCLE('',#4472,0.4);
#4472 = AXIS2_PLACEMENT_3D('',#4473,#4474,#4475);
#4473 = CARTESIAN_POINT('',(43.549893,-48.344909,0.71));
#4474 = DIRECTION('',(-0.,0.,-1.));
#4475 = DIRECTION('',(0.,1.,0.));
#4476 = ORIENTED_EDGE('',*,*,#4477,.T.);
#4477 = EDGE_CURVE('',#4469,#4478,#4480,.T.);
#4478 = VERTEX_POINT('',#4479);
#4479 = CARTESIAN_POINT('',(44.449893,-47.944909,0.71));
#4480 = LINE('',#4481,#4482);
#4481 = CARTESIAN_POINT('',(22.2249465,-47.944909,0.71));
#4482 = VECTOR('',#4483,1.);
#4483 = DIRECTION('',(1.,0.,-0.));
#4484 = ORIENTED_EDGE('',*,*,#4485,.T.);
#4485 = EDGE_CURVE('',#4478,#4486,#4488,.T.);
#4486 = VERTEX_POINT('',#4487);
#4487 = CARTESIAN_POINT('',(44.449893,-48.744909,0.71));
#4488 = CIRCLE('',#4489,0.4);
#4489 = AXIS2_PLACEMENT_3D('',#4490,#4491,#4492);
#4490 = CARTESIAN_POINT('',(44.449893,-48.344909,0.71));
#4491 = DIRECTION('',(-0.,0.,-1.));
#4492 = DIRECTION('',(-0.,-1.,0.));
#4493 = ORIENTED_EDGE('',*,*,#4494,.T.);
#4494 = EDGE_CURVE('',#4486,#4467,#4495,.T.);
#4495 = LINE('',#4496,#4497);
#4496 = CARTESIAN_POINT('',(21.7749465,-48.744909,0.71));
#4497 = VECTOR('',#4498,1.);
#4498 = DIRECTION('',(-1.,0.,0.));
#4499 = FACE_BOUND('',#4500,.T.);
#4500 = EDGE_LOOP('',(#4501,#4512,#4520,#4529));
#4501 = ORIENTED_EDGE('',*,*,#4502,.T.);
#4502 = EDGE_CURVE('',#4503,#4505,#4507,.T.);
#4503 = VERTEX_POINT('',#4504);
#4504 = CARTESIAN_POINT('',(45.349893,-50.194909,0.71));
#4505 = VERTEX_POINT('',#4506);
#4506 = CARTESIAN_POINT('',(46.149893,-50.194909,0.71));
#4507 = CIRCLE('',#4508,0.4);
#4508 = AXIS2_PLACEMENT_3D('',#4509,#4510,#4511);
#4509 = CARTESIAN_POINT('',(45.749893,-50.194909,0.71));
#4510 = DIRECTION('',(0.,-0.,-1.));
#4511 = DIRECTION('',(1.,-1.7763568394E-14,0.));
#4512 = ORIENTED_EDGE('',*,*,#4513,.T.);
#4513 = EDGE_CURVE('',#4505,#4514,#4516,.T.);
#4514 = VERTEX_POINT('',#4515);
#4515 = CARTESIAN_POINT('',(46.149893,-51.094909,0.71));
#4516 = LINE('',#4517,#4518);
#4517 = CARTESIAN_POINT('',(46.149893,-25.5474545,0.71));
#4518 = VECTOR('',#4519,1.);
#4519 = DIRECTION('',(0.,-1.,0.));
#4520 = ORIENTED_EDGE('',*,*,#4521,.T.);
#4521 = EDGE_CURVE('',#4514,#4522,#4524,.T.);
#4522 = VERTEX_POINT('',#4523);
#4523 = CARTESIAN_POINT('',(45.349893,-51.094909,0.71));
#4524 = CIRCLE('',#4525,0.4);
#4525 = AXIS2_PLACEMENT_3D('',#4526,#4527,#4528);
#4526 = CARTESIAN_POINT('',(45.749893,-51.094909,0.71));
#4527 = DIRECTION('',(-0.,0.,-1.));
#4528 = DIRECTION('',(-1.,0.,0.));
#4529 = ORIENTED_EDGE('',*,*,#4530,.T.);
#4530 = EDGE_CURVE('',#4522,#4503,#4531,.T.);
#4531 = LINE('',#4532,#4533);
#4532 = CARTESIAN_POINT('',(45.349893,-25.0974545,0.71));
#4533 = VECTOR('',#4534,1.);
#4534 = DIRECTION('',(-0.,1.,0.));
#4535 = FACE_BOUND('',#4536,.T.);
#4536 = EDGE_LOOP('',(#4537,#4548,#4556,#4565));
#4537 = ORIENTED_EDGE('',*,*,#4538,.T.);
#4538 = EDGE_CURVE('',#4539,#4541,#4543,.T.);
#4539 = VERTEX_POINT('',#4540);
#4540 = CARTESIAN_POINT('',(51.549893,-55.244909,0.71));
#4541 = VERTEX_POINT('',#4542);
#4542 = CARTESIAN_POINT('',(51.549893,-54.444909,0.71));
#4543 = CIRCLE('',#4544,0.4);
#4544 = AXIS2_PLACEMENT_3D('',#4545,#4546,#4547);
#4545 = CARTESIAN_POINT('',(51.549893,-54.844909,0.71));
#4546 = DIRECTION('',(-0.,0.,-1.));
#4547 = DIRECTION('',(0.,1.,0.));
#4548 = ORIENTED_EDGE('',*,*,#4549,.T.);
#4549 = EDGE_CURVE('',#4541,#4550,#4552,.T.);
#4550 = VERTEX_POINT('',#4551);
#4551 = CARTESIAN_POINT('',(52.449893,-54.444909,0.71));
#4552 = LINE('',#4553,#4554);
#4553 = CARTESIAN_POINT('',(26.2249465,-54.444909,0.71));
#4554 = VECTOR('',#4555,1.);
#4555 = DIRECTION('',(1.,0.,-0.));
#4556 = ORIENTED_EDGE('',*,*,#4557,.T.);
#4557 = EDGE_CURVE('',#4550,#4558,#4560,.T.);
#4558 = VERTEX_POINT('',#4559);
#4559 = CARTESIAN_POINT('',(52.449893,-55.244909,0.71));
#4560 = CIRCLE('',#4561,0.4);
#4561 = AXIS2_PLACEMENT_3D('',#4562,#4563,#4564);
#4562 = CARTESIAN_POINT('',(52.449893,-54.844909,0.71));
#4563 = DIRECTION('',(-0.,0.,-1.));
#4564 = DIRECTION('',(-0.,-1.,0.));
#4565 = ORIENTED_EDGE('',*,*,#4566,.T.);
#4566 = EDGE_CURVE('',#4558,#4539,#4567,.T.);
#4567 = LINE('',#4568,#4569);
#4568 = CARTESIAN_POINT('',(25.7749465,-55.244909,0.71));
#4569 = VECTOR('',#4570,1.);
#4570 = DIRECTION('',(-1.,0.,0.));
#4571 = FACE_BOUND('',#4572,.T.);
#4572 = EDGE_LOOP('',(#4573));
#4573 = ORIENTED_EDGE('',*,*,#4574,.F.);
#4574 = EDGE_CURVE('',#4575,#4575,#4577,.T.);
#4575 = VERTEX_POINT('',#4576);
#4576 = CARTESIAN_POINT('',(52.849893,-52.944909,0.71));
#4577 = CIRCLE('',#4578,0.85);
#4578 = AXIS2_PLACEMENT_3D('',#4579,#4580,#4581);
#4579 = CARTESIAN_POINT('',(51.999893,-52.944909,0.71));
#4580 = DIRECTION('',(0.,0.,1.));
#4581 = DIRECTION('',(1.,0.,-0.));
#4582 = FACE_BOUND('',#4583,.T.);
#4583 = EDGE_LOOP('',(#4584,#4595,#4603,#4612));
#4584 = ORIENTED_EDGE('',*,*,#4585,.T.);
#4585 = EDGE_CURVE('',#4586,#4588,#4590,.T.);
#4586 = VERTEX_POINT('',#4587);
#4587 = CARTESIAN_POINT('',(49.849893,-50.194909,0.71));
#4588 = VERTEX_POINT('',#4589);
#4589 = CARTESIAN_POINT('',(50.649893,-50.194909,0.71));
#4590 = CIRCLE('',#4591,0.4);
#4591 = AXIS2_PLACEMENT_3D('',#4592,#4593,#4594);
#4592 = CARTESIAN_POINT('',(50.249893,-50.194909,0.71));
#4593 = DIRECTION('',(0.,-0.,-1.));
#4594 = DIRECTION('',(1.,-1.7763568394E-14,0.));
#4595 = ORIENTED_EDGE('',*,*,#4596,.T.);
#4596 = EDGE_CURVE('',#4588,#4597,#4599,.T.);
#4597 = VERTEX_POINT('',#4598);
#4598 = CARTESIAN_POINT('',(50.649893,-51.094909,0.71));
#4599 = LINE('',#4600,#4601);
#4600 = CARTESIAN_POINT('',(50.649893,-25.5474545,0.71));
#4601 = VECTOR('',#4602,1.);
#4602 = DIRECTION('',(0.,-1.,0.));
#4603 = ORIENTED_EDGE('',*,*,#4604,.T.);
#4604 = EDGE_CURVE('',#4597,#4605,#4607,.T.);
#4605 = VERTEX_POINT('',#4606);
#4606 = CARTESIAN_POINT('',(49.849893,-51.094909,0.71));
#4607 = CIRCLE('',#4608,0.4);
#4608 = AXIS2_PLACEMENT_3D('',#4609,#4610,#4611);
#4609 = CARTESIAN_POINT('',(50.249893,-51.094909,0.71));
#4610 = DIRECTION('',(-0.,0.,-1.));
#4611 = DIRECTION('',(-1.,0.,0.));
#4612 = ORIENTED_EDGE('',*,*,#4613,.T.);
#4613 = EDGE_CURVE('',#4605,#4586,#4614,.T.);
#4614 = LINE('',#4615,#4616);
#4615 = CARTESIAN_POINT('',(49.849893,-25.0974545,0.71));
#4616 = VECTOR('',#4617,1.);
#4617 = DIRECTION('',(-0.,1.,0.));
#4618 = FACE_BOUND('',#4619,.T.);
#4619 = EDGE_LOOP('',(#4620,#4631,#4639,#4648));
#4620 = ORIENTED_EDGE('',*,*,#4621,.T.);
#4621 = EDGE_CURVE('',#4622,#4624,#4626,.T.);
#4622 = VERTEX_POINT('',#4623);
#4623 = CARTESIAN_POINT('',(53.349893,-50.194909,0.71));
#4624 = VERTEX_POINT('',#4625);
#4625 = CARTESIAN_POINT('',(54.149893,-50.194909,0.71));
#4626 = CIRCLE('',#4627,0.4);
#4627 = AXIS2_PLACEMENT_3D('',#4628,#4629,#4630);
#4628 = CARTESIAN_POINT('',(53.749893,-50.194909,0.71));
#4629 = DIRECTION('',(0.,-0.,-1.));
#4630 = DIRECTION('',(1.,-1.7763568394E-14,0.));
#4631 = ORIENTED_EDGE('',*,*,#4632,.T.);
#4632 = EDGE_CURVE('',#4624,#4633,#4635,.T.);
#4633 = VERTEX_POINT('',#4634);
#4634 = CARTESIAN_POINT('',(54.149893,-51.094909,0.71));
#4635 = LINE('',#4636,#4637);
#4636 = CARTESIAN_POINT('',(54.149893,-25.5474545,0.71));
#4637 = VECTOR('',#4638,1.);
#4638 = DIRECTION('',(0.,-1.,0.));
#4639 = ORIENTED_EDGE('',*,*,#4640,.T.);
#4640 = EDGE_CURVE('',#4633,#4641,#4643,.T.);
#4641 = VERTEX_POINT('',#4642);
#4642 = CARTESIAN_POINT('',(53.349893,-51.094909,0.71));
#4643 = CIRCLE('',#4644,0.4);
#4644 = AXIS2_PLACEMENT_3D('',#4645,#4646,#4647);
#4645 = CARTESIAN_POINT('',(53.749893,-51.094909,0.71));
#4646 = DIRECTION('',(-0.,0.,-1.));
#4647 = DIRECTION('',(-1.,0.,0.));
#4648 = ORIENTED_EDGE('',*,*,#4649,.T.);
#4649 = EDGE_CURVE('',#4641,#4622,#4650,.T.);
#4650 = LINE('',#4651,#4652);
#4651 = CARTESIAN_POINT('',(53.349893,-25.0974545,0.71));
#4652 = VECTOR('',#4653,1.);
#4653 = DIRECTION('',(-0.,1.,0.));
#4654 = FACE_BOUND('',#4655,.T.);
#4655 = EDGE_LOOP('',(#4656,#4667,#4675,#4684));
#4656 = ORIENTED_EDGE('',*,*,#4657,.T.);
#4657 = EDGE_CURVE('',#4658,#4660,#4662,.T.);
#4658 = VERTEX_POINT('',#4659);
#4659 = CARTESIAN_POINT('',(51.549893,-48.744909,0.71));
#4660 = VERTEX_POINT('',#4661);
#4661 = CARTESIAN_POINT('',(51.549893,-47.944909,0.71));
#4662 = CIRCLE('',#4663,0.4);
#4663 = AXIS2_PLACEMENT_3D('',#4664,#4665,#4666);
#4664 = CARTESIAN_POINT('',(51.549893,-48.344909,0.71));
#4665 = DIRECTION('',(-0.,0.,-1.));
#4666 = DIRECTION('',(0.,1.,0.));
#4667 = ORIENTED_EDGE('',*,*,#4668,.T.);
#4668 = EDGE_CURVE('',#4660,#4669,#4671,.T.);
#4669 = VERTEX_POINT('',#4670);
#4670 = CARTESIAN_POINT('',(52.449893,-47.944909,0.71));
#4671 = LINE('',#4672,#4673);
#4672 = CARTESIAN_POINT('',(26.2249465,-47.944909,0.71));
#4673 = VECTOR('',#4674,1.);
#4674 = DIRECTION('',(1.,0.,-0.));
#4675 = ORIENTED_EDGE('',*,*,#4676,.T.);
#4676 = EDGE_CURVE('',#4669,#4677,#4679,.T.);
#4677 = VERTEX_POINT('',#4678);
#4678 = CARTESIAN_POINT('',(52.449893,-48.744909,0.71));
#4679 = CIRCLE('',#4680,0.4);
#4680 = AXIS2_PLACEMENT_3D('',#4681,#4682,#4683);
#4681 = CARTESIAN_POINT('',(52.449893,-48.344909,0.71));
#4682 = DIRECTION('',(-0.,0.,-1.));
#4683 = DIRECTION('',(-0.,-1.,0.));
#4684 = ORIENTED_EDGE('',*,*,#4685,.T.);
#4685 = EDGE_CURVE('',#4677,#4658,#4686,.T.);
#4686 = LINE('',#4687,#4688);
#4687 = CARTESIAN_POINT('',(25.7749465,-48.744909,0.71));
#4688 = VECTOR('',#4689,1.);
#4689 = DIRECTION('',(-1.,0.,0.));
#4690 = FACE_BOUND('',#4691,.T.);
#4691 = EDGE_LOOP('',(#4692));
#4692 = ORIENTED_EDGE('',*,*,#4693,.T.);
#4693 = EDGE_CURVE('',#4694,#4694,#4696,.T.);
#4694 = VERTEX_POINT('',#4695);
#4695 = CARTESIAN_POINT('',(42.624893,-45.59991,0.71));
#4696 = CIRCLE('',#4697,0.6);
#4697 = AXIS2_PLACEMENT_3D('',#4698,#4699,#4700);
#4698 = CARTESIAN_POINT('',(42.624893,-44.99991,0.71));
#4699 = DIRECTION('',(-0.,0.,-1.));
#4700 = DIRECTION('',(-0.,-1.,0.));
#4701 = FACE_BOUND('',#4702,.T.);
#4702 = EDGE_LOOP('',(#4703));
#4703 = ORIENTED_EDGE('',*,*,#4704,.T.);
#4704 = EDGE_CURVE('',#4705,#4705,#4707,.T.);
#4705 = VERTEX_POINT('',#4706);
#4706 = CARTESIAN_POINT('',(47.624893,-45.59991,0.71));
#4707 = CIRCLE('',#4708,0.6);
#4708 = AXIS2_PLACEMENT_3D('',#4709,#4710,#4711);
#4709 = CARTESIAN_POINT('',(47.624893,-44.99991,0.71));
#4710 = DIRECTION('',(-0.,0.,-1.));
#4711 = DIRECTION('',(-0.,-1.,0.));
#4712 = FACE_BOUND('',#4713,.T.);
#4713 = EDGE_LOOP('',(#4714));
#4714 = ORIENTED_EDGE('',*,*,#4715,.T.);
#4715 = EDGE_CURVE('',#4716,#4716,#4718,.T.);
#4716 = VERTEX_POINT('',#4717);
#4717 = CARTESIAN_POINT('',(42.624893,-42.34991,0.71));
#4718 = CIRCLE('',#4719,0.6);
#4719 = AXIS2_PLACEMENT_3D('',#4720,#4721,#4722);
#4720 = CARTESIAN_POINT('',(42.624893,-41.74991,0.71));
#4721 = DIRECTION('',(-0.,0.,-1.));
#4722 = DIRECTION('',(-0.,-1.,0.));
#4723 = FACE_BOUND('',#4724,.T.);
#4724 = EDGE_LOOP('',(#4725));
#4725 = ORIENTED_EDGE('',*,*,#4726,.T.);
#4726 = EDGE_CURVE('',#4727,#4727,#4729,.T.);
#4727 = VERTEX_POINT('',#4728);
#4728 = CARTESIAN_POINT('',(47.624893,-42.34991,0.71));
#4729 = CIRCLE('',#4730,0.6);
#4730 = AXIS2_PLACEMENT_3D('',#4731,#4732,#4733);
#4731 = CARTESIAN_POINT('',(47.624893,-41.74991,0.71));
#4732 = DIRECTION('',(-0.,0.,-1.));
#4733 = DIRECTION('',(-0.,-1.,0.));
#4734 = FACE_BOUND('',#4735,.T.);
#4735 = EDGE_LOOP('',(#4736));
#4736 = ORIENTED_EDGE('',*,*,#4737,.T.);
#4737 = EDGE_CURVE('',#4738,#4738,#4740,.T.);
#4738 = VERTEX_POINT('',#4739);
#4739 = CARTESIAN_POINT('',(52.499893,-45.49991,0.71));
#4740 = CIRCLE('',#4741,0.5);
#4741 = AXIS2_PLACEMENT_3D('',#4742,#4743,#4744);
#4742 = CARTESIAN_POINT('',(52.499893,-44.99991,0.71));
#4743 = DIRECTION('',(-0.,0.,-1.));
#4744 = DIRECTION('',(-0.,-1.,0.));
#4745 = FACE_BOUND('',#4746,.T.);
#4746 = EDGE_LOOP('',(#4747));
#4747 = ORIENTED_EDGE('',*,*,#4748,.F.);
#4748 = EDGE_CURVE('',#4749,#4749,#4751,.T.);
#4749 = VERTEX_POINT('',#4750);
#4750 = CARTESIAN_POINT('',(57.999893,-45.49991,0.71));
#4751 = CIRCLE('',#4752,1.);
#4752 = AXIS2_PLACEMENT_3D('',#4753,#4754,#4755);
#4753 = CARTESIAN_POINT('',(56.999893,-45.49991,0.71));
#4754 = DIRECTION('',(0.,0.,1.));
#4755 = DIRECTION('',(1.,0.,-0.));
#4756 = FACE_BOUND('',#4757,.T.);
#4757 = EDGE_LOOP('',(#4758,#4769,#4777,#4786));
#4758 = ORIENTED_EDGE('',*,*,#4759,.T.);
#4759 = EDGE_CURVE('',#4760,#4762,#4764,.T.);
#4760 = VERTEX_POINT('',#4761);
#4761 = CARTESIAN_POINT('',(52.244892,-40.44991,0.71));
#4762 = VERTEX_POINT('',#4763);
#4763 = CARTESIAN_POINT('',(51.444892,-40.44991,0.71));
#4764 = CIRCLE('',#4765,0.4);
#4765 = AXIS2_PLACEMENT_3D('',#4766,#4767,#4768);
#4766 = CARTESIAN_POINT('',(51.844892,-40.44991,0.71));
#4767 = DIRECTION('',(-0.,0.,-1.));
#4768 = DIRECTION('',(-1.,0.,0.));
#4769 = ORIENTED_EDGE('',*,*,#4770,.T.);
#4770 = EDGE_CURVE('',#4762,#4771,#4773,.T.);
#4771 = VERTEX_POINT('',#4772);
#4772 = CARTESIAN_POINT('',(51.444892,-39.54991,0.71));
#4773 = LINE('',#4774,#4775);
#4774 = CARTESIAN_POINT('',(51.444892,-19.774955,0.71));
#4775 = VECTOR('',#4776,1.);
#4776 = DIRECTION('',(-0.,1.,0.));
#4777 = ORIENTED_EDGE('',*,*,#4778,.T.);
#4778 = EDGE_CURVE('',#4771,#4779,#4781,.T.);
#4779 = VERTEX_POINT('',#4780);
#4780 = CARTESIAN_POINT('',(52.244892,-39.54991,0.71));
#4781 = CIRCLE('',#4782,0.4);
#4782 = AXIS2_PLACEMENT_3D('',#4783,#4784,#4785);
#4783 = CARTESIAN_POINT('',(51.844892,-39.54991,0.71));
#4784 = DIRECTION('',(0.,-0.,-1.));
#4785 = DIRECTION('',(1.,0.,-0.));
#4786 = ORIENTED_EDGE('',*,*,#4787,.T.);
#4787 = EDGE_CURVE('',#4779,#4760,#4788,.T.);
#4788 = LINE('',#4789,#4790);
#4789 = CARTESIAN_POINT('',(52.244892,-20.224955,0.71));
#4790 = VECTOR('',#4791,1.);
#4791 = DIRECTION('',(0.,-1.,0.));
#4792 = FACE_BOUND('',#4793,.T.);
#4793 = EDGE_LOOP('',(#4794,#4805,#4813,#4822));
#4794 = ORIENTED_EDGE('',*,*,#4795,.T.);
#4795 = EDGE_CURVE('',#4796,#4798,#4800,.T.);
#4796 = VERTEX_POINT('',#4797);
#4797 = CARTESIAN_POINT('',(53.694892,-42.14991,0.71));
#4798 = VERTEX_POINT('',#4799);
#4799 = CARTESIAN_POINT('',(53.694892,-41.34991,0.71));
#4800 = CIRCLE('',#4801,0.4);
#4801 = AXIS2_PLACEMENT_3D('',#4802,#4803,#4804);
#4802 = CARTESIAN_POINT('',(53.694892,-41.74991,0.71));
#4803 = DIRECTION('',(0.,-0.,-1.));
#4804 = DIRECTION('',(1.7763568394E-14,1.,-0.));
#4805 = ORIENTED_EDGE('',*,*,#4806,.T.);
#4806 = EDGE_CURVE('',#4798,#4807,#4809,.T.);
#4807 = VERTEX_POINT('',#4808);
#4808 = CARTESIAN_POINT('',(54.594892,-41.34991,0.71));
#4809 = LINE('',#4810,#4811);
#4810 = CARTESIAN_POINT('',(27.297446,-41.34991,0.71));
#4811 = VECTOR('',#4812,1.);
#4812 = DIRECTION('',(1.,0.,-0.));
#4813 = ORIENTED_EDGE('',*,*,#4814,.T.);
#4814 = EDGE_CURVE('',#4807,#4815,#4817,.T.);
#4815 = VERTEX_POINT('',#4816);
#4816 = CARTESIAN_POINT('',(54.594892,-42.14991,0.71));
#4817 = CIRCLE('',#4818,0.4);
#4818 = AXIS2_PLACEMENT_3D('',#4819,#4820,#4821);
#4819 = CARTESIAN_POINT('',(54.594892,-41.74991,0.71));
#4820 = DIRECTION('',(-0.,0.,-1.));
#4821 = DIRECTION('',(-0.,-1.,0.));
#4822 = ORIENTED_EDGE('',*,*,#4823,.T.);
#4823 = EDGE_CURVE('',#4815,#4796,#4824,.T.);
#4824 = LINE('',#4825,#4826);
#4825 = CARTESIAN_POINT('',(26.847446,-42.14991,0.71));
#4826 = VECTOR('',#4827,1.);
#4827 = DIRECTION('',(-1.,0.,0.));
#4828 = FACE_BOUND('',#4829,.T.);
#4829 = EDGE_LOOP('',(#4830));
#4830 = ORIENTED_EDGE('',*,*,#4831,.F.);
#4831 = EDGE_CURVE('',#4832,#4832,#4834,.T.);
#4832 = VERTEX_POINT('',#4833);
#4833 = CARTESIAN_POINT('',(57.294892,-39.99991,0.71));
#4834 = CIRCLE('',#4835,0.85);
#4835 = AXIS2_PLACEMENT_3D('',#4836,#4837,#4838);
#4836 = CARTESIAN_POINT('',(56.444892,-39.99991,0.71));
#4837 = DIRECTION('',(0.,0.,1.));
#4838 = DIRECTION('',(1.,0.,-0.));
#4839 = FACE_BOUND('',#4840,.T.);
#4840 = EDGE_LOOP('',(#4841,#4852,#4860,#4869));
#4841 = ORIENTED_EDGE('',*,*,#4842,.T.);
#4842 = EDGE_CURVE('',#4843,#4845,#4847,.T.);
#4843 = VERTEX_POINT('',#4844);
#4844 = CARTESIAN_POINT('',(58.744892,-40.44991,0.71));
#4845 = VERTEX_POINT('',#4846);
#4846 = CARTESIAN_POINT('',(57.944892,-40.44991,0.71));
#4847 = CIRCLE('',#4848,0.4);
#4848 = AXIS2_PLACEMENT_3D('',#4849,#4850,#4851);
#4849 = CARTESIAN_POINT('',(58.344892,-40.44991,0.71));
#4850 = DIRECTION('',(-0.,0.,-1.));
#4851 = DIRECTION('',(-1.,0.,0.));
#4852 = ORIENTED_EDGE('',*,*,#4853,.T.);
#4853 = EDGE_CURVE('',#4845,#4854,#4856,.T.);
#4854 = VERTEX_POINT('',#4855);
#4855 = CARTESIAN_POINT('',(57.944892,-39.54991,0.71));
#4856 = LINE('',#4857,#4858);
#4857 = CARTESIAN_POINT('',(57.944892,-19.774955,0.71));
#4858 = VECTOR('',#4859,1.);
#4859 = DIRECTION('',(-0.,1.,0.));
#4860 = ORIENTED_EDGE('',*,*,#4861,.T.);
#4861 = EDGE_CURVE('',#4854,#4862,#4864,.T.);
#4862 = VERTEX_POINT('',#4863);
#4863 = CARTESIAN_POINT('',(58.744892,-39.54991,0.71));
#4864 = CIRCLE('',#4865,0.4);
#4865 = AXIS2_PLACEMENT_3D('',#4866,#4867,#4868);
#4866 = CARTESIAN_POINT('',(58.344892,-39.54991,0.71));
#4867 = DIRECTION('',(0.,-0.,-1.));
#4868 = DIRECTION('',(1.,0.,-0.));
#4869 = ORIENTED_EDGE('',*,*,#4870,.T.);
#4870 = EDGE_CURVE('',#4862,#4843,#4871,.T.);
#4871 = LINE('',#4872,#4873);
#4872 = CARTESIAN_POINT('',(58.744892,-20.224955,0.71));
#4873 = VECTOR('',#4874,1.);
#4874 = DIRECTION('',(0.,-1.,0.));
#4875 = FACE_BOUND('',#4876,.T.);
#4876 = EDGE_LOOP('',(#4877));
#4877 = ORIENTED_EDGE('',*,*,#4878,.F.);
#4878 = EDGE_CURVE('',#4879,#4879,#4881,.T.);
#4879 = VERTEX_POINT('',#4880);
#4880 = CARTESIAN_POINT('',(23.499893,-35.99991,0.71));
#4881 = CIRCLE('',#4882,1.);
#4882 = AXIS2_PLACEMENT_3D('',#4883,#4884,#4885);
#4883 = CARTESIAN_POINT('',(22.499893,-35.99991,0.71));
#4884 = DIRECTION('',(0.,0.,1.));
#4885 = DIRECTION('',(1.,0.,-0.));
#4886 = FACE_BOUND('',#4887,.T.);
#4887 = EDGE_LOOP('',(#4888));
#4888 = ORIENTED_EDGE('',*,*,#4889,.T.);
#4889 = EDGE_CURVE('',#4890,#4890,#4892,.T.);
#4890 = VERTEX_POINT('',#4891);
#4891 = CARTESIAN_POINT('',(32.374893,-38.84991,0.71));
#4892 = CIRCLE('',#4893,0.6);
#4893 = AXIS2_PLACEMENT_3D('',#4894,#4895,#4896);
#4894 = CARTESIAN_POINT('',(32.374893,-38.24991,0.71));
#4895 = DIRECTION('',(-0.,0.,-1.));
#4896 = DIRECTION('',(-0.,-1.,0.));
#4897 = FACE_BOUND('',#4898,.T.);
#4898 = EDGE_LOOP('',(#4899));
#4899 = ORIENTED_EDGE('',*,*,#4900,.T.);
#4900 = EDGE_CURVE('',#4901,#4901,#4903,.T.);
#4901 = VERTEX_POINT('',#4902);
#4902 = CARTESIAN_POINT('',(38.094893,-39.59991,0.71));
#4903 = CIRCLE('',#4904,0.6);
#4904 = AXIS2_PLACEMENT_3D('',#4905,#4906,#4907);
#4905 = CARTESIAN_POINT('',(38.094893,-38.99991,0.71));
#4906 = DIRECTION('',(-0.,0.,-1.));
#4907 = DIRECTION('',(-0.,-1.,0.));
#4908 = FACE_BOUND('',#4909,.T.);
#4909 = EDGE_LOOP('',(#4910));
#4910 = ORIENTED_EDGE('',*,*,#4911,.T.);
#4911 = EDGE_CURVE('',#4912,#4912,#4914,.T.);
#4912 = VERTEX_POINT('',#4913);
#4913 = CARTESIAN_POINT('',(32.374893,-35.59991,0.71));
#4914 = CIRCLE('',#4915,0.6);
#4915 = AXIS2_PLACEMENT_3D('',#4916,#4917,#4918);
#4916 = CARTESIAN_POINT('',(32.374893,-34.99991,0.71));
#4917 = DIRECTION('',(-0.,0.,-1.));
#4918 = DIRECTION('',(-0.,-1.,0.));
#4919 = FACE_BOUND('',#4920,.T.);
#4920 = EDGE_LOOP('',(#4921));
#4921 = ORIENTED_EDGE('',*,*,#4922,.T.);
#4922 = EDGE_CURVE('',#4923,#4923,#4925,.T.);
#4923 = VERTEX_POINT('',#4924);
#4924 = CARTESIAN_POINT('',(38.094893,-35.09991,0.71));
#4925 = CIRCLE('',#4926,0.6);
#4926 = AXIS2_PLACEMENT_3D('',#4927,#4928,#4929);
#4927 = CARTESIAN_POINT('',(38.094893,-34.49991,0.71));
#4928 = DIRECTION('',(-0.,0.,-1.));
#4929 = DIRECTION('',(-0.,-1.,0.));
#4930 = FACE_BOUND('',#4931,.T.);
#4931 = EDGE_LOOP('',(#4932,#4943,#4951,#4960));
#4932 = ORIENTED_EDGE('',*,*,#4933,.T.);
#4933 = EDGE_CURVE('',#4934,#4936,#4938,.T.);
#4934 = VERTEX_POINT('',#4935);
#4935 = CARTESIAN_POINT('',(28.449893,-31.25491,0.71));
#4936 = VERTEX_POINT('',#4937);
#4937 = CARTESIAN_POINT('',(28.449893,-32.05491,0.71));
#4938 = CIRCLE('',#4939,0.4);
#4939 = AXIS2_PLACEMENT_3D('',#4940,#4941,#4942);
#4940 = CARTESIAN_POINT('',(28.449893,-31.65491,0.71));
#4941 = DIRECTION('',(-0.,0.,-1.));
#4942 = DIRECTION('',(-0.,-1.,0.));
#4943 = ORIENTED_EDGE('',*,*,#4944,.T.);
#4944 = EDGE_CURVE('',#4936,#4945,#4947,.T.);
#4945 = VERTEX_POINT('',#4946);
#4946 = CARTESIAN_POINT('',(27.549893,-32.05491,0.71));
#4947 = LINE('',#4948,#4949);
#4948 = CARTESIAN_POINT('',(13.7749465,-32.05491,0.71));
#4949 = VECTOR('',#4950,1.);
#4950 = DIRECTION('',(-1.,0.,0.));
#4951 = ORIENTED_EDGE('',*,*,#4952,.T.);
#4952 = EDGE_CURVE('',#4945,#4953,#4955,.T.);
#4953 = VERTEX_POINT('',#4954);
#4954 = CARTESIAN_POINT('',(27.549893,-31.25491,0.71));
#4955 = CIRCLE('',#4956,0.4);
#4956 = AXIS2_PLACEMENT_3D('',#4957,#4958,#4959);
#4957 = CARTESIAN_POINT('',(27.549893,-31.65491,0.71));
#4958 = DIRECTION('',(-0.,0.,-1.));
#4959 = DIRECTION('',(0.,1.,0.));
#4960 = ORIENTED_EDGE('',*,*,#4961,.T.);
#4961 = EDGE_CURVE('',#4953,#4934,#4962,.T.);
#4962 = LINE('',#4963,#4964);
#4963 = CARTESIAN_POINT('',(14.2249465,-31.25491,0.71));
#4964 = VECTOR('',#4965,1.);
#4965 = DIRECTION('',(1.,0.,-0.));
#4966 = FACE_BOUND('',#4967,.T.);
#4967 = EDGE_LOOP('',(#4968,#4979,#4987,#4996));
#4968 = ORIENTED_EDGE('',*,*,#4969,.T.);
#4969 = EDGE_CURVE('',#4970,#4972,#4974,.T.);
#4970 = VERTEX_POINT('',#4971);
#4971 = CARTESIAN_POINT('',(26.649893,-29.80491,0.71));
#4972 = VERTEX_POINT('',#4973);
#4973 = CARTESIAN_POINT('',(25.849893,-29.80491,0.71));
#4974 = CIRCLE('',#4975,0.4);
#4975 = AXIS2_PLACEMENT_3D('',#4976,#4977,#4978);
#4976 = CARTESIAN_POINT('',(26.249893,-29.80491,0.71));
#4977 = DIRECTION('',(-0.,0.,-1.));
#4978 = DIRECTION('',(-1.,8.881784197001E-15,0.));
#4979 = ORIENTED_EDGE('',*,*,#4980,.T.);
#4980 = EDGE_CURVE('',#4972,#4981,#4983,.T.);
#4981 = VERTEX_POINT('',#4982);
#4982 = CARTESIAN_POINT('',(25.849893,-28.90491,0.71));
#4983 = LINE('',#4984,#4985);
#4984 = CARTESIAN_POINT('',(25.849893,-14.452455,0.71));
#4985 = VECTOR('',#4986,1.);
#4986 = DIRECTION('',(-0.,1.,0.));
#4987 = ORIENTED_EDGE('',*,*,#4988,.T.);
#4988 = EDGE_CURVE('',#4981,#4989,#4991,.T.);
#4989 = VERTEX_POINT('',#4990);
#4990 = CARTESIAN_POINT('',(26.649893,-28.90491,0.71));
#4991 = CIRCLE('',#4992,0.4);
#4992 = AXIS2_PLACEMENT_3D('',#4993,#4994,#4995);
#4993 = CARTESIAN_POINT('',(26.249893,-28.90491,0.71));
#4994 = DIRECTION('',(0.,-0.,-1.));
#4995 = DIRECTION('',(1.,-8.881784197001E-15,0.));
#4996 = ORIENTED_EDGE('',*,*,#4997,.T.);
#4997 = EDGE_CURVE('',#4989,#4970,#4998,.T.);
#4998 = LINE('',#4999,#5000);
#4999 = CARTESIAN_POINT('',(26.649893,-14.902455,0.71));
#5000 = VECTOR('',#5001,1.);
#5001 = DIRECTION('',(0.,-1.,0.));
#5002 = FACE_BOUND('',#5003,.T.);
#5003 = EDGE_LOOP('',(#5004,#5015,#5023,#5032));
#5004 = ORIENTED_EDGE('',*,*,#5005,.T.);
#5005 = EDGE_CURVE('',#5006,#5008,#5010,.T.);
#5006 = VERTEX_POINT('',#5007);
#5007 = CARTESIAN_POINT('',(30.149893,-29.80491,0.71));
#5008 = VERTEX_POINT('',#5009);
#5009 = CARTESIAN_POINT('',(29.349893,-29.80491,0.71));
#5010 = CIRCLE('',#5011,0.4);
#5011 = AXIS2_PLACEMENT_3D('',#5012,#5013,#5014);
#5012 = CARTESIAN_POINT('',(29.749893,-29.80491,0.71));
#5013 = DIRECTION('',(-0.,0.,-1.));
#5014 = DIRECTION('',(-1.,8.881784197001E-15,0.));
#5015 = ORIENTED_EDGE('',*,*,#5016,.T.);
#5016 = EDGE_CURVE('',#5008,#5017,#5019,.T.);
#5017 = VERTEX_POINT('',#5018);
#5018 = CARTESIAN_POINT('',(29.349893,-28.90491,0.71));
#5019 = LINE('',#5020,#5021);
#5020 = CARTESIAN_POINT('',(29.349893,-14.452455,0.71));
#5021 = VECTOR('',#5022,1.);
#5022 = DIRECTION('',(-0.,1.,0.));
#5023 = ORIENTED_EDGE('',*,*,#5024,.T.);
#5024 = EDGE_CURVE('',#5017,#5025,#5027,.T.);
#5025 = VERTEX_POINT('',#5026);
#5026 = CARTESIAN_POINT('',(30.149893,-28.90491,0.71));
#5027 = CIRCLE('',#5028,0.4);
#5028 = AXIS2_PLACEMENT_3D('',#5029,#5030,#5031);
#5029 = CARTESIAN_POINT('',(29.749893,-28.90491,0.71));
#5030 = DIRECTION('',(0.,-0.,-1.));
#5031 = DIRECTION('',(1.,-8.881784197001E-15,0.));
#5032 = ORIENTED_EDGE('',*,*,#5033,.T.);
#5033 = EDGE_CURVE('',#5025,#5006,#5034,.T.);
#5034 = LINE('',#5035,#5036);
#5035 = CARTESIAN_POINT('',(30.149893,-14.902455,0.71));
#5036 = VECTOR('',#5037,1.);
#5037 = DIRECTION('',(0.,-1.,0.));
#5038 = FACE_BOUND('',#5039,.T.);
#5039 = EDGE_LOOP('',(#5040));
#5040 = ORIENTED_EDGE('',*,*,#5041,.F.);
#5041 = EDGE_CURVE('',#5042,#5042,#5044,.T.);
#5042 = VERTEX_POINT('',#5043);
#5043 = CARTESIAN_POINT('',(28.849893,-27.05491,0.71));
#5044 = CIRCLE('',#5045,0.85);
#5045 = AXIS2_PLACEMENT_3D('',#5046,#5047,#5048);
#5046 = CARTESIAN_POINT('',(27.999893,-27.05491,0.71));
#5047 = DIRECTION('',(0.,0.,1.));
#5048 = DIRECTION('',(1.,0.,-0.));
#5049 = FACE_BOUND('',#5050,.T.);
#5050 = EDGE_LOOP('',(#5051,#5062,#5070,#5079));
#5051 = ORIENTED_EDGE('',*,*,#5052,.T.);
#5052 = EDGE_CURVE('',#5053,#5055,#5057,.T.);
#5053 = VERTEX_POINT('',#5054);
#5054 = CARTESIAN_POINT('',(28.449893,-24.75491,0.71));
#5055 = VERTEX_POINT('',#5056);
#5056 = CARTESIAN_POINT('',(28.449893,-25.55491,0.71));
#5057 = CIRCLE('',#5058,0.4);
#5058 = AXIS2_PLACEMENT_3D('',#5059,#5060,#5061);
#5059 = CARTESIAN_POINT('',(28.449893,-25.15491,0.71));
#5060 = DIRECTION('',(-0.,0.,-1.));
#5061 = DIRECTION('',(-0.,-1.,0.));
#5062 = ORIENTED_EDGE('',*,*,#5063,.T.);
#5063 = EDGE_CURVE('',#5055,#5064,#5066,.T.);
#5064 = VERTEX_POINT('',#5065);
#5065 = CARTESIAN_POINT('',(27.549893,-25.55491,0.71));
#5066 = LINE('',#5067,#5068);
#5067 = CARTESIAN_POINT('',(13.7749465,-25.55491,0.71));
#5068 = VECTOR('',#5069,1.);
#5069 = DIRECTION('',(-1.,0.,0.));
#5070 = ORIENTED_EDGE('',*,*,#5071,.T.);
#5071 = EDGE_CURVE('',#5064,#5072,#5074,.T.);
#5072 = VERTEX_POINT('',#5073);
#5073 = CARTESIAN_POINT('',(27.549893,-24.75491,0.71));
#5074 = CIRCLE('',#5075,0.4);
#5075 = AXIS2_PLACEMENT_3D('',#5076,#5077,#5078);
#5076 = CARTESIAN_POINT('',(27.549893,-25.15491,0.71));
#5077 = DIRECTION('',(-0.,0.,-1.));
#5078 = DIRECTION('',(0.,1.,0.));
#5079 = ORIENTED_EDGE('',*,*,#5080,.T.);
#5080 = EDGE_CURVE('',#5072,#5053,#5081,.T.);
#5081 = LINE('',#5082,#5083);
#5082 = CARTESIAN_POINT('',(14.2249465,-24.75491,0.71));
#5083 = VECTOR('',#5084,1.);
#5084 = DIRECTION('',(1.,0.,-0.));
#5085 = FACE_BOUND('',#5086,.T.);
#5086 = EDGE_LOOP('',(#5087,#5098,#5106,#5115));
#5087 = ORIENTED_EDGE('',*,*,#5088,.T.);
#5088 = EDGE_CURVE('',#5089,#5091,#5093,.T.);
#5089 = VERTEX_POINT('',#5090);
#5090 = CARTESIAN_POINT('',(34.649893,-29.80491,0.71));
#5091 = VERTEX_POINT('',#5092);
#5092 = CARTESIAN_POINT('',(33.849893,-29.80491,0.71));
#5093 = CIRCLE('',#5094,0.4);
#5094 = AXIS2_PLACEMENT_3D('',#5095,#5096,#5097);
#5095 = CARTESIAN_POINT('',(34.249893,-29.80491,0.71));
#5096 = DIRECTION('',(-0.,0.,-1.));
#5097 = DIRECTION('',(-1.,0.,0.));
#5098 = ORIENTED_EDGE('',*,*,#5099,.T.);
#5099 = EDGE_CURVE('',#5091,#5100,#5102,.T.);
#5100 = VERTEX_POINT('',#5101);
#5101 = CARTESIAN_POINT('',(33.849893,-28.90491,0.71));
#5102 = LINE('',#5103,#5104);
#5103 = CARTESIAN_POINT('',(33.849893,-14.452455,0.71));
#5104 = VECTOR('',#5105,1.);
#5105 = DIRECTION('',(-0.,1.,0.));
#5106 = ORIENTED_EDGE('',*,*,#5107,.T.);
#5107 = EDGE_CURVE('',#5100,#5108,#5110,.T.);
#5108 = VERTEX_POINT('',#5109);
#5109 = CARTESIAN_POINT('',(34.649893,-28.90491,0.71));
#5110 = CIRCLE('',#5111,0.4);
#5111 = AXIS2_PLACEMENT_3D('',#5112,#5113,#5114);
#5112 = CARTESIAN_POINT('',(34.249893,-28.90491,0.71));
#5113 = DIRECTION('',(0.,-0.,-1.));
#5114 = DIRECTION('',(1.,0.,-0.));
#5115 = ORIENTED_EDGE('',*,*,#5116,.T.);
#5116 = EDGE_CURVE('',#5108,#5089,#5117,.T.);
#5117 = LINE('',#5118,#5119);
#5118 = CARTESIAN_POINT('',(34.649893,-14.902455,0.71));
#5119 = VECTOR('',#5120,1.);
#5120 = DIRECTION('',(0.,-1.,0.));
#5121 = FACE_BOUND('',#5122,.T.);
#5122 = EDGE_LOOP('',(#5123,#5134,#5142,#5151));
#5123 = ORIENTED_EDGE('',*,*,#5124,.T.);
#5124 = EDGE_CURVE('',#5125,#5127,#5129,.T.);
#5125 = VERTEX_POINT('',#5126);
#5126 = CARTESIAN_POINT('',(36.449893,-31.25491,0.71));
#5127 = VERTEX_POINT('',#5128);
#5128 = CARTESIAN_POINT('',(36.449893,-32.05491,0.71));
#5129 = CIRCLE('',#5130,0.4);
#5130 = AXIS2_PLACEMENT_3D('',#5131,#5132,#5133);
#5131 = CARTESIAN_POINT('',(36.449893,-31.65491,0.71));
#5132 = DIRECTION('',(-0.,0.,-1.));
#5133 = DIRECTION('',(-0.,-1.,0.));
#5134 = ORIENTED_EDGE('',*,*,#5135,.T.);
#5135 = EDGE_CURVE('',#5127,#5136,#5138,.T.);
#5136 = VERTEX_POINT('',#5137);
#5137 = CARTESIAN_POINT('',(35.549893,-32.05491,0.71));
#5138 = LINE('',#5139,#5140);
#5139 = CARTESIAN_POINT('',(17.7749465,-32.05491,0.71));
#5140 = VECTOR('',#5141,1.);
#5141 = DIRECTION('',(-1.,0.,0.));
#5142 = ORIENTED_EDGE('',*,*,#5143,.T.);
#5143 = EDGE_CURVE('',#5136,#5144,#5146,.T.);
#5144 = VERTEX_POINT('',#5145);
#5145 = CARTESIAN_POINT('',(35.549893,-31.25491,0.71));
#5146 = CIRCLE('',#5147,0.4);
#5147 = AXIS2_PLACEMENT_3D('',#5148,#5149,#5150);
#5148 = CARTESIAN_POINT('',(35.549893,-31.65491,0.71));
#5149 = DIRECTION('',(-0.,0.,-1.));
#5150 = DIRECTION('',(0.,1.,0.));
#5151 = ORIENTED_EDGE('',*,*,#5152,.T.);
#5152 = EDGE_CURVE('',#5144,#5125,#5153,.T.);
#5153 = LINE('',#5154,#5155);
#5154 = CARTESIAN_POINT('',(18.2249465,-31.25491,0.71));
#5155 = VECTOR('',#5156,1.);
#5156 = DIRECTION('',(1.,0.,-0.));
#5157 = FACE_BOUND('',#5158,.T.);
#5158 = EDGE_LOOP('',(#5159,#5170,#5178,#5187));
#5159 = ORIENTED_EDGE('',*,*,#5160,.T.);
#5160 = EDGE_CURVE('',#5161,#5163,#5165,.T.);
#5161 = VERTEX_POINT('',#5162);
#5162 = CARTESIAN_POINT('',(38.149893,-29.80491,0.71));
#5163 = VERTEX_POINT('',#5164);
#5164 = CARTESIAN_POINT('',(37.349893,-29.80491,0.71));
#5165 = CIRCLE('',#5166,0.4);
#5166 = AXIS2_PLACEMENT_3D('',#5167,#5168,#5169);
#5167 = CARTESIAN_POINT('',(37.749893,-29.80491,0.71));
#5168 = DIRECTION('',(-0.,0.,-1.));
#5169 = DIRECTION('',(-1.,0.,0.));
#5170 = ORIENTED_EDGE('',*,*,#5171,.T.);
#5171 = EDGE_CURVE('',#5163,#5172,#5174,.T.);
#5172 = VERTEX_POINT('',#5173);
#5173 = CARTESIAN_POINT('',(37.349893,-28.90491,0.71));
#5174 = LINE('',#5175,#5176);
#5175 = CARTESIAN_POINT('',(37.349893,-14.452455,0.71));
#5176 = VECTOR('',#5177,1.);
#5177 = DIRECTION('',(-0.,1.,0.));
#5178 = ORIENTED_EDGE('',*,*,#5179,.T.);
#5179 = EDGE_CURVE('',#5172,#5180,#5182,.T.);
#5180 = VERTEX_POINT('',#5181);
#5181 = CARTESIAN_POINT('',(38.149893,-28.90491,0.71));
#5182 = CIRCLE('',#5183,0.4);
#5183 = AXIS2_PLACEMENT_3D('',#5184,#5185,#5186);
#5184 = CARTESIAN_POINT('',(37.749893,-28.90491,0.71));
#5185 = DIRECTION('',(0.,-0.,-1.));
#5186 = DIRECTION('',(1.,0.,-0.));
#5187 = ORIENTED_EDGE('',*,*,#5188,.T.);
#5188 = EDGE_CURVE('',#5180,#5161,#5189,.T.);
#5189 = LINE('',#5190,#5191);
#5190 = CARTESIAN_POINT('',(38.149893,-14.902455,0.71));
#5191 = VECTOR('',#5192,1.);
#5192 = DIRECTION('',(0.,-1.,0.));
#5193 = FACE_BOUND('',#5194,.T.);
#5194 = EDGE_LOOP('',(#5195));
#5195 = ORIENTED_EDGE('',*,*,#5196,.F.);
#5196 = EDGE_CURVE('',#5197,#5197,#5199,.T.);
#5197 = VERTEX_POINT('',#5198);
#5198 = CARTESIAN_POINT('',(36.849893,-27.05491,0.71));
#5199 = CIRCLE('',#5200,0.85);
#5200 = AXIS2_PLACEMENT_3D('',#5201,#5202,#5203);
#5201 = CARTESIAN_POINT('',(35.999893,-27.05491,0.71));
#5202 = DIRECTION('',(0.,0.,1.));
#5203 = DIRECTION('',(1.,0.,-0.));
#5204 = FACE_BOUND('',#5205,.T.);
#5205 = EDGE_LOOP('',(#5206,#5217,#5225,#5234));
#5206 = ORIENTED_EDGE('',*,*,#5207,.T.);
#5207 = EDGE_CURVE('',#5208,#5210,#5212,.T.);
#5208 = VERTEX_POINT('',#5209);
#5209 = CARTESIAN_POINT('',(36.449893,-24.75491,0.71));
#5210 = VERTEX_POINT('',#5211);
#5211 = CARTESIAN_POINT('',(36.449893,-25.55491,0.71));
#5212 = CIRCLE('',#5213,0.4);
#5213 = AXIS2_PLACEMENT_3D('',#5214,#5215,#5216);
#5214 = CARTESIAN_POINT('',(36.449893,-25.15491,0.71));
#5215 = DIRECTION('',(-0.,0.,-1.));
#5216 = DIRECTION('',(-0.,-1.,0.));
#5217 = ORIENTED_EDGE('',*,*,#5218,.T.);
#5218 = EDGE_CURVE('',#5210,#5219,#5221,.T.);
#5219 = VERTEX_POINT('',#5220);
#5220 = CARTESIAN_POINT('',(35.549893,-25.55491,0.71));
#5221 = LINE('',#5222,#5223);
#5222 = CARTESIAN_POINT('',(17.7749465,-25.55491,0.71));
#5223 = VECTOR('',#5224,1.);
#5224 = DIRECTION('',(-1.,0.,0.));
#5225 = ORIENTED_EDGE('',*,*,#5226,.T.);
#5226 = EDGE_CURVE('',#5219,#5227,#5229,.T.);
#5227 = VERTEX_POINT('',#5228);
#5228 = CARTESIAN_POINT('',(35.549893,-24.75491,0.71));
#5229 = CIRCLE('',#5230,0.4);
#5230 = AXIS2_PLACEMENT_3D('',#5231,#5232,#5233);
#5231 = CARTESIAN_POINT('',(35.549893,-25.15491,0.71));
#5232 = DIRECTION('',(-0.,0.,-1.));
#5233 = DIRECTION('',(0.,1.,0.));
#5234 = ORIENTED_EDGE('',*,*,#5235,.T.);
#5235 = EDGE_CURVE('',#5227,#5208,#5236,.T.);
#5236 = LINE('',#5237,#5238);
#5237 = CARTESIAN_POINT('',(18.2249465,-24.75491,0.71));
#5238 = VECTOR('',#5239,1.);
#5239 = DIRECTION('',(1.,0.,-0.));
#5240 = FACE_BOUND('',#5241,.T.);
#5241 = EDGE_LOOP('',(#5242));
#5242 = ORIENTED_EDGE('',*,*,#5243,.T.);
#5243 = EDGE_CURVE('',#5244,#5244,#5246,.T.);
#5244 = VERTEX_POINT('',#5245);
#5245 = CARTESIAN_POINT('',(41.904893,-39.59991,0.71));
#5246 = CIRCLE('',#5247,0.6);
#5247 = AXIS2_PLACEMENT_3D('',#5248,#5249,#5250);
#5248 = CARTESIAN_POINT('',(41.904893,-38.99991,0.71));
#5249 = DIRECTION('',(-0.,0.,-1.));
#5250 = DIRECTION('',(-0.,-1.,0.));
#5251 = FACE_BOUND('',#5252,.T.);
#5252 = EDGE_LOOP('',(#5253));
#5253 = ORIENTED_EDGE('',*,*,#5254,.T.);
#5254 = EDGE_CURVE('',#5255,#5255,#5257,.T.);
#5255 = VERTEX_POINT('',#5256);
#5256 = CARTESIAN_POINT('',(47.624893,-38.84991,0.71));
#5257 = CIRCLE('',#5258,0.6);
#5258 = AXIS2_PLACEMENT_3D('',#5259,#5260,#5261);
#5259 = CARTESIAN_POINT('',(47.624893,-38.24991,0.71));
#5260 = DIRECTION('',(-0.,0.,-1.));
#5261 = DIRECTION('',(-0.,-1.,0.));
#5262 = FACE_BOUND('',#5263,.T.);
#5263 = EDGE_LOOP('',(#5264));
#5264 = ORIENTED_EDGE('',*,*,#5265,.T.);
#5265 = EDGE_CURVE('',#5266,#5266,#5268,.T.);
#5266 = VERTEX_POINT('',#5267);
#5267 = CARTESIAN_POINT('',(41.904893,-35.09991,0.71));
#5268 = CIRCLE('',#5269,0.6);
#5269 = AXIS2_PLACEMENT_3D('',#5270,#5271,#5272);
#5270 = CARTESIAN_POINT('',(41.904893,-34.49991,0.71));
#5271 = DIRECTION('',(-0.,0.,-1.));
#5272 = DIRECTION('',(-0.,-1.,0.));
#5273 = FACE_BOUND('',#5274,.T.);
#5274 = EDGE_LOOP('',(#5275));
#5275 = ORIENTED_EDGE('',*,*,#5276,.T.);
#5276 = EDGE_CURVE('',#5277,#5277,#5279,.T.);
#5277 = VERTEX_POINT('',#5278);
#5278 = CARTESIAN_POINT('',(47.624893,-35.59991,0.71));
#5279 = CIRCLE('',#5280,0.6);
#5280 = AXIS2_PLACEMENT_3D('',#5281,#5282,#5283);
#5281 = CARTESIAN_POINT('',(47.624893,-34.99991,0.71));
#5282 = DIRECTION('',(-0.,0.,-1.));
#5283 = DIRECTION('',(-0.,-1.,0.));
#5284 = FACE_BOUND('',#5285,.T.);
#5285 = EDGE_LOOP('',(#5286,#5297,#5305,#5314));
#5286 = ORIENTED_EDGE('',*,*,#5287,.T.);
#5287 = EDGE_CURVE('',#5288,#5290,#5292,.T.);
#5288 = VERTEX_POINT('',#5289);
#5289 = CARTESIAN_POINT('',(53.694892,-38.64991,0.71));
#5290 = VERTEX_POINT('',#5291);
#5291 = CARTESIAN_POINT('',(53.694892,-37.84991,0.71));
#5292 = CIRCLE('',#5293,0.4);
#5293 = AXIS2_PLACEMENT_3D('',#5294,#5295,#5296);
#5294 = CARTESIAN_POINT('',(53.694892,-38.24991,0.71));
#5295 = DIRECTION('',(0.,-0.,-1.));
#5296 = DIRECTION('',(1.7763568394E-14,1.,-0.));
#5297 = ORIENTED_EDGE('',*,*,#5298,.T.);
#5298 = EDGE_CURVE('',#5290,#5299,#5301,.T.);
#5299 = VERTEX_POINT('',#5300);
#5300 = CARTESIAN_POINT('',(54.594892,-37.84991,0.71));
#5301 = LINE('',#5302,#5303);
#5302 = CARTESIAN_POINT('',(27.297446,-37.84991,0.71));
#5303 = VECTOR('',#5304,1.);
#5304 = DIRECTION('',(1.,0.,-0.));
#5305 = ORIENTED_EDGE('',*,*,#5306,.T.);
#5306 = EDGE_CURVE('',#5299,#5307,#5309,.T.);
#5307 = VERTEX_POINT('',#5308);
#5308 = CARTESIAN_POINT('',(54.594892,-38.64991,0.71));
#5309 = CIRCLE('',#5310,0.4);
#5310 = AXIS2_PLACEMENT_3D('',#5311,#5312,#5313);
#5311 = CARTESIAN_POINT('',(54.594892,-38.24991,0.71));
#5312 = DIRECTION('',(-0.,0.,-1.));
#5313 = DIRECTION('',(-0.,-1.,0.));
#5314 = ORIENTED_EDGE('',*,*,#5315,.T.);
#5315 = EDGE_CURVE('',#5307,#5288,#5316,.T.);
#5316 = LINE('',#5317,#5318);
#5317 = CARTESIAN_POINT('',(26.847446,-38.64991,0.71));
#5318 = VECTOR('',#5319,1.);
#5319 = DIRECTION('',(-1.,0.,0.));
#5320 = FACE_BOUND('',#5321,.T.);
#5321 = EDGE_LOOP('',(#5322));
#5322 = ORIENTED_EDGE('',*,*,#5323,.T.);
#5323 = EDGE_CURVE('',#5324,#5324,#5326,.T.);
#5324 = VERTEX_POINT('',#5325);
#5325 = CARTESIAN_POINT('',(52.499893,-35.49991,0.71));
#5326 = CIRCLE('',#5327,0.5);
#5327 = AXIS2_PLACEMENT_3D('',#5328,#5329,#5330);
#5328 = CARTESIAN_POINT('',(52.499893,-34.99991,0.71));
#5329 = DIRECTION('',(-0.,0.,-1.));
#5330 = DIRECTION('',(-0.,-1.,0.));
#5331 = FACE_BOUND('',#5332,.T.);
#5332 = EDGE_LOOP('',(#5333));
#5333 = ORIENTED_EDGE('',*,*,#5334,.F.);
#5334 = EDGE_CURVE('',#5335,#5335,#5337,.T.);
#5335 = VERTEX_POINT('',#5336);
#5336 = CARTESIAN_POINT('',(57.999893,-34.49991,0.71));
#5337 = CIRCLE('',#5338,1.);
#5338 = AXIS2_PLACEMENT_3D('',#5339,#5340,#5341);
#5339 = CARTESIAN_POINT('',(56.999893,-34.49991,0.71));
#5340 = DIRECTION('',(0.,0.,1.));
#5341 = DIRECTION('',(1.,0.,-0.));
#5342 = FACE_BOUND('',#5343,.T.);
#5343 = EDGE_LOOP('',(#5344,#5355,#5363,#5372));
#5344 = ORIENTED_EDGE('',*,*,#5345,.T.);
#5345 = EDGE_CURVE('',#5346,#5348,#5350,.T.);
#5346 = VERTEX_POINT('',#5347);
#5347 = CARTESIAN_POINT('',(44.449893,-31.25491,0.71));
#5348 = VERTEX_POINT('',#5349);
#5349 = CARTESIAN_POINT('',(44.449893,-32.05491,0.71));
#5350 = CIRCLE('',#5351,0.4);
#5351 = AXIS2_PLACEMENT_3D('',#5352,#5353,#5354);
#5352 = CARTESIAN_POINT('',(44.449893,-31.65491,0.71));
#5353 = DIRECTION('',(-0.,0.,-1.));
#5354 = DIRECTION('',(-0.,-1.,0.));
#5355 = ORIENTED_EDGE('',*,*,#5356,.T.);
#5356 = EDGE_CURVE('',#5348,#5357,#5359,.T.);
#5357 = VERTEX_POINT('',#5358);
#5358 = CARTESIAN_POINT('',(43.549893,-32.05491,0.71));
#5359 = LINE('',#5360,#5361);
#5360 = CARTESIAN_POINT('',(21.7749465,-32.05491,0.71));
#5361 = VECTOR('',#5362,1.);
#5362 = DIRECTION('',(-1.,0.,0.));
#5363 = ORIENTED_EDGE('',*,*,#5364,.T.);
#5364 = EDGE_CURVE('',#5357,#5365,#5367,.T.);
#5365 = VERTEX_POINT('',#5366);
#5366 = CARTESIAN_POINT('',(43.549893,-31.25491,0.71));
#5367 = CIRCLE('',#5368,0.4);
#5368 = AXIS2_PLACEMENT_3D('',#5369,#5370,#5371);
#5369 = CARTESIAN_POINT('',(43.549893,-31.65491,0.71));
#5370 = DIRECTION('',(-0.,0.,-1.));
#5371 = DIRECTION('',(0.,1.,0.));
#5372 = ORIENTED_EDGE('',*,*,#5373,.T.);
#5373 = EDGE_CURVE('',#5365,#5346,#5374,.T.);
#5374 = LINE('',#5375,#5376);
#5375 = CARTESIAN_POINT('',(22.2249465,-31.25491,0.71));
#5376 = VECTOR('',#5377,1.);
#5377 = DIRECTION('',(1.,0.,-0.));
#5378 = FACE_BOUND('',#5379,.T.);
#5379 = EDGE_LOOP('',(#5380,#5391,#5399,#5408));
#5380 = ORIENTED_EDGE('',*,*,#5381,.T.);
#5381 = EDGE_CURVE('',#5382,#5384,#5386,.T.);
#5382 = VERTEX_POINT('',#5383);
#5383 = CARTESIAN_POINT('',(42.649893,-29.80491,0.71));
#5384 = VERTEX_POINT('',#5385);
#5385 = CARTESIAN_POINT('',(41.849893,-29.80491,0.71));
#5386 = CIRCLE('',#5387,0.4);
#5387 = AXIS2_PLACEMENT_3D('',#5388,#5389,#5390);
#5388 = CARTESIAN_POINT('',(42.249893,-29.80491,0.71));
#5389 = DIRECTION('',(-0.,0.,-1.));
#5390 = DIRECTION('',(-1.,0.,0.));
#5391 = ORIENTED_EDGE('',*,*,#5392,.T.);
#5392 = EDGE_CURVE('',#5384,#5393,#5395,.T.);
#5393 = VERTEX_POINT('',#5394);
#5394 = CARTESIAN_POINT('',(41.849893,-28.90491,0.71));
#5395 = LINE('',#5396,#5397);
#5396 = CARTESIAN_POINT('',(41.849893,-14.452455,0.71));
#5397 = VECTOR('',#5398,1.);
#5398 = DIRECTION('',(-0.,1.,0.));
#5399 = ORIENTED_EDGE('',*,*,#5400,.T.);
#5400 = EDGE_CURVE('',#5393,#5401,#5403,.T.);
#5401 = VERTEX_POINT('',#5402);
#5402 = CARTESIAN_POINT('',(42.649893,-28.90491,0.71));
#5403 = CIRCLE('',#5404,0.4);
#5404 = AXIS2_PLACEMENT_3D('',#5405,#5406,#5407);
#5405 = CARTESIAN_POINT('',(42.249893,-28.90491,0.71));
#5406 = DIRECTION('',(0.,-0.,-1.));
#5407 = DIRECTION('',(1.,0.,-0.));
#5408 = ORIENTED_EDGE('',*,*,#5409,.T.);
#5409 = EDGE_CURVE('',#5401,#5382,#5410,.T.);
#5410 = LINE('',#5411,#5412);
#5411 = CARTESIAN_POINT('',(42.649893,-14.902455,0.71));
#5412 = VECTOR('',#5413,1.);
#5413 = DIRECTION('',(0.,-1.,0.));
#5414 = FACE_BOUND('',#5415,.T.);
#5415 = EDGE_LOOP('',(#5416,#5427,#5435,#5444));
#5416 = ORIENTED_EDGE('',*,*,#5417,.T.);
#5417 = EDGE_CURVE('',#5418,#5420,#5422,.T.);
#5418 = VERTEX_POINT('',#5419);
#5419 = CARTESIAN_POINT('',(46.149893,-29.80491,0.71));
#5420 = VERTEX_POINT('',#5421);
#5421 = CARTESIAN_POINT('',(45.349893,-29.80491,0.71));
#5422 = CIRCLE('',#5423,0.4);
#5423 = AXIS2_PLACEMENT_3D('',#5424,#5425,#5426);
#5424 = CARTESIAN_POINT('',(45.749893,-29.80491,0.71));
#5425 = DIRECTION('',(-0.,0.,-1.));
#5426 = DIRECTION('',(-1.,0.,0.));
#5427 = ORIENTED_EDGE('',*,*,#5428,.T.);
#5428 = EDGE_CURVE('',#5420,#5429,#5431,.T.);
#5429 = VERTEX_POINT('',#5430);
#5430 = CARTESIAN_POINT('',(45.349893,-28.90491,0.71));
#5431 = LINE('',#5432,#5433);
#5432 = CARTESIAN_POINT('',(45.349893,-14.452455,0.71));
#5433 = VECTOR('',#5434,1.);
#5434 = DIRECTION('',(-0.,1.,0.));
#5435 = ORIENTED_EDGE('',*,*,#5436,.T.);
#5436 = EDGE_CURVE('',#5429,#5437,#5439,.T.);
#5437 = VERTEX_POINT('',#5438);
#5438 = CARTESIAN_POINT('',(46.149893,-28.90491,0.71));
#5439 = CIRCLE('',#5440,0.4);
#5440 = AXIS2_PLACEMENT_3D('',#5441,#5442,#5443);
#5441 = CARTESIAN_POINT('',(45.749893,-28.90491,0.71));
#5442 = DIRECTION('',(0.,-0.,-1.));
#5443 = DIRECTION('',(1.,0.,-0.));
#5444 = ORIENTED_EDGE('',*,*,#5445,.T.);
#5445 = EDGE_CURVE('',#5437,#5418,#5446,.T.);
#5446 = LINE('',#5447,#5448);
#5447 = CARTESIAN_POINT('',(46.149893,-14.902455,0.71));
#5448 = VECTOR('',#5449,1.);
#5449 = DIRECTION('',(0.,-1.,0.));
#5450 = FACE_BOUND('',#5451,.T.);
#5451 = EDGE_LOOP('',(#5452));
#5452 = ORIENTED_EDGE('',*,*,#5453,.F.);
#5453 = EDGE_CURVE('',#5454,#5454,#5456,.T.);
#5454 = VERTEX_POINT('',#5455);
#5455 = CARTESIAN_POINT('',(44.849893,-27.05491,0.71));
#5456 = CIRCLE('',#5457,0.85);
#5457 = AXIS2_PLACEMENT_3D('',#5458,#5459,#5460);
#5458 = CARTESIAN_POINT('',(43.999893,-27.05491,0.71));
#5459 = DIRECTION('',(0.,0.,1.));
#5460 = DIRECTION('',(1.,0.,-0.));
#5461 = FACE_BOUND('',#5462,.T.);
#5462 = EDGE_LOOP('',(#5463,#5474,#5482,#5491));
#5463 = ORIENTED_EDGE('',*,*,#5464,.T.);
#5464 = EDGE_CURVE('',#5465,#5467,#5469,.T.);
#5465 = VERTEX_POINT('',#5466);
#5466 = CARTESIAN_POINT('',(44.449893,-24.75491,0.71));
#5467 = VERTEX_POINT('',#5468);
#5468 = CARTESIAN_POINT('',(44.449893,-25.55491,0.71));
#5469 = CIRCLE('',#5470,0.4);
#5470 = AXIS2_PLACEMENT_3D('',#5471,#5472,#5473);
#5471 = CARTESIAN_POINT('',(44.449893,-25.15491,0.71));
#5472 = DIRECTION('',(-0.,0.,-1.));
#5473 = DIRECTION('',(-0.,-1.,0.));
#5474 = ORIENTED_EDGE('',*,*,#5475,.T.);
#5475 = EDGE_CURVE('',#5467,#5476,#5478,.T.);
#5476 = VERTEX_POINT('',#5477);
#5477 = CARTESIAN_POINT('',(43.549893,-25.55491,0.71));
#5478 = LINE('',#5479,#5480);
#5479 = CARTESIAN_POINT('',(21.7749465,-25.55491,0.71));
#5480 = VECTOR('',#5481,1.);
#5481 = DIRECTION('',(-1.,0.,0.));
#5482 = ORIENTED_EDGE('',*,*,#5483,.T.);
#5483 = EDGE_CURVE('',#5476,#5484,#5486,.T.);
#5484 = VERTEX_POINT('',#5485);
#5485 = CARTESIAN_POINT('',(43.549893,-24.75491,0.71));
#5486 = CIRCLE('',#5487,0.4);
#5487 = AXIS2_PLACEMENT_3D('',#5488,#5489,#5490);
#5488 = CARTESIAN_POINT('',(43.549893,-25.15491,0.71));
#5489 = DIRECTION('',(-0.,0.,-1.));
#5490 = DIRECTION('',(0.,1.,0.));
#5491 = ORIENTED_EDGE('',*,*,#5492,.T.);
#5492 = EDGE_CURVE('',#5484,#5465,#5493,.T.);
#5493 = LINE('',#5494,#5495);
#5494 = CARTESIAN_POINT('',(22.2249465,-24.75491,0.71));
#5495 = VECTOR('',#5496,1.);
#5496 = DIRECTION('',(1.,0.,-0.));
#5497 = FACE_BOUND('',#5498,.T.);
#5498 = EDGE_LOOP('',(#5499,#5510,#5518,#5527));
#5499 = ORIENTED_EDGE('',*,*,#5500,.T.);
#5500 = EDGE_CURVE('',#5501,#5503,#5505,.T.);
#5501 = VERTEX_POINT('',#5502);
#5502 = CARTESIAN_POINT('',(52.449893,-31.75491,0.71));
#5503 = VERTEX_POINT('',#5504);
#5504 = CARTESIAN_POINT('',(52.449893,-32.55491,0.71));
#5505 = CIRCLE('',#5506,0.4);
#5506 = AXIS2_PLACEMENT_3D('',#5507,#5508,#5509);
#5507 = CARTESIAN_POINT('',(52.449893,-32.15491,0.71));
#5508 = DIRECTION('',(-0.,0.,-1.));
#5509 = DIRECTION('',(-0.,-1.,0.));
#5510 = ORIENTED_EDGE('',*,*,#5511,.T.);
#5511 = EDGE_CURVE('',#5503,#5512,#5514,.T.);
#5512 = VERTEX_POINT('',#5513);
#5513 = CARTESIAN_POINT('',(51.549893,-32.55491,0.71));
#5514 = LINE('',#5515,#5516);
#5515 = CARTESIAN_POINT('',(25.7749465,-32.55491,0.71));
#5516 = VECTOR('',#5517,1.);
#5517 = DIRECTION('',(-1.,0.,0.));
#5518 = ORIENTED_EDGE('',*,*,#5519,.T.);
#5519 = EDGE_CURVE('',#5512,#5520,#5522,.T.);
#5520 = VERTEX_POINT('',#5521);
#5521 = CARTESIAN_POINT('',(51.549893,-31.75491,0.71));
#5522 = CIRCLE('',#5523,0.4);
#5523 = AXIS2_PLACEMENT_3D('',#5524,#5525,#5526);
#5524 = CARTESIAN_POINT('',(51.549893,-32.15491,0.71));
#5525 = DIRECTION('',(-0.,0.,-1.));
#5526 = DIRECTION('',(0.,1.,0.));
#5527 = ORIENTED_EDGE('',*,*,#5528,.T.);
#5528 = EDGE_CURVE('',#5520,#5501,#5529,.T.);
#5529 = LINE('',#5530,#5531);
#5530 = CARTESIAN_POINT('',(26.2249465,-31.75491,0.71));
#5531 = VECTOR('',#5532,1.);
#5532 = DIRECTION('',(1.,0.,-0.));
#5533 = FACE_BOUND('',#5534,.T.);
#5534 = EDGE_LOOP('',(#5535,#5546,#5554,#5563));
#5535 = ORIENTED_EDGE('',*,*,#5536,.T.);
#5536 = EDGE_CURVE('',#5537,#5539,#5541,.T.);
#5537 = VERTEX_POINT('',#5538);
#5538 = CARTESIAN_POINT('',(50.649893,-30.30491,0.71));
#5539 = VERTEX_POINT('',#5540);
#5540 = CARTESIAN_POINT('',(49.849893,-30.30491,0.71));
#5541 = CIRCLE('',#5542,0.4);
#5542 = AXIS2_PLACEMENT_3D('',#5543,#5544,#5545);
#5543 = CARTESIAN_POINT('',(50.249893,-30.30491,0.71));
#5544 = DIRECTION('',(-0.,0.,-1.));
#5545 = DIRECTION('',(-1.,0.,0.));
#5546 = ORIENTED_EDGE('',*,*,#5547,.T.);
#5547 = EDGE_CURVE('',#5539,#5548,#5550,.T.);
#5548 = VERTEX_POINT('',#5549);
#5549 = CARTESIAN_POINT('',(49.849893,-29.40491,0.71));
#5550 = LINE('',#5551,#5552);
#5551 = CARTESIAN_POINT('',(49.849893,-14.702455,0.71));
#5552 = VECTOR('',#5553,1.);
#5553 = DIRECTION('',(-0.,1.,0.));
#5554 = ORIENTED_EDGE('',*,*,#5555,.T.);
#5555 = EDGE_CURVE('',#5548,#5556,#5558,.T.);
#5556 = VERTEX_POINT('',#5557);
#5557 = CARTESIAN_POINT('',(50.649893,-29.40491,0.71));
#5558 = CIRCLE('',#5559,0.4);
#5559 = AXIS2_PLACEMENT_3D('',#5560,#5561,#5562);
#5560 = CARTESIAN_POINT('',(50.249893,-29.40491,0.71));
#5561 = DIRECTION('',(0.,-0.,-1.));
#5562 = DIRECTION('',(1.,0.,-0.));
#5563 = ORIENTED_EDGE('',*,*,#5564,.T.);
#5564 = EDGE_CURVE('',#5556,#5537,#5565,.T.);
#5565 = LINE('',#5566,#5567);
#5566 = CARTESIAN_POINT('',(50.649893,-15.152455,0.71));
#5567 = VECTOR('',#5568,1.);
#5568 = DIRECTION('',(0.,-1.,0.));
#5569 = FACE_BOUND('',#5570,.T.);
#5570 = EDGE_LOOP('',(#5571,#5582,#5590,#5599));
#5571 = ORIENTED_EDGE('',*,*,#5572,.T.);
#5572 = EDGE_CURVE('',#5573,#5575,#5577,.T.);
#5573 = VERTEX_POINT('',#5574);
#5574 = CARTESIAN_POINT('',(54.149893,-30.30491,0.71));
#5575 = VERTEX_POINT('',#5576);
#5576 = CARTESIAN_POINT('',(53.349893,-30.30491,0.71));
#5577 = CIRCLE('',#5578,0.4);
#5578 = AXIS2_PLACEMENT_3D('',#5579,#5580,#5581);
#5579 = CARTESIAN_POINT('',(53.749893,-30.30491,0.71));
#5580 = DIRECTION('',(-0.,0.,-1.));
#5581 = DIRECTION('',(-1.,0.,0.));
#5582 = ORIENTED_EDGE('',*,*,#5583,.T.);
#5583 = EDGE_CURVE('',#5575,#5584,#5586,.T.);
#5584 = VERTEX_POINT('',#5585);
#5585 = CARTESIAN_POINT('',(53.349893,-29.40491,0.71));
#5586 = LINE('',#5587,#5588);
#5587 = CARTESIAN_POINT('',(53.349893,-14.702455,0.71));
#5588 = VECTOR('',#5589,1.);
#5589 = DIRECTION('',(-0.,1.,0.));
#5590 = ORIENTED_EDGE('',*,*,#5591,.T.);
#5591 = EDGE_CURVE('',#5584,#5592,#5594,.T.);
#5592 = VERTEX_POINT('',#5593);
#5593 = CARTESIAN_POINT('',(54.149893,-29.40491,0.71));
#5594 = CIRCLE('',#5595,0.4);
#5595 = AXIS2_PLACEMENT_3D('',#5596,#5597,#5598);
#5596 = CARTESIAN_POINT('',(53.749893,-29.40491,0.71));
#5597 = DIRECTION('',(0.,-0.,-1.));
#5598 = DIRECTION('',(1.,0.,-0.));
#5599 = ORIENTED_EDGE('',*,*,#5600,.T.);
#5600 = EDGE_CURVE('',#5592,#5573,#5601,.T.);
#5601 = LINE('',#5602,#5603);
#5602 = CARTESIAN_POINT('',(54.149893,-15.152455,0.71));
#5603 = VECTOR('',#5604,1.);
#5604 = DIRECTION('',(0.,-1.,0.));
#5605 = FACE_BOUND('',#5606,.T.);
#5606 = EDGE_LOOP('',(#5607));
#5607 = ORIENTED_EDGE('',*,*,#5608,.F.);
#5608 = EDGE_CURVE('',#5609,#5609,#5611,.T.);
#5609 = VERTEX_POINT('',#5610);
#5610 = CARTESIAN_POINT('',(52.849893,-27.55491,0.71));
#5611 = CIRCLE('',#5612,0.85);
#5612 = AXIS2_PLACEMENT_3D('',#5613,#5614,#5615);
#5613 = CARTESIAN_POINT('',(51.999893,-27.55491,0.71));
#5614 = DIRECTION('',(0.,0.,1.));
#5615 = DIRECTION('',(1.,0.,-0.));
#5616 = FACE_BOUND('',#5617,.T.);
#5617 = EDGE_LOOP('',(#5618,#5629,#5637,#5646));
#5618 = ORIENTED_EDGE('',*,*,#5619,.T.);
#5619 = EDGE_CURVE('',#5620,#5622,#5624,.T.);
#5620 = VERTEX_POINT('',#5621);
#5621 = CARTESIAN_POINT('',(52.449893,-25.25491,0.71));
#5622 = VERTEX_POINT('',#5623);
#5623 = CARTESIAN_POINT('',(52.449893,-26.05491,0.71));
#5624 = CIRCLE('',#5625,0.4);
#5625 = AXIS2_PLACEMENT_3D('',#5626,#5627,#5628);
#5626 = CARTESIAN_POINT('',(52.449893,-25.65491,0.71));
#5627 = DIRECTION('',(-0.,0.,-1.));
#5628 = DIRECTION('',(-0.,-1.,0.));
#5629 = ORIENTED_EDGE('',*,*,#5630,.T.);
#5630 = EDGE_CURVE('',#5622,#5631,#5633,.T.);
#5631 = VERTEX_POINT('',#5632);
#5632 = CARTESIAN_POINT('',(51.549893,-26.05491,0.71));
#5633 = LINE('',#5634,#5635);
#5634 = CARTESIAN_POINT('',(25.7749465,-26.05491,0.71));
#5635 = VECTOR('',#5636,1.);
#5636 = DIRECTION('',(-1.,0.,0.));
#5637 = ORIENTED_EDGE('',*,*,#5638,.T.);
#5638 = EDGE_CURVE('',#5631,#5639,#5641,.T.);
#5639 = VERTEX_POINT('',#5640);
#5640 = CARTESIAN_POINT('',(51.549893,-25.25491,0.71));
#5641 = CIRCLE('',#5642,0.4);
#5642 = AXIS2_PLACEMENT_3D('',#5643,#5644,#5645);
#5643 = CARTESIAN_POINT('',(51.549893,-25.65491,0.71));
#5644 = DIRECTION('',(-0.,0.,-1.));
#5645 = DIRECTION('',(0.,1.,0.));
#5646 = ORIENTED_EDGE('',*,*,#5647,.T.);
#5647 = EDGE_CURVE('',#5639,#5620,#5648,.T.);
#5648 = LINE('',#5649,#5650);
#5649 = CARTESIAN_POINT('',(26.2249465,-25.25491,0.71));
#5650 = VECTOR('',#5651,1.);
#5651 = DIRECTION('',(1.,0.,-0.));
#5652 = PLANE('',#5653);
#5653 = AXIS2_PLACEMENT_3D('',#5654,#5655,#5656);
#5654 = CARTESIAN_POINT('',(0.,0.,0.71));
#5655 = DIRECTION('',(0.,0.,1.));
#5656 = DIRECTION('',(1.,0.,-0.));
#5657 = ADVANCED_FACE('',(#5658),#5669,.T.);
#5658 = FACE_BOUND('',#5659,.T.);
#5659 = EDGE_LOOP('',(#5660,#5666,#5667,#5668));
#5660 = ORIENTED_EDGE('',*,*,#5661,.T.);
#5661 = EDGE_CURVE('',#2286,#3975,#5662,.T.);
#5662 = LINE('',#5663,#5664);
#5663 = CARTESIAN_POINT('',(19.499895,-24.499909,0.));
#5664 = VECTOR('',#5665,1.);
#5665 = DIRECTION('',(0.,0.,1.));
#5666 = ORIENTED_EDGE('',*,*,#3974,.T.);
#5667 = ORIENTED_EDGE('',*,*,#2221,.F.);
#5668 = ORIENTED_EDGE('',*,*,#2285,.F.);
#5669 = CYLINDRICAL_SURFACE('',#5670,1.000000960045);
#5670 = AXIS2_PLACEMENT_3D('',#5671,#5672,#5673);
#5671 = CARTESIAN_POINT('',(20.499895960041,-24.49991196004,0.));
#5672 = DIRECTION('',(0.,0.,-1.));
#5673 = DIRECTION('',(-0.999999999996,2.960038067502E-06,0.));
#5674 = ADVANCED_FACE('',(#5675),#5686,.T.);
#5675 = FACE_BOUND('',#5676,.T.);
#5676 = EDGE_LOOP('',(#5677,#5678,#5679,#5685));
#5677 = ORIENTED_EDGE('',*,*,#2261,.T.);
#5678 = ORIENTED_EDGE('',*,*,#4008,.T.);
#5679 = ORIENTED_EDGE('',*,*,#5680,.F.);
#5680 = EDGE_CURVE('',#2312,#4001,#5681,.T.);
#5681 = LINE('',#5682,#5683);
#5682 = CARTESIAN_POINT('',(58.999897,-56.499903,0.));
#5683 = VECTOR('',#5684,1.);
#5684 = DIRECTION('',(0.,0.,1.));
#5685 = ORIENTED_EDGE('',*,*,#2319,.F.);
#5686 = CYLINDRICAL_SURFACE('',#5687,0.999987303378);
#5687 = AXIS2_PLACEMENT_3D('',#5688,#5689,#5690);
#5688 = CARTESIAN_POINT('',(58.999905696702,-55.49991569666,0.));
#5689 = DIRECTION('',(0.,0.,-1.));
#5690 = DIRECTION('',(0.999999999919,1.269682078821E-05,0.));
#5691 = ADVANCED_FACE('',(#5692),#5703,.T.);
#5692 = FACE_BOUND('',#5693,.T.);
#5693 = EDGE_LOOP('',(#5694,#5700,#5701,#5702));
#5694 = ORIENTED_EDGE('',*,*,#5695,.T.);
#5695 = EDGE_CURVE('',#2295,#3984,#5696,.T.);
#5696 = LINE('',#5697,#5698);
#5697 = CARTESIAN_POINT('',(19.499894,-55.49991,0.));
#5698 = VECTOR('',#5699,1.);
#5699 = DIRECTION('',(0.,0.,1.));
#5700 = ORIENTED_EDGE('',*,*,#3983,.T.);
#5701 = ORIENTED_EDGE('',*,*,#5661,.F.);
#5702 = ORIENTED_EDGE('',*,*,#2294,.F.);
#5703 = PLANE('',#5704);
#5704 = AXIS2_PLACEMENT_3D('',#5705,#5706,#5707);
#5705 = CARTESIAN_POINT('',(19.499894,-55.49991,0.));
#5706 = DIRECTION('',(-1.,3.22580633941E-08,0.));
#5707 = DIRECTION('',(3.22580633941E-08,1.,0.));
#5708 = ADVANCED_FACE('',(#5709),#5720,.T.);
#5709 = FACE_BOUND('',#5710,.T.);
#5710 = EDGE_LOOP('',(#5711,#5712,#5713,#5719));
#5711 = ORIENTED_EDGE('',*,*,#5680,.T.);
#5712 = ORIENTED_EDGE('',*,*,#4000,.T.);
#5713 = ORIENTED_EDGE('',*,*,#5714,.F.);
#5714 = EDGE_CURVE('',#2303,#3992,#5715,.T.);
#5715 = LINE('',#5716,#5717);
#5716 = CARTESIAN_POINT('',(20.499893,-56.499909,0.));
#5717 = VECTOR('',#5718,1.);
#5718 = DIRECTION('',(0.,0.,1.));
#5719 = ORIENTED_EDGE('',*,*,#2311,.F.);
#5720 = PLANE('',#5721);
#5721 = AXIS2_PLACEMENT_3D('',#5722,#5723,#5724);
#5722 = CARTESIAN_POINT('',(58.999897,-56.499903,0.));
#5723 = DIRECTION('',(1.558441396282E-07,-1.,0.));
#5724 = DIRECTION('',(-1.,-1.558441396282E-07,0.));
#5725 = ADVANCED_FACE('',(#5726),#5732,.T.);
#5726 = FACE_BOUND('',#5727,.T.);
#5727 = EDGE_LOOP('',(#5728,#5729,#5730,#5731));
#5728 = ORIENTED_EDGE('',*,*,#5714,.T.);
#5729 = ORIENTED_EDGE('',*,*,#3991,.T.);
#5730 = ORIENTED_EDGE('',*,*,#5695,.F.);
#5731 = ORIENTED_EDGE('',*,*,#2302,.F.);
#5732 = CYLINDRICAL_SURFACE('',#5733,0.99999754582);
#5733 = AXIS2_PLACEMENT_3D('',#5734,#5735,#5736);
#5734 = CARTESIAN_POINT('',(20.499891545819,-55.49991145418,0.));
#5735 = DIRECTION('',(0.,0.,-1.));
#5736 = DIRECTION('',(1.454184252254E-06,-0.999999999999,0.));
#5737 = ADVANCED_FACE('',(#5738),#5754,.F.);
#5738 = FACE_BOUND('',#5739,.T.);
#5739 = EDGE_LOOP('',(#5740,#5741,#5747,#5748));
#5740 = ORIENTED_EDGE('',*,*,#2329,.T.);
#5741 = ORIENTED_EDGE('',*,*,#5742,.T.);
#5742 = EDGE_CURVE('',#2332,#4021,#5743,.T.);
#5743 = LINE('',#5744,#5745);
#5744 = CARTESIAN_POINT('',(27.049893,-54.44491,-4.6E-02));
#5745 = VECTOR('',#5746,1.);
#5746 = DIRECTION('',(0.,0.,1.));
#5747 = ORIENTED_EDGE('',*,*,#4018,.F.);
#5748 = ORIENTED_EDGE('',*,*,#5749,.F.);
#5749 = EDGE_CURVE('',#2330,#4019,#5750,.T.);
#5750 = LINE('',#5751,#5752);
#5751 = CARTESIAN_POINT('',(27.049893,-55.24491,-4.6E-02));
#5752 = VECTOR('',#5753,1.);
#5753 = DIRECTION('',(0.,0.,1.));
#5754 = CYLINDRICAL_SURFACE('',#5755,0.4);
#5755 = AXIS2_PLACEMENT_3D('',#5756,#5757,#5758);
#5756 = CARTESIAN_POINT('',(27.049893,-54.84491,-4.6E-02));
#5757 = DIRECTION('',(-0.,-0.,-1.));
#5758 = DIRECTION('',(-8.881784197001E-15,1.,0.));
#5759 = ADVANCED_FACE('',(#5760),#5771,.T.);
#5760 = FACE_BOUND('',#5761,.T.);
#5761 = EDGE_LOOP('',(#5762,#5763,#5764,#5765));
#5762 = ORIENTED_EDGE('',*,*,#2357,.T.);
#5763 = ORIENTED_EDGE('',*,*,#5749,.T.);
#5764 = ORIENTED_EDGE('',*,*,#4046,.F.);
#5765 = ORIENTED_EDGE('',*,*,#5766,.F.);
#5766 = EDGE_CURVE('',#2349,#4038,#5767,.T.);
#5767 = LINE('',#5768,#5769);
#5768 = CARTESIAN_POINT('',(27.949893,-55.24491,-4.6E-02));
#5769 = VECTOR('',#5770,1.);
#5770 = DIRECTION('',(0.,0.,1.));
#5771 = PLANE('',#5772);
#5772 = AXIS2_PLACEMENT_3D('',#5773,#5774,#5775);
#5773 = CARTESIAN_POINT('',(27.049893,-55.24491,-4.6E-02));
#5774 = DIRECTION('',(0.,1.,0.));
#5775 = DIRECTION('',(1.,0.,0.));
#5776 = ADVANCED_FACE('',(#5777),#5788,.F.);
#5777 = FACE_BOUND('',#5778,.T.);
#5778 = EDGE_LOOP('',(#5779,#5780,#5781,#5782));
#5779 = ORIENTED_EDGE('',*,*,#2348,.T.);
#5780 = ORIENTED_EDGE('',*,*,#5766,.T.);
#5781 = ORIENTED_EDGE('',*,*,#4037,.F.);
#5782 = ORIENTED_EDGE('',*,*,#5783,.F.);
#5783 = EDGE_CURVE('',#2341,#4030,#5784,.T.);
#5784 = LINE('',#5785,#5786);
#5785 = CARTESIAN_POINT('',(27.949893,-54.44491,-4.6E-02));
#5786 = VECTOR('',#5787,1.);
#5787 = DIRECTION('',(0.,0.,1.));
#5788 = CYLINDRICAL_SURFACE('',#5789,0.4);
#5789 = AXIS2_PLACEMENT_3D('',#5790,#5791,#5792);
#5790 = CARTESIAN_POINT('',(27.949893,-54.84491,-4.6E-02));
#5791 = DIRECTION('',(-0.,0.,-1.));
#5792 = DIRECTION('',(8.881784197001E-15,-1.,-0.));
#5793 = ADVANCED_FACE('',(#5794),#5800,.T.);
#5794 = FACE_BOUND('',#5795,.T.);
#5795 = EDGE_LOOP('',(#5796,#5797,#5798,#5799));
#5796 = ORIENTED_EDGE('',*,*,#2340,.T.);
#5797 = ORIENTED_EDGE('',*,*,#5783,.T.);
#5798 = ORIENTED_EDGE('',*,*,#4029,.F.);
#5799 = ORIENTED_EDGE('',*,*,#5742,.F.);
#5800 = PLANE('',#5801);
#5801 = AXIS2_PLACEMENT_3D('',#5802,#5803,#5804);
#5802 = CARTESIAN_POINT('',(27.949893,-54.44491,-4.6E-02));
#5803 = DIRECTION('',(0.,-1.,0.));
#5804 = DIRECTION('',(-1.,0.,0.));
#5805 = ADVANCED_FACE('',(#5806),#5817,.F.);
#5806 = FACE_BOUND('',#5807,.T.);
#5807 = EDGE_LOOP('',(#5808,#5814,#5815,#5816));
#5808 = ORIENTED_EDGE('',*,*,#5809,.T.);
#5809 = EDGE_CURVE('',#2366,#4055,#5810,.T.);
#5810 = LINE('',#5811,#5812);
#5811 = CARTESIAN_POINT('',(28.349893,-52.94491,0.));
#5812 = VECTOR('',#5813,1.);
#5813 = DIRECTION('',(0.,0.,1.));
#5814 = ORIENTED_EDGE('',*,*,#4054,.T.);
#5815 = ORIENTED_EDGE('',*,*,#5809,.F.);
#5816 = ORIENTED_EDGE('',*,*,#2365,.F.);
#5817 = CYLINDRICAL_SURFACE('',#5818,0.85);
#5818 = AXIS2_PLACEMENT_3D('',#5819,#5820,#5821);
#5819 = CARTESIAN_POINT('',(27.499893,-52.94491,0.));
#5820 = DIRECTION('',(-0.,-0.,-1.));
#5821 = DIRECTION('',(1.,0.,-0.));
#5822 = ADVANCED_FACE('',(#5823),#5839,.F.);
#5823 = FACE_BOUND('',#5824,.T.);
#5824 = EDGE_LOOP('',(#5825,#5826,#5832,#5833));
#5825 = ORIENTED_EDGE('',*,*,#2376,.T.);
#5826 = ORIENTED_EDGE('',*,*,#5827,.T.);
#5827 = EDGE_CURVE('',#2379,#4068,#5828,.T.);
#5828 = LINE('',#5829,#5830);
#5829 = CARTESIAN_POINT('',(26.149893,-50.19491,-4.6E-02));
#5830 = VECTOR('',#5831,1.);
#5831 = DIRECTION('',(0.,0.,1.));
#5832 = ORIENTED_EDGE('',*,*,#4065,.F.);
#5833 = ORIENTED_EDGE('',*,*,#5834,.F.);
#5834 = EDGE_CURVE('',#2377,#4066,#5835,.T.);
#5835 = LINE('',#5836,#5837);
#5836 = CARTESIAN_POINT('',(25.349893,-50.19491,-4.6E-02));
#5837 = VECTOR('',#5838,1.);
#5838 = DIRECTION('',(0.,0.,1.));
#5839 = CYLINDRICAL_SURFACE('',#5840,0.4);
#5840 = AXIS2_PLACEMENT_3D('',#5841,#5842,#5843);
#5841 = CARTESIAN_POINT('',(25.749893,-50.19491,-4.6E-02));
#5842 = DIRECTION('',(-0.,-0.,-1.));
#5843 = DIRECTION('',(1.,1.7763568394E-14,-0.));
#5844 = ADVANCED_FACE('',(#5845),#5856,.T.);
#5845 = FACE_BOUND('',#5846,.T.);
#5846 = EDGE_LOOP('',(#5847,#5848,#5849,#5850));
#5847 = ORIENTED_EDGE('',*,*,#2404,.T.);
#5848 = ORIENTED_EDGE('',*,*,#5834,.T.);
#5849 = ORIENTED_EDGE('',*,*,#4093,.F.);
#5850 = ORIENTED_EDGE('',*,*,#5851,.F.);
#5851 = EDGE_CURVE('',#2396,#4085,#5852,.T.);
#5852 = LINE('',#5853,#5854);
#5853 = CARTESIAN_POINT('',(25.349893,-51.09491,-4.6E-02));
#5854 = VECTOR('',#5855,1.);
#5855 = DIRECTION('',(0.,0.,1.));
#5856 = PLANE('',#5857);
#5857 = AXIS2_PLACEMENT_3D('',#5858,#5859,#5860);
#5858 = CARTESIAN_POINT('',(25.349893,-50.19491,-4.6E-02));
#5859 = DIRECTION('',(1.,0.,-0.));
#5860 = DIRECTION('',(0.,-1.,0.));
#5861 = ADVANCED_FACE('',(#5862),#5873,.F.);
#5862 = FACE_BOUND('',#5863,.T.);
#5863 = EDGE_LOOP('',(#5864,#5865,#5866,#5867));
#5864 = ORIENTED_EDGE('',*,*,#2395,.T.);
#5865 = ORIENTED_EDGE('',*,*,#5851,.T.);
#5866 = ORIENTED_EDGE('',*,*,#4084,.F.);
#5867 = ORIENTED_EDGE('',*,*,#5868,.F.);
#5868 = EDGE_CURVE('',#2388,#4077,#5869,.T.);
#5869 = LINE('',#5870,#5871);
#5870 = CARTESIAN_POINT('',(26.149893,-51.09491,-4.6E-02));
#5871 = VECTOR('',#5872,1.);
#5872 = DIRECTION('',(0.,0.,1.));
#5873 = CYLINDRICAL_SURFACE('',#5874,0.4);
#5874 = AXIS2_PLACEMENT_3D('',#5875,#5876,#5877);
#5875 = CARTESIAN_POINT('',(25.749893,-51.09491,-4.6E-02));
#5876 = DIRECTION('',(-0.,-0.,-1.));
#5877 = DIRECTION('',(-1.,0.,-0.));
#5878 = ADVANCED_FACE('',(#5879),#5885,.T.);
#5879 = FACE_BOUND('',#5880,.T.);
#5880 = EDGE_LOOP('',(#5881,#5882,#5883,#5884));
#5881 = ORIENTED_EDGE('',*,*,#2387,.T.);
#5882 = ORIENTED_EDGE('',*,*,#5868,.T.);
#5883 = ORIENTED_EDGE('',*,*,#4076,.F.);
#5884 = ORIENTED_EDGE('',*,*,#5827,.F.);
#5885 = PLANE('',#5886);
#5886 = AXIS2_PLACEMENT_3D('',#5887,#5888,#5889);
#5887 = CARTESIAN_POINT('',(26.149893,-51.09491,-4.6E-02));
#5888 = DIRECTION('',(-1.,0.,0.));
#5889 = DIRECTION('',(0.,1.,0.));
#5890 = ADVANCED_FACE('',(#5891),#5907,.F.);
#5891 = FACE_BOUND('',#5892,.T.);
#5892 = EDGE_LOOP('',(#5893,#5894,#5900,#5901));
#5893 = ORIENTED_EDGE('',*,*,#2412,.T.);
#5894 = ORIENTED_EDGE('',*,*,#5895,.T.);
#5895 = EDGE_CURVE('',#2415,#4104,#5896,.T.);
#5896 = LINE('',#5897,#5898);
#5897 = CARTESIAN_POINT('',(29.649893,-50.19491,-4.6E-02));
#5898 = VECTOR('',#5899,1.);
#5899 = DIRECTION('',(0.,0.,1.));
#5900 = ORIENTED_EDGE('',*,*,#4101,.F.);
#5901 = ORIENTED_EDGE('',*,*,#5902,.F.);
#5902 = EDGE_CURVE('',#2413,#4102,#5903,.T.);
#5903 = LINE('',#5904,#5905);
#5904 = CARTESIAN_POINT('',(28.849893,-50.19491,-4.6E-02));
#5905 = VECTOR('',#5906,1.);
#5906 = DIRECTION('',(0.,0.,1.));
#5907 = CYLINDRICAL_SURFACE('',#5908,0.4);
#5908 = AXIS2_PLACEMENT_3D('',#5909,#5910,#5911);
#5909 = CARTESIAN_POINT('',(29.249893,-50.19491,-4.6E-02));
#5910 = DIRECTION('',(-0.,-0.,-1.));
#5911 = DIRECTION('',(1.,1.7763568394E-14,-0.));
#5912 = ADVANCED_FACE('',(#5913),#5924,.T.);
#5913 = FACE_BOUND('',#5914,.T.);
#5914 = EDGE_LOOP('',(#5915,#5916,#5917,#5918));
#5915 = ORIENTED_EDGE('',*,*,#2440,.T.);
#5916 = ORIENTED_EDGE('',*,*,#5902,.T.);
#5917 = ORIENTED_EDGE('',*,*,#4129,.F.);
#5918 = ORIENTED_EDGE('',*,*,#5919,.F.);
#5919 = EDGE_CURVE('',#2432,#4121,#5920,.T.);
#5920 = LINE('',#5921,#5922);
#5921 = CARTESIAN_POINT('',(28.849893,-51.09491,-4.6E-02));
#5922 = VECTOR('',#5923,1.);
#5923 = DIRECTION('',(0.,0.,1.));
#5924 = PLANE('',#5925);
#5925 = AXIS2_PLACEMENT_3D('',#5926,#5927,#5928);
#5926 = CARTESIAN_POINT('',(28.849893,-50.19491,-4.6E-02));
#5927 = DIRECTION('',(1.,0.,-0.));
#5928 = DIRECTION('',(0.,-1.,0.));
#5929 = ADVANCED_FACE('',(#5930),#5941,.F.);
#5930 = FACE_BOUND('',#5931,.T.);
#5931 = EDGE_LOOP('',(#5932,#5933,#5934,#5935));
#5932 = ORIENTED_EDGE('',*,*,#2431,.T.);
#5933 = ORIENTED_EDGE('',*,*,#5919,.T.);
#5934 = ORIENTED_EDGE('',*,*,#4120,.F.);
#5935 = ORIENTED_EDGE('',*,*,#5936,.F.);
#5936 = EDGE_CURVE('',#2424,#4113,#5937,.T.);
#5937 = LINE('',#5938,#5939);
#5938 = CARTESIAN_POINT('',(29.649893,-51.09491,-4.6E-02));
#5939 = VECTOR('',#5940,1.);
#5940 = DIRECTION('',(0.,0.,1.));
#5941 = CYLINDRICAL_SURFACE('',#5942,0.4);
#5942 = AXIS2_PLACEMENT_3D('',#5943,#5944,#5945);
#5943 = CARTESIAN_POINT('',(29.249893,-51.09491,-4.6E-02));
#5944 = DIRECTION('',(-0.,-0.,-1.));
#5945 = DIRECTION('',(-1.,0.,-0.));
#5946 = ADVANCED_FACE('',(#5947),#5953,.T.);
#5947 = FACE_BOUND('',#5948,.T.);
#5948 = EDGE_LOOP('',(#5949,#5950,#5951,#5952));
#5949 = ORIENTED_EDGE('',*,*,#2423,.T.);
#5950 = ORIENTED_EDGE('',*,*,#5936,.T.);
#5951 = ORIENTED_EDGE('',*,*,#4112,.F.);
#5952 = ORIENTED_EDGE('',*,*,#5895,.F.);
#5953 = PLANE('',#5954);
#5954 = AXIS2_PLACEMENT_3D('',#5955,#5956,#5957);
#5955 = CARTESIAN_POINT('',(29.649893,-51.09491,-4.6E-02));
#5956 = DIRECTION('',(-1.,0.,0.));
#5957 = DIRECTION('',(0.,1.,0.));
#5958 = ADVANCED_FACE('',(#5959),#5975,.F.);
#5959 = FACE_BOUND('',#5960,.T.);
#5960 = EDGE_LOOP('',(#5961,#5962,#5968,#5969));
#5961 = ORIENTED_EDGE('',*,*,#2448,.T.);
#5962 = ORIENTED_EDGE('',*,*,#5963,.T.);
#5963 = EDGE_CURVE('',#2451,#4140,#5964,.T.);
#5964 = LINE('',#5965,#5966);
#5965 = CARTESIAN_POINT('',(27.049893,-47.94491,-4.6E-02));
#5966 = VECTOR('',#5967,1.);
#5967 = DIRECTION('',(0.,0.,1.));
#5968 = ORIENTED_EDGE('',*,*,#4137,.F.);
#5969 = ORIENTED_EDGE('',*,*,#5970,.F.);
#5970 = EDGE_CURVE('',#2449,#4138,#5971,.T.);
#5971 = LINE('',#5972,#5973);
#5972 = CARTESIAN_POINT('',(27.049893,-48.74491,-4.6E-02));
#5973 = VECTOR('',#5974,1.);
#5974 = DIRECTION('',(0.,0.,1.));
#5975 = CYLINDRICAL_SURFACE('',#5976,0.4);
#5976 = AXIS2_PLACEMENT_3D('',#5977,#5978,#5979);
#5977 = CARTESIAN_POINT('',(27.049893,-48.34491,-4.6E-02));
#5978 = DIRECTION('',(-0.,-0.,-1.));
#5979 = DIRECTION('',(-8.881784197001E-15,1.,0.));
#5980 = ADVANCED_FACE('',(#5981),#5992,.T.);
#5981 = FACE_BOUND('',#5982,.T.);
#5982 = EDGE_LOOP('',(#5983,#5984,#5985,#5986));
#5983 = ORIENTED_EDGE('',*,*,#2476,.T.);
#5984 = ORIENTED_EDGE('',*,*,#5970,.T.);
#5985 = ORIENTED_EDGE('',*,*,#4165,.F.);
#5986 = ORIENTED_EDGE('',*,*,#5987,.F.);
#5987 = EDGE_CURVE('',#2468,#4157,#5988,.T.);
#5988 = LINE('',#5989,#5990);
#5989 = CARTESIAN_POINT('',(27.949893,-48.74491,-4.6E-02));
#5990 = VECTOR('',#5991,1.);
#5991 = DIRECTION('',(0.,0.,1.));
#5992 = PLANE('',#5993);
#5993 = AXIS2_PLACEMENT_3D('',#5994,#5995,#5996);
#5994 = CARTESIAN_POINT('',(27.049893,-48.74491,-4.6E-02));
#5995 = DIRECTION('',(0.,1.,0.));
#5996 = DIRECTION('',(1.,0.,0.));
#5997 = ADVANCED_FACE('',(#5998),#6009,.F.);
#5998 = FACE_BOUND('',#5999,.T.);
#5999 = EDGE_LOOP('',(#6000,#6001,#6002,#6003));
#6000 = ORIENTED_EDGE('',*,*,#2467,.T.);
#6001 = ORIENTED_EDGE('',*,*,#5987,.T.);
#6002 = ORIENTED_EDGE('',*,*,#4156,.F.);
#6003 = ORIENTED_EDGE('',*,*,#6004,.F.);
#6004 = EDGE_CURVE('',#2460,#4149,#6005,.T.);
#6005 = LINE('',#6006,#6007);
#6006 = CARTESIAN_POINT('',(27.949893,-47.94491,-4.6E-02));
#6007 = VECTOR('',#6008,1.);
#6008 = DIRECTION('',(0.,0.,1.));
#6009 = CYLINDRICAL_SURFACE('',#6010,0.4);
#6010 = AXIS2_PLACEMENT_3D('',#6011,#6012,#6013);
#6011 = CARTESIAN_POINT('',(27.949893,-48.34491,-4.6E-02));
#6012 = DIRECTION('',(-0.,0.,-1.));
#6013 = DIRECTION('',(8.881784197001E-15,-1.,-0.));
#6014 = ADVANCED_FACE('',(#6015),#6021,.T.);
#6015 = FACE_BOUND('',#6016,.T.);
#6016 = EDGE_LOOP('',(#6017,#6018,#6019,#6020));
#6017 = ORIENTED_EDGE('',*,*,#2459,.T.);
#6018 = ORIENTED_EDGE('',*,*,#6004,.T.);
#6019 = ORIENTED_EDGE('',*,*,#4148,.F.);
#6020 = ORIENTED_EDGE('',*,*,#5963,.F.);
#6021 = PLANE('',#6022);
#6022 = AXIS2_PLACEMENT_3D('',#6023,#6024,#6025);
#6023 = CARTESIAN_POINT('',(27.949893,-47.94491,-4.6E-02));
#6024 = DIRECTION('',(0.,-1.,0.));
#6025 = DIRECTION('',(-1.,0.,0.));
#6026 = ADVANCED_FACE('',(#6027),#6043,.F.);
#6027 = FACE_BOUND('',#6028,.T.);
#6028 = EDGE_LOOP('',(#6029,#6030,#6036,#6037));
#6029 = ORIENTED_EDGE('',*,*,#2484,.T.);
#6030 = ORIENTED_EDGE('',*,*,#6031,.T.);
#6031 = EDGE_CURVE('',#2487,#4176,#6032,.T.);
#6032 = LINE('',#6033,#6034);
#6033 = CARTESIAN_POINT('',(35.549893,-54.444909,-4.6E-02));
#6034 = VECTOR('',#6035,1.);
#6035 = DIRECTION('',(0.,0.,1.));
#6036 = ORIENTED_EDGE('',*,*,#4173,.F.);
#6037 = ORIENTED_EDGE('',*,*,#6038,.F.);
#6038 = EDGE_CURVE('',#2485,#4174,#6039,.T.);
#6039 = LINE('',#6040,#6041);
#6040 = CARTESIAN_POINT('',(35.549893,-55.244909,-4.6E-02));
#6041 = VECTOR('',#6042,1.);
#6042 = DIRECTION('',(0.,0.,1.));
#6043 = CYLINDRICAL_SURFACE('',#6044,0.4);
#6044 = AXIS2_PLACEMENT_3D('',#6045,#6046,#6047);
#6045 = CARTESIAN_POINT('',(35.549893,-54.844909,-4.6E-02));
#6046 = DIRECTION('',(-0.,0.,-1.));
#6047 = DIRECTION('',(0.,1.,0.));
#6048 = ADVANCED_FACE('',(#6049),#6060,.T.);
#6049 = FACE_BOUND('',#6050,.T.);
#6050 = EDGE_LOOP('',(#6051,#6052,#6053,#6054));
#6051 = ORIENTED_EDGE('',*,*,#2512,.T.);
#6052 = ORIENTED_EDGE('',*,*,#6038,.T.);
#6053 = ORIENTED_EDGE('',*,*,#4201,.F.);
#6054 = ORIENTED_EDGE('',*,*,#6055,.F.);
#6055 = EDGE_CURVE('',#2504,#4193,#6056,.T.);
#6056 = LINE('',#6057,#6058);
#6057 = CARTESIAN_POINT('',(36.449893,-55.244909,-4.6E-02));
#6058 = VECTOR('',#6059,1.);
#6059 = DIRECTION('',(0.,0.,1.));
#6060 = PLANE('',#6061);
#6061 = AXIS2_PLACEMENT_3D('',#6062,#6063,#6064);
#6062 = CARTESIAN_POINT('',(35.549893,-55.244909,-4.6E-02));
#6063 = DIRECTION('',(0.,1.,0.));
#6064 = DIRECTION('',(1.,0.,0.));
#6065 = ADVANCED_FACE('',(#6066),#6077,.F.);
#6066 = FACE_BOUND('',#6067,.T.);
#6067 = EDGE_LOOP('',(#6068,#6069,#6070,#6071));
#6068 = ORIENTED_EDGE('',*,*,#2503,.T.);
#6069 = ORIENTED_EDGE('',*,*,#6055,.T.);
#6070 = ORIENTED_EDGE('',*,*,#4192,.F.);
#6071 = ORIENTED_EDGE('',*,*,#6072,.F.);
#6072 = EDGE_CURVE('',#2496,#4185,#6073,.T.);
#6073 = LINE('',#6074,#6075);
#6074 = CARTESIAN_POINT('',(36.449893,-54.444909,-4.6E-02));
#6075 = VECTOR('',#6076,1.);
#6076 = DIRECTION('',(0.,0.,1.));
#6077 = CYLINDRICAL_SURFACE('',#6078,0.4);
#6078 = AXIS2_PLACEMENT_3D('',#6079,#6080,#6081);
#6079 = CARTESIAN_POINT('',(36.449893,-54.844909,-4.6E-02));
#6080 = DIRECTION('',(-0.,-0.,-1.));
#6081 = DIRECTION('',(-0.,-1.,0.));
#6082 = ADVANCED_FACE('',(#6083),#6089,.T.);
#6083 = FACE_BOUND('',#6084,.T.);
#6084 = EDGE_LOOP('',(#6085,#6086,#6087,#6088));
#6085 = ORIENTED_EDGE('',*,*,#2495,.T.);
#6086 = ORIENTED_EDGE('',*,*,#6072,.T.);
#6087 = ORIENTED_EDGE('',*,*,#4184,.F.);
#6088 = ORIENTED_EDGE('',*,*,#6031,.F.);
#6089 = PLANE('',#6090);
#6090 = AXIS2_PLACEMENT_3D('',#6091,#6092,#6093);
#6091 = CARTESIAN_POINT('',(36.449893,-54.444909,-4.6E-02));
#6092 = DIRECTION('',(0.,-1.,0.));
#6093 = DIRECTION('',(-1.,0.,0.));
#6094 = ADVANCED_FACE('',(#6095),#6106,.F.);
#6095 = FACE_BOUND('',#6096,.T.);
#6096 = EDGE_LOOP('',(#6097,#6103,#6104,#6105));
#6097 = ORIENTED_EDGE('',*,*,#6098,.T.);
#6098 = EDGE_CURVE('',#2521,#4210,#6099,.T.);
#6099 = LINE('',#6100,#6101);
#6100 = CARTESIAN_POINT('',(36.849893,-52.944909,0.));
#6101 = VECTOR('',#6102,1.);
#6102 = DIRECTION('',(0.,0.,1.));
#6103 = ORIENTED_EDGE('',*,*,#4209,.T.);
#6104 = ORIENTED_EDGE('',*,*,#6098,.F.);
#6105 = ORIENTED_EDGE('',*,*,#2520,.F.);
#6106 = CYLINDRICAL_SURFACE('',#6107,0.85);
#6107 = AXIS2_PLACEMENT_3D('',#6108,#6109,#6110);
#6108 = CARTESIAN_POINT('',(35.999893,-52.944909,0.));
#6109 = DIRECTION('',(-0.,-0.,-1.));
#6110 = DIRECTION('',(1.,0.,-0.));
#6111 = ADVANCED_FACE('',(#6112),#6128,.F.);
#6112 = FACE_BOUND('',#6113,.T.);
#6113 = EDGE_LOOP('',(#6114,#6115,#6121,#6122));
#6114 = ORIENTED_EDGE('',*,*,#2531,.T.);
#6115 = ORIENTED_EDGE('',*,*,#6116,.T.);
#6116 = EDGE_CURVE('',#2534,#4223,#6117,.T.);
#6117 = LINE('',#6118,#6119);
#6118 = CARTESIAN_POINT('',(34.649893,-50.194909,-4.6E-02));
#6119 = VECTOR('',#6120,1.);
#6120 = DIRECTION('',(0.,0.,1.));
#6121 = ORIENTED_EDGE('',*,*,#4220,.F.);
#6122 = ORIENTED_EDGE('',*,*,#6123,.F.);
#6123 = EDGE_CURVE('',#2532,#4221,#6124,.T.);
#6124 = LINE('',#6125,#6126);
#6125 = CARTESIAN_POINT('',(33.849893,-50.194909,-4.6E-02));
#6126 = VECTOR('',#6127,1.);
#6127 = DIRECTION('',(0.,0.,1.));
#6128 = CYLINDRICAL_SURFACE('',#6129,0.4);
#6129 = AXIS2_PLACEMENT_3D('',#6130,#6131,#6132);
#6130 = CARTESIAN_POINT('',(34.249893,-50.194909,-4.6E-02));
#6131 = DIRECTION('',(-0.,-0.,-1.));
#6132 = DIRECTION('',(1.,-1.7763568394E-14,0.));
#6133 = ADVANCED_FACE('',(#6134),#6145,.T.);
#6134 = FACE_BOUND('',#6135,.T.);
#6135 = EDGE_LOOP('',(#6136,#6137,#6138,#6139));
#6136 = ORIENTED_EDGE('',*,*,#2559,.T.);
#6137 = ORIENTED_EDGE('',*,*,#6123,.T.);
#6138 = ORIENTED_EDGE('',*,*,#4248,.F.);
#6139 = ORIENTED_EDGE('',*,*,#6140,.F.);
#6140 = EDGE_CURVE('',#2551,#4240,#6141,.T.);
#6141 = LINE('',#6142,#6143);
#6142 = CARTESIAN_POINT('',(33.849893,-51.094909,-4.6E-02));
#6143 = VECTOR('',#6144,1.);
#6144 = DIRECTION('',(0.,0.,1.));
#6145 = PLANE('',#6146);
#6146 = AXIS2_PLACEMENT_3D('',#6147,#6148,#6149);
#6147 = CARTESIAN_POINT('',(33.849893,-50.194909,-4.6E-02));
#6148 = DIRECTION('',(1.,0.,-0.));
#6149 = DIRECTION('',(0.,-1.,0.));
#6150 = ADVANCED_FACE('',(#6151),#6162,.F.);
#6151 = FACE_BOUND('',#6152,.T.);
#6152 = EDGE_LOOP('',(#6153,#6154,#6155,#6156));
#6153 = ORIENTED_EDGE('',*,*,#2550,.T.);
#6154 = ORIENTED_EDGE('',*,*,#6140,.T.);
#6155 = ORIENTED_EDGE('',*,*,#4239,.F.);
#6156 = ORIENTED_EDGE('',*,*,#6157,.F.);
#6157 = EDGE_CURVE('',#2543,#4232,#6158,.T.);
#6158 = LINE('',#6159,#6160);
#6159 = CARTESIAN_POINT('',(34.649893,-51.094909,-4.6E-02));
#6160 = VECTOR('',#6161,1.);
#6161 = DIRECTION('',(0.,0.,1.));
#6162 = CYLINDRICAL_SURFACE('',#6163,0.4);
#6163 = AXIS2_PLACEMENT_3D('',#6164,#6165,#6166);
#6164 = CARTESIAN_POINT('',(34.249893,-51.094909,-4.6E-02));
#6165 = DIRECTION('',(-0.,-0.,-1.));
#6166 = DIRECTION('',(-1.,0.,-0.));
#6167 = ADVANCED_FACE('',(#6168),#6174,.T.);
#6168 = FACE_BOUND('',#6169,.T.);
#6169 = EDGE_LOOP('',(#6170,#6171,#6172,#6173));
#6170 = ORIENTED_EDGE('',*,*,#2542,.T.);
#6171 = ORIENTED_EDGE('',*,*,#6157,.T.);
#6172 = ORIENTED_EDGE('',*,*,#4231,.F.);
#6173 = ORIENTED_EDGE('',*,*,#6116,.F.);
#6174 = PLANE('',#6175);
#6175 = AXIS2_PLACEMENT_3D('',#6176,#6177,#6178);
#6176 = CARTESIAN_POINT('',(34.649893,-51.094909,-4.6E-02));
#6177 = DIRECTION('',(-1.,0.,0.));
#6178 = DIRECTION('',(0.,1.,0.));
#6179 = ADVANCED_FACE('',(#6180),#6196,.F.);
#6180 = FACE_BOUND('',#6181,.T.);
#6181 = EDGE_LOOP('',(#6182,#6183,#6189,#6190));
#6182 = ORIENTED_EDGE('',*,*,#2567,.T.);
#6183 = ORIENTED_EDGE('',*,*,#6184,.T.);
#6184 = EDGE_CURVE('',#2570,#4259,#6185,.T.);
#6185 = LINE('',#6186,#6187);
#6186 = CARTESIAN_POINT('',(38.149893,-50.194909,-4.6E-02));
#6187 = VECTOR('',#6188,1.);
#6188 = DIRECTION('',(0.,0.,1.));
#6189 = ORIENTED_EDGE('',*,*,#4256,.F.);
#6190 = ORIENTED_EDGE('',*,*,#6191,.F.);
#6191 = EDGE_CURVE('',#2568,#4257,#6192,.T.);
#6192 = LINE('',#6193,#6194);
#6193 = CARTESIAN_POINT('',(37.349893,-50.194909,-4.6E-02));
#6194 = VECTOR('',#6195,1.);
#6195 = DIRECTION('',(0.,0.,1.));
#6196 = CYLINDRICAL_SURFACE('',#6197,0.4);
#6197 = AXIS2_PLACEMENT_3D('',#6198,#6199,#6200);
#6198 = CARTESIAN_POINT('',(37.749893,-50.194909,-4.6E-02));
#6199 = DIRECTION('',(-0.,-0.,-1.));
#6200 = DIRECTION('',(1.,-1.7763568394E-14,0.));
#6201 = ADVANCED_FACE('',(#6202),#6213,.T.);
#6202 = FACE_BOUND('',#6203,.T.);
#6203 = EDGE_LOOP('',(#6204,#6205,#6206,#6207));
#6204 = ORIENTED_EDGE('',*,*,#2595,.T.);
#6205 = ORIENTED_EDGE('',*,*,#6191,.T.);
#6206 = ORIENTED_EDGE('',*,*,#4284,.F.);
#6207 = ORIENTED_EDGE('',*,*,#6208,.F.);
#6208 = EDGE_CURVE('',#2587,#4276,#6209,.T.);
#6209 = LINE('',#6210,#6211);
#6210 = CARTESIAN_POINT('',(37.349893,-51.094909,-4.6E-02));
#6211 = VECTOR('',#6212,1.);
#6212 = DIRECTION('',(0.,0.,1.));
#6213 = PLANE('',#6214);
#6214 = AXIS2_PLACEMENT_3D('',#6215,#6216,#6217);
#6215 = CARTESIAN_POINT('',(37.349893,-50.194909,-4.6E-02));
#6216 = DIRECTION('',(1.,0.,-0.));
#6217 = DIRECTION('',(0.,-1.,0.));
#6218 = ADVANCED_FACE('',(#6219),#6230,.F.);
#6219 = FACE_BOUND('',#6220,.T.);
#6220 = EDGE_LOOP('',(#6221,#6222,#6223,#6224));
#6221 = ORIENTED_EDGE('',*,*,#2586,.T.);
#6222 = ORIENTED_EDGE('',*,*,#6208,.T.);
#6223 = ORIENTED_EDGE('',*,*,#4275,.F.);
#6224 = ORIENTED_EDGE('',*,*,#6225,.F.);
#6225 = EDGE_CURVE('',#2579,#4268,#6226,.T.);
#6226 = LINE('',#6227,#6228);
#6227 = CARTESIAN_POINT('',(38.149893,-51.094909,-4.6E-02));
#6228 = VECTOR('',#6229,1.);
#6229 = DIRECTION('',(0.,0.,1.));
#6230 = CYLINDRICAL_SURFACE('',#6231,0.4);
#6231 = AXIS2_PLACEMENT_3D('',#6232,#6233,#6234);
#6232 = CARTESIAN_POINT('',(37.749893,-51.094909,-4.6E-02));
#6233 = DIRECTION('',(-0.,-0.,-1.));
#6234 = DIRECTION('',(-1.,0.,-0.));
#6235 = ADVANCED_FACE('',(#6236),#6242,.T.);
#6236 = FACE_BOUND('',#6237,.T.);
#6237 = EDGE_LOOP('',(#6238,#6239,#6240,#6241));
#6238 = ORIENTED_EDGE('',*,*,#2578,.T.);
#6239 = ORIENTED_EDGE('',*,*,#6225,.T.);
#6240 = ORIENTED_EDGE('',*,*,#4267,.F.);
#6241 = ORIENTED_EDGE('',*,*,#6184,.F.);
#6242 = PLANE('',#6243);
#6243 = AXIS2_PLACEMENT_3D('',#6244,#6245,#6246);
#6244 = CARTESIAN_POINT('',(38.149893,-51.094909,-4.6E-02));
#6245 = DIRECTION('',(-1.,0.,0.));
#6246 = DIRECTION('',(0.,1.,0.));
#6247 = ADVANCED_FACE('',(#6248),#6264,.F.);
#6248 = FACE_BOUND('',#6249,.T.);
#6249 = EDGE_LOOP('',(#6250,#6251,#6257,#6258));
#6250 = ORIENTED_EDGE('',*,*,#2603,.T.);
#6251 = ORIENTED_EDGE('',*,*,#6252,.T.);
#6252 = EDGE_CURVE('',#2606,#4295,#6253,.T.);
#6253 = LINE('',#6254,#6255);
#6254 = CARTESIAN_POINT('',(35.549893,-47.944909,-4.6E-02));
#6255 = VECTOR('',#6256,1.);
#6256 = DIRECTION('',(0.,0.,1.));
#6257 = ORIENTED_EDGE('',*,*,#4292,.F.);
#6258 = ORIENTED_EDGE('',*,*,#6259,.F.);
#6259 = EDGE_CURVE('',#2604,#4293,#6260,.T.);
#6260 = LINE('',#6261,#6262);
#6261 = CARTESIAN_POINT('',(35.549893,-48.744909,-4.6E-02));
#6262 = VECTOR('',#6263,1.);
#6263 = DIRECTION('',(0.,0.,1.));
#6264 = CYLINDRICAL_SURFACE('',#6265,0.4);
#6265 = AXIS2_PLACEMENT_3D('',#6266,#6267,#6268);
#6266 = CARTESIAN_POINT('',(35.549893,-48.344909,-4.6E-02));
#6267 = DIRECTION('',(-0.,0.,-1.));
#6268 = DIRECTION('',(0.,1.,0.));
#6269 = ADVANCED_FACE('',(#6270),#6281,.T.);
#6270 = FACE_BOUND('',#6271,.T.);
#6271 = EDGE_LOOP('',(#6272,#6273,#6274,#6275));
#6272 = ORIENTED_EDGE('',*,*,#2631,.T.);
#6273 = ORIENTED_EDGE('',*,*,#6259,.T.);
#6274 = ORIENTED_EDGE('',*,*,#4320,.F.);
#6275 = ORIENTED_EDGE('',*,*,#6276,.F.);
#6276 = EDGE_CURVE('',#2623,#4312,#6277,.T.);
#6277 = LINE('',#6278,#6279);
#6278 = CARTESIAN_POINT('',(36.449893,-48.744909,-4.6E-02));
#6279 = VECTOR('',#6280,1.);
#6280 = DIRECTION('',(0.,0.,1.));
#6281 = PLANE('',#6282);
#6282 = AXIS2_PLACEMENT_3D('',#6283,#6284,#6285);
#6283 = CARTESIAN_POINT('',(35.549893,-48.744909,-4.6E-02));
#6284 = DIRECTION('',(0.,1.,0.));
#6285 = DIRECTION('',(1.,0.,0.));
#6286 = ADVANCED_FACE('',(#6287),#6298,.F.);
#6287 = FACE_BOUND('',#6288,.T.);
#6288 = EDGE_LOOP('',(#6289,#6290,#6291,#6292));
#6289 = ORIENTED_EDGE('',*,*,#2622,.T.);
#6290 = ORIENTED_EDGE('',*,*,#6276,.T.);
#6291 = ORIENTED_EDGE('',*,*,#4311,.F.);
#6292 = ORIENTED_EDGE('',*,*,#6293,.F.);
#6293 = EDGE_CURVE('',#2615,#4304,#6294,.T.);
#6294 = LINE('',#6295,#6296);
#6295 = CARTESIAN_POINT('',(36.449893,-47.944909,-4.6E-02));
#6296 = VECTOR('',#6297,1.);
#6297 = DIRECTION('',(0.,0.,1.));
#6298 = CYLINDRICAL_SURFACE('',#6299,0.4);
#6299 = AXIS2_PLACEMENT_3D('',#6300,#6301,#6302);
#6300 = CARTESIAN_POINT('',(36.449893,-48.344909,-4.6E-02));
#6301 = DIRECTION('',(-0.,-0.,-1.));
#6302 = DIRECTION('',(-0.,-1.,0.));
#6303 = ADVANCED_FACE('',(#6304),#6310,.T.);
#6304 = FACE_BOUND('',#6305,.T.);
#6305 = EDGE_LOOP('',(#6306,#6307,#6308,#6309));
#6306 = ORIENTED_EDGE('',*,*,#2614,.T.);
#6307 = ORIENTED_EDGE('',*,*,#6293,.T.);
#6308 = ORIENTED_EDGE('',*,*,#4303,.F.);
#6309 = ORIENTED_EDGE('',*,*,#6252,.F.);
#6310 = PLANE('',#6311);
#6311 = AXIS2_PLACEMENT_3D('',#6312,#6313,#6314);
#6312 = CARTESIAN_POINT('',(36.449893,-47.944909,-4.6E-02));
#6313 = DIRECTION('',(0.,-1.,0.));
#6314 = DIRECTION('',(-1.,0.,0.));
#6315 = ADVANCED_FACE('',(#6316),#6327,.F.);
#6316 = FACE_BOUND('',#6317,.T.);
#6317 = EDGE_LOOP('',(#6318,#6324,#6325,#6326));
#6318 = ORIENTED_EDGE('',*,*,#6319,.T.);
#6319 = EDGE_CURVE('',#2640,#4329,#6320,.T.);
#6320 = LINE('',#6321,#6322);
#6321 = CARTESIAN_POINT('',(23.499893,-43.99991,0.));
#6322 = VECTOR('',#6323,1.);
#6323 = DIRECTION('',(0.,0.,1.));
#6324 = ORIENTED_EDGE('',*,*,#4328,.T.);
#6325 = ORIENTED_EDGE('',*,*,#6319,.F.);
#6326 = ORIENTED_EDGE('',*,*,#2639,.F.);
#6327 = CYLINDRICAL_SURFACE('',#6328,1.);
#6328 = AXIS2_PLACEMENT_3D('',#6329,#6330,#6331);
#6329 = CARTESIAN_POINT('',(22.499893,-43.99991,0.));
#6330 = DIRECTION('',(-0.,-0.,-1.));
#6331 = DIRECTION('',(1.,0.,-0.));
#6332 = ADVANCED_FACE('',(#6333),#6344,.F.);
#6333 = FACE_BOUND('',#6334,.T.);
#6334 = EDGE_LOOP('',(#6335,#6336,#6342,#6343));
#6335 = ORIENTED_EDGE('',*,*,#2650,.T.);
#6336 = ORIENTED_EDGE('',*,*,#6337,.T.);
#6337 = EDGE_CURVE('',#2651,#4340,#6338,.T.);
#6338 = LINE('',#6339,#6340);
#6339 = CARTESIAN_POINT('',(32.374893,-45.59991,-4.6E-02));
#6340 = VECTOR('',#6341,1.);
#6341 = DIRECTION('',(0.,0.,1.));
#6342 = ORIENTED_EDGE('',*,*,#4339,.F.);
#6343 = ORIENTED_EDGE('',*,*,#6337,.F.);
#6344 = CYLINDRICAL_SURFACE('',#6345,0.6);
#6345 = AXIS2_PLACEMENT_3D('',#6346,#6347,#6348);
#6346 = CARTESIAN_POINT('',(32.374893,-44.99991,-4.6E-02));
#6347 = DIRECTION('',(-0.,-0.,-1.));
#6348 = DIRECTION('',(-0.,-1.,0.));
#6349 = ADVANCED_FACE('',(#6350),#6361,.F.);
#6350 = FACE_BOUND('',#6351,.T.);
#6351 = EDGE_LOOP('',(#6352,#6353,#6359,#6360));
#6352 = ORIENTED_EDGE('',*,*,#2661,.T.);
#6353 = ORIENTED_EDGE('',*,*,#6354,.T.);
#6354 = EDGE_CURVE('',#2662,#4351,#6355,.T.);
#6355 = LINE('',#6356,#6357);
#6356 = CARTESIAN_POINT('',(37.374893,-45.59991,-4.6E-02));
#6357 = VECTOR('',#6358,1.);
#6358 = DIRECTION('',(0.,0.,1.));
#6359 = ORIENTED_EDGE('',*,*,#4350,.F.);
#6360 = ORIENTED_EDGE('',*,*,#6354,.F.);
#6361 = CYLINDRICAL_SURFACE('',#6362,0.6);
#6362 = AXIS2_PLACEMENT_3D('',#6363,#6364,#6365);
#6363 = CARTESIAN_POINT('',(37.374893,-44.99991,-4.6E-02));
#6364 = DIRECTION('',(-0.,-0.,-1.));
#6365 = DIRECTION('',(-0.,-1.,0.));
#6366 = ADVANCED_FACE('',(#6367),#6378,.F.);
#6367 = FACE_BOUND('',#6368,.T.);
#6368 = EDGE_LOOP('',(#6369,#6370,#6376,#6377));
#6369 = ORIENTED_EDGE('',*,*,#2672,.T.);
#6370 = ORIENTED_EDGE('',*,*,#6371,.T.);
#6371 = EDGE_CURVE('',#2673,#4362,#6372,.T.);
#6372 = LINE('',#6373,#6374);
#6373 = CARTESIAN_POINT('',(32.374893,-42.34991,-4.6E-02));
#6374 = VECTOR('',#6375,1.);
#6375 = DIRECTION('',(0.,0.,1.));
#6376 = ORIENTED_EDGE('',*,*,#4361,.F.);
#6377 = ORIENTED_EDGE('',*,*,#6371,.F.);
#6378 = CYLINDRICAL_SURFACE('',#6379,0.6);
#6379 = AXIS2_PLACEMENT_3D('',#6380,#6381,#6382);
#6380 = CARTESIAN_POINT('',(32.374893,-41.74991,-4.6E-02));
#6381 = DIRECTION('',(-0.,-0.,-1.));
#6382 = DIRECTION('',(-0.,-1.,0.));
#6383 = ADVANCED_FACE('',(#6384),#6395,.F.);
#6384 = FACE_BOUND('',#6385,.T.);
#6385 = EDGE_LOOP('',(#6386,#6387,#6393,#6394));
#6386 = ORIENTED_EDGE('',*,*,#2683,.T.);
#6387 = ORIENTED_EDGE('',*,*,#6388,.T.);
#6388 = EDGE_CURVE('',#2684,#4373,#6389,.T.);
#6389 = LINE('',#6390,#6391);
#6390 = CARTESIAN_POINT('',(37.374893,-42.34991,-4.6E-02));
#6391 = VECTOR('',#6392,1.);
#6392 = DIRECTION('',(0.,0.,1.));
#6393 = ORIENTED_EDGE('',*,*,#4372,.F.);
#6394 = ORIENTED_EDGE('',*,*,#6388,.F.);
#6395 = CYLINDRICAL_SURFACE('',#6396,0.6);
#6396 = AXIS2_PLACEMENT_3D('',#6397,#6398,#6399);
#6397 = CARTESIAN_POINT('',(37.374893,-41.74991,-4.6E-02));
#6398 = DIRECTION('',(-0.,-0.,-1.));
#6399 = DIRECTION('',(-0.,-1.,0.));
#6400 = ADVANCED_FACE('',(#6401),#6417,.F.);
#6401 = FACE_BOUND('',#6402,.T.);
#6402 = EDGE_LOOP('',(#6403,#6404,#6410,#6411));
#6403 = ORIENTED_EDGE('',*,*,#2694,.T.);
#6404 = ORIENTED_EDGE('',*,*,#6405,.T.);
#6405 = EDGE_CURVE('',#2697,#4386,#6406,.T.);
#6406 = LINE('',#6407,#6408);
#6407 = CARTESIAN_POINT('',(43.549893,-54.444909,-4.6E-02));
#6408 = VECTOR('',#6409,1.);
#6409 = DIRECTION('',(0.,0.,1.));
#6410 = ORIENTED_EDGE('',*,*,#4383,.F.);
#6411 = ORIENTED_EDGE('',*,*,#6412,.F.);
#6412 = EDGE_CURVE('',#2695,#4384,#6413,.T.);
#6413 = LINE('',#6414,#6415);
#6414 = CARTESIAN_POINT('',(43.549893,-55.244909,-4.6E-02));
#6415 = VECTOR('',#6416,1.);
#6416 = DIRECTION('',(0.,0.,1.));
#6417 = CYLINDRICAL_SURFACE('',#6418,0.4);
#6418 = AXIS2_PLACEMENT_3D('',#6419,#6420,#6421);
#6419 = CARTESIAN_POINT('',(43.549893,-54.844909,-4.6E-02));
#6420 = DIRECTION('',(-0.,0.,-1.));
#6421 = DIRECTION('',(0.,1.,0.));
#6422 = ADVANCED_FACE('',(#6423),#6434,.T.);
#6423 = FACE_BOUND('',#6424,.T.);
#6424 = EDGE_LOOP('',(#6425,#6426,#6427,#6428));
#6425 = ORIENTED_EDGE('',*,*,#2722,.T.);
#6426 = ORIENTED_EDGE('',*,*,#6412,.T.);
#6427 = ORIENTED_EDGE('',*,*,#4411,.F.);
#6428 = ORIENTED_EDGE('',*,*,#6429,.F.);
#6429 = EDGE_CURVE('',#2714,#4403,#6430,.T.);
#6430 = LINE('',#6431,#6432);
#6431 = CARTESIAN_POINT('',(44.449893,-55.244909,-4.6E-02));
#6432 = VECTOR('',#6433,1.);
#6433 = DIRECTION('',(0.,0.,1.));
#6434 = PLANE('',#6435);
#6435 = AXIS2_PLACEMENT_3D('',#6436,#6437,#6438);
#6436 = CARTESIAN_POINT('',(43.549893,-55.244909,-4.6E-02));
#6437 = DIRECTION('',(0.,1.,0.));
#6438 = DIRECTION('',(1.,0.,0.));
#6439 = ADVANCED_FACE('',(#6440),#6451,.F.);
#6440 = FACE_BOUND('',#6441,.T.);
#6441 = EDGE_LOOP('',(#6442,#6443,#6444,#6445));
#6442 = ORIENTED_EDGE('',*,*,#2713,.T.);
#6443 = ORIENTED_EDGE('',*,*,#6429,.T.);
#6444 = ORIENTED_EDGE('',*,*,#4402,.F.);
#6445 = ORIENTED_EDGE('',*,*,#6446,.F.);
#6446 = EDGE_CURVE('',#2706,#4395,#6447,.T.);
#6447 = LINE('',#6448,#6449);
#6448 = CARTESIAN_POINT('',(44.449893,-54.444909,-4.6E-02));
#6449 = VECTOR('',#6450,1.);
#6450 = DIRECTION('',(0.,0.,1.));
#6451 = CYLINDRICAL_SURFACE('',#6452,0.4);
#6452 = AXIS2_PLACEMENT_3D('',#6453,#6454,#6455);
#6453 = CARTESIAN_POINT('',(44.449893,-54.844909,-4.6E-02));
#6454 = DIRECTION('',(-0.,-0.,-1.));
#6455 = DIRECTION('',(-0.,-1.,0.));
#6456 = ADVANCED_FACE('',(#6457),#6463,.T.);
#6457 = FACE_BOUND('',#6458,.T.);
#6458 = EDGE_LOOP('',(#6459,#6460,#6461,#6462));
#6459 = ORIENTED_EDGE('',*,*,#2705,.T.);
#6460 = ORIENTED_EDGE('',*,*,#6446,.T.);
#6461 = ORIENTED_EDGE('',*,*,#4394,.F.);
#6462 = ORIENTED_EDGE('',*,*,#6405,.F.);
#6463 = PLANE('',#6464);
#6464 = AXIS2_PLACEMENT_3D('',#6465,#6466,#6467);
#6465 = CARTESIAN_POINT('',(44.449893,-54.444909,-4.6E-02));
#6466 = DIRECTION('',(0.,-1.,0.));
#6467 = DIRECTION('',(-1.,0.,0.));
#6468 = ADVANCED_FACE('',(#6469),#6480,.F.);
#6469 = FACE_BOUND('',#6470,.T.);
#6470 = EDGE_LOOP('',(#6471,#6477,#6478,#6479));
#6471 = ORIENTED_EDGE('',*,*,#6472,.T.);
#6472 = EDGE_CURVE('',#2731,#4420,#6473,.T.);
#6473 = LINE('',#6474,#6475);
#6474 = CARTESIAN_POINT('',(44.849893,-52.944909,0.));
#6475 = VECTOR('',#6476,1.);
#6476 = DIRECTION('',(0.,0.,1.));
#6477 = ORIENTED_EDGE('',*,*,#4419,.T.);
#6478 = ORIENTED_EDGE('',*,*,#6472,.F.);
#6479 = ORIENTED_EDGE('',*,*,#2730,.F.);
#6480 = CYLINDRICAL_SURFACE('',#6481,0.85);
#6481 = AXIS2_PLACEMENT_3D('',#6482,#6483,#6484);
#6482 = CARTESIAN_POINT('',(43.999893,-52.944909,0.));
#6483 = DIRECTION('',(-0.,-0.,-1.));
#6484 = DIRECTION('',(1.,0.,-0.));
#6485 = ADVANCED_FACE('',(#6486),#6502,.F.);
#6486 = FACE_BOUND('',#6487,.T.);
#6487 = EDGE_LOOP('',(#6488,#6489,#6495,#6496));
#6488 = ORIENTED_EDGE('',*,*,#2741,.T.);
#6489 = ORIENTED_EDGE('',*,*,#6490,.T.);
#6490 = EDGE_CURVE('',#2744,#4433,#6491,.T.);
#6491 = LINE('',#6492,#6493);
#6492 = CARTESIAN_POINT('',(42.649893,-50.194909,-4.6E-02));
#6493 = VECTOR('',#6494,1.);
#6494 = DIRECTION('',(0.,0.,1.));
#6495 = ORIENTED_EDGE('',*,*,#4430,.F.);
#6496 = ORIENTED_EDGE('',*,*,#6497,.F.);
#6497 = EDGE_CURVE('',#2742,#4431,#6498,.T.);
#6498 = LINE('',#6499,#6500);
#6499 = CARTESIAN_POINT('',(41.849893,-50.194909,-4.6E-02));
#6500 = VECTOR('',#6501,1.);
#6501 = DIRECTION('',(0.,0.,1.));
#6502 = CYLINDRICAL_SURFACE('',#6503,0.4);
#6503 = AXIS2_PLACEMENT_3D('',#6504,#6505,#6506);
#6504 = CARTESIAN_POINT('',(42.249893,-50.194909,-4.6E-02));
#6505 = DIRECTION('',(-0.,-0.,-1.));
#6506 = DIRECTION('',(1.,-1.7763568394E-14,0.));
#6507 = ADVANCED_FACE('',(#6508),#6519,.T.);
#6508 = FACE_BOUND('',#6509,.T.);
#6509 = EDGE_LOOP('',(#6510,#6511,#6512,#6513));
#6510 = ORIENTED_EDGE('',*,*,#2769,.T.);
#6511 = ORIENTED_EDGE('',*,*,#6497,.T.);
#6512 = ORIENTED_EDGE('',*,*,#4458,.F.);
#6513 = ORIENTED_EDGE('',*,*,#6514,.F.);
#6514 = EDGE_CURVE('',#2761,#4450,#6515,.T.);
#6515 = LINE('',#6516,#6517);
#6516 = CARTESIAN_POINT('',(41.849893,-51.094909,-4.6E-02));
#6517 = VECTOR('',#6518,1.);
#6518 = DIRECTION('',(0.,0.,1.));
#6519 = PLANE('',#6520);
#6520 = AXIS2_PLACEMENT_3D('',#6521,#6522,#6523);
#6521 = CARTESIAN_POINT('',(41.849893,-50.194909,-4.6E-02));
#6522 = DIRECTION('',(1.,0.,-0.));
#6523 = DIRECTION('',(0.,-1.,0.));
#6524 = ADVANCED_FACE('',(#6525),#6536,.F.);
#6525 = FACE_BOUND('',#6526,.T.);
#6526 = EDGE_LOOP('',(#6527,#6528,#6529,#6530));
#6527 = ORIENTED_EDGE('',*,*,#2760,.T.);
#6528 = ORIENTED_EDGE('',*,*,#6514,.T.);
#6529 = ORIENTED_EDGE('',*,*,#4449,.F.);
#6530 = ORIENTED_EDGE('',*,*,#6531,.F.);
#6531 = EDGE_CURVE('',#2753,#4442,#6532,.T.);
#6532 = LINE('',#6533,#6534);
#6533 = CARTESIAN_POINT('',(42.649893,-51.094909,-4.6E-02));
#6534 = VECTOR('',#6535,1.);
#6535 = DIRECTION('',(0.,0.,1.));
#6536 = CYLINDRICAL_SURFACE('',#6537,0.4);
#6537 = AXIS2_PLACEMENT_3D('',#6538,#6539,#6540);
#6538 = CARTESIAN_POINT('',(42.249893,-51.094909,-4.6E-02));
#6539 = DIRECTION('',(-0.,-0.,-1.));
#6540 = DIRECTION('',(-1.,0.,-0.));
#6541 = ADVANCED_FACE('',(#6542),#6548,.T.);
#6542 = FACE_BOUND('',#6543,.T.);
#6543 = EDGE_LOOP('',(#6544,#6545,#6546,#6547));
#6544 = ORIENTED_EDGE('',*,*,#2752,.T.);
#6545 = ORIENTED_EDGE('',*,*,#6531,.T.);
#6546 = ORIENTED_EDGE('',*,*,#4441,.F.);
#6547 = ORIENTED_EDGE('',*,*,#6490,.F.);
#6548 = PLANE('',#6549);
#6549 = AXIS2_PLACEMENT_3D('',#6550,#6551,#6552);
#6550 = CARTESIAN_POINT('',(42.649893,-51.094909,-4.6E-02));
#6551 = DIRECTION('',(-1.,0.,0.));
#6552 = DIRECTION('',(0.,1.,0.));
#6553 = ADVANCED_FACE('',(#6554),#6570,.F.);
#6554 = FACE_BOUND('',#6555,.T.);
#6555 = EDGE_LOOP('',(#6556,#6557,#6563,#6564));
#6556 = ORIENTED_EDGE('',*,*,#2777,.T.);
#6557 = ORIENTED_EDGE('',*,*,#6558,.T.);
#6558 = EDGE_CURVE('',#2780,#4469,#6559,.T.);
#6559 = LINE('',#6560,#6561);
#6560 = CARTESIAN_POINT('',(43.549893,-47.944909,-4.6E-02));
#6561 = VECTOR('',#6562,1.);
#6562 = DIRECTION('',(0.,0.,1.));
#6563 = ORIENTED_EDGE('',*,*,#4466,.F.);
#6564 = ORIENTED_EDGE('',*,*,#6565,.F.);
#6565 = EDGE_CURVE('',#2778,#4467,#6566,.T.);
#6566 = LINE('',#6567,#6568);
#6567 = CARTESIAN_POINT('',(43.549893,-48.744909,-4.6E-02));
#6568 = VECTOR('',#6569,1.);
#6569 = DIRECTION('',(0.,0.,1.));
#6570 = CYLINDRICAL_SURFACE('',#6571,0.4);
#6571 = AXIS2_PLACEMENT_3D('',#6572,#6573,#6574);
#6572 = CARTESIAN_POINT('',(43.549893,-48.344909,-4.6E-02));
#6573 = DIRECTION('',(-0.,0.,-1.));
#6574 = DIRECTION('',(0.,1.,0.));
#6575 = ADVANCED_FACE('',(#6576),#6587,.T.);
#6576 = FACE_BOUND('',#6577,.T.);
#6577 = EDGE_LOOP('',(#6578,#6579,#6580,#6581));
#6578 = ORIENTED_EDGE('',*,*,#2805,.T.);
#6579 = ORIENTED_EDGE('',*,*,#6565,.T.);
#6580 = ORIENTED_EDGE('',*,*,#4494,.F.);
#6581 = ORIENTED_EDGE('',*,*,#6582,.F.);
#6582 = EDGE_CURVE('',#2797,#4486,#6583,.T.);
#6583 = LINE('',#6584,#6585);
#6584 = CARTESIAN_POINT('',(44.449893,-48.744909,-4.6E-02));
#6585 = VECTOR('',#6586,1.);
#6586 = DIRECTION('',(0.,0.,1.));
#6587 = PLANE('',#6588);
#6588 = AXIS2_PLACEMENT_3D('',#6589,#6590,#6591);
#6589 = CARTESIAN_POINT('',(43.549893,-48.744909,-4.6E-02));
#6590 = DIRECTION('',(0.,1.,0.));
#6591 = DIRECTION('',(1.,0.,0.));
#6592 = ADVANCED_FACE('',(#6593),#6604,.F.);
#6593 = FACE_BOUND('',#6594,.T.);
#6594 = EDGE_LOOP('',(#6595,#6596,#6597,#6598));
#6595 = ORIENTED_EDGE('',*,*,#2796,.T.);
#6596 = ORIENTED_EDGE('',*,*,#6582,.T.);
#6597 = ORIENTED_EDGE('',*,*,#4485,.F.);
#6598 = ORIENTED_EDGE('',*,*,#6599,.F.);
#6599 = EDGE_CURVE('',#2789,#4478,#6600,.T.);
#6600 = LINE('',#6601,#6602);
#6601 = CARTESIAN_POINT('',(44.449893,-47.944909,-4.6E-02));
#6602 = VECTOR('',#6603,1.);
#6603 = DIRECTION('',(0.,0.,1.));
#6604 = CYLINDRICAL_SURFACE('',#6605,0.4);
#6605 = AXIS2_PLACEMENT_3D('',#6606,#6607,#6608);
#6606 = CARTESIAN_POINT('',(44.449893,-48.344909,-4.6E-02));
#6607 = DIRECTION('',(-0.,-0.,-1.));
#6608 = DIRECTION('',(-0.,-1.,0.));
#6609 = ADVANCED_FACE('',(#6610),#6616,.T.);
#6610 = FACE_BOUND('',#6611,.T.);
#6611 = EDGE_LOOP('',(#6612,#6613,#6614,#6615));
#6612 = ORIENTED_EDGE('',*,*,#2788,.T.);
#6613 = ORIENTED_EDGE('',*,*,#6599,.T.);
#6614 = ORIENTED_EDGE('',*,*,#4477,.F.);
#6615 = ORIENTED_EDGE('',*,*,#6558,.F.);
#6616 = PLANE('',#6617);
#6617 = AXIS2_PLACEMENT_3D('',#6618,#6619,#6620);
#6618 = CARTESIAN_POINT('',(44.449893,-47.944909,-4.6E-02));
#6619 = DIRECTION('',(0.,-1.,0.));
#6620 = DIRECTION('',(-1.,0.,0.));
#6621 = ADVANCED_FACE('',(#6622),#6638,.F.);
#6622 = FACE_BOUND('',#6623,.T.);
#6623 = EDGE_LOOP('',(#6624,#6625,#6631,#6632));
#6624 = ORIENTED_EDGE('',*,*,#2813,.T.);
#6625 = ORIENTED_EDGE('',*,*,#6626,.T.);
#6626 = EDGE_CURVE('',#2816,#4505,#6627,.T.);
#6627 = LINE('',#6628,#6629);
#6628 = CARTESIAN_POINT('',(46.149893,-50.194909,-4.6E-02));
#6629 = VECTOR('',#6630,1.);
#6630 = DIRECTION('',(0.,0.,1.));
#6631 = ORIENTED_EDGE('',*,*,#4502,.F.);
#6632 = ORIENTED_EDGE('',*,*,#6633,.F.);
#6633 = EDGE_CURVE('',#2814,#4503,#6634,.T.);
#6634 = LINE('',#6635,#6636);
#6635 = CARTESIAN_POINT('',(45.349893,-50.194909,-4.6E-02));
#6636 = VECTOR('',#6637,1.);
#6637 = DIRECTION('',(0.,0.,1.));
#6638 = CYLINDRICAL_SURFACE('',#6639,0.4);
#6639 = AXIS2_PLACEMENT_3D('',#6640,#6641,#6642);
#6640 = CARTESIAN_POINT('',(45.749893,-50.194909,-4.6E-02));
#6641 = DIRECTION('',(-0.,-0.,-1.));
#6642 = DIRECTION('',(1.,-1.7763568394E-14,0.));
#6643 = ADVANCED_FACE('',(#6644),#6655,.T.);
#6644 = FACE_BOUND('',#6645,.T.);
#6645 = EDGE_LOOP('',(#6646,#6647,#6648,#6649));
#6646 = ORIENTED_EDGE('',*,*,#2841,.T.);
#6647 = ORIENTED_EDGE('',*,*,#6633,.T.);
#6648 = ORIENTED_EDGE('',*,*,#4530,.F.);
#6649 = ORIENTED_EDGE('',*,*,#6650,.F.);
#6650 = EDGE_CURVE('',#2833,#4522,#6651,.T.);
#6651 = LINE('',#6652,#6653);
#6652 = CARTESIAN_POINT('',(45.349893,-51.094909,-4.6E-02));
#6653 = VECTOR('',#6654,1.);
#6654 = DIRECTION('',(0.,0.,1.));
#6655 = PLANE('',#6656);
#6656 = AXIS2_PLACEMENT_3D('',#6657,#6658,#6659);
#6657 = CARTESIAN_POINT('',(45.349893,-50.194909,-4.6E-02));
#6658 = DIRECTION('',(1.,0.,-0.));
#6659 = DIRECTION('',(0.,-1.,0.));
#6660 = ADVANCED_FACE('',(#6661),#6672,.F.);
#6661 = FACE_BOUND('',#6662,.T.);
#6662 = EDGE_LOOP('',(#6663,#6664,#6665,#6666));
#6663 = ORIENTED_EDGE('',*,*,#2832,.T.);
#6664 = ORIENTED_EDGE('',*,*,#6650,.T.);
#6665 = ORIENTED_EDGE('',*,*,#4521,.F.);
#6666 = ORIENTED_EDGE('',*,*,#6667,.F.);
#6667 = EDGE_CURVE('',#2825,#4514,#6668,.T.);
#6668 = LINE('',#6669,#6670);
#6669 = CARTESIAN_POINT('',(46.149893,-51.094909,-4.6E-02));
#6670 = VECTOR('',#6671,1.);
#6671 = DIRECTION('',(0.,0.,1.));
#6672 = CYLINDRICAL_SURFACE('',#6673,0.4);
#6673 = AXIS2_PLACEMENT_3D('',#6674,#6675,#6676);
#6674 = CARTESIAN_POINT('',(45.749893,-51.094909,-4.6E-02));
#6675 = DIRECTION('',(-0.,-0.,-1.));
#6676 = DIRECTION('',(-1.,0.,-0.));
#6677 = ADVANCED_FACE('',(#6678),#6684,.T.);
#6678 = FACE_BOUND('',#6679,.T.);
#6679 = EDGE_LOOP('',(#6680,#6681,#6682,#6683));
#6680 = ORIENTED_EDGE('',*,*,#2824,.T.);
#6681 = ORIENTED_EDGE('',*,*,#6667,.T.);
#6682 = ORIENTED_EDGE('',*,*,#4513,.F.);
#6683 = ORIENTED_EDGE('',*,*,#6626,.F.);
#6684 = PLANE('',#6685);
#6685 = AXIS2_PLACEMENT_3D('',#6686,#6687,#6688);
#6686 = CARTESIAN_POINT('',(46.149893,-51.094909,-4.6E-02));
#6687 = DIRECTION('',(-1.,0.,0.));
#6688 = DIRECTION('',(0.,1.,0.));
#6689 = ADVANCED_FACE('',(#6690),#6706,.F.);
#6690 = FACE_BOUND('',#6691,.T.);
#6691 = EDGE_LOOP('',(#6692,#6693,#6699,#6700));
#6692 = ORIENTED_EDGE('',*,*,#2849,.T.);
#6693 = ORIENTED_EDGE('',*,*,#6694,.T.);
#6694 = EDGE_CURVE('',#2852,#4541,#6695,.T.);
#6695 = LINE('',#6696,#6697);
#6696 = CARTESIAN_POINT('',(51.549893,-54.444909,-4.6E-02));
#6697 = VECTOR('',#6698,1.);
#6698 = DIRECTION('',(0.,0.,1.));
#6699 = ORIENTED_EDGE('',*,*,#4538,.F.);
#6700 = ORIENTED_EDGE('',*,*,#6701,.F.);
#6701 = EDGE_CURVE('',#2850,#4539,#6702,.T.);
#6702 = LINE('',#6703,#6704);
#6703 = CARTESIAN_POINT('',(51.549893,-55.244909,-4.6E-02));
#6704 = VECTOR('',#6705,1.);
#6705 = DIRECTION('',(0.,0.,1.));
#6706 = CYLINDRICAL_SURFACE('',#6707,0.4);
#6707 = AXIS2_PLACEMENT_3D('',#6708,#6709,#6710);
#6708 = CARTESIAN_POINT('',(51.549893,-54.844909,-4.6E-02));
#6709 = DIRECTION('',(-0.,0.,-1.));
#6710 = DIRECTION('',(0.,1.,0.));
#6711 = ADVANCED_FACE('',(#6712),#6723,.T.);
#6712 = FACE_BOUND('',#6713,.T.);
#6713 = EDGE_LOOP('',(#6714,#6715,#6716,#6717));
#6714 = ORIENTED_EDGE('',*,*,#2877,.T.);
#6715 = ORIENTED_EDGE('',*,*,#6701,.T.);
#6716 = ORIENTED_EDGE('',*,*,#4566,.F.);
#6717 = ORIENTED_EDGE('',*,*,#6718,.F.);
#6718 = EDGE_CURVE('',#2869,#4558,#6719,.T.);
#6719 = LINE('',#6720,#6721);
#6720 = CARTESIAN_POINT('',(52.449893,-55.244909,-4.6E-02));
#6721 = VECTOR('',#6722,1.);
#6722 = DIRECTION('',(0.,0.,1.));
#6723 = PLANE('',#6724);
#6724 = AXIS2_PLACEMENT_3D('',#6725,#6726,#6727);
#6725 = CARTESIAN_POINT('',(51.549893,-55.244909,-4.6E-02));
#6726 = DIRECTION('',(0.,1.,0.));
#6727 = DIRECTION('',(1.,0.,0.));
#6728 = ADVANCED_FACE('',(#6729),#6740,.F.);
#6729 = FACE_BOUND('',#6730,.T.);
#6730 = EDGE_LOOP('',(#6731,#6732,#6733,#6734));
#6731 = ORIENTED_EDGE('',*,*,#2868,.T.);
#6732 = ORIENTED_EDGE('',*,*,#6718,.T.);
#6733 = ORIENTED_EDGE('',*,*,#4557,.F.);
#6734 = ORIENTED_EDGE('',*,*,#6735,.F.);
#6735 = EDGE_CURVE('',#2861,#4550,#6736,.T.);
#6736 = LINE('',#6737,#6738);
#6737 = CARTESIAN_POINT('',(52.449893,-54.444909,-4.6E-02));
#6738 = VECTOR('',#6739,1.);
#6739 = DIRECTION('',(0.,0.,1.));
#6740 = CYLINDRICAL_SURFACE('',#6741,0.4);
#6741 = AXIS2_PLACEMENT_3D('',#6742,#6743,#6744);
#6742 = CARTESIAN_POINT('',(52.449893,-54.844909,-4.6E-02));
#6743 = DIRECTION('',(-0.,-0.,-1.));
#6744 = DIRECTION('',(-0.,-1.,0.));
#6745 = ADVANCED_FACE('',(#6746),#6752,.T.);
#6746 = FACE_BOUND('',#6747,.T.);
#6747 = EDGE_LOOP('',(#6748,#6749,#6750,#6751));
#6748 = ORIENTED_EDGE('',*,*,#2860,.T.);
#6749 = ORIENTED_EDGE('',*,*,#6735,.T.);
#6750 = ORIENTED_EDGE('',*,*,#4549,.F.);
#6751 = ORIENTED_EDGE('',*,*,#6694,.F.);
#6752 = PLANE('',#6753);
#6753 = AXIS2_PLACEMENT_3D('',#6754,#6755,#6756);
#6754 = CARTESIAN_POINT('',(52.449893,-54.444909,-4.6E-02));
#6755 = DIRECTION('',(0.,-1.,0.));
#6756 = DIRECTION('',(-1.,0.,0.));
#6757 = ADVANCED_FACE('',(#6758),#6769,.F.);
#6758 = FACE_BOUND('',#6759,.T.);
#6759 = EDGE_LOOP('',(#6760,#6766,#6767,#6768));
#6760 = ORIENTED_EDGE('',*,*,#6761,.T.);
#6761 = EDGE_CURVE('',#2886,#4575,#6762,.T.);
#6762 = LINE('',#6763,#6764);
#6763 = CARTESIAN_POINT('',(52.849893,-52.944909,0.));
#6764 = VECTOR('',#6765,1.);
#6765 = DIRECTION('',(0.,0.,1.));
#6766 = ORIENTED_EDGE('',*,*,#4574,.T.);
#6767 = ORIENTED_EDGE('',*,*,#6761,.F.);
#6768 = ORIENTED_EDGE('',*,*,#2885,.F.);
#6769 = CYLINDRICAL_SURFACE('',#6770,0.85);
#6770 = AXIS2_PLACEMENT_3D('',#6771,#6772,#6773);
#6771 = CARTESIAN_POINT('',(51.999893,-52.944909,0.));
#6772 = DIRECTION('',(-0.,-0.,-1.));
#6773 = DIRECTION('',(1.,0.,-0.));
#6774 = ADVANCED_FACE('',(#6775),#6791,.F.);
#6775 = FACE_BOUND('',#6776,.T.);
#6776 = EDGE_LOOP('',(#6777,#6778,#6784,#6785));
#6777 = ORIENTED_EDGE('',*,*,#2896,.T.);
#6778 = ORIENTED_EDGE('',*,*,#6779,.T.);
#6779 = EDGE_CURVE('',#2899,#4588,#6780,.T.);
#6780 = LINE('',#6781,#6782);
#6781 = CARTESIAN_POINT('',(50.649893,-50.194909,-4.6E-02));
#6782 = VECTOR('',#6783,1.);
#6783 = DIRECTION('',(0.,0.,1.));
#6784 = ORIENTED_EDGE('',*,*,#4585,.F.);
#6785 = ORIENTED_EDGE('',*,*,#6786,.F.);
#6786 = EDGE_CURVE('',#2897,#4586,#6787,.T.);
#6787 = LINE('',#6788,#6789);
#6788 = CARTESIAN_POINT('',(49.849893,-50.194909,-4.6E-02));
#6789 = VECTOR('',#6790,1.);
#6790 = DIRECTION('',(0.,0.,1.));
#6791 = CYLINDRICAL_SURFACE('',#6792,0.4);
#6792 = AXIS2_PLACEMENT_3D('',#6793,#6794,#6795);
#6793 = CARTESIAN_POINT('',(50.249893,-50.194909,-4.6E-02));
#6794 = DIRECTION('',(-0.,-0.,-1.));
#6795 = DIRECTION('',(1.,-1.7763568394E-14,0.));
#6796 = ADVANCED_FACE('',(#6797),#6808,.T.);
#6797 = FACE_BOUND('',#6798,.T.);
#6798 = EDGE_LOOP('',(#6799,#6800,#6801,#6802));
#6799 = ORIENTED_EDGE('',*,*,#2924,.T.);
#6800 = ORIENTED_EDGE('',*,*,#6786,.T.);
#6801 = ORIENTED_EDGE('',*,*,#4613,.F.);
#6802 = ORIENTED_EDGE('',*,*,#6803,.F.);
#6803 = EDGE_CURVE('',#2916,#4605,#6804,.T.);
#6804 = LINE('',#6805,#6806);
#6805 = CARTESIAN_POINT('',(49.849893,-51.094909,-4.6E-02));
#6806 = VECTOR('',#6807,1.);
#6807 = DIRECTION('',(0.,0.,1.));
#6808 = PLANE('',#6809);
#6809 = AXIS2_PLACEMENT_3D('',#6810,#6811,#6812);
#6810 = CARTESIAN_POINT('',(49.849893,-50.194909,-4.6E-02));
#6811 = DIRECTION('',(1.,0.,-0.));
#6812 = DIRECTION('',(0.,-1.,0.));
#6813 = ADVANCED_FACE('',(#6814),#6825,.F.);
#6814 = FACE_BOUND('',#6815,.T.);
#6815 = EDGE_LOOP('',(#6816,#6817,#6818,#6819));
#6816 = ORIENTED_EDGE('',*,*,#2915,.T.);
#6817 = ORIENTED_EDGE('',*,*,#6803,.T.);
#6818 = ORIENTED_EDGE('',*,*,#4604,.F.);
#6819 = ORIENTED_EDGE('',*,*,#6820,.F.);
#6820 = EDGE_CURVE('',#2908,#4597,#6821,.T.);
#6821 = LINE('',#6822,#6823);
#6822 = CARTESIAN_POINT('',(50.649893,-51.094909,-4.6E-02));
#6823 = VECTOR('',#6824,1.);
#6824 = DIRECTION('',(0.,0.,1.));
#6825 = CYLINDRICAL_SURFACE('',#6826,0.4);
#6826 = AXIS2_PLACEMENT_3D('',#6827,#6828,#6829);
#6827 = CARTESIAN_POINT('',(50.249893,-51.094909,-4.6E-02));
#6828 = DIRECTION('',(-0.,-0.,-1.));
#6829 = DIRECTION('',(-1.,0.,-0.));
#6830 = ADVANCED_FACE('',(#6831),#6837,.T.);
#6831 = FACE_BOUND('',#6832,.T.);
#6832 = EDGE_LOOP('',(#6833,#6834,#6835,#6836));
#6833 = ORIENTED_EDGE('',*,*,#2907,.T.);
#6834 = ORIENTED_EDGE('',*,*,#6820,.T.);
#6835 = ORIENTED_EDGE('',*,*,#4596,.F.);
#6836 = ORIENTED_EDGE('',*,*,#6779,.F.);
#6837 = PLANE('',#6838);
#6838 = AXIS2_PLACEMENT_3D('',#6839,#6840,#6841);
#6839 = CARTESIAN_POINT('',(50.649893,-51.094909,-4.6E-02));
#6840 = DIRECTION('',(-1.,0.,0.));
#6841 = DIRECTION('',(0.,1.,0.));
#6842 = ADVANCED_FACE('',(#6843),#6859,.F.);
#6843 = FACE_BOUND('',#6844,.T.);
#6844 = EDGE_LOOP('',(#6845,#6846,#6852,#6853));
#6845 = ORIENTED_EDGE('',*,*,#2932,.T.);
#6846 = ORIENTED_EDGE('',*,*,#6847,.T.);
#6847 = EDGE_CURVE('',#2935,#4624,#6848,.T.);
#6848 = LINE('',#6849,#6850);
#6849 = CARTESIAN_POINT('',(54.149893,-50.194909,-4.6E-02));
#6850 = VECTOR('',#6851,1.);
#6851 = DIRECTION('',(0.,0.,1.));
#6852 = ORIENTED_EDGE('',*,*,#4621,.F.);
#6853 = ORIENTED_EDGE('',*,*,#6854,.F.);
#6854 = EDGE_CURVE('',#2933,#4622,#6855,.T.);
#6855 = LINE('',#6856,#6857);
#6856 = CARTESIAN_POINT('',(53.349893,-50.194909,-4.6E-02));
#6857 = VECTOR('',#6858,1.);
#6858 = DIRECTION('',(0.,0.,1.));
#6859 = CYLINDRICAL_SURFACE('',#6860,0.4);
#6860 = AXIS2_PLACEMENT_3D('',#6861,#6862,#6863);
#6861 = CARTESIAN_POINT('',(53.749893,-50.194909,-4.6E-02));
#6862 = DIRECTION('',(-0.,-0.,-1.));
#6863 = DIRECTION('',(1.,-1.7763568394E-14,0.));
#6864 = ADVANCED_FACE('',(#6865),#6876,.T.);
#6865 = FACE_BOUND('',#6866,.T.);
#6866 = EDGE_LOOP('',(#6867,#6868,#6869,#6870));
#6867 = ORIENTED_EDGE('',*,*,#2960,.T.);
#6868 = ORIENTED_EDGE('',*,*,#6854,.T.);
#6869 = ORIENTED_EDGE('',*,*,#4649,.F.);
#6870 = ORIENTED_EDGE('',*,*,#6871,.F.);
#6871 = EDGE_CURVE('',#2952,#4641,#6872,.T.);
#6872 = LINE('',#6873,#6874);
#6873 = CARTESIAN_POINT('',(53.349893,-51.094909,-4.6E-02));
#6874 = VECTOR('',#6875,1.);
#6875 = DIRECTION('',(0.,0.,1.));
#6876 = PLANE('',#6877);
#6877 = AXIS2_PLACEMENT_3D('',#6878,#6879,#6880);
#6878 = CARTESIAN_POINT('',(53.349893,-50.194909,-4.6E-02));
#6879 = DIRECTION('',(1.,0.,-0.));
#6880 = DIRECTION('',(0.,-1.,0.));
#6881 = ADVANCED_FACE('',(#6882),#6893,.F.);
#6882 = FACE_BOUND('',#6883,.T.);
#6883 = EDGE_LOOP('',(#6884,#6885,#6886,#6887));
#6884 = ORIENTED_EDGE('',*,*,#2951,.T.);
#6885 = ORIENTED_EDGE('',*,*,#6871,.T.);
#6886 = ORIENTED_EDGE('',*,*,#4640,.F.);
#6887 = ORIENTED_EDGE('',*,*,#6888,.F.);
#6888 = EDGE_CURVE('',#2944,#4633,#6889,.T.);
#6889 = LINE('',#6890,#6891);
#6890 = CARTESIAN_POINT('',(54.149893,-51.094909,-4.6E-02));
#6891 = VECTOR('',#6892,1.);
#6892 = DIRECTION('',(0.,0.,1.));
#6893 = CYLINDRICAL_SURFACE('',#6894,0.4);
#6894 = AXIS2_PLACEMENT_3D('',#6895,#6896,#6897);
#6895 = CARTESIAN_POINT('',(53.749893,-51.094909,-4.6E-02));
#6896 = DIRECTION('',(-0.,-0.,-1.));
#6897 = DIRECTION('',(-1.,0.,-0.));
#6898 = ADVANCED_FACE('',(#6899),#6905,.T.);
#6899 = FACE_BOUND('',#6900,.T.);
#6900 = EDGE_LOOP('',(#6901,#6902,#6903,#6904));
#6901 = ORIENTED_EDGE('',*,*,#2943,.T.);
#6902 = ORIENTED_EDGE('',*,*,#6888,.T.);
#6903 = ORIENTED_EDGE('',*,*,#4632,.F.);
#6904 = ORIENTED_EDGE('',*,*,#6847,.F.);
#6905 = PLANE('',#6906);
#6906 = AXIS2_PLACEMENT_3D('',#6907,#6908,#6909);
#6907 = CARTESIAN_POINT('',(54.149893,-51.094909,-4.6E-02));
#6908 = DIRECTION('',(-1.,0.,0.));
#6909 = DIRECTION('',(0.,1.,0.));
#6910 = ADVANCED_FACE('',(#6911),#6927,.F.);
#6911 = FACE_BOUND('',#6912,.T.);
#6912 = EDGE_LOOP('',(#6913,#6914,#6920,#6921));
#6913 = ORIENTED_EDGE('',*,*,#2968,.T.);
#6914 = ORIENTED_EDGE('',*,*,#6915,.T.);
#6915 = EDGE_CURVE('',#2971,#4660,#6916,.T.);
#6916 = LINE('',#6917,#6918);
#6917 = CARTESIAN_POINT('',(51.549893,-47.944909,-4.6E-02));
#6918 = VECTOR('',#6919,1.);
#6919 = DIRECTION('',(0.,0.,1.));
#6920 = ORIENTED_EDGE('',*,*,#4657,.F.);
#6921 = ORIENTED_EDGE('',*,*,#6922,.F.);
#6922 = EDGE_CURVE('',#2969,#4658,#6923,.T.);
#6923 = LINE('',#6924,#6925);
#6924 = CARTESIAN_POINT('',(51.549893,-48.744909,-4.6E-02));
#6925 = VECTOR('',#6926,1.);
#6926 = DIRECTION('',(0.,0.,1.));
#6927 = CYLINDRICAL_SURFACE('',#6928,0.4);
#6928 = AXIS2_PLACEMENT_3D('',#6929,#6930,#6931);
#6929 = CARTESIAN_POINT('',(51.549893,-48.344909,-4.6E-02));
#6930 = DIRECTION('',(-0.,0.,-1.));
#6931 = DIRECTION('',(0.,1.,0.));
#6932 = ADVANCED_FACE('',(#6933),#6944,.T.);
#6933 = FACE_BOUND('',#6934,.T.);
#6934 = EDGE_LOOP('',(#6935,#6936,#6937,#6938));
#6935 = ORIENTED_EDGE('',*,*,#2996,.T.);
#6936 = ORIENTED_EDGE('',*,*,#6922,.T.);
#6937 = ORIENTED_EDGE('',*,*,#4685,.F.);
#6938 = ORIENTED_EDGE('',*,*,#6939,.F.);
#6939 = EDGE_CURVE('',#2988,#4677,#6940,.T.);
#6940 = LINE('',#6941,#6942);
#6941 = CARTESIAN_POINT('',(52.449893,-48.744909,-4.6E-02));
#6942 = VECTOR('',#6943,1.);
#6943 = DIRECTION('',(0.,0.,1.));
#6944 = PLANE('',#6945);
#6945 = AXIS2_PLACEMENT_3D('',#6946,#6947,#6948);
#6946 = CARTESIAN_POINT('',(51.549893,-48.744909,-4.6E-02));
#6947 = DIRECTION('',(0.,1.,0.));
#6948 = DIRECTION('',(1.,0.,0.));
#6949 = ADVANCED_FACE('',(#6950),#6961,.F.);
#6950 = FACE_BOUND('',#6951,.T.);
#6951 = EDGE_LOOP('',(#6952,#6953,#6954,#6955));
#6952 = ORIENTED_EDGE('',*,*,#2987,.T.);
#6953 = ORIENTED_EDGE('',*,*,#6939,.T.);
#6954 = ORIENTED_EDGE('',*,*,#4676,.F.);
#6955 = ORIENTED_EDGE('',*,*,#6956,.F.);
#6956 = EDGE_CURVE('',#2980,#4669,#6957,.T.);
#6957 = LINE('',#6958,#6959);
#6958 = CARTESIAN_POINT('',(52.449893,-47.944909,-4.6E-02));
#6959 = VECTOR('',#6960,1.);
#6960 = DIRECTION('',(0.,0.,1.));
#6961 = CYLINDRICAL_SURFACE('',#6962,0.4);
#6962 = AXIS2_PLACEMENT_3D('',#6963,#6964,#6965);
#6963 = CARTESIAN_POINT('',(52.449893,-48.344909,-4.6E-02));
#6964 = DIRECTION('',(-0.,-0.,-1.));
#6965 = DIRECTION('',(-0.,-1.,0.));
#6966 = ADVANCED_FACE('',(#6967),#6973,.T.);
#6967 = FACE_BOUND('',#6968,.T.);
#6968 = EDGE_LOOP('',(#6969,#6970,#6971,#6972));
#6969 = ORIENTED_EDGE('',*,*,#2979,.T.);
#6970 = ORIENTED_EDGE('',*,*,#6956,.T.);
#6971 = ORIENTED_EDGE('',*,*,#4668,.F.);
#6972 = ORIENTED_EDGE('',*,*,#6915,.F.);
#6973 = PLANE('',#6974);
#6974 = AXIS2_PLACEMENT_3D('',#6975,#6976,#6977);
#6975 = CARTESIAN_POINT('',(52.449893,-47.944909,-4.6E-02));
#6976 = DIRECTION('',(0.,-1.,0.));
#6977 = DIRECTION('',(-1.,0.,0.));
#6978 = ADVANCED_FACE('',(#6979),#6990,.F.);
#6979 = FACE_BOUND('',#6980,.T.);
#6980 = EDGE_LOOP('',(#6981,#6982,#6988,#6989));
#6981 = ORIENTED_EDGE('',*,*,#3004,.T.);
#6982 = ORIENTED_EDGE('',*,*,#6983,.T.);
#6983 = EDGE_CURVE('',#3005,#4694,#6984,.T.);
#6984 = LINE('',#6985,#6986);
#6985 = CARTESIAN_POINT('',(42.624893,-45.59991,-4.6E-02));
#6986 = VECTOR('',#6987,1.);
#6987 = DIRECTION('',(0.,0.,1.));
#6988 = ORIENTED_EDGE('',*,*,#4693,.F.);
#6989 = ORIENTED_EDGE('',*,*,#6983,.F.);
#6990 = CYLINDRICAL_SURFACE('',#6991,0.6);
#6991 = AXIS2_PLACEMENT_3D('',#6992,#6993,#6994);
#6992 = CARTESIAN_POINT('',(42.624893,-44.99991,-4.6E-02));
#6993 = DIRECTION('',(-0.,-0.,-1.));
#6994 = DIRECTION('',(-0.,-1.,0.));
#6995 = ADVANCED_FACE('',(#6996),#7007,.F.);
#6996 = FACE_BOUND('',#6997,.T.);
#6997 = EDGE_LOOP('',(#6998,#6999,#7005,#7006));
#6998 = ORIENTED_EDGE('',*,*,#3015,.T.);
#6999 = ORIENTED_EDGE('',*,*,#7000,.T.);
#7000 = EDGE_CURVE('',#3016,#4705,#7001,.T.);
#7001 = LINE('',#7002,#7003);
#7002 = CARTESIAN_POINT('',(47.624893,-45.59991,-4.6E-02));
#7003 = VECTOR('',#7004,1.);
#7004 = DIRECTION('',(0.,0.,1.));
#7005 = ORIENTED_EDGE('',*,*,#4704,.F.);
#7006 = ORIENTED_EDGE('',*,*,#7000,.F.);
#7007 = CYLINDRICAL_SURFACE('',#7008,0.6);
#7008 = AXIS2_PLACEMENT_3D('',#7009,#7010,#7011);
#7009 = CARTESIAN_POINT('',(47.624893,-44.99991,-4.6E-02));
#7010 = DIRECTION('',(-0.,-0.,-1.));
#7011 = DIRECTION('',(-0.,-1.,0.));
#7012 = ADVANCED_FACE('',(#7013),#7024,.F.);
#7013 = FACE_BOUND('',#7014,.T.);
#7014 = EDGE_LOOP('',(#7015,#7016,#7022,#7023));
#7015 = ORIENTED_EDGE('',*,*,#3026,.T.);
#7016 = ORIENTED_EDGE('',*,*,#7017,.T.);
#7017 = EDGE_CURVE('',#3027,#4716,#7018,.T.);
#7018 = LINE('',#7019,#7020);
#7019 = CARTESIAN_POINT('',(42.624893,-42.34991,-4.6E-02));
#7020 = VECTOR('',#7021,1.);
#7021 = DIRECTION('',(0.,0.,1.));
#7022 = ORIENTED_EDGE('',*,*,#4715,.F.);
#7023 = ORIENTED_EDGE('',*,*,#7017,.F.);
#7024 = CYLINDRICAL_SURFACE('',#7025,0.6);
#7025 = AXIS2_PLACEMENT_3D('',#7026,#7027,#7028);
#7026 = CARTESIAN_POINT('',(42.624893,-41.74991,-4.6E-02));
#7027 = DIRECTION('',(-0.,-0.,-1.));
#7028 = DIRECTION('',(-0.,-1.,0.));
#7029 = ADVANCED_FACE('',(#7030),#7041,.F.);
#7030 = FACE_BOUND('',#7031,.T.);
#7031 = EDGE_LOOP('',(#7032,#7033,#7039,#7040));
#7032 = ORIENTED_EDGE('',*,*,#3037,.T.);
#7033 = ORIENTED_EDGE('',*,*,#7034,.T.);
#7034 = EDGE_CURVE('',#3038,#4727,#7035,.T.);
#7035 = LINE('',#7036,#7037);
#7036 = CARTESIAN_POINT('',(47.624893,-42.34991,-4.6E-02));
#7037 = VECTOR('',#7038,1.);
#7038 = DIRECTION('',(0.,0.,1.));
#7039 = ORIENTED_EDGE('',*,*,#4726,.F.);
#7040 = ORIENTED_EDGE('',*,*,#7034,.F.);
#7041 = CYLINDRICAL_SURFACE('',#7042,0.6);
#7042 = AXIS2_PLACEMENT_3D('',#7043,#7044,#7045);
#7043 = CARTESIAN_POINT('',(47.624893,-41.74991,-4.6E-02));
#7044 = DIRECTION('',(-0.,-0.,-1.));
#7045 = DIRECTION('',(-0.,-1.,0.));
#7046 = ADVANCED_FACE('',(#7047),#7058,.F.);
#7047 = FACE_BOUND('',#7048,.T.);
#7048 = EDGE_LOOP('',(#7049,#7050,#7056,#7057));
#7049 = ORIENTED_EDGE('',*,*,#3048,.T.);
#7050 = ORIENTED_EDGE('',*,*,#7051,.T.);
#7051 = EDGE_CURVE('',#3049,#4738,#7052,.T.);
#7052 = LINE('',#7053,#7054);
#7053 = CARTESIAN_POINT('',(52.499893,-45.49991,-4.6E-02));
#7054 = VECTOR('',#7055,1.);
#7055 = DIRECTION('',(0.,0.,1.));
#7056 = ORIENTED_EDGE('',*,*,#4737,.F.);
#7057 = ORIENTED_EDGE('',*,*,#7051,.F.);
#7058 = CYLINDRICAL_SURFACE('',#7059,0.5);
#7059 = AXIS2_PLACEMENT_3D('',#7060,#7061,#7062);
#7060 = CARTESIAN_POINT('',(52.499893,-44.99991,-4.6E-02));
#7061 = DIRECTION('',(-0.,-0.,-1.));
#7062 = DIRECTION('',(-0.,-1.,0.));
#7063 = ADVANCED_FACE('',(#7064),#7075,.F.);
#7064 = FACE_BOUND('',#7065,.T.);
#7065 = EDGE_LOOP('',(#7066,#7072,#7073,#7074));
#7066 = ORIENTED_EDGE('',*,*,#7067,.T.);
#7067 = EDGE_CURVE('',#3060,#4749,#7068,.T.);
#7068 = LINE('',#7069,#7070);
#7069 = CARTESIAN_POINT('',(57.999893,-45.49991,0.));
#7070 = VECTOR('',#7071,1.);
#7071 = DIRECTION('',(0.,0.,1.));
#7072 = ORIENTED_EDGE('',*,*,#4748,.T.);
#7073 = ORIENTED_EDGE('',*,*,#7067,.F.);
#7074 = ORIENTED_EDGE('',*,*,#3059,.F.);
#7075 = CYLINDRICAL_SURFACE('',#7076,1.);
#7076 = AXIS2_PLACEMENT_3D('',#7077,#7078,#7079);
#7077 = CARTESIAN_POINT('',(56.999893,-45.49991,0.));
#7078 = DIRECTION('',(-0.,-0.,-1.));
#7079 = DIRECTION('',(1.,0.,-0.));
#7080 = ADVANCED_FACE('',(#7081),#7097,.F.);
#7081 = FACE_BOUND('',#7082,.T.);
#7082 = EDGE_LOOP('',(#7083,#7084,#7090,#7091));
#7083 = ORIENTED_EDGE('',*,*,#3070,.T.);
#7084 = ORIENTED_EDGE('',*,*,#7085,.T.);
#7085 = EDGE_CURVE('',#3073,#4762,#7086,.T.);
#7086 = LINE('',#7087,#7088);
#7087 = CARTESIAN_POINT('',(51.444892,-40.44991,-4.6E-02));
#7088 = VECTOR('',#7089,1.);
#7089 = DIRECTION('',(0.,0.,1.));
#7090 = ORIENTED_EDGE('',*,*,#4759,.F.);
#7091 = ORIENTED_EDGE('',*,*,#7092,.F.);
#7092 = EDGE_CURVE('',#3071,#4760,#7093,.T.);
#7093 = LINE('',#7094,#7095);
#7094 = CARTESIAN_POINT('',(52.244892,-40.44991,-4.6E-02));
#7095 = VECTOR('',#7096,1.);
#7096 = DIRECTION('',(0.,0.,1.));
#7097 = CYLINDRICAL_SURFACE('',#7098,0.4);
#7098 = AXIS2_PLACEMENT_3D('',#7099,#7100,#7101);
#7099 = CARTESIAN_POINT('',(51.844892,-40.44991,-4.6E-02));
#7100 = DIRECTION('',(-0.,-0.,-1.));
#7101 = DIRECTION('',(-1.,0.,-0.));
#7102 = ADVANCED_FACE('',(#7103),#7114,.T.);
#7103 = FACE_BOUND('',#7104,.T.);
#7104 = EDGE_LOOP('',(#7105,#7106,#7107,#7108));
#7105 = ORIENTED_EDGE('',*,*,#3098,.T.);
#7106 = ORIENTED_EDGE('',*,*,#7092,.T.);
#7107 = ORIENTED_EDGE('',*,*,#4787,.F.);
#7108 = ORIENTED_EDGE('',*,*,#7109,.F.);
#7109 = EDGE_CURVE('',#3090,#4779,#7110,.T.);
#7110 = LINE('',#7111,#7112);
#7111 = CARTESIAN_POINT('',(52.244892,-39.54991,-4.6E-02));
#7112 = VECTOR('',#7113,1.);
#7113 = DIRECTION('',(0.,0.,1.));
#7114 = PLANE('',#7115);
#7115 = AXIS2_PLACEMENT_3D('',#7116,#7117,#7118);
#7116 = CARTESIAN_POINT('',(52.244892,-40.44991,-4.6E-02));
#7117 = DIRECTION('',(-1.,0.,0.));
#7118 = DIRECTION('',(0.,1.,0.));
#7119 = ADVANCED_FACE('',(#7120),#7131,.F.);
#7120 = FACE_BOUND('',#7121,.T.);
#7121 = EDGE_LOOP('',(#7122,#7123,#7124,#7125));
#7122 = ORIENTED_EDGE('',*,*,#3089,.T.);
#7123 = ORIENTED_EDGE('',*,*,#7109,.T.);
#7124 = ORIENTED_EDGE('',*,*,#4778,.F.);
#7125 = ORIENTED_EDGE('',*,*,#7126,.F.);
#7126 = EDGE_CURVE('',#3082,#4771,#7127,.T.);
#7127 = LINE('',#7128,#7129);
#7128 = CARTESIAN_POINT('',(51.444892,-39.54991,-4.6E-02));
#7129 = VECTOR('',#7130,1.);
#7130 = DIRECTION('',(0.,0.,1.));
#7131 = CYLINDRICAL_SURFACE('',#7132,0.4);
#7132 = AXIS2_PLACEMENT_3D('',#7133,#7134,#7135);
#7133 = CARTESIAN_POINT('',(51.844892,-39.54991,-4.6E-02));
#7134 = DIRECTION('',(-0.,-0.,-1.));
#7135 = DIRECTION('',(1.,0.,-0.));
#7136 = ADVANCED_FACE('',(#7137),#7143,.T.);
#7137 = FACE_BOUND('',#7138,.T.);
#7138 = EDGE_LOOP('',(#7139,#7140,#7141,#7142));
#7139 = ORIENTED_EDGE('',*,*,#3081,.T.);
#7140 = ORIENTED_EDGE('',*,*,#7126,.T.);
#7141 = ORIENTED_EDGE('',*,*,#4770,.F.);
#7142 = ORIENTED_EDGE('',*,*,#7085,.F.);
#7143 = PLANE('',#7144);
#7144 = AXIS2_PLACEMENT_3D('',#7145,#7146,#7147);
#7145 = CARTESIAN_POINT('',(51.444892,-39.54991,-4.6E-02));
#7146 = DIRECTION('',(1.,0.,-0.));
#7147 = DIRECTION('',(0.,-1.,0.));
#7148 = ADVANCED_FACE('',(#7149),#7165,.F.);
#7149 = FACE_BOUND('',#7150,.T.);
#7150 = EDGE_LOOP('',(#7151,#7152,#7158,#7159));
#7151 = ORIENTED_EDGE('',*,*,#3106,.T.);
#7152 = ORIENTED_EDGE('',*,*,#7153,.T.);
#7153 = EDGE_CURVE('',#3109,#4798,#7154,.T.);
#7154 = LINE('',#7155,#7156);
#7155 = CARTESIAN_POINT('',(53.694892,-41.34991,-4.6E-02));
#7156 = VECTOR('',#7157,1.);
#7157 = DIRECTION('',(0.,0.,1.));
#7158 = ORIENTED_EDGE('',*,*,#4795,.F.);
#7159 = ORIENTED_EDGE('',*,*,#7160,.F.);
#7160 = EDGE_CURVE('',#3107,#4796,#7161,.T.);
#7161 = LINE('',#7162,#7163);
#7162 = CARTESIAN_POINT('',(53.694892,-42.14991,-4.6E-02));
#7163 = VECTOR('',#7164,1.);
#7164 = DIRECTION('',(0.,0.,1.));
#7165 = CYLINDRICAL_SURFACE('',#7166,0.4);
#7166 = AXIS2_PLACEMENT_3D('',#7167,#7168,#7169);
#7167 = CARTESIAN_POINT('',(53.694892,-41.74991,-4.6E-02));
#7168 = DIRECTION('',(-0.,-0.,-1.));
#7169 = DIRECTION('',(1.7763568394E-14,1.,-0.));
#7170 = ADVANCED_FACE('',(#7171),#7182,.T.);
#7171 = FACE_BOUND('',#7172,.T.);
#7172 = EDGE_LOOP('',(#7173,#7174,#7175,#7176));
#7173 = ORIENTED_EDGE('',*,*,#3134,.T.);
#7174 = ORIENTED_EDGE('',*,*,#7160,.T.);
#7175 = ORIENTED_EDGE('',*,*,#4823,.F.);
#7176 = ORIENTED_EDGE('',*,*,#7177,.F.);
#7177 = EDGE_CURVE('',#3126,#4815,#7178,.T.);
#7178 = LINE('',#7179,#7180);
#7179 = CARTESIAN_POINT('',(54.594892,-42.14991,-4.6E-02));
#7180 = VECTOR('',#7181,1.);
#7181 = DIRECTION('',(0.,0.,1.));
#7182 = PLANE('',#7183);
#7183 = AXIS2_PLACEMENT_3D('',#7184,#7185,#7186);
#7184 = CARTESIAN_POINT('',(53.694892,-42.14991,-4.6E-02));
#7185 = DIRECTION('',(0.,1.,0.));
#7186 = DIRECTION('',(1.,0.,0.));
#7187 = ADVANCED_FACE('',(#7188),#7199,.F.);
#7188 = FACE_BOUND('',#7189,.T.);
#7189 = EDGE_LOOP('',(#7190,#7191,#7192,#7193));
#7190 = ORIENTED_EDGE('',*,*,#3125,.T.);
#7191 = ORIENTED_EDGE('',*,*,#7177,.T.);
#7192 = ORIENTED_EDGE('',*,*,#4814,.F.);
#7193 = ORIENTED_EDGE('',*,*,#7194,.F.);
#7194 = EDGE_CURVE('',#3118,#4807,#7195,.T.);
#7195 = LINE('',#7196,#7197);
#7196 = CARTESIAN_POINT('',(54.594892,-41.34991,-4.6E-02));
#7197 = VECTOR('',#7198,1.);
#7198 = DIRECTION('',(0.,0.,1.));
#7199 = CYLINDRICAL_SURFACE('',#7200,0.4);
#7200 = AXIS2_PLACEMENT_3D('',#7201,#7202,#7203);
#7201 = CARTESIAN_POINT('',(54.594892,-41.74991,-4.6E-02));
#7202 = DIRECTION('',(-0.,-0.,-1.));
#7203 = DIRECTION('',(-0.,-1.,0.));
#7204 = ADVANCED_FACE('',(#7205),#7211,.T.);
#7205 = FACE_BOUND('',#7206,.T.);
#7206 = EDGE_LOOP('',(#7207,#7208,#7209,#7210));
#7207 = ORIENTED_EDGE('',*,*,#3117,.T.);
#7208 = ORIENTED_EDGE('',*,*,#7194,.T.);
#7209 = ORIENTED_EDGE('',*,*,#4806,.F.);
#7210 = ORIENTED_EDGE('',*,*,#7153,.F.);
#7211 = PLANE('',#7212);
#7212 = AXIS2_PLACEMENT_3D('',#7213,#7214,#7215);
#7213 = CARTESIAN_POINT('',(54.594892,-41.34991,-4.6E-02));
#7214 = DIRECTION('',(0.,-1.,0.));
#7215 = DIRECTION('',(-1.,0.,0.));
#7216 = ADVANCED_FACE('',(#7217),#7228,.F.);
#7217 = FACE_BOUND('',#7218,.T.);
#7218 = EDGE_LOOP('',(#7219,#7225,#7226,#7227));
#7219 = ORIENTED_EDGE('',*,*,#7220,.T.);
#7220 = EDGE_CURVE('',#3143,#4832,#7221,.T.);
#7221 = LINE('',#7222,#7223);
#7222 = CARTESIAN_POINT('',(57.294892,-39.99991,0.));
#7223 = VECTOR('',#7224,1.);
#7224 = DIRECTION('',(0.,0.,1.));
#7225 = ORIENTED_EDGE('',*,*,#4831,.T.);
#7226 = ORIENTED_EDGE('',*,*,#7220,.F.);
#7227 = ORIENTED_EDGE('',*,*,#3142,.F.);
#7228 = CYLINDRICAL_SURFACE('',#7229,0.85);
#7229 = AXIS2_PLACEMENT_3D('',#7230,#7231,#7232);
#7230 = CARTESIAN_POINT('',(56.444892,-39.99991,0.));
#7231 = DIRECTION('',(-0.,-0.,-1.));
#7232 = DIRECTION('',(1.,0.,-0.));
#7233 = ADVANCED_FACE('',(#7234),#7250,.F.);
#7234 = FACE_BOUND('',#7235,.T.);
#7235 = EDGE_LOOP('',(#7236,#7237,#7243,#7244));
#7236 = ORIENTED_EDGE('',*,*,#3153,.T.);
#7237 = ORIENTED_EDGE('',*,*,#7238,.T.);
#7238 = EDGE_CURVE('',#3156,#4845,#7239,.T.);
#7239 = LINE('',#7240,#7241);
#7240 = CARTESIAN_POINT('',(57.944892,-40.44991,-4.6E-02));
#7241 = VECTOR('',#7242,1.);
#7242 = DIRECTION('',(0.,0.,1.));
#7243 = ORIENTED_EDGE('',*,*,#4842,.F.);
#7244 = ORIENTED_EDGE('',*,*,#7245,.F.);
#7245 = EDGE_CURVE('',#3154,#4843,#7246,.T.);
#7246 = LINE('',#7247,#7248);
#7247 = CARTESIAN_POINT('',(58.744892,-40.44991,-4.6E-02));
#7248 = VECTOR('',#7249,1.);
#7249 = DIRECTION('',(0.,0.,1.));
#7250 = CYLINDRICAL_SURFACE('',#7251,0.4);
#7251 = AXIS2_PLACEMENT_3D('',#7252,#7253,#7254);
#7252 = CARTESIAN_POINT('',(58.344892,-40.44991,-4.6E-02));
#7253 = DIRECTION('',(-0.,-0.,-1.));
#7254 = DIRECTION('',(-1.,0.,-0.));
#7255 = ADVANCED_FACE('',(#7256),#7267,.T.);
#7256 = FACE_BOUND('',#7257,.T.);
#7257 = EDGE_LOOP('',(#7258,#7259,#7260,#7261));
#7258 = ORIENTED_EDGE('',*,*,#3181,.T.);
#7259 = ORIENTED_EDGE('',*,*,#7245,.T.);
#7260 = ORIENTED_EDGE('',*,*,#4870,.F.);
#7261 = ORIENTED_EDGE('',*,*,#7262,.F.);
#7262 = EDGE_CURVE('',#3173,#4862,#7263,.T.);
#7263 = LINE('',#7264,#7265);
#7264 = CARTESIAN_POINT('',(58.744892,-39.54991,-4.6E-02));
#7265 = VECTOR('',#7266,1.);
#7266 = DIRECTION('',(0.,0.,1.));
#7267 = PLANE('',#7268);
#7268 = AXIS2_PLACEMENT_3D('',#7269,#7270,#7271);
#7269 = CARTESIAN_POINT('',(58.744892,-40.44991,-4.6E-02));
#7270 = DIRECTION('',(-1.,0.,0.));
#7271 = DIRECTION('',(0.,1.,0.));
#7272 = ADVANCED_FACE('',(#7273),#7284,.F.);
#7273 = FACE_BOUND('',#7274,.T.);
#7274 = EDGE_LOOP('',(#7275,#7276,#7277,#7278));
#7275 = ORIENTED_EDGE('',*,*,#3172,.T.);
#7276 = ORIENTED_EDGE('',*,*,#7262,.T.);
#7277 = ORIENTED_EDGE('',*,*,#4861,.F.);
#7278 = ORIENTED_EDGE('',*,*,#7279,.F.);
#7279 = EDGE_CURVE('',#3165,#4854,#7280,.T.);
#7280 = LINE('',#7281,#7282);
#7281 = CARTESIAN_POINT('',(57.944892,-39.54991,-4.6E-02));
#7282 = VECTOR('',#7283,1.);
#7283 = DIRECTION('',(0.,0.,1.));
#7284 = CYLINDRICAL_SURFACE('',#7285,0.4);
#7285 = AXIS2_PLACEMENT_3D('',#7286,#7287,#7288);
#7286 = CARTESIAN_POINT('',(58.344892,-39.54991,-4.6E-02));
#7287 = DIRECTION('',(-0.,-0.,-1.));
#7288 = DIRECTION('',(1.,0.,-0.));
#7289 = ADVANCED_FACE('',(#7290),#7296,.T.);
#7290 = FACE_BOUND('',#7291,.T.);
#7291 = EDGE_LOOP('',(#7292,#7293,#7294,#7295));
#7292 = ORIENTED_EDGE('',*,*,#3164,.T.);
#7293 = ORIENTED_EDGE('',*,*,#7279,.T.);
#7294 = ORIENTED_EDGE('',*,*,#4853,.F.);
#7295 = ORIENTED_EDGE('',*,*,#7238,.F.);
#7296 = PLANE('',#7297);
#7297 = AXIS2_PLACEMENT_3D('',#7298,#7299,#7300);
#7298 = CARTESIAN_POINT('',(57.944892,-39.54991,-4.6E-02));
#7299 = DIRECTION('',(1.,0.,-0.));
#7300 = DIRECTION('',(0.,-1.,0.));
#7301 = ADVANCED_FACE('',(#7302),#7313,.F.);
#7302 = FACE_BOUND('',#7303,.T.);
#7303 = EDGE_LOOP('',(#7304,#7310,#7311,#7312));
#7304 = ORIENTED_EDGE('',*,*,#7305,.T.);
#7305 = EDGE_CURVE('',#3190,#4879,#7306,.T.);
#7306 = LINE('',#7307,#7308);
#7307 = CARTESIAN_POINT('',(23.499893,-35.99991,0.));
#7308 = VECTOR('',#7309,1.);
#7309 = DIRECTION('',(0.,0.,1.));
#7310 = ORIENTED_EDGE('',*,*,#4878,.T.);
#7311 = ORIENTED_EDGE('',*,*,#7305,.F.);
#7312 = ORIENTED_EDGE('',*,*,#3189,.F.);
#7313 = CYLINDRICAL_SURFACE('',#7314,1.);
#7314 = AXIS2_PLACEMENT_3D('',#7315,#7316,#7317);
#7315 = CARTESIAN_POINT('',(22.499893,-35.99991,0.));
#7316 = DIRECTION('',(-0.,-0.,-1.));
#7317 = DIRECTION('',(1.,0.,-0.));
#7318 = ADVANCED_FACE('',(#7319),#7330,.F.);
#7319 = FACE_BOUND('',#7320,.T.);
#7320 = EDGE_LOOP('',(#7321,#7322,#7328,#7329));
#7321 = ORIENTED_EDGE('',*,*,#3200,.T.);
#7322 = ORIENTED_EDGE('',*,*,#7323,.T.);
#7323 = EDGE_CURVE('',#3201,#4890,#7324,.T.);
#7324 = LINE('',#7325,#7326);
#7325 = CARTESIAN_POINT('',(32.374893,-38.84991,-4.6E-02));
#7326 = VECTOR('',#7327,1.);
#7327 = DIRECTION('',(0.,0.,1.));
#7328 = ORIENTED_EDGE('',*,*,#4889,.F.);
#7329 = ORIENTED_EDGE('',*,*,#7323,.F.);
#7330 = CYLINDRICAL_SURFACE('',#7331,0.6);
#7331 = AXIS2_PLACEMENT_3D('',#7332,#7333,#7334);
#7332 = CARTESIAN_POINT('',(32.374893,-38.24991,-4.6E-02));
#7333 = DIRECTION('',(-0.,-0.,-1.));
#7334 = DIRECTION('',(-0.,-1.,0.));
#7335 = ADVANCED_FACE('',(#7336),#7347,.F.);
#7336 = FACE_BOUND('',#7337,.T.);
#7337 = EDGE_LOOP('',(#7338,#7339,#7345,#7346));
#7338 = ORIENTED_EDGE('',*,*,#3211,.T.);
#7339 = ORIENTED_EDGE('',*,*,#7340,.T.);
#7340 = EDGE_CURVE('',#3212,#4901,#7341,.T.);
#7341 = LINE('',#7342,#7343);
#7342 = CARTESIAN_POINT('',(38.094893,-39.59991,-4.6E-02));
#7343 = VECTOR('',#7344,1.);
#7344 = DIRECTION('',(0.,0.,1.));
#7345 = ORIENTED_EDGE('',*,*,#4900,.F.);
#7346 = ORIENTED_EDGE('',*,*,#7340,.F.);
#7347 = CYLINDRICAL_SURFACE('',#7348,0.6);
#7348 = AXIS2_PLACEMENT_3D('',#7349,#7350,#7351);
#7349 = CARTESIAN_POINT('',(38.094893,-38.99991,-4.6E-02));
#7350 = DIRECTION('',(-0.,-0.,-1.));
#7351 = DIRECTION('',(-0.,-1.,0.));
#7352 = ADVANCED_FACE('',(#7353),#7364,.F.);
#7353 = FACE_BOUND('',#7354,.T.);
#7354 = EDGE_LOOP('',(#7355,#7356,#7362,#7363));
#7355 = ORIENTED_EDGE('',*,*,#3222,.T.);
#7356 = ORIENTED_EDGE('',*,*,#7357,.T.);
#7357 = EDGE_CURVE('',#3223,#4912,#7358,.T.);
#7358 = LINE('',#7359,#7360);
#7359 = CARTESIAN_POINT('',(32.374893,-35.59991,-4.6E-02));
#7360 = VECTOR('',#7361,1.);
#7361 = DIRECTION('',(0.,0.,1.));
#7362 = ORIENTED_EDGE('',*,*,#4911,.F.);
#7363 = ORIENTED_EDGE('',*,*,#7357,.F.);
#7364 = CYLINDRICAL_SURFACE('',#7365,0.6);
#7365 = AXIS2_PLACEMENT_3D('',#7366,#7367,#7368);
#7366 = CARTESIAN_POINT('',(32.374893,-34.99991,-4.6E-02));
#7367 = DIRECTION('',(-0.,-0.,-1.));
#7368 = DIRECTION('',(-0.,-1.,0.));
#7369 = ADVANCED_FACE('',(#7370),#7381,.F.);
#7370 = FACE_BOUND('',#7371,.T.);
#7371 = EDGE_LOOP('',(#7372,#7373,#7379,#7380));
#7372 = ORIENTED_EDGE('',*,*,#3233,.T.);
#7373 = ORIENTED_EDGE('',*,*,#7374,.T.);
#7374 = EDGE_CURVE('',#3234,#4923,#7375,.T.);
#7375 = LINE('',#7376,#7377);
#7376 = CARTESIAN_POINT('',(38.094893,-35.09991,-4.6E-02));
#7377 = VECTOR('',#7378,1.);
#7378 = DIRECTION('',(0.,0.,1.));
#7379 = ORIENTED_EDGE('',*,*,#4922,.F.);
#7380 = ORIENTED_EDGE('',*,*,#7374,.F.);
#7381 = CYLINDRICAL_SURFACE('',#7382,0.6);
#7382 = AXIS2_PLACEMENT_3D('',#7383,#7384,#7385);
#7383 = CARTESIAN_POINT('',(38.094893,-34.49991,-4.6E-02));
#7384 = DIRECTION('',(-0.,-0.,-1.));
#7385 = DIRECTION('',(-0.,-1.,0.));
#7386 = ADVANCED_FACE('',(#7387),#7403,.F.);
#7387 = FACE_BOUND('',#7388,.T.);
#7388 = EDGE_LOOP('',(#7389,#7390,#7396,#7397));
#7389 = ORIENTED_EDGE('',*,*,#3244,.T.);
#7390 = ORIENTED_EDGE('',*,*,#7391,.T.);
#7391 = EDGE_CURVE('',#3247,#4936,#7392,.T.);
#7392 = LINE('',#7393,#7394);
#7393 = CARTESIAN_POINT('',(28.449893,-32.05491,-4.6E-02));
#7394 = VECTOR('',#7395,1.);
#7395 = DIRECTION('',(0.,0.,1.));
#7396 = ORIENTED_EDGE('',*,*,#4933,.F.);
#7397 = ORIENTED_EDGE('',*,*,#7398,.F.);
#7398 = EDGE_CURVE('',#3245,#4934,#7399,.T.);
#7399 = LINE('',#7400,#7401);
#7400 = CARTESIAN_POINT('',(28.449893,-31.25491,-4.6E-02));
#7401 = VECTOR('',#7402,1.);
#7402 = DIRECTION('',(0.,0.,1.));
#7403 = CYLINDRICAL_SURFACE('',#7404,0.4);
#7404 = AXIS2_PLACEMENT_3D('',#7405,#7406,#7407);
#7405 = CARTESIAN_POINT('',(28.449893,-31.65491,-4.6E-02));
#7406 = DIRECTION('',(-0.,-0.,-1.));
#7407 = DIRECTION('',(-0.,-1.,0.));
#7408 = ADVANCED_FACE('',(#7409),#7420,.T.);
#7409 = FACE_BOUND('',#7410,.T.);
#7410 = EDGE_LOOP('',(#7411,#7412,#7413,#7414));
#7411 = ORIENTED_EDGE('',*,*,#3272,.T.);
#7412 = ORIENTED_EDGE('',*,*,#7398,.T.);
#7413 = ORIENTED_EDGE('',*,*,#4961,.F.);
#7414 = ORIENTED_EDGE('',*,*,#7415,.F.);
#7415 = EDGE_CURVE('',#3264,#4953,#7416,.T.);
#7416 = LINE('',#7417,#7418);
#7417 = CARTESIAN_POINT('',(27.549893,-31.25491,-4.6E-02));
#7418 = VECTOR('',#7419,1.);
#7419 = DIRECTION('',(0.,0.,1.));
#7420 = PLANE('',#7421);
#7421 = AXIS2_PLACEMENT_3D('',#7422,#7423,#7424);
#7422 = CARTESIAN_POINT('',(28.449893,-31.25491,-4.6E-02));
#7423 = DIRECTION('',(0.,-1.,0.));
#7424 = DIRECTION('',(-1.,0.,0.));
#7425 = ADVANCED_FACE('',(#7426),#7437,.F.);
#7426 = FACE_BOUND('',#7427,.T.);
#7427 = EDGE_LOOP('',(#7428,#7429,#7430,#7431));
#7428 = ORIENTED_EDGE('',*,*,#3263,.T.);
#7429 = ORIENTED_EDGE('',*,*,#7415,.T.);
#7430 = ORIENTED_EDGE('',*,*,#4952,.F.);
#7431 = ORIENTED_EDGE('',*,*,#7432,.F.);
#7432 = EDGE_CURVE('',#3256,#4945,#7433,.T.);
#7433 = LINE('',#7434,#7435);
#7434 = CARTESIAN_POINT('',(27.549893,-32.05491,-4.6E-02));
#7435 = VECTOR('',#7436,1.);
#7436 = DIRECTION('',(0.,0.,1.));
#7437 = CYLINDRICAL_SURFACE('',#7438,0.4);
#7438 = AXIS2_PLACEMENT_3D('',#7439,#7440,#7441);
#7439 = CARTESIAN_POINT('',(27.549893,-31.65491,-4.6E-02));
#7440 = DIRECTION('',(-0.,0.,-1.));
#7441 = DIRECTION('',(0.,1.,0.));
#7442 = ADVANCED_FACE('',(#7443),#7449,.T.);
#7443 = FACE_BOUND('',#7444,.T.);
#7444 = EDGE_LOOP('',(#7445,#7446,#7447,#7448));
#7445 = ORIENTED_EDGE('',*,*,#3255,.T.);
#7446 = ORIENTED_EDGE('',*,*,#7432,.T.);
#7447 = ORIENTED_EDGE('',*,*,#4944,.F.);
#7448 = ORIENTED_EDGE('',*,*,#7391,.F.);
#7449 = PLANE('',#7450);
#7450 = AXIS2_PLACEMENT_3D('',#7451,#7452,#7453);
#7451 = CARTESIAN_POINT('',(27.549893,-32.05491,-4.6E-02));
#7452 = DIRECTION('',(0.,1.,0.));
#7453 = DIRECTION('',(1.,0.,0.));
#7454 = ADVANCED_FACE('',(#7455),#7471,.F.);
#7455 = FACE_BOUND('',#7456,.T.);
#7456 = EDGE_LOOP('',(#7457,#7458,#7464,#7465));
#7457 = ORIENTED_EDGE('',*,*,#3280,.T.);
#7458 = ORIENTED_EDGE('',*,*,#7459,.T.);
#7459 = EDGE_CURVE('',#3283,#4972,#7460,.T.);
#7460 = LINE('',#7461,#7462);
#7461 = CARTESIAN_POINT('',(25.849893,-29.80491,-4.6E-02));
#7462 = VECTOR('',#7463,1.);
#7463 = DIRECTION('',(0.,0.,1.));
#7464 = ORIENTED_EDGE('',*,*,#4969,.F.);
#7465 = ORIENTED_EDGE('',*,*,#7466,.F.);
#7466 = EDGE_CURVE('',#3281,#4970,#7467,.T.);
#7467 = LINE('',#7468,#7469);
#7468 = CARTESIAN_POINT('',(26.649893,-29.80491,-4.6E-02));
#7469 = VECTOR('',#7470,1.);
#7470 = DIRECTION('',(0.,0.,1.));
#7471 = CYLINDRICAL_SURFACE('',#7472,0.4);
#7472 = AXIS2_PLACEMENT_3D('',#7473,#7474,#7475);
#7473 = CARTESIAN_POINT('',(26.249893,-29.80491,-4.6E-02));
#7474 = DIRECTION('',(-0.,-0.,-1.));
#7475 = DIRECTION('',(-1.,8.881784197001E-15,-0.));
#7476 = ADVANCED_FACE('',(#7477),#7488,.T.);
#7477 = FACE_BOUND('',#7478,.T.);
#7478 = EDGE_LOOP('',(#7479,#7480,#7481,#7482));
#7479 = ORIENTED_EDGE('',*,*,#3308,.T.);
#7480 = ORIENTED_EDGE('',*,*,#7466,.T.);
#7481 = ORIENTED_EDGE('',*,*,#4997,.F.);
#7482 = ORIENTED_EDGE('',*,*,#7483,.F.);
#7483 = EDGE_CURVE('',#3300,#4989,#7484,.T.);
#7484 = LINE('',#7485,#7486);
#7485 = CARTESIAN_POINT('',(26.649893,-28.90491,-4.6E-02));
#7486 = VECTOR('',#7487,1.);
#7487 = DIRECTION('',(0.,0.,1.));
#7488 = PLANE('',#7489);
#7489 = AXIS2_PLACEMENT_3D('',#7490,#7491,#7492);
#7490 = CARTESIAN_POINT('',(26.649893,-29.80491,-4.6E-02));
#7491 = DIRECTION('',(-1.,0.,0.));
#7492 = DIRECTION('',(0.,1.,0.));
#7493 = ADVANCED_FACE('',(#7494),#7505,.F.);
#7494 = FACE_BOUND('',#7495,.T.);
#7495 = EDGE_LOOP('',(#7496,#7497,#7498,#7499));
#7496 = ORIENTED_EDGE('',*,*,#3299,.T.);
#7497 = ORIENTED_EDGE('',*,*,#7483,.T.);
#7498 = ORIENTED_EDGE('',*,*,#4988,.F.);
#7499 = ORIENTED_EDGE('',*,*,#7500,.F.);
#7500 = EDGE_CURVE('',#3292,#4981,#7501,.T.);
#7501 = LINE('',#7502,#7503);
#7502 = CARTESIAN_POINT('',(25.849893,-28.90491,-4.6E-02));
#7503 = VECTOR('',#7504,1.);
#7504 = DIRECTION('',(0.,0.,1.));
#7505 = CYLINDRICAL_SURFACE('',#7506,0.4);
#7506 = AXIS2_PLACEMENT_3D('',#7507,#7508,#7509);
#7507 = CARTESIAN_POINT('',(26.249893,-28.90491,-4.6E-02));
#7508 = DIRECTION('',(-0.,-0.,-1.));
#7509 = DIRECTION('',(1.,-8.881784197001E-15,0.));
#7510 = ADVANCED_FACE('',(#7511),#7517,.T.);
#7511 = FACE_BOUND('',#7512,.T.);
#7512 = EDGE_LOOP('',(#7513,#7514,#7515,#7516));
#7513 = ORIENTED_EDGE('',*,*,#3291,.T.);
#7514 = ORIENTED_EDGE('',*,*,#7500,.T.);
#7515 = ORIENTED_EDGE('',*,*,#4980,.F.);
#7516 = ORIENTED_EDGE('',*,*,#7459,.F.);
#7517 = PLANE('',#7518);
#7518 = AXIS2_PLACEMENT_3D('',#7519,#7520,#7521);
#7519 = CARTESIAN_POINT('',(25.849893,-28.90491,-4.6E-02));
#7520 = DIRECTION('',(1.,0.,-0.));
#7521 = DIRECTION('',(0.,-1.,0.));
#7522 = ADVANCED_FACE('',(#7523),#7539,.F.);
#7523 = FACE_BOUND('',#7524,.T.);
#7524 = EDGE_LOOP('',(#7525,#7526,#7532,#7533));
#7525 = ORIENTED_EDGE('',*,*,#3316,.T.);
#7526 = ORIENTED_EDGE('',*,*,#7527,.T.);
#7527 = EDGE_CURVE('',#3319,#5008,#7528,.T.);
#7528 = LINE('',#7529,#7530);
#7529 = CARTESIAN_POINT('',(29.349893,-29.80491,-4.6E-02));
#7530 = VECTOR('',#7531,1.);
#7531 = DIRECTION('',(0.,0.,1.));
#7532 = ORIENTED_EDGE('',*,*,#5005,.F.);
#7533 = ORIENTED_EDGE('',*,*,#7534,.F.);
#7534 = EDGE_CURVE('',#3317,#5006,#7535,.T.);
#7535 = LINE('',#7536,#7537);
#7536 = CARTESIAN_POINT('',(30.149893,-29.80491,-4.6E-02));
#7537 = VECTOR('',#7538,1.);
#7538 = DIRECTION('',(0.,0.,1.));
#7539 = CYLINDRICAL_SURFACE('',#7540,0.4);
#7540 = AXIS2_PLACEMENT_3D('',#7541,#7542,#7543);
#7541 = CARTESIAN_POINT('',(29.749893,-29.80491,-4.6E-02));
#7542 = DIRECTION('',(-0.,-0.,-1.));
#7543 = DIRECTION('',(-1.,8.881784197001E-15,-0.));
#7544 = ADVANCED_FACE('',(#7545),#7556,.T.);
#7545 = FACE_BOUND('',#7546,.T.);
#7546 = EDGE_LOOP('',(#7547,#7548,#7549,#7550));
#7547 = ORIENTED_EDGE('',*,*,#3344,.T.);
#7548 = ORIENTED_EDGE('',*,*,#7534,.T.);
#7549 = ORIENTED_EDGE('',*,*,#5033,.F.);
#7550 = ORIENTED_EDGE('',*,*,#7551,.F.);
#7551 = EDGE_CURVE('',#3336,#5025,#7552,.T.);
#7552 = LINE('',#7553,#7554);
#7553 = CARTESIAN_POINT('',(30.149893,-28.90491,-4.6E-02));
#7554 = VECTOR('',#7555,1.);
#7555 = DIRECTION('',(0.,0.,1.));
#7556 = PLANE('',#7557);
#7557 = AXIS2_PLACEMENT_3D('',#7558,#7559,#7560);
#7558 = CARTESIAN_POINT('',(30.149893,-29.80491,-4.6E-02));
#7559 = DIRECTION('',(-1.,0.,0.));
#7560 = DIRECTION('',(0.,1.,0.));
#7561 = ADVANCED_FACE('',(#7562),#7573,.F.);
#7562 = FACE_BOUND('',#7563,.T.);
#7563 = EDGE_LOOP('',(#7564,#7565,#7566,#7567));
#7564 = ORIENTED_EDGE('',*,*,#3335,.T.);
#7565 = ORIENTED_EDGE('',*,*,#7551,.T.);
#7566 = ORIENTED_EDGE('',*,*,#5024,.F.);
#7567 = ORIENTED_EDGE('',*,*,#7568,.F.);
#7568 = EDGE_CURVE('',#3328,#5017,#7569,.T.);
#7569 = LINE('',#7570,#7571);
#7570 = CARTESIAN_POINT('',(29.349893,-28.90491,-4.6E-02));
#7571 = VECTOR('',#7572,1.);
#7572 = DIRECTION('',(0.,0.,1.));
#7573 = CYLINDRICAL_SURFACE('',#7574,0.4);
#7574 = AXIS2_PLACEMENT_3D('',#7575,#7576,#7577);
#7575 = CARTESIAN_POINT('',(29.749893,-28.90491,-4.6E-02));
#7576 = DIRECTION('',(-0.,-0.,-1.));
#7577 = DIRECTION('',(1.,-8.881784197001E-15,0.));
#7578 = ADVANCED_FACE('',(#7579),#7585,.T.);
#7579 = FACE_BOUND('',#7580,.T.);
#7580 = EDGE_LOOP('',(#7581,#7582,#7583,#7584));
#7581 = ORIENTED_EDGE('',*,*,#3327,.T.);
#7582 = ORIENTED_EDGE('',*,*,#7568,.T.);
#7583 = ORIENTED_EDGE('',*,*,#5016,.F.);
#7584 = ORIENTED_EDGE('',*,*,#7527,.F.);
#7585 = PLANE('',#7586);
#7586 = AXIS2_PLACEMENT_3D('',#7587,#7588,#7589);
#7587 = CARTESIAN_POINT('',(29.349893,-28.90491,-4.6E-02));
#7588 = DIRECTION('',(1.,0.,-0.));
#7589 = DIRECTION('',(0.,-1.,0.));
#7590 = ADVANCED_FACE('',(#7591),#7602,.F.);
#7591 = FACE_BOUND('',#7592,.T.);
#7592 = EDGE_LOOP('',(#7593,#7599,#7600,#7601));
#7593 = ORIENTED_EDGE('',*,*,#7594,.T.);
#7594 = EDGE_CURVE('',#3353,#5042,#7595,.T.);
#7595 = LINE('',#7596,#7597);
#7596 = CARTESIAN_POINT('',(28.849893,-27.05491,0.));
#7597 = VECTOR('',#7598,1.);
#7598 = DIRECTION('',(0.,0.,1.));
#7599 = ORIENTED_EDGE('',*,*,#5041,.T.);
#7600 = ORIENTED_EDGE('',*,*,#7594,.F.);
#7601 = ORIENTED_EDGE('',*,*,#3352,.F.);
#7602 = CYLINDRICAL_SURFACE('',#7603,0.85);
#7603 = AXIS2_PLACEMENT_3D('',#7604,#7605,#7606);
#7604 = CARTESIAN_POINT('',(27.999893,-27.05491,0.));
#7605 = DIRECTION('',(-0.,-0.,-1.));
#7606 = DIRECTION('',(1.,0.,-0.));
#7607 = ADVANCED_FACE('',(#7608),#7624,.F.);
#7608 = FACE_BOUND('',#7609,.T.);
#7609 = EDGE_LOOP('',(#7610,#7611,#7617,#7618));
#7610 = ORIENTED_EDGE('',*,*,#3363,.T.);
#7611 = ORIENTED_EDGE('',*,*,#7612,.T.);
#7612 = EDGE_CURVE('',#3366,#5055,#7613,.T.);
#7613 = LINE('',#7614,#7615);
#7614 = CARTESIAN_POINT('',(28.449893,-25.55491,-4.6E-02));
#7615 = VECTOR('',#7616,1.);
#7616 = DIRECTION('',(0.,0.,1.));
#7617 = ORIENTED_EDGE('',*,*,#5052,.F.);
#7618 = ORIENTED_EDGE('',*,*,#7619,.F.);
#7619 = EDGE_CURVE('',#3364,#5053,#7620,.T.);
#7620 = LINE('',#7621,#7622);
#7621 = CARTESIAN_POINT('',(28.449893,-24.75491,-4.6E-02));
#7622 = VECTOR('',#7623,1.);
#7623 = DIRECTION('',(0.,0.,1.));
#7624 = CYLINDRICAL_SURFACE('',#7625,0.4);
#7625 = AXIS2_PLACEMENT_3D('',#7626,#7627,#7628);
#7626 = CARTESIAN_POINT('',(28.449893,-25.15491,-4.6E-02));
#7627 = DIRECTION('',(-0.,-0.,-1.));
#7628 = DIRECTION('',(-0.,-1.,0.));
#7629 = ADVANCED_FACE('',(#7630),#7641,.T.);
#7630 = FACE_BOUND('',#7631,.T.);
#7631 = EDGE_LOOP('',(#7632,#7633,#7634,#7635));
#7632 = ORIENTED_EDGE('',*,*,#3391,.T.);
#7633 = ORIENTED_EDGE('',*,*,#7619,.T.);
#7634 = ORIENTED_EDGE('',*,*,#5080,.F.);
#7635 = ORIENTED_EDGE('',*,*,#7636,.F.);
#7636 = EDGE_CURVE('',#3383,#5072,#7637,.T.);
#7637 = LINE('',#7638,#7639);
#7638 = CARTESIAN_POINT('',(27.549893,-24.75491,-4.6E-02));
#7639 = VECTOR('',#7640,1.);
#7640 = DIRECTION('',(0.,0.,1.));
#7641 = PLANE('',#7642);
#7642 = AXIS2_PLACEMENT_3D('',#7643,#7644,#7645);
#7643 = CARTESIAN_POINT('',(28.449893,-24.75491,-4.6E-02));
#7644 = DIRECTION('',(0.,-1.,0.));
#7645 = DIRECTION('',(-1.,0.,0.));
#7646 = ADVANCED_FACE('',(#7647),#7658,.F.);
#7647 = FACE_BOUND('',#7648,.T.);
#7648 = EDGE_LOOP('',(#7649,#7650,#7651,#7652));
#7649 = ORIENTED_EDGE('',*,*,#3382,.T.);
#7650 = ORIENTED_EDGE('',*,*,#7636,.T.);
#7651 = ORIENTED_EDGE('',*,*,#5071,.F.);
#7652 = ORIENTED_EDGE('',*,*,#7653,.F.);
#7653 = EDGE_CURVE('',#3375,#5064,#7654,.T.);
#7654 = LINE('',#7655,#7656);
#7655 = CARTESIAN_POINT('',(27.549893,-25.55491,-4.6E-02));
#7656 = VECTOR('',#7657,1.);
#7657 = DIRECTION('',(0.,0.,1.));
#7658 = CYLINDRICAL_SURFACE('',#7659,0.4);
#7659 = AXIS2_PLACEMENT_3D('',#7660,#7661,#7662);
#7660 = CARTESIAN_POINT('',(27.549893,-25.15491,-4.6E-02));
#7661 = DIRECTION('',(-0.,0.,-1.));
#7662 = DIRECTION('',(0.,1.,0.));
#7663 = ADVANCED_FACE('',(#7664),#7670,.T.);
#7664 = FACE_BOUND('',#7665,.T.);
#7665 = EDGE_LOOP('',(#7666,#7667,#7668,#7669));
#7666 = ORIENTED_EDGE('',*,*,#3374,.T.);
#7667 = ORIENTED_EDGE('',*,*,#7653,.T.);
#7668 = ORIENTED_EDGE('',*,*,#5063,.F.);
#7669 = ORIENTED_EDGE('',*,*,#7612,.F.);
#7670 = PLANE('',#7671);
#7671 = AXIS2_PLACEMENT_3D('',#7672,#7673,#7674);
#7672 = CARTESIAN_POINT('',(27.549893,-25.55491,-4.6E-02));
#7673 = DIRECTION('',(0.,1.,0.));
#7674 = DIRECTION('',(1.,0.,0.));
#7675 = ADVANCED_FACE('',(#7676),#7692,.F.);
#7676 = FACE_BOUND('',#7677,.T.);
#7677 = EDGE_LOOP('',(#7678,#7679,#7685,#7686));
#7678 = ORIENTED_EDGE('',*,*,#3399,.T.);
#7679 = ORIENTED_EDGE('',*,*,#7680,.T.);
#7680 = EDGE_CURVE('',#3402,#5091,#7681,.T.);
#7681 = LINE('',#7682,#7683);
#7682 = CARTESIAN_POINT('',(33.849893,-29.80491,-4.6E-02));
#7683 = VECTOR('',#7684,1.);
#7684 = DIRECTION('',(0.,0.,1.));
#7685 = ORIENTED_EDGE('',*,*,#5088,.F.);
#7686 = ORIENTED_EDGE('',*,*,#7687,.F.);
#7687 = EDGE_CURVE('',#3400,#5089,#7688,.T.);
#7688 = LINE('',#7689,#7690);
#7689 = CARTESIAN_POINT('',(34.649893,-29.80491,-4.6E-02));
#7690 = VECTOR('',#7691,1.);
#7691 = DIRECTION('',(0.,0.,1.));
#7692 = CYLINDRICAL_SURFACE('',#7693,0.4);
#7693 = AXIS2_PLACEMENT_3D('',#7694,#7695,#7696);
#7694 = CARTESIAN_POINT('',(34.249893,-29.80491,-4.6E-02));
#7695 = DIRECTION('',(-0.,-0.,-1.));
#7696 = DIRECTION('',(-1.,0.,-0.));
#7697 = ADVANCED_FACE('',(#7698),#7709,.T.);
#7698 = FACE_BOUND('',#7699,.T.);
#7699 = EDGE_LOOP('',(#7700,#7701,#7702,#7703));
#7700 = ORIENTED_EDGE('',*,*,#3427,.T.);
#7701 = ORIENTED_EDGE('',*,*,#7687,.T.);
#7702 = ORIENTED_EDGE('',*,*,#5116,.F.);
#7703 = ORIENTED_EDGE('',*,*,#7704,.F.);
#7704 = EDGE_CURVE('',#3419,#5108,#7705,.T.);
#7705 = LINE('',#7706,#7707);
#7706 = CARTESIAN_POINT('',(34.649893,-28.90491,-4.6E-02));
#7707 = VECTOR('',#7708,1.);
#7708 = DIRECTION('',(0.,0.,1.));
#7709 = PLANE('',#7710);
#7710 = AXIS2_PLACEMENT_3D('',#7711,#7712,#7713);
#7711 = CARTESIAN_POINT('',(34.649893,-29.80491,-4.6E-02));
#7712 = DIRECTION('',(-1.,0.,0.));
#7713 = DIRECTION('',(0.,1.,0.));
#7714 = ADVANCED_FACE('',(#7715),#7726,.F.);
#7715 = FACE_BOUND('',#7716,.T.);
#7716 = EDGE_LOOP('',(#7717,#7718,#7719,#7720));
#7717 = ORIENTED_EDGE('',*,*,#3418,.T.);
#7718 = ORIENTED_EDGE('',*,*,#7704,.T.);
#7719 = ORIENTED_EDGE('',*,*,#5107,.F.);
#7720 = ORIENTED_EDGE('',*,*,#7721,.F.);
#7721 = EDGE_CURVE('',#3411,#5100,#7722,.T.);
#7722 = LINE('',#7723,#7724);
#7723 = CARTESIAN_POINT('',(33.849893,-28.90491,-4.6E-02));
#7724 = VECTOR('',#7725,1.);
#7725 = DIRECTION('',(0.,0.,1.));
#7726 = CYLINDRICAL_SURFACE('',#7727,0.4);
#7727 = AXIS2_PLACEMENT_3D('',#7728,#7729,#7730);
#7728 = CARTESIAN_POINT('',(34.249893,-28.90491,-4.6E-02));
#7729 = DIRECTION('',(-0.,-0.,-1.));
#7730 = DIRECTION('',(1.,0.,-0.));
#7731 = ADVANCED_FACE('',(#7732),#7738,.T.);
#7732 = FACE_BOUND('',#7733,.T.);
#7733 = EDGE_LOOP('',(#7734,#7735,#7736,#7737));
#7734 = ORIENTED_EDGE('',*,*,#3410,.T.);
#7735 = ORIENTED_EDGE('',*,*,#7721,.T.);
#7736 = ORIENTED_EDGE('',*,*,#5099,.F.);
#7737 = ORIENTED_EDGE('',*,*,#7680,.F.);
#7738 = PLANE('',#7739);
#7739 = AXIS2_PLACEMENT_3D('',#7740,#7741,#7742);
#7740 = CARTESIAN_POINT('',(33.849893,-28.90491,-4.6E-02));
#7741 = DIRECTION('',(1.,0.,-0.));
#7742 = DIRECTION('',(0.,-1.,0.));
#7743 = ADVANCED_FACE('',(#7744),#7760,.F.);
#7744 = FACE_BOUND('',#7745,.T.);
#7745 = EDGE_LOOP('',(#7746,#7747,#7753,#7754));
#7746 = ORIENTED_EDGE('',*,*,#3435,.T.);
#7747 = ORIENTED_EDGE('',*,*,#7748,.T.);
#7748 = EDGE_CURVE('',#3438,#5127,#7749,.T.);
#7749 = LINE('',#7750,#7751);
#7750 = CARTESIAN_POINT('',(36.449893,-32.05491,-4.6E-02));
#7751 = VECTOR('',#7752,1.);
#7752 = DIRECTION('',(0.,0.,1.));
#7753 = ORIENTED_EDGE('',*,*,#5124,.F.);
#7754 = ORIENTED_EDGE('',*,*,#7755,.F.);
#7755 = EDGE_CURVE('',#3436,#5125,#7756,.T.);
#7756 = LINE('',#7757,#7758);
#7757 = CARTESIAN_POINT('',(36.449893,-31.25491,-4.6E-02));
#7758 = VECTOR('',#7759,1.);
#7759 = DIRECTION('',(0.,0.,1.));
#7760 = CYLINDRICAL_SURFACE('',#7761,0.4);
#7761 = AXIS2_PLACEMENT_3D('',#7762,#7763,#7764);
#7762 = CARTESIAN_POINT('',(36.449893,-31.65491,-4.6E-02));
#7763 = DIRECTION('',(-0.,-0.,-1.));
#7764 = DIRECTION('',(-0.,-1.,0.));
#7765 = ADVANCED_FACE('',(#7766),#7777,.T.);
#7766 = FACE_BOUND('',#7767,.T.);
#7767 = EDGE_LOOP('',(#7768,#7769,#7770,#7771));
#7768 = ORIENTED_EDGE('',*,*,#3463,.T.);
#7769 = ORIENTED_EDGE('',*,*,#7755,.T.);
#7770 = ORIENTED_EDGE('',*,*,#5152,.F.);
#7771 = ORIENTED_EDGE('',*,*,#7772,.F.);
#7772 = EDGE_CURVE('',#3455,#5144,#7773,.T.);
#7773 = LINE('',#7774,#7775);
#7774 = CARTESIAN_POINT('',(35.549893,-31.25491,-4.6E-02));
#7775 = VECTOR('',#7776,1.);
#7776 = DIRECTION('',(0.,0.,1.));
#7777 = PLANE('',#7778);
#7778 = AXIS2_PLACEMENT_3D('',#7779,#7780,#7781);
#7779 = CARTESIAN_POINT('',(36.449893,-31.25491,-4.6E-02));
#7780 = DIRECTION('',(0.,-1.,0.));
#7781 = DIRECTION('',(-1.,0.,0.));
#7782 = ADVANCED_FACE('',(#7783),#7794,.F.);
#7783 = FACE_BOUND('',#7784,.T.);
#7784 = EDGE_LOOP('',(#7785,#7786,#7787,#7788));
#7785 = ORIENTED_EDGE('',*,*,#3454,.T.);
#7786 = ORIENTED_EDGE('',*,*,#7772,.T.);
#7787 = ORIENTED_EDGE('',*,*,#5143,.F.);
#7788 = ORIENTED_EDGE('',*,*,#7789,.F.);
#7789 = EDGE_CURVE('',#3447,#5136,#7790,.T.);
#7790 = LINE('',#7791,#7792);
#7791 = CARTESIAN_POINT('',(35.549893,-32.05491,-4.6E-02));
#7792 = VECTOR('',#7793,1.);
#7793 = DIRECTION('',(0.,0.,1.));
#7794 = CYLINDRICAL_SURFACE('',#7795,0.4);
#7795 = AXIS2_PLACEMENT_3D('',#7796,#7797,#7798);
#7796 = CARTESIAN_POINT('',(35.549893,-31.65491,-4.6E-02));
#7797 = DIRECTION('',(-0.,0.,-1.));
#7798 = DIRECTION('',(0.,1.,0.));
#7799 = ADVANCED_FACE('',(#7800),#7806,.T.);
#7800 = FACE_BOUND('',#7801,.T.);
#7801 = EDGE_LOOP('',(#7802,#7803,#7804,#7805));
#7802 = ORIENTED_EDGE('',*,*,#3446,.T.);
#7803 = ORIENTED_EDGE('',*,*,#7789,.T.);
#7804 = ORIENTED_EDGE('',*,*,#5135,.F.);
#7805 = ORIENTED_EDGE('',*,*,#7748,.F.);
#7806 = PLANE('',#7807);
#7807 = AXIS2_PLACEMENT_3D('',#7808,#7809,#7810);
#7808 = CARTESIAN_POINT('',(35.549893,-32.05491,-4.6E-02));
#7809 = DIRECTION('',(0.,1.,0.));
#7810 = DIRECTION('',(1.,0.,0.));
#7811 = ADVANCED_FACE('',(#7812),#7828,.F.);
#7812 = FACE_BOUND('',#7813,.T.);
#7813 = EDGE_LOOP('',(#7814,#7815,#7821,#7822));
#7814 = ORIENTED_EDGE('',*,*,#3471,.T.);
#7815 = ORIENTED_EDGE('',*,*,#7816,.T.);
#7816 = EDGE_CURVE('',#3474,#5163,#7817,.T.);
#7817 = LINE('',#7818,#7819);
#7818 = CARTESIAN_POINT('',(37.349893,-29.80491,-4.6E-02));
#7819 = VECTOR('',#7820,1.);
#7820 = DIRECTION('',(0.,0.,1.));
#7821 = ORIENTED_EDGE('',*,*,#5160,.F.);
#7822 = ORIENTED_EDGE('',*,*,#7823,.F.);
#7823 = EDGE_CURVE('',#3472,#5161,#7824,.T.);
#7824 = LINE('',#7825,#7826);
#7825 = CARTESIAN_POINT('',(38.149893,-29.80491,-4.6E-02));
#7826 = VECTOR('',#7827,1.);
#7827 = DIRECTION('',(0.,0.,1.));
#7828 = CYLINDRICAL_SURFACE('',#7829,0.4);
#7829 = AXIS2_PLACEMENT_3D('',#7830,#7831,#7832);
#7830 = CARTESIAN_POINT('',(37.749893,-29.80491,-4.6E-02));
#7831 = DIRECTION('',(-0.,-0.,-1.));
#7832 = DIRECTION('',(-1.,0.,-0.));
#7833 = ADVANCED_FACE('',(#7834),#7845,.T.);
#7834 = FACE_BOUND('',#7835,.T.);
#7835 = EDGE_LOOP('',(#7836,#7837,#7838,#7839));
#7836 = ORIENTED_EDGE('',*,*,#3499,.T.);
#7837 = ORIENTED_EDGE('',*,*,#7823,.T.);
#7838 = ORIENTED_EDGE('',*,*,#5188,.F.);
#7839 = ORIENTED_EDGE('',*,*,#7840,.F.);
#7840 = EDGE_CURVE('',#3491,#5180,#7841,.T.);
#7841 = LINE('',#7842,#7843);
#7842 = CARTESIAN_POINT('',(38.149893,-28.90491,-4.6E-02));
#7843 = VECTOR('',#7844,1.);
#7844 = DIRECTION('',(0.,0.,1.));
#7845 = PLANE('',#7846);
#7846 = AXIS2_PLACEMENT_3D('',#7847,#7848,#7849);
#7847 = CARTESIAN_POINT('',(38.149893,-29.80491,-4.6E-02));
#7848 = DIRECTION('',(-1.,0.,0.));
#7849 = DIRECTION('',(0.,1.,0.));
#7850 = ADVANCED_FACE('',(#7851),#7862,.F.);
#7851 = FACE_BOUND('',#7852,.T.);
#7852 = EDGE_LOOP('',(#7853,#7854,#7855,#7856));
#7853 = ORIENTED_EDGE('',*,*,#3490,.T.);
#7854 = ORIENTED_EDGE('',*,*,#7840,.T.);
#7855 = ORIENTED_EDGE('',*,*,#5179,.F.);
#7856 = ORIENTED_EDGE('',*,*,#7857,.F.);
#7857 = EDGE_CURVE('',#3483,#5172,#7858,.T.);
#7858 = LINE('',#7859,#7860);
#7859 = CARTESIAN_POINT('',(37.349893,-28.90491,-4.6E-02));
#7860 = VECTOR('',#7861,1.);
#7861 = DIRECTION('',(0.,0.,1.));
#7862 = CYLINDRICAL_SURFACE('',#7863,0.4);
#7863 = AXIS2_PLACEMENT_3D('',#7864,#7865,#7866);
#7864 = CARTESIAN_POINT('',(37.749893,-28.90491,-4.6E-02));
#7865 = DIRECTION('',(-0.,-0.,-1.));
#7866 = DIRECTION('',(1.,0.,-0.));
#7867 = ADVANCED_FACE('',(#7868),#7874,.T.);
#7868 = FACE_BOUND('',#7869,.T.);
#7869 = EDGE_LOOP('',(#7870,#7871,#7872,#7873));
#7870 = ORIENTED_EDGE('',*,*,#3482,.T.);
#7871 = ORIENTED_EDGE('',*,*,#7857,.T.);
#7872 = ORIENTED_EDGE('',*,*,#5171,.F.);
#7873 = ORIENTED_EDGE('',*,*,#7816,.F.);
#7874 = PLANE('',#7875);
#7875 = AXIS2_PLACEMENT_3D('',#7876,#7877,#7878);
#7876 = CARTESIAN_POINT('',(37.349893,-28.90491,-4.6E-02));
#7877 = DIRECTION('',(1.,0.,-0.));
#7878 = DIRECTION('',(0.,-1.,0.));
#7879 = ADVANCED_FACE('',(#7880),#7891,.F.);
#7880 = FACE_BOUND('',#7881,.T.);
#7881 = EDGE_LOOP('',(#7882,#7888,#7889,#7890));
#7882 = ORIENTED_EDGE('',*,*,#7883,.T.);
#7883 = EDGE_CURVE('',#3508,#5197,#7884,.T.);
#7884 = LINE('',#7885,#7886);
#7885 = CARTESIAN_POINT('',(36.849893,-27.05491,0.));
#7886 = VECTOR('',#7887,1.);
#7887 = DIRECTION('',(0.,0.,1.));
#7888 = ORIENTED_EDGE('',*,*,#5196,.T.);
#7889 = ORIENTED_EDGE('',*,*,#7883,.F.);
#7890 = ORIENTED_EDGE('',*,*,#3507,.F.);
#7891 = CYLINDRICAL_SURFACE('',#7892,0.85);
#7892 = AXIS2_PLACEMENT_3D('',#7893,#7894,#7895);
#7893 = CARTESIAN_POINT('',(35.999893,-27.05491,0.));
#7894 = DIRECTION('',(-0.,-0.,-1.));
#7895 = DIRECTION('',(1.,0.,-0.));
#7896 = ADVANCED_FACE('',(#7897),#7913,.F.);
#7897 = FACE_BOUND('',#7898,.T.);
#7898 = EDGE_LOOP('',(#7899,#7900,#7906,#7907));
#7899 = ORIENTED_EDGE('',*,*,#3518,.T.);
#7900 = ORIENTED_EDGE('',*,*,#7901,.T.);
#7901 = EDGE_CURVE('',#3521,#5210,#7902,.T.);
#7902 = LINE('',#7903,#7904);
#7903 = CARTESIAN_POINT('',(36.449893,-25.55491,-4.6E-02));
#7904 = VECTOR('',#7905,1.);
#7905 = DIRECTION('',(0.,0.,1.));
#7906 = ORIENTED_EDGE('',*,*,#5207,.F.);
#7907 = ORIENTED_EDGE('',*,*,#7908,.F.);
#7908 = EDGE_CURVE('',#3519,#5208,#7909,.T.);
#7909 = LINE('',#7910,#7911);
#7910 = CARTESIAN_POINT('',(36.449893,-24.75491,-4.6E-02));
#7911 = VECTOR('',#7912,1.);
#7912 = DIRECTION('',(0.,0.,1.));
#7913 = CYLINDRICAL_SURFACE('',#7914,0.4);
#7914 = AXIS2_PLACEMENT_3D('',#7915,#7916,#7917);
#7915 = CARTESIAN_POINT('',(36.449893,-25.15491,-4.6E-02));
#7916 = DIRECTION('',(-0.,-0.,-1.));
#7917 = DIRECTION('',(-0.,-1.,0.));
#7918 = ADVANCED_FACE('',(#7919),#7930,.T.);
#7919 = FACE_BOUND('',#7920,.T.);
#7920 = EDGE_LOOP('',(#7921,#7922,#7923,#7924));
#7921 = ORIENTED_EDGE('',*,*,#3546,.T.);
#7922 = ORIENTED_EDGE('',*,*,#7908,.T.);
#7923 = ORIENTED_EDGE('',*,*,#5235,.F.);
#7924 = ORIENTED_EDGE('',*,*,#7925,.F.);
#7925 = EDGE_CURVE('',#3538,#5227,#7926,.T.);
#7926 = LINE('',#7927,#7928);
#7927 = CARTESIAN_POINT('',(35.549893,-24.75491,-4.6E-02));
#7928 = VECTOR('',#7929,1.);
#7929 = DIRECTION('',(0.,0.,1.));
#7930 = PLANE('',#7931);
#7931 = AXIS2_PLACEMENT_3D('',#7932,#7933,#7934);
#7932 = CARTESIAN_POINT('',(36.449893,-24.75491,-4.6E-02));
#7933 = DIRECTION('',(0.,-1.,0.));
#7934 = DIRECTION('',(-1.,0.,0.));
#7935 = ADVANCED_FACE('',(#7936),#7947,.F.);
#7936 = FACE_BOUND('',#7937,.T.);
#7937 = EDGE_LOOP('',(#7938,#7939,#7940,#7941));
#7938 = ORIENTED_EDGE('',*,*,#3537,.T.);
#7939 = ORIENTED_EDGE('',*,*,#7925,.T.);
#7940 = ORIENTED_EDGE('',*,*,#5226,.F.);
#7941 = ORIENTED_EDGE('',*,*,#7942,.F.);
#7942 = EDGE_CURVE('',#3530,#5219,#7943,.T.);
#7943 = LINE('',#7944,#7945);
#7944 = CARTESIAN_POINT('',(35.549893,-25.55491,-4.6E-02));
#7945 = VECTOR('',#7946,1.);
#7946 = DIRECTION('',(0.,0.,1.));
#7947 = CYLINDRICAL_SURFACE('',#7948,0.4);
#7948 = AXIS2_PLACEMENT_3D('',#7949,#7950,#7951);
#7949 = CARTESIAN_POINT('',(35.549893,-25.15491,-4.6E-02));
#7950 = DIRECTION('',(-0.,0.,-1.));
#7951 = DIRECTION('',(0.,1.,0.));
#7952 = ADVANCED_FACE('',(#7953),#7959,.T.);
#7953 = FACE_BOUND('',#7954,.T.);
#7954 = EDGE_LOOP('',(#7955,#7956,#7957,#7958));
#7955 = ORIENTED_EDGE('',*,*,#3529,.T.);
#7956 = ORIENTED_EDGE('',*,*,#7942,.T.);
#7957 = ORIENTED_EDGE('',*,*,#5218,.F.);
#7958 = ORIENTED_EDGE('',*,*,#7901,.F.);
#7959 = PLANE('',#7960);
#7960 = AXIS2_PLACEMENT_3D('',#7961,#7962,#7963);
#7961 = CARTESIAN_POINT('',(35.549893,-25.55491,-4.6E-02));
#7962 = DIRECTION('',(0.,1.,0.));
#7963 = DIRECTION('',(1.,0.,0.));
#7964 = ADVANCED_FACE('',(#7965),#7976,.F.);
#7965 = FACE_BOUND('',#7966,.T.);
#7966 = EDGE_LOOP('',(#7967,#7968,#7974,#7975));
#7967 = ORIENTED_EDGE('',*,*,#3554,.T.);
#7968 = ORIENTED_EDGE('',*,*,#7969,.T.);
#7969 = EDGE_CURVE('',#3555,#5244,#7970,.T.);
#7970 = LINE('',#7971,#7972);
#7971 = CARTESIAN_POINT('',(41.904893,-39.59991,-4.6E-02));
#7972 = VECTOR('',#7973,1.);
#7973 = DIRECTION('',(0.,0.,1.));
#7974 = ORIENTED_EDGE('',*,*,#5243,.F.);
#7975 = ORIENTED_EDGE('',*,*,#7969,.F.);
#7976 = CYLINDRICAL_SURFACE('',#7977,0.6);
#7977 = AXIS2_PLACEMENT_3D('',#7978,#7979,#7980);
#7978 = CARTESIAN_POINT('',(41.904893,-38.99991,-4.6E-02));
#7979 = DIRECTION('',(-0.,-0.,-1.));
#7980 = DIRECTION('',(-0.,-1.,0.));
#7981 = ADVANCED_FACE('',(#7982),#7993,.F.);
#7982 = FACE_BOUND('',#7983,.T.);
#7983 = EDGE_LOOP('',(#7984,#7985,#7991,#7992));
#7984 = ORIENTED_EDGE('',*,*,#3565,.T.);
#7985 = ORIENTED_EDGE('',*,*,#7986,.T.);
#7986 = EDGE_CURVE('',#3566,#5255,#7987,.T.);
#7987 = LINE('',#7988,#7989);
#7988 = CARTESIAN_POINT('',(47.624893,-38.84991,-4.6E-02));
#7989 = VECTOR('',#7990,1.);
#7990 = DIRECTION('',(0.,0.,1.));
#7991 = ORIENTED_EDGE('',*,*,#5254,.F.);
#7992 = ORIENTED_EDGE('',*,*,#7986,.F.);
#7993 = CYLINDRICAL_SURFACE('',#7994,0.6);
#7994 = AXIS2_PLACEMENT_3D('',#7995,#7996,#7997);
#7995 = CARTESIAN_POINT('',(47.624893,-38.24991,-4.6E-02));
#7996 = DIRECTION('',(-0.,-0.,-1.));
#7997 = DIRECTION('',(-0.,-1.,0.));
#7998 = ADVANCED_FACE('',(#7999),#8010,.F.);
#7999 = FACE_BOUND('',#8000,.T.);
#8000 = EDGE_LOOP('',(#8001,#8002,#8008,#8009));
#8001 = ORIENTED_EDGE('',*,*,#3576,.T.);
#8002 = ORIENTED_EDGE('',*,*,#8003,.T.);
#8003 = EDGE_CURVE('',#3577,#5266,#8004,.T.);
#8004 = LINE('',#8005,#8006);
#8005 = CARTESIAN_POINT('',(41.904893,-35.09991,-4.6E-02));
#8006 = VECTOR('',#8007,1.);
#8007 = DIRECTION('',(0.,0.,1.));
#8008 = ORIENTED_EDGE('',*,*,#5265,.F.);
#8009 = ORIENTED_EDGE('',*,*,#8003,.F.);
#8010 = CYLINDRICAL_SURFACE('',#8011,0.6);
#8011 = AXIS2_PLACEMENT_3D('',#8012,#8013,#8014);
#8012 = CARTESIAN_POINT('',(41.904893,-34.49991,-4.6E-02));
#8013 = DIRECTION('',(-0.,-0.,-1.));
#8014 = DIRECTION('',(-0.,-1.,0.));
#8015 = ADVANCED_FACE('',(#8016),#8027,.F.);
#8016 = FACE_BOUND('',#8017,.T.);
#8017 = EDGE_LOOP('',(#8018,#8019,#8025,#8026));
#8018 = ORIENTED_EDGE('',*,*,#3587,.T.);
#8019 = ORIENTED_EDGE('',*,*,#8020,.T.);
#8020 = EDGE_CURVE('',#3588,#5277,#8021,.T.);
#8021 = LINE('',#8022,#8023);
#8022 = CARTESIAN_POINT('',(47.624893,-35.59991,-4.6E-02));
#8023 = VECTOR('',#8024,1.);
#8024 = DIRECTION('',(0.,0.,1.));
#8025 = ORIENTED_EDGE('',*,*,#5276,.F.);
#8026 = ORIENTED_EDGE('',*,*,#8020,.F.);
#8027 = CYLINDRICAL_SURFACE('',#8028,0.6);
#8028 = AXIS2_PLACEMENT_3D('',#8029,#8030,#8031);
#8029 = CARTESIAN_POINT('',(47.624893,-34.99991,-4.6E-02));
#8030 = DIRECTION('',(-0.,-0.,-1.));
#8031 = DIRECTION('',(-0.,-1.,0.));
#8032 = ADVANCED_FACE('',(#8033),#8049,.F.);
#8033 = FACE_BOUND('',#8034,.T.);
#8034 = EDGE_LOOP('',(#8035,#8036,#8042,#8043));
#8035 = ORIENTED_EDGE('',*,*,#3598,.T.);
#8036 = ORIENTED_EDGE('',*,*,#8037,.T.);
#8037 = EDGE_CURVE('',#3601,#5290,#8038,.T.);
#8038 = LINE('',#8039,#8040);
#8039 = CARTESIAN_POINT('',(53.694892,-37.84991,-4.6E-02));
#8040 = VECTOR('',#8041,1.);
#8041 = DIRECTION('',(0.,0.,1.));
#8042 = ORIENTED_EDGE('',*,*,#5287,.F.);
#8043 = ORIENTED_EDGE('',*,*,#8044,.F.);
#8044 = EDGE_CURVE('',#3599,#5288,#8045,.T.);
#8045 = LINE('',#8046,#8047);
#8046 = CARTESIAN_POINT('',(53.694892,-38.64991,-4.6E-02));
#8047 = VECTOR('',#8048,1.);
#8048 = DIRECTION('',(0.,0.,1.));
#8049 = CYLINDRICAL_SURFACE('',#8050,0.4);
#8050 = AXIS2_PLACEMENT_3D('',#8051,#8052,#8053);
#8051 = CARTESIAN_POINT('',(53.694892,-38.24991,-4.6E-02));
#8052 = DIRECTION('',(-0.,-0.,-1.));
#8053 = DIRECTION('',(1.7763568394E-14,1.,-0.));
#8054 = ADVANCED_FACE('',(#8055),#8066,.T.);
#8055 = FACE_BOUND('',#8056,.T.);
#8056 = EDGE_LOOP('',(#8057,#8058,#8059,#8060));
#8057 = ORIENTED_EDGE('',*,*,#3626,.T.);
#8058 = ORIENTED_EDGE('',*,*,#8044,.T.);
#8059 = ORIENTED_EDGE('',*,*,#5315,.F.);
#8060 = ORIENTED_EDGE('',*,*,#8061,.F.);
#8061 = EDGE_CURVE('',#3618,#5307,#8062,.T.);
#8062 = LINE('',#8063,#8064);
#8063 = CARTESIAN_POINT('',(54.594892,-38.64991,-4.6E-02));
#8064 = VECTOR('',#8065,1.);
#8065 = DIRECTION('',(0.,0.,1.));
#8066 = PLANE('',#8067);
#8067 = AXIS2_PLACEMENT_3D('',#8068,#8069,#8070);
#8068 = CARTESIAN_POINT('',(53.694892,-38.64991,-4.6E-02));
#8069 = DIRECTION('',(0.,1.,0.));
#8070 = DIRECTION('',(1.,0.,0.));
#8071 = ADVANCED_FACE('',(#8072),#8083,.F.);
#8072 = FACE_BOUND('',#8073,.T.);
#8073 = EDGE_LOOP('',(#8074,#8075,#8076,#8077));
#8074 = ORIENTED_EDGE('',*,*,#3617,.T.);
#8075 = ORIENTED_EDGE('',*,*,#8061,.T.);
#8076 = ORIENTED_EDGE('',*,*,#5306,.F.);
#8077 = ORIENTED_EDGE('',*,*,#8078,.F.);
#8078 = EDGE_CURVE('',#3610,#5299,#8079,.T.);
#8079 = LINE('',#8080,#8081);
#8080 = CARTESIAN_POINT('',(54.594892,-37.84991,-4.6E-02));
#8081 = VECTOR('',#8082,1.);
#8082 = DIRECTION('',(0.,0.,1.));
#8083 = CYLINDRICAL_SURFACE('',#8084,0.4);
#8084 = AXIS2_PLACEMENT_3D('',#8085,#8086,#8087);
#8085 = CARTESIAN_POINT('',(54.594892,-38.24991,-4.6E-02));
#8086 = DIRECTION('',(-0.,-0.,-1.));
#8087 = DIRECTION('',(-0.,-1.,0.));
#8088 = ADVANCED_FACE('',(#8089),#8095,.T.);
#8089 = FACE_BOUND('',#8090,.T.);
#8090 = EDGE_LOOP('',(#8091,#8092,#8093,#8094));
#8091 = ORIENTED_EDGE('',*,*,#3609,.T.);
#8092 = ORIENTED_EDGE('',*,*,#8078,.T.);
#8093 = ORIENTED_EDGE('',*,*,#5298,.F.);
#8094 = ORIENTED_EDGE('',*,*,#8037,.F.);
#8095 = PLANE('',#8096);
#8096 = AXIS2_PLACEMENT_3D('',#8097,#8098,#8099);
#8097 = CARTESIAN_POINT('',(54.594892,-37.84991,-4.6E-02));
#8098 = DIRECTION('',(0.,-1.,0.));
#8099 = DIRECTION('',(-1.,0.,0.));
#8100 = ADVANCED_FACE('',(#8101),#8112,.F.);
#8101 = FACE_BOUND('',#8102,.T.);
#8102 = EDGE_LOOP('',(#8103,#8104,#8110,#8111));
#8103 = ORIENTED_EDGE('',*,*,#3634,.T.);
#8104 = ORIENTED_EDGE('',*,*,#8105,.T.);
#8105 = EDGE_CURVE('',#3635,#5324,#8106,.T.);
#8106 = LINE('',#8107,#8108);
#8107 = CARTESIAN_POINT('',(52.499893,-35.49991,-4.6E-02));
#8108 = VECTOR('',#8109,1.);
#8109 = DIRECTION('',(0.,0.,1.));
#8110 = ORIENTED_EDGE('',*,*,#5323,.F.);
#8111 = ORIENTED_EDGE('',*,*,#8105,.F.);
#8112 = CYLINDRICAL_SURFACE('',#8113,0.5);
#8113 = AXIS2_PLACEMENT_3D('',#8114,#8115,#8116);
#8114 = CARTESIAN_POINT('',(52.499893,-34.99991,-4.6E-02));
#8115 = DIRECTION('',(-0.,-0.,-1.));
#8116 = DIRECTION('',(-0.,-1.,0.));
#8117 = ADVANCED_FACE('',(#8118),#8129,.F.);
#8118 = FACE_BOUND('',#8119,.T.);
#8119 = EDGE_LOOP('',(#8120,#8126,#8127,#8128));
#8120 = ORIENTED_EDGE('',*,*,#8121,.T.);
#8121 = EDGE_CURVE('',#3646,#5335,#8122,.T.);
#8122 = LINE('',#8123,#8124);
#8123 = CARTESIAN_POINT('',(57.999893,-34.49991,0.));
#8124 = VECTOR('',#8125,1.);
#8125 = DIRECTION('',(0.,0.,1.));
#8126 = ORIENTED_EDGE('',*,*,#5334,.T.);
#8127 = ORIENTED_EDGE('',*,*,#8121,.F.);
#8128 = ORIENTED_EDGE('',*,*,#3645,.F.);
#8129 = CYLINDRICAL_SURFACE('',#8130,1.);
#8130 = AXIS2_PLACEMENT_3D('',#8131,#8132,#8133);
#8131 = CARTESIAN_POINT('',(56.999893,-34.49991,0.));
#8132 = DIRECTION('',(-0.,-0.,-1.));
#8133 = DIRECTION('',(1.,0.,-0.));
#8134 = ADVANCED_FACE('',(#8135),#8151,.F.);
#8135 = FACE_BOUND('',#8136,.T.);
#8136 = EDGE_LOOP('',(#8137,#8138,#8144,#8145));
#8137 = ORIENTED_EDGE('',*,*,#3656,.T.);
#8138 = ORIENTED_EDGE('',*,*,#8139,.T.);
#8139 = EDGE_CURVE('',#3659,#5348,#8140,.T.);
#8140 = LINE('',#8141,#8142);
#8141 = CARTESIAN_POINT('',(44.449893,-32.05491,-4.6E-02));
#8142 = VECTOR('',#8143,1.);
#8143 = DIRECTION('',(0.,0.,1.));
#8144 = ORIENTED_EDGE('',*,*,#5345,.F.);
#8145 = ORIENTED_EDGE('',*,*,#8146,.F.);
#8146 = EDGE_CURVE('',#3657,#5346,#8147,.T.);
#8147 = LINE('',#8148,#8149);
#8148 = CARTESIAN_POINT('',(44.449893,-31.25491,-4.6E-02));
#8149 = VECTOR('',#8150,1.);
#8150 = DIRECTION('',(0.,0.,1.));
#8151 = CYLINDRICAL_SURFACE('',#8152,0.4);
#8152 = AXIS2_PLACEMENT_3D('',#8153,#8154,#8155);
#8153 = CARTESIAN_POINT('',(44.449893,-31.65491,-4.6E-02));
#8154 = DIRECTION('',(-0.,-0.,-1.));
#8155 = DIRECTION('',(-0.,-1.,0.));
#8156 = ADVANCED_FACE('',(#8157),#8168,.T.);
#8157 = FACE_BOUND('',#8158,.T.);
#8158 = EDGE_LOOP('',(#8159,#8160,#8161,#8162));
#8159 = ORIENTED_EDGE('',*,*,#3684,.T.);
#8160 = ORIENTED_EDGE('',*,*,#8146,.T.);
#8161 = ORIENTED_EDGE('',*,*,#5373,.F.);
#8162 = ORIENTED_EDGE('',*,*,#8163,.F.);
#8163 = EDGE_CURVE('',#3676,#5365,#8164,.T.);
#8164 = LINE('',#8165,#8166);
#8165 = CARTESIAN_POINT('',(43.549893,-31.25491,-4.6E-02));
#8166 = VECTOR('',#8167,1.);
#8167 = DIRECTION('',(0.,0.,1.));
#8168 = PLANE('',#8169);
#8169 = AXIS2_PLACEMENT_3D('',#8170,#8171,#8172);
#8170 = CARTESIAN_POINT('',(44.449893,-31.25491,-4.6E-02));
#8171 = DIRECTION('',(0.,-1.,0.));
#8172 = DIRECTION('',(-1.,0.,0.));
#8173 = ADVANCED_FACE('',(#8174),#8185,.F.);
#8174 = FACE_BOUND('',#8175,.T.);
#8175 = EDGE_LOOP('',(#8176,#8177,#8178,#8179));
#8176 = ORIENTED_EDGE('',*,*,#3675,.T.);
#8177 = ORIENTED_EDGE('',*,*,#8163,.T.);
#8178 = ORIENTED_EDGE('',*,*,#5364,.F.);
#8179 = ORIENTED_EDGE('',*,*,#8180,.F.);
#8180 = EDGE_CURVE('',#3668,#5357,#8181,.T.);
#8181 = LINE('',#8182,#8183);
#8182 = CARTESIAN_POINT('',(43.549893,-32.05491,-4.6E-02));
#8183 = VECTOR('',#8184,1.);
#8184 = DIRECTION('',(0.,0.,1.));
#8185 = CYLINDRICAL_SURFACE('',#8186,0.4);
#8186 = AXIS2_PLACEMENT_3D('',#8187,#8188,#8189);
#8187 = CARTESIAN_POINT('',(43.549893,-31.65491,-4.6E-02));
#8188 = DIRECTION('',(-0.,0.,-1.));
#8189 = DIRECTION('',(0.,1.,0.));
#8190 = ADVANCED_FACE('',(#8191),#8197,.T.);
#8191 = FACE_BOUND('',#8192,.T.);
#8192 = EDGE_LOOP('',(#8193,#8194,#8195,#8196));
#8193 = ORIENTED_EDGE('',*,*,#3667,.T.);
#8194 = ORIENTED_EDGE('',*,*,#8180,.T.);
#8195 = ORIENTED_EDGE('',*,*,#5356,.F.);
#8196 = ORIENTED_EDGE('',*,*,#8139,.F.);
#8197 = PLANE('',#8198);
#8198 = AXIS2_PLACEMENT_3D('',#8199,#8200,#8201);
#8199 = CARTESIAN_POINT('',(43.549893,-32.05491,-4.6E-02));
#8200 = DIRECTION('',(0.,1.,0.));
#8201 = DIRECTION('',(1.,0.,0.));
#8202 = ADVANCED_FACE('',(#8203),#8219,.F.);
#8203 = FACE_BOUND('',#8204,.T.);
#8204 = EDGE_LOOP('',(#8205,#8206,#8212,#8213));
#8205 = ORIENTED_EDGE('',*,*,#3692,.T.);
#8206 = ORIENTED_EDGE('',*,*,#8207,.T.);
#8207 = EDGE_CURVE('',#3695,#5384,#8208,.T.);
#8208 = LINE('',#8209,#8210);
#8209 = CARTESIAN_POINT('',(41.849893,-29.80491,-4.6E-02));
#8210 = VECTOR('',#8211,1.);
#8211 = DIRECTION('',(0.,0.,1.));
#8212 = ORIENTED_EDGE('',*,*,#5381,.F.);
#8213 = ORIENTED_EDGE('',*,*,#8214,.F.);
#8214 = EDGE_CURVE('',#3693,#5382,#8215,.T.);
#8215 = LINE('',#8216,#8217);
#8216 = CARTESIAN_POINT('',(42.649893,-29.80491,-4.6E-02));
#8217 = VECTOR('',#8218,1.);
#8218 = DIRECTION('',(0.,0.,1.));
#8219 = CYLINDRICAL_SURFACE('',#8220,0.4);
#8220 = AXIS2_PLACEMENT_3D('',#8221,#8222,#8223);
#8221 = CARTESIAN_POINT('',(42.249893,-29.80491,-4.6E-02));
#8222 = DIRECTION('',(-0.,-0.,-1.));
#8223 = DIRECTION('',(-1.,0.,-0.));
#8224 = ADVANCED_FACE('',(#8225),#8236,.T.);
#8225 = FACE_BOUND('',#8226,.T.);
#8226 = EDGE_LOOP('',(#8227,#8228,#8229,#8230));
#8227 = ORIENTED_EDGE('',*,*,#3720,.T.);
#8228 = ORIENTED_EDGE('',*,*,#8214,.T.);
#8229 = ORIENTED_EDGE('',*,*,#5409,.F.);
#8230 = ORIENTED_EDGE('',*,*,#8231,.F.);
#8231 = EDGE_CURVE('',#3712,#5401,#8232,.T.);
#8232 = LINE('',#8233,#8234);
#8233 = CARTESIAN_POINT('',(42.649893,-28.90491,-4.6E-02));
#8234 = VECTOR('',#8235,1.);
#8235 = DIRECTION('',(0.,0.,1.));
#8236 = PLANE('',#8237);
#8237 = AXIS2_PLACEMENT_3D('',#8238,#8239,#8240);
#8238 = CARTESIAN_POINT('',(42.649893,-29.80491,-4.6E-02));
#8239 = DIRECTION('',(-1.,0.,0.));
#8240 = DIRECTION('',(0.,1.,0.));
#8241 = ADVANCED_FACE('',(#8242),#8253,.F.);
#8242 = FACE_BOUND('',#8243,.T.);
#8243 = EDGE_LOOP('',(#8244,#8245,#8246,#8247));
#8244 = ORIENTED_EDGE('',*,*,#3711,.T.);
#8245 = ORIENTED_EDGE('',*,*,#8231,.T.);
#8246 = ORIENTED_EDGE('',*,*,#5400,.F.);
#8247 = ORIENTED_EDGE('',*,*,#8248,.F.);
#8248 = EDGE_CURVE('',#3704,#5393,#8249,.T.);
#8249 = LINE('',#8250,#8251);
#8250 = CARTESIAN_POINT('',(41.849893,-28.90491,-4.6E-02));
#8251 = VECTOR('',#8252,1.);
#8252 = DIRECTION('',(0.,0.,1.));
#8253 = CYLINDRICAL_SURFACE('',#8254,0.4);
#8254 = AXIS2_PLACEMENT_3D('',#8255,#8256,#8257);
#8255 = CARTESIAN_POINT('',(42.249893,-28.90491,-4.6E-02));
#8256 = DIRECTION('',(-0.,-0.,-1.));
#8257 = DIRECTION('',(1.,0.,-0.));
#8258 = ADVANCED_FACE('',(#8259),#8265,.T.);
#8259 = FACE_BOUND('',#8260,.T.);
#8260 = EDGE_LOOP('',(#8261,#8262,#8263,#8264));
#8261 = ORIENTED_EDGE('',*,*,#3703,.T.);
#8262 = ORIENTED_EDGE('',*,*,#8248,.T.);
#8263 = ORIENTED_EDGE('',*,*,#5392,.F.);
#8264 = ORIENTED_EDGE('',*,*,#8207,.F.);
#8265 = PLANE('',#8266);
#8266 = AXIS2_PLACEMENT_3D('',#8267,#8268,#8269);
#8267 = CARTESIAN_POINT('',(41.849893,-28.90491,-4.6E-02));
#8268 = DIRECTION('',(1.,0.,-0.));
#8269 = DIRECTION('',(0.,-1.,0.));
#8270 = ADVANCED_FACE('',(#8271),#8287,.F.);
#8271 = FACE_BOUND('',#8272,.T.);
#8272 = EDGE_LOOP('',(#8273,#8274,#8280,#8281));
#8273 = ORIENTED_EDGE('',*,*,#3728,.T.);
#8274 = ORIENTED_EDGE('',*,*,#8275,.T.);
#8275 = EDGE_CURVE('',#3731,#5420,#8276,.T.);
#8276 = LINE('',#8277,#8278);
#8277 = CARTESIAN_POINT('',(45.349893,-29.80491,-4.6E-02));
#8278 = VECTOR('',#8279,1.);
#8279 = DIRECTION('',(0.,0.,1.));
#8280 = ORIENTED_EDGE('',*,*,#5417,.F.);
#8281 = ORIENTED_EDGE('',*,*,#8282,.F.);
#8282 = EDGE_CURVE('',#3729,#5418,#8283,.T.);
#8283 = LINE('',#8284,#8285);
#8284 = CARTESIAN_POINT('',(46.149893,-29.80491,-4.6E-02));
#8285 = VECTOR('',#8286,1.);
#8286 = DIRECTION('',(0.,0.,1.));
#8287 = CYLINDRICAL_SURFACE('',#8288,0.4);
#8288 = AXIS2_PLACEMENT_3D('',#8289,#8290,#8291);
#8289 = CARTESIAN_POINT('',(45.749893,-29.80491,-4.6E-02));
#8290 = DIRECTION('',(-0.,-0.,-1.));
#8291 = DIRECTION('',(-1.,0.,-0.));
#8292 = ADVANCED_FACE('',(#8293),#8304,.T.);
#8293 = FACE_BOUND('',#8294,.T.);
#8294 = EDGE_LOOP('',(#8295,#8296,#8297,#8298));
#8295 = ORIENTED_EDGE('',*,*,#3756,.T.);
#8296 = ORIENTED_EDGE('',*,*,#8282,.T.);
#8297 = ORIENTED_EDGE('',*,*,#5445,.F.);
#8298 = ORIENTED_EDGE('',*,*,#8299,.F.);
#8299 = EDGE_CURVE('',#3748,#5437,#8300,.T.);
#8300 = LINE('',#8301,#8302);
#8301 = CARTESIAN_POINT('',(46.149893,-28.90491,-4.6E-02));
#8302 = VECTOR('',#8303,1.);
#8303 = DIRECTION('',(0.,0.,1.));
#8304 = PLANE('',#8305);
#8305 = AXIS2_PLACEMENT_3D('',#8306,#8307,#8308);
#8306 = CARTESIAN_POINT('',(46.149893,-29.80491,-4.6E-02));
#8307 = DIRECTION('',(-1.,0.,0.));
#8308 = DIRECTION('',(0.,1.,0.));
#8309 = ADVANCED_FACE('',(#8310),#8321,.F.);
#8310 = FACE_BOUND('',#8311,.T.);
#8311 = EDGE_LOOP('',(#8312,#8313,#8314,#8315));
#8312 = ORIENTED_EDGE('',*,*,#3747,.T.);
#8313 = ORIENTED_EDGE('',*,*,#8299,.T.);
#8314 = ORIENTED_EDGE('',*,*,#5436,.F.);
#8315 = ORIENTED_EDGE('',*,*,#8316,.F.);
#8316 = EDGE_CURVE('',#3740,#5429,#8317,.T.);
#8317 = LINE('',#8318,#8319);
#8318 = CARTESIAN_POINT('',(45.349893,-28.90491,-4.6E-02));
#8319 = VECTOR('',#8320,1.);
#8320 = DIRECTION('',(0.,0.,1.));
#8321 = CYLINDRICAL_SURFACE('',#8322,0.4);
#8322 = AXIS2_PLACEMENT_3D('',#8323,#8324,#8325);
#8323 = CARTESIAN_POINT('',(45.749893,-28.90491,-4.6E-02));
#8324 = DIRECTION('',(-0.,-0.,-1.));
#8325 = DIRECTION('',(1.,0.,-0.));
#8326 = ADVANCED_FACE('',(#8327),#8333,.T.);
#8327 = FACE_BOUND('',#8328,.T.);
#8328 = EDGE_LOOP('',(#8329,#8330,#8331,#8332));
#8329 = ORIENTED_EDGE('',*,*,#3739,.T.);
#8330 = ORIENTED_EDGE('',*,*,#8316,.T.);
#8331 = ORIENTED_EDGE('',*,*,#5428,.F.);
#8332 = ORIENTED_EDGE('',*,*,#8275,.F.);
#8333 = PLANE('',#8334);
#8334 = AXIS2_PLACEMENT_3D('',#8335,#8336,#8337);
#8335 = CARTESIAN_POINT('',(45.349893,-28.90491,-4.6E-02));
#8336 = DIRECTION('',(1.,0.,-0.));
#8337 = DIRECTION('',(0.,-1.,0.));
#8338 = ADVANCED_FACE('',(#8339),#8350,.F.);
#8339 = FACE_BOUND('',#8340,.T.);
#8340 = EDGE_LOOP('',(#8341,#8347,#8348,#8349));
#8341 = ORIENTED_EDGE('',*,*,#8342,.T.);
#8342 = EDGE_CURVE('',#3765,#5454,#8343,.T.);
#8343 = LINE('',#8344,#8345);
#8344 = CARTESIAN_POINT('',(44.849893,-27.05491,0.));
#8345 = VECTOR('',#8346,1.);
#8346 = DIRECTION('',(0.,0.,1.));
#8347 = ORIENTED_EDGE('',*,*,#5453,.T.);
#8348 = ORIENTED_EDGE('',*,*,#8342,.F.);
#8349 = ORIENTED_EDGE('',*,*,#3764,.F.);
#8350 = CYLINDRICAL_SURFACE('',#8351,0.85);
#8351 = AXIS2_PLACEMENT_3D('',#8352,#8353,#8354);
#8352 = CARTESIAN_POINT('',(43.999893,-27.05491,0.));
#8353 = DIRECTION('',(-0.,-0.,-1.));
#8354 = DIRECTION('',(1.,0.,-0.));
#8355 = ADVANCED_FACE('',(#8356),#8372,.F.);
#8356 = FACE_BOUND('',#8357,.T.);
#8357 = EDGE_LOOP('',(#8358,#8359,#8365,#8366));
#8358 = ORIENTED_EDGE('',*,*,#3775,.T.);
#8359 = ORIENTED_EDGE('',*,*,#8360,.T.);
#8360 = EDGE_CURVE('',#3778,#5467,#8361,.T.);
#8361 = LINE('',#8362,#8363);
#8362 = CARTESIAN_POINT('',(44.449893,-25.55491,-4.6E-02));
#8363 = VECTOR('',#8364,1.);
#8364 = DIRECTION('',(0.,0.,1.));
#8365 = ORIENTED_EDGE('',*,*,#5464,.F.);
#8366 = ORIENTED_EDGE('',*,*,#8367,.F.);
#8367 = EDGE_CURVE('',#3776,#5465,#8368,.T.);
#8368 = LINE('',#8369,#8370);
#8369 = CARTESIAN_POINT('',(44.449893,-24.75491,-4.6E-02));
#8370 = VECTOR('',#8371,1.);
#8371 = DIRECTION('',(0.,0.,1.));
#8372 = CYLINDRICAL_SURFACE('',#8373,0.4);
#8373 = AXIS2_PLACEMENT_3D('',#8374,#8375,#8376);
#8374 = CARTESIAN_POINT('',(44.449893,-25.15491,-4.6E-02));
#8375 = DIRECTION('',(-0.,-0.,-1.));
#8376 = DIRECTION('',(-0.,-1.,0.));
#8377 = ADVANCED_FACE('',(#8378),#8389,.T.);
#8378 = FACE_BOUND('',#8379,.T.);
#8379 = EDGE_LOOP('',(#8380,#8381,#8382,#8383));
#8380 = ORIENTED_EDGE('',*,*,#3803,.T.);
#8381 = ORIENTED_EDGE('',*,*,#8367,.T.);
#8382 = ORIENTED_EDGE('',*,*,#5492,.F.);
#8383 = ORIENTED_EDGE('',*,*,#8384,.F.);
#8384 = EDGE_CURVE('',#3795,#5484,#8385,.T.);
#8385 = LINE('',#8386,#8387);
#8386 = CARTESIAN_POINT('',(43.549893,-24.75491,-4.6E-02));
#8387 = VECTOR('',#8388,1.);
#8388 = DIRECTION('',(0.,0.,1.));
#8389 = PLANE('',#8390);
#8390 = AXIS2_PLACEMENT_3D('',#8391,#8392,#8393);
#8391 = CARTESIAN_POINT('',(44.449893,-24.75491,-4.6E-02));
#8392 = DIRECTION('',(0.,-1.,0.));
#8393 = DIRECTION('',(-1.,0.,0.));
#8394 = ADVANCED_FACE('',(#8395),#8406,.F.);
#8395 = FACE_BOUND('',#8396,.T.);
#8396 = EDGE_LOOP('',(#8397,#8398,#8399,#8400));
#8397 = ORIENTED_EDGE('',*,*,#3794,.T.);
#8398 = ORIENTED_EDGE('',*,*,#8384,.T.);
#8399 = ORIENTED_EDGE('',*,*,#5483,.F.);
#8400 = ORIENTED_EDGE('',*,*,#8401,.F.);
#8401 = EDGE_CURVE('',#3787,#5476,#8402,.T.);
#8402 = LINE('',#8403,#8404);
#8403 = CARTESIAN_POINT('',(43.549893,-25.55491,-4.6E-02));
#8404 = VECTOR('',#8405,1.);
#8405 = DIRECTION('',(0.,0.,1.));
#8406 = CYLINDRICAL_SURFACE('',#8407,0.4);
#8407 = AXIS2_PLACEMENT_3D('',#8408,#8409,#8410);
#8408 = CARTESIAN_POINT('',(43.549893,-25.15491,-4.6E-02));
#8409 = DIRECTION('',(-0.,0.,-1.));
#8410 = DIRECTION('',(0.,1.,0.));
#8411 = ADVANCED_FACE('',(#8412),#8418,.T.);
#8412 = FACE_BOUND('',#8413,.T.);
#8413 = EDGE_LOOP('',(#8414,#8415,#8416,#8417));
#8414 = ORIENTED_EDGE('',*,*,#3786,.T.);
#8415 = ORIENTED_EDGE('',*,*,#8401,.T.);
#8416 = ORIENTED_EDGE('',*,*,#5475,.F.);
#8417 = ORIENTED_EDGE('',*,*,#8360,.F.);
#8418 = PLANE('',#8419);
#8419 = AXIS2_PLACEMENT_3D('',#8420,#8421,#8422);
#8420 = CARTESIAN_POINT('',(43.549893,-25.55491,-4.6E-02));
#8421 = DIRECTION('',(0.,1.,0.));
#8422 = DIRECTION('',(1.,0.,0.));
#8423 = ADVANCED_FACE('',(#8424),#8440,.F.);
#8424 = FACE_BOUND('',#8425,.T.);
#8425 = EDGE_LOOP('',(#8426,#8427,#8433,#8434));
#8426 = ORIENTED_EDGE('',*,*,#3811,.T.);
#8427 = ORIENTED_EDGE('',*,*,#8428,.T.);
#8428 = EDGE_CURVE('',#3814,#5503,#8429,.T.);
#8429 = LINE('',#8430,#8431);
#8430 = CARTESIAN_POINT('',(52.449893,-32.55491,-4.6E-02));
#8431 = VECTOR('',#8432,1.);
#8432 = DIRECTION('',(0.,0.,1.));
#8433 = ORIENTED_EDGE('',*,*,#5500,.F.);
#8434 = ORIENTED_EDGE('',*,*,#8435,.F.);
#8435 = EDGE_CURVE('',#3812,#5501,#8436,.T.);
#8436 = LINE('',#8437,#8438);
#8437 = CARTESIAN_POINT('',(52.449893,-31.75491,-4.6E-02));
#8438 = VECTOR('',#8439,1.);
#8439 = DIRECTION('',(0.,0.,1.));
#8440 = CYLINDRICAL_SURFACE('',#8441,0.4);
#8441 = AXIS2_PLACEMENT_3D('',#8442,#8443,#8444);
#8442 = CARTESIAN_POINT('',(52.449893,-32.15491,-4.6E-02));
#8443 = DIRECTION('',(-0.,-0.,-1.));
#8444 = DIRECTION('',(-0.,-1.,0.));
#8445 = ADVANCED_FACE('',(#8446),#8457,.T.);
#8446 = FACE_BOUND('',#8447,.T.);
#8447 = EDGE_LOOP('',(#8448,#8449,#8450,#8451));
#8448 = ORIENTED_EDGE('',*,*,#3839,.T.);
#8449 = ORIENTED_EDGE('',*,*,#8435,.T.);
#8450 = ORIENTED_EDGE('',*,*,#5528,.F.);
#8451 = ORIENTED_EDGE('',*,*,#8452,.F.);
#8452 = EDGE_CURVE('',#3831,#5520,#8453,.T.);
#8453 = LINE('',#8454,#8455);
#8454 = CARTESIAN_POINT('',(51.549893,-31.75491,-4.6E-02));
#8455 = VECTOR('',#8456,1.);
#8456 = DIRECTION('',(0.,0.,1.));
#8457 = PLANE('',#8458);
#8458 = AXIS2_PLACEMENT_3D('',#8459,#8460,#8461);
#8459 = CARTESIAN_POINT('',(52.449893,-31.75491,-4.6E-02));
#8460 = DIRECTION('',(0.,-1.,0.));
#8461 = DIRECTION('',(-1.,0.,0.));
#8462 = ADVANCED_FACE('',(#8463),#8474,.F.);
#8463 = FACE_BOUND('',#8464,.T.);
#8464 = EDGE_LOOP('',(#8465,#8466,#8467,#8468));
#8465 = ORIENTED_EDGE('',*,*,#3830,.T.);
#8466 = ORIENTED_EDGE('',*,*,#8452,.T.);
#8467 = ORIENTED_EDGE('',*,*,#5519,.F.);
#8468 = ORIENTED_EDGE('',*,*,#8469,.F.);
#8469 = EDGE_CURVE('',#3823,#5512,#8470,.T.);
#8470 = LINE('',#8471,#8472);
#8471 = CARTESIAN_POINT('',(51.549893,-32.55491,-4.6E-02));
#8472 = VECTOR('',#8473,1.);
#8473 = DIRECTION('',(0.,0.,1.));
#8474 = CYLINDRICAL_SURFACE('',#8475,0.4);
#8475 = AXIS2_PLACEMENT_3D('',#8476,#8477,#8478);
#8476 = CARTESIAN_POINT('',(51.549893,-32.15491,-4.6E-02));
#8477 = DIRECTION('',(-0.,0.,-1.));
#8478 = DIRECTION('',(0.,1.,0.));
#8479 = ADVANCED_FACE('',(#8480),#8486,.T.);
#8480 = FACE_BOUND('',#8481,.T.);
#8481 = EDGE_LOOP('',(#8482,#8483,#8484,#8485));
#8482 = ORIENTED_EDGE('',*,*,#3822,.T.);
#8483 = ORIENTED_EDGE('',*,*,#8469,.T.);
#8484 = ORIENTED_EDGE('',*,*,#5511,.F.);
#8485 = ORIENTED_EDGE('',*,*,#8428,.F.);
#8486 = PLANE('',#8487);
#8487 = AXIS2_PLACEMENT_3D('',#8488,#8489,#8490);
#8488 = CARTESIAN_POINT('',(51.549893,-32.55491,-4.6E-02));
#8489 = DIRECTION('',(0.,1.,0.));
#8490 = DIRECTION('',(1.,0.,0.));
#8491 = ADVANCED_FACE('',(#8492),#8508,.F.);
#8492 = FACE_BOUND('',#8493,.T.);
#8493 = EDGE_LOOP('',(#8494,#8495,#8501,#8502));
#8494 = ORIENTED_EDGE('',*,*,#3847,.T.);
#8495 = ORIENTED_EDGE('',*,*,#8496,.T.);
#8496 = EDGE_CURVE('',#3850,#5539,#8497,.T.);
#8497 = LINE('',#8498,#8499);
#8498 = CARTESIAN_POINT('',(49.849893,-30.30491,-4.6E-02));
#8499 = VECTOR('',#8500,1.);
#8500 = DIRECTION('',(0.,0.,1.));
#8501 = ORIENTED_EDGE('',*,*,#5536,.F.);
#8502 = ORIENTED_EDGE('',*,*,#8503,.F.);
#8503 = EDGE_CURVE('',#3848,#5537,#8504,.T.);
#8504 = LINE('',#8505,#8506);
#8505 = CARTESIAN_POINT('',(50.649893,-30.30491,-4.6E-02));
#8506 = VECTOR('',#8507,1.);
#8507 = DIRECTION('',(0.,0.,1.));
#8508 = CYLINDRICAL_SURFACE('',#8509,0.4);
#8509 = AXIS2_PLACEMENT_3D('',#8510,#8511,#8512);
#8510 = CARTESIAN_POINT('',(50.249893,-30.30491,-4.6E-02));
#8511 = DIRECTION('',(-0.,-0.,-1.));
#8512 = DIRECTION('',(-1.,0.,-0.));
#8513 = ADVANCED_FACE('',(#8514),#8525,.T.);
#8514 = FACE_BOUND('',#8515,.T.);
#8515 = EDGE_LOOP('',(#8516,#8517,#8518,#8519));
#8516 = ORIENTED_EDGE('',*,*,#3875,.T.);
#8517 = ORIENTED_EDGE('',*,*,#8503,.T.);
#8518 = ORIENTED_EDGE('',*,*,#5564,.F.);
#8519 = ORIENTED_EDGE('',*,*,#8520,.F.);
#8520 = EDGE_CURVE('',#3867,#5556,#8521,.T.);
#8521 = LINE('',#8522,#8523);
#8522 = CARTESIAN_POINT('',(50.649893,-29.40491,-4.6E-02));
#8523 = VECTOR('',#8524,1.);
#8524 = DIRECTION('',(0.,0.,1.));
#8525 = PLANE('',#8526);
#8526 = AXIS2_PLACEMENT_3D('',#8527,#8528,#8529);
#8527 = CARTESIAN_POINT('',(50.649893,-30.30491,-4.6E-02));
#8528 = DIRECTION('',(-1.,0.,0.));
#8529 = DIRECTION('',(0.,1.,0.));
#8530 = ADVANCED_FACE('',(#8531),#8542,.F.);
#8531 = FACE_BOUND('',#8532,.T.);
#8532 = EDGE_LOOP('',(#8533,#8534,#8535,#8536));
#8533 = ORIENTED_EDGE('',*,*,#3866,.T.);
#8534 = ORIENTED_EDGE('',*,*,#8520,.T.);
#8535 = ORIENTED_EDGE('',*,*,#5555,.F.);
#8536 = ORIENTED_EDGE('',*,*,#8537,.F.);
#8537 = EDGE_CURVE('',#3859,#5548,#8538,.T.);
#8538 = LINE('',#8539,#8540);
#8539 = CARTESIAN_POINT('',(49.849893,-29.40491,-4.6E-02));
#8540 = VECTOR('',#8541,1.);
#8541 = DIRECTION('',(0.,0.,1.));
#8542 = CYLINDRICAL_SURFACE('',#8543,0.4);
#8543 = AXIS2_PLACEMENT_3D('',#8544,#8545,#8546);
#8544 = CARTESIAN_POINT('',(50.249893,-29.40491,-4.6E-02));
#8545 = DIRECTION('',(-0.,-0.,-1.));
#8546 = DIRECTION('',(1.,0.,-0.));
#8547 = ADVANCED_FACE('',(#8548),#8554,.T.);
#8548 = FACE_BOUND('',#8549,.T.);
#8549 = EDGE_LOOP('',(#8550,#8551,#8552,#8553));
#8550 = ORIENTED_EDGE('',*,*,#3858,.T.);
#8551 = ORIENTED_EDGE('',*,*,#8537,.T.);
#8552 = ORIENTED_EDGE('',*,*,#5547,.F.);
#8553 = ORIENTED_EDGE('',*,*,#8496,.F.);
#8554 = PLANE('',#8555);
#8555 = AXIS2_PLACEMENT_3D('',#8556,#8557,#8558);
#8556 = CARTESIAN_POINT('',(49.849893,-29.40491,-4.6E-02));
#8557 = DIRECTION('',(1.,0.,-0.));
#8558 = DIRECTION('',(0.,-1.,0.));
#8559 = ADVANCED_FACE('',(#8560),#8576,.F.);
#8560 = FACE_BOUND('',#8561,.T.);
#8561 = EDGE_LOOP('',(#8562,#8563,#8569,#8570));
#8562 = ORIENTED_EDGE('',*,*,#3883,.T.);
#8563 = ORIENTED_EDGE('',*,*,#8564,.T.);
#8564 = EDGE_CURVE('',#3886,#5575,#8565,.T.);
#8565 = LINE('',#8566,#8567);
#8566 = CARTESIAN_POINT('',(53.349893,-30.30491,-4.6E-02));
#8567 = VECTOR('',#8568,1.);
#8568 = DIRECTION('',(0.,0.,1.));
#8569 = ORIENTED_EDGE('',*,*,#5572,.F.);
#8570 = ORIENTED_EDGE('',*,*,#8571,.F.);
#8571 = EDGE_CURVE('',#3884,#5573,#8572,.T.);
#8572 = LINE('',#8573,#8574);
#8573 = CARTESIAN_POINT('',(54.149893,-30.30491,-4.6E-02));
#8574 = VECTOR('',#8575,1.);
#8575 = DIRECTION('',(0.,0.,1.));
#8576 = CYLINDRICAL_SURFACE('',#8577,0.4);
#8577 = AXIS2_PLACEMENT_3D('',#8578,#8579,#8580);
#8578 = CARTESIAN_POINT('',(53.749893,-30.30491,-4.6E-02));
#8579 = DIRECTION('',(-0.,-0.,-1.));
#8580 = DIRECTION('',(-1.,0.,-0.));
#8581 = ADVANCED_FACE('',(#8582),#8593,.T.);
#8582 = FACE_BOUND('',#8583,.T.);
#8583 = EDGE_LOOP('',(#8584,#8585,#8586,#8587));
#8584 = ORIENTED_EDGE('',*,*,#3911,.T.);
#8585 = ORIENTED_EDGE('',*,*,#8571,.T.);
#8586 = ORIENTED_EDGE('',*,*,#5600,.F.);
#8587 = ORIENTED_EDGE('',*,*,#8588,.F.);
#8588 = EDGE_CURVE('',#3903,#5592,#8589,.T.);
#8589 = LINE('',#8590,#8591);
#8590 = CARTESIAN_POINT('',(54.149893,-29.40491,-4.6E-02));
#8591 = VECTOR('',#8592,1.);
#8592 = DIRECTION('',(0.,0.,1.));
#8593 = PLANE('',#8594);
#8594 = AXIS2_PLACEMENT_3D('',#8595,#8596,#8597);
#8595 = CARTESIAN_POINT('',(54.149893,-30.30491,-4.6E-02));
#8596 = DIRECTION('',(-1.,0.,0.));
#8597 = DIRECTION('',(0.,1.,0.));
#8598 = ADVANCED_FACE('',(#8599),#8610,.F.);
#8599 = FACE_BOUND('',#8600,.T.);
#8600 = EDGE_LOOP('',(#8601,#8602,#8603,#8604));
#8601 = ORIENTED_EDGE('',*,*,#3902,.T.);
#8602 = ORIENTED_EDGE('',*,*,#8588,.T.);
#8603 = ORIENTED_EDGE('',*,*,#5591,.F.);
#8604 = ORIENTED_EDGE('',*,*,#8605,.F.);
#8605 = EDGE_CURVE('',#3895,#5584,#8606,.T.);
#8606 = LINE('',#8607,#8608);
#8607 = CARTESIAN_POINT('',(53.349893,-29.40491,-4.6E-02));
#8608 = VECTOR('',#8609,1.);
#8609 = DIRECTION('',(0.,0.,1.));
#8610 = CYLINDRICAL_SURFACE('',#8611,0.4);
#8611 = AXIS2_PLACEMENT_3D('',#8612,#8613,#8614);
#8612 = CARTESIAN_POINT('',(53.749893,-29.40491,-4.6E-02));
#8613 = DIRECTION('',(-0.,-0.,-1.));
#8614 = DIRECTION('',(1.,0.,-0.));
#8615 = ADVANCED_FACE('',(#8616),#8622,.T.);
#8616 = FACE_BOUND('',#8617,.T.);
#8617 = EDGE_LOOP('',(#8618,#8619,#8620,#8621));
#8618 = ORIENTED_EDGE('',*,*,#3894,.T.);
#8619 = ORIENTED_EDGE('',*,*,#8605,.T.);
#8620 = ORIENTED_EDGE('',*,*,#5583,.F.);
#8621 = ORIENTED_EDGE('',*,*,#8564,.F.);
#8622 = PLANE('',#8623);
#8623 = AXIS2_PLACEMENT_3D('',#8624,#8625,#8626);
#8624 = CARTESIAN_POINT('',(53.349893,-29.40491,-4.6E-02));
#8625 = DIRECTION('',(1.,0.,-0.));
#8626 = DIRECTION('',(0.,-1.,0.));
#8627 = ADVANCED_FACE('',(#8628),#8639,.F.);
#8628 = FACE_BOUND('',#8629,.T.);
#8629 = EDGE_LOOP('',(#8630,#8636,#8637,#8638));
#8630 = ORIENTED_EDGE('',*,*,#8631,.T.);
#8631 = EDGE_CURVE('',#3920,#5609,#8632,.T.);
#8632 = LINE('',#8633,#8634);
#8633 = CARTESIAN_POINT('',(52.849893,-27.55491,0.));
#8634 = VECTOR('',#8635,1.);
#8635 = DIRECTION('',(0.,0.,1.));
#8636 = ORIENTED_EDGE('',*,*,#5608,.T.);
#8637 = ORIENTED_EDGE('',*,*,#8631,.F.);
#8638 = ORIENTED_EDGE('',*,*,#3919,.F.);
#8639 = CYLINDRICAL_SURFACE('',#8640,0.85);
#8640 = AXIS2_PLACEMENT_3D('',#8641,#8642,#8643);
#8641 = CARTESIAN_POINT('',(51.999893,-27.55491,0.));
#8642 = DIRECTION('',(-0.,-0.,-1.));
#8643 = DIRECTION('',(1.,0.,-0.));
#8644 = ADVANCED_FACE('',(#8645),#8661,.F.);
#8645 = FACE_BOUND('',#8646,.T.);
#8646 = EDGE_LOOP('',(#8647,#8648,#8654,#8655));
#8647 = ORIENTED_EDGE('',*,*,#3930,.T.);
#8648 = ORIENTED_EDGE('',*,*,#8649,.T.);
#8649 = EDGE_CURVE('',#3933,#5622,#8650,.T.);
#8650 = LINE('',#8651,#8652);
#8651 = CARTESIAN_POINT('',(52.449893,-26.05491,-4.6E-02));
#8652 = VECTOR('',#8653,1.);
#8653 = DIRECTION('',(0.,0.,1.));
#8654 = ORIENTED_EDGE('',*,*,#5619,.F.);
#8655 = ORIENTED_EDGE('',*,*,#8656,.F.);
#8656 = EDGE_CURVE('',#3931,#5620,#8657,.T.);
#8657 = LINE('',#8658,#8659);
#8658 = CARTESIAN_POINT('',(52.449893,-25.25491,-4.6E-02));
#8659 = VECTOR('',#8660,1.);
#8660 = DIRECTION('',(0.,0.,1.));
#8661 = CYLINDRICAL_SURFACE('',#8662,0.4);
#8662 = AXIS2_PLACEMENT_3D('',#8663,#8664,#8665);
#8663 = CARTESIAN_POINT('',(52.449893,-25.65491,-4.6E-02));
#8664 = DIRECTION('',(-0.,-0.,-1.));
#8665 = DIRECTION('',(-0.,-1.,0.));
#8666 = ADVANCED_FACE('',(#8667),#8678,.T.);
#8667 = FACE_BOUND('',#8668,.T.);
#8668 = EDGE_LOOP('',(#8669,#8670,#8671,#8672));
#8669 = ORIENTED_EDGE('',*,*,#3958,.T.);
#8670 = ORIENTED_EDGE('',*,*,#8656,.T.);
#8671 = ORIENTED_EDGE('',*,*,#5647,.F.);
#8672 = ORIENTED_EDGE('',*,*,#8673,.F.);
#8673 = EDGE_CURVE('',#3950,#5639,#8674,.T.);
#8674 = LINE('',#8675,#8676);
#8675 = CARTESIAN_POINT('',(51.549893,-25.25491,-4.6E-02));
#8676 = VECTOR('',#8677,1.);
#8677 = DIRECTION('',(0.,0.,1.));
#8678 = PLANE('',#8679);
#8679 = AXIS2_PLACEMENT_3D('',#8680,#8681,#8682);
#8680 = CARTESIAN_POINT('',(52.449893,-25.25491,-4.6E-02));
#8681 = DIRECTION('',(0.,-1.,0.));
#8682 = DIRECTION('',(-1.,0.,0.));
#8683 = ADVANCED_FACE('',(#8684),#8695,.F.);
#8684 = FACE_BOUND('',#8685,.T.);
#8685 = EDGE_LOOP('',(#8686,#8687,#8688,#8689));
#8686 = ORIENTED_EDGE('',*,*,#3949,.T.);
#8687 = ORIENTED_EDGE('',*,*,#8673,.T.);
#8688 = ORIENTED_EDGE('',*,*,#5638,.F.);
#8689 = ORIENTED_EDGE('',*,*,#8690,.F.);
#8690 = EDGE_CURVE('',#3942,#5631,#8691,.T.);
#8691 = LINE('',#8692,#8693);
#8692 = CARTESIAN_POINT('',(51.549893,-26.05491,-4.6E-02));
#8693 = VECTOR('',#8694,1.);
#8694 = DIRECTION('',(0.,0.,1.));
#8695 = CYLINDRICAL_SURFACE('',#8696,0.4);
#8696 = AXIS2_PLACEMENT_3D('',#8697,#8698,#8699);
#8697 = CARTESIAN_POINT('',(51.549893,-25.65491,-4.6E-02));
#8698 = DIRECTION('',(-0.,0.,-1.));
#8699 = DIRECTION('',(0.,1.,0.));
#8700 = ADVANCED_FACE('',(#8701),#8707,.T.);
#8701 = FACE_BOUND('',#8702,.T.);
#8702 = EDGE_LOOP('',(#8703,#8704,#8705,#8706));
#8703 = ORIENTED_EDGE('',*,*,#3941,.T.);
#8704 = ORIENTED_EDGE('',*,*,#8690,.T.);
#8705 = ORIENTED_EDGE('',*,*,#5630,.F.);
#8706 = ORIENTED_EDGE('',*,*,#8649,.F.);
#8707 = PLANE('',#8708);
#8708 = AXIS2_PLACEMENT_3D('',#8709,#8710,#8711);
#8709 = CARTESIAN_POINT('',(51.549893,-26.05491,-4.6E-02));
#8710 = DIRECTION('',(0.,1.,0.));
#8711 = DIRECTION('',(1.,0.,0.));
#8712 = ( GEOMETRIC_REPRESENTATION_CONTEXT(3) 
GLOBAL_UNCERTAINTY_ASSIGNED_CONTEXT((#8716)) 
GLOBAL_UNIT_ASSIGNED_CONTEXT((#8713,#8714,#8715)) REPRESENTATION_CONTEXT
('Context #1','3D Context with UNIT and UNCERTAINTY') );
#8713 = ( LENGTH_UNIT() NAMED_UNIT(*) SI_UNIT(.MILLI.,.METRE.) );
#8714 = ( NAMED_UNIT(*) PLANE_ANGLE_UNIT() SI_UNIT($,.RADIAN.) );
#8715 = ( NAMED_UNIT(*) SI_UNIT($,.STERADIAN.) SOLID_ANGLE_UNIT() );
#8716 = UNCERTAINTY_MEASURE_WITH_UNIT(LENGTH_MEASURE(1.E-07),#8713,
  'distance_accuracy_value','confusion accuracy');
#8717 = CONTEXT_DEPENDENT_SHAPE_REPRESENTATION(#8718,#8720);
#8718 = ( REPRESENTATION_RELATIONSHIP('','',#2172,#10) 
REPRESENTATION_RELATIONSHIP_WITH_TRANSFORMATION(#8719) 
SHAPE_REPRESENTATION_RELATIONSHIP() );
#8719 = ITEM_DEFINED_TRANSFORMATION('','',#11,#59);
#8720 = PRODUCT_DEFINITION_SHAPE('Placement','Placement of an item',
  #8721);
#8721 = NEXT_ASSEMBLY_USAGE_OCCURRENCE('12','=>[0:1:1:4]','',#5,#2167,$
  );
#8722 = PRODUCT_RELATED_PRODUCT_CATEGORY('part',$,(#2169));
#8723 = MECHANICAL_DESIGN_GEOMETRIC_PRESENTATION_REPRESENTATION('',(
    #8724),#8712);
#8724 = STYLED_ITEM('color',(#8725),#2173);
#8725 = PRESENTATION_STYLE_ASSIGNMENT((#8726));
#8726 = SURFACE_STYLE_USAGE(.BOTH.,#8727);
#8727 = SURFACE_SIDE_STYLE('',(#8728));
#8728 = SURFACE_STYLE_FILL_AREA(#8729);
#8729 = FILL_AREA_STYLE('',(#8730));
#8730 = FILL_AREA_STYLE_COLOUR('',#8731);
#8731 = COLOUR_RGB('',0.313304153717,0.484529207832,0.410020903123);
ENDSEC;
END-ISO-10303-21;
