ISO-10303-21;
HEADER;
FILE_DESCRIPTION(('KiCad electronic assembly'),'2;1');
FILE_NAME('DRY_ELEC_16CH.step','2026-01-03T14:42:46',('Pcbnew'),('Kicad'
    ),'Open CASCADE STEP processor 7.6','KiCad to STEP converter',
  'Unknown');
FILE_SCHEMA(('AUTOMOTIVE_DESIGN { 1 0 10303 214 1 1 1 1 }'));
ENDSEC;
DATA;
#1 = APPLICATION_PROTOCOL_DEFINITION('international standard',
  'automotive_design',2000,#2);
#2 = APPLICATION_CONTEXT(
  'core data for automotive mechanical design processes');
#3 = SHAPE_DEFINITION_REPRESENTATION(#4,#10);
#4 = PRODUCT_DEFINITION_SHAPE('','',#5);
#5 = PRODUCT_DEFINITION('design','',#6,#9);
#6 = PRODUCT_DEFINITION_FORMATION('','',#7);
#7 = PRODUCT('DRY_ELEC_16CH 8','DRY_ELEC_16CH 8','',(#8));
#8 = PRODUCT_CONTEXT('',#2,'mechanical');
#9 = PRODUCT_DEFINITION_CONTEXT('part definition',#2,'design');
#10 = SHAPE_REPRESENTATION('',(#11,#15,#19,#23),#27);
#11 = AXIS2_PLACEMENT_3D('',#12,#13,#14);
#12 = CARTESIAN_POINT('',(0.,0.,0.));
#13 = DIRECTION('',(0.,0.,1.));
#14 = DIRECTION('',(1.,0.,-0.));
#15 = AXIS2_PLACEMENT_3D('',#16,#17,#18);
#16 = CARTESIAN_POINT('',(35.124892,-35.37491,0.795));
#17 = DIRECTION('',(0.,0.,1.));
#18 = DIRECTION('',(1.,0.,0.));
#19 = AXIS2_PLACEMENT_3D('',#20,#21,#22);
#20 = CARTESIAN_POINT('',(24.874892,-35.37491,0.795));
#21 = DIRECTION('',(0.,0.,1.));
#22 = DIRECTION('',(1.,0.,0.));
#23 = AXIS2_PLACEMENT_3D('',#24,#25,#26);
#24 = CARTESIAN_POINT('',(0.,0.,0.));
#25 = DIRECTION('',(0.,0.,1.));
#26 = DIRECTION('',(1.,0.,-0.));
#27 = ( GEOMETRIC_REPRESENTATION_CONTEXT(3) 
GLOBAL_UNCERTAINTY_ASSIGNED_CONTEXT((#31)) GLOBAL_UNIT_ASSIGNED_CONTEXT(
(#28,#29,#30)) REPRESENTATION_CONTEXT('Context #1',
  '3D Context with UNIT and UNCERTAINTY') );
#28 = ( LENGTH_UNIT() NAMED_UNIT(*) SI_UNIT(.MILLI.,.METRE.) );
#29 = ( NAMED_UNIT(*) PLANE_ANGLE_UNIT() SI_UNIT($,.RADIAN.) );
#30 = ( NAMED_UNIT(*) SI_UNIT($,.STERADIAN.) SOLID_ANGLE_UNIT() );
#31 = UNCERTAINTY_MEASURE_WITH_UNIT(LENGTH_MEASURE(2.E-07),#28,
  'distance_accuracy_value','confusion accuracy');
#32 = PRODUCT_RELATED_PRODUCT_CATEGORY('part',$,(#7));
#33 = SHAPE_DEFINITION_REPRESENTATION(#34,#40);
#34 = PRODUCT_DEFINITION_SHAPE('','',#35);
#35 = PRODUCT_DEFINITION('design','',#36,#39);
#36 = PRODUCT_DEFINITION_FORMATION('','',#37);
#37 = PRODUCT('insert_2mm','insert_2mm','',(#38));
#38 = PRODUCT_CONTEXT('',#2,'mechanical');
#39 = PRODUCT_DEFINITION_CONTEXT('part definition',#2,'design');
#40 = ADVANCED_BREP_SHAPE_REPRESENTATION('',(#11,#41),#2671);
#41 = MANIFOLD_SOLID_BREP('',#42);
#42 = CLOSED_SHELL('',(#43,#85,#118,#151,#468,#500,#518,#550,#568,#600,
    #618,#650,#668,#700,#718,#750,#768,#800,#818,#850,#868,#900,#918,
    #950,#968,#1000,#1018,#1050,#1068,#1100,#1118,#1150,#1168,#1200,
    #1218,#1250,#1268,#1286,#1341,#1684,#1700,#1724,#1756,#1788,#1806,
    #1838,#1856,#1888,#1906,#1938,#1956,#1988,#2006,#2038,#2056,#2088,
    #2106,#2138,#2156,#2188,#2206,#2238,#2256,#2288,#2306,#2338,#2356,
    #2388,#2406,#2438,#2456,#2488,#2506,#2538,#2556,#2625,#2642,#2659));
#43 = ADVANCED_FACE('',(#44),#80,.F.);
#44 = FACE_BOUND('',#45,.F.);
#45 = EDGE_LOOP('',(#46,#56,#65,#73));
#46 = ORIENTED_EDGE('',*,*,#47,.F.);
#47 = EDGE_CURVE('',#48,#50,#52,.T.);
#48 = VERTEX_POINT('',#49);
#49 = CARTESIAN_POINT('',(0.258819045103,0.965925826289,3.));
#50 = VERTEX_POINT('',#51);
#51 = CARTESIAN_POINT('',(0.258819045103,0.965925826289,1.9));
#52 = LINE('',#53,#54);
#53 = CARTESIAN_POINT('',(0.258819045103,0.965925826289,3.));
#54 = VECTOR('',#55,1.);
#55 = DIRECTION('',(0.,0.,-1.));
#56 = ORIENTED_EDGE('',*,*,#57,.F.);
#57 = EDGE_CURVE('',#58,#48,#60,.T.);
#58 = VERTEX_POINT('',#59);
#59 = CARTESIAN_POINT('',(8.715574274766E-02,0.996194698092,3.));
#60 = CIRCLE('',#61,8.723877473067E-02);
#61 = AXIS2_PLACEMENT_3D('',#62,#63,#64);
#62 = CARTESIAN_POINT('',(0.173648177667,0.984807753012,3.));
#63 = DIRECTION('',(0.,0.,1.));
#64 = DIRECTION('',(1.,0.,-0.));
#65 = ORIENTED_EDGE('',*,*,#66,.T.);
#66 = EDGE_CURVE('',#58,#67,#69,.T.);
#67 = VERTEX_POINT('',#68);
#68 = CARTESIAN_POINT('',(8.715574274766E-02,0.996194698092,1.9));
#69 = LINE('',#70,#71);
#70 = CARTESIAN_POINT('',(8.715574274766E-02,0.996194698092,3.));
#71 = VECTOR('',#72,1.);
#72 = DIRECTION('',(0.,0.,-1.));
#73 = ORIENTED_EDGE('',*,*,#74,.T.);
#74 = EDGE_CURVE('',#67,#50,#75,.T.);
#75 = CIRCLE('',#76,8.723877473067E-02);
#76 = AXIS2_PLACEMENT_3D('',#77,#78,#79);
#77 = CARTESIAN_POINT('',(0.173648177667,0.984807753012,1.9));
#78 = DIRECTION('',(0.,0.,1.));
#79 = DIRECTION('',(1.,0.,-0.));
#80 = CYLINDRICAL_SURFACE('',#81,8.723877473067E-02);
#81 = AXIS2_PLACEMENT_3D('',#82,#83,#84);
#82 = CARTESIAN_POINT('',(0.173648177667,0.984807753012,3.));
#83 = DIRECTION('',(0.,0.,-1.));
#84 = DIRECTION('',(-1.,0.,0.));
#85 = ADVANCED_FACE('',(#86),#113,.T.);
#86 = FACE_BOUND('',#87,.T.);
#87 = EDGE_LOOP('',(#88,#97,#105,#112));
#88 = ORIENTED_EDGE('',*,*,#89,.T.);
#89 = EDGE_CURVE('',#67,#90,#92,.T.);
#90 = VERTEX_POINT('',#91);
#91 = CARTESIAN_POINT('',(-8.715574274766E-02,0.996194698092,1.9));
#92 = CIRCLE('',#93,8.723877473067E-02);
#93 = AXIS2_PLACEMENT_3D('',#94,#95,#96);
#94 = CARTESIAN_POINT('',(1.202786785101E-16,1.,1.9));
#95 = DIRECTION('',(0.,0.,1.));
#96 = DIRECTION('',(1.,0.,-0.));
#97 = ORIENTED_EDGE('',*,*,#98,.F.);
#98 = EDGE_CURVE('',#99,#90,#101,.T.);
#99 = VERTEX_POINT('',#100);
#100 = CARTESIAN_POINT('',(-8.715574274766E-02,0.996194698092,3.));
#101 = LINE('',#102,#103);
#102 = CARTESIAN_POINT('',(-8.715574274766E-02,0.996194698092,3.));
#103 = VECTOR('',#104,1.);
#104 = DIRECTION('',(0.,0.,-1.));
#105 = ORIENTED_EDGE('',*,*,#106,.F.);
#106 = EDGE_CURVE('',#58,#99,#107,.T.);
#107 = CIRCLE('',#108,8.723877473067E-02);
#108 = AXIS2_PLACEMENT_3D('',#109,#110,#111);
#109 = CARTESIAN_POINT('',(1.202786785101E-16,1.,3.));
#110 = DIRECTION('',(0.,0.,1.));
#111 = DIRECTION('',(1.,0.,-0.));
#112 = ORIENTED_EDGE('',*,*,#66,.T.);
#113 = CYLINDRICAL_SURFACE('',#114,8.723877473067E-02);
#114 = AXIS2_PLACEMENT_3D('',#115,#116,#117);
#115 = CARTESIAN_POINT('',(1.202786785101E-16,1.,3.));
#116 = DIRECTION('',(0.,0.,-1.));
#117 = DIRECTION('',(-1.,0.,0.));
#118 = ADVANCED_FACE('',(#119),#146,.F.);
#119 = FACE_BOUND('',#120,.F.);
#120 = EDGE_LOOP('',(#121,#122,#131,#139));
#121 = ORIENTED_EDGE('',*,*,#98,.F.);
#122 = ORIENTED_EDGE('',*,*,#123,.F.);
#123 = EDGE_CURVE('',#124,#99,#126,.T.);
#124 = VERTEX_POINT('',#125);
#125 = CARTESIAN_POINT('',(-0.258819045103,0.965925826289,3.));
#126 = CIRCLE('',#127,8.723877473067E-02);
#127 = AXIS2_PLACEMENT_3D('',#128,#129,#130);
#128 = CARTESIAN_POINT('',(-0.173648177667,0.984807753012,3.));
#129 = DIRECTION('',(0.,0.,1.));
#130 = DIRECTION('',(1.,0.,-0.));
#131 = ORIENTED_EDGE('',*,*,#132,.T.);
#132 = EDGE_CURVE('',#124,#133,#135,.T.);
#133 = VERTEX_POINT('',#134);
#134 = CARTESIAN_POINT('',(-0.258819045103,0.965925826289,1.9));
#135 = LINE('',#136,#137);
#136 = CARTESIAN_POINT('',(-0.258819045103,0.965925826289,3.));
#137 = VECTOR('',#138,1.);
#138 = DIRECTION('',(0.,0.,-1.));
#139 = ORIENTED_EDGE('',*,*,#140,.T.);
#140 = EDGE_CURVE('',#133,#90,#141,.T.);
#141 = CIRCLE('',#142,8.723877473067E-02);
#142 = AXIS2_PLACEMENT_3D('',#143,#144,#145);
#143 = CARTESIAN_POINT('',(-0.173648177667,0.984807753012,1.9));
#144 = DIRECTION('',(0.,0.,1.));
#145 = DIRECTION('',(1.,0.,-0.));
#146 = CYLINDRICAL_SURFACE('',#147,8.723877473067E-02);
#147 = AXIS2_PLACEMENT_3D('',#148,#149,#150);
#148 = CARTESIAN_POINT('',(-0.173648177667,0.984807753012,3.));
#149 = DIRECTION('',(0.,0.,-1.));
#150 = DIRECTION('',(-1.,0.,0.));
#151 = ADVANCED_FACE('',(#152,#163),#463,.T.);
#152 = FACE_BOUND('',#153,.T.);
#153 = EDGE_LOOP('',(#154));
#154 = ORIENTED_EDGE('',*,*,#155,.T.);
#155 = EDGE_CURVE('',#156,#156,#158,.T.);
#156 = VERTEX_POINT('',#157);
#157 = CARTESIAN_POINT('',(-0.5,0.,3.));
#158 = CIRCLE('',#159,0.5);
#159 = AXIS2_PLACEMENT_3D('',#160,#161,#162);
#160 = CARTESIAN_POINT('',(0.,0.,3.));
#161 = DIRECTION('',(0.,0.,-1.));
#162 = DIRECTION('',(-1.,0.,0.));
#163 = FACE_BOUND('',#164,.T.);
#164 = EDGE_LOOP('',(#165,#166,#175,#184,#193,#202,#211,#220,#229,#238,
    #247,#256,#265,#274,#283,#292,#301,#310,#319,#328,#337,#346,#355,
    #364,#373,#382,#391,#400,#409,#418,#427,#436,#445,#454,#461,#462));
#165 = ORIENTED_EDGE('',*,*,#123,.F.);
#166 = ORIENTED_EDGE('',*,*,#167,.T.);
#167 = EDGE_CURVE('',#124,#168,#170,.T.);
#168 = VERTEX_POINT('',#169);
#169 = CARTESIAN_POINT('',(-0.422618261741,0.906307787037,3.));
#170 = CIRCLE('',#171,8.723877473067E-02);
#171 = AXIS2_PLACEMENT_3D('',#172,#173,#174);
#172 = CARTESIAN_POINT('',(-0.342020143326,0.939692620786,3.));
#173 = DIRECTION('',(0.,0.,1.));
#174 = DIRECTION('',(0.939692620786,0.342020143326,-0.));
#175 = ORIENTED_EDGE('',*,*,#176,.F.);
#176 = EDGE_CURVE('',#177,#168,#179,.T.);
#177 = VERTEX_POINT('',#178);
#178 = CARTESIAN_POINT('',(-0.573576436351,0.819152044289,3.));
#179 = CIRCLE('',#180,8.723877473067E-02);
#180 = AXIS2_PLACEMENT_3D('',#181,#182,#183);
#181 = CARTESIAN_POINT('',(-0.5,0.866025403784,3.));
#182 = DIRECTION('',(0.,0.,1.));
#183 = DIRECTION('',(0.766044443119,0.642787609687,-0.));
#184 = ORIENTED_EDGE('',*,*,#185,.T.);
#185 = EDGE_CURVE('',#177,#186,#188,.T.);
#186 = VERTEX_POINT('',#187);
#187 = CARTESIAN_POINT('',(-0.707106781187,0.707106781187,3.));
#188 = CIRCLE('',#189,8.723877473067E-02);
#189 = AXIS2_PLACEMENT_3D('',#190,#191,#192);
#190 = CARTESIAN_POINT('',(-0.642787609687,0.766044443119,3.));
#191 = DIRECTION('',(0.,0.,1.));
#192 = DIRECTION('',(0.766044443119,0.642787609687,-0.));
#193 = ORIENTED_EDGE('',*,*,#194,.F.);
#194 = EDGE_CURVE('',#195,#186,#197,.T.);
#195 = VERTEX_POINT('',#196);
#196 = CARTESIAN_POINT('',(-0.819152044289,0.573576436351,3.));
#197 = CIRCLE('',#198,8.723877473067E-02);
#198 = AXIS2_PLACEMENT_3D('',#199,#200,#201);
#199 = CARTESIAN_POINT('',(-0.766044443119,0.642787609687,3.));
#200 = DIRECTION('',(0.,0.,1.));
#201 = DIRECTION('',(0.5,0.866025403784,-0.));
#202 = ORIENTED_EDGE('',*,*,#203,.T.);
#203 = EDGE_CURVE('',#195,#204,#206,.T.);
#204 = VERTEX_POINT('',#205);
#205 = CARTESIAN_POINT('',(-0.906307787037,0.422618261741,3.));
#206 = CIRCLE('',#207,8.723877473067E-02);
#207 = AXIS2_PLACEMENT_3D('',#208,#209,#210);
#208 = CARTESIAN_POINT('',(-0.866025403784,0.5,3.));
#209 = DIRECTION('',(0.,0.,1.));
#210 = DIRECTION('',(0.5,0.866025403784,-0.));
#211 = ORIENTED_EDGE('',*,*,#212,.F.);
#212 = EDGE_CURVE('',#213,#204,#215,.T.);
#213 = VERTEX_POINT('',#214);
#214 = CARTESIAN_POINT('',(-0.965925826289,0.258819045103,3.));
#215 = CIRCLE('',#216,8.723877473067E-02);
#216 = AXIS2_PLACEMENT_3D('',#217,#218,#219);
#217 = CARTESIAN_POINT('',(-0.939692620786,0.342020143326,3.));
#218 = DIRECTION('',(0.,0.,1.));
#219 = DIRECTION('',(0.173648177667,0.984807753012,-0.));
#220 = ORIENTED_EDGE('',*,*,#221,.T.);
#221 = EDGE_CURVE('',#213,#222,#224,.T.);
#222 = VERTEX_POINT('',#223);
#223 = CARTESIAN_POINT('',(-0.996194698092,8.715574274766E-02,3.));
#224 = CIRCLE('',#225,8.723877473067E-02);
#225 = AXIS2_PLACEMENT_3D('',#226,#227,#228);
#226 = CARTESIAN_POINT('',(-0.984807753012,0.173648177667,3.));
#227 = DIRECTION('',(0.,0.,1.));
#228 = DIRECTION('',(0.173648177667,0.984807753012,-0.));
#229 = ORIENTED_EDGE('',*,*,#230,.F.);
#230 = EDGE_CURVE('',#231,#222,#233,.T.);
#231 = VERTEX_POINT('',#232);
#232 = CARTESIAN_POINT('',(-0.996194698092,-8.715574274766E-02,3.));
#233 = CIRCLE('',#234,8.723877473067E-02);
#234 = AXIS2_PLACEMENT_3D('',#235,#236,#237);
#235 = CARTESIAN_POINT('',(-1.,-3.794707603699E-16,3.));
#236 = DIRECTION('',(0.,0.,1.));
#237 = DIRECTION('',(-0.173648177667,0.984807753012,0.));
#238 = ORIENTED_EDGE('',*,*,#239,.T.);
#239 = EDGE_CURVE('',#231,#240,#242,.T.);
#240 = VERTEX_POINT('',#241);
#241 = CARTESIAN_POINT('',(-0.965925826289,-0.258819045103,3.));
#242 = CIRCLE('',#243,8.723877473067E-02);
#243 = AXIS2_PLACEMENT_3D('',#244,#245,#246);
#244 = CARTESIAN_POINT('',(-0.984807753012,-0.173648177667,3.));
#245 = DIRECTION('',(0.,0.,1.));
#246 = DIRECTION('',(-0.173648177667,0.984807753012,0.));
#247 = ORIENTED_EDGE('',*,*,#248,.F.);
#248 = EDGE_CURVE('',#249,#240,#251,.T.);
#249 = VERTEX_POINT('',#250);
#250 = CARTESIAN_POINT('',(-0.906307787037,-0.422618261741,3.));
#251 = CIRCLE('',#252,8.723877473067E-02);
#252 = AXIS2_PLACEMENT_3D('',#253,#254,#255);
#253 = CARTESIAN_POINT('',(-0.939692620786,-0.342020143326,3.));
#254 = DIRECTION('',(0.,0.,1.));
#255 = DIRECTION('',(-0.5,0.866025403784,0.));
#256 = ORIENTED_EDGE('',*,*,#257,.T.);
#257 = EDGE_CURVE('',#249,#258,#260,.T.);
#258 = VERTEX_POINT('',#259);
#259 = CARTESIAN_POINT('',(-0.819152044289,-0.573576436351,3.));
#260 = CIRCLE('',#261,8.723877473067E-02);
#261 = AXIS2_PLACEMENT_3D('',#262,#263,#264);
#262 = CARTESIAN_POINT('',(-0.866025403784,-0.5,3.));
#263 = DIRECTION('',(0.,0.,1.));
#264 = DIRECTION('',(-0.5,0.866025403784,0.));
#265 = ORIENTED_EDGE('',*,*,#266,.F.);
#266 = EDGE_CURVE('',#267,#258,#269,.T.);
#267 = VERTEX_POINT('',#268);
#268 = CARTESIAN_POINT('',(-0.707106781187,-0.707106781187,3.));
#269 = CIRCLE('',#270,8.723877473067E-02);
#270 = AXIS2_PLACEMENT_3D('',#271,#272,#273);
#271 = CARTESIAN_POINT('',(-0.766044443119,-0.642787609687,3.));
#272 = DIRECTION('',(0.,0.,1.));
#273 = DIRECTION('',(-0.766044443119,0.642787609687,0.));
#274 = ORIENTED_EDGE('',*,*,#275,.T.);
#275 = EDGE_CURVE('',#267,#276,#278,.T.);
#276 = VERTEX_POINT('',#277);
#277 = CARTESIAN_POINT('',(-0.573576436351,-0.819152044289,3.));
#278 = CIRCLE('',#279,8.723877473067E-02);
#279 = AXIS2_PLACEMENT_3D('',#280,#281,#282);
#280 = CARTESIAN_POINT('',(-0.642787609687,-0.766044443119,3.));
#281 = DIRECTION('',(0.,0.,1.));
#282 = DIRECTION('',(-0.766044443119,0.642787609687,0.));
#283 = ORIENTED_EDGE('',*,*,#284,.F.);
#284 = EDGE_CURVE('',#285,#276,#287,.T.);
#285 = VERTEX_POINT('',#286);
#286 = CARTESIAN_POINT('',(-0.422618261741,-0.906307787037,3.));
#287 = CIRCLE('',#288,8.723877473067E-02);
#288 = AXIS2_PLACEMENT_3D('',#289,#290,#291);
#289 = CARTESIAN_POINT('',(-0.5,-0.866025403784,3.));
#290 = DIRECTION('',(0.,0.,1.));
#291 = DIRECTION('',(-0.939692620786,0.342020143326,0.));
#292 = ORIENTED_EDGE('',*,*,#293,.T.);
#293 = EDGE_CURVE('',#285,#294,#296,.T.);
#294 = VERTEX_POINT('',#295);
#295 = CARTESIAN_POINT('',(-0.258819045103,-0.965925826289,3.));
#296 = CIRCLE('',#297,8.723877473067E-02);
#297 = AXIS2_PLACEMENT_3D('',#298,#299,#300);
#298 = CARTESIAN_POINT('',(-0.342020143326,-0.939692620786,3.));
#299 = DIRECTION('',(0.,0.,1.));
#300 = DIRECTION('',(-0.939692620786,0.342020143326,0.));
#301 = ORIENTED_EDGE('',*,*,#302,.F.);
#302 = EDGE_CURVE('',#303,#294,#305,.T.);
#303 = VERTEX_POINT('',#304);
#304 = CARTESIAN_POINT('',(-8.715574274766E-02,-0.996194698092,3.));
#305 = CIRCLE('',#306,8.723877473067E-02);
#306 = AXIS2_PLACEMENT_3D('',#307,#308,#309);
#307 = CARTESIAN_POINT('',(-0.173648177667,-0.984807753012,3.));
#308 = DIRECTION('',(0.,0.,1.));
#309 = DIRECTION('',(-1.,-1.224646799147E-16,0.));
#310 = ORIENTED_EDGE('',*,*,#311,.T.);
#311 = EDGE_CURVE('',#303,#312,#314,.T.);
#312 = VERTEX_POINT('',#313);
#313 = CARTESIAN_POINT('',(8.715574274766E-02,-0.996194698092,3.));
#314 = CIRCLE('',#315,8.723877473067E-02);
#315 = AXIS2_PLACEMENT_3D('',#316,#317,#318);
#316 = CARTESIAN_POINT('',(2.186001404625E-18,-1.,3.));
#317 = DIRECTION('',(0.,0.,1.));
#318 = DIRECTION('',(-1.,-1.224646799147E-16,0.));
#319 = ORIENTED_EDGE('',*,*,#320,.F.);
#320 = EDGE_CURVE('',#321,#312,#323,.T.);
#321 = VERTEX_POINT('',#322);
#322 = CARTESIAN_POINT('',(0.258819045103,-0.965925826289,3.));
#323 = CIRCLE('',#324,8.723877473067E-02);
#324 = AXIS2_PLACEMENT_3D('',#325,#326,#327);
#325 = CARTESIAN_POINT('',(0.173648177667,-0.984807753012,3.));
#326 = DIRECTION('',(0.,0.,1.));
#327 = DIRECTION('',(-0.939692620786,-0.342020143326,0.));
#328 = ORIENTED_EDGE('',*,*,#329,.T.);
#329 = EDGE_CURVE('',#321,#330,#332,.T.);
#330 = VERTEX_POINT('',#331);
#331 = CARTESIAN_POINT('',(0.422618261741,-0.906307787037,3.));
#332 = CIRCLE('',#333,8.723877473067E-02);
#333 = AXIS2_PLACEMENT_3D('',#334,#335,#336);
#334 = CARTESIAN_POINT('',(0.342020143326,-0.939692620786,3.));
#335 = DIRECTION('',(0.,0.,1.));
#336 = DIRECTION('',(-0.939692620786,-0.342020143326,0.));
#337 = ORIENTED_EDGE('',*,*,#338,.F.);
#338 = EDGE_CURVE('',#339,#330,#341,.T.);
#339 = VERTEX_POINT('',#340);
#340 = CARTESIAN_POINT('',(0.573576436351,-0.819152044289,3.));
#341 = CIRCLE('',#342,8.723877473067E-02);
#342 = AXIS2_PLACEMENT_3D('',#343,#344,#345);
#343 = CARTESIAN_POINT('',(0.5,-0.866025403784,3.));
#344 = DIRECTION('',(0.,0.,1.));
#345 = DIRECTION('',(-0.766044443119,-0.642787609687,0.));
#346 = ORIENTED_EDGE('',*,*,#347,.T.);
#347 = EDGE_CURVE('',#339,#348,#350,.T.);
#348 = VERTEX_POINT('',#349);
#349 = CARTESIAN_POINT('',(0.707106781187,-0.707106781187,3.));
#350 = CIRCLE('',#351,8.723877473067E-02);
#351 = AXIS2_PLACEMENT_3D('',#352,#353,#354);
#352 = CARTESIAN_POINT('',(0.642787609687,-0.766044443119,3.));
#353 = DIRECTION('',(0.,0.,1.));
#354 = DIRECTION('',(-0.766044443119,-0.642787609687,0.));
#355 = ORIENTED_EDGE('',*,*,#356,.F.);
#356 = EDGE_CURVE('',#357,#348,#359,.T.);
#357 = VERTEX_POINT('',#358);
#358 = CARTESIAN_POINT('',(0.819152044289,-0.573576436351,3.));
#359 = CIRCLE('',#360,8.723877473067E-02);
#360 = AXIS2_PLACEMENT_3D('',#361,#362,#363);
#361 = CARTESIAN_POINT('',(0.766044443119,-0.642787609687,3.));
#362 = DIRECTION('',(0.,0.,1.));
#363 = DIRECTION('',(-0.5,-0.866025403784,0.));
#364 = ORIENTED_EDGE('',*,*,#365,.T.);
#365 = EDGE_CURVE('',#357,#366,#368,.T.);
#366 = VERTEX_POINT('',#367);
#367 = CARTESIAN_POINT('',(0.906307787037,-0.422618261741,3.));
#368 = CIRCLE('',#369,8.723877473067E-02);
#369 = AXIS2_PLACEMENT_3D('',#370,#371,#372);
#370 = CARTESIAN_POINT('',(0.866025403784,-0.5,3.));
#371 = DIRECTION('',(0.,0.,1.));
#372 = DIRECTION('',(-0.5,-0.866025403784,0.));
#373 = ORIENTED_EDGE('',*,*,#374,.F.);
#374 = EDGE_CURVE('',#375,#366,#377,.T.);
#375 = VERTEX_POINT('',#376);
#376 = CARTESIAN_POINT('',(0.965925826289,-0.258819045103,3.));
#377 = CIRCLE('',#378,8.723877473067E-02);
#378 = AXIS2_PLACEMENT_3D('',#379,#380,#381);
#379 = CARTESIAN_POINT('',(0.939692620786,-0.342020143326,3.));
#380 = DIRECTION('',(0.,0.,1.));
#381 = DIRECTION('',(-0.173648177667,-0.984807753012,0.));
#382 = ORIENTED_EDGE('',*,*,#383,.T.);
#383 = EDGE_CURVE('',#375,#384,#386,.T.);
#384 = VERTEX_POINT('',#385);
#385 = CARTESIAN_POINT('',(0.996194698092,-8.715574274766E-02,3.));
#386 = CIRCLE('',#387,8.723877473067E-02);
#387 = AXIS2_PLACEMENT_3D('',#388,#389,#390);
#388 = CARTESIAN_POINT('',(0.984807753012,-0.173648177667,3.));
#389 = DIRECTION('',(0.,0.,1.));
#390 = DIRECTION('',(-0.173648177667,-0.984807753012,0.));
#391 = ORIENTED_EDGE('',*,*,#392,.F.);
#392 = EDGE_CURVE('',#393,#384,#395,.T.);
#393 = VERTEX_POINT('',#394);
#394 = CARTESIAN_POINT('',(0.996194698092,8.715574274766E-02,3.));
#395 = CIRCLE('',#396,8.723877473067E-02);
#396 = AXIS2_PLACEMENT_3D('',#397,#398,#399);
#397 = CARTESIAN_POINT('',(1.,4.607859233063E-16,3.));
#398 = DIRECTION('',(0.,0.,1.));
#399 = DIRECTION('',(0.173648177667,-0.984807753012,0.));
#400 = ORIENTED_EDGE('',*,*,#401,.T.);
#401 = EDGE_CURVE('',#393,#402,#404,.T.);
#402 = VERTEX_POINT('',#403);
#403 = CARTESIAN_POINT('',(0.965925826289,0.258819045103,3.));
#404 = CIRCLE('',#405,8.723877473067E-02);
#405 = AXIS2_PLACEMENT_3D('',#406,#407,#408);
#406 = CARTESIAN_POINT('',(0.984807753012,0.173648177667,3.));
#407 = DIRECTION('',(0.,0.,1.));
#408 = DIRECTION('',(0.173648177667,-0.984807753012,0.));
#409 = ORIENTED_EDGE('',*,*,#410,.F.);
#410 = EDGE_CURVE('',#411,#402,#413,.T.);
#411 = VERTEX_POINT('',#412);
#412 = CARTESIAN_POINT('',(0.906307787037,0.422618261741,3.));
#413 = CIRCLE('',#414,8.723877473067E-02);
#414 = AXIS2_PLACEMENT_3D('',#415,#416,#417);
#415 = CARTESIAN_POINT('',(0.939692620786,0.342020143326,3.));
#416 = DIRECTION('',(0.,0.,1.));
#417 = DIRECTION('',(0.5,-0.866025403784,0.));
#418 = ORIENTED_EDGE('',*,*,#419,.T.);
#419 = EDGE_CURVE('',#411,#420,#422,.T.);
#420 = VERTEX_POINT('',#421);
#421 = CARTESIAN_POINT('',(0.819152044289,0.573576436351,3.));
#422 = CIRCLE('',#423,8.723877473067E-02);
#423 = AXIS2_PLACEMENT_3D('',#424,#425,#426);
#424 = CARTESIAN_POINT('',(0.866025403784,0.5,3.));
#425 = DIRECTION('',(0.,0.,1.));
#426 = DIRECTION('',(0.5,-0.866025403784,0.));
#427 = ORIENTED_EDGE('',*,*,#428,.F.);
#428 = EDGE_CURVE('',#429,#420,#431,.T.);
#429 = VERTEX_POINT('',#430);
#430 = CARTESIAN_POINT('',(0.707106781187,0.707106781187,3.));
#431 = CIRCLE('',#432,8.723877473067E-02);
#432 = AXIS2_PLACEMENT_3D('',#433,#434,#435);
#433 = CARTESIAN_POINT('',(0.766044443119,0.642787609687,3.));
#434 = DIRECTION('',(0.,0.,1.));
#435 = DIRECTION('',(0.766044443119,-0.642787609687,0.));
#436 = ORIENTED_EDGE('',*,*,#437,.T.);
#437 = EDGE_CURVE('',#429,#438,#440,.T.);
#438 = VERTEX_POINT('',#439);
#439 = CARTESIAN_POINT('',(0.573576436351,0.819152044289,3.));
#440 = CIRCLE('',#441,8.723877473067E-02);
#441 = AXIS2_PLACEMENT_3D('',#442,#443,#444);
#442 = CARTESIAN_POINT('',(0.642787609687,0.766044443119,3.));
#443 = DIRECTION('',(0.,0.,1.));
#444 = DIRECTION('',(0.766044443119,-0.642787609687,0.));
#445 = ORIENTED_EDGE('',*,*,#446,.F.);
#446 = EDGE_CURVE('',#447,#438,#449,.T.);
#447 = VERTEX_POINT('',#448);
#448 = CARTESIAN_POINT('',(0.422618261741,0.906307787037,3.));
#449 = CIRCLE('',#450,8.723877473067E-02);
#450 = AXIS2_PLACEMENT_3D('',#451,#452,#453);
#451 = CARTESIAN_POINT('',(0.5,0.866025403784,3.));
#452 = DIRECTION('',(0.,0.,1.));
#453 = DIRECTION('',(0.939692620786,-0.342020143326,0.));
#454 = ORIENTED_EDGE('',*,*,#455,.T.);
#455 = EDGE_CURVE('',#447,#48,#456,.T.);
#456 = CIRCLE('',#457,8.723877473067E-02);
#457 = AXIS2_PLACEMENT_3D('',#458,#459,#460);
#458 = CARTESIAN_POINT('',(0.342020143326,0.939692620786,3.));
#459 = DIRECTION('',(0.,0.,1.));
#460 = DIRECTION('',(0.939692620786,-0.342020143326,0.));
#461 = ORIENTED_EDGE('',*,*,#57,.F.);
#462 = ORIENTED_EDGE('',*,*,#106,.T.);
#463 = PLANE('',#464);
#464 = AXIS2_PLACEMENT_3D('',#465,#466,#467);
#465 = CARTESIAN_POINT('',(0.,4.361938736534E-02,3.));
#466 = DIRECTION('',(0.,0.,1.));
#467 = DIRECTION('',(1.,0.,-0.));
#468 = ADVANCED_FACE('',(#469),#495,.F.);
#469 = FACE_BOUND('',#470,.F.);
#470 = EDGE_LOOP('',(#471,#479,#480,#488));
#471 = ORIENTED_EDGE('',*,*,#472,.F.);
#472 = EDGE_CURVE('',#438,#473,#475,.T.);
#473 = VERTEX_POINT('',#474);
#474 = CARTESIAN_POINT('',(0.573576436351,0.819152044289,1.9));
#475 = LINE('',#476,#477);
#476 = CARTESIAN_POINT('',(0.573576436351,0.819152044289,3.));
#477 = VECTOR('',#478,1.);
#478 = DIRECTION('',(0.,0.,-1.));
#479 = ORIENTED_EDGE('',*,*,#446,.F.);
#480 = ORIENTED_EDGE('',*,*,#481,.T.);
#481 = EDGE_CURVE('',#447,#482,#484,.T.);
#482 = VERTEX_POINT('',#483);
#483 = CARTESIAN_POINT('',(0.422618261741,0.906307787037,1.9));
#484 = LINE('',#485,#486);
#485 = CARTESIAN_POINT('',(0.422618261741,0.906307787037,3.));
#486 = VECTOR('',#487,1.);
#487 = DIRECTION('',(0.,0.,-1.));
#488 = ORIENTED_EDGE('',*,*,#489,.T.);
#489 = EDGE_CURVE('',#482,#473,#490,.T.);
#490 = CIRCLE('',#491,8.723877473067E-02);
#491 = AXIS2_PLACEMENT_3D('',#492,#493,#494);
#492 = CARTESIAN_POINT('',(0.5,0.866025403784,1.9));
#493 = DIRECTION('',(0.,0.,1.));
#494 = DIRECTION('',(1.,0.,-0.));
#495 = CYLINDRICAL_SURFACE('',#496,8.723877473067E-02);
#496 = AXIS2_PLACEMENT_3D('',#497,#498,#499);
#497 = CARTESIAN_POINT('',(0.5,0.866025403784,3.));
#498 = DIRECTION('',(0.,0.,-1.));
#499 = DIRECTION('',(-0.939692620786,0.342020143326,0.));
#500 = ADVANCED_FACE('',(#501),#513,.T.);
#501 = FACE_BOUND('',#502,.T.);
#502 = EDGE_LOOP('',(#503,#510,#511,#512));
#503 = ORIENTED_EDGE('',*,*,#504,.T.);
#504 = EDGE_CURVE('',#482,#50,#505,.T.);
#505 = CIRCLE('',#506,8.723877473067E-02);
#506 = AXIS2_PLACEMENT_3D('',#507,#508,#509);
#507 = CARTESIAN_POINT('',(0.342020143326,0.939692620786,1.9));
#508 = DIRECTION('',(0.,0.,1.));
#509 = DIRECTION('',(1.,0.,-0.));
#510 = ORIENTED_EDGE('',*,*,#47,.F.);
#511 = ORIENTED_EDGE('',*,*,#455,.F.);
#512 = ORIENTED_EDGE('',*,*,#481,.T.);
#513 = CYLINDRICAL_SURFACE('',#514,8.723877473067E-02);
#514 = AXIS2_PLACEMENT_3D('',#515,#516,#517);
#515 = CARTESIAN_POINT('',(0.342020143326,0.939692620786,3.));
#516 = DIRECTION('',(0.,0.,-1.));
#517 = DIRECTION('',(-0.939692620786,0.342020143326,0.));
#518 = ADVANCED_FACE('',(#519),#545,.F.);
#519 = FACE_BOUND('',#520,.F.);
#520 = EDGE_LOOP('',(#521,#529,#530,#538));
#521 = ORIENTED_EDGE('',*,*,#522,.F.);
#522 = EDGE_CURVE('',#420,#523,#525,.T.);
#523 = VERTEX_POINT('',#524);
#524 = CARTESIAN_POINT('',(0.819152044289,0.573576436351,1.9));
#525 = LINE('',#526,#527);
#526 = CARTESIAN_POINT('',(0.819152044289,0.573576436351,3.));
#527 = VECTOR('',#528,1.);
#528 = DIRECTION('',(0.,0.,-1.));
#529 = ORIENTED_EDGE('',*,*,#428,.F.);
#530 = ORIENTED_EDGE('',*,*,#531,.T.);
#531 = EDGE_CURVE('',#429,#532,#534,.T.);
#532 = VERTEX_POINT('',#533);
#533 = CARTESIAN_POINT('',(0.707106781187,0.707106781187,1.9));
#534 = LINE('',#535,#536);
#535 = CARTESIAN_POINT('',(0.707106781187,0.707106781187,3.));
#536 = VECTOR('',#537,1.);
#537 = DIRECTION('',(0.,0.,-1.));
#538 = ORIENTED_EDGE('',*,*,#539,.T.);
#539 = EDGE_CURVE('',#532,#523,#540,.T.);
#540 = CIRCLE('',#541,8.723877473067E-02);
#541 = AXIS2_PLACEMENT_3D('',#542,#543,#544);
#542 = CARTESIAN_POINT('',(0.766044443119,0.642787609687,1.9));
#543 = DIRECTION('',(0.,0.,1.));
#544 = DIRECTION('',(1.,0.,-0.));
#545 = CYLINDRICAL_SURFACE('',#546,8.723877473067E-02);
#546 = AXIS2_PLACEMENT_3D('',#547,#548,#549);
#547 = CARTESIAN_POINT('',(0.766044443119,0.642787609687,3.));
#548 = DIRECTION('',(0.,0.,-1.));
#549 = DIRECTION('',(-0.766044443119,0.642787609687,0.));
#550 = ADVANCED_FACE('',(#551),#563,.T.);
#551 = FACE_BOUND('',#552,.T.);
#552 = EDGE_LOOP('',(#553,#560,#561,#562));
#553 = ORIENTED_EDGE('',*,*,#554,.T.);
#554 = EDGE_CURVE('',#532,#473,#555,.T.);
#555 = CIRCLE('',#556,8.723877473067E-02);
#556 = AXIS2_PLACEMENT_3D('',#557,#558,#559);
#557 = CARTESIAN_POINT('',(0.642787609687,0.766044443119,1.9));
#558 = DIRECTION('',(0.,0.,1.));
#559 = DIRECTION('',(1.,0.,-0.));
#560 = ORIENTED_EDGE('',*,*,#472,.F.);
#561 = ORIENTED_EDGE('',*,*,#437,.F.);
#562 = ORIENTED_EDGE('',*,*,#531,.T.);
#563 = CYLINDRICAL_SURFACE('',#564,8.723877473067E-02);
#564 = AXIS2_PLACEMENT_3D('',#565,#566,#567);
#565 = CARTESIAN_POINT('',(0.642787609687,0.766044443119,3.));
#566 = DIRECTION('',(0.,0.,-1.));
#567 = DIRECTION('',(-0.766044443119,0.642787609687,0.));
#568 = ADVANCED_FACE('',(#569),#595,.F.);
#569 = FACE_BOUND('',#570,.F.);
#570 = EDGE_LOOP('',(#571,#579,#580,#588));
#571 = ORIENTED_EDGE('',*,*,#572,.F.);
#572 = EDGE_CURVE('',#402,#573,#575,.T.);
#573 = VERTEX_POINT('',#574);
#574 = CARTESIAN_POINT('',(0.965925826289,0.258819045103,1.9));
#575 = LINE('',#576,#577);
#576 = CARTESIAN_POINT('',(0.965925826289,0.258819045103,3.));
#577 = VECTOR('',#578,1.);
#578 = DIRECTION('',(0.,0.,-1.));
#579 = ORIENTED_EDGE('',*,*,#410,.F.);
#580 = ORIENTED_EDGE('',*,*,#581,.T.);
#581 = EDGE_CURVE('',#411,#582,#584,.T.);
#582 = VERTEX_POINT('',#583);
#583 = CARTESIAN_POINT('',(0.906307787037,0.422618261741,1.9));
#584 = LINE('',#585,#586);
#585 = CARTESIAN_POINT('',(0.906307787037,0.422618261741,3.));
#586 = VECTOR('',#587,1.);
#587 = DIRECTION('',(0.,0.,-1.));
#588 = ORIENTED_EDGE('',*,*,#589,.T.);
#589 = EDGE_CURVE('',#582,#573,#590,.T.);
#590 = CIRCLE('',#591,8.723877473067E-02);
#591 = AXIS2_PLACEMENT_3D('',#592,#593,#594);
#592 = CARTESIAN_POINT('',(0.939692620786,0.342020143326,1.9));
#593 = DIRECTION('',(0.,0.,1.));
#594 = DIRECTION('',(1.,0.,-0.));
#595 = CYLINDRICAL_SURFACE('',#596,8.723877473067E-02);
#596 = AXIS2_PLACEMENT_3D('',#597,#598,#599);
#597 = CARTESIAN_POINT('',(0.939692620786,0.342020143326,3.));
#598 = DIRECTION('',(0.,0.,-1.));
#599 = DIRECTION('',(-0.5,0.866025403784,0.));
#600 = ADVANCED_FACE('',(#601),#613,.T.);
#601 = FACE_BOUND('',#602,.T.);
#602 = EDGE_LOOP('',(#603,#610,#611,#612));
#603 = ORIENTED_EDGE('',*,*,#604,.T.);
#604 = EDGE_CURVE('',#582,#523,#605,.T.);
#605 = CIRCLE('',#606,8.723877473067E-02);
#606 = AXIS2_PLACEMENT_3D('',#607,#608,#609);
#607 = CARTESIAN_POINT('',(0.866025403784,0.5,1.9));
#608 = DIRECTION('',(0.,0.,1.));
#609 = DIRECTION('',(1.,0.,-0.));
#610 = ORIENTED_EDGE('',*,*,#522,.F.);
#611 = ORIENTED_EDGE('',*,*,#419,.F.);
#612 = ORIENTED_EDGE('',*,*,#581,.T.);
#613 = CYLINDRICAL_SURFACE('',#614,8.723877473067E-02);
#614 = AXIS2_PLACEMENT_3D('',#615,#616,#617);
#615 = CARTESIAN_POINT('',(0.866025403784,0.5,3.));
#616 = DIRECTION('',(0.,0.,-1.));
#617 = DIRECTION('',(-0.5,0.866025403784,0.));
#618 = ADVANCED_FACE('',(#619),#645,.F.);
#619 = FACE_BOUND('',#620,.F.);
#620 = EDGE_LOOP('',(#621,#629,#630,#638));
#621 = ORIENTED_EDGE('',*,*,#622,.F.);
#622 = EDGE_CURVE('',#384,#623,#625,.T.);
#623 = VERTEX_POINT('',#624);
#624 = CARTESIAN_POINT('',(0.996194698092,-8.715574274766E-02,1.9));
#625 = LINE('',#626,#627);
#626 = CARTESIAN_POINT('',(0.996194698092,-8.715574274766E-02,3.));
#627 = VECTOR('',#628,1.);
#628 = DIRECTION('',(0.,0.,-1.));
#629 = ORIENTED_EDGE('',*,*,#392,.F.);
#630 = ORIENTED_EDGE('',*,*,#631,.T.);
#631 = EDGE_CURVE('',#393,#632,#634,.T.);
#632 = VERTEX_POINT('',#633);
#633 = CARTESIAN_POINT('',(0.996194698092,8.715574274766E-02,1.9));
#634 = LINE('',#635,#636);
#635 = CARTESIAN_POINT('',(0.996194698092,8.715574274766E-02,3.));
#636 = VECTOR('',#637,1.);
#637 = DIRECTION('',(0.,0.,-1.));
#638 = ORIENTED_EDGE('',*,*,#639,.T.);
#639 = EDGE_CURVE('',#632,#623,#640,.T.);
#640 = CIRCLE('',#641,8.723877473067E-02);
#641 = AXIS2_PLACEMENT_3D('',#642,#643,#644);
#642 = CARTESIAN_POINT('',(1.,4.607859233063E-16,1.9));
#643 = DIRECTION('',(0.,0.,1.));
#644 = DIRECTION('',(1.,0.,-0.));
#645 = CYLINDRICAL_SURFACE('',#646,8.723877473067E-02);
#646 = AXIS2_PLACEMENT_3D('',#647,#648,#649);
#647 = CARTESIAN_POINT('',(1.,4.607859233063E-16,3.));
#648 = DIRECTION('',(0.,0.,-1.));
#649 = DIRECTION('',(-0.173648177667,0.984807753012,0.));
#650 = ADVANCED_FACE('',(#651),#663,.T.);
#651 = FACE_BOUND('',#652,.T.);
#652 = EDGE_LOOP('',(#653,#660,#661,#662));
#653 = ORIENTED_EDGE('',*,*,#654,.T.);
#654 = EDGE_CURVE('',#632,#573,#655,.T.);
#655 = CIRCLE('',#656,8.723877473067E-02);
#656 = AXIS2_PLACEMENT_3D('',#657,#658,#659);
#657 = CARTESIAN_POINT('',(0.984807753012,0.173648177667,1.9));
#658 = DIRECTION('',(0.,0.,1.));
#659 = DIRECTION('',(1.,0.,-0.));
#660 = ORIENTED_EDGE('',*,*,#572,.F.);
#661 = ORIENTED_EDGE('',*,*,#401,.F.);
#662 = ORIENTED_EDGE('',*,*,#631,.T.);
#663 = CYLINDRICAL_SURFACE('',#664,8.723877473067E-02);
#664 = AXIS2_PLACEMENT_3D('',#665,#666,#667);
#665 = CARTESIAN_POINT('',(0.984807753012,0.173648177667,3.));
#666 = DIRECTION('',(0.,0.,-1.));
#667 = DIRECTION('',(-0.173648177667,0.984807753012,0.));
#668 = ADVANCED_FACE('',(#669),#695,.F.);
#669 = FACE_BOUND('',#670,.F.);
#670 = EDGE_LOOP('',(#671,#679,#680,#688));
#671 = ORIENTED_EDGE('',*,*,#672,.F.);
#672 = EDGE_CURVE('',#366,#673,#675,.T.);
#673 = VERTEX_POINT('',#674);
#674 = CARTESIAN_POINT('',(0.906307787037,-0.422618261741,1.9));
#675 = LINE('',#676,#677);
#676 = CARTESIAN_POINT('',(0.906307787037,-0.422618261741,3.));
#677 = VECTOR('',#678,1.);
#678 = DIRECTION('',(0.,0.,-1.));
#679 = ORIENTED_EDGE('',*,*,#374,.F.);
#680 = ORIENTED_EDGE('',*,*,#681,.T.);
#681 = EDGE_CURVE('',#375,#682,#684,.T.);
#682 = VERTEX_POINT('',#683);
#683 = CARTESIAN_POINT('',(0.965925826289,-0.258819045103,1.9));
#684 = LINE('',#685,#686);
#685 = CARTESIAN_POINT('',(0.965925826289,-0.258819045103,3.));
#686 = VECTOR('',#687,1.);
#687 = DIRECTION('',(0.,0.,-1.));
#688 = ORIENTED_EDGE('',*,*,#689,.T.);
#689 = EDGE_CURVE('',#682,#673,#690,.T.);
#690 = CIRCLE('',#691,8.723877473067E-02);
#691 = AXIS2_PLACEMENT_3D('',#692,#693,#694);
#692 = CARTESIAN_POINT('',(0.939692620786,-0.342020143326,1.9));
#693 = DIRECTION('',(0.,0.,1.));
#694 = DIRECTION('',(1.,0.,-0.));
#695 = CYLINDRICAL_SURFACE('',#696,8.723877473067E-02);
#696 = AXIS2_PLACEMENT_3D('',#697,#698,#699);
#697 = CARTESIAN_POINT('',(0.939692620786,-0.342020143326,3.));
#698 = DIRECTION('',(0.,0.,-1.));
#699 = DIRECTION('',(0.173648177667,0.984807753012,0.));
#700 = ADVANCED_FACE('',(#701),#713,.T.);
#701 = FACE_BOUND('',#702,.T.);
#702 = EDGE_LOOP('',(#703,#710,#711,#712));
#703 = ORIENTED_EDGE('',*,*,#704,.T.);
#704 = EDGE_CURVE('',#682,#623,#705,.T.);
#705 = CIRCLE('',#706,8.723877473067E-02);
#706 = AXIS2_PLACEMENT_3D('',#707,#708,#709);
#707 = CARTESIAN_POINT('',(0.984807753012,-0.173648177667,1.9));
#708 = DIRECTION('',(0.,0.,1.));
#709 = DIRECTION('',(1.,0.,-0.));
#710 = ORIENTED_EDGE('',*,*,#622,.F.);
#711 = ORIENTED_EDGE('',*,*,#383,.F.);
#712 = ORIENTED_EDGE('',*,*,#681,.T.);
#713 = CYLINDRICAL_SURFACE('',#714,8.723877473067E-02);
#714 = AXIS2_PLACEMENT_3D('',#715,#716,#717);
#715 = CARTESIAN_POINT('',(0.984807753012,-0.173648177667,3.));
#716 = DIRECTION('',(0.,0.,-1.));
#717 = DIRECTION('',(0.173648177667,0.984807753012,0.));
#718 = ADVANCED_FACE('',(#719),#745,.F.);
#719 = FACE_BOUND('',#720,.F.);
#720 = EDGE_LOOP('',(#721,#729,#730,#738));
#721 = ORIENTED_EDGE('',*,*,#722,.F.);
#722 = EDGE_CURVE('',#348,#723,#725,.T.);
#723 = VERTEX_POINT('',#724);
#724 = CARTESIAN_POINT('',(0.707106781187,-0.707106781187,1.9));
#725 = LINE('',#726,#727);
#726 = CARTESIAN_POINT('',(0.707106781187,-0.707106781187,3.));
#727 = VECTOR('',#728,1.);
#728 = DIRECTION('',(0.,0.,-1.));
#729 = ORIENTED_EDGE('',*,*,#356,.F.);
#730 = ORIENTED_EDGE('',*,*,#731,.T.);
#731 = EDGE_CURVE('',#357,#732,#734,.T.);
#732 = VERTEX_POINT('',#733);
#733 = CARTESIAN_POINT('',(0.819152044289,-0.573576436351,1.9));
#734 = LINE('',#735,#736);
#735 = CARTESIAN_POINT('',(0.819152044289,-0.573576436351,3.));
#736 = VECTOR('',#737,1.);
#737 = DIRECTION('',(0.,0.,-1.));
#738 = ORIENTED_EDGE('',*,*,#739,.T.);
#739 = EDGE_CURVE('',#732,#723,#740,.T.);
#740 = CIRCLE('',#741,8.723877473067E-02);
#741 = AXIS2_PLACEMENT_3D('',#742,#743,#744);
#742 = CARTESIAN_POINT('',(0.766044443119,-0.642787609687,1.9));
#743 = DIRECTION('',(0.,0.,1.));
#744 = DIRECTION('',(1.,0.,-0.));
#745 = CYLINDRICAL_SURFACE('',#746,8.723877473067E-02);
#746 = AXIS2_PLACEMENT_3D('',#747,#748,#749);
#747 = CARTESIAN_POINT('',(0.766044443119,-0.642787609687,3.));
#748 = DIRECTION('',(0.,0.,-1.));
#749 = DIRECTION('',(0.5,0.866025403784,0.));
#750 = ADVANCED_FACE('',(#751),#763,.T.);
#751 = FACE_BOUND('',#752,.T.);
#752 = EDGE_LOOP('',(#753,#760,#761,#762));
#753 = ORIENTED_EDGE('',*,*,#754,.T.);
#754 = EDGE_CURVE('',#732,#673,#755,.T.);
#755 = CIRCLE('',#756,8.723877473067E-02);
#756 = AXIS2_PLACEMENT_3D('',#757,#758,#759);
#757 = CARTESIAN_POINT('',(0.866025403784,-0.5,1.9));
#758 = DIRECTION('',(0.,0.,1.));
#759 = DIRECTION('',(1.,0.,-0.));
#760 = ORIENTED_EDGE('',*,*,#672,.F.);
#761 = ORIENTED_EDGE('',*,*,#365,.F.);
#762 = ORIENTED_EDGE('',*,*,#731,.T.);
#763 = CYLINDRICAL_SURFACE('',#764,8.723877473067E-02);
#764 = AXIS2_PLACEMENT_3D('',#765,#766,#767);
#765 = CARTESIAN_POINT('',(0.866025403784,-0.5,3.));
#766 = DIRECTION('',(0.,0.,-1.));
#767 = DIRECTION('',(0.5,0.866025403784,0.));
#768 = ADVANCED_FACE('',(#769),#795,.F.);
#769 = FACE_BOUND('',#770,.F.);
#770 = EDGE_LOOP('',(#771,#779,#780,#788));
#771 = ORIENTED_EDGE('',*,*,#772,.F.);
#772 = EDGE_CURVE('',#330,#773,#775,.T.);
#773 = VERTEX_POINT('',#774);
#774 = CARTESIAN_POINT('',(0.422618261741,-0.906307787037,1.9));
#775 = LINE('',#776,#777);
#776 = CARTESIAN_POINT('',(0.422618261741,-0.906307787037,3.));
#777 = VECTOR('',#778,1.);
#778 = DIRECTION('',(0.,0.,-1.));
#779 = ORIENTED_EDGE('',*,*,#338,.F.);
#780 = ORIENTED_EDGE('',*,*,#781,.T.);
#781 = EDGE_CURVE('',#339,#782,#784,.T.);
#782 = VERTEX_POINT('',#783);
#783 = CARTESIAN_POINT('',(0.573576436351,-0.819152044289,1.9));
#784 = LINE('',#785,#786);
#785 = CARTESIAN_POINT('',(0.573576436351,-0.819152044289,3.));
#786 = VECTOR('',#787,1.);
#787 = DIRECTION('',(0.,0.,-1.));
#788 = ORIENTED_EDGE('',*,*,#789,.T.);
#789 = EDGE_CURVE('',#782,#773,#790,.T.);
#790 = CIRCLE('',#791,8.723877473067E-02);
#791 = AXIS2_PLACEMENT_3D('',#792,#793,#794);
#792 = CARTESIAN_POINT('',(0.5,-0.866025403784,1.9));
#793 = DIRECTION('',(0.,0.,1.));
#794 = DIRECTION('',(1.,0.,-0.));
#795 = CYLINDRICAL_SURFACE('',#796,8.723877473067E-02);
#796 = AXIS2_PLACEMENT_3D('',#797,#798,#799);
#797 = CARTESIAN_POINT('',(0.5,-0.866025403784,3.));
#798 = DIRECTION('',(0.,0.,-1.));
#799 = DIRECTION('',(0.766044443119,0.642787609687,0.));
#800 = ADVANCED_FACE('',(#801),#813,.T.);
#801 = FACE_BOUND('',#802,.T.);
#802 = EDGE_LOOP('',(#803,#810,#811,#812));
#803 = ORIENTED_EDGE('',*,*,#804,.T.);
#804 = EDGE_CURVE('',#782,#723,#805,.T.);
#805 = CIRCLE('',#806,8.723877473067E-02);
#806 = AXIS2_PLACEMENT_3D('',#807,#808,#809);
#807 = CARTESIAN_POINT('',(0.642787609687,-0.766044443119,1.9));
#808 = DIRECTION('',(0.,0.,1.));
#809 = DIRECTION('',(1.,0.,-0.));
#810 = ORIENTED_EDGE('',*,*,#722,.F.);
#811 = ORIENTED_EDGE('',*,*,#347,.F.);
#812 = ORIENTED_EDGE('',*,*,#781,.T.);
#813 = CYLINDRICAL_SURFACE('',#814,8.723877473067E-02);
#814 = AXIS2_PLACEMENT_3D('',#815,#816,#817);
#815 = CARTESIAN_POINT('',(0.642787609687,-0.766044443119,3.));
#816 = DIRECTION('',(0.,0.,-1.));
#817 = DIRECTION('',(0.766044443119,0.642787609687,0.));
#818 = ADVANCED_FACE('',(#819),#845,.F.);
#819 = FACE_BOUND('',#820,.F.);
#820 = EDGE_LOOP('',(#821,#829,#830,#838));
#821 = ORIENTED_EDGE('',*,*,#822,.F.);
#822 = EDGE_CURVE('',#312,#823,#825,.T.);
#823 = VERTEX_POINT('',#824);
#824 = CARTESIAN_POINT('',(8.715574274766E-02,-0.996194698092,1.9));
#825 = LINE('',#826,#827);
#826 = CARTESIAN_POINT('',(8.715574274766E-02,-0.996194698092,3.));
#827 = VECTOR('',#828,1.);
#828 = DIRECTION('',(0.,0.,-1.));
#829 = ORIENTED_EDGE('',*,*,#320,.F.);
#830 = ORIENTED_EDGE('',*,*,#831,.T.);
#831 = EDGE_CURVE('',#321,#832,#834,.T.);
#832 = VERTEX_POINT('',#833);
#833 = CARTESIAN_POINT('',(0.258819045103,-0.965925826289,1.9));
#834 = LINE('',#835,#836);
#835 = CARTESIAN_POINT('',(0.258819045103,-0.965925826289,3.));
#836 = VECTOR('',#837,1.);
#837 = DIRECTION('',(0.,0.,-1.));
#838 = ORIENTED_EDGE('',*,*,#839,.T.);
#839 = EDGE_CURVE('',#832,#823,#840,.T.);
#840 = CIRCLE('',#841,8.723877473067E-02);
#841 = AXIS2_PLACEMENT_3D('',#842,#843,#844);
#842 = CARTESIAN_POINT('',(0.173648177667,-0.984807753012,1.9));
#843 = DIRECTION('',(0.,0.,1.));
#844 = DIRECTION('',(1.,0.,-0.));
#845 = CYLINDRICAL_SURFACE('',#846,8.723877473067E-02);
#846 = AXIS2_PLACEMENT_3D('',#847,#848,#849);
#847 = CARTESIAN_POINT('',(0.173648177667,-0.984807753012,3.));
#848 = DIRECTION('',(0.,0.,-1.));
#849 = DIRECTION('',(0.939692620786,0.342020143326,0.));
#850 = ADVANCED_FACE('',(#851),#863,.T.);
#851 = FACE_BOUND('',#852,.T.);
#852 = EDGE_LOOP('',(#853,#860,#861,#862));
#853 = ORIENTED_EDGE('',*,*,#854,.T.);
#854 = EDGE_CURVE('',#832,#773,#855,.T.);
#855 = CIRCLE('',#856,8.723877473067E-02);
#856 = AXIS2_PLACEMENT_3D('',#857,#858,#859);
#857 = CARTESIAN_POINT('',(0.342020143326,-0.939692620786,1.9));
#858 = DIRECTION('',(0.,0.,1.));
#859 = DIRECTION('',(1.,0.,-0.));
#860 = ORIENTED_EDGE('',*,*,#772,.F.);
#861 = ORIENTED_EDGE('',*,*,#329,.F.);
#862 = ORIENTED_EDGE('',*,*,#831,.T.);
#863 = CYLINDRICAL_SURFACE('',#864,8.723877473067E-02);
#864 = AXIS2_PLACEMENT_3D('',#865,#866,#867);
#865 = CARTESIAN_POINT('',(0.342020143326,-0.939692620786,3.));
#866 = DIRECTION('',(0.,0.,-1.));
#867 = DIRECTION('',(0.939692620786,0.342020143326,0.));
#868 = ADVANCED_FACE('',(#869),#895,.F.);
#869 = FACE_BOUND('',#870,.F.);
#870 = EDGE_LOOP('',(#871,#879,#880,#888));
#871 = ORIENTED_EDGE('',*,*,#872,.F.);
#872 = EDGE_CURVE('',#294,#873,#875,.T.);
#873 = VERTEX_POINT('',#874);
#874 = CARTESIAN_POINT('',(-0.258819045103,-0.965925826289,1.9));
#875 = LINE('',#876,#877);
#876 = CARTESIAN_POINT('',(-0.258819045103,-0.965925826289,3.));
#877 = VECTOR('',#878,1.);
#878 = DIRECTION('',(0.,0.,-1.));
#879 = ORIENTED_EDGE('',*,*,#302,.F.);
#880 = ORIENTED_EDGE('',*,*,#881,.T.);
#881 = EDGE_CURVE('',#303,#882,#884,.T.);
#882 = VERTEX_POINT('',#883);
#883 = CARTESIAN_POINT('',(-8.715574274766E-02,-0.996194698092,1.9));
#884 = LINE('',#885,#886);
#885 = CARTESIAN_POINT('',(-8.715574274766E-02,-0.996194698092,3.));
#886 = VECTOR('',#887,1.);
#887 = DIRECTION('',(0.,0.,-1.));
#888 = ORIENTED_EDGE('',*,*,#889,.T.);
#889 = EDGE_CURVE('',#882,#873,#890,.T.);
#890 = CIRCLE('',#891,8.723877473067E-02);
#891 = AXIS2_PLACEMENT_3D('',#892,#893,#894);
#892 = CARTESIAN_POINT('',(-0.173648177667,-0.984807753012,1.9));
#893 = DIRECTION('',(0.,0.,1.));
#894 = DIRECTION('',(1.,0.,-0.));
#895 = CYLINDRICAL_SURFACE('',#896,8.723877473067E-02);
#896 = AXIS2_PLACEMENT_3D('',#897,#898,#899);
#897 = CARTESIAN_POINT('',(-0.173648177667,-0.984807753012,3.));
#898 = DIRECTION('',(0.,0.,-1.));
#899 = DIRECTION('',(1.,1.224646799147E-16,0.));
#900 = ADVANCED_FACE('',(#901),#913,.T.);
#901 = FACE_BOUND('',#902,.T.);
#902 = EDGE_LOOP('',(#903,#910,#911,#912));
#903 = ORIENTED_EDGE('',*,*,#904,.T.);
#904 = EDGE_CURVE('',#882,#823,#905,.T.);
#905 = CIRCLE('',#906,8.723877473067E-02);
#906 = AXIS2_PLACEMENT_3D('',#907,#908,#909);
#907 = CARTESIAN_POINT('',(2.186001404625E-18,-1.,1.9));
#908 = DIRECTION('',(0.,0.,1.));
#909 = DIRECTION('',(1.,0.,-0.));
#910 = ORIENTED_EDGE('',*,*,#822,.F.);
#911 = ORIENTED_EDGE('',*,*,#311,.F.);
#912 = ORIENTED_EDGE('',*,*,#881,.T.);
#913 = CYLINDRICAL_SURFACE('',#914,8.723877473067E-02);
#914 = AXIS2_PLACEMENT_3D('',#915,#916,#917);
#915 = CARTESIAN_POINT('',(2.186001404625E-18,-1.,3.));
#916 = DIRECTION('',(0.,0.,-1.));
#917 = DIRECTION('',(1.,1.224646799147E-16,0.));
#918 = ADVANCED_FACE('',(#919),#945,.F.);
#919 = FACE_BOUND('',#920,.F.);
#920 = EDGE_LOOP('',(#921,#929,#930,#938));
#921 = ORIENTED_EDGE('',*,*,#922,.F.);
#922 = EDGE_CURVE('',#276,#923,#925,.T.);
#923 = VERTEX_POINT('',#924);
#924 = CARTESIAN_POINT('',(-0.573576436351,-0.819152044289,1.9));
#925 = LINE('',#926,#927);
#926 = CARTESIAN_POINT('',(-0.573576436351,-0.819152044289,3.));
#927 = VECTOR('',#928,1.);
#928 = DIRECTION('',(0.,0.,-1.));
#929 = ORIENTED_EDGE('',*,*,#284,.F.);
#930 = ORIENTED_EDGE('',*,*,#931,.T.);
#931 = EDGE_CURVE('',#285,#932,#934,.T.);
#932 = VERTEX_POINT('',#933);
#933 = CARTESIAN_POINT('',(-0.422618261741,-0.906307787037,1.9));
#934 = LINE('',#935,#936);
#935 = CARTESIAN_POINT('',(-0.422618261741,-0.906307787037,3.));
#936 = VECTOR('',#937,1.);
#937 = DIRECTION('',(0.,0.,-1.));
#938 = ORIENTED_EDGE('',*,*,#939,.T.);
#939 = EDGE_CURVE('',#932,#923,#940,.T.);
#940 = CIRCLE('',#941,8.723877473067E-02);
#941 = AXIS2_PLACEMENT_3D('',#942,#943,#944);
#942 = CARTESIAN_POINT('',(-0.5,-0.866025403784,1.9));
#943 = DIRECTION('',(0.,0.,1.));
#944 = DIRECTION('',(1.,0.,-0.));
#945 = CYLINDRICAL_SURFACE('',#946,8.723877473067E-02);
#946 = AXIS2_PLACEMENT_3D('',#947,#948,#949);
#947 = CARTESIAN_POINT('',(-0.5,-0.866025403784,3.));
#948 = DIRECTION('',(0.,0.,-1.));
#949 = DIRECTION('',(0.939692620786,-0.342020143326,0.));
#950 = ADVANCED_FACE('',(#951),#963,.T.);
#951 = FACE_BOUND('',#952,.T.);
#952 = EDGE_LOOP('',(#953,#960,#961,#962));
#953 = ORIENTED_EDGE('',*,*,#954,.T.);
#954 = EDGE_CURVE('',#932,#873,#955,.T.);
#955 = CIRCLE('',#956,8.723877473067E-02);
#956 = AXIS2_PLACEMENT_3D('',#957,#958,#959);
#957 = CARTESIAN_POINT('',(-0.342020143326,-0.939692620786,1.9));
#958 = DIRECTION('',(0.,0.,1.));
#959 = DIRECTION('',(1.,0.,-0.));
#960 = ORIENTED_EDGE('',*,*,#872,.F.);
#961 = ORIENTED_EDGE('',*,*,#293,.F.);
#962 = ORIENTED_EDGE('',*,*,#931,.T.);
#963 = CYLINDRICAL_SURFACE('',#964,8.723877473067E-02);
#964 = AXIS2_PLACEMENT_3D('',#965,#966,#967);
#965 = CARTESIAN_POINT('',(-0.342020143326,-0.939692620786,3.));
#966 = DIRECTION('',(0.,0.,-1.));
#967 = DIRECTION('',(0.939692620786,-0.342020143326,0.));
#968 = ADVANCED_FACE('',(#969),#995,.F.);
#969 = FACE_BOUND('',#970,.F.);
#970 = EDGE_LOOP('',(#971,#979,#980,#988));
#971 = ORIENTED_EDGE('',*,*,#972,.F.);
#972 = EDGE_CURVE('',#258,#973,#975,.T.);
#973 = VERTEX_POINT('',#974);
#974 = CARTESIAN_POINT('',(-0.819152044289,-0.573576436351,1.9));
#975 = LINE('',#976,#977);
#976 = CARTESIAN_POINT('',(-0.819152044289,-0.573576436351,3.));
#977 = VECTOR('',#978,1.);
#978 = DIRECTION('',(0.,0.,-1.));
#979 = ORIENTED_EDGE('',*,*,#266,.F.);
#980 = ORIENTED_EDGE('',*,*,#981,.T.);
#981 = EDGE_CURVE('',#267,#982,#984,.T.);
#982 = VERTEX_POINT('',#983);
#983 = CARTESIAN_POINT('',(-0.707106781187,-0.707106781187,1.9));
#984 = LINE('',#985,#986);
#985 = CARTESIAN_POINT('',(-0.707106781187,-0.707106781187,3.));
#986 = VECTOR('',#987,1.);
#987 = DIRECTION('',(0.,0.,-1.));
#988 = ORIENTED_EDGE('',*,*,#989,.T.);
#989 = EDGE_CURVE('',#982,#973,#990,.T.);
#990 = CIRCLE('',#991,8.723877473067E-02);
#991 = AXIS2_PLACEMENT_3D('',#992,#993,#994);
#992 = CARTESIAN_POINT('',(-0.766044443119,-0.642787609687,1.9));
#993 = DIRECTION('',(0.,0.,1.));
#994 = DIRECTION('',(1.,0.,-0.));
#995 = CYLINDRICAL_SURFACE('',#996,8.723877473067E-02);
#996 = AXIS2_PLACEMENT_3D('',#997,#998,#999);
#997 = CARTESIAN_POINT('',(-0.766044443119,-0.642787609687,3.));
#998 = DIRECTION('',(0.,0.,-1.));
#999 = DIRECTION('',(0.766044443119,-0.642787609687,0.));
#1000 = ADVANCED_FACE('',(#1001),#1013,.T.);
#1001 = FACE_BOUND('',#1002,.T.);
#1002 = EDGE_LOOP('',(#1003,#1010,#1011,#1012));
#1003 = ORIENTED_EDGE('',*,*,#1004,.T.);
#1004 = EDGE_CURVE('',#982,#923,#1005,.T.);
#1005 = CIRCLE('',#1006,8.723877473067E-02);
#1006 = AXIS2_PLACEMENT_3D('',#1007,#1008,#1009);
#1007 = CARTESIAN_POINT('',(-0.642787609687,-0.766044443119,1.9));
#1008 = DIRECTION('',(0.,0.,1.));
#1009 = DIRECTION('',(1.,0.,-0.));
#1010 = ORIENTED_EDGE('',*,*,#922,.F.);
#1011 = ORIENTED_EDGE('',*,*,#275,.F.);
#1012 = ORIENTED_EDGE('',*,*,#981,.T.);
#1013 = CYLINDRICAL_SURFACE('',#1014,8.723877473067E-02);
#1014 = AXIS2_PLACEMENT_3D('',#1015,#1016,#1017);
#1015 = CARTESIAN_POINT('',(-0.642787609687,-0.766044443119,3.));
#1016 = DIRECTION('',(0.,0.,-1.));
#1017 = DIRECTION('',(0.766044443119,-0.642787609687,0.));
#1018 = ADVANCED_FACE('',(#1019),#1045,.F.);
#1019 = FACE_BOUND('',#1020,.F.);
#1020 = EDGE_LOOP('',(#1021,#1029,#1030,#1038));
#1021 = ORIENTED_EDGE('',*,*,#1022,.F.);
#1022 = EDGE_CURVE('',#240,#1023,#1025,.T.);
#1023 = VERTEX_POINT('',#1024);
#1024 = CARTESIAN_POINT('',(-0.965925826289,-0.258819045103,1.9));
#1025 = LINE('',#1026,#1027);
#1026 = CARTESIAN_POINT('',(-0.965925826289,-0.258819045103,3.));
#1027 = VECTOR('',#1028,1.);
#1028 = DIRECTION('',(0.,0.,-1.));
#1029 = ORIENTED_EDGE('',*,*,#248,.F.);
#1030 = ORIENTED_EDGE('',*,*,#1031,.T.);
#1031 = EDGE_CURVE('',#249,#1032,#1034,.T.);
#1032 = VERTEX_POINT('',#1033);
#1033 = CARTESIAN_POINT('',(-0.906307787037,-0.422618261741,1.9));
#1034 = LINE('',#1035,#1036);
#1035 = CARTESIAN_POINT('',(-0.906307787037,-0.422618261741,3.));
#1036 = VECTOR('',#1037,1.);
#1037 = DIRECTION('',(0.,0.,-1.));
#1038 = ORIENTED_EDGE('',*,*,#1039,.T.);
#1039 = EDGE_CURVE('',#1032,#1023,#1040,.T.);
#1040 = CIRCLE('',#1041,8.723877473067E-02);
#1041 = AXIS2_PLACEMENT_3D('',#1042,#1043,#1044);
#1042 = CARTESIAN_POINT('',(-0.939692620786,-0.342020143326,1.9));
#1043 = DIRECTION('',(0.,0.,1.));
#1044 = DIRECTION('',(1.,0.,-0.));
#1045 = CYLINDRICAL_SURFACE('',#1046,8.723877473067E-02);
#1046 = AXIS2_PLACEMENT_3D('',#1047,#1048,#1049);
#1047 = CARTESIAN_POINT('',(-0.939692620786,-0.342020143326,3.));
#1048 = DIRECTION('',(0.,0.,-1.));
#1049 = DIRECTION('',(0.5,-0.866025403784,0.));
#1050 = ADVANCED_FACE('',(#1051),#1063,.T.);
#1051 = FACE_BOUND('',#1052,.T.);
#1052 = EDGE_LOOP('',(#1053,#1060,#1061,#1062));
#1053 = ORIENTED_EDGE('',*,*,#1054,.T.);
#1054 = EDGE_CURVE('',#1032,#973,#1055,.T.);
#1055 = CIRCLE('',#1056,8.723877473067E-02);
#1056 = AXIS2_PLACEMENT_3D('',#1057,#1058,#1059);
#1057 = CARTESIAN_POINT('',(-0.866025403784,-0.5,1.9));
#1058 = DIRECTION('',(0.,0.,1.));
#1059 = DIRECTION('',(1.,0.,-0.));
#1060 = ORIENTED_EDGE('',*,*,#972,.F.);
#1061 = ORIENTED_EDGE('',*,*,#257,.F.);
#1062 = ORIENTED_EDGE('',*,*,#1031,.T.);
#1063 = CYLINDRICAL_SURFACE('',#1064,8.723877473067E-02);
#1064 = AXIS2_PLACEMENT_3D('',#1065,#1066,#1067);
#1065 = CARTESIAN_POINT('',(-0.866025403784,-0.5,3.));
#1066 = DIRECTION('',(0.,0.,-1.));
#1067 = DIRECTION('',(0.5,-0.866025403784,0.));
#1068 = ADVANCED_FACE('',(#1069),#1095,.F.);
#1069 = FACE_BOUND('',#1070,.F.);
#1070 = EDGE_LOOP('',(#1071,#1079,#1080,#1088));
#1071 = ORIENTED_EDGE('',*,*,#1072,.F.);
#1072 = EDGE_CURVE('',#222,#1073,#1075,.T.);
#1073 = VERTEX_POINT('',#1074);
#1074 = CARTESIAN_POINT('',(-0.996194698092,8.715574274766E-02,1.9));
#1075 = LINE('',#1076,#1077);
#1076 = CARTESIAN_POINT('',(-0.996194698092,8.715574274766E-02,3.));
#1077 = VECTOR('',#1078,1.);
#1078 = DIRECTION('',(0.,0.,-1.));
#1079 = ORIENTED_EDGE('',*,*,#230,.F.);
#1080 = ORIENTED_EDGE('',*,*,#1081,.T.);
#1081 = EDGE_CURVE('',#231,#1082,#1084,.T.);
#1082 = VERTEX_POINT('',#1083);
#1083 = CARTESIAN_POINT('',(-0.996194698092,-8.715574274766E-02,1.9));
#1084 = LINE('',#1085,#1086);
#1085 = CARTESIAN_POINT('',(-0.996194698092,-8.715574274766E-02,3.));
#1086 = VECTOR('',#1087,1.);
#1087 = DIRECTION('',(0.,0.,-1.));
#1088 = ORIENTED_EDGE('',*,*,#1089,.T.);
#1089 = EDGE_CURVE('',#1082,#1073,#1090,.T.);
#1090 = CIRCLE('',#1091,8.723877473067E-02);
#1091 = AXIS2_PLACEMENT_3D('',#1092,#1093,#1094);
#1092 = CARTESIAN_POINT('',(-1.,-3.794707603699E-16,1.9));
#1093 = DIRECTION('',(0.,0.,1.));
#1094 = DIRECTION('',(1.,0.,-0.));
#1095 = CYLINDRICAL_SURFACE('',#1096,8.723877473067E-02);
#1096 = AXIS2_PLACEMENT_3D('',#1097,#1098,#1099);
#1097 = CARTESIAN_POINT('',(-1.,-3.794707603699E-16,3.));
#1098 = DIRECTION('',(0.,0.,-1.));
#1099 = DIRECTION('',(0.173648177667,-0.984807753012,0.));
#1100 = ADVANCED_FACE('',(#1101),#1113,.T.);
#1101 = FACE_BOUND('',#1102,.T.);
#1102 = EDGE_LOOP('',(#1103,#1110,#1111,#1112));
#1103 = ORIENTED_EDGE('',*,*,#1104,.T.);
#1104 = EDGE_CURVE('',#1082,#1023,#1105,.T.);
#1105 = CIRCLE('',#1106,8.723877473067E-02);
#1106 = AXIS2_PLACEMENT_3D('',#1107,#1108,#1109);
#1107 = CARTESIAN_POINT('',(-0.984807753012,-0.173648177667,1.9));
#1108 = DIRECTION('',(0.,0.,1.));
#1109 = DIRECTION('',(1.,0.,-0.));
#1110 = ORIENTED_EDGE('',*,*,#1022,.F.);
#1111 = ORIENTED_EDGE('',*,*,#239,.F.);
#1112 = ORIENTED_EDGE('',*,*,#1081,.T.);
#1113 = CYLINDRICAL_SURFACE('',#1114,8.723877473067E-02);
#1114 = AXIS2_PLACEMENT_3D('',#1115,#1116,#1117);
#1115 = CARTESIAN_POINT('',(-0.984807753012,-0.173648177667,3.));
#1116 = DIRECTION('',(0.,0.,-1.));
#1117 = DIRECTION('',(0.173648177667,-0.984807753012,0.));
#1118 = ADVANCED_FACE('',(#1119),#1145,.F.);
#1119 = FACE_BOUND('',#1120,.F.);
#1120 = EDGE_LOOP('',(#1121,#1129,#1130,#1138));
#1121 = ORIENTED_EDGE('',*,*,#1122,.F.);
#1122 = EDGE_CURVE('',#204,#1123,#1125,.T.);
#1123 = VERTEX_POINT('',#1124);
#1124 = CARTESIAN_POINT('',(-0.906307787037,0.422618261741,1.9));
#1125 = LINE('',#1126,#1127);
#1126 = CARTESIAN_POINT('',(-0.906307787037,0.422618261741,3.));
#1127 = VECTOR('',#1128,1.);
#1128 = DIRECTION('',(0.,0.,-1.));
#1129 = ORIENTED_EDGE('',*,*,#212,.F.);
#1130 = ORIENTED_EDGE('',*,*,#1131,.T.);
#1131 = EDGE_CURVE('',#213,#1132,#1134,.T.);
#1132 = VERTEX_POINT('',#1133);
#1133 = CARTESIAN_POINT('',(-0.965925826289,0.258819045103,1.9));
#1134 = LINE('',#1135,#1136);
#1135 = CARTESIAN_POINT('',(-0.965925826289,0.258819045103,3.));
#1136 = VECTOR('',#1137,1.);
#1137 = DIRECTION('',(0.,0.,-1.));
#1138 = ORIENTED_EDGE('',*,*,#1139,.T.);
#1139 = EDGE_CURVE('',#1132,#1123,#1140,.T.);
#1140 = CIRCLE('',#1141,8.723877473067E-02);
#1141 = AXIS2_PLACEMENT_3D('',#1142,#1143,#1144);
#1142 = CARTESIAN_POINT('',(-0.939692620786,0.342020143326,1.9));
#1143 = DIRECTION('',(0.,0.,1.));
#1144 = DIRECTION('',(1.,0.,-0.));
#1145 = CYLINDRICAL_SURFACE('',#1146,8.723877473067E-02);
#1146 = AXIS2_PLACEMENT_3D('',#1147,#1148,#1149);
#1147 = CARTESIAN_POINT('',(-0.939692620786,0.342020143326,3.));
#1148 = DIRECTION('',(0.,0.,-1.));
#1149 = DIRECTION('',(-0.173648177667,-0.984807753012,-0.));
#1150 = ADVANCED_FACE('',(#1151),#1163,.T.);
#1151 = FACE_BOUND('',#1152,.T.);
#1152 = EDGE_LOOP('',(#1153,#1160,#1161,#1162));
#1153 = ORIENTED_EDGE('',*,*,#1154,.T.);
#1154 = EDGE_CURVE('',#1132,#1073,#1155,.T.);
#1155 = CIRCLE('',#1156,8.723877473067E-02);
#1156 = AXIS2_PLACEMENT_3D('',#1157,#1158,#1159);
#1157 = CARTESIAN_POINT('',(-0.984807753012,0.173648177667,1.9));
#1158 = DIRECTION('',(0.,0.,1.));
#1159 = DIRECTION('',(1.,0.,-0.));
#1160 = ORIENTED_EDGE('',*,*,#1072,.F.);
#1161 = ORIENTED_EDGE('',*,*,#221,.F.);
#1162 = ORIENTED_EDGE('',*,*,#1131,.T.);
#1163 = CYLINDRICAL_SURFACE('',#1164,8.723877473067E-02);
#1164 = AXIS2_PLACEMENT_3D('',#1165,#1166,#1167);
#1165 = CARTESIAN_POINT('',(-0.984807753012,0.173648177667,3.));
#1166 = DIRECTION('',(0.,0.,-1.));
#1167 = DIRECTION('',(-0.173648177667,-0.984807753012,-0.));
#1168 = ADVANCED_FACE('',(#1169),#1195,.F.);
#1169 = FACE_BOUND('',#1170,.F.);
#1170 = EDGE_LOOP('',(#1171,#1179,#1180,#1188));
#1171 = ORIENTED_EDGE('',*,*,#1172,.F.);
#1172 = EDGE_CURVE('',#186,#1173,#1175,.T.);
#1173 = VERTEX_POINT('',#1174);
#1174 = CARTESIAN_POINT('',(-0.707106781187,0.707106781187,1.9));
#1175 = LINE('',#1176,#1177);
#1176 = CARTESIAN_POINT('',(-0.707106781187,0.707106781187,3.));
#1177 = VECTOR('',#1178,1.);
#1178 = DIRECTION('',(0.,0.,-1.));
#1179 = ORIENTED_EDGE('',*,*,#194,.F.);
#1180 = ORIENTED_EDGE('',*,*,#1181,.T.);
#1181 = EDGE_CURVE('',#195,#1182,#1184,.T.);
#1182 = VERTEX_POINT('',#1183);
#1183 = CARTESIAN_POINT('',(-0.819152044289,0.573576436351,1.9));
#1184 = LINE('',#1185,#1186);
#1185 = CARTESIAN_POINT('',(-0.819152044289,0.573576436351,3.));
#1186 = VECTOR('',#1187,1.);
#1187 = DIRECTION('',(0.,0.,-1.));
#1188 = ORIENTED_EDGE('',*,*,#1189,.T.);
#1189 = EDGE_CURVE('',#1182,#1173,#1190,.T.);
#1190 = CIRCLE('',#1191,8.723877473067E-02);
#1191 = AXIS2_PLACEMENT_3D('',#1192,#1193,#1194);
#1192 = CARTESIAN_POINT('',(-0.766044443119,0.642787609687,1.9));
#1193 = DIRECTION('',(0.,0.,1.));
#1194 = DIRECTION('',(1.,0.,-0.));
#1195 = CYLINDRICAL_SURFACE('',#1196,8.723877473067E-02);
#1196 = AXIS2_PLACEMENT_3D('',#1197,#1198,#1199);
#1197 = CARTESIAN_POINT('',(-0.766044443119,0.642787609687,3.));
#1198 = DIRECTION('',(0.,0.,-1.));
#1199 = DIRECTION('',(-0.5,-0.866025403784,-0.));
#1200 = ADVANCED_FACE('',(#1201),#1213,.T.);
#1201 = FACE_BOUND('',#1202,.T.);
#1202 = EDGE_LOOP('',(#1203,#1210,#1211,#1212));
#1203 = ORIENTED_EDGE('',*,*,#1204,.T.);
#1204 = EDGE_CURVE('',#1182,#1123,#1205,.T.);
#1205 = CIRCLE('',#1206,8.723877473067E-02);
#1206 = AXIS2_PLACEMENT_3D('',#1207,#1208,#1209);
#1207 = CARTESIAN_POINT('',(-0.866025403784,0.5,1.9));
#1208 = DIRECTION('',(0.,0.,1.));
#1209 = DIRECTION('',(1.,0.,-0.));
#1210 = ORIENTED_EDGE('',*,*,#1122,.F.);
#1211 = ORIENTED_EDGE('',*,*,#203,.F.);
#1212 = ORIENTED_EDGE('',*,*,#1181,.T.);
#1213 = CYLINDRICAL_SURFACE('',#1214,8.723877473067E-02);
#1214 = AXIS2_PLACEMENT_3D('',#1215,#1216,#1217);
#1215 = CARTESIAN_POINT('',(-0.866025403784,0.5,3.));
#1216 = DIRECTION('',(0.,0.,-1.));
#1217 = DIRECTION('',(-0.5,-0.866025403784,-0.));
#1218 = ADVANCED_FACE('',(#1219),#1245,.F.);
#1219 = FACE_BOUND('',#1220,.F.);
#1220 = EDGE_LOOP('',(#1221,#1229,#1230,#1238));
#1221 = ORIENTED_EDGE('',*,*,#1222,.F.);
#1222 = EDGE_CURVE('',#168,#1223,#1225,.T.);
#1223 = VERTEX_POINT('',#1224);
#1224 = CARTESIAN_POINT('',(-0.422618261741,0.906307787037,1.9));
#1225 = LINE('',#1226,#1227);
#1226 = CARTESIAN_POINT('',(-0.422618261741,0.906307787037,3.));
#1227 = VECTOR('',#1228,1.);
#1228 = DIRECTION('',(0.,0.,-1.));
#1229 = ORIENTED_EDGE('',*,*,#176,.F.);
#1230 = ORIENTED_EDGE('',*,*,#1231,.T.);
#1231 = EDGE_CURVE('',#177,#1232,#1234,.T.);
#1232 = VERTEX_POINT('',#1233);
#1233 = CARTESIAN_POINT('',(-0.573576436351,0.819152044289,1.9));
#1234 = LINE('',#1235,#1236);
#1235 = CARTESIAN_POINT('',(-0.573576436351,0.819152044289,3.));
#1236 = VECTOR('',#1237,1.);
#1237 = DIRECTION('',(0.,0.,-1.));
#1238 = ORIENTED_EDGE('',*,*,#1239,.T.);
#1239 = EDGE_CURVE('',#1232,#1223,#1240,.T.);
#1240 = CIRCLE('',#1241,8.723877473067E-02);
#1241 = AXIS2_PLACEMENT_3D('',#1242,#1243,#1244);
#1242 = CARTESIAN_POINT('',(-0.5,0.866025403784,1.9));
#1243 = DIRECTION('',(0.,0.,1.));
#1244 = DIRECTION('',(1.,0.,-0.));
#1245 = CYLINDRICAL_SURFACE('',#1246,8.723877473067E-02);
#1246 = AXIS2_PLACEMENT_3D('',#1247,#1248,#1249);
#1247 = CARTESIAN_POINT('',(-0.5,0.866025403784,3.));
#1248 = DIRECTION('',(0.,0.,-1.));
#1249 = DIRECTION('',(-0.766044443119,-0.642787609687,-0.));
#1250 = ADVANCED_FACE('',(#1251),#1263,.T.);
#1251 = FACE_BOUND('',#1252,.T.);
#1252 = EDGE_LOOP('',(#1253,#1260,#1261,#1262));
#1253 = ORIENTED_EDGE('',*,*,#1254,.T.);
#1254 = EDGE_CURVE('',#1232,#1173,#1255,.T.);
#1255 = CIRCLE('',#1256,8.723877473067E-02);
#1256 = AXIS2_PLACEMENT_3D('',#1257,#1258,#1259);
#1257 = CARTESIAN_POINT('',(-0.642787609687,0.766044443119,1.9));
#1258 = DIRECTION('',(0.,0.,1.));
#1259 = DIRECTION('',(1.,0.,-0.));
#1260 = ORIENTED_EDGE('',*,*,#1172,.F.);
#1261 = ORIENTED_EDGE('',*,*,#185,.F.);
#1262 = ORIENTED_EDGE('',*,*,#1231,.T.);
#1263 = CYLINDRICAL_SURFACE('',#1264,8.723877473067E-02);
#1264 = AXIS2_PLACEMENT_3D('',#1265,#1266,#1267);
#1265 = CARTESIAN_POINT('',(-0.642787609687,0.766044443119,3.));
#1266 = DIRECTION('',(0.,0.,-1.));
#1267 = DIRECTION('',(-0.766044443119,-0.642787609687,-0.));
#1268 = ADVANCED_FACE('',(#1269),#1281,.T.);
#1269 = FACE_BOUND('',#1270,.T.);
#1270 = EDGE_LOOP('',(#1271,#1278,#1279,#1280));
#1271 = ORIENTED_EDGE('',*,*,#1272,.T.);
#1272 = EDGE_CURVE('',#133,#1223,#1273,.T.);
#1273 = CIRCLE('',#1274,8.723877473067E-02);
#1274 = AXIS2_PLACEMENT_3D('',#1275,#1276,#1277);
#1275 = CARTESIAN_POINT('',(-0.342020143326,0.939692620786,1.9));
#1276 = DIRECTION('',(0.,0.,1.));
#1277 = DIRECTION('',(1.,0.,-0.));
#1278 = ORIENTED_EDGE('',*,*,#1222,.F.);
#1279 = ORIENTED_EDGE('',*,*,#167,.F.);
#1280 = ORIENTED_EDGE('',*,*,#132,.T.);
#1281 = CYLINDRICAL_SURFACE('',#1282,8.723877473067E-02);
#1282 = AXIS2_PLACEMENT_3D('',#1283,#1284,#1285);
#1283 = CARTESIAN_POINT('',(-0.342020143326,0.939692620786,3.));
#1284 = DIRECTION('',(0.,0.,-1.));
#1285 = DIRECTION('',(-0.939692620786,-0.342020143326,-0.));
#1286 = ADVANCED_FACE('',(#1287,#1325),#1336,.F.);
#1287 = FACE_BOUND('',#1288,.T.);
#1288 = EDGE_LOOP('',(#1289,#1290,#1291,#1292,#1293,#1294,#1295,#1296,
    #1297,#1298,#1299,#1300,#1301,#1302,#1303,#1304,#1305,#1306,#1307,
    #1308,#1309,#1310,#1311,#1312,#1313,#1314,#1315,#1316,#1317,#1318,
    #1319,#1320,#1321,#1322,#1323,#1324));
#1289 = ORIENTED_EDGE('',*,*,#689,.T.);
#1290 = ORIENTED_EDGE('',*,*,#754,.F.);
#1291 = ORIENTED_EDGE('',*,*,#739,.T.);
#1292 = ORIENTED_EDGE('',*,*,#804,.F.);
#1293 = ORIENTED_EDGE('',*,*,#789,.T.);
#1294 = ORIENTED_EDGE('',*,*,#854,.F.);
#1295 = ORIENTED_EDGE('',*,*,#839,.T.);
#1296 = ORIENTED_EDGE('',*,*,#904,.F.);
#1297 = ORIENTED_EDGE('',*,*,#889,.T.);
#1298 = ORIENTED_EDGE('',*,*,#954,.F.);
#1299 = ORIENTED_EDGE('',*,*,#939,.T.);
#1300 = ORIENTED_EDGE('',*,*,#1004,.F.);
#1301 = ORIENTED_EDGE('',*,*,#989,.T.);
#1302 = ORIENTED_EDGE('',*,*,#1054,.F.);
#1303 = ORIENTED_EDGE('',*,*,#1039,.T.);
#1304 = ORIENTED_EDGE('',*,*,#1104,.F.);
#1305 = ORIENTED_EDGE('',*,*,#1089,.T.);
#1306 = ORIENTED_EDGE('',*,*,#1154,.F.);
#1307 = ORIENTED_EDGE('',*,*,#1139,.T.);
#1308 = ORIENTED_EDGE('',*,*,#1204,.F.);
#1309 = ORIENTED_EDGE('',*,*,#1189,.T.);
#1310 = ORIENTED_EDGE('',*,*,#1254,.F.);
#1311 = ORIENTED_EDGE('',*,*,#1239,.T.);
#1312 = ORIENTED_EDGE('',*,*,#1272,.F.);
#1313 = ORIENTED_EDGE('',*,*,#140,.T.);
#1314 = ORIENTED_EDGE('',*,*,#89,.F.);
#1315 = ORIENTED_EDGE('',*,*,#74,.T.);
#1316 = ORIENTED_EDGE('',*,*,#504,.F.);
#1317 = ORIENTED_EDGE('',*,*,#489,.T.);
#1318 = ORIENTED_EDGE('',*,*,#554,.F.);
#1319 = ORIENTED_EDGE('',*,*,#539,.T.);
#1320 = ORIENTED_EDGE('',*,*,#604,.F.);
#1321 = ORIENTED_EDGE('',*,*,#589,.T.);
#1322 = ORIENTED_EDGE('',*,*,#654,.F.);
#1323 = ORIENTED_EDGE('',*,*,#639,.T.);
#1324 = ORIENTED_EDGE('',*,*,#704,.F.);
#1325 = FACE_BOUND('',#1326,.T.);
#1326 = EDGE_LOOP('',(#1327));
#1327 = ORIENTED_EDGE('',*,*,#1328,.F.);
#1328 = EDGE_CURVE('',#1329,#1329,#1331,.T.);
#1329 = VERTEX_POINT('',#1330);
#1330 = CARTESIAN_POINT('',(-0.787238774731,0.,1.9));
#1331 = CIRCLE('',#1332,0.787238774731);
#1332 = AXIS2_PLACEMENT_3D('',#1333,#1334,#1335);
#1333 = CARTESIAN_POINT('',(0.,0.,1.9));
#1334 = DIRECTION('',(0.,0.,-1.));
#1335 = DIRECTION('',(-1.,0.,0.));
#1336 = PLANE('',#1337);
#1337 = AXIS2_PLACEMENT_3D('',#1338,#1339,#1340);
#1338 = CARTESIAN_POINT('',(0.,0.937238774731,1.9));
#1339 = DIRECTION('',(0.,0.,1.));
#1340 = DIRECTION('',(1.,0.,-0.));
#1341 = ADVANCED_FACE('',(#1342,#1353),#1679,.T.);
#1342 = FACE_BOUND('',#1343,.T.);
#1343 = EDGE_LOOP('',(#1344));
#1344 = ORIENTED_EDGE('',*,*,#1345,.T.);
#1345 = EDGE_CURVE('',#1346,#1346,#1348,.T.);
#1346 = VERTEX_POINT('',#1347);
#1347 = CARTESIAN_POINT('',(-0.787238774731,0.,1.1));
#1348 = CIRCLE('',#1349,0.787238774731);
#1349 = AXIS2_PLACEMENT_3D('',#1350,#1351,#1352);
#1350 = CARTESIAN_POINT('',(0.,0.,1.1));
#1351 = DIRECTION('',(0.,0.,-1.));
#1352 = DIRECTION('',(-1.,0.,0.));
#1353 = FACE_BOUND('',#1354,.T.);
#1354 = EDGE_LOOP('',(#1355,#1366,#1375,#1384,#1393,#1402,#1411,#1420,
    #1429,#1438,#1447,#1456,#1465,#1474,#1483,#1492,#1501,#1510,#1519,
    #1528,#1537,#1546,#1555,#1564,#1573,#1582,#1591,#1600,#1609,#1618,
    #1627,#1636,#1645,#1654,#1663,#1672));
#1355 = ORIENTED_EDGE('',*,*,#1356,.T.);
#1356 = EDGE_CURVE('',#1357,#1359,#1361,.T.);
#1357 = VERTEX_POINT('',#1358);
#1358 = CARTESIAN_POINT('',(0.965925826289,-0.258819045103,1.1));
#1359 = VERTEX_POINT('',#1360);
#1360 = CARTESIAN_POINT('',(0.996194698092,-8.715574274766E-02,1.1));
#1361 = CIRCLE('',#1362,8.723877473067E-02);
#1362 = AXIS2_PLACEMENT_3D('',#1363,#1364,#1365);
#1363 = CARTESIAN_POINT('',(0.984807753012,-0.173648177667,1.1));
#1364 = DIRECTION('',(0.,0.,1.));
#1365 = DIRECTION('',(1.,0.,-0.));
#1366 = ORIENTED_EDGE('',*,*,#1367,.F.);
#1367 = EDGE_CURVE('',#1368,#1359,#1370,.T.);
#1368 = VERTEX_POINT('',#1369);
#1369 = CARTESIAN_POINT('',(0.996194698092,8.715574274766E-02,1.1));
#1370 = CIRCLE('',#1371,8.723877473067E-02);
#1371 = AXIS2_PLACEMENT_3D('',#1372,#1373,#1374);
#1372 = CARTESIAN_POINT('',(1.,4.607859233063E-16,1.1));
#1373 = DIRECTION('',(0.,0.,1.));
#1374 = DIRECTION('',(1.,0.,-0.));
#1375 = ORIENTED_EDGE('',*,*,#1376,.T.);
#1376 = EDGE_CURVE('',#1368,#1377,#1379,.T.);
#1377 = VERTEX_POINT('',#1378);
#1378 = CARTESIAN_POINT('',(0.965925826289,0.258819045103,1.1));
#1379 = CIRCLE('',#1380,8.723877473067E-02);
#1380 = AXIS2_PLACEMENT_3D('',#1381,#1382,#1383);
#1381 = CARTESIAN_POINT('',(0.984807753012,0.173648177667,1.1));
#1382 = DIRECTION('',(0.,0.,1.));
#1383 = DIRECTION('',(1.,0.,-0.));
#1384 = ORIENTED_EDGE('',*,*,#1385,.F.);
#1385 = EDGE_CURVE('',#1386,#1377,#1388,.T.);
#1386 = VERTEX_POINT('',#1387);
#1387 = CARTESIAN_POINT('',(0.906307787037,0.422618261741,1.1));
#1388 = CIRCLE('',#1389,8.723877473067E-02);
#1389 = AXIS2_PLACEMENT_3D('',#1390,#1391,#1392);
#1390 = CARTESIAN_POINT('',(0.939692620786,0.342020143326,1.1));
#1391 = DIRECTION('',(0.,0.,1.));
#1392 = DIRECTION('',(1.,0.,-0.));
#1393 = ORIENTED_EDGE('',*,*,#1394,.T.);
#1394 = EDGE_CURVE('',#1386,#1395,#1397,.T.);
#1395 = VERTEX_POINT('',#1396);
#1396 = CARTESIAN_POINT('',(0.819152044289,0.573576436351,1.1));
#1397 = CIRCLE('',#1398,8.723877473067E-02);
#1398 = AXIS2_PLACEMENT_3D('',#1399,#1400,#1401);
#1399 = CARTESIAN_POINT('',(0.866025403784,0.5,1.1));
#1400 = DIRECTION('',(0.,0.,1.));
#1401 = DIRECTION('',(1.,0.,-0.));
#1402 = ORIENTED_EDGE('',*,*,#1403,.F.);
#1403 = EDGE_CURVE('',#1404,#1395,#1406,.T.);
#1404 = VERTEX_POINT('',#1405);
#1405 = CARTESIAN_POINT('',(0.707106781187,0.707106781187,1.1));
#1406 = CIRCLE('',#1407,8.723877473067E-02);
#1407 = AXIS2_PLACEMENT_3D('',#1408,#1409,#1410);
#1408 = CARTESIAN_POINT('',(0.766044443119,0.642787609687,1.1));
#1409 = DIRECTION('',(0.,0.,1.));
#1410 = DIRECTION('',(1.,0.,-0.));
#1411 = ORIENTED_EDGE('',*,*,#1412,.T.);
#1412 = EDGE_CURVE('',#1404,#1413,#1415,.T.);
#1413 = VERTEX_POINT('',#1414);
#1414 = CARTESIAN_POINT('',(0.573576436351,0.819152044289,1.1));
#1415 = CIRCLE('',#1416,8.723877473067E-02);
#1416 = AXIS2_PLACEMENT_3D('',#1417,#1418,#1419);
#1417 = CARTESIAN_POINT('',(0.642787609687,0.766044443119,1.1));
#1418 = DIRECTION('',(0.,0.,1.));
#1419 = DIRECTION('',(1.,0.,-0.));
#1420 = ORIENTED_EDGE('',*,*,#1421,.F.);
#1421 = EDGE_CURVE('',#1422,#1413,#1424,.T.);
#1422 = VERTEX_POINT('',#1423);
#1423 = CARTESIAN_POINT('',(0.422618261741,0.906307787037,1.1));
#1424 = CIRCLE('',#1425,8.723877473067E-02);
#1425 = AXIS2_PLACEMENT_3D('',#1426,#1427,#1428);
#1426 = CARTESIAN_POINT('',(0.5,0.866025403784,1.1));
#1427 = DIRECTION('',(0.,0.,1.));
#1428 = DIRECTION('',(1.,0.,-0.));
#1429 = ORIENTED_EDGE('',*,*,#1430,.T.);
#1430 = EDGE_CURVE('',#1422,#1431,#1433,.T.);
#1431 = VERTEX_POINT('',#1432);
#1432 = CARTESIAN_POINT('',(0.258819045103,0.965925826289,1.1));
#1433 = CIRCLE('',#1434,8.723877473067E-02);
#1434 = AXIS2_PLACEMENT_3D('',#1435,#1436,#1437);
#1435 = CARTESIAN_POINT('',(0.342020143326,0.939692620786,1.1));
#1436 = DIRECTION('',(0.,0.,1.));
#1437 = DIRECTION('',(1.,0.,-0.));
#1438 = ORIENTED_EDGE('',*,*,#1439,.F.);
#1439 = EDGE_CURVE('',#1440,#1431,#1442,.T.);
#1440 = VERTEX_POINT('',#1441);
#1441 = CARTESIAN_POINT('',(8.715574274766E-02,0.996194698092,1.1));
#1442 = CIRCLE('',#1443,8.723877473067E-02);
#1443 = AXIS2_PLACEMENT_3D('',#1444,#1445,#1446);
#1444 = CARTESIAN_POINT('',(0.173648177667,0.984807753012,1.1));
#1445 = DIRECTION('',(0.,0.,1.));
#1446 = DIRECTION('',(1.,0.,-0.));
#1447 = ORIENTED_EDGE('',*,*,#1448,.T.);
#1448 = EDGE_CURVE('',#1440,#1449,#1451,.T.);
#1449 = VERTEX_POINT('',#1450);
#1450 = CARTESIAN_POINT('',(-8.715574274766E-02,0.996194698092,1.1));
#1451 = CIRCLE('',#1452,8.723877473067E-02);
#1452 = AXIS2_PLACEMENT_3D('',#1453,#1454,#1455);
#1453 = CARTESIAN_POINT('',(1.202786785101E-16,1.,1.1));
#1454 = DIRECTION('',(0.,0.,1.));
#1455 = DIRECTION('',(1.,0.,-0.));
#1456 = ORIENTED_EDGE('',*,*,#1457,.F.);
#1457 = EDGE_CURVE('',#1458,#1449,#1460,.T.);
#1458 = VERTEX_POINT('',#1459);
#1459 = CARTESIAN_POINT('',(-0.258819045103,0.965925826289,1.1));
#1460 = CIRCLE('',#1461,8.723877473067E-02);
#1461 = AXIS2_PLACEMENT_3D('',#1462,#1463,#1464);
#1462 = CARTESIAN_POINT('',(-0.173648177667,0.984807753012,1.1));
#1463 = DIRECTION('',(0.,0.,1.));
#1464 = DIRECTION('',(1.,0.,-0.));
#1465 = ORIENTED_EDGE('',*,*,#1466,.T.);
#1466 = EDGE_CURVE('',#1458,#1467,#1469,.T.);
#1467 = VERTEX_POINT('',#1468);
#1468 = CARTESIAN_POINT('',(-0.422618261741,0.906307787037,1.1));
#1469 = CIRCLE('',#1470,8.723877473067E-02);
#1470 = AXIS2_PLACEMENT_3D('',#1471,#1472,#1473);
#1471 = CARTESIAN_POINT('',(-0.342020143326,0.939692620786,1.1));
#1472 = DIRECTION('',(0.,0.,1.));
#1473 = DIRECTION('',(1.,0.,-0.));
#1474 = ORIENTED_EDGE('',*,*,#1475,.F.);
#1475 = EDGE_CURVE('',#1476,#1467,#1478,.T.);
#1476 = VERTEX_POINT('',#1477);
#1477 = CARTESIAN_POINT('',(-0.573576436351,0.819152044289,1.1));
#1478 = CIRCLE('',#1479,8.723877473067E-02);
#1479 = AXIS2_PLACEMENT_3D('',#1480,#1481,#1482);
#1480 = CARTESIAN_POINT('',(-0.5,0.866025403784,1.1));
#1481 = DIRECTION('',(0.,0.,1.));
#1482 = DIRECTION('',(1.,0.,-0.));
#1483 = ORIENTED_EDGE('',*,*,#1484,.T.);
#1484 = EDGE_CURVE('',#1476,#1485,#1487,.T.);
#1485 = VERTEX_POINT('',#1486);
#1486 = CARTESIAN_POINT('',(-0.707106781187,0.707106781187,1.1));
#1487 = CIRCLE('',#1488,8.723877473067E-02);
#1488 = AXIS2_PLACEMENT_3D('',#1489,#1490,#1491);
#1489 = CARTESIAN_POINT('',(-0.642787609687,0.766044443119,1.1));
#1490 = DIRECTION('',(0.,0.,1.));
#1491 = DIRECTION('',(1.,0.,-0.));
#1492 = ORIENTED_EDGE('',*,*,#1493,.F.);
#1493 = EDGE_CURVE('',#1494,#1485,#1496,.T.);
#1494 = VERTEX_POINT('',#1495);
#1495 = CARTESIAN_POINT('',(-0.819152044289,0.573576436351,1.1));
#1496 = CIRCLE('',#1497,8.723877473067E-02);
#1497 = AXIS2_PLACEMENT_3D('',#1498,#1499,#1500);
#1498 = CARTESIAN_POINT('',(-0.766044443119,0.642787609687,1.1));
#1499 = DIRECTION('',(0.,0.,1.));
#1500 = DIRECTION('',(1.,0.,-0.));
#1501 = ORIENTED_EDGE('',*,*,#1502,.T.);
#1502 = EDGE_CURVE('',#1494,#1503,#1505,.T.);
#1503 = VERTEX_POINT('',#1504);
#1504 = CARTESIAN_POINT('',(-0.906307787037,0.422618261741,1.1));
#1505 = CIRCLE('',#1506,8.723877473067E-02);
#1506 = AXIS2_PLACEMENT_3D('',#1507,#1508,#1509);
#1507 = CARTESIAN_POINT('',(-0.866025403784,0.5,1.1));
#1508 = DIRECTION('',(0.,0.,1.));
#1509 = DIRECTION('',(1.,0.,-0.));
#1510 = ORIENTED_EDGE('',*,*,#1511,.F.);
#1511 = EDGE_CURVE('',#1512,#1503,#1514,.T.);
#1512 = VERTEX_POINT('',#1513);
#1513 = CARTESIAN_POINT('',(-0.965925826289,0.258819045103,1.1));
#1514 = CIRCLE('',#1515,8.723877473067E-02);
#1515 = AXIS2_PLACEMENT_3D('',#1516,#1517,#1518);
#1516 = CARTESIAN_POINT('',(-0.939692620786,0.342020143326,1.1));
#1517 = DIRECTION('',(0.,0.,1.));
#1518 = DIRECTION('',(1.,0.,-0.));
#1519 = ORIENTED_EDGE('',*,*,#1520,.T.);
#1520 = EDGE_CURVE('',#1512,#1521,#1523,.T.);
#1521 = VERTEX_POINT('',#1522);
#1522 = CARTESIAN_POINT('',(-0.996194698092,8.715574274766E-02,1.1));
#1523 = CIRCLE('',#1524,8.723877473067E-02);
#1524 = AXIS2_PLACEMENT_3D('',#1525,#1526,#1527);
#1525 = CARTESIAN_POINT('',(-0.984807753012,0.173648177667,1.1));
#1526 = DIRECTION('',(0.,0.,1.));
#1527 = DIRECTION('',(1.,0.,-0.));
#1528 = ORIENTED_EDGE('',*,*,#1529,.F.);
#1529 = EDGE_CURVE('',#1530,#1521,#1532,.T.);
#1530 = VERTEX_POINT('',#1531);
#1531 = CARTESIAN_POINT('',(-0.996194698092,-8.715574274766E-02,1.1));
#1532 = CIRCLE('',#1533,8.723877473067E-02);
#1533 = AXIS2_PLACEMENT_3D('',#1534,#1535,#1536);
#1534 = CARTESIAN_POINT('',(-1.,-3.794707603699E-16,1.1));
#1535 = DIRECTION('',(0.,0.,1.));
#1536 = DIRECTION('',(1.,0.,-0.));
#1537 = ORIENTED_EDGE('',*,*,#1538,.T.);
#1538 = EDGE_CURVE('',#1530,#1539,#1541,.T.);
#1539 = VERTEX_POINT('',#1540);
#1540 = CARTESIAN_POINT('',(-0.965925826289,-0.258819045103,1.1));
#1541 = CIRCLE('',#1542,8.723877473067E-02);
#1542 = AXIS2_PLACEMENT_3D('',#1543,#1544,#1545);
#1543 = CARTESIAN_POINT('',(-0.984807753012,-0.173648177667,1.1));
#1544 = DIRECTION('',(0.,0.,1.));
#1545 = DIRECTION('',(1.,0.,-0.));
#1546 = ORIENTED_EDGE('',*,*,#1547,.F.);
#1547 = EDGE_CURVE('',#1548,#1539,#1550,.T.);
#1548 = VERTEX_POINT('',#1549);
#1549 = CARTESIAN_POINT('',(-0.906307787037,-0.422618261741,1.1));
#1550 = CIRCLE('',#1551,8.723877473067E-02);
#1551 = AXIS2_PLACEMENT_3D('',#1552,#1553,#1554);
#1552 = CARTESIAN_POINT('',(-0.939692620786,-0.342020143326,1.1));
#1553 = DIRECTION('',(0.,0.,1.));
#1554 = DIRECTION('',(1.,0.,-0.));
#1555 = ORIENTED_EDGE('',*,*,#1556,.T.);
#1556 = EDGE_CURVE('',#1548,#1557,#1559,.T.);
#1557 = VERTEX_POINT('',#1558);
#1558 = CARTESIAN_POINT('',(-0.819152044289,-0.573576436351,1.1));
#1559 = CIRCLE('',#1560,8.723877473067E-02);
#1560 = AXIS2_PLACEMENT_3D('',#1561,#1562,#1563);
#1561 = CARTESIAN_POINT('',(-0.866025403784,-0.5,1.1));
#1562 = DIRECTION('',(0.,0.,1.));
#1563 = DIRECTION('',(1.,0.,-0.));
#1564 = ORIENTED_EDGE('',*,*,#1565,.F.);
#1565 = EDGE_CURVE('',#1566,#1557,#1568,.T.);
#1566 = VERTEX_POINT('',#1567);
#1567 = CARTESIAN_POINT('',(-0.707106781187,-0.707106781187,1.1));
#1568 = CIRCLE('',#1569,8.723877473067E-02);
#1569 = AXIS2_PLACEMENT_3D('',#1570,#1571,#1572);
#1570 = CARTESIAN_POINT('',(-0.766044443119,-0.642787609687,1.1));
#1571 = DIRECTION('',(0.,0.,1.));
#1572 = DIRECTION('',(1.,0.,-0.));
#1573 = ORIENTED_EDGE('',*,*,#1574,.T.);
#1574 = EDGE_CURVE('',#1566,#1575,#1577,.T.);
#1575 = VERTEX_POINT('',#1576);
#1576 = CARTESIAN_POINT('',(-0.573576436351,-0.819152044289,1.1));
#1577 = CIRCLE('',#1578,8.723877473067E-02);
#1578 = AXIS2_PLACEMENT_3D('',#1579,#1580,#1581);
#1579 = CARTESIAN_POINT('',(-0.642787609687,-0.766044443119,1.1));
#1580 = DIRECTION('',(0.,0.,1.));
#1581 = DIRECTION('',(1.,0.,-0.));
#1582 = ORIENTED_EDGE('',*,*,#1583,.F.);
#1583 = EDGE_CURVE('',#1584,#1575,#1586,.T.);
#1584 = VERTEX_POINT('',#1585);
#1585 = CARTESIAN_POINT('',(-0.422618261741,-0.906307787037,1.1));
#1586 = CIRCLE('',#1587,8.723877473067E-02);
#1587 = AXIS2_PLACEMENT_3D('',#1588,#1589,#1590);
#1588 = CARTESIAN_POINT('',(-0.5,-0.866025403784,1.1));
#1589 = DIRECTION('',(0.,0.,1.));
#1590 = DIRECTION('',(1.,0.,-0.));
#1591 = ORIENTED_EDGE('',*,*,#1592,.T.);
#1592 = EDGE_CURVE('',#1584,#1593,#1595,.T.);
#1593 = VERTEX_POINT('',#1594);
#1594 = CARTESIAN_POINT('',(-0.258819045103,-0.965925826289,1.1));
#1595 = CIRCLE('',#1596,8.723877473067E-02);
#1596 = AXIS2_PLACEMENT_3D('',#1597,#1598,#1599);
#1597 = CARTESIAN_POINT('',(-0.342020143326,-0.939692620786,1.1));
#1598 = DIRECTION('',(0.,0.,1.));
#1599 = DIRECTION('',(1.,0.,-0.));
#1600 = ORIENTED_EDGE('',*,*,#1601,.F.);
#1601 = EDGE_CURVE('',#1602,#1593,#1604,.T.);
#1602 = VERTEX_POINT('',#1603);
#1603 = CARTESIAN_POINT('',(-8.715574274766E-02,-0.996194698092,1.1));
#1604 = CIRCLE('',#1605,8.723877473067E-02);
#1605 = AXIS2_PLACEMENT_3D('',#1606,#1607,#1608);
#1606 = CARTESIAN_POINT('',(-0.173648177667,-0.984807753012,1.1));
#1607 = DIRECTION('',(0.,0.,1.));
#1608 = DIRECTION('',(1.,0.,-0.));
#1609 = ORIENTED_EDGE('',*,*,#1610,.T.);
#1610 = EDGE_CURVE('',#1602,#1611,#1613,.T.);
#1611 = VERTEX_POINT('',#1612);
#1612 = CARTESIAN_POINT('',(8.715574274766E-02,-0.996194698092,1.1));
#1613 = CIRCLE('',#1614,8.723877473067E-02);
#1614 = AXIS2_PLACEMENT_3D('',#1615,#1616,#1617);
#1615 = CARTESIAN_POINT('',(2.186001404625E-18,-1.,1.1));
#1616 = DIRECTION('',(0.,0.,1.));
#1617 = DIRECTION('',(1.,0.,-0.));
#1618 = ORIENTED_EDGE('',*,*,#1619,.F.);
#1619 = EDGE_CURVE('',#1620,#1611,#1622,.T.);
#1620 = VERTEX_POINT('',#1621);
#1621 = CARTESIAN_POINT('',(0.258819045103,-0.965925826289,1.1));
#1622 = CIRCLE('',#1623,8.723877473067E-02);
#1623 = AXIS2_PLACEMENT_3D('',#1624,#1625,#1626);
#1624 = CARTESIAN_POINT('',(0.173648177667,-0.984807753012,1.1));
#1625 = DIRECTION('',(0.,0.,1.));
#1626 = DIRECTION('',(1.,0.,-0.));
#1627 = ORIENTED_EDGE('',*,*,#1628,.T.);
#1628 = EDGE_CURVE('',#1620,#1629,#1631,.T.);
#1629 = VERTEX_POINT('',#1630);
#1630 = CARTESIAN_POINT('',(0.422618261741,-0.906307787037,1.1));
#1631 = CIRCLE('',#1632,8.723877473067E-02);
#1632 = AXIS2_PLACEMENT_3D('',#1633,#1634,#1635);
#1633 = CARTESIAN_POINT('',(0.342020143326,-0.939692620786,1.1));
#1634 = DIRECTION('',(0.,0.,1.));
#1635 = DIRECTION('',(1.,0.,-0.));
#1636 = ORIENTED_EDGE('',*,*,#1637,.F.);
#1637 = EDGE_CURVE('',#1638,#1629,#1640,.T.);
#1638 = VERTEX_POINT('',#1639);
#1639 = CARTESIAN_POINT('',(0.573576436351,-0.819152044289,1.1));
#1640 = CIRCLE('',#1641,8.723877473067E-02);
#1641 = AXIS2_PLACEMENT_3D('',#1642,#1643,#1644);
#1642 = CARTESIAN_POINT('',(0.5,-0.866025403784,1.1));
#1643 = DIRECTION('',(0.,0.,1.));
#1644 = DIRECTION('',(1.,0.,-0.));
#1645 = ORIENTED_EDGE('',*,*,#1646,.T.);
#1646 = EDGE_CURVE('',#1638,#1647,#1649,.T.);
#1647 = VERTEX_POINT('',#1648);
#1648 = CARTESIAN_POINT('',(0.707106781187,-0.707106781187,1.1));
#1649 = CIRCLE('',#1650,8.723877473067E-02);
#1650 = AXIS2_PLACEMENT_3D('',#1651,#1652,#1653);
#1651 = CARTESIAN_POINT('',(0.642787609687,-0.766044443119,1.1));
#1652 = DIRECTION('',(0.,0.,1.));
#1653 = DIRECTION('',(1.,0.,-0.));
#1654 = ORIENTED_EDGE('',*,*,#1655,.F.);
#1655 = EDGE_CURVE('',#1656,#1647,#1658,.T.);
#1656 = VERTEX_POINT('',#1657);
#1657 = CARTESIAN_POINT('',(0.819152044289,-0.573576436351,1.1));
#1658 = CIRCLE('',#1659,8.723877473067E-02);
#1659 = AXIS2_PLACEMENT_3D('',#1660,#1661,#1662);
#1660 = CARTESIAN_POINT('',(0.766044443119,-0.642787609687,1.1));
#1661 = DIRECTION('',(0.,0.,1.));
#1662 = DIRECTION('',(1.,0.,-0.));
#1663 = ORIENTED_EDGE('',*,*,#1664,.T.);
#1664 = EDGE_CURVE('',#1656,#1665,#1667,.T.);
#1665 = VERTEX_POINT('',#1666);
#1666 = CARTESIAN_POINT('',(0.906307787037,-0.422618261741,1.1));
#1667 = CIRCLE('',#1668,8.723877473067E-02);
#1668 = AXIS2_PLACEMENT_3D('',#1669,#1670,#1671);
#1669 = CARTESIAN_POINT('',(0.866025403784,-0.5,1.1));
#1670 = DIRECTION('',(0.,0.,1.));
#1671 = DIRECTION('',(1.,0.,-0.));
#1672 = ORIENTED_EDGE('',*,*,#1673,.F.);
#1673 = EDGE_CURVE('',#1357,#1665,#1674,.T.);
#1674 = CIRCLE('',#1675,8.723877473067E-02);
#1675 = AXIS2_PLACEMENT_3D('',#1676,#1677,#1678);
#1676 = CARTESIAN_POINT('',(0.939692620786,-0.342020143326,1.1));
#1677 = DIRECTION('',(0.,0.,1.));
#1678 = DIRECTION('',(1.,0.,-0.));
#1679 = PLANE('',#1680);
#1680 = AXIS2_PLACEMENT_3D('',#1681,#1682,#1683);
#1681 = CARTESIAN_POINT('',(0.,0.937238774731,1.1));
#1682 = DIRECTION('',(0.,0.,1.));
#1683 = DIRECTION('',(1.,0.,-0.));
#1684 = ADVANCED_FACE('',(#1685),#1695,.T.);
#1685 = FACE_BOUND('',#1686,.T.);
#1686 = EDGE_LOOP('',(#1687,#1688,#1693,#1694));
#1687 = ORIENTED_EDGE('',*,*,#1345,.F.);
#1688 = ORIENTED_EDGE('',*,*,#1689,.F.);
#1689 = EDGE_CURVE('',#1329,#1346,#1690,.T.);
#1690 = B_SPLINE_CURVE_WITH_KNOTS('',1,(#1691,#1692),.UNSPECIFIED.,.F.,
  .F.,(2,2),(-0.4,0.4),.PIECEWISE_BEZIER_KNOTS.);
#1691 = CARTESIAN_POINT('',(-0.787238774731,-1.928178891277E-16,1.9));
#1692 = CARTESIAN_POINT('',(-0.787238774731,-1.928178891277E-16,1.1));
#1693 = ORIENTED_EDGE('',*,*,#1328,.T.);
#1694 = ORIENTED_EDGE('',*,*,#1689,.T.);
#1695 = CYLINDRICAL_SURFACE('',#1696,0.787238774731);
#1696 = AXIS2_PLACEMENT_3D('',#1697,#1698,#1699);
#1697 = CARTESIAN_POINT('',(0.,0.,1.5));
#1698 = DIRECTION('',(0.,0.,-1.));
#1699 = DIRECTION('',(-1.,0.,0.));
#1700 = ADVANCED_FACE('',(#1701),#1719,.F.);
#1701 = FACE_BOUND('',#1702,.F.);
#1702 = EDGE_LOOP('',(#1703,#1712,#1717,#1718));
#1703 = ORIENTED_EDGE('',*,*,#1704,.F.);
#1704 = EDGE_CURVE('',#1705,#1705,#1707,.T.);
#1705 = VERTEX_POINT('',#1706);
#1706 = CARTESIAN_POINT('',(-0.5,0.,0.));
#1707 = CIRCLE('',#1708,0.5);
#1708 = AXIS2_PLACEMENT_3D('',#1709,#1710,#1711);
#1709 = CARTESIAN_POINT('',(0.,0.,0.));
#1710 = DIRECTION('',(0.,0.,-1.));
#1711 = DIRECTION('',(-1.,0.,0.));
#1712 = ORIENTED_EDGE('',*,*,#1713,.F.);
#1713 = EDGE_CURVE('',#156,#1705,#1714,.T.);
#1714 = B_SPLINE_CURVE_WITH_KNOTS('',1,(#1715,#1716),.UNSPECIFIED.,.F.,
  .F.,(2,2),(-1.5,1.5),.PIECEWISE_BEZIER_KNOTS.);
#1715 = CARTESIAN_POINT('',(-0.5,-1.224646799147E-16,3.));
#1716 = CARTESIAN_POINT('',(-0.5,-1.224646799147E-16,0.));
#1717 = ORIENTED_EDGE('',*,*,#155,.T.);
#1718 = ORIENTED_EDGE('',*,*,#1713,.T.);
#1719 = CYLINDRICAL_SURFACE('',#1720,0.5);
#1720 = AXIS2_PLACEMENT_3D('',#1721,#1722,#1723);
#1721 = CARTESIAN_POINT('',(0.,0.,1.5));
#1722 = DIRECTION('',(0.,0.,-1.));
#1723 = DIRECTION('',(-1.,0.,0.));
#1724 = ADVANCED_FACE('',(#1725),#1751,.T.);
#1725 = FACE_BOUND('',#1726,.T.);
#1726 = EDGE_LOOP('',(#1727,#1735,#1736,#1744));
#1727 = ORIENTED_EDGE('',*,*,#1728,.F.);
#1728 = EDGE_CURVE('',#1467,#1729,#1731,.T.);
#1729 = VERTEX_POINT('',#1730);
#1730 = CARTESIAN_POINT('',(-0.422618261741,0.906307787037,0.));
#1731 = LINE('',#1732,#1733);
#1732 = CARTESIAN_POINT('',(-0.422618261741,0.906307787037,3.));
#1733 = VECTOR('',#1734,1.);
#1734 = DIRECTION('',(0.,0.,-1.));
#1735 = ORIENTED_EDGE('',*,*,#1466,.F.);
#1736 = ORIENTED_EDGE('',*,*,#1737,.T.);
#1737 = EDGE_CURVE('',#1458,#1738,#1740,.T.);
#1738 = VERTEX_POINT('',#1739);
#1739 = CARTESIAN_POINT('',(-0.258819045103,0.965925826289,0.));
#1740 = LINE('',#1741,#1742);
#1741 = CARTESIAN_POINT('',(-0.258819045103,0.965925826289,3.));
#1742 = VECTOR('',#1743,1.);
#1743 = DIRECTION('',(0.,0.,-1.));
#1744 = ORIENTED_EDGE('',*,*,#1745,.T.);
#1745 = EDGE_CURVE('',#1738,#1729,#1746,.T.);
#1746 = CIRCLE('',#1747,8.723877473067E-02);
#1747 = AXIS2_PLACEMENT_3D('',#1748,#1749,#1750);
#1748 = CARTESIAN_POINT('',(-0.342020143326,0.939692620786,0.));
#1749 = DIRECTION('',(0.,0.,1.));
#1750 = DIRECTION('',(0.939692620786,0.342020143326,-0.));
#1751 = CYLINDRICAL_SURFACE('',#1752,8.723877473067E-02);
#1752 = AXIS2_PLACEMENT_3D('',#1753,#1754,#1755);
#1753 = CARTESIAN_POINT('',(-0.342020143326,0.939692620786,3.));
#1754 = DIRECTION('',(0.,0.,-1.));
#1755 = DIRECTION('',(-0.939692620786,-0.342020143326,-0.));
#1756 = ADVANCED_FACE('',(#1757),#1783,.T.);
#1757 = FACE_BOUND('',#1758,.T.);
#1758 = EDGE_LOOP('',(#1759,#1760,#1768,#1777));
#1759 = ORIENTED_EDGE('',*,*,#1484,.F.);
#1760 = ORIENTED_EDGE('',*,*,#1761,.T.);
#1761 = EDGE_CURVE('',#1476,#1762,#1764,.T.);
#1762 = VERTEX_POINT('',#1763);
#1763 = CARTESIAN_POINT('',(-0.573576436351,0.819152044289,0.));
#1764 = LINE('',#1765,#1766);
#1765 = CARTESIAN_POINT('',(-0.573576436351,0.819152044289,3.));
#1766 = VECTOR('',#1767,1.);
#1767 = DIRECTION('',(0.,0.,-1.));
#1768 = ORIENTED_EDGE('',*,*,#1769,.T.);
#1769 = EDGE_CURVE('',#1762,#1770,#1772,.T.);
#1770 = VERTEX_POINT('',#1771);
#1771 = CARTESIAN_POINT('',(-0.707106781187,0.707106781187,0.));
#1772 = CIRCLE('',#1773,8.723877473067E-02);
#1773 = AXIS2_PLACEMENT_3D('',#1774,#1775,#1776);
#1774 = CARTESIAN_POINT('',(-0.642787609687,0.766044443119,0.));
#1775 = DIRECTION('',(0.,0.,1.));
#1776 = DIRECTION('',(0.766044443119,0.642787609687,-0.));
#1777 = ORIENTED_EDGE('',*,*,#1778,.F.);
#1778 = EDGE_CURVE('',#1485,#1770,#1779,.T.);
#1779 = LINE('',#1780,#1781);
#1780 = CARTESIAN_POINT('',(-0.707106781187,0.707106781187,3.));
#1781 = VECTOR('',#1782,1.);
#1782 = DIRECTION('',(0.,0.,-1.));
#1783 = CYLINDRICAL_SURFACE('',#1784,8.723877473067E-02);
#1784 = AXIS2_PLACEMENT_3D('',#1785,#1786,#1787);
#1785 = CARTESIAN_POINT('',(-0.642787609687,0.766044443119,3.));
#1786 = DIRECTION('',(0.,0.,-1.));
#1787 = DIRECTION('',(-0.766044443119,-0.642787609687,-0.));
#1788 = ADVANCED_FACE('',(#1789),#1801,.F.);
#1789 = FACE_BOUND('',#1790,.F.);
#1790 = EDGE_LOOP('',(#1791,#1798,#1799,#1800));
#1791 = ORIENTED_EDGE('',*,*,#1792,.T.);
#1792 = EDGE_CURVE('',#1762,#1729,#1793,.T.);
#1793 = CIRCLE('',#1794,8.723877473067E-02);
#1794 = AXIS2_PLACEMENT_3D('',#1795,#1796,#1797);
#1795 = CARTESIAN_POINT('',(-0.5,0.866025403784,0.));
#1796 = DIRECTION('',(0.,0.,1.));
#1797 = DIRECTION('',(0.766044443119,0.642787609687,-0.));
#1798 = ORIENTED_EDGE('',*,*,#1728,.F.);
#1799 = ORIENTED_EDGE('',*,*,#1475,.F.);
#1800 = ORIENTED_EDGE('',*,*,#1761,.T.);
#1801 = CYLINDRICAL_SURFACE('',#1802,8.723877473067E-02);
#1802 = AXIS2_PLACEMENT_3D('',#1803,#1804,#1805);
#1803 = CARTESIAN_POINT('',(-0.5,0.866025403784,3.));
#1804 = DIRECTION('',(0.,0.,-1.));
#1805 = DIRECTION('',(-0.766044443119,-0.642787609687,-0.));
#1806 = ADVANCED_FACE('',(#1807),#1833,.T.);
#1807 = FACE_BOUND('',#1808,.T.);
#1808 = EDGE_LOOP('',(#1809,#1810,#1818,#1827));
#1809 = ORIENTED_EDGE('',*,*,#1502,.F.);
#1810 = ORIENTED_EDGE('',*,*,#1811,.T.);
#1811 = EDGE_CURVE('',#1494,#1812,#1814,.T.);
#1812 = VERTEX_POINT('',#1813);
#1813 = CARTESIAN_POINT('',(-0.819152044289,0.573576436351,0.));
#1814 = LINE('',#1815,#1816);
#1815 = CARTESIAN_POINT('',(-0.819152044289,0.573576436351,3.));
#1816 = VECTOR('',#1817,1.);
#1817 = DIRECTION('',(0.,0.,-1.));
#1818 = ORIENTED_EDGE('',*,*,#1819,.T.);
#1819 = EDGE_CURVE('',#1812,#1820,#1822,.T.);
#1820 = VERTEX_POINT('',#1821);
#1821 = CARTESIAN_POINT('',(-0.906307787037,0.422618261741,0.));
#1822 = CIRCLE('',#1823,8.723877473067E-02);
#1823 = AXIS2_PLACEMENT_3D('',#1824,#1825,#1826);
#1824 = CARTESIAN_POINT('',(-0.866025403784,0.5,0.));
#1825 = DIRECTION('',(0.,0.,1.));
#1826 = DIRECTION('',(0.5,0.866025403784,-0.));
#1827 = ORIENTED_EDGE('',*,*,#1828,.F.);
#1828 = EDGE_CURVE('',#1503,#1820,#1829,.T.);
#1829 = LINE('',#1830,#1831);
#1830 = CARTESIAN_POINT('',(-0.906307787037,0.422618261741,3.));
#1831 = VECTOR('',#1832,1.);
#1832 = DIRECTION('',(0.,0.,-1.));
#1833 = CYLINDRICAL_SURFACE('',#1834,8.723877473067E-02);
#1834 = AXIS2_PLACEMENT_3D('',#1835,#1836,#1837);
#1835 = CARTESIAN_POINT('',(-0.866025403784,0.5,3.));
#1836 = DIRECTION('',(0.,0.,-1.));
#1837 = DIRECTION('',(-0.5,-0.866025403784,-0.));
#1838 = ADVANCED_FACE('',(#1839),#1851,.F.);
#1839 = FACE_BOUND('',#1840,.F.);
#1840 = EDGE_LOOP('',(#1841,#1848,#1849,#1850));
#1841 = ORIENTED_EDGE('',*,*,#1842,.T.);
#1842 = EDGE_CURVE('',#1812,#1770,#1843,.T.);
#1843 = CIRCLE('',#1844,8.723877473067E-02);
#1844 = AXIS2_PLACEMENT_3D('',#1845,#1846,#1847);
#1845 = CARTESIAN_POINT('',(-0.766044443119,0.642787609687,0.));
#1846 = DIRECTION('',(0.,0.,1.));
#1847 = DIRECTION('',(0.5,0.866025403784,-0.));
#1848 = ORIENTED_EDGE('',*,*,#1778,.F.);
#1849 = ORIENTED_EDGE('',*,*,#1493,.F.);
#1850 = ORIENTED_EDGE('',*,*,#1811,.T.);
#1851 = CYLINDRICAL_SURFACE('',#1852,8.723877473067E-02);
#1852 = AXIS2_PLACEMENT_3D('',#1853,#1854,#1855);
#1853 = CARTESIAN_POINT('',(-0.766044443119,0.642787609687,3.));
#1854 = DIRECTION('',(0.,0.,-1.));
#1855 = DIRECTION('',(-0.5,-0.866025403784,-0.));
#1856 = ADVANCED_FACE('',(#1857),#1883,.T.);
#1857 = FACE_BOUND('',#1858,.T.);
#1858 = EDGE_LOOP('',(#1859,#1860,#1868,#1877));
#1859 = ORIENTED_EDGE('',*,*,#1520,.F.);
#1860 = ORIENTED_EDGE('',*,*,#1861,.T.);
#1861 = EDGE_CURVE('',#1512,#1862,#1864,.T.);
#1862 = VERTEX_POINT('',#1863);
#1863 = CARTESIAN_POINT('',(-0.965925826289,0.258819045103,0.));
#1864 = LINE('',#1865,#1866);
#1865 = CARTESIAN_POINT('',(-0.965925826289,0.258819045103,3.));
#1866 = VECTOR('',#1867,1.);
#1867 = DIRECTION('',(0.,0.,-1.));
#1868 = ORIENTED_EDGE('',*,*,#1869,.T.);
#1869 = EDGE_CURVE('',#1862,#1870,#1872,.T.);
#1870 = VERTEX_POINT('',#1871);
#1871 = CARTESIAN_POINT('',(-0.996194698092,8.715574274766E-02,0.));
#1872 = CIRCLE('',#1873,8.723877473067E-02);
#1873 = AXIS2_PLACEMENT_3D('',#1874,#1875,#1876);
#1874 = CARTESIAN_POINT('',(-0.984807753012,0.173648177667,0.));
#1875 = DIRECTION('',(0.,0.,1.));
#1876 = DIRECTION('',(0.173648177667,0.984807753012,-0.));
#1877 = ORIENTED_EDGE('',*,*,#1878,.F.);
#1878 = EDGE_CURVE('',#1521,#1870,#1879,.T.);
#1879 = LINE('',#1880,#1881);
#1880 = CARTESIAN_POINT('',(-0.996194698092,8.715574274766E-02,3.));
#1881 = VECTOR('',#1882,1.);
#1882 = DIRECTION('',(0.,0.,-1.));
#1883 = CYLINDRICAL_SURFACE('',#1884,8.723877473067E-02);
#1884 = AXIS2_PLACEMENT_3D('',#1885,#1886,#1887);
#1885 = CARTESIAN_POINT('',(-0.984807753012,0.173648177667,3.));
#1886 = DIRECTION('',(0.,0.,-1.));
#1887 = DIRECTION('',(-0.173648177667,-0.984807753012,-0.));
#1888 = ADVANCED_FACE('',(#1889),#1901,.F.);
#1889 = FACE_BOUND('',#1890,.F.);
#1890 = EDGE_LOOP('',(#1891,#1898,#1899,#1900));
#1891 = ORIENTED_EDGE('',*,*,#1892,.T.);
#1892 = EDGE_CURVE('',#1862,#1820,#1893,.T.);
#1893 = CIRCLE('',#1894,8.723877473067E-02);
#1894 = AXIS2_PLACEMENT_3D('',#1895,#1896,#1897);
#1895 = CARTESIAN_POINT('',(-0.939692620786,0.342020143326,0.));
#1896 = DIRECTION('',(0.,0.,1.));
#1897 = DIRECTION('',(0.173648177667,0.984807753012,-0.));
#1898 = ORIENTED_EDGE('',*,*,#1828,.F.);
#1899 = ORIENTED_EDGE('',*,*,#1511,.F.);
#1900 = ORIENTED_EDGE('',*,*,#1861,.T.);
#1901 = CYLINDRICAL_SURFACE('',#1902,8.723877473067E-02);
#1902 = AXIS2_PLACEMENT_3D('',#1903,#1904,#1905);
#1903 = CARTESIAN_POINT('',(-0.939692620786,0.342020143326,3.));
#1904 = DIRECTION('',(0.,0.,-1.));
#1905 = DIRECTION('',(-0.173648177667,-0.984807753012,-0.));
#1906 = ADVANCED_FACE('',(#1907),#1933,.T.);
#1907 = FACE_BOUND('',#1908,.T.);
#1908 = EDGE_LOOP('',(#1909,#1910,#1918,#1927));
#1909 = ORIENTED_EDGE('',*,*,#1538,.F.);
#1910 = ORIENTED_EDGE('',*,*,#1911,.T.);
#1911 = EDGE_CURVE('',#1530,#1912,#1914,.T.);
#1912 = VERTEX_POINT('',#1913);
#1913 = CARTESIAN_POINT('',(-0.996194698092,-8.715574274766E-02,0.));
#1914 = LINE('',#1915,#1916);
#1915 = CARTESIAN_POINT('',(-0.996194698092,-8.715574274766E-02,3.));
#1916 = VECTOR('',#1917,1.);
#1917 = DIRECTION('',(0.,0.,-1.));
#1918 = ORIENTED_EDGE('',*,*,#1919,.T.);
#1919 = EDGE_CURVE('',#1912,#1920,#1922,.T.);
#1920 = VERTEX_POINT('',#1921);
#1921 = CARTESIAN_POINT('',(-0.965925826289,-0.258819045103,0.));
#1922 = CIRCLE('',#1923,8.723877473067E-02);
#1923 = AXIS2_PLACEMENT_3D('',#1924,#1925,#1926);
#1924 = CARTESIAN_POINT('',(-0.984807753012,-0.173648177667,0.));
#1925 = DIRECTION('',(0.,0.,1.));
#1926 = DIRECTION('',(-0.173648177667,0.984807753012,0.));
#1927 = ORIENTED_EDGE('',*,*,#1928,.F.);
#1928 = EDGE_CURVE('',#1539,#1920,#1929,.T.);
#1929 = LINE('',#1930,#1931);
#1930 = CARTESIAN_POINT('',(-0.965925826289,-0.258819045103,3.));
#1931 = VECTOR('',#1932,1.);
#1932 = DIRECTION('',(0.,0.,-1.));
#1933 = CYLINDRICAL_SURFACE('',#1934,8.723877473067E-02);
#1934 = AXIS2_PLACEMENT_3D('',#1935,#1936,#1937);
#1935 = CARTESIAN_POINT('',(-0.984807753012,-0.173648177667,3.));
#1936 = DIRECTION('',(0.,0.,-1.));
#1937 = DIRECTION('',(0.173648177667,-0.984807753012,0.));
#1938 = ADVANCED_FACE('',(#1939),#1951,.F.);
#1939 = FACE_BOUND('',#1940,.F.);
#1940 = EDGE_LOOP('',(#1941,#1948,#1949,#1950));
#1941 = ORIENTED_EDGE('',*,*,#1942,.T.);
#1942 = EDGE_CURVE('',#1912,#1870,#1943,.T.);
#1943 = CIRCLE('',#1944,8.723877473067E-02);
#1944 = AXIS2_PLACEMENT_3D('',#1945,#1946,#1947);
#1945 = CARTESIAN_POINT('',(-1.,-3.794707603699E-16,0.));
#1946 = DIRECTION('',(0.,0.,1.));
#1947 = DIRECTION('',(-0.173648177667,0.984807753012,0.));
#1948 = ORIENTED_EDGE('',*,*,#1878,.F.);
#1949 = ORIENTED_EDGE('',*,*,#1529,.F.);
#1950 = ORIENTED_EDGE('',*,*,#1911,.T.);
#1951 = CYLINDRICAL_SURFACE('',#1952,8.723877473067E-02);
#1952 = AXIS2_PLACEMENT_3D('',#1953,#1954,#1955);
#1953 = CARTESIAN_POINT('',(-1.,-3.794707603699E-16,3.));
#1954 = DIRECTION('',(0.,0.,-1.));
#1955 = DIRECTION('',(0.173648177667,-0.984807753012,0.));
#1956 = ADVANCED_FACE('',(#1957),#1983,.T.);
#1957 = FACE_BOUND('',#1958,.T.);
#1958 = EDGE_LOOP('',(#1959,#1960,#1968,#1977));
#1959 = ORIENTED_EDGE('',*,*,#1556,.F.);
#1960 = ORIENTED_EDGE('',*,*,#1961,.T.);
#1961 = EDGE_CURVE('',#1548,#1962,#1964,.T.);
#1962 = VERTEX_POINT('',#1963);
#1963 = CARTESIAN_POINT('',(-0.906307787037,-0.422618261741,0.));
#1964 = LINE('',#1965,#1966);
#1965 = CARTESIAN_POINT('',(-0.906307787037,-0.422618261741,3.));
#1966 = VECTOR('',#1967,1.);
#1967 = DIRECTION('',(0.,0.,-1.));
#1968 = ORIENTED_EDGE('',*,*,#1969,.T.);
#1969 = EDGE_CURVE('',#1962,#1970,#1972,.T.);
#1970 = VERTEX_POINT('',#1971);
#1971 = CARTESIAN_POINT('',(-0.819152044289,-0.573576436351,0.));
#1972 = CIRCLE('',#1973,8.723877473067E-02);
#1973 = AXIS2_PLACEMENT_3D('',#1974,#1975,#1976);
#1974 = CARTESIAN_POINT('',(-0.866025403784,-0.5,0.));
#1975 = DIRECTION('',(0.,0.,1.));
#1976 = DIRECTION('',(-0.5,0.866025403784,0.));
#1977 = ORIENTED_EDGE('',*,*,#1978,.F.);
#1978 = EDGE_CURVE('',#1557,#1970,#1979,.T.);
#1979 = LINE('',#1980,#1981);
#1980 = CARTESIAN_POINT('',(-0.819152044289,-0.573576436351,3.));
#1981 = VECTOR('',#1982,1.);
#1982 = DIRECTION('',(0.,0.,-1.));
#1983 = CYLINDRICAL_SURFACE('',#1984,8.723877473067E-02);
#1984 = AXIS2_PLACEMENT_3D('',#1985,#1986,#1987);
#1985 = CARTESIAN_POINT('',(-0.866025403784,-0.5,3.));
#1986 = DIRECTION('',(0.,0.,-1.));
#1987 = DIRECTION('',(0.5,-0.866025403784,0.));
#1988 = ADVANCED_FACE('',(#1989),#2001,.F.);
#1989 = FACE_BOUND('',#1990,.F.);
#1990 = EDGE_LOOP('',(#1991,#1998,#1999,#2000));
#1991 = ORIENTED_EDGE('',*,*,#1992,.T.);
#1992 = EDGE_CURVE('',#1962,#1920,#1993,.T.);
#1993 = CIRCLE('',#1994,8.723877473067E-02);
#1994 = AXIS2_PLACEMENT_3D('',#1995,#1996,#1997);
#1995 = CARTESIAN_POINT('',(-0.939692620786,-0.342020143326,0.));
#1996 = DIRECTION('',(0.,0.,1.));
#1997 = DIRECTION('',(-0.5,0.866025403784,0.));
#1998 = ORIENTED_EDGE('',*,*,#1928,.F.);
#1999 = ORIENTED_EDGE('',*,*,#1547,.F.);
#2000 = ORIENTED_EDGE('',*,*,#1961,.T.);
#2001 = CYLINDRICAL_SURFACE('',#2002,8.723877473067E-02);
#2002 = AXIS2_PLACEMENT_3D('',#2003,#2004,#2005);
#2003 = CARTESIAN_POINT('',(-0.939692620786,-0.342020143326,3.));
#2004 = DIRECTION('',(0.,0.,-1.));
#2005 = DIRECTION('',(0.5,-0.866025403784,0.));
#2006 = ADVANCED_FACE('',(#2007),#2033,.T.);
#2007 = FACE_BOUND('',#2008,.T.);
#2008 = EDGE_LOOP('',(#2009,#2010,#2018,#2027));
#2009 = ORIENTED_EDGE('',*,*,#1574,.F.);
#2010 = ORIENTED_EDGE('',*,*,#2011,.T.);
#2011 = EDGE_CURVE('',#1566,#2012,#2014,.T.);
#2012 = VERTEX_POINT('',#2013);
#2013 = CARTESIAN_POINT('',(-0.707106781187,-0.707106781187,0.));
#2014 = LINE('',#2015,#2016);
#2015 = CARTESIAN_POINT('',(-0.707106781187,-0.707106781187,3.));
#2016 = VECTOR('',#2017,1.);
#2017 = DIRECTION('',(0.,0.,-1.));
#2018 = ORIENTED_EDGE('',*,*,#2019,.T.);
#2019 = EDGE_CURVE('',#2012,#2020,#2022,.T.);
#2020 = VERTEX_POINT('',#2021);
#2021 = CARTESIAN_POINT('',(-0.573576436351,-0.819152044289,0.));
#2022 = CIRCLE('',#2023,8.723877473067E-02);
#2023 = AXIS2_PLACEMENT_3D('',#2024,#2025,#2026);
#2024 = CARTESIAN_POINT('',(-0.642787609687,-0.766044443119,0.));
#2025 = DIRECTION('',(0.,0.,1.));
#2026 = DIRECTION('',(-0.766044443119,0.642787609687,0.));
#2027 = ORIENTED_EDGE('',*,*,#2028,.F.);
#2028 = EDGE_CURVE('',#1575,#2020,#2029,.T.);
#2029 = LINE('',#2030,#2031);
#2030 = CARTESIAN_POINT('',(-0.573576436351,-0.819152044289,3.));
#2031 = VECTOR('',#2032,1.);
#2032 = DIRECTION('',(0.,0.,-1.));
#2033 = CYLINDRICAL_SURFACE('',#2034,8.723877473067E-02);
#2034 = AXIS2_PLACEMENT_3D('',#2035,#2036,#2037);
#2035 = CARTESIAN_POINT('',(-0.642787609687,-0.766044443119,3.));
#2036 = DIRECTION('',(0.,0.,-1.));
#2037 = DIRECTION('',(0.766044443119,-0.642787609687,0.));
#2038 = ADVANCED_FACE('',(#2039),#2051,.F.);
#2039 = FACE_BOUND('',#2040,.F.);
#2040 = EDGE_LOOP('',(#2041,#2048,#2049,#2050));
#2041 = ORIENTED_EDGE('',*,*,#2042,.T.);
#2042 = EDGE_CURVE('',#2012,#1970,#2043,.T.);
#2043 = CIRCLE('',#2044,8.723877473067E-02);
#2044 = AXIS2_PLACEMENT_3D('',#2045,#2046,#2047);
#2045 = CARTESIAN_POINT('',(-0.766044443119,-0.642787609687,0.));
#2046 = DIRECTION('',(0.,0.,1.));
#2047 = DIRECTION('',(-0.766044443119,0.642787609687,0.));
#2048 = ORIENTED_EDGE('',*,*,#1978,.F.);
#2049 = ORIENTED_EDGE('',*,*,#1565,.F.);
#2050 = ORIENTED_EDGE('',*,*,#2011,.T.);
#2051 = CYLINDRICAL_SURFACE('',#2052,8.723877473067E-02);
#2052 = AXIS2_PLACEMENT_3D('',#2053,#2054,#2055);
#2053 = CARTESIAN_POINT('',(-0.766044443119,-0.642787609687,3.));
#2054 = DIRECTION('',(0.,0.,-1.));
#2055 = DIRECTION('',(0.766044443119,-0.642787609687,0.));
#2056 = ADVANCED_FACE('',(#2057),#2083,.T.);
#2057 = FACE_BOUND('',#2058,.T.);
#2058 = EDGE_LOOP('',(#2059,#2060,#2068,#2077));
#2059 = ORIENTED_EDGE('',*,*,#1592,.F.);
#2060 = ORIENTED_EDGE('',*,*,#2061,.T.);
#2061 = EDGE_CURVE('',#1584,#2062,#2064,.T.);
#2062 = VERTEX_POINT('',#2063);
#2063 = CARTESIAN_POINT('',(-0.422618261741,-0.906307787037,0.));
#2064 = LINE('',#2065,#2066);
#2065 = CARTESIAN_POINT('',(-0.422618261741,-0.906307787037,3.));
#2066 = VECTOR('',#2067,1.);
#2067 = DIRECTION('',(0.,0.,-1.));
#2068 = ORIENTED_EDGE('',*,*,#2069,.T.);
#2069 = EDGE_CURVE('',#2062,#2070,#2072,.T.);
#2070 = VERTEX_POINT('',#2071);
#2071 = CARTESIAN_POINT('',(-0.258819045103,-0.965925826289,0.));
#2072 = CIRCLE('',#2073,8.723877473067E-02);
#2073 = AXIS2_PLACEMENT_3D('',#2074,#2075,#2076);
#2074 = CARTESIAN_POINT('',(-0.342020143326,-0.939692620786,0.));
#2075 = DIRECTION('',(0.,0.,1.));
#2076 = DIRECTION('',(-0.939692620786,0.342020143326,0.));
#2077 = ORIENTED_EDGE('',*,*,#2078,.F.);
#2078 = EDGE_CURVE('',#1593,#2070,#2079,.T.);
#2079 = LINE('',#2080,#2081);
#2080 = CARTESIAN_POINT('',(-0.258819045103,-0.965925826289,3.));
#2081 = VECTOR('',#2082,1.);
#2082 = DIRECTION('',(0.,0.,-1.));
#2083 = CYLINDRICAL_SURFACE('',#2084,8.723877473067E-02);
#2084 = AXIS2_PLACEMENT_3D('',#2085,#2086,#2087);
#2085 = CARTESIAN_POINT('',(-0.342020143326,-0.939692620786,3.));
#2086 = DIRECTION('',(0.,0.,-1.));
#2087 = DIRECTION('',(0.939692620786,-0.342020143326,0.));
#2088 = ADVANCED_FACE('',(#2089),#2101,.F.);
#2089 = FACE_BOUND('',#2090,.F.);
#2090 = EDGE_LOOP('',(#2091,#2098,#2099,#2100));
#2091 = ORIENTED_EDGE('',*,*,#2092,.T.);
#2092 = EDGE_CURVE('',#2062,#2020,#2093,.T.);
#2093 = CIRCLE('',#2094,8.723877473067E-02);
#2094 = AXIS2_PLACEMENT_3D('',#2095,#2096,#2097);
#2095 = CARTESIAN_POINT('',(-0.5,-0.866025403784,0.));
#2096 = DIRECTION('',(0.,0.,1.));
#2097 = DIRECTION('',(-0.939692620786,0.342020143326,0.));
#2098 = ORIENTED_EDGE('',*,*,#2028,.F.);
#2099 = ORIENTED_EDGE('',*,*,#1583,.F.);
#2100 = ORIENTED_EDGE('',*,*,#2061,.T.);
#2101 = CYLINDRICAL_SURFACE('',#2102,8.723877473067E-02);
#2102 = AXIS2_PLACEMENT_3D('',#2103,#2104,#2105);
#2103 = CARTESIAN_POINT('',(-0.5,-0.866025403784,3.));
#2104 = DIRECTION('',(0.,0.,-1.));
#2105 = DIRECTION('',(0.939692620786,-0.342020143326,0.));
#2106 = ADVANCED_FACE('',(#2107),#2133,.T.);
#2107 = FACE_BOUND('',#2108,.T.);
#2108 = EDGE_LOOP('',(#2109,#2110,#2118,#2127));
#2109 = ORIENTED_EDGE('',*,*,#1610,.F.);
#2110 = ORIENTED_EDGE('',*,*,#2111,.T.);
#2111 = EDGE_CURVE('',#1602,#2112,#2114,.T.);
#2112 = VERTEX_POINT('',#2113);
#2113 = CARTESIAN_POINT('',(-8.715574274766E-02,-0.996194698092,0.));
#2114 = LINE('',#2115,#2116);
#2115 = CARTESIAN_POINT('',(-8.715574274766E-02,-0.996194698092,3.));
#2116 = VECTOR('',#2117,1.);
#2117 = DIRECTION('',(0.,0.,-1.));
#2118 = ORIENTED_EDGE('',*,*,#2119,.T.);
#2119 = EDGE_CURVE('',#2112,#2120,#2122,.T.);
#2120 = VERTEX_POINT('',#2121);
#2121 = CARTESIAN_POINT('',(8.715574274766E-02,-0.996194698092,0.));
#2122 = CIRCLE('',#2123,8.723877473067E-02);
#2123 = AXIS2_PLACEMENT_3D('',#2124,#2125,#2126);
#2124 = CARTESIAN_POINT('',(2.186001404625E-18,-1.,0.));
#2125 = DIRECTION('',(0.,0.,1.));
#2126 = DIRECTION('',(-1.,-1.224646799147E-16,0.));
#2127 = ORIENTED_EDGE('',*,*,#2128,.F.);
#2128 = EDGE_CURVE('',#1611,#2120,#2129,.T.);
#2129 = LINE('',#2130,#2131);
#2130 = CARTESIAN_POINT('',(8.715574274766E-02,-0.996194698092,3.));
#2131 = VECTOR('',#2132,1.);
#2132 = DIRECTION('',(0.,0.,-1.));
#2133 = CYLINDRICAL_SURFACE('',#2134,8.723877473067E-02);
#2134 = AXIS2_PLACEMENT_3D('',#2135,#2136,#2137);
#2135 = CARTESIAN_POINT('',(2.186001404625E-18,-1.,3.));
#2136 = DIRECTION('',(0.,0.,-1.));
#2137 = DIRECTION('',(1.,1.224646799147E-16,0.));
#2138 = ADVANCED_FACE('',(#2139),#2151,.F.);
#2139 = FACE_BOUND('',#2140,.F.);
#2140 = EDGE_LOOP('',(#2141,#2148,#2149,#2150));
#2141 = ORIENTED_EDGE('',*,*,#2142,.T.);
#2142 = EDGE_CURVE('',#2112,#2070,#2143,.T.);
#2143 = CIRCLE('',#2144,8.723877473067E-02);
#2144 = AXIS2_PLACEMENT_3D('',#2145,#2146,#2147);
#2145 = CARTESIAN_POINT('',(-0.173648177667,-0.984807753012,0.));
#2146 = DIRECTION('',(0.,0.,1.));
#2147 = DIRECTION('',(-1.,-1.224646799147E-16,0.));
#2148 = ORIENTED_EDGE('',*,*,#2078,.F.);
#2149 = ORIENTED_EDGE('',*,*,#1601,.F.);
#2150 = ORIENTED_EDGE('',*,*,#2111,.T.);
#2151 = CYLINDRICAL_SURFACE('',#2152,8.723877473067E-02);
#2152 = AXIS2_PLACEMENT_3D('',#2153,#2154,#2155);
#2153 = CARTESIAN_POINT('',(-0.173648177667,-0.984807753012,3.));
#2154 = DIRECTION('',(0.,0.,-1.));
#2155 = DIRECTION('',(1.,1.224646799147E-16,0.));
#2156 = ADVANCED_FACE('',(#2157),#2183,.T.);
#2157 = FACE_BOUND('',#2158,.T.);
#2158 = EDGE_LOOP('',(#2159,#2160,#2168,#2177));
#2159 = ORIENTED_EDGE('',*,*,#1628,.F.);
#2160 = ORIENTED_EDGE('',*,*,#2161,.T.);
#2161 = EDGE_CURVE('',#1620,#2162,#2164,.T.);
#2162 = VERTEX_POINT('',#2163);
#2163 = CARTESIAN_POINT('',(0.258819045103,-0.965925826289,0.));
#2164 = LINE('',#2165,#2166);
#2165 = CARTESIAN_POINT('',(0.258819045103,-0.965925826289,3.));
#2166 = VECTOR('',#2167,1.);
#2167 = DIRECTION('',(0.,0.,-1.));
#2168 = ORIENTED_EDGE('',*,*,#2169,.T.);
#2169 = EDGE_CURVE('',#2162,#2170,#2172,.T.);
#2170 = VERTEX_POINT('',#2171);
#2171 = CARTESIAN_POINT('',(0.422618261741,-0.906307787037,0.));
#2172 = CIRCLE('',#2173,8.723877473067E-02);
#2173 = AXIS2_PLACEMENT_3D('',#2174,#2175,#2176);
#2174 = CARTESIAN_POINT('',(0.342020143326,-0.939692620786,0.));
#2175 = DIRECTION('',(0.,0.,1.));
#2176 = DIRECTION('',(-0.939692620786,-0.342020143326,0.));
#2177 = ORIENTED_EDGE('',*,*,#2178,.F.);
#2178 = EDGE_CURVE('',#1629,#2170,#2179,.T.);
#2179 = LINE('',#2180,#2181);
#2180 = CARTESIAN_POINT('',(0.422618261741,-0.906307787037,3.));
#2181 = VECTOR('',#2182,1.);
#2182 = DIRECTION('',(0.,0.,-1.));
#2183 = CYLINDRICAL_SURFACE('',#2184,8.723877473067E-02);
#2184 = AXIS2_PLACEMENT_3D('',#2185,#2186,#2187);
#2185 = CARTESIAN_POINT('',(0.342020143326,-0.939692620786,3.));
#2186 = DIRECTION('',(0.,0.,-1.));
#2187 = DIRECTION('',(0.939692620786,0.342020143326,0.));
#2188 = ADVANCED_FACE('',(#2189),#2201,.F.);
#2189 = FACE_BOUND('',#2190,.F.);
#2190 = EDGE_LOOP('',(#2191,#2198,#2199,#2200));
#2191 = ORIENTED_EDGE('',*,*,#2192,.T.);
#2192 = EDGE_CURVE('',#2162,#2120,#2193,.T.);
#2193 = CIRCLE('',#2194,8.723877473067E-02);
#2194 = AXIS2_PLACEMENT_3D('',#2195,#2196,#2197);
#2195 = CARTESIAN_POINT('',(0.173648177667,-0.984807753012,0.));
#2196 = DIRECTION('',(0.,0.,1.));
#2197 = DIRECTION('',(-0.939692620786,-0.342020143326,0.));
#2198 = ORIENTED_EDGE('',*,*,#2128,.F.);
#2199 = ORIENTED_EDGE('',*,*,#1619,.F.);
#2200 = ORIENTED_EDGE('',*,*,#2161,.T.);
#2201 = CYLINDRICAL_SURFACE('',#2202,8.723877473067E-02);
#2202 = AXIS2_PLACEMENT_3D('',#2203,#2204,#2205);
#2203 = CARTESIAN_POINT('',(0.173648177667,-0.984807753012,3.));
#2204 = DIRECTION('',(0.,0.,-1.));
#2205 = DIRECTION('',(0.939692620786,0.342020143326,0.));
#2206 = ADVANCED_FACE('',(#2207),#2233,.T.);
#2207 = FACE_BOUND('',#2208,.T.);
#2208 = EDGE_LOOP('',(#2209,#2210,#2218,#2227));
#2209 = ORIENTED_EDGE('',*,*,#1646,.F.);
#2210 = ORIENTED_EDGE('',*,*,#2211,.T.);
#2211 = EDGE_CURVE('',#1638,#2212,#2214,.T.);
#2212 = VERTEX_POINT('',#2213);
#2213 = CARTESIAN_POINT('',(0.573576436351,-0.819152044289,0.));
#2214 = LINE('',#2215,#2216);
#2215 = CARTESIAN_POINT('',(0.573576436351,-0.819152044289,3.));
#2216 = VECTOR('',#2217,1.);
#2217 = DIRECTION('',(0.,0.,-1.));
#2218 = ORIENTED_EDGE('',*,*,#2219,.T.);
#2219 = EDGE_CURVE('',#2212,#2220,#2222,.T.);
#2220 = VERTEX_POINT('',#2221);
#2221 = CARTESIAN_POINT('',(0.707106781187,-0.707106781187,0.));
#2222 = CIRCLE('',#2223,8.723877473067E-02);
#2223 = AXIS2_PLACEMENT_3D('',#2224,#2225,#2226);
#2224 = CARTESIAN_POINT('',(0.642787609687,-0.766044443119,0.));
#2225 = DIRECTION('',(0.,0.,1.));
#2226 = DIRECTION('',(-0.766044443119,-0.642787609687,0.));
#2227 = ORIENTED_EDGE('',*,*,#2228,.F.);
#2228 = EDGE_CURVE('',#1647,#2220,#2229,.T.);
#2229 = LINE('',#2230,#2231);
#2230 = CARTESIAN_POINT('',(0.707106781187,-0.707106781187,3.));
#2231 = VECTOR('',#2232,1.);
#2232 = DIRECTION('',(0.,0.,-1.));
#2233 = CYLINDRICAL_SURFACE('',#2234,8.723877473067E-02);
#2234 = AXIS2_PLACEMENT_3D('',#2235,#2236,#2237);
#2235 = CARTESIAN_POINT('',(0.642787609687,-0.766044443119,3.));
#2236 = DIRECTION('',(0.,0.,-1.));
#2237 = DIRECTION('',(0.766044443119,0.642787609687,0.));
#2238 = ADVANCED_FACE('',(#2239),#2251,.F.);
#2239 = FACE_BOUND('',#2240,.F.);
#2240 = EDGE_LOOP('',(#2241,#2248,#2249,#2250));
#2241 = ORIENTED_EDGE('',*,*,#2242,.T.);
#2242 = EDGE_CURVE('',#2212,#2170,#2243,.T.);
#2243 = CIRCLE('',#2244,8.723877473067E-02);
#2244 = AXIS2_PLACEMENT_3D('',#2245,#2246,#2247);
#2245 = CARTESIAN_POINT('',(0.5,-0.866025403784,0.));
#2246 = DIRECTION('',(0.,0.,1.));
#2247 = DIRECTION('',(-0.766044443119,-0.642787609687,0.));
#2248 = ORIENTED_EDGE('',*,*,#2178,.F.);
#2249 = ORIENTED_EDGE('',*,*,#1637,.F.);
#2250 = ORIENTED_EDGE('',*,*,#2211,.T.);
#2251 = CYLINDRICAL_SURFACE('',#2252,8.723877473067E-02);
#2252 = AXIS2_PLACEMENT_3D('',#2253,#2254,#2255);
#2253 = CARTESIAN_POINT('',(0.5,-0.866025403784,3.));
#2254 = DIRECTION('',(0.,0.,-1.));
#2255 = DIRECTION('',(0.766044443119,0.642787609687,0.));
#2256 = ADVANCED_FACE('',(#2257),#2283,.T.);
#2257 = FACE_BOUND('',#2258,.T.);
#2258 = EDGE_LOOP('',(#2259,#2260,#2268,#2277));
#2259 = ORIENTED_EDGE('',*,*,#1664,.F.);
#2260 = ORIENTED_EDGE('',*,*,#2261,.T.);
#2261 = EDGE_CURVE('',#1656,#2262,#2264,.T.);
#2262 = VERTEX_POINT('',#2263);
#2263 = CARTESIAN_POINT('',(0.819152044289,-0.573576436351,0.));
#2264 = LINE('',#2265,#2266);
#2265 = CARTESIAN_POINT('',(0.819152044289,-0.573576436351,3.));
#2266 = VECTOR('',#2267,1.);
#2267 = DIRECTION('',(0.,0.,-1.));
#2268 = ORIENTED_EDGE('',*,*,#2269,.T.);
#2269 = EDGE_CURVE('',#2262,#2270,#2272,.T.);
#2270 = VERTEX_POINT('',#2271);
#2271 = CARTESIAN_POINT('',(0.906307787037,-0.422618261741,0.));
#2272 = CIRCLE('',#2273,8.723877473067E-02);
#2273 = AXIS2_PLACEMENT_3D('',#2274,#2275,#2276);
#2274 = CARTESIAN_POINT('',(0.866025403784,-0.5,0.));
#2275 = DIRECTION('',(0.,0.,1.));
#2276 = DIRECTION('',(-0.5,-0.866025403784,0.));
#2277 = ORIENTED_EDGE('',*,*,#2278,.F.);
#2278 = EDGE_CURVE('',#1665,#2270,#2279,.T.);
#2279 = LINE('',#2280,#2281);
#2280 = CARTESIAN_POINT('',(0.906307787037,-0.422618261741,3.));
#2281 = VECTOR('',#2282,1.);
#2282 = DIRECTION('',(0.,0.,-1.));
#2283 = CYLINDRICAL_SURFACE('',#2284,8.723877473067E-02);
#2284 = AXIS2_PLACEMENT_3D('',#2285,#2286,#2287);
#2285 = CARTESIAN_POINT('',(0.866025403784,-0.5,3.));
#2286 = DIRECTION('',(0.,0.,-1.));
#2287 = DIRECTION('',(0.5,0.866025403784,0.));
#2288 = ADVANCED_FACE('',(#2289),#2301,.F.);
#2289 = FACE_BOUND('',#2290,.F.);
#2290 = EDGE_LOOP('',(#2291,#2298,#2299,#2300));
#2291 = ORIENTED_EDGE('',*,*,#2292,.T.);
#2292 = EDGE_CURVE('',#2262,#2220,#2293,.T.);
#2293 = CIRCLE('',#2294,8.723877473067E-02);
#2294 = AXIS2_PLACEMENT_3D('',#2295,#2296,#2297);
#2295 = CARTESIAN_POINT('',(0.766044443119,-0.642787609687,0.));
#2296 = DIRECTION('',(0.,0.,1.));
#2297 = DIRECTION('',(-0.5,-0.866025403784,0.));
#2298 = ORIENTED_EDGE('',*,*,#2228,.F.);
#2299 = ORIENTED_EDGE('',*,*,#1655,.F.);
#2300 = ORIENTED_EDGE('',*,*,#2261,.T.);
#2301 = CYLINDRICAL_SURFACE('',#2302,8.723877473067E-02);
#2302 = AXIS2_PLACEMENT_3D('',#2303,#2304,#2305);
#2303 = CARTESIAN_POINT('',(0.766044443119,-0.642787609687,3.));
#2304 = DIRECTION('',(0.,0.,-1.));
#2305 = DIRECTION('',(0.5,0.866025403784,0.));
#2306 = ADVANCED_FACE('',(#2307),#2333,.T.);
#2307 = FACE_BOUND('',#2308,.T.);
#2308 = EDGE_LOOP('',(#2309,#2317,#2318,#2326));
#2309 = ORIENTED_EDGE('',*,*,#2310,.F.);
#2310 = EDGE_CURVE('',#1359,#2311,#2313,.T.);
#2311 = VERTEX_POINT('',#2312);
#2312 = CARTESIAN_POINT('',(0.996194698092,-8.715574274766E-02,0.));
#2313 = LINE('',#2314,#2315);
#2314 = CARTESIAN_POINT('',(0.996194698092,-8.715574274766E-02,3.));
#2315 = VECTOR('',#2316,1.);
#2316 = DIRECTION('',(0.,0.,-1.));
#2317 = ORIENTED_EDGE('',*,*,#1356,.F.);
#2318 = ORIENTED_EDGE('',*,*,#2319,.T.);
#2319 = EDGE_CURVE('',#1357,#2320,#2322,.T.);
#2320 = VERTEX_POINT('',#2321);
#2321 = CARTESIAN_POINT('',(0.965925826289,-0.258819045103,0.));
#2322 = LINE('',#2323,#2324);
#2323 = CARTESIAN_POINT('',(0.965925826289,-0.258819045103,3.));
#2324 = VECTOR('',#2325,1.);
#2325 = DIRECTION('',(0.,0.,-1.));
#2326 = ORIENTED_EDGE('',*,*,#2327,.T.);
#2327 = EDGE_CURVE('',#2320,#2311,#2328,.T.);
#2328 = CIRCLE('',#2329,8.723877473067E-02);
#2329 = AXIS2_PLACEMENT_3D('',#2330,#2331,#2332);
#2330 = CARTESIAN_POINT('',(0.984807753012,-0.173648177667,0.));
#2331 = DIRECTION('',(0.,0.,1.));
#2332 = DIRECTION('',(-0.173648177667,-0.984807753012,0.));
#2333 = CYLINDRICAL_SURFACE('',#2334,8.723877473067E-02);
#2334 = AXIS2_PLACEMENT_3D('',#2335,#2336,#2337);
#2335 = CARTESIAN_POINT('',(0.984807753012,-0.173648177667,3.));
#2336 = DIRECTION('',(0.,0.,-1.));
#2337 = DIRECTION('',(0.173648177667,0.984807753012,0.));
#2338 = ADVANCED_FACE('',(#2339),#2351,.F.);
#2339 = FACE_BOUND('',#2340,.F.);
#2340 = EDGE_LOOP('',(#2341,#2348,#2349,#2350));
#2341 = ORIENTED_EDGE('',*,*,#2342,.T.);
#2342 = EDGE_CURVE('',#2320,#2270,#2343,.T.);
#2343 = CIRCLE('',#2344,8.723877473067E-02);
#2344 = AXIS2_PLACEMENT_3D('',#2345,#2346,#2347);
#2345 = CARTESIAN_POINT('',(0.939692620786,-0.342020143326,0.));
#2346 = DIRECTION('',(0.,0.,1.));
#2347 = DIRECTION('',(-0.173648177667,-0.984807753012,0.));
#2348 = ORIENTED_EDGE('',*,*,#2278,.F.);
#2349 = ORIENTED_EDGE('',*,*,#1673,.F.);
#2350 = ORIENTED_EDGE('',*,*,#2319,.T.);
#2351 = CYLINDRICAL_SURFACE('',#2352,8.723877473067E-02);
#2352 = AXIS2_PLACEMENT_3D('',#2353,#2354,#2355);
#2353 = CARTESIAN_POINT('',(0.939692620786,-0.342020143326,3.));
#2354 = DIRECTION('',(0.,0.,-1.));
#2355 = DIRECTION('',(0.173648177667,0.984807753012,0.));
#2356 = ADVANCED_FACE('',(#2357),#2383,.T.);
#2357 = FACE_BOUND('',#2358,.T.);
#2358 = EDGE_LOOP('',(#2359,#2367,#2368,#2376));
#2359 = ORIENTED_EDGE('',*,*,#2360,.F.);
#2360 = EDGE_CURVE('',#1377,#2361,#2363,.T.);
#2361 = VERTEX_POINT('',#2362);
#2362 = CARTESIAN_POINT('',(0.965925826289,0.258819045103,0.));
#2363 = LINE('',#2364,#2365);
#2364 = CARTESIAN_POINT('',(0.965925826289,0.258819045103,3.));
#2365 = VECTOR('',#2366,1.);
#2366 = DIRECTION('',(0.,0.,-1.));
#2367 = ORIENTED_EDGE('',*,*,#1376,.F.);
#2368 = ORIENTED_EDGE('',*,*,#2369,.T.);
#2369 = EDGE_CURVE('',#1368,#2370,#2372,.T.);
#2370 = VERTEX_POINT('',#2371);
#2371 = CARTESIAN_POINT('',(0.996194698092,8.715574274766E-02,0.));
#2372 = LINE('',#2373,#2374);
#2373 = CARTESIAN_POINT('',(0.996194698092,8.715574274766E-02,3.));
#2374 = VECTOR('',#2375,1.);
#2375 = DIRECTION('',(0.,0.,-1.));
#2376 = ORIENTED_EDGE('',*,*,#2377,.T.);
#2377 = EDGE_CURVE('',#2370,#2361,#2378,.T.);
#2378 = CIRCLE('',#2379,8.723877473067E-02);
#2379 = AXIS2_PLACEMENT_3D('',#2380,#2381,#2382);
#2380 = CARTESIAN_POINT('',(0.984807753012,0.173648177667,0.));
#2381 = DIRECTION('',(0.,0.,1.));
#2382 = DIRECTION('',(0.173648177667,-0.984807753012,0.));
#2383 = CYLINDRICAL_SURFACE('',#2384,8.723877473067E-02);
#2384 = AXIS2_PLACEMENT_3D('',#2385,#2386,#2387);
#2385 = CARTESIAN_POINT('',(0.984807753012,0.173648177667,3.));
#2386 = DIRECTION('',(0.,0.,-1.));
#2387 = DIRECTION('',(-0.173648177667,0.984807753012,0.));
#2388 = ADVANCED_FACE('',(#2389),#2401,.F.);
#2389 = FACE_BOUND('',#2390,.F.);
#2390 = EDGE_LOOP('',(#2391,#2398,#2399,#2400));
#2391 = ORIENTED_EDGE('',*,*,#2392,.T.);
#2392 = EDGE_CURVE('',#2370,#2311,#2393,.T.);
#2393 = CIRCLE('',#2394,8.723877473067E-02);
#2394 = AXIS2_PLACEMENT_3D('',#2395,#2396,#2397);
#2395 = CARTESIAN_POINT('',(1.,4.607859233063E-16,0.));
#2396 = DIRECTION('',(0.,0.,1.));
#2397 = DIRECTION('',(0.173648177667,-0.984807753012,0.));
#2398 = ORIENTED_EDGE('',*,*,#2310,.F.);
#2399 = ORIENTED_EDGE('',*,*,#1367,.F.);
#2400 = ORIENTED_EDGE('',*,*,#2369,.T.);
#2401 = CYLINDRICAL_SURFACE('',#2402,8.723877473067E-02);
#2402 = AXIS2_PLACEMENT_3D('',#2403,#2404,#2405);
#2403 = CARTESIAN_POINT('',(1.,4.607859233063E-16,3.));
#2404 = DIRECTION('',(0.,0.,-1.));
#2405 = DIRECTION('',(-0.173648177667,0.984807753012,0.));
#2406 = ADVANCED_FACE('',(#2407),#2433,.T.);
#2407 = FACE_BOUND('',#2408,.T.);
#2408 = EDGE_LOOP('',(#2409,#2417,#2418,#2426));
#2409 = ORIENTED_EDGE('',*,*,#2410,.F.);
#2410 = EDGE_CURVE('',#1395,#2411,#2413,.T.);
#2411 = VERTEX_POINT('',#2412);
#2412 = CARTESIAN_POINT('',(0.819152044289,0.573576436351,0.));
#2413 = LINE('',#2414,#2415);
#2414 = CARTESIAN_POINT('',(0.819152044289,0.573576436351,3.));
#2415 = VECTOR('',#2416,1.);
#2416 = DIRECTION('',(0.,0.,-1.));
#2417 = ORIENTED_EDGE('',*,*,#1394,.F.);
#2418 = ORIENTED_EDGE('',*,*,#2419,.T.);
#2419 = EDGE_CURVE('',#1386,#2420,#2422,.T.);
#2420 = VERTEX_POINT('',#2421);
#2421 = CARTESIAN_POINT('',(0.906307787037,0.422618261741,0.));
#2422 = LINE('',#2423,#2424);
#2423 = CARTESIAN_POINT('',(0.906307787037,0.422618261741,3.));
#2424 = VECTOR('',#2425,1.);
#2425 = DIRECTION('',(0.,0.,-1.));
#2426 = ORIENTED_EDGE('',*,*,#2427,.T.);
#2427 = EDGE_CURVE('',#2420,#2411,#2428,.T.);
#2428 = CIRCLE('',#2429,8.723877473067E-02);
#2429 = AXIS2_PLACEMENT_3D('',#2430,#2431,#2432);
#2430 = CARTESIAN_POINT('',(0.866025403784,0.5,0.));
#2431 = DIRECTION('',(0.,0.,1.));
#2432 = DIRECTION('',(0.5,-0.866025403784,0.));
#2433 = CYLINDRICAL_SURFACE('',#2434,8.723877473067E-02);
#2434 = AXIS2_PLACEMENT_3D('',#2435,#2436,#2437);
#2435 = CARTESIAN_POINT('',(0.866025403784,0.5,3.));
#2436 = DIRECTION('',(0.,0.,-1.));
#2437 = DIRECTION('',(-0.5,0.866025403784,0.));
#2438 = ADVANCED_FACE('',(#2439),#2451,.F.);
#2439 = FACE_BOUND('',#2440,.F.);
#2440 = EDGE_LOOP('',(#2441,#2448,#2449,#2450));
#2441 = ORIENTED_EDGE('',*,*,#2442,.T.);
#2442 = EDGE_CURVE('',#2420,#2361,#2443,.T.);
#2443 = CIRCLE('',#2444,8.723877473067E-02);
#2444 = AXIS2_PLACEMENT_3D('',#2445,#2446,#2447);
#2445 = CARTESIAN_POINT('',(0.939692620786,0.342020143326,0.));
#2446 = DIRECTION('',(0.,0.,1.));
#2447 = DIRECTION('',(0.5,-0.866025403784,0.));
#2448 = ORIENTED_EDGE('',*,*,#2360,.F.);
#2449 = ORIENTED_EDGE('',*,*,#1385,.F.);
#2450 = ORIENTED_EDGE('',*,*,#2419,.T.);
#2451 = CYLINDRICAL_SURFACE('',#2452,8.723877473067E-02);
#2452 = AXIS2_PLACEMENT_3D('',#2453,#2454,#2455);
#2453 = CARTESIAN_POINT('',(0.939692620786,0.342020143326,3.));
#2454 = DIRECTION('',(0.,0.,-1.));
#2455 = DIRECTION('',(-0.5,0.866025403784,0.));
#2456 = ADVANCED_FACE('',(#2457),#2483,.T.);
#2457 = FACE_BOUND('',#2458,.T.);
#2458 = EDGE_LOOP('',(#2459,#2467,#2468,#2476));
#2459 = ORIENTED_EDGE('',*,*,#2460,.F.);
#2460 = EDGE_CURVE('',#1413,#2461,#2463,.T.);
#2461 = VERTEX_POINT('',#2462);
#2462 = CARTESIAN_POINT('',(0.573576436351,0.819152044289,0.));
#2463 = LINE('',#2464,#2465);
#2464 = CARTESIAN_POINT('',(0.573576436351,0.819152044289,3.));
#2465 = VECTOR('',#2466,1.);
#2466 = DIRECTION('',(0.,0.,-1.));
#2467 = ORIENTED_EDGE('',*,*,#1412,.F.);
#2468 = ORIENTED_EDGE('',*,*,#2469,.T.);
#2469 = EDGE_CURVE('',#1404,#2470,#2472,.T.);
#2470 = VERTEX_POINT('',#2471);
#2471 = CARTESIAN_POINT('',(0.707106781187,0.707106781187,0.));
#2472 = LINE('',#2473,#2474);
#2473 = CARTESIAN_POINT('',(0.707106781187,0.707106781187,3.));
#2474 = VECTOR('',#2475,1.);
#2475 = DIRECTION('',(0.,0.,-1.));
#2476 = ORIENTED_EDGE('',*,*,#2477,.T.);
#2477 = EDGE_CURVE('',#2470,#2461,#2478,.T.);
#2478 = CIRCLE('',#2479,8.723877473067E-02);
#2479 = AXIS2_PLACEMENT_3D('',#2480,#2481,#2482);
#2480 = CARTESIAN_POINT('',(0.642787609687,0.766044443119,0.));
#2481 = DIRECTION('',(0.,0.,1.));
#2482 = DIRECTION('',(0.766044443119,-0.642787609687,0.));
#2483 = CYLINDRICAL_SURFACE('',#2484,8.723877473067E-02);
#2484 = AXIS2_PLACEMENT_3D('',#2485,#2486,#2487);
#2485 = CARTESIAN_POINT('',(0.642787609687,0.766044443119,3.));
#2486 = DIRECTION('',(0.,0.,-1.));
#2487 = DIRECTION('',(-0.766044443119,0.642787609687,0.));
#2488 = ADVANCED_FACE('',(#2489),#2501,.F.);
#2489 = FACE_BOUND('',#2490,.F.);
#2490 = EDGE_LOOP('',(#2491,#2498,#2499,#2500));
#2491 = ORIENTED_EDGE('',*,*,#2492,.T.);
#2492 = EDGE_CURVE('',#2470,#2411,#2493,.T.);
#2493 = CIRCLE('',#2494,8.723877473067E-02);
#2494 = AXIS2_PLACEMENT_3D('',#2495,#2496,#2497);
#2495 = CARTESIAN_POINT('',(0.766044443119,0.642787609687,0.));
#2496 = DIRECTION('',(0.,0.,1.));
#2497 = DIRECTION('',(0.766044443119,-0.642787609687,0.));
#2498 = ORIENTED_EDGE('',*,*,#2410,.F.);
#2499 = ORIENTED_EDGE('',*,*,#1403,.F.);
#2500 = ORIENTED_EDGE('',*,*,#2469,.T.);
#2501 = CYLINDRICAL_SURFACE('',#2502,8.723877473067E-02);
#2502 = AXIS2_PLACEMENT_3D('',#2503,#2504,#2505);
#2503 = CARTESIAN_POINT('',(0.766044443119,0.642787609687,3.));
#2504 = DIRECTION('',(0.,0.,-1.));
#2505 = DIRECTION('',(-0.766044443119,0.642787609687,0.));
#2506 = ADVANCED_FACE('',(#2507),#2533,.T.);
#2507 = FACE_BOUND('',#2508,.T.);
#2508 = EDGE_LOOP('',(#2509,#2517,#2518,#2526));
#2509 = ORIENTED_EDGE('',*,*,#2510,.F.);
#2510 = EDGE_CURVE('',#1431,#2511,#2513,.T.);
#2511 = VERTEX_POINT('',#2512);
#2512 = CARTESIAN_POINT('',(0.258819045103,0.965925826289,0.));
#2513 = LINE('',#2514,#2515);
#2514 = CARTESIAN_POINT('',(0.258819045103,0.965925826289,3.));
#2515 = VECTOR('',#2516,1.);
#2516 = DIRECTION('',(0.,0.,-1.));
#2517 = ORIENTED_EDGE('',*,*,#1430,.F.);
#2518 = ORIENTED_EDGE('',*,*,#2519,.T.);
#2519 = EDGE_CURVE('',#1422,#2520,#2522,.T.);
#2520 = VERTEX_POINT('',#2521);
#2521 = CARTESIAN_POINT('',(0.422618261741,0.906307787037,0.));
#2522 = LINE('',#2523,#2524);
#2523 = CARTESIAN_POINT('',(0.422618261741,0.906307787037,3.));
#2524 = VECTOR('',#2525,1.);
#2525 = DIRECTION('',(0.,0.,-1.));
#2526 = ORIENTED_EDGE('',*,*,#2527,.T.);
#2527 = EDGE_CURVE('',#2520,#2511,#2528,.T.);
#2528 = CIRCLE('',#2529,8.723877473067E-02);
#2529 = AXIS2_PLACEMENT_3D('',#2530,#2531,#2532);
#2530 = CARTESIAN_POINT('',(0.342020143326,0.939692620786,0.));
#2531 = DIRECTION('',(0.,0.,1.));
#2532 = DIRECTION('',(0.939692620786,-0.342020143326,0.));
#2533 = CYLINDRICAL_SURFACE('',#2534,8.723877473067E-02);
#2534 = AXIS2_PLACEMENT_3D('',#2535,#2536,#2537);
#2535 = CARTESIAN_POINT('',(0.342020143326,0.939692620786,3.));
#2536 = DIRECTION('',(0.,0.,-1.));
#2537 = DIRECTION('',(-0.939692620786,0.342020143326,0.));
#2538 = ADVANCED_FACE('',(#2539),#2551,.F.);
#2539 = FACE_BOUND('',#2540,.F.);
#2540 = EDGE_LOOP('',(#2541,#2548,#2549,#2550));
#2541 = ORIENTED_EDGE('',*,*,#2542,.T.);
#2542 = EDGE_CURVE('',#2520,#2461,#2543,.T.);
#2543 = CIRCLE('',#2544,8.723877473067E-02);
#2544 = AXIS2_PLACEMENT_3D('',#2545,#2546,#2547);
#2545 = CARTESIAN_POINT('',(0.5,0.866025403784,0.));
#2546 = DIRECTION('',(0.,0.,1.));
#2547 = DIRECTION('',(0.939692620786,-0.342020143326,0.));
#2548 = ORIENTED_EDGE('',*,*,#2460,.F.);
#2549 = ORIENTED_EDGE('',*,*,#1421,.F.);
#2550 = ORIENTED_EDGE('',*,*,#2519,.T.);
#2551 = CYLINDRICAL_SURFACE('',#2552,8.723877473067E-02);
#2552 = AXIS2_PLACEMENT_3D('',#2553,#2554,#2555);
#2553 = CARTESIAN_POINT('',(0.5,0.866025403784,3.));
#2554 = DIRECTION('',(0.,0.,-1.));
#2555 = DIRECTION('',(-0.939692620786,0.342020143326,0.));
#2556 = ADVANCED_FACE('',(#2557,#2560),#2620,.F.);
#2557 = FACE_BOUND('',#2558,.T.);
#2558 = EDGE_LOOP('',(#2559));
#2559 = ORIENTED_EDGE('',*,*,#1704,.F.);
#2560 = FACE_BOUND('',#2561,.T.);
#2561 = EDGE_LOOP('',(#2562,#2563,#2572,#2581,#2588,#2589,#2590,#2591,
    #2592,#2593,#2594,#2595,#2596,#2597,#2598,#2599,#2600,#2601,#2602,
    #2603,#2604,#2605,#2606,#2607,#2608,#2609,#2610,#2611,#2612,#2613,
    #2614,#2615,#2616,#2617,#2618,#2619));
#2562 = ORIENTED_EDGE('',*,*,#1745,.F.);
#2563 = ORIENTED_EDGE('',*,*,#2564,.T.);
#2564 = EDGE_CURVE('',#1738,#2565,#2567,.T.);
#2565 = VERTEX_POINT('',#2566);
#2566 = CARTESIAN_POINT('',(-8.715574274766E-02,0.996194698092,0.));
#2567 = CIRCLE('',#2568,8.723877473067E-02);
#2568 = AXIS2_PLACEMENT_3D('',#2569,#2570,#2571);
#2569 = CARTESIAN_POINT('',(-0.173648177667,0.984807753012,0.));
#2570 = DIRECTION('',(0.,0.,1.));
#2571 = DIRECTION('',(1.,0.,-0.));
#2572 = ORIENTED_EDGE('',*,*,#2573,.F.);
#2573 = EDGE_CURVE('',#2574,#2565,#2576,.T.);
#2574 = VERTEX_POINT('',#2575);
#2575 = CARTESIAN_POINT('',(8.715574274766E-02,0.996194698092,0.));
#2576 = CIRCLE('',#2577,8.723877473067E-02);
#2577 = AXIS2_PLACEMENT_3D('',#2578,#2579,#2580);
#2578 = CARTESIAN_POINT('',(1.202786785101E-16,1.,0.));
#2579 = DIRECTION('',(0.,0.,1.));
#2580 = DIRECTION('',(1.,0.,-0.));
#2581 = ORIENTED_EDGE('',*,*,#2582,.T.);
#2582 = EDGE_CURVE('',#2574,#2511,#2583,.T.);
#2583 = CIRCLE('',#2584,8.723877473067E-02);
#2584 = AXIS2_PLACEMENT_3D('',#2585,#2586,#2587);
#2585 = CARTESIAN_POINT('',(0.173648177667,0.984807753012,0.));
#2586 = DIRECTION('',(0.,0.,1.));
#2587 = DIRECTION('',(1.,0.,-0.));
#2588 = ORIENTED_EDGE('',*,*,#2527,.F.);
#2589 = ORIENTED_EDGE('',*,*,#2542,.T.);
#2590 = ORIENTED_EDGE('',*,*,#2477,.F.);
#2591 = ORIENTED_EDGE('',*,*,#2492,.T.);
#2592 = ORIENTED_EDGE('',*,*,#2427,.F.);
#2593 = ORIENTED_EDGE('',*,*,#2442,.T.);
#2594 = ORIENTED_EDGE('',*,*,#2377,.F.);
#2595 = ORIENTED_EDGE('',*,*,#2392,.T.);
#2596 = ORIENTED_EDGE('',*,*,#2327,.F.);
#2597 = ORIENTED_EDGE('',*,*,#2342,.T.);
#2598 = ORIENTED_EDGE('',*,*,#2269,.F.);
#2599 = ORIENTED_EDGE('',*,*,#2292,.T.);
#2600 = ORIENTED_EDGE('',*,*,#2219,.F.);
#2601 = ORIENTED_EDGE('',*,*,#2242,.T.);
#2602 = ORIENTED_EDGE('',*,*,#2169,.F.);
#2603 = ORIENTED_EDGE('',*,*,#2192,.T.);
#2604 = ORIENTED_EDGE('',*,*,#2119,.F.);
#2605 = ORIENTED_EDGE('',*,*,#2142,.T.);
#2606 = ORIENTED_EDGE('',*,*,#2069,.F.);
#2607 = ORIENTED_EDGE('',*,*,#2092,.T.);
#2608 = ORIENTED_EDGE('',*,*,#2019,.F.);
#2609 = ORIENTED_EDGE('',*,*,#2042,.T.);
#2610 = ORIENTED_EDGE('',*,*,#1969,.F.);
#2611 = ORIENTED_EDGE('',*,*,#1992,.T.);
#2612 = ORIENTED_EDGE('',*,*,#1919,.F.);
#2613 = ORIENTED_EDGE('',*,*,#1942,.T.);
#2614 = ORIENTED_EDGE('',*,*,#1869,.F.);
#2615 = ORIENTED_EDGE('',*,*,#1892,.T.);
#2616 = ORIENTED_EDGE('',*,*,#1819,.F.);
#2617 = ORIENTED_EDGE('',*,*,#1842,.T.);
#2618 = ORIENTED_EDGE('',*,*,#1769,.F.);
#2619 = ORIENTED_EDGE('',*,*,#1792,.T.);
#2620 = PLANE('',#2621);
#2621 = AXIS2_PLACEMENT_3D('',#2622,#2623,#2624);
#2622 = CARTESIAN_POINT('',(0.,4.361938736534E-02,0.));
#2623 = DIRECTION('',(0.,0.,1.));
#2624 = DIRECTION('',(1.,0.,-0.));
#2625 = ADVANCED_FACE('',(#2626),#2637,.F.);
#2626 = FACE_BOUND('',#2627,.F.);
#2627 = EDGE_LOOP('',(#2628,#2629,#2635,#2636));
#2628 = ORIENTED_EDGE('',*,*,#2564,.T.);
#2629 = ORIENTED_EDGE('',*,*,#2630,.F.);
#2630 = EDGE_CURVE('',#1449,#2565,#2631,.T.);
#2631 = LINE('',#2632,#2633);
#2632 = CARTESIAN_POINT('',(-8.715574274766E-02,0.996194698092,3.));
#2633 = VECTOR('',#2634,1.);
#2634 = DIRECTION('',(0.,0.,-1.));
#2635 = ORIENTED_EDGE('',*,*,#1457,.F.);
#2636 = ORIENTED_EDGE('',*,*,#1737,.T.);
#2637 = CYLINDRICAL_SURFACE('',#2638,8.723877473067E-02);
#2638 = AXIS2_PLACEMENT_3D('',#2639,#2640,#2641);
#2639 = CARTESIAN_POINT('',(-0.173648177667,0.984807753012,3.));
#2640 = DIRECTION('',(0.,0.,-1.));
#2641 = DIRECTION('',(-1.,0.,0.));
#2642 = ADVANCED_FACE('',(#2643),#2654,.T.);
#2643 = FACE_BOUND('',#2644,.T.);
#2644 = EDGE_LOOP('',(#2645,#2646,#2647,#2653));
#2645 = ORIENTED_EDGE('',*,*,#2630,.F.);
#2646 = ORIENTED_EDGE('',*,*,#1448,.F.);
#2647 = ORIENTED_EDGE('',*,*,#2648,.T.);
#2648 = EDGE_CURVE('',#1440,#2574,#2649,.T.);
#2649 = LINE('',#2650,#2651);
#2650 = CARTESIAN_POINT('',(8.715574274766E-02,0.996194698092,3.));
#2651 = VECTOR('',#2652,1.);
#2652 = DIRECTION('',(0.,0.,-1.));
#2653 = ORIENTED_EDGE('',*,*,#2573,.T.);
#2654 = CYLINDRICAL_SURFACE('',#2655,8.723877473067E-02);
#2655 = AXIS2_PLACEMENT_3D('',#2656,#2657,#2658);
#2656 = CARTESIAN_POINT('',(1.202786785101E-16,1.,3.));
#2657 = DIRECTION('',(0.,0.,-1.));
#2658 = DIRECTION('',(-1.,0.,0.));
#2659 = ADVANCED_FACE('',(#2660),#2666,.F.);
#2660 = FACE_BOUND('',#2661,.F.);
#2661 = EDGE_LOOP('',(#2662,#2663,#2664,#2665));
#2662 = ORIENTED_EDGE('',*,*,#2582,.T.);
#2663 = ORIENTED_EDGE('',*,*,#2510,.F.);
#2664 = ORIENTED_EDGE('',*,*,#1439,.F.);
#2665 = ORIENTED_EDGE('',*,*,#2648,.T.);
#2666 = CYLINDRICAL_SURFACE('',#2667,8.723877473067E-02);
#2667 = AXIS2_PLACEMENT_3D('',#2668,#2669,#2670);
#2668 = CARTESIAN_POINT('',(0.173648177667,0.984807753012,3.));
#2669 = DIRECTION('',(0.,0.,-1.));
#2670 = DIRECTION('',(-1.,0.,0.));
#2671 = ( GEOMETRIC_REPRESENTATION_CONTEXT(3) 
GLOBAL_UNCERTAINTY_ASSIGNED_CONTEXT((#2675)) 
GLOBAL_UNIT_ASSIGNED_CONTEXT((#2672,#2673,#2674)) REPRESENTATION_CONTEXT
('Context #1','3D Context with UNIT and UNCERTAINTY') );
#2672 = ( LENGTH_UNIT() NAMED_UNIT(*) SI_UNIT(.MILLI.,.METRE.) );
#2673 = ( NAMED_UNIT(*) PLANE_ANGLE_UNIT() SI_UNIT($,.RADIAN.) );
#2674 = ( NAMED_UNIT(*) SI_UNIT($,.STERADIAN.) SOLID_ANGLE_UNIT() );
#2675 = UNCERTAINTY_MEASURE_WITH_UNIT(LENGTH_MEASURE(2.E-07),#2672,
  'distance_accuracy_value','confusion accuracy');
#2676 = CONTEXT_DEPENDENT_SHAPE_REPRESENTATION(#2677,#2679);
#2677 = ( REPRESENTATION_RELATIONSHIP('','',#40,#10) 
REPRESENTATION_RELATIONSHIP_WITH_TRANSFORMATION(#2678) 
SHAPE_REPRESENTATION_RELATIONSHIP() );
#2678 = ITEM_DEFINED_TRANSFORMATION('','',#11,#15);
#2679 = PRODUCT_DEFINITION_SHAPE('Placement','Placement of an item',
  #2680);
#2680 = NEXT_ASSEMBLY_USAGE_OCCURRENCE('172','I4','',#5,#35,$);
#2681 = PRODUCT_RELATED_PRODUCT_CATEGORY('part',$,(#37));
#2682 = CONTEXT_DEPENDENT_SHAPE_REPRESENTATION(#2683,#2685);
#2683 = ( REPRESENTATION_RELATIONSHIP('','',#40,#10) 
REPRESENTATION_RELATIONSHIP_WITH_TRANSFORMATION(#2684) 
SHAPE_REPRESENTATION_RELATIONSHIP() );
#2684 = ITEM_DEFINED_TRANSFORMATION('','',#11,#19);
#2685 = PRODUCT_DEFINITION_SHAPE('Placement','Placement of an item',
  #2686);
#2686 = NEXT_ASSEMBLY_USAGE_OCCURRENCE('173','I3','',#5,#35,$);
#2687 = SHAPE_DEFINITION_REPRESENTATION(#2688,#2694);
#2688 = PRODUCT_DEFINITION_SHAPE('','',#2689);
#2689 = PRODUCT_DEFINITION('design','',#2690,#2693);
#2690 = PRODUCT_DEFINITION_FORMATION('','',#2691);
#2691 = PRODUCT('DRY_ELEC_16CH_PCB','DRY_ELEC_16CH_PCB','',(#2692));
#2692 = PRODUCT_CONTEXT('',#2,'mechanical');
#2693 = PRODUCT_DEFINITION_CONTEXT('part definition',#2,'design');
#2694 = ADVANCED_BREP_SHAPE_REPRESENTATION('',(#11,#2695),#3609);
#2695 = MANIFOLD_SOLID_BREP('',#2696);
#2696 = CLOSED_SHELL('',(#2697,#2739,#2770,#2801,#3029,#3257,#3274,#3291
    ,#3308,#3325,#3337,#3354,#3371,#3388,#3405,#3422,#3439,#3456,#3473,
    #3490,#3507,#3524,#3541,#3558,#3575,#3592));
#2697 = ADVANCED_FACE('',(#2698),#2734,.T.);
#2698 = FACE_BOUND('',#2699,.T.);
#2699 = EDGE_LOOP('',(#2700,#2710,#2719,#2727));
#2700 = ORIENTED_EDGE('',*,*,#2701,.T.);
#2701 = EDGE_CURVE('',#2702,#2704,#2706,.T.);
#2702 = VERTEX_POINT('',#2703);
#2703 = CARTESIAN_POINT('',(38.999892,-25.49991,0.));
#2704 = VERTEX_POINT('',#2705);
#2705 = CARTESIAN_POINT('',(38.999892,-25.49991,0.71));
#2706 = LINE('',#2707,#2708);
#2707 = CARTESIAN_POINT('',(38.999892,-25.49991,0.));
#2708 = VECTOR('',#2709,1.);
#2709 = DIRECTION('',(0.,0.,1.));
#2710 = ORIENTED_EDGE('',*,*,#2711,.T.);
#2711 = EDGE_CURVE('',#2704,#2712,#2714,.T.);
#2712 = VERTEX_POINT('',#2713);
#2713 = CARTESIAN_POINT('',(39.999892,-26.49991,0.71));
#2714 = CIRCLE('',#2715,0.999999252925);
#2715 = AXIS2_PLACEMENT_3D('',#2716,#2717,#2718);
#2716 = CARTESIAN_POINT('',(38.999892747075,-26.49990925292,0.71));
#2717 = DIRECTION('',(0.,0.,-1.));
#2718 = DIRECTION('',(-7.470757491648E-07,1.,0.));
#2719 = ORIENTED_EDGE('',*,*,#2720,.F.);
#2720 = EDGE_CURVE('',#2721,#2712,#2723,.T.);
#2721 = VERTEX_POINT('',#2722);
#2722 = CARTESIAN_POINT('',(39.999892,-26.49991,0.));
#2723 = LINE('',#2724,#2725);
#2724 = CARTESIAN_POINT('',(39.999892,-26.49991,0.));
#2725 = VECTOR('',#2726,1.);
#2726 = DIRECTION('',(0.,0.,1.));
#2727 = ORIENTED_EDGE('',*,*,#2728,.F.);
#2728 = EDGE_CURVE('',#2702,#2721,#2729,.T.);
#2729 = CIRCLE('',#2730,0.999999252925);
#2730 = AXIS2_PLACEMENT_3D('',#2731,#2732,#2733);
#2731 = CARTESIAN_POINT('',(38.999892747075,-26.49990925292,0.));
#2732 = DIRECTION('',(0.,0.,-1.));
#2733 = DIRECTION('',(-7.470757491648E-07,1.,0.));
#2734 = CYLINDRICAL_SURFACE('',#2735,0.999999252925);
#2735 = AXIS2_PLACEMENT_3D('',#2736,#2737,#2738);
#2736 = CARTESIAN_POINT('',(38.999892747075,-26.49990925292,0.));
#2737 = DIRECTION('',(0.,0.,-1.));
#2738 = DIRECTION('',(-7.470757491648E-07,1.,0.));
#2739 = ADVANCED_FACE('',(#2740),#2765,.T.);
#2740 = FACE_BOUND('',#2741,.T.);
#2741 = EDGE_LOOP('',(#2742,#2752,#2758,#2759));
#2742 = ORIENTED_EDGE('',*,*,#2743,.T.);
#2743 = EDGE_CURVE('',#2744,#2746,#2748,.T.);
#2744 = VERTEX_POINT('',#2745);
#2745 = CARTESIAN_POINT('',(20.999892,-25.49991,0.));
#2746 = VERTEX_POINT('',#2747);
#2747 = CARTESIAN_POINT('',(20.999892,-25.49991,0.71));
#2748 = LINE('',#2749,#2750);
#2749 = CARTESIAN_POINT('',(20.999892,-25.49991,0.));
#2750 = VECTOR('',#2751,1.);
#2751 = DIRECTION('',(0.,0.,1.));
#2752 = ORIENTED_EDGE('',*,*,#2753,.T.);
#2753 = EDGE_CURVE('',#2746,#2704,#2754,.T.);
#2754 = LINE('',#2755,#2756);
#2755 = CARTESIAN_POINT('',(20.999892,-25.49991,0.71));
#2756 = VECTOR('',#2757,1.);
#2757 = DIRECTION('',(1.,0.,0.));
#2758 = ORIENTED_EDGE('',*,*,#2701,.F.);
#2759 = ORIENTED_EDGE('',*,*,#2760,.F.);
#2760 = EDGE_CURVE('',#2744,#2702,#2761,.T.);
#2761 = LINE('',#2762,#2763);
#2762 = CARTESIAN_POINT('',(20.999892,-25.49991,0.));
#2763 = VECTOR('',#2764,1.);
#2764 = DIRECTION('',(1.,0.,0.));
#2765 = PLANE('',#2766);
#2766 = AXIS2_PLACEMENT_3D('',#2767,#2768,#2769);
#2767 = CARTESIAN_POINT('',(20.999892,-25.49991,0.));
#2768 = DIRECTION('',(0.,1.,0.));
#2769 = DIRECTION('',(1.,0.,0.));
#2770 = ADVANCED_FACE('',(#2771),#2796,.T.);
#2771 = FACE_BOUND('',#2772,.T.);
#2772 = EDGE_LOOP('',(#2773,#2774,#2782,#2790));
#2773 = ORIENTED_EDGE('',*,*,#2720,.T.);
#2774 = ORIENTED_EDGE('',*,*,#2775,.T.);
#2775 = EDGE_CURVE('',#2712,#2776,#2778,.T.);
#2776 = VERTEX_POINT('',#2777);
#2777 = CARTESIAN_POINT('',(39.999892,-37.49991,0.71));
#2778 = LINE('',#2779,#2780);
#2779 = CARTESIAN_POINT('',(39.999892,-26.49991,0.71));
#2780 = VECTOR('',#2781,1.);
#2781 = DIRECTION('',(0.,-1.,0.));
#2782 = ORIENTED_EDGE('',*,*,#2783,.F.);
#2783 = EDGE_CURVE('',#2784,#2776,#2786,.T.);
#2784 = VERTEX_POINT('',#2785);
#2785 = CARTESIAN_POINT('',(39.999892,-37.49991,0.));
#2786 = LINE('',#2787,#2788);
#2787 = CARTESIAN_POINT('',(39.999892,-37.49991,0.));
#2788 = VECTOR('',#2789,1.);
#2789 = DIRECTION('',(0.,0.,1.));
#2790 = ORIENTED_EDGE('',*,*,#2791,.F.);
#2791 = EDGE_CURVE('',#2721,#2784,#2792,.T.);
#2792 = LINE('',#2793,#2794);
#2793 = CARTESIAN_POINT('',(39.999892,-26.49991,0.));
#2794 = VECTOR('',#2795,1.);
#2795 = DIRECTION('',(0.,-1.,0.));
#2796 = PLANE('',#2797);
#2797 = AXIS2_PLACEMENT_3D('',#2798,#2799,#2800);
#2798 = CARTESIAN_POINT('',(39.999892,-26.49991,0.));
#2799 = DIRECTION('',(1.,0.,-0.));
#2800 = DIRECTION('',(0.,-1.,0.));
#2801 = ADVANCED_FACE('',(#2802,#2848,#2859,#2870,#2881,#2892,#2903,
    #2914,#2925,#2936,#2947,#2958,#2969,#2980,#2991,#3002,#3013),#3024,
  .F.);
#2802 = FACE_BOUND('',#2803,.F.);
#2803 = EDGE_LOOP('',(#2804,#2805,#2806,#2815,#2823,#2832,#2840,#2847));
#2804 = ORIENTED_EDGE('',*,*,#2728,.F.);
#2805 = ORIENTED_EDGE('',*,*,#2760,.F.);
#2806 = ORIENTED_EDGE('',*,*,#2807,.F.);
#2807 = EDGE_CURVE('',#2808,#2744,#2810,.T.);
#2808 = VERTEX_POINT('',#2809);
#2809 = CARTESIAN_POINT('',(19.999892,-26.49991,0.));
#2810 = CIRCLE('',#2811,0.999999252925);
#2811 = AXIS2_PLACEMENT_3D('',#2812,#2813,#2814);
#2812 = CARTESIAN_POINT('',(20.999891252925,-26.49990925292,0.));
#2813 = DIRECTION('',(0.,0.,-1.));
#2814 = DIRECTION('',(-1.,-7.470757420593E-07,-0.));
#2815 = ORIENTED_EDGE('',*,*,#2816,.F.);
#2816 = EDGE_CURVE('',#2817,#2808,#2819,.T.);
#2817 = VERTEX_POINT('',#2818);
#2818 = CARTESIAN_POINT('',(19.999892,-37.49991,0.));
#2819 = LINE('',#2820,#2821);
#2820 = CARTESIAN_POINT('',(19.999892,-37.49991,0.));
#2821 = VECTOR('',#2822,1.);
#2822 = DIRECTION('',(0.,1.,0.));
#2823 = ORIENTED_EDGE('',*,*,#2824,.F.);
#2824 = EDGE_CURVE('',#2825,#2817,#2827,.T.);
#2825 = VERTEX_POINT('',#2826);
#2826 = CARTESIAN_POINT('',(20.999892,-38.49991,0.));
#2827 = CIRCLE('',#2828,0.999999252925);
#2828 = AXIS2_PLACEMENT_3D('',#2829,#2830,#2831);
#2829 = CARTESIAN_POINT('',(20.999891252925,-37.49991074707,0.));
#2830 = DIRECTION('',(0.,0.,-1.));
#2831 = DIRECTION('',(7.470757420593E-07,-1.,0.));
#2832 = ORIENTED_EDGE('',*,*,#2833,.F.);
#2833 = EDGE_CURVE('',#2834,#2825,#2836,.T.);
#2834 = VERTEX_POINT('',#2835);
#2835 = CARTESIAN_POINT('',(38.999892,-38.49991,0.));
#2836 = LINE('',#2837,#2838);
#2837 = CARTESIAN_POINT('',(38.999892,-38.49991,0.));
#2838 = VECTOR('',#2839,1.);
#2839 = DIRECTION('',(-1.,0.,0.));
#2840 = ORIENTED_EDGE('',*,*,#2841,.F.);
#2841 = EDGE_CURVE('',#2784,#2834,#2842,.T.);
#2842 = CIRCLE('',#2843,0.999999252925);
#2843 = AXIS2_PLACEMENT_3D('',#2844,#2845,#2846);
#2844 = CARTESIAN_POINT('',(38.999892747075,-37.49991074707,0.));
#2845 = DIRECTION('',(0.,0.,-1.));
#2846 = DIRECTION('',(1.,7.470757491648E-07,0.));
#2847 = ORIENTED_EDGE('',*,*,#2791,.F.);
#2848 = FACE_BOUND('',#2849,.F.);
#2849 = EDGE_LOOP('',(#2850));
#2850 = ORIENTED_EDGE('',*,*,#2851,.T.);
#2851 = EDGE_CURVE('',#2852,#2852,#2854,.T.);
#2852 = VERTEX_POINT('',#2853);
#2853 = CARTESIAN_POINT('',(22.374892,-37.59991,0.));
#2854 = CIRCLE('',#2855,0.6);
#2855 = AXIS2_PLACEMENT_3D('',#2856,#2857,#2858);
#2856 = CARTESIAN_POINT('',(22.374892,-36.99991,0.));
#2857 = DIRECTION('',(-0.,0.,-1.));
#2858 = DIRECTION('',(-5.921189464667E-15,-1.,0.));
#2859 = FACE_BOUND('',#2860,.F.);
#2860 = EDGE_LOOP('',(#2861));
#2861 = ORIENTED_EDGE('',*,*,#2862,.T.);
#2862 = EDGE_CURVE('',#2863,#2863,#2865,.T.);
#2863 = VERTEX_POINT('',#2864);
#2864 = CARTESIAN_POINT('',(27.374892,-37.59991,0.));
#2865 = CIRCLE('',#2866,0.6);
#2866 = AXIS2_PLACEMENT_3D('',#2867,#2868,#2869);
#2867 = CARTESIAN_POINT('',(27.374892,-36.99991,0.));
#2868 = DIRECTION('',(-0.,0.,-1.));
#2869 = DIRECTION('',(-5.921189464667E-15,-1.,0.));
#2870 = FACE_BOUND('',#2871,.F.);
#2871 = EDGE_LOOP('',(#2872));
#2872 = ORIENTED_EDGE('',*,*,#2873,.T.);
#2873 = EDGE_CURVE('',#2874,#2874,#2876,.T.);
#2874 = VERTEX_POINT('',#2875);
#2875 = CARTESIAN_POINT('',(22.374892,-34.34991,0.));
#2876 = CIRCLE('',#2877,0.6);
#2877 = AXIS2_PLACEMENT_3D('',#2878,#2879,#2880);
#2878 = CARTESIAN_POINT('',(22.374892,-33.74991,0.));
#2879 = DIRECTION('',(-0.,0.,-1.));
#2880 = DIRECTION('',(-5.921189464667E-15,-1.,0.));
#2881 = FACE_BOUND('',#2882,.F.);
#2882 = EDGE_LOOP('',(#2883));
#2883 = ORIENTED_EDGE('',*,*,#2884,.T.);
#2884 = EDGE_CURVE('',#2885,#2885,#2887,.T.);
#2885 = VERTEX_POINT('',#2886);
#2886 = CARTESIAN_POINT('',(27.374892,-34.34991,0.));
#2887 = CIRCLE('',#2888,0.6);
#2888 = AXIS2_PLACEMENT_3D('',#2889,#2890,#2891);
#2889 = CARTESIAN_POINT('',(27.374892,-33.74991,0.));
#2890 = DIRECTION('',(-0.,0.,-1.));
#2891 = DIRECTION('',(-5.921189464667E-15,-1.,0.));
#2892 = FACE_BOUND('',#2893,.F.);
#2893 = EDGE_LOOP('',(#2894));
#2894 = ORIENTED_EDGE('',*,*,#2895,.T.);
#2895 = EDGE_CURVE('',#2896,#2896,#2898,.T.);
#2896 = VERTEX_POINT('',#2897);
#2897 = CARTESIAN_POINT('',(32.624892,-37.59991,0.));
#2898 = CIRCLE('',#2899,0.6);
#2899 = AXIS2_PLACEMENT_3D('',#2900,#2901,#2902);
#2900 = CARTESIAN_POINT('',(32.624892,-36.99991,0.));
#2901 = DIRECTION('',(-0.,0.,-1.));
#2902 = DIRECTION('',(-0.,-1.,0.));
#2903 = FACE_BOUND('',#2904,.F.);
#2904 = EDGE_LOOP('',(#2905));
#2905 = ORIENTED_EDGE('',*,*,#2906,.T.);
#2906 = EDGE_CURVE('',#2907,#2907,#2909,.T.);
#2907 = VERTEX_POINT('',#2908);
#2908 = CARTESIAN_POINT('',(37.624892,-37.59991,0.));
#2909 = CIRCLE('',#2910,0.6);
#2910 = AXIS2_PLACEMENT_3D('',#2911,#2912,#2913);
#2911 = CARTESIAN_POINT('',(37.624892,-36.99991,0.));
#2912 = DIRECTION('',(-0.,0.,-1.));
#2913 = DIRECTION('',(-0.,-1.,0.));
#2914 = FACE_BOUND('',#2915,.F.);
#2915 = EDGE_LOOP('',(#2916));
#2916 = ORIENTED_EDGE('',*,*,#2917,.T.);
#2917 = EDGE_CURVE('',#2918,#2918,#2920,.T.);
#2918 = VERTEX_POINT('',#2919);
#2919 = CARTESIAN_POINT('',(32.624892,-34.34991,0.));
#2920 = CIRCLE('',#2921,0.6);
#2921 = AXIS2_PLACEMENT_3D('',#2922,#2923,#2924);
#2922 = CARTESIAN_POINT('',(32.624892,-33.74991,0.));
#2923 = DIRECTION('',(-0.,0.,-1.));
#2924 = DIRECTION('',(-0.,-1.,0.));
#2925 = FACE_BOUND('',#2926,.F.);
#2926 = EDGE_LOOP('',(#2927));
#2927 = ORIENTED_EDGE('',*,*,#2928,.T.);
#2928 = EDGE_CURVE('',#2929,#2929,#2931,.T.);
#2929 = VERTEX_POINT('',#2930);
#2930 = CARTESIAN_POINT('',(37.624892,-34.34991,0.));
#2931 = CIRCLE('',#2932,0.6);
#2932 = AXIS2_PLACEMENT_3D('',#2933,#2934,#2935);
#2933 = CARTESIAN_POINT('',(37.624892,-33.74991,0.));
#2934 = DIRECTION('',(-0.,0.,-1.));
#2935 = DIRECTION('',(-0.,-1.,0.));
#2936 = FACE_BOUND('',#2937,.F.);
#2937 = EDGE_LOOP('',(#2938));
#2938 = ORIENTED_EDGE('',*,*,#2939,.T.);
#2939 = EDGE_CURVE('',#2940,#2940,#2942,.T.);
#2940 = VERTEX_POINT('',#2941);
#2941 = CARTESIAN_POINT('',(22.374892,-30.84991,0.));
#2942 = CIRCLE('',#2943,0.6);
#2943 = AXIS2_PLACEMENT_3D('',#2944,#2945,#2946);
#2944 = CARTESIAN_POINT('',(22.374892,-30.24991,0.));
#2945 = DIRECTION('',(-0.,0.,-1.));
#2946 = DIRECTION('',(-5.921189464668E-15,-1.,0.));
#2947 = FACE_BOUND('',#2948,.F.);
#2948 = EDGE_LOOP('',(#2949));
#2949 = ORIENTED_EDGE('',*,*,#2950,.T.);
#2950 = EDGE_CURVE('',#2951,#2951,#2953,.T.);
#2951 = VERTEX_POINT('',#2952);
#2952 = CARTESIAN_POINT('',(28.099892,-31.59991,0.));
#2953 = CIRCLE('',#2954,0.6);
#2954 = AXIS2_PLACEMENT_3D('',#2955,#2956,#2957);
#2955 = CARTESIAN_POINT('',(28.099892,-30.99991,0.));
#2956 = DIRECTION('',(-0.,0.,-1.));
#2957 = DIRECTION('',(5.921189464667E-15,-1.,-0.));
#2958 = FACE_BOUND('',#2959,.F.);
#2959 = EDGE_LOOP('',(#2960));
#2960 = ORIENTED_EDGE('',*,*,#2961,.T.);
#2961 = EDGE_CURVE('',#2962,#2962,#2964,.T.);
#2962 = VERTEX_POINT('',#2963);
#2963 = CARTESIAN_POINT('',(22.374892,-27.59991,0.));
#2964 = CIRCLE('',#2965,0.6);
#2965 = AXIS2_PLACEMENT_3D('',#2966,#2967,#2968);
#2966 = CARTESIAN_POINT('',(22.374892,-26.99991,0.));
#2967 = DIRECTION('',(-0.,0.,-1.));
#2968 = DIRECTION('',(-5.921189464668E-15,-1.,0.));
#2969 = FACE_BOUND('',#2970,.F.);
#2970 = EDGE_LOOP('',(#2971));
#2971 = ORIENTED_EDGE('',*,*,#2972,.T.);
#2972 = EDGE_CURVE('',#2973,#2973,#2975,.T.);
#2973 = VERTEX_POINT('',#2974);
#2974 = CARTESIAN_POINT('',(28.094892,-27.22491,0.));
#2975 = CIRCLE('',#2976,0.6);
#2976 = AXIS2_PLACEMENT_3D('',#2977,#2978,#2979);
#2977 = CARTESIAN_POINT('',(28.094892,-26.62491,0.));
#2978 = DIRECTION('',(-0.,0.,-1.));
#2979 = DIRECTION('',(-0.,-1.,0.));
#2980 = FACE_BOUND('',#2981,.F.);
#2981 = EDGE_LOOP('',(#2982));
#2982 = ORIENTED_EDGE('',*,*,#2983,.T.);
#2983 = EDGE_CURVE('',#2984,#2984,#2986,.T.);
#2984 = VERTEX_POINT('',#2985);
#2985 = CARTESIAN_POINT('',(31.899892,-31.59991,0.));
#2986 = CIRCLE('',#2987,0.6);
#2987 = AXIS2_PLACEMENT_3D('',#2988,#2989,#2990);
#2988 = CARTESIAN_POINT('',(31.899892,-30.99991,0.));
#2989 = DIRECTION('',(-0.,0.,-1.));
#2990 = DIRECTION('',(-0.,-1.,0.));
#2991 = FACE_BOUND('',#2992,.F.);
#2992 = EDGE_LOOP('',(#2993));
#2993 = ORIENTED_EDGE('',*,*,#2994,.T.);
#2994 = EDGE_CURVE('',#2995,#2995,#2997,.T.);
#2995 = VERTEX_POINT('',#2996);
#2996 = CARTESIAN_POINT('',(37.624892,-30.84991,0.));
#2997 = CIRCLE('',#2998,0.6);
#2998 = AXIS2_PLACEMENT_3D('',#2999,#3000,#3001);
#2999 = CARTESIAN_POINT('',(37.624892,-30.24991,0.));
#3000 = DIRECTION('',(-0.,0.,-1.));
#3001 = DIRECTION('',(-0.,-1.,0.));
#3002 = FACE_BOUND('',#3003,.F.);
#3003 = EDGE_LOOP('',(#3004));
#3004 = ORIENTED_EDGE('',*,*,#3005,.T.);
#3005 = EDGE_CURVE('',#3006,#3006,#3008,.T.);
#3006 = VERTEX_POINT('',#3007);
#3007 = CARTESIAN_POINT('',(31.904892,-27.22491,0.));
#3008 = CIRCLE('',#3009,0.6);
#3009 = AXIS2_PLACEMENT_3D('',#3010,#3011,#3012);
#3010 = CARTESIAN_POINT('',(31.904892,-26.62491,0.));
#3011 = DIRECTION('',(-0.,0.,-1.));
#3012 = DIRECTION('',(5.921189464667E-15,-1.,-0.));
#3013 = FACE_BOUND('',#3014,.F.);
#3014 = EDGE_LOOP('',(#3015));
#3015 = ORIENTED_EDGE('',*,*,#3016,.T.);
#3016 = EDGE_CURVE('',#3017,#3017,#3019,.T.);
#3017 = VERTEX_POINT('',#3018);
#3018 = CARTESIAN_POINT('',(37.624892,-27.59991,0.));
#3019 = CIRCLE('',#3020,0.6);
#3020 = AXIS2_PLACEMENT_3D('',#3021,#3022,#3023);
#3021 = CARTESIAN_POINT('',(37.624892,-26.99991,0.));
#3022 = DIRECTION('',(-0.,0.,-1.));
#3023 = DIRECTION('',(-0.,-1.,0.));
#3024 = PLANE('',#3025);
#3025 = AXIS2_PLACEMENT_3D('',#3026,#3027,#3028);
#3026 = CARTESIAN_POINT('',(0.,0.,0.));
#3027 = DIRECTION('',(0.,0.,1.));
#3028 = DIRECTION('',(1.,0.,-0.));
#3029 = ADVANCED_FACE('',(#3030,#3076,#3087,#3098,#3109,#3120,#3131,
    #3142,#3153,#3164,#3175,#3186,#3197,#3208,#3219,#3230,#3241),#3252,
  .T.);
#3030 = FACE_BOUND('',#3031,.T.);
#3031 = EDGE_LOOP('',(#3032,#3033,#3034,#3043,#3051,#3060,#3068,#3075));
#3032 = ORIENTED_EDGE('',*,*,#2711,.F.);
#3033 = ORIENTED_EDGE('',*,*,#2753,.F.);
#3034 = ORIENTED_EDGE('',*,*,#3035,.F.);
#3035 = EDGE_CURVE('',#3036,#2746,#3038,.T.);
#3036 = VERTEX_POINT('',#3037);
#3037 = CARTESIAN_POINT('',(19.999892,-26.49991,0.71));
#3038 = CIRCLE('',#3039,0.999999252925);
#3039 = AXIS2_PLACEMENT_3D('',#3040,#3041,#3042);
#3040 = CARTESIAN_POINT('',(20.999891252925,-26.49990925292,0.71));
#3041 = DIRECTION('',(0.,0.,-1.));
#3042 = DIRECTION('',(-1.,-7.470757420593E-07,-0.));
#3043 = ORIENTED_EDGE('',*,*,#3044,.F.);
#3044 = EDGE_CURVE('',#3045,#3036,#3047,.T.);
#3045 = VERTEX_POINT('',#3046);
#3046 = CARTESIAN_POINT('',(19.999892,-37.49991,0.71));
#3047 = LINE('',#3048,#3049);
#3048 = CARTESIAN_POINT('',(19.999892,-37.49991,0.71));
#3049 = VECTOR('',#3050,1.);
#3050 = DIRECTION('',(0.,1.,0.));
#3051 = ORIENTED_EDGE('',*,*,#3052,.F.);
#3052 = EDGE_CURVE('',#3053,#3045,#3055,.T.);
#3053 = VERTEX_POINT('',#3054);
#3054 = CARTESIAN_POINT('',(20.999892,-38.49991,0.71));
#3055 = CIRCLE('',#3056,0.999999252925);
#3056 = AXIS2_PLACEMENT_3D('',#3057,#3058,#3059);
#3057 = CARTESIAN_POINT('',(20.999891252925,-37.49991074707,0.71));
#3058 = DIRECTION('',(0.,0.,-1.));
#3059 = DIRECTION('',(7.470757420593E-07,-1.,0.));
#3060 = ORIENTED_EDGE('',*,*,#3061,.F.);
#3061 = EDGE_CURVE('',#3062,#3053,#3064,.T.);
#3062 = VERTEX_POINT('',#3063);
#3063 = CARTESIAN_POINT('',(38.999892,-38.49991,0.71));
#3064 = LINE('',#3065,#3066);
#3065 = CARTESIAN_POINT('',(38.999892,-38.49991,0.71));
#3066 = VECTOR('',#3067,1.);
#3067 = DIRECTION('',(-1.,0.,0.));
#3068 = ORIENTED_EDGE('',*,*,#3069,.F.);
#3069 = EDGE_CURVE('',#2776,#3062,#3070,.T.);
#3070 = CIRCLE('',#3071,0.999999252925);
#3071 = AXIS2_PLACEMENT_3D('',#3072,#3073,#3074);
#3072 = CARTESIAN_POINT('',(38.999892747075,-37.49991074707,0.71));
#3073 = DIRECTION('',(0.,0.,-1.));
#3074 = DIRECTION('',(1.,7.470757491648E-07,0.));
#3075 = ORIENTED_EDGE('',*,*,#2775,.F.);
#3076 = FACE_BOUND('',#3077,.T.);
#3077 = EDGE_LOOP('',(#3078));
#3078 = ORIENTED_EDGE('',*,*,#3079,.T.);
#3079 = EDGE_CURVE('',#3080,#3080,#3082,.T.);
#3080 = VERTEX_POINT('',#3081);
#3081 = CARTESIAN_POINT('',(22.374892,-37.59991,0.71));
#3082 = CIRCLE('',#3083,0.6);
#3083 = AXIS2_PLACEMENT_3D('',#3084,#3085,#3086);
#3084 = CARTESIAN_POINT('',(22.374892,-36.99991,0.71));
#3085 = DIRECTION('',(-0.,0.,-1.));
#3086 = DIRECTION('',(-5.921189464667E-15,-1.,0.));
#3087 = FACE_BOUND('',#3088,.T.);
#3088 = EDGE_LOOP('',(#3089));
#3089 = ORIENTED_EDGE('',*,*,#3090,.T.);
#3090 = EDGE_CURVE('',#3091,#3091,#3093,.T.);
#3091 = VERTEX_POINT('',#3092);
#3092 = CARTESIAN_POINT('',(27.374892,-37.59991,0.71));
#3093 = CIRCLE('',#3094,0.6);
#3094 = AXIS2_PLACEMENT_3D('',#3095,#3096,#3097);
#3095 = CARTESIAN_POINT('',(27.374892,-36.99991,0.71));
#3096 = DIRECTION('',(-0.,0.,-1.));
#3097 = DIRECTION('',(-5.921189464667E-15,-1.,0.));
#3098 = FACE_BOUND('',#3099,.T.);
#3099 = EDGE_LOOP('',(#3100));
#3100 = ORIENTED_EDGE('',*,*,#3101,.T.);
#3101 = EDGE_CURVE('',#3102,#3102,#3104,.T.);
#3102 = VERTEX_POINT('',#3103);
#3103 = CARTESIAN_POINT('',(22.374892,-34.34991,0.71));
#3104 = CIRCLE('',#3105,0.6);
#3105 = AXIS2_PLACEMENT_3D('',#3106,#3107,#3108);
#3106 = CARTESIAN_POINT('',(22.374892,-33.74991,0.71));
#3107 = DIRECTION('',(-0.,0.,-1.));
#3108 = DIRECTION('',(-5.921189464667E-15,-1.,0.));
#3109 = FACE_BOUND('',#3110,.T.);
#3110 = EDGE_LOOP('',(#3111));
#3111 = ORIENTED_EDGE('',*,*,#3112,.T.);
#3112 = EDGE_CURVE('',#3113,#3113,#3115,.T.);
#3113 = VERTEX_POINT('',#3114);
#3114 = CARTESIAN_POINT('',(27.374892,-34.34991,0.71));
#3115 = CIRCLE('',#3116,0.6);
#3116 = AXIS2_PLACEMENT_3D('',#3117,#3118,#3119);
#3117 = CARTESIAN_POINT('',(27.374892,-33.74991,0.71));
#3118 = DIRECTION('',(-0.,0.,-1.));
#3119 = DIRECTION('',(-5.921189464667E-15,-1.,0.));
#3120 = FACE_BOUND('',#3121,.T.);
#3121 = EDGE_LOOP('',(#3122));
#3122 = ORIENTED_EDGE('',*,*,#3123,.T.);
#3123 = EDGE_CURVE('',#3124,#3124,#3126,.T.);
#3124 = VERTEX_POINT('',#3125);
#3125 = CARTESIAN_POINT('',(32.624892,-37.59991,0.71));
#3126 = CIRCLE('',#3127,0.6);
#3127 = AXIS2_PLACEMENT_3D('',#3128,#3129,#3130);
#3128 = CARTESIAN_POINT('',(32.624892,-36.99991,0.71));
#3129 = DIRECTION('',(-0.,0.,-1.));
#3130 = DIRECTION('',(-0.,-1.,0.));
#3131 = FACE_BOUND('',#3132,.T.);
#3132 = EDGE_LOOP('',(#3133));
#3133 = ORIENTED_EDGE('',*,*,#3134,.T.);
#3134 = EDGE_CURVE('',#3135,#3135,#3137,.T.);
#3135 = VERTEX_POINT('',#3136);
#3136 = CARTESIAN_POINT('',(37.624892,-37.59991,0.71));
#3137 = CIRCLE('',#3138,0.6);
#3138 = AXIS2_PLACEMENT_3D('',#3139,#3140,#3141);
#3139 = CARTESIAN_POINT('',(37.624892,-36.99991,0.71));
#3140 = DIRECTION('',(-0.,0.,-1.));
#3141 = DIRECTION('',(-0.,-1.,0.));
#3142 = FACE_BOUND('',#3143,.T.);
#3143 = EDGE_LOOP('',(#3144));
#3144 = ORIENTED_EDGE('',*,*,#3145,.T.);
#3145 = EDGE_CURVE('',#3146,#3146,#3148,.T.);
#3146 = VERTEX_POINT('',#3147);
#3147 = CARTESIAN_POINT('',(32.624892,-34.34991,0.71));
#3148 = CIRCLE('',#3149,0.6);
#3149 = AXIS2_PLACEMENT_3D('',#3150,#3151,#3152);
#3150 = CARTESIAN_POINT('',(32.624892,-33.74991,0.71));
#3151 = DIRECTION('',(-0.,0.,-1.));
#3152 = DIRECTION('',(-0.,-1.,0.));
#3153 = FACE_BOUND('',#3154,.T.);
#3154 = EDGE_LOOP('',(#3155));
#3155 = ORIENTED_EDGE('',*,*,#3156,.T.);
#3156 = EDGE_CURVE('',#3157,#3157,#3159,.T.);
#3157 = VERTEX_POINT('',#3158);
#3158 = CARTESIAN_POINT('',(37.624892,-34.34991,0.71));
#3159 = CIRCLE('',#3160,0.6);
#3160 = AXIS2_PLACEMENT_3D('',#3161,#3162,#3163);
#3161 = CARTESIAN_POINT('',(37.624892,-33.74991,0.71));
#3162 = DIRECTION('',(-0.,0.,-1.));
#3163 = DIRECTION('',(-0.,-1.,0.));
#3164 = FACE_BOUND('',#3165,.T.);
#3165 = EDGE_LOOP('',(#3166));
#3166 = ORIENTED_EDGE('',*,*,#3167,.T.);
#3167 = EDGE_CURVE('',#3168,#3168,#3170,.T.);
#3168 = VERTEX_POINT('',#3169);
#3169 = CARTESIAN_POINT('',(22.374892,-30.84991,0.71));
#3170 = CIRCLE('',#3171,0.6);
#3171 = AXIS2_PLACEMENT_3D('',#3172,#3173,#3174);
#3172 = CARTESIAN_POINT('',(22.374892,-30.24991,0.71));
#3173 = DIRECTION('',(-0.,0.,-1.));
#3174 = DIRECTION('',(-5.921189464668E-15,-1.,0.));
#3175 = FACE_BOUND('',#3176,.T.);
#3176 = EDGE_LOOP('',(#3177));
#3177 = ORIENTED_EDGE('',*,*,#3178,.T.);
#3178 = EDGE_CURVE('',#3179,#3179,#3181,.T.);
#3179 = VERTEX_POINT('',#3180);
#3180 = CARTESIAN_POINT('',(28.099892,-31.59991,0.71));
#3181 = CIRCLE('',#3182,0.6);
#3182 = AXIS2_PLACEMENT_3D('',#3183,#3184,#3185);
#3183 = CARTESIAN_POINT('',(28.099892,-30.99991,0.71));
#3184 = DIRECTION('',(-0.,0.,-1.));
#3185 = DIRECTION('',(5.921189464667E-15,-1.,-0.));
#3186 = FACE_BOUND('',#3187,.T.);
#3187 = EDGE_LOOP('',(#3188));
#3188 = ORIENTED_EDGE('',*,*,#3189,.T.);
#3189 = EDGE_CURVE('',#3190,#3190,#3192,.T.);
#3190 = VERTEX_POINT('',#3191);
#3191 = CARTESIAN_POINT('',(22.374892,-27.59991,0.71));
#3192 = CIRCLE('',#3193,0.6);
#3193 = AXIS2_PLACEMENT_3D('',#3194,#3195,#3196);
#3194 = CARTESIAN_POINT('',(22.374892,-26.99991,0.71));
#3195 = DIRECTION('',(-0.,0.,-1.));
#3196 = DIRECTION('',(-5.921189464668E-15,-1.,0.));
#3197 = FACE_BOUND('',#3198,.T.);
#3198 = EDGE_LOOP('',(#3199));
#3199 = ORIENTED_EDGE('',*,*,#3200,.T.);
#3200 = EDGE_CURVE('',#3201,#3201,#3203,.T.);
#3201 = VERTEX_POINT('',#3202);
#3202 = CARTESIAN_POINT('',(28.094892,-27.22491,0.71));
#3203 = CIRCLE('',#3204,0.6);
#3204 = AXIS2_PLACEMENT_3D('',#3205,#3206,#3207);
#3205 = CARTESIAN_POINT('',(28.094892,-26.62491,0.71));
#3206 = DIRECTION('',(-0.,0.,-1.));
#3207 = DIRECTION('',(-0.,-1.,0.));
#3208 = FACE_BOUND('',#3209,.T.);
#3209 = EDGE_LOOP('',(#3210));
#3210 = ORIENTED_EDGE('',*,*,#3211,.T.);
#3211 = EDGE_CURVE('',#3212,#3212,#3214,.T.);
#3212 = VERTEX_POINT('',#3213);
#3213 = CARTESIAN_POINT('',(31.899892,-31.59991,0.71));
#3214 = CIRCLE('',#3215,0.6);
#3215 = AXIS2_PLACEMENT_3D('',#3216,#3217,#3218);
#3216 = CARTESIAN_POINT('',(31.899892,-30.99991,0.71));
#3217 = DIRECTION('',(-0.,0.,-1.));
#3218 = DIRECTION('',(-0.,-1.,0.));
#3219 = FACE_BOUND('',#3220,.T.);
#3220 = EDGE_LOOP('',(#3221));
#3221 = ORIENTED_EDGE('',*,*,#3222,.T.);
#3222 = EDGE_CURVE('',#3223,#3223,#3225,.T.);
#3223 = VERTEX_POINT('',#3224);
#3224 = CARTESIAN_POINT('',(37.624892,-30.84991,0.71));
#3225 = CIRCLE('',#3226,0.6);
#3226 = AXIS2_PLACEMENT_3D('',#3227,#3228,#3229);
#3227 = CARTESIAN_POINT('',(37.624892,-30.24991,0.71));
#3228 = DIRECTION('',(-0.,0.,-1.));
#3229 = DIRECTION('',(-0.,-1.,0.));
#3230 = FACE_BOUND('',#3231,.T.);
#3231 = EDGE_LOOP('',(#3232));
#3232 = ORIENTED_EDGE('',*,*,#3233,.T.);
#3233 = EDGE_CURVE('',#3234,#3234,#3236,.T.);
#3234 = VERTEX_POINT('',#3235);
#3235 = CARTESIAN_POINT('',(31.904892,-27.22491,0.71));
#3236 = CIRCLE('',#3237,0.6);
#3237 = AXIS2_PLACEMENT_3D('',#3238,#3239,#3240);
#3238 = CARTESIAN_POINT('',(31.904892,-26.62491,0.71));
#3239 = DIRECTION('',(-0.,0.,-1.));
#3240 = DIRECTION('',(5.921189464667E-15,-1.,-0.));
#3241 = FACE_BOUND('',#3242,.T.);
#3242 = EDGE_LOOP('',(#3243));
#3243 = ORIENTED_EDGE('',*,*,#3244,.T.);
#3244 = EDGE_CURVE('',#3245,#3245,#3247,.T.);
#3245 = VERTEX_POINT('',#3246);
#3246 = CARTESIAN_POINT('',(37.624892,-27.59991,0.71));
#3247 = CIRCLE('',#3248,0.6);
#3248 = AXIS2_PLACEMENT_3D('',#3249,#3250,#3251);
#3249 = CARTESIAN_POINT('',(37.624892,-26.99991,0.71));
#3250 = DIRECTION('',(-0.,0.,-1.));
#3251 = DIRECTION('',(-0.,-1.,0.));
#3252 = PLANE('',#3253);
#3253 = AXIS2_PLACEMENT_3D('',#3254,#3255,#3256);
#3254 = CARTESIAN_POINT('',(0.,0.,0.71));
#3255 = DIRECTION('',(0.,0.,1.));
#3256 = DIRECTION('',(1.,0.,-0.));
#3257 = ADVANCED_FACE('',(#3258),#3269,.T.);
#3258 = FACE_BOUND('',#3259,.T.);
#3259 = EDGE_LOOP('',(#3260,#3266,#3267,#3268));
#3260 = ORIENTED_EDGE('',*,*,#3261,.T.);
#3261 = EDGE_CURVE('',#2808,#3036,#3262,.T.);
#3262 = LINE('',#3263,#3264);
#3263 = CARTESIAN_POINT('',(19.999892,-26.49991,0.));
#3264 = VECTOR('',#3265,1.);
#3265 = DIRECTION('',(0.,0.,1.));
#3266 = ORIENTED_EDGE('',*,*,#3035,.T.);
#3267 = ORIENTED_EDGE('',*,*,#2743,.F.);
#3268 = ORIENTED_EDGE('',*,*,#2807,.F.);
#3269 = CYLINDRICAL_SURFACE('',#3270,0.999999252925);
#3270 = AXIS2_PLACEMENT_3D('',#3271,#3272,#3273);
#3271 = CARTESIAN_POINT('',(20.999891252925,-26.49990925292,0.));
#3272 = DIRECTION('',(0.,0.,-1.));
#3273 = DIRECTION('',(-1.,-7.470757420593E-07,-0.));
#3274 = ADVANCED_FACE('',(#3275),#3286,.T.);
#3275 = FACE_BOUND('',#3276,.T.);
#3276 = EDGE_LOOP('',(#3277,#3278,#3279,#3285));
#3277 = ORIENTED_EDGE('',*,*,#2783,.T.);
#3278 = ORIENTED_EDGE('',*,*,#3069,.T.);
#3279 = ORIENTED_EDGE('',*,*,#3280,.F.);
#3280 = EDGE_CURVE('',#2834,#3062,#3281,.T.);
#3281 = LINE('',#3282,#3283);
#3282 = CARTESIAN_POINT('',(38.999892,-38.49991,0.));
#3283 = VECTOR('',#3284,1.);
#3284 = DIRECTION('',(0.,0.,1.));
#3285 = ORIENTED_EDGE('',*,*,#2841,.F.);
#3286 = CYLINDRICAL_SURFACE('',#3287,0.999999252925);
#3287 = AXIS2_PLACEMENT_3D('',#3288,#3289,#3290);
#3288 = CARTESIAN_POINT('',(38.999892747075,-37.49991074707,0.));
#3289 = DIRECTION('',(0.,0.,-1.));
#3290 = DIRECTION('',(1.,7.470757491648E-07,0.));
#3291 = ADVANCED_FACE('',(#3292),#3303,.T.);
#3292 = FACE_BOUND('',#3293,.T.);
#3293 = EDGE_LOOP('',(#3294,#3300,#3301,#3302));
#3294 = ORIENTED_EDGE('',*,*,#3295,.T.);
#3295 = EDGE_CURVE('',#2817,#3045,#3296,.T.);
#3296 = LINE('',#3297,#3298);
#3297 = CARTESIAN_POINT('',(19.999892,-37.49991,0.));
#3298 = VECTOR('',#3299,1.);
#3299 = DIRECTION('',(0.,0.,1.));
#3300 = ORIENTED_EDGE('',*,*,#3044,.T.);
#3301 = ORIENTED_EDGE('',*,*,#3261,.F.);
#3302 = ORIENTED_EDGE('',*,*,#2816,.F.);
#3303 = PLANE('',#3304);
#3304 = AXIS2_PLACEMENT_3D('',#3305,#3306,#3307);
#3305 = CARTESIAN_POINT('',(19.999892,-37.49991,0.));
#3306 = DIRECTION('',(-1.,0.,0.));
#3307 = DIRECTION('',(0.,1.,0.));
#3308 = ADVANCED_FACE('',(#3309),#3320,.T.);
#3309 = FACE_BOUND('',#3310,.T.);
#3310 = EDGE_LOOP('',(#3311,#3312,#3313,#3319));
#3311 = ORIENTED_EDGE('',*,*,#3280,.T.);
#3312 = ORIENTED_EDGE('',*,*,#3061,.T.);
#3313 = ORIENTED_EDGE('',*,*,#3314,.F.);
#3314 = EDGE_CURVE('',#2825,#3053,#3315,.T.);
#3315 = LINE('',#3316,#3317);
#3316 = CARTESIAN_POINT('',(20.999892,-38.49991,0.));
#3317 = VECTOR('',#3318,1.);
#3318 = DIRECTION('',(0.,0.,1.));
#3319 = ORIENTED_EDGE('',*,*,#2833,.F.);
#3320 = PLANE('',#3321);
#3321 = AXIS2_PLACEMENT_3D('',#3322,#3323,#3324);
#3322 = CARTESIAN_POINT('',(38.999892,-38.49991,0.));
#3323 = DIRECTION('',(0.,-1.,0.));
#3324 = DIRECTION('',(-1.,0.,0.));
#3325 = ADVANCED_FACE('',(#3326),#3332,.T.);
#3326 = FACE_BOUND('',#3327,.T.);
#3327 = EDGE_LOOP('',(#3328,#3329,#3330,#3331));
#3328 = ORIENTED_EDGE('',*,*,#3314,.T.);
#3329 = ORIENTED_EDGE('',*,*,#3052,.T.);
#3330 = ORIENTED_EDGE('',*,*,#3295,.F.);
#3331 = ORIENTED_EDGE('',*,*,#2824,.F.);
#3332 = CYLINDRICAL_SURFACE('',#3333,0.999999252925);
#3333 = AXIS2_PLACEMENT_3D('',#3334,#3335,#3336);
#3334 = CARTESIAN_POINT('',(20.999891252925,-37.49991074707,0.));
#3335 = DIRECTION('',(0.,0.,-1.));
#3336 = DIRECTION('',(7.470757420593E-07,-1.,0.));
#3337 = ADVANCED_FACE('',(#3338),#3349,.F.);
#3338 = FACE_BOUND('',#3339,.T.);
#3339 = EDGE_LOOP('',(#3340,#3341,#3347,#3348));
#3340 = ORIENTED_EDGE('',*,*,#2851,.T.);
#3341 = ORIENTED_EDGE('',*,*,#3342,.T.);
#3342 = EDGE_CURVE('',#2852,#3080,#3343,.T.);
#3343 = LINE('',#3344,#3345);
#3344 = CARTESIAN_POINT('',(22.374892,-37.59991,-4.6E-02));
#3345 = VECTOR('',#3346,1.);
#3346 = DIRECTION('',(0.,0.,1.));
#3347 = ORIENTED_EDGE('',*,*,#3079,.F.);
#3348 = ORIENTED_EDGE('',*,*,#3342,.F.);
#3349 = CYLINDRICAL_SURFACE('',#3350,0.6);
#3350 = AXIS2_PLACEMENT_3D('',#3351,#3352,#3353);
#3351 = CARTESIAN_POINT('',(22.374892,-36.99991,-4.6E-02));
#3352 = DIRECTION('',(-0.,-0.,-1.));
#3353 = DIRECTION('',(-5.921189464667E-15,-1.,0.));
#3354 = ADVANCED_FACE('',(#3355),#3366,.F.);
#3355 = FACE_BOUND('',#3356,.T.);
#3356 = EDGE_LOOP('',(#3357,#3358,#3364,#3365));
#3357 = ORIENTED_EDGE('',*,*,#2862,.T.);
#3358 = ORIENTED_EDGE('',*,*,#3359,.T.);
#3359 = EDGE_CURVE('',#2863,#3091,#3360,.T.);
#3360 = LINE('',#3361,#3362);
#3361 = CARTESIAN_POINT('',(27.374892,-37.59991,-4.6E-02));
#3362 = VECTOR('',#3363,1.);
#3363 = DIRECTION('',(0.,0.,1.));
#3364 = ORIENTED_EDGE('',*,*,#3090,.F.);
#3365 = ORIENTED_EDGE('',*,*,#3359,.F.);
#3366 = CYLINDRICAL_SURFACE('',#3367,0.6);
#3367 = AXIS2_PLACEMENT_3D('',#3368,#3369,#3370);
#3368 = CARTESIAN_POINT('',(27.374892,-36.99991,-4.6E-02));
#3369 = DIRECTION('',(-0.,-0.,-1.));
#3370 = DIRECTION('',(-5.921189464667E-15,-1.,0.));
#3371 = ADVANCED_FACE('',(#3372),#3383,.F.);
#3372 = FACE_BOUND('',#3373,.T.);
#3373 = EDGE_LOOP('',(#3374,#3375,#3381,#3382));
#3374 = ORIENTED_EDGE('',*,*,#2873,.T.);
#3375 = ORIENTED_EDGE('',*,*,#3376,.T.);
#3376 = EDGE_CURVE('',#2874,#3102,#3377,.T.);
#3377 = LINE('',#3378,#3379);
#3378 = CARTESIAN_POINT('',(22.374892,-34.34991,-4.6E-02));
#3379 = VECTOR('',#3380,1.);
#3380 = DIRECTION('',(0.,0.,1.));
#3381 = ORIENTED_EDGE('',*,*,#3101,.F.);
#3382 = ORIENTED_EDGE('',*,*,#3376,.F.);
#3383 = CYLINDRICAL_SURFACE('',#3384,0.6);
#3384 = AXIS2_PLACEMENT_3D('',#3385,#3386,#3387);
#3385 = CARTESIAN_POINT('',(22.374892,-33.74991,-4.6E-02));
#3386 = DIRECTION('',(-0.,-0.,-1.));
#3387 = DIRECTION('',(-5.921189464667E-15,-1.,0.));
#3388 = ADVANCED_FACE('',(#3389),#3400,.F.);
#3389 = FACE_BOUND('',#3390,.T.);
#3390 = EDGE_LOOP('',(#3391,#3392,#3398,#3399));
#3391 = ORIENTED_EDGE('',*,*,#2884,.T.);
#3392 = ORIENTED_EDGE('',*,*,#3393,.T.);
#3393 = EDGE_CURVE('',#2885,#3113,#3394,.T.);
#3394 = LINE('',#3395,#3396);
#3395 = CARTESIAN_POINT('',(27.374892,-34.34991,-4.6E-02));
#3396 = VECTOR('',#3397,1.);
#3397 = DIRECTION('',(0.,0.,1.));
#3398 = ORIENTED_EDGE('',*,*,#3112,.F.);
#3399 = ORIENTED_EDGE('',*,*,#3393,.F.);
#3400 = CYLINDRICAL_SURFACE('',#3401,0.6);
#3401 = AXIS2_PLACEMENT_3D('',#3402,#3403,#3404);
#3402 = CARTESIAN_POINT('',(27.374892,-33.74991,-4.6E-02));
#3403 = DIRECTION('',(-0.,-0.,-1.));
#3404 = DIRECTION('',(-5.921189464667E-15,-1.,0.));
#3405 = ADVANCED_FACE('',(#3406),#3417,.F.);
#3406 = FACE_BOUND('',#3407,.T.);
#3407 = EDGE_LOOP('',(#3408,#3409,#3415,#3416));
#3408 = ORIENTED_EDGE('',*,*,#2895,.T.);
#3409 = ORIENTED_EDGE('',*,*,#3410,.T.);
#3410 = EDGE_CURVE('',#2896,#3124,#3411,.T.);
#3411 = LINE('',#3412,#3413);
#3412 = CARTESIAN_POINT('',(32.624892,-37.59991,-4.6E-02));
#3413 = VECTOR('',#3414,1.);
#3414 = DIRECTION('',(0.,0.,1.));
#3415 = ORIENTED_EDGE('',*,*,#3123,.F.);
#3416 = ORIENTED_EDGE('',*,*,#3410,.F.);
#3417 = CYLINDRICAL_SURFACE('',#3418,0.6);
#3418 = AXIS2_PLACEMENT_3D('',#3419,#3420,#3421);
#3419 = CARTESIAN_POINT('',(32.624892,-36.99991,-4.6E-02));
#3420 = DIRECTION('',(-0.,-0.,-1.));
#3421 = DIRECTION('',(-0.,-1.,0.));
#3422 = ADVANCED_FACE('',(#3423),#3434,.F.);
#3423 = FACE_BOUND('',#3424,.T.);
#3424 = EDGE_LOOP('',(#3425,#3426,#3432,#3433));
#3425 = ORIENTED_EDGE('',*,*,#2906,.T.);
#3426 = ORIENTED_EDGE('',*,*,#3427,.T.);
#3427 = EDGE_CURVE('',#2907,#3135,#3428,.T.);
#3428 = LINE('',#3429,#3430);
#3429 = CARTESIAN_POINT('',(37.624892,-37.59991,-4.6E-02));
#3430 = VECTOR('',#3431,1.);
#3431 = DIRECTION('',(0.,0.,1.));
#3432 = ORIENTED_EDGE('',*,*,#3134,.F.);
#3433 = ORIENTED_EDGE('',*,*,#3427,.F.);
#3434 = CYLINDRICAL_SURFACE('',#3435,0.6);
#3435 = AXIS2_PLACEMENT_3D('',#3436,#3437,#3438);
#3436 = CARTESIAN_POINT('',(37.624892,-36.99991,-4.6E-02));
#3437 = DIRECTION('',(-0.,-0.,-1.));
#3438 = DIRECTION('',(-0.,-1.,0.));
#3439 = ADVANCED_FACE('',(#3440),#3451,.F.);
#3440 = FACE_BOUND('',#3441,.T.);
#3441 = EDGE_LOOP('',(#3442,#3443,#3449,#3450));
#3442 = ORIENTED_EDGE('',*,*,#2917,.T.);
#3443 = ORIENTED_EDGE('',*,*,#3444,.T.);
#3444 = EDGE_CURVE('',#2918,#3146,#3445,.T.);
#3445 = LINE('',#3446,#3447);
#3446 = CARTESIAN_POINT('',(32.624892,-34.34991,-4.6E-02));
#3447 = VECTOR('',#3448,1.);
#3448 = DIRECTION('',(0.,0.,1.));
#3449 = ORIENTED_EDGE('',*,*,#3145,.F.);
#3450 = ORIENTED_EDGE('',*,*,#3444,.F.);
#3451 = CYLINDRICAL_SURFACE('',#3452,0.6);
#3452 = AXIS2_PLACEMENT_3D('',#3453,#3454,#3455);
#3453 = CARTESIAN_POINT('',(32.624892,-33.74991,-4.6E-02));
#3454 = DIRECTION('',(-0.,-0.,-1.));
#3455 = DIRECTION('',(-0.,-1.,0.));
#3456 = ADVANCED_FACE('',(#3457),#3468,.F.);
#3457 = FACE_BOUND('',#3458,.T.);
#3458 = EDGE_LOOP('',(#3459,#3460,#3466,#3467));
#3459 = ORIENTED_EDGE('',*,*,#2928,.T.);
#3460 = ORIENTED_EDGE('',*,*,#3461,.T.);
#3461 = EDGE_CURVE('',#2929,#3157,#3462,.T.);
#3462 = LINE('',#3463,#3464);
#3463 = CARTESIAN_POINT('',(37.624892,-34.34991,-4.6E-02));
#3464 = VECTOR('',#3465,1.);
#3465 = DIRECTION('',(0.,0.,1.));
#3466 = ORIENTED_EDGE('',*,*,#3156,.F.);
#3467 = ORIENTED_EDGE('',*,*,#3461,.F.);
#3468 = CYLINDRICAL_SURFACE('',#3469,0.6);
#3469 = AXIS2_PLACEMENT_3D('',#3470,#3471,#3472);
#3470 = CARTESIAN_POINT('',(37.624892,-33.74991,-4.6E-02));
#3471 = DIRECTION('',(-0.,-0.,-1.));
#3472 = DIRECTION('',(-0.,-1.,0.));
#3473 = ADVANCED_FACE('',(#3474),#3485,.F.);
#3474 = FACE_BOUND('',#3475,.T.);
#3475 = EDGE_LOOP('',(#3476,#3477,#3483,#3484));
#3476 = ORIENTED_EDGE('',*,*,#2939,.T.);
#3477 = ORIENTED_EDGE('',*,*,#3478,.T.);
#3478 = EDGE_CURVE('',#2940,#3168,#3479,.T.);
#3479 = LINE('',#3480,#3481);
#3480 = CARTESIAN_POINT('',(22.374892,-30.84991,-4.6E-02));
#3481 = VECTOR('',#3482,1.);
#3482 = DIRECTION('',(0.,0.,1.));
#3483 = ORIENTED_EDGE('',*,*,#3167,.F.);
#3484 = ORIENTED_EDGE('',*,*,#3478,.F.);
#3485 = CYLINDRICAL_SURFACE('',#3486,0.6);
#3486 = AXIS2_PLACEMENT_3D('',#3487,#3488,#3489);
#3487 = CARTESIAN_POINT('',(22.374892,-30.24991,-4.6E-02));
#3488 = DIRECTION('',(-0.,-0.,-1.));
#3489 = DIRECTION('',(-5.921189464668E-15,-1.,0.));
#3490 = ADVANCED_FACE('',(#3491),#3502,.F.);
#3491 = FACE_BOUND('',#3492,.T.);
#3492 = EDGE_LOOP('',(#3493,#3494,#3500,#3501));
#3493 = ORIENTED_EDGE('',*,*,#2950,.T.);
#3494 = ORIENTED_EDGE('',*,*,#3495,.T.);
#3495 = EDGE_CURVE('',#2951,#3179,#3496,.T.);
#3496 = LINE('',#3497,#3498);
#3497 = CARTESIAN_POINT('',(28.099892,-31.59991,-4.6E-02));
#3498 = VECTOR('',#3499,1.);
#3499 = DIRECTION('',(0.,0.,1.));
#3500 = ORIENTED_EDGE('',*,*,#3178,.F.);
#3501 = ORIENTED_EDGE('',*,*,#3495,.F.);
#3502 = CYLINDRICAL_SURFACE('',#3503,0.6);
#3503 = AXIS2_PLACEMENT_3D('',#3504,#3505,#3506);
#3504 = CARTESIAN_POINT('',(28.099892,-30.99991,-4.6E-02));
#3505 = DIRECTION('',(-0.,0.,-1.));
#3506 = DIRECTION('',(5.921189464667E-15,-1.,-0.));
#3507 = ADVANCED_FACE('',(#3508),#3519,.F.);
#3508 = FACE_BOUND('',#3509,.T.);
#3509 = EDGE_LOOP('',(#3510,#3511,#3517,#3518));
#3510 = ORIENTED_EDGE('',*,*,#2961,.T.);
#3511 = ORIENTED_EDGE('',*,*,#3512,.T.);
#3512 = EDGE_CURVE('',#2962,#3190,#3513,.T.);
#3513 = LINE('',#3514,#3515);
#3514 = CARTESIAN_POINT('',(22.374892,-27.59991,-4.6E-02));
#3515 = VECTOR('',#3516,1.);
#3516 = DIRECTION('',(0.,0.,1.));
#3517 = ORIENTED_EDGE('',*,*,#3189,.F.);
#3518 = ORIENTED_EDGE('',*,*,#3512,.F.);
#3519 = CYLINDRICAL_SURFACE('',#3520,0.6);
#3520 = AXIS2_PLACEMENT_3D('',#3521,#3522,#3523);
#3521 = CARTESIAN_POINT('',(22.374892,-26.99991,-4.6E-02));
#3522 = DIRECTION('',(-0.,-0.,-1.));
#3523 = DIRECTION('',(-5.921189464668E-15,-1.,0.));
#3524 = ADVANCED_FACE('',(#3525),#3536,.F.);
#3525 = FACE_BOUND('',#3526,.T.);
#3526 = EDGE_LOOP('',(#3527,#3528,#3534,#3535));
#3527 = ORIENTED_EDGE('',*,*,#2972,.T.);
#3528 = ORIENTED_EDGE('',*,*,#3529,.T.);
#3529 = EDGE_CURVE('',#2973,#3201,#3530,.T.);
#3530 = LINE('',#3531,#3532);
#3531 = CARTESIAN_POINT('',(28.094892,-27.22491,-4.6E-02));
#3532 = VECTOR('',#3533,1.);
#3533 = DIRECTION('',(0.,0.,1.));
#3534 = ORIENTED_EDGE('',*,*,#3200,.F.);
#3535 = ORIENTED_EDGE('',*,*,#3529,.F.);
#3536 = CYLINDRICAL_SURFACE('',#3537,0.6);
#3537 = AXIS2_PLACEMENT_3D('',#3538,#3539,#3540);
#3538 = CARTESIAN_POINT('',(28.094892,-26.62491,-4.6E-02));
#3539 = DIRECTION('',(-0.,-0.,-1.));
#3540 = DIRECTION('',(-0.,-1.,0.));
#3541 = ADVANCED_FACE('',(#3542),#3553,.F.);
#3542 = FACE_BOUND('',#3543,.T.);
#3543 = EDGE_LOOP('',(#3544,#3545,#3551,#3552));
#3544 = ORIENTED_EDGE('',*,*,#2983,.T.);
#3545 = ORIENTED_EDGE('',*,*,#3546,.T.);
#3546 = EDGE_CURVE('',#2984,#3212,#3547,.T.);
#3547 = LINE('',#3548,#3549);
#3548 = CARTESIAN_POINT('',(31.899892,-31.59991,-4.6E-02));
#3549 = VECTOR('',#3550,1.);
#3550 = DIRECTION('',(0.,0.,1.));
#3551 = ORIENTED_EDGE('',*,*,#3211,.F.);
#3552 = ORIENTED_EDGE('',*,*,#3546,.F.);
#3553 = CYLINDRICAL_SURFACE('',#3554,0.6);
#3554 = AXIS2_PLACEMENT_3D('',#3555,#3556,#3557);
#3555 = CARTESIAN_POINT('',(31.899892,-30.99991,-4.6E-02));
#3556 = DIRECTION('',(-0.,-0.,-1.));
#3557 = DIRECTION('',(-0.,-1.,0.));
#3558 = ADVANCED_FACE('',(#3559),#3570,.F.);
#3559 = FACE_BOUND('',#3560,.T.);
#3560 = EDGE_LOOP('',(#3561,#3562,#3568,#3569));
#3561 = ORIENTED_EDGE('',*,*,#2994,.T.);
#3562 = ORIENTED_EDGE('',*,*,#3563,.T.);
#3563 = EDGE_CURVE('',#2995,#3223,#3564,.T.);
#3564 = LINE('',#3565,#3566);
#3565 = CARTESIAN_POINT('',(37.624892,-30.84991,-4.6E-02));
#3566 = VECTOR('',#3567,1.);
#3567 = DIRECTION('',(0.,0.,1.));
#3568 = ORIENTED_EDGE('',*,*,#3222,.F.);
#3569 = ORIENTED_EDGE('',*,*,#3563,.F.);
#3570 = CYLINDRICAL_SURFACE('',#3571,0.6);
#3571 = AXIS2_PLACEMENT_3D('',#3572,#3573,#3574);
#3572 = CARTESIAN_POINT('',(37.624892,-30.24991,-4.6E-02));
#3573 = DIRECTION('',(-0.,-0.,-1.));
#3574 = DIRECTION('',(-0.,-1.,0.));
#3575 = ADVANCED_FACE('',(#3576),#3587,.F.);
#3576 = FACE_BOUND('',#3577,.T.);
#3577 = EDGE_LOOP('',(#3578,#3579,#3585,#3586));
#3578 = ORIENTED_EDGE('',*,*,#3005,.T.);
#3579 = ORIENTED_EDGE('',*,*,#3580,.T.);
#3580 = EDGE_CURVE('',#3006,#3234,#3581,.T.);
#3581 = LINE('',#3582,#3583);
#3582 = CARTESIAN_POINT('',(31.904892,-27.22491,-4.6E-02));
#3583 = VECTOR('',#3584,1.);
#3584 = DIRECTION('',(0.,0.,1.));
#3585 = ORIENTED_EDGE('',*,*,#3233,.F.);
#3586 = ORIENTED_EDGE('',*,*,#3580,.F.);
#3587 = CYLINDRICAL_SURFACE('',#3588,0.6);
#3588 = AXIS2_PLACEMENT_3D('',#3589,#3590,#3591);
#3589 = CARTESIAN_POINT('',(31.904892,-26.62491,-4.6E-02));
#3590 = DIRECTION('',(-0.,0.,-1.));
#3591 = DIRECTION('',(5.921189464667E-15,-1.,-0.));
#3592 = ADVANCED_FACE('',(#3593),#3604,.F.);
#3593 = FACE_BOUND('',#3594,.T.);
#3594 = EDGE_LOOP('',(#3595,#3596,#3602,#3603));
#3595 = ORIENTED_EDGE('',*,*,#3016,.T.);
#3596 = ORIENTED_EDGE('',*,*,#3597,.T.);
#3597 = EDGE_CURVE('',#3017,#3245,#3598,.T.);
#3598 = LINE('',#3599,#3600);
#3599 = CARTESIAN_POINT('',(37.624892,-27.59991,-4.6E-02));
#3600 = VECTOR('',#3601,1.);
#3601 = DIRECTION('',(0.,0.,1.));
#3602 = ORIENTED_EDGE('',*,*,#3244,.F.);
#3603 = ORIENTED_EDGE('',*,*,#3597,.F.);
#3604 = CYLINDRICAL_SURFACE('',#3605,0.6);
#3605 = AXIS2_PLACEMENT_3D('',#3606,#3607,#3608);
#3606 = CARTESIAN_POINT('',(37.624892,-26.99991,-4.6E-02));
#3607 = DIRECTION('',(-0.,-0.,-1.));
#3608 = DIRECTION('',(-0.,-1.,0.));
#3609 = ( GEOMETRIC_REPRESENTATION_CONTEXT(3) 
GLOBAL_UNCERTAINTY_ASSIGNED_CONTEXT((#3613)) 
GLOBAL_UNIT_ASSIGNED_CONTEXT((#3610,#3611,#3612)) REPRESENTATION_CONTEXT
('Context #1','3D Context with UNIT and UNCERTAINTY') );
#3610 = ( LENGTH_UNIT() NAMED_UNIT(*) SI_UNIT(.MILLI.,.METRE.) );
#3611 = ( NAMED_UNIT(*) PLANE_ANGLE_UNIT() SI_UNIT($,.RADIAN.) );
#3612 = ( NAMED_UNIT(*) SI_UNIT($,.STERADIAN.) SOLID_ANGLE_UNIT() );
#3613 = UNCERTAINTY_MEASURE_WITH_UNIT(LENGTH_MEASURE(1.E-07),#3610,
  'distance_accuracy_value','confusion accuracy');
#3614 = CONTEXT_DEPENDENT_SHAPE_REPRESENTATION(#3615,#3617);
#3615 = ( REPRESENTATION_RELATIONSHIP('','',#2694,#10) 
REPRESENTATION_RELATIONSHIP_WITH_TRANSFORMATION(#3616) 
SHAPE_REPRESENTATION_RELATIONSHIP() );
#3616 = ITEM_DEFINED_TRANSFORMATION('','',#11,#23);
#3617 = PRODUCT_DEFINITION_SHAPE('Placement','Placement of an item',
  #3618);
#3618 = NEXT_ASSEMBLY_USAGE_OCCURRENCE('174','=>[0:1:1:3]','',#5,#2689,$
  );
#3619 = PRODUCT_RELATED_PRODUCT_CATEGORY('part',$,(#2691));
#3620 = MECHANICAL_DESIGN_GEOMETRIC_PRESENTATION_REPRESENTATION('',(
    #3621),#3609);
#3621 = STYLED_ITEM('color',(#3622),#2695);
#3622 = PRESENTATION_STYLE_ASSIGNMENT((#3623));
#3623 = SURFACE_STYLE_USAGE(.BOTH.,#3624);
#3624 = SURFACE_SIDE_STYLE('',(#3625));
#3625 = SURFACE_STYLE_FILL_AREA(#3626);
#3626 = FILL_AREA_STYLE('',(#3627));
#3627 = FILL_AREA_STYLE_COLOUR('',#3628);
#3628 = COLOUR_RGB('',0.313304153717,0.484529207832,0.410020903123);
ENDSEC;
END-ISO-10303-21;
