ISO-10303-21;
HEADER;
FILE_DESCRIPTION(('KiCad electronic assembly'),'2;1');
FILE_NAME('DRY_ELEC_6CH.step','2026-01-03T14:32:26',('Pcbnew'),('Kicad')
  ,'Open CASCADE STEP processor 7.6','KiCad to STEP converter','Unknown'
  );
FILE_SCHEMA(('AUTOMOTIVE_DESIGN { 1 0 10303 214 1 1 1 1 }'));
ENDSEC;
DATA;
#1 = APPLICATION_PROTOCOL_DEFINITION('international standard',
  'automotive_design',2000,#2);
#2 = APPLICATION_CONTEXT(
  'core data for automotive mechanical design processes');
#3 = SHAPE_DEFINITION_REPRESENTATION(#4,#10);
#4 = PRODUCT_DEFINITION_SHAPE('','',#5);
#5 = PRODUCT_DEFINITION('design','',#6,#9);
#6 = PRODUCT_DEFINITION_FORMATION('','',#7);
#7 = PRODUCT('DRY_ELEC_6CH 5','DRY_ELEC_6CH 5','',(#8));
#8 = PRODUCT_CONTEXT('',#2,'mechanical');
#9 = PRODUCT_DEFINITION_CONTEXT('part definition',#2,'design');
#10 = SHAPE_REPRESENTATION('',(#11,#15,#19,#23,#27,#31,#35,#39,#43,#47,
    #51,#55,#59,#63,#67,#71,#75,#79,#83,#87,#91,#95,#99,#103,#107,#111,
    #115,#119),#123);
#11 = AXIS2_PLACEMENT_3D('',#12,#13,#14);
#12 = CARTESIAN_POINT('',(0.,0.,0.));
#13 = DIRECTION('',(0.,0.,1.));
#14 = DIRECTION('',(1.,0.,-0.));
#15 = AXIS2_PLACEMENT_3D('',#16,#17,#18);
#16 = CARTESIAN_POINT('',(18.499891,-27.09991,0.795));
#17 = DIRECTION('',(0.,-0.,1.));
#18 = DIRECTION('',(1.110223024625E-16,1.,0.));
#19 = AXIS2_PLACEMENT_3D('',#20,#21,#22);
#20 = CARTESIAN_POINT('',(43.099891,-36.59991,0.795));
#21 = DIRECTION('',(0.,0.,1.));
#22 = DIRECTION('',(1.,0.,0.));
#23 = AXIS2_PLACEMENT_3D('',#24,#25,#26);
#24 = CARTESIAN_POINT('',(43.499891,-29.19991,0.795));
#25 = DIRECTION('',(0.,-0.,1.));
#26 = DIRECTION('',(1.110223024625E-16,1.,0.));
#27 = AXIS2_PLACEMENT_3D('',#28,#29,#30);
#28 = CARTESIAN_POINT('',(39.499891,-27.09991,0.795));
#29 = DIRECTION('',(0.,-0.,1.));
#30 = DIRECTION('',(1.110223024625E-16,1.,0.));
#31 = AXIS2_PLACEMENT_3D('',#32,#33,#34);
#32 = CARTESIAN_POINT('',(42.499891,-27.09991,0.795));
#33 = DIRECTION('',(0.,-0.,1.));
#34 = DIRECTION('',(1.110223024625E-16,1.,0.));
#35 = AXIS2_PLACEMENT_3D('',#36,#37,#38);
#36 = CARTESIAN_POINT('',(16.899891,-36.59991,0.795));
#37 = DIRECTION('',(0.,0.,1.));
#38 = DIRECTION('',(1.,0.,0.));
#39 = AXIS2_PLACEMENT_3D('',#40,#41,#42);
#40 = CARTESIAN_POINT('',(17.499891,-27.09991,0.795));
#41 = DIRECTION('',(0.,-0.,1.));
#42 = DIRECTION('',(1.110223024625E-16,1.,0.));
#43 = AXIS2_PLACEMENT_3D('',#44,#45,#46);
#44 = CARTESIAN_POINT('',(16.499891,-29.19991,0.795));
#45 = DIRECTION('',(0.,-0.,1.));
#46 = DIRECTION('',(1.110223024625E-16,1.,0.));
#47 = AXIS2_PLACEMENT_3D('',#48,#49,#50);
#48 = CARTESIAN_POINT('',(21.499891,-29.19991,0.795));
#49 = DIRECTION('',(0.,-0.,1.));
#50 = DIRECTION('',(1.110223024625E-16,1.,0.));
#51 = AXIS2_PLACEMENT_3D('',#52,#53,#54);
#52 = CARTESIAN_POINT('',(41.499891,-27.10241,0.795));
#53 = DIRECTION('',(0.,-0.,1.));
#54 = DIRECTION('',(1.110223024625E-16,1.,0.));
#55 = AXIS2_PLACEMENT_3D('',#56,#57,#58);
#56 = CARTESIAN_POINT('',(18.499891,-29.19991,0.795));
#57 = DIRECTION('',(0.,-0.,1.));
#58 = DIRECTION('',(1.110223024625E-16,1.,0.));
#59 = AXIS2_PLACEMENT_3D('',#60,#61,#62);
#60 = CARTESIAN_POINT('',(38.499891,-27.09991,0.795));
#61 = DIRECTION('',(0.,-0.,1.));
#62 = DIRECTION('',(1.110223024625E-16,1.,0.));
#63 = AXIS2_PLACEMENT_3D('',#64,#65,#66);
#64 = CARTESIAN_POINT('',(20.499891,-29.19991,0.795));
#65 = DIRECTION('',(0.,-0.,1.));
#66 = DIRECTION('',(1.110223024625E-16,1.,0.));
#67 = AXIS2_PLACEMENT_3D('',#68,#69,#70);
#68 = CARTESIAN_POINT('',(19.499891,-29.19991,0.795));
#69 = DIRECTION('',(0.,-0.,1.));
#70 = DIRECTION('',(1.110223024625E-16,1.,0.));
#71 = AXIS2_PLACEMENT_3D('',#72,#73,#74);
#72 = CARTESIAN_POINT('',(43.499891,-27.09991,0.795));
#73 = DIRECTION('',(0.,-0.,1.));
#74 = DIRECTION('',(1.110223024625E-16,1.,0.));
#75 = AXIS2_PLACEMENT_3D('',#76,#77,#78);
#76 = CARTESIAN_POINT('',(39.499891,-29.19991,0.795));
#77 = DIRECTION('',(0.,-0.,1.));
#78 = DIRECTION('',(1.110223024625E-16,1.,0.));
#79 = AXIS2_PLACEMENT_3D('',#80,#81,#82);
#80 = CARTESIAN_POINT('',(41.499891,-29.20241,0.795));
#81 = DIRECTION('',(0.,-0.,1.));
#82 = DIRECTION('',(1.110223024625E-16,1.,0.));
#83 = AXIS2_PLACEMENT_3D('',#84,#85,#86);
#84 = CARTESIAN_POINT('',(16.499891,-27.09991,0.795));
#85 = DIRECTION('',(0.,-0.,1.));
#86 = DIRECTION('',(1.110223024625E-16,1.,0.));
#87 = AXIS2_PLACEMENT_3D('',#88,#89,#90);
#88 = CARTESIAN_POINT('',(40.499891,-27.10241,0.795));
#89 = DIRECTION('',(0.,-0.,1.));
#90 = DIRECTION('',(1.110223024625E-16,1.,0.));
#91 = AXIS2_PLACEMENT_3D('',#92,#93,#94);
#92 = CARTESIAN_POINT('',(38.499891,-29.19991,0.795));
#93 = DIRECTION('',(0.,-0.,1.));
#94 = DIRECTION('',(1.110223024625E-16,1.,0.));
#95 = AXIS2_PLACEMENT_3D('',#96,#97,#98);
#96 = CARTESIAN_POINT('',(17.499891,-29.19991,0.795));
#97 = DIRECTION('',(0.,-0.,1.));
#98 = DIRECTION('',(1.110223024625E-16,1.,0.));
#99 = AXIS2_PLACEMENT_3D('',#100,#101,#102);
#100 = CARTESIAN_POINT('',(20.499891,-27.09991,0.795));
#101 = DIRECTION('',(0.,-0.,1.));
#102 = DIRECTION('',(1.110223024625E-16,1.,0.));
#103 = AXIS2_PLACEMENT_3D('',#104,#105,#106);
#104 = CARTESIAN_POINT('',(21.499891,-27.09991,0.795));
#105 = DIRECTION('',(0.,-0.,1.));
#106 = DIRECTION('',(1.110223024625E-16,1.,0.));
#107 = AXIS2_PLACEMENT_3D('',#108,#109,#110);
#108 = CARTESIAN_POINT('',(19.499891,-27.09991,0.795));
#109 = DIRECTION('',(0.,-0.,1.));
#110 = DIRECTION('',(1.110223024625E-16,1.,0.));
#111 = AXIS2_PLACEMENT_3D('',#112,#113,#114);
#112 = CARTESIAN_POINT('',(40.499891,-29.20241,0.795));
#113 = DIRECTION('',(0.,-0.,1.));
#114 = DIRECTION('',(1.110223024625E-16,1.,0.));
#115 = AXIS2_PLACEMENT_3D('',#116,#117,#118);
#116 = CARTESIAN_POINT('',(42.499891,-29.19991,0.795));
#117 = DIRECTION('',(0.,-0.,1.));
#118 = DIRECTION('',(1.110223024625E-16,1.,0.));
#119 = AXIS2_PLACEMENT_3D('',#120,#121,#122);
#120 = CARTESIAN_POINT('',(0.,0.,0.));
#121 = DIRECTION('',(0.,0.,1.));
#122 = DIRECTION('',(1.,0.,-0.));
#123 = ( GEOMETRIC_REPRESENTATION_CONTEXT(3) 
GLOBAL_UNCERTAINTY_ASSIGNED_CONTEXT((#127)) GLOBAL_UNIT_ASSIGNED_CONTEXT
((#124,#125,#126)) REPRESENTATION_CONTEXT('Context #1',
  '3D Context with UNIT and UNCERTAINTY') );
#124 = ( LENGTH_UNIT() NAMED_UNIT(*) SI_UNIT(.MILLI.,.METRE.) );
#125 = ( NAMED_UNIT(*) PLANE_ANGLE_UNIT() SI_UNIT($,.RADIAN.) );
#126 = ( NAMED_UNIT(*) SI_UNIT($,.STERADIAN.) SOLID_ANGLE_UNIT() );
#127 = UNCERTAINTY_MEASURE_WITH_UNIT(LENGTH_MEASURE(2.E-07),#124,
  'distance_accuracy_value','confusion accuracy');
#128 = PRODUCT_RELATED_PRODUCT_CATEGORY('part',$,(#7));
#129 = SHAPE_DEFINITION_REPRESENTATION(#130,#136);
#130 = PRODUCT_DEFINITION_SHAPE('','',#131);
#131 = PRODUCT_DEFINITION('design','',#132,#135);
#132 = PRODUCT_DEFINITION_FORMATION('','',#133);
#133 = PRODUCT('C_0402_1005Metric','C_0402_1005Metric','',(#134));
#134 = PRODUCT_CONTEXT('',#2,'mechanical');
#135 = PRODUCT_DEFINITION_CONTEXT('part definition',#2,'design');
#136 = ADVANCED_BREP_SHAPE_REPRESENTATION('',(#11,#137),#991);
#137 = MANIFOLD_SOLID_BREP('',#138);
#138 = CLOSED_SHELL('',(#139,#215,#246,#271,#296,#320,#344,#369,#394,
    #411,#497,#529,#553,#578,#602,#627,#651,#676,#693,#779,#810,#835,
    #860,#884,#908,#933,#958,#975));
#139 = ADVANCED_FACE('',(#140),#210,.F.);
#140 = FACE_BOUND('',#141,.F.);
#141 = EDGE_LOOP('',(#142,#152,#161,#169,#178,#186,#195,#203));
#142 = ORIENTED_EDGE('',*,*,#143,.F.);
#143 = EDGE_CURVE('',#144,#146,#148,.T.);
#144 = VERTEX_POINT('',#145);
#145 = CARTESIAN_POINT('',(-0.5,-0.25,2.E-02));
#146 = VERTEX_POINT('',#147);
#147 = CARTESIAN_POINT('',(-0.5,-0.25,0.48));
#148 = LINE('',#149,#150);
#149 = CARTESIAN_POINT('',(-0.5,-0.25,0.));
#150 = VECTOR('',#151,1.);
#151 = DIRECTION('',(0.,0.,1.));
#152 = ORIENTED_EDGE('',*,*,#153,.T.);
#153 = EDGE_CURVE('',#144,#154,#156,.T.);
#154 = VERTEX_POINT('',#155);
#155 = CARTESIAN_POINT('',(-0.5,-0.23,0.));
#156 = CIRCLE('',#157,2.E-02);
#157 = AXIS2_PLACEMENT_3D('',#158,#159,#160);
#158 = CARTESIAN_POINT('',(-0.5,-0.23,2.E-02));
#159 = DIRECTION('',(1.,0.,-0.));
#160 = DIRECTION('',(0.,0.,1.));
#161 = ORIENTED_EDGE('',*,*,#162,.T.);
#162 = EDGE_CURVE('',#154,#163,#165,.T.);
#163 = VERTEX_POINT('',#164);
#164 = CARTESIAN_POINT('',(-0.5,0.23,0.));
#165 = LINE('',#166,#167);
#166 = CARTESIAN_POINT('',(-0.5,-0.25,0.));
#167 = VECTOR('',#168,1.);
#168 = DIRECTION('',(0.,1.,0.));
#169 = ORIENTED_EDGE('',*,*,#170,.F.);
#170 = EDGE_CURVE('',#171,#163,#173,.T.);
#171 = VERTEX_POINT('',#172);
#172 = CARTESIAN_POINT('',(-0.5,0.25,2.E-02));
#173 = CIRCLE('',#174,2.E-02);
#174 = AXIS2_PLACEMENT_3D('',#175,#176,#177);
#175 = CARTESIAN_POINT('',(-0.5,0.23,2.E-02));
#176 = DIRECTION('',(-1.,0.,0.));
#177 = DIRECTION('',(0.,0.,1.));
#178 = ORIENTED_EDGE('',*,*,#179,.T.);
#179 = EDGE_CURVE('',#171,#180,#182,.T.);
#180 = VERTEX_POINT('',#181);
#181 = CARTESIAN_POINT('',(-0.5,0.25,0.48));
#182 = LINE('',#183,#184);
#183 = CARTESIAN_POINT('',(-0.5,0.25,0.));
#184 = VECTOR('',#185,1.);
#185 = DIRECTION('',(0.,0.,1.));
#186 = ORIENTED_EDGE('',*,*,#187,.T.);
#187 = EDGE_CURVE('',#180,#188,#190,.T.);
#188 = VERTEX_POINT('',#189);
#189 = CARTESIAN_POINT('',(-0.5,0.23,0.5));
#190 = CIRCLE('',#191,2.E-02);
#191 = AXIS2_PLACEMENT_3D('',#192,#193,#194);
#192 = CARTESIAN_POINT('',(-0.5,0.23,0.48));
#193 = DIRECTION('',(1.,0.,-0.));
#194 = DIRECTION('',(0.,0.,1.));
#195 = ORIENTED_EDGE('',*,*,#196,.F.);
#196 = EDGE_CURVE('',#197,#188,#199,.T.);
#197 = VERTEX_POINT('',#198);
#198 = CARTESIAN_POINT('',(-0.5,-0.23,0.5));
#199 = LINE('',#200,#201);
#200 = CARTESIAN_POINT('',(-0.5,-0.25,0.5));
#201 = VECTOR('',#202,1.);
#202 = DIRECTION('',(0.,1.,0.));
#203 = ORIENTED_EDGE('',*,*,#204,.F.);
#204 = EDGE_CURVE('',#146,#197,#205,.T.);
#205 = CIRCLE('',#206,2.E-02);
#206 = AXIS2_PLACEMENT_3D('',#207,#208,#209);
#207 = CARTESIAN_POINT('',(-0.5,-0.23,0.48));
#208 = DIRECTION('',(-1.,0.,0.));
#209 = DIRECTION('',(0.,0.,1.));
#210 = PLANE('',#211);
#211 = AXIS2_PLACEMENT_3D('',#212,#213,#214);
#212 = CARTESIAN_POINT('',(-0.5,-0.25,0.));
#213 = DIRECTION('',(1.,0.,0.));
#214 = DIRECTION('',(0.,0.,1.));
#215 = ADVANCED_FACE('',(#216),#241,.F.);
#216 = FACE_BOUND('',#217,.F.);
#217 = EDGE_LOOP('',(#218,#228,#234,#235));
#218 = ORIENTED_EDGE('',*,*,#219,.F.);
#219 = EDGE_CURVE('',#220,#222,#224,.T.);
#220 = VERTEX_POINT('',#221);
#221 = CARTESIAN_POINT('',(-0.3,-0.25,2.E-02));
#222 = VERTEX_POINT('',#223);
#223 = CARTESIAN_POINT('',(-0.3,-0.25,0.48));
#224 = LINE('',#225,#226);
#225 = CARTESIAN_POINT('',(-0.3,-0.25,0.));
#226 = VECTOR('',#227,1.);
#227 = DIRECTION('',(0.,0.,1.));
#228 = ORIENTED_EDGE('',*,*,#229,.F.);
#229 = EDGE_CURVE('',#144,#220,#230,.T.);
#230 = LINE('',#231,#232);
#231 = CARTESIAN_POINT('',(-0.5,-0.25,2.E-02));
#232 = VECTOR('',#233,1.);
#233 = DIRECTION('',(1.,0.,0.));
#234 = ORIENTED_EDGE('',*,*,#143,.T.);
#235 = ORIENTED_EDGE('',*,*,#236,.T.);
#236 = EDGE_CURVE('',#146,#222,#237,.T.);
#237 = LINE('',#238,#239);
#238 = CARTESIAN_POINT('',(-0.5,-0.25,0.48));
#239 = VECTOR('',#240,1.);
#240 = DIRECTION('',(1.,0.,0.));
#241 = PLANE('',#242);
#242 = AXIS2_PLACEMENT_3D('',#243,#244,#245);
#243 = CARTESIAN_POINT('',(-0.5,-0.25,0.));
#244 = DIRECTION('',(0.,1.,0.));
#245 = DIRECTION('',(0.,-0.,1.));
#246 = ADVANCED_FACE('',(#247),#266,.T.);
#247 = FACE_BOUND('',#248,.T.);
#248 = EDGE_LOOP('',(#249,#250,#258,#265));
#249 = ORIENTED_EDGE('',*,*,#153,.T.);
#250 = ORIENTED_EDGE('',*,*,#251,.T.);
#251 = EDGE_CURVE('',#154,#252,#254,.T.);
#252 = VERTEX_POINT('',#253);
#253 = CARTESIAN_POINT('',(-0.3,-0.23,0.));
#254 = LINE('',#255,#256);
#255 = CARTESIAN_POINT('',(-0.5,-0.23,0.));
#256 = VECTOR('',#257,1.);
#257 = DIRECTION('',(1.,0.,0.));
#258 = ORIENTED_EDGE('',*,*,#259,.F.);
#259 = EDGE_CURVE('',#220,#252,#260,.T.);
#260 = CIRCLE('',#261,2.E-02);
#261 = AXIS2_PLACEMENT_3D('',#262,#263,#264);
#262 = CARTESIAN_POINT('',(-0.3,-0.23,2.E-02));
#263 = DIRECTION('',(1.,0.,-0.));
#264 = DIRECTION('',(0.,0.,1.));
#265 = ORIENTED_EDGE('',*,*,#229,.F.);
#266 = CYLINDRICAL_SURFACE('',#267,2.E-02);
#267 = AXIS2_PLACEMENT_3D('',#268,#269,#270);
#268 = CARTESIAN_POINT('',(-0.5,-0.23,2.E-02));
#269 = DIRECTION('',(1.,0.,0.));
#270 = DIRECTION('',(0.,-1.,0.));
#271 = ADVANCED_FACE('',(#272),#291,.T.);
#272 = FACE_BOUND('',#273,.T.);
#273 = EDGE_LOOP('',(#274,#275,#284,#290));
#274 = ORIENTED_EDGE('',*,*,#236,.T.);
#275 = ORIENTED_EDGE('',*,*,#276,.T.);
#276 = EDGE_CURVE('',#222,#277,#279,.T.);
#277 = VERTEX_POINT('',#278);
#278 = CARTESIAN_POINT('',(-0.3,-0.23,0.5));
#279 = CIRCLE('',#280,2.E-02);
#280 = AXIS2_PLACEMENT_3D('',#281,#282,#283);
#281 = CARTESIAN_POINT('',(-0.3,-0.23,0.48));
#282 = DIRECTION('',(-1.,0.,0.));
#283 = DIRECTION('',(0.,0.,1.));
#284 = ORIENTED_EDGE('',*,*,#285,.F.);
#285 = EDGE_CURVE('',#197,#277,#286,.T.);
#286 = LINE('',#287,#288);
#287 = CARTESIAN_POINT('',(-0.5,-0.23,0.5));
#288 = VECTOR('',#289,1.);
#289 = DIRECTION('',(1.,0.,0.));
#290 = ORIENTED_EDGE('',*,*,#204,.F.);
#291 = CYLINDRICAL_SURFACE('',#292,2.E-02);
#292 = AXIS2_PLACEMENT_3D('',#293,#294,#295);
#293 = CARTESIAN_POINT('',(-0.5,-0.23,0.48));
#294 = DIRECTION('',(1.,0.,0.));
#295 = DIRECTION('',(0.,-1.,0.));
#296 = ADVANCED_FACE('',(#297),#315,.F.);
#297 = FACE_BOUND('',#298,.F.);
#298 = EDGE_LOOP('',(#299,#300,#301,#309));
#299 = ORIENTED_EDGE('',*,*,#162,.F.);
#300 = ORIENTED_EDGE('',*,*,#251,.T.);
#301 = ORIENTED_EDGE('',*,*,#302,.T.);
#302 = EDGE_CURVE('',#252,#303,#305,.T.);
#303 = VERTEX_POINT('',#304);
#304 = CARTESIAN_POINT('',(-0.3,0.23,0.));
#305 = LINE('',#306,#307);
#306 = CARTESIAN_POINT('',(-0.3,-0.25,0.));
#307 = VECTOR('',#308,1.);
#308 = DIRECTION('',(0.,1.,0.));
#309 = ORIENTED_EDGE('',*,*,#310,.F.);
#310 = EDGE_CURVE('',#163,#303,#311,.T.);
#311 = LINE('',#312,#313);
#312 = CARTESIAN_POINT('',(-0.5,0.23,0.));
#313 = VECTOR('',#314,1.);
#314 = DIRECTION('',(1.,0.,0.));
#315 = PLANE('',#316);
#316 = AXIS2_PLACEMENT_3D('',#317,#318,#319);
#317 = CARTESIAN_POINT('',(-0.5,-0.25,0.));
#318 = DIRECTION('',(0.,0.,1.));
#319 = DIRECTION('',(1.,0.,-0.));
#320 = ADVANCED_FACE('',(#321),#339,.T.);
#321 = FACE_BOUND('',#322,.T.);
#322 = EDGE_LOOP('',(#323,#324,#325,#333));
#323 = ORIENTED_EDGE('',*,*,#196,.F.);
#324 = ORIENTED_EDGE('',*,*,#285,.T.);
#325 = ORIENTED_EDGE('',*,*,#326,.T.);
#326 = EDGE_CURVE('',#277,#327,#329,.T.);
#327 = VERTEX_POINT('',#328);
#328 = CARTESIAN_POINT('',(-0.3,0.23,0.5));
#329 = LINE('',#330,#331);
#330 = CARTESIAN_POINT('',(-0.3,-0.25,0.5));
#331 = VECTOR('',#332,1.);
#332 = DIRECTION('',(0.,1.,0.));
#333 = ORIENTED_EDGE('',*,*,#334,.F.);
#334 = EDGE_CURVE('',#188,#327,#335,.T.);
#335 = LINE('',#336,#337);
#336 = CARTESIAN_POINT('',(-0.5,0.23,0.5));
#337 = VECTOR('',#338,1.);
#338 = DIRECTION('',(1.,0.,0.));
#339 = PLANE('',#340);
#340 = AXIS2_PLACEMENT_3D('',#341,#342,#343);
#341 = CARTESIAN_POINT('',(-0.5,-0.25,0.5));
#342 = DIRECTION('',(0.,0.,1.));
#343 = DIRECTION('',(1.,0.,-0.));
#344 = ADVANCED_FACE('',(#345),#364,.T.);
#345 = FACE_BOUND('',#346,.T.);
#346 = EDGE_LOOP('',(#347,#355,#362,#363));
#347 = ORIENTED_EDGE('',*,*,#348,.T.);
#348 = EDGE_CURVE('',#171,#349,#351,.T.);
#349 = VERTEX_POINT('',#350);
#350 = CARTESIAN_POINT('',(-0.3,0.25,2.E-02));
#351 = LINE('',#352,#353);
#352 = CARTESIAN_POINT('',(-0.5,0.25,2.E-02));
#353 = VECTOR('',#354,1.);
#354 = DIRECTION('',(1.,0.,0.));
#355 = ORIENTED_EDGE('',*,*,#356,.T.);
#356 = EDGE_CURVE('',#349,#303,#357,.T.);
#357 = CIRCLE('',#358,2.E-02);
#358 = AXIS2_PLACEMENT_3D('',#359,#360,#361);
#359 = CARTESIAN_POINT('',(-0.3,0.23,2.E-02));
#360 = DIRECTION('',(-1.,0.,0.));
#361 = DIRECTION('',(0.,0.,1.));
#362 = ORIENTED_EDGE('',*,*,#310,.F.);
#363 = ORIENTED_EDGE('',*,*,#170,.F.);
#364 = CYLINDRICAL_SURFACE('',#365,2.E-02);
#365 = AXIS2_PLACEMENT_3D('',#366,#367,#368);
#366 = CARTESIAN_POINT('',(-0.5,0.23,2.E-02));
#367 = DIRECTION('',(1.,0.,0.));
#368 = DIRECTION('',(-0.,1.,0.));
#369 = ADVANCED_FACE('',(#370),#389,.T.);
#370 = FACE_BOUND('',#371,.T.);
#371 = EDGE_LOOP('',(#372,#373,#374,#383));
#372 = ORIENTED_EDGE('',*,*,#187,.T.);
#373 = ORIENTED_EDGE('',*,*,#334,.T.);
#374 = ORIENTED_EDGE('',*,*,#375,.F.);
#375 = EDGE_CURVE('',#376,#327,#378,.T.);
#376 = VERTEX_POINT('',#377);
#377 = CARTESIAN_POINT('',(-0.3,0.25,0.48));
#378 = CIRCLE('',#379,2.E-02);
#379 = AXIS2_PLACEMENT_3D('',#380,#381,#382);
#380 = CARTESIAN_POINT('',(-0.3,0.23,0.48));
#381 = DIRECTION('',(1.,0.,-0.));
#382 = DIRECTION('',(0.,0.,1.));
#383 = ORIENTED_EDGE('',*,*,#384,.F.);
#384 = EDGE_CURVE('',#180,#376,#385,.T.);
#385 = LINE('',#386,#387);
#386 = CARTESIAN_POINT('',(-0.5,0.25,0.48));
#387 = VECTOR('',#388,1.);
#388 = DIRECTION('',(1.,0.,0.));
#389 = CYLINDRICAL_SURFACE('',#390,2.E-02);
#390 = AXIS2_PLACEMENT_3D('',#391,#392,#393);
#391 = CARTESIAN_POINT('',(-0.5,0.23,0.48));
#392 = DIRECTION('',(1.,0.,0.));
#393 = DIRECTION('',(-0.,1.,0.));
#394 = ADVANCED_FACE('',(#395),#406,.T.);
#395 = FACE_BOUND('',#396,.T.);
#396 = EDGE_LOOP('',(#397,#403,#404,#405));
#397 = ORIENTED_EDGE('',*,*,#398,.F.);
#398 = EDGE_CURVE('',#349,#376,#399,.T.);
#399 = LINE('',#400,#401);
#400 = CARTESIAN_POINT('',(-0.3,0.25,0.));
#401 = VECTOR('',#402,1.);
#402 = DIRECTION('',(0.,0.,1.));
#403 = ORIENTED_EDGE('',*,*,#348,.F.);
#404 = ORIENTED_EDGE('',*,*,#179,.T.);
#405 = ORIENTED_EDGE('',*,*,#384,.T.);
#406 = PLANE('',#407);
#407 = AXIS2_PLACEMENT_3D('',#408,#409,#410);
#408 = CARTESIAN_POINT('',(-0.5,0.25,0.));
#409 = DIRECTION('',(0.,1.,0.));
#410 = DIRECTION('',(0.,-0.,1.));
#411 = ADVANCED_FACE('',(#412,#422),#492,.T.);
#412 = FACE_BOUND('',#413,.T.);
#413 = EDGE_LOOP('',(#414,#415,#416,#417,#418,#419,#420,#421));
#414 = ORIENTED_EDGE('',*,*,#219,.F.);
#415 = ORIENTED_EDGE('',*,*,#259,.T.);
#416 = ORIENTED_EDGE('',*,*,#302,.T.);
#417 = ORIENTED_EDGE('',*,*,#356,.F.);
#418 = ORIENTED_EDGE('',*,*,#398,.T.);
#419 = ORIENTED_EDGE('',*,*,#375,.T.);
#420 = ORIENTED_EDGE('',*,*,#326,.F.);
#421 = ORIENTED_EDGE('',*,*,#276,.F.);
#422 = FACE_BOUND('',#423,.T.);
#423 = EDGE_LOOP('',(#424,#435,#443,#452,#460,#469,#477,#486));
#424 = ORIENTED_EDGE('',*,*,#425,.F.);
#425 = EDGE_CURVE('',#426,#428,#430,.T.);
#426 = VERTEX_POINT('',#427);
#427 = CARTESIAN_POINT('',(-0.3,-0.23,4.E-02));
#428 = VERTEX_POINT('',#429);
#429 = CARTESIAN_POINT('',(-0.3,-0.21,2.E-02));
#430 = CIRCLE('',#431,2.E-02);
#431 = AXIS2_PLACEMENT_3D('',#432,#433,#434);
#432 = CARTESIAN_POINT('',(-0.3,-0.21,4.E-02));
#433 = DIRECTION('',(1.,0.,-0.));
#434 = DIRECTION('',(0.,0.,1.));
#435 = ORIENTED_EDGE('',*,*,#436,.T.);
#436 = EDGE_CURVE('',#426,#437,#439,.T.);
#437 = VERTEX_POINT('',#438);
#438 = CARTESIAN_POINT('',(-0.3,-0.23,0.46));
#439 = LINE('',#440,#441);
#440 = CARTESIAN_POINT('',(-0.3,-0.23,2.E-02));
#441 = VECTOR('',#442,1.);
#442 = DIRECTION('',(0.,0.,1.));
#443 = ORIENTED_EDGE('',*,*,#444,.T.);
#444 = EDGE_CURVE('',#437,#445,#447,.T.);
#445 = VERTEX_POINT('',#446);
#446 = CARTESIAN_POINT('',(-0.3,-0.21,0.48));
#447 = CIRCLE('',#448,2.E-02);
#448 = AXIS2_PLACEMENT_3D('',#449,#450,#451);
#449 = CARTESIAN_POINT('',(-0.3,-0.21,0.46));
#450 = DIRECTION('',(-1.,0.,0.));
#451 = DIRECTION('',(0.,0.,1.));
#452 = ORIENTED_EDGE('',*,*,#453,.T.);
#453 = EDGE_CURVE('',#445,#454,#456,.T.);
#454 = VERTEX_POINT('',#455);
#455 = CARTESIAN_POINT('',(-0.3,0.21,0.48));
#456 = LINE('',#457,#458);
#457 = CARTESIAN_POINT('',(-0.3,-0.23,0.48));
#458 = VECTOR('',#459,1.);
#459 = DIRECTION('',(0.,1.,0.));
#460 = ORIENTED_EDGE('',*,*,#461,.F.);
#461 = EDGE_CURVE('',#462,#454,#464,.T.);
#462 = VERTEX_POINT('',#463);
#463 = CARTESIAN_POINT('',(-0.3,0.23,0.46));
#464 = CIRCLE('',#465,2.E-02);
#465 = AXIS2_PLACEMENT_3D('',#466,#467,#468);
#466 = CARTESIAN_POINT('',(-0.3,0.21,0.46));
#467 = DIRECTION('',(1.,0.,-0.));
#468 = DIRECTION('',(0.,0.,1.));
#469 = ORIENTED_EDGE('',*,*,#470,.F.);
#470 = EDGE_CURVE('',#471,#462,#473,.T.);
#471 = VERTEX_POINT('',#472);
#472 = CARTESIAN_POINT('',(-0.3,0.23,4.E-02));
#473 = LINE('',#474,#475);
#474 = CARTESIAN_POINT('',(-0.3,0.23,2.E-02));
#475 = VECTOR('',#476,1.);
#476 = DIRECTION('',(0.,0.,1.));
#477 = ORIENTED_EDGE('',*,*,#478,.T.);
#478 = EDGE_CURVE('',#471,#479,#481,.T.);
#479 = VERTEX_POINT('',#480);
#480 = CARTESIAN_POINT('',(-0.3,0.21,2.E-02));
#481 = CIRCLE('',#482,2.E-02);
#482 = AXIS2_PLACEMENT_3D('',#483,#484,#485);
#483 = CARTESIAN_POINT('',(-0.3,0.21,4.E-02));
#484 = DIRECTION('',(-1.,0.,0.));
#485 = DIRECTION('',(0.,0.,1.));
#486 = ORIENTED_EDGE('',*,*,#487,.F.);
#487 = EDGE_CURVE('',#428,#479,#488,.T.);
#488 = LINE('',#489,#490);
#489 = CARTESIAN_POINT('',(-0.3,-0.23,2.E-02));
#490 = VECTOR('',#491,1.);
#491 = DIRECTION('',(0.,1.,0.));
#492 = PLANE('',#493);
#493 = AXIS2_PLACEMENT_3D('',#494,#495,#496);
#494 = CARTESIAN_POINT('',(-0.3,-0.25,0.));
#495 = DIRECTION('',(1.,0.,0.));
#496 = DIRECTION('',(0.,0.,1.));
#497 = ADVANCED_FACE('',(#498),#524,.T.);
#498 = FACE_BOUND('',#499,.T.);
#499 = EDGE_LOOP('',(#500,#501,#509,#518));
#500 = ORIENTED_EDGE('',*,*,#425,.T.);
#501 = ORIENTED_EDGE('',*,*,#502,.T.);
#502 = EDGE_CURVE('',#428,#503,#505,.T.);
#503 = VERTEX_POINT('',#504);
#504 = CARTESIAN_POINT('',(0.3,-0.21,2.E-02));
#505 = LINE('',#506,#507);
#506 = CARTESIAN_POINT('',(-0.3,-0.21,2.E-02));
#507 = VECTOR('',#508,1.);
#508 = DIRECTION('',(1.,0.,0.));
#509 = ORIENTED_EDGE('',*,*,#510,.F.);
#510 = EDGE_CURVE('',#511,#503,#513,.T.);
#511 = VERTEX_POINT('',#512);
#512 = CARTESIAN_POINT('',(0.3,-0.23,4.E-02));
#513 = CIRCLE('',#514,2.E-02);
#514 = AXIS2_PLACEMENT_3D('',#515,#516,#517);
#515 = CARTESIAN_POINT('',(0.3,-0.21,4.E-02));
#516 = DIRECTION('',(1.,0.,-0.));
#517 = DIRECTION('',(0.,0.,1.));
#518 = ORIENTED_EDGE('',*,*,#519,.F.);
#519 = EDGE_CURVE('',#426,#511,#520,.T.);
#520 = LINE('',#521,#522);
#521 = CARTESIAN_POINT('',(-0.3,-0.23,4.E-02));
#522 = VECTOR('',#523,1.);
#523 = DIRECTION('',(1.,0.,0.));
#524 = CYLINDRICAL_SURFACE('',#525,2.E-02);
#525 = AXIS2_PLACEMENT_3D('',#526,#527,#528);
#526 = CARTESIAN_POINT('',(-0.3,-0.21,4.E-02));
#527 = DIRECTION('',(1.,0.,0.));
#528 = DIRECTION('',(0.,-1.,0.));
#529 = ADVANCED_FACE('',(#530),#548,.F.);
#530 = FACE_BOUND('',#531,.F.);
#531 = EDGE_LOOP('',(#532,#533,#534,#542));
#532 = ORIENTED_EDGE('',*,*,#487,.F.);
#533 = ORIENTED_EDGE('',*,*,#502,.T.);
#534 = ORIENTED_EDGE('',*,*,#535,.T.);
#535 = EDGE_CURVE('',#503,#536,#538,.T.);
#536 = VERTEX_POINT('',#537);
#537 = CARTESIAN_POINT('',(0.3,0.21,2.E-02));
#538 = LINE('',#539,#540);
#539 = CARTESIAN_POINT('',(0.3,-0.23,2.E-02));
#540 = VECTOR('',#541,1.);
#541 = DIRECTION('',(0.,1.,0.));
#542 = ORIENTED_EDGE('',*,*,#543,.F.);
#543 = EDGE_CURVE('',#479,#536,#544,.T.);
#544 = LINE('',#545,#546);
#545 = CARTESIAN_POINT('',(-0.3,0.21,2.E-02));
#546 = VECTOR('',#547,1.);
#547 = DIRECTION('',(1.,0.,0.));
#548 = PLANE('',#549);
#549 = AXIS2_PLACEMENT_3D('',#550,#551,#552);
#550 = CARTESIAN_POINT('',(-0.3,-0.23,2.E-02));
#551 = DIRECTION('',(0.,0.,1.));
#552 = DIRECTION('',(1.,0.,-0.));
#553 = ADVANCED_FACE('',(#554),#573,.T.);
#554 = FACE_BOUND('',#555,.T.);
#555 = EDGE_LOOP('',(#556,#564,#571,#572));
#556 = ORIENTED_EDGE('',*,*,#557,.T.);
#557 = EDGE_CURVE('',#471,#558,#560,.T.);
#558 = VERTEX_POINT('',#559);
#559 = CARTESIAN_POINT('',(0.3,0.23,4.E-02));
#560 = LINE('',#561,#562);
#561 = CARTESIAN_POINT('',(-0.3,0.23,4.E-02));
#562 = VECTOR('',#563,1.);
#563 = DIRECTION('',(1.,0.,0.));
#564 = ORIENTED_EDGE('',*,*,#565,.T.);
#565 = EDGE_CURVE('',#558,#536,#566,.T.);
#566 = CIRCLE('',#567,2.E-02);
#567 = AXIS2_PLACEMENT_3D('',#568,#569,#570);
#568 = CARTESIAN_POINT('',(0.3,0.21,4.E-02));
#569 = DIRECTION('',(-1.,0.,0.));
#570 = DIRECTION('',(0.,0.,1.));
#571 = ORIENTED_EDGE('',*,*,#543,.F.);
#572 = ORIENTED_EDGE('',*,*,#478,.F.);
#573 = CYLINDRICAL_SURFACE('',#574,2.E-02);
#574 = AXIS2_PLACEMENT_3D('',#575,#576,#577);
#575 = CARTESIAN_POINT('',(-0.3,0.21,4.E-02));
#576 = DIRECTION('',(1.,0.,0.));
#577 = DIRECTION('',(-0.,1.,0.));
#578 = ADVANCED_FACE('',(#579),#597,.T.);
#579 = FACE_BOUND('',#580,.T.);
#580 = EDGE_LOOP('',(#581,#589,#590,#591));
#581 = ORIENTED_EDGE('',*,*,#582,.F.);
#582 = EDGE_CURVE('',#558,#583,#585,.T.);
#583 = VERTEX_POINT('',#584);
#584 = CARTESIAN_POINT('',(0.3,0.23,0.46));
#585 = LINE('',#586,#587);
#586 = CARTESIAN_POINT('',(0.3,0.23,2.E-02));
#587 = VECTOR('',#588,1.);
#588 = DIRECTION('',(0.,0.,1.));
#589 = ORIENTED_EDGE('',*,*,#557,.F.);
#590 = ORIENTED_EDGE('',*,*,#470,.T.);
#591 = ORIENTED_EDGE('',*,*,#592,.T.);
#592 = EDGE_CURVE('',#462,#583,#593,.T.);
#593 = LINE('',#594,#595);
#594 = CARTESIAN_POINT('',(-0.3,0.23,0.46));
#595 = VECTOR('',#596,1.);
#596 = DIRECTION('',(1.,0.,0.));
#597 = PLANE('',#598);
#598 = AXIS2_PLACEMENT_3D('',#599,#600,#601);
#599 = CARTESIAN_POINT('',(-0.3,0.23,2.E-02));
#600 = DIRECTION('',(0.,1.,0.));
#601 = DIRECTION('',(0.,-0.,1.));
#602 = ADVANCED_FACE('',(#603),#622,.T.);
#603 = FACE_BOUND('',#604,.T.);
#604 = EDGE_LOOP('',(#605,#606,#614,#621));
#605 = ORIENTED_EDGE('',*,*,#461,.T.);
#606 = ORIENTED_EDGE('',*,*,#607,.T.);
#607 = EDGE_CURVE('',#454,#608,#610,.T.);
#608 = VERTEX_POINT('',#609);
#609 = CARTESIAN_POINT('',(0.3,0.21,0.48));
#610 = LINE('',#611,#612);
#611 = CARTESIAN_POINT('',(-0.3,0.21,0.48));
#612 = VECTOR('',#613,1.);
#613 = DIRECTION('',(1.,0.,0.));
#614 = ORIENTED_EDGE('',*,*,#615,.F.);
#615 = EDGE_CURVE('',#583,#608,#616,.T.);
#616 = CIRCLE('',#617,2.E-02);
#617 = AXIS2_PLACEMENT_3D('',#618,#619,#620);
#618 = CARTESIAN_POINT('',(0.3,0.21,0.46));
#619 = DIRECTION('',(1.,0.,-0.));
#620 = DIRECTION('',(0.,0.,1.));
#621 = ORIENTED_EDGE('',*,*,#592,.F.);
#622 = CYLINDRICAL_SURFACE('',#623,2.E-02);
#623 = AXIS2_PLACEMENT_3D('',#624,#625,#626);
#624 = CARTESIAN_POINT('',(-0.3,0.21,0.46));
#625 = DIRECTION('',(1.,0.,0.));
#626 = DIRECTION('',(-0.,1.,0.));
#627 = ADVANCED_FACE('',(#628),#646,.T.);
#628 = FACE_BOUND('',#629,.T.);
#629 = EDGE_LOOP('',(#630,#631,#639,#645));
#630 = ORIENTED_EDGE('',*,*,#453,.F.);
#631 = ORIENTED_EDGE('',*,*,#632,.T.);
#632 = EDGE_CURVE('',#445,#633,#635,.T.);
#633 = VERTEX_POINT('',#634);
#634 = CARTESIAN_POINT('',(0.3,-0.21,0.48));
#635 = LINE('',#636,#637);
#636 = CARTESIAN_POINT('',(-0.3,-0.21,0.48));
#637 = VECTOR('',#638,1.);
#638 = DIRECTION('',(1.,0.,0.));
#639 = ORIENTED_EDGE('',*,*,#640,.T.);
#640 = EDGE_CURVE('',#633,#608,#641,.T.);
#641 = LINE('',#642,#643);
#642 = CARTESIAN_POINT('',(0.3,-0.23,0.48));
#643 = VECTOR('',#644,1.);
#644 = DIRECTION('',(0.,1.,0.));
#645 = ORIENTED_EDGE('',*,*,#607,.F.);
#646 = PLANE('',#647);
#647 = AXIS2_PLACEMENT_3D('',#648,#649,#650);
#648 = CARTESIAN_POINT('',(-0.3,-0.23,0.48));
#649 = DIRECTION('',(0.,0.,1.));
#650 = DIRECTION('',(1.,0.,-0.));
#651 = ADVANCED_FACE('',(#652),#671,.T.);
#652 = FACE_BOUND('',#653,.T.);
#653 = EDGE_LOOP('',(#654,#662,#669,#670));
#654 = ORIENTED_EDGE('',*,*,#655,.T.);
#655 = EDGE_CURVE('',#437,#656,#658,.T.);
#656 = VERTEX_POINT('',#657);
#657 = CARTESIAN_POINT('',(0.3,-0.23,0.46));
#658 = LINE('',#659,#660);
#659 = CARTESIAN_POINT('',(-0.3,-0.23,0.46));
#660 = VECTOR('',#661,1.);
#661 = DIRECTION('',(1.,0.,0.));
#662 = ORIENTED_EDGE('',*,*,#663,.T.);
#663 = EDGE_CURVE('',#656,#633,#664,.T.);
#664 = CIRCLE('',#665,2.E-02);
#665 = AXIS2_PLACEMENT_3D('',#666,#667,#668);
#666 = CARTESIAN_POINT('',(0.3,-0.21,0.46));
#667 = DIRECTION('',(-1.,0.,0.));
#668 = DIRECTION('',(0.,0.,1.));
#669 = ORIENTED_EDGE('',*,*,#632,.F.);
#670 = ORIENTED_EDGE('',*,*,#444,.F.);
#671 = CYLINDRICAL_SURFACE('',#672,2.E-02);
#672 = AXIS2_PLACEMENT_3D('',#673,#674,#675);
#673 = CARTESIAN_POINT('',(-0.3,-0.21,0.46));
#674 = DIRECTION('',(1.,0.,0.));
#675 = DIRECTION('',(0.,-1.,0.));
#676 = ADVANCED_FACE('',(#677),#688,.F.);
#677 = FACE_BOUND('',#678,.F.);
#678 = EDGE_LOOP('',(#679,#685,#686,#687));
#679 = ORIENTED_EDGE('',*,*,#680,.F.);
#680 = EDGE_CURVE('',#511,#656,#681,.T.);
#681 = LINE('',#682,#683);
#682 = CARTESIAN_POINT('',(0.3,-0.23,2.E-02));
#683 = VECTOR('',#684,1.);
#684 = DIRECTION('',(0.,0.,1.));
#685 = ORIENTED_EDGE('',*,*,#519,.F.);
#686 = ORIENTED_EDGE('',*,*,#436,.T.);
#687 = ORIENTED_EDGE('',*,*,#655,.T.);
#688 = PLANE('',#689);
#689 = AXIS2_PLACEMENT_3D('',#690,#691,#692);
#690 = CARTESIAN_POINT('',(-0.3,-0.23,2.E-02));
#691 = DIRECTION('',(0.,1.,0.));
#692 = DIRECTION('',(0.,-0.,1.));
#693 = ADVANCED_FACE('',(#694,#764),#774,.F.);
#694 = FACE_BOUND('',#695,.F.);
#695 = EDGE_LOOP('',(#696,#706,#715,#723,#732,#740,#749,#757));
#696 = ORIENTED_EDGE('',*,*,#697,.F.);
#697 = EDGE_CURVE('',#698,#700,#702,.T.);
#698 = VERTEX_POINT('',#699);
#699 = CARTESIAN_POINT('',(0.3,-0.25,2.E-02));
#700 = VERTEX_POINT('',#701);
#701 = CARTESIAN_POINT('',(0.3,-0.25,0.48));
#702 = LINE('',#703,#704);
#703 = CARTESIAN_POINT('',(0.3,-0.25,0.));
#704 = VECTOR('',#705,1.);
#705 = DIRECTION('',(0.,0.,1.));
#706 = ORIENTED_EDGE('',*,*,#707,.T.);
#707 = EDGE_CURVE('',#698,#708,#710,.T.);
#708 = VERTEX_POINT('',#709);
#709 = CARTESIAN_POINT('',(0.3,-0.23,0.));
#710 = CIRCLE('',#711,2.E-02);
#711 = AXIS2_PLACEMENT_3D('',#712,#713,#714);
#712 = CARTESIAN_POINT('',(0.3,-0.23,2.E-02));
#713 = DIRECTION('',(1.,0.,-0.));
#714 = DIRECTION('',(0.,0.,1.));
#715 = ORIENTED_EDGE('',*,*,#716,.T.);
#716 = EDGE_CURVE('',#708,#717,#719,.T.);
#717 = VERTEX_POINT('',#718);
#718 = CARTESIAN_POINT('',(0.3,0.23,0.));
#719 = LINE('',#720,#721);
#720 = CARTESIAN_POINT('',(0.3,-0.25,0.));
#721 = VECTOR('',#722,1.);
#722 = DIRECTION('',(0.,1.,0.));
#723 = ORIENTED_EDGE('',*,*,#724,.F.);
#724 = EDGE_CURVE('',#725,#717,#727,.T.);
#725 = VERTEX_POINT('',#726);
#726 = CARTESIAN_POINT('',(0.3,0.25,2.E-02));
#727 = CIRCLE('',#728,2.E-02);
#728 = AXIS2_PLACEMENT_3D('',#729,#730,#731);
#729 = CARTESIAN_POINT('',(0.3,0.23,2.E-02));
#730 = DIRECTION('',(-1.,0.,0.));
#731 = DIRECTION('',(0.,0.,1.));
#732 = ORIENTED_EDGE('',*,*,#733,.T.);
#733 = EDGE_CURVE('',#725,#734,#736,.T.);
#734 = VERTEX_POINT('',#735);
#735 = CARTESIAN_POINT('',(0.3,0.25,0.48));
#736 = LINE('',#737,#738);
#737 = CARTESIAN_POINT('',(0.3,0.25,0.));
#738 = VECTOR('',#739,1.);
#739 = DIRECTION('',(0.,0.,1.));
#740 = ORIENTED_EDGE('',*,*,#741,.T.);
#741 = EDGE_CURVE('',#734,#742,#744,.T.);
#742 = VERTEX_POINT('',#743);
#743 = CARTESIAN_POINT('',(0.3,0.23,0.5));
#744 = CIRCLE('',#745,2.E-02);
#745 = AXIS2_PLACEMENT_3D('',#746,#747,#748);
#746 = CARTESIAN_POINT('',(0.3,0.23,0.48));
#747 = DIRECTION('',(1.,0.,-0.));
#748 = DIRECTION('',(0.,0.,1.));
#749 = ORIENTED_EDGE('',*,*,#750,.F.);
#750 = EDGE_CURVE('',#751,#742,#753,.T.);
#751 = VERTEX_POINT('',#752);
#752 = CARTESIAN_POINT('',(0.3,-0.23,0.5));
#753 = LINE('',#754,#755);
#754 = CARTESIAN_POINT('',(0.3,-0.25,0.5));
#755 = VECTOR('',#756,1.);
#756 = DIRECTION('',(0.,1.,0.));
#757 = ORIENTED_EDGE('',*,*,#758,.F.);
#758 = EDGE_CURVE('',#700,#751,#759,.T.);
#759 = CIRCLE('',#760,2.E-02);
#760 = AXIS2_PLACEMENT_3D('',#761,#762,#763);
#761 = CARTESIAN_POINT('',(0.3,-0.23,0.48));
#762 = DIRECTION('',(-1.,0.,0.));
#763 = DIRECTION('',(0.,0.,1.));
#764 = FACE_BOUND('',#765,.F.);
#765 = EDGE_LOOP('',(#766,#767,#768,#769,#770,#771,#772,#773));
#766 = ORIENTED_EDGE('',*,*,#510,.F.);
#767 = ORIENTED_EDGE('',*,*,#680,.T.);
#768 = ORIENTED_EDGE('',*,*,#663,.T.);
#769 = ORIENTED_EDGE('',*,*,#640,.T.);
#770 = ORIENTED_EDGE('',*,*,#615,.F.);
#771 = ORIENTED_EDGE('',*,*,#582,.F.);
#772 = ORIENTED_EDGE('',*,*,#565,.T.);
#773 = ORIENTED_EDGE('',*,*,#535,.F.);
#774 = PLANE('',#775);
#775 = AXIS2_PLACEMENT_3D('',#776,#777,#778);
#776 = CARTESIAN_POINT('',(0.3,-0.25,0.));
#777 = DIRECTION('',(1.,0.,0.));
#778 = DIRECTION('',(0.,0.,1.));
#779 = ADVANCED_FACE('',(#780),#805,.F.);
#780 = FACE_BOUND('',#781,.F.);
#781 = EDGE_LOOP('',(#782,#792,#798,#799));
#782 = ORIENTED_EDGE('',*,*,#783,.F.);
#783 = EDGE_CURVE('',#784,#786,#788,.T.);
#784 = VERTEX_POINT('',#785);
#785 = CARTESIAN_POINT('',(0.5,-0.25,2.E-02));
#786 = VERTEX_POINT('',#787);
#787 = CARTESIAN_POINT('',(0.5,-0.25,0.48));
#788 = LINE('',#789,#790);
#789 = CARTESIAN_POINT('',(0.5,-0.25,0.));
#790 = VECTOR('',#791,1.);
#791 = DIRECTION('',(0.,0.,1.));
#792 = ORIENTED_EDGE('',*,*,#793,.F.);
#793 = EDGE_CURVE('',#698,#784,#794,.T.);
#794 = LINE('',#795,#796);
#795 = CARTESIAN_POINT('',(0.3,-0.25,2.E-02));
#796 = VECTOR('',#797,1.);
#797 = DIRECTION('',(1.,0.,0.));
#798 = ORIENTED_EDGE('',*,*,#697,.T.);
#799 = ORIENTED_EDGE('',*,*,#800,.T.);
#800 = EDGE_CURVE('',#700,#786,#801,.T.);
#801 = LINE('',#802,#803);
#802 = CARTESIAN_POINT('',(0.3,-0.25,0.48));
#803 = VECTOR('',#804,1.);
#804 = DIRECTION('',(1.,0.,0.));
#805 = PLANE('',#806);
#806 = AXIS2_PLACEMENT_3D('',#807,#808,#809);
#807 = CARTESIAN_POINT('',(0.3,-0.25,0.));
#808 = DIRECTION('',(0.,1.,0.));
#809 = DIRECTION('',(0.,-0.,1.));
#810 = ADVANCED_FACE('',(#811),#830,.T.);
#811 = FACE_BOUND('',#812,.T.);
#812 = EDGE_LOOP('',(#813,#814,#822,#829));
#813 = ORIENTED_EDGE('',*,*,#707,.T.);
#814 = ORIENTED_EDGE('',*,*,#815,.T.);
#815 = EDGE_CURVE('',#708,#816,#818,.T.);
#816 = VERTEX_POINT('',#817);
#817 = CARTESIAN_POINT('',(0.5,-0.23,0.));
#818 = LINE('',#819,#820);
#819 = CARTESIAN_POINT('',(0.3,-0.23,0.));
#820 = VECTOR('',#821,1.);
#821 = DIRECTION('',(1.,0.,0.));
#822 = ORIENTED_EDGE('',*,*,#823,.F.);
#823 = EDGE_CURVE('',#784,#816,#824,.T.);
#824 = CIRCLE('',#825,2.E-02);
#825 = AXIS2_PLACEMENT_3D('',#826,#827,#828);
#826 = CARTESIAN_POINT('',(0.5,-0.23,2.E-02));
#827 = DIRECTION('',(1.,0.,-0.));
#828 = DIRECTION('',(0.,0.,1.));
#829 = ORIENTED_EDGE('',*,*,#793,.F.);
#830 = CYLINDRICAL_SURFACE('',#831,2.E-02);
#831 = AXIS2_PLACEMENT_3D('',#832,#833,#834);
#832 = CARTESIAN_POINT('',(0.3,-0.23,2.E-02));
#833 = DIRECTION('',(1.,0.,0.));
#834 = DIRECTION('',(0.,-1.,0.));
#835 = ADVANCED_FACE('',(#836),#855,.T.);
#836 = FACE_BOUND('',#837,.T.);
#837 = EDGE_LOOP('',(#838,#839,#848,#854));
#838 = ORIENTED_EDGE('',*,*,#800,.T.);
#839 = ORIENTED_EDGE('',*,*,#840,.T.);
#840 = EDGE_CURVE('',#786,#841,#843,.T.);
#841 = VERTEX_POINT('',#842);
#842 = CARTESIAN_POINT('',(0.5,-0.23,0.5));
#843 = CIRCLE('',#844,2.E-02);
#844 = AXIS2_PLACEMENT_3D('',#845,#846,#847);
#845 = CARTESIAN_POINT('',(0.5,-0.23,0.48));
#846 = DIRECTION('',(-1.,0.,0.));
#847 = DIRECTION('',(0.,0.,1.));
#848 = ORIENTED_EDGE('',*,*,#849,.F.);
#849 = EDGE_CURVE('',#751,#841,#850,.T.);
#850 = LINE('',#851,#852);
#851 = CARTESIAN_POINT('',(0.3,-0.23,0.5));
#852 = VECTOR('',#853,1.);
#853 = DIRECTION('',(1.,0.,0.));
#854 = ORIENTED_EDGE('',*,*,#758,.F.);
#855 = CYLINDRICAL_SURFACE('',#856,2.E-02);
#856 = AXIS2_PLACEMENT_3D('',#857,#858,#859);
#857 = CARTESIAN_POINT('',(0.3,-0.23,0.48));
#858 = DIRECTION('',(1.,0.,0.));
#859 = DIRECTION('',(0.,-1.,0.));
#860 = ADVANCED_FACE('',(#861),#879,.F.);
#861 = FACE_BOUND('',#862,.F.);
#862 = EDGE_LOOP('',(#863,#864,#865,#873));
#863 = ORIENTED_EDGE('',*,*,#716,.F.);
#864 = ORIENTED_EDGE('',*,*,#815,.T.);
#865 = ORIENTED_EDGE('',*,*,#866,.T.);
#866 = EDGE_CURVE('',#816,#867,#869,.T.);
#867 = VERTEX_POINT('',#868);
#868 = CARTESIAN_POINT('',(0.5,0.23,0.));
#869 = LINE('',#870,#871);
#870 = CARTESIAN_POINT('',(0.5,-0.25,0.));
#871 = VECTOR('',#872,1.);
#872 = DIRECTION('',(0.,1.,0.));
#873 = ORIENTED_EDGE('',*,*,#874,.F.);
#874 = EDGE_CURVE('',#717,#867,#875,.T.);
#875 = LINE('',#876,#877);
#876 = CARTESIAN_POINT('',(0.3,0.23,0.));
#877 = VECTOR('',#878,1.);
#878 = DIRECTION('',(1.,0.,0.));
#879 = PLANE('',#880);
#880 = AXIS2_PLACEMENT_3D('',#881,#882,#883);
#881 = CARTESIAN_POINT('',(0.3,-0.25,0.));
#882 = DIRECTION('',(0.,0.,1.));
#883 = DIRECTION('',(1.,0.,-0.));
#884 = ADVANCED_FACE('',(#885),#903,.T.);
#885 = FACE_BOUND('',#886,.T.);
#886 = EDGE_LOOP('',(#887,#888,#889,#897));
#887 = ORIENTED_EDGE('',*,*,#750,.F.);
#888 = ORIENTED_EDGE('',*,*,#849,.T.);
#889 = ORIENTED_EDGE('',*,*,#890,.T.);
#890 = EDGE_CURVE('',#841,#891,#893,.T.);
#891 = VERTEX_POINT('',#892);
#892 = CARTESIAN_POINT('',(0.5,0.23,0.5));
#893 = LINE('',#894,#895);
#894 = CARTESIAN_POINT('',(0.5,-0.25,0.5));
#895 = VECTOR('',#896,1.);
#896 = DIRECTION('',(0.,1.,0.));
#897 = ORIENTED_EDGE('',*,*,#898,.F.);
#898 = EDGE_CURVE('',#742,#891,#899,.T.);
#899 = LINE('',#900,#901);
#900 = CARTESIAN_POINT('',(0.3,0.23,0.5));
#901 = VECTOR('',#902,1.);
#902 = DIRECTION('',(1.,0.,0.));
#903 = PLANE('',#904);
#904 = AXIS2_PLACEMENT_3D('',#905,#906,#907);
#905 = CARTESIAN_POINT('',(0.3,-0.25,0.5));
#906 = DIRECTION('',(0.,0.,1.));
#907 = DIRECTION('',(1.,0.,-0.));
#908 = ADVANCED_FACE('',(#909),#928,.T.);
#909 = FACE_BOUND('',#910,.T.);
#910 = EDGE_LOOP('',(#911,#919,#926,#927));
#911 = ORIENTED_EDGE('',*,*,#912,.T.);
#912 = EDGE_CURVE('',#725,#913,#915,.T.);
#913 = VERTEX_POINT('',#914);
#914 = CARTESIAN_POINT('',(0.5,0.25,2.E-02));
#915 = LINE('',#916,#917);
#916 = CARTESIAN_POINT('',(0.3,0.25,2.E-02));
#917 = VECTOR('',#918,1.);
#918 = DIRECTION('',(1.,0.,0.));
#919 = ORIENTED_EDGE('',*,*,#920,.T.);
#920 = EDGE_CURVE('',#913,#867,#921,.T.);
#921 = CIRCLE('',#922,2.E-02);
#922 = AXIS2_PLACEMENT_3D('',#923,#924,#925);
#923 = CARTESIAN_POINT('',(0.5,0.23,2.E-02));
#924 = DIRECTION('',(-1.,0.,0.));
#925 = DIRECTION('',(0.,0.,1.));
#926 = ORIENTED_EDGE('',*,*,#874,.F.);
#927 = ORIENTED_EDGE('',*,*,#724,.F.);
#928 = CYLINDRICAL_SURFACE('',#929,2.E-02);
#929 = AXIS2_PLACEMENT_3D('',#930,#931,#932);
#930 = CARTESIAN_POINT('',(0.3,0.23,2.E-02));
#931 = DIRECTION('',(1.,0.,0.));
#932 = DIRECTION('',(-0.,1.,0.));
#933 = ADVANCED_FACE('',(#934),#953,.T.);
#934 = FACE_BOUND('',#935,.T.);
#935 = EDGE_LOOP('',(#936,#937,#938,#947));
#936 = ORIENTED_EDGE('',*,*,#741,.T.);
#937 = ORIENTED_EDGE('',*,*,#898,.T.);
#938 = ORIENTED_EDGE('',*,*,#939,.F.);
#939 = EDGE_CURVE('',#940,#891,#942,.T.);
#940 = VERTEX_POINT('',#941);
#941 = CARTESIAN_POINT('',(0.5,0.25,0.48));
#942 = CIRCLE('',#943,2.E-02);
#943 = AXIS2_PLACEMENT_3D('',#944,#945,#946);
#944 = CARTESIAN_POINT('',(0.5,0.23,0.48));
#945 = DIRECTION('',(1.,0.,-0.));
#946 = DIRECTION('',(0.,0.,1.));
#947 = ORIENTED_EDGE('',*,*,#948,.F.);
#948 = EDGE_CURVE('',#734,#940,#949,.T.);
#949 = LINE('',#950,#951);
#950 = CARTESIAN_POINT('',(0.3,0.25,0.48));
#951 = VECTOR('',#952,1.);
#952 = DIRECTION('',(1.,0.,0.));
#953 = CYLINDRICAL_SURFACE('',#954,2.E-02);
#954 = AXIS2_PLACEMENT_3D('',#955,#956,#957);
#955 = CARTESIAN_POINT('',(0.3,0.23,0.48));
#956 = DIRECTION('',(1.,0.,0.));
#957 = DIRECTION('',(-0.,1.,0.));
#958 = ADVANCED_FACE('',(#959),#970,.T.);
#959 = FACE_BOUND('',#960,.T.);
#960 = EDGE_LOOP('',(#961,#967,#968,#969));
#961 = ORIENTED_EDGE('',*,*,#962,.F.);
#962 = EDGE_CURVE('',#913,#940,#963,.T.);
#963 = LINE('',#964,#965);
#964 = CARTESIAN_POINT('',(0.5,0.25,0.));
#965 = VECTOR('',#966,1.);
#966 = DIRECTION('',(0.,0.,1.));
#967 = ORIENTED_EDGE('',*,*,#912,.F.);
#968 = ORIENTED_EDGE('',*,*,#733,.T.);
#969 = ORIENTED_EDGE('',*,*,#948,.T.);
#970 = PLANE('',#971);
#971 = AXIS2_PLACEMENT_3D('',#972,#973,#974);
#972 = CARTESIAN_POINT('',(0.3,0.25,0.));
#973 = DIRECTION('',(0.,1.,0.));
#974 = DIRECTION('',(0.,-0.,1.));
#975 = ADVANCED_FACE('',(#976),#986,.T.);
#976 = FACE_BOUND('',#977,.T.);
#977 = EDGE_LOOP('',(#978,#979,#980,#981,#982,#983,#984,#985));
#978 = ORIENTED_EDGE('',*,*,#783,.F.);
#979 = ORIENTED_EDGE('',*,*,#823,.T.);
#980 = ORIENTED_EDGE('',*,*,#866,.T.);
#981 = ORIENTED_EDGE('',*,*,#920,.F.);
#982 = ORIENTED_EDGE('',*,*,#962,.T.);
#983 = ORIENTED_EDGE('',*,*,#939,.T.);
#984 = ORIENTED_EDGE('',*,*,#890,.F.);
#985 = ORIENTED_EDGE('',*,*,#840,.F.);
#986 = PLANE('',#987);
#987 = AXIS2_PLACEMENT_3D('',#988,#989,#990);
#988 = CARTESIAN_POINT('',(0.5,-0.25,0.));
#989 = DIRECTION('',(1.,0.,0.));
#990 = DIRECTION('',(0.,0.,1.));
#991 = ( GEOMETRIC_REPRESENTATION_CONTEXT(3) 
GLOBAL_UNCERTAINTY_ASSIGNED_CONTEXT((#995)) GLOBAL_UNIT_ASSIGNED_CONTEXT
((#992,#993,#994)) REPRESENTATION_CONTEXT('Context #1',
  '3D Context with UNIT and UNCERTAINTY') );
#992 = ( LENGTH_UNIT() NAMED_UNIT(*) SI_UNIT(.MILLI.,.METRE.) );
#993 = ( NAMED_UNIT(*) PLANE_ANGLE_UNIT() SI_UNIT($,.RADIAN.) );
#994 = ( NAMED_UNIT(*) SI_UNIT($,.STERADIAN.) SOLID_ANGLE_UNIT() );
#995 = UNCERTAINTY_MEASURE_WITH_UNIT(LENGTH_MEASURE(1.E-07),#992,
  'distance_accuracy_value','confusion accuracy');
#996 = CONTEXT_DEPENDENT_SHAPE_REPRESENTATION(#997,#999);
#997 = ( REPRESENTATION_RELATIONSHIP('','',#136,#10) 
REPRESENTATION_RELATIONSHIP_WITH_TRANSFORMATION(#998) 
SHAPE_REPRESENTATION_RELATIONSHIP() );
#998 = ITEM_DEFINED_TRANSFORMATION('','',#11,#15);
#999 = PRODUCT_DEFINITION_SHAPE('Placement','Placement of an item',#1000
  );
#1000 = NEXT_ASSEMBLY_USAGE_OCCURRENCE('117','C9','',#5,#131,$);
#1001 = PRODUCT_RELATED_PRODUCT_CATEGORY('part',$,(#133));
#1002 = SHAPE_DEFINITION_REPRESENTATION(#1003,#1009);
#1003 = PRODUCT_DEFINITION_SHAPE('','',#1004);
#1004 = PRODUCT_DEFINITION('design','',#1005,#1008);
#1005 = PRODUCT_DEFINITION_FORMATION('','',#1006);
#1006 = PRODUCT('insert_2mm','insert_2mm','',(#1007));
#1007 = PRODUCT_CONTEXT('',#2,'mechanical');
#1008 = PRODUCT_DEFINITION_CONTEXT('part definition',#2,'design');
#1009 = ADVANCED_BREP_SHAPE_REPRESENTATION('',(#11,#1010),#3640);
#1010 = MANIFOLD_SOLID_BREP('',#1011);
#1011 = CLOSED_SHELL('',(#1012,#1054,#1087,#1120,#1437,#1469,#1487,#1519
    ,#1537,#1569,#1587,#1619,#1637,#1669,#1687,#1719,#1737,#1769,#1787,
    #1819,#1837,#1869,#1887,#1919,#1937,#1969,#1987,#2019,#2037,#2069,
    #2087,#2119,#2137,#2169,#2187,#2219,#2237,#2255,#2310,#2653,#2669,
    #2693,#2725,#2757,#2775,#2807,#2825,#2857,#2875,#2907,#2925,#2957,
    #2975,#3007,#3025,#3057,#3075,#3107,#3125,#3157,#3175,#3207,#3225,
    #3257,#3275,#3307,#3325,#3357,#3375,#3407,#3425,#3457,#3475,#3507,
    #3525,#3594,#3611,#3628));
#1012 = ADVANCED_FACE('',(#1013),#1049,.F.);
#1013 = FACE_BOUND('',#1014,.F.);
#1014 = EDGE_LOOP('',(#1015,#1025,#1034,#1042));
#1015 = ORIENTED_EDGE('',*,*,#1016,.F.);
#1016 = EDGE_CURVE('',#1017,#1019,#1021,.T.);
#1017 = VERTEX_POINT('',#1018);
#1018 = CARTESIAN_POINT('',(0.258819045103,0.965925826289,3.));
#1019 = VERTEX_POINT('',#1020);
#1020 = CARTESIAN_POINT('',(0.258819045103,0.965925826289,1.9));
#1021 = LINE('',#1022,#1023);
#1022 = CARTESIAN_POINT('',(0.258819045103,0.965925826289,3.));
#1023 = VECTOR('',#1024,1.);
#1024 = DIRECTION('',(0.,0.,-1.));
#1025 = ORIENTED_EDGE('',*,*,#1026,.F.);
#1026 = EDGE_CURVE('',#1027,#1017,#1029,.T.);
#1027 = VERTEX_POINT('',#1028);
#1028 = CARTESIAN_POINT('',(8.715574274766E-02,0.996194698092,3.));
#1029 = CIRCLE('',#1030,8.723877473067E-02);
#1030 = AXIS2_PLACEMENT_3D('',#1031,#1032,#1033);
#1031 = CARTESIAN_POINT('',(0.173648177667,0.984807753012,3.));
#1032 = DIRECTION('',(0.,0.,1.));
#1033 = DIRECTION('',(1.,0.,-0.));
#1034 = ORIENTED_EDGE('',*,*,#1035,.T.);
#1035 = EDGE_CURVE('',#1027,#1036,#1038,.T.);
#1036 = VERTEX_POINT('',#1037);
#1037 = CARTESIAN_POINT('',(8.715574274766E-02,0.996194698092,1.9));
#1038 = LINE('',#1039,#1040);
#1039 = CARTESIAN_POINT('',(8.715574274766E-02,0.996194698092,3.));
#1040 = VECTOR('',#1041,1.);
#1041 = DIRECTION('',(0.,0.,-1.));
#1042 = ORIENTED_EDGE('',*,*,#1043,.T.);
#1043 = EDGE_CURVE('',#1036,#1019,#1044,.T.);
#1044 = CIRCLE('',#1045,8.723877473067E-02);
#1045 = AXIS2_PLACEMENT_3D('',#1046,#1047,#1048);
#1046 = CARTESIAN_POINT('',(0.173648177667,0.984807753012,1.9));
#1047 = DIRECTION('',(0.,0.,1.));
#1048 = DIRECTION('',(1.,0.,-0.));
#1049 = CYLINDRICAL_SURFACE('',#1050,8.723877473067E-02);
#1050 = AXIS2_PLACEMENT_3D('',#1051,#1052,#1053);
#1051 = CARTESIAN_POINT('',(0.173648177667,0.984807753012,3.));
#1052 = DIRECTION('',(0.,0.,-1.));
#1053 = DIRECTION('',(-1.,0.,0.));
#1054 = ADVANCED_FACE('',(#1055),#1082,.T.);
#1055 = FACE_BOUND('',#1056,.T.);
#1056 = EDGE_LOOP('',(#1057,#1066,#1074,#1081));
#1057 = ORIENTED_EDGE('',*,*,#1058,.T.);
#1058 = EDGE_CURVE('',#1036,#1059,#1061,.T.);
#1059 = VERTEX_POINT('',#1060);
#1060 = CARTESIAN_POINT('',(-8.715574274766E-02,0.996194698092,1.9));
#1061 = CIRCLE('',#1062,8.723877473067E-02);
#1062 = AXIS2_PLACEMENT_3D('',#1063,#1064,#1065);
#1063 = CARTESIAN_POINT('',(1.202786785101E-16,1.,1.9));
#1064 = DIRECTION('',(0.,0.,1.));
#1065 = DIRECTION('',(1.,0.,-0.));
#1066 = ORIENTED_EDGE('',*,*,#1067,.F.);
#1067 = EDGE_CURVE('',#1068,#1059,#1070,.T.);
#1068 = VERTEX_POINT('',#1069);
#1069 = CARTESIAN_POINT('',(-8.715574274766E-02,0.996194698092,3.));
#1070 = LINE('',#1071,#1072);
#1071 = CARTESIAN_POINT('',(-8.715574274766E-02,0.996194698092,3.));
#1072 = VECTOR('',#1073,1.);
#1073 = DIRECTION('',(0.,0.,-1.));
#1074 = ORIENTED_EDGE('',*,*,#1075,.F.);
#1075 = EDGE_CURVE('',#1027,#1068,#1076,.T.);
#1076 = CIRCLE('',#1077,8.723877473067E-02);
#1077 = AXIS2_PLACEMENT_3D('',#1078,#1079,#1080);
#1078 = CARTESIAN_POINT('',(1.202786785101E-16,1.,3.));
#1079 = DIRECTION('',(0.,0.,1.));
#1080 = DIRECTION('',(1.,0.,-0.));
#1081 = ORIENTED_EDGE('',*,*,#1035,.T.);
#1082 = CYLINDRICAL_SURFACE('',#1083,8.723877473067E-02);
#1083 = AXIS2_PLACEMENT_3D('',#1084,#1085,#1086);
#1084 = CARTESIAN_POINT('',(1.202786785101E-16,1.,3.));
#1085 = DIRECTION('',(0.,0.,-1.));
#1086 = DIRECTION('',(-1.,0.,0.));
#1087 = ADVANCED_FACE('',(#1088),#1115,.F.);
#1088 = FACE_BOUND('',#1089,.F.);
#1089 = EDGE_LOOP('',(#1090,#1091,#1100,#1108));
#1090 = ORIENTED_EDGE('',*,*,#1067,.F.);
#1091 = ORIENTED_EDGE('',*,*,#1092,.F.);
#1092 = EDGE_CURVE('',#1093,#1068,#1095,.T.);
#1093 = VERTEX_POINT('',#1094);
#1094 = CARTESIAN_POINT('',(-0.258819045103,0.965925826289,3.));
#1095 = CIRCLE('',#1096,8.723877473067E-02);
#1096 = AXIS2_PLACEMENT_3D('',#1097,#1098,#1099);
#1097 = CARTESIAN_POINT('',(-0.173648177667,0.984807753012,3.));
#1098 = DIRECTION('',(0.,0.,1.));
#1099 = DIRECTION('',(1.,0.,-0.));
#1100 = ORIENTED_EDGE('',*,*,#1101,.T.);
#1101 = EDGE_CURVE('',#1093,#1102,#1104,.T.);
#1102 = VERTEX_POINT('',#1103);
#1103 = CARTESIAN_POINT('',(-0.258819045103,0.965925826289,1.9));
#1104 = LINE('',#1105,#1106);
#1105 = CARTESIAN_POINT('',(-0.258819045103,0.965925826289,3.));
#1106 = VECTOR('',#1107,1.);
#1107 = DIRECTION('',(0.,0.,-1.));
#1108 = ORIENTED_EDGE('',*,*,#1109,.T.);
#1109 = EDGE_CURVE('',#1102,#1059,#1110,.T.);
#1110 = CIRCLE('',#1111,8.723877473067E-02);
#1111 = AXIS2_PLACEMENT_3D('',#1112,#1113,#1114);
#1112 = CARTESIAN_POINT('',(-0.173648177667,0.984807753012,1.9));
#1113 = DIRECTION('',(0.,0.,1.));
#1114 = DIRECTION('',(1.,0.,-0.));
#1115 = CYLINDRICAL_SURFACE('',#1116,8.723877473067E-02);
#1116 = AXIS2_PLACEMENT_3D('',#1117,#1118,#1119);
#1117 = CARTESIAN_POINT('',(-0.173648177667,0.984807753012,3.));
#1118 = DIRECTION('',(0.,0.,-1.));
#1119 = DIRECTION('',(-1.,0.,0.));
#1120 = ADVANCED_FACE('',(#1121,#1132),#1432,.T.);
#1121 = FACE_BOUND('',#1122,.T.);
#1122 = EDGE_LOOP('',(#1123));
#1123 = ORIENTED_EDGE('',*,*,#1124,.T.);
#1124 = EDGE_CURVE('',#1125,#1125,#1127,.T.);
#1125 = VERTEX_POINT('',#1126);
#1126 = CARTESIAN_POINT('',(-0.5,0.,3.));
#1127 = CIRCLE('',#1128,0.5);
#1128 = AXIS2_PLACEMENT_3D('',#1129,#1130,#1131);
#1129 = CARTESIAN_POINT('',(0.,0.,3.));
#1130 = DIRECTION('',(0.,0.,-1.));
#1131 = DIRECTION('',(-1.,0.,0.));
#1132 = FACE_BOUND('',#1133,.T.);
#1133 = EDGE_LOOP('',(#1134,#1135,#1144,#1153,#1162,#1171,#1180,#1189,
    #1198,#1207,#1216,#1225,#1234,#1243,#1252,#1261,#1270,#1279,#1288,
    #1297,#1306,#1315,#1324,#1333,#1342,#1351,#1360,#1369,#1378,#1387,
    #1396,#1405,#1414,#1423,#1430,#1431));
#1134 = ORIENTED_EDGE('',*,*,#1092,.F.);
#1135 = ORIENTED_EDGE('',*,*,#1136,.T.);
#1136 = EDGE_CURVE('',#1093,#1137,#1139,.T.);
#1137 = VERTEX_POINT('',#1138);
#1138 = CARTESIAN_POINT('',(-0.422618261741,0.906307787037,3.));
#1139 = CIRCLE('',#1140,8.723877473067E-02);
#1140 = AXIS2_PLACEMENT_3D('',#1141,#1142,#1143);
#1141 = CARTESIAN_POINT('',(-0.342020143326,0.939692620786,3.));
#1142 = DIRECTION('',(0.,0.,1.));
#1143 = DIRECTION('',(0.939692620786,0.342020143326,-0.));
#1144 = ORIENTED_EDGE('',*,*,#1145,.F.);
#1145 = EDGE_CURVE('',#1146,#1137,#1148,.T.);
#1146 = VERTEX_POINT('',#1147);
#1147 = CARTESIAN_POINT('',(-0.573576436351,0.819152044289,3.));
#1148 = CIRCLE('',#1149,8.723877473067E-02);
#1149 = AXIS2_PLACEMENT_3D('',#1150,#1151,#1152);
#1150 = CARTESIAN_POINT('',(-0.5,0.866025403784,3.));
#1151 = DIRECTION('',(0.,0.,1.));
#1152 = DIRECTION('',(0.766044443119,0.642787609687,-0.));
#1153 = ORIENTED_EDGE('',*,*,#1154,.T.);
#1154 = EDGE_CURVE('',#1146,#1155,#1157,.T.);
#1155 = VERTEX_POINT('',#1156);
#1156 = CARTESIAN_POINT('',(-0.707106781187,0.707106781187,3.));
#1157 = CIRCLE('',#1158,8.723877473067E-02);
#1158 = AXIS2_PLACEMENT_3D('',#1159,#1160,#1161);
#1159 = CARTESIAN_POINT('',(-0.642787609687,0.766044443119,3.));
#1160 = DIRECTION('',(0.,0.,1.));
#1161 = DIRECTION('',(0.766044443119,0.642787609687,-0.));
#1162 = ORIENTED_EDGE('',*,*,#1163,.F.);
#1163 = EDGE_CURVE('',#1164,#1155,#1166,.T.);
#1164 = VERTEX_POINT('',#1165);
#1165 = CARTESIAN_POINT('',(-0.819152044289,0.573576436351,3.));
#1166 = CIRCLE('',#1167,8.723877473067E-02);
#1167 = AXIS2_PLACEMENT_3D('',#1168,#1169,#1170);
#1168 = CARTESIAN_POINT('',(-0.766044443119,0.642787609687,3.));
#1169 = DIRECTION('',(0.,0.,1.));
#1170 = DIRECTION('',(0.5,0.866025403784,-0.));
#1171 = ORIENTED_EDGE('',*,*,#1172,.T.);
#1172 = EDGE_CURVE('',#1164,#1173,#1175,.T.);
#1173 = VERTEX_POINT('',#1174);
#1174 = CARTESIAN_POINT('',(-0.906307787037,0.422618261741,3.));
#1175 = CIRCLE('',#1176,8.723877473067E-02);
#1176 = AXIS2_PLACEMENT_3D('',#1177,#1178,#1179);
#1177 = CARTESIAN_POINT('',(-0.866025403784,0.5,3.));
#1178 = DIRECTION('',(0.,0.,1.));
#1179 = DIRECTION('',(0.5,0.866025403784,-0.));
#1180 = ORIENTED_EDGE('',*,*,#1181,.F.);
#1181 = EDGE_CURVE('',#1182,#1173,#1184,.T.);
#1182 = VERTEX_POINT('',#1183);
#1183 = CARTESIAN_POINT('',(-0.965925826289,0.258819045103,3.));
#1184 = CIRCLE('',#1185,8.723877473067E-02);
#1185 = AXIS2_PLACEMENT_3D('',#1186,#1187,#1188);
#1186 = CARTESIAN_POINT('',(-0.939692620786,0.342020143326,3.));
#1187 = DIRECTION('',(0.,0.,1.));
#1188 = DIRECTION('',(0.173648177667,0.984807753012,-0.));
#1189 = ORIENTED_EDGE('',*,*,#1190,.T.);
#1190 = EDGE_CURVE('',#1182,#1191,#1193,.T.);
#1191 = VERTEX_POINT('',#1192);
#1192 = CARTESIAN_POINT('',(-0.996194698092,8.715574274766E-02,3.));
#1193 = CIRCLE('',#1194,8.723877473067E-02);
#1194 = AXIS2_PLACEMENT_3D('',#1195,#1196,#1197);
#1195 = CARTESIAN_POINT('',(-0.984807753012,0.173648177667,3.));
#1196 = DIRECTION('',(0.,0.,1.));
#1197 = DIRECTION('',(0.173648177667,0.984807753012,-0.));
#1198 = ORIENTED_EDGE('',*,*,#1199,.F.);
#1199 = EDGE_CURVE('',#1200,#1191,#1202,.T.);
#1200 = VERTEX_POINT('',#1201);
#1201 = CARTESIAN_POINT('',(-0.996194698092,-8.715574274766E-02,3.));
#1202 = CIRCLE('',#1203,8.723877473067E-02);
#1203 = AXIS2_PLACEMENT_3D('',#1204,#1205,#1206);
#1204 = CARTESIAN_POINT('',(-1.,-3.794707603699E-16,3.));
#1205 = DIRECTION('',(0.,0.,1.));
#1206 = DIRECTION('',(-0.173648177667,0.984807753012,0.));
#1207 = ORIENTED_EDGE('',*,*,#1208,.T.);
#1208 = EDGE_CURVE('',#1200,#1209,#1211,.T.);
#1209 = VERTEX_POINT('',#1210);
#1210 = CARTESIAN_POINT('',(-0.965925826289,-0.258819045103,3.));
#1211 = CIRCLE('',#1212,8.723877473067E-02);
#1212 = AXIS2_PLACEMENT_3D('',#1213,#1214,#1215);
#1213 = CARTESIAN_POINT('',(-0.984807753012,-0.173648177667,3.));
#1214 = DIRECTION('',(0.,0.,1.));
#1215 = DIRECTION('',(-0.173648177667,0.984807753012,0.));
#1216 = ORIENTED_EDGE('',*,*,#1217,.F.);
#1217 = EDGE_CURVE('',#1218,#1209,#1220,.T.);
#1218 = VERTEX_POINT('',#1219);
#1219 = CARTESIAN_POINT('',(-0.906307787037,-0.422618261741,3.));
#1220 = CIRCLE('',#1221,8.723877473067E-02);
#1221 = AXIS2_PLACEMENT_3D('',#1222,#1223,#1224);
#1222 = CARTESIAN_POINT('',(-0.939692620786,-0.342020143326,3.));
#1223 = DIRECTION('',(0.,0.,1.));
#1224 = DIRECTION('',(-0.5,0.866025403784,0.));
#1225 = ORIENTED_EDGE('',*,*,#1226,.T.);
#1226 = EDGE_CURVE('',#1218,#1227,#1229,.T.);
#1227 = VERTEX_POINT('',#1228);
#1228 = CARTESIAN_POINT('',(-0.819152044289,-0.573576436351,3.));
#1229 = CIRCLE('',#1230,8.723877473067E-02);
#1230 = AXIS2_PLACEMENT_3D('',#1231,#1232,#1233);
#1231 = CARTESIAN_POINT('',(-0.866025403784,-0.5,3.));
#1232 = DIRECTION('',(0.,0.,1.));
#1233 = DIRECTION('',(-0.5,0.866025403784,0.));
#1234 = ORIENTED_EDGE('',*,*,#1235,.F.);
#1235 = EDGE_CURVE('',#1236,#1227,#1238,.T.);
#1236 = VERTEX_POINT('',#1237);
#1237 = CARTESIAN_POINT('',(-0.707106781187,-0.707106781187,3.));
#1238 = CIRCLE('',#1239,8.723877473067E-02);
#1239 = AXIS2_PLACEMENT_3D('',#1240,#1241,#1242);
#1240 = CARTESIAN_POINT('',(-0.766044443119,-0.642787609687,3.));
#1241 = DIRECTION('',(0.,0.,1.));
#1242 = DIRECTION('',(-0.766044443119,0.642787609687,0.));
#1243 = ORIENTED_EDGE('',*,*,#1244,.T.);
#1244 = EDGE_CURVE('',#1236,#1245,#1247,.T.);
#1245 = VERTEX_POINT('',#1246);
#1246 = CARTESIAN_POINT('',(-0.573576436351,-0.819152044289,3.));
#1247 = CIRCLE('',#1248,8.723877473067E-02);
#1248 = AXIS2_PLACEMENT_3D('',#1249,#1250,#1251);
#1249 = CARTESIAN_POINT('',(-0.642787609687,-0.766044443119,3.));
#1250 = DIRECTION('',(0.,0.,1.));
#1251 = DIRECTION('',(-0.766044443119,0.642787609687,0.));
#1252 = ORIENTED_EDGE('',*,*,#1253,.F.);
#1253 = EDGE_CURVE('',#1254,#1245,#1256,.T.);
#1254 = VERTEX_POINT('',#1255);
#1255 = CARTESIAN_POINT('',(-0.422618261741,-0.906307787037,3.));
#1256 = CIRCLE('',#1257,8.723877473067E-02);
#1257 = AXIS2_PLACEMENT_3D('',#1258,#1259,#1260);
#1258 = CARTESIAN_POINT('',(-0.5,-0.866025403784,3.));
#1259 = DIRECTION('',(0.,0.,1.));
#1260 = DIRECTION('',(-0.939692620786,0.342020143326,0.));
#1261 = ORIENTED_EDGE('',*,*,#1262,.T.);
#1262 = EDGE_CURVE('',#1254,#1263,#1265,.T.);
#1263 = VERTEX_POINT('',#1264);
#1264 = CARTESIAN_POINT('',(-0.258819045103,-0.965925826289,3.));
#1265 = CIRCLE('',#1266,8.723877473067E-02);
#1266 = AXIS2_PLACEMENT_3D('',#1267,#1268,#1269);
#1267 = CARTESIAN_POINT('',(-0.342020143326,-0.939692620786,3.));
#1268 = DIRECTION('',(0.,0.,1.));
#1269 = DIRECTION('',(-0.939692620786,0.342020143326,0.));
#1270 = ORIENTED_EDGE('',*,*,#1271,.F.);
#1271 = EDGE_CURVE('',#1272,#1263,#1274,.T.);
#1272 = VERTEX_POINT('',#1273);
#1273 = CARTESIAN_POINT('',(-8.715574274766E-02,-0.996194698092,3.));
#1274 = CIRCLE('',#1275,8.723877473067E-02);
#1275 = AXIS2_PLACEMENT_3D('',#1276,#1277,#1278);
#1276 = CARTESIAN_POINT('',(-0.173648177667,-0.984807753012,3.));
#1277 = DIRECTION('',(0.,0.,1.));
#1278 = DIRECTION('',(-1.,-1.224646799147E-16,0.));
#1279 = ORIENTED_EDGE('',*,*,#1280,.T.);
#1280 = EDGE_CURVE('',#1272,#1281,#1283,.T.);
#1281 = VERTEX_POINT('',#1282);
#1282 = CARTESIAN_POINT('',(8.715574274766E-02,-0.996194698092,3.));
#1283 = CIRCLE('',#1284,8.723877473067E-02);
#1284 = AXIS2_PLACEMENT_3D('',#1285,#1286,#1287);
#1285 = CARTESIAN_POINT('',(2.186001404625E-18,-1.,3.));
#1286 = DIRECTION('',(0.,0.,1.));
#1287 = DIRECTION('',(-1.,-1.224646799147E-16,0.));
#1288 = ORIENTED_EDGE('',*,*,#1289,.F.);
#1289 = EDGE_CURVE('',#1290,#1281,#1292,.T.);
#1290 = VERTEX_POINT('',#1291);
#1291 = CARTESIAN_POINT('',(0.258819045103,-0.965925826289,3.));
#1292 = CIRCLE('',#1293,8.723877473067E-02);
#1293 = AXIS2_PLACEMENT_3D('',#1294,#1295,#1296);
#1294 = CARTESIAN_POINT('',(0.173648177667,-0.984807753012,3.));
#1295 = DIRECTION('',(0.,0.,1.));
#1296 = DIRECTION('',(-0.939692620786,-0.342020143326,0.));
#1297 = ORIENTED_EDGE('',*,*,#1298,.T.);
#1298 = EDGE_CURVE('',#1290,#1299,#1301,.T.);
#1299 = VERTEX_POINT('',#1300);
#1300 = CARTESIAN_POINT('',(0.422618261741,-0.906307787037,3.));
#1301 = CIRCLE('',#1302,8.723877473067E-02);
#1302 = AXIS2_PLACEMENT_3D('',#1303,#1304,#1305);
#1303 = CARTESIAN_POINT('',(0.342020143326,-0.939692620786,3.));
#1304 = DIRECTION('',(0.,0.,1.));
#1305 = DIRECTION('',(-0.939692620786,-0.342020143326,0.));
#1306 = ORIENTED_EDGE('',*,*,#1307,.F.);
#1307 = EDGE_CURVE('',#1308,#1299,#1310,.T.);
#1308 = VERTEX_POINT('',#1309);
#1309 = CARTESIAN_POINT('',(0.573576436351,-0.819152044289,3.));
#1310 = CIRCLE('',#1311,8.723877473067E-02);
#1311 = AXIS2_PLACEMENT_3D('',#1312,#1313,#1314);
#1312 = CARTESIAN_POINT('',(0.5,-0.866025403784,3.));
#1313 = DIRECTION('',(0.,0.,1.));
#1314 = DIRECTION('',(-0.766044443119,-0.642787609687,0.));
#1315 = ORIENTED_EDGE('',*,*,#1316,.T.);
#1316 = EDGE_CURVE('',#1308,#1317,#1319,.T.);
#1317 = VERTEX_POINT('',#1318);
#1318 = CARTESIAN_POINT('',(0.707106781187,-0.707106781187,3.));
#1319 = CIRCLE('',#1320,8.723877473067E-02);
#1320 = AXIS2_PLACEMENT_3D('',#1321,#1322,#1323);
#1321 = CARTESIAN_POINT('',(0.642787609687,-0.766044443119,3.));
#1322 = DIRECTION('',(0.,0.,1.));
#1323 = DIRECTION('',(-0.766044443119,-0.642787609687,0.));
#1324 = ORIENTED_EDGE('',*,*,#1325,.F.);
#1325 = EDGE_CURVE('',#1326,#1317,#1328,.T.);
#1326 = VERTEX_POINT('',#1327);
#1327 = CARTESIAN_POINT('',(0.819152044289,-0.573576436351,3.));
#1328 = CIRCLE('',#1329,8.723877473067E-02);
#1329 = AXIS2_PLACEMENT_3D('',#1330,#1331,#1332);
#1330 = CARTESIAN_POINT('',(0.766044443119,-0.642787609687,3.));
#1331 = DIRECTION('',(0.,0.,1.));
#1332 = DIRECTION('',(-0.5,-0.866025403784,0.));
#1333 = ORIENTED_EDGE('',*,*,#1334,.T.);
#1334 = EDGE_CURVE('',#1326,#1335,#1337,.T.);
#1335 = VERTEX_POINT('',#1336);
#1336 = CARTESIAN_POINT('',(0.906307787037,-0.422618261741,3.));
#1337 = CIRCLE('',#1338,8.723877473067E-02);
#1338 = AXIS2_PLACEMENT_3D('',#1339,#1340,#1341);
#1339 = CARTESIAN_POINT('',(0.866025403784,-0.5,3.));
#1340 = DIRECTION('',(0.,0.,1.));
#1341 = DIRECTION('',(-0.5,-0.866025403784,0.));
#1342 = ORIENTED_EDGE('',*,*,#1343,.F.);
#1343 = EDGE_CURVE('',#1344,#1335,#1346,.T.);
#1344 = VERTEX_POINT('',#1345);
#1345 = CARTESIAN_POINT('',(0.965925826289,-0.258819045103,3.));
#1346 = CIRCLE('',#1347,8.723877473067E-02);
#1347 = AXIS2_PLACEMENT_3D('',#1348,#1349,#1350);
#1348 = CARTESIAN_POINT('',(0.939692620786,-0.342020143326,3.));
#1349 = DIRECTION('',(0.,0.,1.));
#1350 = DIRECTION('',(-0.173648177667,-0.984807753012,0.));
#1351 = ORIENTED_EDGE('',*,*,#1352,.T.);
#1352 = EDGE_CURVE('',#1344,#1353,#1355,.T.);
#1353 = VERTEX_POINT('',#1354);
#1354 = CARTESIAN_POINT('',(0.996194698092,-8.715574274766E-02,3.));
#1355 = CIRCLE('',#1356,8.723877473067E-02);
#1356 = AXIS2_PLACEMENT_3D('',#1357,#1358,#1359);
#1357 = CARTESIAN_POINT('',(0.984807753012,-0.173648177667,3.));
#1358 = DIRECTION('',(0.,0.,1.));
#1359 = DIRECTION('',(-0.173648177667,-0.984807753012,0.));
#1360 = ORIENTED_EDGE('',*,*,#1361,.F.);
#1361 = EDGE_CURVE('',#1362,#1353,#1364,.T.);
#1362 = VERTEX_POINT('',#1363);
#1363 = CARTESIAN_POINT('',(0.996194698092,8.715574274766E-02,3.));
#1364 = CIRCLE('',#1365,8.723877473067E-02);
#1365 = AXIS2_PLACEMENT_3D('',#1366,#1367,#1368);
#1366 = CARTESIAN_POINT('',(1.,4.607859233063E-16,3.));
#1367 = DIRECTION('',(0.,0.,1.));
#1368 = DIRECTION('',(0.173648177667,-0.984807753012,0.));
#1369 = ORIENTED_EDGE('',*,*,#1370,.T.);
#1370 = EDGE_CURVE('',#1362,#1371,#1373,.T.);
#1371 = VERTEX_POINT('',#1372);
#1372 = CARTESIAN_POINT('',(0.965925826289,0.258819045103,3.));
#1373 = CIRCLE('',#1374,8.723877473067E-02);
#1374 = AXIS2_PLACEMENT_3D('',#1375,#1376,#1377);
#1375 = CARTESIAN_POINT('',(0.984807753012,0.173648177667,3.));
#1376 = DIRECTION('',(0.,0.,1.));
#1377 = DIRECTION('',(0.173648177667,-0.984807753012,0.));
#1378 = ORIENTED_EDGE('',*,*,#1379,.F.);
#1379 = EDGE_CURVE('',#1380,#1371,#1382,.T.);
#1380 = VERTEX_POINT('',#1381);
#1381 = CARTESIAN_POINT('',(0.906307787037,0.422618261741,3.));
#1382 = CIRCLE('',#1383,8.723877473067E-02);
#1383 = AXIS2_PLACEMENT_3D('',#1384,#1385,#1386);
#1384 = CARTESIAN_POINT('',(0.939692620786,0.342020143326,3.));
#1385 = DIRECTION('',(0.,0.,1.));
#1386 = DIRECTION('',(0.5,-0.866025403784,0.));
#1387 = ORIENTED_EDGE('',*,*,#1388,.T.);
#1388 = EDGE_CURVE('',#1380,#1389,#1391,.T.);
#1389 = VERTEX_POINT('',#1390);
#1390 = CARTESIAN_POINT('',(0.819152044289,0.573576436351,3.));
#1391 = CIRCLE('',#1392,8.723877473067E-02);
#1392 = AXIS2_PLACEMENT_3D('',#1393,#1394,#1395);
#1393 = CARTESIAN_POINT('',(0.866025403784,0.5,3.));
#1394 = DIRECTION('',(0.,0.,1.));
#1395 = DIRECTION('',(0.5,-0.866025403784,0.));
#1396 = ORIENTED_EDGE('',*,*,#1397,.F.);
#1397 = EDGE_CURVE('',#1398,#1389,#1400,.T.);
#1398 = VERTEX_POINT('',#1399);
#1399 = CARTESIAN_POINT('',(0.707106781187,0.707106781187,3.));
#1400 = CIRCLE('',#1401,8.723877473067E-02);
#1401 = AXIS2_PLACEMENT_3D('',#1402,#1403,#1404);
#1402 = CARTESIAN_POINT('',(0.766044443119,0.642787609687,3.));
#1403 = DIRECTION('',(0.,0.,1.));
#1404 = DIRECTION('',(0.766044443119,-0.642787609687,0.));
#1405 = ORIENTED_EDGE('',*,*,#1406,.T.);
#1406 = EDGE_CURVE('',#1398,#1407,#1409,.T.);
#1407 = VERTEX_POINT('',#1408);
#1408 = CARTESIAN_POINT('',(0.573576436351,0.819152044289,3.));
#1409 = CIRCLE('',#1410,8.723877473067E-02);
#1410 = AXIS2_PLACEMENT_3D('',#1411,#1412,#1413);
#1411 = CARTESIAN_POINT('',(0.642787609687,0.766044443119,3.));
#1412 = DIRECTION('',(0.,0.,1.));
#1413 = DIRECTION('',(0.766044443119,-0.642787609687,0.));
#1414 = ORIENTED_EDGE('',*,*,#1415,.F.);
#1415 = EDGE_CURVE('',#1416,#1407,#1418,.T.);
#1416 = VERTEX_POINT('',#1417);
#1417 = CARTESIAN_POINT('',(0.422618261741,0.906307787037,3.));
#1418 = CIRCLE('',#1419,8.723877473067E-02);
#1419 = AXIS2_PLACEMENT_3D('',#1420,#1421,#1422);
#1420 = CARTESIAN_POINT('',(0.5,0.866025403784,3.));
#1421 = DIRECTION('',(0.,0.,1.));
#1422 = DIRECTION('',(0.939692620786,-0.342020143326,0.));
#1423 = ORIENTED_EDGE('',*,*,#1424,.T.);
#1424 = EDGE_CURVE('',#1416,#1017,#1425,.T.);
#1425 = CIRCLE('',#1426,8.723877473067E-02);
#1426 = AXIS2_PLACEMENT_3D('',#1427,#1428,#1429);
#1427 = CARTESIAN_POINT('',(0.342020143326,0.939692620786,3.));
#1428 = DIRECTION('',(0.,0.,1.));
#1429 = DIRECTION('',(0.939692620786,-0.342020143326,0.));
#1430 = ORIENTED_EDGE('',*,*,#1026,.F.);
#1431 = ORIENTED_EDGE('',*,*,#1075,.T.);
#1432 = PLANE('',#1433);
#1433 = AXIS2_PLACEMENT_3D('',#1434,#1435,#1436);
#1434 = CARTESIAN_POINT('',(0.,4.361938736534E-02,3.));
#1435 = DIRECTION('',(0.,0.,1.));
#1436 = DIRECTION('',(1.,0.,-0.));
#1437 = ADVANCED_FACE('',(#1438),#1464,.F.);
#1438 = FACE_BOUND('',#1439,.F.);
#1439 = EDGE_LOOP('',(#1440,#1448,#1449,#1457));
#1440 = ORIENTED_EDGE('',*,*,#1441,.F.);
#1441 = EDGE_CURVE('',#1407,#1442,#1444,.T.);
#1442 = VERTEX_POINT('',#1443);
#1443 = CARTESIAN_POINT('',(0.573576436351,0.819152044289,1.9));
#1444 = LINE('',#1445,#1446);
#1445 = CARTESIAN_POINT('',(0.573576436351,0.819152044289,3.));
#1446 = VECTOR('',#1447,1.);
#1447 = DIRECTION('',(0.,0.,-1.));
#1448 = ORIENTED_EDGE('',*,*,#1415,.F.);
#1449 = ORIENTED_EDGE('',*,*,#1450,.T.);
#1450 = EDGE_CURVE('',#1416,#1451,#1453,.T.);
#1451 = VERTEX_POINT('',#1452);
#1452 = CARTESIAN_POINT('',(0.422618261741,0.906307787037,1.9));
#1453 = LINE('',#1454,#1455);
#1454 = CARTESIAN_POINT('',(0.422618261741,0.906307787037,3.));
#1455 = VECTOR('',#1456,1.);
#1456 = DIRECTION('',(0.,0.,-1.));
#1457 = ORIENTED_EDGE('',*,*,#1458,.T.);
#1458 = EDGE_CURVE('',#1451,#1442,#1459,.T.);
#1459 = CIRCLE('',#1460,8.723877473067E-02);
#1460 = AXIS2_PLACEMENT_3D('',#1461,#1462,#1463);
#1461 = CARTESIAN_POINT('',(0.5,0.866025403784,1.9));
#1462 = DIRECTION('',(0.,0.,1.));
#1463 = DIRECTION('',(1.,0.,-0.));
#1464 = CYLINDRICAL_SURFACE('',#1465,8.723877473067E-02);
#1465 = AXIS2_PLACEMENT_3D('',#1466,#1467,#1468);
#1466 = CARTESIAN_POINT('',(0.5,0.866025403784,3.));
#1467 = DIRECTION('',(0.,0.,-1.));
#1468 = DIRECTION('',(-0.939692620786,0.342020143326,0.));
#1469 = ADVANCED_FACE('',(#1470),#1482,.T.);
#1470 = FACE_BOUND('',#1471,.T.);
#1471 = EDGE_LOOP('',(#1472,#1479,#1480,#1481));
#1472 = ORIENTED_EDGE('',*,*,#1473,.T.);
#1473 = EDGE_CURVE('',#1451,#1019,#1474,.T.);
#1474 = CIRCLE('',#1475,8.723877473067E-02);
#1475 = AXIS2_PLACEMENT_3D('',#1476,#1477,#1478);
#1476 = CARTESIAN_POINT('',(0.342020143326,0.939692620786,1.9));
#1477 = DIRECTION('',(0.,0.,1.));
#1478 = DIRECTION('',(1.,0.,-0.));
#1479 = ORIENTED_EDGE('',*,*,#1016,.F.);
#1480 = ORIENTED_EDGE('',*,*,#1424,.F.);
#1481 = ORIENTED_EDGE('',*,*,#1450,.T.);
#1482 = CYLINDRICAL_SURFACE('',#1483,8.723877473067E-02);
#1483 = AXIS2_PLACEMENT_3D('',#1484,#1485,#1486);
#1484 = CARTESIAN_POINT('',(0.342020143326,0.939692620786,3.));
#1485 = DIRECTION('',(0.,0.,-1.));
#1486 = DIRECTION('',(-0.939692620786,0.342020143326,0.));
#1487 = ADVANCED_FACE('',(#1488),#1514,.F.);
#1488 = FACE_BOUND('',#1489,.F.);
#1489 = EDGE_LOOP('',(#1490,#1498,#1499,#1507));
#1490 = ORIENTED_EDGE('',*,*,#1491,.F.);
#1491 = EDGE_CURVE('',#1389,#1492,#1494,.T.);
#1492 = VERTEX_POINT('',#1493);
#1493 = CARTESIAN_POINT('',(0.819152044289,0.573576436351,1.9));
#1494 = LINE('',#1495,#1496);
#1495 = CARTESIAN_POINT('',(0.819152044289,0.573576436351,3.));
#1496 = VECTOR('',#1497,1.);
#1497 = DIRECTION('',(0.,0.,-1.));
#1498 = ORIENTED_EDGE('',*,*,#1397,.F.);
#1499 = ORIENTED_EDGE('',*,*,#1500,.T.);
#1500 = EDGE_CURVE('',#1398,#1501,#1503,.T.);
#1501 = VERTEX_POINT('',#1502);
#1502 = CARTESIAN_POINT('',(0.707106781187,0.707106781187,1.9));
#1503 = LINE('',#1504,#1505);
#1504 = CARTESIAN_POINT('',(0.707106781187,0.707106781187,3.));
#1505 = VECTOR('',#1506,1.);
#1506 = DIRECTION('',(0.,0.,-1.));
#1507 = ORIENTED_EDGE('',*,*,#1508,.T.);
#1508 = EDGE_CURVE('',#1501,#1492,#1509,.T.);
#1509 = CIRCLE('',#1510,8.723877473067E-02);
#1510 = AXIS2_PLACEMENT_3D('',#1511,#1512,#1513);
#1511 = CARTESIAN_POINT('',(0.766044443119,0.642787609687,1.9));
#1512 = DIRECTION('',(0.,0.,1.));
#1513 = DIRECTION('',(1.,0.,-0.));
#1514 = CYLINDRICAL_SURFACE('',#1515,8.723877473067E-02);
#1515 = AXIS2_PLACEMENT_3D('',#1516,#1517,#1518);
#1516 = CARTESIAN_POINT('',(0.766044443119,0.642787609687,3.));
#1517 = DIRECTION('',(0.,0.,-1.));
#1518 = DIRECTION('',(-0.766044443119,0.642787609687,0.));
#1519 = ADVANCED_FACE('',(#1520),#1532,.T.);
#1520 = FACE_BOUND('',#1521,.T.);
#1521 = EDGE_LOOP('',(#1522,#1529,#1530,#1531));
#1522 = ORIENTED_EDGE('',*,*,#1523,.T.);
#1523 = EDGE_CURVE('',#1501,#1442,#1524,.T.);
#1524 = CIRCLE('',#1525,8.723877473067E-02);
#1525 = AXIS2_PLACEMENT_3D('',#1526,#1527,#1528);
#1526 = CARTESIAN_POINT('',(0.642787609687,0.766044443119,1.9));
#1527 = DIRECTION('',(0.,0.,1.));
#1528 = DIRECTION('',(1.,0.,-0.));
#1529 = ORIENTED_EDGE('',*,*,#1441,.F.);
#1530 = ORIENTED_EDGE('',*,*,#1406,.F.);
#1531 = ORIENTED_EDGE('',*,*,#1500,.T.);
#1532 = CYLINDRICAL_SURFACE('',#1533,8.723877473067E-02);
#1533 = AXIS2_PLACEMENT_3D('',#1534,#1535,#1536);
#1534 = CARTESIAN_POINT('',(0.642787609687,0.766044443119,3.));
#1535 = DIRECTION('',(0.,0.,-1.));
#1536 = DIRECTION('',(-0.766044443119,0.642787609687,0.));
#1537 = ADVANCED_FACE('',(#1538),#1564,.F.);
#1538 = FACE_BOUND('',#1539,.F.);
#1539 = EDGE_LOOP('',(#1540,#1548,#1549,#1557));
#1540 = ORIENTED_EDGE('',*,*,#1541,.F.);
#1541 = EDGE_CURVE('',#1371,#1542,#1544,.T.);
#1542 = VERTEX_POINT('',#1543);
#1543 = CARTESIAN_POINT('',(0.965925826289,0.258819045103,1.9));
#1544 = LINE('',#1545,#1546);
#1545 = CARTESIAN_POINT('',(0.965925826289,0.258819045103,3.));
#1546 = VECTOR('',#1547,1.);
#1547 = DIRECTION('',(0.,0.,-1.));
#1548 = ORIENTED_EDGE('',*,*,#1379,.F.);
#1549 = ORIENTED_EDGE('',*,*,#1550,.T.);
#1550 = EDGE_CURVE('',#1380,#1551,#1553,.T.);
#1551 = VERTEX_POINT('',#1552);
#1552 = CARTESIAN_POINT('',(0.906307787037,0.422618261741,1.9));
#1553 = LINE('',#1554,#1555);
#1554 = CARTESIAN_POINT('',(0.906307787037,0.422618261741,3.));
#1555 = VECTOR('',#1556,1.);
#1556 = DIRECTION('',(0.,0.,-1.));
#1557 = ORIENTED_EDGE('',*,*,#1558,.T.);
#1558 = EDGE_CURVE('',#1551,#1542,#1559,.T.);
#1559 = CIRCLE('',#1560,8.723877473067E-02);
#1560 = AXIS2_PLACEMENT_3D('',#1561,#1562,#1563);
#1561 = CARTESIAN_POINT('',(0.939692620786,0.342020143326,1.9));
#1562 = DIRECTION('',(0.,0.,1.));
#1563 = DIRECTION('',(1.,0.,-0.));
#1564 = CYLINDRICAL_SURFACE('',#1565,8.723877473067E-02);
#1565 = AXIS2_PLACEMENT_3D('',#1566,#1567,#1568);
#1566 = CARTESIAN_POINT('',(0.939692620786,0.342020143326,3.));
#1567 = DIRECTION('',(0.,0.,-1.));
#1568 = DIRECTION('',(-0.5,0.866025403784,0.));
#1569 = ADVANCED_FACE('',(#1570),#1582,.T.);
#1570 = FACE_BOUND('',#1571,.T.);
#1571 = EDGE_LOOP('',(#1572,#1579,#1580,#1581));
#1572 = ORIENTED_EDGE('',*,*,#1573,.T.);
#1573 = EDGE_CURVE('',#1551,#1492,#1574,.T.);
#1574 = CIRCLE('',#1575,8.723877473067E-02);
#1575 = AXIS2_PLACEMENT_3D('',#1576,#1577,#1578);
#1576 = CARTESIAN_POINT('',(0.866025403784,0.5,1.9));
#1577 = DIRECTION('',(0.,0.,1.));
#1578 = DIRECTION('',(1.,0.,-0.));
#1579 = ORIENTED_EDGE('',*,*,#1491,.F.);
#1580 = ORIENTED_EDGE('',*,*,#1388,.F.);
#1581 = ORIENTED_EDGE('',*,*,#1550,.T.);
#1582 = CYLINDRICAL_SURFACE('',#1583,8.723877473067E-02);
#1583 = AXIS2_PLACEMENT_3D('',#1584,#1585,#1586);
#1584 = CARTESIAN_POINT('',(0.866025403784,0.5,3.));
#1585 = DIRECTION('',(0.,0.,-1.));
#1586 = DIRECTION('',(-0.5,0.866025403784,0.));
#1587 = ADVANCED_FACE('',(#1588),#1614,.F.);
#1588 = FACE_BOUND('',#1589,.F.);
#1589 = EDGE_LOOP('',(#1590,#1598,#1599,#1607));
#1590 = ORIENTED_EDGE('',*,*,#1591,.F.);
#1591 = EDGE_CURVE('',#1353,#1592,#1594,.T.);
#1592 = VERTEX_POINT('',#1593);
#1593 = CARTESIAN_POINT('',(0.996194698092,-8.715574274766E-02,1.9));
#1594 = LINE('',#1595,#1596);
#1595 = CARTESIAN_POINT('',(0.996194698092,-8.715574274766E-02,3.));
#1596 = VECTOR('',#1597,1.);
#1597 = DIRECTION('',(0.,0.,-1.));
#1598 = ORIENTED_EDGE('',*,*,#1361,.F.);
#1599 = ORIENTED_EDGE('',*,*,#1600,.T.);
#1600 = EDGE_CURVE('',#1362,#1601,#1603,.T.);
#1601 = VERTEX_POINT('',#1602);
#1602 = CARTESIAN_POINT('',(0.996194698092,8.715574274766E-02,1.9));
#1603 = LINE('',#1604,#1605);
#1604 = CARTESIAN_POINT('',(0.996194698092,8.715574274766E-02,3.));
#1605 = VECTOR('',#1606,1.);
#1606 = DIRECTION('',(0.,0.,-1.));
#1607 = ORIENTED_EDGE('',*,*,#1608,.T.);
#1608 = EDGE_CURVE('',#1601,#1592,#1609,.T.);
#1609 = CIRCLE('',#1610,8.723877473067E-02);
#1610 = AXIS2_PLACEMENT_3D('',#1611,#1612,#1613);
#1611 = CARTESIAN_POINT('',(1.,4.607859233063E-16,1.9));
#1612 = DIRECTION('',(0.,0.,1.));
#1613 = DIRECTION('',(1.,0.,-0.));
#1614 = CYLINDRICAL_SURFACE('',#1615,8.723877473067E-02);
#1615 = AXIS2_PLACEMENT_3D('',#1616,#1617,#1618);
#1616 = CARTESIAN_POINT('',(1.,4.607859233063E-16,3.));
#1617 = DIRECTION('',(0.,0.,-1.));
#1618 = DIRECTION('',(-0.173648177667,0.984807753012,0.));
#1619 = ADVANCED_FACE('',(#1620),#1632,.T.);
#1620 = FACE_BOUND('',#1621,.T.);
#1621 = EDGE_LOOP('',(#1622,#1629,#1630,#1631));
#1622 = ORIENTED_EDGE('',*,*,#1623,.T.);
#1623 = EDGE_CURVE('',#1601,#1542,#1624,.T.);
#1624 = CIRCLE('',#1625,8.723877473067E-02);
#1625 = AXIS2_PLACEMENT_3D('',#1626,#1627,#1628);
#1626 = CARTESIAN_POINT('',(0.984807753012,0.173648177667,1.9));
#1627 = DIRECTION('',(0.,0.,1.));
#1628 = DIRECTION('',(1.,0.,-0.));
#1629 = ORIENTED_EDGE('',*,*,#1541,.F.);
#1630 = ORIENTED_EDGE('',*,*,#1370,.F.);
#1631 = ORIENTED_EDGE('',*,*,#1600,.T.);
#1632 = CYLINDRICAL_SURFACE('',#1633,8.723877473067E-02);
#1633 = AXIS2_PLACEMENT_3D('',#1634,#1635,#1636);
#1634 = CARTESIAN_POINT('',(0.984807753012,0.173648177667,3.));
#1635 = DIRECTION('',(0.,0.,-1.));
#1636 = DIRECTION('',(-0.173648177667,0.984807753012,0.));
#1637 = ADVANCED_FACE('',(#1638),#1664,.F.);
#1638 = FACE_BOUND('',#1639,.F.);
#1639 = EDGE_LOOP('',(#1640,#1648,#1649,#1657));
#1640 = ORIENTED_EDGE('',*,*,#1641,.F.);
#1641 = EDGE_CURVE('',#1335,#1642,#1644,.T.);
#1642 = VERTEX_POINT('',#1643);
#1643 = CARTESIAN_POINT('',(0.906307787037,-0.422618261741,1.9));
#1644 = LINE('',#1645,#1646);
#1645 = CARTESIAN_POINT('',(0.906307787037,-0.422618261741,3.));
#1646 = VECTOR('',#1647,1.);
#1647 = DIRECTION('',(0.,0.,-1.));
#1648 = ORIENTED_EDGE('',*,*,#1343,.F.);
#1649 = ORIENTED_EDGE('',*,*,#1650,.T.);
#1650 = EDGE_CURVE('',#1344,#1651,#1653,.T.);
#1651 = VERTEX_POINT('',#1652);
#1652 = CARTESIAN_POINT('',(0.965925826289,-0.258819045103,1.9));
#1653 = LINE('',#1654,#1655);
#1654 = CARTESIAN_POINT('',(0.965925826289,-0.258819045103,3.));
#1655 = VECTOR('',#1656,1.);
#1656 = DIRECTION('',(0.,0.,-1.));
#1657 = ORIENTED_EDGE('',*,*,#1658,.T.);
#1658 = EDGE_CURVE('',#1651,#1642,#1659,.T.);
#1659 = CIRCLE('',#1660,8.723877473067E-02);
#1660 = AXIS2_PLACEMENT_3D('',#1661,#1662,#1663);
#1661 = CARTESIAN_POINT('',(0.939692620786,-0.342020143326,1.9));
#1662 = DIRECTION('',(0.,0.,1.));
#1663 = DIRECTION('',(1.,0.,-0.));
#1664 = CYLINDRICAL_SURFACE('',#1665,8.723877473067E-02);
#1665 = AXIS2_PLACEMENT_3D('',#1666,#1667,#1668);
#1666 = CARTESIAN_POINT('',(0.939692620786,-0.342020143326,3.));
#1667 = DIRECTION('',(0.,0.,-1.));
#1668 = DIRECTION('',(0.173648177667,0.984807753012,0.));
#1669 = ADVANCED_FACE('',(#1670),#1682,.T.);
#1670 = FACE_BOUND('',#1671,.T.);
#1671 = EDGE_LOOP('',(#1672,#1679,#1680,#1681));
#1672 = ORIENTED_EDGE('',*,*,#1673,.T.);
#1673 = EDGE_CURVE('',#1651,#1592,#1674,.T.);
#1674 = CIRCLE('',#1675,8.723877473067E-02);
#1675 = AXIS2_PLACEMENT_3D('',#1676,#1677,#1678);
#1676 = CARTESIAN_POINT('',(0.984807753012,-0.173648177667,1.9));
#1677 = DIRECTION('',(0.,0.,1.));
#1678 = DIRECTION('',(1.,0.,-0.));
#1679 = ORIENTED_EDGE('',*,*,#1591,.F.);
#1680 = ORIENTED_EDGE('',*,*,#1352,.F.);
#1681 = ORIENTED_EDGE('',*,*,#1650,.T.);
#1682 = CYLINDRICAL_SURFACE('',#1683,8.723877473067E-02);
#1683 = AXIS2_PLACEMENT_3D('',#1684,#1685,#1686);
#1684 = CARTESIAN_POINT('',(0.984807753012,-0.173648177667,3.));
#1685 = DIRECTION('',(0.,0.,-1.));
#1686 = DIRECTION('',(0.173648177667,0.984807753012,0.));
#1687 = ADVANCED_FACE('',(#1688),#1714,.F.);
#1688 = FACE_BOUND('',#1689,.F.);
#1689 = EDGE_LOOP('',(#1690,#1698,#1699,#1707));
#1690 = ORIENTED_EDGE('',*,*,#1691,.F.);
#1691 = EDGE_CURVE('',#1317,#1692,#1694,.T.);
#1692 = VERTEX_POINT('',#1693);
#1693 = CARTESIAN_POINT('',(0.707106781187,-0.707106781187,1.9));
#1694 = LINE('',#1695,#1696);
#1695 = CARTESIAN_POINT('',(0.707106781187,-0.707106781187,3.));
#1696 = VECTOR('',#1697,1.);
#1697 = DIRECTION('',(0.,0.,-1.));
#1698 = ORIENTED_EDGE('',*,*,#1325,.F.);
#1699 = ORIENTED_EDGE('',*,*,#1700,.T.);
#1700 = EDGE_CURVE('',#1326,#1701,#1703,.T.);
#1701 = VERTEX_POINT('',#1702);
#1702 = CARTESIAN_POINT('',(0.819152044289,-0.573576436351,1.9));
#1703 = LINE('',#1704,#1705);
#1704 = CARTESIAN_POINT('',(0.819152044289,-0.573576436351,3.));
#1705 = VECTOR('',#1706,1.);
#1706 = DIRECTION('',(0.,0.,-1.));
#1707 = ORIENTED_EDGE('',*,*,#1708,.T.);
#1708 = EDGE_CURVE('',#1701,#1692,#1709,.T.);
#1709 = CIRCLE('',#1710,8.723877473067E-02);
#1710 = AXIS2_PLACEMENT_3D('',#1711,#1712,#1713);
#1711 = CARTESIAN_POINT('',(0.766044443119,-0.642787609687,1.9));
#1712 = DIRECTION('',(0.,0.,1.));
#1713 = DIRECTION('',(1.,0.,-0.));
#1714 = CYLINDRICAL_SURFACE('',#1715,8.723877473067E-02);
#1715 = AXIS2_PLACEMENT_3D('',#1716,#1717,#1718);
#1716 = CARTESIAN_POINT('',(0.766044443119,-0.642787609687,3.));
#1717 = DIRECTION('',(0.,0.,-1.));
#1718 = DIRECTION('',(0.5,0.866025403784,0.));
#1719 = ADVANCED_FACE('',(#1720),#1732,.T.);
#1720 = FACE_BOUND('',#1721,.T.);
#1721 = EDGE_LOOP('',(#1722,#1729,#1730,#1731));
#1722 = ORIENTED_EDGE('',*,*,#1723,.T.);
#1723 = EDGE_CURVE('',#1701,#1642,#1724,.T.);
#1724 = CIRCLE('',#1725,8.723877473067E-02);
#1725 = AXIS2_PLACEMENT_3D('',#1726,#1727,#1728);
#1726 = CARTESIAN_POINT('',(0.866025403784,-0.5,1.9));
#1727 = DIRECTION('',(0.,0.,1.));
#1728 = DIRECTION('',(1.,0.,-0.));
#1729 = ORIENTED_EDGE('',*,*,#1641,.F.);
#1730 = ORIENTED_EDGE('',*,*,#1334,.F.);
#1731 = ORIENTED_EDGE('',*,*,#1700,.T.);
#1732 = CYLINDRICAL_SURFACE('',#1733,8.723877473067E-02);
#1733 = AXIS2_PLACEMENT_3D('',#1734,#1735,#1736);
#1734 = CARTESIAN_POINT('',(0.866025403784,-0.5,3.));
#1735 = DIRECTION('',(0.,0.,-1.));
#1736 = DIRECTION('',(0.5,0.866025403784,0.));
#1737 = ADVANCED_FACE('',(#1738),#1764,.F.);
#1738 = FACE_BOUND('',#1739,.F.);
#1739 = EDGE_LOOP('',(#1740,#1748,#1749,#1757));
#1740 = ORIENTED_EDGE('',*,*,#1741,.F.);
#1741 = EDGE_CURVE('',#1299,#1742,#1744,.T.);
#1742 = VERTEX_POINT('',#1743);
#1743 = CARTESIAN_POINT('',(0.422618261741,-0.906307787037,1.9));
#1744 = LINE('',#1745,#1746);
#1745 = CARTESIAN_POINT('',(0.422618261741,-0.906307787037,3.));
#1746 = VECTOR('',#1747,1.);
#1747 = DIRECTION('',(0.,0.,-1.));
#1748 = ORIENTED_EDGE('',*,*,#1307,.F.);
#1749 = ORIENTED_EDGE('',*,*,#1750,.T.);
#1750 = EDGE_CURVE('',#1308,#1751,#1753,.T.);
#1751 = VERTEX_POINT('',#1752);
#1752 = CARTESIAN_POINT('',(0.573576436351,-0.819152044289,1.9));
#1753 = LINE('',#1754,#1755);
#1754 = CARTESIAN_POINT('',(0.573576436351,-0.819152044289,3.));
#1755 = VECTOR('',#1756,1.);
#1756 = DIRECTION('',(0.,0.,-1.));
#1757 = ORIENTED_EDGE('',*,*,#1758,.T.);
#1758 = EDGE_CURVE('',#1751,#1742,#1759,.T.);
#1759 = CIRCLE('',#1760,8.723877473067E-02);
#1760 = AXIS2_PLACEMENT_3D('',#1761,#1762,#1763);
#1761 = CARTESIAN_POINT('',(0.5,-0.866025403784,1.9));
#1762 = DIRECTION('',(0.,0.,1.));
#1763 = DIRECTION('',(1.,0.,-0.));
#1764 = CYLINDRICAL_SURFACE('',#1765,8.723877473067E-02);
#1765 = AXIS2_PLACEMENT_3D('',#1766,#1767,#1768);
#1766 = CARTESIAN_POINT('',(0.5,-0.866025403784,3.));
#1767 = DIRECTION('',(0.,0.,-1.));
#1768 = DIRECTION('',(0.766044443119,0.642787609687,0.));
#1769 = ADVANCED_FACE('',(#1770),#1782,.T.);
#1770 = FACE_BOUND('',#1771,.T.);
#1771 = EDGE_LOOP('',(#1772,#1779,#1780,#1781));
#1772 = ORIENTED_EDGE('',*,*,#1773,.T.);
#1773 = EDGE_CURVE('',#1751,#1692,#1774,.T.);
#1774 = CIRCLE('',#1775,8.723877473067E-02);
#1775 = AXIS2_PLACEMENT_3D('',#1776,#1777,#1778);
#1776 = CARTESIAN_POINT('',(0.642787609687,-0.766044443119,1.9));
#1777 = DIRECTION('',(0.,0.,1.));
#1778 = DIRECTION('',(1.,0.,-0.));
#1779 = ORIENTED_EDGE('',*,*,#1691,.F.);
#1780 = ORIENTED_EDGE('',*,*,#1316,.F.);
#1781 = ORIENTED_EDGE('',*,*,#1750,.T.);
#1782 = CYLINDRICAL_SURFACE('',#1783,8.723877473067E-02);
#1783 = AXIS2_PLACEMENT_3D('',#1784,#1785,#1786);
#1784 = CARTESIAN_POINT('',(0.642787609687,-0.766044443119,3.));
#1785 = DIRECTION('',(0.,0.,-1.));
#1786 = DIRECTION('',(0.766044443119,0.642787609687,0.));
#1787 = ADVANCED_FACE('',(#1788),#1814,.F.);
#1788 = FACE_BOUND('',#1789,.F.);
#1789 = EDGE_LOOP('',(#1790,#1798,#1799,#1807));
#1790 = ORIENTED_EDGE('',*,*,#1791,.F.);
#1791 = EDGE_CURVE('',#1281,#1792,#1794,.T.);
#1792 = VERTEX_POINT('',#1793);
#1793 = CARTESIAN_POINT('',(8.715574274766E-02,-0.996194698092,1.9));
#1794 = LINE('',#1795,#1796);
#1795 = CARTESIAN_POINT('',(8.715574274766E-02,-0.996194698092,3.));
#1796 = VECTOR('',#1797,1.);
#1797 = DIRECTION('',(0.,0.,-1.));
#1798 = ORIENTED_EDGE('',*,*,#1289,.F.);
#1799 = ORIENTED_EDGE('',*,*,#1800,.T.);
#1800 = EDGE_CURVE('',#1290,#1801,#1803,.T.);
#1801 = VERTEX_POINT('',#1802);
#1802 = CARTESIAN_POINT('',(0.258819045103,-0.965925826289,1.9));
#1803 = LINE('',#1804,#1805);
#1804 = CARTESIAN_POINT('',(0.258819045103,-0.965925826289,3.));
#1805 = VECTOR('',#1806,1.);
#1806 = DIRECTION('',(0.,0.,-1.));
#1807 = ORIENTED_EDGE('',*,*,#1808,.T.);
#1808 = EDGE_CURVE('',#1801,#1792,#1809,.T.);
#1809 = CIRCLE('',#1810,8.723877473067E-02);
#1810 = AXIS2_PLACEMENT_3D('',#1811,#1812,#1813);
#1811 = CARTESIAN_POINT('',(0.173648177667,-0.984807753012,1.9));
#1812 = DIRECTION('',(0.,0.,1.));
#1813 = DIRECTION('',(1.,0.,-0.));
#1814 = CYLINDRICAL_SURFACE('',#1815,8.723877473067E-02);
#1815 = AXIS2_PLACEMENT_3D('',#1816,#1817,#1818);
#1816 = CARTESIAN_POINT('',(0.173648177667,-0.984807753012,3.));
#1817 = DIRECTION('',(0.,0.,-1.));
#1818 = DIRECTION('',(0.939692620786,0.342020143326,0.));
#1819 = ADVANCED_FACE('',(#1820),#1832,.T.);
#1820 = FACE_BOUND('',#1821,.T.);
#1821 = EDGE_LOOP('',(#1822,#1829,#1830,#1831));
#1822 = ORIENTED_EDGE('',*,*,#1823,.T.);
#1823 = EDGE_CURVE('',#1801,#1742,#1824,.T.);
#1824 = CIRCLE('',#1825,8.723877473067E-02);
#1825 = AXIS2_PLACEMENT_3D('',#1826,#1827,#1828);
#1826 = CARTESIAN_POINT('',(0.342020143326,-0.939692620786,1.9));
#1827 = DIRECTION('',(0.,0.,1.));
#1828 = DIRECTION('',(1.,0.,-0.));
#1829 = ORIENTED_EDGE('',*,*,#1741,.F.);
#1830 = ORIENTED_EDGE('',*,*,#1298,.F.);
#1831 = ORIENTED_EDGE('',*,*,#1800,.T.);
#1832 = CYLINDRICAL_SURFACE('',#1833,8.723877473067E-02);
#1833 = AXIS2_PLACEMENT_3D('',#1834,#1835,#1836);
#1834 = CARTESIAN_POINT('',(0.342020143326,-0.939692620786,3.));
#1835 = DIRECTION('',(0.,0.,-1.));
#1836 = DIRECTION('',(0.939692620786,0.342020143326,0.));
#1837 = ADVANCED_FACE('',(#1838),#1864,.F.);
#1838 = FACE_BOUND('',#1839,.F.);
#1839 = EDGE_LOOP('',(#1840,#1848,#1849,#1857));
#1840 = ORIENTED_EDGE('',*,*,#1841,.F.);
#1841 = EDGE_CURVE('',#1263,#1842,#1844,.T.);
#1842 = VERTEX_POINT('',#1843);
#1843 = CARTESIAN_POINT('',(-0.258819045103,-0.965925826289,1.9));
#1844 = LINE('',#1845,#1846);
#1845 = CARTESIAN_POINT('',(-0.258819045103,-0.965925826289,3.));
#1846 = VECTOR('',#1847,1.);
#1847 = DIRECTION('',(0.,0.,-1.));
#1848 = ORIENTED_EDGE('',*,*,#1271,.F.);
#1849 = ORIENTED_EDGE('',*,*,#1850,.T.);
#1850 = EDGE_CURVE('',#1272,#1851,#1853,.T.);
#1851 = VERTEX_POINT('',#1852);
#1852 = CARTESIAN_POINT('',(-8.715574274766E-02,-0.996194698092,1.9));
#1853 = LINE('',#1854,#1855);
#1854 = CARTESIAN_POINT('',(-8.715574274766E-02,-0.996194698092,3.));
#1855 = VECTOR('',#1856,1.);
#1856 = DIRECTION('',(0.,0.,-1.));
#1857 = ORIENTED_EDGE('',*,*,#1858,.T.);
#1858 = EDGE_CURVE('',#1851,#1842,#1859,.T.);
#1859 = CIRCLE('',#1860,8.723877473067E-02);
#1860 = AXIS2_PLACEMENT_3D('',#1861,#1862,#1863);
#1861 = CARTESIAN_POINT('',(-0.173648177667,-0.984807753012,1.9));
#1862 = DIRECTION('',(0.,0.,1.));
#1863 = DIRECTION('',(1.,0.,-0.));
#1864 = CYLINDRICAL_SURFACE('',#1865,8.723877473067E-02);
#1865 = AXIS2_PLACEMENT_3D('',#1866,#1867,#1868);
#1866 = CARTESIAN_POINT('',(-0.173648177667,-0.984807753012,3.));
#1867 = DIRECTION('',(0.,0.,-1.));
#1868 = DIRECTION('',(1.,1.224646799147E-16,0.));
#1869 = ADVANCED_FACE('',(#1870),#1882,.T.);
#1870 = FACE_BOUND('',#1871,.T.);
#1871 = EDGE_LOOP('',(#1872,#1879,#1880,#1881));
#1872 = ORIENTED_EDGE('',*,*,#1873,.T.);
#1873 = EDGE_CURVE('',#1851,#1792,#1874,.T.);
#1874 = CIRCLE('',#1875,8.723877473067E-02);
#1875 = AXIS2_PLACEMENT_3D('',#1876,#1877,#1878);
#1876 = CARTESIAN_POINT('',(2.186001404625E-18,-1.,1.9));
#1877 = DIRECTION('',(0.,0.,1.));
#1878 = DIRECTION('',(1.,0.,-0.));
#1879 = ORIENTED_EDGE('',*,*,#1791,.F.);
#1880 = ORIENTED_EDGE('',*,*,#1280,.F.);
#1881 = ORIENTED_EDGE('',*,*,#1850,.T.);
#1882 = CYLINDRICAL_SURFACE('',#1883,8.723877473067E-02);
#1883 = AXIS2_PLACEMENT_3D('',#1884,#1885,#1886);
#1884 = CARTESIAN_POINT('',(2.186001404625E-18,-1.,3.));
#1885 = DIRECTION('',(0.,0.,-1.));
#1886 = DIRECTION('',(1.,1.224646799147E-16,0.));
#1887 = ADVANCED_FACE('',(#1888),#1914,.F.);
#1888 = FACE_BOUND('',#1889,.F.);
#1889 = EDGE_LOOP('',(#1890,#1898,#1899,#1907));
#1890 = ORIENTED_EDGE('',*,*,#1891,.F.);
#1891 = EDGE_CURVE('',#1245,#1892,#1894,.T.);
#1892 = VERTEX_POINT('',#1893);
#1893 = CARTESIAN_POINT('',(-0.573576436351,-0.819152044289,1.9));
#1894 = LINE('',#1895,#1896);
#1895 = CARTESIAN_POINT('',(-0.573576436351,-0.819152044289,3.));
#1896 = VECTOR('',#1897,1.);
#1897 = DIRECTION('',(0.,0.,-1.));
#1898 = ORIENTED_EDGE('',*,*,#1253,.F.);
#1899 = ORIENTED_EDGE('',*,*,#1900,.T.);
#1900 = EDGE_CURVE('',#1254,#1901,#1903,.T.);
#1901 = VERTEX_POINT('',#1902);
#1902 = CARTESIAN_POINT('',(-0.422618261741,-0.906307787037,1.9));
#1903 = LINE('',#1904,#1905);
#1904 = CARTESIAN_POINT('',(-0.422618261741,-0.906307787037,3.));
#1905 = VECTOR('',#1906,1.);
#1906 = DIRECTION('',(0.,0.,-1.));
#1907 = ORIENTED_EDGE('',*,*,#1908,.T.);
#1908 = EDGE_CURVE('',#1901,#1892,#1909,.T.);
#1909 = CIRCLE('',#1910,8.723877473067E-02);
#1910 = AXIS2_PLACEMENT_3D('',#1911,#1912,#1913);
#1911 = CARTESIAN_POINT('',(-0.5,-0.866025403784,1.9));
#1912 = DIRECTION('',(0.,0.,1.));
#1913 = DIRECTION('',(1.,0.,-0.));
#1914 = CYLINDRICAL_SURFACE('',#1915,8.723877473067E-02);
#1915 = AXIS2_PLACEMENT_3D('',#1916,#1917,#1918);
#1916 = CARTESIAN_POINT('',(-0.5,-0.866025403784,3.));
#1917 = DIRECTION('',(0.,0.,-1.));
#1918 = DIRECTION('',(0.939692620786,-0.342020143326,0.));
#1919 = ADVANCED_FACE('',(#1920),#1932,.T.);
#1920 = FACE_BOUND('',#1921,.T.);
#1921 = EDGE_LOOP('',(#1922,#1929,#1930,#1931));
#1922 = ORIENTED_EDGE('',*,*,#1923,.T.);
#1923 = EDGE_CURVE('',#1901,#1842,#1924,.T.);
#1924 = CIRCLE('',#1925,8.723877473067E-02);
#1925 = AXIS2_PLACEMENT_3D('',#1926,#1927,#1928);
#1926 = CARTESIAN_POINT('',(-0.342020143326,-0.939692620786,1.9));
#1927 = DIRECTION('',(0.,0.,1.));
#1928 = DIRECTION('',(1.,0.,-0.));
#1929 = ORIENTED_EDGE('',*,*,#1841,.F.);
#1930 = ORIENTED_EDGE('',*,*,#1262,.F.);
#1931 = ORIENTED_EDGE('',*,*,#1900,.T.);
#1932 = CYLINDRICAL_SURFACE('',#1933,8.723877473067E-02);
#1933 = AXIS2_PLACEMENT_3D('',#1934,#1935,#1936);
#1934 = CARTESIAN_POINT('',(-0.342020143326,-0.939692620786,3.));
#1935 = DIRECTION('',(0.,0.,-1.));
#1936 = DIRECTION('',(0.939692620786,-0.342020143326,0.));
#1937 = ADVANCED_FACE('',(#1938),#1964,.F.);
#1938 = FACE_BOUND('',#1939,.F.);
#1939 = EDGE_LOOP('',(#1940,#1948,#1949,#1957));
#1940 = ORIENTED_EDGE('',*,*,#1941,.F.);
#1941 = EDGE_CURVE('',#1227,#1942,#1944,.T.);
#1942 = VERTEX_POINT('',#1943);
#1943 = CARTESIAN_POINT('',(-0.819152044289,-0.573576436351,1.9));
#1944 = LINE('',#1945,#1946);
#1945 = CARTESIAN_POINT('',(-0.819152044289,-0.573576436351,3.));
#1946 = VECTOR('',#1947,1.);
#1947 = DIRECTION('',(0.,0.,-1.));
#1948 = ORIENTED_EDGE('',*,*,#1235,.F.);
#1949 = ORIENTED_EDGE('',*,*,#1950,.T.);
#1950 = EDGE_CURVE('',#1236,#1951,#1953,.T.);
#1951 = VERTEX_POINT('',#1952);
#1952 = CARTESIAN_POINT('',(-0.707106781187,-0.707106781187,1.9));
#1953 = LINE('',#1954,#1955);
#1954 = CARTESIAN_POINT('',(-0.707106781187,-0.707106781187,3.));
#1955 = VECTOR('',#1956,1.);
#1956 = DIRECTION('',(0.,0.,-1.));
#1957 = ORIENTED_EDGE('',*,*,#1958,.T.);
#1958 = EDGE_CURVE('',#1951,#1942,#1959,.T.);
#1959 = CIRCLE('',#1960,8.723877473067E-02);
#1960 = AXIS2_PLACEMENT_3D('',#1961,#1962,#1963);
#1961 = CARTESIAN_POINT('',(-0.766044443119,-0.642787609687,1.9));
#1962 = DIRECTION('',(0.,0.,1.));
#1963 = DIRECTION('',(1.,0.,-0.));
#1964 = CYLINDRICAL_SURFACE('',#1965,8.723877473067E-02);
#1965 = AXIS2_PLACEMENT_3D('',#1966,#1967,#1968);
#1966 = CARTESIAN_POINT('',(-0.766044443119,-0.642787609687,3.));
#1967 = DIRECTION('',(0.,0.,-1.));
#1968 = DIRECTION('',(0.766044443119,-0.642787609687,0.));
#1969 = ADVANCED_FACE('',(#1970),#1982,.T.);
#1970 = FACE_BOUND('',#1971,.T.);
#1971 = EDGE_LOOP('',(#1972,#1979,#1980,#1981));
#1972 = ORIENTED_EDGE('',*,*,#1973,.T.);
#1973 = EDGE_CURVE('',#1951,#1892,#1974,.T.);
#1974 = CIRCLE('',#1975,8.723877473067E-02);
#1975 = AXIS2_PLACEMENT_3D('',#1976,#1977,#1978);
#1976 = CARTESIAN_POINT('',(-0.642787609687,-0.766044443119,1.9));
#1977 = DIRECTION('',(0.,0.,1.));
#1978 = DIRECTION('',(1.,0.,-0.));
#1979 = ORIENTED_EDGE('',*,*,#1891,.F.);
#1980 = ORIENTED_EDGE('',*,*,#1244,.F.);
#1981 = ORIENTED_EDGE('',*,*,#1950,.T.);
#1982 = CYLINDRICAL_SURFACE('',#1983,8.723877473067E-02);
#1983 = AXIS2_PLACEMENT_3D('',#1984,#1985,#1986);
#1984 = CARTESIAN_POINT('',(-0.642787609687,-0.766044443119,3.));
#1985 = DIRECTION('',(0.,0.,-1.));
#1986 = DIRECTION('',(0.766044443119,-0.642787609687,0.));
#1987 = ADVANCED_FACE('',(#1988),#2014,.F.);
#1988 = FACE_BOUND('',#1989,.F.);
#1989 = EDGE_LOOP('',(#1990,#1998,#1999,#2007));
#1990 = ORIENTED_EDGE('',*,*,#1991,.F.);
#1991 = EDGE_CURVE('',#1209,#1992,#1994,.T.);
#1992 = VERTEX_POINT('',#1993);
#1993 = CARTESIAN_POINT('',(-0.965925826289,-0.258819045103,1.9));
#1994 = LINE('',#1995,#1996);
#1995 = CARTESIAN_POINT('',(-0.965925826289,-0.258819045103,3.));
#1996 = VECTOR('',#1997,1.);
#1997 = DIRECTION('',(0.,0.,-1.));
#1998 = ORIENTED_EDGE('',*,*,#1217,.F.);
#1999 = ORIENTED_EDGE('',*,*,#2000,.T.);
#2000 = EDGE_CURVE('',#1218,#2001,#2003,.T.);
#2001 = VERTEX_POINT('',#2002);
#2002 = CARTESIAN_POINT('',(-0.906307787037,-0.422618261741,1.9));
#2003 = LINE('',#2004,#2005);
#2004 = CARTESIAN_POINT('',(-0.906307787037,-0.422618261741,3.));
#2005 = VECTOR('',#2006,1.);
#2006 = DIRECTION('',(0.,0.,-1.));
#2007 = ORIENTED_EDGE('',*,*,#2008,.T.);
#2008 = EDGE_CURVE('',#2001,#1992,#2009,.T.);
#2009 = CIRCLE('',#2010,8.723877473067E-02);
#2010 = AXIS2_PLACEMENT_3D('',#2011,#2012,#2013);
#2011 = CARTESIAN_POINT('',(-0.939692620786,-0.342020143326,1.9));
#2012 = DIRECTION('',(0.,0.,1.));
#2013 = DIRECTION('',(1.,0.,-0.));
#2014 = CYLINDRICAL_SURFACE('',#2015,8.723877473067E-02);
#2015 = AXIS2_PLACEMENT_3D('',#2016,#2017,#2018);
#2016 = CARTESIAN_POINT('',(-0.939692620786,-0.342020143326,3.));
#2017 = DIRECTION('',(0.,0.,-1.));
#2018 = DIRECTION('',(0.5,-0.866025403784,0.));
#2019 = ADVANCED_FACE('',(#2020),#2032,.T.);
#2020 = FACE_BOUND('',#2021,.T.);
#2021 = EDGE_LOOP('',(#2022,#2029,#2030,#2031));
#2022 = ORIENTED_EDGE('',*,*,#2023,.T.);
#2023 = EDGE_CURVE('',#2001,#1942,#2024,.T.);
#2024 = CIRCLE('',#2025,8.723877473067E-02);
#2025 = AXIS2_PLACEMENT_3D('',#2026,#2027,#2028);
#2026 = CARTESIAN_POINT('',(-0.866025403784,-0.5,1.9));
#2027 = DIRECTION('',(0.,0.,1.));
#2028 = DIRECTION('',(1.,0.,-0.));
#2029 = ORIENTED_EDGE('',*,*,#1941,.F.);
#2030 = ORIENTED_EDGE('',*,*,#1226,.F.);
#2031 = ORIENTED_EDGE('',*,*,#2000,.T.);
#2032 = CYLINDRICAL_SURFACE('',#2033,8.723877473067E-02);
#2033 = AXIS2_PLACEMENT_3D('',#2034,#2035,#2036);
#2034 = CARTESIAN_POINT('',(-0.866025403784,-0.5,3.));
#2035 = DIRECTION('',(0.,0.,-1.));
#2036 = DIRECTION('',(0.5,-0.866025403784,0.));
#2037 = ADVANCED_FACE('',(#2038),#2064,.F.);
#2038 = FACE_BOUND('',#2039,.F.);
#2039 = EDGE_LOOP('',(#2040,#2048,#2049,#2057));
#2040 = ORIENTED_EDGE('',*,*,#2041,.F.);
#2041 = EDGE_CURVE('',#1191,#2042,#2044,.T.);
#2042 = VERTEX_POINT('',#2043);
#2043 = CARTESIAN_POINT('',(-0.996194698092,8.715574274766E-02,1.9));
#2044 = LINE('',#2045,#2046);
#2045 = CARTESIAN_POINT('',(-0.996194698092,8.715574274766E-02,3.));
#2046 = VECTOR('',#2047,1.);
#2047 = DIRECTION('',(0.,0.,-1.));
#2048 = ORIENTED_EDGE('',*,*,#1199,.F.);
#2049 = ORIENTED_EDGE('',*,*,#2050,.T.);
#2050 = EDGE_CURVE('',#1200,#2051,#2053,.T.);
#2051 = VERTEX_POINT('',#2052);
#2052 = CARTESIAN_POINT('',(-0.996194698092,-8.715574274766E-02,1.9));
#2053 = LINE('',#2054,#2055);
#2054 = CARTESIAN_POINT('',(-0.996194698092,-8.715574274766E-02,3.));
#2055 = VECTOR('',#2056,1.);
#2056 = DIRECTION('',(0.,0.,-1.));
#2057 = ORIENTED_EDGE('',*,*,#2058,.T.);
#2058 = EDGE_CURVE('',#2051,#2042,#2059,.T.);
#2059 = CIRCLE('',#2060,8.723877473067E-02);
#2060 = AXIS2_PLACEMENT_3D('',#2061,#2062,#2063);
#2061 = CARTESIAN_POINT('',(-1.,-3.794707603699E-16,1.9));
#2062 = DIRECTION('',(0.,0.,1.));
#2063 = DIRECTION('',(1.,0.,-0.));
#2064 = CYLINDRICAL_SURFACE('',#2065,8.723877473067E-02);
#2065 = AXIS2_PLACEMENT_3D('',#2066,#2067,#2068);
#2066 = CARTESIAN_POINT('',(-1.,-3.794707603699E-16,3.));
#2067 = DIRECTION('',(0.,0.,-1.));
#2068 = DIRECTION('',(0.173648177667,-0.984807753012,0.));
#2069 = ADVANCED_FACE('',(#2070),#2082,.T.);
#2070 = FACE_BOUND('',#2071,.T.);
#2071 = EDGE_LOOP('',(#2072,#2079,#2080,#2081));
#2072 = ORIENTED_EDGE('',*,*,#2073,.T.);
#2073 = EDGE_CURVE('',#2051,#1992,#2074,.T.);
#2074 = CIRCLE('',#2075,8.723877473067E-02);
#2075 = AXIS2_PLACEMENT_3D('',#2076,#2077,#2078);
#2076 = CARTESIAN_POINT('',(-0.984807753012,-0.173648177667,1.9));
#2077 = DIRECTION('',(0.,0.,1.));
#2078 = DIRECTION('',(1.,0.,-0.));
#2079 = ORIENTED_EDGE('',*,*,#1991,.F.);
#2080 = ORIENTED_EDGE('',*,*,#1208,.F.);
#2081 = ORIENTED_EDGE('',*,*,#2050,.T.);
#2082 = CYLINDRICAL_SURFACE('',#2083,8.723877473067E-02);
#2083 = AXIS2_PLACEMENT_3D('',#2084,#2085,#2086);
#2084 = CARTESIAN_POINT('',(-0.984807753012,-0.173648177667,3.));
#2085 = DIRECTION('',(0.,0.,-1.));
#2086 = DIRECTION('',(0.173648177667,-0.984807753012,0.));
#2087 = ADVANCED_FACE('',(#2088),#2114,.F.);
#2088 = FACE_BOUND('',#2089,.F.);
#2089 = EDGE_LOOP('',(#2090,#2098,#2099,#2107));
#2090 = ORIENTED_EDGE('',*,*,#2091,.F.);
#2091 = EDGE_CURVE('',#1173,#2092,#2094,.T.);
#2092 = VERTEX_POINT('',#2093);
#2093 = CARTESIAN_POINT('',(-0.906307787037,0.422618261741,1.9));
#2094 = LINE('',#2095,#2096);
#2095 = CARTESIAN_POINT('',(-0.906307787037,0.422618261741,3.));
#2096 = VECTOR('',#2097,1.);
#2097 = DIRECTION('',(0.,0.,-1.));
#2098 = ORIENTED_EDGE('',*,*,#1181,.F.);
#2099 = ORIENTED_EDGE('',*,*,#2100,.T.);
#2100 = EDGE_CURVE('',#1182,#2101,#2103,.T.);
#2101 = VERTEX_POINT('',#2102);
#2102 = CARTESIAN_POINT('',(-0.965925826289,0.258819045103,1.9));
#2103 = LINE('',#2104,#2105);
#2104 = CARTESIAN_POINT('',(-0.965925826289,0.258819045103,3.));
#2105 = VECTOR('',#2106,1.);
#2106 = DIRECTION('',(0.,0.,-1.));
#2107 = ORIENTED_EDGE('',*,*,#2108,.T.);
#2108 = EDGE_CURVE('',#2101,#2092,#2109,.T.);
#2109 = CIRCLE('',#2110,8.723877473067E-02);
#2110 = AXIS2_PLACEMENT_3D('',#2111,#2112,#2113);
#2111 = CARTESIAN_POINT('',(-0.939692620786,0.342020143326,1.9));
#2112 = DIRECTION('',(0.,0.,1.));
#2113 = DIRECTION('',(1.,0.,-0.));
#2114 = CYLINDRICAL_SURFACE('',#2115,8.723877473067E-02);
#2115 = AXIS2_PLACEMENT_3D('',#2116,#2117,#2118);
#2116 = CARTESIAN_POINT('',(-0.939692620786,0.342020143326,3.));
#2117 = DIRECTION('',(0.,0.,-1.));
#2118 = DIRECTION('',(-0.173648177667,-0.984807753012,-0.));
#2119 = ADVANCED_FACE('',(#2120),#2132,.T.);
#2120 = FACE_BOUND('',#2121,.T.);
#2121 = EDGE_LOOP('',(#2122,#2129,#2130,#2131));
#2122 = ORIENTED_EDGE('',*,*,#2123,.T.);
#2123 = EDGE_CURVE('',#2101,#2042,#2124,.T.);
#2124 = CIRCLE('',#2125,8.723877473067E-02);
#2125 = AXIS2_PLACEMENT_3D('',#2126,#2127,#2128);
#2126 = CARTESIAN_POINT('',(-0.984807753012,0.173648177667,1.9));
#2127 = DIRECTION('',(0.,0.,1.));
#2128 = DIRECTION('',(1.,0.,-0.));
#2129 = ORIENTED_EDGE('',*,*,#2041,.F.);
#2130 = ORIENTED_EDGE('',*,*,#1190,.F.);
#2131 = ORIENTED_EDGE('',*,*,#2100,.T.);
#2132 = CYLINDRICAL_SURFACE('',#2133,8.723877473067E-02);
#2133 = AXIS2_PLACEMENT_3D('',#2134,#2135,#2136);
#2134 = CARTESIAN_POINT('',(-0.984807753012,0.173648177667,3.));
#2135 = DIRECTION('',(0.,0.,-1.));
#2136 = DIRECTION('',(-0.173648177667,-0.984807753012,-0.));
#2137 = ADVANCED_FACE('',(#2138),#2164,.F.);
#2138 = FACE_BOUND('',#2139,.F.);
#2139 = EDGE_LOOP('',(#2140,#2148,#2149,#2157));
#2140 = ORIENTED_EDGE('',*,*,#2141,.F.);
#2141 = EDGE_CURVE('',#1155,#2142,#2144,.T.);
#2142 = VERTEX_POINT('',#2143);
#2143 = CARTESIAN_POINT('',(-0.707106781187,0.707106781187,1.9));
#2144 = LINE('',#2145,#2146);
#2145 = CARTESIAN_POINT('',(-0.707106781187,0.707106781187,3.));
#2146 = VECTOR('',#2147,1.);
#2147 = DIRECTION('',(0.,0.,-1.));
#2148 = ORIENTED_EDGE('',*,*,#1163,.F.);
#2149 = ORIENTED_EDGE('',*,*,#2150,.T.);
#2150 = EDGE_CURVE('',#1164,#2151,#2153,.T.);
#2151 = VERTEX_POINT('',#2152);
#2152 = CARTESIAN_POINT('',(-0.819152044289,0.573576436351,1.9));
#2153 = LINE('',#2154,#2155);
#2154 = CARTESIAN_POINT('',(-0.819152044289,0.573576436351,3.));
#2155 = VECTOR('',#2156,1.);
#2156 = DIRECTION('',(0.,0.,-1.));
#2157 = ORIENTED_EDGE('',*,*,#2158,.T.);
#2158 = EDGE_CURVE('',#2151,#2142,#2159,.T.);
#2159 = CIRCLE('',#2160,8.723877473067E-02);
#2160 = AXIS2_PLACEMENT_3D('',#2161,#2162,#2163);
#2161 = CARTESIAN_POINT('',(-0.766044443119,0.642787609687,1.9));
#2162 = DIRECTION('',(0.,0.,1.));
#2163 = DIRECTION('',(1.,0.,-0.));
#2164 = CYLINDRICAL_SURFACE('',#2165,8.723877473067E-02);
#2165 = AXIS2_PLACEMENT_3D('',#2166,#2167,#2168);
#2166 = CARTESIAN_POINT('',(-0.766044443119,0.642787609687,3.));
#2167 = DIRECTION('',(0.,0.,-1.));
#2168 = DIRECTION('',(-0.5,-0.866025403784,-0.));
#2169 = ADVANCED_FACE('',(#2170),#2182,.T.);
#2170 = FACE_BOUND('',#2171,.T.);
#2171 = EDGE_LOOP('',(#2172,#2179,#2180,#2181));
#2172 = ORIENTED_EDGE('',*,*,#2173,.T.);
#2173 = EDGE_CURVE('',#2151,#2092,#2174,.T.);
#2174 = CIRCLE('',#2175,8.723877473067E-02);
#2175 = AXIS2_PLACEMENT_3D('',#2176,#2177,#2178);
#2176 = CARTESIAN_POINT('',(-0.866025403784,0.5,1.9));
#2177 = DIRECTION('',(0.,0.,1.));
#2178 = DIRECTION('',(1.,0.,-0.));
#2179 = ORIENTED_EDGE('',*,*,#2091,.F.);
#2180 = ORIENTED_EDGE('',*,*,#1172,.F.);
#2181 = ORIENTED_EDGE('',*,*,#2150,.T.);
#2182 = CYLINDRICAL_SURFACE('',#2183,8.723877473067E-02);
#2183 = AXIS2_PLACEMENT_3D('',#2184,#2185,#2186);
#2184 = CARTESIAN_POINT('',(-0.866025403784,0.5,3.));
#2185 = DIRECTION('',(0.,0.,-1.));
#2186 = DIRECTION('',(-0.5,-0.866025403784,-0.));
#2187 = ADVANCED_FACE('',(#2188),#2214,.F.);
#2188 = FACE_BOUND('',#2189,.F.);
#2189 = EDGE_LOOP('',(#2190,#2198,#2199,#2207));
#2190 = ORIENTED_EDGE('',*,*,#2191,.F.);
#2191 = EDGE_CURVE('',#1137,#2192,#2194,.T.);
#2192 = VERTEX_POINT('',#2193);
#2193 = CARTESIAN_POINT('',(-0.422618261741,0.906307787037,1.9));
#2194 = LINE('',#2195,#2196);
#2195 = CARTESIAN_POINT('',(-0.422618261741,0.906307787037,3.));
#2196 = VECTOR('',#2197,1.);
#2197 = DIRECTION('',(0.,0.,-1.));
#2198 = ORIENTED_EDGE('',*,*,#1145,.F.);
#2199 = ORIENTED_EDGE('',*,*,#2200,.T.);
#2200 = EDGE_CURVE('',#1146,#2201,#2203,.T.);
#2201 = VERTEX_POINT('',#2202);
#2202 = CARTESIAN_POINT('',(-0.573576436351,0.819152044289,1.9));
#2203 = LINE('',#2204,#2205);
#2204 = CARTESIAN_POINT('',(-0.573576436351,0.819152044289,3.));
#2205 = VECTOR('',#2206,1.);
#2206 = DIRECTION('',(0.,0.,-1.));
#2207 = ORIENTED_EDGE('',*,*,#2208,.T.);
#2208 = EDGE_CURVE('',#2201,#2192,#2209,.T.);
#2209 = CIRCLE('',#2210,8.723877473067E-02);
#2210 = AXIS2_PLACEMENT_3D('',#2211,#2212,#2213);
#2211 = CARTESIAN_POINT('',(-0.5,0.866025403784,1.9));
#2212 = DIRECTION('',(0.,0.,1.));
#2213 = DIRECTION('',(1.,0.,-0.));
#2214 = CYLINDRICAL_SURFACE('',#2215,8.723877473067E-02);
#2215 = AXIS2_PLACEMENT_3D('',#2216,#2217,#2218);
#2216 = CARTESIAN_POINT('',(-0.5,0.866025403784,3.));
#2217 = DIRECTION('',(0.,0.,-1.));
#2218 = DIRECTION('',(-0.766044443119,-0.642787609687,-0.));
#2219 = ADVANCED_FACE('',(#2220),#2232,.T.);
#2220 = FACE_BOUND('',#2221,.T.);
#2221 = EDGE_LOOP('',(#2222,#2229,#2230,#2231));
#2222 = ORIENTED_EDGE('',*,*,#2223,.T.);
#2223 = EDGE_CURVE('',#2201,#2142,#2224,.T.);
#2224 = CIRCLE('',#2225,8.723877473067E-02);
#2225 = AXIS2_PLACEMENT_3D('',#2226,#2227,#2228);
#2226 = CARTESIAN_POINT('',(-0.642787609687,0.766044443119,1.9));
#2227 = DIRECTION('',(0.,0.,1.));
#2228 = DIRECTION('',(1.,0.,-0.));
#2229 = ORIENTED_EDGE('',*,*,#2141,.F.);
#2230 = ORIENTED_EDGE('',*,*,#1154,.F.);
#2231 = ORIENTED_EDGE('',*,*,#2200,.T.);
#2232 = CYLINDRICAL_SURFACE('',#2233,8.723877473067E-02);
#2233 = AXIS2_PLACEMENT_3D('',#2234,#2235,#2236);
#2234 = CARTESIAN_POINT('',(-0.642787609687,0.766044443119,3.));
#2235 = DIRECTION('',(0.,0.,-1.));
#2236 = DIRECTION('',(-0.766044443119,-0.642787609687,-0.));
#2237 = ADVANCED_FACE('',(#2238),#2250,.T.);
#2238 = FACE_BOUND('',#2239,.T.);
#2239 = EDGE_LOOP('',(#2240,#2247,#2248,#2249));
#2240 = ORIENTED_EDGE('',*,*,#2241,.T.);
#2241 = EDGE_CURVE('',#1102,#2192,#2242,.T.);
#2242 = CIRCLE('',#2243,8.723877473067E-02);
#2243 = AXIS2_PLACEMENT_3D('',#2244,#2245,#2246);
#2244 = CARTESIAN_POINT('',(-0.342020143326,0.939692620786,1.9));
#2245 = DIRECTION('',(0.,0.,1.));
#2246 = DIRECTION('',(1.,0.,-0.));
#2247 = ORIENTED_EDGE('',*,*,#2191,.F.);
#2248 = ORIENTED_EDGE('',*,*,#1136,.F.);
#2249 = ORIENTED_EDGE('',*,*,#1101,.T.);
#2250 = CYLINDRICAL_SURFACE('',#2251,8.723877473067E-02);
#2251 = AXIS2_PLACEMENT_3D('',#2252,#2253,#2254);
#2252 = CARTESIAN_POINT('',(-0.342020143326,0.939692620786,3.));
#2253 = DIRECTION('',(0.,0.,-1.));
#2254 = DIRECTION('',(-0.939692620786,-0.342020143326,-0.));
#2255 = ADVANCED_FACE('',(#2256,#2294),#2305,.F.);
#2256 = FACE_BOUND('',#2257,.T.);
#2257 = EDGE_LOOP('',(#2258,#2259,#2260,#2261,#2262,#2263,#2264,#2265,
    #2266,#2267,#2268,#2269,#2270,#2271,#2272,#2273,#2274,#2275,#2276,
    #2277,#2278,#2279,#2280,#2281,#2282,#2283,#2284,#2285,#2286,#2287,
    #2288,#2289,#2290,#2291,#2292,#2293));
#2258 = ORIENTED_EDGE('',*,*,#1658,.T.);
#2259 = ORIENTED_EDGE('',*,*,#1723,.F.);
#2260 = ORIENTED_EDGE('',*,*,#1708,.T.);
#2261 = ORIENTED_EDGE('',*,*,#1773,.F.);
#2262 = ORIENTED_EDGE('',*,*,#1758,.T.);
#2263 = ORIENTED_EDGE('',*,*,#1823,.F.);
#2264 = ORIENTED_EDGE('',*,*,#1808,.T.);
#2265 = ORIENTED_EDGE('',*,*,#1873,.F.);
#2266 = ORIENTED_EDGE('',*,*,#1858,.T.);
#2267 = ORIENTED_EDGE('',*,*,#1923,.F.);
#2268 = ORIENTED_EDGE('',*,*,#1908,.T.);
#2269 = ORIENTED_EDGE('',*,*,#1973,.F.);
#2270 = ORIENTED_EDGE('',*,*,#1958,.T.);
#2271 = ORIENTED_EDGE('',*,*,#2023,.F.);
#2272 = ORIENTED_EDGE('',*,*,#2008,.T.);
#2273 = ORIENTED_EDGE('',*,*,#2073,.F.);
#2274 = ORIENTED_EDGE('',*,*,#2058,.T.);
#2275 = ORIENTED_EDGE('',*,*,#2123,.F.);
#2276 = ORIENTED_EDGE('',*,*,#2108,.T.);
#2277 = ORIENTED_EDGE('',*,*,#2173,.F.);
#2278 = ORIENTED_EDGE('',*,*,#2158,.T.);
#2279 = ORIENTED_EDGE('',*,*,#2223,.F.);
#2280 = ORIENTED_EDGE('',*,*,#2208,.T.);
#2281 = ORIENTED_EDGE('',*,*,#2241,.F.);
#2282 = ORIENTED_EDGE('',*,*,#1109,.T.);
#2283 = ORIENTED_EDGE('',*,*,#1058,.F.);
#2284 = ORIENTED_EDGE('',*,*,#1043,.T.);
#2285 = ORIENTED_EDGE('',*,*,#1473,.F.);
#2286 = ORIENTED_EDGE('',*,*,#1458,.T.);
#2287 = ORIENTED_EDGE('',*,*,#1523,.F.);
#2288 = ORIENTED_EDGE('',*,*,#1508,.T.);
#2289 = ORIENTED_EDGE('',*,*,#1573,.F.);
#2290 = ORIENTED_EDGE('',*,*,#1558,.T.);
#2291 = ORIENTED_EDGE('',*,*,#1623,.F.);
#2292 = ORIENTED_EDGE('',*,*,#1608,.T.);
#2293 = ORIENTED_EDGE('',*,*,#1673,.F.);
#2294 = FACE_BOUND('',#2295,.T.);
#2295 = EDGE_LOOP('',(#2296));
#2296 = ORIENTED_EDGE('',*,*,#2297,.F.);
#2297 = EDGE_CURVE('',#2298,#2298,#2300,.T.);
#2298 = VERTEX_POINT('',#2299);
#2299 = CARTESIAN_POINT('',(-0.787238774731,0.,1.9));
#2300 = CIRCLE('',#2301,0.787238774731);
#2301 = AXIS2_PLACEMENT_3D('',#2302,#2303,#2304);
#2302 = CARTESIAN_POINT('',(0.,0.,1.9));
#2303 = DIRECTION('',(0.,0.,-1.));
#2304 = DIRECTION('',(-1.,0.,0.));
#2305 = PLANE('',#2306);
#2306 = AXIS2_PLACEMENT_3D('',#2307,#2308,#2309);
#2307 = CARTESIAN_POINT('',(0.,0.937238774731,1.9));
#2308 = DIRECTION('',(0.,0.,1.));
#2309 = DIRECTION('',(1.,0.,-0.));
#2310 = ADVANCED_FACE('',(#2311,#2322),#2648,.T.);
#2311 = FACE_BOUND('',#2312,.T.);
#2312 = EDGE_LOOP('',(#2313));
#2313 = ORIENTED_EDGE('',*,*,#2314,.T.);
#2314 = EDGE_CURVE('',#2315,#2315,#2317,.T.);
#2315 = VERTEX_POINT('',#2316);
#2316 = CARTESIAN_POINT('',(-0.787238774731,0.,1.1));
#2317 = CIRCLE('',#2318,0.787238774731);
#2318 = AXIS2_PLACEMENT_3D('',#2319,#2320,#2321);
#2319 = CARTESIAN_POINT('',(0.,0.,1.1));
#2320 = DIRECTION('',(0.,0.,-1.));
#2321 = DIRECTION('',(-1.,0.,0.));
#2322 = FACE_BOUND('',#2323,.T.);
#2323 = EDGE_LOOP('',(#2324,#2335,#2344,#2353,#2362,#2371,#2380,#2389,
    #2398,#2407,#2416,#2425,#2434,#2443,#2452,#2461,#2470,#2479,#2488,
    #2497,#2506,#2515,#2524,#2533,#2542,#2551,#2560,#2569,#2578,#2587,
    #2596,#2605,#2614,#2623,#2632,#2641));
#2324 = ORIENTED_EDGE('',*,*,#2325,.T.);
#2325 = EDGE_CURVE('',#2326,#2328,#2330,.T.);
#2326 = VERTEX_POINT('',#2327);
#2327 = CARTESIAN_POINT('',(0.965925826289,-0.258819045103,1.1));
#2328 = VERTEX_POINT('',#2329);
#2329 = CARTESIAN_POINT('',(0.996194698092,-8.715574274766E-02,1.1));
#2330 = CIRCLE('',#2331,8.723877473067E-02);
#2331 = AXIS2_PLACEMENT_3D('',#2332,#2333,#2334);
#2332 = CARTESIAN_POINT('',(0.984807753012,-0.173648177667,1.1));
#2333 = DIRECTION('',(0.,0.,1.));
#2334 = DIRECTION('',(1.,0.,-0.));
#2335 = ORIENTED_EDGE('',*,*,#2336,.F.);
#2336 = EDGE_CURVE('',#2337,#2328,#2339,.T.);
#2337 = VERTEX_POINT('',#2338);
#2338 = CARTESIAN_POINT('',(0.996194698092,8.715574274766E-02,1.1));
#2339 = CIRCLE('',#2340,8.723877473067E-02);
#2340 = AXIS2_PLACEMENT_3D('',#2341,#2342,#2343);
#2341 = CARTESIAN_POINT('',(1.,4.607859233063E-16,1.1));
#2342 = DIRECTION('',(0.,0.,1.));
#2343 = DIRECTION('',(1.,0.,-0.));
#2344 = ORIENTED_EDGE('',*,*,#2345,.T.);
#2345 = EDGE_CURVE('',#2337,#2346,#2348,.T.);
#2346 = VERTEX_POINT('',#2347);
#2347 = CARTESIAN_POINT('',(0.965925826289,0.258819045103,1.1));
#2348 = CIRCLE('',#2349,8.723877473067E-02);
#2349 = AXIS2_PLACEMENT_3D('',#2350,#2351,#2352);
#2350 = CARTESIAN_POINT('',(0.984807753012,0.173648177667,1.1));
#2351 = DIRECTION('',(0.,0.,1.));
#2352 = DIRECTION('',(1.,0.,-0.));
#2353 = ORIENTED_EDGE('',*,*,#2354,.F.);
#2354 = EDGE_CURVE('',#2355,#2346,#2357,.T.);
#2355 = VERTEX_POINT('',#2356);
#2356 = CARTESIAN_POINT('',(0.906307787037,0.422618261741,1.1));
#2357 = CIRCLE('',#2358,8.723877473067E-02);
#2358 = AXIS2_PLACEMENT_3D('',#2359,#2360,#2361);
#2359 = CARTESIAN_POINT('',(0.939692620786,0.342020143326,1.1));
#2360 = DIRECTION('',(0.,0.,1.));
#2361 = DIRECTION('',(1.,0.,-0.));
#2362 = ORIENTED_EDGE('',*,*,#2363,.T.);
#2363 = EDGE_CURVE('',#2355,#2364,#2366,.T.);
#2364 = VERTEX_POINT('',#2365);
#2365 = CARTESIAN_POINT('',(0.819152044289,0.573576436351,1.1));
#2366 = CIRCLE('',#2367,8.723877473067E-02);
#2367 = AXIS2_PLACEMENT_3D('',#2368,#2369,#2370);
#2368 = CARTESIAN_POINT('',(0.866025403784,0.5,1.1));
#2369 = DIRECTION('',(0.,0.,1.));
#2370 = DIRECTION('',(1.,0.,-0.));
#2371 = ORIENTED_EDGE('',*,*,#2372,.F.);
#2372 = EDGE_CURVE('',#2373,#2364,#2375,.T.);
#2373 = VERTEX_POINT('',#2374);
#2374 = CARTESIAN_POINT('',(0.707106781187,0.707106781187,1.1));
#2375 = CIRCLE('',#2376,8.723877473067E-02);
#2376 = AXIS2_PLACEMENT_3D('',#2377,#2378,#2379);
#2377 = CARTESIAN_POINT('',(0.766044443119,0.642787609687,1.1));
#2378 = DIRECTION('',(0.,0.,1.));
#2379 = DIRECTION('',(1.,0.,-0.));
#2380 = ORIENTED_EDGE('',*,*,#2381,.T.);
#2381 = EDGE_CURVE('',#2373,#2382,#2384,.T.);
#2382 = VERTEX_POINT('',#2383);
#2383 = CARTESIAN_POINT('',(0.573576436351,0.819152044289,1.1));
#2384 = CIRCLE('',#2385,8.723877473067E-02);
#2385 = AXIS2_PLACEMENT_3D('',#2386,#2387,#2388);
#2386 = CARTESIAN_POINT('',(0.642787609687,0.766044443119,1.1));
#2387 = DIRECTION('',(0.,0.,1.));
#2388 = DIRECTION('',(1.,0.,-0.));
#2389 = ORIENTED_EDGE('',*,*,#2390,.F.);
#2390 = EDGE_CURVE('',#2391,#2382,#2393,.T.);
#2391 = VERTEX_POINT('',#2392);
#2392 = CARTESIAN_POINT('',(0.422618261741,0.906307787037,1.1));
#2393 = CIRCLE('',#2394,8.723877473067E-02);
#2394 = AXIS2_PLACEMENT_3D('',#2395,#2396,#2397);
#2395 = CARTESIAN_POINT('',(0.5,0.866025403784,1.1));
#2396 = DIRECTION('',(0.,0.,1.));
#2397 = DIRECTION('',(1.,0.,-0.));
#2398 = ORIENTED_EDGE('',*,*,#2399,.T.);
#2399 = EDGE_CURVE('',#2391,#2400,#2402,.T.);
#2400 = VERTEX_POINT('',#2401);
#2401 = CARTESIAN_POINT('',(0.258819045103,0.965925826289,1.1));
#2402 = CIRCLE('',#2403,8.723877473067E-02);
#2403 = AXIS2_PLACEMENT_3D('',#2404,#2405,#2406);
#2404 = CARTESIAN_POINT('',(0.342020143326,0.939692620786,1.1));
#2405 = DIRECTION('',(0.,0.,1.));
#2406 = DIRECTION('',(1.,0.,-0.));
#2407 = ORIENTED_EDGE('',*,*,#2408,.F.);
#2408 = EDGE_CURVE('',#2409,#2400,#2411,.T.);
#2409 = VERTEX_POINT('',#2410);
#2410 = CARTESIAN_POINT('',(8.715574274766E-02,0.996194698092,1.1));
#2411 = CIRCLE('',#2412,8.723877473067E-02);
#2412 = AXIS2_PLACEMENT_3D('',#2413,#2414,#2415);
#2413 = CARTESIAN_POINT('',(0.173648177667,0.984807753012,1.1));
#2414 = DIRECTION('',(0.,0.,1.));
#2415 = DIRECTION('',(1.,0.,-0.));
#2416 = ORIENTED_EDGE('',*,*,#2417,.T.);
#2417 = EDGE_CURVE('',#2409,#2418,#2420,.T.);
#2418 = VERTEX_POINT('',#2419);
#2419 = CARTESIAN_POINT('',(-8.715574274766E-02,0.996194698092,1.1));
#2420 = CIRCLE('',#2421,8.723877473067E-02);
#2421 = AXIS2_PLACEMENT_3D('',#2422,#2423,#2424);
#2422 = CARTESIAN_POINT('',(1.202786785101E-16,1.,1.1));
#2423 = DIRECTION('',(0.,0.,1.));
#2424 = DIRECTION('',(1.,0.,-0.));
#2425 = ORIENTED_EDGE('',*,*,#2426,.F.);
#2426 = EDGE_CURVE('',#2427,#2418,#2429,.T.);
#2427 = VERTEX_POINT('',#2428);
#2428 = CARTESIAN_POINT('',(-0.258819045103,0.965925826289,1.1));
#2429 = CIRCLE('',#2430,8.723877473067E-02);
#2430 = AXIS2_PLACEMENT_3D('',#2431,#2432,#2433);
#2431 = CARTESIAN_POINT('',(-0.173648177667,0.984807753012,1.1));
#2432 = DIRECTION('',(0.,0.,1.));
#2433 = DIRECTION('',(1.,0.,-0.));
#2434 = ORIENTED_EDGE('',*,*,#2435,.T.);
#2435 = EDGE_CURVE('',#2427,#2436,#2438,.T.);
#2436 = VERTEX_POINT('',#2437);
#2437 = CARTESIAN_POINT('',(-0.422618261741,0.906307787037,1.1));
#2438 = CIRCLE('',#2439,8.723877473067E-02);
#2439 = AXIS2_PLACEMENT_3D('',#2440,#2441,#2442);
#2440 = CARTESIAN_POINT('',(-0.342020143326,0.939692620786,1.1));
#2441 = DIRECTION('',(0.,0.,1.));
#2442 = DIRECTION('',(1.,0.,-0.));
#2443 = ORIENTED_EDGE('',*,*,#2444,.F.);
#2444 = EDGE_CURVE('',#2445,#2436,#2447,.T.);
#2445 = VERTEX_POINT('',#2446);
#2446 = CARTESIAN_POINT('',(-0.573576436351,0.819152044289,1.1));
#2447 = CIRCLE('',#2448,8.723877473067E-02);
#2448 = AXIS2_PLACEMENT_3D('',#2449,#2450,#2451);
#2449 = CARTESIAN_POINT('',(-0.5,0.866025403784,1.1));
#2450 = DIRECTION('',(0.,0.,1.));
#2451 = DIRECTION('',(1.,0.,-0.));
#2452 = ORIENTED_EDGE('',*,*,#2453,.T.);
#2453 = EDGE_CURVE('',#2445,#2454,#2456,.T.);
#2454 = VERTEX_POINT('',#2455);
#2455 = CARTESIAN_POINT('',(-0.707106781187,0.707106781187,1.1));
#2456 = CIRCLE('',#2457,8.723877473067E-02);
#2457 = AXIS2_PLACEMENT_3D('',#2458,#2459,#2460);
#2458 = CARTESIAN_POINT('',(-0.642787609687,0.766044443119,1.1));
#2459 = DIRECTION('',(0.,0.,1.));
#2460 = DIRECTION('',(1.,0.,-0.));
#2461 = ORIENTED_EDGE('',*,*,#2462,.F.);
#2462 = EDGE_CURVE('',#2463,#2454,#2465,.T.);
#2463 = VERTEX_POINT('',#2464);
#2464 = CARTESIAN_POINT('',(-0.819152044289,0.573576436351,1.1));
#2465 = CIRCLE('',#2466,8.723877473067E-02);
#2466 = AXIS2_PLACEMENT_3D('',#2467,#2468,#2469);
#2467 = CARTESIAN_POINT('',(-0.766044443119,0.642787609687,1.1));
#2468 = DIRECTION('',(0.,0.,1.));
#2469 = DIRECTION('',(1.,0.,-0.));
#2470 = ORIENTED_EDGE('',*,*,#2471,.T.);
#2471 = EDGE_CURVE('',#2463,#2472,#2474,.T.);
#2472 = VERTEX_POINT('',#2473);
#2473 = CARTESIAN_POINT('',(-0.906307787037,0.422618261741,1.1));
#2474 = CIRCLE('',#2475,8.723877473067E-02);
#2475 = AXIS2_PLACEMENT_3D('',#2476,#2477,#2478);
#2476 = CARTESIAN_POINT('',(-0.866025403784,0.5,1.1));
#2477 = DIRECTION('',(0.,0.,1.));
#2478 = DIRECTION('',(1.,0.,-0.));
#2479 = ORIENTED_EDGE('',*,*,#2480,.F.);
#2480 = EDGE_CURVE('',#2481,#2472,#2483,.T.);
#2481 = VERTEX_POINT('',#2482);
#2482 = CARTESIAN_POINT('',(-0.965925826289,0.258819045103,1.1));
#2483 = CIRCLE('',#2484,8.723877473067E-02);
#2484 = AXIS2_PLACEMENT_3D('',#2485,#2486,#2487);
#2485 = CARTESIAN_POINT('',(-0.939692620786,0.342020143326,1.1));
#2486 = DIRECTION('',(0.,0.,1.));
#2487 = DIRECTION('',(1.,0.,-0.));
#2488 = ORIENTED_EDGE('',*,*,#2489,.T.);
#2489 = EDGE_CURVE('',#2481,#2490,#2492,.T.);
#2490 = VERTEX_POINT('',#2491);
#2491 = CARTESIAN_POINT('',(-0.996194698092,8.715574274766E-02,1.1));
#2492 = CIRCLE('',#2493,8.723877473067E-02);
#2493 = AXIS2_PLACEMENT_3D('',#2494,#2495,#2496);
#2494 = CARTESIAN_POINT('',(-0.984807753012,0.173648177667,1.1));
#2495 = DIRECTION('',(0.,0.,1.));
#2496 = DIRECTION('',(1.,0.,-0.));
#2497 = ORIENTED_EDGE('',*,*,#2498,.F.);
#2498 = EDGE_CURVE('',#2499,#2490,#2501,.T.);
#2499 = VERTEX_POINT('',#2500);
#2500 = CARTESIAN_POINT('',(-0.996194698092,-8.715574274766E-02,1.1));
#2501 = CIRCLE('',#2502,8.723877473067E-02);
#2502 = AXIS2_PLACEMENT_3D('',#2503,#2504,#2505);
#2503 = CARTESIAN_POINT('',(-1.,-3.794707603699E-16,1.1));
#2504 = DIRECTION('',(0.,0.,1.));
#2505 = DIRECTION('',(1.,0.,-0.));
#2506 = ORIENTED_EDGE('',*,*,#2507,.T.);
#2507 = EDGE_CURVE('',#2499,#2508,#2510,.T.);
#2508 = VERTEX_POINT('',#2509);
#2509 = CARTESIAN_POINT('',(-0.965925826289,-0.258819045103,1.1));
#2510 = CIRCLE('',#2511,8.723877473067E-02);
#2511 = AXIS2_PLACEMENT_3D('',#2512,#2513,#2514);
#2512 = CARTESIAN_POINT('',(-0.984807753012,-0.173648177667,1.1));
#2513 = DIRECTION('',(0.,0.,1.));
#2514 = DIRECTION('',(1.,0.,-0.));
#2515 = ORIENTED_EDGE('',*,*,#2516,.F.);
#2516 = EDGE_CURVE('',#2517,#2508,#2519,.T.);
#2517 = VERTEX_POINT('',#2518);
#2518 = CARTESIAN_POINT('',(-0.906307787037,-0.422618261741,1.1));
#2519 = CIRCLE('',#2520,8.723877473067E-02);
#2520 = AXIS2_PLACEMENT_3D('',#2521,#2522,#2523);
#2521 = CARTESIAN_POINT('',(-0.939692620786,-0.342020143326,1.1));
#2522 = DIRECTION('',(0.,0.,1.));
#2523 = DIRECTION('',(1.,0.,-0.));
#2524 = ORIENTED_EDGE('',*,*,#2525,.T.);
#2525 = EDGE_CURVE('',#2517,#2526,#2528,.T.);
#2526 = VERTEX_POINT('',#2527);
#2527 = CARTESIAN_POINT('',(-0.819152044289,-0.573576436351,1.1));
#2528 = CIRCLE('',#2529,8.723877473067E-02);
#2529 = AXIS2_PLACEMENT_3D('',#2530,#2531,#2532);
#2530 = CARTESIAN_POINT('',(-0.866025403784,-0.5,1.1));
#2531 = DIRECTION('',(0.,0.,1.));
#2532 = DIRECTION('',(1.,0.,-0.));
#2533 = ORIENTED_EDGE('',*,*,#2534,.F.);
#2534 = EDGE_CURVE('',#2535,#2526,#2537,.T.);
#2535 = VERTEX_POINT('',#2536);
#2536 = CARTESIAN_POINT('',(-0.707106781187,-0.707106781187,1.1));
#2537 = CIRCLE('',#2538,8.723877473067E-02);
#2538 = AXIS2_PLACEMENT_3D('',#2539,#2540,#2541);
#2539 = CARTESIAN_POINT('',(-0.766044443119,-0.642787609687,1.1));
#2540 = DIRECTION('',(0.,0.,1.));
#2541 = DIRECTION('',(1.,0.,-0.));
#2542 = ORIENTED_EDGE('',*,*,#2543,.T.);
#2543 = EDGE_CURVE('',#2535,#2544,#2546,.T.);
#2544 = VERTEX_POINT('',#2545);
#2545 = CARTESIAN_POINT('',(-0.573576436351,-0.819152044289,1.1));
#2546 = CIRCLE('',#2547,8.723877473067E-02);
#2547 = AXIS2_PLACEMENT_3D('',#2548,#2549,#2550);
#2548 = CARTESIAN_POINT('',(-0.642787609687,-0.766044443119,1.1));
#2549 = DIRECTION('',(0.,0.,1.));
#2550 = DIRECTION('',(1.,0.,-0.));
#2551 = ORIENTED_EDGE('',*,*,#2552,.F.);
#2552 = EDGE_CURVE('',#2553,#2544,#2555,.T.);
#2553 = VERTEX_POINT('',#2554);
#2554 = CARTESIAN_POINT('',(-0.422618261741,-0.906307787037,1.1));
#2555 = CIRCLE('',#2556,8.723877473067E-02);
#2556 = AXIS2_PLACEMENT_3D('',#2557,#2558,#2559);
#2557 = CARTESIAN_POINT('',(-0.5,-0.866025403784,1.1));
#2558 = DIRECTION('',(0.,0.,1.));
#2559 = DIRECTION('',(1.,0.,-0.));
#2560 = ORIENTED_EDGE('',*,*,#2561,.T.);
#2561 = EDGE_CURVE('',#2553,#2562,#2564,.T.);
#2562 = VERTEX_POINT('',#2563);
#2563 = CARTESIAN_POINT('',(-0.258819045103,-0.965925826289,1.1));
#2564 = CIRCLE('',#2565,8.723877473067E-02);
#2565 = AXIS2_PLACEMENT_3D('',#2566,#2567,#2568);
#2566 = CARTESIAN_POINT('',(-0.342020143326,-0.939692620786,1.1));
#2567 = DIRECTION('',(0.,0.,1.));
#2568 = DIRECTION('',(1.,0.,-0.));
#2569 = ORIENTED_EDGE('',*,*,#2570,.F.);
#2570 = EDGE_CURVE('',#2571,#2562,#2573,.T.);
#2571 = VERTEX_POINT('',#2572);
#2572 = CARTESIAN_POINT('',(-8.715574274766E-02,-0.996194698092,1.1));
#2573 = CIRCLE('',#2574,8.723877473067E-02);
#2574 = AXIS2_PLACEMENT_3D('',#2575,#2576,#2577);
#2575 = CARTESIAN_POINT('',(-0.173648177667,-0.984807753012,1.1));
#2576 = DIRECTION('',(0.,0.,1.));
#2577 = DIRECTION('',(1.,0.,-0.));
#2578 = ORIENTED_EDGE('',*,*,#2579,.T.);
#2579 = EDGE_CURVE('',#2571,#2580,#2582,.T.);
#2580 = VERTEX_POINT('',#2581);
#2581 = CARTESIAN_POINT('',(8.715574274766E-02,-0.996194698092,1.1));
#2582 = CIRCLE('',#2583,8.723877473067E-02);
#2583 = AXIS2_PLACEMENT_3D('',#2584,#2585,#2586);
#2584 = CARTESIAN_POINT('',(2.186001404625E-18,-1.,1.1));
#2585 = DIRECTION('',(0.,0.,1.));
#2586 = DIRECTION('',(1.,0.,-0.));
#2587 = ORIENTED_EDGE('',*,*,#2588,.F.);
#2588 = EDGE_CURVE('',#2589,#2580,#2591,.T.);
#2589 = VERTEX_POINT('',#2590);
#2590 = CARTESIAN_POINT('',(0.258819045103,-0.965925826289,1.1));
#2591 = CIRCLE('',#2592,8.723877473067E-02);
#2592 = AXIS2_PLACEMENT_3D('',#2593,#2594,#2595);
#2593 = CARTESIAN_POINT('',(0.173648177667,-0.984807753012,1.1));
#2594 = DIRECTION('',(0.,0.,1.));
#2595 = DIRECTION('',(1.,0.,-0.));
#2596 = ORIENTED_EDGE('',*,*,#2597,.T.);
#2597 = EDGE_CURVE('',#2589,#2598,#2600,.T.);
#2598 = VERTEX_POINT('',#2599);
#2599 = CARTESIAN_POINT('',(0.422618261741,-0.906307787037,1.1));
#2600 = CIRCLE('',#2601,8.723877473067E-02);
#2601 = AXIS2_PLACEMENT_3D('',#2602,#2603,#2604);
#2602 = CARTESIAN_POINT('',(0.342020143326,-0.939692620786,1.1));
#2603 = DIRECTION('',(0.,0.,1.));
#2604 = DIRECTION('',(1.,0.,-0.));
#2605 = ORIENTED_EDGE('',*,*,#2606,.F.);
#2606 = EDGE_CURVE('',#2607,#2598,#2609,.T.);
#2607 = VERTEX_POINT('',#2608);
#2608 = CARTESIAN_POINT('',(0.573576436351,-0.819152044289,1.1));
#2609 = CIRCLE('',#2610,8.723877473067E-02);
#2610 = AXIS2_PLACEMENT_3D('',#2611,#2612,#2613);
#2611 = CARTESIAN_POINT('',(0.5,-0.866025403784,1.1));
#2612 = DIRECTION('',(0.,0.,1.));
#2613 = DIRECTION('',(1.,0.,-0.));
#2614 = ORIENTED_EDGE('',*,*,#2615,.T.);
#2615 = EDGE_CURVE('',#2607,#2616,#2618,.T.);
#2616 = VERTEX_POINT('',#2617);
#2617 = CARTESIAN_POINT('',(0.707106781187,-0.707106781187,1.1));
#2618 = CIRCLE('',#2619,8.723877473067E-02);
#2619 = AXIS2_PLACEMENT_3D('',#2620,#2621,#2622);
#2620 = CARTESIAN_POINT('',(0.642787609687,-0.766044443119,1.1));
#2621 = DIRECTION('',(0.,0.,1.));
#2622 = DIRECTION('',(1.,0.,-0.));
#2623 = ORIENTED_EDGE('',*,*,#2624,.F.);
#2624 = EDGE_CURVE('',#2625,#2616,#2627,.T.);
#2625 = VERTEX_POINT('',#2626);
#2626 = CARTESIAN_POINT('',(0.819152044289,-0.573576436351,1.1));
#2627 = CIRCLE('',#2628,8.723877473067E-02);
#2628 = AXIS2_PLACEMENT_3D('',#2629,#2630,#2631);
#2629 = CARTESIAN_POINT('',(0.766044443119,-0.642787609687,1.1));
#2630 = DIRECTION('',(0.,0.,1.));
#2631 = DIRECTION('',(1.,0.,-0.));
#2632 = ORIENTED_EDGE('',*,*,#2633,.T.);
#2633 = EDGE_CURVE('',#2625,#2634,#2636,.T.);
#2634 = VERTEX_POINT('',#2635);
#2635 = CARTESIAN_POINT('',(0.906307787037,-0.422618261741,1.1));
#2636 = CIRCLE('',#2637,8.723877473067E-02);
#2637 = AXIS2_PLACEMENT_3D('',#2638,#2639,#2640);
#2638 = CARTESIAN_POINT('',(0.866025403784,-0.5,1.1));
#2639 = DIRECTION('',(0.,0.,1.));
#2640 = DIRECTION('',(1.,0.,-0.));
#2641 = ORIENTED_EDGE('',*,*,#2642,.F.);
#2642 = EDGE_CURVE('',#2326,#2634,#2643,.T.);
#2643 = CIRCLE('',#2644,8.723877473067E-02);
#2644 = AXIS2_PLACEMENT_3D('',#2645,#2646,#2647);
#2645 = CARTESIAN_POINT('',(0.939692620786,-0.342020143326,1.1));
#2646 = DIRECTION('',(0.,0.,1.));
#2647 = DIRECTION('',(1.,0.,-0.));
#2648 = PLANE('',#2649);
#2649 = AXIS2_PLACEMENT_3D('',#2650,#2651,#2652);
#2650 = CARTESIAN_POINT('',(0.,0.937238774731,1.1));
#2651 = DIRECTION('',(0.,0.,1.));
#2652 = DIRECTION('',(1.,0.,-0.));
#2653 = ADVANCED_FACE('',(#2654),#2664,.T.);
#2654 = FACE_BOUND('',#2655,.T.);
#2655 = EDGE_LOOP('',(#2656,#2657,#2662,#2663));
#2656 = ORIENTED_EDGE('',*,*,#2314,.F.);
#2657 = ORIENTED_EDGE('',*,*,#2658,.F.);
#2658 = EDGE_CURVE('',#2298,#2315,#2659,.T.);
#2659 = B_SPLINE_CURVE_WITH_KNOTS('',1,(#2660,#2661),.UNSPECIFIED.,.F.,
  .F.,(2,2),(-0.4,0.4),.PIECEWISE_BEZIER_KNOTS.);
#2660 = CARTESIAN_POINT('',(-0.787238774731,-1.928178891277E-16,1.9));
#2661 = CARTESIAN_POINT('',(-0.787238774731,-1.928178891277E-16,1.1));
#2662 = ORIENTED_EDGE('',*,*,#2297,.T.);
#2663 = ORIENTED_EDGE('',*,*,#2658,.T.);
#2664 = CYLINDRICAL_SURFACE('',#2665,0.787238774731);
#2665 = AXIS2_PLACEMENT_3D('',#2666,#2667,#2668);
#2666 = CARTESIAN_POINT('',(0.,0.,1.5));
#2667 = DIRECTION('',(0.,0.,-1.));
#2668 = DIRECTION('',(-1.,0.,0.));
#2669 = ADVANCED_FACE('',(#2670),#2688,.F.);
#2670 = FACE_BOUND('',#2671,.F.);
#2671 = EDGE_LOOP('',(#2672,#2681,#2686,#2687));
#2672 = ORIENTED_EDGE('',*,*,#2673,.F.);
#2673 = EDGE_CURVE('',#2674,#2674,#2676,.T.);
#2674 = VERTEX_POINT('',#2675);
#2675 = CARTESIAN_POINT('',(-0.5,0.,0.));
#2676 = CIRCLE('',#2677,0.5);
#2677 = AXIS2_PLACEMENT_3D('',#2678,#2679,#2680);
#2678 = CARTESIAN_POINT('',(0.,0.,0.));
#2679 = DIRECTION('',(0.,0.,-1.));
#2680 = DIRECTION('',(-1.,0.,0.));
#2681 = ORIENTED_EDGE('',*,*,#2682,.F.);
#2682 = EDGE_CURVE('',#1125,#2674,#2683,.T.);
#2683 = B_SPLINE_CURVE_WITH_KNOTS('',1,(#2684,#2685),.UNSPECIFIED.,.F.,
  .F.,(2,2),(-1.5,1.5),.PIECEWISE_BEZIER_KNOTS.);
#2684 = CARTESIAN_POINT('',(-0.5,-1.224646799147E-16,3.));
#2685 = CARTESIAN_POINT('',(-0.5,-1.224646799147E-16,0.));
#2686 = ORIENTED_EDGE('',*,*,#1124,.T.);
#2687 = ORIENTED_EDGE('',*,*,#2682,.T.);
#2688 = CYLINDRICAL_SURFACE('',#2689,0.5);
#2689 = AXIS2_PLACEMENT_3D('',#2690,#2691,#2692);
#2690 = CARTESIAN_POINT('',(0.,0.,1.5));
#2691 = DIRECTION('',(0.,0.,-1.));
#2692 = DIRECTION('',(-1.,0.,0.));
#2693 = ADVANCED_FACE('',(#2694),#2720,.T.);
#2694 = FACE_BOUND('',#2695,.T.);
#2695 = EDGE_LOOP('',(#2696,#2704,#2705,#2713));
#2696 = ORIENTED_EDGE('',*,*,#2697,.F.);
#2697 = EDGE_CURVE('',#2436,#2698,#2700,.T.);
#2698 = VERTEX_POINT('',#2699);
#2699 = CARTESIAN_POINT('',(-0.422618261741,0.906307787037,0.));
#2700 = LINE('',#2701,#2702);
#2701 = CARTESIAN_POINT('',(-0.422618261741,0.906307787037,3.));
#2702 = VECTOR('',#2703,1.);
#2703 = DIRECTION('',(0.,0.,-1.));
#2704 = ORIENTED_EDGE('',*,*,#2435,.F.);
#2705 = ORIENTED_EDGE('',*,*,#2706,.T.);
#2706 = EDGE_CURVE('',#2427,#2707,#2709,.T.);
#2707 = VERTEX_POINT('',#2708);
#2708 = CARTESIAN_POINT('',(-0.258819045103,0.965925826289,0.));
#2709 = LINE('',#2710,#2711);
#2710 = CARTESIAN_POINT('',(-0.258819045103,0.965925826289,3.));
#2711 = VECTOR('',#2712,1.);
#2712 = DIRECTION('',(0.,0.,-1.));
#2713 = ORIENTED_EDGE('',*,*,#2714,.T.);
#2714 = EDGE_CURVE('',#2707,#2698,#2715,.T.);
#2715 = CIRCLE('',#2716,8.723877473067E-02);
#2716 = AXIS2_PLACEMENT_3D('',#2717,#2718,#2719);
#2717 = CARTESIAN_POINT('',(-0.342020143326,0.939692620786,0.));
#2718 = DIRECTION('',(0.,0.,1.));
#2719 = DIRECTION('',(0.939692620786,0.342020143326,-0.));
#2720 = CYLINDRICAL_SURFACE('',#2721,8.723877473067E-02);
#2721 = AXIS2_PLACEMENT_3D('',#2722,#2723,#2724);
#2722 = CARTESIAN_POINT('',(-0.342020143326,0.939692620786,3.));
#2723 = DIRECTION('',(0.,0.,-1.));
#2724 = DIRECTION('',(-0.939692620786,-0.342020143326,-0.));
#2725 = ADVANCED_FACE('',(#2726),#2752,.T.);
#2726 = FACE_BOUND('',#2727,.T.);
#2727 = EDGE_LOOP('',(#2728,#2729,#2737,#2746));
#2728 = ORIENTED_EDGE('',*,*,#2453,.F.);
#2729 = ORIENTED_EDGE('',*,*,#2730,.T.);
#2730 = EDGE_CURVE('',#2445,#2731,#2733,.T.);
#2731 = VERTEX_POINT('',#2732);
#2732 = CARTESIAN_POINT('',(-0.573576436351,0.819152044289,0.));
#2733 = LINE('',#2734,#2735);
#2734 = CARTESIAN_POINT('',(-0.573576436351,0.819152044289,3.));
#2735 = VECTOR('',#2736,1.);
#2736 = DIRECTION('',(0.,0.,-1.));
#2737 = ORIENTED_EDGE('',*,*,#2738,.T.);
#2738 = EDGE_CURVE('',#2731,#2739,#2741,.T.);
#2739 = VERTEX_POINT('',#2740);
#2740 = CARTESIAN_POINT('',(-0.707106781187,0.707106781187,0.));
#2741 = CIRCLE('',#2742,8.723877473067E-02);
#2742 = AXIS2_PLACEMENT_3D('',#2743,#2744,#2745);
#2743 = CARTESIAN_POINT('',(-0.642787609687,0.766044443119,0.));
#2744 = DIRECTION('',(0.,0.,1.));
#2745 = DIRECTION('',(0.766044443119,0.642787609687,-0.));
#2746 = ORIENTED_EDGE('',*,*,#2747,.F.);
#2747 = EDGE_CURVE('',#2454,#2739,#2748,.T.);
#2748 = LINE('',#2749,#2750);
#2749 = CARTESIAN_POINT('',(-0.707106781187,0.707106781187,3.));
#2750 = VECTOR('',#2751,1.);
#2751 = DIRECTION('',(0.,0.,-1.));
#2752 = CYLINDRICAL_SURFACE('',#2753,8.723877473067E-02);
#2753 = AXIS2_PLACEMENT_3D('',#2754,#2755,#2756);
#2754 = CARTESIAN_POINT('',(-0.642787609687,0.766044443119,3.));
#2755 = DIRECTION('',(0.,0.,-1.));
#2756 = DIRECTION('',(-0.766044443119,-0.642787609687,-0.));
#2757 = ADVANCED_FACE('',(#2758),#2770,.F.);
#2758 = FACE_BOUND('',#2759,.F.);
#2759 = EDGE_LOOP('',(#2760,#2767,#2768,#2769));
#2760 = ORIENTED_EDGE('',*,*,#2761,.T.);
#2761 = EDGE_CURVE('',#2731,#2698,#2762,.T.);
#2762 = CIRCLE('',#2763,8.723877473067E-02);
#2763 = AXIS2_PLACEMENT_3D('',#2764,#2765,#2766);
#2764 = CARTESIAN_POINT('',(-0.5,0.866025403784,0.));
#2765 = DIRECTION('',(0.,0.,1.));
#2766 = DIRECTION('',(0.766044443119,0.642787609687,-0.));
#2767 = ORIENTED_EDGE('',*,*,#2697,.F.);
#2768 = ORIENTED_EDGE('',*,*,#2444,.F.);
#2769 = ORIENTED_EDGE('',*,*,#2730,.T.);
#2770 = CYLINDRICAL_SURFACE('',#2771,8.723877473067E-02);
#2771 = AXIS2_PLACEMENT_3D('',#2772,#2773,#2774);
#2772 = CARTESIAN_POINT('',(-0.5,0.866025403784,3.));
#2773 = DIRECTION('',(0.,0.,-1.));
#2774 = DIRECTION('',(-0.766044443119,-0.642787609687,-0.));
#2775 = ADVANCED_FACE('',(#2776),#2802,.T.);
#2776 = FACE_BOUND('',#2777,.T.);
#2777 = EDGE_LOOP('',(#2778,#2779,#2787,#2796));
#2778 = ORIENTED_EDGE('',*,*,#2471,.F.);
#2779 = ORIENTED_EDGE('',*,*,#2780,.T.);
#2780 = EDGE_CURVE('',#2463,#2781,#2783,.T.);
#2781 = VERTEX_POINT('',#2782);
#2782 = CARTESIAN_POINT('',(-0.819152044289,0.573576436351,0.));
#2783 = LINE('',#2784,#2785);
#2784 = CARTESIAN_POINT('',(-0.819152044289,0.573576436351,3.));
#2785 = VECTOR('',#2786,1.);
#2786 = DIRECTION('',(0.,0.,-1.));
#2787 = ORIENTED_EDGE('',*,*,#2788,.T.);
#2788 = EDGE_CURVE('',#2781,#2789,#2791,.T.);
#2789 = VERTEX_POINT('',#2790);
#2790 = CARTESIAN_POINT('',(-0.906307787037,0.422618261741,0.));
#2791 = CIRCLE('',#2792,8.723877473067E-02);
#2792 = AXIS2_PLACEMENT_3D('',#2793,#2794,#2795);
#2793 = CARTESIAN_POINT('',(-0.866025403784,0.5,0.));
#2794 = DIRECTION('',(0.,0.,1.));
#2795 = DIRECTION('',(0.5,0.866025403784,-0.));
#2796 = ORIENTED_EDGE('',*,*,#2797,.F.);
#2797 = EDGE_CURVE('',#2472,#2789,#2798,.T.);
#2798 = LINE('',#2799,#2800);
#2799 = CARTESIAN_POINT('',(-0.906307787037,0.422618261741,3.));
#2800 = VECTOR('',#2801,1.);
#2801 = DIRECTION('',(0.,0.,-1.));
#2802 = CYLINDRICAL_SURFACE('',#2803,8.723877473067E-02);
#2803 = AXIS2_PLACEMENT_3D('',#2804,#2805,#2806);
#2804 = CARTESIAN_POINT('',(-0.866025403784,0.5,3.));
#2805 = DIRECTION('',(0.,0.,-1.));
#2806 = DIRECTION('',(-0.5,-0.866025403784,-0.));
#2807 = ADVANCED_FACE('',(#2808),#2820,.F.);
#2808 = FACE_BOUND('',#2809,.F.);
#2809 = EDGE_LOOP('',(#2810,#2817,#2818,#2819));
#2810 = ORIENTED_EDGE('',*,*,#2811,.T.);
#2811 = EDGE_CURVE('',#2781,#2739,#2812,.T.);
#2812 = CIRCLE('',#2813,8.723877473067E-02);
#2813 = AXIS2_PLACEMENT_3D('',#2814,#2815,#2816);
#2814 = CARTESIAN_POINT('',(-0.766044443119,0.642787609687,0.));
#2815 = DIRECTION('',(0.,0.,1.));
#2816 = DIRECTION('',(0.5,0.866025403784,-0.));
#2817 = ORIENTED_EDGE('',*,*,#2747,.F.);
#2818 = ORIENTED_EDGE('',*,*,#2462,.F.);
#2819 = ORIENTED_EDGE('',*,*,#2780,.T.);
#2820 = CYLINDRICAL_SURFACE('',#2821,8.723877473067E-02);
#2821 = AXIS2_PLACEMENT_3D('',#2822,#2823,#2824);
#2822 = CARTESIAN_POINT('',(-0.766044443119,0.642787609687,3.));
#2823 = DIRECTION('',(0.,0.,-1.));
#2824 = DIRECTION('',(-0.5,-0.866025403784,-0.));
#2825 = ADVANCED_FACE('',(#2826),#2852,.T.);
#2826 = FACE_BOUND('',#2827,.T.);
#2827 = EDGE_LOOP('',(#2828,#2829,#2837,#2846));
#2828 = ORIENTED_EDGE('',*,*,#2489,.F.);
#2829 = ORIENTED_EDGE('',*,*,#2830,.T.);
#2830 = EDGE_CURVE('',#2481,#2831,#2833,.T.);
#2831 = VERTEX_POINT('',#2832);
#2832 = CARTESIAN_POINT('',(-0.965925826289,0.258819045103,0.));
#2833 = LINE('',#2834,#2835);
#2834 = CARTESIAN_POINT('',(-0.965925826289,0.258819045103,3.));
#2835 = VECTOR('',#2836,1.);
#2836 = DIRECTION('',(0.,0.,-1.));
#2837 = ORIENTED_EDGE('',*,*,#2838,.T.);
#2838 = EDGE_CURVE('',#2831,#2839,#2841,.T.);
#2839 = VERTEX_POINT('',#2840);
#2840 = CARTESIAN_POINT('',(-0.996194698092,8.715574274766E-02,0.));
#2841 = CIRCLE('',#2842,8.723877473067E-02);
#2842 = AXIS2_PLACEMENT_3D('',#2843,#2844,#2845);
#2843 = CARTESIAN_POINT('',(-0.984807753012,0.173648177667,0.));
#2844 = DIRECTION('',(0.,0.,1.));
#2845 = DIRECTION('',(0.173648177667,0.984807753012,-0.));
#2846 = ORIENTED_EDGE('',*,*,#2847,.F.);
#2847 = EDGE_CURVE('',#2490,#2839,#2848,.T.);
#2848 = LINE('',#2849,#2850);
#2849 = CARTESIAN_POINT('',(-0.996194698092,8.715574274766E-02,3.));
#2850 = VECTOR('',#2851,1.);
#2851 = DIRECTION('',(0.,0.,-1.));
#2852 = CYLINDRICAL_SURFACE('',#2853,8.723877473067E-02);
#2853 = AXIS2_PLACEMENT_3D('',#2854,#2855,#2856);
#2854 = CARTESIAN_POINT('',(-0.984807753012,0.173648177667,3.));
#2855 = DIRECTION('',(0.,0.,-1.));
#2856 = DIRECTION('',(-0.173648177667,-0.984807753012,-0.));
#2857 = ADVANCED_FACE('',(#2858),#2870,.F.);
#2858 = FACE_BOUND('',#2859,.F.);
#2859 = EDGE_LOOP('',(#2860,#2867,#2868,#2869));
#2860 = ORIENTED_EDGE('',*,*,#2861,.T.);
#2861 = EDGE_CURVE('',#2831,#2789,#2862,.T.);
#2862 = CIRCLE('',#2863,8.723877473067E-02);
#2863 = AXIS2_PLACEMENT_3D('',#2864,#2865,#2866);
#2864 = CARTESIAN_POINT('',(-0.939692620786,0.342020143326,0.));
#2865 = DIRECTION('',(0.,0.,1.));
#2866 = DIRECTION('',(0.173648177667,0.984807753012,-0.));
#2867 = ORIENTED_EDGE('',*,*,#2797,.F.);
#2868 = ORIENTED_EDGE('',*,*,#2480,.F.);
#2869 = ORIENTED_EDGE('',*,*,#2830,.T.);
#2870 = CYLINDRICAL_SURFACE('',#2871,8.723877473067E-02);
#2871 = AXIS2_PLACEMENT_3D('',#2872,#2873,#2874);
#2872 = CARTESIAN_POINT('',(-0.939692620786,0.342020143326,3.));
#2873 = DIRECTION('',(0.,0.,-1.));
#2874 = DIRECTION('',(-0.173648177667,-0.984807753012,-0.));
#2875 = ADVANCED_FACE('',(#2876),#2902,.T.);
#2876 = FACE_BOUND('',#2877,.T.);
#2877 = EDGE_LOOP('',(#2878,#2879,#2887,#2896));
#2878 = ORIENTED_EDGE('',*,*,#2507,.F.);
#2879 = ORIENTED_EDGE('',*,*,#2880,.T.);
#2880 = EDGE_CURVE('',#2499,#2881,#2883,.T.);
#2881 = VERTEX_POINT('',#2882);
#2882 = CARTESIAN_POINT('',(-0.996194698092,-8.715574274766E-02,0.));
#2883 = LINE('',#2884,#2885);
#2884 = CARTESIAN_POINT('',(-0.996194698092,-8.715574274766E-02,3.));
#2885 = VECTOR('',#2886,1.);
#2886 = DIRECTION('',(0.,0.,-1.));
#2887 = ORIENTED_EDGE('',*,*,#2888,.T.);
#2888 = EDGE_CURVE('',#2881,#2889,#2891,.T.);
#2889 = VERTEX_POINT('',#2890);
#2890 = CARTESIAN_POINT('',(-0.965925826289,-0.258819045103,0.));
#2891 = CIRCLE('',#2892,8.723877473067E-02);
#2892 = AXIS2_PLACEMENT_3D('',#2893,#2894,#2895);
#2893 = CARTESIAN_POINT('',(-0.984807753012,-0.173648177667,0.));
#2894 = DIRECTION('',(0.,0.,1.));
#2895 = DIRECTION('',(-0.173648177667,0.984807753012,0.));
#2896 = ORIENTED_EDGE('',*,*,#2897,.F.);
#2897 = EDGE_CURVE('',#2508,#2889,#2898,.T.);
#2898 = LINE('',#2899,#2900);
#2899 = CARTESIAN_POINT('',(-0.965925826289,-0.258819045103,3.));
#2900 = VECTOR('',#2901,1.);
#2901 = DIRECTION('',(0.,0.,-1.));
#2902 = CYLINDRICAL_SURFACE('',#2903,8.723877473067E-02);
#2903 = AXIS2_PLACEMENT_3D('',#2904,#2905,#2906);
#2904 = CARTESIAN_POINT('',(-0.984807753012,-0.173648177667,3.));
#2905 = DIRECTION('',(0.,0.,-1.));
#2906 = DIRECTION('',(0.173648177667,-0.984807753012,0.));
#2907 = ADVANCED_FACE('',(#2908),#2920,.F.);
#2908 = FACE_BOUND('',#2909,.F.);
#2909 = EDGE_LOOP('',(#2910,#2917,#2918,#2919));
#2910 = ORIENTED_EDGE('',*,*,#2911,.T.);
#2911 = EDGE_CURVE('',#2881,#2839,#2912,.T.);
#2912 = CIRCLE('',#2913,8.723877473067E-02);
#2913 = AXIS2_PLACEMENT_3D('',#2914,#2915,#2916);
#2914 = CARTESIAN_POINT('',(-1.,-3.794707603699E-16,0.));
#2915 = DIRECTION('',(0.,0.,1.));
#2916 = DIRECTION('',(-0.173648177667,0.984807753012,0.));
#2917 = ORIENTED_EDGE('',*,*,#2847,.F.);
#2918 = ORIENTED_EDGE('',*,*,#2498,.F.);
#2919 = ORIENTED_EDGE('',*,*,#2880,.T.);
#2920 = CYLINDRICAL_SURFACE('',#2921,8.723877473067E-02);
#2921 = AXIS2_PLACEMENT_3D('',#2922,#2923,#2924);
#2922 = CARTESIAN_POINT('',(-1.,-3.794707603699E-16,3.));
#2923 = DIRECTION('',(0.,0.,-1.));
#2924 = DIRECTION('',(0.173648177667,-0.984807753012,0.));
#2925 = ADVANCED_FACE('',(#2926),#2952,.T.);
#2926 = FACE_BOUND('',#2927,.T.);
#2927 = EDGE_LOOP('',(#2928,#2929,#2937,#2946));
#2928 = ORIENTED_EDGE('',*,*,#2525,.F.);
#2929 = ORIENTED_EDGE('',*,*,#2930,.T.);
#2930 = EDGE_CURVE('',#2517,#2931,#2933,.T.);
#2931 = VERTEX_POINT('',#2932);
#2932 = CARTESIAN_POINT('',(-0.906307787037,-0.422618261741,0.));
#2933 = LINE('',#2934,#2935);
#2934 = CARTESIAN_POINT('',(-0.906307787037,-0.422618261741,3.));
#2935 = VECTOR('',#2936,1.);
#2936 = DIRECTION('',(0.,0.,-1.));
#2937 = ORIENTED_EDGE('',*,*,#2938,.T.);
#2938 = EDGE_CURVE('',#2931,#2939,#2941,.T.);
#2939 = VERTEX_POINT('',#2940);
#2940 = CARTESIAN_POINT('',(-0.819152044289,-0.573576436351,0.));
#2941 = CIRCLE('',#2942,8.723877473067E-02);
#2942 = AXIS2_PLACEMENT_3D('',#2943,#2944,#2945);
#2943 = CARTESIAN_POINT('',(-0.866025403784,-0.5,0.));
#2944 = DIRECTION('',(0.,0.,1.));
#2945 = DIRECTION('',(-0.5,0.866025403784,0.));
#2946 = ORIENTED_EDGE('',*,*,#2947,.F.);
#2947 = EDGE_CURVE('',#2526,#2939,#2948,.T.);
#2948 = LINE('',#2949,#2950);
#2949 = CARTESIAN_POINT('',(-0.819152044289,-0.573576436351,3.));
#2950 = VECTOR('',#2951,1.);
#2951 = DIRECTION('',(0.,0.,-1.));
#2952 = CYLINDRICAL_SURFACE('',#2953,8.723877473067E-02);
#2953 = AXIS2_PLACEMENT_3D('',#2954,#2955,#2956);
#2954 = CARTESIAN_POINT('',(-0.866025403784,-0.5,3.));
#2955 = DIRECTION('',(0.,0.,-1.));
#2956 = DIRECTION('',(0.5,-0.866025403784,0.));
#2957 = ADVANCED_FACE('',(#2958),#2970,.F.);
#2958 = FACE_BOUND('',#2959,.F.);
#2959 = EDGE_LOOP('',(#2960,#2967,#2968,#2969));
#2960 = ORIENTED_EDGE('',*,*,#2961,.T.);
#2961 = EDGE_CURVE('',#2931,#2889,#2962,.T.);
#2962 = CIRCLE('',#2963,8.723877473067E-02);
#2963 = AXIS2_PLACEMENT_3D('',#2964,#2965,#2966);
#2964 = CARTESIAN_POINT('',(-0.939692620786,-0.342020143326,0.));
#2965 = DIRECTION('',(0.,0.,1.));
#2966 = DIRECTION('',(-0.5,0.866025403784,0.));
#2967 = ORIENTED_EDGE('',*,*,#2897,.F.);
#2968 = ORIENTED_EDGE('',*,*,#2516,.F.);
#2969 = ORIENTED_EDGE('',*,*,#2930,.T.);
#2970 = CYLINDRICAL_SURFACE('',#2971,8.723877473067E-02);
#2971 = AXIS2_PLACEMENT_3D('',#2972,#2973,#2974);
#2972 = CARTESIAN_POINT('',(-0.939692620786,-0.342020143326,3.));
#2973 = DIRECTION('',(0.,0.,-1.));
#2974 = DIRECTION('',(0.5,-0.866025403784,0.));
#2975 = ADVANCED_FACE('',(#2976),#3002,.T.);
#2976 = FACE_BOUND('',#2977,.T.);
#2977 = EDGE_LOOP('',(#2978,#2979,#2987,#2996));
#2978 = ORIENTED_EDGE('',*,*,#2543,.F.);
#2979 = ORIENTED_EDGE('',*,*,#2980,.T.);
#2980 = EDGE_CURVE('',#2535,#2981,#2983,.T.);
#2981 = VERTEX_POINT('',#2982);
#2982 = CARTESIAN_POINT('',(-0.707106781187,-0.707106781187,0.));
#2983 = LINE('',#2984,#2985);
#2984 = CARTESIAN_POINT('',(-0.707106781187,-0.707106781187,3.));
#2985 = VECTOR('',#2986,1.);
#2986 = DIRECTION('',(0.,0.,-1.));
#2987 = ORIENTED_EDGE('',*,*,#2988,.T.);
#2988 = EDGE_CURVE('',#2981,#2989,#2991,.T.);
#2989 = VERTEX_POINT('',#2990);
#2990 = CARTESIAN_POINT('',(-0.573576436351,-0.819152044289,0.));
#2991 = CIRCLE('',#2992,8.723877473067E-02);
#2992 = AXIS2_PLACEMENT_3D('',#2993,#2994,#2995);
#2993 = CARTESIAN_POINT('',(-0.642787609687,-0.766044443119,0.));
#2994 = DIRECTION('',(0.,0.,1.));
#2995 = DIRECTION('',(-0.766044443119,0.642787609687,0.));
#2996 = ORIENTED_EDGE('',*,*,#2997,.F.);
#2997 = EDGE_CURVE('',#2544,#2989,#2998,.T.);
#2998 = LINE('',#2999,#3000);
#2999 = CARTESIAN_POINT('',(-0.573576436351,-0.819152044289,3.));
#3000 = VECTOR('',#3001,1.);
#3001 = DIRECTION('',(0.,0.,-1.));
#3002 = CYLINDRICAL_SURFACE('',#3003,8.723877473067E-02);
#3003 = AXIS2_PLACEMENT_3D('',#3004,#3005,#3006);
#3004 = CARTESIAN_POINT('',(-0.642787609687,-0.766044443119,3.));
#3005 = DIRECTION('',(0.,0.,-1.));
#3006 = DIRECTION('',(0.766044443119,-0.642787609687,0.));
#3007 = ADVANCED_FACE('',(#3008),#3020,.F.);
#3008 = FACE_BOUND('',#3009,.F.);
#3009 = EDGE_LOOP('',(#3010,#3017,#3018,#3019));
#3010 = ORIENTED_EDGE('',*,*,#3011,.T.);
#3011 = EDGE_CURVE('',#2981,#2939,#3012,.T.);
#3012 = CIRCLE('',#3013,8.723877473067E-02);
#3013 = AXIS2_PLACEMENT_3D('',#3014,#3015,#3016);
#3014 = CARTESIAN_POINT('',(-0.766044443119,-0.642787609687,0.));
#3015 = DIRECTION('',(0.,0.,1.));
#3016 = DIRECTION('',(-0.766044443119,0.642787609687,0.));
#3017 = ORIENTED_EDGE('',*,*,#2947,.F.);
#3018 = ORIENTED_EDGE('',*,*,#2534,.F.);
#3019 = ORIENTED_EDGE('',*,*,#2980,.T.);
#3020 = CYLINDRICAL_SURFACE('',#3021,8.723877473067E-02);
#3021 = AXIS2_PLACEMENT_3D('',#3022,#3023,#3024);
#3022 = CARTESIAN_POINT('',(-0.766044443119,-0.642787609687,3.));
#3023 = DIRECTION('',(0.,0.,-1.));
#3024 = DIRECTION('',(0.766044443119,-0.642787609687,0.));
#3025 = ADVANCED_FACE('',(#3026),#3052,.T.);
#3026 = FACE_BOUND('',#3027,.T.);
#3027 = EDGE_LOOP('',(#3028,#3029,#3037,#3046));
#3028 = ORIENTED_EDGE('',*,*,#2561,.F.);
#3029 = ORIENTED_EDGE('',*,*,#3030,.T.);
#3030 = EDGE_CURVE('',#2553,#3031,#3033,.T.);
#3031 = VERTEX_POINT('',#3032);
#3032 = CARTESIAN_POINT('',(-0.422618261741,-0.906307787037,0.));
#3033 = LINE('',#3034,#3035);
#3034 = CARTESIAN_POINT('',(-0.422618261741,-0.906307787037,3.));
#3035 = VECTOR('',#3036,1.);
#3036 = DIRECTION('',(0.,0.,-1.));
#3037 = ORIENTED_EDGE('',*,*,#3038,.T.);
#3038 = EDGE_CURVE('',#3031,#3039,#3041,.T.);
#3039 = VERTEX_POINT('',#3040);
#3040 = CARTESIAN_POINT('',(-0.258819045103,-0.965925826289,0.));
#3041 = CIRCLE('',#3042,8.723877473067E-02);
#3042 = AXIS2_PLACEMENT_3D('',#3043,#3044,#3045);
#3043 = CARTESIAN_POINT('',(-0.342020143326,-0.939692620786,0.));
#3044 = DIRECTION('',(0.,0.,1.));
#3045 = DIRECTION('',(-0.939692620786,0.342020143326,0.));
#3046 = ORIENTED_EDGE('',*,*,#3047,.F.);
#3047 = EDGE_CURVE('',#2562,#3039,#3048,.T.);
#3048 = LINE('',#3049,#3050);
#3049 = CARTESIAN_POINT('',(-0.258819045103,-0.965925826289,3.));
#3050 = VECTOR('',#3051,1.);
#3051 = DIRECTION('',(0.,0.,-1.));
#3052 = CYLINDRICAL_SURFACE('',#3053,8.723877473067E-02);
#3053 = AXIS2_PLACEMENT_3D('',#3054,#3055,#3056);
#3054 = CARTESIAN_POINT('',(-0.342020143326,-0.939692620786,3.));
#3055 = DIRECTION('',(0.,0.,-1.));
#3056 = DIRECTION('',(0.939692620786,-0.342020143326,0.));
#3057 = ADVANCED_FACE('',(#3058),#3070,.F.);
#3058 = FACE_BOUND('',#3059,.F.);
#3059 = EDGE_LOOP('',(#3060,#3067,#3068,#3069));
#3060 = ORIENTED_EDGE('',*,*,#3061,.T.);
#3061 = EDGE_CURVE('',#3031,#2989,#3062,.T.);
#3062 = CIRCLE('',#3063,8.723877473067E-02);
#3063 = AXIS2_PLACEMENT_3D('',#3064,#3065,#3066);
#3064 = CARTESIAN_POINT('',(-0.5,-0.866025403784,0.));
#3065 = DIRECTION('',(0.,0.,1.));
#3066 = DIRECTION('',(-0.939692620786,0.342020143326,0.));
#3067 = ORIENTED_EDGE('',*,*,#2997,.F.);
#3068 = ORIENTED_EDGE('',*,*,#2552,.F.);
#3069 = ORIENTED_EDGE('',*,*,#3030,.T.);
#3070 = CYLINDRICAL_SURFACE('',#3071,8.723877473067E-02);
#3071 = AXIS2_PLACEMENT_3D('',#3072,#3073,#3074);
#3072 = CARTESIAN_POINT('',(-0.5,-0.866025403784,3.));
#3073 = DIRECTION('',(0.,0.,-1.));
#3074 = DIRECTION('',(0.939692620786,-0.342020143326,0.));
#3075 = ADVANCED_FACE('',(#3076),#3102,.T.);
#3076 = FACE_BOUND('',#3077,.T.);
#3077 = EDGE_LOOP('',(#3078,#3079,#3087,#3096));
#3078 = ORIENTED_EDGE('',*,*,#2579,.F.);
#3079 = ORIENTED_EDGE('',*,*,#3080,.T.);
#3080 = EDGE_CURVE('',#2571,#3081,#3083,.T.);
#3081 = VERTEX_POINT('',#3082);
#3082 = CARTESIAN_POINT('',(-8.715574274766E-02,-0.996194698092,0.));
#3083 = LINE('',#3084,#3085);
#3084 = CARTESIAN_POINT('',(-8.715574274766E-02,-0.996194698092,3.));
#3085 = VECTOR('',#3086,1.);
#3086 = DIRECTION('',(0.,0.,-1.));
#3087 = ORIENTED_EDGE('',*,*,#3088,.T.);
#3088 = EDGE_CURVE('',#3081,#3089,#3091,.T.);
#3089 = VERTEX_POINT('',#3090);
#3090 = CARTESIAN_POINT('',(8.715574274766E-02,-0.996194698092,0.));
#3091 = CIRCLE('',#3092,8.723877473067E-02);
#3092 = AXIS2_PLACEMENT_3D('',#3093,#3094,#3095);
#3093 = CARTESIAN_POINT('',(2.186001404625E-18,-1.,0.));
#3094 = DIRECTION('',(0.,0.,1.));
#3095 = DIRECTION('',(-1.,-1.224646799147E-16,0.));
#3096 = ORIENTED_EDGE('',*,*,#3097,.F.);
#3097 = EDGE_CURVE('',#2580,#3089,#3098,.T.);
#3098 = LINE('',#3099,#3100);
#3099 = CARTESIAN_POINT('',(8.715574274766E-02,-0.996194698092,3.));
#3100 = VECTOR('',#3101,1.);
#3101 = DIRECTION('',(0.,0.,-1.));
#3102 = CYLINDRICAL_SURFACE('',#3103,8.723877473067E-02);
#3103 = AXIS2_PLACEMENT_3D('',#3104,#3105,#3106);
#3104 = CARTESIAN_POINT('',(2.186001404625E-18,-1.,3.));
#3105 = DIRECTION('',(0.,0.,-1.));
#3106 = DIRECTION('',(1.,1.224646799147E-16,0.));
#3107 = ADVANCED_FACE('',(#3108),#3120,.F.);
#3108 = FACE_BOUND('',#3109,.F.);
#3109 = EDGE_LOOP('',(#3110,#3117,#3118,#3119));
#3110 = ORIENTED_EDGE('',*,*,#3111,.T.);
#3111 = EDGE_CURVE('',#3081,#3039,#3112,.T.);
#3112 = CIRCLE('',#3113,8.723877473067E-02);
#3113 = AXIS2_PLACEMENT_3D('',#3114,#3115,#3116);
#3114 = CARTESIAN_POINT('',(-0.173648177667,-0.984807753012,0.));
#3115 = DIRECTION('',(0.,0.,1.));
#3116 = DIRECTION('',(-1.,-1.224646799147E-16,0.));
#3117 = ORIENTED_EDGE('',*,*,#3047,.F.);
#3118 = ORIENTED_EDGE('',*,*,#2570,.F.);
#3119 = ORIENTED_EDGE('',*,*,#3080,.T.);
#3120 = CYLINDRICAL_SURFACE('',#3121,8.723877473067E-02);
#3121 = AXIS2_PLACEMENT_3D('',#3122,#3123,#3124);
#3122 = CARTESIAN_POINT('',(-0.173648177667,-0.984807753012,3.));
#3123 = DIRECTION('',(0.,0.,-1.));
#3124 = DIRECTION('',(1.,1.224646799147E-16,0.));
#3125 = ADVANCED_FACE('',(#3126),#3152,.T.);
#3126 = FACE_BOUND('',#3127,.T.);
#3127 = EDGE_LOOP('',(#3128,#3129,#3137,#3146));
#3128 = ORIENTED_EDGE('',*,*,#2597,.F.);
#3129 = ORIENTED_EDGE('',*,*,#3130,.T.);
#3130 = EDGE_CURVE('',#2589,#3131,#3133,.T.);
#3131 = VERTEX_POINT('',#3132);
#3132 = CARTESIAN_POINT('',(0.258819045103,-0.965925826289,0.));
#3133 = LINE('',#3134,#3135);
#3134 = CARTESIAN_POINT('',(0.258819045103,-0.965925826289,3.));
#3135 = VECTOR('',#3136,1.);
#3136 = DIRECTION('',(0.,0.,-1.));
#3137 = ORIENTED_EDGE('',*,*,#3138,.T.);
#3138 = EDGE_CURVE('',#3131,#3139,#3141,.T.);
#3139 = VERTEX_POINT('',#3140);
#3140 = CARTESIAN_POINT('',(0.422618261741,-0.906307787037,0.));
#3141 = CIRCLE('',#3142,8.723877473067E-02);
#3142 = AXIS2_PLACEMENT_3D('',#3143,#3144,#3145);
#3143 = CARTESIAN_POINT('',(0.342020143326,-0.939692620786,0.));
#3144 = DIRECTION('',(0.,0.,1.));
#3145 = DIRECTION('',(-0.939692620786,-0.342020143326,0.));
#3146 = ORIENTED_EDGE('',*,*,#3147,.F.);
#3147 = EDGE_CURVE('',#2598,#3139,#3148,.T.);
#3148 = LINE('',#3149,#3150);
#3149 = CARTESIAN_POINT('',(0.422618261741,-0.906307787037,3.));
#3150 = VECTOR('',#3151,1.);
#3151 = DIRECTION('',(0.,0.,-1.));
#3152 = CYLINDRICAL_SURFACE('',#3153,8.723877473067E-02);
#3153 = AXIS2_PLACEMENT_3D('',#3154,#3155,#3156);
#3154 = CARTESIAN_POINT('',(0.342020143326,-0.939692620786,3.));
#3155 = DIRECTION('',(0.,0.,-1.));
#3156 = DIRECTION('',(0.939692620786,0.342020143326,0.));
#3157 = ADVANCED_FACE('',(#3158),#3170,.F.);
#3158 = FACE_BOUND('',#3159,.F.);
#3159 = EDGE_LOOP('',(#3160,#3167,#3168,#3169));
#3160 = ORIENTED_EDGE('',*,*,#3161,.T.);
#3161 = EDGE_CURVE('',#3131,#3089,#3162,.T.);
#3162 = CIRCLE('',#3163,8.723877473067E-02);
#3163 = AXIS2_PLACEMENT_3D('',#3164,#3165,#3166);
#3164 = CARTESIAN_POINT('',(0.173648177667,-0.984807753012,0.));
#3165 = DIRECTION('',(0.,0.,1.));
#3166 = DIRECTION('',(-0.939692620786,-0.342020143326,0.));
#3167 = ORIENTED_EDGE('',*,*,#3097,.F.);
#3168 = ORIENTED_EDGE('',*,*,#2588,.F.);
#3169 = ORIENTED_EDGE('',*,*,#3130,.T.);
#3170 = CYLINDRICAL_SURFACE('',#3171,8.723877473067E-02);
#3171 = AXIS2_PLACEMENT_3D('',#3172,#3173,#3174);
#3172 = CARTESIAN_POINT('',(0.173648177667,-0.984807753012,3.));
#3173 = DIRECTION('',(0.,0.,-1.));
#3174 = DIRECTION('',(0.939692620786,0.342020143326,0.));
#3175 = ADVANCED_FACE('',(#3176),#3202,.T.);
#3176 = FACE_BOUND('',#3177,.T.);
#3177 = EDGE_LOOP('',(#3178,#3179,#3187,#3196));
#3178 = ORIENTED_EDGE('',*,*,#2615,.F.);
#3179 = ORIENTED_EDGE('',*,*,#3180,.T.);
#3180 = EDGE_CURVE('',#2607,#3181,#3183,.T.);
#3181 = VERTEX_POINT('',#3182);
#3182 = CARTESIAN_POINT('',(0.573576436351,-0.819152044289,0.));
#3183 = LINE('',#3184,#3185);
#3184 = CARTESIAN_POINT('',(0.573576436351,-0.819152044289,3.));
#3185 = VECTOR('',#3186,1.);
#3186 = DIRECTION('',(0.,0.,-1.));
#3187 = ORIENTED_EDGE('',*,*,#3188,.T.);
#3188 = EDGE_CURVE('',#3181,#3189,#3191,.T.);
#3189 = VERTEX_POINT('',#3190);
#3190 = CARTESIAN_POINT('',(0.707106781187,-0.707106781187,0.));
#3191 = CIRCLE('',#3192,8.723877473067E-02);
#3192 = AXIS2_PLACEMENT_3D('',#3193,#3194,#3195);
#3193 = CARTESIAN_POINT('',(0.642787609687,-0.766044443119,0.));
#3194 = DIRECTION('',(0.,0.,1.));
#3195 = DIRECTION('',(-0.766044443119,-0.642787609687,0.));
#3196 = ORIENTED_EDGE('',*,*,#3197,.F.);
#3197 = EDGE_CURVE('',#2616,#3189,#3198,.T.);
#3198 = LINE('',#3199,#3200);
#3199 = CARTESIAN_POINT('',(0.707106781187,-0.707106781187,3.));
#3200 = VECTOR('',#3201,1.);
#3201 = DIRECTION('',(0.,0.,-1.));
#3202 = CYLINDRICAL_SURFACE('',#3203,8.723877473067E-02);
#3203 = AXIS2_PLACEMENT_3D('',#3204,#3205,#3206);
#3204 = CARTESIAN_POINT('',(0.642787609687,-0.766044443119,3.));
#3205 = DIRECTION('',(0.,0.,-1.));
#3206 = DIRECTION('',(0.766044443119,0.642787609687,0.));
#3207 = ADVANCED_FACE('',(#3208),#3220,.F.);
#3208 = FACE_BOUND('',#3209,.F.);
#3209 = EDGE_LOOP('',(#3210,#3217,#3218,#3219));
#3210 = ORIENTED_EDGE('',*,*,#3211,.T.);
#3211 = EDGE_CURVE('',#3181,#3139,#3212,.T.);
#3212 = CIRCLE('',#3213,8.723877473067E-02);
#3213 = AXIS2_PLACEMENT_3D('',#3214,#3215,#3216);
#3214 = CARTESIAN_POINT('',(0.5,-0.866025403784,0.));
#3215 = DIRECTION('',(0.,0.,1.));
#3216 = DIRECTION('',(-0.766044443119,-0.642787609687,0.));
#3217 = ORIENTED_EDGE('',*,*,#3147,.F.);
#3218 = ORIENTED_EDGE('',*,*,#2606,.F.);
#3219 = ORIENTED_EDGE('',*,*,#3180,.T.);
#3220 = CYLINDRICAL_SURFACE('',#3221,8.723877473067E-02);
#3221 = AXIS2_PLACEMENT_3D('',#3222,#3223,#3224);
#3222 = CARTESIAN_POINT('',(0.5,-0.866025403784,3.));
#3223 = DIRECTION('',(0.,0.,-1.));
#3224 = DIRECTION('',(0.766044443119,0.642787609687,0.));
#3225 = ADVANCED_FACE('',(#3226),#3252,.T.);
#3226 = FACE_BOUND('',#3227,.T.);
#3227 = EDGE_LOOP('',(#3228,#3229,#3237,#3246));
#3228 = ORIENTED_EDGE('',*,*,#2633,.F.);
#3229 = ORIENTED_EDGE('',*,*,#3230,.T.);
#3230 = EDGE_CURVE('',#2625,#3231,#3233,.T.);
#3231 = VERTEX_POINT('',#3232);
#3232 = CARTESIAN_POINT('',(0.819152044289,-0.573576436351,0.));
#3233 = LINE('',#3234,#3235);
#3234 = CARTESIAN_POINT('',(0.819152044289,-0.573576436351,3.));
#3235 = VECTOR('',#3236,1.);
#3236 = DIRECTION('',(0.,0.,-1.));
#3237 = ORIENTED_EDGE('',*,*,#3238,.T.);
#3238 = EDGE_CURVE('',#3231,#3239,#3241,.T.);
#3239 = VERTEX_POINT('',#3240);
#3240 = CARTESIAN_POINT('',(0.906307787037,-0.422618261741,0.));
#3241 = CIRCLE('',#3242,8.723877473067E-02);
#3242 = AXIS2_PLACEMENT_3D('',#3243,#3244,#3245);
#3243 = CARTESIAN_POINT('',(0.866025403784,-0.5,0.));
#3244 = DIRECTION('',(0.,0.,1.));
#3245 = DIRECTION('',(-0.5,-0.866025403784,0.));
#3246 = ORIENTED_EDGE('',*,*,#3247,.F.);
#3247 = EDGE_CURVE('',#2634,#3239,#3248,.T.);
#3248 = LINE('',#3249,#3250);
#3249 = CARTESIAN_POINT('',(0.906307787037,-0.422618261741,3.));
#3250 = VECTOR('',#3251,1.);
#3251 = DIRECTION('',(0.,0.,-1.));
#3252 = CYLINDRICAL_SURFACE('',#3253,8.723877473067E-02);
#3253 = AXIS2_PLACEMENT_3D('',#3254,#3255,#3256);
#3254 = CARTESIAN_POINT('',(0.866025403784,-0.5,3.));
#3255 = DIRECTION('',(0.,0.,-1.));
#3256 = DIRECTION('',(0.5,0.866025403784,0.));
#3257 = ADVANCED_FACE('',(#3258),#3270,.F.);
#3258 = FACE_BOUND('',#3259,.F.);
#3259 = EDGE_LOOP('',(#3260,#3267,#3268,#3269));
#3260 = ORIENTED_EDGE('',*,*,#3261,.T.);
#3261 = EDGE_CURVE('',#3231,#3189,#3262,.T.);
#3262 = CIRCLE('',#3263,8.723877473067E-02);
#3263 = AXIS2_PLACEMENT_3D('',#3264,#3265,#3266);
#3264 = CARTESIAN_POINT('',(0.766044443119,-0.642787609687,0.));
#3265 = DIRECTION('',(0.,0.,1.));
#3266 = DIRECTION('',(-0.5,-0.866025403784,0.));
#3267 = ORIENTED_EDGE('',*,*,#3197,.F.);
#3268 = ORIENTED_EDGE('',*,*,#2624,.F.);
#3269 = ORIENTED_EDGE('',*,*,#3230,.T.);
#3270 = CYLINDRICAL_SURFACE('',#3271,8.723877473067E-02);
#3271 = AXIS2_PLACEMENT_3D('',#3272,#3273,#3274);
#3272 = CARTESIAN_POINT('',(0.766044443119,-0.642787609687,3.));
#3273 = DIRECTION('',(0.,0.,-1.));
#3274 = DIRECTION('',(0.5,0.866025403784,0.));
#3275 = ADVANCED_FACE('',(#3276),#3302,.T.);
#3276 = FACE_BOUND('',#3277,.T.);
#3277 = EDGE_LOOP('',(#3278,#3286,#3287,#3295));
#3278 = ORIENTED_EDGE('',*,*,#3279,.F.);
#3279 = EDGE_CURVE('',#2328,#3280,#3282,.T.);
#3280 = VERTEX_POINT('',#3281);
#3281 = CARTESIAN_POINT('',(0.996194698092,-8.715574274766E-02,0.));
#3282 = LINE('',#3283,#3284);
#3283 = CARTESIAN_POINT('',(0.996194698092,-8.715574274766E-02,3.));
#3284 = VECTOR('',#3285,1.);
#3285 = DIRECTION('',(0.,0.,-1.));
#3286 = ORIENTED_EDGE('',*,*,#2325,.F.);
#3287 = ORIENTED_EDGE('',*,*,#3288,.T.);
#3288 = EDGE_CURVE('',#2326,#3289,#3291,.T.);
#3289 = VERTEX_POINT('',#3290);
#3290 = CARTESIAN_POINT('',(0.965925826289,-0.258819045103,0.));
#3291 = LINE('',#3292,#3293);
#3292 = CARTESIAN_POINT('',(0.965925826289,-0.258819045103,3.));
#3293 = VECTOR('',#3294,1.);
#3294 = DIRECTION('',(0.,0.,-1.));
#3295 = ORIENTED_EDGE('',*,*,#3296,.T.);
#3296 = EDGE_CURVE('',#3289,#3280,#3297,.T.);
#3297 = CIRCLE('',#3298,8.723877473067E-02);
#3298 = AXIS2_PLACEMENT_3D('',#3299,#3300,#3301);
#3299 = CARTESIAN_POINT('',(0.984807753012,-0.173648177667,0.));
#3300 = DIRECTION('',(0.,0.,1.));
#3301 = DIRECTION('',(-0.173648177667,-0.984807753012,0.));
#3302 = CYLINDRICAL_SURFACE('',#3303,8.723877473067E-02);
#3303 = AXIS2_PLACEMENT_3D('',#3304,#3305,#3306);
#3304 = CARTESIAN_POINT('',(0.984807753012,-0.173648177667,3.));
#3305 = DIRECTION('',(0.,0.,-1.));
#3306 = DIRECTION('',(0.173648177667,0.984807753012,0.));
#3307 = ADVANCED_FACE('',(#3308),#3320,.F.);
#3308 = FACE_BOUND('',#3309,.F.);
#3309 = EDGE_LOOP('',(#3310,#3317,#3318,#3319));
#3310 = ORIENTED_EDGE('',*,*,#3311,.T.);
#3311 = EDGE_CURVE('',#3289,#3239,#3312,.T.);
#3312 = CIRCLE('',#3313,8.723877473067E-02);
#3313 = AXIS2_PLACEMENT_3D('',#3314,#3315,#3316);
#3314 = CARTESIAN_POINT('',(0.939692620786,-0.342020143326,0.));
#3315 = DIRECTION('',(0.,0.,1.));
#3316 = DIRECTION('',(-0.173648177667,-0.984807753012,0.));
#3317 = ORIENTED_EDGE('',*,*,#3247,.F.);
#3318 = ORIENTED_EDGE('',*,*,#2642,.F.);
#3319 = ORIENTED_EDGE('',*,*,#3288,.T.);
#3320 = CYLINDRICAL_SURFACE('',#3321,8.723877473067E-02);
#3321 = AXIS2_PLACEMENT_3D('',#3322,#3323,#3324);
#3322 = CARTESIAN_POINT('',(0.939692620786,-0.342020143326,3.));
#3323 = DIRECTION('',(0.,0.,-1.));
#3324 = DIRECTION('',(0.173648177667,0.984807753012,0.));
#3325 = ADVANCED_FACE('',(#3326),#3352,.T.);
#3326 = FACE_BOUND('',#3327,.T.);
#3327 = EDGE_LOOP('',(#3328,#3336,#3337,#3345));
#3328 = ORIENTED_EDGE('',*,*,#3329,.F.);
#3329 = EDGE_CURVE('',#2346,#3330,#3332,.T.);
#3330 = VERTEX_POINT('',#3331);
#3331 = CARTESIAN_POINT('',(0.965925826289,0.258819045103,0.));
#3332 = LINE('',#3333,#3334);
#3333 = CARTESIAN_POINT('',(0.965925826289,0.258819045103,3.));
#3334 = VECTOR('',#3335,1.);
#3335 = DIRECTION('',(0.,0.,-1.));
#3336 = ORIENTED_EDGE('',*,*,#2345,.F.);
#3337 = ORIENTED_EDGE('',*,*,#3338,.T.);
#3338 = EDGE_CURVE('',#2337,#3339,#3341,.T.);
#3339 = VERTEX_POINT('',#3340);
#3340 = CARTESIAN_POINT('',(0.996194698092,8.715574274766E-02,0.));
#3341 = LINE('',#3342,#3343);
#3342 = CARTESIAN_POINT('',(0.996194698092,8.715574274766E-02,3.));
#3343 = VECTOR('',#3344,1.);
#3344 = DIRECTION('',(0.,0.,-1.));
#3345 = ORIENTED_EDGE('',*,*,#3346,.T.);
#3346 = EDGE_CURVE('',#3339,#3330,#3347,.T.);
#3347 = CIRCLE('',#3348,8.723877473067E-02);
#3348 = AXIS2_PLACEMENT_3D('',#3349,#3350,#3351);
#3349 = CARTESIAN_POINT('',(0.984807753012,0.173648177667,0.));
#3350 = DIRECTION('',(0.,0.,1.));
#3351 = DIRECTION('',(0.173648177667,-0.984807753012,0.));
#3352 = CYLINDRICAL_SURFACE('',#3353,8.723877473067E-02);
#3353 = AXIS2_PLACEMENT_3D('',#3354,#3355,#3356);
#3354 = CARTESIAN_POINT('',(0.984807753012,0.173648177667,3.));
#3355 = DIRECTION('',(0.,0.,-1.));
#3356 = DIRECTION('',(-0.173648177667,0.984807753012,0.));
#3357 = ADVANCED_FACE('',(#3358),#3370,.F.);
#3358 = FACE_BOUND('',#3359,.F.);
#3359 = EDGE_LOOP('',(#3360,#3367,#3368,#3369));
#3360 = ORIENTED_EDGE('',*,*,#3361,.T.);
#3361 = EDGE_CURVE('',#3339,#3280,#3362,.T.);
#3362 = CIRCLE('',#3363,8.723877473067E-02);
#3363 = AXIS2_PLACEMENT_3D('',#3364,#3365,#3366);
#3364 = CARTESIAN_POINT('',(1.,4.607859233063E-16,0.));
#3365 = DIRECTION('',(0.,0.,1.));
#3366 = DIRECTION('',(0.173648177667,-0.984807753012,0.));
#3367 = ORIENTED_EDGE('',*,*,#3279,.F.);
#3368 = ORIENTED_EDGE('',*,*,#2336,.F.);
#3369 = ORIENTED_EDGE('',*,*,#3338,.T.);
#3370 = CYLINDRICAL_SURFACE('',#3371,8.723877473067E-02);
#3371 = AXIS2_PLACEMENT_3D('',#3372,#3373,#3374);
#3372 = CARTESIAN_POINT('',(1.,4.607859233063E-16,3.));
#3373 = DIRECTION('',(0.,0.,-1.));
#3374 = DIRECTION('',(-0.173648177667,0.984807753012,0.));
#3375 = ADVANCED_FACE('',(#3376),#3402,.T.);
#3376 = FACE_BOUND('',#3377,.T.);
#3377 = EDGE_LOOP('',(#3378,#3386,#3387,#3395));
#3378 = ORIENTED_EDGE('',*,*,#3379,.F.);
#3379 = EDGE_CURVE('',#2364,#3380,#3382,.T.);
#3380 = VERTEX_POINT('',#3381);
#3381 = CARTESIAN_POINT('',(0.819152044289,0.573576436351,0.));
#3382 = LINE('',#3383,#3384);
#3383 = CARTESIAN_POINT('',(0.819152044289,0.573576436351,3.));
#3384 = VECTOR('',#3385,1.);
#3385 = DIRECTION('',(0.,0.,-1.));
#3386 = ORIENTED_EDGE('',*,*,#2363,.F.);
#3387 = ORIENTED_EDGE('',*,*,#3388,.T.);
#3388 = EDGE_CURVE('',#2355,#3389,#3391,.T.);
#3389 = VERTEX_POINT('',#3390);
#3390 = CARTESIAN_POINT('',(0.906307787037,0.422618261741,0.));
#3391 = LINE('',#3392,#3393);
#3392 = CARTESIAN_POINT('',(0.906307787037,0.422618261741,3.));
#3393 = VECTOR('',#3394,1.);
#3394 = DIRECTION('',(0.,0.,-1.));
#3395 = ORIENTED_EDGE('',*,*,#3396,.T.);
#3396 = EDGE_CURVE('',#3389,#3380,#3397,.T.);
#3397 = CIRCLE('',#3398,8.723877473067E-02);
#3398 = AXIS2_PLACEMENT_3D('',#3399,#3400,#3401);
#3399 = CARTESIAN_POINT('',(0.866025403784,0.5,0.));
#3400 = DIRECTION('',(0.,0.,1.));
#3401 = DIRECTION('',(0.5,-0.866025403784,0.));
#3402 = CYLINDRICAL_SURFACE('',#3403,8.723877473067E-02);
#3403 = AXIS2_PLACEMENT_3D('',#3404,#3405,#3406);
#3404 = CARTESIAN_POINT('',(0.866025403784,0.5,3.));
#3405 = DIRECTION('',(0.,0.,-1.));
#3406 = DIRECTION('',(-0.5,0.866025403784,0.));
#3407 = ADVANCED_FACE('',(#3408),#3420,.F.);
#3408 = FACE_BOUND('',#3409,.F.);
#3409 = EDGE_LOOP('',(#3410,#3417,#3418,#3419));
#3410 = ORIENTED_EDGE('',*,*,#3411,.T.);
#3411 = EDGE_CURVE('',#3389,#3330,#3412,.T.);
#3412 = CIRCLE('',#3413,8.723877473067E-02);
#3413 = AXIS2_PLACEMENT_3D('',#3414,#3415,#3416);
#3414 = CARTESIAN_POINT('',(0.939692620786,0.342020143326,0.));
#3415 = DIRECTION('',(0.,0.,1.));
#3416 = DIRECTION('',(0.5,-0.866025403784,0.));
#3417 = ORIENTED_EDGE('',*,*,#3329,.F.);
#3418 = ORIENTED_EDGE('',*,*,#2354,.F.);
#3419 = ORIENTED_EDGE('',*,*,#3388,.T.);
#3420 = CYLINDRICAL_SURFACE('',#3421,8.723877473067E-02);
#3421 = AXIS2_PLACEMENT_3D('',#3422,#3423,#3424);
#3422 = CARTESIAN_POINT('',(0.939692620786,0.342020143326,3.));
#3423 = DIRECTION('',(0.,0.,-1.));
#3424 = DIRECTION('',(-0.5,0.866025403784,0.));
#3425 = ADVANCED_FACE('',(#3426),#3452,.T.);
#3426 = FACE_BOUND('',#3427,.T.);
#3427 = EDGE_LOOP('',(#3428,#3436,#3437,#3445));
#3428 = ORIENTED_EDGE('',*,*,#3429,.F.);
#3429 = EDGE_CURVE('',#2382,#3430,#3432,.T.);
#3430 = VERTEX_POINT('',#3431);
#3431 = CARTESIAN_POINT('',(0.573576436351,0.819152044289,0.));
#3432 = LINE('',#3433,#3434);
#3433 = CARTESIAN_POINT('',(0.573576436351,0.819152044289,3.));
#3434 = VECTOR('',#3435,1.);
#3435 = DIRECTION('',(0.,0.,-1.));
#3436 = ORIENTED_EDGE('',*,*,#2381,.F.);
#3437 = ORIENTED_EDGE('',*,*,#3438,.T.);
#3438 = EDGE_CURVE('',#2373,#3439,#3441,.T.);
#3439 = VERTEX_POINT('',#3440);
#3440 = CARTESIAN_POINT('',(0.707106781187,0.707106781187,0.));
#3441 = LINE('',#3442,#3443);
#3442 = CARTESIAN_POINT('',(0.707106781187,0.707106781187,3.));
#3443 = VECTOR('',#3444,1.);
#3444 = DIRECTION('',(0.,0.,-1.));
#3445 = ORIENTED_EDGE('',*,*,#3446,.T.);
#3446 = EDGE_CURVE('',#3439,#3430,#3447,.T.);
#3447 = CIRCLE('',#3448,8.723877473067E-02);
#3448 = AXIS2_PLACEMENT_3D('',#3449,#3450,#3451);
#3449 = CARTESIAN_POINT('',(0.642787609687,0.766044443119,0.));
#3450 = DIRECTION('',(0.,0.,1.));
#3451 = DIRECTION('',(0.766044443119,-0.642787609687,0.));
#3452 = CYLINDRICAL_SURFACE('',#3453,8.723877473067E-02);
#3453 = AXIS2_PLACEMENT_3D('',#3454,#3455,#3456);
#3454 = CARTESIAN_POINT('',(0.642787609687,0.766044443119,3.));
#3455 = DIRECTION('',(0.,0.,-1.));
#3456 = DIRECTION('',(-0.766044443119,0.642787609687,0.));
#3457 = ADVANCED_FACE('',(#3458),#3470,.F.);
#3458 = FACE_BOUND('',#3459,.F.);
#3459 = EDGE_LOOP('',(#3460,#3467,#3468,#3469));
#3460 = ORIENTED_EDGE('',*,*,#3461,.T.);
#3461 = EDGE_CURVE('',#3439,#3380,#3462,.T.);
#3462 = CIRCLE('',#3463,8.723877473067E-02);
#3463 = AXIS2_PLACEMENT_3D('',#3464,#3465,#3466);
#3464 = CARTESIAN_POINT('',(0.766044443119,0.642787609687,0.));
#3465 = DIRECTION('',(0.,0.,1.));
#3466 = DIRECTION('',(0.766044443119,-0.642787609687,0.));
#3467 = ORIENTED_EDGE('',*,*,#3379,.F.);
#3468 = ORIENTED_EDGE('',*,*,#2372,.F.);
#3469 = ORIENTED_EDGE('',*,*,#3438,.T.);
#3470 = CYLINDRICAL_SURFACE('',#3471,8.723877473067E-02);
#3471 = AXIS2_PLACEMENT_3D('',#3472,#3473,#3474);
#3472 = CARTESIAN_POINT('',(0.766044443119,0.642787609687,3.));
#3473 = DIRECTION('',(0.,0.,-1.));
#3474 = DIRECTION('',(-0.766044443119,0.642787609687,0.));
#3475 = ADVANCED_FACE('',(#3476),#3502,.T.);
#3476 = FACE_BOUND('',#3477,.T.);
#3477 = EDGE_LOOP('',(#3478,#3486,#3487,#3495));
#3478 = ORIENTED_EDGE('',*,*,#3479,.F.);
#3479 = EDGE_CURVE('',#2400,#3480,#3482,.T.);
#3480 = VERTEX_POINT('',#3481);
#3481 = CARTESIAN_POINT('',(0.258819045103,0.965925826289,0.));
#3482 = LINE('',#3483,#3484);
#3483 = CARTESIAN_POINT('',(0.258819045103,0.965925826289,3.));
#3484 = VECTOR('',#3485,1.);
#3485 = DIRECTION('',(0.,0.,-1.));
#3486 = ORIENTED_EDGE('',*,*,#2399,.F.);
#3487 = ORIENTED_EDGE('',*,*,#3488,.T.);
#3488 = EDGE_CURVE('',#2391,#3489,#3491,.T.);
#3489 = VERTEX_POINT('',#3490);
#3490 = CARTESIAN_POINT('',(0.422618261741,0.906307787037,0.));
#3491 = LINE('',#3492,#3493);
#3492 = CARTESIAN_POINT('',(0.422618261741,0.906307787037,3.));
#3493 = VECTOR('',#3494,1.);
#3494 = DIRECTION('',(0.,0.,-1.));
#3495 = ORIENTED_EDGE('',*,*,#3496,.T.);
#3496 = EDGE_CURVE('',#3489,#3480,#3497,.T.);
#3497 = CIRCLE('',#3498,8.723877473067E-02);
#3498 = AXIS2_PLACEMENT_3D('',#3499,#3500,#3501);
#3499 = CARTESIAN_POINT('',(0.342020143326,0.939692620786,0.));
#3500 = DIRECTION('',(0.,0.,1.));
#3501 = DIRECTION('',(0.939692620786,-0.342020143326,0.));
#3502 = CYLINDRICAL_SURFACE('',#3503,8.723877473067E-02);
#3503 = AXIS2_PLACEMENT_3D('',#3504,#3505,#3506);
#3504 = CARTESIAN_POINT('',(0.342020143326,0.939692620786,3.));
#3505 = DIRECTION('',(0.,0.,-1.));
#3506 = DIRECTION('',(-0.939692620786,0.342020143326,0.));
#3507 = ADVANCED_FACE('',(#3508),#3520,.F.);
#3508 = FACE_BOUND('',#3509,.F.);
#3509 = EDGE_LOOP('',(#3510,#3517,#3518,#3519));
#3510 = ORIENTED_EDGE('',*,*,#3511,.T.);
#3511 = EDGE_CURVE('',#3489,#3430,#3512,.T.);
#3512 = CIRCLE('',#3513,8.723877473067E-02);
#3513 = AXIS2_PLACEMENT_3D('',#3514,#3515,#3516);
#3514 = CARTESIAN_POINT('',(0.5,0.866025403784,0.));
#3515 = DIRECTION('',(0.,0.,1.));
#3516 = DIRECTION('',(0.939692620786,-0.342020143326,0.));
#3517 = ORIENTED_EDGE('',*,*,#3429,.F.);
#3518 = ORIENTED_EDGE('',*,*,#2390,.F.);
#3519 = ORIENTED_EDGE('',*,*,#3488,.T.);
#3520 = CYLINDRICAL_SURFACE('',#3521,8.723877473067E-02);
#3521 = AXIS2_PLACEMENT_3D('',#3522,#3523,#3524);
#3522 = CARTESIAN_POINT('',(0.5,0.866025403784,3.));
#3523 = DIRECTION('',(0.,0.,-1.));
#3524 = DIRECTION('',(-0.939692620786,0.342020143326,0.));
#3525 = ADVANCED_FACE('',(#3526,#3529),#3589,.F.);
#3526 = FACE_BOUND('',#3527,.T.);
#3527 = EDGE_LOOP('',(#3528));
#3528 = ORIENTED_EDGE('',*,*,#2673,.F.);
#3529 = FACE_BOUND('',#3530,.T.);
#3530 = EDGE_LOOP('',(#3531,#3532,#3541,#3550,#3557,#3558,#3559,#3560,
    #3561,#3562,#3563,#3564,#3565,#3566,#3567,#3568,#3569,#3570,#3571,
    #3572,#3573,#3574,#3575,#3576,#3577,#3578,#3579,#3580,#3581,#3582,
    #3583,#3584,#3585,#3586,#3587,#3588));
#3531 = ORIENTED_EDGE('',*,*,#2714,.F.);
#3532 = ORIENTED_EDGE('',*,*,#3533,.T.);
#3533 = EDGE_CURVE('',#2707,#3534,#3536,.T.);
#3534 = VERTEX_POINT('',#3535);
#3535 = CARTESIAN_POINT('',(-8.715574274766E-02,0.996194698092,0.));
#3536 = CIRCLE('',#3537,8.723877473067E-02);
#3537 = AXIS2_PLACEMENT_3D('',#3538,#3539,#3540);
#3538 = CARTESIAN_POINT('',(-0.173648177667,0.984807753012,0.));
#3539 = DIRECTION('',(0.,0.,1.));
#3540 = DIRECTION('',(1.,0.,-0.));
#3541 = ORIENTED_EDGE('',*,*,#3542,.F.);
#3542 = EDGE_CURVE('',#3543,#3534,#3545,.T.);
#3543 = VERTEX_POINT('',#3544);
#3544 = CARTESIAN_POINT('',(8.715574274766E-02,0.996194698092,0.));
#3545 = CIRCLE('',#3546,8.723877473067E-02);
#3546 = AXIS2_PLACEMENT_3D('',#3547,#3548,#3549);
#3547 = CARTESIAN_POINT('',(1.202786785101E-16,1.,0.));
#3548 = DIRECTION('',(0.,0.,1.));
#3549 = DIRECTION('',(1.,0.,-0.));
#3550 = ORIENTED_EDGE('',*,*,#3551,.T.);
#3551 = EDGE_CURVE('',#3543,#3480,#3552,.T.);
#3552 = CIRCLE('',#3553,8.723877473067E-02);
#3553 = AXIS2_PLACEMENT_3D('',#3554,#3555,#3556);
#3554 = CARTESIAN_POINT('',(0.173648177667,0.984807753012,0.));
#3555 = DIRECTION('',(0.,0.,1.));
#3556 = DIRECTION('',(1.,0.,-0.));
#3557 = ORIENTED_EDGE('',*,*,#3496,.F.);
#3558 = ORIENTED_EDGE('',*,*,#3511,.T.);
#3559 = ORIENTED_EDGE('',*,*,#3446,.F.);
#3560 = ORIENTED_EDGE('',*,*,#3461,.T.);
#3561 = ORIENTED_EDGE('',*,*,#3396,.F.);
#3562 = ORIENTED_EDGE('',*,*,#3411,.T.);
#3563 = ORIENTED_EDGE('',*,*,#3346,.F.);
#3564 = ORIENTED_EDGE('',*,*,#3361,.T.);
#3565 = ORIENTED_EDGE('',*,*,#3296,.F.);
#3566 = ORIENTED_EDGE('',*,*,#3311,.T.);
#3567 = ORIENTED_EDGE('',*,*,#3238,.F.);
#3568 = ORIENTED_EDGE('',*,*,#3261,.T.);
#3569 = ORIENTED_EDGE('',*,*,#3188,.F.);
#3570 = ORIENTED_EDGE('',*,*,#3211,.T.);
#3571 = ORIENTED_EDGE('',*,*,#3138,.F.);
#3572 = ORIENTED_EDGE('',*,*,#3161,.T.);
#3573 = ORIENTED_EDGE('',*,*,#3088,.F.);
#3574 = ORIENTED_EDGE('',*,*,#3111,.T.);
#3575 = ORIENTED_EDGE('',*,*,#3038,.F.);
#3576 = ORIENTED_EDGE('',*,*,#3061,.T.);
#3577 = ORIENTED_EDGE('',*,*,#2988,.F.);
#3578 = ORIENTED_EDGE('',*,*,#3011,.T.);
#3579 = ORIENTED_EDGE('',*,*,#2938,.F.);
#3580 = ORIENTED_EDGE('',*,*,#2961,.T.);
#3581 = ORIENTED_EDGE('',*,*,#2888,.F.);
#3582 = ORIENTED_EDGE('',*,*,#2911,.T.);
#3583 = ORIENTED_EDGE('',*,*,#2838,.F.);
#3584 = ORIENTED_EDGE('',*,*,#2861,.T.);
#3585 = ORIENTED_EDGE('',*,*,#2788,.F.);
#3586 = ORIENTED_EDGE('',*,*,#2811,.T.);
#3587 = ORIENTED_EDGE('',*,*,#2738,.F.);
#3588 = ORIENTED_EDGE('',*,*,#2761,.T.);
#3589 = PLANE('',#3590);
#3590 = AXIS2_PLACEMENT_3D('',#3591,#3592,#3593);
#3591 = CARTESIAN_POINT('',(0.,4.361938736534E-02,0.));
#3592 = DIRECTION('',(0.,0.,1.));
#3593 = DIRECTION('',(1.,0.,-0.));
#3594 = ADVANCED_FACE('',(#3595),#3606,.F.);
#3595 = FACE_BOUND('',#3596,.F.);
#3596 = EDGE_LOOP('',(#3597,#3598,#3604,#3605));
#3597 = ORIENTED_EDGE('',*,*,#3533,.T.);
#3598 = ORIENTED_EDGE('',*,*,#3599,.F.);
#3599 = EDGE_CURVE('',#2418,#3534,#3600,.T.);
#3600 = LINE('',#3601,#3602);
#3601 = CARTESIAN_POINT('',(-8.715574274766E-02,0.996194698092,3.));
#3602 = VECTOR('',#3603,1.);
#3603 = DIRECTION('',(0.,0.,-1.));
#3604 = ORIENTED_EDGE('',*,*,#2426,.F.);
#3605 = ORIENTED_EDGE('',*,*,#2706,.T.);
#3606 = CYLINDRICAL_SURFACE('',#3607,8.723877473067E-02);
#3607 = AXIS2_PLACEMENT_3D('',#3608,#3609,#3610);
#3608 = CARTESIAN_POINT('',(-0.173648177667,0.984807753012,3.));
#3609 = DIRECTION('',(0.,0.,-1.));
#3610 = DIRECTION('',(-1.,0.,0.));
#3611 = ADVANCED_FACE('',(#3612),#3623,.T.);
#3612 = FACE_BOUND('',#3613,.T.);
#3613 = EDGE_LOOP('',(#3614,#3615,#3616,#3622));
#3614 = ORIENTED_EDGE('',*,*,#3599,.F.);
#3615 = ORIENTED_EDGE('',*,*,#2417,.F.);
#3616 = ORIENTED_EDGE('',*,*,#3617,.T.);
#3617 = EDGE_CURVE('',#2409,#3543,#3618,.T.);
#3618 = LINE('',#3619,#3620);
#3619 = CARTESIAN_POINT('',(8.715574274766E-02,0.996194698092,3.));
#3620 = VECTOR('',#3621,1.);
#3621 = DIRECTION('',(0.,0.,-1.));
#3622 = ORIENTED_EDGE('',*,*,#3542,.T.);
#3623 = CYLINDRICAL_SURFACE('',#3624,8.723877473067E-02);
#3624 = AXIS2_PLACEMENT_3D('',#3625,#3626,#3627);
#3625 = CARTESIAN_POINT('',(1.202786785101E-16,1.,3.));
#3626 = DIRECTION('',(0.,0.,-1.));
#3627 = DIRECTION('',(-1.,0.,0.));
#3628 = ADVANCED_FACE('',(#3629),#3635,.F.);
#3629 = FACE_BOUND('',#3630,.F.);
#3630 = EDGE_LOOP('',(#3631,#3632,#3633,#3634));
#3631 = ORIENTED_EDGE('',*,*,#3551,.T.);
#3632 = ORIENTED_EDGE('',*,*,#3479,.F.);
#3633 = ORIENTED_EDGE('',*,*,#2408,.F.);
#3634 = ORIENTED_EDGE('',*,*,#3617,.T.);
#3635 = CYLINDRICAL_SURFACE('',#3636,8.723877473067E-02);
#3636 = AXIS2_PLACEMENT_3D('',#3637,#3638,#3639);
#3637 = CARTESIAN_POINT('',(0.173648177667,0.984807753012,3.));
#3638 = DIRECTION('',(0.,0.,-1.));
#3639 = DIRECTION('',(-1.,0.,0.));
#3640 = ( GEOMETRIC_REPRESENTATION_CONTEXT(3) 
GLOBAL_UNCERTAINTY_ASSIGNED_CONTEXT((#3644)) 
GLOBAL_UNIT_ASSIGNED_CONTEXT((#3641,#3642,#3643)) REPRESENTATION_CONTEXT
('Context #1','3D Context with UNIT and UNCERTAINTY') );
#3641 = ( LENGTH_UNIT() NAMED_UNIT(*) SI_UNIT(.MILLI.,.METRE.) );
#3642 = ( NAMED_UNIT(*) PLANE_ANGLE_UNIT() SI_UNIT($,.RADIAN.) );
#3643 = ( NAMED_UNIT(*) SI_UNIT($,.STERADIAN.) SOLID_ANGLE_UNIT() );
#3644 = UNCERTAINTY_MEASURE_WITH_UNIT(LENGTH_MEASURE(2.E-07),#3641,
  'distance_accuracy_value','confusion accuracy');
#3645 = CONTEXT_DEPENDENT_SHAPE_REPRESENTATION(#3646,#3648);
#3646 = ( REPRESENTATION_RELATIONSHIP('','',#1009,#10) 
REPRESENTATION_RELATIONSHIP_WITH_TRANSFORMATION(#3647) 
SHAPE_REPRESENTATION_RELATIONSHIP() );
#3647 = ITEM_DEFINED_TRANSFORMATION('','',#11,#19);
#3648 = PRODUCT_DEFINITION_SHAPE('Placement','Placement of an item',
  #3649);
#3649 = NEXT_ASSEMBLY_USAGE_OCCURRENCE('118','I4','',#5,#1004,$);
#3650 = PRODUCT_RELATED_PRODUCT_CATEGORY('part',$,(#1006));
#3651 = SHAPE_DEFINITION_REPRESENTATION(#3652,#3658);
#3652 = PRODUCT_DEFINITION_SHAPE('','',#3653);
#3653 = PRODUCT_DEFINITION('design','',#3654,#3657);
#3654 = PRODUCT_DEFINITION_FORMATION('','',#3655);
#3655 = PRODUCT('R_0402_1005Metric','R_0402_1005Metric','',(#3656));
#3656 = PRODUCT_CONTEXT('',#2,'mechanical');
#3657 = PRODUCT_DEFINITION_CONTEXT('part definition',#2,'design');
#3658 = ADVANCED_BREP_SHAPE_REPRESENTATION('',(#11,#3659),#4449);
#3659 = MANIFOLD_SOLID_BREP('',#3660);
#3660 = CLOSED_SHELL('',(#3661,#3701,#3784,#3809,#3834,#3901,#3918,#3935
    ,#3984,#4001,#4018,#4067,#4084,#4153,#4184,#4208,#4277,#4301,#4318,
    #4335,#4352,#4369,#4386,#4403,#4420,#4437));
#3661 = ADVANCED_FACE('',(#3662),#3696,.F.);
#3662 = FACE_BOUND('',#3663,.F.);
#3663 = EDGE_LOOP('',(#3664,#3674,#3682,#3690));
#3664 = ORIENTED_EDGE('',*,*,#3665,.F.);
#3665 = EDGE_CURVE('',#3666,#3668,#3670,.T.);
#3666 = VERTEX_POINT('',#3667);
#3667 = CARTESIAN_POINT('',(-0.5,-0.25,3.5E-02));
#3668 = VERTEX_POINT('',#3669);
#3669 = CARTESIAN_POINT('',(-0.5,-0.25,0.315));
#3670 = LINE('',#3671,#3672);
#3671 = CARTESIAN_POINT('',(-0.5,-0.25,0.));
#3672 = VECTOR('',#3673,1.);
#3673 = DIRECTION('',(0.,0.,1.));
#3674 = ORIENTED_EDGE('',*,*,#3675,.T.);
#3675 = EDGE_CURVE('',#3666,#3676,#3678,.T.);
#3676 = VERTEX_POINT('',#3677);
#3677 = CARTESIAN_POINT('',(-0.5,0.25,3.5E-02));
#3678 = LINE('',#3679,#3680);
#3679 = CARTESIAN_POINT('',(-0.5,-0.25,3.5E-02));
#3680 = VECTOR('',#3681,1.);
#3681 = DIRECTION('',(0.,1.,0.));
#3682 = ORIENTED_EDGE('',*,*,#3683,.T.);
#3683 = EDGE_CURVE('',#3676,#3684,#3686,.T.);
#3684 = VERTEX_POINT('',#3685);
#3685 = CARTESIAN_POINT('',(-0.5,0.25,0.315));
#3686 = LINE('',#3687,#3688);
#3687 = CARTESIAN_POINT('',(-0.5,0.25,0.));
#3688 = VECTOR('',#3689,1.);
#3689 = DIRECTION('',(0.,0.,1.));
#3690 = ORIENTED_EDGE('',*,*,#3691,.F.);
#3691 = EDGE_CURVE('',#3668,#3684,#3692,.T.);
#3692 = LINE('',#3693,#3694);
#3693 = CARTESIAN_POINT('',(-0.5,-0.25,0.315));
#3694 = VECTOR('',#3695,1.);
#3695 = DIRECTION('',(0.,1.,0.));
#3696 = PLANE('',#3697);
#3697 = AXIS2_PLACEMENT_3D('',#3698,#3699,#3700);
#3698 = CARTESIAN_POINT('',(-0.5,-0.25,0.));
#3699 = DIRECTION('',(1.,0.,0.));
#3700 = DIRECTION('',(0.,0.,1.));
#3701 = ADVANCED_FACE('',(#3702),#3779,.F.);
#3702 = FACE_BOUND('',#3703,.F.);
#3703 = EDGE_LOOP('',(#3704,#3714,#3721,#3722,#3731,#3739,#3748,#3756,
    #3764,#3772));
#3704 = ORIENTED_EDGE('',*,*,#3705,.F.);
#3705 = EDGE_CURVE('',#3706,#3708,#3710,.T.);
#3706 = VERTEX_POINT('',#3707);
#3707 = CARTESIAN_POINT('',(-0.465,-0.25,-2.775557561563E-17));
#3708 = VERTEX_POINT('',#3709);
#3709 = CARTESIAN_POINT('',(-0.335,-0.25,-2.775557561563E-17));
#3710 = LINE('',#3711,#3712);
#3711 = CARTESIAN_POINT('',(-0.5,-0.25,0.));
#3712 = VECTOR('',#3713,1.);
#3713 = DIRECTION('',(1.,0.,0.));
#3714 = ORIENTED_EDGE('',*,*,#3715,.F.);
#3715 = EDGE_CURVE('',#3666,#3706,#3716,.T.);
#3716 = CIRCLE('',#3717,3.5E-02);
#3717 = AXIS2_PLACEMENT_3D('',#3718,#3719,#3720);
#3718 = CARTESIAN_POINT('',(-0.465,-0.25,3.5E-02));
#3719 = DIRECTION('',(0.,-1.,0.));
#3720 = DIRECTION('',(0.,0.,1.));
#3721 = ORIENTED_EDGE('',*,*,#3665,.T.);
#3722 = ORIENTED_EDGE('',*,*,#3723,.T.);
#3723 = EDGE_CURVE('',#3668,#3724,#3726,.T.);
#3724 = VERTEX_POINT('',#3725);
#3725 = CARTESIAN_POINT('',(-0.465,-0.25,0.35));
#3726 = CIRCLE('',#3727,3.5E-02);
#3727 = AXIS2_PLACEMENT_3D('',#3728,#3729,#3730);
#3728 = CARTESIAN_POINT('',(-0.465,-0.25,0.315));
#3729 = DIRECTION('',(0.,1.,0.));
#3730 = DIRECTION('',(0.,-0.,1.));
#3731 = ORIENTED_EDGE('',*,*,#3732,.T.);
#3732 = EDGE_CURVE('',#3724,#3733,#3735,.T.);
#3733 = VERTEX_POINT('',#3734);
#3734 = CARTESIAN_POINT('',(-0.335,-0.25,0.35));
#3735 = LINE('',#3736,#3737);
#3736 = CARTESIAN_POINT('',(-0.5,-0.25,0.35));
#3737 = VECTOR('',#3738,1.);
#3738 = DIRECTION('',(1.,0.,0.));
#3739 = ORIENTED_EDGE('',*,*,#3740,.F.);
#3740 = EDGE_CURVE('',#3741,#3733,#3743,.T.);
#3741 = VERTEX_POINT('',#3742);
#3742 = CARTESIAN_POINT('',(-0.3,-0.25,0.315));
#3743 = CIRCLE('',#3744,3.5E-02);
#3744 = AXIS2_PLACEMENT_3D('',#3745,#3746,#3747);
#3745 = CARTESIAN_POINT('',(-0.335,-0.25,0.315));
#3746 = DIRECTION('',(0.,-1.,0.));
#3747 = DIRECTION('',(0.,0.,1.));
#3748 = ORIENTED_EDGE('',*,*,#3749,.F.);
#3749 = EDGE_CURVE('',#3750,#3741,#3752,.T.);
#3750 = VERTEX_POINT('',#3751);
#3751 = CARTESIAN_POINT('',(-0.465,-0.25,0.315));
#3752 = LINE('',#3753,#3754);
#3753 = CARTESIAN_POINT('',(-0.465,-0.25,0.315));
#3754 = VECTOR('',#3755,1.);
#3755 = DIRECTION('',(1.,0.,0.));
#3756 = ORIENTED_EDGE('',*,*,#3757,.F.);
#3757 = EDGE_CURVE('',#3758,#3750,#3760,.T.);
#3758 = VERTEX_POINT('',#3759);
#3759 = CARTESIAN_POINT('',(-0.465,-0.25,3.5E-02));
#3760 = LINE('',#3761,#3762);
#3761 = CARTESIAN_POINT('',(-0.465,-0.25,3.5E-02));
#3762 = VECTOR('',#3763,1.);
#3763 = DIRECTION('',(0.,0.,1.));
#3764 = ORIENTED_EDGE('',*,*,#3765,.T.);
#3765 = EDGE_CURVE('',#3758,#3766,#3768,.T.);
#3766 = VERTEX_POINT('',#3767);
#3767 = CARTESIAN_POINT('',(-0.3,-0.25,3.5E-02));
#3768 = LINE('',#3769,#3770);
#3769 = CARTESIAN_POINT('',(-0.465,-0.25,3.5E-02));
#3770 = VECTOR('',#3771,1.);
#3771 = DIRECTION('',(1.,0.,0.));
#3772 = ORIENTED_EDGE('',*,*,#3773,.T.);
#3773 = EDGE_CURVE('',#3766,#3708,#3774,.T.);
#3774 = CIRCLE('',#3775,3.5E-02);
#3775 = AXIS2_PLACEMENT_3D('',#3776,#3777,#3778);
#3776 = CARTESIAN_POINT('',(-0.335,-0.25,3.5E-02));
#3777 = DIRECTION('',(0.,1.,0.));
#3778 = DIRECTION('',(0.,-0.,1.));
#3779 = PLANE('',#3780);
#3780 = AXIS2_PLACEMENT_3D('',#3781,#3782,#3783);
#3781 = CARTESIAN_POINT('',(-0.5,-0.25,0.));
#3782 = DIRECTION('',(0.,1.,0.));
#3783 = DIRECTION('',(0.,-0.,1.));
#3784 = ADVANCED_FACE('',(#3785),#3804,.T.);
#3785 = FACE_BOUND('',#3786,.T.);
#3786 = EDGE_LOOP('',(#3787,#3788,#3797,#3803));
#3787 = ORIENTED_EDGE('',*,*,#3675,.T.);
#3788 = ORIENTED_EDGE('',*,*,#3789,.T.);
#3789 = EDGE_CURVE('',#3676,#3790,#3792,.T.);
#3790 = VERTEX_POINT('',#3791);
#3791 = CARTESIAN_POINT('',(-0.465,0.25,-2.775557561563E-17));
#3792 = CIRCLE('',#3793,3.5E-02);
#3793 = AXIS2_PLACEMENT_3D('',#3794,#3795,#3796);
#3794 = CARTESIAN_POINT('',(-0.465,0.25,3.5E-02));
#3795 = DIRECTION('',(0.,-1.,0.));
#3796 = DIRECTION('',(0.,0.,1.));
#3797 = ORIENTED_EDGE('',*,*,#3798,.F.);
#3798 = EDGE_CURVE('',#3706,#3790,#3799,.T.);
#3799 = LINE('',#3800,#3801);
#3800 = CARTESIAN_POINT('',(-0.465,-0.25,-2.775557561563E-17));
#3801 = VECTOR('',#3802,1.);
#3802 = DIRECTION('',(0.,1.,0.));
#3803 = ORIENTED_EDGE('',*,*,#3715,.F.);
#3804 = CYLINDRICAL_SURFACE('',#3805,3.5E-02);
#3805 = AXIS2_PLACEMENT_3D('',#3806,#3807,#3808);
#3806 = CARTESIAN_POINT('',(-0.465,-0.25,3.5E-02));
#3807 = DIRECTION('',(0.,1.,0.));
#3808 = DIRECTION('',(-1.,0.,0.));
#3809 = ADVANCED_FACE('',(#3810),#3829,.T.);
#3810 = FACE_BOUND('',#3811,.T.);
#3811 = EDGE_LOOP('',(#3812,#3813,#3821,#3828));
#3812 = ORIENTED_EDGE('',*,*,#3723,.T.);
#3813 = ORIENTED_EDGE('',*,*,#3814,.T.);
#3814 = EDGE_CURVE('',#3724,#3815,#3817,.T.);
#3815 = VERTEX_POINT('',#3816);
#3816 = CARTESIAN_POINT('',(-0.465,0.25,0.35));
#3817 = LINE('',#3818,#3819);
#3818 = CARTESIAN_POINT('',(-0.465,-0.25,0.35));
#3819 = VECTOR('',#3820,1.);
#3820 = DIRECTION('',(0.,1.,0.));
#3821 = ORIENTED_EDGE('',*,*,#3822,.F.);
#3822 = EDGE_CURVE('',#3684,#3815,#3823,.T.);
#3823 = CIRCLE('',#3824,3.5E-02);
#3824 = AXIS2_PLACEMENT_3D('',#3825,#3826,#3827);
#3825 = CARTESIAN_POINT('',(-0.465,0.25,0.315));
#3826 = DIRECTION('',(0.,1.,0.));
#3827 = DIRECTION('',(0.,-0.,1.));
#3828 = ORIENTED_EDGE('',*,*,#3691,.F.);
#3829 = CYLINDRICAL_SURFACE('',#3830,3.5E-02);
#3830 = AXIS2_PLACEMENT_3D('',#3831,#3832,#3833);
#3831 = CARTESIAN_POINT('',(-0.465,-0.25,0.315));
#3832 = DIRECTION('',(0.,1.,0.));
#3833 = DIRECTION('',(-1.,0.,0.));
#3834 = ADVANCED_FACE('',(#3835),#3896,.T.);
#3835 = FACE_BOUND('',#3836,.T.);
#3836 = EDGE_LOOP('',(#3837,#3845,#3846,#3847,#3848,#3856,#3865,#3873,
    #3881,#3889));
#3837 = ORIENTED_EDGE('',*,*,#3838,.F.);
#3838 = EDGE_CURVE('',#3790,#3839,#3841,.T.);
#3839 = VERTEX_POINT('',#3840);
#3840 = CARTESIAN_POINT('',(-0.335,0.25,-2.775557561563E-17));
#3841 = LINE('',#3842,#3843);
#3842 = CARTESIAN_POINT('',(-0.5,0.25,0.));
#3843 = VECTOR('',#3844,1.);
#3844 = DIRECTION('',(1.,0.,0.));
#3845 = ORIENTED_EDGE('',*,*,#3789,.F.);
#3846 = ORIENTED_EDGE('',*,*,#3683,.T.);
#3847 = ORIENTED_EDGE('',*,*,#3822,.T.);
#3848 = ORIENTED_EDGE('',*,*,#3849,.T.);
#3849 = EDGE_CURVE('',#3815,#3850,#3852,.T.);
#3850 = VERTEX_POINT('',#3851);
#3851 = CARTESIAN_POINT('',(-0.335,0.25,0.35));
#3852 = LINE('',#3853,#3854);
#3853 = CARTESIAN_POINT('',(-0.5,0.25,0.35));
#3854 = VECTOR('',#3855,1.);
#3855 = DIRECTION('',(1.,0.,0.));
#3856 = ORIENTED_EDGE('',*,*,#3857,.F.);
#3857 = EDGE_CURVE('',#3858,#3850,#3860,.T.);
#3858 = VERTEX_POINT('',#3859);
#3859 = CARTESIAN_POINT('',(-0.3,0.25,0.315));
#3860 = CIRCLE('',#3861,3.5E-02);
#3861 = AXIS2_PLACEMENT_3D('',#3862,#3863,#3864);
#3862 = CARTESIAN_POINT('',(-0.335,0.25,0.315));
#3863 = DIRECTION('',(0.,-1.,0.));
#3864 = DIRECTION('',(0.,0.,1.));
#3865 = ORIENTED_EDGE('',*,*,#3866,.F.);
#3866 = EDGE_CURVE('',#3867,#3858,#3869,.T.);
#3867 = VERTEX_POINT('',#3868);
#3868 = CARTESIAN_POINT('',(-0.465,0.25,0.315));
#3869 = LINE('',#3870,#3871);
#3870 = CARTESIAN_POINT('',(-0.465,0.25,0.315));
#3871 = VECTOR('',#3872,1.);
#3872 = DIRECTION('',(1.,0.,0.));
#3873 = ORIENTED_EDGE('',*,*,#3874,.F.);
#3874 = EDGE_CURVE('',#3875,#3867,#3877,.T.);
#3875 = VERTEX_POINT('',#3876);
#3876 = CARTESIAN_POINT('',(-0.465,0.25,3.5E-02));
#3877 = LINE('',#3878,#3879);
#3878 = CARTESIAN_POINT('',(-0.465,0.25,3.5E-02));
#3879 = VECTOR('',#3880,1.);
#3880 = DIRECTION('',(0.,0.,1.));
#3881 = ORIENTED_EDGE('',*,*,#3882,.T.);
#3882 = EDGE_CURVE('',#3875,#3883,#3885,.T.);
#3883 = VERTEX_POINT('',#3884);
#3884 = CARTESIAN_POINT('',(-0.3,0.25,3.5E-02));
#3885 = LINE('',#3886,#3887);
#3886 = CARTESIAN_POINT('',(-0.465,0.25,3.5E-02));
#3887 = VECTOR('',#3888,1.);
#3888 = DIRECTION('',(1.,0.,0.));
#3889 = ORIENTED_EDGE('',*,*,#3890,.T.);
#3890 = EDGE_CURVE('',#3883,#3839,#3891,.T.);
#3891 = CIRCLE('',#3892,3.5E-02);
#3892 = AXIS2_PLACEMENT_3D('',#3893,#3894,#3895);
#3893 = CARTESIAN_POINT('',(-0.335,0.25,3.5E-02));
#3894 = DIRECTION('',(0.,1.,0.));
#3895 = DIRECTION('',(0.,-0.,1.));
#3896 = PLANE('',#3897);
#3897 = AXIS2_PLACEMENT_3D('',#3898,#3899,#3900);
#3898 = CARTESIAN_POINT('',(-0.5,0.25,0.));
#3899 = DIRECTION('',(0.,1.,0.));
#3900 = DIRECTION('',(0.,-0.,1.));
#3901 = ADVANCED_FACE('',(#3902),#3913,.F.);
#3902 = FACE_BOUND('',#3903,.F.);
#3903 = EDGE_LOOP('',(#3904,#3905,#3906,#3907));
#3904 = ORIENTED_EDGE('',*,*,#3838,.F.);
#3905 = ORIENTED_EDGE('',*,*,#3798,.F.);
#3906 = ORIENTED_EDGE('',*,*,#3705,.T.);
#3907 = ORIENTED_EDGE('',*,*,#3908,.T.);
#3908 = EDGE_CURVE('',#3708,#3839,#3909,.T.);
#3909 = LINE('',#3910,#3911);
#3910 = CARTESIAN_POINT('',(-0.335,-0.25,-2.775557561563E-17));
#3911 = VECTOR('',#3912,1.);
#3912 = DIRECTION('',(0.,1.,0.));
#3913 = PLANE('',#3914);
#3914 = AXIS2_PLACEMENT_3D('',#3915,#3916,#3917);
#3915 = CARTESIAN_POINT('',(-0.5,-0.25,0.));
#3916 = DIRECTION('',(0.,0.,1.));
#3917 = DIRECTION('',(1.,0.,-0.));
#3918 = ADVANCED_FACE('',(#3919),#3930,.T.);
#3919 = FACE_BOUND('',#3920,.T.);
#3920 = EDGE_LOOP('',(#3921,#3922,#3923,#3924));
#3921 = ORIENTED_EDGE('',*,*,#3773,.T.);
#3922 = ORIENTED_EDGE('',*,*,#3908,.T.);
#3923 = ORIENTED_EDGE('',*,*,#3890,.F.);
#3924 = ORIENTED_EDGE('',*,*,#3925,.F.);
#3925 = EDGE_CURVE('',#3766,#3883,#3926,.T.);
#3926 = LINE('',#3927,#3928);
#3927 = CARTESIAN_POINT('',(-0.3,-0.25,3.5E-02));
#3928 = VECTOR('',#3929,1.);
#3929 = DIRECTION('',(0.,1.,0.));
#3930 = CYLINDRICAL_SURFACE('',#3931,3.5E-02);
#3931 = AXIS2_PLACEMENT_3D('',#3932,#3933,#3934);
#3932 = CARTESIAN_POINT('',(-0.335,-0.25,3.5E-02));
#3933 = DIRECTION('',(0.,1.,0.));
#3934 = DIRECTION('',(1.,0.,0.));
#3935 = ADVANCED_FACE('',(#3936),#3979,.F.);
#3936 = FACE_BOUND('',#3937,.F.);
#3937 = EDGE_LOOP('',(#3938,#3939,#3940,#3941,#3949,#3957,#3965,#3973));
#3938 = ORIENTED_EDGE('',*,*,#3765,.F.);
#3939 = ORIENTED_EDGE('',*,*,#3757,.T.);
#3940 = ORIENTED_EDGE('',*,*,#3749,.T.);
#3941 = ORIENTED_EDGE('',*,*,#3942,.T.);
#3942 = EDGE_CURVE('',#3741,#3943,#3945,.T.);
#3943 = VERTEX_POINT('',#3944);
#3944 = CARTESIAN_POINT('',(0.3,-0.25,0.315));
#3945 = LINE('',#3946,#3947);
#3946 = CARTESIAN_POINT('',(-0.3,-0.25,0.315));
#3947 = VECTOR('',#3948,1.);
#3948 = DIRECTION('',(1.,0.,0.));
#3949 = ORIENTED_EDGE('',*,*,#3950,.T.);
#3950 = EDGE_CURVE('',#3943,#3951,#3953,.T.);
#3951 = VERTEX_POINT('',#3952);
#3952 = CARTESIAN_POINT('',(0.465,-0.25,0.315));
#3953 = LINE('',#3954,#3955);
#3954 = CARTESIAN_POINT('',(-0.465,-0.25,0.315));
#3955 = VECTOR('',#3956,1.);
#3956 = DIRECTION('',(1.,0.,0.));
#3957 = ORIENTED_EDGE('',*,*,#3958,.F.);
#3958 = EDGE_CURVE('',#3959,#3951,#3961,.T.);
#3959 = VERTEX_POINT('',#3960);
#3960 = CARTESIAN_POINT('',(0.465,-0.25,3.5E-02));
#3961 = LINE('',#3962,#3963);
#3962 = CARTESIAN_POINT('',(0.465,-0.25,3.5E-02));
#3963 = VECTOR('',#3964,1.);
#3964 = DIRECTION('',(0.,0.,1.));
#3965 = ORIENTED_EDGE('',*,*,#3966,.F.);
#3966 = EDGE_CURVE('',#3967,#3959,#3969,.T.);
#3967 = VERTEX_POINT('',#3968);
#3968 = CARTESIAN_POINT('',(0.3,-0.25,3.5E-02));
#3969 = LINE('',#3970,#3971);
#3970 = CARTESIAN_POINT('',(-0.465,-0.25,3.5E-02));
#3971 = VECTOR('',#3972,1.);
#3972 = DIRECTION('',(1.,0.,0.));
#3973 = ORIENTED_EDGE('',*,*,#3974,.F.);
#3974 = EDGE_CURVE('',#3766,#3967,#3975,.T.);
#3975 = LINE('',#3976,#3977);
#3976 = CARTESIAN_POINT('',(-0.465,-0.25,3.5E-02));
#3977 = VECTOR('',#3978,1.);
#3978 = DIRECTION('',(1.,0.,0.));
#3979 = PLANE('',#3980);
#3980 = AXIS2_PLACEMENT_3D('',#3981,#3982,#3983);
#3981 = CARTESIAN_POINT('',(-0.465,-0.25,3.5E-02));
#3982 = DIRECTION('',(0.,1.,0.));
#3983 = DIRECTION('',(0.,-0.,1.));
#3984 = ADVANCED_FACE('',(#3985),#3996,.T.);
#3985 = FACE_BOUND('',#3986,.T.);
#3986 = EDGE_LOOP('',(#3987,#3988,#3989,#3990));
#3987 = ORIENTED_EDGE('',*,*,#3849,.F.);
#3988 = ORIENTED_EDGE('',*,*,#3814,.F.);
#3989 = ORIENTED_EDGE('',*,*,#3732,.T.);
#3990 = ORIENTED_EDGE('',*,*,#3991,.T.);
#3991 = EDGE_CURVE('',#3733,#3850,#3992,.T.);
#3992 = LINE('',#3993,#3994);
#3993 = CARTESIAN_POINT('',(-0.335,-0.25,0.35));
#3994 = VECTOR('',#3995,1.);
#3995 = DIRECTION('',(0.,1.,0.));
#3996 = PLANE('',#3997);
#3997 = AXIS2_PLACEMENT_3D('',#3998,#3999,#4000);
#3998 = CARTESIAN_POINT('',(-0.5,-0.25,0.35));
#3999 = DIRECTION('',(0.,0.,1.));
#4000 = DIRECTION('',(1.,0.,-0.));
#4001 = ADVANCED_FACE('',(#4002),#4013,.T.);
#4002 = FACE_BOUND('',#4003,.T.);
#4003 = EDGE_LOOP('',(#4004,#4010,#4011,#4012));
#4004 = ORIENTED_EDGE('',*,*,#4005,.T.);
#4005 = EDGE_CURVE('',#3741,#3858,#4006,.T.);
#4006 = LINE('',#4007,#4008);
#4007 = CARTESIAN_POINT('',(-0.3,-0.25,0.315));
#4008 = VECTOR('',#4009,1.);
#4009 = DIRECTION('',(0.,1.,0.));
#4010 = ORIENTED_EDGE('',*,*,#3857,.T.);
#4011 = ORIENTED_EDGE('',*,*,#3991,.F.);
#4012 = ORIENTED_EDGE('',*,*,#3740,.F.);
#4013 = CYLINDRICAL_SURFACE('',#4014,3.5E-02);
#4014 = AXIS2_PLACEMENT_3D('',#4015,#4016,#4017);
#4015 = CARTESIAN_POINT('',(-0.335,-0.25,0.315));
#4016 = DIRECTION('',(0.,1.,0.));
#4017 = DIRECTION('',(1.,0.,0.));
#4018 = ADVANCED_FACE('',(#4019),#4062,.T.);
#4019 = FACE_BOUND('',#4020,.T.);
#4020 = EDGE_LOOP('',(#4021,#4022,#4023,#4024,#4032,#4040,#4048,#4056));
#4021 = ORIENTED_EDGE('',*,*,#3882,.F.);
#4022 = ORIENTED_EDGE('',*,*,#3874,.T.);
#4023 = ORIENTED_EDGE('',*,*,#3866,.T.);
#4024 = ORIENTED_EDGE('',*,*,#4025,.T.);
#4025 = EDGE_CURVE('',#3858,#4026,#4028,.T.);
#4026 = VERTEX_POINT('',#4027);
#4027 = CARTESIAN_POINT('',(0.3,0.25,0.315));
#4028 = LINE('',#4029,#4030);
#4029 = CARTESIAN_POINT('',(-0.3,0.25,0.315));
#4030 = VECTOR('',#4031,1.);
#4031 = DIRECTION('',(1.,0.,0.));
#4032 = ORIENTED_EDGE('',*,*,#4033,.T.);
#4033 = EDGE_CURVE('',#4026,#4034,#4036,.T.);
#4034 = VERTEX_POINT('',#4035);
#4035 = CARTESIAN_POINT('',(0.465,0.25,0.315));
#4036 = LINE('',#4037,#4038);
#4037 = CARTESIAN_POINT('',(-0.465,0.25,0.315));
#4038 = VECTOR('',#4039,1.);
#4039 = DIRECTION('',(1.,0.,0.));
#4040 = ORIENTED_EDGE('',*,*,#4041,.F.);
#4041 = EDGE_CURVE('',#4042,#4034,#4044,.T.);
#4042 = VERTEX_POINT('',#4043);
#4043 = CARTESIAN_POINT('',(0.465,0.25,3.5E-02));
#4044 = LINE('',#4045,#4046);
#4045 = CARTESIAN_POINT('',(0.465,0.25,3.5E-02));
#4046 = VECTOR('',#4047,1.);
#4047 = DIRECTION('',(0.,0.,1.));
#4048 = ORIENTED_EDGE('',*,*,#4049,.F.);
#4049 = EDGE_CURVE('',#4050,#4042,#4052,.T.);
#4050 = VERTEX_POINT('',#4051);
#4051 = CARTESIAN_POINT('',(0.3,0.25,3.5E-02));
#4052 = LINE('',#4053,#4054);
#4053 = CARTESIAN_POINT('',(-0.465,0.25,3.5E-02));
#4054 = VECTOR('',#4055,1.);
#4055 = DIRECTION('',(1.,0.,0.));
#4056 = ORIENTED_EDGE('',*,*,#4057,.F.);
#4057 = EDGE_CURVE('',#3883,#4050,#4058,.T.);
#4058 = LINE('',#4059,#4060);
#4059 = CARTESIAN_POINT('',(-0.465,0.25,3.5E-02));
#4060 = VECTOR('',#4061,1.);
#4061 = DIRECTION('',(1.,0.,0.));
#4062 = PLANE('',#4063);
#4063 = AXIS2_PLACEMENT_3D('',#4064,#4065,#4066);
#4064 = CARTESIAN_POINT('',(-0.465,0.25,3.5E-02));
#4065 = DIRECTION('',(0.,1.,0.));
#4066 = DIRECTION('',(0.,-0.,1.));
#4067 = ADVANCED_FACE('',(#4068),#4079,.F.);
#4068 = FACE_BOUND('',#4069,.F.);
#4069 = EDGE_LOOP('',(#4070,#4071,#4072,#4078));
#4070 = ORIENTED_EDGE('',*,*,#3925,.F.);
#4071 = ORIENTED_EDGE('',*,*,#3974,.T.);
#4072 = ORIENTED_EDGE('',*,*,#4073,.T.);
#4073 = EDGE_CURVE('',#3967,#4050,#4074,.T.);
#4074 = LINE('',#4075,#4076);
#4075 = CARTESIAN_POINT('',(0.3,-0.25,3.5E-02));
#4076 = VECTOR('',#4077,1.);
#4077 = DIRECTION('',(0.,1.,0.));
#4078 = ORIENTED_EDGE('',*,*,#4057,.F.);
#4079 = PLANE('',#4080);
#4080 = AXIS2_PLACEMENT_3D('',#4081,#4082,#4083);
#4081 = CARTESIAN_POINT('',(-0.465,-0.25,3.5E-02));
#4082 = DIRECTION('',(0.,0.,1.));
#4083 = DIRECTION('',(1.,0.,-0.));
#4084 = ADVANCED_FACE('',(#4085),#4148,.F.);
#4085 = FACE_BOUND('',#4086,.F.);
#4086 = EDGE_LOOP('',(#4087,#4097,#4104,#4105,#4106,#4107,#4116,#4124,
    #4133,#4141));
#4087 = ORIENTED_EDGE('',*,*,#4088,.F.);
#4088 = EDGE_CURVE('',#4089,#4091,#4093,.T.);
#4089 = VERTEX_POINT('',#4090);
#4090 = CARTESIAN_POINT('',(0.335,-0.25,-2.775557561563E-17));
#4091 = VERTEX_POINT('',#4092);
#4092 = CARTESIAN_POINT('',(0.465,-0.25,-2.775557561563E-17));
#4093 = LINE('',#4094,#4095);
#4094 = CARTESIAN_POINT('',(0.3,-0.25,0.));
#4095 = VECTOR('',#4096,1.);
#4096 = DIRECTION('',(1.,0.,0.));
#4097 = ORIENTED_EDGE('',*,*,#4098,.F.);
#4098 = EDGE_CURVE('',#3967,#4089,#4099,.T.);
#4099 = CIRCLE('',#4100,3.5E-02);
#4100 = AXIS2_PLACEMENT_3D('',#4101,#4102,#4103);
#4101 = CARTESIAN_POINT('',(0.335,-0.25,3.5E-02));
#4102 = DIRECTION('',(0.,-1.,0.));
#4103 = DIRECTION('',(0.,0.,1.));
#4104 = ORIENTED_EDGE('',*,*,#3966,.T.);
#4105 = ORIENTED_EDGE('',*,*,#3958,.T.);
#4106 = ORIENTED_EDGE('',*,*,#3950,.F.);
#4107 = ORIENTED_EDGE('',*,*,#4108,.T.);
#4108 = EDGE_CURVE('',#3943,#4109,#4111,.T.);
#4109 = VERTEX_POINT('',#4110);
#4110 = CARTESIAN_POINT('',(0.335,-0.25,0.35));
#4111 = CIRCLE('',#4112,3.5E-02);
#4112 = AXIS2_PLACEMENT_3D('',#4113,#4114,#4115);
#4113 = CARTESIAN_POINT('',(0.335,-0.25,0.315));
#4114 = DIRECTION('',(0.,1.,0.));
#4115 = DIRECTION('',(0.,-0.,1.));
#4116 = ORIENTED_EDGE('',*,*,#4117,.T.);
#4117 = EDGE_CURVE('',#4109,#4118,#4120,.T.);
#4118 = VERTEX_POINT('',#4119);
#4119 = CARTESIAN_POINT('',(0.465,-0.25,0.35));
#4120 = LINE('',#4121,#4122);
#4121 = CARTESIAN_POINT('',(0.3,-0.25,0.35));
#4122 = VECTOR('',#4123,1.);
#4123 = DIRECTION('',(1.,0.,0.));
#4124 = ORIENTED_EDGE('',*,*,#4125,.F.);
#4125 = EDGE_CURVE('',#4126,#4118,#4128,.T.);
#4126 = VERTEX_POINT('',#4127);
#4127 = CARTESIAN_POINT('',(0.5,-0.25,0.315));
#4128 = CIRCLE('',#4129,3.5E-02);
#4129 = AXIS2_PLACEMENT_3D('',#4130,#4131,#4132);
#4130 = CARTESIAN_POINT('',(0.465,-0.25,0.315));
#4131 = DIRECTION('',(0.,-1.,0.));
#4132 = DIRECTION('',(0.,0.,1.));
#4133 = ORIENTED_EDGE('',*,*,#4134,.F.);
#4134 = EDGE_CURVE('',#4135,#4126,#4137,.T.);
#4135 = VERTEX_POINT('',#4136);
#4136 = CARTESIAN_POINT('',(0.5,-0.25,3.5E-02));
#4137 = LINE('',#4138,#4139);
#4138 = CARTESIAN_POINT('',(0.5,-0.25,0.));
#4139 = VECTOR('',#4140,1.);
#4140 = DIRECTION('',(0.,0.,1.));
#4141 = ORIENTED_EDGE('',*,*,#4142,.T.);
#4142 = EDGE_CURVE('',#4135,#4091,#4143,.T.);
#4143 = CIRCLE('',#4144,3.5E-02);
#4144 = AXIS2_PLACEMENT_3D('',#4145,#4146,#4147);
#4145 = CARTESIAN_POINT('',(0.465,-0.25,3.5E-02));
#4146 = DIRECTION('',(0.,1.,0.));
#4147 = DIRECTION('',(0.,-0.,1.));
#4148 = PLANE('',#4149);
#4149 = AXIS2_PLACEMENT_3D('',#4150,#4151,#4152);
#4150 = CARTESIAN_POINT('',(0.3,-0.25,0.));
#4151 = DIRECTION('',(0.,1.,0.));
#4152 = DIRECTION('',(0.,-0.,1.));
#4153 = ADVANCED_FACE('',(#4154),#4179,.F.);
#4154 = FACE_BOUND('',#4155,.F.);
#4155 = EDGE_LOOP('',(#4156,#4157,#4165,#4173));
#4156 = ORIENTED_EDGE('',*,*,#3942,.F.);
#4157 = ORIENTED_EDGE('',*,*,#4158,.T.);
#4158 = EDGE_CURVE('',#3741,#4159,#4161,.T.);
#4159 = VERTEX_POINT('',#4160);
#4160 = CARTESIAN_POINT('',(-0.3,-0.25,0.35));
#4161 = LINE('',#4162,#4163);
#4162 = CARTESIAN_POINT('',(-0.3,-0.25,0.315));
#4163 = VECTOR('',#4164,1.);
#4164 = DIRECTION('',(0.,0.,1.));
#4165 = ORIENTED_EDGE('',*,*,#4166,.T.);
#4166 = EDGE_CURVE('',#4159,#4167,#4169,.T.);
#4167 = VERTEX_POINT('',#4168);
#4168 = CARTESIAN_POINT('',(0.3,-0.25,0.35));
#4169 = LINE('',#4170,#4171);
#4170 = CARTESIAN_POINT('',(-0.3,-0.25,0.35));
#4171 = VECTOR('',#4172,1.);
#4172 = DIRECTION('',(1.,0.,0.));
#4173 = ORIENTED_EDGE('',*,*,#4174,.F.);
#4174 = EDGE_CURVE('',#3943,#4167,#4175,.T.);
#4175 = LINE('',#4176,#4177);
#4176 = CARTESIAN_POINT('',(0.3,-0.25,0.315));
#4177 = VECTOR('',#4178,1.);
#4178 = DIRECTION('',(0.,0.,1.));
#4179 = PLANE('',#4180);
#4180 = AXIS2_PLACEMENT_3D('',#4181,#4182,#4183);
#4181 = CARTESIAN_POINT('',(-0.3,-0.25,0.315));
#4182 = DIRECTION('',(0.,1.,0.));
#4183 = DIRECTION('',(0.,-0.,1.));
#4184 = ADVANCED_FACE('',(#4185),#4203,.F.);
#4185 = FACE_BOUND('',#4186,.F.);
#4186 = EDGE_LOOP('',(#4187,#4188,#4189,#4197));
#4187 = ORIENTED_EDGE('',*,*,#4158,.F.);
#4188 = ORIENTED_EDGE('',*,*,#4005,.T.);
#4189 = ORIENTED_EDGE('',*,*,#4190,.T.);
#4190 = EDGE_CURVE('',#3858,#4191,#4193,.T.);
#4191 = VERTEX_POINT('',#4192);
#4192 = CARTESIAN_POINT('',(-0.3,0.25,0.35));
#4193 = LINE('',#4194,#4195);
#4194 = CARTESIAN_POINT('',(-0.3,0.25,0.315));
#4195 = VECTOR('',#4196,1.);
#4196 = DIRECTION('',(0.,0.,1.));
#4197 = ORIENTED_EDGE('',*,*,#4198,.F.);
#4198 = EDGE_CURVE('',#4159,#4191,#4199,.T.);
#4199 = LINE('',#4200,#4201);
#4200 = CARTESIAN_POINT('',(-0.3,-0.25,0.35));
#4201 = VECTOR('',#4202,1.);
#4202 = DIRECTION('',(0.,1.,0.));
#4203 = PLANE('',#4204);
#4204 = AXIS2_PLACEMENT_3D('',#4205,#4206,#4207);
#4205 = CARTESIAN_POINT('',(-0.3,-0.25,0.315));
#4206 = DIRECTION('',(1.,0.,0.));
#4207 = DIRECTION('',(0.,0.,1.));
#4208 = ADVANCED_FACE('',(#4209),#4272,.T.);
#4209 = FACE_BOUND('',#4210,.T.);
#4210 = EDGE_LOOP('',(#4211,#4221,#4228,#4229,#4230,#4231,#4240,#4248,
    #4257,#4265));
#4211 = ORIENTED_EDGE('',*,*,#4212,.F.);
#4212 = EDGE_CURVE('',#4213,#4215,#4217,.T.);
#4213 = VERTEX_POINT('',#4214);
#4214 = CARTESIAN_POINT('',(0.335,0.25,-2.775557561563E-17));
#4215 = VERTEX_POINT('',#4216);
#4216 = CARTESIAN_POINT('',(0.465,0.25,-2.775557561563E-17));
#4217 = LINE('',#4218,#4219);
#4218 = CARTESIAN_POINT('',(0.3,0.25,0.));
#4219 = VECTOR('',#4220,1.);
#4220 = DIRECTION('',(1.,0.,0.));
#4221 = ORIENTED_EDGE('',*,*,#4222,.F.);
#4222 = EDGE_CURVE('',#4050,#4213,#4223,.T.);
#4223 = CIRCLE('',#4224,3.5E-02);
#4224 = AXIS2_PLACEMENT_3D('',#4225,#4226,#4227);
#4225 = CARTESIAN_POINT('',(0.335,0.25,3.5E-02));
#4226 = DIRECTION('',(0.,-1.,0.));
#4227 = DIRECTION('',(0.,0.,1.));
#4228 = ORIENTED_EDGE('',*,*,#4049,.T.);
#4229 = ORIENTED_EDGE('',*,*,#4041,.T.);
#4230 = ORIENTED_EDGE('',*,*,#4033,.F.);
#4231 = ORIENTED_EDGE('',*,*,#4232,.T.);
#4232 = EDGE_CURVE('',#4026,#4233,#4235,.T.);
#4233 = VERTEX_POINT('',#4234);
#4234 = CARTESIAN_POINT('',(0.335,0.25,0.35));
#4235 = CIRCLE('',#4236,3.5E-02);
#4236 = AXIS2_PLACEMENT_3D('',#4237,#4238,#4239);
#4237 = CARTESIAN_POINT('',(0.335,0.25,0.315));
#4238 = DIRECTION('',(0.,1.,0.));
#4239 = DIRECTION('',(0.,-0.,1.));
#4240 = ORIENTED_EDGE('',*,*,#4241,.T.);
#4241 = EDGE_CURVE('',#4233,#4242,#4244,.T.);
#4242 = VERTEX_POINT('',#4243);
#4243 = CARTESIAN_POINT('',(0.465,0.25,0.35));
#4244 = LINE('',#4245,#4246);
#4245 = CARTESIAN_POINT('',(0.3,0.25,0.35));
#4246 = VECTOR('',#4247,1.);
#4247 = DIRECTION('',(1.,0.,0.));
#4248 = ORIENTED_EDGE('',*,*,#4249,.F.);
#4249 = EDGE_CURVE('',#4250,#4242,#4252,.T.);
#4250 = VERTEX_POINT('',#4251);
#4251 = CARTESIAN_POINT('',(0.5,0.25,0.315));
#4252 = CIRCLE('',#4253,3.5E-02);
#4253 = AXIS2_PLACEMENT_3D('',#4254,#4255,#4256);
#4254 = CARTESIAN_POINT('',(0.465,0.25,0.315));
#4255 = DIRECTION('',(0.,-1.,0.));
#4256 = DIRECTION('',(0.,0.,1.));
#4257 = ORIENTED_EDGE('',*,*,#4258,.F.);
#4258 = EDGE_CURVE('',#4259,#4250,#4261,.T.);
#4259 = VERTEX_POINT('',#4260);
#4260 = CARTESIAN_POINT('',(0.5,0.25,3.5E-02));
#4261 = LINE('',#4262,#4263);
#4262 = CARTESIAN_POINT('',(0.5,0.25,0.));
#4263 = VECTOR('',#4264,1.);
#4264 = DIRECTION('',(0.,0.,1.));
#4265 = ORIENTED_EDGE('',*,*,#4266,.T.);
#4266 = EDGE_CURVE('',#4259,#4215,#4267,.T.);
#4267 = CIRCLE('',#4268,3.5E-02);
#4268 = AXIS2_PLACEMENT_3D('',#4269,#4270,#4271);
#4269 = CARTESIAN_POINT('',(0.465,0.25,3.5E-02));
#4270 = DIRECTION('',(0.,1.,0.));
#4271 = DIRECTION('',(0.,-0.,1.));
#4272 = PLANE('',#4273);
#4273 = AXIS2_PLACEMENT_3D('',#4274,#4275,#4276);
#4274 = CARTESIAN_POINT('',(0.3,0.25,0.));
#4275 = DIRECTION('',(0.,1.,0.));
#4276 = DIRECTION('',(0.,-0.,1.));
#4277 = ADVANCED_FACE('',(#4278),#4296,.T.);
#4278 = FACE_BOUND('',#4279,.T.);
#4279 = EDGE_LOOP('',(#4280,#4281,#4282,#4290));
#4280 = ORIENTED_EDGE('',*,*,#4025,.F.);
#4281 = ORIENTED_EDGE('',*,*,#4190,.T.);
#4282 = ORIENTED_EDGE('',*,*,#4283,.T.);
#4283 = EDGE_CURVE('',#4191,#4284,#4286,.T.);
#4284 = VERTEX_POINT('',#4285);
#4285 = CARTESIAN_POINT('',(0.3,0.25,0.35));
#4286 = LINE('',#4287,#4288);
#4287 = CARTESIAN_POINT('',(-0.3,0.25,0.35));
#4288 = VECTOR('',#4289,1.);
#4289 = DIRECTION('',(1.,0.,0.));
#4290 = ORIENTED_EDGE('',*,*,#4291,.F.);
#4291 = EDGE_CURVE('',#4026,#4284,#4292,.T.);
#4292 = LINE('',#4293,#4294);
#4293 = CARTESIAN_POINT('',(0.3,0.25,0.315));
#4294 = VECTOR('',#4295,1.);
#4295 = DIRECTION('',(0.,0.,1.));
#4296 = PLANE('',#4297);
#4297 = AXIS2_PLACEMENT_3D('',#4298,#4299,#4300);
#4298 = CARTESIAN_POINT('',(-0.3,0.25,0.315));
#4299 = DIRECTION('',(0.,1.,0.));
#4300 = DIRECTION('',(0.,-0.,1.));
#4301 = ADVANCED_FACE('',(#4302),#4313,.T.);
#4302 = FACE_BOUND('',#4303,.T.);
#4303 = EDGE_LOOP('',(#4304,#4305,#4306,#4312));
#4304 = ORIENTED_EDGE('',*,*,#4073,.T.);
#4305 = ORIENTED_EDGE('',*,*,#4222,.T.);
#4306 = ORIENTED_EDGE('',*,*,#4307,.F.);
#4307 = EDGE_CURVE('',#4089,#4213,#4308,.T.);
#4308 = LINE('',#4309,#4310);
#4309 = CARTESIAN_POINT('',(0.335,-0.25,-2.775557561563E-17));
#4310 = VECTOR('',#4311,1.);
#4311 = DIRECTION('',(0.,1.,0.));
#4312 = ORIENTED_EDGE('',*,*,#4098,.F.);
#4313 = CYLINDRICAL_SURFACE('',#4314,3.5E-02);
#4314 = AXIS2_PLACEMENT_3D('',#4315,#4316,#4317);
#4315 = CARTESIAN_POINT('',(0.335,-0.25,3.5E-02));
#4316 = DIRECTION('',(0.,1.,0.));
#4317 = DIRECTION('',(-1.,0.,0.));
#4318 = ADVANCED_FACE('',(#4319),#4330,.F.);
#4319 = FACE_BOUND('',#4320,.F.);
#4320 = EDGE_LOOP('',(#4321,#4322,#4323,#4324));
#4321 = ORIENTED_EDGE('',*,*,#4212,.F.);
#4322 = ORIENTED_EDGE('',*,*,#4307,.F.);
#4323 = ORIENTED_EDGE('',*,*,#4088,.T.);
#4324 = ORIENTED_EDGE('',*,*,#4325,.T.);
#4325 = EDGE_CURVE('',#4091,#4215,#4326,.T.);
#4326 = LINE('',#4327,#4328);
#4327 = CARTESIAN_POINT('',(0.465,-0.25,-2.775557561563E-17));
#4328 = VECTOR('',#4329,1.);
#4329 = DIRECTION('',(0.,1.,0.));
#4330 = PLANE('',#4331);
#4331 = AXIS2_PLACEMENT_3D('',#4332,#4333,#4334);
#4332 = CARTESIAN_POINT('',(0.3,-0.25,0.));
#4333 = DIRECTION('',(0.,0.,1.));
#4334 = DIRECTION('',(1.,0.,-0.));
#4335 = ADVANCED_FACE('',(#4336),#4347,.T.);
#4336 = FACE_BOUND('',#4337,.T.);
#4337 = EDGE_LOOP('',(#4338,#4339,#4340,#4341));
#4338 = ORIENTED_EDGE('',*,*,#4142,.T.);
#4339 = ORIENTED_EDGE('',*,*,#4325,.T.);
#4340 = ORIENTED_EDGE('',*,*,#4266,.F.);
#4341 = ORIENTED_EDGE('',*,*,#4342,.F.);
#4342 = EDGE_CURVE('',#4135,#4259,#4343,.T.);
#4343 = LINE('',#4344,#4345);
#4344 = CARTESIAN_POINT('',(0.5,-0.25,3.5E-02));
#4345 = VECTOR('',#4346,1.);
#4346 = DIRECTION('',(0.,1.,0.));
#4347 = CYLINDRICAL_SURFACE('',#4348,3.5E-02);
#4348 = AXIS2_PLACEMENT_3D('',#4349,#4350,#4351);
#4349 = CARTESIAN_POINT('',(0.465,-0.25,3.5E-02));
#4350 = DIRECTION('',(0.,1.,0.));
#4351 = DIRECTION('',(1.,0.,0.));
#4352 = ADVANCED_FACE('',(#4353),#4364,.T.);
#4353 = FACE_BOUND('',#4354,.T.);
#4354 = EDGE_LOOP('',(#4355,#4356,#4357,#4358));
#4355 = ORIENTED_EDGE('',*,*,#4134,.F.);
#4356 = ORIENTED_EDGE('',*,*,#4342,.T.);
#4357 = ORIENTED_EDGE('',*,*,#4258,.T.);
#4358 = ORIENTED_EDGE('',*,*,#4359,.F.);
#4359 = EDGE_CURVE('',#4126,#4250,#4360,.T.);
#4360 = LINE('',#4361,#4362);
#4361 = CARTESIAN_POINT('',(0.5,-0.25,0.315));
#4362 = VECTOR('',#4363,1.);
#4363 = DIRECTION('',(0.,1.,0.));
#4364 = PLANE('',#4365);
#4365 = AXIS2_PLACEMENT_3D('',#4366,#4367,#4368);
#4366 = CARTESIAN_POINT('',(0.5,-0.25,0.));
#4367 = DIRECTION('',(1.,0.,0.));
#4368 = DIRECTION('',(0.,0.,1.));
#4369 = ADVANCED_FACE('',(#4370),#4381,.T.);
#4370 = FACE_BOUND('',#4371,.T.);
#4371 = EDGE_LOOP('',(#4372,#4373,#4374,#4380));
#4372 = ORIENTED_EDGE('',*,*,#4359,.T.);
#4373 = ORIENTED_EDGE('',*,*,#4249,.T.);
#4374 = ORIENTED_EDGE('',*,*,#4375,.F.);
#4375 = EDGE_CURVE('',#4118,#4242,#4376,.T.);
#4376 = LINE('',#4377,#4378);
#4377 = CARTESIAN_POINT('',(0.465,-0.25,0.35));
#4378 = VECTOR('',#4379,1.);
#4379 = DIRECTION('',(0.,1.,0.));
#4380 = ORIENTED_EDGE('',*,*,#4125,.F.);
#4381 = CYLINDRICAL_SURFACE('',#4382,3.5E-02);
#4382 = AXIS2_PLACEMENT_3D('',#4383,#4384,#4385);
#4383 = CARTESIAN_POINT('',(0.465,-0.25,0.315));
#4384 = DIRECTION('',(0.,1.,0.));
#4385 = DIRECTION('',(1.,0.,0.));
#4386 = ADVANCED_FACE('',(#4387),#4398,.T.);
#4387 = FACE_BOUND('',#4388,.T.);
#4388 = EDGE_LOOP('',(#4389,#4390,#4396,#4397));
#4389 = ORIENTED_EDGE('',*,*,#4241,.F.);
#4390 = ORIENTED_EDGE('',*,*,#4391,.F.);
#4391 = EDGE_CURVE('',#4109,#4233,#4392,.T.);
#4392 = LINE('',#4393,#4394);
#4393 = CARTESIAN_POINT('',(0.335,-0.25,0.35));
#4394 = VECTOR('',#4395,1.);
#4395 = DIRECTION('',(0.,1.,0.));
#4396 = ORIENTED_EDGE('',*,*,#4117,.T.);
#4397 = ORIENTED_EDGE('',*,*,#4375,.T.);
#4398 = PLANE('',#4399);
#4399 = AXIS2_PLACEMENT_3D('',#4400,#4401,#4402);
#4400 = CARTESIAN_POINT('',(0.3,-0.25,0.35));
#4401 = DIRECTION('',(0.,0.,1.));
#4402 = DIRECTION('',(1.,0.,-0.));
#4403 = ADVANCED_FACE('',(#4404),#4415,.T.);
#4404 = FACE_BOUND('',#4405,.T.);
#4405 = EDGE_LOOP('',(#4406,#4407,#4408,#4409));
#4406 = ORIENTED_EDGE('',*,*,#4108,.T.);
#4407 = ORIENTED_EDGE('',*,*,#4391,.T.);
#4408 = ORIENTED_EDGE('',*,*,#4232,.F.);
#4409 = ORIENTED_EDGE('',*,*,#4410,.F.);
#4410 = EDGE_CURVE('',#3943,#4026,#4411,.T.);
#4411 = LINE('',#4412,#4413);
#4412 = CARTESIAN_POINT('',(0.3,-0.25,0.315));
#4413 = VECTOR('',#4414,1.);
#4414 = DIRECTION('',(0.,1.,0.));
#4415 = CYLINDRICAL_SURFACE('',#4416,3.5E-02);
#4416 = AXIS2_PLACEMENT_3D('',#4417,#4418,#4419);
#4417 = CARTESIAN_POINT('',(0.335,-0.25,0.315));
#4418 = DIRECTION('',(0.,1.,0.));
#4419 = DIRECTION('',(-1.,0.,0.));
#4420 = ADVANCED_FACE('',(#4421),#4432,.T.);
#4421 = FACE_BOUND('',#4422,.T.);
#4422 = EDGE_LOOP('',(#4423,#4424,#4425,#4426));
#4423 = ORIENTED_EDGE('',*,*,#4174,.F.);
#4424 = ORIENTED_EDGE('',*,*,#4410,.T.);
#4425 = ORIENTED_EDGE('',*,*,#4291,.T.);
#4426 = ORIENTED_EDGE('',*,*,#4427,.F.);
#4427 = EDGE_CURVE('',#4167,#4284,#4428,.T.);
#4428 = LINE('',#4429,#4430);
#4429 = CARTESIAN_POINT('',(0.3,-0.25,0.35));
#4430 = VECTOR('',#4431,1.);
#4431 = DIRECTION('',(0.,1.,0.));
#4432 = PLANE('',#4433);
#4433 = AXIS2_PLACEMENT_3D('',#4434,#4435,#4436);
#4434 = CARTESIAN_POINT('',(0.3,-0.25,0.315));
#4435 = DIRECTION('',(1.,0.,0.));
#4436 = DIRECTION('',(0.,0.,1.));
#4437 = ADVANCED_FACE('',(#4438),#4444,.T.);
#4438 = FACE_BOUND('',#4439,.T.);
#4439 = EDGE_LOOP('',(#4440,#4441,#4442,#4443));
#4440 = ORIENTED_EDGE('',*,*,#4198,.F.);
#4441 = ORIENTED_EDGE('',*,*,#4166,.T.);
#4442 = ORIENTED_EDGE('',*,*,#4427,.T.);
#4443 = ORIENTED_EDGE('',*,*,#4283,.F.);
#4444 = PLANE('',#4445);
#4445 = AXIS2_PLACEMENT_3D('',#4446,#4447,#4448);
#4446 = CARTESIAN_POINT('',(-0.3,-0.25,0.35));
#4447 = DIRECTION('',(0.,0.,1.));
#4448 = DIRECTION('',(1.,0.,-0.));
#4449 = ( GEOMETRIC_REPRESENTATION_CONTEXT(3) 
GLOBAL_UNCERTAINTY_ASSIGNED_CONTEXT((#4453)) 
GLOBAL_UNIT_ASSIGNED_CONTEXT((#4450,#4451,#4452)) REPRESENTATION_CONTEXT
('Context #1','3D Context with UNIT and UNCERTAINTY') );
#4450 = ( LENGTH_UNIT() NAMED_UNIT(*) SI_UNIT(.MILLI.,.METRE.) );
#4451 = ( NAMED_UNIT(*) PLANE_ANGLE_UNIT() SI_UNIT($,.RADIAN.) );
#4452 = ( NAMED_UNIT(*) SI_UNIT($,.STERADIAN.) SOLID_ANGLE_UNIT() );
#4453 = UNCERTAINTY_MEASURE_WITH_UNIT(LENGTH_MEASURE(1.E-07),#4450,
  'distance_accuracy_value','confusion accuracy');
#4454 = CONTEXT_DEPENDENT_SHAPE_REPRESENTATION(#4455,#4457);
#4455 = ( REPRESENTATION_RELATIONSHIP('','',#3658,#10) 
REPRESENTATION_RELATIONSHIP_WITH_TRANSFORMATION(#4456) 
SHAPE_REPRESENTATION_RELATIONSHIP() );
#4456 = ITEM_DEFINED_TRANSFORMATION('','',#11,#23);
#4457 = PRODUCT_DEFINITION_SHAPE('Placement','Placement of an item',
  #4458);
#4458 = NEXT_ASSEMBLY_USAGE_OCCURRENCE('119','R6','',#5,#3653,$);
#4459 = PRODUCT_RELATED_PRODUCT_CATEGORY('part',$,(#3655));
#4460 = CONTEXT_DEPENDENT_SHAPE_REPRESENTATION(#4461,#4463);
#4461 = ( REPRESENTATION_RELATIONSHIP('','',#136,#10) 
REPRESENTATION_RELATIONSHIP_WITH_TRANSFORMATION(#4462) 
SHAPE_REPRESENTATION_RELATIONSHIP() );
#4462 = ITEM_DEFINED_TRANSFORMATION('','',#11,#27);
#4463 = PRODUCT_DEFINITION_SHAPE('Placement','Placement of an item',
  #4464);
#4464 = NEXT_ASSEMBLY_USAGE_OCCURRENCE('120','C2','',#5,#131,$);
#4465 = CONTEXT_DEPENDENT_SHAPE_REPRESENTATION(#4466,#4468);
#4466 = ( REPRESENTATION_RELATIONSHIP('','',#136,#10) 
REPRESENTATION_RELATIONSHIP_WITH_TRANSFORMATION(#4467) 
SHAPE_REPRESENTATION_RELATIONSHIP() );
#4467 = ITEM_DEFINED_TRANSFORMATION('','',#11,#31);
#4468 = PRODUCT_DEFINITION_SHAPE('Placement','Placement of an item',
  #4469);
#4469 = NEXT_ASSEMBLY_USAGE_OCCURRENCE('121','C5','',#5,#131,$);
#4470 = CONTEXT_DEPENDENT_SHAPE_REPRESENTATION(#4471,#4473);
#4471 = ( REPRESENTATION_RELATIONSHIP('','',#1009,#10) 
REPRESENTATION_RELATIONSHIP_WITH_TRANSFORMATION(#4472) 
SHAPE_REPRESENTATION_RELATIONSHIP() );
#4472 = ITEM_DEFINED_TRANSFORMATION('','',#11,#35);
#4473 = PRODUCT_DEFINITION_SHAPE('Placement','Placement of an item',
  #4474);
#4474 = NEXT_ASSEMBLY_USAGE_OCCURRENCE('122','I3','',#5,#1004,$);
#4475 = CONTEXT_DEPENDENT_SHAPE_REPRESENTATION(#4476,#4478);
#4476 = ( REPRESENTATION_RELATIONSHIP('','',#136,#10) 
REPRESENTATION_RELATIONSHIP_WITH_TRANSFORMATION(#4477) 
SHAPE_REPRESENTATION_RELATIONSHIP() );
#4477 = ITEM_DEFINED_TRANSFORMATION('','',#11,#39);
#4478 = PRODUCT_DEFINITION_SHAPE('Placement','Placement of an item',
  #4479);
#4479 = NEXT_ASSEMBLY_USAGE_OCCURRENCE('123','C8','',#5,#131,$);
#4480 = CONTEXT_DEPENDENT_SHAPE_REPRESENTATION(#4481,#4483);
#4481 = ( REPRESENTATION_RELATIONSHIP('','',#3658,#10) 
REPRESENTATION_RELATIONSHIP_WITH_TRANSFORMATION(#4482) 
SHAPE_REPRESENTATION_RELATIONSHIP() );
#4482 = ITEM_DEFINED_TRANSFORMATION('','',#11,#43);
#4483 = PRODUCT_DEFINITION_SHAPE('Placement','Placement of an item',
  #4484);
#4484 = NEXT_ASSEMBLY_USAGE_OCCURRENCE('124','R7','',#5,#3653,$);
#4485 = CONTEXT_DEPENDENT_SHAPE_REPRESENTATION(#4486,#4488);
#4486 = ( REPRESENTATION_RELATIONSHIP('','',#3658,#10) 
REPRESENTATION_RELATIONSHIP_WITH_TRANSFORMATION(#4487) 
SHAPE_REPRESENTATION_RELATIONSHIP() );
#4487 = ITEM_DEFINED_TRANSFORMATION('','',#11,#47);
#4488 = PRODUCT_DEFINITION_SHAPE('Placement','Placement of an item',
  #4489);
#4489 = NEXT_ASSEMBLY_USAGE_OCCURRENCE('125','R12','',#5,#3653,$);
#4490 = CONTEXT_DEPENDENT_SHAPE_REPRESENTATION(#4491,#4493);
#4491 = ( REPRESENTATION_RELATIONSHIP('','',#136,#10) 
REPRESENTATION_RELATIONSHIP_WITH_TRANSFORMATION(#4492) 
SHAPE_REPRESENTATION_RELATIONSHIP() );
#4492 = ITEM_DEFINED_TRANSFORMATION('','',#11,#51);
#4493 = PRODUCT_DEFINITION_SHAPE('Placement','Placement of an item',
  #4494);
#4494 = NEXT_ASSEMBLY_USAGE_OCCURRENCE('126','C4','',#5,#131,$);
#4495 = CONTEXT_DEPENDENT_SHAPE_REPRESENTATION(#4496,#4498);
#4496 = ( REPRESENTATION_RELATIONSHIP('','',#3658,#10) 
REPRESENTATION_RELATIONSHIP_WITH_TRANSFORMATION(#4497) 
SHAPE_REPRESENTATION_RELATIONSHIP() );
#4497 = ITEM_DEFINED_TRANSFORMATION('','',#11,#55);
#4498 = PRODUCT_DEFINITION_SHAPE('Placement','Placement of an item',
  #4499);
#4499 = NEXT_ASSEMBLY_USAGE_OCCURRENCE('127','R9','',#5,#3653,$);
#4500 = CONTEXT_DEPENDENT_SHAPE_REPRESENTATION(#4501,#4503);
#4501 = ( REPRESENTATION_RELATIONSHIP('','',#136,#10) 
REPRESENTATION_RELATIONSHIP_WITH_TRANSFORMATION(#4502) 
SHAPE_REPRESENTATION_RELATIONSHIP() );
#4502 = ITEM_DEFINED_TRANSFORMATION('','',#11,#59);
#4503 = PRODUCT_DEFINITION_SHAPE('Placement','Placement of an item',
  #4504);
#4504 = NEXT_ASSEMBLY_USAGE_OCCURRENCE('128','C1','',#5,#131,$);
#4505 = CONTEXT_DEPENDENT_SHAPE_REPRESENTATION(#4506,#4508);
#4506 = ( REPRESENTATION_RELATIONSHIP('','',#3658,#10) 
REPRESENTATION_RELATIONSHIP_WITH_TRANSFORMATION(#4507) 
SHAPE_REPRESENTATION_RELATIONSHIP() );
#4507 = ITEM_DEFINED_TRANSFORMATION('','',#11,#63);
#4508 = PRODUCT_DEFINITION_SHAPE('Placement','Placement of an item',
  #4509);
#4509 = NEXT_ASSEMBLY_USAGE_OCCURRENCE('129','R11','',#5,#3653,$);
#4510 = CONTEXT_DEPENDENT_SHAPE_REPRESENTATION(#4511,#4513);
#4511 = ( REPRESENTATION_RELATIONSHIP('','',#3658,#10) 
REPRESENTATION_RELATIONSHIP_WITH_TRANSFORMATION(#4512) 
SHAPE_REPRESENTATION_RELATIONSHIP() );
#4512 = ITEM_DEFINED_TRANSFORMATION('','',#11,#67);
#4513 = PRODUCT_DEFINITION_SHAPE('Placement','Placement of an item',
  #4514);
#4514 = NEXT_ASSEMBLY_USAGE_OCCURRENCE('130','R10','',#5,#3653,$);
#4515 = CONTEXT_DEPENDENT_SHAPE_REPRESENTATION(#4516,#4518);
#4516 = ( REPRESENTATION_RELATIONSHIP('','',#136,#10) 
REPRESENTATION_RELATIONSHIP_WITH_TRANSFORMATION(#4517) 
SHAPE_REPRESENTATION_RELATIONSHIP() );
#4517 = ITEM_DEFINED_TRANSFORMATION('','',#11,#71);
#4518 = PRODUCT_DEFINITION_SHAPE('Placement','Placement of an item',
  #4519);
#4519 = NEXT_ASSEMBLY_USAGE_OCCURRENCE('131','C6','',#5,#131,$);
#4520 = CONTEXT_DEPENDENT_SHAPE_REPRESENTATION(#4521,#4523);
#4521 = ( REPRESENTATION_RELATIONSHIP('','',#3658,#10) 
REPRESENTATION_RELATIONSHIP_WITH_TRANSFORMATION(#4522) 
SHAPE_REPRESENTATION_RELATIONSHIP() );
#4522 = ITEM_DEFINED_TRANSFORMATION('','',#11,#75);
#4523 = PRODUCT_DEFINITION_SHAPE('Placement','Placement of an item',
  #4524);
#4524 = NEXT_ASSEMBLY_USAGE_OCCURRENCE('132','R2','',#5,#3653,$);
#4525 = CONTEXT_DEPENDENT_SHAPE_REPRESENTATION(#4526,#4528);
#4526 = ( REPRESENTATION_RELATIONSHIP('','',#3658,#10) 
REPRESENTATION_RELATIONSHIP_WITH_TRANSFORMATION(#4527) 
SHAPE_REPRESENTATION_RELATIONSHIP() );
#4527 = ITEM_DEFINED_TRANSFORMATION('','',#11,#79);
#4528 = PRODUCT_DEFINITION_SHAPE('Placement','Placement of an item',
  #4529);
#4529 = NEXT_ASSEMBLY_USAGE_OCCURRENCE('133','R4','',#5,#3653,$);
#4530 = CONTEXT_DEPENDENT_SHAPE_REPRESENTATION(#4531,#4533);
#4531 = ( REPRESENTATION_RELATIONSHIP('','',#136,#10) 
REPRESENTATION_RELATIONSHIP_WITH_TRANSFORMATION(#4532) 
SHAPE_REPRESENTATION_RELATIONSHIP() );
#4532 = ITEM_DEFINED_TRANSFORMATION('','',#11,#83);
#4533 = PRODUCT_DEFINITION_SHAPE('Placement','Placement of an item',
  #4534);
#4534 = NEXT_ASSEMBLY_USAGE_OCCURRENCE('134','C7','',#5,#131,$);
#4535 = CONTEXT_DEPENDENT_SHAPE_REPRESENTATION(#4536,#4538);
#4536 = ( REPRESENTATION_RELATIONSHIP('','',#136,#10) 
REPRESENTATION_RELATIONSHIP_WITH_TRANSFORMATION(#4537) 
SHAPE_REPRESENTATION_RELATIONSHIP() );
#4537 = ITEM_DEFINED_TRANSFORMATION('','',#11,#87);
#4538 = PRODUCT_DEFINITION_SHAPE('Placement','Placement of an item',
  #4539);
#4539 = NEXT_ASSEMBLY_USAGE_OCCURRENCE('135','C3','',#5,#131,$);
#4540 = CONTEXT_DEPENDENT_SHAPE_REPRESENTATION(#4541,#4543);
#4541 = ( REPRESENTATION_RELATIONSHIP('','',#3658,#10) 
REPRESENTATION_RELATIONSHIP_WITH_TRANSFORMATION(#4542) 
SHAPE_REPRESENTATION_RELATIONSHIP() );
#4542 = ITEM_DEFINED_TRANSFORMATION('','',#11,#91);
#4543 = PRODUCT_DEFINITION_SHAPE('Placement','Placement of an item',
  #4544);
#4544 = NEXT_ASSEMBLY_USAGE_OCCURRENCE('136','R1','',#5,#3653,$);
#4545 = CONTEXT_DEPENDENT_SHAPE_REPRESENTATION(#4546,#4548);
#4546 = ( REPRESENTATION_RELATIONSHIP('','',#3658,#10) 
REPRESENTATION_RELATIONSHIP_WITH_TRANSFORMATION(#4547) 
SHAPE_REPRESENTATION_RELATIONSHIP() );
#4547 = ITEM_DEFINED_TRANSFORMATION('','',#11,#95);
#4548 = PRODUCT_DEFINITION_SHAPE('Placement','Placement of an item',
  #4549);
#4549 = NEXT_ASSEMBLY_USAGE_OCCURRENCE('137','R8','',#5,#3653,$);
#4550 = CONTEXT_DEPENDENT_SHAPE_REPRESENTATION(#4551,#4553);
#4551 = ( REPRESENTATION_RELATIONSHIP('','',#136,#10) 
REPRESENTATION_RELATIONSHIP_WITH_TRANSFORMATION(#4552) 
SHAPE_REPRESENTATION_RELATIONSHIP() );
#4552 = ITEM_DEFINED_TRANSFORMATION('','',#11,#99);
#4553 = PRODUCT_DEFINITION_SHAPE('Placement','Placement of an item',
  #4554);
#4554 = NEXT_ASSEMBLY_USAGE_OCCURRENCE('138','C11','',#5,#131,$);
#4555 = CONTEXT_DEPENDENT_SHAPE_REPRESENTATION(#4556,#4558);
#4556 = ( REPRESENTATION_RELATIONSHIP('','',#136,#10) 
REPRESENTATION_RELATIONSHIP_WITH_TRANSFORMATION(#4557) 
SHAPE_REPRESENTATION_RELATIONSHIP() );
#4557 = ITEM_DEFINED_TRANSFORMATION('','',#11,#103);
#4558 = PRODUCT_DEFINITION_SHAPE('Placement','Placement of an item',
  #4559);
#4559 = NEXT_ASSEMBLY_USAGE_OCCURRENCE('139','C12','',#5,#131,$);
#4560 = CONTEXT_DEPENDENT_SHAPE_REPRESENTATION(#4561,#4563);
#4561 = ( REPRESENTATION_RELATIONSHIP('','',#136,#10) 
REPRESENTATION_RELATIONSHIP_WITH_TRANSFORMATION(#4562) 
SHAPE_REPRESENTATION_RELATIONSHIP() );
#4562 = ITEM_DEFINED_TRANSFORMATION('','',#11,#107);
#4563 = PRODUCT_DEFINITION_SHAPE('Placement','Placement of an item',
  #4564);
#4564 = NEXT_ASSEMBLY_USAGE_OCCURRENCE('140','C10','',#5,#131,$);
#4565 = CONTEXT_DEPENDENT_SHAPE_REPRESENTATION(#4566,#4568);
#4566 = ( REPRESENTATION_RELATIONSHIP('','',#3658,#10) 
REPRESENTATION_RELATIONSHIP_WITH_TRANSFORMATION(#4567) 
SHAPE_REPRESENTATION_RELATIONSHIP() );
#4567 = ITEM_DEFINED_TRANSFORMATION('','',#11,#111);
#4568 = PRODUCT_DEFINITION_SHAPE('Placement','Placement of an item',
  #4569);
#4569 = NEXT_ASSEMBLY_USAGE_OCCURRENCE('141','R3','',#5,#3653,$);
#4570 = CONTEXT_DEPENDENT_SHAPE_REPRESENTATION(#4571,#4573);
#4571 = ( REPRESENTATION_RELATIONSHIP('','',#3658,#10) 
REPRESENTATION_RELATIONSHIP_WITH_TRANSFORMATION(#4572) 
SHAPE_REPRESENTATION_RELATIONSHIP() );
#4572 = ITEM_DEFINED_TRANSFORMATION('','',#11,#115);
#4573 = PRODUCT_DEFINITION_SHAPE('Placement','Placement of an item',
  #4574);
#4574 = NEXT_ASSEMBLY_USAGE_OCCURRENCE('142','R5','',#5,#3653,$);
#4575 = SHAPE_DEFINITION_REPRESENTATION(#4576,#4582);
#4576 = PRODUCT_DEFINITION_SHAPE('','',#4577);
#4577 = PRODUCT_DEFINITION('design','',#4578,#4581);
#4578 = PRODUCT_DEFINITION_FORMATION('','',#4579);
#4579 = PRODUCT('DRY_ELEC_6CH_PCB','DRY_ELEC_6CH_PCB','',(#4580));
#4580 = PRODUCT_CONTEXT('',#2,'mechanical');
#4581 = PRODUCT_DEFINITION_CONTEXT('part definition',#2,'design');
#4582 = ADVANCED_BREP_SHAPE_REPRESENTATION('',(#11,#4583),#5107);
#4583 = MANIFOLD_SOLID_BREP('',#4584);
#4584 = CLOSED_SHELL('',(#4585,#4627,#4658,#4689,#4807,#4925,#4942,#4959
    ,#4976,#4993,#5005,#5022,#5039,#5056,#5073,#5090));
#4585 = ADVANCED_FACE('',(#4586),#4622,.T.);
#4586 = FACE_BOUND('',#4587,.T.);
#4587 = EDGE_LOOP('',(#4588,#4598,#4607,#4615));
#4588 = ORIENTED_EDGE('',*,*,#4589,.T.);
#4589 = EDGE_CURVE('',#4590,#4592,#4594,.T.);
#4590 = VERTEX_POINT('',#4591);
#4591 = CARTESIAN_POINT('',(43.999891,-25.49991,0.));
#4592 = VERTEX_POINT('',#4593);
#4593 = CARTESIAN_POINT('',(43.999891,-25.49991,0.71));
#4594 = LINE('',#4595,#4596);
#4595 = CARTESIAN_POINT('',(43.999891,-25.49991,0.));
#4596 = VECTOR('',#4597,1.);
#4597 = DIRECTION('',(0.,0.,1.));
#4598 = ORIENTED_EDGE('',*,*,#4599,.T.);
#4599 = EDGE_CURVE('',#4592,#4600,#4602,.T.);
#4600 = VERTEX_POINT('',#4601);
#4601 = CARTESIAN_POINT('',(44.999891,-26.49991,0.71));
#4602 = CIRCLE('',#4603,0.999999252925);
#4603 = AXIS2_PLACEMENT_3D('',#4604,#4605,#4606);
#4604 = CARTESIAN_POINT('',(43.999891747075,-26.49990925292,0.71));
#4605 = DIRECTION('',(0.,0.,-1.));
#4606 = DIRECTION('',(-7.470757420593E-07,1.,0.));
#4607 = ORIENTED_EDGE('',*,*,#4608,.F.);
#4608 = EDGE_CURVE('',#4609,#4600,#4611,.T.);
#4609 = VERTEX_POINT('',#4610);
#4610 = CARTESIAN_POINT('',(44.999891,-26.49991,0.));
#4611 = LINE('',#4612,#4613);
#4612 = CARTESIAN_POINT('',(44.999891,-26.49991,0.));
#4613 = VECTOR('',#4614,1.);
#4614 = DIRECTION('',(0.,0.,1.));
#4615 = ORIENTED_EDGE('',*,*,#4616,.F.);
#4616 = EDGE_CURVE('',#4590,#4609,#4617,.T.);
#4617 = CIRCLE('',#4618,0.999999252925);
#4618 = AXIS2_PLACEMENT_3D('',#4619,#4620,#4621);
#4619 = CARTESIAN_POINT('',(43.999891747075,-26.49990925292,0.));
#4620 = DIRECTION('',(0.,0.,-1.));
#4621 = DIRECTION('',(-7.470757420593E-07,1.,0.));
#4622 = CYLINDRICAL_SURFACE('',#4623,0.999999252925);
#4623 = AXIS2_PLACEMENT_3D('',#4624,#4625,#4626);
#4624 = CARTESIAN_POINT('',(43.999891747075,-26.49990925292,0.));
#4625 = DIRECTION('',(0.,0.,-1.));
#4626 = DIRECTION('',(-7.470757420593E-07,1.,0.));
#4627 = ADVANCED_FACE('',(#4628),#4653,.T.);
#4628 = FACE_BOUND('',#4629,.T.);
#4629 = EDGE_LOOP('',(#4630,#4640,#4646,#4647));
#4630 = ORIENTED_EDGE('',*,*,#4631,.T.);
#4631 = EDGE_CURVE('',#4632,#4634,#4636,.T.);
#4632 = VERTEX_POINT('',#4633);
#4633 = CARTESIAN_POINT('',(15.999891,-25.49991,0.));
#4634 = VERTEX_POINT('',#4635);
#4635 = CARTESIAN_POINT('',(15.999891,-25.49991,0.71));
#4636 = LINE('',#4637,#4638);
#4637 = CARTESIAN_POINT('',(15.999891,-25.49991,0.));
#4638 = VECTOR('',#4639,1.);
#4639 = DIRECTION('',(0.,0.,1.));
#4640 = ORIENTED_EDGE('',*,*,#4641,.T.);
#4641 = EDGE_CURVE('',#4634,#4592,#4642,.T.);
#4642 = LINE('',#4643,#4644);
#4643 = CARTESIAN_POINT('',(15.999891,-25.49991,0.71));
#4644 = VECTOR('',#4645,1.);
#4645 = DIRECTION('',(1.,0.,0.));
#4646 = ORIENTED_EDGE('',*,*,#4589,.F.);
#4647 = ORIENTED_EDGE('',*,*,#4648,.F.);
#4648 = EDGE_CURVE('',#4632,#4590,#4649,.T.);
#4649 = LINE('',#4650,#4651);
#4650 = CARTESIAN_POINT('',(15.999891,-25.49991,0.));
#4651 = VECTOR('',#4652,1.);
#4652 = DIRECTION('',(1.,0.,0.));
#4653 = PLANE('',#4654);
#4654 = AXIS2_PLACEMENT_3D('',#4655,#4656,#4657);
#4655 = CARTESIAN_POINT('',(15.999891,-25.49991,0.));
#4656 = DIRECTION('',(0.,1.,0.));
#4657 = DIRECTION('',(1.,0.,0.));
#4658 = ADVANCED_FACE('',(#4659),#4684,.T.);
#4659 = FACE_BOUND('',#4660,.T.);
#4660 = EDGE_LOOP('',(#4661,#4662,#4670,#4678));
#4661 = ORIENTED_EDGE('',*,*,#4608,.T.);
#4662 = ORIENTED_EDGE('',*,*,#4663,.T.);
#4663 = EDGE_CURVE('',#4600,#4664,#4666,.T.);
#4664 = VERTEX_POINT('',#4665);
#4665 = CARTESIAN_POINT('',(44.999891,-37.49991,0.71));
#4666 = LINE('',#4667,#4668);
#4667 = CARTESIAN_POINT('',(44.999891,-26.49991,0.71));
#4668 = VECTOR('',#4669,1.);
#4669 = DIRECTION('',(0.,-1.,0.));
#4670 = ORIENTED_EDGE('',*,*,#4671,.F.);
#4671 = EDGE_CURVE('',#4672,#4664,#4674,.T.);
#4672 = VERTEX_POINT('',#4673);
#4673 = CARTESIAN_POINT('',(44.999891,-37.49991,0.));
#4674 = LINE('',#4675,#4676);
#4675 = CARTESIAN_POINT('',(44.999891,-37.49991,0.));
#4676 = VECTOR('',#4677,1.);
#4677 = DIRECTION('',(0.,0.,1.));
#4678 = ORIENTED_EDGE('',*,*,#4679,.F.);
#4679 = EDGE_CURVE('',#4609,#4672,#4680,.T.);
#4680 = LINE('',#4681,#4682);
#4681 = CARTESIAN_POINT('',(44.999891,-26.49991,0.));
#4682 = VECTOR('',#4683,1.);
#4683 = DIRECTION('',(0.,-1.,0.));
#4684 = PLANE('',#4685);
#4685 = AXIS2_PLACEMENT_3D('',#4686,#4687,#4688);
#4686 = CARTESIAN_POINT('',(44.999891,-26.49991,0.));
#4687 = DIRECTION('',(1.,0.,-0.));
#4688 = DIRECTION('',(0.,-1.,0.));
#4689 = ADVANCED_FACE('',(#4690,#4736,#4747,#4758,#4769,#4780,#4791),
  #4802,.F.);
#4690 = FACE_BOUND('',#4691,.F.);
#4691 = EDGE_LOOP('',(#4692,#4693,#4694,#4703,#4711,#4720,#4728,#4735));
#4692 = ORIENTED_EDGE('',*,*,#4616,.F.);
#4693 = ORIENTED_EDGE('',*,*,#4648,.F.);
#4694 = ORIENTED_EDGE('',*,*,#4695,.F.);
#4695 = EDGE_CURVE('',#4696,#4632,#4698,.T.);
#4696 = VERTEX_POINT('',#4697);
#4697 = CARTESIAN_POINT('',(14.999891,-26.49991,0.));
#4698 = CIRCLE('',#4699,0.999999252925);
#4699 = AXIS2_PLACEMENT_3D('',#4700,#4701,#4702);
#4700 = CARTESIAN_POINT('',(15.999890252925,-26.49990925292,0.));
#4701 = DIRECTION('',(0.,0.,-1.));
#4702 = DIRECTION('',(-1.,-7.470757420593E-07,-0.));
#4703 = ORIENTED_EDGE('',*,*,#4704,.F.);
#4704 = EDGE_CURVE('',#4705,#4696,#4707,.T.);
#4705 = VERTEX_POINT('',#4706);
#4706 = CARTESIAN_POINT('',(14.999891,-37.49991,0.));
#4707 = LINE('',#4708,#4709);
#4708 = CARTESIAN_POINT('',(14.999891,-37.49991,0.));
#4709 = VECTOR('',#4710,1.);
#4710 = DIRECTION('',(0.,1.,0.));
#4711 = ORIENTED_EDGE('',*,*,#4712,.F.);
#4712 = EDGE_CURVE('',#4713,#4705,#4715,.T.);
#4713 = VERTEX_POINT('',#4714);
#4714 = CARTESIAN_POINT('',(15.999891,-38.49991,0.));
#4715 = CIRCLE('',#4716,0.999999252925);
#4716 = AXIS2_PLACEMENT_3D('',#4717,#4718,#4719);
#4717 = CARTESIAN_POINT('',(15.999890252925,-37.49991074707,0.));
#4718 = DIRECTION('',(0.,0.,-1.));
#4719 = DIRECTION('',(7.470757438357E-07,-1.,0.));
#4720 = ORIENTED_EDGE('',*,*,#4721,.F.);
#4721 = EDGE_CURVE('',#4722,#4713,#4724,.T.);
#4722 = VERTEX_POINT('',#4723);
#4723 = CARTESIAN_POINT('',(43.999891,-38.49991,0.));
#4724 = LINE('',#4725,#4726);
#4725 = CARTESIAN_POINT('',(43.999891,-38.49991,0.));
#4726 = VECTOR('',#4727,1.);
#4727 = DIRECTION('',(-1.,0.,0.));
#4728 = ORIENTED_EDGE('',*,*,#4729,.F.);
#4729 = EDGE_CURVE('',#4672,#4722,#4730,.T.);
#4730 = CIRCLE('',#4731,0.999999252925);
#4731 = AXIS2_PLACEMENT_3D('',#4732,#4733,#4734);
#4732 = CARTESIAN_POINT('',(43.999891747075,-37.49991074707,0.));
#4733 = DIRECTION('',(0.,0.,-1.));
#4734 = DIRECTION('',(1.,7.470757491648E-07,0.));
#4735 = ORIENTED_EDGE('',*,*,#4679,.F.);
#4736 = FACE_BOUND('',#4737,.F.);
#4737 = EDGE_LOOP('',(#4738));
#4738 = ORIENTED_EDGE('',*,*,#4739,.T.);
#4739 = EDGE_CURVE('',#4740,#4740,#4742,.T.);
#4740 = VERTEX_POINT('',#4741);
#4741 = CARTESIAN_POINT('',(17.299891,-32.59991,0.));
#4742 = CIRCLE('',#4743,0.6);
#4743 = AXIS2_PLACEMENT_3D('',#4744,#4745,#4746);
#4744 = CARTESIAN_POINT('',(17.299891,-31.99991,0.));
#4745 = DIRECTION('',(-0.,0.,-1.));
#4746 = DIRECTION('',(-5.921189464667E-15,-1.,0.));
#4747 = FACE_BOUND('',#4748,.F.);
#4748 = EDGE_LOOP('',(#4749));
#4749 = ORIENTED_EDGE('',*,*,#4750,.T.);
#4750 = EDGE_CURVE('',#4751,#4751,#4753,.T.);
#4751 = VERTEX_POINT('',#4752);
#4752 = CARTESIAN_POINT('',(22.379891,-32.59991,0.));
#4753 = CIRCLE('',#4754,0.6);
#4754 = AXIS2_PLACEMENT_3D('',#4755,#4756,#4757);
#4755 = CARTESIAN_POINT('',(22.379891,-31.99991,0.));
#4756 = DIRECTION('',(-0.,0.,-1.));
#4757 = DIRECTION('',(-0.,-1.,0.));
#4758 = FACE_BOUND('',#4759,.F.);
#4759 = EDGE_LOOP('',(#4760));
#4760 = ORIENTED_EDGE('',*,*,#4761,.T.);
#4761 = EDGE_CURVE('',#4762,#4762,#4764,.T.);
#4762 = VERTEX_POINT('',#4763);
#4763 = CARTESIAN_POINT('',(32.539891,-32.59991,0.));
#4764 = CIRCLE('',#4765,0.6);
#4765 = AXIS2_PLACEMENT_3D('',#4766,#4767,#4768);
#4766 = CARTESIAN_POINT('',(32.539891,-31.99991,0.));
#4767 = DIRECTION('',(-0.,0.,-1.));
#4768 = DIRECTION('',(-0.,-1.,0.));
#4769 = FACE_BOUND('',#4770,.F.);
#4770 = EDGE_LOOP('',(#4771));
#4771 = ORIENTED_EDGE('',*,*,#4772,.T.);
#4772 = EDGE_CURVE('',#4773,#4773,#4775,.T.);
#4773 = VERTEX_POINT('',#4774);
#4774 = CARTESIAN_POINT('',(27.459891,-32.59991,0.));
#4775 = CIRCLE('',#4776,0.6);
#4776 = AXIS2_PLACEMENT_3D('',#4777,#4778,#4779);
#4777 = CARTESIAN_POINT('',(27.459891,-31.99991,0.));
#4778 = DIRECTION('',(-0.,0.,-1.));
#4779 = DIRECTION('',(-0.,-1.,0.));
#4780 = FACE_BOUND('',#4781,.F.);
#4781 = EDGE_LOOP('',(#4782));
#4782 = ORIENTED_EDGE('',*,*,#4783,.T.);
#4783 = EDGE_CURVE('',#4784,#4784,#4786,.T.);
#4784 = VERTEX_POINT('',#4785);
#4785 = CARTESIAN_POINT('',(37.619891,-32.59991,0.));
#4786 = CIRCLE('',#4787,0.6);
#4787 = AXIS2_PLACEMENT_3D('',#4788,#4789,#4790);
#4788 = CARTESIAN_POINT('',(37.619891,-31.99991,0.));
#4789 = DIRECTION('',(-0.,0.,-1.));
#4790 = DIRECTION('',(1.184237892933E-14,-1.,-0.));
#4791 = FACE_BOUND('',#4792,.F.);
#4792 = EDGE_LOOP('',(#4793));
#4793 = ORIENTED_EDGE('',*,*,#4794,.T.);
#4794 = EDGE_CURVE('',#4795,#4795,#4797,.T.);
#4795 = VERTEX_POINT('',#4796);
#4796 = CARTESIAN_POINT('',(42.699891,-32.59991,0.));
#4797 = CIRCLE('',#4798,0.6);
#4798 = AXIS2_PLACEMENT_3D('',#4799,#4800,#4801);
#4799 = CARTESIAN_POINT('',(42.699891,-31.99991,0.));
#4800 = DIRECTION('',(-0.,0.,-1.));
#4801 = DIRECTION('',(-0.,-1.,0.));
#4802 = PLANE('',#4803);
#4803 = AXIS2_PLACEMENT_3D('',#4804,#4805,#4806);
#4804 = CARTESIAN_POINT('',(0.,0.,0.));
#4805 = DIRECTION('',(0.,0.,1.));
#4806 = DIRECTION('',(1.,0.,-0.));
#4807 = ADVANCED_FACE('',(#4808,#4854,#4865,#4876,#4887,#4898,#4909),
  #4920,.T.);
#4808 = FACE_BOUND('',#4809,.T.);
#4809 = EDGE_LOOP('',(#4810,#4811,#4812,#4821,#4829,#4838,#4846,#4853));
#4810 = ORIENTED_EDGE('',*,*,#4599,.F.);
#4811 = ORIENTED_EDGE('',*,*,#4641,.F.);
#4812 = ORIENTED_EDGE('',*,*,#4813,.F.);
#4813 = EDGE_CURVE('',#4814,#4634,#4816,.T.);
#4814 = VERTEX_POINT('',#4815);
#4815 = CARTESIAN_POINT('',(14.999891,-26.49991,0.71));
#4816 = CIRCLE('',#4817,0.999999252925);
#4817 = AXIS2_PLACEMENT_3D('',#4818,#4819,#4820);
#4818 = CARTESIAN_POINT('',(15.999890252925,-26.49990925292,0.71));
#4819 = DIRECTION('',(0.,0.,-1.));
#4820 = DIRECTION('',(-1.,-7.470757420593E-07,-0.));
#4821 = ORIENTED_EDGE('',*,*,#4822,.F.);
#4822 = EDGE_CURVE('',#4823,#4814,#4825,.T.);
#4823 = VERTEX_POINT('',#4824);
#4824 = CARTESIAN_POINT('',(14.999891,-37.49991,0.71));
#4825 = LINE('',#4826,#4827);
#4826 = CARTESIAN_POINT('',(14.999891,-37.49991,0.71));
#4827 = VECTOR('',#4828,1.);
#4828 = DIRECTION('',(0.,1.,0.));
#4829 = ORIENTED_EDGE('',*,*,#4830,.F.);
#4830 = EDGE_CURVE('',#4831,#4823,#4833,.T.);
#4831 = VERTEX_POINT('',#4832);
#4832 = CARTESIAN_POINT('',(15.999891,-38.49991,0.71));
#4833 = CIRCLE('',#4834,0.999999252925);
#4834 = AXIS2_PLACEMENT_3D('',#4835,#4836,#4837);
#4835 = CARTESIAN_POINT('',(15.999890252925,-37.49991074707,0.71));
#4836 = DIRECTION('',(0.,0.,-1.));
#4837 = DIRECTION('',(7.470757438357E-07,-1.,0.));
#4838 = ORIENTED_EDGE('',*,*,#4839,.F.);
#4839 = EDGE_CURVE('',#4840,#4831,#4842,.T.);
#4840 = VERTEX_POINT('',#4841);
#4841 = CARTESIAN_POINT('',(43.999891,-38.49991,0.71));
#4842 = LINE('',#4843,#4844);
#4843 = CARTESIAN_POINT('',(43.999891,-38.49991,0.71));
#4844 = VECTOR('',#4845,1.);
#4845 = DIRECTION('',(-1.,0.,0.));
#4846 = ORIENTED_EDGE('',*,*,#4847,.F.);
#4847 = EDGE_CURVE('',#4664,#4840,#4848,.T.);
#4848 = CIRCLE('',#4849,0.999999252925);
#4849 = AXIS2_PLACEMENT_3D('',#4850,#4851,#4852);
#4850 = CARTESIAN_POINT('',(43.999891747075,-37.49991074707,0.71));
#4851 = DIRECTION('',(0.,0.,-1.));
#4852 = DIRECTION('',(1.,7.470757491648E-07,0.));
#4853 = ORIENTED_EDGE('',*,*,#4663,.F.);
#4854 = FACE_BOUND('',#4855,.T.);
#4855 = EDGE_LOOP('',(#4856));
#4856 = ORIENTED_EDGE('',*,*,#4857,.T.);
#4857 = EDGE_CURVE('',#4858,#4858,#4860,.T.);
#4858 = VERTEX_POINT('',#4859);
#4859 = CARTESIAN_POINT('',(17.299891,-32.59991,0.71));
#4860 = CIRCLE('',#4861,0.6);
#4861 = AXIS2_PLACEMENT_3D('',#4862,#4863,#4864);
#4862 = CARTESIAN_POINT('',(17.299891,-31.99991,0.71));
#4863 = DIRECTION('',(-0.,0.,-1.));
#4864 = DIRECTION('',(-5.921189464667E-15,-1.,0.));
#4865 = FACE_BOUND('',#4866,.T.);
#4866 = EDGE_LOOP('',(#4867));
#4867 = ORIENTED_EDGE('',*,*,#4868,.T.);
#4868 = EDGE_CURVE('',#4869,#4869,#4871,.T.);
#4869 = VERTEX_POINT('',#4870);
#4870 = CARTESIAN_POINT('',(22.379891,-32.59991,0.71));
#4871 = CIRCLE('',#4872,0.6);
#4872 = AXIS2_PLACEMENT_3D('',#4873,#4874,#4875);
#4873 = CARTESIAN_POINT('',(22.379891,-31.99991,0.71));
#4874 = DIRECTION('',(-0.,0.,-1.));
#4875 = DIRECTION('',(-0.,-1.,0.));
#4876 = FACE_BOUND('',#4877,.T.);
#4877 = EDGE_LOOP('',(#4878));
#4878 = ORIENTED_EDGE('',*,*,#4879,.T.);
#4879 = EDGE_CURVE('',#4880,#4880,#4882,.T.);
#4880 = VERTEX_POINT('',#4881);
#4881 = CARTESIAN_POINT('',(32.539891,-32.59991,0.71));
#4882 = CIRCLE('',#4883,0.6);
#4883 = AXIS2_PLACEMENT_3D('',#4884,#4885,#4886);
#4884 = CARTESIAN_POINT('',(32.539891,-31.99991,0.71));
#4885 = DIRECTION('',(-0.,0.,-1.));
#4886 = DIRECTION('',(-0.,-1.,0.));
#4887 = FACE_BOUND('',#4888,.T.);
#4888 = EDGE_LOOP('',(#4889));
#4889 = ORIENTED_EDGE('',*,*,#4890,.T.);
#4890 = EDGE_CURVE('',#4891,#4891,#4893,.T.);
#4891 = VERTEX_POINT('',#4892);
#4892 = CARTESIAN_POINT('',(27.459891,-32.59991,0.71));
#4893 = CIRCLE('',#4894,0.6);
#4894 = AXIS2_PLACEMENT_3D('',#4895,#4896,#4897);
#4895 = CARTESIAN_POINT('',(27.459891,-31.99991,0.71));
#4896 = DIRECTION('',(-0.,0.,-1.));
#4897 = DIRECTION('',(-0.,-1.,0.));
#4898 = FACE_BOUND('',#4899,.T.);
#4899 = EDGE_LOOP('',(#4900));
#4900 = ORIENTED_EDGE('',*,*,#4901,.T.);
#4901 = EDGE_CURVE('',#4902,#4902,#4904,.T.);
#4902 = VERTEX_POINT('',#4903);
#4903 = CARTESIAN_POINT('',(37.619891,-32.59991,0.71));
#4904 = CIRCLE('',#4905,0.6);
#4905 = AXIS2_PLACEMENT_3D('',#4906,#4907,#4908);
#4906 = CARTESIAN_POINT('',(37.619891,-31.99991,0.71));
#4907 = DIRECTION('',(-0.,0.,-1.));
#4908 = DIRECTION('',(1.184237892933E-14,-1.,-0.));
#4909 = FACE_BOUND('',#4910,.T.);
#4910 = EDGE_LOOP('',(#4911));
#4911 = ORIENTED_EDGE('',*,*,#4912,.T.);
#4912 = EDGE_CURVE('',#4913,#4913,#4915,.T.);
#4913 = VERTEX_POINT('',#4914);
#4914 = CARTESIAN_POINT('',(42.699891,-32.59991,0.71));
#4915 = CIRCLE('',#4916,0.6);
#4916 = AXIS2_PLACEMENT_3D('',#4917,#4918,#4919);
#4917 = CARTESIAN_POINT('',(42.699891,-31.99991,0.71));
#4918 = DIRECTION('',(-0.,0.,-1.));
#4919 = DIRECTION('',(-0.,-1.,0.));
#4920 = PLANE('',#4921);
#4921 = AXIS2_PLACEMENT_3D('',#4922,#4923,#4924);
#4922 = CARTESIAN_POINT('',(0.,0.,0.71));
#4923 = DIRECTION('',(0.,0.,1.));
#4924 = DIRECTION('',(1.,0.,-0.));
#4925 = ADVANCED_FACE('',(#4926),#4937,.T.);
#4926 = FACE_BOUND('',#4927,.T.);
#4927 = EDGE_LOOP('',(#4928,#4934,#4935,#4936));
#4928 = ORIENTED_EDGE('',*,*,#4929,.T.);
#4929 = EDGE_CURVE('',#4696,#4814,#4930,.T.);
#4930 = LINE('',#4931,#4932);
#4931 = CARTESIAN_POINT('',(14.999891,-26.49991,0.));
#4932 = VECTOR('',#4933,1.);
#4933 = DIRECTION('',(0.,0.,1.));
#4934 = ORIENTED_EDGE('',*,*,#4813,.T.);
#4935 = ORIENTED_EDGE('',*,*,#4631,.F.);
#4936 = ORIENTED_EDGE('',*,*,#4695,.F.);
#4937 = CYLINDRICAL_SURFACE('',#4938,0.999999252925);
#4938 = AXIS2_PLACEMENT_3D('',#4939,#4940,#4941);
#4939 = CARTESIAN_POINT('',(15.999890252925,-26.49990925292,0.));
#4940 = DIRECTION('',(0.,0.,-1.));
#4941 = DIRECTION('',(-1.,-7.470757420593E-07,-0.));
#4942 = ADVANCED_FACE('',(#4943),#4954,.T.);
#4943 = FACE_BOUND('',#4944,.T.);
#4944 = EDGE_LOOP('',(#4945,#4946,#4947,#4953));
#4945 = ORIENTED_EDGE('',*,*,#4671,.T.);
#4946 = ORIENTED_EDGE('',*,*,#4847,.T.);
#4947 = ORIENTED_EDGE('',*,*,#4948,.F.);
#4948 = EDGE_CURVE('',#4722,#4840,#4949,.T.);
#4949 = LINE('',#4950,#4951);
#4950 = CARTESIAN_POINT('',(43.999891,-38.49991,0.));
#4951 = VECTOR('',#4952,1.);
#4952 = DIRECTION('',(0.,0.,1.));
#4953 = ORIENTED_EDGE('',*,*,#4729,.F.);
#4954 = CYLINDRICAL_SURFACE('',#4955,0.999999252925);
#4955 = AXIS2_PLACEMENT_3D('',#4956,#4957,#4958);
#4956 = CARTESIAN_POINT('',(43.999891747075,-37.49991074707,0.));
#4957 = DIRECTION('',(0.,0.,-1.));
#4958 = DIRECTION('',(1.,7.470757491648E-07,0.));
#4959 = ADVANCED_FACE('',(#4960),#4971,.T.);
#4960 = FACE_BOUND('',#4961,.T.);
#4961 = EDGE_LOOP('',(#4962,#4968,#4969,#4970));
#4962 = ORIENTED_EDGE('',*,*,#4963,.T.);
#4963 = EDGE_CURVE('',#4705,#4823,#4964,.T.);
#4964 = LINE('',#4965,#4966);
#4965 = CARTESIAN_POINT('',(14.999891,-37.49991,0.));
#4966 = VECTOR('',#4967,1.);
#4967 = DIRECTION('',(0.,0.,1.));
#4968 = ORIENTED_EDGE('',*,*,#4822,.T.);
#4969 = ORIENTED_EDGE('',*,*,#4929,.F.);
#4970 = ORIENTED_EDGE('',*,*,#4704,.F.);
#4971 = PLANE('',#4972);
#4972 = AXIS2_PLACEMENT_3D('',#4973,#4974,#4975);
#4973 = CARTESIAN_POINT('',(14.999891,-37.49991,0.));
#4974 = DIRECTION('',(-1.,0.,0.));
#4975 = DIRECTION('',(0.,1.,0.));
#4976 = ADVANCED_FACE('',(#4977),#4988,.T.);
#4977 = FACE_BOUND('',#4978,.T.);
#4978 = EDGE_LOOP('',(#4979,#4980,#4981,#4987));
#4979 = ORIENTED_EDGE('',*,*,#4948,.T.);
#4980 = ORIENTED_EDGE('',*,*,#4839,.T.);
#4981 = ORIENTED_EDGE('',*,*,#4982,.F.);
#4982 = EDGE_CURVE('',#4713,#4831,#4983,.T.);
#4983 = LINE('',#4984,#4985);
#4984 = CARTESIAN_POINT('',(15.999891,-38.49991,0.));
#4985 = VECTOR('',#4986,1.);
#4986 = DIRECTION('',(0.,0.,1.));
#4987 = ORIENTED_EDGE('',*,*,#4721,.F.);
#4988 = PLANE('',#4989);
#4989 = AXIS2_PLACEMENT_3D('',#4990,#4991,#4992);
#4990 = CARTESIAN_POINT('',(43.999891,-38.49991,0.));
#4991 = DIRECTION('',(0.,-1.,0.));
#4992 = DIRECTION('',(-1.,0.,0.));
#4993 = ADVANCED_FACE('',(#4994),#5000,.T.);
#4994 = FACE_BOUND('',#4995,.T.);
#4995 = EDGE_LOOP('',(#4996,#4997,#4998,#4999));
#4996 = ORIENTED_EDGE('',*,*,#4982,.T.);
#4997 = ORIENTED_EDGE('',*,*,#4830,.T.);
#4998 = ORIENTED_EDGE('',*,*,#4963,.F.);
#4999 = ORIENTED_EDGE('',*,*,#4712,.F.);
#5000 = CYLINDRICAL_SURFACE('',#5001,0.999999252925);
#5001 = AXIS2_PLACEMENT_3D('',#5002,#5003,#5004);
#5002 = CARTESIAN_POINT('',(15.999890252925,-37.49991074707,0.));
#5003 = DIRECTION('',(0.,0.,-1.));
#5004 = DIRECTION('',(7.470757438357E-07,-1.,0.));
#5005 = ADVANCED_FACE('',(#5006),#5017,.F.);
#5006 = FACE_BOUND('',#5007,.T.);
#5007 = EDGE_LOOP('',(#5008,#5009,#5015,#5016));
#5008 = ORIENTED_EDGE('',*,*,#4739,.T.);
#5009 = ORIENTED_EDGE('',*,*,#5010,.T.);
#5010 = EDGE_CURVE('',#4740,#4858,#5011,.T.);
#5011 = LINE('',#5012,#5013);
#5012 = CARTESIAN_POINT('',(17.299891,-32.59991,-4.6E-02));
#5013 = VECTOR('',#5014,1.);
#5014 = DIRECTION('',(0.,0.,1.));
#5015 = ORIENTED_EDGE('',*,*,#4857,.F.);
#5016 = ORIENTED_EDGE('',*,*,#5010,.F.);
#5017 = CYLINDRICAL_SURFACE('',#5018,0.6);
#5018 = AXIS2_PLACEMENT_3D('',#5019,#5020,#5021);
#5019 = CARTESIAN_POINT('',(17.299891,-31.99991,-4.6E-02));
#5020 = DIRECTION('',(-0.,-0.,-1.));
#5021 = DIRECTION('',(-5.921189464667E-15,-1.,0.));
#5022 = ADVANCED_FACE('',(#5023),#5034,.F.);
#5023 = FACE_BOUND('',#5024,.T.);
#5024 = EDGE_LOOP('',(#5025,#5026,#5032,#5033));
#5025 = ORIENTED_EDGE('',*,*,#4750,.T.);
#5026 = ORIENTED_EDGE('',*,*,#5027,.T.);
#5027 = EDGE_CURVE('',#4751,#4869,#5028,.T.);
#5028 = LINE('',#5029,#5030);
#5029 = CARTESIAN_POINT('',(22.379891,-32.59991,-4.6E-02));
#5030 = VECTOR('',#5031,1.);
#5031 = DIRECTION('',(0.,0.,1.));
#5032 = ORIENTED_EDGE('',*,*,#4868,.F.);
#5033 = ORIENTED_EDGE('',*,*,#5027,.F.);
#5034 = CYLINDRICAL_SURFACE('',#5035,0.6);
#5035 = AXIS2_PLACEMENT_3D('',#5036,#5037,#5038);
#5036 = CARTESIAN_POINT('',(22.379891,-31.99991,-4.6E-02));
#5037 = DIRECTION('',(-0.,-0.,-1.));
#5038 = DIRECTION('',(-0.,-1.,0.));
#5039 = ADVANCED_FACE('',(#5040),#5051,.F.);
#5040 = FACE_BOUND('',#5041,.T.);
#5041 = EDGE_LOOP('',(#5042,#5043,#5049,#5050));
#5042 = ORIENTED_EDGE('',*,*,#4761,.T.);
#5043 = ORIENTED_EDGE('',*,*,#5044,.T.);
#5044 = EDGE_CURVE('',#4762,#4880,#5045,.T.);
#5045 = LINE('',#5046,#5047);
#5046 = CARTESIAN_POINT('',(32.539891,-32.59991,-4.6E-02));
#5047 = VECTOR('',#5048,1.);
#5048 = DIRECTION('',(0.,0.,1.));
#5049 = ORIENTED_EDGE('',*,*,#4879,.F.);
#5050 = ORIENTED_EDGE('',*,*,#5044,.F.);
#5051 = CYLINDRICAL_SURFACE('',#5052,0.6);
#5052 = AXIS2_PLACEMENT_3D('',#5053,#5054,#5055);
#5053 = CARTESIAN_POINT('',(32.539891,-31.99991,-4.6E-02));
#5054 = DIRECTION('',(-0.,-0.,-1.));
#5055 = DIRECTION('',(-0.,-1.,0.));
#5056 = ADVANCED_FACE('',(#5057),#5068,.F.);
#5057 = FACE_BOUND('',#5058,.T.);
#5058 = EDGE_LOOP('',(#5059,#5060,#5066,#5067));
#5059 = ORIENTED_EDGE('',*,*,#4772,.T.);
#5060 = ORIENTED_EDGE('',*,*,#5061,.T.);
#5061 = EDGE_CURVE('',#4773,#4891,#5062,.T.);
#5062 = LINE('',#5063,#5064);
#5063 = CARTESIAN_POINT('',(27.459891,-32.59991,-4.6E-02));
#5064 = VECTOR('',#5065,1.);
#5065 = DIRECTION('',(0.,0.,1.));
#5066 = ORIENTED_EDGE('',*,*,#4890,.F.);
#5067 = ORIENTED_EDGE('',*,*,#5061,.F.);
#5068 = CYLINDRICAL_SURFACE('',#5069,0.6);
#5069 = AXIS2_PLACEMENT_3D('',#5070,#5071,#5072);
#5070 = CARTESIAN_POINT('',(27.459891,-31.99991,-4.6E-02));
#5071 = DIRECTION('',(-0.,-0.,-1.));
#5072 = DIRECTION('',(-0.,-1.,0.));
#5073 = ADVANCED_FACE('',(#5074),#5085,.F.);
#5074 = FACE_BOUND('',#5075,.T.);
#5075 = EDGE_LOOP('',(#5076,#5077,#5083,#5084));
#5076 = ORIENTED_EDGE('',*,*,#4783,.T.);
#5077 = ORIENTED_EDGE('',*,*,#5078,.T.);
#5078 = EDGE_CURVE('',#4784,#4902,#5079,.T.);
#5079 = LINE('',#5080,#5081);
#5080 = CARTESIAN_POINT('',(37.619891,-32.59991,-4.6E-02));
#5081 = VECTOR('',#5082,1.);
#5082 = DIRECTION('',(0.,0.,1.));
#5083 = ORIENTED_EDGE('',*,*,#4901,.F.);
#5084 = ORIENTED_EDGE('',*,*,#5078,.F.);
#5085 = CYLINDRICAL_SURFACE('',#5086,0.6);
#5086 = AXIS2_PLACEMENT_3D('',#5087,#5088,#5089);
#5087 = CARTESIAN_POINT('',(37.619891,-31.99991,-4.6E-02));
#5088 = DIRECTION('',(-0.,0.,-1.));
#5089 = DIRECTION('',(1.184237892933E-14,-1.,-0.));
#5090 = ADVANCED_FACE('',(#5091),#5102,.F.);
#5091 = FACE_BOUND('',#5092,.T.);
#5092 = EDGE_LOOP('',(#5093,#5094,#5100,#5101));
#5093 = ORIENTED_EDGE('',*,*,#4794,.T.);
#5094 = ORIENTED_EDGE('',*,*,#5095,.T.);
#5095 = EDGE_CURVE('',#4795,#4913,#5096,.T.);
#5096 = LINE('',#5097,#5098);
#5097 = CARTESIAN_POINT('',(42.699891,-32.59991,-4.6E-02));
#5098 = VECTOR('',#5099,1.);
#5099 = DIRECTION('',(0.,0.,1.));
#5100 = ORIENTED_EDGE('',*,*,#4912,.F.);
#5101 = ORIENTED_EDGE('',*,*,#5095,.F.);
#5102 = CYLINDRICAL_SURFACE('',#5103,0.6);
#5103 = AXIS2_PLACEMENT_3D('',#5104,#5105,#5106);
#5104 = CARTESIAN_POINT('',(42.699891,-31.99991,-4.6E-02));
#5105 = DIRECTION('',(-0.,-0.,-1.));
#5106 = DIRECTION('',(-0.,-1.,0.));
#5107 = ( GEOMETRIC_REPRESENTATION_CONTEXT(3) 
GLOBAL_UNCERTAINTY_ASSIGNED_CONTEXT((#5111)) 
GLOBAL_UNIT_ASSIGNED_CONTEXT((#5108,#5109,#5110)) REPRESENTATION_CONTEXT
('Context #1','3D Context with UNIT and UNCERTAINTY') );
#5108 = ( LENGTH_UNIT() NAMED_UNIT(*) SI_UNIT(.MILLI.,.METRE.) );
#5109 = ( NAMED_UNIT(*) PLANE_ANGLE_UNIT() SI_UNIT($,.RADIAN.) );
#5110 = ( NAMED_UNIT(*) SI_UNIT($,.STERADIAN.) SOLID_ANGLE_UNIT() );
#5111 = UNCERTAINTY_MEASURE_WITH_UNIT(LENGTH_MEASURE(1.E-07),#5108,
  'distance_accuracy_value','confusion accuracy');
#5112 = CONTEXT_DEPENDENT_SHAPE_REPRESENTATION(#5113,#5115);
#5113 = ( REPRESENTATION_RELATIONSHIP('','',#4582,#10) 
REPRESENTATION_RELATIONSHIP_WITH_TRANSFORMATION(#5114) 
SHAPE_REPRESENTATION_RELATIONSHIP() );
#5114 = ITEM_DEFINED_TRANSFORMATION('','',#11,#119);
#5115 = PRODUCT_DEFINITION_SHAPE('Placement','Placement of an item',
  #5116);
#5116 = NEXT_ASSEMBLY_USAGE_OCCURRENCE('143','=>[0:1:1:5]','',#5,#4577,$
  );
#5117 = PRODUCT_RELATED_PRODUCT_CATEGORY('part',$,(#4579));
#5118 = MECHANICAL_DESIGN_GEOMETRIC_PRESENTATION_REPRESENTATION('',(
    #5119),#5107);
#5119 = STYLED_ITEM('color',(#5120),#4583);
#5120 = PRESENTATION_STYLE_ASSIGNMENT((#5121));
#5121 = SURFACE_STYLE_USAGE(.BOTH.,#5122);
#5122 = SURFACE_SIDE_STYLE('',(#5123));
#5123 = SURFACE_STYLE_FILL_AREA(#5124);
#5124 = FILL_AREA_STYLE('',(#5125));
#5125 = FILL_AREA_STYLE_COLOUR('',#5126);
#5126 = COLOUR_RGB('',0.313304153717,0.484529207832,0.410020903123);
ENDSEC;
END-ISO-10303-21;
