solid 
 facet normal  0.000000e+00  1.000000e+00  0.000000e+00
   outer loop
     vertex  3.538989e+01 -3.285988e+01  1.110000e+00
     vertex  3.588989e+01 -3.285988e+01  8.300000e-01
     vertex  3.538989e+01 -3.285988e+01  8.300000e-01
   endloop
 endfacet
 facet normal -0.000000e+00  1.000000e+00  0.000000e+00
   outer loop
     vertex  3.538989e+01 -3.285988e+01  1.110000e+00
     vertex  3.588989e+01 -3.285988e+01  1.110000e+00
     vertex  3.588989e+01 -3.285988e+01  8.300000e-01
   endloop
 endfacet
 facet normal -1.000000e+00  0.000000e+00  0.000000e+00
   outer loop
     vertex  3.538989e+01 -3.289488e+01  8.300000e-01
     vertex  3.538989e+01 -3.285988e+01  8.300000e-01
     vertex  3.538989e+01 -3.286254e+01  8.166061e-01
   endloop
 endfacet
 facet normal -1.000000e+00  0.000000e+00  0.000000e+00
   outer loop
     vertex  3.538989e+01 -3.289488e+01  8.300000e-01
     vertex  3.538989e+01 -3.286254e+01  8.166061e-01
     vertex  3.538989e+01 -3.287013e+01  8.052513e-01
   endloop
 endfacet
 facet normal -1.000000e+00  0.000000e+00  0.000000e+00
   outer loop
     vertex  3.538989e+01 -3.289488e+01  8.300000e-01
     vertex  3.538989e+01 -3.287013e+01  8.052513e-01
     vertex  3.538989e+01 -3.288149e+01  7.976642e-01
   endloop
 endfacet
 facet normal -1.000000e+00  0.000000e+00  0.000000e+00
   outer loop
     vertex  3.538989e+01 -3.289488e+01  8.300000e-01
     vertex  3.538989e+01 -3.288149e+01  7.976642e-01
     vertex  3.538989e+01 -3.289488e+01  7.950000e-01
   endloop
 endfacet
 facet normal -1.000000e+00  0.000000e+00  0.000000e+00
   outer loop
     vertex  3.538989e+01 -3.302488e+01  7.950000e-01
     vertex  3.538989e+01 -3.289488e+01  8.300000e-01
     vertex  3.538989e+01 -3.289488e+01  7.950000e-01
   endloop
 endfacet
 facet normal -1.000000e+00  0.000000e+00  0.000000e+00
   outer loop
     vertex  3.538989e+01 -3.305988e+01  8.300000e-01
     vertex  3.538989e+01 -3.304963e+01  8.052513e-01
     vertex  3.538989e+01 -3.305721e+01  8.166061e-01
   endloop
 endfacet
 facet normal -1.000000e+00  0.000000e+00  0.000000e+00
   outer loop
     vertex  3.538989e+01 -3.305988e+01  8.300000e-01
     vertex  3.538989e+01 -3.303827e+01  7.976642e-01
     vertex  3.538989e+01 -3.304963e+01  8.052513e-01
   endloop
 endfacet
 facet normal -1.000000e+00  0.000000e+00  0.000000e+00
   outer loop
     vertex  3.538989e+01 -3.305988e+01  8.300000e-01
     vertex  3.538989e+01 -3.302488e+01  7.950000e-01
     vertex  3.538989e+01 -3.303827e+01  7.976642e-01
   endloop
 endfacet
 facet normal -1.000000e+00  0.000000e+00  0.000000e+00
   outer loop
     vertex  3.538989e+01 -3.305988e+01  8.300000e-01
     vertex  3.538989e+01 -3.289488e+01  8.300000e-01
     vertex  3.538989e+01 -3.302488e+01  7.950000e-01
   endloop
 endfacet
 facet normal -1.000000e+00  0.000000e+00  0.000000e+00
   outer loop
     vertex  3.538989e+01 -3.289488e+01  1.110000e+00
     vertex  3.538989e+01 -3.285988e+01  1.110000e+00
     vertex  3.538989e+01 -3.285988e+01  8.300000e-01
   endloop
 endfacet
 facet normal -1.000000e+00  0.000000e+00  0.000000e+00
   outer loop
     vertex  3.538989e+01 -3.289488e+01  1.110000e+00
     vertex  3.538989e+01 -3.286254e+01  1.123394e+00
     vertex  3.538989e+01 -3.285988e+01  1.110000e+00
   endloop
 endfacet
 facet normal -1.000000e+00  0.000000e+00  0.000000e+00
   outer loop
     vertex  3.538989e+01 -3.289488e+01  1.110000e+00
     vertex  3.538989e+01 -3.287013e+01  1.134749e+00
     vertex  3.538989e+01 -3.286254e+01  1.123394e+00
   endloop
 endfacet
 facet normal -1.000000e+00  0.000000e+00  0.000000e+00
   outer loop
     vertex  3.538989e+01 -3.289488e+01  1.110000e+00
     vertex  3.538989e+01 -3.285988e+01  8.300000e-01
     vertex  3.538989e+01 -3.289488e+01  8.300000e-01
   endloop
 endfacet
 facet normal -1.000000e+00  0.000000e+00 -0.000000e+00
   outer loop
     vertex  3.538989e+01 -3.288149e+01  1.142336e+00
     vertex  3.538989e+01 -3.287013e+01  1.134749e+00
     vertex  3.538989e+01 -3.289488e+01  1.110000e+00
   endloop
 endfacet
 facet normal -1.000000e+00  0.000000e+00  0.000000e+00
   outer loop
     vertex  3.538989e+01 -3.289488e+01  1.145000e+00
     vertex  3.538989e+01 -3.288149e+01  1.142336e+00
     vertex  3.538989e+01 -3.289488e+01  1.110000e+00
   endloop
 endfacet
 facet normal -1.000000e+00  0.000000e+00  0.000000e+00
   outer loop
     vertex  3.538989e+01 -3.302488e+01  1.145000e+00
     vertex  3.538989e+01 -3.289488e+01  1.145000e+00
     vertex  3.538989e+01 -3.289488e+01  1.110000e+00
   endloop
 endfacet
 facet normal -1.000000e+00  0.000000e+00  0.000000e+00
   outer loop
     vertex  3.538989e+01 -3.305988e+01  1.110000e+00
     vertex  3.538989e+01 -3.302488e+01  1.145000e+00
     vertex  3.538989e+01 -3.289488e+01  1.110000e+00
   endloop
 endfacet
 facet normal -1.000000e+00  0.000000e+00  0.000000e+00
   outer loop
     vertex  3.538989e+01 -3.304963e+01  1.134749e+00
     vertex  3.538989e+01 -3.305988e+01  1.110000e+00
     vertex  3.538989e+01 -3.305721e+01  1.123394e+00
   endloop
 endfacet
 facet normal -1.000000e+00  0.000000e+00  0.000000e+00
   outer loop
     vertex  3.538989e+01 -3.304963e+01  1.134749e+00
     vertex  3.538989e+01 -3.303827e+01  1.142336e+00
     vertex  3.538989e+01 -3.302488e+01  1.145000e+00
   endloop
 endfacet
 facet normal -1.000000e+00  0.000000e+00 -0.000000e+00
   outer loop
     vertex  3.538989e+01 -3.304963e+01  1.134749e+00
     vertex  3.538989e+01 -3.302488e+01  1.145000e+00
     vertex  3.538989e+01 -3.305988e+01  1.110000e+00
   endloop
 endfacet
 facet normal  0.000000e+00  1.950903e-01 -9.807853e-01
   outer loop
     vertex  3.588989e+01 -3.288149e+01  7.976642e-01
     vertex  3.588989e+01 -3.289488e+01  7.950000e-01
     vertex  3.538989e+01 -3.289488e+01  7.950000e-01
   endloop
 endfacet
 facet normal  0.000000e+00  1.950903e-01 -9.807853e-01
   outer loop
     vertex  3.588989e+01 -3.288149e+01  7.976642e-01
     vertex  3.538989e+01 -3.289488e+01  7.950000e-01
     vertex  3.538989e+01 -3.288149e+01  7.976642e-01
   endloop
 endfacet
 facet normal  0.000000e+00  5.555702e-01 -8.314696e-01
   outer loop
     vertex  3.588989e+01 -3.287013e+01  8.052513e-01
     vertex  3.538989e+01 -3.288149e+01  7.976642e-01
     vertex  3.538989e+01 -3.287013e+01  8.052513e-01
   endloop
 endfacet
 facet normal  0.000000e+00  5.555702e-01 -8.314696e-01
   outer loop
     vertex  3.588989e+01 -3.287013e+01  8.052513e-01
     vertex  3.588989e+01 -3.288149e+01  7.976642e-01
     vertex  3.538989e+01 -3.288149e+01  7.976642e-01
   endloop
 endfacet
 facet normal  0.000000e+00  8.314696e-01 -5.555702e-01
   outer loop
     vertex  3.588989e+01 -3.286254e+01  8.166061e-01
     vertex  3.538989e+01 -3.287013e+01  8.052513e-01
     vertex  3.538989e+01 -3.286254e+01  8.166061e-01
   endloop
 endfacet
 facet normal  0.000000e+00  8.314696e-01 -5.555702e-01
   outer loop
     vertex  3.588989e+01 -3.286254e+01  8.166061e-01
     vertex  3.588989e+01 -3.287013e+01  8.052513e-01
     vertex  3.538989e+01 -3.287013e+01  8.052513e-01
   endloop
 endfacet
 facet normal  0.000000e+00  9.807853e-01 -1.950903e-01
   outer loop
     vertex  3.588989e+01 -3.285988e+01  8.300000e-01
     vertex  3.538989e+01 -3.286254e+01  8.166061e-01
     vertex  3.538989e+01 -3.285988e+01  8.300000e-01
   endloop
 endfacet
 facet normal  0.000000e+00  9.807853e-01 -1.950903e-01
   outer loop
     vertex  3.588989e+01 -3.285988e+01  8.300000e-01
     vertex  3.588989e+01 -3.286254e+01  8.166061e-01
     vertex  3.538989e+01 -3.286254e+01  8.166061e-01
   endloop
 endfacet
 facet normal  0.000000e+00  9.807853e-01  1.950903e-01
   outer loop
     vertex  3.588989e+01 -3.286254e+01  1.123394e+00
     vertex  3.538989e+01 -3.285988e+01  1.110000e+00
     vertex  3.538989e+01 -3.286254e+01  1.123394e+00
   endloop
 endfacet
 facet normal  0.000000e+00  9.807853e-01  1.950903e-01
   outer loop
     vertex  3.588989e+01 -3.286254e+01  1.123394e+00
     vertex  3.588989e+01 -3.285988e+01  1.110000e+00
     vertex  3.538989e+01 -3.285988e+01  1.110000e+00
   endloop
 endfacet
 facet normal  0.000000e+00  8.314696e-01  5.555702e-01
   outer loop
     vertex  3.588989e+01 -3.287013e+01  1.134749e+00
     vertex  3.538989e+01 -3.286254e+01  1.123394e+00
     vertex  3.538989e+01 -3.287013e+01  1.134749e+00
   endloop
 endfacet
 facet normal  0.000000e+00  8.314696e-01  5.555702e-01
   outer loop
     vertex  3.588989e+01 -3.287013e+01  1.134749e+00
     vertex  3.588989e+01 -3.286254e+01  1.123394e+00
     vertex  3.538989e+01 -3.286254e+01  1.123394e+00
   endloop
 endfacet
 facet normal  0.000000e+00  5.555702e-01  8.314696e-01
   outer loop
     vertex  3.588989e+01 -3.288149e+01  1.142336e+00
     vertex  3.538989e+01 -3.287013e+01  1.134749e+00
     vertex  3.538989e+01 -3.288149e+01  1.142336e+00
   endloop
 endfacet
 facet normal  0.000000e+00  5.555702e-01  8.314696e-01
   outer loop
     vertex  3.588989e+01 -3.288149e+01  1.142336e+00
     vertex  3.588989e+01 -3.287013e+01  1.134749e+00
     vertex  3.538989e+01 -3.287013e+01  1.134749e+00
   endloop
 endfacet
 facet normal  0.000000e+00  1.950903e-01  9.807853e-01
   outer loop
     vertex  3.588989e+01 -3.289488e+01  1.145000e+00
     vertex  3.538989e+01 -3.288149e+01  1.142336e+00
     vertex  3.538989e+01 -3.289488e+01  1.145000e+00
   endloop
 endfacet
 facet normal  0.000000e+00  1.950903e-01  9.807853e-01
   outer loop
     vertex  3.588989e+01 -3.289488e+01  1.145000e+00
     vertex  3.588989e+01 -3.288149e+01  1.142336e+00
     vertex  3.538989e+01 -3.288149e+01  1.142336e+00
   endloop
 endfacet
 facet normal  1.000000e+00 -0.000000e+00  0.000000e+00
   outer loop
     vertex  3.588989e+01 -3.289488e+01  8.300000e-01
     vertex  3.588989e+01 -3.286254e+01  8.166061e-01
     vertex  3.588989e+01 -3.285988e+01  8.300000e-01
   endloop
 endfacet
 facet normal  1.000000e+00  0.000000e+00  0.000000e+00
   outer loop
     vertex  3.588989e+01 -3.289488e+01  8.300000e-01
     vertex  3.588989e+01 -3.287013e+01  8.052513e-01
     vertex  3.588989e+01 -3.286254e+01  8.166061e-01
   endloop
 endfacet
 facet normal  1.000000e+00  0.000000e+00  0.000000e+00
   outer loop
     vertex  3.588989e+01 -3.289488e+01  8.300000e-01
     vertex  3.588989e+01 -3.288149e+01  7.976642e-01
     vertex  3.588989e+01 -3.287013e+01  8.052513e-01
   endloop
 endfacet
 facet normal  1.000000e+00  0.000000e+00  0.000000e+00
   outer loop
     vertex  3.588989e+01 -3.289488e+01  8.300000e-01
     vertex  3.588989e+01 -3.289488e+01  7.950000e-01
     vertex  3.588989e+01 -3.288149e+01  7.976642e-01
   endloop
 endfacet
 facet normal  1.000000e+00  0.000000e+00  0.000000e+00
   outer loop
     vertex  3.588989e+01 -3.302488e+01  7.950000e-01
     vertex  3.588989e+01 -3.289488e+01  7.950000e-01
     vertex  3.588989e+01 -3.289488e+01  8.300000e-01
   endloop
 endfacet
 facet normal  1.000000e+00  0.000000e+00  0.000000e+00
   outer loop
     vertex  3.588989e+01 -3.305988e+01  8.300000e-01
     vertex  3.588989e+01 -3.305721e+01  8.166061e-01
     vertex  3.588989e+01 -3.304963e+01  8.052513e-01
   endloop
 endfacet
 facet normal  1.000000e+00  0.000000e+00  0.000000e+00
   outer loop
     vertex  3.588989e+01 -3.305988e+01  8.300000e-01
     vertex  3.588989e+01 -3.304963e+01  8.052513e-01
     vertex  3.588989e+01 -3.303827e+01  7.976642e-01
   endloop
 endfacet
 facet normal  1.000000e+00  0.000000e+00  0.000000e+00
   outer loop
     vertex  3.588989e+01 -3.305988e+01  8.300000e-01
     vertex  3.588989e+01 -3.303827e+01  7.976642e-01
     vertex  3.588989e+01 -3.302488e+01  7.950000e-01
   endloop
 endfacet
 facet normal  1.000000e+00 -0.000000e+00  0.000000e+00
   outer loop
     vertex  3.588989e+01 -3.305988e+01  8.300000e-01
     vertex  3.588989e+01 -3.302488e+01  7.950000e-01
     vertex  3.588989e+01 -3.289488e+01  8.300000e-01
   endloop
 endfacet
 facet normal  1.000000e+00 -0.000000e+00  0.000000e+00
   outer loop
     vertex  3.588989e+01 -3.289488e+01  1.110000e+00
     vertex  3.588989e+01 -3.285988e+01  8.300000e-01
     vertex  3.588989e+01 -3.285988e+01  1.110000e+00
   endloop
 endfacet
 facet normal  1.000000e+00  0.000000e+00  0.000000e+00
   outer loop
     vertex  3.588989e+01 -3.289488e+01  1.110000e+00
     vertex  3.588989e+01 -3.285988e+01  1.110000e+00
     vertex  3.588989e+01 -3.286254e+01  1.123394e+00
   endloop
 endfacet
 facet normal  1.000000e+00  0.000000e+00  0.000000e+00
   outer loop
     vertex  3.588989e+01 -3.289488e+01  1.110000e+00
     vertex  3.588989e+01 -3.286254e+01  1.123394e+00
     vertex  3.588989e+01 -3.287013e+01  1.134749e+00
   endloop
 endfacet
 facet normal  1.000000e+00  0.000000e+00  0.000000e+00
   outer loop
     vertex  3.588989e+01 -3.289488e+01  1.110000e+00
     vertex  3.588989e+01 -3.289488e+01  8.300000e-01
     vertex  3.588989e+01 -3.285988e+01  8.300000e-01
   endloop
 endfacet
 facet normal  1.000000e+00  0.000000e+00  0.000000e+00
   outer loop
     vertex  3.588989e+01 -3.288149e+01  1.142336e+00
     vertex  3.588989e+01 -3.289488e+01  1.110000e+00
     vertex  3.588989e+01 -3.287013e+01  1.134749e+00
   endloop
 endfacet
 facet normal  1.000000e+00  0.000000e+00  0.000000e+00
   outer loop
     vertex  3.588989e+01 -3.289488e+01  1.145000e+00
     vertex  3.588989e+01 -3.289488e+01  1.110000e+00
     vertex  3.588989e+01 -3.288149e+01  1.142336e+00
   endloop
 endfacet
 facet normal  1.000000e+00 -0.000000e+00  0.000000e+00
   outer loop
     vertex  3.588989e+01 -3.302488e+01  1.145000e+00
     vertex  3.588989e+01 -3.289488e+01  1.110000e+00
     vertex  3.588989e+01 -3.289488e+01  1.145000e+00
   endloop
 endfacet
 facet normal  1.000000e+00  0.000000e+00  0.000000e+00
   outer loop
     vertex  3.588989e+01 -3.305988e+01  1.110000e+00
     vertex  3.588989e+01 -3.289488e+01  1.110000e+00
     vertex  3.588989e+01 -3.302488e+01  1.145000e+00
   endloop
 endfacet
 facet normal  1.000000e+00  0.000000e+00  0.000000e+00
   outer loop
     vertex  3.588989e+01 -3.304963e+01  1.134749e+00
     vertex  3.588989e+01 -3.305721e+01  1.123394e+00
     vertex  3.588989e+01 -3.305988e+01  1.110000e+00
   endloop
 endfacet
 facet normal  1.000000e+00  0.000000e+00  0.000000e+00
   outer loop
     vertex  3.588989e+01 -3.304963e+01  1.134749e+00
     vertex  3.588989e+01 -3.302488e+01  1.145000e+00
     vertex  3.588989e+01 -3.303827e+01  1.142336e+00
   endloop
 endfacet
 facet normal  1.000000e+00 -0.000000e+00  0.000000e+00
   outer loop
     vertex  3.588989e+01 -3.304963e+01  1.134749e+00
     vertex  3.588989e+01 -3.305988e+01  1.110000e+00
     vertex  3.588989e+01 -3.302488e+01  1.145000e+00
   endloop
 endfacet
 facet normal  0.000000e+00  0.000000e+00 -1.000000e+00
   outer loop
     vertex  3.588989e+01 -3.302488e+01  7.950000e-01
     vertex  3.538989e+01 -3.289488e+01  7.950000e-01
     vertex  3.588989e+01 -3.289488e+01  7.950000e-01
   endloop
 endfacet
 facet normal  0.000000e+00  0.000000e+00 -1.000000e+00
   outer loop
     vertex  3.588989e+01 -3.302488e+01  7.950000e-01
     vertex  3.538989e+01 -3.302488e+01  7.950000e-01
     vertex  3.538989e+01 -3.289488e+01  7.950000e-01
   endloop
 endfacet
 facet normal -0.000000e+00 -9.807853e-01 -1.950903e-01
   outer loop
     vertex  3.588989e+01 -3.305721e+01  8.166061e-01
     vertex  3.538989e+01 -3.305988e+01  8.300000e-01
     vertex  3.538989e+01 -3.305721e+01  8.166061e-01
   endloop
 endfacet
 facet normal  0.000000e+00 -9.807853e-01 -1.950903e-01
   outer loop
     vertex  3.588989e+01 -3.305721e+01  8.166061e-01
     vertex  3.588989e+01 -3.305988e+01  8.300000e-01
     vertex  3.538989e+01 -3.305988e+01  8.300000e-01
   endloop
 endfacet
 facet normal -0.000000e+00 -8.314696e-01 -5.555702e-01
   outer loop
     vertex  3.588989e+01 -3.304963e+01  8.052513e-01
     vertex  3.538989e+01 -3.305721e+01  8.166061e-01
     vertex  3.538989e+01 -3.304963e+01  8.052513e-01
   endloop
 endfacet
 facet normal  0.000000e+00 -8.314696e-01 -5.555702e-01
   outer loop
     vertex  3.588989e+01 -3.304963e+01  8.052513e-01
     vertex  3.588989e+01 -3.305721e+01  8.166061e-01
     vertex  3.538989e+01 -3.305721e+01  8.166061e-01
   endloop
 endfacet
 facet normal -0.000000e+00 -5.555702e-01 -8.314696e-01
   outer loop
     vertex  3.588989e+01 -3.303827e+01  7.976642e-01
     vertex  3.538989e+01 -3.304963e+01  8.052513e-01
     vertex  3.538989e+01 -3.303827e+01  7.976642e-01
   endloop
 endfacet
 facet normal  0.000000e+00 -5.555702e-01 -8.314696e-01
   outer loop
     vertex  3.588989e+01 -3.303827e+01  7.976642e-01
     vertex  3.588989e+01 -3.304963e+01  8.052513e-01
     vertex  3.538989e+01 -3.304963e+01  8.052513e-01
   endloop
 endfacet
 facet normal -0.000000e+00 -1.950903e-01 -9.807853e-01
   outer loop
     vertex  3.588989e+01 -3.302488e+01  7.950000e-01
     vertex  3.538989e+01 -3.303827e+01  7.976642e-01
     vertex  3.538989e+01 -3.302488e+01  7.950000e-01
   endloop
 endfacet
 facet normal  0.000000e+00 -1.950903e-01 -9.807853e-01
   outer loop
     vertex  3.588989e+01 -3.302488e+01  7.950000e-01
     vertex  3.588989e+01 -3.303827e+01  7.976642e-01
     vertex  3.538989e+01 -3.303827e+01  7.976642e-01
   endloop
 endfacet
 facet normal -1.000000e+00  0.000000e+00  0.000000e+00
   outer loop
     vertex  3.538989e+01 -3.305988e+01  1.110000e+00
     vertex  3.538989e+01 -3.289488e+01  8.300000e-01
     vertex  3.538989e+01 -3.305988e+01  8.300000e-01
   endloop
 endfacet
 facet normal -1.000000e+00  0.000000e+00  0.000000e+00
   outer loop
     vertex  3.538989e+01 -3.305988e+01  1.110000e+00
     vertex  3.538989e+01 -3.289488e+01  1.110000e+00
     vertex  3.538989e+01 -3.289488e+01  8.300000e-01
   endloop
 endfacet
 facet normal -1.000000e+00  0.000000e+00  0.000000e+00
   outer loop
     vertex  3.538989e+01 -3.365988e+01  1.110000e+00
     vertex  3.538989e+01 -3.305988e+01  8.300000e-01
     vertex  3.538989e+01 -3.365988e+01  8.300000e-01
   endloop
 endfacet
 facet normal -1.000000e+00  0.000000e+00  0.000000e+00
   outer loop
     vertex  3.538989e+01 -3.365988e+01  1.110000e+00
     vertex  3.538989e+01 -3.305988e+01  1.110000e+00
     vertex  3.538989e+01 -3.305988e+01  8.300000e-01
   endloop
 endfacet
 facet normal -1.000000e+00  0.000000e+00  0.000000e+00
   outer loop
     vertex  3.538989e+01 -3.382488e+01  1.110000e+00
     vertex  3.538989e+01 -3.365988e+01  8.300000e-01
     vertex  3.538989e+01 -3.382488e+01  8.300000e-01
   endloop
 endfacet
 facet normal -1.000000e+00  0.000000e+00  0.000000e+00
   outer loop
     vertex  3.538989e+01 -3.382488e+01  1.110000e+00
     vertex  3.538989e+01 -3.365988e+01  1.110000e+00
     vertex  3.538989e+01 -3.365988e+01  8.300000e-01
   endloop
 endfacet
 facet normal  0.000000e+00 -0.000000e+00  1.000000e+00
   outer loop
     vertex  3.588989e+01 -3.302488e+01  1.145000e+00
     vertex  3.588989e+01 -3.289488e+01  1.145000e+00
     vertex  3.538989e+01 -3.289488e+01  1.145000e+00
   endloop
 endfacet
 facet normal  0.000000e+00  0.000000e+00  1.000000e+00
   outer loop
     vertex  3.588989e+01 -3.302488e+01  1.145000e+00
     vertex  3.538989e+01 -3.289488e+01  1.145000e+00
     vertex  3.538989e+01 -3.302488e+01  1.145000e+00
   endloop
 endfacet
 facet normal  0.000000e+00 -1.950903e-01  9.807853e-01
   outer loop
     vertex  3.588989e+01 -3.303827e+01  1.142336e+00
     vertex  3.588989e+01 -3.302488e+01  1.145000e+00
     vertex  3.538989e+01 -3.302488e+01  1.145000e+00
   endloop
 endfacet
 facet normal  0.000000e+00 -1.950903e-01  9.807853e-01
   outer loop
     vertex  3.588989e+01 -3.303827e+01  1.142336e+00
     vertex  3.538989e+01 -3.302488e+01  1.145000e+00
     vertex  3.538989e+01 -3.303827e+01  1.142336e+00
   endloop
 endfacet
 facet normal  0.000000e+00 -5.555702e-01  8.314696e-01
   outer loop
     vertex  3.588989e+01 -3.304963e+01  1.134749e+00
     vertex  3.538989e+01 -3.303827e+01  1.142336e+00
     vertex  3.538989e+01 -3.304963e+01  1.134749e+00
   endloop
 endfacet
 facet normal  0.000000e+00 -5.555702e-01  8.314696e-01
   outer loop
     vertex  3.588989e+01 -3.304963e+01  1.134749e+00
     vertex  3.588989e+01 -3.303827e+01  1.142336e+00
     vertex  3.538989e+01 -3.303827e+01  1.142336e+00
   endloop
 endfacet
 facet normal  0.000000e+00 -8.314696e-01  5.555702e-01
   outer loop
     vertex  3.588989e+01 -3.305721e+01  1.123394e+00
     vertex  3.538989e+01 -3.304963e+01  1.134749e+00
     vertex  3.538989e+01 -3.305721e+01  1.123394e+00
   endloop
 endfacet
 facet normal  0.000000e+00 -8.314696e-01  5.555702e-01
   outer loop
     vertex  3.588989e+01 -3.305721e+01  1.123394e+00
     vertex  3.588989e+01 -3.304963e+01  1.134749e+00
     vertex  3.538989e+01 -3.304963e+01  1.134749e+00
   endloop
 endfacet
 facet normal  0.000000e+00 -9.807853e-01  1.950903e-01
   outer loop
     vertex  3.588989e+01 -3.305988e+01  1.110000e+00
     vertex  3.538989e+01 -3.305721e+01  1.123394e+00
     vertex  3.538989e+01 -3.305988e+01  1.110000e+00
   endloop
 endfacet
 facet normal  0.000000e+00 -9.807853e-01  1.950903e-01
   outer loop
     vertex  3.588989e+01 -3.305988e+01  1.110000e+00
     vertex  3.588989e+01 -3.305721e+01  1.123394e+00
     vertex  3.538989e+01 -3.305721e+01  1.123394e+00
   endloop
 endfacet
 facet normal  1.000000e+00  0.000000e+00  0.000000e+00
   outer loop
     vertex  3.588989e+01 -3.305988e+01  1.110000e+00
     vertex  3.588989e+01 -3.305988e+01  8.300000e-01
     vertex  3.588989e+01 -3.289488e+01  8.300000e-01
   endloop
 endfacet
 facet normal  1.000000e+00 -0.000000e+00  0.000000e+00
   outer loop
     vertex  3.588989e+01 -3.305988e+01  1.110000e+00
     vertex  3.588989e+01 -3.289488e+01  8.300000e-01
     vertex  3.588989e+01 -3.289488e+01  1.110000e+00
   endloop
 endfacet
 facet normal  1.000000e+00  0.000000e+00  0.000000e+00
   outer loop
     vertex  3.588989e+01 -3.365988e+01  1.110000e+00
     vertex  3.588989e+01 -3.365988e+01  8.300000e-01
     vertex  3.588989e+01 -3.305988e+01  8.300000e-01
   endloop
 endfacet
 facet normal  1.000000e+00 -0.000000e+00  0.000000e+00
   outer loop
     vertex  3.588989e+01 -3.365988e+01  1.110000e+00
     vertex  3.588989e+01 -3.305988e+01  8.300000e-01
     vertex  3.588989e+01 -3.305988e+01  1.110000e+00
   endloop
 endfacet
 facet normal  1.000000e+00  0.000000e+00  0.000000e+00
   outer loop
     vertex  3.588989e+01 -3.382488e+01  1.110000e+00
     vertex  3.588989e+01 -3.382488e+01  8.300000e-01
     vertex  3.588989e+01 -3.365988e+01  8.300000e-01
   endloop
 endfacet
 facet normal  1.000000e+00 -0.000000e+00  0.000000e+00
   outer loop
     vertex  3.588989e+01 -3.382488e+01  1.110000e+00
     vertex  3.588989e+01 -3.365988e+01  8.300000e-01
     vertex  3.588989e+01 -3.365988e+01  1.110000e+00
   endloop
 endfacet
 facet normal  0.000000e+00  0.000000e+00 -1.000000e+00
   outer loop
     vertex  3.588989e+01 -3.365988e+01  8.300000e-01
     vertex  3.538989e+01 -3.305988e+01  8.300000e-01
     vertex  3.588989e+01 -3.305988e+01  8.300000e-01
   endloop
 endfacet
 facet normal  0.000000e+00  0.000000e+00 -1.000000e+00
   outer loop
     vertex  3.588989e+01 -3.365988e+01  8.300000e-01
     vertex  3.538989e+01 -3.365988e+01  8.300000e-01
     vertex  3.538989e+01 -3.305988e+01  8.300000e-01
   endloop
 endfacet
 facet normal -1.000000e+00  0.000000e+00  0.000000e+00
   outer loop
     vertex  3.538989e+01 -3.369488e+01  7.950000e-01
     vertex  3.538989e+01 -3.365988e+01  8.300000e-01
     vertex  3.538989e+01 -3.366254e+01  8.166061e-01
   endloop
 endfacet
 facet normal -1.000000e+00  0.000000e+00  0.000000e+00
   outer loop
     vertex  3.538989e+01 -3.369488e+01  7.950000e-01
     vertex  3.538989e+01 -3.366254e+01  8.166061e-01
     vertex  3.538989e+01 -3.367013e+01  8.052513e-01
   endloop
 endfacet
 facet normal -1.000000e+00  0.000000e+00  0.000000e+00
   outer loop
     vertex  3.538989e+01 -3.369488e+01  7.950000e-01
     vertex  3.538989e+01 -3.367013e+01  8.052513e-01
     vertex  3.538989e+01 -3.368149e+01  7.976642e-01
   endloop
 endfacet
 facet normal -1.000000e+00  0.000000e+00  0.000000e+00
   outer loop
     vertex  3.538989e+01 -3.382488e+01  8.300000e-01
     vertex  3.538989e+01 -3.369488e+01  7.950000e-01
     vertex  3.538989e+01 -3.382488e+01  7.950000e-01
   endloop
 endfacet
 facet normal -1.000000e+00  0.000000e+00 -0.000000e+00
   outer loop
     vertex  3.538989e+01 -3.382488e+01  8.300000e-01
     vertex  3.538989e+01 -3.382488e+01  7.950000e-01
     vertex  3.538989e+01 -3.383827e+01  7.976642e-01
   endloop
 endfacet
 facet normal -1.000000e+00  0.000000e+00  0.000000e+00
   outer loop
     vertex  3.538989e+01 -3.382488e+01  8.300000e-01
     vertex  3.538989e+01 -3.365988e+01  8.300000e-01
     vertex  3.538989e+01 -3.369488e+01  7.950000e-01
   endloop
 endfacet
 facet normal -1.000000e+00  0.000000e+00  0.000000e+00
   outer loop
     vertex  3.538989e+01 -3.384963e+01  8.052513e-01
     vertex  3.538989e+01 -3.382488e+01  8.300000e-01
     vertex  3.538989e+01 -3.383827e+01  7.976642e-01
   endloop
 endfacet
 facet normal -1.000000e+00  0.000000e+00  0.000000e+00
   outer loop
     vertex  3.538989e+01 -3.385721e+01  8.166061e-01
     vertex  3.538989e+01 -3.382488e+01  8.300000e-01
     vertex  3.538989e+01 -3.384963e+01  8.052513e-01
   endloop
 endfacet
 facet normal -1.000000e+00  0.000000e+00  0.000000e+00
   outer loop
     vertex  3.538989e+01 -3.385988e+01  8.300000e-01
     vertex  3.538989e+01 -3.382488e+01  8.300000e-01
     vertex  3.538989e+01 -3.385721e+01  8.166061e-01
   endloop
 endfacet
 facet normal -1.000000e+00  0.000000e+00  0.000000e+00
   outer loop
     vertex  3.538989e+01 -3.367013e+01  1.134749e+00
     vertex  3.538989e+01 -3.366254e+01  1.123394e+00
     vertex  3.538989e+01 -3.365988e+01  1.110000e+00
   endloop
 endfacet
 facet normal -1.000000e+00  0.000000e+00  0.000000e+00
   outer loop
     vertex  3.538989e+01 -3.368149e+01  1.142336e+00
     vertex  3.538989e+01 -3.367013e+01  1.134749e+00
     vertex  3.538989e+01 -3.365988e+01  1.110000e+00
   endloop
 endfacet
 facet normal -1.000000e+00  0.000000e+00  0.000000e+00
   outer loop
     vertex  3.538989e+01 -3.369488e+01  1.145000e+00
     vertex  3.538989e+01 -3.368149e+01  1.142336e+00
     vertex  3.538989e+01 -3.365988e+01  1.110000e+00
   endloop
 endfacet
 facet normal -1.000000e+00  0.000000e+00  0.000000e+00
   outer loop
     vertex  3.538989e+01 -3.382488e+01  1.110000e+00
     vertex  3.538989e+01 -3.369488e+01  1.145000e+00
     vertex  3.538989e+01 -3.365988e+01  1.110000e+00
   endloop
 endfacet
 facet normal -1.000000e+00  0.000000e+00  0.000000e+00
   outer loop
     vertex  3.538989e+01 -3.382488e+01  1.145000e+00
     vertex  3.538989e+01 -3.369488e+01  1.145000e+00
     vertex  3.538989e+01 -3.382488e+01  1.110000e+00
   endloop
 endfacet
 facet normal -1.000000e+00  0.000000e+00  0.000000e+00
   outer loop
     vertex  3.538989e+01 -3.385988e+01  1.110000e+00
     vertex  3.538989e+01 -3.382488e+01  1.110000e+00
     vertex  3.538989e+01 -3.382488e+01  8.300000e-01
   endloop
 endfacet
 facet normal -1.000000e+00  0.000000e+00  0.000000e+00
   outer loop
     vertex  3.538989e+01 -3.385988e+01  1.110000e+00
     vertex  3.538989e+01 -3.382488e+01  8.300000e-01
     vertex  3.538989e+01 -3.385988e+01  8.300000e-01
   endloop
 endfacet
 facet normal -1.000000e+00  0.000000e+00  0.000000e+00
   outer loop
     vertex  3.538989e+01 -3.383827e+01  1.142336e+00
     vertex  3.538989e+01 -3.382488e+01  1.145000e+00
     vertex  3.538989e+01 -3.382488e+01  1.110000e+00
   endloop
 endfacet
 facet normal -1.000000e+00  0.000000e+00 -0.000000e+00
   outer loop
     vertex  3.538989e+01 -3.385721e+01  1.123394e+00
     vertex  3.538989e+01 -3.382488e+01  1.110000e+00
     vertex  3.538989e+01 -3.385988e+01  1.110000e+00
   endloop
 endfacet
 facet normal -1.000000e+00  0.000000e+00 -0.000000e+00
   outer loop
     vertex  3.538989e+01 -3.384963e+01  1.134749e+00
     vertex  3.538989e+01 -3.382488e+01  1.110000e+00
     vertex  3.538989e+01 -3.385721e+01  1.123394e+00
   endloop
 endfacet
 facet normal -1.000000e+00  0.000000e+00  0.000000e+00
   outer loop
     vertex  3.538989e+01 -3.384963e+01  1.134749e+00
     vertex  3.538989e+01 -3.383827e+01  1.142336e+00
     vertex  3.538989e+01 -3.382488e+01  1.110000e+00
   endloop
 endfacet
 facet normal -1.000000e+00  0.000000e+00  0.000000e+00
   outer loop
     vertex  3.538989e+01 -3.365988e+01  1.145000e+00
     vertex  3.538989e+01 -3.305988e+01  1.110000e+00
     vertex  3.538989e+01 -3.365988e+01  1.110000e+00
   endloop
 endfacet
 facet normal -1.000000e+00  0.000000e+00  0.000000e+00
   outer loop
     vertex  3.538989e+01 -3.365988e+01  1.145000e+00
     vertex  3.538989e+01 -3.305988e+01  1.145000e+00
     vertex  3.538989e+01 -3.305988e+01  1.110000e+00
   endloop
 endfacet
 facet normal  0.000000e+00  1.000000e+00  0.000000e+00
   outer loop
     vertex  3.538989e+01 -3.305988e+01  1.145000e+00
     vertex  3.588989e+01 -3.305988e+01  1.110000e+00
     vertex  3.538989e+01 -3.305988e+01  1.110000e+00
   endloop
 endfacet
 facet normal -0.000000e+00  1.000000e+00  0.000000e+00
   outer loop
     vertex  3.538989e+01 -3.305988e+01  1.145000e+00
     vertex  3.588989e+01 -3.305988e+01  1.145000e+00
     vertex  3.588989e+01 -3.305988e+01  1.110000e+00
   endloop
 endfacet
 facet normal  1.000000e+00  0.000000e+00  0.000000e+00
   outer loop
     vertex  3.588989e+01 -3.369488e+01  7.950000e-01
     vertex  3.588989e+01 -3.366254e+01  8.166061e-01
     vertex  3.588989e+01 -3.365988e+01  8.300000e-01
   endloop
 endfacet
 facet normal  1.000000e+00  0.000000e+00  0.000000e+00
   outer loop
     vertex  3.588989e+01 -3.369488e+01  7.950000e-01
     vertex  3.588989e+01 -3.367013e+01  8.052513e-01
     vertex  3.588989e+01 -3.366254e+01  8.166061e-01
   endloop
 endfacet
 facet normal  1.000000e+00  0.000000e+00  0.000000e+00
   outer loop
     vertex  3.588989e+01 -3.369488e+01  7.950000e-01
     vertex  3.588989e+01 -3.368149e+01  7.976642e-01
     vertex  3.588989e+01 -3.367013e+01  8.052513e-01
   endloop
 endfacet
 facet normal  1.000000e+00  0.000000e+00  0.000000e+00
   outer loop
     vertex  3.588989e+01 -3.382488e+01  8.300000e-01
     vertex  3.588989e+01 -3.382488e+01  7.950000e-01
     vertex  3.588989e+01 -3.369488e+01  7.950000e-01
   endloop
 endfacet
 facet normal  1.000000e+00  0.000000e+00  0.000000e+00
   outer loop
     vertex  3.588989e+01 -3.382488e+01  8.300000e-01
     vertex  3.588989e+01 -3.383827e+01  7.976642e-01
     vertex  3.588989e+01 -3.382488e+01  7.950000e-01
   endloop
 endfacet
 facet normal  1.000000e+00 -0.000000e+00  0.000000e+00
   outer loop
     vertex  3.588989e+01 -3.382488e+01  8.300000e-01
     vertex  3.588989e+01 -3.369488e+01  7.950000e-01
     vertex  3.588989e+01 -3.365988e+01  8.300000e-01
   endloop
 endfacet
 facet normal  1.000000e+00 -0.000000e+00  0.000000e+00
   outer loop
     vertex  3.588989e+01 -3.384963e+01  8.052513e-01
     vertex  3.588989e+01 -3.383827e+01  7.976642e-01
     vertex  3.588989e+01 -3.382488e+01  8.300000e-01
   endloop
 endfacet
 facet normal  1.000000e+00 -0.000000e+00  0.000000e+00
   outer loop
     vertex  3.588989e+01 -3.385721e+01  8.166061e-01
     vertex  3.588989e+01 -3.384963e+01  8.052513e-01
     vertex  3.588989e+01 -3.382488e+01  8.300000e-01
   endloop
 endfacet
 facet normal  1.000000e+00 -0.000000e+00  0.000000e+00
   outer loop
     vertex  3.588989e+01 -3.385988e+01  8.300000e-01
     vertex  3.588989e+01 -3.385721e+01  8.166061e-01
     vertex  3.588989e+01 -3.382488e+01  8.300000e-01
   endloop
 endfacet
 facet normal  1.000000e+00  0.000000e+00  0.000000e+00
   outer loop
     vertex  3.588989e+01 -3.367013e+01  1.134749e+00
     vertex  3.588989e+01 -3.365988e+01  1.110000e+00
     vertex  3.588989e+01 -3.366254e+01  1.123394e+00
   endloop
 endfacet
 facet normal  1.000000e+00  0.000000e+00  0.000000e+00
   outer loop
     vertex  3.588989e+01 -3.368149e+01  1.142336e+00
     vertex  3.588989e+01 -3.365988e+01  1.110000e+00
     vertex  3.588989e+01 -3.367013e+01  1.134749e+00
   endloop
 endfacet
 facet normal  1.000000e+00  0.000000e+00  0.000000e+00
   outer loop
     vertex  3.588989e+01 -3.369488e+01  1.145000e+00
     vertex  3.588989e+01 -3.365988e+01  1.110000e+00
     vertex  3.588989e+01 -3.368149e+01  1.142336e+00
   endloop
 endfacet
 facet normal  1.000000e+00  0.000000e+00  0.000000e+00
   outer loop
     vertex  3.588989e+01 -3.382488e+01  1.110000e+00
     vertex  3.588989e+01 -3.365988e+01  1.110000e+00
     vertex  3.588989e+01 -3.369488e+01  1.145000e+00
   endloop
 endfacet
 facet normal  1.000000e+00 -0.000000e+00  0.000000e+00
   outer loop
     vertex  3.588989e+01 -3.382488e+01  1.145000e+00
     vertex  3.588989e+01 -3.382488e+01  1.110000e+00
     vertex  3.588989e+01 -3.369488e+01  1.145000e+00
   endloop
 endfacet
 facet normal  1.000000e+00 -0.000000e+00  0.000000e+00
   outer loop
     vertex  3.588989e+01 -3.385988e+01  1.110000e+00
     vertex  3.588989e+01 -3.382488e+01  8.300000e-01
     vertex  3.588989e+01 -3.382488e+01  1.110000e+00
   endloop
 endfacet
 facet normal  1.000000e+00  0.000000e+00  0.000000e+00
   outer loop
     vertex  3.588989e+01 -3.385988e+01  1.110000e+00
     vertex  3.588989e+01 -3.385988e+01  8.300000e-01
     vertex  3.588989e+01 -3.382488e+01  8.300000e-01
   endloop
 endfacet
 facet normal  1.000000e+00 -0.000000e+00  0.000000e+00
   outer loop
     vertex  3.588989e+01 -3.383827e+01  1.142336e+00
     vertex  3.588989e+01 -3.382488e+01  1.110000e+00
     vertex  3.588989e+01 -3.382488e+01  1.145000e+00
   endloop
 endfacet
 facet normal  1.000000e+00  0.000000e+00  0.000000e+00
   outer loop
     vertex  3.588989e+01 -3.385721e+01  1.123394e+00
     vertex  3.588989e+01 -3.385988e+01  1.110000e+00
     vertex  3.588989e+01 -3.382488e+01  1.110000e+00
   endloop
 endfacet
 facet normal  1.000000e+00  0.000000e+00  0.000000e+00
   outer loop
     vertex  3.588989e+01 -3.384963e+01  1.134749e+00
     vertex  3.588989e+01 -3.385721e+01  1.123394e+00
     vertex  3.588989e+01 -3.382488e+01  1.110000e+00
   endloop
 endfacet
 facet normal  1.000000e+00 -0.000000e+00  0.000000e+00
   outer loop
     vertex  3.588989e+01 -3.384963e+01  1.134749e+00
     vertex  3.588989e+01 -3.382488e+01  1.110000e+00
     vertex  3.588989e+01 -3.383827e+01  1.142336e+00
   endloop
 endfacet
 facet normal  1.000000e+00  0.000000e+00  0.000000e+00
   outer loop
     vertex  3.588989e+01 -3.365988e+01  1.145000e+00
     vertex  3.588989e+01 -3.365988e+01  1.110000e+00
     vertex  3.588989e+01 -3.305988e+01  1.110000e+00
   endloop
 endfacet
 facet normal  1.000000e+00 -0.000000e+00  0.000000e+00
   outer loop
     vertex  3.588989e+01 -3.365988e+01  1.145000e+00
     vertex  3.588989e+01 -3.305988e+01  1.110000e+00
     vertex  3.588989e+01 -3.305988e+01  1.145000e+00
   endloop
 endfacet
 facet normal  0.000000e+00  1.950903e-01 -9.807853e-01
   outer loop
     vertex  3.588989e+01 -3.368149e+01  7.976642e-01
     vertex  3.588989e+01 -3.369488e+01  7.950000e-01
     vertex  3.538989e+01 -3.369488e+01  7.950000e-01
   endloop
 endfacet
 facet normal  0.000000e+00  1.950903e-01 -9.807853e-01
   outer loop
     vertex  3.588989e+01 -3.368149e+01  7.976642e-01
     vertex  3.538989e+01 -3.369488e+01  7.950000e-01
     vertex  3.538989e+01 -3.368149e+01  7.976642e-01
   endloop
 endfacet
 facet normal  0.000000e+00  5.555702e-01 -8.314696e-01
   outer loop
     vertex  3.588989e+01 -3.367013e+01  8.052513e-01
     vertex  3.538989e+01 -3.368149e+01  7.976642e-01
     vertex  3.538989e+01 -3.367013e+01  8.052513e-01
   endloop
 endfacet
 facet normal  0.000000e+00  5.555702e-01 -8.314696e-01
   outer loop
     vertex  3.588989e+01 -3.367013e+01  8.052513e-01
     vertex  3.588989e+01 -3.368149e+01  7.976642e-01
     vertex  3.538989e+01 -3.368149e+01  7.976642e-01
   endloop
 endfacet
 facet normal  0.000000e+00  8.314696e-01 -5.555702e-01
   outer loop
     vertex  3.588989e+01 -3.366254e+01  8.166061e-01
     vertex  3.538989e+01 -3.367013e+01  8.052513e-01
     vertex  3.538989e+01 -3.366254e+01  8.166061e-01
   endloop
 endfacet
 facet normal  0.000000e+00  8.314696e-01 -5.555702e-01
   outer loop
     vertex  3.588989e+01 -3.366254e+01  8.166061e-01
     vertex  3.588989e+01 -3.367013e+01  8.052513e-01
     vertex  3.538989e+01 -3.367013e+01  8.052513e-01
   endloop
 endfacet
 facet normal  0.000000e+00  9.807853e-01 -1.950903e-01
   outer loop
     vertex  3.588989e+01 -3.365988e+01  8.300000e-01
     vertex  3.538989e+01 -3.366254e+01  8.166061e-01
     vertex  3.538989e+01 -3.365988e+01  8.300000e-01
   endloop
 endfacet
 facet normal  0.000000e+00  9.807853e-01 -1.950903e-01
   outer loop
     vertex  3.588989e+01 -3.365988e+01  8.300000e-01
     vertex  3.588989e+01 -3.366254e+01  8.166061e-01
     vertex  3.538989e+01 -3.366254e+01  8.166061e-01
   endloop
 endfacet
 facet normal  0.000000e+00  0.000000e+00 -1.000000e+00
   outer loop
     vertex  3.588989e+01 -3.382488e+01  7.950000e-01
     vertex  3.538989e+01 -3.369488e+01  7.950000e-01
     vertex  3.588989e+01 -3.369488e+01  7.950000e-01
   endloop
 endfacet
 facet normal  0.000000e+00  0.000000e+00 -1.000000e+00
   outer loop
     vertex  3.588989e+01 -3.382488e+01  7.950000e-01
     vertex  3.538989e+01 -3.382488e+01  7.950000e-01
     vertex  3.538989e+01 -3.369488e+01  7.950000e-01
   endloop
 endfacet
 facet normal -0.000000e+00 -9.807853e-01 -1.950903e-01
   outer loop
     vertex  3.588989e+01 -3.385721e+01  8.166061e-01
     vertex  3.538989e+01 -3.385988e+01  8.300000e-01
     vertex  3.538989e+01 -3.385721e+01  8.166061e-01
   endloop
 endfacet
 facet normal  0.000000e+00 -9.807853e-01 -1.950903e-01
   outer loop
     vertex  3.588989e+01 -3.385721e+01  8.166061e-01
     vertex  3.588989e+01 -3.385988e+01  8.300000e-01
     vertex  3.538989e+01 -3.385988e+01  8.300000e-01
   endloop
 endfacet
 facet normal -0.000000e+00 -8.314696e-01 -5.555702e-01
   outer loop
     vertex  3.588989e+01 -3.384963e+01  8.052513e-01
     vertex  3.538989e+01 -3.385721e+01  8.166061e-01
     vertex  3.538989e+01 -3.384963e+01  8.052513e-01
   endloop
 endfacet
 facet normal  0.000000e+00 -8.314696e-01 -5.555702e-01
   outer loop
     vertex  3.588989e+01 -3.384963e+01  8.052513e-01
     vertex  3.588989e+01 -3.385721e+01  8.166061e-01
     vertex  3.538989e+01 -3.385721e+01  8.166061e-01
   endloop
 endfacet
 facet normal -0.000000e+00 -5.555702e-01 -8.314696e-01
   outer loop
     vertex  3.588989e+01 -3.383827e+01  7.976642e-01
     vertex  3.538989e+01 -3.384963e+01  8.052513e-01
     vertex  3.538989e+01 -3.383827e+01  7.976642e-01
   endloop
 endfacet
 facet normal  0.000000e+00 -5.555702e-01 -8.314696e-01
   outer loop
     vertex  3.588989e+01 -3.383827e+01  7.976642e-01
     vertex  3.588989e+01 -3.384963e+01  8.052513e-01
     vertex  3.538989e+01 -3.384963e+01  8.052513e-01
   endloop
 endfacet
 facet normal -0.000000e+00 -1.950903e-01 -9.807853e-01
   outer loop
     vertex  3.588989e+01 -3.382488e+01  7.950000e-01
     vertex  3.538989e+01 -3.383827e+01  7.976642e-01
     vertex  3.538989e+01 -3.382488e+01  7.950000e-01
   endloop
 endfacet
 facet normal  0.000000e+00 -1.950903e-01 -9.807853e-01
   outer loop
     vertex  3.588989e+01 -3.382488e+01  7.950000e-01
     vertex  3.588989e+01 -3.383827e+01  7.976642e-01
     vertex  3.538989e+01 -3.383827e+01  7.976642e-01
   endloop
 endfacet
 facet normal  0.000000e+00 -1.000000e+00  0.000000e+00
   outer loop
     vertex  3.538989e+01 -3.385988e+01  1.110000e+00
     vertex  3.538989e+01 -3.385988e+01  8.300000e-01
     vertex  3.588989e+01 -3.385988e+01  8.300000e-01
   endloop
 endfacet
 facet normal  0.000000e+00 -1.000000e+00  0.000000e+00
   outer loop
     vertex  3.538989e+01 -3.385988e+01  1.110000e+00
     vertex  3.588989e+01 -3.385988e+01  8.300000e-01
     vertex  3.588989e+01 -3.385988e+01  1.110000e+00
   endloop
 endfacet
 facet normal  0.000000e+00 -1.950903e-01  9.807853e-01
   outer loop
     vertex  3.588989e+01 -3.383827e+01  1.142336e+00
     vertex  3.588989e+01 -3.382488e+01  1.145000e+00
     vertex  3.538989e+01 -3.382488e+01  1.145000e+00
   endloop
 endfacet
 facet normal  0.000000e+00 -1.950903e-01  9.807853e-01
   outer loop
     vertex  3.588989e+01 -3.383827e+01  1.142336e+00
     vertex  3.538989e+01 -3.382488e+01  1.145000e+00
     vertex  3.538989e+01 -3.383827e+01  1.142336e+00
   endloop
 endfacet
 facet normal  0.000000e+00 -5.555702e-01  8.314696e-01
   outer loop
     vertex  3.588989e+01 -3.384963e+01  1.134749e+00
     vertex  3.538989e+01 -3.383827e+01  1.142336e+00
     vertex  3.538989e+01 -3.384963e+01  1.134749e+00
   endloop
 endfacet
 facet normal  0.000000e+00 -5.555702e-01  8.314696e-01
   outer loop
     vertex  3.588989e+01 -3.384963e+01  1.134749e+00
     vertex  3.588989e+01 -3.383827e+01  1.142336e+00
     vertex  3.538989e+01 -3.383827e+01  1.142336e+00
   endloop
 endfacet
 facet normal  0.000000e+00 -8.314696e-01  5.555702e-01
   outer loop
     vertex  3.588989e+01 -3.385721e+01  1.123394e+00
     vertex  3.538989e+01 -3.384963e+01  1.134749e+00
     vertex  3.538989e+01 -3.385721e+01  1.123394e+00
   endloop
 endfacet
 facet normal  0.000000e+00 -8.314696e-01  5.555702e-01
   outer loop
     vertex  3.588989e+01 -3.385721e+01  1.123394e+00
     vertex  3.588989e+01 -3.384963e+01  1.134749e+00
     vertex  3.538989e+01 -3.384963e+01  1.134749e+00
   endloop
 endfacet
 facet normal  0.000000e+00 -9.807853e-01  1.950903e-01
   outer loop
     vertex  3.588989e+01 -3.385988e+01  1.110000e+00
     vertex  3.538989e+01 -3.385721e+01  1.123394e+00
     vertex  3.538989e+01 -3.385988e+01  1.110000e+00
   endloop
 endfacet
 facet normal  0.000000e+00 -9.807853e-01  1.950903e-01
   outer loop
     vertex  3.588989e+01 -3.385988e+01  1.110000e+00
     vertex  3.588989e+01 -3.385721e+01  1.123394e+00
     vertex  3.538989e+01 -3.385721e+01  1.123394e+00
   endloop
 endfacet
 facet normal  0.000000e+00 -0.000000e+00  1.000000e+00
   outer loop
     vertex  3.588989e+01 -3.382488e+01  1.145000e+00
     vertex  3.588989e+01 -3.369488e+01  1.145000e+00
     vertex  3.538989e+01 -3.369488e+01  1.145000e+00
   endloop
 endfacet
 facet normal  0.000000e+00  0.000000e+00  1.000000e+00
   outer loop
     vertex  3.588989e+01 -3.382488e+01  1.145000e+00
     vertex  3.538989e+01 -3.369488e+01  1.145000e+00
     vertex  3.538989e+01 -3.382488e+01  1.145000e+00
   endloop
 endfacet
 facet normal  0.000000e+00  9.807853e-01  1.950903e-01
   outer loop
     vertex  3.588989e+01 -3.366254e+01  1.123394e+00
     vertex  3.538989e+01 -3.365988e+01  1.110000e+00
     vertex  3.538989e+01 -3.366254e+01  1.123394e+00
   endloop
 endfacet
 facet normal  0.000000e+00  9.807853e-01  1.950903e-01
   outer loop
     vertex  3.588989e+01 -3.366254e+01  1.123394e+00
     vertex  3.588989e+01 -3.365988e+01  1.110000e+00
     vertex  3.538989e+01 -3.365988e+01  1.110000e+00
   endloop
 endfacet
 facet normal  0.000000e+00  8.314696e-01  5.555702e-01
   outer loop
     vertex  3.588989e+01 -3.367013e+01  1.134749e+00
     vertex  3.538989e+01 -3.366254e+01  1.123394e+00
     vertex  3.538989e+01 -3.367013e+01  1.134749e+00
   endloop
 endfacet
 facet normal  0.000000e+00  8.314696e-01  5.555702e-01
   outer loop
     vertex  3.588989e+01 -3.367013e+01  1.134749e+00
     vertex  3.588989e+01 -3.366254e+01  1.123394e+00
     vertex  3.538989e+01 -3.366254e+01  1.123394e+00
   endloop
 endfacet
 facet normal  0.000000e+00  5.555702e-01  8.314696e-01
   outer loop
     vertex  3.588989e+01 -3.368149e+01  1.142336e+00
     vertex  3.538989e+01 -3.367013e+01  1.134749e+00
     vertex  3.538989e+01 -3.368149e+01  1.142336e+00
   endloop
 endfacet
 facet normal  0.000000e+00  5.555702e-01  8.314696e-01
   outer loop
     vertex  3.588989e+01 -3.368149e+01  1.142336e+00
     vertex  3.588989e+01 -3.367013e+01  1.134749e+00
     vertex  3.538989e+01 -3.367013e+01  1.134749e+00
   endloop
 endfacet
 facet normal  0.000000e+00  1.950903e-01  9.807853e-01
   outer loop
     vertex  3.588989e+01 -3.369488e+01  1.145000e+00
     vertex  3.538989e+01 -3.368149e+01  1.142336e+00
     vertex  3.538989e+01 -3.369488e+01  1.145000e+00
   endloop
 endfacet
 facet normal  0.000000e+00  1.950903e-01  9.807853e-01
   outer loop
     vertex  3.588989e+01 -3.369488e+01  1.145000e+00
     vertex  3.588989e+01 -3.368149e+01  1.142336e+00
     vertex  3.538989e+01 -3.368149e+01  1.142336e+00
   endloop
 endfacet
 facet normal  0.000000e+00 -1.000000e+00  0.000000e+00
   outer loop
     vertex  3.538989e+01 -3.365988e+01  1.145000e+00
     vertex  3.538989e+01 -3.365988e+01  1.110000e+00
     vertex  3.588989e+01 -3.365988e+01  1.110000e+00
   endloop
 endfacet
 facet normal  0.000000e+00 -1.000000e+00  0.000000e+00
   outer loop
     vertex  3.538989e+01 -3.365988e+01  1.145000e+00
     vertex  3.588989e+01 -3.365988e+01  1.110000e+00
     vertex  3.588989e+01 -3.365988e+01  1.145000e+00
   endloop
 endfacet
 facet normal  0.000000e+00 -0.000000e+00  1.000000e+00
   outer loop
     vertex  3.588989e+01 -3.365988e+01  1.145000e+00
     vertex  3.588989e+01 -3.305988e+01  1.145000e+00
     vertex  3.538989e+01 -3.305988e+01  1.145000e+00
   endloop
 endfacet
 facet normal  0.000000e+00  0.000000e+00  1.000000e+00
   outer loop
     vertex  3.588989e+01 -3.365988e+01  1.145000e+00
     vertex  3.538989e+01 -3.305988e+01  1.145000e+00
     vertex  3.538989e+01 -3.365988e+01  1.145000e+00
   endloop
 endfacet
 facet normal  0.000000e+00  1.000000e+00  0.000000e+00
   outer loop
     vertex  3.538989e+01 -3.055988e+01  1.110000e+00
     vertex  3.588989e+01 -3.055988e+01  8.300000e-01
     vertex  3.538989e+01 -3.055988e+01  8.300000e-01
   endloop
 endfacet
 facet normal -0.000000e+00  1.000000e+00  0.000000e+00
   outer loop
     vertex  3.538989e+01 -3.055988e+01  1.110000e+00
     vertex  3.588989e+01 -3.055988e+01  1.110000e+00
     vertex  3.588989e+01 -3.055988e+01  8.300000e-01
   endloop
 endfacet
 facet normal -1.000000e+00  0.000000e+00  0.000000e+00
   outer loop
     vertex  3.538989e+01 -3.059488e+01  8.300000e-01
     vertex  3.538989e+01 -3.055988e+01  8.300000e-01
     vertex  3.538989e+01 -3.056254e+01  8.166061e-01
   endloop
 endfacet
 facet normal -1.000000e+00  0.000000e+00  0.000000e+00
   outer loop
     vertex  3.538989e+01 -3.059488e+01  8.300000e-01
     vertex  3.538989e+01 -3.056254e+01  8.166061e-01
     vertex  3.538989e+01 -3.057013e+01  8.052513e-01
   endloop
 endfacet
 facet normal -1.000000e+00  0.000000e+00  0.000000e+00
   outer loop
     vertex  3.538989e+01 -3.059488e+01  8.300000e-01
     vertex  3.538989e+01 -3.057013e+01  8.052513e-01
     vertex  3.538989e+01 -3.058149e+01  7.976642e-01
   endloop
 endfacet
 facet normal -1.000000e+00  0.000000e+00  0.000000e+00
   outer loop
     vertex  3.538989e+01 -3.059488e+01  8.300000e-01
     vertex  3.538989e+01 -3.058149e+01  7.976642e-01
     vertex  3.538989e+01 -3.059488e+01  7.950000e-01
   endloop
 endfacet
 facet normal -1.000000e+00  0.000000e+00  0.000000e+00
   outer loop
     vertex  3.538989e+01 -3.072488e+01  7.950000e-01
     vertex  3.538989e+01 -3.059488e+01  8.300000e-01
     vertex  3.538989e+01 -3.059488e+01  7.950000e-01
   endloop
 endfacet
 facet normal -1.000000e+00  0.000000e+00  0.000000e+00
   outer loop
     vertex  3.538989e+01 -3.075988e+01  8.300000e-01
     vertex  3.538989e+01 -3.074963e+01  8.052513e-01
     vertex  3.538989e+01 -3.075721e+01  8.166061e-01
   endloop
 endfacet
 facet normal -1.000000e+00  0.000000e+00  0.000000e+00
   outer loop
     vertex  3.538989e+01 -3.075988e+01  8.300000e-01
     vertex  3.538989e+01 -3.073827e+01  7.976642e-01
     vertex  3.538989e+01 -3.074963e+01  8.052513e-01
   endloop
 endfacet
 facet normal -1.000000e+00  0.000000e+00  0.000000e+00
   outer loop
     vertex  3.538989e+01 -3.075988e+01  8.300000e-01
     vertex  3.538989e+01 -3.072488e+01  7.950000e-01
     vertex  3.538989e+01 -3.073827e+01  7.976642e-01
   endloop
 endfacet
 facet normal -1.000000e+00  0.000000e+00  0.000000e+00
   outer loop
     vertex  3.538989e+01 -3.075988e+01  8.300000e-01
     vertex  3.538989e+01 -3.059488e+01  8.300000e-01
     vertex  3.538989e+01 -3.072488e+01  7.950000e-01
   endloop
 endfacet
 facet normal -1.000000e+00  0.000000e+00  0.000000e+00
   outer loop
     vertex  3.538989e+01 -3.059488e+01  1.110000e+00
     vertex  3.538989e+01 -3.055988e+01  1.110000e+00
     vertex  3.538989e+01 -3.055988e+01  8.300000e-01
   endloop
 endfacet
 facet normal -1.000000e+00  0.000000e+00  0.000000e+00
   outer loop
     vertex  3.538989e+01 -3.059488e+01  1.110000e+00
     vertex  3.538989e+01 -3.056254e+01  1.123394e+00
     vertex  3.538989e+01 -3.055988e+01  1.110000e+00
   endloop
 endfacet
 facet normal -1.000000e+00  0.000000e+00  0.000000e+00
   outer loop
     vertex  3.538989e+01 -3.059488e+01  1.110000e+00
     vertex  3.538989e+01 -3.057013e+01  1.134749e+00
     vertex  3.538989e+01 -3.056254e+01  1.123394e+00
   endloop
 endfacet
 facet normal -1.000000e+00  0.000000e+00  0.000000e+00
   outer loop
     vertex  3.538989e+01 -3.059488e+01  1.110000e+00
     vertex  3.538989e+01 -3.055988e+01  8.300000e-01
     vertex  3.538989e+01 -3.059488e+01  8.300000e-01
   endloop
 endfacet
 facet normal -1.000000e+00  0.000000e+00 -0.000000e+00
   outer loop
     vertex  3.538989e+01 -3.058149e+01  1.142336e+00
     vertex  3.538989e+01 -3.057013e+01  1.134749e+00
     vertex  3.538989e+01 -3.059488e+01  1.110000e+00
   endloop
 endfacet
 facet normal -1.000000e+00  0.000000e+00  0.000000e+00
   outer loop
     vertex  3.538989e+01 -3.059488e+01  1.145000e+00
     vertex  3.538989e+01 -3.058149e+01  1.142336e+00
     vertex  3.538989e+01 -3.059488e+01  1.110000e+00
   endloop
 endfacet
 facet normal -1.000000e+00  0.000000e+00  0.000000e+00
   outer loop
     vertex  3.538989e+01 -3.072488e+01  1.145000e+00
     vertex  3.538989e+01 -3.059488e+01  1.145000e+00
     vertex  3.538989e+01 -3.059488e+01  1.110000e+00
   endloop
 endfacet
 facet normal -1.000000e+00  0.000000e+00  0.000000e+00
   outer loop
     vertex  3.538989e+01 -3.075988e+01  1.110000e+00
     vertex  3.538989e+01 -3.072488e+01  1.145000e+00
     vertex  3.538989e+01 -3.059488e+01  1.110000e+00
   endloop
 endfacet
 facet normal -1.000000e+00  0.000000e+00  0.000000e+00
   outer loop
     vertex  3.538989e+01 -3.074963e+01  1.134749e+00
     vertex  3.538989e+01 -3.075988e+01  1.110000e+00
     vertex  3.538989e+01 -3.075721e+01  1.123394e+00
   endloop
 endfacet
 facet normal -1.000000e+00  0.000000e+00  0.000000e+00
   outer loop
     vertex  3.538989e+01 -3.074963e+01  1.134749e+00
     vertex  3.538989e+01 -3.073827e+01  1.142336e+00
     vertex  3.538989e+01 -3.072488e+01  1.145000e+00
   endloop
 endfacet
 facet normal -1.000000e+00  0.000000e+00 -0.000000e+00
   outer loop
     vertex  3.538989e+01 -3.074963e+01  1.134749e+00
     vertex  3.538989e+01 -3.072488e+01  1.145000e+00
     vertex  3.538989e+01 -3.075988e+01  1.110000e+00
   endloop
 endfacet
 facet normal  0.000000e+00  1.950903e-01 -9.807853e-01
   outer loop
     vertex  3.588989e+01 -3.058149e+01  7.976642e-01
     vertex  3.588989e+01 -3.059488e+01  7.950000e-01
     vertex  3.538989e+01 -3.059488e+01  7.950000e-01
   endloop
 endfacet
 facet normal  0.000000e+00  1.950903e-01 -9.807853e-01
   outer loop
     vertex  3.588989e+01 -3.058149e+01  7.976642e-01
     vertex  3.538989e+01 -3.059488e+01  7.950000e-01
     vertex  3.538989e+01 -3.058149e+01  7.976642e-01
   endloop
 endfacet
 facet normal  0.000000e+00  5.555702e-01 -8.314696e-01
   outer loop
     vertex  3.588989e+01 -3.057013e+01  8.052513e-01
     vertex  3.538989e+01 -3.058149e+01  7.976642e-01
     vertex  3.538989e+01 -3.057013e+01  8.052513e-01
   endloop
 endfacet
 facet normal  0.000000e+00  5.555702e-01 -8.314696e-01
   outer loop
     vertex  3.588989e+01 -3.057013e+01  8.052513e-01
     vertex  3.588989e+01 -3.058149e+01  7.976642e-01
     vertex  3.538989e+01 -3.058149e+01  7.976642e-01
   endloop
 endfacet
 facet normal  0.000000e+00  8.314696e-01 -5.555702e-01
   outer loop
     vertex  3.588989e+01 -3.056254e+01  8.166061e-01
     vertex  3.538989e+01 -3.057013e+01  8.052513e-01
     vertex  3.538989e+01 -3.056254e+01  8.166061e-01
   endloop
 endfacet
 facet normal  0.000000e+00  8.314696e-01 -5.555702e-01
   outer loop
     vertex  3.588989e+01 -3.056254e+01  8.166061e-01
     vertex  3.588989e+01 -3.057013e+01  8.052513e-01
     vertex  3.538989e+01 -3.057013e+01  8.052513e-01
   endloop
 endfacet
 facet normal  0.000000e+00  9.807853e-01 -1.950903e-01
   outer loop
     vertex  3.588989e+01 -3.055988e+01  8.300000e-01
     vertex  3.538989e+01 -3.056254e+01  8.166061e-01
     vertex  3.538989e+01 -3.055988e+01  8.300000e-01
   endloop
 endfacet
 facet normal  0.000000e+00  9.807853e-01 -1.950903e-01
   outer loop
     vertex  3.588989e+01 -3.055988e+01  8.300000e-01
     vertex  3.588989e+01 -3.056254e+01  8.166061e-01
     vertex  3.538989e+01 -3.056254e+01  8.166061e-01
   endloop
 endfacet
 facet normal  0.000000e+00  9.807853e-01  1.950903e-01
   outer loop
     vertex  3.588989e+01 -3.056254e+01  1.123394e+00
     vertex  3.538989e+01 -3.055988e+01  1.110000e+00
     vertex  3.538989e+01 -3.056254e+01  1.123394e+00
   endloop
 endfacet
 facet normal  0.000000e+00  9.807853e-01  1.950903e-01
   outer loop
     vertex  3.588989e+01 -3.056254e+01  1.123394e+00
     vertex  3.588989e+01 -3.055988e+01  1.110000e+00
     vertex  3.538989e+01 -3.055988e+01  1.110000e+00
   endloop
 endfacet
 facet normal  0.000000e+00  8.314696e-01  5.555702e-01
   outer loop
     vertex  3.588989e+01 -3.057013e+01  1.134749e+00
     vertex  3.538989e+01 -3.056254e+01  1.123394e+00
     vertex  3.538989e+01 -3.057013e+01  1.134749e+00
   endloop
 endfacet
 facet normal  0.000000e+00  8.314696e-01  5.555702e-01
   outer loop
     vertex  3.588989e+01 -3.057013e+01  1.134749e+00
     vertex  3.588989e+01 -3.056254e+01  1.123394e+00
     vertex  3.538989e+01 -3.056254e+01  1.123394e+00
   endloop
 endfacet
 facet normal  0.000000e+00  5.555702e-01  8.314696e-01
   outer loop
     vertex  3.588989e+01 -3.058149e+01  1.142336e+00
     vertex  3.538989e+01 -3.057013e+01  1.134749e+00
     vertex  3.538989e+01 -3.058149e+01  1.142336e+00
   endloop
 endfacet
 facet normal  0.000000e+00  5.555702e-01  8.314696e-01
   outer loop
     vertex  3.588989e+01 -3.058149e+01  1.142336e+00
     vertex  3.588989e+01 -3.057013e+01  1.134749e+00
     vertex  3.538989e+01 -3.057013e+01  1.134749e+00
   endloop
 endfacet
 facet normal  0.000000e+00  1.950903e-01  9.807853e-01
   outer loop
     vertex  3.588989e+01 -3.059488e+01  1.145000e+00
     vertex  3.538989e+01 -3.058149e+01  1.142336e+00
     vertex  3.538989e+01 -3.059488e+01  1.145000e+00
   endloop
 endfacet
 facet normal  0.000000e+00  1.950903e-01  9.807853e-01
   outer loop
     vertex  3.588989e+01 -3.059488e+01  1.145000e+00
     vertex  3.588989e+01 -3.058149e+01  1.142336e+00
     vertex  3.538989e+01 -3.058149e+01  1.142336e+00
   endloop
 endfacet
 facet normal  1.000000e+00 -0.000000e+00  0.000000e+00
   outer loop
     vertex  3.588989e+01 -3.059488e+01  8.300000e-01
     vertex  3.588989e+01 -3.056254e+01  8.166061e-01
     vertex  3.588989e+01 -3.055988e+01  8.300000e-01
   endloop
 endfacet
 facet normal  1.000000e+00  0.000000e+00  0.000000e+00
   outer loop
     vertex  3.588989e+01 -3.059488e+01  8.300000e-01
     vertex  3.588989e+01 -3.057013e+01  8.052513e-01
     vertex  3.588989e+01 -3.056254e+01  8.166061e-01
   endloop
 endfacet
 facet normal  1.000000e+00  0.000000e+00  0.000000e+00
   outer loop
     vertex  3.588989e+01 -3.059488e+01  8.300000e-01
     vertex  3.588989e+01 -3.058149e+01  7.976642e-01
     vertex  3.588989e+01 -3.057013e+01  8.052513e-01
   endloop
 endfacet
 facet normal  1.000000e+00  0.000000e+00  0.000000e+00
   outer loop
     vertex  3.588989e+01 -3.059488e+01  8.300000e-01
     vertex  3.588989e+01 -3.059488e+01  7.950000e-01
     vertex  3.588989e+01 -3.058149e+01  7.976642e-01
   endloop
 endfacet
 facet normal  1.000000e+00  0.000000e+00  0.000000e+00
   outer loop
     vertex  3.588989e+01 -3.072488e+01  7.950000e-01
     vertex  3.588989e+01 -3.059488e+01  7.950000e-01
     vertex  3.588989e+01 -3.059488e+01  8.300000e-01
   endloop
 endfacet
 facet normal  1.000000e+00  0.000000e+00  0.000000e+00
   outer loop
     vertex  3.588989e+01 -3.075988e+01  8.300000e-01
     vertex  3.588989e+01 -3.075721e+01  8.166061e-01
     vertex  3.588989e+01 -3.074963e+01  8.052513e-01
   endloop
 endfacet
 facet normal  1.000000e+00  0.000000e+00  0.000000e+00
   outer loop
     vertex  3.588989e+01 -3.075988e+01  8.300000e-01
     vertex  3.588989e+01 -3.074963e+01  8.052513e-01
     vertex  3.588989e+01 -3.073827e+01  7.976642e-01
   endloop
 endfacet
 facet normal  1.000000e+00  0.000000e+00  0.000000e+00
   outer loop
     vertex  3.588989e+01 -3.075988e+01  8.300000e-01
     vertex  3.588989e+01 -3.073827e+01  7.976642e-01
     vertex  3.588989e+01 -3.072488e+01  7.950000e-01
   endloop
 endfacet
 facet normal  1.000000e+00 -0.000000e+00  0.000000e+00
   outer loop
     vertex  3.588989e+01 -3.075988e+01  8.300000e-01
     vertex  3.588989e+01 -3.072488e+01  7.950000e-01
     vertex  3.588989e+01 -3.059488e+01  8.300000e-01
   endloop
 endfacet
 facet normal  1.000000e+00 -0.000000e+00  0.000000e+00
   outer loop
     vertex  3.588989e+01 -3.059488e+01  1.110000e+00
     vertex  3.588989e+01 -3.055988e+01  8.300000e-01
     vertex  3.588989e+01 -3.055988e+01  1.110000e+00
   endloop
 endfacet
 facet normal  1.000000e+00  0.000000e+00  0.000000e+00
   outer loop
     vertex  3.588989e+01 -3.059488e+01  1.110000e+00
     vertex  3.588989e+01 -3.055988e+01  1.110000e+00
     vertex  3.588989e+01 -3.056254e+01  1.123394e+00
   endloop
 endfacet
 facet normal  1.000000e+00  0.000000e+00  0.000000e+00
   outer loop
     vertex  3.588989e+01 -3.059488e+01  1.110000e+00
     vertex  3.588989e+01 -3.056254e+01  1.123394e+00
     vertex  3.588989e+01 -3.057013e+01  1.134749e+00
   endloop
 endfacet
 facet normal  1.000000e+00  0.000000e+00  0.000000e+00
   outer loop
     vertex  3.588989e+01 -3.059488e+01  1.110000e+00
     vertex  3.588989e+01 -3.059488e+01  8.300000e-01
     vertex  3.588989e+01 -3.055988e+01  8.300000e-01
   endloop
 endfacet
 facet normal  1.000000e+00  0.000000e+00  0.000000e+00
   outer loop
     vertex  3.588989e+01 -3.058149e+01  1.142336e+00
     vertex  3.588989e+01 -3.059488e+01  1.110000e+00
     vertex  3.588989e+01 -3.057013e+01  1.134749e+00
   endloop
 endfacet
 facet normal  1.000000e+00  0.000000e+00  0.000000e+00
   outer loop
     vertex  3.588989e+01 -3.059488e+01  1.145000e+00
     vertex  3.588989e+01 -3.059488e+01  1.110000e+00
     vertex  3.588989e+01 -3.058149e+01  1.142336e+00
   endloop
 endfacet
 facet normal  1.000000e+00 -0.000000e+00  0.000000e+00
   outer loop
     vertex  3.588989e+01 -3.072488e+01  1.145000e+00
     vertex  3.588989e+01 -3.059488e+01  1.110000e+00
     vertex  3.588989e+01 -3.059488e+01  1.145000e+00
   endloop
 endfacet
 facet normal  1.000000e+00  0.000000e+00  0.000000e+00
   outer loop
     vertex  3.588989e+01 -3.075988e+01  1.110000e+00
     vertex  3.588989e+01 -3.059488e+01  1.110000e+00
     vertex  3.588989e+01 -3.072488e+01  1.145000e+00
   endloop
 endfacet
 facet normal  1.000000e+00  0.000000e+00  0.000000e+00
   outer loop
     vertex  3.588989e+01 -3.074963e+01  1.134749e+00
     vertex  3.588989e+01 -3.075721e+01  1.123394e+00
     vertex  3.588989e+01 -3.075988e+01  1.110000e+00
   endloop
 endfacet
 facet normal  1.000000e+00  0.000000e+00  0.000000e+00
   outer loop
     vertex  3.588989e+01 -3.074963e+01  1.134749e+00
     vertex  3.588989e+01 -3.072488e+01  1.145000e+00
     vertex  3.588989e+01 -3.073827e+01  1.142336e+00
   endloop
 endfacet
 facet normal  1.000000e+00 -0.000000e+00  0.000000e+00
   outer loop
     vertex  3.588989e+01 -3.074963e+01  1.134749e+00
     vertex  3.588989e+01 -3.075988e+01  1.110000e+00
     vertex  3.588989e+01 -3.072488e+01  1.145000e+00
   endloop
 endfacet
 facet normal  0.000000e+00  0.000000e+00 -1.000000e+00
   outer loop
     vertex  3.588989e+01 -3.072488e+01  7.950000e-01
     vertex  3.538989e+01 -3.059488e+01  7.950000e-01
     vertex  3.588989e+01 -3.059488e+01  7.950000e-01
   endloop
 endfacet
 facet normal  0.000000e+00  0.000000e+00 -1.000000e+00
   outer loop
     vertex  3.588989e+01 -3.072488e+01  7.950000e-01
     vertex  3.538989e+01 -3.072488e+01  7.950000e-01
     vertex  3.538989e+01 -3.059488e+01  7.950000e-01
   endloop
 endfacet
 facet normal -0.000000e+00 -9.807853e-01 -1.950903e-01
   outer loop
     vertex  3.588989e+01 -3.075721e+01  8.166061e-01
     vertex  3.538989e+01 -3.075988e+01  8.300000e-01
     vertex  3.538989e+01 -3.075721e+01  8.166061e-01
   endloop
 endfacet
 facet normal  0.000000e+00 -9.807853e-01 -1.950903e-01
   outer loop
     vertex  3.588989e+01 -3.075721e+01  8.166061e-01
     vertex  3.588989e+01 -3.075988e+01  8.300000e-01
     vertex  3.538989e+01 -3.075988e+01  8.300000e-01
   endloop
 endfacet
 facet normal -0.000000e+00 -8.314696e-01 -5.555702e-01
   outer loop
     vertex  3.588989e+01 -3.074963e+01  8.052513e-01
     vertex  3.538989e+01 -3.075721e+01  8.166061e-01
     vertex  3.538989e+01 -3.074963e+01  8.052513e-01
   endloop
 endfacet
 facet normal  0.000000e+00 -8.314696e-01 -5.555702e-01
   outer loop
     vertex  3.588989e+01 -3.074963e+01  8.052513e-01
     vertex  3.588989e+01 -3.075721e+01  8.166061e-01
     vertex  3.538989e+01 -3.075721e+01  8.166061e-01
   endloop
 endfacet
 facet normal -0.000000e+00 -5.555702e-01 -8.314696e-01
   outer loop
     vertex  3.588989e+01 -3.073827e+01  7.976642e-01
     vertex  3.538989e+01 -3.074963e+01  8.052513e-01
     vertex  3.538989e+01 -3.073827e+01  7.976642e-01
   endloop
 endfacet
 facet normal  0.000000e+00 -5.555702e-01 -8.314696e-01
   outer loop
     vertex  3.588989e+01 -3.073827e+01  7.976642e-01
     vertex  3.588989e+01 -3.074963e+01  8.052513e-01
     vertex  3.538989e+01 -3.074963e+01  8.052513e-01
   endloop
 endfacet
 facet normal -0.000000e+00 -1.950903e-01 -9.807853e-01
   outer loop
     vertex  3.588989e+01 -3.072488e+01  7.950000e-01
     vertex  3.538989e+01 -3.073827e+01  7.976642e-01
     vertex  3.538989e+01 -3.072488e+01  7.950000e-01
   endloop
 endfacet
 facet normal  0.000000e+00 -1.950903e-01 -9.807853e-01
   outer loop
     vertex  3.588989e+01 -3.072488e+01  7.950000e-01
     vertex  3.588989e+01 -3.073827e+01  7.976642e-01
     vertex  3.538989e+01 -3.073827e+01  7.976642e-01
   endloop
 endfacet
 facet normal -1.000000e+00  0.000000e+00  0.000000e+00
   outer loop
     vertex  3.538989e+01 -3.075988e+01  1.110000e+00
     vertex  3.538989e+01 -3.059488e+01  8.300000e-01
     vertex  3.538989e+01 -3.075988e+01  8.300000e-01
   endloop
 endfacet
 facet normal -1.000000e+00  0.000000e+00  0.000000e+00
   outer loop
     vertex  3.538989e+01 -3.075988e+01  1.110000e+00
     vertex  3.538989e+01 -3.059488e+01  1.110000e+00
     vertex  3.538989e+01 -3.059488e+01  8.300000e-01
   endloop
 endfacet
 facet normal -1.000000e+00  0.000000e+00  0.000000e+00
   outer loop
     vertex  3.538989e+01 -3.135988e+01  1.110000e+00
     vertex  3.538989e+01 -3.075988e+01  8.300000e-01
     vertex  3.538989e+01 -3.135988e+01  8.300000e-01
   endloop
 endfacet
 facet normal -1.000000e+00  0.000000e+00  0.000000e+00
   outer loop
     vertex  3.538989e+01 -3.135988e+01  1.110000e+00
     vertex  3.538989e+01 -3.075988e+01  1.110000e+00
     vertex  3.538989e+01 -3.075988e+01  8.300000e-01
   endloop
 endfacet
 facet normal -1.000000e+00  0.000000e+00  0.000000e+00
   outer loop
     vertex  3.538989e+01 -3.152488e+01  1.110000e+00
     vertex  3.538989e+01 -3.135988e+01  8.300000e-01
     vertex  3.538989e+01 -3.152488e+01  8.300000e-01
   endloop
 endfacet
 facet normal -1.000000e+00  0.000000e+00  0.000000e+00
   outer loop
     vertex  3.538989e+01 -3.152488e+01  1.110000e+00
     vertex  3.538989e+01 -3.135988e+01  1.110000e+00
     vertex  3.538989e+01 -3.135988e+01  8.300000e-01
   endloop
 endfacet
 facet normal  0.000000e+00 -0.000000e+00  1.000000e+00
   outer loop
     vertex  3.588989e+01 -3.072488e+01  1.145000e+00
     vertex  3.588989e+01 -3.059488e+01  1.145000e+00
     vertex  3.538989e+01 -3.059488e+01  1.145000e+00
   endloop
 endfacet
 facet normal  0.000000e+00  0.000000e+00  1.000000e+00
   outer loop
     vertex  3.588989e+01 -3.072488e+01  1.145000e+00
     vertex  3.538989e+01 -3.059488e+01  1.145000e+00
     vertex  3.538989e+01 -3.072488e+01  1.145000e+00
   endloop
 endfacet
 facet normal  0.000000e+00 -1.950903e-01  9.807853e-01
   outer loop
     vertex  3.588989e+01 -3.073827e+01  1.142336e+00
     vertex  3.588989e+01 -3.072488e+01  1.145000e+00
     vertex  3.538989e+01 -3.072488e+01  1.145000e+00
   endloop
 endfacet
 facet normal  0.000000e+00 -1.950903e-01  9.807853e-01
   outer loop
     vertex  3.588989e+01 -3.073827e+01  1.142336e+00
     vertex  3.538989e+01 -3.072488e+01  1.145000e+00
     vertex  3.538989e+01 -3.073827e+01  1.142336e+00
   endloop
 endfacet
 facet normal  0.000000e+00 -5.555702e-01  8.314696e-01
   outer loop
     vertex  3.588989e+01 -3.074963e+01  1.134749e+00
     vertex  3.538989e+01 -3.073827e+01  1.142336e+00
     vertex  3.538989e+01 -3.074963e+01  1.134749e+00
   endloop
 endfacet
 facet normal  0.000000e+00 -5.555702e-01  8.314696e-01
   outer loop
     vertex  3.588989e+01 -3.074963e+01  1.134749e+00
     vertex  3.588989e+01 -3.073827e+01  1.142336e+00
     vertex  3.538989e+01 -3.073827e+01  1.142336e+00
   endloop
 endfacet
 facet normal  0.000000e+00 -8.314696e-01  5.555702e-01
   outer loop
     vertex  3.588989e+01 -3.075721e+01  1.123394e+00
     vertex  3.538989e+01 -3.074963e+01  1.134749e+00
     vertex  3.538989e+01 -3.075721e+01  1.123394e+00
   endloop
 endfacet
 facet normal  0.000000e+00 -8.314696e-01  5.555702e-01
   outer loop
     vertex  3.588989e+01 -3.075721e+01  1.123394e+00
     vertex  3.588989e+01 -3.074963e+01  1.134749e+00
     vertex  3.538989e+01 -3.074963e+01  1.134749e+00
   endloop
 endfacet
 facet normal  0.000000e+00 -9.807853e-01  1.950903e-01
   outer loop
     vertex  3.588989e+01 -3.075988e+01  1.110000e+00
     vertex  3.538989e+01 -3.075721e+01  1.123394e+00
     vertex  3.538989e+01 -3.075988e+01  1.110000e+00
   endloop
 endfacet
 facet normal  0.000000e+00 -9.807853e-01  1.950903e-01
   outer loop
     vertex  3.588989e+01 -3.075988e+01  1.110000e+00
     vertex  3.588989e+01 -3.075721e+01  1.123394e+00
     vertex  3.538989e+01 -3.075721e+01  1.123394e+00
   endloop
 endfacet
 facet normal  1.000000e+00  0.000000e+00  0.000000e+00
   outer loop
     vertex  3.588989e+01 -3.075988e+01  1.110000e+00
     vertex  3.588989e+01 -3.075988e+01  8.300000e-01
     vertex  3.588989e+01 -3.059488e+01  8.300000e-01
   endloop
 endfacet
 facet normal  1.000000e+00 -0.000000e+00  0.000000e+00
   outer loop
     vertex  3.588989e+01 -3.075988e+01  1.110000e+00
     vertex  3.588989e+01 -3.059488e+01  8.300000e-01
     vertex  3.588989e+01 -3.059488e+01  1.110000e+00
   endloop
 endfacet
 facet normal  1.000000e+00  0.000000e+00  0.000000e+00
   outer loop
     vertex  3.588989e+01 -3.135988e+01  1.110000e+00
     vertex  3.588989e+01 -3.135988e+01  8.300000e-01
     vertex  3.588989e+01 -3.075988e+01  8.300000e-01
   endloop
 endfacet
 facet normal  1.000000e+00 -0.000000e+00  0.000000e+00
   outer loop
     vertex  3.588989e+01 -3.135988e+01  1.110000e+00
     vertex  3.588989e+01 -3.075988e+01  8.300000e-01
     vertex  3.588989e+01 -3.075988e+01  1.110000e+00
   endloop
 endfacet
 facet normal  1.000000e+00  0.000000e+00  0.000000e+00
   outer loop
     vertex  3.588989e+01 -3.152488e+01  1.110000e+00
     vertex  3.588989e+01 -3.152488e+01  8.300000e-01
     vertex  3.588989e+01 -3.135988e+01  8.300000e-01
   endloop
 endfacet
 facet normal  1.000000e+00 -0.000000e+00  0.000000e+00
   outer loop
     vertex  3.588989e+01 -3.152488e+01  1.110000e+00
     vertex  3.588989e+01 -3.135988e+01  8.300000e-01
     vertex  3.588989e+01 -3.135988e+01  1.110000e+00
   endloop
 endfacet
 facet normal  0.000000e+00  0.000000e+00 -1.000000e+00
   outer loop
     vertex  3.588989e+01 -3.135988e+01  8.300000e-01
     vertex  3.538989e+01 -3.075988e+01  8.300000e-01
     vertex  3.588989e+01 -3.075988e+01  8.300000e-01
   endloop
 endfacet
 facet normal  0.000000e+00  0.000000e+00 -1.000000e+00
   outer loop
     vertex  3.588989e+01 -3.135988e+01  8.300000e-01
     vertex  3.538989e+01 -3.135988e+01  8.300000e-01
     vertex  3.538989e+01 -3.075988e+01  8.300000e-01
   endloop
 endfacet
 facet normal -1.000000e+00  0.000000e+00  0.000000e+00
   outer loop
     vertex  3.538989e+01 -3.139488e+01  7.950000e-01
     vertex  3.538989e+01 -3.135988e+01  8.300000e-01
     vertex  3.538989e+01 -3.136254e+01  8.166061e-01
   endloop
 endfacet
 facet normal -1.000000e+00  0.000000e+00  0.000000e+00
   outer loop
     vertex  3.538989e+01 -3.139488e+01  7.950000e-01
     vertex  3.538989e+01 -3.136254e+01  8.166061e-01
     vertex  3.538989e+01 -3.137013e+01  8.052513e-01
   endloop
 endfacet
 facet normal -1.000000e+00  0.000000e+00  0.000000e+00
   outer loop
     vertex  3.538989e+01 -3.139488e+01  7.950000e-01
     vertex  3.538989e+01 -3.137013e+01  8.052513e-01
     vertex  3.538989e+01 -3.138149e+01  7.976642e-01
   endloop
 endfacet
 facet normal -1.000000e+00  0.000000e+00  0.000000e+00
   outer loop
     vertex  3.538989e+01 -3.152488e+01  8.300000e-01
     vertex  3.538989e+01 -3.139488e+01  7.950000e-01
     vertex  3.538989e+01 -3.152488e+01  7.950000e-01
   endloop
 endfacet
 facet normal -1.000000e+00  0.000000e+00 -0.000000e+00
   outer loop
     vertex  3.538989e+01 -3.152488e+01  8.300000e-01
     vertex  3.538989e+01 -3.152488e+01  7.950000e-01
     vertex  3.538989e+01 -3.153827e+01  7.976642e-01
   endloop
 endfacet
 facet normal -1.000000e+00  0.000000e+00  0.000000e+00
   outer loop
     vertex  3.538989e+01 -3.152488e+01  8.300000e-01
     vertex  3.538989e+01 -3.135988e+01  8.300000e-01
     vertex  3.538989e+01 -3.139488e+01  7.950000e-01
   endloop
 endfacet
 facet normal -1.000000e+00  0.000000e+00  0.000000e+00
   outer loop
     vertex  3.538989e+01 -3.154963e+01  8.052513e-01
     vertex  3.538989e+01 -3.152488e+01  8.300000e-01
     vertex  3.538989e+01 -3.153827e+01  7.976642e-01
   endloop
 endfacet
 facet normal -1.000000e+00  0.000000e+00  0.000000e+00
   outer loop
     vertex  3.538989e+01 -3.155721e+01  8.166061e-01
     vertex  3.538989e+01 -3.152488e+01  8.300000e-01
     vertex  3.538989e+01 -3.154963e+01  8.052513e-01
   endloop
 endfacet
 facet normal -1.000000e+00  0.000000e+00  0.000000e+00
   outer loop
     vertex  3.538989e+01 -3.155988e+01  8.300000e-01
     vertex  3.538989e+01 -3.152488e+01  8.300000e-01
     vertex  3.538989e+01 -3.155721e+01  8.166061e-01
   endloop
 endfacet
 facet normal -1.000000e+00  0.000000e+00  0.000000e+00
   outer loop
     vertex  3.538989e+01 -3.137013e+01  1.134749e+00
     vertex  3.538989e+01 -3.136254e+01  1.123394e+00
     vertex  3.538989e+01 -3.135988e+01  1.110000e+00
   endloop
 endfacet
 facet normal -1.000000e+00  0.000000e+00  0.000000e+00
   outer loop
     vertex  3.538989e+01 -3.138149e+01  1.142336e+00
     vertex  3.538989e+01 -3.137013e+01  1.134749e+00
     vertex  3.538989e+01 -3.135988e+01  1.110000e+00
   endloop
 endfacet
 facet normal -1.000000e+00  0.000000e+00  0.000000e+00
   outer loop
     vertex  3.538989e+01 -3.139488e+01  1.145000e+00
     vertex  3.538989e+01 -3.138149e+01  1.142336e+00
     vertex  3.538989e+01 -3.135988e+01  1.110000e+00
   endloop
 endfacet
 facet normal -1.000000e+00  0.000000e+00  0.000000e+00
   outer loop
     vertex  3.538989e+01 -3.152488e+01  1.110000e+00
     vertex  3.538989e+01 -3.139488e+01  1.145000e+00
     vertex  3.538989e+01 -3.135988e+01  1.110000e+00
   endloop
 endfacet
 facet normal -1.000000e+00  0.000000e+00  0.000000e+00
   outer loop
     vertex  3.538989e+01 -3.152488e+01  1.145000e+00
     vertex  3.538989e+01 -3.139488e+01  1.145000e+00
     vertex  3.538989e+01 -3.152488e+01  1.110000e+00
   endloop
 endfacet
 facet normal -1.000000e+00  0.000000e+00  0.000000e+00
   outer loop
     vertex  3.538989e+01 -3.155988e+01  1.110000e+00
     vertex  3.538989e+01 -3.152488e+01  1.110000e+00
     vertex  3.538989e+01 -3.152488e+01  8.300000e-01
   endloop
 endfacet
 facet normal -1.000000e+00  0.000000e+00  0.000000e+00
   outer loop
     vertex  3.538989e+01 -3.155988e+01  1.110000e+00
     vertex  3.538989e+01 -3.152488e+01  8.300000e-01
     vertex  3.538989e+01 -3.155988e+01  8.300000e-01
   endloop
 endfacet
 facet normal -1.000000e+00  0.000000e+00  0.000000e+00
   outer loop
     vertex  3.538989e+01 -3.153827e+01  1.142336e+00
     vertex  3.538989e+01 -3.152488e+01  1.145000e+00
     vertex  3.538989e+01 -3.152488e+01  1.110000e+00
   endloop
 endfacet
 facet normal -1.000000e+00  0.000000e+00 -0.000000e+00
   outer loop
     vertex  3.538989e+01 -3.155721e+01  1.123394e+00
     vertex  3.538989e+01 -3.152488e+01  1.110000e+00
     vertex  3.538989e+01 -3.155988e+01  1.110000e+00
   endloop
 endfacet
 facet normal -1.000000e+00  0.000000e+00 -0.000000e+00
   outer loop
     vertex  3.538989e+01 -3.154963e+01  1.134749e+00
     vertex  3.538989e+01 -3.152488e+01  1.110000e+00
     vertex  3.538989e+01 -3.155721e+01  1.123394e+00
   endloop
 endfacet
 facet normal -1.000000e+00  0.000000e+00  0.000000e+00
   outer loop
     vertex  3.538989e+01 -3.154963e+01  1.134749e+00
     vertex  3.538989e+01 -3.153827e+01  1.142336e+00
     vertex  3.538989e+01 -3.152488e+01  1.110000e+00
   endloop
 endfacet
 facet normal -1.000000e+00  0.000000e+00  0.000000e+00
   outer loop
     vertex  3.538989e+01 -3.135988e+01  1.145000e+00
     vertex  3.538989e+01 -3.075988e+01  1.110000e+00
     vertex  3.538989e+01 -3.135988e+01  1.110000e+00
   endloop
 endfacet
 facet normal -1.000000e+00  0.000000e+00  0.000000e+00
   outer loop
     vertex  3.538989e+01 -3.135988e+01  1.145000e+00
     vertex  3.538989e+01 -3.075988e+01  1.145000e+00
     vertex  3.538989e+01 -3.075988e+01  1.110000e+00
   endloop
 endfacet
 facet normal  0.000000e+00  1.000000e+00  0.000000e+00
   outer loop
     vertex  3.538989e+01 -3.075988e+01  1.145000e+00
     vertex  3.588989e+01 -3.075988e+01  1.110000e+00
     vertex  3.538989e+01 -3.075988e+01  1.110000e+00
   endloop
 endfacet
 facet normal -0.000000e+00  1.000000e+00  0.000000e+00
   outer loop
     vertex  3.538989e+01 -3.075988e+01  1.145000e+00
     vertex  3.588989e+01 -3.075988e+01  1.145000e+00
     vertex  3.588989e+01 -3.075988e+01  1.110000e+00
   endloop
 endfacet
 facet normal  1.000000e+00  0.000000e+00  0.000000e+00
   outer loop
     vertex  3.588989e+01 -3.139488e+01  7.950000e-01
     vertex  3.588989e+01 -3.136254e+01  8.166061e-01
     vertex  3.588989e+01 -3.135988e+01  8.300000e-01
   endloop
 endfacet
 facet normal  1.000000e+00  0.000000e+00  0.000000e+00
   outer loop
     vertex  3.588989e+01 -3.139488e+01  7.950000e-01
     vertex  3.588989e+01 -3.137013e+01  8.052513e-01
     vertex  3.588989e+01 -3.136254e+01  8.166061e-01
   endloop
 endfacet
 facet normal  1.000000e+00  0.000000e+00  0.000000e+00
   outer loop
     vertex  3.588989e+01 -3.139488e+01  7.950000e-01
     vertex  3.588989e+01 -3.138149e+01  7.976642e-01
     vertex  3.588989e+01 -3.137013e+01  8.052513e-01
   endloop
 endfacet
 facet normal  1.000000e+00  0.000000e+00  0.000000e+00
   outer loop
     vertex  3.588989e+01 -3.152488e+01  8.300000e-01
     vertex  3.588989e+01 -3.152488e+01  7.950000e-01
     vertex  3.588989e+01 -3.139488e+01  7.950000e-01
   endloop
 endfacet
 facet normal  1.000000e+00  0.000000e+00  0.000000e+00
   outer loop
     vertex  3.588989e+01 -3.152488e+01  8.300000e-01
     vertex  3.588989e+01 -3.153827e+01  7.976642e-01
     vertex  3.588989e+01 -3.152488e+01  7.950000e-01
   endloop
 endfacet
 facet normal  1.000000e+00 -0.000000e+00  0.000000e+00
   outer loop
     vertex  3.588989e+01 -3.152488e+01  8.300000e-01
     vertex  3.588989e+01 -3.139488e+01  7.950000e-01
     vertex  3.588989e+01 -3.135988e+01  8.300000e-01
   endloop
 endfacet
 facet normal  1.000000e+00 -0.000000e+00  0.000000e+00
   outer loop
     vertex  3.588989e+01 -3.154963e+01  8.052513e-01
     vertex  3.588989e+01 -3.153827e+01  7.976642e-01
     vertex  3.588989e+01 -3.152488e+01  8.300000e-01
   endloop
 endfacet
 facet normal  1.000000e+00 -0.000000e+00  0.000000e+00
   outer loop
     vertex  3.588989e+01 -3.155721e+01  8.166061e-01
     vertex  3.588989e+01 -3.154963e+01  8.052513e-01
     vertex  3.588989e+01 -3.152488e+01  8.300000e-01
   endloop
 endfacet
 facet normal  1.000000e+00 -0.000000e+00  0.000000e+00
   outer loop
     vertex  3.588989e+01 -3.155988e+01  8.300000e-01
     vertex  3.588989e+01 -3.155721e+01  8.166061e-01
     vertex  3.588989e+01 -3.152488e+01  8.300000e-01
   endloop
 endfacet
 facet normal  1.000000e+00  0.000000e+00  0.000000e+00
   outer loop
     vertex  3.588989e+01 -3.137013e+01  1.134749e+00
     vertex  3.588989e+01 -3.135988e+01  1.110000e+00
     vertex  3.588989e+01 -3.136254e+01  1.123394e+00
   endloop
 endfacet
 facet normal  1.000000e+00  0.000000e+00  0.000000e+00
   outer loop
     vertex  3.588989e+01 -3.138149e+01  1.142336e+00
     vertex  3.588989e+01 -3.135988e+01  1.110000e+00
     vertex  3.588989e+01 -3.137013e+01  1.134749e+00
   endloop
 endfacet
 facet normal  1.000000e+00  0.000000e+00  0.000000e+00
   outer loop
     vertex  3.588989e+01 -3.139488e+01  1.145000e+00
     vertex  3.588989e+01 -3.135988e+01  1.110000e+00
     vertex  3.588989e+01 -3.138149e+01  1.142336e+00
   endloop
 endfacet
 facet normal  1.000000e+00  0.000000e+00  0.000000e+00
   outer loop
     vertex  3.588989e+01 -3.152488e+01  1.110000e+00
     vertex  3.588989e+01 -3.135988e+01  1.110000e+00
     vertex  3.588989e+01 -3.139488e+01  1.145000e+00
   endloop
 endfacet
 facet normal  1.000000e+00 -0.000000e+00  0.000000e+00
   outer loop
     vertex  3.588989e+01 -3.152488e+01  1.145000e+00
     vertex  3.588989e+01 -3.152488e+01  1.110000e+00
     vertex  3.588989e+01 -3.139488e+01  1.145000e+00
   endloop
 endfacet
 facet normal  1.000000e+00 -0.000000e+00  0.000000e+00
   outer loop
     vertex  3.588989e+01 -3.155988e+01  1.110000e+00
     vertex  3.588989e+01 -3.152488e+01  8.300000e-01
     vertex  3.588989e+01 -3.152488e+01  1.110000e+00
   endloop
 endfacet
 facet normal  1.000000e+00  0.000000e+00  0.000000e+00
   outer loop
     vertex  3.588989e+01 -3.155988e+01  1.110000e+00
     vertex  3.588989e+01 -3.155988e+01  8.300000e-01
     vertex  3.588989e+01 -3.152488e+01  8.300000e-01
   endloop
 endfacet
 facet normal  1.000000e+00 -0.000000e+00  0.000000e+00
   outer loop
     vertex  3.588989e+01 -3.153827e+01  1.142336e+00
     vertex  3.588989e+01 -3.152488e+01  1.110000e+00
     vertex  3.588989e+01 -3.152488e+01  1.145000e+00
   endloop
 endfacet
 facet normal  1.000000e+00  0.000000e+00  0.000000e+00
   outer loop
     vertex  3.588989e+01 -3.155721e+01  1.123394e+00
     vertex  3.588989e+01 -3.155988e+01  1.110000e+00
     vertex  3.588989e+01 -3.152488e+01  1.110000e+00
   endloop
 endfacet
 facet normal  1.000000e+00  0.000000e+00  0.000000e+00
   outer loop
     vertex  3.588989e+01 -3.154963e+01  1.134749e+00
     vertex  3.588989e+01 -3.155721e+01  1.123394e+00
     vertex  3.588989e+01 -3.152488e+01  1.110000e+00
   endloop
 endfacet
 facet normal  1.000000e+00 -0.000000e+00  0.000000e+00
   outer loop
     vertex  3.588989e+01 -3.154963e+01  1.134749e+00
     vertex  3.588989e+01 -3.152488e+01  1.110000e+00
     vertex  3.588989e+01 -3.153827e+01  1.142336e+00
   endloop
 endfacet
 facet normal  1.000000e+00  0.000000e+00  0.000000e+00
   outer loop
     vertex  3.588989e+01 -3.135988e+01  1.145000e+00
     vertex  3.588989e+01 -3.135988e+01  1.110000e+00
     vertex  3.588989e+01 -3.075988e+01  1.110000e+00
   endloop
 endfacet
 facet normal  1.000000e+00 -0.000000e+00  0.000000e+00
   outer loop
     vertex  3.588989e+01 -3.135988e+01  1.145000e+00
     vertex  3.588989e+01 -3.075988e+01  1.110000e+00
     vertex  3.588989e+01 -3.075988e+01  1.145000e+00
   endloop
 endfacet
 facet normal  0.000000e+00  1.950903e-01 -9.807853e-01
   outer loop
     vertex  3.588989e+01 -3.138149e+01  7.976642e-01
     vertex  3.588989e+01 -3.139488e+01  7.950000e-01
     vertex  3.538989e+01 -3.139488e+01  7.950000e-01
   endloop
 endfacet
 facet normal  0.000000e+00  1.950903e-01 -9.807853e-01
   outer loop
     vertex  3.588989e+01 -3.138149e+01  7.976642e-01
     vertex  3.538989e+01 -3.139488e+01  7.950000e-01
     vertex  3.538989e+01 -3.138149e+01  7.976642e-01
   endloop
 endfacet
 facet normal  0.000000e+00  5.555702e-01 -8.314696e-01
   outer loop
     vertex  3.588989e+01 -3.137013e+01  8.052513e-01
     vertex  3.538989e+01 -3.138149e+01  7.976642e-01
     vertex  3.538989e+01 -3.137013e+01  8.052513e-01
   endloop
 endfacet
 facet normal  0.000000e+00  5.555702e-01 -8.314696e-01
   outer loop
     vertex  3.588989e+01 -3.137013e+01  8.052513e-01
     vertex  3.588989e+01 -3.138149e+01  7.976642e-01
     vertex  3.538989e+01 -3.138149e+01  7.976642e-01
   endloop
 endfacet
 facet normal  0.000000e+00  8.314696e-01 -5.555702e-01
   outer loop
     vertex  3.588989e+01 -3.136254e+01  8.166061e-01
     vertex  3.538989e+01 -3.137013e+01  8.052513e-01
     vertex  3.538989e+01 -3.136254e+01  8.166061e-01
   endloop
 endfacet
 facet normal  0.000000e+00  8.314696e-01 -5.555702e-01
   outer loop
     vertex  3.588989e+01 -3.136254e+01  8.166061e-01
     vertex  3.588989e+01 -3.137013e+01  8.052513e-01
     vertex  3.538989e+01 -3.137013e+01  8.052513e-01
   endloop
 endfacet
 facet normal  0.000000e+00  9.807853e-01 -1.950903e-01
   outer loop
     vertex  3.588989e+01 -3.135988e+01  8.300000e-01
     vertex  3.538989e+01 -3.136254e+01  8.166061e-01
     vertex  3.538989e+01 -3.135988e+01  8.300000e-01
   endloop
 endfacet
 facet normal  0.000000e+00  9.807853e-01 -1.950903e-01
   outer loop
     vertex  3.588989e+01 -3.135988e+01  8.300000e-01
     vertex  3.588989e+01 -3.136254e+01  8.166061e-01
     vertex  3.538989e+01 -3.136254e+01  8.166061e-01
   endloop
 endfacet
 facet normal  0.000000e+00  0.000000e+00 -1.000000e+00
   outer loop
     vertex  3.588989e+01 -3.152488e+01  7.950000e-01
     vertex  3.538989e+01 -3.139488e+01  7.950000e-01
     vertex  3.588989e+01 -3.139488e+01  7.950000e-01
   endloop
 endfacet
 facet normal  0.000000e+00  0.000000e+00 -1.000000e+00
   outer loop
     vertex  3.588989e+01 -3.152488e+01  7.950000e-01
     vertex  3.538989e+01 -3.152488e+01  7.950000e-01
     vertex  3.538989e+01 -3.139488e+01  7.950000e-01
   endloop
 endfacet
 facet normal -0.000000e+00 -9.807853e-01 -1.950903e-01
   outer loop
     vertex  3.588989e+01 -3.155721e+01  8.166061e-01
     vertex  3.538989e+01 -3.155988e+01  8.300000e-01
     vertex  3.538989e+01 -3.155721e+01  8.166061e-01
   endloop
 endfacet
 facet normal  0.000000e+00 -9.807853e-01 -1.950903e-01
   outer loop
     vertex  3.588989e+01 -3.155721e+01  8.166061e-01
     vertex  3.588989e+01 -3.155988e+01  8.300000e-01
     vertex  3.538989e+01 -3.155988e+01  8.300000e-01
   endloop
 endfacet
 facet normal -0.000000e+00 -8.314696e-01 -5.555702e-01
   outer loop
     vertex  3.588989e+01 -3.154963e+01  8.052513e-01
     vertex  3.538989e+01 -3.155721e+01  8.166061e-01
     vertex  3.538989e+01 -3.154963e+01  8.052513e-01
   endloop
 endfacet
 facet normal  0.000000e+00 -8.314696e-01 -5.555702e-01
   outer loop
     vertex  3.588989e+01 -3.154963e+01  8.052513e-01
     vertex  3.588989e+01 -3.155721e+01  8.166061e-01
     vertex  3.538989e+01 -3.155721e+01  8.166061e-01
   endloop
 endfacet
 facet normal -0.000000e+00 -5.555702e-01 -8.314696e-01
   outer loop
     vertex  3.588989e+01 -3.153827e+01  7.976642e-01
     vertex  3.538989e+01 -3.154963e+01  8.052513e-01
     vertex  3.538989e+01 -3.153827e+01  7.976642e-01
   endloop
 endfacet
 facet normal  0.000000e+00 -5.555702e-01 -8.314696e-01
   outer loop
     vertex  3.588989e+01 -3.153827e+01  7.976642e-01
     vertex  3.588989e+01 -3.154963e+01  8.052513e-01
     vertex  3.538989e+01 -3.154963e+01  8.052513e-01
   endloop
 endfacet
 facet normal -0.000000e+00 -1.950903e-01 -9.807853e-01
   outer loop
     vertex  3.588989e+01 -3.152488e+01  7.950000e-01
     vertex  3.538989e+01 -3.153827e+01  7.976642e-01
     vertex  3.538989e+01 -3.152488e+01  7.950000e-01
   endloop
 endfacet
 facet normal  0.000000e+00 -1.950903e-01 -9.807853e-01
   outer loop
     vertex  3.588989e+01 -3.152488e+01  7.950000e-01
     vertex  3.588989e+01 -3.153827e+01  7.976642e-01
     vertex  3.538989e+01 -3.153827e+01  7.976642e-01
   endloop
 endfacet
 facet normal  0.000000e+00 -1.000000e+00  0.000000e+00
   outer loop
     vertex  3.538989e+01 -3.155988e+01  1.110000e+00
     vertex  3.538989e+01 -3.155988e+01  8.300000e-01
     vertex  3.588989e+01 -3.155988e+01  8.300000e-01
   endloop
 endfacet
 facet normal  0.000000e+00 -1.000000e+00  0.000000e+00
   outer loop
     vertex  3.538989e+01 -3.155988e+01  1.110000e+00
     vertex  3.588989e+01 -3.155988e+01  8.300000e-01
     vertex  3.588989e+01 -3.155988e+01  1.110000e+00
   endloop
 endfacet
 facet normal  0.000000e+00 -1.950903e-01  9.807853e-01
   outer loop
     vertex  3.588989e+01 -3.153827e+01  1.142336e+00
     vertex  3.588989e+01 -3.152488e+01  1.145000e+00
     vertex  3.538989e+01 -3.152488e+01  1.145000e+00
   endloop
 endfacet
 facet normal  0.000000e+00 -1.950903e-01  9.807853e-01
   outer loop
     vertex  3.588989e+01 -3.153827e+01  1.142336e+00
     vertex  3.538989e+01 -3.152488e+01  1.145000e+00
     vertex  3.538989e+01 -3.153827e+01  1.142336e+00
   endloop
 endfacet
 facet normal  0.000000e+00 -5.555702e-01  8.314696e-01
   outer loop
     vertex  3.588989e+01 -3.154963e+01  1.134749e+00
     vertex  3.538989e+01 -3.153827e+01  1.142336e+00
     vertex  3.538989e+01 -3.154963e+01  1.134749e+00
   endloop
 endfacet
 facet normal  0.000000e+00 -5.555702e-01  8.314696e-01
   outer loop
     vertex  3.588989e+01 -3.154963e+01  1.134749e+00
     vertex  3.588989e+01 -3.153827e+01  1.142336e+00
     vertex  3.538989e+01 -3.153827e+01  1.142336e+00
   endloop
 endfacet
 facet normal  0.000000e+00 -8.314696e-01  5.555702e-01
   outer loop
     vertex  3.588989e+01 -3.155721e+01  1.123394e+00
     vertex  3.538989e+01 -3.154963e+01  1.134749e+00
     vertex  3.538989e+01 -3.155721e+01  1.123394e+00
   endloop
 endfacet
 facet normal  0.000000e+00 -8.314696e-01  5.555702e-01
   outer loop
     vertex  3.588989e+01 -3.155721e+01  1.123394e+00
     vertex  3.588989e+01 -3.154963e+01  1.134749e+00
     vertex  3.538989e+01 -3.154963e+01  1.134749e+00
   endloop
 endfacet
 facet normal  0.000000e+00 -9.807853e-01  1.950903e-01
   outer loop
     vertex  3.588989e+01 -3.155988e+01  1.110000e+00
     vertex  3.538989e+01 -3.155721e+01  1.123394e+00
     vertex  3.538989e+01 -3.155988e+01  1.110000e+00
   endloop
 endfacet
 facet normal  0.000000e+00 -9.807853e-01  1.950903e-01
   outer loop
     vertex  3.588989e+01 -3.155988e+01  1.110000e+00
     vertex  3.588989e+01 -3.155721e+01  1.123394e+00
     vertex  3.538989e+01 -3.155721e+01  1.123394e+00
   endloop
 endfacet
 facet normal  0.000000e+00 -0.000000e+00  1.000000e+00
   outer loop
     vertex  3.588989e+01 -3.152488e+01  1.145000e+00
     vertex  3.588989e+01 -3.139488e+01  1.145000e+00
     vertex  3.538989e+01 -3.139488e+01  1.145000e+00
   endloop
 endfacet
 facet normal  0.000000e+00  0.000000e+00  1.000000e+00
   outer loop
     vertex  3.588989e+01 -3.152488e+01  1.145000e+00
     vertex  3.538989e+01 -3.139488e+01  1.145000e+00
     vertex  3.538989e+01 -3.152488e+01  1.145000e+00
   endloop
 endfacet
 facet normal  0.000000e+00  9.807853e-01  1.950903e-01
   outer loop
     vertex  3.588989e+01 -3.136254e+01  1.123394e+00
     vertex  3.538989e+01 -3.135988e+01  1.110000e+00
     vertex  3.538989e+01 -3.136254e+01  1.123394e+00
   endloop
 endfacet
 facet normal  0.000000e+00  9.807853e-01  1.950903e-01
   outer loop
     vertex  3.588989e+01 -3.136254e+01  1.123394e+00
     vertex  3.588989e+01 -3.135988e+01  1.110000e+00
     vertex  3.538989e+01 -3.135988e+01  1.110000e+00
   endloop
 endfacet
 facet normal  0.000000e+00  8.314696e-01  5.555702e-01
   outer loop
     vertex  3.588989e+01 -3.137013e+01  1.134749e+00
     vertex  3.538989e+01 -3.136254e+01  1.123394e+00
     vertex  3.538989e+01 -3.137013e+01  1.134749e+00
   endloop
 endfacet
 facet normal  0.000000e+00  8.314696e-01  5.555702e-01
   outer loop
     vertex  3.588989e+01 -3.137013e+01  1.134749e+00
     vertex  3.588989e+01 -3.136254e+01  1.123394e+00
     vertex  3.538989e+01 -3.136254e+01  1.123394e+00
   endloop
 endfacet
 facet normal  0.000000e+00  5.555702e-01  8.314696e-01
   outer loop
     vertex  3.588989e+01 -3.138149e+01  1.142336e+00
     vertex  3.538989e+01 -3.137013e+01  1.134749e+00
     vertex  3.538989e+01 -3.138149e+01  1.142336e+00
   endloop
 endfacet
 facet normal  0.000000e+00  5.555702e-01  8.314696e-01
   outer loop
     vertex  3.588989e+01 -3.138149e+01  1.142336e+00
     vertex  3.588989e+01 -3.137013e+01  1.134749e+00
     vertex  3.538989e+01 -3.137013e+01  1.134749e+00
   endloop
 endfacet
 facet normal  0.000000e+00  1.950903e-01  9.807853e-01
   outer loop
     vertex  3.588989e+01 -3.139488e+01  1.145000e+00
     vertex  3.538989e+01 -3.138149e+01  1.142336e+00
     vertex  3.538989e+01 -3.139488e+01  1.145000e+00
   endloop
 endfacet
 facet normal  0.000000e+00  1.950903e-01  9.807853e-01
   outer loop
     vertex  3.588989e+01 -3.139488e+01  1.145000e+00
     vertex  3.588989e+01 -3.138149e+01  1.142336e+00
     vertex  3.538989e+01 -3.138149e+01  1.142336e+00
   endloop
 endfacet
 facet normal  0.000000e+00 -1.000000e+00  0.000000e+00
   outer loop
     vertex  3.538989e+01 -3.135988e+01  1.145000e+00
     vertex  3.538989e+01 -3.135988e+01  1.110000e+00
     vertex  3.588989e+01 -3.135988e+01  1.110000e+00
   endloop
 endfacet
 facet normal  0.000000e+00 -1.000000e+00  0.000000e+00
   outer loop
     vertex  3.538989e+01 -3.135988e+01  1.145000e+00
     vertex  3.588989e+01 -3.135988e+01  1.110000e+00
     vertex  3.588989e+01 -3.135988e+01  1.145000e+00
   endloop
 endfacet
 facet normal  0.000000e+00 -0.000000e+00  1.000000e+00
   outer loop
     vertex  3.588989e+01 -3.135988e+01  1.145000e+00
     vertex  3.588989e+01 -3.075988e+01  1.145000e+00
     vertex  3.538989e+01 -3.075988e+01  1.145000e+00
   endloop
 endfacet
 facet normal  0.000000e+00  0.000000e+00  1.000000e+00
   outer loop
     vertex  3.588989e+01 -3.135988e+01  1.145000e+00
     vertex  3.538989e+01 -3.075988e+01  1.145000e+00
     vertex  3.538989e+01 -3.135988e+01  1.145000e+00
   endloop
 endfacet
 facet normal -7.071068e-01  7.071068e-01  0.000000e+00
   outer loop
     vertex  2.932989e+01 -2.720388e+01  7.950000e-01
     vertex  2.958389e+01 -2.694988e+01  3.335000e+00
     vertex  2.958389e+01 -2.694988e+01  7.950000e-01
   endloop
 endfacet
 facet normal -7.071068e-01  7.071068e-01  0.000000e+00
   outer loop
     vertex  2.932989e+01 -2.720388e+01  7.950000e-01
     vertex  2.932989e+01 -2.720388e+01  3.335000e+00
     vertex  2.958389e+01 -2.694988e+01  3.335000e+00
   endloop
 endfacet
 facet normal  0.000000e+00  1.000000e+00  0.000000e+00
   outer loop
     vertex  2.958389e+01 -2.694988e+01  7.950000e-01
     vertex  3.161589e+01 -2.694988e+01  3.335000e+00
     vertex  3.161589e+01 -2.694988e+01  7.950000e-01
   endloop
 endfacet
 facet normal  0.000000e+00  1.000000e+00  0.000000e+00
   outer loop
     vertex  2.958389e+01 -2.694988e+01  7.950000e-01
     vertex  2.958389e+01 -2.694988e+01  3.335000e+00
     vertex  3.161589e+01 -2.694988e+01  3.335000e+00
   endloop
 endfacet
 facet normal -1.000000e+00  0.000000e+00  0.000000e+00
   outer loop
     vertex  2.932989e+01 -2.923588e+01  7.950000e-01
     vertex  2.932989e+01 -2.720388e+01  3.335000e+00
     vertex  2.932989e+01 -2.720388e+01  7.950000e-01
   endloop
 endfacet
 facet normal -1.000000e+00  0.000000e+00  0.000000e+00
   outer loop
     vertex  2.932989e+01 -2.923588e+01  7.950000e-01
     vertex  2.932989e+01 -2.923588e+01  3.335000e+00
     vertex  2.932989e+01 -2.720388e+01  3.335000e+00
   endloop
 endfacet
 facet normal  0.000000e+00  0.000000e+00 -1.000000e+00
   outer loop
     vertex  3.027989e+01 -3.107988e+01  7.950000e-01
     vertex  2.958389e+01 -3.202988e+01  7.950000e-01
     vertex  2.932989e+01 -3.177588e+01  7.950000e-01
   endloop
 endfacet
 facet normal -0.000000e+00  0.000000e+00 -1.000000e+00
   outer loop
     vertex  3.027989e+01 -3.043988e+01  7.950000e-01
     vertex  2.932989e+01 -3.177588e+01  7.950000e-01
     vertex  2.932989e+01 -2.974388e+01  7.950000e-01
   endloop
 endfacet
 facet normal  0.000000e+00 -0.000000e+00 -1.000000e+00
   outer loop
     vertex  3.027989e+01 -3.043988e+01  7.950000e-01
     vertex  3.027989e+01 -3.107988e+01  7.950000e-01
     vertex  2.932989e+01 -3.177588e+01  7.950000e-01
   endloop
 endfacet
 facet normal  0.000000e+00 -0.000000e+00 -1.000000e+00
   outer loop
     vertex  3.091989e+01 -3.107988e+01  7.950000e-01
     vertex  3.161589e+01 -3.202988e+01  7.950000e-01
     vertex  2.958389e+01 -3.202988e+01  7.950000e-01
   endloop
 endfacet
 facet normal -0.000000e+00  0.000000e+00 -1.000000e+00
   outer loop
     vertex  3.091989e+01 -3.107988e+01  7.950000e-01
     vertex  2.958389e+01 -3.202988e+01  7.950000e-01
     vertex  3.027989e+01 -3.107988e+01  7.950000e-01
   endloop
 endfacet
 facet normal -0.000000e+00  0.000000e+00 -1.000000e+00
   outer loop
     vertex  3.186989e+01 -3.177588e+01  7.950000e-01
     vertex  3.161589e+01 -3.202988e+01  7.950000e-01
     vertex  3.091989e+01 -3.107988e+01  7.950000e-01
   endloop
 endfacet
 facet normal  0.000000e+00 -0.000000e+00 -1.000000e+00
   outer loop
     vertex  2.958389e+01 -2.948988e+01  7.950000e-01
     vertex  3.027989e+01 -3.043988e+01  7.950000e-01
     vertex  2.932989e+01 -2.974388e+01  7.950000e-01
   endloop
 endfacet
 facet normal  0.000000e+00  0.000000e+00 -1.000000e+00
   outer loop
     vertex  3.027989e+01 -2.853988e+01  7.950000e-01
     vertex  2.958389e+01 -2.948988e+01  7.950000e-01
     vertex  2.932989e+01 -2.923588e+01  7.950000e-01
   endloop
 endfacet
 facet normal  0.000000e+00 -0.000000e+00 -1.000000e+00
   outer loop
     vertex  3.027989e+01 -2.853988e+01  7.950000e-01
     vertex  3.027989e+01 -3.043988e+01  7.950000e-01
     vertex  2.958389e+01 -2.948988e+01  7.950000e-01
   endloop
 endfacet
 facet normal  0.000000e+00  0.000000e+00 -1.000000e+00
   outer loop
     vertex  3.186989e+01 -2.974388e+01  7.950000e-01
     vertex  3.091989e+01 -3.107988e+01  7.950000e-01
     vertex  3.091989e+01 -3.043988e+01  7.950000e-01
   endloop
 endfacet
 facet normal  0.000000e+00 -0.000000e+00 -1.000000e+00
   outer loop
     vertex  3.186989e+01 -2.974388e+01  7.950000e-01
     vertex  3.186989e+01 -3.177588e+01  7.950000e-01
     vertex  3.091989e+01 -3.107988e+01  7.950000e-01
   endloop
 endfacet
 facet normal  0.000000e+00 -0.000000e+00 -1.000000e+00
   outer loop
     vertex  3.161589e+01 -2.948988e+01  7.950000e-01
     vertex  3.186989e+01 -2.974388e+01  7.950000e-01
     vertex  3.091989e+01 -3.043988e+01  7.950000e-01
   endloop
 endfacet
 facet normal -0.000000e+00  0.000000e+00 -1.000000e+00
   outer loop
     vertex  3.027989e+01 -2.789988e+01  7.950000e-01
     vertex  2.932989e+01 -2.923588e+01  7.950000e-01
     vertex  2.932989e+01 -2.720388e+01  7.950000e-01
   endloop
 endfacet
 facet normal  0.000000e+00 -0.000000e+00 -1.000000e+00
   outer loop
     vertex  3.027989e+01 -2.789988e+01  7.950000e-01
     vertex  3.027989e+01 -2.853988e+01  7.950000e-01
     vertex  2.932989e+01 -2.923588e+01  7.950000e-01
   endloop
 endfacet
 facet normal  0.000000e+00 -0.000000e+00 -1.000000e+00
   outer loop
     vertex  3.091989e+01 -2.853988e+01  7.950000e-01
     vertex  3.091989e+01 -3.043988e+01  7.950000e-01
     vertex  3.027989e+01 -3.043988e+01  7.950000e-01
   endloop
 endfacet
 facet normal -0.000000e+00  0.000000e+00 -1.000000e+00
   outer loop
     vertex  3.091989e+01 -2.853988e+01  7.950000e-01
     vertex  3.027989e+01 -3.043988e+01  7.950000e-01
     vertex  3.027989e+01 -2.853988e+01  7.950000e-01
   endloop
 endfacet
 facet normal  0.000000e+00  0.000000e+00 -1.000000e+00
   outer loop
     vertex  3.091989e+01 -2.853988e+01  7.950000e-01
     vertex  3.161589e+01 -2.948988e+01  7.950000e-01
     vertex  3.091989e+01 -3.043988e+01  7.950000e-01
   endloop
 endfacet
 facet normal -0.000000e+00  0.000000e+00 -1.000000e+00
   outer loop
     vertex  3.186989e+01 -2.923588e+01  7.950000e-01
     vertex  3.161589e+01 -2.948988e+01  7.950000e-01
     vertex  3.091989e+01 -2.853988e+01  7.950000e-01
   endloop
 endfacet
 facet normal  0.000000e+00 -0.000000e+00 -1.000000e+00
   outer loop
     vertex  2.958389e+01 -2.694988e+01  7.950000e-01
     vertex  3.027989e+01 -2.789988e+01  7.950000e-01
     vertex  2.932989e+01 -2.720388e+01  7.950000e-01
   endloop
 endfacet
 facet normal  0.000000e+00  0.000000e+00 -1.000000e+00
   outer loop
     vertex  3.186989e+01 -2.720388e+01  7.950000e-01
     vertex  3.091989e+01 -2.853988e+01  7.950000e-01
     vertex  3.091989e+01 -2.789988e+01  7.950000e-01
   endloop
 endfacet
 facet normal  0.000000e+00 -0.000000e+00 -1.000000e+00
   outer loop
     vertex  3.186989e+01 -2.720388e+01  7.950000e-01
     vertex  3.186989e+01 -2.923588e+01  7.950000e-01
     vertex  3.091989e+01 -2.853988e+01  7.950000e-01
   endloop
 endfacet
 facet normal  0.000000e+00  0.000000e+00 -1.000000e+00
   outer loop
     vertex  3.161589e+01 -2.694988e+01  7.950000e-01
     vertex  3.091989e+01 -2.789988e+01  7.950000e-01
     vertex  3.027989e+01 -2.789988e+01  7.950000e-01
   endloop
 endfacet
 facet normal  0.000000e+00 -0.000000e+00 -1.000000e+00
   outer loop
     vertex  3.161589e+01 -2.694988e+01  7.950000e-01
     vertex  3.186989e+01 -2.720388e+01  7.950000e-01
     vertex  3.091989e+01 -2.789988e+01  7.950000e-01
   endloop
 endfacet
 facet normal -0.000000e+00  0.000000e+00 -1.000000e+00
   outer loop
     vertex  3.161589e+01 -2.694988e+01  7.950000e-01
     vertex  3.027989e+01 -2.789988e+01  7.950000e-01
     vertex  2.958389e+01 -2.694988e+01  7.950000e-01
   endloop
 endfacet
 facet normal  0.000000e+00  0.000000e+00  1.000000e+00
   outer loop
     vertex  3.027989e+01 -3.107988e+01  3.335000e+00
     vertex  2.932989e+01 -3.177588e+01  3.335000e+00
     vertex  2.958389e+01 -3.202988e+01  3.335000e+00
   endloop
 endfacet
 facet normal  0.000000e+00  0.000000e+00  1.000000e+00
   outer loop
     vertex  3.027989e+01 -3.043988e+01  3.335000e+00
     vertex  2.932989e+01 -2.974388e+01  3.335000e+00
     vertex  2.932989e+01 -3.177588e+01  3.335000e+00
   endloop
 endfacet
 facet normal  0.000000e+00  0.000000e+00  1.000000e+00
   outer loop
     vertex  3.027989e+01 -3.043988e+01  3.335000e+00
     vertex  2.932989e+01 -3.177588e+01  3.335000e+00
     vertex  3.027989e+01 -3.107988e+01  3.335000e+00
   endloop
 endfacet
 facet normal  0.000000e+00  0.000000e+00  1.000000e+00
   outer loop
     vertex  3.091989e+01 -3.107988e+01  3.335000e+00
     vertex  2.958389e+01 -3.202988e+01  3.335000e+00
     vertex  3.161589e+01 -3.202988e+01  3.335000e+00
   endloop
 endfacet
 facet normal  0.000000e+00  0.000000e+00  1.000000e+00
   outer loop
     vertex  3.091989e+01 -3.107988e+01  3.335000e+00
     vertex  3.027989e+01 -3.107988e+01  3.335000e+00
     vertex  2.958389e+01 -3.202988e+01  3.335000e+00
   endloop
 endfacet
 facet normal  0.000000e+00  0.000000e+00  1.000000e+00
   outer loop
     vertex  3.186989e+01 -3.177588e+01  3.335000e+00
     vertex  3.091989e+01 -3.107988e+01  3.335000e+00
     vertex  3.161589e+01 -3.202988e+01  3.335000e+00
   endloop
 endfacet
 facet normal  0.000000e+00  0.000000e+00  1.000000e+00
   outer loop
     vertex  2.958389e+01 -2.948988e+01  3.335000e+00
     vertex  2.932989e+01 -2.974388e+01  3.335000e+00
     vertex  3.027989e+01 -3.043988e+01  3.335000e+00
   endloop
 endfacet
 facet normal  0.000000e+00  0.000000e+00  1.000000e+00
   outer loop
     vertex  3.027989e+01 -2.853988e+01  3.335000e+00
     vertex  2.932989e+01 -2.923588e+01  3.335000e+00
     vertex  2.958389e+01 -2.948988e+01  3.335000e+00
   endloop
 endfacet
 facet normal  0.000000e+00  0.000000e+00  1.000000e+00
   outer loop
     vertex  3.027989e+01 -2.853988e+01  3.335000e+00
     vertex  2.958389e+01 -2.948988e+01  3.335000e+00
     vertex  3.027989e+01 -3.043988e+01  3.335000e+00
   endloop
 endfacet
 facet normal  0.000000e+00  0.000000e+00  1.000000e+00
   outer loop
     vertex  3.186989e+01 -2.974388e+01  3.335000e+00
     vertex  3.091989e+01 -3.043988e+01  3.335000e+00
     vertex  3.091989e+01 -3.107988e+01  3.335000e+00
   endloop
 endfacet
 facet normal  0.000000e+00  0.000000e+00  1.000000e+00
   outer loop
     vertex  3.186989e+01 -2.974388e+01  3.335000e+00
     vertex  3.091989e+01 -3.107988e+01  3.335000e+00
     vertex  3.186989e+01 -3.177588e+01  3.335000e+00
   endloop
 endfacet
 facet normal  0.000000e+00  0.000000e+00  1.000000e+00
   outer loop
     vertex  3.161589e+01 -2.948988e+01  3.335000e+00
     vertex  3.091989e+01 -3.043988e+01  3.335000e+00
     vertex  3.186989e+01 -2.974388e+01  3.335000e+00
   endloop
 endfacet
 facet normal  0.000000e+00  0.000000e+00  1.000000e+00
   outer loop
     vertex  3.027989e+01 -2.789988e+01  3.335000e+00
     vertex  2.932989e+01 -2.720388e+01  3.335000e+00
     vertex  2.932989e+01 -2.923588e+01  3.335000e+00
   endloop
 endfacet
 facet normal  0.000000e+00  0.000000e+00  1.000000e+00
   outer loop
     vertex  3.027989e+01 -2.789988e+01  3.335000e+00
     vertex  2.932989e+01 -2.923588e+01  3.335000e+00
     vertex  3.027989e+01 -2.853988e+01  3.335000e+00
   endloop
 endfacet
 facet normal  0.000000e+00  0.000000e+00  1.000000e+00
   outer loop
     vertex  3.091989e+01 -2.853988e+01  3.335000e+00
     vertex  3.027989e+01 -3.043988e+01  3.335000e+00
     vertex  3.091989e+01 -3.043988e+01  3.335000e+00
   endloop
 endfacet
 facet normal  0.000000e+00  0.000000e+00  1.000000e+00
   outer loop
     vertex  3.091989e+01 -2.853988e+01  3.335000e+00
     vertex  3.027989e+01 -2.853988e+01  3.335000e+00
     vertex  3.027989e+01 -3.043988e+01  3.335000e+00
   endloop
 endfacet
 facet normal  0.000000e+00  0.000000e+00  1.000000e+00
   outer loop
     vertex  3.091989e+01 -2.853988e+01  3.335000e+00
     vertex  3.091989e+01 -3.043988e+01  3.335000e+00
     vertex  3.161589e+01 -2.948988e+01  3.335000e+00
   endloop
 endfacet
 facet normal  0.000000e+00  0.000000e+00  1.000000e+00
   outer loop
     vertex  3.186989e+01 -2.923588e+01  3.335000e+00
     vertex  3.091989e+01 -2.853988e+01  3.335000e+00
     vertex  3.161589e+01 -2.948988e+01  3.335000e+00
   endloop
 endfacet
 facet normal  0.000000e+00  0.000000e+00  1.000000e+00
   outer loop
     vertex  2.958389e+01 -2.694988e+01  3.335000e+00
     vertex  2.932989e+01 -2.720388e+01  3.335000e+00
     vertex  3.027989e+01 -2.789988e+01  3.335000e+00
   endloop
 endfacet
 facet normal  0.000000e+00  0.000000e+00  1.000000e+00
   outer loop
     vertex  3.186989e+01 -2.720388e+01  3.335000e+00
     vertex  3.091989e+01 -2.789988e+01  3.335000e+00
     vertex  3.091989e+01 -2.853988e+01  3.335000e+00
   endloop
 endfacet
 facet normal  0.000000e+00  0.000000e+00  1.000000e+00
   outer loop
     vertex  3.186989e+01 -2.720388e+01  3.335000e+00
     vertex  3.091989e+01 -2.853988e+01  3.335000e+00
     vertex  3.186989e+01 -2.923588e+01  3.335000e+00
   endloop
 endfacet
 facet normal  0.000000e+00  0.000000e+00  1.000000e+00
   outer loop
     vertex  3.161589e+01 -2.694988e+01  3.335000e+00
     vertex  3.027989e+01 -2.789988e+01  3.335000e+00
     vertex  3.091989e+01 -2.789988e+01  3.335000e+00
   endloop
 endfacet
 facet normal  0.000000e+00  0.000000e+00  1.000000e+00
   outer loop
     vertex  3.161589e+01 -2.694988e+01  3.335000e+00
     vertex  3.091989e+01 -2.789988e+01  3.335000e+00
     vertex  3.186989e+01 -2.720388e+01  3.335000e+00
   endloop
 endfacet
 facet normal  0.000000e+00  0.000000e+00  1.000000e+00
   outer loop
     vertex  3.161589e+01 -2.694988e+01  3.335000e+00
     vertex  2.958389e+01 -2.694988e+01  3.335000e+00
     vertex  3.027989e+01 -2.789988e+01  3.335000e+00
   endloop
 endfacet
 facet normal  7.071068e-01  7.071068e-01  0.000000e+00
   outer loop
     vertex  3.161589e+01 -2.694988e+01  7.950000e-01
     vertex  3.186989e+01 -2.720388e+01  3.335000e+00
     vertex  3.186989e+01 -2.720388e+01  7.950000e-01
   endloop
 endfacet
 facet normal  7.071068e-01  7.071068e-01 -0.000000e+00
   outer loop
     vertex  3.161589e+01 -2.694988e+01  7.950000e-01
     vertex  3.161589e+01 -2.694988e+01  3.335000e+00
     vertex  3.186989e+01 -2.720388e+01  3.335000e+00
   endloop
 endfacet
 facet normal -7.071068e-01 -7.071068e-01  0.000000e+00
   outer loop
     vertex  2.958389e+01 -2.948988e+01  7.950000e-01
     vertex  2.932989e+01 -2.923588e+01  3.335000e+00
     vertex  2.932989e+01 -2.923588e+01  7.950000e-01
   endloop
 endfacet
 facet normal -7.071068e-01 -7.071068e-01  0.000000e+00
   outer loop
     vertex  2.958389e+01 -2.948988e+01  7.950000e-01
     vertex  2.958389e+01 -2.948988e+01  3.335000e+00
     vertex  2.932989e+01 -2.923588e+01  3.335000e+00
   endloop
 endfacet
 facet normal  1.000000e+00  0.000000e+00  0.000000e+00
   outer loop
     vertex  3.186989e+01 -2.720388e+01  7.950000e-01
     vertex  3.186989e+01 -2.923588e+01  3.335000e+00
     vertex  3.186989e+01 -2.923588e+01  7.950000e-01
   endloop
 endfacet
 facet normal  1.000000e+00  0.000000e+00 -0.000000e+00
   outer loop
     vertex  3.186989e+01 -2.720388e+01  7.950000e-01
     vertex  3.186989e+01 -2.720388e+01  3.335000e+00
     vertex  3.186989e+01 -2.923588e+01  3.335000e+00
   endloop
 endfacet
 facet normal -7.071068e-01  7.071068e-01  0.000000e+00
   outer loop
     vertex  2.932989e+01 -2.974388e+01  7.950000e-01
     vertex  2.958389e+01 -2.948988e+01  3.335000e+00
     vertex  2.958389e+01 -2.948988e+01  7.950000e-01
   endloop
 endfacet
 facet normal -7.071068e-01  7.071068e-01  0.000000e+00
   outer loop
     vertex  2.932989e+01 -2.974388e+01  7.950000e-01
     vertex  2.932989e+01 -2.974388e+01  3.335000e+00
     vertex  2.958389e+01 -2.948988e+01  3.335000e+00
   endloop
 endfacet
 facet normal  7.071068e-01 -7.071068e-01  0.000000e+00
   outer loop
     vertex  3.186989e+01 -2.923588e+01  7.950000e-01
     vertex  3.161589e+01 -2.948988e+01  3.335000e+00
     vertex  3.161589e+01 -2.948988e+01  7.950000e-01
   endloop
 endfacet
 facet normal  7.071068e-01 -7.071068e-01  0.000000e+00
   outer loop
     vertex  3.186989e+01 -2.923588e+01  7.950000e-01
     vertex  3.186989e+01 -2.923588e+01  3.335000e+00
     vertex  3.161589e+01 -2.948988e+01  3.335000e+00
   endloop
 endfacet
 facet normal -1.000000e+00  0.000000e+00  0.000000e+00
   outer loop
     vertex  2.932989e+01 -3.177588e+01  7.950000e-01
     vertex  2.932989e+01 -2.974388e+01  3.335000e+00
     vertex  2.932989e+01 -2.974388e+01  7.950000e-01
   endloop
 endfacet
 facet normal -1.000000e+00  0.000000e+00  0.000000e+00
   outer loop
     vertex  2.932989e+01 -3.177588e+01  7.950000e-01
     vertex  2.932989e+01 -3.177588e+01  3.335000e+00
     vertex  2.932989e+01 -2.974388e+01  3.335000e+00
   endloop
 endfacet
 facet normal  7.071068e-01  7.071068e-01  0.000000e+00
   outer loop
     vertex  3.161589e+01 -2.948988e+01  7.950000e-01
     vertex  3.186989e+01 -2.974388e+01  3.335000e+00
     vertex  3.186989e+01 -2.974388e+01  7.950000e-01
   endloop
 endfacet
 facet normal  7.071068e-01  7.071068e-01 -0.000000e+00
   outer loop
     vertex  3.161589e+01 -2.948988e+01  7.950000e-01
     vertex  3.161589e+01 -2.948988e+01  3.335000e+00
     vertex  3.186989e+01 -2.974388e+01  3.335000e+00
   endloop
 endfacet
 facet normal -7.071068e-01 -7.071068e-01  0.000000e+00
   outer loop
     vertex  2.958389e+01 -3.202988e+01  7.950000e-01
     vertex  2.932989e+01 -3.177588e+01  3.335000e+00
     vertex  2.932989e+01 -3.177588e+01  7.950000e-01
   endloop
 endfacet
 facet normal -7.071068e-01 -7.071068e-01  0.000000e+00
   outer loop
     vertex  2.958389e+01 -3.202988e+01  7.950000e-01
     vertex  2.958389e+01 -3.202988e+01  3.335000e+00
     vertex  2.932989e+01 -3.177588e+01  3.335000e+00
   endloop
 endfacet
 facet normal  1.000000e+00  0.000000e+00  0.000000e+00
   outer loop
     vertex  3.186989e+01 -2.974388e+01  7.950000e-01
     vertex  3.186989e+01 -3.177588e+01  3.335000e+00
     vertex  3.186989e+01 -3.177588e+01  7.950000e-01
   endloop
 endfacet
 facet normal  1.000000e+00  0.000000e+00 -0.000000e+00
   outer loop
     vertex  3.186989e+01 -2.974388e+01  7.950000e-01
     vertex  3.186989e+01 -2.974388e+01  3.335000e+00
     vertex  3.186989e+01 -3.177588e+01  3.335000e+00
   endloop
 endfacet
 facet normal  0.000000e+00 -1.000000e+00  0.000000e+00
   outer loop
     vertex  3.161589e+01 -3.202988e+01  7.950000e-01
     vertex  2.958389e+01 -3.202988e+01  3.335000e+00
     vertex  2.958389e+01 -3.202988e+01  7.950000e-01
   endloop
 endfacet
 facet normal  0.000000e+00 -1.000000e+00  0.000000e+00
   outer loop
     vertex  3.161589e+01 -3.202988e+01  7.950000e-01
     vertex  3.161589e+01 -3.202988e+01  3.335000e+00
     vertex  2.958389e+01 -3.202988e+01  3.335000e+00
   endloop
 endfacet
 facet normal  7.071068e-01 -7.071068e-01  0.000000e+00
   outer loop
     vertex  3.186989e+01 -3.177588e+01  7.950000e-01
     vertex  3.161589e+01 -3.202988e+01  3.335000e+00
     vertex  3.161589e+01 -3.202988e+01  7.950000e-01
   endloop
 endfacet
 facet normal  7.071068e-01 -7.071068e-01  0.000000e+00
   outer loop
     vertex  3.186989e+01 -3.177588e+01  7.950000e-01
     vertex  3.186989e+01 -3.177588e+01  3.335000e+00
     vertex  3.161589e+01 -3.202988e+01  3.335000e+00
   endloop
 endfacet
 facet normal  0.000000e+00 -1.000000e+00 -0.000000e+00
   outer loop
     vertex  3.091989e+01 -2.853988e+01  7.950000e-01
     vertex  3.027989e+01 -2.853988e+01 -2.045000e+00
     vertex  3.091989e+01 -2.853988e+01 -2.045000e+00
   endloop
 endfacet
 facet normal -0.000000e+00 -1.000000e+00  0.000000e+00
   outer loop
     vertex  3.091989e+01 -2.853988e+01  7.950000e-01
     vertex  3.027989e+01 -2.853988e+01  7.950000e-01
     vertex  3.027989e+01 -2.853988e+01 -2.045000e+00
   endloop
 endfacet
 facet normal  1.000000e+00  0.000000e+00  0.000000e+00
   outer loop
     vertex  3.091989e+01 -2.853988e+01  7.950000e-01
     vertex  3.091989e+01 -2.853988e+01 -2.045000e+00
     vertex  3.091989e+01 -2.789988e+01 -2.045000e+00
   endloop
 endfacet
 facet normal  1.000000e+00 -0.000000e+00  0.000000e+00
   outer loop
     vertex  3.091989e+01 -2.853988e+01  7.950000e-01
     vertex  3.091989e+01 -2.789988e+01 -2.045000e+00
     vertex  3.091989e+01 -2.789988e+01  7.950000e-01
   endloop
 endfacet
 facet normal  0.000000e+00  1.000000e+00  0.000000e+00
   outer loop
     vertex  3.091989e+01 -2.789988e+01  7.950000e-01
     vertex  3.091989e+01 -2.789988e+01 -2.045000e+00
     vertex  3.027989e+01 -2.789988e+01 -2.045000e+00
   endloop
 endfacet
 facet normal  0.000000e+00  1.000000e+00  0.000000e+00
   outer loop
     vertex  3.091989e+01 -2.789988e+01  7.950000e-01
     vertex  3.027989e+01 -2.789988e+01 -2.045000e+00
     vertex  3.027989e+01 -2.789988e+01  7.950000e-01
   endloop
 endfacet
 facet normal -1.000000e+00  0.000000e+00  0.000000e+00
   outer loop
     vertex  3.027989e+01 -2.853988e+01  7.950000e-01
     vertex  3.027989e+01 -2.789988e+01 -2.045000e+00
     vertex  3.027989e+01 -2.853988e+01 -2.045000e+00
   endloop
 endfacet
 facet normal -1.000000e+00  0.000000e+00  0.000000e+00
   outer loop
     vertex  3.027989e+01 -2.853988e+01  7.950000e-01
     vertex  3.027989e+01 -2.789988e+01  7.950000e-01
     vertex  3.027989e+01 -2.789988e+01 -2.045000e+00
   endloop
 endfacet
 facet normal  0.000000e+00 -1.000000e+00 -0.000000e+00
   outer loop
     vertex  3.091989e+01 -3.107988e+01  7.950000e-01
     vertex  3.027989e+01 -3.107988e+01 -2.045000e+00
     vertex  3.091989e+01 -3.107988e+01 -2.045000e+00
   endloop
 endfacet
 facet normal -0.000000e+00 -1.000000e+00  0.000000e+00
   outer loop
     vertex  3.091989e+01 -3.107988e+01  7.950000e-01
     vertex  3.027989e+01 -3.107988e+01  7.950000e-01
     vertex  3.027989e+01 -3.107988e+01 -2.045000e+00
   endloop
 endfacet
 facet normal  1.000000e+00  0.000000e+00  0.000000e+00
   outer loop
     vertex  3.091989e+01 -3.107988e+01  7.950000e-01
     vertex  3.091989e+01 -3.107988e+01 -2.045000e+00
     vertex  3.091989e+01 -3.043988e+01 -2.045000e+00
   endloop
 endfacet
 facet normal  1.000000e+00 -0.000000e+00  0.000000e+00
   outer loop
     vertex  3.091989e+01 -3.107988e+01  7.950000e-01
     vertex  3.091989e+01 -3.043988e+01 -2.045000e+00
     vertex  3.091989e+01 -3.043988e+01  7.950000e-01
   endloop
 endfacet
 facet normal  0.000000e+00  1.000000e+00  0.000000e+00
   outer loop
     vertex  3.091989e+01 -3.043988e+01  7.950000e-01
     vertex  3.091989e+01 -3.043988e+01 -2.045000e+00
     vertex  3.027989e+01 -3.043988e+01 -2.045000e+00
   endloop
 endfacet
 facet normal  0.000000e+00  1.000000e+00  0.000000e+00
   outer loop
     vertex  3.091989e+01 -3.043988e+01  7.950000e-01
     vertex  3.027989e+01 -3.043988e+01 -2.045000e+00
     vertex  3.027989e+01 -3.043988e+01  7.950000e-01
   endloop
 endfacet
 facet normal -1.000000e+00  0.000000e+00  0.000000e+00
   outer loop
     vertex  3.027989e+01 -3.107988e+01  7.950000e-01
     vertex  3.027989e+01 -3.043988e+01 -2.045000e+00
     vertex  3.027989e+01 -3.107988e+01 -2.045000e+00
   endloop
 endfacet
 facet normal -1.000000e+00  0.000000e+00  0.000000e+00
   outer loop
     vertex  3.027989e+01 -3.107988e+01  7.950000e-01
     vertex  3.027989e+01 -3.043988e+01  7.950000e-01
     vertex  3.027989e+01 -3.043988e+01 -2.045000e+00
   endloop
 endfacet
 facet normal  0.000000e+00 -1.000000e+00 -0.000000e+00
   outer loop
     vertex  3.091989e+01 -2.853988e+01  9.175000e+00
     vertex  3.027989e+01 -2.853988e+01  3.335000e+00
     vertex  3.091989e+01 -2.853988e+01  3.335000e+00
   endloop
 endfacet
 facet normal -0.000000e+00 -1.000000e+00  0.000000e+00
   outer loop
     vertex  3.091989e+01 -2.853988e+01  9.175000e+00
     vertex  3.027989e+01 -2.853988e+01  9.175000e+00
     vertex  3.027989e+01 -2.853988e+01  3.335000e+00
   endloop
 endfacet
 facet normal  1.000000e+00  0.000000e+00  0.000000e+00
   outer loop
     vertex  3.091989e+01 -2.853988e+01  9.175000e+00
     vertex  3.091989e+01 -2.853988e+01  3.335000e+00
     vertex  3.091989e+01 -2.789988e+01  3.335000e+00
   endloop
 endfacet
 facet normal  1.000000e+00 -0.000000e+00  0.000000e+00
   outer loop
     vertex  3.091989e+01 -2.853988e+01  9.175000e+00
     vertex  3.091989e+01 -2.789988e+01  3.335000e+00
     vertex  3.091989e+01 -2.789988e+01  9.175000e+00
   endloop
 endfacet
 facet normal  0.000000e+00  1.000000e+00  0.000000e+00
   outer loop
     vertex  3.091989e+01 -2.789988e+01  9.175000e+00
     vertex  3.091989e+01 -2.789988e+01  3.335000e+00
     vertex  3.027989e+01 -2.789988e+01  3.335000e+00
   endloop
 endfacet
 facet normal  0.000000e+00  1.000000e+00  0.000000e+00
   outer loop
     vertex  3.091989e+01 -2.789988e+01  9.175000e+00
     vertex  3.027989e+01 -2.789988e+01  3.335000e+00
     vertex  3.027989e+01 -2.789988e+01  9.175000e+00
   endloop
 endfacet
 facet normal -1.000000e+00  0.000000e+00  0.000000e+00
   outer loop
     vertex  3.027989e+01 -2.853988e+01  9.175000e+00
     vertex  3.027989e+01 -2.789988e+01  3.335000e+00
     vertex  3.027989e+01 -2.853988e+01  3.335000e+00
   endloop
 endfacet
 facet normal -1.000000e+00  0.000000e+00  0.000000e+00
   outer loop
     vertex  3.027989e+01 -2.853988e+01  9.175000e+00
     vertex  3.027989e+01 -2.789988e+01  9.175000e+00
     vertex  3.027989e+01 -2.789988e+01  3.335000e+00
   endloop
 endfacet
 facet normal  0.000000e+00 -1.000000e+00 -0.000000e+00
   outer loop
     vertex  3.091989e+01 -3.107988e+01  9.175000e+00
     vertex  3.027989e+01 -3.107988e+01  3.335000e+00
     vertex  3.091989e+01 -3.107988e+01  3.335000e+00
   endloop
 endfacet
 facet normal -0.000000e+00 -1.000000e+00  0.000000e+00
   outer loop
     vertex  3.091989e+01 -3.107988e+01  9.175000e+00
     vertex  3.027989e+01 -3.107988e+01  9.175000e+00
     vertex  3.027989e+01 -3.107988e+01  3.335000e+00
   endloop
 endfacet
 facet normal  1.000000e+00  0.000000e+00  0.000000e+00
   outer loop
     vertex  3.091989e+01 -3.107988e+01  9.175000e+00
     vertex  3.091989e+01 -3.107988e+01  3.335000e+00
     vertex  3.091989e+01 -3.043988e+01  3.335000e+00
   endloop
 endfacet
 facet normal  1.000000e+00 -0.000000e+00  0.000000e+00
   outer loop
     vertex  3.091989e+01 -3.107988e+01  9.175000e+00
     vertex  3.091989e+01 -3.043988e+01  3.335000e+00
     vertex  3.091989e+01 -3.043988e+01  9.175000e+00
   endloop
 endfacet
 facet normal  0.000000e+00  1.000000e+00  0.000000e+00
   outer loop
     vertex  3.091989e+01 -3.043988e+01  9.175000e+00
     vertex  3.091989e+01 -3.043988e+01  3.335000e+00
     vertex  3.027989e+01 -3.043988e+01  3.335000e+00
   endloop
 endfacet
 facet normal  0.000000e+00  1.000000e+00  0.000000e+00
   outer loop
     vertex  3.091989e+01 -3.043988e+01  9.175000e+00
     vertex  3.027989e+01 -3.043988e+01  3.335000e+00
     vertex  3.027989e+01 -3.043988e+01  9.175000e+00
   endloop
 endfacet
 facet normal -1.000000e+00  0.000000e+00  0.000000e+00
   outer loop
     vertex  3.027989e+01 -3.107988e+01  9.175000e+00
     vertex  3.027989e+01 -3.043988e+01  3.335000e+00
     vertex  3.027989e+01 -3.107988e+01  3.335000e+00
   endloop
 endfacet
 facet normal -1.000000e+00  0.000000e+00  0.000000e+00
   outer loop
     vertex  3.027989e+01 -3.107988e+01  9.175000e+00
     vertex  3.027989e+01 -3.043988e+01  9.175000e+00
     vertex  3.027989e+01 -3.043988e+01  3.335000e+00
   endloop
 endfacet
 facet normal  0.000000e+00 -7.071068e-01 -7.071068e-01
   outer loop
     vertex  3.043989e+01 -2.837988e+01 -2.205000e+00
     vertex  3.075989e+01 -2.837988e+01 -2.205000e+00
     vertex  3.091989e+01 -2.853988e+01 -2.045000e+00
   endloop
 endfacet
 facet normal  0.000000e+00 -7.071068e-01 -7.071068e-01
   outer loop
     vertex  3.043989e+01 -2.837988e+01 -2.205000e+00
     vertex  3.091989e+01 -2.853988e+01 -2.045000e+00
     vertex  3.027989e+01 -2.853988e+01 -2.045000e+00
   endloop
 endfacet
 facet normal  7.071068e-01  0.000000e+00 -7.071068e-01
   outer loop
     vertex  3.075989e+01 -2.805988e+01 -2.205000e+00
     vertex  3.091989e+01 -2.853988e+01 -2.045000e+00
     vertex  3.075989e+01 -2.837988e+01 -2.205000e+00
   endloop
 endfacet
 facet normal  7.071068e-01  0.000000e+00 -7.071068e-01
   outer loop
     vertex  3.075989e+01 -2.805988e+01 -2.205000e+00
     vertex  3.091989e+01 -2.789988e+01 -2.045000e+00
     vertex  3.091989e+01 -2.853988e+01 -2.045000e+00
   endloop
 endfacet
 facet normal  0.000000e+00  7.071068e-01 -7.071068e-01
   outer loop
     vertex  3.043989e+01 -2.805988e+01 -2.205000e+00
     vertex  3.091989e+01 -2.789988e+01 -2.045000e+00
     vertex  3.075989e+01 -2.805988e+01 -2.205000e+00
   endloop
 endfacet
 facet normal  0.000000e+00  7.071068e-01 -7.071068e-01
   outer loop
     vertex  3.043989e+01 -2.805988e+01 -2.205000e+00
     vertex  3.027989e+01 -2.789988e+01 -2.045000e+00
     vertex  3.091989e+01 -2.789988e+01 -2.045000e+00
   endloop
 endfacet
 facet normal -7.071068e-01 -0.000000e+00 -7.071068e-01
   outer loop
     vertex  3.043989e+01 -2.805988e+01 -2.205000e+00
     vertex  3.043989e+01 -2.837988e+01 -2.205000e+00
     vertex  3.027989e+01 -2.853988e+01 -2.045000e+00
   endloop
 endfacet
 facet normal -7.071068e-01  0.000000e+00 -7.071068e-01
   outer loop
     vertex  3.043989e+01 -2.805988e+01 -2.205000e+00
     vertex  3.027989e+01 -2.853988e+01 -2.045000e+00
     vertex  3.027989e+01 -2.789988e+01 -2.045000e+00
   endloop
 endfacet
 facet normal  0.000000e+00 -7.071068e-01 -7.071068e-01
   outer loop
     vertex  3.043989e+01 -3.091988e+01 -2.205000e+00
     vertex  3.075989e+01 -3.091988e+01 -2.205000e+00
     vertex  3.091989e+01 -3.107988e+01 -2.045000e+00
   endloop
 endfacet
 facet normal  0.000000e+00 -7.071068e-01 -7.071068e-01
   outer loop
     vertex  3.043989e+01 -3.091988e+01 -2.205000e+00
     vertex  3.091989e+01 -3.107988e+01 -2.045000e+00
     vertex  3.027989e+01 -3.107988e+01 -2.045000e+00
   endloop
 endfacet
 facet normal  7.071068e-01  0.000000e+00 -7.071068e-01
   outer loop
     vertex  3.091989e+01 -3.043988e+01 -2.045000e+00
     vertex  3.091989e+01 -3.107988e+01 -2.045000e+00
     vertex  3.075989e+01 -3.091988e+01 -2.205000e+00
   endloop
 endfacet
 facet normal  7.071068e-01  0.000000e+00 -7.071068e-01
   outer loop
     vertex  3.075989e+01 -3.059988e+01 -2.205000e+00
     vertex  3.091989e+01 -3.043988e+01 -2.045000e+00
     vertex  3.075989e+01 -3.091988e+01 -2.205000e+00
   endloop
 endfacet
 facet normal  0.000000e+00  7.071068e-01 -7.071068e-01
   outer loop
     vertex  3.043989e+01 -3.059988e+01 -2.205000e+00
     vertex  3.091989e+01 -3.043988e+01 -2.045000e+00
     vertex  3.075989e+01 -3.059988e+01 -2.205000e+00
   endloop
 endfacet
 facet normal  0.000000e+00  7.071068e-01 -7.071068e-01
   outer loop
     vertex  3.043989e+01 -3.059988e+01 -2.205000e+00
     vertex  3.027989e+01 -3.043988e+01 -2.045000e+00
     vertex  3.091989e+01 -3.043988e+01 -2.045000e+00
   endloop
 endfacet
 facet normal -7.071068e-01 -0.000000e+00 -7.071068e-01
   outer loop
     vertex  3.043989e+01 -3.059988e+01 -2.205000e+00
     vertex  3.043989e+01 -3.091988e+01 -2.205000e+00
     vertex  3.027989e+01 -3.107988e+01 -2.045000e+00
   endloop
 endfacet
 facet normal -7.071068e-01  0.000000e+00 -7.071068e-01
   outer loop
     vertex  3.043989e+01 -3.059988e+01 -2.205000e+00
     vertex  3.027989e+01 -3.107988e+01 -2.045000e+00
     vertex  3.027989e+01 -3.043988e+01 -2.045000e+00
   endloop
 endfacet
 facet normal  0.000000e+00 -7.071068e-01  7.071068e-01
   outer loop
     vertex  3.027989e+01 -2.853988e+01  9.175000e+00
     vertex  3.091989e+01 -2.853988e+01  9.175000e+00
     vertex  3.075989e+01 -2.837988e+01  9.335000e+00
   endloop
 endfacet
 facet normal  0.000000e+00 -7.071068e-01  7.071068e-01
   outer loop
     vertex  3.043989e+01 -2.837988e+01  9.335000e+00
     vertex  3.027989e+01 -2.853988e+01  9.175000e+00
     vertex  3.075989e+01 -2.837988e+01  9.335000e+00
   endloop
 endfacet
 facet normal  7.071068e-01  0.000000e+00  7.071068e-01
   outer loop
     vertex  3.075989e+01 -2.805988e+01  9.335000e+00
     vertex  3.075989e+01 -2.837988e+01  9.335000e+00
     vertex  3.091989e+01 -2.853988e+01  9.175000e+00
   endloop
 endfacet
 facet normal  7.071068e-01  0.000000e+00  7.071068e-01
   outer loop
     vertex  3.075989e+01 -2.805988e+01  9.335000e+00
     vertex  3.091989e+01 -2.853988e+01  9.175000e+00
     vertex  3.091989e+01 -2.789988e+01  9.175000e+00
   endloop
 endfacet
 facet normal -0.000000e+00  7.071068e-01  7.071068e-01
   outer loop
     vertex  3.043989e+01 -2.805988e+01  9.335000e+00
     vertex  3.075989e+01 -2.805988e+01  9.335000e+00
     vertex  3.091989e+01 -2.789988e+01  9.175000e+00
   endloop
 endfacet
 facet normal  0.000000e+00  7.071068e-01  7.071068e-01
   outer loop
     vertex  3.043989e+01 -2.805988e+01  9.335000e+00
     vertex  3.091989e+01 -2.789988e+01  9.175000e+00
     vertex  3.027989e+01 -2.789988e+01  9.175000e+00
   endloop
 endfacet
 facet normal -7.071068e-01  0.000000e+00  7.071068e-01
   outer loop
     vertex  3.043989e+01 -2.805988e+01  9.335000e+00
     vertex  3.027989e+01 -2.853988e+01  9.175000e+00
     vertex  3.043989e+01 -2.837988e+01  9.335000e+00
   endloop
 endfacet
 facet normal -7.071068e-01  0.000000e+00  7.071068e-01
   outer loop
     vertex  3.043989e+01 -2.805988e+01  9.335000e+00
     vertex  3.027989e+01 -2.789988e+01  9.175000e+00
     vertex  3.027989e+01 -2.853988e+01  9.175000e+00
   endloop
 endfacet
 facet normal  0.000000e+00 -7.071068e-01  7.071068e-01
   outer loop
     vertex  3.043989e+01 -3.091988e+01  9.335000e+00
     vertex  3.091989e+01 -3.107988e+01  9.175000e+00
     vertex  3.075989e+01 -3.091988e+01  9.335000e+00
   endloop
 endfacet
 facet normal  0.000000e+00 -7.071068e-01  7.071068e-01
   outer loop
     vertex  3.043989e+01 -3.091988e+01  9.335000e+00
     vertex  3.027989e+01 -3.107988e+01  9.175000e+00
     vertex  3.091989e+01 -3.107988e+01  9.175000e+00
   endloop
 endfacet
 facet normal  7.071068e-01  0.000000e+00  7.071068e-01
   outer loop
     vertex  3.091989e+01 -3.043988e+01  9.175000e+00
     vertex  3.075989e+01 -3.091988e+01  9.335000e+00
     vertex  3.091989e+01 -3.107988e+01  9.175000e+00
   endloop
 endfacet
 facet normal  7.071068e-01  0.000000e+00  7.071068e-01
   outer loop
     vertex  3.075989e+01 -3.059988e+01  9.335000e+00
     vertex  3.075989e+01 -3.091988e+01  9.335000e+00
     vertex  3.091989e+01 -3.043988e+01  9.175000e+00
   endloop
 endfacet
 facet normal -0.000000e+00  7.071068e-01  7.071068e-01
   outer loop
     vertex  3.043989e+01 -3.059988e+01  9.335000e+00
     vertex  3.075989e+01 -3.059988e+01  9.335000e+00
     vertex  3.091989e+01 -3.043988e+01  9.175000e+00
   endloop
 endfacet
 facet normal  0.000000e+00  7.071068e-01  7.071068e-01
   outer loop
     vertex  3.043989e+01 -3.059988e+01  9.335000e+00
     vertex  3.091989e+01 -3.043988e+01  9.175000e+00
     vertex  3.027989e+01 -3.043988e+01  9.175000e+00
   endloop
 endfacet
 facet normal -7.071068e-01  0.000000e+00  7.071068e-01
   outer loop
     vertex  3.043989e+01 -3.059988e+01  9.335000e+00
     vertex  3.027989e+01 -3.107988e+01  9.175000e+00
     vertex  3.043989e+01 -3.091988e+01  9.335000e+00
   endloop
 endfacet
 facet normal -7.071068e-01  0.000000e+00  7.071068e-01
   outer loop
     vertex  3.043989e+01 -3.059988e+01  9.335000e+00
     vertex  3.027989e+01 -3.043988e+01  9.175000e+00
     vertex  3.027989e+01 -3.107988e+01  9.175000e+00
   endloop
 endfacet
 facet normal -0.000000e+00  0.000000e+00 -1.000000e+00
   outer loop
     vertex  3.075989e+01 -2.805988e+01 -2.205000e+00
     vertex  3.043989e+01 -2.837988e+01 -2.205000e+00
     vertex  3.043989e+01 -2.805988e+01 -2.205000e+00
   endloop
 endfacet
 facet normal  0.000000e+00 -0.000000e+00 -1.000000e+00
   outer loop
     vertex  3.075989e+01 -2.805988e+01 -2.205000e+00
     vertex  3.075989e+01 -2.837988e+01 -2.205000e+00
     vertex  3.043989e+01 -2.837988e+01 -2.205000e+00
   endloop
 endfacet
 facet normal -0.000000e+00  0.000000e+00 -1.000000e+00
   outer loop
     vertex  3.075989e+01 -3.059988e+01 -2.205000e+00
     vertex  3.043989e+01 -3.091988e+01 -2.205000e+00
     vertex  3.043989e+01 -3.059988e+01 -2.205000e+00
   endloop
 endfacet
 facet normal  0.000000e+00 -0.000000e+00 -1.000000e+00
   outer loop
     vertex  3.075989e+01 -3.059988e+01 -2.205000e+00
     vertex  3.075989e+01 -3.091988e+01 -2.205000e+00
     vertex  3.043989e+01 -3.091988e+01 -2.205000e+00
   endloop
 endfacet
 facet normal  0.000000e+00  0.000000e+00  1.000000e+00
   outer loop
     vertex  3.075989e+01 -2.805988e+01  9.335000e+00
     vertex  3.043989e+01 -2.805988e+01  9.335000e+00
     vertex  3.043989e+01 -2.837988e+01  9.335000e+00
   endloop
 endfacet
 facet normal  0.000000e+00  0.000000e+00  1.000000e+00
   outer loop
     vertex  3.075989e+01 -2.805988e+01  9.335000e+00
     vertex  3.043989e+01 -2.837988e+01  9.335000e+00
     vertex  3.075989e+01 -2.837988e+01  9.335000e+00
   endloop
 endfacet
 facet normal  0.000000e+00  0.000000e+00  1.000000e+00
   outer loop
     vertex  3.075989e+01 -3.059988e+01  9.335000e+00
     vertex  3.043989e+01 -3.059988e+01  9.335000e+00
     vertex  3.043989e+01 -3.091988e+01  9.335000e+00
   endloop
 endfacet
 facet normal  0.000000e+00  0.000000e+00  1.000000e+00
   outer loop
     vertex  3.075989e+01 -3.059988e+01  9.335000e+00
     vertex  3.043989e+01 -3.091988e+01  9.335000e+00
     vertex  3.075989e+01 -3.091988e+01  9.335000e+00
   endloop
 endfacet
 facet normal  7.071068e-01 -7.071068e-01  0.000000e+00
   outer loop
     vertex  3.440989e+01 -3.177588e+01  7.950000e-01
     vertex  3.415589e+01 -3.202988e+01  3.335000e+00
     vertex  3.415589e+01 -3.202988e+01  7.950000e-01
   endloop
 endfacet
 facet normal  7.071068e-01 -7.071068e-01  0.000000e+00
   outer loop
     vertex  3.440989e+01 -3.177588e+01  7.950000e-01
     vertex  3.440989e+01 -3.177588e+01  3.335000e+00
     vertex  3.415589e+01 -3.202988e+01  3.335000e+00
   endloop
 endfacet
 facet normal  0.000000e+00 -1.000000e+00  0.000000e+00
   outer loop
     vertex  3.415589e+01 -3.202988e+01  7.950000e-01
     vertex  3.212389e+01 -3.202988e+01  3.335000e+00
     vertex  3.212389e+01 -3.202988e+01  7.950000e-01
   endloop
 endfacet
 facet normal  0.000000e+00 -1.000000e+00  0.000000e+00
   outer loop
     vertex  3.415589e+01 -3.202988e+01  7.950000e-01
     vertex  3.415589e+01 -3.202988e+01  3.335000e+00
     vertex  3.212389e+01 -3.202988e+01  3.335000e+00
   endloop
 endfacet
 facet normal  1.000000e+00 -3.496765e-15  0.000000e+00
   outer loop
     vertex  3.440989e+01 -2.974388e+01  7.950000e-01
     vertex  3.440989e+01 -3.177588e+01  3.335000e+00
     vertex  3.440989e+01 -3.177588e+01  7.950000e-01
   endloop
 endfacet
 facet normal  1.000000e+00 -3.496765e-15  0.000000e+00
   outer loop
     vertex  3.440989e+01 -2.974388e+01  7.950000e-01
     vertex  3.440989e+01 -2.974388e+01  3.335000e+00
     vertex  3.440989e+01 -3.177588e+01  3.335000e+00
   endloop
 endfacet
 facet normal  0.000000e+00  0.000000e+00 -1.000000e+00
   outer loop
     vertex  3.345989e+01 -2.789988e+01  7.950000e-01
     vertex  3.415589e+01 -2.694988e+01  7.950000e-01
     vertex  3.440989e+01 -2.720388e+01  7.950000e-01
   endloop
 endfacet
 facet normal  0.000000e+00  0.000000e+00 -1.000000e+00
   outer loop
     vertex  3.345989e+01 -2.853988e+01  7.950000e-01
     vertex  3.440989e+01 -2.720388e+01  7.950000e-01
     vertex  3.440989e+01 -2.923588e+01  7.950000e-01
   endloop
 endfacet
 facet normal  0.000000e+00  0.000000e+00 -1.000000e+00
   outer loop
     vertex  3.345989e+01 -2.853988e+01  7.950000e-01
     vertex  3.345989e+01 -2.789988e+01  7.950000e-01
     vertex  3.440989e+01 -2.720388e+01  7.950000e-01
   endloop
 endfacet
 facet normal  0.000000e+00  0.000000e+00 -1.000000e+00
   outer loop
     vertex  3.281989e+01 -2.789988e+01  7.950000e-01
     vertex  3.212389e+01 -2.694988e+01  7.950000e-01
     vertex  3.415589e+01 -2.694988e+01  7.950000e-01
   endloop
 endfacet
 facet normal  0.000000e+00  0.000000e+00 -1.000000e+00
   outer loop
     vertex  3.281989e+01 -2.789988e+01  7.950000e-01
     vertex  3.415589e+01 -2.694988e+01  7.950000e-01
     vertex  3.345989e+01 -2.789988e+01  7.950000e-01
   endloop
 endfacet
 facet normal  0.000000e+00  0.000000e+00 -1.000000e+00
   outer loop
     vertex  3.186989e+01 -2.720388e+01  7.950000e-01
     vertex  3.212389e+01 -2.694988e+01  7.950000e-01
     vertex  3.281989e+01 -2.789988e+01  7.950000e-01
   endloop
 endfacet
 facet normal  0.000000e+00  0.000000e+00 -1.000000e+00
   outer loop
     vertex  3.415589e+01 -2.948988e+01  7.950000e-01
     vertex  3.345989e+01 -2.853988e+01  7.950000e-01
     vertex  3.440989e+01 -2.923588e+01  7.950000e-01
   endloop
 endfacet
 facet normal  0.000000e+00  0.000000e+00 -1.000000e+00
   outer loop
     vertex  3.345989e+01 -3.043988e+01  7.950000e-01
     vertex  3.415589e+01 -2.948988e+01  7.950000e-01
     vertex  3.440989e+01 -2.974388e+01  7.950000e-01
   endloop
 endfacet
 facet normal  0.000000e+00  0.000000e+00 -1.000000e+00
   outer loop
     vertex  3.345989e+01 -3.043988e+01  7.950000e-01
     vertex  3.345989e+01 -2.853988e+01  7.950000e-01
     vertex  3.415589e+01 -2.948988e+01  7.950000e-01
   endloop
 endfacet
 facet normal  0.000000e+00  0.000000e+00 -1.000000e+00
   outer loop
     vertex  3.186989e+01 -2.923588e+01  7.950000e-01
     vertex  3.281989e+01 -2.789988e+01  7.950000e-01
     vertex  3.281989e+01 -2.853988e+01  7.950000e-01
   endloop
 endfacet
 facet normal  0.000000e+00  0.000000e+00 -1.000000e+00
   outer loop
     vertex  3.186989e+01 -2.923588e+01  7.950000e-01
     vertex  3.186989e+01 -2.720388e+01  7.950000e-01
     vertex  3.281989e+01 -2.789988e+01  7.950000e-01
   endloop
 endfacet
 facet normal  0.000000e+00  0.000000e+00 -1.000000e+00
   outer loop
     vertex  3.212389e+01 -2.948988e+01  7.950000e-01
     vertex  3.186989e+01 -2.923588e+01  7.950000e-01
     vertex  3.281989e+01 -2.853988e+01  7.950000e-01
   endloop
 endfacet
 facet normal  0.000000e+00  0.000000e+00 -1.000000e+00
   outer loop
     vertex  3.345989e+01 -3.107988e+01  7.950000e-01
     vertex  3.440989e+01 -2.974388e+01  7.950000e-01
     vertex  3.440989e+01 -3.177588e+01  7.950000e-01
   endloop
 endfacet
 facet normal  0.000000e+00  0.000000e+00 -1.000000e+00
   outer loop
     vertex  3.345989e+01 -3.107988e+01  7.950000e-01
     vertex  3.345989e+01 -3.043988e+01  7.950000e-01
     vertex  3.440989e+01 -2.974388e+01  7.950000e-01
   endloop
 endfacet
 facet normal  0.000000e+00  0.000000e+00 -1.000000e+00
   outer loop
     vertex  3.281989e+01 -3.043988e+01  7.950000e-01
     vertex  3.281989e+01 -2.853988e+01  7.950000e-01
     vertex  3.345989e+01 -2.853988e+01  7.950000e-01
   endloop
 endfacet
 facet normal  0.000000e+00  0.000000e+00 -1.000000e+00
   outer loop
     vertex  3.281989e+01 -3.043988e+01  7.950000e-01
     vertex  3.345989e+01 -2.853988e+01  7.950000e-01
     vertex  3.345989e+01 -3.043988e+01  7.950000e-01
   endloop
 endfacet
 facet normal  0.000000e+00  0.000000e+00 -1.000000e+00
   outer loop
     vertex  3.281989e+01 -3.043988e+01  7.950000e-01
     vertex  3.212389e+01 -2.948988e+01  7.950000e-01
     vertex  3.281989e+01 -2.853988e+01  7.950000e-01
   endloop
 endfacet
 facet normal  0.000000e+00  0.000000e+00 -1.000000e+00
   outer loop
     vertex  3.186989e+01 -2.974388e+01  7.950000e-01
     vertex  3.212389e+01 -2.948988e+01  7.950000e-01
     vertex  3.281989e+01 -3.043988e+01  7.950000e-01
   endloop
 endfacet
 facet normal  0.000000e+00  0.000000e+00 -1.000000e+00
   outer loop
     vertex  3.415589e+01 -3.202988e+01  7.950000e-01
     vertex  3.345989e+01 -3.107988e+01  7.950000e-01
     vertex  3.440989e+01 -3.177588e+01  7.950000e-01
   endloop
 endfacet
 facet normal  0.000000e+00  0.000000e+00 -1.000000e+00
   outer loop
     vertex  3.186989e+01 -3.177588e+01  7.950000e-01
     vertex  3.281989e+01 -3.043988e+01  7.950000e-01
     vertex  3.281989e+01 -3.107988e+01  7.950000e-01
   endloop
 endfacet
 facet normal  0.000000e+00  0.000000e+00 -1.000000e+00
   outer loop
     vertex  3.186989e+01 -3.177588e+01  7.950000e-01
     vertex  3.186989e+01 -2.974388e+01  7.950000e-01
     vertex  3.281989e+01 -3.043988e+01  7.950000e-01
   endloop
 endfacet
 facet normal  0.000000e+00  0.000000e+00 -1.000000e+00
   outer loop
     vertex  3.212389e+01 -3.202988e+01  7.950000e-01
     vertex  3.281989e+01 -3.107988e+01  7.950000e-01
     vertex  3.345989e+01 -3.107988e+01  7.950000e-01
   endloop
 endfacet
 facet normal  0.000000e+00  0.000000e+00 -1.000000e+00
   outer loop
     vertex  3.212389e+01 -3.202988e+01  7.950000e-01
     vertex  3.186989e+01 -3.177588e+01  7.950000e-01
     vertex  3.281989e+01 -3.107988e+01  7.950000e-01
   endloop
 endfacet
 facet normal  0.000000e+00  0.000000e+00 -1.000000e+00
   outer loop
     vertex  3.212389e+01 -3.202988e+01  7.950000e-01
     vertex  3.345989e+01 -3.107988e+01  7.950000e-01
     vertex  3.415589e+01 -3.202988e+01  7.950000e-01
   endloop
 endfacet
 facet normal  0.000000e+00  0.000000e+00  1.000000e+00
   outer loop
     vertex  3.345989e+01 -2.789988e+01  3.335000e+00
     vertex  3.440989e+01 -2.720388e+01  3.335000e+00
     vertex  3.415589e+01 -2.694988e+01  3.335000e+00
   endloop
 endfacet
 facet normal -0.000000e+00  0.000000e+00  1.000000e+00
   outer loop
     vertex  3.345989e+01 -2.853988e+01  3.335000e+00
     vertex  3.440989e+01 -2.923588e+01  3.335000e+00
     vertex  3.440989e+01 -2.720388e+01  3.335000e+00
   endloop
 endfacet
 facet normal  0.000000e+00  0.000000e+00  1.000000e+00
   outer loop
     vertex  3.345989e+01 -2.853988e+01  3.335000e+00
     vertex  3.440989e+01 -2.720388e+01  3.335000e+00
     vertex  3.345989e+01 -2.789988e+01  3.335000e+00
   endloop
 endfacet
 facet normal  0.000000e+00 -0.000000e+00  1.000000e+00
   outer loop
     vertex  3.281989e+01 -2.789988e+01  3.335000e+00
     vertex  3.415589e+01 -2.694988e+01  3.335000e+00
     vertex  3.212389e+01 -2.694988e+01  3.335000e+00
   endloop
 endfacet
 facet normal  0.000000e+00  0.000000e+00  1.000000e+00
   outer loop
     vertex  3.281989e+01 -2.789988e+01  3.335000e+00
     vertex  3.345989e+01 -2.789988e+01  3.335000e+00
     vertex  3.415589e+01 -2.694988e+01  3.335000e+00
   endloop
 endfacet
 facet normal -0.000000e+00  0.000000e+00  1.000000e+00
   outer loop
     vertex  3.186989e+01 -2.720388e+01  3.335000e+00
     vertex  3.281989e+01 -2.789988e+01  3.335000e+00
     vertex  3.212389e+01 -2.694988e+01  3.335000e+00
   endloop
 endfacet
 facet normal  0.000000e+00 -0.000000e+00  1.000000e+00
   outer loop
     vertex  3.415589e+01 -2.948988e+01  3.335000e+00
     vertex  3.440989e+01 -2.923588e+01  3.335000e+00
     vertex  3.345989e+01 -2.853988e+01  3.335000e+00
   endloop
 endfacet
 facet normal  0.000000e+00  0.000000e+00  1.000000e+00
   outer loop
     vertex  3.345989e+01 -3.043988e+01  3.335000e+00
     vertex  3.440989e+01 -2.974388e+01  3.335000e+00
     vertex  3.415589e+01 -2.948988e+01  3.335000e+00
   endloop
 endfacet
 facet normal  0.000000e+00  0.000000e+00  1.000000e+00
   outer loop
     vertex  3.345989e+01 -3.043988e+01  3.335000e+00
     vertex  3.415589e+01 -2.948988e+01  3.335000e+00
     vertex  3.345989e+01 -2.853988e+01  3.335000e+00
   endloop
 endfacet
 facet normal  0.000000e+00  0.000000e+00  1.000000e+00
   outer loop
     vertex  3.186989e+01 -2.923588e+01  3.335000e+00
     vertex  3.281989e+01 -2.853988e+01  3.335000e+00
     vertex  3.281989e+01 -2.789988e+01  3.335000e+00
   endloop
 endfacet
 facet normal  0.000000e+00  0.000000e+00  1.000000e+00
   outer loop
     vertex  3.186989e+01 -2.923588e+01  3.335000e+00
     vertex  3.281989e+01 -2.789988e+01  3.335000e+00
     vertex  3.186989e+01 -2.720388e+01  3.335000e+00
   endloop
 endfacet
 facet normal  0.000000e+00 -0.000000e+00  1.000000e+00
   outer loop
     vertex  3.212389e+01 -2.948988e+01  3.335000e+00
     vertex  3.281989e+01 -2.853988e+01  3.335000e+00
     vertex  3.186989e+01 -2.923588e+01  3.335000e+00
   endloop
 endfacet
 facet normal -0.000000e+00  0.000000e+00  1.000000e+00
   outer loop
     vertex  3.345989e+01 -3.107988e+01  3.335000e+00
     vertex  3.440989e+01 -3.177588e+01  3.335000e+00
     vertex  3.440989e+01 -2.974388e+01  3.335000e+00
   endloop
 endfacet
 facet normal  0.000000e+00  0.000000e+00  1.000000e+00
   outer loop
     vertex  3.345989e+01 -3.107988e+01  3.335000e+00
     vertex  3.440989e+01 -2.974388e+01  3.335000e+00
     vertex  3.345989e+01 -3.043988e+01  3.335000e+00
   endloop
 endfacet
 facet normal  0.000000e+00  0.000000e+00  1.000000e+00
   outer loop
     vertex  3.281989e+01 -3.043988e+01  3.335000e+00
     vertex  3.345989e+01 -2.853988e+01  3.335000e+00
     vertex  3.281989e+01 -2.853988e+01  3.335000e+00
   endloop
 endfacet
 facet normal  0.000000e+00  0.000000e+00  1.000000e+00
   outer loop
     vertex  3.281989e+01 -3.043988e+01  3.335000e+00
     vertex  3.345989e+01 -3.043988e+01  3.335000e+00
     vertex  3.345989e+01 -2.853988e+01  3.335000e+00
   endloop
 endfacet
 facet normal  0.000000e+00 -0.000000e+00  1.000000e+00
   outer loop
     vertex  3.281989e+01 -3.043988e+01  3.335000e+00
     vertex  3.281989e+01 -2.853988e+01  3.335000e+00
     vertex  3.212389e+01 -2.948988e+01  3.335000e+00
   endloop
 endfacet
 facet normal -0.000000e+00  0.000000e+00  1.000000e+00
   outer loop
     vertex  3.186989e+01 -2.974388e+01  3.335000e+00
     vertex  3.281989e+01 -3.043988e+01  3.335000e+00
     vertex  3.212389e+01 -2.948988e+01  3.335000e+00
   endloop
 endfacet
 facet normal  0.000000e+00 -0.000000e+00  1.000000e+00
   outer loop
     vertex  3.415589e+01 -3.202988e+01  3.335000e+00
     vertex  3.440989e+01 -3.177588e+01  3.335000e+00
     vertex  3.345989e+01 -3.107988e+01  3.335000e+00
   endloop
 endfacet
 facet normal  0.000000e+00  0.000000e+00  1.000000e+00
   outer loop
     vertex  3.186989e+01 -3.177588e+01  3.335000e+00
     vertex  3.281989e+01 -3.107988e+01  3.335000e+00
     vertex  3.281989e+01 -3.043988e+01  3.335000e+00
   endloop
 endfacet
 facet normal  0.000000e+00  0.000000e+00  1.000000e+00
   outer loop
     vertex  3.186989e+01 -3.177588e+01  3.335000e+00
     vertex  3.281989e+01 -3.043988e+01  3.335000e+00
     vertex  3.186989e+01 -2.974388e+01  3.335000e+00
   endloop
 endfacet
 facet normal  0.000000e+00  0.000000e+00  1.000000e+00
   outer loop
     vertex  3.212389e+01 -3.202988e+01  3.335000e+00
     vertex  3.345989e+01 -3.107988e+01  3.335000e+00
     vertex  3.281989e+01 -3.107988e+01  3.335000e+00
   endloop
 endfacet
 facet normal  0.000000e+00 -0.000000e+00  1.000000e+00
   outer loop
     vertex  3.212389e+01 -3.202988e+01  3.335000e+00
     vertex  3.281989e+01 -3.107988e+01  3.335000e+00
     vertex  3.186989e+01 -3.177588e+01  3.335000e+00
   endloop
 endfacet
 facet normal  0.000000e+00  0.000000e+00  1.000000e+00
   outer loop
     vertex  3.212389e+01 -3.202988e+01  3.335000e+00
     vertex  3.415589e+01 -3.202988e+01  3.335000e+00
     vertex  3.345989e+01 -3.107988e+01  3.335000e+00
   endloop
 endfacet
 facet normal -7.071068e-01 -7.071068e-01  0.000000e+00
   outer loop
     vertex  3.212389e+01 -3.202988e+01  7.950000e-01
     vertex  3.186989e+01 -3.177588e+01  3.335000e+00
     vertex  3.186989e+01 -3.177588e+01  7.950000e-01
   endloop
 endfacet
 facet normal -7.071068e-01 -7.071068e-01  0.000000e+00
   outer loop
     vertex  3.212389e+01 -3.202988e+01  7.950000e-01
     vertex  3.212389e+01 -3.202988e+01  3.335000e+00
     vertex  3.186989e+01 -3.177588e+01  3.335000e+00
   endloop
 endfacet
 facet normal  7.071068e-01  7.071068e-01  0.000000e+00
   outer loop
     vertex  3.415589e+01 -2.948988e+01  7.950000e-01
     vertex  3.440989e+01 -2.974388e+01  3.335000e+00
     vertex  3.440989e+01 -2.974388e+01  7.950000e-01
   endloop
 endfacet
 facet normal  7.071068e-01  7.071068e-01 -0.000000e+00
   outer loop
     vertex  3.415589e+01 -2.948988e+01  7.950000e-01
     vertex  3.415589e+01 -2.948988e+01  3.335000e+00
     vertex  3.440989e+01 -2.974388e+01  3.335000e+00
   endloop
 endfacet
 facet normal -1.000000e+00  0.000000e+00  0.000000e+00
   outer loop
     vertex  3.186989e+01 -3.177588e+01  7.950000e-01
     vertex  3.186989e+01 -2.974388e+01  3.335000e+00
     vertex  3.186989e+01 -2.974388e+01  7.950000e-01
   endloop
 endfacet
 facet normal -1.000000e+00  0.000000e+00  0.000000e+00
   outer loop
     vertex  3.186989e+01 -3.177588e+01  7.950000e-01
     vertex  3.186989e+01 -3.177588e+01  3.335000e+00
     vertex  3.186989e+01 -2.974388e+01  3.335000e+00
   endloop
 endfacet
 facet normal  7.071068e-01 -7.071068e-01  0.000000e+00
   outer loop
     vertex  3.440989e+01 -2.923588e+01  7.950000e-01
     vertex  3.415589e+01 -2.948988e+01  3.335000e+00
     vertex  3.415589e+01 -2.948988e+01  7.950000e-01
   endloop
 endfacet
 facet normal  7.071068e-01 -7.071068e-01  0.000000e+00
   outer loop
     vertex  3.440989e+01 -2.923588e+01  7.950000e-01
     vertex  3.440989e+01 -2.923588e+01  3.335000e+00
     vertex  3.415589e+01 -2.948988e+01  3.335000e+00
   endloop
 endfacet
 facet normal -7.071068e-01  7.071068e-01  0.000000e+00
   outer loop
     vertex  3.186989e+01 -2.974388e+01  7.950000e-01
     vertex  3.212389e+01 -2.948988e+01  3.335000e+00
     vertex  3.212389e+01 -2.948988e+01  7.950000e-01
   endloop
 endfacet
 facet normal -7.071068e-01  7.071068e-01  0.000000e+00
   outer loop
     vertex  3.186989e+01 -2.974388e+01  7.950000e-01
     vertex  3.186989e+01 -2.974388e+01  3.335000e+00
     vertex  3.212389e+01 -2.948988e+01  3.335000e+00
   endloop
 endfacet
 facet normal  1.000000e+00  0.000000e+00  0.000000e+00
   outer loop
     vertex  3.440989e+01 -2.720388e+01  7.950000e-01
     vertex  3.440989e+01 -2.923588e+01  3.335000e+00
     vertex  3.440989e+01 -2.923588e+01  7.950000e-01
   endloop
 endfacet
 facet normal  1.000000e+00  0.000000e+00 -0.000000e+00
   outer loop
     vertex  3.440989e+01 -2.720388e+01  7.950000e-01
     vertex  3.440989e+01 -2.720388e+01  3.335000e+00
     vertex  3.440989e+01 -2.923588e+01  3.335000e+00
   endloop
 endfacet
 facet normal -7.071068e-01 -7.071068e-01  0.000000e+00
   outer loop
     vertex  3.212389e+01 -2.948988e+01  7.950000e-01
     vertex  3.186989e+01 -2.923588e+01  3.335000e+00
     vertex  3.186989e+01 -2.923588e+01  7.950000e-01
   endloop
 endfacet
 facet normal -7.071068e-01 -7.071068e-01  0.000000e+00
   outer loop
     vertex  3.212389e+01 -2.948988e+01  7.950000e-01
     vertex  3.212389e+01 -2.948988e+01  3.335000e+00
     vertex  3.186989e+01 -2.923588e+01  3.335000e+00
   endloop
 endfacet
 facet normal  7.071068e-01  7.071068e-01  0.000000e+00
   outer loop
     vertex  3.415589e+01 -2.694988e+01  7.950000e-01
     vertex  3.440989e+01 -2.720388e+01  3.335000e+00
     vertex  3.440989e+01 -2.720388e+01  7.950000e-01
   endloop
 endfacet
 facet normal  7.071068e-01  7.071068e-01 -0.000000e+00
   outer loop
     vertex  3.415589e+01 -2.694988e+01  7.950000e-01
     vertex  3.415589e+01 -2.694988e+01  3.335000e+00
     vertex  3.440989e+01 -2.720388e+01  3.335000e+00
   endloop
 endfacet
 facet normal -1.000000e+00  0.000000e+00  0.000000e+00
   outer loop
     vertex  3.186989e+01 -2.923588e+01  7.950000e-01
     vertex  3.186989e+01 -2.720388e+01  3.335000e+00
     vertex  3.186989e+01 -2.720388e+01  7.950000e-01
   endloop
 endfacet
 facet normal -1.000000e+00  0.000000e+00  0.000000e+00
   outer loop
     vertex  3.186989e+01 -2.923588e+01  7.950000e-01
     vertex  3.186989e+01 -2.923588e+01  3.335000e+00
     vertex  3.186989e+01 -2.720388e+01  3.335000e+00
   endloop
 endfacet
 facet normal  0.000000e+00  1.000000e+00  0.000000e+00
   outer loop
     vertex  3.212389e+01 -2.694988e+01  7.950000e-01
     vertex  3.415589e+01 -2.694988e+01  3.335000e+00
     vertex  3.415589e+01 -2.694988e+01  7.950000e-01
   endloop
 endfacet
 facet normal  0.000000e+00  1.000000e+00  0.000000e+00
   outer loop
     vertex  3.212389e+01 -2.694988e+01  7.950000e-01
     vertex  3.212389e+01 -2.694988e+01  3.335000e+00
     vertex  3.415589e+01 -2.694988e+01  3.335000e+00
   endloop
 endfacet
 facet normal -7.071068e-01  7.071068e-01  0.000000e+00
   outer loop
     vertex  3.186989e+01 -2.720388e+01  7.950000e-01
     vertex  3.212389e+01 -2.694988e+01  3.335000e+00
     vertex  3.212389e+01 -2.694988e+01  7.950000e-01
   endloop
 endfacet
 facet normal -7.071068e-01  7.071068e-01  0.000000e+00
   outer loop
     vertex  3.186989e+01 -2.720388e+01  7.950000e-01
     vertex  3.186989e+01 -2.720388e+01  3.335000e+00
     vertex  3.212389e+01 -2.694988e+01  3.335000e+00
   endloop
 endfacet
 facet normal  0.000000e+00  1.000000e+00  0.000000e+00
   outer loop
     vertex  3.281989e+01 -3.043988e+01  7.950000e-01
     vertex  3.345989e+01 -3.043988e+01 -2.045000e+00
     vertex  3.281989e+01 -3.043988e+01 -2.045000e+00
   endloop
 endfacet
 facet normal -0.000000e+00  1.000000e+00  0.000000e+00
   outer loop
     vertex  3.281989e+01 -3.043988e+01  7.950000e-01
     vertex  3.345989e+01 -3.043988e+01  7.950000e-01
     vertex  3.345989e+01 -3.043988e+01 -2.045000e+00
   endloop
 endfacet
 facet normal -1.000000e+00  0.000000e+00 -0.000000e+00
   outer loop
     vertex  3.281989e+01 -3.043988e+01  7.950000e-01
     vertex  3.281989e+01 -3.043988e+01 -2.045000e+00
     vertex  3.281989e+01 -3.107988e+01 -2.045000e+00
   endloop
 endfacet
 facet normal -1.000000e+00 -0.000000e+00  0.000000e+00
   outer loop
     vertex  3.281989e+01 -3.043988e+01  7.950000e-01
     vertex  3.281989e+01 -3.107988e+01 -2.045000e+00
     vertex  3.281989e+01 -3.107988e+01  7.950000e-01
   endloop
 endfacet
 facet normal  0.000000e+00 -1.000000e+00  0.000000e+00
   outer loop
     vertex  3.281989e+01 -3.107988e+01  7.950000e-01
     vertex  3.281989e+01 -3.107988e+01 -2.045000e+00
     vertex  3.345989e+01 -3.107988e+01 -2.045000e+00
   endloop
 endfacet
 facet normal  0.000000e+00 -1.000000e+00  0.000000e+00
   outer loop
     vertex  3.281989e+01 -3.107988e+01  7.950000e-01
     vertex  3.345989e+01 -3.107988e+01 -2.045000e+00
     vertex  3.345989e+01 -3.107988e+01  7.950000e-01
   endloop
 endfacet
 facet normal  1.000000e+00  0.000000e+00  0.000000e+00
   outer loop
     vertex  3.345989e+01 -3.043988e+01  7.950000e-01
     vertex  3.345989e+01 -3.107988e+01 -2.045000e+00
     vertex  3.345989e+01 -3.043988e+01 -2.045000e+00
   endloop
 endfacet
 facet normal  1.000000e+00  0.000000e+00  0.000000e+00
   outer loop
     vertex  3.345989e+01 -3.043988e+01  7.950000e-01
     vertex  3.345989e+01 -3.107988e+01  7.950000e-01
     vertex  3.345989e+01 -3.107988e+01 -2.045000e+00
   endloop
 endfacet
 facet normal  0.000000e+00  1.000000e+00  0.000000e+00
   outer loop
     vertex  3.281989e+01 -2.789988e+01  7.950000e-01
     vertex  3.345989e+01 -2.789988e+01 -2.045000e+00
     vertex  3.281989e+01 -2.789988e+01 -2.045000e+00
   endloop
 endfacet
 facet normal -0.000000e+00  1.000000e+00  0.000000e+00
   outer loop
     vertex  3.281989e+01 -2.789988e+01  7.950000e-01
     vertex  3.345989e+01 -2.789988e+01  7.950000e-01
     vertex  3.345989e+01 -2.789988e+01 -2.045000e+00
   endloop
 endfacet
 facet normal -1.000000e+00  0.000000e+00 -0.000000e+00
   outer loop
     vertex  3.281989e+01 -2.789988e+01  7.950000e-01
     vertex  3.281989e+01 -2.789988e+01 -2.045000e+00
     vertex  3.281989e+01 -2.853988e+01 -2.045000e+00
   endloop
 endfacet
 facet normal -1.000000e+00 -0.000000e+00  0.000000e+00
   outer loop
     vertex  3.281989e+01 -2.789988e+01  7.950000e-01
     vertex  3.281989e+01 -2.853988e+01 -2.045000e+00
     vertex  3.281989e+01 -2.853988e+01  7.950000e-01
   endloop
 endfacet
 facet normal  0.000000e+00 -1.000000e+00  0.000000e+00
   outer loop
     vertex  3.281989e+01 -2.853988e+01  7.950000e-01
     vertex  3.281989e+01 -2.853988e+01 -2.045000e+00
     vertex  3.345989e+01 -2.853988e+01 -2.045000e+00
   endloop
 endfacet
 facet normal  0.000000e+00 -1.000000e+00  0.000000e+00
   outer loop
     vertex  3.281989e+01 -2.853988e+01  7.950000e-01
     vertex  3.345989e+01 -2.853988e+01 -2.045000e+00
     vertex  3.345989e+01 -2.853988e+01  7.950000e-01
   endloop
 endfacet
 facet normal  1.000000e+00  0.000000e+00  0.000000e+00
   outer loop
     vertex  3.345989e+01 -2.789988e+01  7.950000e-01
     vertex  3.345989e+01 -2.853988e+01 -2.045000e+00
     vertex  3.345989e+01 -2.789988e+01 -2.045000e+00
   endloop
 endfacet
 facet normal  1.000000e+00  0.000000e+00  0.000000e+00
   outer loop
     vertex  3.345989e+01 -2.789988e+01  7.950000e-01
     vertex  3.345989e+01 -2.853988e+01  7.950000e-01
     vertex  3.345989e+01 -2.853988e+01 -2.045000e+00
   endloop
 endfacet
 facet normal  0.000000e+00  1.000000e+00  0.000000e+00
   outer loop
     vertex  3.281989e+01 -3.043988e+01  9.175000e+00
     vertex  3.345989e+01 -3.043988e+01  3.335000e+00
     vertex  3.281989e+01 -3.043988e+01  3.335000e+00
   endloop
 endfacet
 facet normal -0.000000e+00  1.000000e+00  0.000000e+00
   outer loop
     vertex  3.281989e+01 -3.043988e+01  9.175000e+00
     vertex  3.345989e+01 -3.043988e+01  9.175000e+00
     vertex  3.345989e+01 -3.043988e+01  3.335000e+00
   endloop
 endfacet
 facet normal -1.000000e+00  0.000000e+00 -0.000000e+00
   outer loop
     vertex  3.281989e+01 -3.043988e+01  9.175000e+00
     vertex  3.281989e+01 -3.043988e+01  3.335000e+00
     vertex  3.281989e+01 -3.107988e+01  3.335000e+00
   endloop
 endfacet
 facet normal -1.000000e+00 -0.000000e+00  0.000000e+00
   outer loop
     vertex  3.281989e+01 -3.043988e+01  9.175000e+00
     vertex  3.281989e+01 -3.107988e+01  3.335000e+00
     vertex  3.281989e+01 -3.107988e+01  9.175000e+00
   endloop
 endfacet
 facet normal  0.000000e+00 -1.000000e+00  0.000000e+00
   outer loop
     vertex  3.281989e+01 -3.107988e+01  9.175000e+00
     vertex  3.281989e+01 -3.107988e+01  3.335000e+00
     vertex  3.345989e+01 -3.107988e+01  3.335000e+00
   endloop
 endfacet
 facet normal  0.000000e+00 -1.000000e+00  0.000000e+00
   outer loop
     vertex  3.281989e+01 -3.107988e+01  9.175000e+00
     vertex  3.345989e+01 -3.107988e+01  3.335000e+00
     vertex  3.345989e+01 -3.107988e+01  9.175000e+00
   endloop
 endfacet
 facet normal  1.000000e+00  0.000000e+00  0.000000e+00
   outer loop
     vertex  3.345989e+01 -3.043988e+01  9.175000e+00
     vertex  3.345989e+01 -3.107988e+01  3.335000e+00
     vertex  3.345989e+01 -3.043988e+01  3.335000e+00
   endloop
 endfacet
 facet normal  1.000000e+00  0.000000e+00  0.000000e+00
   outer loop
     vertex  3.345989e+01 -3.043988e+01  9.175000e+00
     vertex  3.345989e+01 -3.107988e+01  9.175000e+00
     vertex  3.345989e+01 -3.107988e+01  3.335000e+00
   endloop
 endfacet
 facet normal  0.000000e+00  1.000000e+00  0.000000e+00
   outer loop
     vertex  3.281989e+01 -2.789988e+01  9.175000e+00
     vertex  3.345989e+01 -2.789988e+01  3.335000e+00
     vertex  3.281989e+01 -2.789988e+01  3.335000e+00
   endloop
 endfacet
 facet normal -0.000000e+00  1.000000e+00  0.000000e+00
   outer loop
     vertex  3.281989e+01 -2.789988e+01  9.175000e+00
     vertex  3.345989e+01 -2.789988e+01  9.175000e+00
     vertex  3.345989e+01 -2.789988e+01  3.335000e+00
   endloop
 endfacet
 facet normal -1.000000e+00  0.000000e+00 -0.000000e+00
   outer loop
     vertex  3.281989e+01 -2.789988e+01  9.175000e+00
     vertex  3.281989e+01 -2.789988e+01  3.335000e+00
     vertex  3.281989e+01 -2.853988e+01  3.335000e+00
   endloop
 endfacet
 facet normal -1.000000e+00 -0.000000e+00  0.000000e+00
   outer loop
     vertex  3.281989e+01 -2.789988e+01  9.175000e+00
     vertex  3.281989e+01 -2.853988e+01  3.335000e+00
     vertex  3.281989e+01 -2.853988e+01  9.175000e+00
   endloop
 endfacet
 facet normal  0.000000e+00 -1.000000e+00  0.000000e+00
   outer loop
     vertex  3.281989e+01 -2.853988e+01  9.175000e+00
     vertex  3.281989e+01 -2.853988e+01  3.335000e+00
     vertex  3.345989e+01 -2.853988e+01  3.335000e+00
   endloop
 endfacet
 facet normal  0.000000e+00 -1.000000e+00  0.000000e+00
   outer loop
     vertex  3.281989e+01 -2.853988e+01  9.175000e+00
     vertex  3.345989e+01 -2.853988e+01  3.335000e+00
     vertex  3.345989e+01 -2.853988e+01  9.175000e+00
   endloop
 endfacet
 facet normal  1.000000e+00  0.000000e+00  0.000000e+00
   outer loop
     vertex  3.345989e+01 -2.789988e+01  9.175000e+00
     vertex  3.345989e+01 -2.853988e+01  3.335000e+00
     vertex  3.345989e+01 -2.789988e+01  3.335000e+00
   endloop
 endfacet
 facet normal  1.000000e+00  0.000000e+00  0.000000e+00
   outer loop
     vertex  3.345989e+01 -2.789988e+01  9.175000e+00
     vertex  3.345989e+01 -2.853988e+01  9.175000e+00
     vertex  3.345989e+01 -2.853988e+01  3.335000e+00
   endloop
 endfacet
 facet normal  0.000000e+00  7.071068e-01 -7.071068e-01
   outer loop
     vertex  3.329989e+01 -3.059988e+01 -2.205000e+00
     vertex  3.297989e+01 -3.059988e+01 -2.205000e+00
     vertex  3.281989e+01 -3.043988e+01 -2.045000e+00
   endloop
 endfacet
 facet normal  0.000000e+00  7.071068e-01 -7.071068e-01
   outer loop
     vertex  3.329989e+01 -3.059988e+01 -2.205000e+00
     vertex  3.281989e+01 -3.043988e+01 -2.045000e+00
     vertex  3.345989e+01 -3.043988e+01 -2.045000e+00
   endloop
 endfacet
 facet normal -7.071068e-01  1.570092e-14 -7.071068e-01
   outer loop
     vertex  3.297989e+01 -3.091988e+01 -2.205000e+00
     vertex  3.281989e+01 -3.043988e+01 -2.045000e+00
     vertex  3.297989e+01 -3.059988e+01 -2.205000e+00
   endloop
 endfacet
 facet normal -7.071068e-01  0.000000e+00 -7.071068e-01
   outer loop
     vertex  3.297989e+01 -3.091988e+01 -2.205000e+00
     vertex  3.281989e+01 -3.107988e+01 -2.045000e+00
     vertex  3.281989e+01 -3.043988e+01 -2.045000e+00
   endloop
 endfacet
 facet normal -0.000000e+00 -7.071068e-01 -7.071068e-01
   outer loop
     vertex  3.329989e+01 -3.091988e+01 -2.205000e+00
     vertex  3.281989e+01 -3.107988e+01 -2.045000e+00
     vertex  3.297989e+01 -3.091988e+01 -2.205000e+00
   endloop
 endfacet
 facet normal  0.000000e+00 -7.071068e-01 -7.071068e-01
   outer loop
     vertex  3.329989e+01 -3.091988e+01 -2.205000e+00
     vertex  3.345989e+01 -3.107988e+01 -2.045000e+00
     vertex  3.281989e+01 -3.107988e+01 -2.045000e+00
   endloop
 endfacet
 facet normal  7.071068e-01 -1.570092e-14 -7.071068e-01
   outer loop
     vertex  3.329989e+01 -3.091988e+01 -2.205000e+00
     vertex  3.329989e+01 -3.059988e+01 -2.205000e+00
     vertex  3.345989e+01 -3.043988e+01 -2.045000e+00
   endloop
 endfacet
 facet normal  7.071068e-01  0.000000e+00 -7.071068e-01
   outer loop
     vertex  3.329989e+01 -3.091988e+01 -2.205000e+00
     vertex  3.345989e+01 -3.043988e+01 -2.045000e+00
     vertex  3.345989e+01 -3.107988e+01 -2.045000e+00
   endloop
 endfacet
 facet normal  0.000000e+00  7.071068e-01 -7.071068e-01
   outer loop
     vertex  3.329989e+01 -2.805988e+01 -2.205000e+00
     vertex  3.297989e+01 -2.805988e+01 -2.205000e+00
     vertex  3.281989e+01 -2.789988e+01 -2.045000e+00
   endloop
 endfacet
 facet normal  0.000000e+00  7.071068e-01 -7.071068e-01
   outer loop
     vertex  3.329989e+01 -2.805988e+01 -2.205000e+00
     vertex  3.281989e+01 -2.789988e+01 -2.045000e+00
     vertex  3.345989e+01 -2.789988e+01 -2.045000e+00
   endloop
 endfacet
 facet normal -7.071068e-01  0.000000e+00 -7.071068e-01
   outer loop
     vertex  3.281989e+01 -2.853988e+01 -2.045000e+00
     vertex  3.281989e+01 -2.789988e+01 -2.045000e+00
     vertex  3.297989e+01 -2.805988e+01 -2.205000e+00
   endloop
 endfacet
 facet normal -7.071068e-01  0.000000e+00 -7.071068e-01
   outer loop
     vertex  3.297989e+01 -2.837988e+01 -2.205000e+00
     vertex  3.281989e+01 -2.853988e+01 -2.045000e+00
     vertex  3.297989e+01 -2.805988e+01 -2.205000e+00
   endloop
 endfacet
 facet normal -0.000000e+00 -7.071068e-01 -7.071068e-01
   outer loop
     vertex  3.329989e+01 -2.837988e+01 -2.205000e+00
     vertex  3.281989e+01 -2.853988e+01 -2.045000e+00
     vertex  3.297989e+01 -2.837988e+01 -2.205000e+00
   endloop
 endfacet
 facet normal  0.000000e+00 -7.071068e-01 -7.071068e-01
   outer loop
     vertex  3.329989e+01 -2.837988e+01 -2.205000e+00
     vertex  3.345989e+01 -2.853988e+01 -2.045000e+00
     vertex  3.281989e+01 -2.853988e+01 -2.045000e+00
   endloop
 endfacet
 facet normal  7.071068e-01  0.000000e+00 -7.071068e-01
   outer loop
     vertex  3.329989e+01 -2.837988e+01 -2.205000e+00
     vertex  3.329989e+01 -2.805988e+01 -2.205000e+00
     vertex  3.345989e+01 -2.789988e+01 -2.045000e+00
   endloop
 endfacet
 facet normal  7.071068e-01  0.000000e+00 -7.071068e-01
   outer loop
     vertex  3.329989e+01 -2.837988e+01 -2.205000e+00
     vertex  3.345989e+01 -2.789988e+01 -2.045000e+00
     vertex  3.345989e+01 -2.853988e+01 -2.045000e+00
   endloop
 endfacet
 facet normal  0.000000e+00  7.071068e-01  7.071068e-01
   outer loop
     vertex  3.345989e+01 -3.043988e+01  9.175000e+00
     vertex  3.281989e+01 -3.043988e+01  9.175000e+00
     vertex  3.297989e+01 -3.059988e+01  9.335000e+00
   endloop
 endfacet
 facet normal  0.000000e+00  7.071068e-01  7.071068e-01
   outer loop
     vertex  3.329989e+01 -3.059988e+01  9.335000e+00
     vertex  3.345989e+01 -3.043988e+01  9.175000e+00
     vertex  3.297989e+01 -3.059988e+01  9.335000e+00
   endloop
 endfacet
 facet normal -7.071068e-01  1.570092e-14  7.071068e-01
   outer loop
     vertex  3.297989e+01 -3.091988e+01  9.335000e+00
     vertex  3.297989e+01 -3.059988e+01  9.335000e+00
     vertex  3.281989e+01 -3.043988e+01  9.175000e+00
   endloop
 endfacet
 facet normal -7.071068e-01  0.000000e+00  7.071068e-01
   outer loop
     vertex  3.297989e+01 -3.091988e+01  9.335000e+00
     vertex  3.281989e+01 -3.043988e+01  9.175000e+00
     vertex  3.281989e+01 -3.107988e+01  9.175000e+00
   endloop
 endfacet
 facet normal  0.000000e+00 -7.071068e-01  7.071068e-01
   outer loop
     vertex  3.329989e+01 -3.091988e+01  9.335000e+00
     vertex  3.297989e+01 -3.091988e+01  9.335000e+00
     vertex  3.281989e+01 -3.107988e+01  9.175000e+00
   endloop
 endfacet
 facet normal  0.000000e+00 -7.071068e-01  7.071068e-01
   outer loop
     vertex  3.329989e+01 -3.091988e+01  9.335000e+00
     vertex  3.281989e+01 -3.107988e+01  9.175000e+00
     vertex  3.345989e+01 -3.107988e+01  9.175000e+00
   endloop
 endfacet
 facet normal  7.071068e-01 -1.570092e-14  7.071068e-01
   outer loop
     vertex  3.329989e+01 -3.091988e+01  9.335000e+00
     vertex  3.345989e+01 -3.043988e+01  9.175000e+00
     vertex  3.329989e+01 -3.059988e+01  9.335000e+00
   endloop
 endfacet
 facet normal  7.071068e-01  0.000000e+00  7.071068e-01
   outer loop
     vertex  3.329989e+01 -3.091988e+01  9.335000e+00
     vertex  3.345989e+01 -3.107988e+01  9.175000e+00
     vertex  3.345989e+01 -3.043988e+01  9.175000e+00
   endloop
 endfacet
 facet normal  0.000000e+00  7.071068e-01  7.071068e-01
   outer loop
     vertex  3.329989e+01 -2.805988e+01  9.335000e+00
     vertex  3.281989e+01 -2.789988e+01  9.175000e+00
     vertex  3.297989e+01 -2.805988e+01  9.335000e+00
   endloop
 endfacet
 facet normal  0.000000e+00  7.071068e-01  7.071068e-01
   outer loop
     vertex  3.329989e+01 -2.805988e+01  9.335000e+00
     vertex  3.345989e+01 -2.789988e+01  9.175000e+00
     vertex  3.281989e+01 -2.789988e+01  9.175000e+00
   endloop
 endfacet
 facet normal -7.071068e-01  0.000000e+00  7.071068e-01
   outer loop
     vertex  3.281989e+01 -2.853988e+01  9.175000e+00
     vertex  3.297989e+01 -2.805988e+01  9.335000e+00
     vertex  3.281989e+01 -2.789988e+01  9.175000e+00
   endloop
 endfacet
 facet normal -7.071068e-01  0.000000e+00  7.071068e-01
   outer loop
     vertex  3.297989e+01 -2.837988e+01  9.335000e+00
     vertex  3.297989e+01 -2.805988e+01  9.335000e+00
     vertex  3.281989e+01 -2.853988e+01  9.175000e+00
   endloop
 endfacet
 facet normal  0.000000e+00 -7.071068e-01  7.071068e-01
   outer loop
     vertex  3.329989e+01 -2.837988e+01  9.335000e+00
     vertex  3.297989e+01 -2.837988e+01  9.335000e+00
     vertex  3.281989e+01 -2.853988e+01  9.175000e+00
   endloop
 endfacet
 facet normal  0.000000e+00 -7.071068e-01  7.071068e-01
   outer loop
     vertex  3.329989e+01 -2.837988e+01  9.335000e+00
     vertex  3.281989e+01 -2.853988e+01  9.175000e+00
     vertex  3.345989e+01 -2.853988e+01  9.175000e+00
   endloop
 endfacet
 facet normal  7.071068e-01 -0.000000e+00  7.071068e-01
   outer loop
     vertex  3.329989e+01 -2.837988e+01  9.335000e+00
     vertex  3.345989e+01 -2.789988e+01  9.175000e+00
     vertex  3.329989e+01 -2.805988e+01  9.335000e+00
   endloop
 endfacet
 facet normal  7.071068e-01  0.000000e+00  7.071068e-01
   outer loop
     vertex  3.329989e+01 -2.837988e+01  9.335000e+00
     vertex  3.345989e+01 -2.853988e+01  9.175000e+00
     vertex  3.345989e+01 -2.789988e+01  9.175000e+00
   endloop
 endfacet
 facet normal  0.000000e+00  0.000000e+00 -1.000000e+00
   outer loop
     vertex  3.297989e+01 -3.091988e+01 -2.205000e+00
     vertex  3.329989e+01 -3.059988e+01 -2.205000e+00
     vertex  3.329989e+01 -3.091988e+01 -2.205000e+00
   endloop
 endfacet
 facet normal  0.000000e+00  0.000000e+00 -1.000000e+00
   outer loop
     vertex  3.297989e+01 -3.091988e+01 -2.205000e+00
     vertex  3.297989e+01 -3.059988e+01 -2.205000e+00
     vertex  3.329989e+01 -3.059988e+01 -2.205000e+00
   endloop
 endfacet
 facet normal  0.000000e+00  0.000000e+00 -1.000000e+00
   outer loop
     vertex  3.297989e+01 -2.837988e+01 -2.205000e+00
     vertex  3.329989e+01 -2.805988e+01 -2.205000e+00
     vertex  3.329989e+01 -2.837988e+01 -2.205000e+00
   endloop
 endfacet
 facet normal  0.000000e+00  0.000000e+00 -1.000000e+00
   outer loop
     vertex  3.297989e+01 -2.837988e+01 -2.205000e+00
     vertex  3.297989e+01 -2.805988e+01 -2.205000e+00
     vertex  3.329989e+01 -2.805988e+01 -2.205000e+00
   endloop
 endfacet
 facet normal  0.000000e+00  0.000000e+00  1.000000e+00
   outer loop
     vertex  3.297989e+01 -3.091988e+01  9.335000e+00
     vertex  3.329989e+01 -3.091988e+01  9.335000e+00
     vertex  3.329989e+01 -3.059988e+01  9.335000e+00
   endloop
 endfacet
 facet normal  0.000000e+00  0.000000e+00  1.000000e+00
   outer loop
     vertex  3.297989e+01 -3.091988e+01  9.335000e+00
     vertex  3.329989e+01 -3.059988e+01  9.335000e+00
     vertex  3.297989e+01 -3.059988e+01  9.335000e+00
   endloop
 endfacet
 facet normal  0.000000e+00  0.000000e+00  1.000000e+00
   outer loop
     vertex  3.297989e+01 -2.837988e+01  9.335000e+00
     vertex  3.329989e+01 -2.837988e+01  9.335000e+00
     vertex  3.329989e+01 -2.805988e+01  9.335000e+00
   endloop
 endfacet
 facet normal  0.000000e+00  0.000000e+00  1.000000e+00
   outer loop
     vertex  3.297989e+01 -2.837988e+01  9.335000e+00
     vertex  3.329989e+01 -2.805988e+01  9.335000e+00
     vertex  3.297989e+01 -2.805988e+01  9.335000e+00
   endloop
 endfacet
 facet normal  1.305500e-01  9.914417e-01  0.000000e+00
   outer loop
     vertex  3.741634e+01 -1.946212e+01  0.000000e+00
     vertex  3.663989e+01 -1.935988e+01  0.000000e+00
     vertex  3.663989e+01 -1.935988e+01  7.100000e-01
   endloop
 endfacet
 facet normal  1.305500e-01  9.914417e-01 -0.000000e+00
   outer loop
     vertex  3.741634e+01 -1.946212e+01  0.000000e+00
     vertex  3.663989e+01 -1.935988e+01  7.100000e-01
     vertex  3.741634e+01 -1.946212e+01  7.100000e-01
   endloop
 endfacet
 facet normal  3.826968e-01  9.238740e-01 -0.000000e+00
   outer loop
     vertex  3.813987e+01 -1.976183e+01  0.000000e+00
     vertex  3.741634e+01 -1.946212e+01  7.100000e-01
     vertex  3.813987e+01 -1.976183e+01  7.100000e-01
   endloop
 endfacet
 facet normal  3.826968e-01  9.238740e-01  0.000000e+00
   outer loop
     vertex  3.813987e+01 -1.976183e+01  0.000000e+00
     vertex  3.741634e+01 -1.946212e+01  0.000000e+00
     vertex  3.741634e+01 -1.946212e+01  7.100000e-01
   endloop
 endfacet
 facet normal  6.087652e-01  7.933504e-01 -0.000000e+00
   outer loop
     vertex  3.876119e+01 -2.023858e+01  0.000000e+00
     vertex  3.813987e+01 -1.976183e+01  7.100000e-01
     vertex  3.876119e+01 -2.023858e+01  7.100000e-01
   endloop
 endfacet
 facet normal  6.087652e-01  7.933504e-01  0.000000e+00
   outer loop
     vertex  3.876119e+01 -2.023858e+01  0.000000e+00
     vertex  3.813987e+01 -1.976183e+01  0.000000e+00
     vertex  3.813987e+01 -1.976183e+01  7.100000e-01
   endloop
 endfacet
 facet normal  7.933504e-01  6.087652e-01 -0.000000e+00
   outer loop
     vertex  3.923794e+01 -2.085990e+01  0.000000e+00
     vertex  3.876119e+01 -2.023858e+01  7.100000e-01
     vertex  3.923794e+01 -2.085990e+01  7.100000e-01
   endloop
 endfacet
 facet normal  9.238740e-01  3.826968e-01 -0.000000e+00
   outer loop
     vertex  3.923794e+01 -2.085990e+01  0.000000e+00
     vertex  3.923794e+01 -2.085990e+01  7.100000e-01
     vertex  3.953765e+01 -2.158343e+01  7.100000e-01
   endloop
 endfacet
 facet normal  7.933504e-01  6.087652e-01  0.000000e+00
   outer loop
     vertex  3.923794e+01 -2.085990e+01  0.000000e+00
     vertex  3.876119e+01 -2.023858e+01  0.000000e+00
     vertex  3.876119e+01 -2.023858e+01  7.100000e-01
   endloop
 endfacet
 facet normal  9.238740e-01  3.826968e-01 -0.000000e+00
   outer loop
     vertex  3.953765e+01 -2.158343e+01  0.000000e+00
     vertex  3.923794e+01 -2.085990e+01  0.000000e+00
     vertex  3.953765e+01 -2.158343e+01  7.100000e-01
   endloop
 endfacet
 facet normal  9.914417e-01  1.305500e-01 -0.000000e+00
   outer loop
     vertex  3.963989e+01 -2.235988e+01  0.000000e+00
     vertex  3.953765e+01 -2.158343e+01  7.100000e-01
     vertex  3.963989e+01 -2.235988e+01  7.100000e-01
   endloop
 endfacet
 facet normal  9.914417e-01  1.305500e-01  0.000000e+00
   outer loop
     vertex  3.963989e+01 -2.235988e+01  0.000000e+00
     vertex  3.953765e+01 -2.158343e+01  0.000000e+00
     vertex  3.953765e+01 -2.158343e+01  7.100000e-01
   endloop
 endfacet
 facet normal  0.000000e+00  1.000000e+00  0.000000e+00
   outer loop
     vertex  3.663989e+01 -1.935988e+01  0.000000e+00
     vertex  2.263989e+01 -1.935988e+01  0.000000e+00
     vertex  2.263989e+01 -1.935988e+01  7.100000e-01
   endloop
 endfacet
 facet normal  0.000000e+00  1.000000e+00 -0.000000e+00
   outer loop
     vertex  3.663989e+01 -1.935988e+01  0.000000e+00
     vertex  2.263989e+01 -1.935988e+01  7.100000e-01
     vertex  3.663989e+01 -1.935988e+01  7.100000e-01
   endloop
 endfacet
 facet normal  1.000000e+00  0.000000e+00  0.000000e+00
   outer loop
     vertex  3.963989e+01 -3.685988e+01  0.000000e+00
     vertex  3.963989e+01 -2.235988e+01  0.000000e+00
     vertex  3.963989e+01 -2.235988e+01  7.100000e-01
   endloop
 endfacet
 facet normal  1.000000e+00  0.000000e+00  0.000000e+00
   outer loop
     vertex  3.963989e+01 -3.685988e+01  0.000000e+00
     vertex  3.963989e+01 -2.235988e+01  7.100000e-01
     vertex  3.963989e+01 -3.685988e+01  7.100000e-01
   endloop
 endfacet
 facet normal  0.000000e+00  0.000000e+00 -1.000000e+00
   outer loop
     vertex  2.166534e+01 -3.757518e+01  0.000000e+00
     vertex  2.051860e+01 -3.898117e+01  0.000000e+00
     vertex  2.004184e+01 -3.835986e+01  0.000000e+00
   endloop
 endfacet
 facet normal  0.000000e+00 -0.000000e+00 -1.000000e+00
   outer loop
     vertex  2.158588e+01 -3.747163e+01  0.000000e+00
     vertex  2.166534e+01 -3.757518e+01  0.000000e+00
     vertex  2.004184e+01 -3.835986e+01  0.000000e+00
   endloop
 endfacet
 facet normal -0.000000e+00  0.000000e+00 -1.000000e+00
   outer loop
     vertex  2.176889e+01 -3.765464e+01  0.000000e+00
     vertex  2.051860e+01 -3.898117e+01  0.000000e+00
     vertex  2.166534e+01 -3.757518e+01  0.000000e+00
   endloop
 endfacet
 facet normal  0.000000e+00  0.000000e+00 -1.000000e+00
   outer loop
     vertex  2.176889e+01 -3.765464e+01  0.000000e+00
     vertex  2.113991e+01 -3.945793e+01  0.000000e+00
     vertex  2.051860e+01 -3.898117e+01  0.000000e+00
   endloop
 endfacet
 facet normal  0.000000e+00 -0.000000e+00 -1.000000e+00
   outer loop
     vertex  2.153593e+01 -3.735104e+01  0.000000e+00
     vertex  2.158588e+01 -3.747163e+01  0.000000e+00
     vertex  2.004184e+01 -3.835986e+01  0.000000e+00
   endloop
 endfacet
 facet normal  0.000000e+00  0.000000e+00 -1.000000e+00
   outer loop
     vertex  2.153593e+01 -3.735104e+01  0.000000e+00
     vertex  2.004184e+01 -3.835986e+01  0.000000e+00
     vertex  1.974213e+01 -3.763633e+01  0.000000e+00
   endloop
 endfacet
 facet normal -0.000000e+00  0.000000e+00 -1.000000e+00
   outer loop
     vertex  2.188948e+01 -3.770459e+01  0.000000e+00
     vertex  2.113991e+01 -3.945793e+01  0.000000e+00
     vertex  2.176889e+01 -3.765464e+01  0.000000e+00
   endloop
 endfacet
 facet normal  0.000000e+00 -0.000000e+00 -1.000000e+00
   outer loop
     vertex  2.151889e+01 -3.722163e+01  0.000000e+00
     vertex  2.153593e+01 -3.735104e+01  0.000000e+00
     vertex  1.974213e+01 -3.763633e+01  0.000000e+00
   endloop
 endfacet
 facet normal -0.000000e+00  0.000000e+00 -1.000000e+00
   outer loop
     vertex  2.151889e+01 -3.722163e+01  0.000000e+00
     vertex  1.974213e+01 -3.763633e+01  0.000000e+00
     vertex  1.963989e+01 -3.685988e+01  0.000000e+00
   endloop
 endfacet
 facet normal  0.000000e+00  0.000000e+00 -1.000000e+00
   outer loop
     vertex  2.201889e+01 -3.772163e+01  0.000000e+00
     vertex  2.186344e+01 -3.975764e+01  0.000000e+00
     vertex  2.113991e+01 -3.945793e+01  0.000000e+00
   endloop
 endfacet
 facet normal -0.000000e+00  0.000000e+00 -1.000000e+00
   outer loop
     vertex  2.201889e+01 -3.772163e+01  0.000000e+00
     vertex  2.113991e+01 -3.945793e+01  0.000000e+00
     vertex  2.188948e+01 -3.770459e+01  0.000000e+00
   endloop
 endfacet
 facet normal  0.000000e+00 -0.000000e+00 -1.000000e+00
   outer loop
     vertex  2.214830e+01 -3.770459e+01  0.000000e+00
     vertex  2.263989e+01 -3.985988e+01  0.000000e+00
     vertex  2.186344e+01 -3.975764e+01  0.000000e+00
   endloop
 endfacet
 facet normal  0.000000e+00  0.000000e+00 -1.000000e+00
   outer loop
     vertex  2.214830e+01 -3.770459e+01  0.000000e+00
     vertex  2.186344e+01 -3.975764e+01  0.000000e+00
     vertex  2.201889e+01 -3.772163e+01  0.000000e+00
   endloop
 endfacet
 facet normal -0.000000e+00  0.000000e+00 -1.000000e+00
   outer loop
     vertex  2.153593e+01 -3.709222e+01  0.000000e+00
     vertex  2.151889e+01 -3.722163e+01  0.000000e+00
     vertex  1.963989e+01 -3.685988e+01  0.000000e+00
   endloop
 endfacet
 facet normal -0.000000e+00  0.000000e+00 -1.000000e+00
   outer loop
     vertex  2.158588e+01 -3.697163e+01  0.000000e+00
     vertex  2.153593e+01 -3.709222e+01  0.000000e+00
     vertex  1.963989e+01 -3.685988e+01  0.000000e+00
   endloop
 endfacet
 facet normal  0.000000e+00 -0.000000e+00 -1.000000e+00
   outer loop
     vertex  2.226889e+01 -3.765464e+01  0.000000e+00
     vertex  2.263989e+01 -3.985988e+01  0.000000e+00
     vertex  2.214830e+01 -3.770459e+01  0.000000e+00
   endloop
 endfacet
 facet normal  0.000000e+00 -0.000000e+00 -1.000000e+00
   outer loop
     vertex  2.237245e+01 -3.757518e+01  0.000000e+00
     vertex  2.263989e+01 -3.985988e+01  0.000000e+00
     vertex  2.226889e+01 -3.765464e+01  0.000000e+00
   endloop
 endfacet
 facet normal -0.000000e+00  0.000000e+00 -1.000000e+00
   outer loop
     vertex  2.166534e+01 -3.686808e+01  0.000000e+00
     vertex  2.158588e+01 -3.697163e+01  0.000000e+00
     vertex  1.963989e+01 -3.685988e+01  0.000000e+00
   endloop
 endfacet
 facet normal  0.000000e+00 -0.000000e+00 -1.000000e+00
   outer loop
     vertex  2.245190e+01 -3.747163e+01  0.000000e+00
     vertex  2.263989e+01 -3.985988e+01  0.000000e+00
     vertex  2.237245e+01 -3.757518e+01  0.000000e+00
   endloop
 endfacet
 facet normal  0.000000e+00 -0.000000e+00 -1.000000e+00
   outer loop
     vertex  2.250185e+01 -3.735104e+01  0.000000e+00
     vertex  2.263989e+01 -3.985988e+01  0.000000e+00
     vertex  2.245190e+01 -3.747163e+01  0.000000e+00
   endloop
 endfacet
 facet normal  0.000000e+00 -0.000000e+00 -1.000000e+00
   outer loop
     vertex  2.166534e+01 -3.503518e+01  0.000000e+00
     vertex  2.166534e+01 -3.686808e+01  0.000000e+00
     vertex  1.963989e+01 -3.685988e+01  0.000000e+00
   endloop
 endfacet
 facet normal  0.000000e+00  0.000000e+00 -1.000000e+00
   outer loop
     vertex  2.166534e+01 -3.503518e+01  0.000000e+00
     vertex  2.176889e+01 -3.678862e+01  0.000000e+00
     vertex  2.166534e+01 -3.686808e+01  0.000000e+00
   endloop
 endfacet
 facet normal  0.000000e+00 -0.000000e+00 -1.000000e+00
   outer loop
     vertex  2.158588e+01 -3.493163e+01  0.000000e+00
     vertex  2.166534e+01 -3.503518e+01  0.000000e+00
     vertex  1.963989e+01 -3.685988e+01  0.000000e+00
   endloop
 endfacet
 facet normal -0.000000e+00 -0.000000e+00 -1.000000e+00
   outer loop
     vertex  2.176889e+01 -3.511464e+01  0.000000e+00
     vertex  2.176889e+01 -3.678862e+01  0.000000e+00
     vertex  2.166534e+01 -3.503518e+01  0.000000e+00
   endloop
 endfacet
 facet normal  0.000000e+00 -0.000000e+00 -1.000000e+00
   outer loop
     vertex  2.153593e+01 -3.481104e+01  0.000000e+00
     vertex  2.158588e+01 -3.493163e+01  0.000000e+00
     vertex  1.963989e+01 -3.685988e+01  0.000000e+00
   endloop
 endfacet
 facet normal -0.000000e+00  0.000000e+00 -1.000000e+00
   outer loop
     vertex  2.188948e+01 -3.516459e+01  0.000000e+00
     vertex  2.176889e+01 -3.678862e+01  0.000000e+00
     vertex  2.176889e+01 -3.511464e+01  0.000000e+00
   endloop
 endfacet
 facet normal  0.000000e+00 -0.000000e+00 -1.000000e+00
   outer loop
     vertex  2.188948e+01 -3.516459e+01  0.000000e+00
     vertex  2.188948e+01 -3.673867e+01  0.000000e+00
     vertex  2.176889e+01 -3.678862e+01  0.000000e+00
   endloop
 endfacet
 facet normal  0.000000e+00  0.000000e+00 -1.000000e+00
   outer loop
     vertex  2.188948e+01 -3.516459e+01  0.000000e+00
     vertex  2.201889e+01 -3.672163e+01  0.000000e+00
     vertex  2.188948e+01 -3.673867e+01  0.000000e+00
   endloop
 endfacet
 facet normal  0.000000e+00 -0.000000e+00 -1.000000e+00
   outer loop
     vertex  2.151889e+01 -3.468163e+01  0.000000e+00
     vertex  2.153593e+01 -3.481104e+01  0.000000e+00
     vertex  1.963989e+01 -3.685988e+01  0.000000e+00
   endloop
 endfacet
 facet normal -0.000000e+00 -0.000000e+00 -1.000000e+00
   outer loop
     vertex  2.201889e+01 -3.518163e+01  0.000000e+00
     vertex  2.201889e+01 -3.672163e+01  0.000000e+00
     vertex  2.188948e+01 -3.516459e+01  0.000000e+00
   endloop
 endfacet
 facet normal  0.000000e+00  0.000000e+00 -1.000000e+00
   outer loop
     vertex  2.214830e+01 -3.516459e+01  0.000000e+00
     vertex  2.201889e+01 -3.672163e+01  0.000000e+00
     vertex  2.201889e+01 -3.518163e+01  0.000000e+00
   endloop
 endfacet
 facet normal  0.000000e+00 -0.000000e+00 -1.000000e+00
   outer loop
     vertex  2.214830e+01 -3.516459e+01  0.000000e+00
     vertex  2.214830e+01 -3.673867e+01  0.000000e+00
     vertex  2.201889e+01 -3.672163e+01  0.000000e+00
   endloop
 endfacet
 facet normal  0.000000e+00  0.000000e+00 -1.000000e+00
   outer loop
     vertex  2.214830e+01 -3.516459e+01  0.000000e+00
     vertex  2.226889e+01 -3.678862e+01  0.000000e+00
     vertex  2.214830e+01 -3.673867e+01  0.000000e+00
   endloop
 endfacet
 facet normal  0.000000e+00  0.000000e+00 -1.000000e+00
   outer loop
     vertex  2.153593e+01 -3.455222e+01  0.000000e+00
     vertex  2.151889e+01 -3.468163e+01  0.000000e+00
     vertex  1.963989e+01 -3.685988e+01  0.000000e+00
   endloop
 endfacet
 facet normal  0.000000e+00 -0.000000e+00 -1.000000e+00
   outer loop
     vertex  2.226889e+01 -3.511464e+01  0.000000e+00
     vertex  2.226889e+01 -3.678862e+01  0.000000e+00
     vertex  2.214830e+01 -3.516459e+01  0.000000e+00
   endloop
 endfacet
 facet normal  0.000000e+00  0.000000e+00 -1.000000e+00
   outer loop
     vertex  2.237245e+01 -3.503518e+01  0.000000e+00
     vertex  2.226889e+01 -3.678862e+01  0.000000e+00
     vertex  2.226889e+01 -3.511464e+01  0.000000e+00
   endloop
 endfacet
 facet normal  0.000000e+00 -0.000000e+00 -1.000000e+00
   outer loop
     vertex  2.237245e+01 -3.503518e+01  0.000000e+00
     vertex  2.237245e+01 -3.686808e+01  0.000000e+00
     vertex  2.226889e+01 -3.678862e+01  0.000000e+00
   endloop
 endfacet
 facet normal  0.000000e+00  0.000000e+00 -1.000000e+00
   outer loop
     vertex  2.237245e+01 -3.503518e+01  0.000000e+00
     vertex  2.245190e+01 -3.697163e+01  0.000000e+00
     vertex  2.237245e+01 -3.686808e+01  0.000000e+00
   endloop
 endfacet
 facet normal  0.000000e+00  0.000000e+00 -1.000000e+00
   outer loop
     vertex  2.245190e+01 -3.493163e+01  0.000000e+00
     vertex  2.250185e+01 -3.709222e+01  0.000000e+00
     vertex  2.245190e+01 -3.697163e+01  0.000000e+00
   endloop
 endfacet
 facet normal  0.000000e+00 -0.000000e+00 -1.000000e+00
   outer loop
     vertex  2.245190e+01 -3.493163e+01  0.000000e+00
     vertex  2.245190e+01 -3.697163e+01  0.000000e+00
     vertex  2.237245e+01 -3.503518e+01  0.000000e+00
   endloop
 endfacet
 facet normal  0.000000e+00 -0.000000e+00 -1.000000e+00
   outer loop
     vertex  2.250185e+01 -3.481104e+01  0.000000e+00
     vertex  2.250185e+01 -3.709222e+01  0.000000e+00
     vertex  2.245190e+01 -3.493163e+01  0.000000e+00
   endloop
 endfacet
 facet normal  0.000000e+00  0.000000e+00 -1.000000e+00
   outer loop
     vertex  2.793989e+01 -3.985988e+01  0.000000e+00
     vertex  2.263989e+01 -3.985988e+01  0.000000e+00
     vertex  2.250185e+01 -3.735104e+01  0.000000e+00
   endloop
 endfacet
 facet normal  0.000000e+00  0.000000e+00 -1.000000e+00
   outer loop
     vertex  2.837634e+01 -3.970716e+01  0.000000e+00
     vertex  2.824361e+01 -3.979056e+01  0.000000e+00
     vertex  2.809566e+01 -3.984233e+01  0.000000e+00
   endloop
 endfacet
 facet normal  0.000000e+00 -0.000000e+00 -1.000000e+00
   outer loop
     vertex  2.166534e+01 -3.249518e+01  0.000000e+00
     vertex  2.166534e+01 -3.432808e+01  0.000000e+00
     vertex  2.158588e+01 -3.443163e+01  0.000000e+00
   endloop
 endfacet
 facet normal  0.000000e+00  0.000000e+00 -1.000000e+00
   outer loop
     vertex  2.166534e+01 -3.249518e+01  0.000000e+00
     vertex  2.176889e+01 -3.424862e+01  0.000000e+00
     vertex  2.166534e+01 -3.432808e+01  0.000000e+00
   endloop
 endfacet
 facet normal  0.000000e+00  0.000000e+00 -1.000000e+00
   outer loop
     vertex  2.158588e+01 -3.239163e+01  0.000000e+00
     vertex  2.166534e+01 -3.249518e+01  0.000000e+00
     vertex  2.158588e+01 -3.443163e+01  0.000000e+00
   endloop
 endfacet
 facet normal  0.000000e+00 -0.000000e+00 -1.000000e+00
   outer loop
     vertex  2.158588e+01 -3.239163e+01  0.000000e+00
     vertex  2.158588e+01 -3.443163e+01  0.000000e+00
     vertex  2.153593e+01 -3.455222e+01  0.000000e+00
   endloop
 endfacet
 facet normal -0.000000e+00 -0.000000e+00 -1.000000e+00
   outer loop
     vertex  2.176889e+01 -3.257464e+01  0.000000e+00
     vertex  2.176889e+01 -3.424862e+01  0.000000e+00
     vertex  2.166534e+01 -3.249518e+01  0.000000e+00
   endloop
 endfacet
 facet normal  0.000000e+00 -0.000000e+00 -1.000000e+00
   outer loop
     vertex  2.153593e+01 -3.227104e+01  0.000000e+00
     vertex  2.153593e+01 -3.455222e+01  0.000000e+00
     vertex  1.963989e+01 -3.685988e+01  0.000000e+00
   endloop
 endfacet
 facet normal  0.000000e+00  0.000000e+00 -1.000000e+00
   outer loop
     vertex  2.153593e+01 -3.227104e+01  0.000000e+00
     vertex  2.158588e+01 -3.239163e+01  0.000000e+00
     vertex  2.153593e+01 -3.455222e+01  0.000000e+00
   endloop
 endfacet
 facet normal -0.000000e+00  0.000000e+00 -1.000000e+00
   outer loop
     vertex  2.188948e+01 -3.262459e+01  0.000000e+00
     vertex  2.176889e+01 -3.424862e+01  0.000000e+00
     vertex  2.176889e+01 -3.257464e+01  0.000000e+00
   endloop
 endfacet
 facet normal  0.000000e+00 -0.000000e+00 -1.000000e+00
   outer loop
     vertex  2.188948e+01 -3.262459e+01  0.000000e+00
     vertex  2.188948e+01 -3.419867e+01  0.000000e+00
     vertex  2.176889e+01 -3.424862e+01  0.000000e+00
   endloop
 endfacet
 facet normal  0.000000e+00 -0.000000e+00 -1.000000e+00
   outer loop
     vertex  2.151889e+01 -3.214163e+01  0.000000e+00
     vertex  2.153593e+01 -3.227104e+01  0.000000e+00
     vertex  1.963989e+01 -3.685988e+01  0.000000e+00
   endloop
 endfacet
 facet normal -0.000000e+00  0.000000e+00 -1.000000e+00
   outer loop
     vertex  2.201889e+01 -3.264163e+01  0.000000e+00
     vertex  2.188948e+01 -3.419867e+01  0.000000e+00
     vertex  2.188948e+01 -3.262459e+01  0.000000e+00
   endloop
 endfacet
 facet normal  0.000000e+00 -0.000000e+00 -1.000000e+00
   outer loop
     vertex  2.201889e+01 -3.264163e+01  0.000000e+00
     vertex  2.201889e+01 -3.418163e+01  0.000000e+00
     vertex  2.188948e+01 -3.419867e+01  0.000000e+00
   endloop
 endfacet
 facet normal  0.000000e+00  0.000000e+00 -1.000000e+00
   outer loop
     vertex  2.201889e+01 -3.264163e+01  0.000000e+00
     vertex  2.214830e+01 -3.419867e+01  0.000000e+00
     vertex  2.201889e+01 -3.418163e+01  0.000000e+00
   endloop
 endfacet
 facet normal  0.000000e+00  0.000000e+00 -1.000000e+00
   outer loop
     vertex  2.863989e+01 -3.915988e+01  0.000000e+00
     vertex  2.837634e+01 -3.970716e+01  0.000000e+00
     vertex  2.809566e+01 -3.984233e+01  0.000000e+00
   endloop
 endfacet
 facet normal  0.000000e+00  0.000000e+00 -1.000000e+00
   outer loop
     vertex  2.863989e+01 -3.915988e+01  0.000000e+00
     vertex  2.862234e+01 -3.931564e+01  0.000000e+00
     vertex  2.857057e+01 -3.946360e+01  0.000000e+00
   endloop
 endfacet
 facet normal  0.000000e+00  0.000000e+00 -1.000000e+00
   outer loop
     vertex  2.863989e+01 -3.915988e+01  0.000000e+00
     vertex  2.857057e+01 -3.946360e+01  0.000000e+00
     vertex  2.848717e+01 -3.959632e+01  0.000000e+00
   endloop
 endfacet
 facet normal  0.000000e+00  0.000000e+00 -1.000000e+00
   outer loop
     vertex  2.863989e+01 -3.915988e+01  0.000000e+00
     vertex  2.848717e+01 -3.959632e+01  0.000000e+00
     vertex  2.837634e+01 -3.970716e+01  0.000000e+00
   endloop
 endfacet
 facet normal  0.000000e+00  0.000000e+00 -1.000000e+00
   outer loop
     vertex  2.863989e+01 -3.915988e+01  0.000000e+00
     vertex  2.809566e+01 -3.984233e+01  0.000000e+00
     vertex  2.793989e+01 -3.985988e+01  0.000000e+00
   endloop
 endfacet
 facet normal  0.000000e+00 -0.000000e+00 -1.000000e+00
   outer loop
     vertex  2.214830e+01 -3.262459e+01  0.000000e+00
     vertex  2.214830e+01 -3.419867e+01  0.000000e+00
     vertex  2.201889e+01 -3.264163e+01  0.000000e+00
   endloop
 endfacet
 facet normal  0.000000e+00  0.000000e+00 -1.000000e+00
   outer loop
     vertex  2.226889e+01 -3.257464e+01  0.000000e+00
     vertex  2.214830e+01 -3.419867e+01  0.000000e+00
     vertex  2.214830e+01 -3.262459e+01  0.000000e+00
   endloop
 endfacet
 facet normal  0.000000e+00 -0.000000e+00 -1.000000e+00
   outer loop
     vertex  2.226889e+01 -3.257464e+01  0.000000e+00
     vertex  2.226889e+01 -3.424862e+01  0.000000e+00
     vertex  2.214830e+01 -3.419867e+01  0.000000e+00
   endloop
 endfacet
 facet normal  0.000000e+00 -0.000000e+00 -1.000000e+00
   outer loop
     vertex  2.237245e+01 -3.249518e+01  0.000000e+00
     vertex  2.237245e+01 -3.432808e+01  0.000000e+00
     vertex  2.226889e+01 -3.424862e+01  0.000000e+00
   endloop
 endfacet
 facet normal  0.000000e+00  0.000000e+00 -1.000000e+00
   outer loop
     vertex  2.237245e+01 -3.249518e+01  0.000000e+00
     vertex  2.245190e+01 -3.443163e+01  0.000000e+00
     vertex  2.237245e+01 -3.432808e+01  0.000000e+00
   endloop
 endfacet
 facet normal  0.000000e+00  0.000000e+00 -1.000000e+00
   outer loop
     vertex  2.237245e+01 -3.249518e+01  0.000000e+00
     vertex  2.226889e+01 -3.424862e+01  0.000000e+00
     vertex  2.226889e+01 -3.257464e+01  0.000000e+00
   endloop
 endfacet
 facet normal  0.000000e+00  0.000000e+00 -1.000000e+00
   outer loop
     vertex  2.245190e+01 -3.239163e+01  0.000000e+00
     vertex  2.250185e+01 -3.455222e+01  0.000000e+00
     vertex  2.245190e+01 -3.443163e+01  0.000000e+00
   endloop
 endfacet
 facet normal  0.000000e+00 -0.000000e+00 -1.000000e+00
   outer loop
     vertex  2.245190e+01 -3.239163e+01  0.000000e+00
     vertex  2.245190e+01 -3.443163e+01  0.000000e+00
     vertex  2.237245e+01 -3.249518e+01  0.000000e+00
   endloop
 endfacet
 facet normal  0.000000e+00 -0.000000e+00 -1.000000e+00
   outer loop
     vertex  2.250185e+01 -3.227104e+01  0.000000e+00
     vertex  2.250185e+01 -3.455222e+01  0.000000e+00
     vertex  2.245190e+01 -3.239163e+01  0.000000e+00
   endloop
 endfacet
 facet normal  0.000000e+00 -0.000000e+00 -1.000000e+00
   outer loop
     vertex  2.863989e+01 -3.755988e+01  0.000000e+00
     vertex  2.863989e+01 -3.915988e+01  0.000000e+00
     vertex  2.793989e+01 -3.985988e+01  0.000000e+00
   endloop
 endfacet
 facet normal -0.000000e+00  0.000000e+00 -1.000000e+00
   outer loop
     vertex  2.863989e+01 -3.755988e+01  0.000000e+00
     vertex  2.793989e+01 -3.985988e+01  0.000000e+00
     vertex  2.250185e+01 -3.735104e+01  0.000000e+00
   endloop
 endfacet
 facet normal  0.000000e+00  0.000000e+00 -1.000000e+00
   outer loop
     vertex  2.863989e+01 -3.755988e+01  0.000000e+00
     vertex  2.250185e+01 -3.735104e+01  0.000000e+00
     vertex  2.251889e+01 -3.722163e+01  0.000000e+00
   endloop
 endfacet
 facet normal -0.000000e+00  0.000000e+00 -1.000000e+00
   outer loop
     vertex  2.865744e+01 -3.740411e+01  0.000000e+00
     vertex  2.863989e+01 -3.755988e+01  0.000000e+00
     vertex  2.251889e+01 -3.722163e+01  0.000000e+00
   endloop
 endfacet
 facet normal  0.000000e+00  0.000000e+00 -1.000000e+00
   outer loop
     vertex  2.865744e+01 -3.740411e+01  0.000000e+00
     vertex  2.251889e+01 -3.722163e+01  0.000000e+00
     vertex  2.250185e+01 -3.709222e+01  0.000000e+00
   endloop
 endfacet
 facet normal -0.000000e+00  0.000000e+00 -1.000000e+00
   outer loop
     vertex  2.870921e+01 -3.725616e+01  0.000000e+00
     vertex  2.865744e+01 -3.740411e+01  0.000000e+00
     vertex  2.250185e+01 -3.709222e+01  0.000000e+00
   endloop
 endfacet
 facet normal  0.000000e+00  0.000000e+00 -1.000000e+00
   outer loop
     vertex  2.870921e+01 -3.725616e+01  0.000000e+00
     vertex  2.250185e+01 -3.709222e+01  0.000000e+00
     vertex  2.250185e+01 -3.481104e+01  0.000000e+00
   endloop
 endfacet
 facet normal  0.000000e+00  0.000000e+00 -1.000000e+00
   outer loop
     vertex  2.879261e+01 -3.712344e+01  0.000000e+00
     vertex  2.250185e+01 -3.481104e+01  0.000000e+00
     vertex  2.251889e+01 -3.468163e+01  0.000000e+00
   endloop
 endfacet
 facet normal -0.000000e+00  0.000000e+00 -1.000000e+00
   outer loop
     vertex  2.879261e+01 -3.712344e+01  0.000000e+00
     vertex  2.870921e+01 -3.725616e+01  0.000000e+00
     vertex  2.250185e+01 -3.481104e+01  0.000000e+00
   endloop
 endfacet
 facet normal  0.000000e+00 -0.000000e+00 -1.000000e+00
   outer loop
     vertex  2.176889e+01 -3.003464e+01  0.000000e+00
     vertex  2.176889e+01 -3.170862e+01  0.000000e+00
     vertex  2.166534e+01 -3.178808e+01  0.000000e+00
   endloop
 endfacet
 facet normal  0.000000e+00  0.000000e+00 -1.000000e+00
   outer loop
     vertex  2.176889e+01 -3.003464e+01  0.000000e+00
     vertex  2.188948e+01 -3.165867e+01  0.000000e+00
     vertex  2.176889e+01 -3.170862e+01  0.000000e+00
   endloop
 endfacet
 facet normal -0.000000e+00  0.000000e+00 -1.000000e+00
   outer loop
     vertex  2.176889e+01 -3.003464e+01  0.000000e+00
     vertex  2.166534e+01 -3.178808e+01  0.000000e+00
     vertex  2.166534e+01 -2.995518e+01  0.000000e+00
   endloop
 endfacet
 facet normal  0.000000e+00 -0.000000e+00 -1.000000e+00
   outer loop
     vertex  2.158588e+01 -2.985163e+01  0.000000e+00
     vertex  2.158588e+01 -3.189163e+01  0.000000e+00
     vertex  2.153593e+01 -3.201222e+01  0.000000e+00
   endloop
 endfacet
 facet normal  0.000000e+00  0.000000e+00 -1.000000e+00
   outer loop
     vertex  2.158588e+01 -2.985163e+01  0.000000e+00
     vertex  2.166534e+01 -3.178808e+01  0.000000e+00
     vertex  2.158588e+01 -3.189163e+01  0.000000e+00
   endloop
 endfacet
 facet normal  0.000000e+00  0.000000e+00 -1.000000e+00
   outer loop
     vertex  2.158588e+01 -2.985163e+01  0.000000e+00
     vertex  2.166534e+01 -2.995518e+01  0.000000e+00
     vertex  2.166534e+01 -3.178808e+01  0.000000e+00
   endloop
 endfacet
 facet normal -0.000000e+00 -0.000000e+00 -1.000000e+00
   outer loop
     vertex  2.188948e+01 -3.008459e+01  0.000000e+00
     vertex  2.188948e+01 -3.165867e+01  0.000000e+00
     vertex  2.176889e+01 -3.003464e+01  0.000000e+00
   endloop
 endfacet
 facet normal  0.000000e+00  0.000000e+00 -1.000000e+00
   outer loop
     vertex  2.153593e+01 -2.973104e+01  0.000000e+00
     vertex  2.158588e+01 -2.985163e+01  0.000000e+00
     vertex  2.153593e+01 -3.201222e+01  0.000000e+00
   endloop
 endfacet
 facet normal  0.000000e+00  0.000000e+00 -1.000000e+00
   outer loop
     vertex  2.890345e+01 -3.701260e+01  0.000000e+00
     vertex  2.251889e+01 -3.468163e+01  0.000000e+00
     vertex  2.250185e+01 -3.455222e+01  0.000000e+00
   endloop
 endfacet
 facet normal  0.000000e+00  0.000000e+00 -1.000000e+00
   outer loop
     vertex  2.890345e+01 -3.701260e+01  0.000000e+00
     vertex  2.250185e+01 -3.455222e+01  0.000000e+00
     vertex  2.250185e+01 -3.227104e+01  0.000000e+00
   endloop
 endfacet
 facet normal -0.000000e+00  0.000000e+00 -1.000000e+00
   outer loop
     vertex  2.890345e+01 -3.701260e+01  0.000000e+00
     vertex  2.879261e+01 -3.712344e+01  0.000000e+00
     vertex  2.251889e+01 -3.468163e+01  0.000000e+00
   endloop
 endfacet
 facet normal  0.000000e+00  0.000000e+00 -1.000000e+00
   outer loop
     vertex  2.151889e+01 -2.960163e+01  0.000000e+00
     vertex  2.153593e+01 -3.201222e+01  0.000000e+00
     vertex  2.151889e+01 -3.214163e+01  0.000000e+00
   endloop
 endfacet
 facet normal  0.000000e+00 -0.000000e+00 -1.000000e+00
   outer loop
     vertex  2.151889e+01 -2.960163e+01  0.000000e+00
     vertex  2.151889e+01 -3.214163e+01  0.000000e+00
     vertex  1.963989e+01 -3.685988e+01  0.000000e+00
   endloop
 endfacet
 facet normal  0.000000e+00  0.000000e+00 -1.000000e+00
   outer loop
     vertex  2.151889e+01 -2.960163e+01  0.000000e+00
     vertex  2.153593e+01 -2.973104e+01  0.000000e+00
     vertex  2.153593e+01 -3.201222e+01  0.000000e+00
   endloop
 endfacet
 facet normal  0.000000e+00 -0.000000e+00 -1.000000e+00
   outer loop
     vertex  2.201889e+01 -3.010163e+01  0.000000e+00
     vertex  2.201889e+01 -3.164163e+01  0.000000e+00
     vertex  2.188948e+01 -3.165867e+01  0.000000e+00
   endloop
 endfacet
 facet normal -0.000000e+00  0.000000e+00 -1.000000e+00
   outer loop
     vertex  2.201889e+01 -3.010163e+01  0.000000e+00
     vertex  2.188948e+01 -3.165867e+01  0.000000e+00
     vertex  2.188948e+01 -3.008459e+01  0.000000e+00
   endloop
 endfacet
 facet normal  0.000000e+00 -0.000000e+00 -1.000000e+00
   outer loop
     vertex  2.214830e+01 -3.008459e+01  0.000000e+00
     vertex  2.214830e+01 -3.165867e+01  0.000000e+00
     vertex  2.201889e+01 -3.164163e+01  0.000000e+00
   endloop
 endfacet
 facet normal  0.000000e+00  0.000000e+00 -1.000000e+00
   outer loop
     vertex  2.214830e+01 -3.008459e+01  0.000000e+00
     vertex  2.201889e+01 -3.164163e+01  0.000000e+00
     vertex  2.201889e+01 -3.010163e+01  0.000000e+00
   endloop
 endfacet
 facet normal  0.000000e+00 -0.000000e+00 -1.000000e+00
   outer loop
     vertex  2.226889e+01 -3.003464e+01  0.000000e+00
     vertex  2.226889e+01 -3.170862e+01  0.000000e+00
     vertex  2.214830e+01 -3.165867e+01  0.000000e+00
   endloop
 endfacet
 facet normal  0.000000e+00  0.000000e+00 -1.000000e+00
   outer loop
     vertex  2.226889e+01 -3.003464e+01  0.000000e+00
     vertex  2.214830e+01 -3.165867e+01  0.000000e+00
     vertex  2.214830e+01 -3.008459e+01  0.000000e+00
   endloop
 endfacet
 facet normal  0.000000e+00 -0.000000e+00 -1.000000e+00
   outer loop
     vertex  2.237245e+01 -2.995518e+01  0.000000e+00
     vertex  2.237245e+01 -3.178808e+01  0.000000e+00
     vertex  2.226889e+01 -3.170862e+01  0.000000e+00
   endloop
 endfacet
 facet normal  0.000000e+00  0.000000e+00 -1.000000e+00
   outer loop
     vertex  2.237245e+01 -2.995518e+01  0.000000e+00
     vertex  2.226889e+01 -3.170862e+01  0.000000e+00
     vertex  2.226889e+01 -3.003464e+01  0.000000e+00
   endloop
 endfacet
 facet normal  0.000000e+00 -0.000000e+00 -1.000000e+00
   outer loop
     vertex  2.245190e+01 -2.985163e+01  0.000000e+00
     vertex  2.245190e+01 -3.189163e+01  0.000000e+00
     vertex  2.237245e+01 -3.178808e+01  0.000000e+00
   endloop
 endfacet
 facet normal  0.000000e+00  0.000000e+00 -1.000000e+00
   outer loop
     vertex  2.245190e+01 -2.985163e+01  0.000000e+00
     vertex  2.237245e+01 -3.178808e+01  0.000000e+00
     vertex  2.237245e+01 -2.995518e+01  0.000000e+00
   endloop
 endfacet
 facet normal  0.000000e+00  0.000000e+00 -1.000000e+00
   outer loop
     vertex  2.250185e+01 -2.973104e+01  0.000000e+00
     vertex  2.245190e+01 -3.189163e+01  0.000000e+00
     vertex  2.245190e+01 -2.985163e+01  0.000000e+00
   endloop
 endfacet
 facet normal  0.000000e+00 -0.000000e+00 -1.000000e+00
   outer loop
     vertex  2.250185e+01 -2.973104e+01  0.000000e+00
     vertex  2.250185e+01 -3.201222e+01  0.000000e+00
     vertex  2.245190e+01 -3.189163e+01  0.000000e+00
   endloop
 endfacet
 facet normal  0.000000e+00 -0.000000e+00 -1.000000e+00
   outer loop
     vertex  2.166534e+01 -2.741518e+01  0.000000e+00
     vertex  2.166534e+01 -2.924808e+01  0.000000e+00
     vertex  2.158588e+01 -2.935163e+01  0.000000e+00
   endloop
 endfacet
 facet normal  0.000000e+00  0.000000e+00 -1.000000e+00
   outer loop
     vertex  2.158588e+01 -2.731163e+01  0.000000e+00
     vertex  2.166534e+01 -2.741518e+01  0.000000e+00
     vertex  2.158588e+01 -2.935163e+01  0.000000e+00
   endloop
 endfacet
 facet normal -0.000000e+00  0.000000e+00 -1.000000e+00
   outer loop
     vertex  2.176889e+01 -2.749464e+01  0.000000e+00
     vertex  2.166534e+01 -2.924808e+01  0.000000e+00
     vertex  2.166534e+01 -2.741518e+01  0.000000e+00
   endloop
 endfacet
 facet normal  0.000000e+00 -0.000000e+00 -1.000000e+00
   outer loop
     vertex  2.176889e+01 -2.749464e+01  0.000000e+00
     vertex  2.176889e+01 -2.916862e+01  0.000000e+00
     vertex  2.166534e+01 -2.924808e+01  0.000000e+00
   endloop
 endfacet
 facet normal  0.000000e+00  0.000000e+00 -1.000000e+00
   outer loop
     vertex  2.176889e+01 -2.749464e+01  0.000000e+00
     vertex  2.188948e+01 -2.911867e+01  0.000000e+00
     vertex  2.176889e+01 -2.916862e+01  0.000000e+00
   endloop
 endfacet
 facet normal  0.000000e+00  0.000000e+00 -1.000000e+00
   outer loop
     vertex  2.153593e+01 -2.719104e+01  0.000000e+00
     vertex  2.158588e+01 -2.731163e+01  0.000000e+00
     vertex  2.158588e+01 -2.935163e+01  0.000000e+00
   endloop
 endfacet
 facet normal  0.000000e+00 -0.000000e+00 -1.000000e+00
   outer loop
     vertex  2.153593e+01 -2.719104e+01  0.000000e+00
     vertex  2.153593e+01 -2.947222e+01  0.000000e+00
     vertex  2.151889e+01 -2.960163e+01  0.000000e+00
   endloop
 endfacet
 facet normal  0.000000e+00  0.000000e+00 -1.000000e+00
   outer loop
     vertex  2.153593e+01 -2.719104e+01  0.000000e+00
     vertex  2.158588e+01 -2.935163e+01  0.000000e+00
     vertex  2.153593e+01 -2.947222e+01  0.000000e+00
   endloop
 endfacet
 facet normal -0.000000e+00 -0.000000e+00 -1.000000e+00
   outer loop
     vertex  2.188948e+01 -2.754459e+01  0.000000e+00
     vertex  2.188948e+01 -2.911867e+01  0.000000e+00
     vertex  2.176889e+01 -2.749464e+01  0.000000e+00
   endloop
 endfacet
 facet normal  0.000000e+00  0.000000e+00 -1.000000e+00
   outer loop
     vertex  2.151889e+01 -2.706163e+01  0.000000e+00
     vertex  2.153593e+01 -2.719104e+01  0.000000e+00
     vertex  2.151889e+01 -2.960163e+01  0.000000e+00
   endloop
 endfacet
 facet normal -0.000000e+00  0.000000e+00 -1.000000e+00
   outer loop
     vertex  2.201889e+01 -2.756163e+01  0.000000e+00
     vertex  2.188948e+01 -2.911867e+01  0.000000e+00
     vertex  2.188948e+01 -2.754459e+01  0.000000e+00
   endloop
 endfacet
 facet normal  0.000000e+00 -0.000000e+00 -1.000000e+00
   outer loop
     vertex  2.201889e+01 -2.756163e+01  0.000000e+00
     vertex  2.201889e+01 -2.910163e+01  0.000000e+00
     vertex  2.188948e+01 -2.911867e+01  0.000000e+00
   endloop
 endfacet
 facet normal  0.000000e+00  0.000000e+00 -1.000000e+00
   outer loop
     vertex  2.214830e+01 -2.754459e+01  0.000000e+00
     vertex  2.201889e+01 -2.910163e+01  0.000000e+00
     vertex  2.201889e+01 -2.756163e+01  0.000000e+00
   endloop
 endfacet
 facet normal  0.000000e+00 -0.000000e+00 -1.000000e+00
   outer loop
     vertex  2.214830e+01 -2.754459e+01  0.000000e+00
     vertex  2.214830e+01 -2.911867e+01  0.000000e+00
     vertex  2.201889e+01 -2.910163e+01  0.000000e+00
   endloop
 endfacet
 facet normal  0.000000e+00  0.000000e+00 -1.000000e+00
   outer loop
     vertex  2.226889e+01 -2.749464e+01  0.000000e+00
     vertex  2.214830e+01 -2.911867e+01  0.000000e+00
     vertex  2.214830e+01 -2.754459e+01  0.000000e+00
   endloop
 endfacet
 facet normal  0.000000e+00 -0.000000e+00 -1.000000e+00
   outer loop
     vertex  2.226889e+01 -2.749464e+01  0.000000e+00
     vertex  2.226889e+01 -2.916862e+01  0.000000e+00
     vertex  2.214830e+01 -2.911867e+01  0.000000e+00
   endloop
 endfacet
 facet normal  0.000000e+00  0.000000e+00 -1.000000e+00
   outer loop
     vertex  2.226889e+01 -2.749464e+01  0.000000e+00
     vertex  2.237245e+01 -2.924808e+01  0.000000e+00
     vertex  2.226889e+01 -2.916862e+01  0.000000e+00
   endloop
 endfacet
 facet normal  0.000000e+00 -0.000000e+00 -1.000000e+00
   outer loop
     vertex  2.237245e+01 -2.741518e+01  0.000000e+00
     vertex  2.237245e+01 -2.924808e+01  0.000000e+00
     vertex  2.226889e+01 -2.749464e+01  0.000000e+00
   endloop
 endfacet
 facet normal  0.000000e+00  0.000000e+00 -1.000000e+00
   outer loop
     vertex  2.245190e+01 -2.731163e+01  0.000000e+00
     vertex  2.237245e+01 -2.924808e+01  0.000000e+00
     vertex  2.237245e+01 -2.741518e+01  0.000000e+00
   endloop
 endfacet
 facet normal  0.000000e+00 -0.000000e+00 -1.000000e+00
   outer loop
     vertex  2.245190e+01 -2.731163e+01  0.000000e+00
     vertex  2.245190e+01 -2.935163e+01  0.000000e+00
     vertex  2.237245e+01 -2.924808e+01  0.000000e+00
   endloop
 endfacet
 facet normal  0.000000e+00  0.000000e+00 -1.000000e+00
   outer loop
     vertex  2.245190e+01 -2.731163e+01  0.000000e+00
     vertex  2.250185e+01 -2.947222e+01  0.000000e+00
     vertex  2.245190e+01 -2.935163e+01  0.000000e+00
   endloop
 endfacet
 facet normal  0.000000e+00 -0.000000e+00 -1.000000e+00
   outer loop
     vertex  2.250185e+01 -2.719104e+01  0.000000e+00
     vertex  2.250185e+01 -2.947222e+01  0.000000e+00
     vertex  2.245190e+01 -2.731163e+01  0.000000e+00
   endloop
 endfacet
 facet normal  0.000000e+00  0.000000e+00 -1.000000e+00
   outer loop
     vertex  3.548413e+01 -3.984233e+01  0.000000e+00
     vertex  3.533617e+01 -3.979056e+01  0.000000e+00
     vertex  3.520345e+01 -3.970716e+01  0.000000e+00
   endloop
 endfacet
 facet normal  0.000000e+00  0.000000e+00 -1.000000e+00
   outer loop
     vertex  3.548413e+01 -3.984233e+01  0.000000e+00
     vertex  3.520345e+01 -3.970716e+01  0.000000e+00
     vertex  3.509261e+01 -3.959632e+01  0.000000e+00
   endloop
 endfacet
 facet normal  0.000000e+00  0.000000e+00 -1.000000e+00
   outer loop
     vertex  3.548413e+01 -3.984233e+01  0.000000e+00
     vertex  3.509261e+01 -3.959632e+01  0.000000e+00
     vertex  3.500921e+01 -3.946360e+01  0.000000e+00
   endloop
 endfacet
 facet normal  0.000000e+00  0.000000e+00 -1.000000e+00
   outer loop
     vertex  3.493989e+01 -3.915988e+01  0.000000e+00
     vertex  3.500921e+01 -3.946360e+01  0.000000e+00
     vertex  3.495744e+01 -3.931564e+01  0.000000e+00
   endloop
 endfacet
 facet normal  0.000000e+00  0.000000e+00 -1.000000e+00
   outer loop
     vertex  3.493989e+01 -3.915988e+01  0.000000e+00
     vertex  3.548413e+01 -3.984233e+01  0.000000e+00
     vertex  3.500921e+01 -3.946360e+01  0.000000e+00
   endloop
 endfacet
 facet normal  0.000000e+00  0.000000e+00 -1.000000e+00
   outer loop
     vertex  3.563989e+01 -3.985988e+01  0.000000e+00
     vertex  3.548413e+01 -3.984233e+01  0.000000e+00
     vertex  3.493989e+01 -3.915988e+01  0.000000e+00
   endloop
 endfacet
 facet normal  0.000000e+00  0.000000e+00 -1.000000e+00
   outer loop
     vertex  3.663989e+01 -3.985988e+01  0.000000e+00
     vertex  3.563989e+01 -3.985988e+01  0.000000e+00
     vertex  3.493989e+01 -3.915988e+01  0.000000e+00
   endloop
 endfacet
 facet normal  0.000000e+00  0.000000e+00 -1.000000e+00
   outer loop
     vertex  2.158588e+01 -2.477163e+01  0.000000e+00
     vertex  2.166534e+01 -2.487518e+01  0.000000e+00
     vertex  2.166534e+01 -2.670808e+01  0.000000e+00
   endloop
 endfacet
 facet normal  0.000000e+00 -0.000000e+00 -1.000000e+00
   outer loop
     vertex  2.158588e+01 -2.477163e+01  0.000000e+00
     vertex  2.158588e+01 -2.681163e+01  0.000000e+00
     vertex  2.153593e+01 -2.693222e+01  0.000000e+00
   endloop
 endfacet
 facet normal  0.000000e+00  0.000000e+00 -1.000000e+00
   outer loop
     vertex  2.158588e+01 -2.477163e+01  0.000000e+00
     vertex  2.166534e+01 -2.670808e+01  0.000000e+00
     vertex  2.158588e+01 -2.681163e+01  0.000000e+00
   endloop
 endfacet
 facet normal -0.000000e+00  0.000000e+00 -1.000000e+00
   outer loop
     vertex  2.176889e+01 -2.495464e+01  0.000000e+00
     vertex  2.166534e+01 -2.670808e+01  0.000000e+00
     vertex  2.166534e+01 -2.487518e+01  0.000000e+00
   endloop
 endfacet
 facet normal  0.000000e+00 -0.000000e+00 -1.000000e+00
   outer loop
     vertex  2.176889e+01 -2.495464e+01  0.000000e+00
     vertex  2.176889e+01 -2.662862e+01  0.000000e+00
     vertex  2.166534e+01 -2.670808e+01  0.000000e+00
   endloop
 endfacet
 facet normal  0.000000e+00 -0.000000e+00 -1.000000e+00
   outer loop
     vertex  2.188948e+01 -2.500459e+01  0.000000e+00
     vertex  2.188948e+01 -2.657867e+01  0.000000e+00
     vertex  2.176889e+01 -2.662862e+01  0.000000e+00
   endloop
 endfacet
 facet normal -0.000000e+00  0.000000e+00 -1.000000e+00
   outer loop
     vertex  2.188948e+01 -2.500459e+01  0.000000e+00
     vertex  2.176889e+01 -2.662862e+01  0.000000e+00
     vertex  2.176889e+01 -2.495464e+01  0.000000e+00
   endloop
 endfacet
 facet normal  0.000000e+00  0.000000e+00 -1.000000e+00
   outer loop
     vertex  2.153593e+01 -2.465104e+01  0.000000e+00
     vertex  2.158588e+01 -2.477163e+01  0.000000e+00
     vertex  2.153593e+01 -2.693222e+01  0.000000e+00
   endloop
 endfacet
 facet normal  0.000000e+00 -0.000000e+00 -1.000000e+00
   outer loop
     vertex  2.201889e+01 -2.502163e+01  0.000000e+00
     vertex  2.201889e+01 -2.656163e+01  0.000000e+00
     vertex  2.188948e+01 -2.657867e+01  0.000000e+00
   endloop
 endfacet
 facet normal -0.000000e+00  0.000000e+00 -1.000000e+00
   outer loop
     vertex  2.201889e+01 -2.502163e+01  0.000000e+00
     vertex  2.188948e+01 -2.657867e+01  0.000000e+00
     vertex  2.188948e+01 -2.500459e+01  0.000000e+00
   endloop
 endfacet
 facet normal  0.000000e+00 -0.000000e+00 -1.000000e+00
   outer loop
     vertex  2.214830e+01 -2.500459e+01  0.000000e+00
     vertex  2.214830e+01 -2.657867e+01  0.000000e+00
     vertex  2.201889e+01 -2.656163e+01  0.000000e+00
   endloop
 endfacet
 facet normal  0.000000e+00  0.000000e+00 -1.000000e+00
   outer loop
     vertex  2.214830e+01 -2.500459e+01  0.000000e+00
     vertex  2.201889e+01 -2.656163e+01  0.000000e+00
     vertex  2.201889e+01 -2.502163e+01  0.000000e+00
   endloop
 endfacet
 facet normal  0.000000e+00  0.000000e+00 -1.000000e+00
   outer loop
     vertex  1.963989e+01 -2.235988e+01  0.000000e+00
     vertex  2.151889e+01 -2.706163e+01  0.000000e+00
     vertex  2.151889e+01 -2.960163e+01  0.000000e+00
   endloop
 endfacet
 facet normal  0.000000e+00  0.000000e+00 -1.000000e+00
   outer loop
     vertex  1.963989e+01 -2.235988e+01  0.000000e+00
     vertex  2.153593e+01 -2.465104e+01  0.000000e+00
     vertex  2.153593e+01 -2.693222e+01  0.000000e+00
   endloop
 endfacet
 facet normal  0.000000e+00  0.000000e+00 -1.000000e+00
   outer loop
     vertex  1.963989e+01 -2.235988e+01  0.000000e+00
     vertex  2.151889e+01 -2.452163e+01  0.000000e+00
     vertex  2.153593e+01 -2.465104e+01  0.000000e+00
   endloop
 endfacet
 facet normal  0.000000e+00  0.000000e+00 -1.000000e+00
   outer loop
     vertex  1.963989e+01 -2.235988e+01  0.000000e+00
     vertex  2.153593e+01 -2.439222e+01  0.000000e+00
     vertex  2.151889e+01 -2.452163e+01  0.000000e+00
   endloop
 endfacet
 facet normal  0.000000e+00  0.000000e+00 -1.000000e+00
   outer loop
     vertex  1.963989e+01 -2.235988e+01  0.000000e+00
     vertex  2.151889e+01 -2.960163e+01  0.000000e+00
     vertex  1.963989e+01 -3.685988e+01  0.000000e+00
   endloop
 endfacet
 facet normal  0.000000e+00  0.000000e+00 -1.000000e+00
   outer loop
     vertex  1.963989e+01 -2.235988e+01  0.000000e+00
     vertex  2.153593e+01 -2.693222e+01  0.000000e+00
     vertex  2.151889e+01 -2.706163e+01  0.000000e+00
   endloop
 endfacet
 facet normal -0.000000e+00  0.000000e+00 -1.000000e+00
   outer loop
     vertex  2.158588e+01 -2.427163e+01  0.000000e+00
     vertex  2.153593e+01 -2.439222e+01  0.000000e+00
     vertex  1.963989e+01 -2.235988e+01  0.000000e+00
   endloop
 endfacet
 facet normal  0.000000e+00  0.000000e+00 -1.000000e+00
   outer loop
     vertex  2.226889e+01 -2.495464e+01  0.000000e+00
     vertex  2.214830e+01 -2.657867e+01  0.000000e+00
     vertex  2.214830e+01 -2.500459e+01  0.000000e+00
   endloop
 endfacet
 facet normal  0.000000e+00 -0.000000e+00 -1.000000e+00
   outer loop
     vertex  2.226889e+01 -2.495464e+01  0.000000e+00
     vertex  2.226889e+01 -2.662862e+01  0.000000e+00
     vertex  2.214830e+01 -2.657867e+01  0.000000e+00
   endloop
 endfacet
 facet normal  0.000000e+00  0.000000e+00 -1.000000e+00
   outer loop
     vertex  2.226889e+01 -2.495464e+01  0.000000e+00
     vertex  2.237245e+01 -2.670808e+01  0.000000e+00
     vertex  2.226889e+01 -2.662862e+01  0.000000e+00
   endloop
 endfacet
 facet normal -0.000000e+00  0.000000e+00 -1.000000e+00
   outer loop
     vertex  2.166534e+01 -2.416808e+01  0.000000e+00
     vertex  2.158588e+01 -2.427163e+01  0.000000e+00
     vertex  1.963989e+01 -2.235988e+01  0.000000e+00
   endloop
 endfacet
 facet normal  0.000000e+00 -0.000000e+00 -1.000000e+00
   outer loop
     vertex  2.237245e+01 -2.487518e+01  0.000000e+00
     vertex  2.237245e+01 -2.670808e+01  0.000000e+00
     vertex  2.226889e+01 -2.495464e+01  0.000000e+00
   endloop
 endfacet
 facet normal  0.000000e+00  0.000000e+00 -1.000000e+00
   outer loop
     vertex  2.237245e+01 -2.487518e+01  0.000000e+00
     vertex  2.245190e+01 -2.681163e+01  0.000000e+00
     vertex  2.237245e+01 -2.670808e+01  0.000000e+00
   endloop
 endfacet
 facet normal  0.000000e+00 -0.000000e+00 -1.000000e+00
   outer loop
     vertex  2.245190e+01 -2.477163e+01  0.000000e+00
     vertex  2.245190e+01 -2.681163e+01  0.000000e+00
     vertex  2.237245e+01 -2.487518e+01  0.000000e+00
   endloop
 endfacet
 facet normal  0.000000e+00  0.000000e+00 -1.000000e+00
   outer loop
     vertex  2.245190e+01 -2.477163e+01  0.000000e+00
     vertex  2.250185e+01 -2.693222e+01  0.000000e+00
     vertex  2.245190e+01 -2.681163e+01  0.000000e+00
   endloop
 endfacet
 facet normal  0.000000e+00 -0.000000e+00 -1.000000e+00
   outer loop
     vertex  2.250185e+01 -2.465104e+01  0.000000e+00
     vertex  2.250185e+01 -2.693222e+01  0.000000e+00
     vertex  2.245190e+01 -2.477163e+01  0.000000e+00
   endloop
 endfacet
 facet normal  0.000000e+00  0.000000e+00 -1.000000e+00
   outer loop
     vertex  3.024634e+01 -3.111343e+01  0.000000e+00
     vertex  2.918413e+01 -3.687743e+01  0.000000e+00
     vertex  2.903617e+01 -3.692920e+01  0.000000e+00
   endloop
 endfacet
 facet normal  0.000000e+00 -0.000000e+00 -1.000000e+00
   outer loop
     vertex  3.016688e+01 -3.100988e+01  0.000000e+00
     vertex  3.024634e+01 -3.111343e+01  0.000000e+00
     vertex  2.903617e+01 -3.692920e+01  0.000000e+00
   endloop
 endfacet
 facet normal  0.000000e+00  0.000000e+00 -1.000000e+00
   outer loop
     vertex  3.016688e+01 -3.100988e+01  0.000000e+00
     vertex  2.890345e+01 -3.701260e+01  0.000000e+00
     vertex  2.250185e+01 -3.227104e+01  0.000000e+00
   endloop
 endfacet
 facet normal  0.000000e+00  0.000000e+00 -1.000000e+00
   outer loop
     vertex  3.016688e+01 -3.100988e+01  0.000000e+00
     vertex  2.250185e+01 -3.227104e+01  0.000000e+00
     vertex  2.251889e+01 -3.214163e+01  0.000000e+00
   endloop
 endfacet
 facet normal  0.000000e+00  0.000000e+00 -1.000000e+00
   outer loop
     vertex  3.016688e+01 -3.100988e+01  0.000000e+00
     vertex  2.903617e+01 -3.692920e+01  0.000000e+00
     vertex  2.890345e+01 -3.701260e+01  0.000000e+00
   endloop
 endfacet
 facet normal  0.000000e+00  0.000000e+00 -1.000000e+00
   outer loop
     vertex  3.034989e+01 -3.119289e+01  0.000000e+00
     vertex  2.933989e+01 -3.685988e+01  0.000000e+00
     vertex  2.918413e+01 -3.687743e+01  0.000000e+00
   endloop
 endfacet
 facet normal -0.000000e+00  0.000000e+00 -1.000000e+00
   outer loop
     vertex  3.034989e+01 -3.119289e+01  0.000000e+00
     vertex  2.918413e+01 -3.687743e+01  0.000000e+00
     vertex  3.024634e+01 -3.111343e+01  0.000000e+00
   endloop
 endfacet
 facet normal -0.000000e+00  0.000000e+00 -1.000000e+00
   outer loop
     vertex  3.047048e+01 -3.124284e+01  0.000000e+00
     vertex  2.933989e+01 -3.685988e+01  0.000000e+00
     vertex  3.034989e+01 -3.119289e+01  0.000000e+00
   endloop
 endfacet
 facet normal  0.000000e+00  0.000000e+00 -1.000000e+00
   outer loop
     vertex  3.011693e+01 -3.088929e+01  0.000000e+00
     vertex  2.251889e+01 -3.214163e+01  0.000000e+00
     vertex  2.250185e+01 -3.201222e+01  0.000000e+00
   endloop
 endfacet
 facet normal  0.000000e+00 -0.000000e+00 -1.000000e+00
   outer loop
     vertex  3.011693e+01 -3.088929e+01  0.000000e+00
     vertex  3.016688e+01 -3.100988e+01  0.000000e+00
     vertex  2.251889e+01 -3.214163e+01  0.000000e+00
   endloop
 endfacet
 facet normal  0.000000e+00 -0.000000e+00 -1.000000e+00
   outer loop
     vertex  2.166534e+01 -2.233518e+01  0.000000e+00
     vertex  2.166534e+01 -2.416808e+01  0.000000e+00
     vertex  1.963989e+01 -2.235988e+01  0.000000e+00
   endloop
 endfacet
 facet normal -0.000000e+00  0.000000e+00 -1.000000e+00
   outer loop
     vertex  3.690534e+01 -3.757518e+01  0.000000e+00
     vertex  3.493989e+01 -3.915988e+01  0.000000e+00
     vertex  3.493989e+01 -3.755988e+01  0.000000e+00
   endloop
 endfacet
 facet normal  0.000000e+00  0.000000e+00 -1.000000e+00
   outer loop
     vertex  3.690534e+01 -3.757518e+01  0.000000e+00
     vertex  3.663989e+01 -3.985988e+01  0.000000e+00
     vertex  3.493989e+01 -3.915988e+01  0.000000e+00
   endloop
 endfacet
 facet normal -0.000000e+00  0.000000e+00 -1.000000e+00
   outer loop
     vertex  3.059989e+01 -3.125988e+01  0.000000e+00
     vertex  2.933989e+01 -3.685988e+01  0.000000e+00
     vertex  3.047048e+01 -3.124284e+01  0.000000e+00
   endloop
 endfacet
 facet normal  0.000000e+00 -0.000000e+00 -1.000000e+00
   outer loop
     vertex  3.009989e+01 -3.075988e+01  0.000000e+00
     vertex  3.011693e+01 -3.088929e+01  0.000000e+00
     vertex  2.250185e+01 -3.201222e+01  0.000000e+00
   endloop
 endfacet
 facet normal -0.000000e+00  0.000000e+00 -1.000000e+00
   outer loop
     vertex  3.009989e+01 -3.075988e+01  0.000000e+00
     vertex  2.250185e+01 -3.201222e+01  0.000000e+00
     vertex  2.250185e+01 -2.973104e+01  0.000000e+00
   endloop
 endfacet
 facet normal  0.000000e+00 -0.000000e+00 -1.000000e+00
   outer loop
     vertex  2.158588e+01 -2.223163e+01  0.000000e+00
     vertex  2.166534e+01 -2.233518e+01  0.000000e+00
     vertex  1.963989e+01 -2.235988e+01  0.000000e+00
   endloop
 endfacet
 facet normal  0.000000e+00 -0.000000e+00 -1.000000e+00
   outer loop
     vertex  2.176889e+01 -2.241464e+01  0.000000e+00
     vertex  2.176889e+01 -2.408862e+01  0.000000e+00
     vertex  2.166534e+01 -2.416808e+01  0.000000e+00
   endloop
 endfacet
 facet normal  0.000000e+00  0.000000e+00 -1.000000e+00
   outer loop
     vertex  2.176889e+01 -2.241464e+01  0.000000e+00
     vertex  2.188948e+01 -2.403867e+01  0.000000e+00
     vertex  2.176889e+01 -2.408862e+01  0.000000e+00
   endloop
 endfacet
 facet normal -0.000000e+00  0.000000e+00 -1.000000e+00
   outer loop
     vertex  2.176889e+01 -2.241464e+01  0.000000e+00
     vertex  2.166534e+01 -2.416808e+01  0.000000e+00
     vertex  2.166534e+01 -2.233518e+01  0.000000e+00
   endloop
 endfacet
 facet normal -0.000000e+00  0.000000e+00 -1.000000e+00
   outer loop
     vertex  3.700889e+01 -3.765464e+01  0.000000e+00
     vertex  3.663989e+01 -3.985988e+01  0.000000e+00
     vertex  3.690534e+01 -3.757518e+01  0.000000e+00
   endloop
 endfacet
 facet normal  0.000000e+00 -0.000000e+00 -1.000000e+00
   outer loop
     vertex  3.682588e+01 -3.747163e+01  0.000000e+00
     vertex  3.690534e+01 -3.757518e+01  0.000000e+00
     vertex  3.493989e+01 -3.755988e+01  0.000000e+00
   endloop
 endfacet
 facet normal  0.000000e+00 -0.000000e+00 -1.000000e+00
   outer loop
     vertex  2.153593e+01 -2.211104e+01  0.000000e+00
     vertex  2.158588e+01 -2.223163e+01  0.000000e+00
     vertex  1.963989e+01 -2.235988e+01  0.000000e+00
   endloop
 endfacet
 facet normal -0.000000e+00 -0.000000e+00 -1.000000e+00
   outer loop
     vertex  2.188948e+01 -2.246459e+01  0.000000e+00
     vertex  2.188948e+01 -2.403867e+01  0.000000e+00
     vertex  2.176889e+01 -2.241464e+01  0.000000e+00
   endloop
 endfacet
 facet normal  0.000000e+00 -0.000000e+00 -1.000000e+00
   outer loop
     vertex  3.712948e+01 -3.770459e+01  0.000000e+00
     vertex  3.730746e+01 -3.978467e+01  0.000000e+00
     vertex  3.663989e+01 -3.985988e+01  0.000000e+00
   endloop
 endfacet
 facet normal -0.000000e+00  0.000000e+00 -1.000000e+00
   outer loop
     vertex  3.712948e+01 -3.770459e+01  0.000000e+00
     vertex  3.663989e+01 -3.985988e+01  0.000000e+00
     vertex  3.700889e+01 -3.765464e+01  0.000000e+00
   endloop
 endfacet
 facet normal  0.000000e+00 -0.000000e+00 -1.000000e+00
   outer loop
     vertex  3.677593e+01 -3.735104e+01  0.000000e+00
     vertex  3.682588e+01 -3.747163e+01  0.000000e+00
     vertex  3.493989e+01 -3.755988e+01  0.000000e+00
   endloop
 endfacet
 facet normal -0.000000e+00  0.000000e+00 -1.000000e+00
   outer loop
     vertex  3.011693e+01 -3.063047e+01  0.000000e+00
     vertex  3.009989e+01 -3.075988e+01  0.000000e+00
     vertex  2.250185e+01 -2.973104e+01  0.000000e+00
   endloop
 endfacet
 facet normal  0.000000e+00  0.000000e+00 -1.000000e+00
   outer loop
     vertex  3.011693e+01 -3.063047e+01  0.000000e+00
     vertex  2.250185e+01 -2.973104e+01  0.000000e+00
     vertex  2.251889e+01 -2.960163e+01  0.000000e+00
   endloop
 endfacet
 facet normal  0.000000e+00  0.000000e+00 -1.000000e+00
   outer loop
     vertex  3.072930e+01 -3.124284e+01  0.000000e+00
     vertex  2.933989e+01 -3.685988e+01  0.000000e+00
     vertex  3.059989e+01 -3.125988e+01  0.000000e+00
   endloop
 endfacet
 facet normal  0.000000e+00 -0.000000e+00 -1.000000e+00
   outer loop
     vertex  3.072930e+01 -3.124284e+01  0.000000e+00
     vertex  3.423989e+01 -3.685988e+01  0.000000e+00
     vertex  2.933989e+01 -3.685988e+01  0.000000e+00
   endloop
 endfacet
 facet normal  0.000000e+00 -0.000000e+00 -1.000000e+00
   outer loop
     vertex  2.201889e+01 -2.248163e+01  0.000000e+00
     vertex  2.201889e+01 -2.402163e+01  0.000000e+00
     vertex  2.188948e+01 -2.403867e+01  0.000000e+00
   endloop
 endfacet
 facet normal  0.000000e+00  0.000000e+00 -1.000000e+00
   outer loop
     vertex  2.201889e+01 -2.248163e+01  0.000000e+00
     vertex  2.214830e+01 -2.403867e+01  0.000000e+00
     vertex  2.201889e+01 -2.402163e+01  0.000000e+00
   endloop
 endfacet
 facet normal -0.000000e+00  0.000000e+00 -1.000000e+00
   outer loop
     vertex  2.201889e+01 -2.248163e+01  0.000000e+00
     vertex  2.188948e+01 -2.403867e+01  0.000000e+00
     vertex  2.188948e+01 -2.246459e+01  0.000000e+00
   endloop
 endfacet
 facet normal -0.000000e+00  0.000000e+00 -1.000000e+00
   outer loop
     vertex  2.151889e+01 -2.198163e+01  0.000000e+00
     vertex  1.963989e+01 -2.235988e+01  0.000000e+00
     vertex  1.971510e+01 -2.169231e+01  0.000000e+00
   endloop
 endfacet
 facet normal  0.000000e+00 -0.000000e+00 -1.000000e+00
   outer loop
     vertex  2.151889e+01 -2.198163e+01  0.000000e+00
     vertex  2.153593e+01 -2.211104e+01  0.000000e+00
     vertex  1.963989e+01 -2.235988e+01  0.000000e+00
   endloop
 endfacet
 facet normal -0.000000e+00 -0.000000e+00 -1.000000e+00
   outer loop
     vertex  3.725889e+01 -3.772163e+01  0.000000e+00
     vertex  3.730746e+01 -3.978467e+01  0.000000e+00
     vertex  3.712948e+01 -3.770459e+01  0.000000e+00
   endloop
 endfacet
 facet normal  0.000000e+00  0.000000e+00 -1.000000e+00
   outer loop
     vertex  3.725889e+01 -3.772163e+01  0.000000e+00
     vertex  3.794155e+01 -3.956280e+01  0.000000e+00
     vertex  3.730746e+01 -3.978467e+01  0.000000e+00
   endloop
 endfacet
 facet normal  0.000000e+00  0.000000e+00 -1.000000e+00
   outer loop
     vertex  3.675889e+01 -3.722163e+01  0.000000e+00
     vertex  3.493989e+01 -3.755988e+01  0.000000e+00
     vertex  3.492234e+01 -3.740411e+01  0.000000e+00
   endloop
 endfacet
 facet normal  0.000000e+00 -0.000000e+00 -1.000000e+00
   outer loop
     vertex  3.675889e+01 -3.722163e+01  0.000000e+00
     vertex  3.677593e+01 -3.735104e+01  0.000000e+00
     vertex  3.493989e+01 -3.755988e+01  0.000000e+00
   endloop
 endfacet
 facet normal -0.000000e+00  0.000000e+00 -1.000000e+00
   outer loop
     vertex  2.153593e+01 -2.185222e+01  0.000000e+00
     vertex  2.151889e+01 -2.198163e+01  0.000000e+00
     vertex  1.971510e+01 -2.169231e+01  0.000000e+00
   endloop
 endfacet
 facet normal  0.000000e+00  0.000000e+00 -1.000000e+00
   outer loop
     vertex  2.153593e+01 -2.185222e+01  0.000000e+00
     vertex  1.971510e+01 -2.169231e+01  0.000000e+00
     vertex  1.993698e+01 -2.105822e+01  0.000000e+00
   endloop
 endfacet
 facet normal  0.000000e+00 -0.000000e+00 -1.000000e+00
   outer loop
     vertex  2.214830e+01 -2.246459e+01  0.000000e+00
     vertex  2.214830e+01 -2.403867e+01  0.000000e+00
     vertex  2.201889e+01 -2.248163e+01  0.000000e+00
   endloop
 endfacet
 facet normal  0.000000e+00  0.000000e+00 -1.000000e+00
   outer loop
     vertex  3.677593e+01 -3.709222e+01  0.000000e+00
     vertex  3.492234e+01 -3.740411e+01  0.000000e+00
     vertex  3.487057e+01 -3.725616e+01  0.000000e+00
   endloop
 endfacet
 facet normal  0.000000e+00  0.000000e+00 -1.000000e+00
   outer loop
     vertex  3.677593e+01 -3.709222e+01  0.000000e+00
     vertex  3.675889e+01 -3.722163e+01  0.000000e+00
     vertex  3.492234e+01 -3.740411e+01  0.000000e+00
   endloop
 endfacet
 facet normal  0.000000e+00 -0.000000e+00 -1.000000e+00
   outer loop
     vertex  3.738830e+01 -3.770459e+01  0.000000e+00
     vertex  3.794155e+01 -3.956280e+01  0.000000e+00
     vertex  3.725889e+01 -3.772163e+01  0.000000e+00
   endloop
 endfacet
 facet normal  0.000000e+00  0.000000e+00 -1.000000e+00
   outer loop
     vertex  3.738830e+01 -3.770459e+01  0.000000e+00
     vertex  3.851037e+01 -3.920538e+01  0.000000e+00
     vertex  3.794155e+01 -3.956280e+01  0.000000e+00
   endloop
 endfacet
 facet normal  0.000000e+00  0.000000e+00 -1.000000e+00
   outer loop
     vertex  2.158588e+01 -2.173163e+01  0.000000e+00
     vertex  1.993698e+01 -2.105822e+01  0.000000e+00
     vertex  2.029439e+01 -2.048940e+01  0.000000e+00
   endloop
 endfacet
 facet normal -0.000000e+00  0.000000e+00 -1.000000e+00
   outer loop
     vertex  2.158588e+01 -2.173163e+01  0.000000e+00
     vertex  2.153593e+01 -2.185222e+01  0.000000e+00
     vertex  1.993698e+01 -2.105822e+01  0.000000e+00
   endloop
 endfacet
 facet normal  0.000000e+00  0.000000e+00 -1.000000e+00
   outer loop
     vertex  2.226889e+01 -2.241464e+01  0.000000e+00
     vertex  2.214830e+01 -2.403867e+01  0.000000e+00
     vertex  2.214830e+01 -2.246459e+01  0.000000e+00
   endloop
 endfacet
 facet normal  0.000000e+00 -0.000000e+00 -1.000000e+00
   outer loop
     vertex  2.226889e+01 -2.241464e+01  0.000000e+00
     vertex  2.226889e+01 -2.408862e+01  0.000000e+00
     vertex  2.214830e+01 -2.403867e+01  0.000000e+00
   endloop
 endfacet
 facet normal  0.000000e+00  0.000000e+00 -1.000000e+00
   outer loop
     vertex  3.682588e+01 -3.697163e+01  0.000000e+00
     vertex  3.677593e+01 -3.709222e+01  0.000000e+00
     vertex  3.487057e+01 -3.725616e+01  0.000000e+00
   endloop
 endfacet
 facet normal  0.000000e+00  0.000000e+00 -1.000000e+00
   outer loop
     vertex  3.682588e+01 -3.697163e+01  0.000000e+00
     vertex  3.487057e+01 -3.725616e+01  0.000000e+00
     vertex  3.478717e+01 -3.712344e+01  0.000000e+00
   endloop
 endfacet
 facet normal  0.000000e+00  0.000000e+00 -1.000000e+00
   outer loop
     vertex  3.682588e+01 -3.697163e+01  0.000000e+00
     vertex  3.478717e+01 -3.712344e+01  0.000000e+00
     vertex  3.467634e+01 -3.701260e+01  0.000000e+00
   endloop
 endfacet
 facet normal  0.000000e+00 -0.000000e+00 -1.000000e+00
   outer loop
     vertex  3.750889e+01 -3.765464e+01  0.000000e+00
     vertex  3.851037e+01 -3.920538e+01  0.000000e+00
     vertex  3.738830e+01 -3.770459e+01  0.000000e+00
   endloop
 endfacet
 facet normal  0.000000e+00  0.000000e+00 -1.000000e+00
   outer loop
     vertex  2.237245e+01 -2.233518e+01  0.000000e+00
     vertex  2.226889e+01 -2.408862e+01  0.000000e+00
     vertex  2.226889e+01 -2.241464e+01  0.000000e+00
   endloop
 endfacet
 facet normal  0.000000e+00 -0.000000e+00 -1.000000e+00
   outer loop
     vertex  2.237245e+01 -2.233518e+01  0.000000e+00
     vertex  2.237245e+01 -2.416808e+01  0.000000e+00
     vertex  2.226889e+01 -2.408862e+01  0.000000e+00
   endloop
 endfacet
 facet normal  0.000000e+00  0.000000e+00 -1.000000e+00
   outer loop
     vertex  2.237245e+01 -2.233518e+01  0.000000e+00
     vertex  2.245190e+01 -2.427163e+01  0.000000e+00
     vertex  2.237245e+01 -2.416808e+01  0.000000e+00
   endloop
 endfacet
 facet normal -0.000000e+00  0.000000e+00 -1.000000e+00
   outer loop
     vertex  2.166534e+01 -2.162808e+01  0.000000e+00
     vertex  2.158588e+01 -2.173163e+01  0.000000e+00
     vertex  2.029439e+01 -2.048940e+01  0.000000e+00
   endloop
 endfacet
 facet normal  0.000000e+00  0.000000e+00 -1.000000e+00
   outer loop
     vertex  3.690534e+01 -3.686808e+01  0.000000e+00
     vertex  3.682588e+01 -3.697163e+01  0.000000e+00
     vertex  3.467634e+01 -3.701260e+01  0.000000e+00
   endloop
 endfacet
 facet normal  0.000000e+00 -0.000000e+00 -1.000000e+00
   outer loop
     vertex  3.761245e+01 -3.757518e+01  0.000000e+00
     vertex  3.851037e+01 -3.920538e+01  0.000000e+00
     vertex  3.750889e+01 -3.765464e+01  0.000000e+00
   endloop
 endfacet
 facet normal  0.000000e+00 -0.000000e+00 -1.000000e+00
   outer loop
     vertex  2.245190e+01 -2.223163e+01  0.000000e+00
     vertex  2.245190e+01 -2.427163e+01  0.000000e+00
     vertex  2.237245e+01 -2.233518e+01  0.000000e+00
   endloop
 endfacet
 facet normal  0.000000e+00  0.000000e+00 -1.000000e+00
   outer loop
     vertex  3.898540e+01 -3.873036e+01  0.000000e+00
     vertex  3.761245e+01 -3.757518e+01  0.000000e+00
     vertex  3.769190e+01 -3.747163e+01  0.000000e+00
   endloop
 endfacet
 facet normal -0.000000e+00  0.000000e+00 -1.000000e+00
   outer loop
     vertex  3.898540e+01 -3.873036e+01  0.000000e+00
     vertex  3.851037e+01 -3.920538e+01  0.000000e+00
     vertex  3.761245e+01 -3.757518e+01  0.000000e+00
   endloop
 endfacet
 facet normal  0.000000e+00 -0.000000e+00 -1.000000e+00
   outer loop
     vertex  2.250185e+01 -2.211104e+01  0.000000e+00
     vertex  2.250185e+01 -2.439222e+01  0.000000e+00
     vertex  2.245190e+01 -2.427163e+01  0.000000e+00
   endloop
 endfacet
 facet normal  0.000000e+00  0.000000e+00 -1.000000e+00
   outer loop
     vertex  2.250185e+01 -2.211104e+01  0.000000e+00
     vertex  2.245190e+01 -2.427163e+01  0.000000e+00
     vertex  2.245190e+01 -2.223163e+01  0.000000e+00
   endloop
 endfacet
 facet normal  0.000000e+00  0.000000e+00 -1.000000e+00
   outer loop
     vertex  2.076941e+01 -2.001437e+01  0.000000e+00
     vertex  2.176889e+01 -2.154862e+01  0.000000e+00
     vertex  2.166534e+01 -2.162808e+01  0.000000e+00
   endloop
 endfacet
 facet normal  0.000000e+00  0.000000e+00 -1.000000e+00
   outer loop
     vertex  2.076941e+01 -2.001437e+01  0.000000e+00
     vertex  2.188948e+01 -2.149867e+01  0.000000e+00
     vertex  2.176889e+01 -2.154862e+01  0.000000e+00
   endloop
 endfacet
 facet normal  0.000000e+00 -0.000000e+00 -1.000000e+00
   outer loop
     vertex  2.076941e+01 -2.001437e+01  0.000000e+00
     vertex  2.166534e+01 -2.162808e+01  0.000000e+00
     vertex  2.029439e+01 -2.048940e+01  0.000000e+00
   endloop
 endfacet
 facet normal  0.000000e+00  0.000000e+00 -1.000000e+00
   outer loop
     vertex  3.934281e+01 -3.816154e+01  0.000000e+00
     vertex  3.769190e+01 -3.747163e+01  0.000000e+00
     vertex  3.774185e+01 -3.735104e+01  0.000000e+00
   endloop
 endfacet
 facet normal -0.000000e+00  0.000000e+00 -1.000000e+00
   outer loop
     vertex  3.934281e+01 -3.816154e+01  0.000000e+00
     vertex  3.898540e+01 -3.873036e+01  0.000000e+00
     vertex  3.769190e+01 -3.747163e+01  0.000000e+00
   endloop
 endfacet
 facet normal  0.000000e+00 -0.000000e+00 -1.000000e+00
   outer loop
     vertex  2.133823e+01 -1.965696e+01  0.000000e+00
     vertex  2.188948e+01 -2.149867e+01  0.000000e+00
     vertex  2.076941e+01 -2.001437e+01  0.000000e+00
   endloop
 endfacet
 facet normal  0.000000e+00  0.000000e+00 -1.000000e+00
   outer loop
     vertex  2.133823e+01 -1.965696e+01  0.000000e+00
     vertex  2.201889e+01 -2.148163e+01  0.000000e+00
     vertex  2.188948e+01 -2.149867e+01  0.000000e+00
   endloop
 endfacet
 facet normal -0.000000e+00  0.000000e+00 -1.000000e+00
   outer loop
     vertex  3.034989e+01 -2.865289e+01  0.000000e+00
     vertex  3.024634e+01 -3.040633e+01  0.000000e+00
     vertex  3.024634e+01 -2.857343e+01  0.000000e+00
   endloop
 endfacet
 facet normal  0.000000e+00 -0.000000e+00 -1.000000e+00
   outer loop
     vertex  3.034989e+01 -2.865289e+01  0.000000e+00
     vertex  3.034989e+01 -3.032687e+01  0.000000e+00
     vertex  3.024634e+01 -3.040633e+01  0.000000e+00
   endloop
 endfacet
 facet normal  0.000000e+00  0.000000e+00 -1.000000e+00
   outer loop
     vertex  3.034989e+01 -2.865289e+01  0.000000e+00
     vertex  3.047048e+01 -3.027692e+01  0.000000e+00
     vertex  3.034989e+01 -3.032687e+01  0.000000e+00
   endloop
 endfacet
 facet normal  0.000000e+00  0.000000e+00 -1.000000e+00
   outer loop
     vertex  3.016688e+01 -2.846988e+01  0.000000e+00
     vertex  3.024634e+01 -2.857343e+01  0.000000e+00
     vertex  3.024634e+01 -3.040633e+01  0.000000e+00
   endloop
 endfacet
 facet normal  0.000000e+00 -0.000000e+00 -1.000000e+00
   outer loop
     vertex  3.016688e+01 -2.846988e+01  0.000000e+00
     vertex  3.016688e+01 -3.050988e+01  0.000000e+00
     vertex  3.011693e+01 -3.063047e+01  0.000000e+00
   endloop
 endfacet
 facet normal  0.000000e+00  0.000000e+00 -1.000000e+00
   outer loop
     vertex  3.016688e+01 -2.846988e+01  0.000000e+00
     vertex  3.024634e+01 -3.040633e+01  0.000000e+00
     vertex  3.016688e+01 -3.050988e+01  0.000000e+00
   endloop
 endfacet
 facet normal  0.000000e+00  0.000000e+00 -1.000000e+00
   outer loop
     vertex  3.288989e+01 -3.119289e+01  0.000000e+00
     vertex  3.084989e+01 -3.119289e+01  0.000000e+00
     vertex  3.095345e+01 -3.111343e+01  0.000000e+00
   endloop
 endfacet
 facet normal  0.000000e+00  0.000000e+00 -1.000000e+00
   outer loop
     vertex  3.288989e+01 -3.119289e+01  0.000000e+00
     vertex  3.095345e+01 -3.111343e+01  0.000000e+00
     vertex  3.278634e+01 -3.111343e+01  0.000000e+00
   endloop
 endfacet
 facet normal  0.000000e+00  0.000000e+00 -1.000000e+00
   outer loop
     vertex  3.270688e+01 -3.100988e+01  0.000000e+00
     vertex  3.103290e+01 -3.100988e+01  0.000000e+00
     vertex  3.108285e+01 -3.088929e+01  0.000000e+00
   endloop
 endfacet
 facet normal -0.000000e+00  0.000000e+00 -1.000000e+00
   outer loop
     vertex  3.270688e+01 -3.100988e+01  0.000000e+00
     vertex  3.095345e+01 -3.111343e+01  0.000000e+00
     vertex  3.103290e+01 -3.100988e+01  0.000000e+00
   endloop
 endfacet
 facet normal  0.000000e+00 -0.000000e+00 -1.000000e+00
   outer loop
     vertex  3.270688e+01 -3.100988e+01  0.000000e+00
     vertex  3.278634e+01 -3.111343e+01  0.000000e+00
     vertex  3.095345e+01 -3.111343e+01  0.000000e+00
   endloop
 endfacet
 facet normal  0.000000e+00  0.000000e+00 -1.000000e+00
   outer loop
     vertex  3.011693e+01 -2.834929e+01  0.000000e+00
     vertex  3.016688e+01 -2.846988e+01  0.000000e+00
     vertex  3.011693e+01 -3.063047e+01  0.000000e+00
   endloop
 endfacet
 facet normal  0.000000e+00  0.000000e+00 -1.000000e+00
   outer loop
     vertex  3.011693e+01 -2.834929e+01  0.000000e+00
     vertex  2.251889e+01 -2.960163e+01  0.000000e+00
     vertex  2.250185e+01 -2.947222e+01  0.000000e+00
   endloop
 endfacet
 facet normal  0.000000e+00 -0.000000e+00 -1.000000e+00
   outer loop
     vertex  3.011693e+01 -2.834929e+01  0.000000e+00
     vertex  3.011693e+01 -3.063047e+01  0.000000e+00
     vertex  2.251889e+01 -2.960163e+01  0.000000e+00
   endloop
 endfacet
 facet normal -0.000000e+00 -0.000000e+00 -1.000000e+00
   outer loop
     vertex  3.047048e+01 -2.870284e+01  0.000000e+00
     vertex  3.047048e+01 -3.027692e+01  0.000000e+00
     vertex  3.034989e+01 -2.865289e+01  0.000000e+00
   endloop
 endfacet
 facet normal  0.000000e+00  0.000000e+00 -1.000000e+00
   outer loop
     vertex  3.301048e+01 -3.124284e+01  0.000000e+00
     vertex  3.072930e+01 -3.124284e+01  0.000000e+00
     vertex  3.084989e+01 -3.119289e+01  0.000000e+00
   endloop
 endfacet
 facet normal -0.000000e+00 -0.000000e+00 -1.000000e+00
   outer loop
     vertex  3.301048e+01 -3.124284e+01  0.000000e+00
     vertex  3.423989e+01 -3.685988e+01  0.000000e+00
     vertex  3.072930e+01 -3.124284e+01  0.000000e+00
   endloop
 endfacet
 facet normal  0.000000e+00  0.000000e+00 -1.000000e+00
   outer loop
     vertex  3.301048e+01 -3.124284e+01  0.000000e+00
     vertex  3.084989e+01 -3.119289e+01  0.000000e+00
     vertex  3.288989e+01 -3.119289e+01  0.000000e+00
   endloop
 endfacet
 facet normal -0.000000e+00 -0.000000e+00 -1.000000e+00
   outer loop
     vertex  3.265693e+01 -3.088929e+01  0.000000e+00
     vertex  3.270688e+01 -3.100988e+01  0.000000e+00
     vertex  3.108285e+01 -3.088929e+01  0.000000e+00
   endloop
 endfacet
 facet normal  0.000000e+00  0.000000e+00 -1.000000e+00
   outer loop
     vertex  3.265693e+01 -3.088929e+01  0.000000e+00
     vertex  3.108285e+01 -3.088929e+01  0.000000e+00
     vertex  3.109989e+01 -3.075988e+01  0.000000e+00
   endloop
 endfacet
 facet normal  0.000000e+00 -0.000000e+00 -1.000000e+00
   outer loop
     vertex  3.690534e+01 -3.503518e+01  0.000000e+00
     vertex  3.690534e+01 -3.686808e+01  0.000000e+00
     vertex  3.467634e+01 -3.701260e+01  0.000000e+00
   endloop
 endfacet
 facet normal -0.000000e+00  0.000000e+00 -1.000000e+00
   outer loop
     vertex  3.059989e+01 -2.871988e+01  0.000000e+00
     vertex  3.047048e+01 -3.027692e+01  0.000000e+00
     vertex  3.047048e+01 -2.870284e+01  0.000000e+00
   endloop
 endfacet
 facet normal  0.000000e+00 -0.000000e+00 -1.000000e+00
   outer loop
     vertex  3.059989e+01 -2.871988e+01  0.000000e+00
     vertex  3.059989e+01 -3.025988e+01  0.000000e+00
     vertex  3.047048e+01 -3.027692e+01  0.000000e+00
   endloop
 endfacet
 facet normal  0.000000e+00  0.000000e+00 -1.000000e+00
   outer loop
     vertex  3.059989e+01 -2.871988e+01  0.000000e+00
     vertex  3.072930e+01 -3.027692e+01  0.000000e+00
     vertex  3.059989e+01 -3.025988e+01  0.000000e+00
   endloop
 endfacet
 facet normal -0.000000e+00  0.000000e+00 -1.000000e+00
   outer loop
     vertex  3.009989e+01 -2.821988e+01  0.000000e+00
     vertex  2.250185e+01 -2.947222e+01  0.000000e+00
     vertex  2.250185e+01 -2.719104e+01  0.000000e+00
   endloop
 endfacet
 facet normal  0.000000e+00 -0.000000e+00 -1.000000e+00
   outer loop
     vertex  3.009989e+01 -2.821988e+01  0.000000e+00
     vertex  3.011693e+01 -2.834929e+01  0.000000e+00
     vertex  2.250185e+01 -2.947222e+01  0.000000e+00
   endloop
 endfacet
 facet normal -0.000000e+00 -0.000000e+00 -1.000000e+00
   outer loop
     vertex  3.313989e+01 -3.125988e+01  0.000000e+00
     vertex  3.423989e+01 -3.685988e+01  0.000000e+00
     vertex  3.301048e+01 -3.124284e+01  0.000000e+00
   endloop
 endfacet
 facet normal -0.000000e+00 -0.000000e+00 -1.000000e+00
   outer loop
     vertex  3.263989e+01 -3.075988e+01  0.000000e+00
     vertex  3.265693e+01 -3.088929e+01  0.000000e+00
     vertex  3.109989e+01 -3.075988e+01  0.000000e+00
   endloop
 endfacet
 facet normal  0.000000e+00 -0.000000e+00 -1.000000e+00
   outer loop
     vertex  3.682588e+01 -3.493163e+01  0.000000e+00
     vertex  3.690534e+01 -3.503518e+01  0.000000e+00
     vertex  3.467634e+01 -3.701260e+01  0.000000e+00
   endloop
 endfacet
 facet normal  0.000000e+00  0.000000e+00 -1.000000e+00
   outer loop
     vertex  3.682588e+01 -3.493163e+01  0.000000e+00
     vertex  3.467634e+01 -3.701260e+01  0.000000e+00
     vertex  3.454361e+01 -3.692920e+01  0.000000e+00
   endloop
 endfacet
 facet normal -0.000000e+00  0.000000e+00 -1.000000e+00
   outer loop
     vertex  3.700889e+01 -3.511464e+01  0.000000e+00
     vertex  3.690534e+01 -3.686808e+01  0.000000e+00
     vertex  3.690534e+01 -3.503518e+01  0.000000e+00
   endloop
 endfacet
 facet normal  0.000000e+00 -0.000000e+00 -1.000000e+00
   outer loop
     vertex  3.700889e+01 -3.511464e+01  0.000000e+00
     vertex  3.700889e+01 -3.678862e+01  0.000000e+00
     vertex  3.690534e+01 -3.686808e+01  0.000000e+00
   endloop
 endfacet
 facet normal  0.000000e+00  0.000000e+00 -1.000000e+00
   outer loop
     vertex  3.700889e+01 -3.511464e+01  0.000000e+00
     vertex  3.712948e+01 -3.673867e+01  0.000000e+00
     vertex  3.700889e+01 -3.678862e+01  0.000000e+00
   endloop
 endfacet
 facet normal  0.000000e+00  0.000000e+00 -1.000000e+00
   outer loop
     vertex  3.677593e+01 -3.481104e+01  0.000000e+00
     vertex  3.454361e+01 -3.692920e+01  0.000000e+00
     vertex  3.439566e+01 -3.687743e+01  0.000000e+00
   endloop
 endfacet
 facet normal  0.000000e+00 -0.000000e+00 -1.000000e+00
   outer loop
     vertex  3.677593e+01 -3.481104e+01  0.000000e+00
     vertex  3.682588e+01 -3.493163e+01  0.000000e+00
     vertex  3.454361e+01 -3.692920e+01  0.000000e+00
   endloop
 endfacet
 facet normal -0.000000e+00 -0.000000e+00 -1.000000e+00
   outer loop
     vertex  3.712948e+01 -3.516459e+01  0.000000e+00
     vertex  3.712948e+01 -3.673867e+01  0.000000e+00
     vertex  3.700889e+01 -3.511464e+01  0.000000e+00
   endloop
 endfacet
 facet normal -0.000000e+00  0.000000e+00 -1.000000e+00
   outer loop
     vertex  3.011693e+01 -2.809047e+01  0.000000e+00
     vertex  3.009989e+01 -2.821988e+01  0.000000e+00
     vertex  2.250185e+01 -2.719104e+01  0.000000e+00
   endloop
 endfacet
 facet normal  0.000000e+00  0.000000e+00 -1.000000e+00
   outer loop
     vertex  3.011693e+01 -2.809047e+01  0.000000e+00
     vertex  2.250185e+01 -2.719104e+01  0.000000e+00
     vertex  2.251889e+01 -2.706163e+01  0.000000e+00
   endloop
 endfacet
 facet normal  0.000000e+00 -0.000000e+00 -1.000000e+00
   outer loop
     vertex  3.072930e+01 -2.870284e+01  0.000000e+00
     vertex  3.072930e+01 -3.027692e+01  0.000000e+00
     vertex  3.059989e+01 -2.871988e+01  0.000000e+00
   endloop
 endfacet
 facet normal  0.000000e+00  0.000000e+00 -1.000000e+00
   outer loop
     vertex  3.265693e+01 -3.063047e+01  0.000000e+00
     vertex  3.263989e+01 -3.075988e+01  0.000000e+00
     vertex  3.109989e+01 -3.075988e+01  0.000000e+00
   endloop
 endfacet
 facet normal  0.000000e+00  0.000000e+00 -1.000000e+00
   outer loop
     vertex  3.265693e+01 -3.063047e+01  0.000000e+00
     vertex  3.108285e+01 -3.063047e+01  0.000000e+00
     vertex  3.103290e+01 -3.050988e+01  0.000000e+00
   endloop
 endfacet
 facet normal -0.000000e+00  0.000000e+00 -1.000000e+00
   outer loop
     vertex  3.265693e+01 -3.063047e+01  0.000000e+00
     vertex  3.109989e+01 -3.075988e+01  0.000000e+00
     vertex  3.108285e+01 -3.063047e+01  0.000000e+00
   endloop
 endfacet
 facet normal  0.000000e+00 -0.000000e+00 -1.000000e+00
   outer loop
     vertex  3.326930e+01 -3.124284e+01  0.000000e+00
     vertex  3.423989e+01 -3.685988e+01  0.000000e+00
     vertex  3.313989e+01 -3.125988e+01  0.000000e+00
   endloop
 endfacet
 facet normal  0.000000e+00  0.000000e+00 -1.000000e+00
   outer loop
     vertex  3.956468e+01 -3.752744e+01  0.000000e+00
     vertex  3.774185e+01 -3.735104e+01  0.000000e+00
     vertex  3.775889e+01 -3.722163e+01  0.000000e+00
   endloop
 endfacet
 facet normal -0.000000e+00  0.000000e+00 -1.000000e+00
   outer loop
     vertex  3.956468e+01 -3.752744e+01  0.000000e+00
     vertex  3.934281e+01 -3.816154e+01  0.000000e+00
     vertex  3.774185e+01 -3.735104e+01  0.000000e+00
   endloop
 endfacet
 facet normal  0.000000e+00 -0.000000e+00 -1.000000e+00
   outer loop
     vertex  3.675889e+01 -3.468163e+01  0.000000e+00
     vertex  3.677593e+01 -3.481104e+01  0.000000e+00
     vertex  3.439566e+01 -3.687743e+01  0.000000e+00
   endloop
 endfacet
 facet normal  0.000000e+00  0.000000e+00 -1.000000e+00
   outer loop
     vertex  3.675889e+01 -3.468163e+01  0.000000e+00
     vertex  3.439566e+01 -3.687743e+01  0.000000e+00
     vertex  3.423989e+01 -3.685988e+01  0.000000e+00
   endloop
 endfacet
 facet normal  0.000000e+00 -0.000000e+00 -1.000000e+00
   outer loop
     vertex  3.725889e+01 -3.518163e+01  0.000000e+00
     vertex  3.725889e+01 -3.672163e+01  0.000000e+00
     vertex  3.712948e+01 -3.673867e+01  0.000000e+00
   endloop
 endfacet
 facet normal  0.000000e+00  0.000000e+00 -1.000000e+00
   outer loop
     vertex  3.725889e+01 -3.518163e+01  0.000000e+00
     vertex  3.738830e+01 -3.673867e+01  0.000000e+00
     vertex  3.725889e+01 -3.672163e+01  0.000000e+00
   endloop
 endfacet
 facet normal -0.000000e+00  0.000000e+00 -1.000000e+00
   outer loop
     vertex  3.725889e+01 -3.518163e+01  0.000000e+00
     vertex  3.712948e+01 -3.673867e+01  0.000000e+00
     vertex  3.712948e+01 -3.516459e+01  0.000000e+00
   endloop
 endfacet
 facet normal  0.000000e+00  0.000000e+00 -1.000000e+00
   outer loop
     vertex  3.016688e+01 -2.796988e+01  0.000000e+00
     vertex  2.250185e+01 -2.693222e+01  0.000000e+00
     vertex  2.250185e+01 -2.465104e+01  0.000000e+00
   endloop
 endfacet
 facet normal -0.000000e+00  0.000000e+00 -1.000000e+00
   outer loop
     vertex  3.016688e+01 -2.796988e+01  0.000000e+00
     vertex  3.011693e+01 -2.809047e+01  0.000000e+00
     vertex  2.251889e+01 -2.706163e+01  0.000000e+00
   endloop
 endfacet
 facet normal  0.000000e+00  0.000000e+00 -1.000000e+00
   outer loop
     vertex  3.016688e+01 -2.796988e+01  0.000000e+00
     vertex  2.251889e+01 -2.706163e+01  0.000000e+00
     vertex  2.250185e+01 -2.693222e+01  0.000000e+00
   endloop
 endfacet
 facet normal  0.000000e+00  0.000000e+00 -1.000000e+00
   outer loop
     vertex  3.084989e+01 -2.865289e+01  0.000000e+00
     vertex  3.072930e+01 -3.027692e+01  0.000000e+00
     vertex  3.072930e+01 -2.870284e+01  0.000000e+00
   endloop
 endfacet
 facet normal  0.000000e+00 -0.000000e+00 -1.000000e+00
   outer loop
     vertex  3.084989e+01 -2.865289e+01  0.000000e+00
     vertex  3.084989e+01 -3.032687e+01  0.000000e+00
     vertex  3.072930e+01 -3.027692e+01  0.000000e+00
   endloop
 endfacet
 facet normal -0.000000e+00  0.000000e+00 -1.000000e+00
   outer loop
     vertex  3.270688e+01 -3.050988e+01  0.000000e+00
     vertex  3.265693e+01 -3.063047e+01  0.000000e+00
     vertex  3.103290e+01 -3.050988e+01  0.000000e+00
   endloop
 endfacet
 facet normal -0.000000e+00  0.000000e+00 -1.000000e+00
   outer loop
     vertex  3.677593e+01 -3.455222e+01  0.000000e+00
     vertex  3.423989e+01 -3.685988e+01  0.000000e+00
     vertex  3.326930e+01 -3.124284e+01  0.000000e+00
   endloop
 endfacet
 facet normal  0.000000e+00  0.000000e+00 -1.000000e+00
   outer loop
     vertex  3.677593e+01 -3.455222e+01  0.000000e+00
     vertex  3.326930e+01 -3.124284e+01  0.000000e+00
     vertex  3.338989e+01 -3.119289e+01  0.000000e+00
   endloop
 endfacet
 facet normal  0.000000e+00  0.000000e+00 -1.000000e+00
   outer loop
     vertex  3.677593e+01 -3.455222e+01  0.000000e+00
     vertex  3.675889e+01 -3.468163e+01  0.000000e+00
     vertex  3.423989e+01 -3.685988e+01  0.000000e+00
   endloop
 endfacet
 facet normal  0.000000e+00 -0.000000e+00 -1.000000e+00
   outer loop
     vertex  3.738830e+01 -3.516459e+01  0.000000e+00
     vertex  3.738830e+01 -3.673867e+01  0.000000e+00
     vertex  3.725889e+01 -3.518163e+01  0.000000e+00
   endloop
 endfacet
 facet normal  0.000000e+00  0.000000e+00 -1.000000e+00
   outer loop
     vertex  3.095345e+01 -2.857343e+01  0.000000e+00
     vertex  3.084989e+01 -3.032687e+01  0.000000e+00
     vertex  3.084989e+01 -2.865289e+01  0.000000e+00
   endloop
 endfacet
 facet normal  0.000000e+00 -0.000000e+00 -1.000000e+00
   outer loop
     vertex  3.095345e+01 -2.857343e+01  0.000000e+00
     vertex  3.095345e+01 -3.040633e+01  0.000000e+00
     vertex  3.084989e+01 -3.032687e+01  0.000000e+00
   endloop
 endfacet
 facet normal  0.000000e+00  0.000000e+00 -1.000000e+00
   outer loop
     vertex  3.278634e+01 -3.040633e+01  0.000000e+00
     vertex  3.270688e+01 -3.050988e+01  0.000000e+00
     vertex  3.103290e+01 -3.050988e+01  0.000000e+00
   endloop
 endfacet
 facet normal  0.000000e+00  0.000000e+00 -1.000000e+00
   outer loop
     vertex  3.278634e+01 -3.040633e+01  0.000000e+00
     vertex  3.095345e+01 -3.040633e+01  0.000000e+00
     vertex  3.095345e+01 -2.857343e+01  0.000000e+00
   endloop
 endfacet
 facet normal -0.000000e+00  0.000000e+00 -1.000000e+00
   outer loop
     vertex  3.278634e+01 -3.040633e+01  0.000000e+00
     vertex  3.103290e+01 -3.050988e+01  0.000000e+00
     vertex  3.095345e+01 -3.040633e+01  0.000000e+00
   endloop
 endfacet
 facet normal  0.000000e+00  0.000000e+00 -1.000000e+00
   outer loop
     vertex  3.024634e+01 -2.786633e+01  0.000000e+00
     vertex  2.250185e+01 -2.465104e+01  0.000000e+00
     vertex  2.251889e+01 -2.452163e+01  0.000000e+00
   endloop
 endfacet
 facet normal -0.000000e+00  0.000000e+00 -1.000000e+00
   outer loop
     vertex  3.024634e+01 -2.786633e+01  0.000000e+00
     vertex  3.016688e+01 -2.796988e+01  0.000000e+00
     vertex  2.250185e+01 -2.465104e+01  0.000000e+00
   endloop
 endfacet
 facet normal -0.000000e+00  0.000000e+00 -1.000000e+00
   outer loop
     vertex  3.682588e+01 -3.443163e+01  0.000000e+00
     vertex  3.677593e+01 -3.455222e+01  0.000000e+00
     vertex  3.338989e+01 -3.119289e+01  0.000000e+00
   endloop
 endfacet
 facet normal  0.000000e+00  0.000000e+00 -1.000000e+00
   outer loop
     vertex  3.750889e+01 -3.511464e+01  0.000000e+00
     vertex  3.738830e+01 -3.673867e+01  0.000000e+00
     vertex  3.738830e+01 -3.516459e+01  0.000000e+00
   endloop
 endfacet
 facet normal  0.000000e+00 -0.000000e+00 -1.000000e+00
   outer loop
     vertex  3.750889e+01 -3.511464e+01  0.000000e+00
     vertex  3.750889e+01 -3.678862e+01  0.000000e+00
     vertex  3.738830e+01 -3.673867e+01  0.000000e+00
   endloop
 endfacet
 facet normal  0.000000e+00 -0.000000e+00 -1.000000e+00
   outer loop
     vertex  2.197233e+01 -1.943509e+01  0.000000e+00
     vertex  2.201889e+01 -2.148163e+01  0.000000e+00
     vertex  2.133823e+01 -1.965696e+01  0.000000e+00
   endloop
 endfacet
 facet normal  0.000000e+00  0.000000e+00 -1.000000e+00
   outer loop
     vertex  2.197233e+01 -1.943509e+01  0.000000e+00
     vertex  2.214830e+01 -2.149867e+01  0.000000e+00
     vertex  2.201889e+01 -2.148163e+01  0.000000e+00
   endloop
 endfacet
 facet normal  0.000000e+00  0.000000e+00 -1.000000e+00
   outer loop
     vertex  3.034989e+01 -2.778687e+01  0.000000e+00
     vertex  2.251889e+01 -2.452163e+01  0.000000e+00
     vertex  2.250185e+01 -2.439222e+01  0.000000e+00
   endloop
 endfacet
 facet normal  0.000000e+00  0.000000e+00 -1.000000e+00
   outer loop
     vertex  3.034989e+01 -2.778687e+01  0.000000e+00
     vertex  2.250185e+01 -2.211104e+01  0.000000e+00
     vertex  2.251889e+01 -2.198163e+01  0.000000e+00
   endloop
 endfacet
 facet normal -0.000000e+00  0.000000e+00 -1.000000e+00
   outer loop
     vertex  3.034989e+01 -2.778687e+01  0.000000e+00
     vertex  3.024634e+01 -2.786633e+01  0.000000e+00
     vertex  2.251889e+01 -2.452163e+01  0.000000e+00
   endloop
 endfacet
 facet normal  0.000000e+00  0.000000e+00 -1.000000e+00
   outer loop
     vertex  3.034989e+01 -2.778687e+01  0.000000e+00
     vertex  2.250185e+01 -2.439222e+01  0.000000e+00
     vertex  2.250185e+01 -2.211104e+01  0.000000e+00
   endloop
 endfacet
 facet normal  0.000000e+00 -0.000000e+00 -1.000000e+00
   outer loop
     vertex  3.761245e+01 -3.503518e+01  0.000000e+00
     vertex  3.761245e+01 -3.686808e+01  0.000000e+00
     vertex  3.750889e+01 -3.678862e+01  0.000000e+00
   endloop
 endfacet
 facet normal  0.000000e+00  0.000000e+00 -1.000000e+00
   outer loop
     vertex  3.761245e+01 -3.503518e+01  0.000000e+00
     vertex  3.750889e+01 -3.678862e+01  0.000000e+00
     vertex  3.750889e+01 -3.511464e+01  0.000000e+00
   endloop
 endfacet
 facet normal  0.000000e+00  0.000000e+00 -1.000000e+00
   outer loop
     vertex  3.047048e+01 -2.773692e+01  0.000000e+00
     vertex  2.251889e+01 -2.198163e+01  0.000000e+00
     vertex  2.250185e+01 -2.185222e+01  0.000000e+00
   endloop
 endfacet
 facet normal -0.000000e+00  0.000000e+00 -1.000000e+00
   outer loop
     vertex  3.047048e+01 -2.773692e+01  0.000000e+00
     vertex  3.034989e+01 -2.778687e+01  0.000000e+00
     vertex  2.251889e+01 -2.198163e+01  0.000000e+00
   endloop
 endfacet
 facet normal -0.000000e+00  0.000000e+00 -1.000000e+00
   outer loop
     vertex  3.963989e+01 -3.685988e+01  0.000000e+00
     vertex  3.761245e+01 -3.686808e+01  0.000000e+00
     vertex  3.761245e+01 -3.503518e+01  0.000000e+00
   endloop
 endfacet
 facet normal  0.000000e+00  0.000000e+00 -1.000000e+00
   outer loop
     vertex  3.963989e+01 -3.685988e+01  0.000000e+00
     vertex  3.769190e+01 -3.697163e+01  0.000000e+00
     vertex  3.761245e+01 -3.686808e+01  0.000000e+00
   endloop
 endfacet
 facet normal  0.000000e+00  0.000000e+00 -1.000000e+00
   outer loop
     vertex  3.963989e+01 -3.685988e+01  0.000000e+00
     vertex  3.774185e+01 -3.709222e+01  0.000000e+00
     vertex  3.769190e+01 -3.697163e+01  0.000000e+00
   endloop
 endfacet
 facet normal  0.000000e+00  0.000000e+00 -1.000000e+00
   outer loop
     vertex  3.963989e+01 -3.685988e+01  0.000000e+00
     vertex  3.775889e+01 -3.722163e+01  0.000000e+00
     vertex  3.774185e+01 -3.709222e+01  0.000000e+00
   endloop
 endfacet
 facet normal  0.000000e+00  0.000000e+00 -1.000000e+00
   outer loop
     vertex  3.963989e+01 -3.685988e+01  0.000000e+00
     vertex  3.956468e+01 -3.752744e+01  0.000000e+00
     vertex  3.775889e+01 -3.722163e+01  0.000000e+00
   endloop
 endfacet
 facet normal  0.000000e+00  0.000000e+00 -1.000000e+00
   outer loop
     vertex  3.963989e+01 -3.685988e+01  0.000000e+00
     vertex  3.761245e+01 -3.503518e+01  0.000000e+00
     vertex  3.769190e+01 -3.493163e+01  0.000000e+00
   endloop
 endfacet
 facet normal  0.000000e+00 -0.000000e+00 -1.000000e+00
   outer loop
     vertex  3.774185e+01 -3.481104e+01  0.000000e+00
     vertex  3.963989e+01 -3.685988e+01  0.000000e+00
     vertex  3.769190e+01 -3.493163e+01  0.000000e+00
   endloop
 endfacet
 facet normal  0.000000e+00 -0.000000e+00 -1.000000e+00
   outer loop
     vertex  3.775889e+01 -3.468163e+01  0.000000e+00
     vertex  3.963989e+01 -3.685988e+01  0.000000e+00
     vertex  3.774185e+01 -3.481104e+01  0.000000e+00
   endloop
 endfacet
 facet normal  0.000000e+00  0.000000e+00 -1.000000e+00
   outer loop
     vertex  3.774185e+01 -3.455222e+01  0.000000e+00
     vertex  3.963989e+01 -3.685988e+01  0.000000e+00
     vertex  3.775889e+01 -3.468163e+01  0.000000e+00
   endloop
 endfacet
 facet normal  0.000000e+00 -0.000000e+00 -1.000000e+00
   outer loop
     vertex  2.263989e+01 -1.935988e+01  0.000000e+00
     vertex  3.047048e+01 -2.773692e+01  0.000000e+00
     vertex  2.250185e+01 -2.185222e+01  0.000000e+00
   endloop
 endfacet
 facet normal  0.000000e+00  0.000000e+00 -1.000000e+00
   outer loop
     vertex  2.263989e+01 -1.935988e+01  0.000000e+00
     vertex  2.214830e+01 -2.149867e+01  0.000000e+00
     vertex  2.197233e+01 -1.943509e+01  0.000000e+00
   endloop
 endfacet
 facet normal  0.000000e+00  0.000000e+00 -1.000000e+00
   outer loop
     vertex  2.263989e+01 -1.935988e+01  0.000000e+00
     vertex  2.226889e+01 -2.154862e+01  0.000000e+00
     vertex  2.214830e+01 -2.149867e+01  0.000000e+00
   endloop
 endfacet
 facet normal  0.000000e+00  0.000000e+00 -1.000000e+00
   outer loop
     vertex  2.263989e+01 -1.935988e+01  0.000000e+00
     vertex  2.237245e+01 -2.162808e+01  0.000000e+00
     vertex  2.226889e+01 -2.154862e+01  0.000000e+00
   endloop
 endfacet
 facet normal  0.000000e+00  0.000000e+00 -1.000000e+00
   outer loop
     vertex  2.263989e+01 -1.935988e+01  0.000000e+00
     vertex  2.245190e+01 -2.173163e+01  0.000000e+00
     vertex  2.237245e+01 -2.162808e+01  0.000000e+00
   endloop
 endfacet
 facet normal  0.000000e+00  0.000000e+00 -1.000000e+00
   outer loop
     vertex  2.263989e+01 -1.935988e+01  0.000000e+00
     vertex  2.250185e+01 -2.185222e+01  0.000000e+00
     vertex  2.245190e+01 -2.173163e+01  0.000000e+00
   endloop
 endfacet
 facet normal  0.000000e+00  0.000000e+00 -1.000000e+00
   outer loop
     vertex  2.263989e+01 -1.935988e+01  0.000000e+00
     vertex  3.059989e+01 -2.771988e+01  0.000000e+00
     vertex  3.047048e+01 -2.773692e+01  0.000000e+00
   endloop
 endfacet
 facet normal -0.000000e+00 -0.000000e+00 -1.000000e+00
   outer loop
     vertex  3.278634e+01 -2.857343e+01  0.000000e+00
     vertex  3.278634e+01 -3.040633e+01  0.000000e+00
     vertex  3.095345e+01 -2.857343e+01  0.000000e+00
   endloop
 endfacet
 facet normal  0.000000e+00 -0.000000e+00 -1.000000e+00
   outer loop
     vertex  3.288989e+01 -2.865289e+01  0.000000e+00
     vertex  3.288989e+01 -3.032687e+01  0.000000e+00
     vertex  3.278634e+01 -3.040633e+01  0.000000e+00
   endloop
 endfacet
 facet normal -0.000000e+00  0.000000e+00 -1.000000e+00
   outer loop
     vertex  3.288989e+01 -2.865289e+01  0.000000e+00
     vertex  3.278634e+01 -3.040633e+01  0.000000e+00
     vertex  3.278634e+01 -2.857343e+01  0.000000e+00
   endloop
 endfacet
 facet normal -0.000000e+00  0.000000e+00 -1.000000e+00
   outer loop
     vertex  3.270688e+01 -2.846988e+01  0.000000e+00
     vertex  3.095345e+01 -2.857343e+01  0.000000e+00
     vertex  3.103290e+01 -2.846988e+01  0.000000e+00
   endloop
 endfacet
 facet normal  0.000000e+00 -0.000000e+00 -1.000000e+00
   outer loop
     vertex  3.270688e+01 -2.846988e+01  0.000000e+00
     vertex  3.278634e+01 -2.857343e+01  0.000000e+00
     vertex  3.095345e+01 -2.857343e+01  0.000000e+00
   endloop
 endfacet
 facet normal  0.000000e+00 -0.000000e+00 -1.000000e+00
   outer loop
     vertex  3.301048e+01 -2.870284e+01  0.000000e+00
     vertex  3.301048e+01 -3.027692e+01  0.000000e+00
     vertex  3.288989e+01 -3.032687e+01  0.000000e+00
   endloop
 endfacet
 facet normal  0.000000e+00  0.000000e+00 -1.000000e+00
   outer loop
     vertex  3.301048e+01 -2.870284e+01  0.000000e+00
     vertex  3.313989e+01 -3.025988e+01  0.000000e+00
     vertex  3.301048e+01 -3.027692e+01  0.000000e+00
   endloop
 endfacet
 facet normal -0.000000e+00  0.000000e+00 -1.000000e+00
   outer loop
     vertex  3.301048e+01 -2.870284e+01  0.000000e+00
     vertex  3.288989e+01 -3.032687e+01  0.000000e+00
     vertex  3.288989e+01 -2.865289e+01  0.000000e+00
   endloop
 endfacet
 facet normal  0.000000e+00 -0.000000e+00 -1.000000e+00
   outer loop
     vertex  3.265693e+01 -2.834929e+01  0.000000e+00
     vertex  3.270688e+01 -2.846988e+01  0.000000e+00
     vertex  3.103290e+01 -2.846988e+01  0.000000e+00
   endloop
 endfacet
 facet normal -0.000000e+00  0.000000e+00 -1.000000e+00
   outer loop
     vertex  3.265693e+01 -2.834929e+01  0.000000e+00
     vertex  3.103290e+01 -2.846988e+01  0.000000e+00
     vertex  3.108285e+01 -2.834929e+01  0.000000e+00
   endloop
 endfacet
 facet normal -0.000000e+00  0.000000e+00 -1.000000e+00
   outer loop
     vertex  3.263989e+01 -2.821988e+01  0.000000e+00
     vertex  3.108285e+01 -2.834929e+01  0.000000e+00
     vertex  3.109989e+01 -2.821988e+01  0.000000e+00
   endloop
 endfacet
 facet normal  0.000000e+00 -0.000000e+00 -1.000000e+00
   outer loop
     vertex  3.263989e+01 -2.821988e+01  0.000000e+00
     vertex  3.265693e+01 -2.834929e+01  0.000000e+00
     vertex  3.108285e+01 -2.834929e+01  0.000000e+00
   endloop
 endfacet
 facet normal -0.000000e+00 -0.000000e+00 -1.000000e+00
   outer loop
     vertex  3.313989e+01 -2.871988e+01  0.000000e+00
     vertex  3.313989e+01 -3.025988e+01  0.000000e+00
     vertex  3.301048e+01 -2.870284e+01  0.000000e+00
   endloop
 endfacet
 facet normal -0.000000e+00  0.000000e+00 -1.000000e+00
   outer loop
     vertex  3.700889e+01 -3.257464e+01  0.000000e+00
     vertex  3.690534e+01 -3.432808e+01  0.000000e+00
     vertex  3.690534e+01 -3.249518e+01  0.000000e+00
   endloop
 endfacet
 facet normal  0.000000e+00 -0.000000e+00 -1.000000e+00
   outer loop
     vertex  3.700889e+01 -3.257464e+01  0.000000e+00
     vertex  3.700889e+01 -3.424862e+01  0.000000e+00
     vertex  3.690534e+01 -3.432808e+01  0.000000e+00
   endloop
 endfacet
 facet normal  0.000000e+00  0.000000e+00 -1.000000e+00
   outer loop
     vertex  3.682588e+01 -3.239163e+01  0.000000e+00
     vertex  3.690534e+01 -3.249518e+01  0.000000e+00
     vertex  3.690534e+01 -3.432808e+01  0.000000e+00
   endloop
 endfacet
 facet normal  0.000000e+00  0.000000e+00 -1.000000e+00
   outer loop
     vertex  3.682588e+01 -3.239163e+01  0.000000e+00
     vertex  3.690534e+01 -3.432808e+01  0.000000e+00
     vertex  3.682588e+01 -3.443163e+01  0.000000e+00
   endloop
 endfacet
 facet normal -0.000000e+00 -0.000000e+00 -1.000000e+00
   outer loop
     vertex  3.682588e+01 -3.239163e+01  0.000000e+00
     vertex  3.682588e+01 -3.443163e+01  0.000000e+00
     vertex  3.338989e+01 -3.119289e+01  0.000000e+00
   endloop
 endfacet
 facet normal  0.000000e+00  0.000000e+00 -1.000000e+00
   outer loop
     vertex  3.677593e+01 -3.227104e+01  0.000000e+00
     vertex  3.338989e+01 -3.119289e+01  0.000000e+00
     vertex  3.349345e+01 -3.111343e+01  0.000000e+00
   endloop
 endfacet
 facet normal -0.000000e+00 -0.000000e+00 -1.000000e+00
   outer loop
     vertex  3.677593e+01 -3.227104e+01  0.000000e+00
     vertex  3.682588e+01 -3.239163e+01  0.000000e+00
     vertex  3.338989e+01 -3.119289e+01  0.000000e+00
   endloop
 endfacet
 facet normal  0.000000e+00 -0.000000e+00 -1.000000e+00
   outer loop
     vertex  3.712948e+01 -3.262459e+01  0.000000e+00
     vertex  3.712948e+01 -3.419867e+01  0.000000e+00
     vertex  3.700889e+01 -3.424862e+01  0.000000e+00
   endloop
 endfacet
 facet normal -0.000000e+00  0.000000e+00 -1.000000e+00
   outer loop
     vertex  3.712948e+01 -3.262459e+01  0.000000e+00
     vertex  3.700889e+01 -3.424862e+01  0.000000e+00
     vertex  3.700889e+01 -3.257464e+01  0.000000e+00
   endloop
 endfacet
 facet normal -0.000000e+00  0.000000e+00 -1.000000e+00
   outer loop
     vertex  3.265693e+01 -2.809047e+01  0.000000e+00
     vertex  3.109989e+01 -2.821988e+01  0.000000e+00
     vertex  3.108285e+01 -2.809047e+01  0.000000e+00
   endloop
 endfacet
 facet normal  0.000000e+00  0.000000e+00 -1.000000e+00
   outer loop
     vertex  3.265693e+01 -2.809047e+01  0.000000e+00
     vertex  3.263989e+01 -2.821988e+01  0.000000e+00
     vertex  3.109989e+01 -2.821988e+01  0.000000e+00
   endloop
 endfacet
 facet normal  0.000000e+00 -0.000000e+00 -1.000000e+00
   outer loop
     vertex  3.326930e+01 -2.870284e+01  0.000000e+00
     vertex  3.326930e+01 -3.027692e+01  0.000000e+00
     vertex  3.313989e+01 -3.025988e+01  0.000000e+00
   endloop
 endfacet
 facet normal  0.000000e+00  0.000000e+00 -1.000000e+00
   outer loop
     vertex  3.326930e+01 -2.870284e+01  0.000000e+00
     vertex  3.313989e+01 -3.025988e+01  0.000000e+00
     vertex  3.313989e+01 -2.871988e+01  0.000000e+00
   endloop
 endfacet
 facet normal  0.000000e+00  0.000000e+00 -1.000000e+00
   outer loop
     vertex  3.675889e+01 -3.214163e+01  0.000000e+00
     vertex  3.349345e+01 -3.111343e+01  0.000000e+00
     vertex  3.357290e+01 -3.100988e+01  0.000000e+00
   endloop
 endfacet
 facet normal -0.000000e+00 -0.000000e+00 -1.000000e+00
   outer loop
     vertex  3.675889e+01 -3.214163e+01  0.000000e+00
     vertex  3.677593e+01 -3.227104e+01  0.000000e+00
     vertex  3.349345e+01 -3.111343e+01  0.000000e+00
   endloop
 endfacet
 facet normal -0.000000e+00  0.000000e+00 -1.000000e+00
   outer loop
     vertex  3.725889e+01 -3.264163e+01  0.000000e+00
     vertex  3.712948e+01 -3.419867e+01  0.000000e+00
     vertex  3.712948e+01 -3.262459e+01  0.000000e+00
   endloop
 endfacet
 facet normal  0.000000e+00 -0.000000e+00 -1.000000e+00
   outer loop
     vertex  3.725889e+01 -3.264163e+01  0.000000e+00
     vertex  3.725889e+01 -3.418163e+01  0.000000e+00
     vertex  3.712948e+01 -3.419867e+01  0.000000e+00
   endloop
 endfacet
 facet normal  0.000000e+00  0.000000e+00 -1.000000e+00
   outer loop
     vertex  3.725889e+01 -3.264163e+01  0.000000e+00
     vertex  3.738830e+01 -3.419867e+01  0.000000e+00
     vertex  3.725889e+01 -3.418163e+01  0.000000e+00
   endloop
 endfacet
 facet normal  0.000000e+00 -0.000000e+00 -1.000000e+00
   outer loop
     vertex  3.338989e+01 -2.865289e+01  0.000000e+00
     vertex  3.338989e+01 -3.032687e+01  0.000000e+00
     vertex  3.326930e+01 -3.027692e+01  0.000000e+00
   endloop
 endfacet
 facet normal  0.000000e+00  0.000000e+00 -1.000000e+00
   outer loop
     vertex  3.338989e+01 -2.865289e+01  0.000000e+00
     vertex  3.326930e+01 -3.027692e+01  0.000000e+00
     vertex  3.326930e+01 -2.870284e+01  0.000000e+00
   endloop
 endfacet
 facet normal  0.000000e+00  0.000000e+00 -1.000000e+00
   outer loop
     vertex  3.270688e+01 -2.796988e+01  0.000000e+00
     vertex  3.265693e+01 -2.809047e+01  0.000000e+00
     vertex  3.108285e+01 -2.809047e+01  0.000000e+00
   endloop
 endfacet
 facet normal -0.000000e+00  0.000000e+00 -1.000000e+00
   outer loop
     vertex  3.270688e+01 -2.796988e+01  0.000000e+00
     vertex  3.108285e+01 -2.809047e+01  0.000000e+00
     vertex  3.103290e+01 -2.796988e+01  0.000000e+00
   endloop
 endfacet
 facet normal -0.000000e+00  0.000000e+00 -1.000000e+00
   outer loop
     vertex  3.677593e+01 -3.201222e+01  0.000000e+00
     vertex  3.675889e+01 -3.214163e+01  0.000000e+00
     vertex  3.357290e+01 -3.100988e+01  0.000000e+00
   endloop
 endfacet
 facet normal  0.000000e+00  0.000000e+00 -1.000000e+00
   outer loop
     vertex  3.677593e+01 -3.201222e+01  0.000000e+00
     vertex  3.357290e+01 -3.100988e+01  0.000000e+00
     vertex  3.362285e+01 -3.088929e+01  0.000000e+00
   endloop
 endfacet
 facet normal  0.000000e+00  0.000000e+00 -1.000000e+00
   outer loop
     vertex  3.738830e+01 -3.262459e+01  0.000000e+00
     vertex  3.750889e+01 -3.424862e+01  0.000000e+00
     vertex  3.738830e+01 -3.419867e+01  0.000000e+00
   endloop
 endfacet
 facet normal  0.000000e+00 -0.000000e+00 -1.000000e+00
   outer loop
     vertex  3.738830e+01 -3.262459e+01  0.000000e+00
     vertex  3.738830e+01 -3.419867e+01  0.000000e+00
     vertex  3.725889e+01 -3.264163e+01  0.000000e+00
   endloop
 endfacet
 facet normal  0.000000e+00  0.000000e+00 -1.000000e+00
   outer loop
     vertex  3.278634e+01 -2.786633e+01  0.000000e+00
     vertex  3.270688e+01 -2.796988e+01  0.000000e+00
     vertex  3.103290e+01 -2.796988e+01  0.000000e+00
   endloop
 endfacet
 facet normal  0.000000e+00  0.000000e+00 -1.000000e+00
   outer loop
     vertex  3.278634e+01 -2.786633e+01  0.000000e+00
     vertex  3.095345e+01 -2.786633e+01  0.000000e+00
     vertex  3.084989e+01 -2.778687e+01  0.000000e+00
   endloop
 endfacet
 facet normal -0.000000e+00  0.000000e+00 -1.000000e+00
   outer loop
     vertex  3.278634e+01 -2.786633e+01  0.000000e+00
     vertex  3.103290e+01 -2.796988e+01  0.000000e+00
     vertex  3.095345e+01 -2.786633e+01  0.000000e+00
   endloop
 endfacet
 facet normal  0.000000e+00  0.000000e+00 -1.000000e+00
   outer loop
     vertex  3.349345e+01 -2.857343e+01  0.000000e+00
     vertex  3.338989e+01 -3.032687e+01  0.000000e+00
     vertex  3.338989e+01 -2.865289e+01  0.000000e+00
   endloop
 endfacet
 facet normal  0.000000e+00 -0.000000e+00 -1.000000e+00
   outer loop
     vertex  3.349345e+01 -2.857343e+01  0.000000e+00
     vertex  3.349345e+01 -3.040633e+01  0.000000e+00
     vertex  3.338989e+01 -3.032687e+01  0.000000e+00
   endloop
 endfacet
 facet normal  0.000000e+00  0.000000e+00 -1.000000e+00
   outer loop
     vertex  3.349345e+01 -2.857343e+01  0.000000e+00
     vertex  3.357290e+01 -3.050988e+01  0.000000e+00
     vertex  3.349345e+01 -3.040633e+01  0.000000e+00
   endloop
 endfacet
 facet normal  0.000000e+00  0.000000e+00 -1.000000e+00
   outer loop
     vertex  3.682588e+01 -3.189163e+01  0.000000e+00
     vertex  3.362285e+01 -3.088929e+01  0.000000e+00
     vertex  3.363989e+01 -3.075988e+01  0.000000e+00
   endloop
 endfacet
 facet normal -0.000000e+00  0.000000e+00 -1.000000e+00
   outer loop
     vertex  3.682588e+01 -3.189163e+01  0.000000e+00
     vertex  3.677593e+01 -3.201222e+01  0.000000e+00
     vertex  3.362285e+01 -3.088929e+01  0.000000e+00
   endloop
 endfacet
 facet normal  0.000000e+00 -0.000000e+00 -1.000000e+00
   outer loop
     vertex  3.750889e+01 -3.257464e+01  0.000000e+00
     vertex  3.750889e+01 -3.424862e+01  0.000000e+00
     vertex  3.738830e+01 -3.262459e+01  0.000000e+00
   endloop
 endfacet
 facet normal -0.000000e+00  0.000000e+00 -1.000000e+00
   outer loop
     vertex  3.288989e+01 -2.778687e+01  0.000000e+00
     vertex  3.278634e+01 -2.786633e+01  0.000000e+00
     vertex  3.084989e+01 -2.778687e+01  0.000000e+00
   endloop
 endfacet
 facet normal  0.000000e+00 -0.000000e+00 -1.000000e+00
   outer loop
     vertex  3.357290e+01 -2.846988e+01  0.000000e+00
     vertex  3.357290e+01 -3.050988e+01  0.000000e+00
     vertex  3.349345e+01 -2.857343e+01  0.000000e+00
   endloop
 endfacet
 facet normal  0.000000e+00  0.000000e+00 -1.000000e+00
   outer loop
     vertex  3.761245e+01 -3.249518e+01  0.000000e+00
     vertex  3.750889e+01 -3.424862e+01  0.000000e+00
     vertex  3.750889e+01 -3.257464e+01  0.000000e+00
   endloop
 endfacet
 facet normal  0.000000e+00 -0.000000e+00 -1.000000e+00
   outer loop
     vertex  3.761245e+01 -3.249518e+01  0.000000e+00
     vertex  3.761245e+01 -3.432808e+01  0.000000e+00
     vertex  3.750889e+01 -3.424862e+01  0.000000e+00
   endloop
 endfacet
 facet normal  0.000000e+00  0.000000e+00 -1.000000e+00
   outer loop
     vertex  3.761245e+01 -3.249518e+01  0.000000e+00
     vertex  3.769190e+01 -3.443163e+01  0.000000e+00
     vertex  3.761245e+01 -3.432808e+01  0.000000e+00
   endloop
 endfacet
 facet normal  0.000000e+00  0.000000e+00 -1.000000e+00
   outer loop
     vertex  3.301048e+01 -2.773692e+01  0.000000e+00
     vertex  3.288989e+01 -2.778687e+01  0.000000e+00
     vertex  3.084989e+01 -2.778687e+01  0.000000e+00
   endloop
 endfacet
 facet normal -0.000000e+00  0.000000e+00 -1.000000e+00
   outer loop
     vertex  3.301048e+01 -2.773692e+01  0.000000e+00
     vertex  3.084989e+01 -2.778687e+01  0.000000e+00
     vertex  3.072930e+01 -2.773692e+01  0.000000e+00
   endloop
 endfacet
 facet normal  0.000000e+00 -0.000000e+00 -1.000000e+00
   outer loop
     vertex  3.769190e+01 -3.239163e+01  0.000000e+00
     vertex  3.769190e+01 -3.443163e+01  0.000000e+00
     vertex  3.761245e+01 -3.249518e+01  0.000000e+00
   endloop
 endfacet
 facet normal  0.000000e+00  0.000000e+00 -1.000000e+00
   outer loop
     vertex  3.774185e+01 -3.227104e+01  0.000000e+00
     vertex  3.769190e+01 -3.443163e+01  0.000000e+00
     vertex  3.769190e+01 -3.239163e+01  0.000000e+00
   endloop
 endfacet
 facet normal  0.000000e+00  0.000000e+00 -1.000000e+00
   outer loop
     vertex  3.774185e+01 -3.227104e+01  0.000000e+00
     vertex  3.963989e+01 -3.685988e+01  0.000000e+00
     vertex  3.774185e+01 -3.455222e+01  0.000000e+00
   endloop
 endfacet
 facet normal  0.000000e+00 -0.000000e+00 -1.000000e+00
   outer loop
     vertex  3.774185e+01 -3.227104e+01  0.000000e+00
     vertex  3.774185e+01 -3.455222e+01  0.000000e+00
     vertex  3.769190e+01 -3.443163e+01  0.000000e+00
   endloop
 endfacet
 facet normal  0.000000e+00 -0.000000e+00 -1.000000e+00
   outer loop
     vertex  3.775889e+01 -3.214163e+01  0.000000e+00
     vertex  3.963989e+01 -3.685988e+01  0.000000e+00
     vertex  3.774185e+01 -3.227104e+01  0.000000e+00
   endloop
 endfacet
 facet normal  0.000000e+00 -0.000000e+00 -1.000000e+00
   outer loop
     vertex  3.690534e+01 -2.995518e+01  0.000000e+00
     vertex  3.690534e+01 -3.178808e+01  0.000000e+00
     vertex  3.682588e+01 -3.189163e+01  0.000000e+00
   endloop
 endfacet
 facet normal  0.000000e+00 -0.000000e+00 -1.000000e+00
   outer loop
     vertex  3.700889e+01 -3.003464e+01  0.000000e+00
     vertex  3.700889e+01 -3.170862e+01  0.000000e+00
     vertex  3.690534e+01 -3.178808e+01  0.000000e+00
   endloop
 endfacet
 facet normal -0.000000e+00  0.000000e+00 -1.000000e+00
   outer loop
     vertex  3.700889e+01 -3.003464e+01  0.000000e+00
     vertex  3.690534e+01 -3.178808e+01  0.000000e+00
     vertex  3.690534e+01 -2.995518e+01  0.000000e+00
   endloop
 endfacet
 facet normal  0.000000e+00 -0.000000e+00 -1.000000e+00
   outer loop
     vertex  3.682588e+01 -2.985163e+01  0.000000e+00
     vertex  3.682588e+01 -3.189163e+01  0.000000e+00
     vertex  3.363989e+01 -3.075988e+01  0.000000e+00
   endloop
 endfacet
 facet normal  0.000000e+00  0.000000e+00 -1.000000e+00
   outer loop
     vertex  3.682588e+01 -2.985163e+01  0.000000e+00
     vertex  3.363989e+01 -3.075988e+01  0.000000e+00
     vertex  3.362285e+01 -3.063047e+01  0.000000e+00
   endloop
 endfacet
 facet normal  0.000000e+00  0.000000e+00 -1.000000e+00
   outer loop
     vertex  3.682588e+01 -2.985163e+01  0.000000e+00
     vertex  3.690534e+01 -2.995518e+01  0.000000e+00
     vertex  3.682588e+01 -3.189163e+01  0.000000e+00
   endloop
 endfacet
 facet normal -0.000000e+00  0.000000e+00 -1.000000e+00
   outer loop
     vertex  3.712948e+01 -3.008459e+01  0.000000e+00
     vertex  3.700889e+01 -3.170862e+01  0.000000e+00
     vertex  3.700889e+01 -3.003464e+01  0.000000e+00
   endloop
 endfacet
 facet normal  0.000000e+00 -0.000000e+00 -1.000000e+00
   outer loop
     vertex  3.712948e+01 -3.008459e+01  0.000000e+00
     vertex  3.712948e+01 -3.165867e+01  0.000000e+00
     vertex  3.700889e+01 -3.170862e+01  0.000000e+00
   endloop
 endfacet
 facet normal  0.000000e+00  0.000000e+00 -1.000000e+00
   outer loop
     vertex  3.677593e+01 -2.973104e+01  0.000000e+00
     vertex  3.362285e+01 -3.063047e+01  0.000000e+00
     vertex  3.357290e+01 -3.050988e+01  0.000000e+00
   endloop
 endfacet
 facet normal  0.000000e+00 -0.000000e+00 -1.000000e+00
   outer loop
     vertex  3.677593e+01 -2.973104e+01  0.000000e+00
     vertex  3.682588e+01 -2.985163e+01  0.000000e+00
     vertex  3.362285e+01 -3.063047e+01  0.000000e+00
   endloop
 endfacet
 facet normal  0.000000e+00 -0.000000e+00 -1.000000e+00
   outer loop
     vertex  3.725889e+01 -3.010163e+01  0.000000e+00
     vertex  3.725889e+01 -3.164163e+01  0.000000e+00
     vertex  3.712948e+01 -3.165867e+01  0.000000e+00
   endloop
 endfacet
 facet normal -0.000000e+00  0.000000e+00 -1.000000e+00
   outer loop
     vertex  3.725889e+01 -3.010163e+01  0.000000e+00
     vertex  3.712948e+01 -3.165867e+01  0.000000e+00
     vertex  3.712948e+01 -3.008459e+01  0.000000e+00
   endloop
 endfacet
 facet normal -0.000000e+00  0.000000e+00 -1.000000e+00
   outer loop
     vertex  3.675889e+01 -2.960163e+01  0.000000e+00
     vertex  3.357290e+01 -3.050988e+01  0.000000e+00
     vertex  3.357290e+01 -2.846988e+01  0.000000e+00
   endloop
 endfacet
 facet normal  0.000000e+00 -0.000000e+00 -1.000000e+00
   outer loop
     vertex  3.675889e+01 -2.960163e+01  0.000000e+00
     vertex  3.677593e+01 -2.973104e+01  0.000000e+00
     vertex  3.357290e+01 -3.050988e+01  0.000000e+00
   endloop
 endfacet
 facet normal -0.000000e+00  0.000000e+00 -1.000000e+00
   outer loop
     vertex  3.677593e+01 -2.947222e+01  0.000000e+00
     vertex  3.675889e+01 -2.960163e+01  0.000000e+00
     vertex  3.357290e+01 -2.846988e+01  0.000000e+00
   endloop
 endfacet
 facet normal  0.000000e+00  0.000000e+00 -1.000000e+00
   outer loop
     vertex  3.677593e+01 -2.947222e+01  0.000000e+00
     vertex  3.357290e+01 -2.846988e+01  0.000000e+00
     vertex  3.362285e+01 -2.834929e+01  0.000000e+00
   endloop
 endfacet
 facet normal  0.000000e+00 -0.000000e+00 -1.000000e+00
   outer loop
     vertex  3.738830e+01 -3.008459e+01  0.000000e+00
     vertex  3.738830e+01 -3.165867e+01  0.000000e+00
     vertex  3.725889e+01 -3.164163e+01  0.000000e+00
   endloop
 endfacet
 facet normal  0.000000e+00  0.000000e+00 -1.000000e+00
   outer loop
     vertex  3.738830e+01 -3.008459e+01  0.000000e+00
     vertex  3.725889e+01 -3.164163e+01  0.000000e+00
     vertex  3.725889e+01 -3.010163e+01  0.000000e+00
   endloop
 endfacet
 facet normal -0.000000e+00  0.000000e+00 -1.000000e+00
   outer loop
     vertex  3.682588e+01 -2.935163e+01  0.000000e+00
     vertex  3.677593e+01 -2.947222e+01  0.000000e+00
     vertex  3.362285e+01 -2.834929e+01  0.000000e+00
   endloop
 endfacet
 facet normal  0.000000e+00  0.000000e+00 -1.000000e+00
   outer loop
     vertex  3.682588e+01 -2.935163e+01  0.000000e+00
     vertex  3.362285e+01 -2.834929e+01  0.000000e+00
     vertex  3.363989e+01 -2.821988e+01  0.000000e+00
   endloop
 endfacet
 facet normal  0.000000e+00 -0.000000e+00 -1.000000e+00
   outer loop
     vertex  3.750889e+01 -3.003464e+01  0.000000e+00
     vertex  3.750889e+01 -3.170862e+01  0.000000e+00
     vertex  3.738830e+01 -3.165867e+01  0.000000e+00
   endloop
 endfacet
 facet normal  0.000000e+00  0.000000e+00 -1.000000e+00
   outer loop
     vertex  3.750889e+01 -3.003464e+01  0.000000e+00
     vertex  3.738830e+01 -3.165867e+01  0.000000e+00
     vertex  3.738830e+01 -3.008459e+01  0.000000e+00
   endloop
 endfacet
 facet normal  0.000000e+00 -0.000000e+00 -1.000000e+00
   outer loop
     vertex  3.761245e+01 -2.995518e+01  0.000000e+00
     vertex  3.761245e+01 -3.178808e+01  0.000000e+00
     vertex  3.750889e+01 -3.170862e+01  0.000000e+00
   endloop
 endfacet
 facet normal  0.000000e+00  0.000000e+00 -1.000000e+00
   outer loop
     vertex  3.761245e+01 -2.995518e+01  0.000000e+00
     vertex  3.769190e+01 -3.189163e+01  0.000000e+00
     vertex  3.761245e+01 -3.178808e+01  0.000000e+00
   endloop
 endfacet
 facet normal  0.000000e+00  0.000000e+00 -1.000000e+00
   outer loop
     vertex  3.761245e+01 -2.995518e+01  0.000000e+00
     vertex  3.750889e+01 -3.170862e+01  0.000000e+00
     vertex  3.750889e+01 -3.003464e+01  0.000000e+00
   endloop
 endfacet
 facet normal  0.000000e+00 -0.000000e+00 -1.000000e+00
   outer loop
     vertex  3.769190e+01 -2.985163e+01  0.000000e+00
     vertex  3.769190e+01 -3.189163e+01  0.000000e+00
     vertex  3.761245e+01 -2.995518e+01  0.000000e+00
   endloop
 endfacet
 facet normal  0.000000e+00 -0.000000e+00 -1.000000e+00
   outer loop
     vertex  3.774185e+01 -2.973104e+01  0.000000e+00
     vertex  3.774185e+01 -3.201222e+01  0.000000e+00
     vertex  3.769190e+01 -3.189163e+01  0.000000e+00
   endloop
 endfacet
 facet normal  0.000000e+00  0.000000e+00 -1.000000e+00
   outer loop
     vertex  3.774185e+01 -2.973104e+01  0.000000e+00
     vertex  3.775889e+01 -3.214163e+01  0.000000e+00
     vertex  3.774185e+01 -3.201222e+01  0.000000e+00
   endloop
 endfacet
 facet normal  0.000000e+00  0.000000e+00 -1.000000e+00
   outer loop
     vertex  3.774185e+01 -2.973104e+01  0.000000e+00
     vertex  3.769190e+01 -3.189163e+01  0.000000e+00
     vertex  3.769190e+01 -2.985163e+01  0.000000e+00
   endloop
 endfacet
 facet normal  0.000000e+00  0.000000e+00 -1.000000e+00
   outer loop
     vertex  3.775889e+01 -2.960163e+01  0.000000e+00
     vertex  3.963989e+01 -3.685988e+01  0.000000e+00
     vertex  3.775889e+01 -3.214163e+01  0.000000e+00
   endloop
 endfacet
 facet normal  0.000000e+00 -0.000000e+00 -1.000000e+00
   outer loop
     vertex  3.775889e+01 -2.960163e+01  0.000000e+00
     vertex  3.775889e+01 -3.214163e+01  0.000000e+00
     vertex  3.774185e+01 -2.973104e+01  0.000000e+00
   endloop
 endfacet
 facet normal  0.000000e+00 -0.000000e+00 -1.000000e+00
   outer loop
     vertex  3.690534e+01 -2.741518e+01  0.000000e+00
     vertex  3.690534e+01 -2.924808e+01  0.000000e+00
     vertex  3.682588e+01 -2.935163e+01  0.000000e+00
   endloop
 endfacet
 facet normal  0.000000e+00  0.000000e+00 -1.000000e+00
   outer loop
     vertex  3.690534e+01 -2.741518e+01  0.000000e+00
     vertex  3.700889e+01 -2.916862e+01  0.000000e+00
     vertex  3.690534e+01 -2.924808e+01  0.000000e+00
   endloop
 endfacet
 facet normal -0.000000e+00 -0.000000e+00 -1.000000e+00
   outer loop
     vertex  3.700889e+01 -2.749464e+01  0.000000e+00
     vertex  3.700889e+01 -2.916862e+01  0.000000e+00
     vertex  3.690534e+01 -2.741518e+01  0.000000e+00
   endloop
 endfacet
 facet normal  0.000000e+00  0.000000e+00 -1.000000e+00
   outer loop
     vertex  3.682588e+01 -2.731163e+01  0.000000e+00
     vertex  3.690534e+01 -2.741518e+01  0.000000e+00
     vertex  3.682588e+01 -2.935163e+01  0.000000e+00
   endloop
 endfacet
 facet normal  0.000000e+00 -0.000000e+00 -1.000000e+00
   outer loop
     vertex  3.682588e+01 -2.731163e+01  0.000000e+00
     vertex  3.682588e+01 -2.935163e+01  0.000000e+00
     vertex  3.363989e+01 -2.821988e+01  0.000000e+00
   endloop
 endfacet
 facet normal  0.000000e+00  0.000000e+00 -1.000000e+00
   outer loop
     vertex  3.682588e+01 -2.731163e+01  0.000000e+00
     vertex  3.363989e+01 -2.821988e+01  0.000000e+00
     vertex  3.362285e+01 -2.809047e+01  0.000000e+00
   endloop
 endfacet
 facet normal  0.000000e+00 -0.000000e+00 -1.000000e+00
   outer loop
     vertex  3.712948e+01 -2.754459e+01  0.000000e+00
     vertex  3.712948e+01 -2.911867e+01  0.000000e+00
     vertex  3.700889e+01 -2.916862e+01  0.000000e+00
   endloop
 endfacet
 facet normal -0.000000e+00  0.000000e+00 -1.000000e+00
   outer loop
     vertex  3.712948e+01 -2.754459e+01  0.000000e+00
     vertex  3.700889e+01 -2.916862e+01  0.000000e+00
     vertex  3.700889e+01 -2.749464e+01  0.000000e+00
   endloop
 endfacet
 facet normal  0.000000e+00 -0.000000e+00 -1.000000e+00
   outer loop
     vertex  3.677593e+01 -2.719104e+01  0.000000e+00
     vertex  3.682588e+01 -2.731163e+01  0.000000e+00
     vertex  3.362285e+01 -2.809047e+01  0.000000e+00
   endloop
 endfacet
 facet normal  0.000000e+00  0.000000e+00 -1.000000e+00
   outer loop
     vertex  3.677593e+01 -2.719104e+01  0.000000e+00
     vertex  3.362285e+01 -2.809047e+01  0.000000e+00
     vertex  3.357290e+01 -2.796988e+01  0.000000e+00
   endloop
 endfacet
 facet normal  0.000000e+00 -0.000000e+00 -1.000000e+00
   outer loop
     vertex  3.725889e+01 -2.756163e+01  0.000000e+00
     vertex  3.725889e+01 -2.910163e+01  0.000000e+00
     vertex  3.712948e+01 -2.911867e+01  0.000000e+00
   endloop
 endfacet
 facet normal -0.000000e+00  0.000000e+00 -1.000000e+00
   outer loop
     vertex  3.725889e+01 -2.756163e+01  0.000000e+00
     vertex  3.712948e+01 -2.911867e+01  0.000000e+00
     vertex  3.712948e+01 -2.754459e+01  0.000000e+00
   endloop
 endfacet
 facet normal  0.000000e+00 -0.000000e+00 -1.000000e+00
   outer loop
     vertex  3.675889e+01 -2.706163e+01  0.000000e+00
     vertex  3.677593e+01 -2.719104e+01  0.000000e+00
     vertex  3.357290e+01 -2.796988e+01  0.000000e+00
   endloop
 endfacet
 facet normal  0.000000e+00  0.000000e+00 -1.000000e+00
   outer loop
     vertex  3.675889e+01 -2.706163e+01  0.000000e+00
     vertex  3.357290e+01 -2.796988e+01  0.000000e+00
     vertex  3.349345e+01 -2.786633e+01  0.000000e+00
   endloop
 endfacet
 facet normal  0.000000e+00  0.000000e+00 -1.000000e+00
   outer loop
     vertex  3.677593e+01 -2.693222e+01  0.000000e+00
     vertex  3.675889e+01 -2.706163e+01  0.000000e+00
     vertex  3.349345e+01 -2.786633e+01  0.000000e+00
   endloop
 endfacet
 facet normal  0.000000e+00  0.000000e+00 -1.000000e+00
   outer loop
     vertex  3.677593e+01 -2.693222e+01  0.000000e+00
     vertex  3.349345e+01 -2.786633e+01  0.000000e+00
     vertex  3.338989e+01 -2.778687e+01  0.000000e+00
   endloop
 endfacet
 facet normal  0.000000e+00 -0.000000e+00 -1.000000e+00
   outer loop
     vertex  3.738830e+01 -2.754459e+01  0.000000e+00
     vertex  3.738830e+01 -2.911867e+01  0.000000e+00
     vertex  3.725889e+01 -2.910163e+01  0.000000e+00
   endloop
 endfacet
 facet normal  0.000000e+00  0.000000e+00 -1.000000e+00
   outer loop
     vertex  3.738830e+01 -2.754459e+01  0.000000e+00
     vertex  3.725889e+01 -2.910163e+01  0.000000e+00
     vertex  3.725889e+01 -2.756163e+01  0.000000e+00
   endloop
 endfacet
 facet normal  0.000000e+00 -0.000000e+00 -1.000000e+00
   outer loop
     vertex  3.750889e+01 -2.749464e+01  0.000000e+00
     vertex  3.750889e+01 -2.916862e+01  0.000000e+00
     vertex  3.738830e+01 -2.911867e+01  0.000000e+00
   endloop
 endfacet
 facet normal  0.000000e+00  0.000000e+00 -1.000000e+00
   outer loop
     vertex  3.750889e+01 -2.749464e+01  0.000000e+00
     vertex  3.761245e+01 -2.924808e+01  0.000000e+00
     vertex  3.750889e+01 -2.916862e+01  0.000000e+00
   endloop
 endfacet
 facet normal  0.000000e+00  0.000000e+00 -1.000000e+00
   outer loop
     vertex  3.750889e+01 -2.749464e+01  0.000000e+00
     vertex  3.738830e+01 -2.911867e+01  0.000000e+00
     vertex  3.738830e+01 -2.754459e+01  0.000000e+00
   endloop
 endfacet
 facet normal  0.000000e+00  0.000000e+00 -1.000000e+00
   outer loop
     vertex  3.682588e+01 -2.681163e+01  0.000000e+00
     vertex  3.677593e+01 -2.693222e+01  0.000000e+00
     vertex  3.338989e+01 -2.778687e+01  0.000000e+00
   endloop
 endfacet
 facet normal  0.000000e+00  0.000000e+00 -1.000000e+00
   outer loop
     vertex  3.761245e+01 -2.741518e+01  0.000000e+00
     vertex  3.769190e+01 -2.935163e+01  0.000000e+00
     vertex  3.761245e+01 -2.924808e+01  0.000000e+00
   endloop
 endfacet
 facet normal  0.000000e+00 -0.000000e+00 -1.000000e+00
   outer loop
     vertex  3.761245e+01 -2.741518e+01  0.000000e+00
     vertex  3.761245e+01 -2.924808e+01  0.000000e+00
     vertex  3.750889e+01 -2.749464e+01  0.000000e+00
   endloop
 endfacet
 facet normal  0.000000e+00  0.000000e+00 -1.000000e+00
   outer loop
     vertex  3.769190e+01 -2.731163e+01  0.000000e+00
     vertex  3.774185e+01 -2.947222e+01  0.000000e+00
     vertex  3.769190e+01 -2.935163e+01  0.000000e+00
   endloop
 endfacet
 facet normal  0.000000e+00 -0.000000e+00 -1.000000e+00
   outer loop
     vertex  3.769190e+01 -2.731163e+01  0.000000e+00
     vertex  3.769190e+01 -2.935163e+01  0.000000e+00
     vertex  3.761245e+01 -2.741518e+01  0.000000e+00
   endloop
 endfacet
 facet normal  0.000000e+00 -0.000000e+00 -1.000000e+00
   outer loop
     vertex  3.774185e+01 -2.719104e+01  0.000000e+00
     vertex  3.774185e+01 -2.947222e+01  0.000000e+00
     vertex  3.769190e+01 -2.731163e+01  0.000000e+00
   endloop
 endfacet
 facet normal  0.000000e+00  0.000000e+00 -1.000000e+00
   outer loop
     vertex  3.774185e+01 -2.719104e+01  0.000000e+00
     vertex  3.775889e+01 -2.960163e+01  0.000000e+00
     vertex  3.774185e+01 -2.947222e+01  0.000000e+00
   endloop
 endfacet
 facet normal  0.000000e+00 -0.000000e+00 -1.000000e+00
   outer loop
     vertex  3.775889e+01 -2.706163e+01  0.000000e+00
     vertex  3.775889e+01 -2.960163e+01  0.000000e+00
     vertex  3.774185e+01 -2.719104e+01  0.000000e+00
   endloop
 endfacet
 facet normal  0.000000e+00 -0.000000e+00 -1.000000e+00
   outer loop
     vertex  3.690534e+01 -2.487518e+01  0.000000e+00
     vertex  3.690534e+01 -2.670808e+01  0.000000e+00
     vertex  3.682588e+01 -2.681163e+01  0.000000e+00
   endloop
 endfacet
 facet normal  0.000000e+00 -0.000000e+00 -1.000000e+00
   outer loop
     vertex  3.700889e+01 -2.495464e+01  0.000000e+00
     vertex  3.700889e+01 -2.662862e+01  0.000000e+00
     vertex  3.690534e+01 -2.670808e+01  0.000000e+00
   endloop
 endfacet
 facet normal -0.000000e+00  0.000000e+00 -1.000000e+00
   outer loop
     vertex  3.700889e+01 -2.495464e+01  0.000000e+00
     vertex  3.690534e+01 -2.670808e+01  0.000000e+00
     vertex  3.690534e+01 -2.487518e+01  0.000000e+00
   endloop
 endfacet
 facet normal  0.000000e+00 -0.000000e+00 -1.000000e+00
   outer loop
     vertex  3.682588e+01 -2.477163e+01  0.000000e+00
     vertex  3.682588e+01 -2.681163e+01  0.000000e+00
     vertex  3.338989e+01 -2.778687e+01  0.000000e+00
   endloop
 endfacet
 facet normal  0.000000e+00  0.000000e+00 -1.000000e+00
   outer loop
     vertex  3.682588e+01 -2.477163e+01  0.000000e+00
     vertex  3.690534e+01 -2.487518e+01  0.000000e+00
     vertex  3.682588e+01 -2.681163e+01  0.000000e+00
   endloop
 endfacet
 facet normal -0.000000e+00  0.000000e+00 -1.000000e+00
   outer loop
     vertex  3.712948e+01 -2.500459e+01  0.000000e+00
     vertex  3.700889e+01 -2.662862e+01  0.000000e+00
     vertex  3.700889e+01 -2.495464e+01  0.000000e+00
   endloop
 endfacet
 facet normal  0.000000e+00 -0.000000e+00 -1.000000e+00
   outer loop
     vertex  3.712948e+01 -2.500459e+01  0.000000e+00
     vertex  3.712948e+01 -2.657867e+01  0.000000e+00
     vertex  3.700889e+01 -2.662862e+01  0.000000e+00
   endloop
 endfacet
 facet normal  0.000000e+00 -0.000000e+00 -1.000000e+00
   outer loop
     vertex  3.677593e+01 -2.465104e+01  0.000000e+00
     vertex  3.682588e+01 -2.477163e+01  0.000000e+00
     vertex  3.338989e+01 -2.778687e+01  0.000000e+00
   endloop
 endfacet
 facet normal  0.000000e+00  0.000000e+00 -1.000000e+00
   outer loop
     vertex  3.677593e+01 -2.465104e+01  0.000000e+00
     vertex  3.338989e+01 -2.778687e+01  0.000000e+00
     vertex  3.326930e+01 -2.773692e+01  0.000000e+00
   endloop
 endfacet
 facet normal  0.000000e+00 -0.000000e+00 -1.000000e+00
   outer loop
     vertex  3.725889e+01 -2.502163e+01  0.000000e+00
     vertex  3.725889e+01 -2.656163e+01  0.000000e+00
     vertex  3.712948e+01 -2.657867e+01  0.000000e+00
   endloop
 endfacet
 facet normal -0.000000e+00  0.000000e+00 -1.000000e+00
   outer loop
     vertex  3.725889e+01 -2.502163e+01  0.000000e+00
     vertex  3.712948e+01 -2.657867e+01  0.000000e+00
     vertex  3.712948e+01 -2.500459e+01  0.000000e+00
   endloop
 endfacet
 facet normal  0.000000e+00 -0.000000e+00 -1.000000e+00
   outer loop
     vertex  3.675889e+01 -2.452163e+01  0.000000e+00
     vertex  3.677593e+01 -2.465104e+01  0.000000e+00
     vertex  3.326930e+01 -2.773692e+01  0.000000e+00
   endloop
 endfacet
 facet normal  0.000000e+00  0.000000e+00 -1.000000e+00
   outer loop
     vertex  3.675889e+01 -2.452163e+01  0.000000e+00
     vertex  3.326930e+01 -2.773692e+01  0.000000e+00
     vertex  3.313989e+01 -2.771988e+01  0.000000e+00
   endloop
 endfacet
 facet normal  0.000000e+00  0.000000e+00 -1.000000e+00
   outer loop
     vertex  3.677593e+01 -2.439222e+01  0.000000e+00
     vertex  3.675889e+01 -2.452163e+01  0.000000e+00
     vertex  3.313989e+01 -2.771988e+01  0.000000e+00
   endloop
 endfacet
 facet normal  0.000000e+00  0.000000e+00 -1.000000e+00
   outer loop
     vertex  3.677593e+01 -2.439222e+01  0.000000e+00
     vertex  3.313989e+01 -2.771988e+01  0.000000e+00
     vertex  3.301048e+01 -2.773692e+01  0.000000e+00
   endloop
 endfacet
 facet normal  0.000000e+00 -0.000000e+00 -1.000000e+00
   outer loop
     vertex  3.738830e+01 -2.500459e+01  0.000000e+00
     vertex  3.738830e+01 -2.657867e+01  0.000000e+00
     vertex  3.725889e+01 -2.656163e+01  0.000000e+00
   endloop
 endfacet
 facet normal  0.000000e+00  0.000000e+00 -1.000000e+00
   outer loop
     vertex  3.738830e+01 -2.500459e+01  0.000000e+00
     vertex  3.750889e+01 -2.662862e+01  0.000000e+00
     vertex  3.738830e+01 -2.657867e+01  0.000000e+00
   endloop
 endfacet
 facet normal  0.000000e+00  0.000000e+00 -1.000000e+00
   outer loop
     vertex  3.738830e+01 -2.500459e+01  0.000000e+00
     vertex  3.725889e+01 -2.656163e+01  0.000000e+00
     vertex  3.725889e+01 -2.502163e+01  0.000000e+00
   endloop
 endfacet
 facet normal  0.000000e+00  0.000000e+00 -1.000000e+00
   outer loop
     vertex  3.750889e+01 -2.495464e+01  0.000000e+00
     vertex  3.761245e+01 -2.670808e+01  0.000000e+00
     vertex  3.750889e+01 -2.662862e+01  0.000000e+00
   endloop
 endfacet
 facet normal  0.000000e+00 -0.000000e+00 -1.000000e+00
   outer loop
     vertex  3.750889e+01 -2.495464e+01  0.000000e+00
     vertex  3.750889e+01 -2.662862e+01  0.000000e+00
     vertex  3.738830e+01 -2.500459e+01  0.000000e+00
   endloop
 endfacet
 facet normal  0.000000e+00  0.000000e+00 -1.000000e+00
   outer loop
     vertex  3.761245e+01 -2.487518e+01  0.000000e+00
     vertex  3.769190e+01 -2.681163e+01  0.000000e+00
     vertex  3.761245e+01 -2.670808e+01  0.000000e+00
   endloop
 endfacet
 facet normal  0.000000e+00 -0.000000e+00 -1.000000e+00
   outer loop
     vertex  3.761245e+01 -2.487518e+01  0.000000e+00
     vertex  3.761245e+01 -2.670808e+01  0.000000e+00
     vertex  3.750889e+01 -2.495464e+01  0.000000e+00
   endloop
 endfacet
 facet normal  0.000000e+00 -0.000000e+00 -1.000000e+00
   outer loop
     vertex  3.769190e+01 -2.477163e+01  0.000000e+00
     vertex  3.769190e+01 -2.681163e+01  0.000000e+00
     vertex  3.761245e+01 -2.487518e+01  0.000000e+00
   endloop
 endfacet
 facet normal  0.000000e+00 -0.000000e+00 -1.000000e+00
   outer loop
     vertex  3.774185e+01 -2.465104e+01  0.000000e+00
     vertex  3.774185e+01 -2.693222e+01  0.000000e+00
     vertex  3.769190e+01 -2.681163e+01  0.000000e+00
   endloop
 endfacet
 facet normal  0.000000e+00  0.000000e+00 -1.000000e+00
   outer loop
     vertex  3.774185e+01 -2.465104e+01  0.000000e+00
     vertex  3.769190e+01 -2.681163e+01  0.000000e+00
     vertex  3.769190e+01 -2.477163e+01  0.000000e+00
   endloop
 endfacet
 facet normal  0.000000e+00 -0.000000e+00 -1.000000e+00
   outer loop
     vertex  3.700889e+01 -2.241464e+01  0.000000e+00
     vertex  3.700889e+01 -2.408862e+01  0.000000e+00
     vertex  3.690534e+01 -2.416808e+01  0.000000e+00
   endloop
 endfacet
 facet normal -0.000000e+00  0.000000e+00 -1.000000e+00
   outer loop
     vertex  3.700889e+01 -2.241464e+01  0.000000e+00
     vertex  3.690534e+01 -2.416808e+01  0.000000e+00
     vertex  3.690534e+01 -2.233518e+01  0.000000e+00
   endloop
 endfacet
 facet normal  0.000000e+00 -0.000000e+00 -1.000000e+00
   outer loop
     vertex  3.682588e+01 -2.223163e+01  0.000000e+00
     vertex  3.682588e+01 -2.427163e+01  0.000000e+00
     vertex  3.677593e+01 -2.439222e+01  0.000000e+00
   endloop
 endfacet
 facet normal  0.000000e+00  0.000000e+00 -1.000000e+00
   outer loop
     vertex  3.682588e+01 -2.223163e+01  0.000000e+00
     vertex  3.690534e+01 -2.416808e+01  0.000000e+00
     vertex  3.682588e+01 -2.427163e+01  0.000000e+00
   endloop
 endfacet
 facet normal  0.000000e+00  0.000000e+00 -1.000000e+00
   outer loop
     vertex  3.682588e+01 -2.223163e+01  0.000000e+00
     vertex  3.690534e+01 -2.233518e+01  0.000000e+00
     vertex  3.690534e+01 -2.416808e+01  0.000000e+00
   endloop
 endfacet
 facet normal -0.000000e+00  0.000000e+00 -1.000000e+00
   outer loop
     vertex  3.712948e+01 -2.246459e+01  0.000000e+00
     vertex  3.700889e+01 -2.408862e+01  0.000000e+00
     vertex  3.700889e+01 -2.241464e+01  0.000000e+00
   endloop
 endfacet
 facet normal  0.000000e+00 -0.000000e+00 -1.000000e+00
   outer loop
     vertex  3.712948e+01 -2.246459e+01  0.000000e+00
     vertex  3.712948e+01 -2.403867e+01  0.000000e+00
     vertex  3.700889e+01 -2.408862e+01  0.000000e+00
   endloop
 endfacet
 facet normal  0.000000e+00  0.000000e+00 -1.000000e+00
   outer loop
     vertex  3.677593e+01 -2.211104e+01  0.000000e+00
     vertex  3.301048e+01 -2.773692e+01  0.000000e+00
     vertex  3.072930e+01 -2.773692e+01  0.000000e+00
   endloop
 endfacet
 facet normal  0.000000e+00 -0.000000e+00 -1.000000e+00
   outer loop
     vertex  3.677593e+01 -2.211104e+01  0.000000e+00
     vertex  3.677593e+01 -2.439222e+01  0.000000e+00
     vertex  3.301048e+01 -2.773692e+01  0.000000e+00
   endloop
 endfacet
 facet normal  0.000000e+00  0.000000e+00 -1.000000e+00
   outer loop
     vertex  3.677593e+01 -2.211104e+01  0.000000e+00
     vertex  3.682588e+01 -2.223163e+01  0.000000e+00
     vertex  3.677593e+01 -2.439222e+01  0.000000e+00
   endloop
 endfacet
 facet normal -0.000000e+00  0.000000e+00 -1.000000e+00
   outer loop
     vertex  3.725889e+01 -2.248163e+01  0.000000e+00
     vertex  3.712948e+01 -2.403867e+01  0.000000e+00
     vertex  3.712948e+01 -2.246459e+01  0.000000e+00
   endloop
 endfacet
 facet normal  0.000000e+00 -0.000000e+00 -1.000000e+00
   outer loop
     vertex  3.725889e+01 -2.248163e+01  0.000000e+00
     vertex  3.725889e+01 -2.402163e+01  0.000000e+00
     vertex  3.712948e+01 -2.403867e+01  0.000000e+00
   endloop
 endfacet
 facet normal  0.000000e+00 -0.000000e+00 -1.000000e+00
   outer loop
     vertex  3.675889e+01 -2.198163e+01  0.000000e+00
     vertex  3.677593e+01 -2.211104e+01  0.000000e+00
     vertex  3.072930e+01 -2.773692e+01  0.000000e+00
   endloop
 endfacet
 facet normal  0.000000e+00  0.000000e+00 -1.000000e+00
   outer loop
     vertex  3.675889e+01 -2.198163e+01  0.000000e+00
     vertex  3.072930e+01 -2.773692e+01  0.000000e+00
     vertex  3.059989e+01 -2.771988e+01  0.000000e+00
   endloop
 endfacet
 facet normal  0.000000e+00  0.000000e+00 -1.000000e+00
   outer loop
     vertex  3.677593e+01 -2.185222e+01  0.000000e+00
     vertex  3.675889e+01 -2.198163e+01  0.000000e+00
     vertex  3.059989e+01 -2.771988e+01  0.000000e+00
   endloop
 endfacet
 facet normal  0.000000e+00 -0.000000e+00 -1.000000e+00
   outer loop
     vertex  3.738830e+01 -2.246459e+01  0.000000e+00
     vertex  3.738830e+01 -2.403867e+01  0.000000e+00
     vertex  3.725889e+01 -2.402163e+01  0.000000e+00
   endloop
 endfacet
 facet normal  0.000000e+00  0.000000e+00 -1.000000e+00
   outer loop
     vertex  3.738830e+01 -2.246459e+01  0.000000e+00
     vertex  3.750889e+01 -2.408862e+01  0.000000e+00
     vertex  3.738830e+01 -2.403867e+01  0.000000e+00
   endloop
 endfacet
 facet normal  0.000000e+00  0.000000e+00 -1.000000e+00
   outer loop
     vertex  3.738830e+01 -2.246459e+01  0.000000e+00
     vertex  3.725889e+01 -2.402163e+01  0.000000e+00
     vertex  3.725889e+01 -2.248163e+01  0.000000e+00
   endloop
 endfacet
 facet normal  0.000000e+00 -0.000000e+00 -1.000000e+00
   outer loop
     vertex  3.750889e+01 -2.241464e+01  0.000000e+00
     vertex  3.750889e+01 -2.408862e+01  0.000000e+00
     vertex  3.738830e+01 -2.246459e+01  0.000000e+00
   endloop
 endfacet
 facet normal  0.000000e+00  0.000000e+00 -1.000000e+00
   outer loop
     vertex  3.750889e+01 -2.241464e+01  0.000000e+00
     vertex  3.761245e+01 -2.416808e+01  0.000000e+00
     vertex  3.750889e+01 -2.408862e+01  0.000000e+00
   endloop
 endfacet
 facet normal  0.000000e+00 -0.000000e+00 -1.000000e+00
   outer loop
     vertex  3.761245e+01 -2.233518e+01  0.000000e+00
     vertex  3.761245e+01 -2.416808e+01  0.000000e+00
     vertex  3.750889e+01 -2.241464e+01  0.000000e+00
   endloop
 endfacet
 facet normal  0.000000e+00 -0.000000e+00 -1.000000e+00
   outer loop
     vertex  3.663989e+01 -1.935988e+01  0.000000e+00
     vertex  3.677593e+01 -2.185222e+01  0.000000e+00
     vertex  3.059989e+01 -2.771988e+01  0.000000e+00
   endloop
 endfacet
 facet normal -0.000000e+00  0.000000e+00 -1.000000e+00
   outer loop
     vertex  3.663989e+01 -1.935988e+01  0.000000e+00
     vertex  3.059989e+01 -2.771988e+01  0.000000e+00
     vertex  2.263989e+01 -1.935988e+01  0.000000e+00
   endloop
 endfacet
 facet normal  0.000000e+00  0.000000e+00 -1.000000e+00
   outer loop
     vertex  3.663989e+01 -1.935988e+01  0.000000e+00
     vertex  3.682588e+01 -2.173163e+01  0.000000e+00
     vertex  3.677593e+01 -2.185222e+01  0.000000e+00
   endloop
 endfacet
 facet normal  0.000000e+00  0.000000e+00 -1.000000e+00
   outer loop
     vertex  3.663989e+01 -1.935988e+01  0.000000e+00
     vertex  3.690534e+01 -2.162808e+01  0.000000e+00
     vertex  3.682588e+01 -2.173163e+01  0.000000e+00
   endloop
 endfacet
 facet normal  0.000000e+00  0.000000e+00 -1.000000e+00
   outer loop
     vertex  3.663989e+01 -1.935988e+01  0.000000e+00
     vertex  3.700889e+01 -2.154862e+01  0.000000e+00
     vertex  3.690534e+01 -2.162808e+01  0.000000e+00
   endloop
 endfacet
 facet normal  0.000000e+00  0.000000e+00 -1.000000e+00
   outer loop
     vertex  3.663989e+01 -1.935988e+01  0.000000e+00
     vertex  3.712948e+01 -2.149867e+01  0.000000e+00
     vertex  3.700889e+01 -2.154862e+01  0.000000e+00
   endloop
 endfacet
 facet normal  0.000000e+00 -0.000000e+00 -1.000000e+00
   outer loop
     vertex  3.963989e+01 -2.235988e+01  0.000000e+00
     vertex  3.963989e+01 -3.685988e+01  0.000000e+00
     vertex  3.775889e+01 -2.960163e+01  0.000000e+00
   endloop
 endfacet
 facet normal -0.000000e+00  0.000000e+00 -1.000000e+00
   outer loop
     vertex  3.963989e+01 -2.235988e+01  0.000000e+00
     vertex  3.761245e+01 -2.416808e+01  0.000000e+00
     vertex  3.761245e+01 -2.233518e+01  0.000000e+00
   endloop
 endfacet
 facet normal  0.000000e+00  0.000000e+00 -1.000000e+00
   outer loop
     vertex  3.963989e+01 -2.235988e+01  0.000000e+00
     vertex  3.775889e+01 -2.706163e+01  0.000000e+00
     vertex  3.774185e+01 -2.693222e+01  0.000000e+00
   endloop
 endfacet
 facet normal  0.000000e+00  0.000000e+00 -1.000000e+00
   outer loop
     vertex  3.963989e+01 -2.235988e+01  0.000000e+00
     vertex  3.775889e+01 -2.960163e+01  0.000000e+00
     vertex  3.775889e+01 -2.706163e+01  0.000000e+00
   endloop
 endfacet
 facet normal  0.000000e+00  0.000000e+00 -1.000000e+00
   outer loop
     vertex  3.963989e+01 -2.235988e+01  0.000000e+00
     vertex  3.769190e+01 -2.427163e+01  0.000000e+00
     vertex  3.761245e+01 -2.416808e+01  0.000000e+00
   endloop
 endfacet
 facet normal  0.000000e+00  0.000000e+00 -1.000000e+00
   outer loop
     vertex  3.963989e+01 -2.235988e+01  0.000000e+00
     vertex  3.774185e+01 -2.439222e+01  0.000000e+00
     vertex  3.769190e+01 -2.427163e+01  0.000000e+00
   endloop
 endfacet
 facet normal  0.000000e+00  0.000000e+00 -1.000000e+00
   outer loop
     vertex  3.963989e+01 -2.235988e+01  0.000000e+00
     vertex  3.775889e+01 -2.452163e+01  0.000000e+00
     vertex  3.774185e+01 -2.439222e+01  0.000000e+00
   endloop
 endfacet
 facet normal  0.000000e+00  0.000000e+00 -1.000000e+00
   outer loop
     vertex  3.963989e+01 -2.235988e+01  0.000000e+00
     vertex  3.774185e+01 -2.465104e+01  0.000000e+00
     vertex  3.775889e+01 -2.452163e+01  0.000000e+00
   endloop
 endfacet
 facet normal  0.000000e+00  0.000000e+00 -1.000000e+00
   outer loop
     vertex  3.963989e+01 -2.235988e+01  0.000000e+00
     vertex  3.774185e+01 -2.693222e+01  0.000000e+00
     vertex  3.774185e+01 -2.465104e+01  0.000000e+00
   endloop
 endfacet
 facet normal  0.000000e+00  0.000000e+00 -1.000000e+00
   outer loop
     vertex  3.963989e+01 -2.235988e+01  0.000000e+00
     vertex  3.774185e+01 -2.211104e+01  0.000000e+00
     vertex  3.775889e+01 -2.198163e+01  0.000000e+00
   endloop
 endfacet
 facet normal  0.000000e+00  0.000000e+00 -1.000000e+00
   outer loop
     vertex  3.963989e+01 -2.235988e+01  0.000000e+00
     vertex  3.769190e+01 -2.223163e+01  0.000000e+00
     vertex  3.774185e+01 -2.211104e+01  0.000000e+00
   endloop
 endfacet
 facet normal  0.000000e+00  0.000000e+00 -1.000000e+00
   outer loop
     vertex  3.963989e+01 -2.235988e+01  0.000000e+00
     vertex  3.761245e+01 -2.233518e+01  0.000000e+00
     vertex  3.769190e+01 -2.223163e+01  0.000000e+00
   endloop
 endfacet
 facet normal -0.000000e+00  0.000000e+00 -1.000000e+00
   outer loop
     vertex  3.741634e+01 -1.946212e+01  0.000000e+00
     vertex  3.712948e+01 -2.149867e+01  0.000000e+00
     vertex  3.663989e+01 -1.935988e+01  0.000000e+00
   endloop
 endfacet
 facet normal  0.000000e+00  0.000000e+00 -1.000000e+00
   outer loop
     vertex  3.741634e+01 -1.946212e+01  0.000000e+00
     vertex  3.725889e+01 -2.148163e+01  0.000000e+00
     vertex  3.712948e+01 -2.149867e+01  0.000000e+00
   endloop
 endfacet
 facet normal  0.000000e+00 -0.000000e+00 -1.000000e+00
   outer loop
     vertex  3.953765e+01 -2.158343e+01  0.000000e+00
     vertex  3.963989e+01 -2.235988e+01  0.000000e+00
     vertex  3.775889e+01 -2.198163e+01  0.000000e+00
   endloop
 endfacet
 facet normal  0.000000e+00  0.000000e+00 -1.000000e+00
   outer loop
     vertex  3.953765e+01 -2.158343e+01  0.000000e+00
     vertex  3.775889e+01 -2.198163e+01  0.000000e+00
     vertex  3.774185e+01 -2.185222e+01  0.000000e+00
   endloop
 endfacet
 facet normal -0.000000e+00  0.000000e+00 -1.000000e+00
   outer loop
     vertex  3.813987e+01 -1.976183e+01  0.000000e+00
     vertex  3.725889e+01 -2.148163e+01  0.000000e+00
     vertex  3.741634e+01 -1.946212e+01  0.000000e+00
   endloop
 endfacet
 facet normal  0.000000e+00  0.000000e+00 -1.000000e+00
   outer loop
     vertex  3.813987e+01 -1.976183e+01  0.000000e+00
     vertex  3.738830e+01 -2.149867e+01  0.000000e+00
     vertex  3.725889e+01 -2.148163e+01  0.000000e+00
   endloop
 endfacet
 facet normal  0.000000e+00  0.000000e+00 -1.000000e+00
   outer loop
     vertex  3.813987e+01 -1.976183e+01  0.000000e+00
     vertex  3.750889e+01 -2.154862e+01  0.000000e+00
     vertex  3.738830e+01 -2.149867e+01  0.000000e+00
   endloop
 endfacet
 facet normal  0.000000e+00 -0.000000e+00 -1.000000e+00
   outer loop
     vertex  3.923794e+01 -2.085990e+01  0.000000e+00
     vertex  3.953765e+01 -2.158343e+01  0.000000e+00
     vertex  3.774185e+01 -2.185222e+01  0.000000e+00
   endloop
 endfacet
 facet normal  0.000000e+00  0.000000e+00 -1.000000e+00
   outer loop
     vertex  3.923794e+01 -2.085990e+01  0.000000e+00
     vertex  3.769190e+01 -2.173163e+01  0.000000e+00
     vertex  3.761245e+01 -2.162808e+01  0.000000e+00
   endloop
 endfacet
 facet normal  0.000000e+00  0.000000e+00 -1.000000e+00
   outer loop
     vertex  3.923794e+01 -2.085990e+01  0.000000e+00
     vertex  3.774185e+01 -2.185222e+01  0.000000e+00
     vertex  3.769190e+01 -2.173163e+01  0.000000e+00
   endloop
 endfacet
 facet normal -0.000000e+00  0.000000e+00 -1.000000e+00
   outer loop
     vertex  3.876119e+01 -2.023858e+01  0.000000e+00
     vertex  3.750889e+01 -2.154862e+01  0.000000e+00
     vertex  3.813987e+01 -1.976183e+01  0.000000e+00
   endloop
 endfacet
 facet normal  0.000000e+00 -0.000000e+00 -1.000000e+00
   outer loop
     vertex  3.876119e+01 -2.023858e+01  0.000000e+00
     vertex  3.923794e+01 -2.085990e+01  0.000000e+00
     vertex  3.761245e+01 -2.162808e+01  0.000000e+00
   endloop
 endfacet
 facet normal  0.000000e+00  0.000000e+00 -1.000000e+00
   outer loop
     vertex  3.876119e+01 -2.023858e+01  0.000000e+00
     vertex  3.761245e+01 -2.162808e+01  0.000000e+00
     vertex  3.750889e+01 -2.154862e+01  0.000000e+00
   endloop
 endfacet
 facet normal  0.000000e+00  0.000000e+00  1.000000e+00
   outer loop
     vertex  2.166534e+01 -3.757518e+01  7.100000e-01
     vertex  2.004184e+01 -3.835986e+01  7.100000e-01
     vertex  2.051860e+01 -3.898117e+01  7.100000e-01
   endloop
 endfacet
 facet normal  0.000000e+00  0.000000e+00  1.000000e+00
   outer loop
     vertex  2.158588e+01 -3.747163e+01  7.100000e-01
     vertex  2.004184e+01 -3.835986e+01  7.100000e-01
     vertex  2.166534e+01 -3.757518e+01  7.100000e-01
   endloop
 endfacet
 facet normal  0.000000e+00  0.000000e+00  1.000000e+00
   outer loop
     vertex  2.176889e+01 -3.765464e+01  7.100000e-01
     vertex  2.166534e+01 -3.757518e+01  7.100000e-01
     vertex  2.051860e+01 -3.898117e+01  7.100000e-01
   endloop
 endfacet
 facet normal  0.000000e+00  0.000000e+00  1.000000e+00
   outer loop
     vertex  2.176889e+01 -3.765464e+01  7.100000e-01
     vertex  2.051860e+01 -3.898117e+01  7.100000e-01
     vertex  2.113991e+01 -3.945793e+01  7.100000e-01
   endloop
 endfacet
 facet normal  0.000000e+00  0.000000e+00  1.000000e+00
   outer loop
     vertex  2.153593e+01 -3.735104e+01  7.100000e-01
     vertex  2.004184e+01 -3.835986e+01  7.100000e-01
     vertex  2.158588e+01 -3.747163e+01  7.100000e-01
   endloop
 endfacet
 facet normal  0.000000e+00  0.000000e+00  1.000000e+00
   outer loop
     vertex  2.153593e+01 -3.735104e+01  7.100000e-01
     vertex  1.974213e+01 -3.763633e+01  7.100000e-01
     vertex  2.004184e+01 -3.835986e+01  7.100000e-01
   endloop
 endfacet
 facet normal  0.000000e+00  0.000000e+00  1.000000e+00
   outer loop
     vertex  2.188948e+01 -3.770459e+01  7.100000e-01
     vertex  2.176889e+01 -3.765464e+01  7.100000e-01
     vertex  2.113991e+01 -3.945793e+01  7.100000e-01
   endloop
 endfacet
 facet normal  0.000000e+00  0.000000e+00  1.000000e+00
   outer loop
     vertex  2.151889e+01 -3.722163e+01  7.100000e-01
     vertex  1.974213e+01 -3.763633e+01  7.100000e-01
     vertex  2.153593e+01 -3.735104e+01  7.100000e-01
   endloop
 endfacet
 facet normal  0.000000e+00  0.000000e+00  1.000000e+00
   outer loop
     vertex  2.151889e+01 -3.722163e+01  7.100000e-01
     vertex  1.963989e+01 -3.685988e+01  7.100000e-01
     vertex  1.974213e+01 -3.763633e+01  7.100000e-01
   endloop
 endfacet
 facet normal  0.000000e+00  0.000000e+00  1.000000e+00
   outer loop
     vertex  2.201889e+01 -3.772163e+01  7.100000e-01
     vertex  2.113991e+01 -3.945793e+01  7.100000e-01
     vertex  2.186344e+01 -3.975764e+01  7.100000e-01
   endloop
 endfacet
 facet normal  0.000000e+00  0.000000e+00  1.000000e+00
   outer loop
     vertex  2.201889e+01 -3.772163e+01  7.100000e-01
     vertex  2.188948e+01 -3.770459e+01  7.100000e-01
     vertex  2.113991e+01 -3.945793e+01  7.100000e-01
   endloop
 endfacet
 facet normal  0.000000e+00  0.000000e+00  1.000000e+00
   outer loop
     vertex  2.214830e+01 -3.770459e+01  7.100000e-01
     vertex  2.186344e+01 -3.975764e+01  7.100000e-01
     vertex  2.263989e+01 -3.985988e+01  7.100000e-01
   endloop
 endfacet
 facet normal  0.000000e+00  0.000000e+00  1.000000e+00
   outer loop
     vertex  2.214830e+01 -3.770459e+01  7.100000e-01
     vertex  2.201889e+01 -3.772163e+01  7.100000e-01
     vertex  2.186344e+01 -3.975764e+01  7.100000e-01
   endloop
 endfacet
 facet normal  0.000000e+00  0.000000e+00  1.000000e+00
   outer loop
     vertex  2.153593e+01 -3.709222e+01  7.100000e-01
     vertex  1.963989e+01 -3.685988e+01  7.100000e-01
     vertex  2.151889e+01 -3.722163e+01  7.100000e-01
   endloop
 endfacet
 facet normal  0.000000e+00  0.000000e+00  1.000000e+00
   outer loop
     vertex  2.158588e+01 -3.697163e+01  7.100000e-01
     vertex  1.963989e+01 -3.685988e+01  7.100000e-01
     vertex  2.153593e+01 -3.709222e+01  7.100000e-01
   endloop
 endfacet
 facet normal  0.000000e+00  0.000000e+00  1.000000e+00
   outer loop
     vertex  2.226889e+01 -3.765464e+01  7.100000e-01
     vertex  2.214830e+01 -3.770459e+01  7.100000e-01
     vertex  2.263989e+01 -3.985988e+01  7.100000e-01
   endloop
 endfacet
 facet normal  0.000000e+00  0.000000e+00  1.000000e+00
   outer loop
     vertex  2.237245e+01 -3.757518e+01  7.100000e-01
     vertex  2.226889e+01 -3.765464e+01  7.100000e-01
     vertex  2.263989e+01 -3.985988e+01  7.100000e-01
   endloop
 endfacet
 facet normal  0.000000e+00  0.000000e+00  1.000000e+00
   outer loop
     vertex  2.166534e+01 -3.686808e+01  7.100000e-01
     vertex  1.963989e+01 -3.685988e+01  7.100000e-01
     vertex  2.158588e+01 -3.697163e+01  7.100000e-01
   endloop
 endfacet
 facet normal  0.000000e+00  0.000000e+00  1.000000e+00
   outer loop
     vertex  2.245190e+01 -3.747163e+01  7.100000e-01
     vertex  2.237245e+01 -3.757518e+01  7.100000e-01
     vertex  2.263989e+01 -3.985988e+01  7.100000e-01
   endloop
 endfacet
 facet normal  0.000000e+00  0.000000e+00  1.000000e+00
   outer loop
     vertex  2.250185e+01 -3.735104e+01  7.100000e-01
     vertex  2.245190e+01 -3.747163e+01  7.100000e-01
     vertex  2.263989e+01 -3.985988e+01  7.100000e-01
   endloop
 endfacet
 facet normal  0.000000e+00  0.000000e+00  1.000000e+00
   outer loop
     vertex  2.166534e+01 -3.503518e+01  7.100000e-01
     vertex  1.963989e+01 -3.685988e+01  7.100000e-01
     vertex  2.166534e+01 -3.686808e+01  7.100000e-01
   endloop
 endfacet
 facet normal  0.000000e+00  0.000000e+00  1.000000e+00
   outer loop
     vertex  2.166534e+01 -3.503518e+01  7.100000e-01
     vertex  2.166534e+01 -3.686808e+01  7.100000e-01
     vertex  2.176889e+01 -3.678862e+01  7.100000e-01
   endloop
 endfacet
 facet normal  0.000000e+00  0.000000e+00  1.000000e+00
   outer loop
     vertex  2.158588e+01 -3.493163e+01  7.100000e-01
     vertex  1.963989e+01 -3.685988e+01  7.100000e-01
     vertex  2.166534e+01 -3.503518e+01  7.100000e-01
   endloop
 endfacet
 facet normal  0.000000e+00  0.000000e+00  1.000000e+00
   outer loop
     vertex  2.176889e+01 -3.511464e+01  7.100000e-01
     vertex  2.166534e+01 -3.503518e+01  7.100000e-01
     vertex  2.176889e+01 -3.678862e+01  7.100000e-01
   endloop
 endfacet
 facet normal  0.000000e+00  0.000000e+00  1.000000e+00
   outer loop
     vertex  2.153593e+01 -3.481104e+01  7.100000e-01
     vertex  1.963989e+01 -3.685988e+01  7.100000e-01
     vertex  2.158588e+01 -3.493163e+01  7.100000e-01
   endloop
 endfacet
 facet normal  0.000000e+00  0.000000e+00  1.000000e+00
   outer loop
     vertex  2.188948e+01 -3.516459e+01  7.100000e-01
     vertex  2.176889e+01 -3.511464e+01  7.100000e-01
     vertex  2.176889e+01 -3.678862e+01  7.100000e-01
   endloop
 endfacet
 facet normal  0.000000e+00  0.000000e+00  1.000000e+00
   outer loop
     vertex  2.188948e+01 -3.516459e+01  7.100000e-01
     vertex  2.176889e+01 -3.678862e+01  7.100000e-01
     vertex  2.188948e+01 -3.673867e+01  7.100000e-01
   endloop
 endfacet
 facet normal  0.000000e+00  0.000000e+00  1.000000e+00
   outer loop
     vertex  2.188948e+01 -3.516459e+01  7.100000e-01
     vertex  2.188948e+01 -3.673867e+01  7.100000e-01
     vertex  2.201889e+01 -3.672163e+01  7.100000e-01
   endloop
 endfacet
 facet normal  0.000000e+00  0.000000e+00  1.000000e+00
   outer loop
     vertex  2.151889e+01 -3.468163e+01  7.100000e-01
     vertex  1.963989e+01 -3.685988e+01  7.100000e-01
     vertex  2.153593e+01 -3.481104e+01  7.100000e-01
   endloop
 endfacet
 facet normal  0.000000e+00  0.000000e+00  1.000000e+00
   outer loop
     vertex  2.201889e+01 -3.518163e+01  7.100000e-01
     vertex  2.188948e+01 -3.516459e+01  7.100000e-01
     vertex  2.201889e+01 -3.672163e+01  7.100000e-01
   endloop
 endfacet
 facet normal  0.000000e+00  0.000000e+00  1.000000e+00
   outer loop
     vertex  2.214830e+01 -3.516459e+01  7.100000e-01
     vertex  2.201889e+01 -3.518163e+01  7.100000e-01
     vertex  2.201889e+01 -3.672163e+01  7.100000e-01
   endloop
 endfacet
 facet normal  0.000000e+00  0.000000e+00  1.000000e+00
   outer loop
     vertex  2.214830e+01 -3.516459e+01  7.100000e-01
     vertex  2.201889e+01 -3.672163e+01  7.100000e-01
     vertex  2.214830e+01 -3.673867e+01  7.100000e-01
   endloop
 endfacet
 facet normal  0.000000e+00  0.000000e+00  1.000000e+00
   outer loop
     vertex  2.214830e+01 -3.516459e+01  7.100000e-01
     vertex  2.214830e+01 -3.673867e+01  7.100000e-01
     vertex  2.226889e+01 -3.678862e+01  7.100000e-01
   endloop
 endfacet
 facet normal  0.000000e+00  0.000000e+00  1.000000e+00
   outer loop
     vertex  2.153593e+01 -3.455222e+01  7.100000e-01
     vertex  1.963989e+01 -3.685988e+01  7.100000e-01
     vertex  2.151889e+01 -3.468163e+01  7.100000e-01
   endloop
 endfacet
 facet normal  0.000000e+00  0.000000e+00  1.000000e+00
   outer loop
     vertex  2.226889e+01 -3.511464e+01  7.100000e-01
     vertex  2.214830e+01 -3.516459e+01  7.100000e-01
     vertex  2.226889e+01 -3.678862e+01  7.100000e-01
   endloop
 endfacet
 facet normal  0.000000e+00  0.000000e+00  1.000000e+00
   outer loop
     vertex  2.237245e+01 -3.503518e+01  7.100000e-01
     vertex  2.226889e+01 -3.511464e+01  7.100000e-01
     vertex  2.226889e+01 -3.678862e+01  7.100000e-01
   endloop
 endfacet
 facet normal  0.000000e+00  0.000000e+00  1.000000e+00
   outer loop
     vertex  2.237245e+01 -3.503518e+01  7.100000e-01
     vertex  2.226889e+01 -3.678862e+01  7.100000e-01
     vertex  2.237245e+01 -3.686808e+01  7.100000e-01
   endloop
 endfacet
 facet normal  0.000000e+00  0.000000e+00  1.000000e+00
   outer loop
     vertex  2.237245e+01 -3.503518e+01  7.100000e-01
     vertex  2.237245e+01 -3.686808e+01  7.100000e-01
     vertex  2.245190e+01 -3.697163e+01  7.100000e-01
   endloop
 endfacet
 facet normal  0.000000e+00  0.000000e+00  1.000000e+00
   outer loop
     vertex  2.245190e+01 -3.493163e+01  7.100000e-01
     vertex  2.245190e+01 -3.697163e+01  7.100000e-01
     vertex  2.250185e+01 -3.709222e+01  7.100000e-01
   endloop
 endfacet
 facet normal  0.000000e+00  0.000000e+00  1.000000e+00
   outer loop
     vertex  2.245190e+01 -3.493163e+01  7.100000e-01
     vertex  2.237245e+01 -3.503518e+01  7.100000e-01
     vertex  2.245190e+01 -3.697163e+01  7.100000e-01
   endloop
 endfacet
 facet normal  0.000000e+00  0.000000e+00  1.000000e+00
   outer loop
     vertex  2.250185e+01 -3.481104e+01  7.100000e-01
     vertex  2.245190e+01 -3.493163e+01  7.100000e-01
     vertex  2.250185e+01 -3.709222e+01  7.100000e-01
   endloop
 endfacet
 facet normal  0.000000e+00  0.000000e+00  1.000000e+00
   outer loop
     vertex  2.793989e+01 -3.985988e+01  7.100000e-01
     vertex  2.250185e+01 -3.735104e+01  7.100000e-01
     vertex  2.263989e+01 -3.985988e+01  7.100000e-01
   endloop
 endfacet
 facet normal  0.000000e+00  0.000000e+00  1.000000e+00
   outer loop
     vertex  2.837634e+01 -3.970716e+01  7.100000e-01
     vertex  2.809566e+01 -3.984233e+01  7.100000e-01
     vertex  2.824361e+01 -3.979056e+01  7.100000e-01
   endloop
 endfacet
 facet normal  0.000000e+00  0.000000e+00  1.000000e+00
   outer loop
     vertex  2.166534e+01 -3.249518e+01  7.100000e-01
     vertex  2.158588e+01 -3.443163e+01  7.100000e-01
     vertex  2.166534e+01 -3.432808e+01  7.100000e-01
   endloop
 endfacet
 facet normal  0.000000e+00  0.000000e+00  1.000000e+00
   outer loop
     vertex  2.166534e+01 -3.249518e+01  7.100000e-01
     vertex  2.166534e+01 -3.432808e+01  7.100000e-01
     vertex  2.176889e+01 -3.424862e+01  7.100000e-01
   endloop
 endfacet
 facet normal  0.000000e+00  0.000000e+00  1.000000e+00
   outer loop
     vertex  2.158588e+01 -3.239163e+01  7.100000e-01
     vertex  2.158588e+01 -3.443163e+01  7.100000e-01
     vertex  2.166534e+01 -3.249518e+01  7.100000e-01
   endloop
 endfacet
 facet normal  0.000000e+00  0.000000e+00  1.000000e+00
   outer loop
     vertex  2.158588e+01 -3.239163e+01  7.100000e-01
     vertex  2.153593e+01 -3.455222e+01  7.100000e-01
     vertex  2.158588e+01 -3.443163e+01  7.100000e-01
   endloop
 endfacet
 facet normal  0.000000e+00  0.000000e+00  1.000000e+00
   outer loop
     vertex  2.176889e+01 -3.257464e+01  7.100000e-01
     vertex  2.166534e+01 -3.249518e+01  7.100000e-01
     vertex  2.176889e+01 -3.424862e+01  7.100000e-01
   endloop
 endfacet
 facet normal  0.000000e+00  0.000000e+00  1.000000e+00
   outer loop
     vertex  2.153593e+01 -3.227104e+01  7.100000e-01
     vertex  1.963989e+01 -3.685988e+01  7.100000e-01
     vertex  2.153593e+01 -3.455222e+01  7.100000e-01
   endloop
 endfacet
 facet normal  0.000000e+00  0.000000e+00  1.000000e+00
   outer loop
     vertex  2.153593e+01 -3.227104e+01  7.100000e-01
     vertex  2.153593e+01 -3.455222e+01  7.100000e-01
     vertex  2.158588e+01 -3.239163e+01  7.100000e-01
   endloop
 endfacet
 facet normal  0.000000e+00  0.000000e+00  1.000000e+00
   outer loop
     vertex  2.188948e+01 -3.262459e+01  7.100000e-01
     vertex  2.176889e+01 -3.257464e+01  7.100000e-01
     vertex  2.176889e+01 -3.424862e+01  7.100000e-01
   endloop
 endfacet
 facet normal  0.000000e+00  0.000000e+00  1.000000e+00
   outer loop
     vertex  2.188948e+01 -3.262459e+01  7.100000e-01
     vertex  2.176889e+01 -3.424862e+01  7.100000e-01
     vertex  2.188948e+01 -3.419867e+01  7.100000e-01
   endloop
 endfacet
 facet normal  0.000000e+00  0.000000e+00  1.000000e+00
   outer loop
     vertex  2.151889e+01 -3.214163e+01  7.100000e-01
     vertex  1.963989e+01 -3.685988e+01  7.100000e-01
     vertex  2.153593e+01 -3.227104e+01  7.100000e-01
   endloop
 endfacet
 facet normal  0.000000e+00  0.000000e+00  1.000000e+00
   outer loop
     vertex  2.201889e+01 -3.264163e+01  7.100000e-01
     vertex  2.188948e+01 -3.262459e+01  7.100000e-01
     vertex  2.188948e+01 -3.419867e+01  7.100000e-01
   endloop
 endfacet
 facet normal  0.000000e+00  0.000000e+00  1.000000e+00
   outer loop
     vertex  2.201889e+01 -3.264163e+01  7.100000e-01
     vertex  2.188948e+01 -3.419867e+01  7.100000e-01
     vertex  2.201889e+01 -3.418163e+01  7.100000e-01
   endloop
 endfacet
 facet normal  0.000000e+00  0.000000e+00  1.000000e+00
   outer loop
     vertex  2.201889e+01 -3.264163e+01  7.100000e-01
     vertex  2.201889e+01 -3.418163e+01  7.100000e-01
     vertex  2.214830e+01 -3.419867e+01  7.100000e-01
   endloop
 endfacet
 facet normal  0.000000e+00  0.000000e+00  1.000000e+00
   outer loop
     vertex  2.863989e+01 -3.915988e+01  7.100000e-01
     vertex  2.809566e+01 -3.984233e+01  7.100000e-01
     vertex  2.837634e+01 -3.970716e+01  7.100000e-01
   endloop
 endfacet
 facet normal  0.000000e+00  0.000000e+00  1.000000e+00
   outer loop
     vertex  2.863989e+01 -3.915988e+01  7.100000e-01
     vertex  2.857057e+01 -3.946360e+01  7.100000e-01
     vertex  2.862234e+01 -3.931564e+01  7.100000e-01
   endloop
 endfacet
 facet normal  0.000000e+00  0.000000e+00  1.000000e+00
   outer loop
     vertex  2.863989e+01 -3.915988e+01  7.100000e-01
     vertex  2.848717e+01 -3.959632e+01  7.100000e-01
     vertex  2.857057e+01 -3.946360e+01  7.100000e-01
   endloop
 endfacet
 facet normal  0.000000e+00  0.000000e+00  1.000000e+00
   outer loop
     vertex  2.863989e+01 -3.915988e+01  7.100000e-01
     vertex  2.837634e+01 -3.970716e+01  7.100000e-01
     vertex  2.848717e+01 -3.959632e+01  7.100000e-01
   endloop
 endfacet
 facet normal  0.000000e+00  0.000000e+00  1.000000e+00
   outer loop
     vertex  2.863989e+01 -3.915988e+01  7.100000e-01
     vertex  2.793989e+01 -3.985988e+01  7.100000e-01
     vertex  2.809566e+01 -3.984233e+01  7.100000e-01
   endloop
 endfacet
 facet normal  0.000000e+00  0.000000e+00  1.000000e+00
   outer loop
     vertex  2.214830e+01 -3.262459e+01  7.100000e-01
     vertex  2.201889e+01 -3.264163e+01  7.100000e-01
     vertex  2.214830e+01 -3.419867e+01  7.100000e-01
   endloop
 endfacet
 facet normal  0.000000e+00  0.000000e+00  1.000000e+00
   outer loop
     vertex  2.226889e+01 -3.257464e+01  7.100000e-01
     vertex  2.214830e+01 -3.262459e+01  7.100000e-01
     vertex  2.214830e+01 -3.419867e+01  7.100000e-01
   endloop
 endfacet
 facet normal  0.000000e+00  0.000000e+00  1.000000e+00
   outer loop
     vertex  2.226889e+01 -3.257464e+01  7.100000e-01
     vertex  2.214830e+01 -3.419867e+01  7.100000e-01
     vertex  2.226889e+01 -3.424862e+01  7.100000e-01
   endloop
 endfacet
 facet normal  0.000000e+00  0.000000e+00  1.000000e+00
   outer loop
     vertex  2.237245e+01 -3.249518e+01  7.100000e-01
     vertex  2.226889e+01 -3.424862e+01  7.100000e-01
     vertex  2.237245e+01 -3.432808e+01  7.100000e-01
   endloop
 endfacet
 facet normal  0.000000e+00  0.000000e+00  1.000000e+00
   outer loop
     vertex  2.237245e+01 -3.249518e+01  7.100000e-01
     vertex  2.237245e+01 -3.432808e+01  7.100000e-01
     vertex  2.245190e+01 -3.443163e+01  7.100000e-01
   endloop
 endfacet
 facet normal  0.000000e+00  0.000000e+00  1.000000e+00
   outer loop
     vertex  2.237245e+01 -3.249518e+01  7.100000e-01
     vertex  2.226889e+01 -3.257464e+01  7.100000e-01
     vertex  2.226889e+01 -3.424862e+01  7.100000e-01
   endloop
 endfacet
 facet normal  0.000000e+00  0.000000e+00  1.000000e+00
   outer loop
     vertex  2.245190e+01 -3.239163e+01  7.100000e-01
     vertex  2.245190e+01 -3.443163e+01  7.100000e-01
     vertex  2.250185e+01 -3.455222e+01  7.100000e-01
   endloop
 endfacet
 facet normal  0.000000e+00  0.000000e+00  1.000000e+00
   outer loop
     vertex  2.245190e+01 -3.239163e+01  7.100000e-01
     vertex  2.237245e+01 -3.249518e+01  7.100000e-01
     vertex  2.245190e+01 -3.443163e+01  7.100000e-01
   endloop
 endfacet
 facet normal  0.000000e+00  0.000000e+00  1.000000e+00
   outer loop
     vertex  2.250185e+01 -3.227104e+01  7.100000e-01
     vertex  2.245190e+01 -3.239163e+01  7.100000e-01
     vertex  2.250185e+01 -3.455222e+01  7.100000e-01
   endloop
 endfacet
 facet normal  0.000000e+00  0.000000e+00  1.000000e+00
   outer loop
     vertex  2.863989e+01 -3.755988e+01  7.100000e-01
     vertex  2.793989e+01 -3.985988e+01  7.100000e-01
     vertex  2.863989e+01 -3.915988e+01  7.100000e-01
   endloop
 endfacet
 facet normal  0.000000e+00  0.000000e+00  1.000000e+00
   outer loop
     vertex  2.863989e+01 -3.755988e+01  7.100000e-01
     vertex  2.250185e+01 -3.735104e+01  7.100000e-01
     vertex  2.793989e+01 -3.985988e+01  7.100000e-01
   endloop
 endfacet
 facet normal  0.000000e+00  0.000000e+00  1.000000e+00
   outer loop
     vertex  2.863989e+01 -3.755988e+01  7.100000e-01
     vertex  2.251889e+01 -3.722163e+01  7.100000e-01
     vertex  2.250185e+01 -3.735104e+01  7.100000e-01
   endloop
 endfacet
 facet normal  0.000000e+00  0.000000e+00  1.000000e+00
   outer loop
     vertex  2.865744e+01 -3.740411e+01  7.100000e-01
     vertex  2.251889e+01 -3.722163e+01  7.100000e-01
     vertex  2.863989e+01 -3.755988e+01  7.100000e-01
   endloop
 endfacet
 facet normal  0.000000e+00  0.000000e+00  1.000000e+00
   outer loop
     vertex  2.865744e+01 -3.740411e+01  7.100000e-01
     vertex  2.250185e+01 -3.709222e+01  7.100000e-01
     vertex  2.251889e+01 -3.722163e+01  7.100000e-01
   endloop
 endfacet
 facet normal  0.000000e+00  0.000000e+00  1.000000e+00
   outer loop
     vertex  2.870921e+01 -3.725616e+01  7.100000e-01
     vertex  2.250185e+01 -3.709222e+01  7.100000e-01
     vertex  2.865744e+01 -3.740411e+01  7.100000e-01
   endloop
 endfacet
 facet normal  0.000000e+00  0.000000e+00  1.000000e+00
   outer loop
     vertex  2.870921e+01 -3.725616e+01  7.100000e-01
     vertex  2.250185e+01 -3.481104e+01  7.100000e-01
     vertex  2.250185e+01 -3.709222e+01  7.100000e-01
   endloop
 endfacet
 facet normal  0.000000e+00  0.000000e+00  1.000000e+00
   outer loop
     vertex  2.879261e+01 -3.712344e+01  7.100000e-01
     vertex  2.251889e+01 -3.468163e+01  7.100000e-01
     vertex  2.250185e+01 -3.481104e+01  7.100000e-01
   endloop
 endfacet
 facet normal  0.000000e+00  0.000000e+00  1.000000e+00
   outer loop
     vertex  2.879261e+01 -3.712344e+01  7.100000e-01
     vertex  2.250185e+01 -3.481104e+01  7.100000e-01
     vertex  2.870921e+01 -3.725616e+01  7.100000e-01
   endloop
 endfacet
 facet normal  0.000000e+00  0.000000e+00  1.000000e+00
   outer loop
     vertex  2.176889e+01 -3.003464e+01  7.100000e-01
     vertex  2.166534e+01 -3.178808e+01  7.100000e-01
     vertex  2.176889e+01 -3.170862e+01  7.100000e-01
   endloop
 endfacet
 facet normal  0.000000e+00  0.000000e+00  1.000000e+00
   outer loop
     vertex  2.176889e+01 -3.003464e+01  7.100000e-01
     vertex  2.176889e+01 -3.170862e+01  7.100000e-01
     vertex  2.188948e+01 -3.165867e+01  7.100000e-01
   endloop
 endfacet
 facet normal  0.000000e+00  0.000000e+00  1.000000e+00
   outer loop
     vertex  2.176889e+01 -3.003464e+01  7.100000e-01
     vertex  2.166534e+01 -2.995518e+01  7.100000e-01
     vertex  2.166534e+01 -3.178808e+01  7.100000e-01
   endloop
 endfacet
 facet normal  0.000000e+00  0.000000e+00  1.000000e+00
   outer loop
     vertex  2.158588e+01 -2.985163e+01  7.100000e-01
     vertex  2.153593e+01 -3.201222e+01  7.100000e-01
     vertex  2.158588e+01 -3.189163e+01  7.100000e-01
   endloop
 endfacet
 facet normal  0.000000e+00  0.000000e+00  1.000000e+00
   outer loop
     vertex  2.158588e+01 -2.985163e+01  7.100000e-01
     vertex  2.158588e+01 -3.189163e+01  7.100000e-01
     vertex  2.166534e+01 -3.178808e+01  7.100000e-01
   endloop
 endfacet
 facet normal  0.000000e+00  0.000000e+00  1.000000e+00
   outer loop
     vertex  2.158588e+01 -2.985163e+01  7.100000e-01
     vertex  2.166534e+01 -3.178808e+01  7.100000e-01
     vertex  2.166534e+01 -2.995518e+01  7.100000e-01
   endloop
 endfacet
 facet normal  0.000000e+00  0.000000e+00  1.000000e+00
   outer loop
     vertex  2.188948e+01 -3.008459e+01  7.100000e-01
     vertex  2.176889e+01 -3.003464e+01  7.100000e-01
     vertex  2.188948e+01 -3.165867e+01  7.100000e-01
   endloop
 endfacet
 facet normal  0.000000e+00  0.000000e+00  1.000000e+00
   outer loop
     vertex  2.153593e+01 -2.973104e+01  7.100000e-01
     vertex  2.153593e+01 -3.201222e+01  7.100000e-01
     vertex  2.158588e+01 -2.985163e+01  7.100000e-01
   endloop
 endfacet
 facet normal  0.000000e+00  0.000000e+00  1.000000e+00
   outer loop
     vertex  2.890345e+01 -3.701260e+01  7.100000e-01
     vertex  2.250185e+01 -3.455222e+01  7.100000e-01
     vertex  2.251889e+01 -3.468163e+01  7.100000e-01
   endloop
 endfacet
 facet normal  0.000000e+00  0.000000e+00  1.000000e+00
   outer loop
     vertex  2.890345e+01 -3.701260e+01  7.100000e-01
     vertex  2.250185e+01 -3.227104e+01  7.100000e-01
     vertex  2.250185e+01 -3.455222e+01  7.100000e-01
   endloop
 endfacet
 facet normal  0.000000e+00  0.000000e+00  1.000000e+00
   outer loop
     vertex  2.890345e+01 -3.701260e+01  7.100000e-01
     vertex  2.251889e+01 -3.468163e+01  7.100000e-01
     vertex  2.879261e+01 -3.712344e+01  7.100000e-01
   endloop
 endfacet
 facet normal  0.000000e+00  0.000000e+00  1.000000e+00
   outer loop
     vertex  2.151889e+01 -2.960163e+01  7.100000e-01
     vertex  2.151889e+01 -3.214163e+01  7.100000e-01
     vertex  2.153593e+01 -3.201222e+01  7.100000e-01
   endloop
 endfacet
 facet normal  0.000000e+00  0.000000e+00  1.000000e+00
   outer loop
     vertex  2.151889e+01 -2.960163e+01  7.100000e-01
     vertex  1.963989e+01 -3.685988e+01  7.100000e-01
     vertex  2.151889e+01 -3.214163e+01  7.100000e-01
   endloop
 endfacet
 facet normal  0.000000e+00  0.000000e+00  1.000000e+00
   outer loop
     vertex  2.151889e+01 -2.960163e+01  7.100000e-01
     vertex  2.153593e+01 -3.201222e+01  7.100000e-01
     vertex  2.153593e+01 -2.973104e+01  7.100000e-01
   endloop
 endfacet
 facet normal  0.000000e+00  0.000000e+00  1.000000e+00
   outer loop
     vertex  2.201889e+01 -3.010163e+01  7.100000e-01
     vertex  2.188948e+01 -3.165867e+01  7.100000e-01
     vertex  2.201889e+01 -3.164163e+01  7.100000e-01
   endloop
 endfacet
 facet normal  0.000000e+00  0.000000e+00  1.000000e+00
   outer loop
     vertex  2.201889e+01 -3.010163e+01  7.100000e-01
     vertex  2.188948e+01 -3.008459e+01  7.100000e-01
     vertex  2.188948e+01 -3.165867e+01  7.100000e-01
   endloop
 endfacet
 facet normal  0.000000e+00  0.000000e+00  1.000000e+00
   outer loop
     vertex  2.214830e+01 -3.008459e+01  7.100000e-01
     vertex  2.201889e+01 -3.164163e+01  7.100000e-01
     vertex  2.214830e+01 -3.165867e+01  7.100000e-01
   endloop
 endfacet
 facet normal  0.000000e+00  0.000000e+00  1.000000e+00
   outer loop
     vertex  2.214830e+01 -3.008459e+01  7.100000e-01
     vertex  2.201889e+01 -3.010163e+01  7.100000e-01
     vertex  2.201889e+01 -3.164163e+01  7.100000e-01
   endloop
 endfacet
 facet normal  0.000000e+00  0.000000e+00  1.000000e+00
   outer loop
     vertex  2.226889e+01 -3.003464e+01  7.100000e-01
     vertex  2.214830e+01 -3.165867e+01  7.100000e-01
     vertex  2.226889e+01 -3.170862e+01  7.100000e-01
   endloop
 endfacet
 facet normal  0.000000e+00  0.000000e+00  1.000000e+00
   outer loop
     vertex  2.226889e+01 -3.003464e+01  7.100000e-01
     vertex  2.214830e+01 -3.008459e+01  7.100000e-01
     vertex  2.214830e+01 -3.165867e+01  7.100000e-01
   endloop
 endfacet
 facet normal  0.000000e+00  0.000000e+00  1.000000e+00
   outer loop
     vertex  2.237245e+01 -2.995518e+01  7.100000e-01
     vertex  2.226889e+01 -3.170862e+01  7.100000e-01
     vertex  2.237245e+01 -3.178808e+01  7.100000e-01
   endloop
 endfacet
 facet normal  0.000000e+00  0.000000e+00  1.000000e+00
   outer loop
     vertex  2.237245e+01 -2.995518e+01  7.100000e-01
     vertex  2.226889e+01 -3.003464e+01  7.100000e-01
     vertex  2.226889e+01 -3.170862e+01  7.100000e-01
   endloop
 endfacet
 facet normal  0.000000e+00  0.000000e+00  1.000000e+00
   outer loop
     vertex  2.245190e+01 -2.985163e+01  7.100000e-01
     vertex  2.237245e+01 -3.178808e+01  7.100000e-01
     vertex  2.245190e+01 -3.189163e+01  7.100000e-01
   endloop
 endfacet
 facet normal  0.000000e+00  0.000000e+00  1.000000e+00
   outer loop
     vertex  2.245190e+01 -2.985163e+01  7.100000e-01
     vertex  2.237245e+01 -2.995518e+01  7.100000e-01
     vertex  2.237245e+01 -3.178808e+01  7.100000e-01
   endloop
 endfacet
 facet normal  0.000000e+00  0.000000e+00  1.000000e+00
   outer loop
     vertex  2.250185e+01 -2.973104e+01  7.100000e-01
     vertex  2.245190e+01 -2.985163e+01  7.100000e-01
     vertex  2.245190e+01 -3.189163e+01  7.100000e-01
   endloop
 endfacet
 facet normal  0.000000e+00  0.000000e+00  1.000000e+00
   outer loop
     vertex  2.250185e+01 -2.973104e+01  7.100000e-01
     vertex  2.245190e+01 -3.189163e+01  7.100000e-01
     vertex  2.250185e+01 -3.201222e+01  7.100000e-01
   endloop
 endfacet
 facet normal  0.000000e+00  0.000000e+00  1.000000e+00
   outer loop
     vertex  2.166534e+01 -2.741518e+01  7.100000e-01
     vertex  2.158588e+01 -2.935163e+01  7.100000e-01
     vertex  2.166534e+01 -2.924808e+01  7.100000e-01
   endloop
 endfacet
 facet normal  0.000000e+00  0.000000e+00  1.000000e+00
   outer loop
     vertex  2.158588e+01 -2.731163e+01  7.100000e-01
     vertex  2.158588e+01 -2.935163e+01  7.100000e-01
     vertex  2.166534e+01 -2.741518e+01  7.100000e-01
   endloop
 endfacet
 facet normal  0.000000e+00  0.000000e+00  1.000000e+00
   outer loop
     vertex  2.176889e+01 -2.749464e+01  7.100000e-01
     vertex  2.166534e+01 -2.741518e+01  7.100000e-01
     vertex  2.166534e+01 -2.924808e+01  7.100000e-01
   endloop
 endfacet
 facet normal  0.000000e+00  0.000000e+00  1.000000e+00
   outer loop
     vertex  2.176889e+01 -2.749464e+01  7.100000e-01
     vertex  2.166534e+01 -2.924808e+01  7.100000e-01
     vertex  2.176889e+01 -2.916862e+01  7.100000e-01
   endloop
 endfacet
 facet normal  0.000000e+00  0.000000e+00  1.000000e+00
   outer loop
     vertex  2.176889e+01 -2.749464e+01  7.100000e-01
     vertex  2.176889e+01 -2.916862e+01  7.100000e-01
     vertex  2.188948e+01 -2.911867e+01  7.100000e-01
   endloop
 endfacet
 facet normal  0.000000e+00  0.000000e+00  1.000000e+00
   outer loop
     vertex  2.153593e+01 -2.719104e+01  7.100000e-01
     vertex  2.158588e+01 -2.935163e+01  7.100000e-01
     vertex  2.158588e+01 -2.731163e+01  7.100000e-01
   endloop
 endfacet
 facet normal  0.000000e+00  0.000000e+00  1.000000e+00
   outer loop
     vertex  2.153593e+01 -2.719104e+01  7.100000e-01
     vertex  2.151889e+01 -2.960163e+01  7.100000e-01
     vertex  2.153593e+01 -2.947222e+01  7.100000e-01
   endloop
 endfacet
 facet normal  0.000000e+00  0.000000e+00  1.000000e+00
   outer loop
     vertex  2.153593e+01 -2.719104e+01  7.100000e-01
     vertex  2.153593e+01 -2.947222e+01  7.100000e-01
     vertex  2.158588e+01 -2.935163e+01  7.100000e-01
   endloop
 endfacet
 facet normal  0.000000e+00  0.000000e+00  1.000000e+00
   outer loop
     vertex  2.188948e+01 -2.754459e+01  7.100000e-01
     vertex  2.176889e+01 -2.749464e+01  7.100000e-01
     vertex  2.188948e+01 -2.911867e+01  7.100000e-01
   endloop
 endfacet
 facet normal  0.000000e+00  0.000000e+00  1.000000e+00
   outer loop
     vertex  2.151889e+01 -2.706163e+01  7.100000e-01
     vertex  2.151889e+01 -2.960163e+01  7.100000e-01
     vertex  2.153593e+01 -2.719104e+01  7.100000e-01
   endloop
 endfacet
 facet normal  0.000000e+00  0.000000e+00  1.000000e+00
   outer loop
     vertex  2.201889e+01 -2.756163e+01  7.100000e-01
     vertex  2.188948e+01 -2.754459e+01  7.100000e-01
     vertex  2.188948e+01 -2.911867e+01  7.100000e-01
   endloop
 endfacet
 facet normal  0.000000e+00  0.000000e+00  1.000000e+00
   outer loop
     vertex  2.201889e+01 -2.756163e+01  7.100000e-01
     vertex  2.188948e+01 -2.911867e+01  7.100000e-01
     vertex  2.201889e+01 -2.910163e+01  7.100000e-01
   endloop
 endfacet
 facet normal  0.000000e+00  0.000000e+00  1.000000e+00
   outer loop
     vertex  2.214830e+01 -2.754459e+01  7.100000e-01
     vertex  2.201889e+01 -2.756163e+01  7.100000e-01
     vertex  2.201889e+01 -2.910163e+01  7.100000e-01
   endloop
 endfacet
 facet normal  0.000000e+00  0.000000e+00  1.000000e+00
   outer loop
     vertex  2.214830e+01 -2.754459e+01  7.100000e-01
     vertex  2.201889e+01 -2.910163e+01  7.100000e-01
     vertex  2.214830e+01 -2.911867e+01  7.100000e-01
   endloop
 endfacet
 facet normal  0.000000e+00  0.000000e+00  1.000000e+00
   outer loop
     vertex  2.226889e+01 -2.749464e+01  7.100000e-01
     vertex  2.214830e+01 -2.754459e+01  7.100000e-01
     vertex  2.214830e+01 -2.911867e+01  7.100000e-01
   endloop
 endfacet
 facet normal  0.000000e+00  0.000000e+00  1.000000e+00
   outer loop
     vertex  2.226889e+01 -2.749464e+01  7.100000e-01
     vertex  2.214830e+01 -2.911867e+01  7.100000e-01
     vertex  2.226889e+01 -2.916862e+01  7.100000e-01
   endloop
 endfacet
 facet normal  0.000000e+00  0.000000e+00  1.000000e+00
   outer loop
     vertex  2.226889e+01 -2.749464e+01  7.100000e-01
     vertex  2.226889e+01 -2.916862e+01  7.100000e-01
     vertex  2.237245e+01 -2.924808e+01  7.100000e-01
   endloop
 endfacet
 facet normal  0.000000e+00  0.000000e+00  1.000000e+00
   outer loop
     vertex  2.237245e+01 -2.741518e+01  7.100000e-01
     vertex  2.226889e+01 -2.749464e+01  7.100000e-01
     vertex  2.237245e+01 -2.924808e+01  7.100000e-01
   endloop
 endfacet
 facet normal  0.000000e+00  0.000000e+00  1.000000e+00
   outer loop
     vertex  2.245190e+01 -2.731163e+01  7.100000e-01
     vertex  2.237245e+01 -2.741518e+01  7.100000e-01
     vertex  2.237245e+01 -2.924808e+01  7.100000e-01
   endloop
 endfacet
 facet normal  0.000000e+00  0.000000e+00  1.000000e+00
   outer loop
     vertex  2.245190e+01 -2.731163e+01  7.100000e-01
     vertex  2.237245e+01 -2.924808e+01  7.100000e-01
     vertex  2.245190e+01 -2.935163e+01  7.100000e-01
   endloop
 endfacet
 facet normal  0.000000e+00  0.000000e+00  1.000000e+00
   outer loop
     vertex  2.245190e+01 -2.731163e+01  7.100000e-01
     vertex  2.245190e+01 -2.935163e+01  7.100000e-01
     vertex  2.250185e+01 -2.947222e+01  7.100000e-01
   endloop
 endfacet
 facet normal  0.000000e+00  0.000000e+00  1.000000e+00
   outer loop
     vertex  2.250185e+01 -2.719104e+01  7.100000e-01
     vertex  2.245190e+01 -2.731163e+01  7.100000e-01
     vertex  2.250185e+01 -2.947222e+01  7.100000e-01
   endloop
 endfacet
 facet normal  0.000000e+00  0.000000e+00  1.000000e+00
   outer loop
     vertex  3.548413e+01 -3.984233e+01  7.100000e-01
     vertex  3.520345e+01 -3.970716e+01  7.100000e-01
     vertex  3.533617e+01 -3.979056e+01  7.100000e-01
   endloop
 endfacet
 facet normal  0.000000e+00  0.000000e+00  1.000000e+00
   outer loop
     vertex  3.548413e+01 -3.984233e+01  7.100000e-01
     vertex  3.509261e+01 -3.959632e+01  7.100000e-01
     vertex  3.520345e+01 -3.970716e+01  7.100000e-01
   endloop
 endfacet
 facet normal  0.000000e+00  0.000000e+00  1.000000e+00
   outer loop
     vertex  3.548413e+01 -3.984233e+01  7.100000e-01
     vertex  3.500921e+01 -3.946360e+01  7.100000e-01
     vertex  3.509261e+01 -3.959632e+01  7.100000e-01
   endloop
 endfacet
 facet normal  0.000000e+00  0.000000e+00  1.000000e+00
   outer loop
     vertex  3.493989e+01 -3.915988e+01  7.100000e-01
     vertex  3.495744e+01 -3.931564e+01  7.100000e-01
     vertex  3.500921e+01 -3.946360e+01  7.100000e-01
   endloop
 endfacet
 facet normal  0.000000e+00  0.000000e+00  1.000000e+00
   outer loop
     vertex  3.493989e+01 -3.915988e+01  7.100000e-01
     vertex  3.500921e+01 -3.946360e+01  7.100000e-01
     vertex  3.548413e+01 -3.984233e+01  7.100000e-01
   endloop
 endfacet
 facet normal  0.000000e+00  0.000000e+00  1.000000e+00
   outer loop
     vertex  3.563989e+01 -3.985988e+01  7.100000e-01
     vertex  3.493989e+01 -3.915988e+01  7.100000e-01
     vertex  3.548413e+01 -3.984233e+01  7.100000e-01
   endloop
 endfacet
 facet normal  0.000000e+00  0.000000e+00  1.000000e+00
   outer loop
     vertex  3.663989e+01 -3.985988e+01  7.100000e-01
     vertex  3.493989e+01 -3.915988e+01  7.100000e-01
     vertex  3.563989e+01 -3.985988e+01  7.100000e-01
   endloop
 endfacet
 facet normal  0.000000e+00  0.000000e+00  1.000000e+00
   outer loop
     vertex  2.158588e+01 -2.477163e+01  7.100000e-01
     vertex  2.166534e+01 -2.670808e+01  7.100000e-01
     vertex  2.166534e+01 -2.487518e+01  7.100000e-01
   endloop
 endfacet
 facet normal  0.000000e+00  0.000000e+00  1.000000e+00
   outer loop
     vertex  2.158588e+01 -2.477163e+01  7.100000e-01
     vertex  2.153593e+01 -2.693222e+01  7.100000e-01
     vertex  2.158588e+01 -2.681163e+01  7.100000e-01
   endloop
 endfacet
 facet normal  0.000000e+00  0.000000e+00  1.000000e+00
   outer loop
     vertex  2.158588e+01 -2.477163e+01  7.100000e-01
     vertex  2.158588e+01 -2.681163e+01  7.100000e-01
     vertex  2.166534e+01 -2.670808e+01  7.100000e-01
   endloop
 endfacet
 facet normal  0.000000e+00  0.000000e+00  1.000000e+00
   outer loop
     vertex  2.176889e+01 -2.495464e+01  7.100000e-01
     vertex  2.166534e+01 -2.487518e+01  7.100000e-01
     vertex  2.166534e+01 -2.670808e+01  7.100000e-01
   endloop
 endfacet
 facet normal  0.000000e+00  0.000000e+00  1.000000e+00
   outer loop
     vertex  2.176889e+01 -2.495464e+01  7.100000e-01
     vertex  2.166534e+01 -2.670808e+01  7.100000e-01
     vertex  2.176889e+01 -2.662862e+01  7.100000e-01
   endloop
 endfacet
 facet normal  0.000000e+00  0.000000e+00  1.000000e+00
   outer loop
     vertex  2.188948e+01 -2.500459e+01  7.100000e-01
     vertex  2.176889e+01 -2.662862e+01  7.100000e-01
     vertex  2.188948e+01 -2.657867e+01  7.100000e-01
   endloop
 endfacet
 facet normal  0.000000e+00  0.000000e+00  1.000000e+00
   outer loop
     vertex  2.188948e+01 -2.500459e+01  7.100000e-01
     vertex  2.176889e+01 -2.495464e+01  7.100000e-01
     vertex  2.176889e+01 -2.662862e+01  7.100000e-01
   endloop
 endfacet
 facet normal  0.000000e+00  0.000000e+00  1.000000e+00
   outer loop
     vertex  2.153593e+01 -2.465104e+01  7.100000e-01
     vertex  2.153593e+01 -2.693222e+01  7.100000e-01
     vertex  2.158588e+01 -2.477163e+01  7.100000e-01
   endloop
 endfacet
 facet normal  0.000000e+00  0.000000e+00  1.000000e+00
   outer loop
     vertex  2.201889e+01 -2.502163e+01  7.100000e-01
     vertex  2.188948e+01 -2.657867e+01  7.100000e-01
     vertex  2.201889e+01 -2.656163e+01  7.100000e-01
   endloop
 endfacet
 facet normal  0.000000e+00  0.000000e+00  1.000000e+00
   outer loop
     vertex  2.201889e+01 -2.502163e+01  7.100000e-01
     vertex  2.188948e+01 -2.500459e+01  7.100000e-01
     vertex  2.188948e+01 -2.657867e+01  7.100000e-01
   endloop
 endfacet
 facet normal  0.000000e+00  0.000000e+00  1.000000e+00
   outer loop
     vertex  2.214830e+01 -2.500459e+01  7.100000e-01
     vertex  2.201889e+01 -2.656163e+01  7.100000e-01
     vertex  2.214830e+01 -2.657867e+01  7.100000e-01
   endloop
 endfacet
 facet normal  0.000000e+00  0.000000e+00  1.000000e+00
   outer loop
     vertex  2.214830e+01 -2.500459e+01  7.100000e-01
     vertex  2.201889e+01 -2.502163e+01  7.100000e-01
     vertex  2.201889e+01 -2.656163e+01  7.100000e-01
   endloop
 endfacet
 facet normal  0.000000e+00  0.000000e+00  1.000000e+00
   outer loop
     vertex  1.963989e+01 -2.235988e+01  7.100000e-01
     vertex  2.151889e+01 -2.960163e+01  7.100000e-01
     vertex  2.151889e+01 -2.706163e+01  7.100000e-01
   endloop
 endfacet
 facet normal  0.000000e+00  0.000000e+00  1.000000e+00
   outer loop
     vertex  1.963989e+01 -2.235988e+01  7.100000e-01
     vertex  2.153593e+01 -2.693222e+01  7.100000e-01
     vertex  2.153593e+01 -2.465104e+01  7.100000e-01
   endloop
 endfacet
 facet normal  0.000000e+00  0.000000e+00  1.000000e+00
   outer loop
     vertex  1.963989e+01 -2.235988e+01  7.100000e-01
     vertex  2.153593e+01 -2.465104e+01  7.100000e-01
     vertex  2.151889e+01 -2.452163e+01  7.100000e-01
   endloop
 endfacet
 facet normal  0.000000e+00  0.000000e+00  1.000000e+00
   outer loop
     vertex  1.963989e+01 -2.235988e+01  7.100000e-01
     vertex  2.151889e+01 -2.452163e+01  7.100000e-01
     vertex  2.153593e+01 -2.439222e+01  7.100000e-01
   endloop
 endfacet
 facet normal  0.000000e+00  0.000000e+00  1.000000e+00
   outer loop
     vertex  1.963989e+01 -2.235988e+01  7.100000e-01
     vertex  1.963989e+01 -3.685988e+01  7.100000e-01
     vertex  2.151889e+01 -2.960163e+01  7.100000e-01
   endloop
 endfacet
 facet normal  0.000000e+00  0.000000e+00  1.000000e+00
   outer loop
     vertex  1.963989e+01 -2.235988e+01  7.100000e-01
     vertex  2.151889e+01 -2.706163e+01  7.100000e-01
     vertex  2.153593e+01 -2.693222e+01  7.100000e-01
   endloop
 endfacet
 facet normal  0.000000e+00  0.000000e+00  1.000000e+00
   outer loop
     vertex  2.158588e+01 -2.427163e+01  7.100000e-01
     vertex  1.963989e+01 -2.235988e+01  7.100000e-01
     vertex  2.153593e+01 -2.439222e+01  7.100000e-01
   endloop
 endfacet
 facet normal  0.000000e+00  0.000000e+00  1.000000e+00
   outer loop
     vertex  2.226889e+01 -2.495464e+01  7.100000e-01
     vertex  2.214830e+01 -2.500459e+01  7.100000e-01
     vertex  2.214830e+01 -2.657867e+01  7.100000e-01
   endloop
 endfacet
 facet normal  0.000000e+00  0.000000e+00  1.000000e+00
   outer loop
     vertex  2.226889e+01 -2.495464e+01  7.100000e-01
     vertex  2.214830e+01 -2.657867e+01  7.100000e-01
     vertex  2.226889e+01 -2.662862e+01  7.100000e-01
   endloop
 endfacet
 facet normal  0.000000e+00  0.000000e+00  1.000000e+00
   outer loop
     vertex  2.226889e+01 -2.495464e+01  7.100000e-01
     vertex  2.226889e+01 -2.662862e+01  7.100000e-01
     vertex  2.237245e+01 -2.670808e+01  7.100000e-01
   endloop
 endfacet
 facet normal  0.000000e+00  0.000000e+00  1.000000e+00
   outer loop
     vertex  2.166534e+01 -2.416808e+01  7.100000e-01
     vertex  1.963989e+01 -2.235988e+01  7.100000e-01
     vertex  2.158588e+01 -2.427163e+01  7.100000e-01
   endloop
 endfacet
 facet normal  0.000000e+00  0.000000e+00  1.000000e+00
   outer loop
     vertex  2.237245e+01 -2.487518e+01  7.100000e-01
     vertex  2.226889e+01 -2.495464e+01  7.100000e-01
     vertex  2.237245e+01 -2.670808e+01  7.100000e-01
   endloop
 endfacet
 facet normal  0.000000e+00  0.000000e+00  1.000000e+00
   outer loop
     vertex  2.237245e+01 -2.487518e+01  7.100000e-01
     vertex  2.237245e+01 -2.670808e+01  7.100000e-01
     vertex  2.245190e+01 -2.681163e+01  7.100000e-01
   endloop
 endfacet
 facet normal  0.000000e+00  0.000000e+00  1.000000e+00
   outer loop
     vertex  2.245190e+01 -2.477163e+01  7.100000e-01
     vertex  2.237245e+01 -2.487518e+01  7.100000e-01
     vertex  2.245190e+01 -2.681163e+01  7.100000e-01
   endloop
 endfacet
 facet normal  0.000000e+00  0.000000e+00  1.000000e+00
   outer loop
     vertex  2.245190e+01 -2.477163e+01  7.100000e-01
     vertex  2.245190e+01 -2.681163e+01  7.100000e-01
     vertex  2.250185e+01 -2.693222e+01  7.100000e-01
   endloop
 endfacet
 facet normal  0.000000e+00  0.000000e+00  1.000000e+00
   outer loop
     vertex  2.250185e+01 -2.465104e+01  7.100000e-01
     vertex  2.245190e+01 -2.477163e+01  7.100000e-01
     vertex  2.250185e+01 -2.693222e+01  7.100000e-01
   endloop
 endfacet
 facet normal  0.000000e+00  0.000000e+00  1.000000e+00
   outer loop
     vertex  3.024634e+01 -3.111343e+01  7.100000e-01
     vertex  2.903617e+01 -3.692920e+01  7.100000e-01
     vertex  2.918413e+01 -3.687743e+01  7.100000e-01
   endloop
 endfacet
 facet normal  0.000000e+00  0.000000e+00  1.000000e+00
   outer loop
     vertex  3.016688e+01 -3.100988e+01  7.100000e-01
     vertex  2.903617e+01 -3.692920e+01  7.100000e-01
     vertex  3.024634e+01 -3.111343e+01  7.100000e-01
   endloop
 endfacet
 facet normal  0.000000e+00  0.000000e+00  1.000000e+00
   outer loop
     vertex  3.016688e+01 -3.100988e+01  7.100000e-01
     vertex  2.250185e+01 -3.227104e+01  7.100000e-01
     vertex  2.890345e+01 -3.701260e+01  7.100000e-01
   endloop
 endfacet
 facet normal  0.000000e+00  0.000000e+00  1.000000e+00
   outer loop
     vertex  3.016688e+01 -3.100988e+01  7.100000e-01
     vertex  2.251889e+01 -3.214163e+01  7.100000e-01
     vertex  2.250185e+01 -3.227104e+01  7.100000e-01
   endloop
 endfacet
 facet normal  0.000000e+00  0.000000e+00  1.000000e+00
   outer loop
     vertex  3.016688e+01 -3.100988e+01  7.100000e-01
     vertex  2.890345e+01 -3.701260e+01  7.100000e-01
     vertex  2.903617e+01 -3.692920e+01  7.100000e-01
   endloop
 endfacet
 facet normal  0.000000e+00  0.000000e+00  1.000000e+00
   outer loop
     vertex  3.034989e+01 -3.119289e+01  7.100000e-01
     vertex  2.918413e+01 -3.687743e+01  7.100000e-01
     vertex  2.933989e+01 -3.685988e+01  7.100000e-01
   endloop
 endfacet
 facet normal  0.000000e+00  0.000000e+00  1.000000e+00
   outer loop
     vertex  3.034989e+01 -3.119289e+01  7.100000e-01
     vertex  3.024634e+01 -3.111343e+01  7.100000e-01
     vertex  2.918413e+01 -3.687743e+01  7.100000e-01
   endloop
 endfacet
 facet normal  0.000000e+00  0.000000e+00  1.000000e+00
   outer loop
     vertex  3.047048e+01 -3.124284e+01  7.100000e-01
     vertex  3.034989e+01 -3.119289e+01  7.100000e-01
     vertex  2.933989e+01 -3.685988e+01  7.100000e-01
   endloop
 endfacet
 facet normal  0.000000e+00  0.000000e+00  1.000000e+00
   outer loop
     vertex  3.011693e+01 -3.088929e+01  7.100000e-01
     vertex  2.250185e+01 -3.201222e+01  7.100000e-01
     vertex  2.251889e+01 -3.214163e+01  7.100000e-01
   endloop
 endfacet
 facet normal  0.000000e+00  0.000000e+00  1.000000e+00
   outer loop
     vertex  3.011693e+01 -3.088929e+01  7.100000e-01
     vertex  2.251889e+01 -3.214163e+01  7.100000e-01
     vertex  3.016688e+01 -3.100988e+01  7.100000e-01
   endloop
 endfacet
 facet normal  0.000000e+00  0.000000e+00  1.000000e+00
   outer loop
     vertex  2.166534e+01 -2.233518e+01  7.100000e-01
     vertex  1.963989e+01 -2.235988e+01  7.100000e-01
     vertex  2.166534e+01 -2.416808e+01  7.100000e-01
   endloop
 endfacet
 facet normal  0.000000e+00  0.000000e+00  1.000000e+00
   outer loop
     vertex  3.690534e+01 -3.757518e+01  7.100000e-01
     vertex  3.493989e+01 -3.755988e+01  7.100000e-01
     vertex  3.493989e+01 -3.915988e+01  7.100000e-01
   endloop
 endfacet
 facet normal  0.000000e+00  0.000000e+00  1.000000e+00
   outer loop
     vertex  3.690534e+01 -3.757518e+01  7.100000e-01
     vertex  3.493989e+01 -3.915988e+01  7.100000e-01
     vertex  3.663989e+01 -3.985988e+01  7.100000e-01
   endloop
 endfacet
 facet normal  0.000000e+00  0.000000e+00  1.000000e+00
   outer loop
     vertex  3.059989e+01 -3.125988e+01  7.100000e-01
     vertex  3.047048e+01 -3.124284e+01  7.100000e-01
     vertex  2.933989e+01 -3.685988e+01  7.100000e-01
   endloop
 endfacet
 facet normal  0.000000e+00  0.000000e+00  1.000000e+00
   outer loop
     vertex  3.009989e+01 -3.075988e+01  7.100000e-01
     vertex  2.250185e+01 -3.201222e+01  7.100000e-01
     vertex  3.011693e+01 -3.088929e+01  7.100000e-01
   endloop
 endfacet
 facet normal  0.000000e+00  0.000000e+00  1.000000e+00
   outer loop
     vertex  3.009989e+01 -3.075988e+01  7.100000e-01
     vertex  2.250185e+01 -2.973104e+01  7.100000e-01
     vertex  2.250185e+01 -3.201222e+01  7.100000e-01
   endloop
 endfacet
 facet normal  0.000000e+00  0.000000e+00  1.000000e+00
   outer loop
     vertex  2.158588e+01 -2.223163e+01  7.100000e-01
     vertex  1.963989e+01 -2.235988e+01  7.100000e-01
     vertex  2.166534e+01 -2.233518e+01  7.100000e-01
   endloop
 endfacet
 facet normal  0.000000e+00  0.000000e+00  1.000000e+00
   outer loop
     vertex  2.176889e+01 -2.241464e+01  7.100000e-01
     vertex  2.166534e+01 -2.416808e+01  7.100000e-01
     vertex  2.176889e+01 -2.408862e+01  7.100000e-01
   endloop
 endfacet
 facet normal  0.000000e+00  0.000000e+00  1.000000e+00
   outer loop
     vertex  2.176889e+01 -2.241464e+01  7.100000e-01
     vertex  2.176889e+01 -2.408862e+01  7.100000e-01
     vertex  2.188948e+01 -2.403867e+01  7.100000e-01
   endloop
 endfacet
 facet normal  0.000000e+00  0.000000e+00  1.000000e+00
   outer loop
     vertex  2.176889e+01 -2.241464e+01  7.100000e-01
     vertex  2.166534e+01 -2.233518e+01  7.100000e-01
     vertex  2.166534e+01 -2.416808e+01  7.100000e-01
   endloop
 endfacet
 facet normal  0.000000e+00  0.000000e+00  1.000000e+00
   outer loop
     vertex  3.700889e+01 -3.765464e+01  7.100000e-01
     vertex  3.690534e+01 -3.757518e+01  7.100000e-01
     vertex  3.663989e+01 -3.985988e+01  7.100000e-01
   endloop
 endfacet
 facet normal  0.000000e+00  0.000000e+00  1.000000e+00
   outer loop
     vertex  3.682588e+01 -3.747163e+01  7.100000e-01
     vertex  3.493989e+01 -3.755988e+01  7.100000e-01
     vertex  3.690534e+01 -3.757518e+01  7.100000e-01
   endloop
 endfacet
 facet normal  0.000000e+00  0.000000e+00  1.000000e+00
   outer loop
     vertex  2.153593e+01 -2.211104e+01  7.100000e-01
     vertex  1.963989e+01 -2.235988e+01  7.100000e-01
     vertex  2.158588e+01 -2.223163e+01  7.100000e-01
   endloop
 endfacet
 facet normal  0.000000e+00  0.000000e+00  1.000000e+00
   outer loop
     vertex  2.188948e+01 -2.246459e+01  7.100000e-01
     vertex  2.176889e+01 -2.241464e+01  7.100000e-01
     vertex  2.188948e+01 -2.403867e+01  7.100000e-01
   endloop
 endfacet
 facet normal  0.000000e+00  0.000000e+00  1.000000e+00
   outer loop
     vertex  3.712948e+01 -3.770459e+01  7.100000e-01
     vertex  3.663989e+01 -3.985988e+01  7.100000e-01
     vertex  3.730746e+01 -3.978467e+01  7.100000e-01
   endloop
 endfacet
 facet normal  0.000000e+00  0.000000e+00  1.000000e+00
   outer loop
     vertex  3.712948e+01 -3.770459e+01  7.100000e-01
     vertex  3.700889e+01 -3.765464e+01  7.100000e-01
     vertex  3.663989e+01 -3.985988e+01  7.100000e-01
   endloop
 endfacet
 facet normal  0.000000e+00  0.000000e+00  1.000000e+00
   outer loop
     vertex  3.677593e+01 -3.735104e+01  7.100000e-01
     vertex  3.493989e+01 -3.755988e+01  7.100000e-01
     vertex  3.682588e+01 -3.747163e+01  7.100000e-01
   endloop
 endfacet
 facet normal  0.000000e+00  0.000000e+00  1.000000e+00
   outer loop
     vertex  3.011693e+01 -3.063047e+01  7.100000e-01
     vertex  2.250185e+01 -2.973104e+01  7.100000e-01
     vertex  3.009989e+01 -3.075988e+01  7.100000e-01
   endloop
 endfacet
 facet normal  0.000000e+00  0.000000e+00  1.000000e+00
   outer loop
     vertex  3.011693e+01 -3.063047e+01  7.100000e-01
     vertex  2.251889e+01 -2.960163e+01  7.100000e-01
     vertex  2.250185e+01 -2.973104e+01  7.100000e-01
   endloop
 endfacet
 facet normal  0.000000e+00  0.000000e+00  1.000000e+00
   outer loop
     vertex  3.072930e+01 -3.124284e+01  7.100000e-01
     vertex  3.059989e+01 -3.125988e+01  7.100000e-01
     vertex  2.933989e+01 -3.685988e+01  7.100000e-01
   endloop
 endfacet
 facet normal  0.000000e+00  0.000000e+00  1.000000e+00
   outer loop
     vertex  3.072930e+01 -3.124284e+01  7.100000e-01
     vertex  2.933989e+01 -3.685988e+01  7.100000e-01
     vertex  3.423989e+01 -3.685988e+01  7.100000e-01
   endloop
 endfacet
 facet normal  0.000000e+00  0.000000e+00  1.000000e+00
   outer loop
     vertex  2.201889e+01 -2.248163e+01  7.100000e-01
     vertex  2.188948e+01 -2.403867e+01  7.100000e-01
     vertex  2.201889e+01 -2.402163e+01  7.100000e-01
   endloop
 endfacet
 facet normal  0.000000e+00  0.000000e+00  1.000000e+00
   outer loop
     vertex  2.201889e+01 -2.248163e+01  7.100000e-01
     vertex  2.201889e+01 -2.402163e+01  7.100000e-01
     vertex  2.214830e+01 -2.403867e+01  7.100000e-01
   endloop
 endfacet
 facet normal  0.000000e+00  0.000000e+00  1.000000e+00
   outer loop
     vertex  2.201889e+01 -2.248163e+01  7.100000e-01
     vertex  2.188948e+01 -2.246459e+01  7.100000e-01
     vertex  2.188948e+01 -2.403867e+01  7.100000e-01
   endloop
 endfacet
 facet normal  0.000000e+00  0.000000e+00  1.000000e+00
   outer loop
     vertex  2.151889e+01 -2.198163e+01  7.100000e-01
     vertex  1.971510e+01 -2.169231e+01  7.100000e-01
     vertex  1.963989e+01 -2.235988e+01  7.100000e-01
   endloop
 endfacet
 facet normal  0.000000e+00  0.000000e+00  1.000000e+00
   outer loop
     vertex  2.151889e+01 -2.198163e+01  7.100000e-01
     vertex  1.963989e+01 -2.235988e+01  7.100000e-01
     vertex  2.153593e+01 -2.211104e+01  7.100000e-01
   endloop
 endfacet
 facet normal  0.000000e+00  0.000000e+00  1.000000e+00
   outer loop
     vertex  3.725889e+01 -3.772163e+01  7.100000e-01
     vertex  3.712948e+01 -3.770459e+01  7.100000e-01
     vertex  3.730746e+01 -3.978467e+01  7.100000e-01
   endloop
 endfacet
 facet normal  0.000000e+00  0.000000e+00  1.000000e+00
   outer loop
     vertex  3.725889e+01 -3.772163e+01  7.100000e-01
     vertex  3.730746e+01 -3.978467e+01  7.100000e-01
     vertex  3.794155e+01 -3.956280e+01  7.100000e-01
   endloop
 endfacet
 facet normal  0.000000e+00  0.000000e+00  1.000000e+00
   outer loop
     vertex  3.675889e+01 -3.722163e+01  7.100000e-01
     vertex  3.492234e+01 -3.740411e+01  7.100000e-01
     vertex  3.493989e+01 -3.755988e+01  7.100000e-01
   endloop
 endfacet
 facet normal  0.000000e+00  0.000000e+00  1.000000e+00
   outer loop
     vertex  3.675889e+01 -3.722163e+01  7.100000e-01
     vertex  3.493989e+01 -3.755988e+01  7.100000e-01
     vertex  3.677593e+01 -3.735104e+01  7.100000e-01
   endloop
 endfacet
 facet normal  0.000000e+00  0.000000e+00  1.000000e+00
   outer loop
     vertex  2.153593e+01 -2.185222e+01  7.100000e-01
     vertex  1.971510e+01 -2.169231e+01  7.100000e-01
     vertex  2.151889e+01 -2.198163e+01  7.100000e-01
   endloop
 endfacet
 facet normal  0.000000e+00  0.000000e+00  1.000000e+00
   outer loop
     vertex  2.153593e+01 -2.185222e+01  7.100000e-01
     vertex  1.993698e+01 -2.105822e+01  7.100000e-01
     vertex  1.971510e+01 -2.169231e+01  7.100000e-01
   endloop
 endfacet
 facet normal  0.000000e+00  0.000000e+00  1.000000e+00
   outer loop
     vertex  2.214830e+01 -2.246459e+01  7.100000e-01
     vertex  2.201889e+01 -2.248163e+01  7.100000e-01
     vertex  2.214830e+01 -2.403867e+01  7.100000e-01
   endloop
 endfacet
 facet normal  0.000000e+00  0.000000e+00  1.000000e+00
   outer loop
     vertex  3.677593e+01 -3.709222e+01  7.100000e-01
     vertex  3.487057e+01 -3.725616e+01  7.100000e-01
     vertex  3.492234e+01 -3.740411e+01  7.100000e-01
   endloop
 endfacet
 facet normal  0.000000e+00  0.000000e+00  1.000000e+00
   outer loop
     vertex  3.677593e+01 -3.709222e+01  7.100000e-01
     vertex  3.492234e+01 -3.740411e+01  7.100000e-01
     vertex  3.675889e+01 -3.722163e+01  7.100000e-01
   endloop
 endfacet
 facet normal  0.000000e+00  0.000000e+00  1.000000e+00
   outer loop
     vertex  3.738830e+01 -3.770459e+01  7.100000e-01
     vertex  3.725889e+01 -3.772163e+01  7.100000e-01
     vertex  3.794155e+01 -3.956280e+01  7.100000e-01
   endloop
 endfacet
 facet normal  0.000000e+00  0.000000e+00  1.000000e+00
   outer loop
     vertex  3.738830e+01 -3.770459e+01  7.100000e-01
     vertex  3.794155e+01 -3.956280e+01  7.100000e-01
     vertex  3.851037e+01 -3.920538e+01  7.100000e-01
   endloop
 endfacet
 facet normal  0.000000e+00  0.000000e+00  1.000000e+00
   outer loop
     vertex  2.158588e+01 -2.173163e+01  7.100000e-01
     vertex  2.029439e+01 -2.048940e+01  7.100000e-01
     vertex  1.993698e+01 -2.105822e+01  7.100000e-01
   endloop
 endfacet
 facet normal  0.000000e+00  0.000000e+00  1.000000e+00
   outer loop
     vertex  2.158588e+01 -2.173163e+01  7.100000e-01
     vertex  1.993698e+01 -2.105822e+01  7.100000e-01
     vertex  2.153593e+01 -2.185222e+01  7.100000e-01
   endloop
 endfacet
 facet normal  0.000000e+00  0.000000e+00  1.000000e+00
   outer loop
     vertex  2.226889e+01 -2.241464e+01  7.100000e-01
     vertex  2.214830e+01 -2.246459e+01  7.100000e-01
     vertex  2.214830e+01 -2.403867e+01  7.100000e-01
   endloop
 endfacet
 facet normal  0.000000e+00  0.000000e+00  1.000000e+00
   outer loop
     vertex  2.226889e+01 -2.241464e+01  7.100000e-01
     vertex  2.214830e+01 -2.403867e+01  7.100000e-01
     vertex  2.226889e+01 -2.408862e+01  7.100000e-01
   endloop
 endfacet
 facet normal  0.000000e+00  0.000000e+00  1.000000e+00
   outer loop
     vertex  3.682588e+01 -3.697163e+01  7.100000e-01
     vertex  3.487057e+01 -3.725616e+01  7.100000e-01
     vertex  3.677593e+01 -3.709222e+01  7.100000e-01
   endloop
 endfacet
 facet normal  0.000000e+00  0.000000e+00  1.000000e+00
   outer loop
     vertex  3.682588e+01 -3.697163e+01  7.100000e-01
     vertex  3.478717e+01 -3.712344e+01  7.100000e-01
     vertex  3.487057e+01 -3.725616e+01  7.100000e-01
   endloop
 endfacet
 facet normal  0.000000e+00  0.000000e+00  1.000000e+00
   outer loop
     vertex  3.682588e+01 -3.697163e+01  7.100000e-01
     vertex  3.467634e+01 -3.701260e+01  7.100000e-01
     vertex  3.478717e+01 -3.712344e+01  7.100000e-01
   endloop
 endfacet
 facet normal  0.000000e+00  0.000000e+00  1.000000e+00
   outer loop
     vertex  3.750889e+01 -3.765464e+01  7.100000e-01
     vertex  3.738830e+01 -3.770459e+01  7.100000e-01
     vertex  3.851037e+01 -3.920538e+01  7.100000e-01
   endloop
 endfacet
 facet normal  0.000000e+00  0.000000e+00  1.000000e+00
   outer loop
     vertex  2.237245e+01 -2.233518e+01  7.100000e-01
     vertex  2.226889e+01 -2.241464e+01  7.100000e-01
     vertex  2.226889e+01 -2.408862e+01  7.100000e-01
   endloop
 endfacet
 facet normal  0.000000e+00  0.000000e+00  1.000000e+00
   outer loop
     vertex  2.237245e+01 -2.233518e+01  7.100000e-01
     vertex  2.226889e+01 -2.408862e+01  7.100000e-01
     vertex  2.237245e+01 -2.416808e+01  7.100000e-01
   endloop
 endfacet
 facet normal  0.000000e+00  0.000000e+00  1.000000e+00
   outer loop
     vertex  2.237245e+01 -2.233518e+01  7.100000e-01
     vertex  2.237245e+01 -2.416808e+01  7.100000e-01
     vertex  2.245190e+01 -2.427163e+01  7.100000e-01
   endloop
 endfacet
 facet normal  0.000000e+00  0.000000e+00  1.000000e+00
   outer loop
     vertex  2.166534e+01 -2.162808e+01  7.100000e-01
     vertex  2.029439e+01 -2.048940e+01  7.100000e-01
     vertex  2.158588e+01 -2.173163e+01  7.100000e-01
   endloop
 endfacet
 facet normal  0.000000e+00  0.000000e+00  1.000000e+00
   outer loop
     vertex  3.690534e+01 -3.686808e+01  7.100000e-01
     vertex  3.467634e+01 -3.701260e+01  7.100000e-01
     vertex  3.682588e+01 -3.697163e+01  7.100000e-01
   endloop
 endfacet
 facet normal  0.000000e+00  0.000000e+00  1.000000e+00
   outer loop
     vertex  3.761245e+01 -3.757518e+01  7.100000e-01
     vertex  3.750889e+01 -3.765464e+01  7.100000e-01
     vertex  3.851037e+01 -3.920538e+01  7.100000e-01
   endloop
 endfacet
 facet normal  0.000000e+00  0.000000e+00  1.000000e+00
   outer loop
     vertex  2.245190e+01 -2.223163e+01  7.100000e-01
     vertex  2.237245e+01 -2.233518e+01  7.100000e-01
     vertex  2.245190e+01 -2.427163e+01  7.100000e-01
   endloop
 endfacet
 facet normal  0.000000e+00  0.000000e+00  1.000000e+00
   outer loop
     vertex  3.898540e+01 -3.873036e+01  7.100000e-01
     vertex  3.769190e+01 -3.747163e+01  7.100000e-01
     vertex  3.761245e+01 -3.757518e+01  7.100000e-01
   endloop
 endfacet
 facet normal  0.000000e+00  0.000000e+00  1.000000e+00
   outer loop
     vertex  3.898540e+01 -3.873036e+01  7.100000e-01
     vertex  3.761245e+01 -3.757518e+01  7.100000e-01
     vertex  3.851037e+01 -3.920538e+01  7.100000e-01
   endloop
 endfacet
 facet normal  0.000000e+00  0.000000e+00  1.000000e+00
   outer loop
     vertex  2.250185e+01 -2.211104e+01  7.100000e-01
     vertex  2.245190e+01 -2.427163e+01  7.100000e-01
     vertex  2.250185e+01 -2.439222e+01  7.100000e-01
   endloop
 endfacet
 facet normal  0.000000e+00  0.000000e+00  1.000000e+00
   outer loop
     vertex  2.250185e+01 -2.211104e+01  7.100000e-01
     vertex  2.245190e+01 -2.223163e+01  7.100000e-01
     vertex  2.245190e+01 -2.427163e+01  7.100000e-01
   endloop
 endfacet
 facet normal  0.000000e+00  0.000000e+00  1.000000e+00
   outer loop
     vertex  2.076941e+01 -2.001437e+01  7.100000e-01
     vertex  2.166534e+01 -2.162808e+01  7.100000e-01
     vertex  2.176889e+01 -2.154862e+01  7.100000e-01
   endloop
 endfacet
 facet normal  0.000000e+00  0.000000e+00  1.000000e+00
   outer loop
     vertex  2.076941e+01 -2.001437e+01  7.100000e-01
     vertex  2.176889e+01 -2.154862e+01  7.100000e-01
     vertex  2.188948e+01 -2.149867e+01  7.100000e-01
   endloop
 endfacet
 facet normal  0.000000e+00  0.000000e+00  1.000000e+00
   outer loop
     vertex  2.076941e+01 -2.001437e+01  7.100000e-01
     vertex  2.029439e+01 -2.048940e+01  7.100000e-01
     vertex  2.166534e+01 -2.162808e+01  7.100000e-01
   endloop
 endfacet
 facet normal  0.000000e+00  0.000000e+00  1.000000e+00
   outer loop
     vertex  3.934281e+01 -3.816154e+01  7.100000e-01
     vertex  3.774185e+01 -3.735104e+01  7.100000e-01
     vertex  3.769190e+01 -3.747163e+01  7.100000e-01
   endloop
 endfacet
 facet normal  0.000000e+00  0.000000e+00  1.000000e+00
   outer loop
     vertex  3.934281e+01 -3.816154e+01  7.100000e-01
     vertex  3.769190e+01 -3.747163e+01  7.100000e-01
     vertex  3.898540e+01 -3.873036e+01  7.100000e-01
   endloop
 endfacet
 facet normal  0.000000e+00  0.000000e+00  1.000000e+00
   outer loop
     vertex  2.133823e+01 -1.965696e+01  7.100000e-01
     vertex  2.076941e+01 -2.001437e+01  7.100000e-01
     vertex  2.188948e+01 -2.149867e+01  7.100000e-01
   endloop
 endfacet
 facet normal  0.000000e+00  0.000000e+00  1.000000e+00
   outer loop
     vertex  2.133823e+01 -1.965696e+01  7.100000e-01
     vertex  2.188948e+01 -2.149867e+01  7.100000e-01
     vertex  2.201889e+01 -2.148163e+01  7.100000e-01
   endloop
 endfacet
 facet normal  0.000000e+00  0.000000e+00  1.000000e+00
   outer loop
     vertex  3.034989e+01 -2.865289e+01  7.100000e-01
     vertex  3.024634e+01 -2.857343e+01  7.100000e-01
     vertex  3.024634e+01 -3.040633e+01  7.100000e-01
   endloop
 endfacet
 facet normal  0.000000e+00  0.000000e+00  1.000000e+00
   outer loop
     vertex  3.034989e+01 -2.865289e+01  7.100000e-01
     vertex  3.024634e+01 -3.040633e+01  7.100000e-01
     vertex  3.034989e+01 -3.032687e+01  7.100000e-01
   endloop
 endfacet
 facet normal  0.000000e+00  0.000000e+00  1.000000e+00
   outer loop
     vertex  3.034989e+01 -2.865289e+01  7.100000e-01
     vertex  3.034989e+01 -3.032687e+01  7.100000e-01
     vertex  3.047048e+01 -3.027692e+01  7.100000e-01
   endloop
 endfacet
 facet normal  0.000000e+00  0.000000e+00  1.000000e+00
   outer loop
     vertex  3.016688e+01 -2.846988e+01  7.100000e-01
     vertex  3.024634e+01 -3.040633e+01  7.100000e-01
     vertex  3.024634e+01 -2.857343e+01  7.100000e-01
   endloop
 endfacet
 facet normal  0.000000e+00  0.000000e+00  1.000000e+00
   outer loop
     vertex  3.016688e+01 -2.846988e+01  7.100000e-01
     vertex  3.011693e+01 -3.063047e+01  7.100000e-01
     vertex  3.016688e+01 -3.050988e+01  7.100000e-01
   endloop
 endfacet
 facet normal  0.000000e+00  0.000000e+00  1.000000e+00
   outer loop
     vertex  3.016688e+01 -2.846988e+01  7.100000e-01
     vertex  3.016688e+01 -3.050988e+01  7.100000e-01
     vertex  3.024634e+01 -3.040633e+01  7.100000e-01
   endloop
 endfacet
 facet normal  0.000000e+00  0.000000e+00  1.000000e+00
   outer loop
     vertex  3.288989e+01 -3.119289e+01  7.100000e-01
     vertex  3.095345e+01 -3.111343e+01  7.100000e-01
     vertex  3.084989e+01 -3.119289e+01  7.100000e-01
   endloop
 endfacet
 facet normal  0.000000e+00  0.000000e+00  1.000000e+00
   outer loop
     vertex  3.288989e+01 -3.119289e+01  7.100000e-01
     vertex  3.278634e+01 -3.111343e+01  7.100000e-01
     vertex  3.095345e+01 -3.111343e+01  7.100000e-01
   endloop
 endfacet
 facet normal  0.000000e+00  0.000000e+00  1.000000e+00
   outer loop
     vertex  3.270688e+01 -3.100988e+01  7.100000e-01
     vertex  3.108285e+01 -3.088929e+01  7.100000e-01
     vertex  3.103290e+01 -3.100988e+01  7.100000e-01
   endloop
 endfacet
 facet normal  0.000000e+00  0.000000e+00  1.000000e+00
   outer loop
     vertex  3.270688e+01 -3.100988e+01  7.100000e-01
     vertex  3.103290e+01 -3.100988e+01  7.100000e-01
     vertex  3.095345e+01 -3.111343e+01  7.100000e-01
   endloop
 endfacet
 facet normal  0.000000e+00  0.000000e+00  1.000000e+00
   outer loop
     vertex  3.270688e+01 -3.100988e+01  7.100000e-01
     vertex  3.095345e+01 -3.111343e+01  7.100000e-01
     vertex  3.278634e+01 -3.111343e+01  7.100000e-01
   endloop
 endfacet
 facet normal  0.000000e+00  0.000000e+00  1.000000e+00
   outer loop
     vertex  3.011693e+01 -2.834929e+01  7.100000e-01
     vertex  3.011693e+01 -3.063047e+01  7.100000e-01
     vertex  3.016688e+01 -2.846988e+01  7.100000e-01
   endloop
 endfacet
 facet normal  0.000000e+00  0.000000e+00  1.000000e+00
   outer loop
     vertex  3.011693e+01 -2.834929e+01  7.100000e-01
     vertex  2.250185e+01 -2.947222e+01  7.100000e-01
     vertex  2.251889e+01 -2.960163e+01  7.100000e-01
   endloop
 endfacet
 facet normal  0.000000e+00  0.000000e+00  1.000000e+00
   outer loop
     vertex  3.011693e+01 -2.834929e+01  7.100000e-01
     vertex  2.251889e+01 -2.960163e+01  7.100000e-01
     vertex  3.011693e+01 -3.063047e+01  7.100000e-01
   endloop
 endfacet
 facet normal  0.000000e+00  0.000000e+00  1.000000e+00
   outer loop
     vertex  3.047048e+01 -2.870284e+01  7.100000e-01
     vertex  3.034989e+01 -2.865289e+01  7.100000e-01
     vertex  3.047048e+01 -3.027692e+01  7.100000e-01
   endloop
 endfacet
 facet normal  0.000000e+00  0.000000e+00  1.000000e+00
   outer loop
     vertex  3.301048e+01 -3.124284e+01  7.100000e-01
     vertex  3.084989e+01 -3.119289e+01  7.100000e-01
     vertex  3.072930e+01 -3.124284e+01  7.100000e-01
   endloop
 endfacet
 facet normal  0.000000e+00  0.000000e+00  1.000000e+00
   outer loop
     vertex  3.301048e+01 -3.124284e+01  7.100000e-01
     vertex  3.072930e+01 -3.124284e+01  7.100000e-01
     vertex  3.423989e+01 -3.685988e+01  7.100000e-01
   endloop
 endfacet
 facet normal  0.000000e+00  0.000000e+00  1.000000e+00
   outer loop
     vertex  3.301048e+01 -3.124284e+01  7.100000e-01
     vertex  3.288989e+01 -3.119289e+01  7.100000e-01
     vertex  3.084989e+01 -3.119289e+01  7.100000e-01
   endloop
 endfacet
 facet normal  0.000000e+00  0.000000e+00  1.000000e+00
   outer loop
     vertex  3.265693e+01 -3.088929e+01  7.100000e-01
     vertex  3.108285e+01 -3.088929e+01  7.100000e-01
     vertex  3.270688e+01 -3.100988e+01  7.100000e-01
   endloop
 endfacet
 facet normal  0.000000e+00  0.000000e+00  1.000000e+00
   outer loop
     vertex  3.265693e+01 -3.088929e+01  7.100000e-01
     vertex  3.109989e+01 -3.075988e+01  7.100000e-01
     vertex  3.108285e+01 -3.088929e+01  7.100000e-01
   endloop
 endfacet
 facet normal  0.000000e+00  0.000000e+00  1.000000e+00
   outer loop
     vertex  3.690534e+01 -3.503518e+01  7.100000e-01
     vertex  3.467634e+01 -3.701260e+01  7.100000e-01
     vertex  3.690534e+01 -3.686808e+01  7.100000e-01
   endloop
 endfacet
 facet normal  0.000000e+00  0.000000e+00  1.000000e+00
   outer loop
     vertex  3.059989e+01 -2.871988e+01  7.100000e-01
     vertex  3.047048e+01 -2.870284e+01  7.100000e-01
     vertex  3.047048e+01 -3.027692e+01  7.100000e-01
   endloop
 endfacet
 facet normal  0.000000e+00  0.000000e+00  1.000000e+00
   outer loop
     vertex  3.059989e+01 -2.871988e+01  7.100000e-01
     vertex  3.047048e+01 -3.027692e+01  7.100000e-01
     vertex  3.059989e+01 -3.025988e+01  7.100000e-01
   endloop
 endfacet
 facet normal  0.000000e+00  0.000000e+00  1.000000e+00
   outer loop
     vertex  3.059989e+01 -2.871988e+01  7.100000e-01
     vertex  3.059989e+01 -3.025988e+01  7.100000e-01
     vertex  3.072930e+01 -3.027692e+01  7.100000e-01
   endloop
 endfacet
 facet normal  0.000000e+00  0.000000e+00  1.000000e+00
   outer loop
     vertex  3.009989e+01 -2.821988e+01  7.100000e-01
     vertex  2.250185e+01 -2.719104e+01  7.100000e-01
     vertex  2.250185e+01 -2.947222e+01  7.100000e-01
   endloop
 endfacet
 facet normal  0.000000e+00  0.000000e+00  1.000000e+00
   outer loop
     vertex  3.009989e+01 -2.821988e+01  7.100000e-01
     vertex  2.250185e+01 -2.947222e+01  7.100000e-01
     vertex  3.011693e+01 -2.834929e+01  7.100000e-01
   endloop
 endfacet
 facet normal  0.000000e+00  0.000000e+00  1.000000e+00
   outer loop
     vertex  3.313989e+01 -3.125988e+01  7.100000e-01
     vertex  3.301048e+01 -3.124284e+01  7.100000e-01
     vertex  3.423989e+01 -3.685988e+01  7.100000e-01
   endloop
 endfacet
 facet normal  0.000000e+00  0.000000e+00  1.000000e+00
   outer loop
     vertex  3.263989e+01 -3.075988e+01  7.100000e-01
     vertex  3.109989e+01 -3.075988e+01  7.100000e-01
     vertex  3.265693e+01 -3.088929e+01  7.100000e-01
   endloop
 endfacet
 facet normal  0.000000e+00  0.000000e+00  1.000000e+00
   outer loop
     vertex  3.682588e+01 -3.493163e+01  7.100000e-01
     vertex  3.467634e+01 -3.701260e+01  7.100000e-01
     vertex  3.690534e+01 -3.503518e+01  7.100000e-01
   endloop
 endfacet
 facet normal  0.000000e+00  0.000000e+00  1.000000e+00
   outer loop
     vertex  3.682588e+01 -3.493163e+01  7.100000e-01
     vertex  3.454361e+01 -3.692920e+01  7.100000e-01
     vertex  3.467634e+01 -3.701260e+01  7.100000e-01
   endloop
 endfacet
 facet normal  0.000000e+00  0.000000e+00  1.000000e+00
   outer loop
     vertex  3.700889e+01 -3.511464e+01  7.100000e-01
     vertex  3.690534e+01 -3.503518e+01  7.100000e-01
     vertex  3.690534e+01 -3.686808e+01  7.100000e-01
   endloop
 endfacet
 facet normal  0.000000e+00  0.000000e+00  1.000000e+00
   outer loop
     vertex  3.700889e+01 -3.511464e+01  7.100000e-01
     vertex  3.690534e+01 -3.686808e+01  7.100000e-01
     vertex  3.700889e+01 -3.678862e+01  7.100000e-01
   endloop
 endfacet
 facet normal  0.000000e+00  0.000000e+00  1.000000e+00
   outer loop
     vertex  3.700889e+01 -3.511464e+01  7.100000e-01
     vertex  3.700889e+01 -3.678862e+01  7.100000e-01
     vertex  3.712948e+01 -3.673867e+01  7.100000e-01
   endloop
 endfacet
 facet normal  0.000000e+00  0.000000e+00  1.000000e+00
   outer loop
     vertex  3.677593e+01 -3.481104e+01  7.100000e-01
     vertex  3.439566e+01 -3.687743e+01  7.100000e-01
     vertex  3.454361e+01 -3.692920e+01  7.100000e-01
   endloop
 endfacet
 facet normal  0.000000e+00  0.000000e+00  1.000000e+00
   outer loop
     vertex  3.677593e+01 -3.481104e+01  7.100000e-01
     vertex  3.454361e+01 -3.692920e+01  7.100000e-01
     vertex  3.682588e+01 -3.493163e+01  7.100000e-01
   endloop
 endfacet
 facet normal  0.000000e+00  0.000000e+00  1.000000e+00
   outer loop
     vertex  3.712948e+01 -3.516459e+01  7.100000e-01
     vertex  3.700889e+01 -3.511464e+01  7.100000e-01
     vertex  3.712948e+01 -3.673867e+01  7.100000e-01
   endloop
 endfacet
 facet normal  0.000000e+00  0.000000e+00  1.000000e+00
   outer loop
     vertex  3.011693e+01 -2.809047e+01  7.100000e-01
     vertex  2.250185e+01 -2.719104e+01  7.100000e-01
     vertex  3.009989e+01 -2.821988e+01  7.100000e-01
   endloop
 endfacet
 facet normal  0.000000e+00  0.000000e+00  1.000000e+00
   outer loop
     vertex  3.011693e+01 -2.809047e+01  7.100000e-01
     vertex  2.251889e+01 -2.706163e+01  7.100000e-01
     vertex  2.250185e+01 -2.719104e+01  7.100000e-01
   endloop
 endfacet
 facet normal  0.000000e+00  0.000000e+00  1.000000e+00
   outer loop
     vertex  3.072930e+01 -2.870284e+01  7.100000e-01
     vertex  3.059989e+01 -2.871988e+01  7.100000e-01
     vertex  3.072930e+01 -3.027692e+01  7.100000e-01
   endloop
 endfacet
 facet normal  0.000000e+00  0.000000e+00  1.000000e+00
   outer loop
     vertex  3.265693e+01 -3.063047e+01  7.100000e-01
     vertex  3.109989e+01 -3.075988e+01  7.100000e-01
     vertex  3.263989e+01 -3.075988e+01  7.100000e-01
   endloop
 endfacet
 facet normal  0.000000e+00  0.000000e+00  1.000000e+00
   outer loop
     vertex  3.265693e+01 -3.063047e+01  7.100000e-01
     vertex  3.103290e+01 -3.050988e+01  7.100000e-01
     vertex  3.108285e+01 -3.063047e+01  7.100000e-01
   endloop
 endfacet
 facet normal  0.000000e+00  0.000000e+00  1.000000e+00
   outer loop
     vertex  3.265693e+01 -3.063047e+01  7.100000e-01
     vertex  3.108285e+01 -3.063047e+01  7.100000e-01
     vertex  3.109989e+01 -3.075988e+01  7.100000e-01
   endloop
 endfacet
 facet normal  0.000000e+00  0.000000e+00  1.000000e+00
   outer loop
     vertex  3.326930e+01 -3.124284e+01  7.100000e-01
     vertex  3.313989e+01 -3.125988e+01  7.100000e-01
     vertex  3.423989e+01 -3.685988e+01  7.100000e-01
   endloop
 endfacet
 facet normal  0.000000e+00  0.000000e+00  1.000000e+00
   outer loop
     vertex  3.956468e+01 -3.752744e+01  7.100000e-01
     vertex  3.775889e+01 -3.722163e+01  7.100000e-01
     vertex  3.774185e+01 -3.735104e+01  7.100000e-01
   endloop
 endfacet
 facet normal  0.000000e+00  0.000000e+00  1.000000e+00
   outer loop
     vertex  3.956468e+01 -3.752744e+01  7.100000e-01
     vertex  3.774185e+01 -3.735104e+01  7.100000e-01
     vertex  3.934281e+01 -3.816154e+01  7.100000e-01
   endloop
 endfacet
 facet normal  0.000000e+00  0.000000e+00  1.000000e+00
   outer loop
     vertex  3.675889e+01 -3.468163e+01  7.100000e-01
     vertex  3.439566e+01 -3.687743e+01  7.100000e-01
     vertex  3.677593e+01 -3.481104e+01  7.100000e-01
   endloop
 endfacet
 facet normal  0.000000e+00  0.000000e+00  1.000000e+00
   outer loop
     vertex  3.675889e+01 -3.468163e+01  7.100000e-01
     vertex  3.423989e+01 -3.685988e+01  7.100000e-01
     vertex  3.439566e+01 -3.687743e+01  7.100000e-01
   endloop
 endfacet
 facet normal  0.000000e+00  0.000000e+00  1.000000e+00
   outer loop
     vertex  3.725889e+01 -3.518163e+01  7.100000e-01
     vertex  3.712948e+01 -3.673867e+01  7.100000e-01
     vertex  3.725889e+01 -3.672163e+01  7.100000e-01
   endloop
 endfacet
 facet normal  0.000000e+00  0.000000e+00  1.000000e+00
   outer loop
     vertex  3.725889e+01 -3.518163e+01  7.100000e-01
     vertex  3.725889e+01 -3.672163e+01  7.100000e-01
     vertex  3.738830e+01 -3.673867e+01  7.100000e-01
   endloop
 endfacet
 facet normal  0.000000e+00  0.000000e+00  1.000000e+00
   outer loop
     vertex  3.725889e+01 -3.518163e+01  7.100000e-01
     vertex  3.712948e+01 -3.516459e+01  7.100000e-01
     vertex  3.712948e+01 -3.673867e+01  7.100000e-01
   endloop
 endfacet
 facet normal  0.000000e+00  0.000000e+00  1.000000e+00
   outer loop
     vertex  3.016688e+01 -2.796988e+01  7.100000e-01
     vertex  2.250185e+01 -2.465104e+01  7.100000e-01
     vertex  2.250185e+01 -2.693222e+01  7.100000e-01
   endloop
 endfacet
 facet normal  0.000000e+00  0.000000e+00  1.000000e+00
   outer loop
     vertex  3.016688e+01 -2.796988e+01  7.100000e-01
     vertex  2.251889e+01 -2.706163e+01  7.100000e-01
     vertex  3.011693e+01 -2.809047e+01  7.100000e-01
   endloop
 endfacet
 facet normal  0.000000e+00  0.000000e+00  1.000000e+00
   outer loop
     vertex  3.016688e+01 -2.796988e+01  7.100000e-01
     vertex  2.250185e+01 -2.693222e+01  7.100000e-01
     vertex  2.251889e+01 -2.706163e+01  7.100000e-01
   endloop
 endfacet
 facet normal  0.000000e+00  0.000000e+00  1.000000e+00
   outer loop
     vertex  3.084989e+01 -2.865289e+01  7.100000e-01
     vertex  3.072930e+01 -2.870284e+01  7.100000e-01
     vertex  3.072930e+01 -3.027692e+01  7.100000e-01
   endloop
 endfacet
 facet normal  0.000000e+00  0.000000e+00  1.000000e+00
   outer loop
     vertex  3.084989e+01 -2.865289e+01  7.100000e-01
     vertex  3.072930e+01 -3.027692e+01  7.100000e-01
     vertex  3.084989e+01 -3.032687e+01  7.100000e-01
   endloop
 endfacet
 facet normal  0.000000e+00  0.000000e+00  1.000000e+00
   outer loop
     vertex  3.270688e+01 -3.050988e+01  7.100000e-01
     vertex  3.103290e+01 -3.050988e+01  7.100000e-01
     vertex  3.265693e+01 -3.063047e+01  7.100000e-01
   endloop
 endfacet
 facet normal  0.000000e+00  0.000000e+00  1.000000e+00
   outer loop
     vertex  3.677593e+01 -3.455222e+01  7.100000e-01
     vertex  3.326930e+01 -3.124284e+01  7.100000e-01
     vertex  3.423989e+01 -3.685988e+01  7.100000e-01
   endloop
 endfacet
 facet normal  0.000000e+00  0.000000e+00  1.000000e+00
   outer loop
     vertex  3.677593e+01 -3.455222e+01  7.100000e-01
     vertex  3.338989e+01 -3.119289e+01  7.100000e-01
     vertex  3.326930e+01 -3.124284e+01  7.100000e-01
   endloop
 endfacet
 facet normal  0.000000e+00  0.000000e+00  1.000000e+00
   outer loop
     vertex  3.677593e+01 -3.455222e+01  7.100000e-01
     vertex  3.423989e+01 -3.685988e+01  7.100000e-01
     vertex  3.675889e+01 -3.468163e+01  7.100000e-01
   endloop
 endfacet
 facet normal  0.000000e+00  0.000000e+00  1.000000e+00
   outer loop
     vertex  3.738830e+01 -3.516459e+01  7.100000e-01
     vertex  3.725889e+01 -3.518163e+01  7.100000e-01
     vertex  3.738830e+01 -3.673867e+01  7.100000e-01
   endloop
 endfacet
 facet normal  0.000000e+00  0.000000e+00  1.000000e+00
   outer loop
     vertex  3.095345e+01 -2.857343e+01  7.100000e-01
     vertex  3.084989e+01 -2.865289e+01  7.100000e-01
     vertex  3.084989e+01 -3.032687e+01  7.100000e-01
   endloop
 endfacet
 facet normal  0.000000e+00  0.000000e+00  1.000000e+00
   outer loop
     vertex  3.095345e+01 -2.857343e+01  7.100000e-01
     vertex  3.084989e+01 -3.032687e+01  7.100000e-01
     vertex  3.095345e+01 -3.040633e+01  7.100000e-01
   endloop
 endfacet
 facet normal  0.000000e+00  0.000000e+00  1.000000e+00
   outer loop
     vertex  3.278634e+01 -3.040633e+01  7.100000e-01
     vertex  3.103290e+01 -3.050988e+01  7.100000e-01
     vertex  3.270688e+01 -3.050988e+01  7.100000e-01
   endloop
 endfacet
 facet normal  0.000000e+00  0.000000e+00  1.000000e+00
   outer loop
     vertex  3.278634e+01 -3.040633e+01  7.100000e-01
     vertex  3.095345e+01 -2.857343e+01  7.100000e-01
     vertex  3.095345e+01 -3.040633e+01  7.100000e-01
   endloop
 endfacet
 facet normal  0.000000e+00  0.000000e+00  1.000000e+00
   outer loop
     vertex  3.278634e+01 -3.040633e+01  7.100000e-01
     vertex  3.095345e+01 -3.040633e+01  7.100000e-01
     vertex  3.103290e+01 -3.050988e+01  7.100000e-01
   endloop
 endfacet
 facet normal  0.000000e+00  0.000000e+00  1.000000e+00
   outer loop
     vertex  3.024634e+01 -2.786633e+01  7.100000e-01
     vertex  2.251889e+01 -2.452163e+01  7.100000e-01
     vertex  2.250185e+01 -2.465104e+01  7.100000e-01
   endloop
 endfacet
 facet normal  0.000000e+00  0.000000e+00  1.000000e+00
   outer loop
     vertex  3.024634e+01 -2.786633e+01  7.100000e-01
     vertex  2.250185e+01 -2.465104e+01  7.100000e-01
     vertex  3.016688e+01 -2.796988e+01  7.100000e-01
   endloop
 endfacet
 facet normal  0.000000e+00  0.000000e+00  1.000000e+00
   outer loop
     vertex  3.682588e+01 -3.443163e+01  7.100000e-01
     vertex  3.338989e+01 -3.119289e+01  7.100000e-01
     vertex  3.677593e+01 -3.455222e+01  7.100000e-01
   endloop
 endfacet
 facet normal  0.000000e+00  0.000000e+00  1.000000e+00
   outer loop
     vertex  3.750889e+01 -3.511464e+01  7.100000e-01
     vertex  3.738830e+01 -3.516459e+01  7.100000e-01
     vertex  3.738830e+01 -3.673867e+01  7.100000e-01
   endloop
 endfacet
 facet normal  0.000000e+00  0.000000e+00  1.000000e+00
   outer loop
     vertex  3.750889e+01 -3.511464e+01  7.100000e-01
     vertex  3.738830e+01 -3.673867e+01  7.100000e-01
     vertex  3.750889e+01 -3.678862e+01  7.100000e-01
   endloop
 endfacet
 facet normal  0.000000e+00  0.000000e+00  1.000000e+00
   outer loop
     vertex  2.197233e+01 -1.943509e+01  7.100000e-01
     vertex  2.133823e+01 -1.965696e+01  7.100000e-01
     vertex  2.201889e+01 -2.148163e+01  7.100000e-01
   endloop
 endfacet
 facet normal  0.000000e+00  0.000000e+00  1.000000e+00
   outer loop
     vertex  2.197233e+01 -1.943509e+01  7.100000e-01
     vertex  2.201889e+01 -2.148163e+01  7.100000e-01
     vertex  2.214830e+01 -2.149867e+01  7.100000e-01
   endloop
 endfacet
 facet normal  0.000000e+00  0.000000e+00  1.000000e+00
   outer loop
     vertex  3.034989e+01 -2.778687e+01  7.100000e-01
     vertex  2.250185e+01 -2.439222e+01  7.100000e-01
     vertex  2.251889e+01 -2.452163e+01  7.100000e-01
   endloop
 endfacet
 facet normal  0.000000e+00  0.000000e+00  1.000000e+00
   outer loop
     vertex  3.034989e+01 -2.778687e+01  7.100000e-01
     vertex  2.251889e+01 -2.198163e+01  7.100000e-01
     vertex  2.250185e+01 -2.211104e+01  7.100000e-01
   endloop
 endfacet
 facet normal  0.000000e+00  0.000000e+00  1.000000e+00
   outer loop
     vertex  3.034989e+01 -2.778687e+01  7.100000e-01
     vertex  2.251889e+01 -2.452163e+01  7.100000e-01
     vertex  3.024634e+01 -2.786633e+01  7.100000e-01
   endloop
 endfacet
 facet normal  0.000000e+00  0.000000e+00  1.000000e+00
   outer loop
     vertex  3.034989e+01 -2.778687e+01  7.100000e-01
     vertex  2.250185e+01 -2.211104e+01  7.100000e-01
     vertex  2.250185e+01 -2.439222e+01  7.100000e-01
   endloop
 endfacet
 facet normal  0.000000e+00  0.000000e+00  1.000000e+00
   outer loop
     vertex  3.761245e+01 -3.503518e+01  7.100000e-01
     vertex  3.750889e+01 -3.678862e+01  7.100000e-01
     vertex  3.761245e+01 -3.686808e+01  7.100000e-01
   endloop
 endfacet
 facet normal  0.000000e+00  0.000000e+00  1.000000e+00
   outer loop
     vertex  3.761245e+01 -3.503518e+01  7.100000e-01
     vertex  3.750889e+01 -3.511464e+01  7.100000e-01
     vertex  3.750889e+01 -3.678862e+01  7.100000e-01
   endloop
 endfacet
 facet normal  0.000000e+00  0.000000e+00  1.000000e+00
   outer loop
     vertex  3.047048e+01 -2.773692e+01  7.100000e-01
     vertex  2.250185e+01 -2.185222e+01  7.100000e-01
     vertex  2.251889e+01 -2.198163e+01  7.100000e-01
   endloop
 endfacet
 facet normal  0.000000e+00  0.000000e+00  1.000000e+00
   outer loop
     vertex  3.047048e+01 -2.773692e+01  7.100000e-01
     vertex  2.251889e+01 -2.198163e+01  7.100000e-01
     vertex  3.034989e+01 -2.778687e+01  7.100000e-01
   endloop
 endfacet
 facet normal  0.000000e+00  0.000000e+00  1.000000e+00
   outer loop
     vertex  3.963989e+01 -3.685988e+01  7.100000e-01
     vertex  3.761245e+01 -3.503518e+01  7.100000e-01
     vertex  3.761245e+01 -3.686808e+01  7.100000e-01
   endloop
 endfacet
 facet normal  0.000000e+00  0.000000e+00  1.000000e+00
   outer loop
     vertex  3.963989e+01 -3.685988e+01  7.100000e-01
     vertex  3.761245e+01 -3.686808e+01  7.100000e-01
     vertex  3.769190e+01 -3.697163e+01  7.100000e-01
   endloop
 endfacet
 facet normal  0.000000e+00  0.000000e+00  1.000000e+00
   outer loop
     vertex  3.963989e+01 -3.685988e+01  7.100000e-01
     vertex  3.769190e+01 -3.697163e+01  7.100000e-01
     vertex  3.774185e+01 -3.709222e+01  7.100000e-01
   endloop
 endfacet
 facet normal  0.000000e+00  0.000000e+00  1.000000e+00
   outer loop
     vertex  3.963989e+01 -3.685988e+01  7.100000e-01
     vertex  3.774185e+01 -3.709222e+01  7.100000e-01
     vertex  3.775889e+01 -3.722163e+01  7.100000e-01
   endloop
 endfacet
 facet normal  0.000000e+00  0.000000e+00  1.000000e+00
   outer loop
     vertex  3.963989e+01 -3.685988e+01  7.100000e-01
     vertex  3.775889e+01 -3.722163e+01  7.100000e-01
     vertex  3.956468e+01 -3.752744e+01  7.100000e-01
   endloop
 endfacet
 facet normal  0.000000e+00  0.000000e+00  1.000000e+00
   outer loop
     vertex  3.963989e+01 -3.685988e+01  7.100000e-01
     vertex  3.769190e+01 -3.493163e+01  7.100000e-01
     vertex  3.761245e+01 -3.503518e+01  7.100000e-01
   endloop
 endfacet
 facet normal  0.000000e+00  0.000000e+00  1.000000e+00
   outer loop
     vertex  3.774185e+01 -3.481104e+01  7.100000e-01
     vertex  3.769190e+01 -3.493163e+01  7.100000e-01
     vertex  3.963989e+01 -3.685988e+01  7.100000e-01
   endloop
 endfacet
 facet normal  0.000000e+00  0.000000e+00  1.000000e+00
   outer loop
     vertex  3.775889e+01 -3.468163e+01  7.100000e-01
     vertex  3.774185e+01 -3.481104e+01  7.100000e-01
     vertex  3.963989e+01 -3.685988e+01  7.100000e-01
   endloop
 endfacet
 facet normal  0.000000e+00  0.000000e+00  1.000000e+00
   outer loop
     vertex  3.774185e+01 -3.455222e+01  7.100000e-01
     vertex  3.775889e+01 -3.468163e+01  7.100000e-01
     vertex  3.963989e+01 -3.685988e+01  7.100000e-01
   endloop
 endfacet
 facet normal  0.000000e+00  0.000000e+00  1.000000e+00
   outer loop
     vertex  2.263989e+01 -1.935988e+01  7.100000e-01
     vertex  2.250185e+01 -2.185222e+01  7.100000e-01
     vertex  3.047048e+01 -2.773692e+01  7.100000e-01
   endloop
 endfacet
 facet normal  0.000000e+00  0.000000e+00  1.000000e+00
   outer loop
     vertex  2.263989e+01 -1.935988e+01  7.100000e-01
     vertex  2.197233e+01 -1.943509e+01  7.100000e-01
     vertex  2.214830e+01 -2.149867e+01  7.100000e-01
   endloop
 endfacet
 facet normal  0.000000e+00  0.000000e+00  1.000000e+00
   outer loop
     vertex  2.263989e+01 -1.935988e+01  7.100000e-01
     vertex  2.214830e+01 -2.149867e+01  7.100000e-01
     vertex  2.226889e+01 -2.154862e+01  7.100000e-01
   endloop
 endfacet
 facet normal  0.000000e+00  0.000000e+00  1.000000e+00
   outer loop
     vertex  2.263989e+01 -1.935988e+01  7.100000e-01
     vertex  2.226889e+01 -2.154862e+01  7.100000e-01
     vertex  2.237245e+01 -2.162808e+01  7.100000e-01
   endloop
 endfacet
 facet normal  0.000000e+00  0.000000e+00  1.000000e+00
   outer loop
     vertex  2.263989e+01 -1.935988e+01  7.100000e-01
     vertex  2.237245e+01 -2.162808e+01  7.100000e-01
     vertex  2.245190e+01 -2.173163e+01  7.100000e-01
   endloop
 endfacet
 facet normal  0.000000e+00  0.000000e+00  1.000000e+00
   outer loop
     vertex  2.263989e+01 -1.935988e+01  7.100000e-01
     vertex  2.245190e+01 -2.173163e+01  7.100000e-01
     vertex  2.250185e+01 -2.185222e+01  7.100000e-01
   endloop
 endfacet
 facet normal  0.000000e+00  0.000000e+00  1.000000e+00
   outer loop
     vertex  2.263989e+01 -1.935988e+01  7.100000e-01
     vertex  3.047048e+01 -2.773692e+01  7.100000e-01
     vertex  3.059989e+01 -2.771988e+01  7.100000e-01
   endloop
 endfacet
 facet normal  0.000000e+00  0.000000e+00  1.000000e+00
   outer loop
     vertex  3.278634e+01 -2.857343e+01  7.100000e-01
     vertex  3.095345e+01 -2.857343e+01  7.100000e-01
     vertex  3.278634e+01 -3.040633e+01  7.100000e-01
   endloop
 endfacet
 facet normal  0.000000e+00  0.000000e+00  1.000000e+00
   outer loop
     vertex  3.288989e+01 -2.865289e+01  7.100000e-01
     vertex  3.278634e+01 -3.040633e+01  7.100000e-01
     vertex  3.288989e+01 -3.032687e+01  7.100000e-01
   endloop
 endfacet
 facet normal  0.000000e+00  0.000000e+00  1.000000e+00
   outer loop
     vertex  3.288989e+01 -2.865289e+01  7.100000e-01
     vertex  3.278634e+01 -2.857343e+01  7.100000e-01
     vertex  3.278634e+01 -3.040633e+01  7.100000e-01
   endloop
 endfacet
 facet normal  0.000000e+00  0.000000e+00  1.000000e+00
   outer loop
     vertex  3.270688e+01 -2.846988e+01  7.100000e-01
     vertex  3.103290e+01 -2.846988e+01  7.100000e-01
     vertex  3.095345e+01 -2.857343e+01  7.100000e-01
   endloop
 endfacet
 facet normal  0.000000e+00  0.000000e+00  1.000000e+00
   outer loop
     vertex  3.270688e+01 -2.846988e+01  7.100000e-01
     vertex  3.095345e+01 -2.857343e+01  7.100000e-01
     vertex  3.278634e+01 -2.857343e+01  7.100000e-01
   endloop
 endfacet
 facet normal  0.000000e+00  0.000000e+00  1.000000e+00
   outer loop
     vertex  3.301048e+01 -2.870284e+01  7.100000e-01
     vertex  3.288989e+01 -3.032687e+01  7.100000e-01
     vertex  3.301048e+01 -3.027692e+01  7.100000e-01
   endloop
 endfacet
 facet normal  0.000000e+00  0.000000e+00  1.000000e+00
   outer loop
     vertex  3.301048e+01 -2.870284e+01  7.100000e-01
     vertex  3.301048e+01 -3.027692e+01  7.100000e-01
     vertex  3.313989e+01 -3.025988e+01  7.100000e-01
   endloop
 endfacet
 facet normal  0.000000e+00  0.000000e+00  1.000000e+00
   outer loop
     vertex  3.301048e+01 -2.870284e+01  7.100000e-01
     vertex  3.288989e+01 -2.865289e+01  7.100000e-01
     vertex  3.288989e+01 -3.032687e+01  7.100000e-01
   endloop
 endfacet
 facet normal  0.000000e+00  0.000000e+00  1.000000e+00
   outer loop
     vertex  3.265693e+01 -2.834929e+01  7.100000e-01
     vertex  3.103290e+01 -2.846988e+01  7.100000e-01
     vertex  3.270688e+01 -2.846988e+01  7.100000e-01
   endloop
 endfacet
 facet normal  0.000000e+00  0.000000e+00  1.000000e+00
   outer loop
     vertex  3.265693e+01 -2.834929e+01  7.100000e-01
     vertex  3.108285e+01 -2.834929e+01  7.100000e-01
     vertex  3.103290e+01 -2.846988e+01  7.100000e-01
   endloop
 endfacet
 facet normal  0.000000e+00  0.000000e+00  1.000000e+00
   outer loop
     vertex  3.263989e+01 -2.821988e+01  7.100000e-01
     vertex  3.109989e+01 -2.821988e+01  7.100000e-01
     vertex  3.108285e+01 -2.834929e+01  7.100000e-01
   endloop
 endfacet
 facet normal  0.000000e+00  0.000000e+00  1.000000e+00
   outer loop
     vertex  3.263989e+01 -2.821988e+01  7.100000e-01
     vertex  3.108285e+01 -2.834929e+01  7.100000e-01
     vertex  3.265693e+01 -2.834929e+01  7.100000e-01
   endloop
 endfacet
 facet normal  0.000000e+00  0.000000e+00  1.000000e+00
   outer loop
     vertex  3.313989e+01 -2.871988e+01  7.100000e-01
     vertex  3.301048e+01 -2.870284e+01  7.100000e-01
     vertex  3.313989e+01 -3.025988e+01  7.100000e-01
   endloop
 endfacet
 facet normal  0.000000e+00  0.000000e+00  1.000000e+00
   outer loop
     vertex  3.700889e+01 -3.257464e+01  7.100000e-01
     vertex  3.690534e+01 -3.249518e+01  7.100000e-01
     vertex  3.690534e+01 -3.432808e+01  7.100000e-01
   endloop
 endfacet
 facet normal  0.000000e+00  0.000000e+00  1.000000e+00
   outer loop
     vertex  3.700889e+01 -3.257464e+01  7.100000e-01
     vertex  3.690534e+01 -3.432808e+01  7.100000e-01
     vertex  3.700889e+01 -3.424862e+01  7.100000e-01
   endloop
 endfacet
 facet normal  0.000000e+00  0.000000e+00  1.000000e+00
   outer loop
     vertex  3.682588e+01 -3.239163e+01  7.100000e-01
     vertex  3.690534e+01 -3.432808e+01  7.100000e-01
     vertex  3.690534e+01 -3.249518e+01  7.100000e-01
   endloop
 endfacet
 facet normal  0.000000e+00  0.000000e+00  1.000000e+00
   outer loop
     vertex  3.682588e+01 -3.239163e+01  7.100000e-01
     vertex  3.682588e+01 -3.443163e+01  7.100000e-01
     vertex  3.690534e+01 -3.432808e+01  7.100000e-01
   endloop
 endfacet
 facet normal  0.000000e+00  0.000000e+00  1.000000e+00
   outer loop
     vertex  3.682588e+01 -3.239163e+01  7.100000e-01
     vertex  3.338989e+01 -3.119289e+01  7.100000e-01
     vertex  3.682588e+01 -3.443163e+01  7.100000e-01
   endloop
 endfacet
 facet normal  0.000000e+00  0.000000e+00  1.000000e+00
   outer loop
     vertex  3.677593e+01 -3.227104e+01  7.100000e-01
     vertex  3.349345e+01 -3.111343e+01  7.100000e-01
     vertex  3.338989e+01 -3.119289e+01  7.100000e-01
   endloop
 endfacet
 facet normal  0.000000e+00  0.000000e+00  1.000000e+00
   outer loop
     vertex  3.677593e+01 -3.227104e+01  7.100000e-01
     vertex  3.338989e+01 -3.119289e+01  7.100000e-01
     vertex  3.682588e+01 -3.239163e+01  7.100000e-01
   endloop
 endfacet
 facet normal  0.000000e+00  0.000000e+00  1.000000e+00
   outer loop
     vertex  3.712948e+01 -3.262459e+01  7.100000e-01
     vertex  3.700889e+01 -3.424862e+01  7.100000e-01
     vertex  3.712948e+01 -3.419867e+01  7.100000e-01
   endloop
 endfacet
 facet normal  0.000000e+00  0.000000e+00  1.000000e+00
   outer loop
     vertex  3.712948e+01 -3.262459e+01  7.100000e-01
     vertex  3.700889e+01 -3.257464e+01  7.100000e-01
     vertex  3.700889e+01 -3.424862e+01  7.100000e-01
   endloop
 endfacet
 facet normal  0.000000e+00  0.000000e+00  1.000000e+00
   outer loop
     vertex  3.265693e+01 -2.809047e+01  7.100000e-01
     vertex  3.108285e+01 -2.809047e+01  7.100000e-01
     vertex  3.109989e+01 -2.821988e+01  7.100000e-01
   endloop
 endfacet
 facet normal  0.000000e+00  0.000000e+00  1.000000e+00
   outer loop
     vertex  3.265693e+01 -2.809047e+01  7.100000e-01
     vertex  3.109989e+01 -2.821988e+01  7.100000e-01
     vertex  3.263989e+01 -2.821988e+01  7.100000e-01
   endloop
 endfacet
 facet normal  0.000000e+00  0.000000e+00  1.000000e+00
   outer loop
     vertex  3.326930e+01 -2.870284e+01  7.100000e-01
     vertex  3.313989e+01 -3.025988e+01  7.100000e-01
     vertex  3.326930e+01 -3.027692e+01  7.100000e-01
   endloop
 endfacet
 facet normal  0.000000e+00  0.000000e+00  1.000000e+00
   outer loop
     vertex  3.326930e+01 -2.870284e+01  7.100000e-01
     vertex  3.313989e+01 -2.871988e+01  7.100000e-01
     vertex  3.313989e+01 -3.025988e+01  7.100000e-01
   endloop
 endfacet
 facet normal  0.000000e+00  0.000000e+00  1.000000e+00
   outer loop
     vertex  3.675889e+01 -3.214163e+01  7.100000e-01
     vertex  3.357290e+01 -3.100988e+01  7.100000e-01
     vertex  3.349345e+01 -3.111343e+01  7.100000e-01
   endloop
 endfacet
 facet normal  0.000000e+00  0.000000e+00  1.000000e+00
   outer loop
     vertex  3.675889e+01 -3.214163e+01  7.100000e-01
     vertex  3.349345e+01 -3.111343e+01  7.100000e-01
     vertex  3.677593e+01 -3.227104e+01  7.100000e-01
   endloop
 endfacet
 facet normal  0.000000e+00  0.000000e+00  1.000000e+00
   outer loop
     vertex  3.725889e+01 -3.264163e+01  7.100000e-01
     vertex  3.712948e+01 -3.262459e+01  7.100000e-01
     vertex  3.712948e+01 -3.419867e+01  7.100000e-01
   endloop
 endfacet
 facet normal  0.000000e+00  0.000000e+00  1.000000e+00
   outer loop
     vertex  3.725889e+01 -3.264163e+01  7.100000e-01
     vertex  3.712948e+01 -3.419867e+01  7.100000e-01
     vertex  3.725889e+01 -3.418163e+01  7.100000e-01
   endloop
 endfacet
 facet normal  0.000000e+00  0.000000e+00  1.000000e+00
   outer loop
     vertex  3.725889e+01 -3.264163e+01  7.100000e-01
     vertex  3.725889e+01 -3.418163e+01  7.100000e-01
     vertex  3.738830e+01 -3.419867e+01  7.100000e-01
   endloop
 endfacet
 facet normal  0.000000e+00  0.000000e+00  1.000000e+00
   outer loop
     vertex  3.338989e+01 -2.865289e+01  7.100000e-01
     vertex  3.326930e+01 -3.027692e+01  7.100000e-01
     vertex  3.338989e+01 -3.032687e+01  7.100000e-01
   endloop
 endfacet
 facet normal  0.000000e+00  0.000000e+00  1.000000e+00
   outer loop
     vertex  3.338989e+01 -2.865289e+01  7.100000e-01
     vertex  3.326930e+01 -2.870284e+01  7.100000e-01
     vertex  3.326930e+01 -3.027692e+01  7.100000e-01
   endloop
 endfacet
 facet normal  0.000000e+00  0.000000e+00  1.000000e+00
   outer loop
     vertex  3.270688e+01 -2.796988e+01  7.100000e-01
     vertex  3.108285e+01 -2.809047e+01  7.100000e-01
     vertex  3.265693e+01 -2.809047e+01  7.100000e-01
   endloop
 endfacet
 facet normal  0.000000e+00  0.000000e+00  1.000000e+00
   outer loop
     vertex  3.270688e+01 -2.796988e+01  7.100000e-01
     vertex  3.103290e+01 -2.796988e+01  7.100000e-01
     vertex  3.108285e+01 -2.809047e+01  7.100000e-01
   endloop
 endfacet
 facet normal  0.000000e+00  0.000000e+00  1.000000e+00
   outer loop
     vertex  3.677593e+01 -3.201222e+01  7.100000e-01
     vertex  3.357290e+01 -3.100988e+01  7.100000e-01
     vertex  3.675889e+01 -3.214163e+01  7.100000e-01
   endloop
 endfacet
 facet normal  0.000000e+00  0.000000e+00  1.000000e+00
   outer loop
     vertex  3.677593e+01 -3.201222e+01  7.100000e-01
     vertex  3.362285e+01 -3.088929e+01  7.100000e-01
     vertex  3.357290e+01 -3.100988e+01  7.100000e-01
   endloop
 endfacet
 facet normal  0.000000e+00  0.000000e+00  1.000000e+00
   outer loop
     vertex  3.738830e+01 -3.262459e+01  7.100000e-01
     vertex  3.738830e+01 -3.419867e+01  7.100000e-01
     vertex  3.750889e+01 -3.424862e+01  7.100000e-01
   endloop
 endfacet
 facet normal  0.000000e+00  0.000000e+00  1.000000e+00
   outer loop
     vertex  3.738830e+01 -3.262459e+01  7.100000e-01
     vertex  3.725889e+01 -3.264163e+01  7.100000e-01
     vertex  3.738830e+01 -3.419867e+01  7.100000e-01
   endloop
 endfacet
 facet normal  0.000000e+00  0.000000e+00  1.000000e+00
   outer loop
     vertex  3.278634e+01 -2.786633e+01  7.100000e-01
     vertex  3.103290e+01 -2.796988e+01  7.100000e-01
     vertex  3.270688e+01 -2.796988e+01  7.100000e-01
   endloop
 endfacet
 facet normal  0.000000e+00  0.000000e+00  1.000000e+00
   outer loop
     vertex  3.278634e+01 -2.786633e+01  7.100000e-01
     vertex  3.084989e+01 -2.778687e+01  7.100000e-01
     vertex  3.095345e+01 -2.786633e+01  7.100000e-01
   endloop
 endfacet
 facet normal  0.000000e+00  0.000000e+00  1.000000e+00
   outer loop
     vertex  3.278634e+01 -2.786633e+01  7.100000e-01
     vertex  3.095345e+01 -2.786633e+01  7.100000e-01
     vertex  3.103290e+01 -2.796988e+01  7.100000e-01
   endloop
 endfacet
 facet normal  0.000000e+00  0.000000e+00  1.000000e+00
   outer loop
     vertex  3.349345e+01 -2.857343e+01  7.100000e-01
     vertex  3.338989e+01 -2.865289e+01  7.100000e-01
     vertex  3.338989e+01 -3.032687e+01  7.100000e-01
   endloop
 endfacet
 facet normal  0.000000e+00  0.000000e+00  1.000000e+00
   outer loop
     vertex  3.349345e+01 -2.857343e+01  7.100000e-01
     vertex  3.338989e+01 -3.032687e+01  7.100000e-01
     vertex  3.349345e+01 -3.040633e+01  7.100000e-01
   endloop
 endfacet
 facet normal  0.000000e+00  0.000000e+00  1.000000e+00
   outer loop
     vertex  3.349345e+01 -2.857343e+01  7.100000e-01
     vertex  3.349345e+01 -3.040633e+01  7.100000e-01
     vertex  3.357290e+01 -3.050988e+01  7.100000e-01
   endloop
 endfacet
 facet normal  0.000000e+00  0.000000e+00  1.000000e+00
   outer loop
     vertex  3.682588e+01 -3.189163e+01  7.100000e-01
     vertex  3.363989e+01 -3.075988e+01  7.100000e-01
     vertex  3.362285e+01 -3.088929e+01  7.100000e-01
   endloop
 endfacet
 facet normal  0.000000e+00  0.000000e+00  1.000000e+00
   outer loop
     vertex  3.682588e+01 -3.189163e+01  7.100000e-01
     vertex  3.362285e+01 -3.088929e+01  7.100000e-01
     vertex  3.677593e+01 -3.201222e+01  7.100000e-01
   endloop
 endfacet
 facet normal  0.000000e+00  0.000000e+00  1.000000e+00
   outer loop
     vertex  3.750889e+01 -3.257464e+01  7.100000e-01
     vertex  3.738830e+01 -3.262459e+01  7.100000e-01
     vertex  3.750889e+01 -3.424862e+01  7.100000e-01
   endloop
 endfacet
 facet normal  0.000000e+00  0.000000e+00  1.000000e+00
   outer loop
     vertex  3.288989e+01 -2.778687e+01  7.100000e-01
     vertex  3.084989e+01 -2.778687e+01  7.100000e-01
     vertex  3.278634e+01 -2.786633e+01  7.100000e-01
   endloop
 endfacet
 facet normal  0.000000e+00  0.000000e+00  1.000000e+00
   outer loop
     vertex  3.357290e+01 -2.846988e+01  7.100000e-01
     vertex  3.349345e+01 -2.857343e+01  7.100000e-01
     vertex  3.357290e+01 -3.050988e+01  7.100000e-01
   endloop
 endfacet
 facet normal  0.000000e+00  0.000000e+00  1.000000e+00
   outer loop
     vertex  3.761245e+01 -3.249518e+01  7.100000e-01
     vertex  3.750889e+01 -3.257464e+01  7.100000e-01
     vertex  3.750889e+01 -3.424862e+01  7.100000e-01
   endloop
 endfacet
 facet normal  0.000000e+00  0.000000e+00  1.000000e+00
   outer loop
     vertex  3.761245e+01 -3.249518e+01  7.100000e-01
     vertex  3.750889e+01 -3.424862e+01  7.100000e-01
     vertex  3.761245e+01 -3.432808e+01  7.100000e-01
   endloop
 endfacet
 facet normal  0.000000e+00  0.000000e+00  1.000000e+00
   outer loop
     vertex  3.761245e+01 -3.249518e+01  7.100000e-01
     vertex  3.761245e+01 -3.432808e+01  7.100000e-01
     vertex  3.769190e+01 -3.443163e+01  7.100000e-01
   endloop
 endfacet
 facet normal  0.000000e+00  0.000000e+00  1.000000e+00
   outer loop
     vertex  3.301048e+01 -2.773692e+01  7.100000e-01
     vertex  3.084989e+01 -2.778687e+01  7.100000e-01
     vertex  3.288989e+01 -2.778687e+01  7.100000e-01
   endloop
 endfacet
 facet normal  0.000000e+00  0.000000e+00  1.000000e+00
   outer loop
     vertex  3.301048e+01 -2.773692e+01  7.100000e-01
     vertex  3.072930e+01 -2.773692e+01  7.100000e-01
     vertex  3.084989e+01 -2.778687e+01  7.100000e-01
   endloop
 endfacet
 facet normal  0.000000e+00  0.000000e+00  1.000000e+00
   outer loop
     vertex  3.769190e+01 -3.239163e+01  7.100000e-01
     vertex  3.761245e+01 -3.249518e+01  7.100000e-01
     vertex  3.769190e+01 -3.443163e+01  7.100000e-01
   endloop
 endfacet
 facet normal  0.000000e+00  0.000000e+00  1.000000e+00
   outer loop
     vertex  3.774185e+01 -3.227104e+01  7.100000e-01
     vertex  3.769190e+01 -3.239163e+01  7.100000e-01
     vertex  3.769190e+01 -3.443163e+01  7.100000e-01
   endloop
 endfacet
 facet normal  0.000000e+00  0.000000e+00  1.000000e+00
   outer loop
     vertex  3.774185e+01 -3.227104e+01  7.100000e-01
     vertex  3.774185e+01 -3.455222e+01  7.100000e-01
     vertex  3.963989e+01 -3.685988e+01  7.100000e-01
   endloop
 endfacet
 facet normal  0.000000e+00  0.000000e+00  1.000000e+00
   outer loop
     vertex  3.774185e+01 -3.227104e+01  7.100000e-01
     vertex  3.769190e+01 -3.443163e+01  7.100000e-01
     vertex  3.774185e+01 -3.455222e+01  7.100000e-01
   endloop
 endfacet
 facet normal  0.000000e+00  0.000000e+00  1.000000e+00
   outer loop
     vertex  3.775889e+01 -3.214163e+01  7.100000e-01
     vertex  3.774185e+01 -3.227104e+01  7.100000e-01
     vertex  3.963989e+01 -3.685988e+01  7.100000e-01
   endloop
 endfacet
 facet normal  0.000000e+00  0.000000e+00  1.000000e+00
   outer loop
     vertex  3.690534e+01 -2.995518e+01  7.100000e-01
     vertex  3.682588e+01 -3.189163e+01  7.100000e-01
     vertex  3.690534e+01 -3.178808e+01  7.100000e-01
   endloop
 endfacet
 facet normal  0.000000e+00  0.000000e+00  1.000000e+00
   outer loop
     vertex  3.700889e+01 -3.003464e+01  7.100000e-01
     vertex  3.690534e+01 -3.178808e+01  7.100000e-01
     vertex  3.700889e+01 -3.170862e+01  7.100000e-01
   endloop
 endfacet
 facet normal  0.000000e+00  0.000000e+00  1.000000e+00
   outer loop
     vertex  3.700889e+01 -3.003464e+01  7.100000e-01
     vertex  3.690534e+01 -2.995518e+01  7.100000e-01
     vertex  3.690534e+01 -3.178808e+01  7.100000e-01
   endloop
 endfacet
 facet normal  0.000000e+00  0.000000e+00  1.000000e+00
   outer loop
     vertex  3.682588e+01 -2.985163e+01  7.100000e-01
     vertex  3.363989e+01 -3.075988e+01  7.100000e-01
     vertex  3.682588e+01 -3.189163e+01  7.100000e-01
   endloop
 endfacet
 facet normal  0.000000e+00  0.000000e+00  1.000000e+00
   outer loop
     vertex  3.682588e+01 -2.985163e+01  7.100000e-01
     vertex  3.362285e+01 -3.063047e+01  7.100000e-01
     vertex  3.363989e+01 -3.075988e+01  7.100000e-01
   endloop
 endfacet
 facet normal  0.000000e+00  0.000000e+00  1.000000e+00
   outer loop
     vertex  3.682588e+01 -2.985163e+01  7.100000e-01
     vertex  3.682588e+01 -3.189163e+01  7.100000e-01
     vertex  3.690534e+01 -2.995518e+01  7.100000e-01
   endloop
 endfacet
 facet normal  0.000000e+00  0.000000e+00  1.000000e+00
   outer loop
     vertex  3.712948e+01 -3.008459e+01  7.100000e-01
     vertex  3.700889e+01 -3.003464e+01  7.100000e-01
     vertex  3.700889e+01 -3.170862e+01  7.100000e-01
   endloop
 endfacet
 facet normal  0.000000e+00  0.000000e+00  1.000000e+00
   outer loop
     vertex  3.712948e+01 -3.008459e+01  7.100000e-01
     vertex  3.700889e+01 -3.170862e+01  7.100000e-01
     vertex  3.712948e+01 -3.165867e+01  7.100000e-01
   endloop
 endfacet
 facet normal  0.000000e+00  0.000000e+00  1.000000e+00
   outer loop
     vertex  3.677593e+01 -2.973104e+01  7.100000e-01
     vertex  3.357290e+01 -3.050988e+01  7.100000e-01
     vertex  3.362285e+01 -3.063047e+01  7.100000e-01
   endloop
 endfacet
 facet normal  0.000000e+00  0.000000e+00  1.000000e+00
   outer loop
     vertex  3.677593e+01 -2.973104e+01  7.100000e-01
     vertex  3.362285e+01 -3.063047e+01  7.100000e-01
     vertex  3.682588e+01 -2.985163e+01  7.100000e-01
   endloop
 endfacet
 facet normal  0.000000e+00  0.000000e+00  1.000000e+00
   outer loop
     vertex  3.725889e+01 -3.010163e+01  7.100000e-01
     vertex  3.712948e+01 -3.165867e+01  7.100000e-01
     vertex  3.725889e+01 -3.164163e+01  7.100000e-01
   endloop
 endfacet
 facet normal  0.000000e+00  0.000000e+00  1.000000e+00
   outer loop
     vertex  3.725889e+01 -3.010163e+01  7.100000e-01
     vertex  3.712948e+01 -3.008459e+01  7.100000e-01
     vertex  3.712948e+01 -3.165867e+01  7.100000e-01
   endloop
 endfacet
 facet normal  0.000000e+00  0.000000e+00  1.000000e+00
   outer loop
     vertex  3.675889e+01 -2.960163e+01  7.100000e-01
     vertex  3.357290e+01 -2.846988e+01  7.100000e-01
     vertex  3.357290e+01 -3.050988e+01  7.100000e-01
   endloop
 endfacet
 facet normal  0.000000e+00  0.000000e+00  1.000000e+00
   outer loop
     vertex  3.675889e+01 -2.960163e+01  7.100000e-01
     vertex  3.357290e+01 -3.050988e+01  7.100000e-01
     vertex  3.677593e+01 -2.973104e+01  7.100000e-01
   endloop
 endfacet
 facet normal  0.000000e+00  0.000000e+00  1.000000e+00
   outer loop
     vertex  3.677593e+01 -2.947222e+01  7.100000e-01
     vertex  3.357290e+01 -2.846988e+01  7.100000e-01
     vertex  3.675889e+01 -2.960163e+01  7.100000e-01
   endloop
 endfacet
 facet normal  0.000000e+00  0.000000e+00  1.000000e+00
   outer loop
     vertex  3.677593e+01 -2.947222e+01  7.100000e-01
     vertex  3.362285e+01 -2.834929e+01  7.100000e-01
     vertex  3.357290e+01 -2.846988e+01  7.100000e-01
   endloop
 endfacet
 facet normal  0.000000e+00  0.000000e+00  1.000000e+00
   outer loop
     vertex  3.738830e+01 -3.008459e+01  7.100000e-01
     vertex  3.725889e+01 -3.164163e+01  7.100000e-01
     vertex  3.738830e+01 -3.165867e+01  7.100000e-01
   endloop
 endfacet
 facet normal  0.000000e+00  0.000000e+00  1.000000e+00
   outer loop
     vertex  3.738830e+01 -3.008459e+01  7.100000e-01
     vertex  3.725889e+01 -3.010163e+01  7.100000e-01
     vertex  3.725889e+01 -3.164163e+01  7.100000e-01
   endloop
 endfacet
 facet normal  0.000000e+00  0.000000e+00  1.000000e+00
   outer loop
     vertex  3.682588e+01 -2.935163e+01  7.100000e-01
     vertex  3.362285e+01 -2.834929e+01  7.100000e-01
     vertex  3.677593e+01 -2.947222e+01  7.100000e-01
   endloop
 endfacet
 facet normal  0.000000e+00  0.000000e+00  1.000000e+00
   outer loop
     vertex  3.682588e+01 -2.935163e+01  7.100000e-01
     vertex  3.363989e+01 -2.821988e+01  7.100000e-01
     vertex  3.362285e+01 -2.834929e+01  7.100000e-01
   endloop
 endfacet
 facet normal  0.000000e+00  0.000000e+00  1.000000e+00
   outer loop
     vertex  3.750889e+01 -3.003464e+01  7.100000e-01
     vertex  3.738830e+01 -3.165867e+01  7.100000e-01
     vertex  3.750889e+01 -3.170862e+01  7.100000e-01
   endloop
 endfacet
 facet normal  0.000000e+00  0.000000e+00  1.000000e+00
   outer loop
     vertex  3.750889e+01 -3.003464e+01  7.100000e-01
     vertex  3.738830e+01 -3.008459e+01  7.100000e-01
     vertex  3.738830e+01 -3.165867e+01  7.100000e-01
   endloop
 endfacet
 facet normal  0.000000e+00  0.000000e+00  1.000000e+00
   outer loop
     vertex  3.761245e+01 -2.995518e+01  7.100000e-01
     vertex  3.750889e+01 -3.170862e+01  7.100000e-01
     vertex  3.761245e+01 -3.178808e+01  7.100000e-01
   endloop
 endfacet
 facet normal  0.000000e+00  0.000000e+00  1.000000e+00
   outer loop
     vertex  3.761245e+01 -2.995518e+01  7.100000e-01
     vertex  3.761245e+01 -3.178808e+01  7.100000e-01
     vertex  3.769190e+01 -3.189163e+01  7.100000e-01
   endloop
 endfacet
 facet normal  0.000000e+00  0.000000e+00  1.000000e+00
   outer loop
     vertex  3.761245e+01 -2.995518e+01  7.100000e-01
     vertex  3.750889e+01 -3.003464e+01  7.100000e-01
     vertex  3.750889e+01 -3.170862e+01  7.100000e-01
   endloop
 endfacet
 facet normal  0.000000e+00  0.000000e+00  1.000000e+00
   outer loop
     vertex  3.769190e+01 -2.985163e+01  7.100000e-01
     vertex  3.761245e+01 -2.995518e+01  7.100000e-01
     vertex  3.769190e+01 -3.189163e+01  7.100000e-01
   endloop
 endfacet
 facet normal  0.000000e+00  0.000000e+00  1.000000e+00
   outer loop
     vertex  3.774185e+01 -2.973104e+01  7.100000e-01
     vertex  3.769190e+01 -3.189163e+01  7.100000e-01
     vertex  3.774185e+01 -3.201222e+01  7.100000e-01
   endloop
 endfacet
 facet normal  0.000000e+00  0.000000e+00  1.000000e+00
   outer loop
     vertex  3.774185e+01 -2.973104e+01  7.100000e-01
     vertex  3.774185e+01 -3.201222e+01  7.100000e-01
     vertex  3.775889e+01 -3.214163e+01  7.100000e-01
   endloop
 endfacet
 facet normal  0.000000e+00  0.000000e+00  1.000000e+00
   outer loop
     vertex  3.774185e+01 -2.973104e+01  7.100000e-01
     vertex  3.769190e+01 -2.985163e+01  7.100000e-01
     vertex  3.769190e+01 -3.189163e+01  7.100000e-01
   endloop
 endfacet
 facet normal  0.000000e+00  0.000000e+00  1.000000e+00
   outer loop
     vertex  3.775889e+01 -2.960163e+01  7.100000e-01
     vertex  3.775889e+01 -3.214163e+01  7.100000e-01
     vertex  3.963989e+01 -3.685988e+01  7.100000e-01
   endloop
 endfacet
 facet normal  0.000000e+00  0.000000e+00  1.000000e+00
   outer loop
     vertex  3.775889e+01 -2.960163e+01  7.100000e-01
     vertex  3.774185e+01 -2.973104e+01  7.100000e-01
     vertex  3.775889e+01 -3.214163e+01  7.100000e-01
   endloop
 endfacet
 facet normal  0.000000e+00  0.000000e+00  1.000000e+00
   outer loop
     vertex  3.690534e+01 -2.741518e+01  7.100000e-01
     vertex  3.682588e+01 -2.935163e+01  7.100000e-01
     vertex  3.690534e+01 -2.924808e+01  7.100000e-01
   endloop
 endfacet
 facet normal  0.000000e+00  0.000000e+00  1.000000e+00
   outer loop
     vertex  3.690534e+01 -2.741518e+01  7.100000e-01
     vertex  3.690534e+01 -2.924808e+01  7.100000e-01
     vertex  3.700889e+01 -2.916862e+01  7.100000e-01
   endloop
 endfacet
 facet normal  0.000000e+00  0.000000e+00  1.000000e+00
   outer loop
     vertex  3.700889e+01 -2.749464e+01  7.100000e-01
     vertex  3.690534e+01 -2.741518e+01  7.100000e-01
     vertex  3.700889e+01 -2.916862e+01  7.100000e-01
   endloop
 endfacet
 facet normal  0.000000e+00  0.000000e+00  1.000000e+00
   outer loop
     vertex  3.682588e+01 -2.731163e+01  7.100000e-01
     vertex  3.682588e+01 -2.935163e+01  7.100000e-01
     vertex  3.690534e+01 -2.741518e+01  7.100000e-01
   endloop
 endfacet
 facet normal  0.000000e+00  0.000000e+00  1.000000e+00
   outer loop
     vertex  3.682588e+01 -2.731163e+01  7.100000e-01
     vertex  3.363989e+01 -2.821988e+01  7.100000e-01
     vertex  3.682588e+01 -2.935163e+01  7.100000e-01
   endloop
 endfacet
 facet normal  0.000000e+00  0.000000e+00  1.000000e+00
   outer loop
     vertex  3.682588e+01 -2.731163e+01  7.100000e-01
     vertex  3.362285e+01 -2.809047e+01  7.100000e-01
     vertex  3.363989e+01 -2.821988e+01  7.100000e-01
   endloop
 endfacet
 facet normal  0.000000e+00  0.000000e+00  1.000000e+00
   outer loop
     vertex  3.712948e+01 -2.754459e+01  7.100000e-01
     vertex  3.700889e+01 -2.916862e+01  7.100000e-01
     vertex  3.712948e+01 -2.911867e+01  7.100000e-01
   endloop
 endfacet
 facet normal  0.000000e+00  0.000000e+00  1.000000e+00
   outer loop
     vertex  3.712948e+01 -2.754459e+01  7.100000e-01
     vertex  3.700889e+01 -2.749464e+01  7.100000e-01
     vertex  3.700889e+01 -2.916862e+01  7.100000e-01
   endloop
 endfacet
 facet normal  0.000000e+00  0.000000e+00  1.000000e+00
   outer loop
     vertex  3.677593e+01 -2.719104e+01  7.100000e-01
     vertex  3.362285e+01 -2.809047e+01  7.100000e-01
     vertex  3.682588e+01 -2.731163e+01  7.100000e-01
   endloop
 endfacet
 facet normal  0.000000e+00  0.000000e+00  1.000000e+00
   outer loop
     vertex  3.677593e+01 -2.719104e+01  7.100000e-01
     vertex  3.357290e+01 -2.796988e+01  7.100000e-01
     vertex  3.362285e+01 -2.809047e+01  7.100000e-01
   endloop
 endfacet
 facet normal  0.000000e+00  0.000000e+00  1.000000e+00
   outer loop
     vertex  3.725889e+01 -2.756163e+01  7.100000e-01
     vertex  3.712948e+01 -2.911867e+01  7.100000e-01
     vertex  3.725889e+01 -2.910163e+01  7.100000e-01
   endloop
 endfacet
 facet normal  0.000000e+00  0.000000e+00  1.000000e+00
   outer loop
     vertex  3.725889e+01 -2.756163e+01  7.100000e-01
     vertex  3.712948e+01 -2.754459e+01  7.100000e-01
     vertex  3.712948e+01 -2.911867e+01  7.100000e-01
   endloop
 endfacet
 facet normal  0.000000e+00  0.000000e+00  1.000000e+00
   outer loop
     vertex  3.675889e+01 -2.706163e+01  7.100000e-01
     vertex  3.357290e+01 -2.796988e+01  7.100000e-01
     vertex  3.677593e+01 -2.719104e+01  7.100000e-01
   endloop
 endfacet
 facet normal  0.000000e+00  0.000000e+00  1.000000e+00
   outer loop
     vertex  3.675889e+01 -2.706163e+01  7.100000e-01
     vertex  3.349345e+01 -2.786633e+01  7.100000e-01
     vertex  3.357290e+01 -2.796988e+01  7.100000e-01
   endloop
 endfacet
 facet normal  0.000000e+00  0.000000e+00  1.000000e+00
   outer loop
     vertex  3.677593e+01 -2.693222e+01  7.100000e-01
     vertex  3.349345e+01 -2.786633e+01  7.100000e-01
     vertex  3.675889e+01 -2.706163e+01  7.100000e-01
   endloop
 endfacet
 facet normal  0.000000e+00  0.000000e+00  1.000000e+00
   outer loop
     vertex  3.677593e+01 -2.693222e+01  7.100000e-01
     vertex  3.338989e+01 -2.778687e+01  7.100000e-01
     vertex  3.349345e+01 -2.786633e+01  7.100000e-01
   endloop
 endfacet
 facet normal  0.000000e+00  0.000000e+00  1.000000e+00
   outer loop
     vertex  3.738830e+01 -2.754459e+01  7.100000e-01
     vertex  3.725889e+01 -2.910163e+01  7.100000e-01
     vertex  3.738830e+01 -2.911867e+01  7.100000e-01
   endloop
 endfacet
 facet normal  0.000000e+00  0.000000e+00  1.000000e+00
   outer loop
     vertex  3.738830e+01 -2.754459e+01  7.100000e-01
     vertex  3.725889e+01 -2.756163e+01  7.100000e-01
     vertex  3.725889e+01 -2.910163e+01  7.100000e-01
   endloop
 endfacet
 facet normal  0.000000e+00  0.000000e+00  1.000000e+00
   outer loop
     vertex  3.750889e+01 -2.749464e+01  7.100000e-01
     vertex  3.738830e+01 -2.911867e+01  7.100000e-01
     vertex  3.750889e+01 -2.916862e+01  7.100000e-01
   endloop
 endfacet
 facet normal  0.000000e+00  0.000000e+00  1.000000e+00
   outer loop
     vertex  3.750889e+01 -2.749464e+01  7.100000e-01
     vertex  3.750889e+01 -2.916862e+01  7.100000e-01
     vertex  3.761245e+01 -2.924808e+01  7.100000e-01
   endloop
 endfacet
 facet normal  0.000000e+00  0.000000e+00  1.000000e+00
   outer loop
     vertex  3.750889e+01 -2.749464e+01  7.100000e-01
     vertex  3.738830e+01 -2.754459e+01  7.100000e-01
     vertex  3.738830e+01 -2.911867e+01  7.100000e-01
   endloop
 endfacet
 facet normal  0.000000e+00  0.000000e+00  1.000000e+00
   outer loop
     vertex  3.682588e+01 -2.681163e+01  7.100000e-01
     vertex  3.338989e+01 -2.778687e+01  7.100000e-01
     vertex  3.677593e+01 -2.693222e+01  7.100000e-01
   endloop
 endfacet
 facet normal  0.000000e+00  0.000000e+00  1.000000e+00
   outer loop
     vertex  3.761245e+01 -2.741518e+01  7.100000e-01
     vertex  3.761245e+01 -2.924808e+01  7.100000e-01
     vertex  3.769190e+01 -2.935163e+01  7.100000e-01
   endloop
 endfacet
 facet normal  0.000000e+00  0.000000e+00  1.000000e+00
   outer loop
     vertex  3.761245e+01 -2.741518e+01  7.100000e-01
     vertex  3.750889e+01 -2.749464e+01  7.100000e-01
     vertex  3.761245e+01 -2.924808e+01  7.100000e-01
   endloop
 endfacet
 facet normal  0.000000e+00  0.000000e+00  1.000000e+00
   outer loop
     vertex  3.769190e+01 -2.731163e+01  7.100000e-01
     vertex  3.769190e+01 -2.935163e+01  7.100000e-01
     vertex  3.774185e+01 -2.947222e+01  7.100000e-01
   endloop
 endfacet
 facet normal  0.000000e+00  0.000000e+00  1.000000e+00
   outer loop
     vertex  3.769190e+01 -2.731163e+01  7.100000e-01
     vertex  3.761245e+01 -2.741518e+01  7.100000e-01
     vertex  3.769190e+01 -2.935163e+01  7.100000e-01
   endloop
 endfacet
 facet normal  0.000000e+00  0.000000e+00  1.000000e+00
   outer loop
     vertex  3.774185e+01 -2.719104e+01  7.100000e-01
     vertex  3.769190e+01 -2.731163e+01  7.100000e-01
     vertex  3.774185e+01 -2.947222e+01  7.100000e-01
   endloop
 endfacet
 facet normal  0.000000e+00  0.000000e+00  1.000000e+00
   outer loop
     vertex  3.774185e+01 -2.719104e+01  7.100000e-01
     vertex  3.774185e+01 -2.947222e+01  7.100000e-01
     vertex  3.775889e+01 -2.960163e+01  7.100000e-01
   endloop
 endfacet
 facet normal  0.000000e+00  0.000000e+00  1.000000e+00
   outer loop
     vertex  3.775889e+01 -2.706163e+01  7.100000e-01
     vertex  3.774185e+01 -2.719104e+01  7.100000e-01
     vertex  3.775889e+01 -2.960163e+01  7.100000e-01
   endloop
 endfacet
 facet normal  0.000000e+00  0.000000e+00  1.000000e+00
   outer loop
     vertex  3.690534e+01 -2.487518e+01  7.100000e-01
     vertex  3.682588e+01 -2.681163e+01  7.100000e-01
     vertex  3.690534e+01 -2.670808e+01  7.100000e-01
   endloop
 endfacet
 facet normal  0.000000e+00  0.000000e+00  1.000000e+00
   outer loop
     vertex  3.700889e+01 -2.495464e+01  7.100000e-01
     vertex  3.690534e+01 -2.670808e+01  7.100000e-01
     vertex  3.700889e+01 -2.662862e+01  7.100000e-01
   endloop
 endfacet
 facet normal  0.000000e+00  0.000000e+00  1.000000e+00
   outer loop
     vertex  3.700889e+01 -2.495464e+01  7.100000e-01
     vertex  3.690534e+01 -2.487518e+01  7.100000e-01
     vertex  3.690534e+01 -2.670808e+01  7.100000e-01
   endloop
 endfacet
 facet normal  0.000000e+00  0.000000e+00  1.000000e+00
   outer loop
     vertex  3.682588e+01 -2.477163e+01  7.100000e-01
     vertex  3.338989e+01 -2.778687e+01  7.100000e-01
     vertex  3.682588e+01 -2.681163e+01  7.100000e-01
   endloop
 endfacet
 facet normal  0.000000e+00  0.000000e+00  1.000000e+00
   outer loop
     vertex  3.682588e+01 -2.477163e+01  7.100000e-01
     vertex  3.682588e+01 -2.681163e+01  7.100000e-01
     vertex  3.690534e+01 -2.487518e+01  7.100000e-01
   endloop
 endfacet
 facet normal  0.000000e+00  0.000000e+00  1.000000e+00
   outer loop
     vertex  3.712948e+01 -2.500459e+01  7.100000e-01
     vertex  3.700889e+01 -2.495464e+01  7.100000e-01
     vertex  3.700889e+01 -2.662862e+01  7.100000e-01
   endloop
 endfacet
 facet normal  0.000000e+00  0.000000e+00  1.000000e+00
   outer loop
     vertex  3.712948e+01 -2.500459e+01  7.100000e-01
     vertex  3.700889e+01 -2.662862e+01  7.100000e-01
     vertex  3.712948e+01 -2.657867e+01  7.100000e-01
   endloop
 endfacet
 facet normal  0.000000e+00  0.000000e+00  1.000000e+00
   outer loop
     vertex  3.677593e+01 -2.465104e+01  7.100000e-01
     vertex  3.338989e+01 -2.778687e+01  7.100000e-01
     vertex  3.682588e+01 -2.477163e+01  7.100000e-01
   endloop
 endfacet
 facet normal  0.000000e+00  0.000000e+00  1.000000e+00
   outer loop
     vertex  3.677593e+01 -2.465104e+01  7.100000e-01
     vertex  3.326930e+01 -2.773692e+01  7.100000e-01
     vertex  3.338989e+01 -2.778687e+01  7.100000e-01
   endloop
 endfacet
 facet normal  0.000000e+00  0.000000e+00  1.000000e+00
   outer loop
     vertex  3.725889e+01 -2.502163e+01  7.100000e-01
     vertex  3.712948e+01 -2.657867e+01  7.100000e-01
     vertex  3.725889e+01 -2.656163e+01  7.100000e-01
   endloop
 endfacet
 facet normal  0.000000e+00  0.000000e+00  1.000000e+00
   outer loop
     vertex  3.725889e+01 -2.502163e+01  7.100000e-01
     vertex  3.712948e+01 -2.500459e+01  7.100000e-01
     vertex  3.712948e+01 -2.657867e+01  7.100000e-01
   endloop
 endfacet
 facet normal  0.000000e+00  0.000000e+00  1.000000e+00
   outer loop
     vertex  3.675889e+01 -2.452163e+01  7.100000e-01
     vertex  3.326930e+01 -2.773692e+01  7.100000e-01
     vertex  3.677593e+01 -2.465104e+01  7.100000e-01
   endloop
 endfacet
 facet normal  0.000000e+00  0.000000e+00  1.000000e+00
   outer loop
     vertex  3.675889e+01 -2.452163e+01  7.100000e-01
     vertex  3.313989e+01 -2.771988e+01  7.100000e-01
     vertex  3.326930e+01 -2.773692e+01  7.100000e-01
   endloop
 endfacet
 facet normal  0.000000e+00  0.000000e+00  1.000000e+00
   outer loop
     vertex  3.677593e+01 -2.439222e+01  7.100000e-01
     vertex  3.313989e+01 -2.771988e+01  7.100000e-01
     vertex  3.675889e+01 -2.452163e+01  7.100000e-01
   endloop
 endfacet
 facet normal  0.000000e+00  0.000000e+00  1.000000e+00
   outer loop
     vertex  3.677593e+01 -2.439222e+01  7.100000e-01
     vertex  3.301048e+01 -2.773692e+01  7.100000e-01
     vertex  3.313989e+01 -2.771988e+01  7.100000e-01
   endloop
 endfacet
 facet normal  0.000000e+00  0.000000e+00  1.000000e+00
   outer loop
     vertex  3.738830e+01 -2.500459e+01  7.100000e-01
     vertex  3.725889e+01 -2.656163e+01  7.100000e-01
     vertex  3.738830e+01 -2.657867e+01  7.100000e-01
   endloop
 endfacet
 facet normal  0.000000e+00  0.000000e+00  1.000000e+00
   outer loop
     vertex  3.738830e+01 -2.500459e+01  7.100000e-01
     vertex  3.738830e+01 -2.657867e+01  7.100000e-01
     vertex  3.750889e+01 -2.662862e+01  7.100000e-01
   endloop
 endfacet
 facet normal  0.000000e+00  0.000000e+00  1.000000e+00
   outer loop
     vertex  3.738830e+01 -2.500459e+01  7.100000e-01
     vertex  3.725889e+01 -2.502163e+01  7.100000e-01
     vertex  3.725889e+01 -2.656163e+01  7.100000e-01
   endloop
 endfacet
 facet normal  0.000000e+00  0.000000e+00  1.000000e+00
   outer loop
     vertex  3.750889e+01 -2.495464e+01  7.100000e-01
     vertex  3.750889e+01 -2.662862e+01  7.100000e-01
     vertex  3.761245e+01 -2.670808e+01  7.100000e-01
   endloop
 endfacet
 facet normal  0.000000e+00  0.000000e+00  1.000000e+00
   outer loop
     vertex  3.750889e+01 -2.495464e+01  7.100000e-01
     vertex  3.738830e+01 -2.500459e+01  7.100000e-01
     vertex  3.750889e+01 -2.662862e+01  7.100000e-01
   endloop
 endfacet
 facet normal  0.000000e+00  0.000000e+00  1.000000e+00
   outer loop
     vertex  3.761245e+01 -2.487518e+01  7.100000e-01
     vertex  3.761245e+01 -2.670808e+01  7.100000e-01
     vertex  3.769190e+01 -2.681163e+01  7.100000e-01
   endloop
 endfacet
 facet normal  0.000000e+00  0.000000e+00  1.000000e+00
   outer loop
     vertex  3.761245e+01 -2.487518e+01  7.100000e-01
     vertex  3.750889e+01 -2.495464e+01  7.100000e-01
     vertex  3.761245e+01 -2.670808e+01  7.100000e-01
   endloop
 endfacet
 facet normal  0.000000e+00  0.000000e+00  1.000000e+00
   outer loop
     vertex  3.769190e+01 -2.477163e+01  7.100000e-01
     vertex  3.761245e+01 -2.487518e+01  7.100000e-01
     vertex  3.769190e+01 -2.681163e+01  7.100000e-01
   endloop
 endfacet
 facet normal  0.000000e+00  0.000000e+00  1.000000e+00
   outer loop
     vertex  3.774185e+01 -2.465104e+01  7.100000e-01
     vertex  3.769190e+01 -2.681163e+01  7.100000e-01
     vertex  3.774185e+01 -2.693222e+01  7.100000e-01
   endloop
 endfacet
 facet normal  0.000000e+00  0.000000e+00  1.000000e+00
   outer loop
     vertex  3.774185e+01 -2.465104e+01  7.100000e-01
     vertex  3.769190e+01 -2.477163e+01  7.100000e-01
     vertex  3.769190e+01 -2.681163e+01  7.100000e-01
   endloop
 endfacet
 facet normal  0.000000e+00  0.000000e+00  1.000000e+00
   outer loop
     vertex  3.700889e+01 -2.241464e+01  7.100000e-01
     vertex  3.690534e+01 -2.416808e+01  7.100000e-01
     vertex  3.700889e+01 -2.408862e+01  7.100000e-01
   endloop
 endfacet
 facet normal  0.000000e+00  0.000000e+00  1.000000e+00
   outer loop
     vertex  3.700889e+01 -2.241464e+01  7.100000e-01
     vertex  3.690534e+01 -2.233518e+01  7.100000e-01
     vertex  3.690534e+01 -2.416808e+01  7.100000e-01
   endloop
 endfacet
 facet normal  0.000000e+00  0.000000e+00  1.000000e+00
   outer loop
     vertex  3.682588e+01 -2.223163e+01  7.100000e-01
     vertex  3.677593e+01 -2.439222e+01  7.100000e-01
     vertex  3.682588e+01 -2.427163e+01  7.100000e-01
   endloop
 endfacet
 facet normal  0.000000e+00  0.000000e+00  1.000000e+00
   outer loop
     vertex  3.682588e+01 -2.223163e+01  7.100000e-01
     vertex  3.682588e+01 -2.427163e+01  7.100000e-01
     vertex  3.690534e+01 -2.416808e+01  7.100000e-01
   endloop
 endfacet
 facet normal  0.000000e+00  0.000000e+00  1.000000e+00
   outer loop
     vertex  3.682588e+01 -2.223163e+01  7.100000e-01
     vertex  3.690534e+01 -2.416808e+01  7.100000e-01
     vertex  3.690534e+01 -2.233518e+01  7.100000e-01
   endloop
 endfacet
 facet normal  0.000000e+00  0.000000e+00  1.000000e+00
   outer loop
     vertex  3.712948e+01 -2.246459e+01  7.100000e-01
     vertex  3.700889e+01 -2.241464e+01  7.100000e-01
     vertex  3.700889e+01 -2.408862e+01  7.100000e-01
   endloop
 endfacet
 facet normal  0.000000e+00  0.000000e+00  1.000000e+00
   outer loop
     vertex  3.712948e+01 -2.246459e+01  7.100000e-01
     vertex  3.700889e+01 -2.408862e+01  7.100000e-01
     vertex  3.712948e+01 -2.403867e+01  7.100000e-01
   endloop
 endfacet
 facet normal  0.000000e+00  0.000000e+00  1.000000e+00
   outer loop
     vertex  3.677593e+01 -2.211104e+01  7.100000e-01
     vertex  3.072930e+01 -2.773692e+01  7.100000e-01
     vertex  3.301048e+01 -2.773692e+01  7.100000e-01
   endloop
 endfacet
 facet normal  0.000000e+00  0.000000e+00  1.000000e+00
   outer loop
     vertex  3.677593e+01 -2.211104e+01  7.100000e-01
     vertex  3.301048e+01 -2.773692e+01  7.100000e-01
     vertex  3.677593e+01 -2.439222e+01  7.100000e-01
   endloop
 endfacet
 facet normal  0.000000e+00  0.000000e+00  1.000000e+00
   outer loop
     vertex  3.677593e+01 -2.211104e+01  7.100000e-01
     vertex  3.677593e+01 -2.439222e+01  7.100000e-01
     vertex  3.682588e+01 -2.223163e+01  7.100000e-01
   endloop
 endfacet
 facet normal  0.000000e+00  0.000000e+00  1.000000e+00
   outer loop
     vertex  3.725889e+01 -2.248163e+01  7.100000e-01
     vertex  3.712948e+01 -2.246459e+01  7.100000e-01
     vertex  3.712948e+01 -2.403867e+01  7.100000e-01
   endloop
 endfacet
 facet normal  0.000000e+00  0.000000e+00  1.000000e+00
   outer loop
     vertex  3.725889e+01 -2.248163e+01  7.100000e-01
     vertex  3.712948e+01 -2.403867e+01  7.100000e-01
     vertex  3.725889e+01 -2.402163e+01  7.100000e-01
   endloop
 endfacet
 facet normal  0.000000e+00  0.000000e+00  1.000000e+00
   outer loop
     vertex  3.675889e+01 -2.198163e+01  7.100000e-01
     vertex  3.072930e+01 -2.773692e+01  7.100000e-01
     vertex  3.677593e+01 -2.211104e+01  7.100000e-01
   endloop
 endfacet
 facet normal  0.000000e+00  0.000000e+00  1.000000e+00
   outer loop
     vertex  3.675889e+01 -2.198163e+01  7.100000e-01
     vertex  3.059989e+01 -2.771988e+01  7.100000e-01
     vertex  3.072930e+01 -2.773692e+01  7.100000e-01
   endloop
 endfacet
 facet normal  0.000000e+00  0.000000e+00  1.000000e+00
   outer loop
     vertex  3.677593e+01 -2.185222e+01  7.100000e-01
     vertex  3.059989e+01 -2.771988e+01  7.100000e-01
     vertex  3.675889e+01 -2.198163e+01  7.100000e-01
   endloop
 endfacet
 facet normal  0.000000e+00  0.000000e+00  1.000000e+00
   outer loop
     vertex  3.738830e+01 -2.246459e+01  7.100000e-01
     vertex  3.725889e+01 -2.402163e+01  7.100000e-01
     vertex  3.738830e+01 -2.403867e+01  7.100000e-01
   endloop
 endfacet
 facet normal  0.000000e+00  0.000000e+00  1.000000e+00
   outer loop
     vertex  3.738830e+01 -2.246459e+01  7.100000e-01
     vertex  3.738830e+01 -2.403867e+01  7.100000e-01
     vertex  3.750889e+01 -2.408862e+01  7.100000e-01
   endloop
 endfacet
 facet normal  0.000000e+00  0.000000e+00  1.000000e+00
   outer loop
     vertex  3.738830e+01 -2.246459e+01  7.100000e-01
     vertex  3.725889e+01 -2.248163e+01  7.100000e-01
     vertex  3.725889e+01 -2.402163e+01  7.100000e-01
   endloop
 endfacet
 facet normal  0.000000e+00  0.000000e+00  1.000000e+00
   outer loop
     vertex  3.750889e+01 -2.241464e+01  7.100000e-01
     vertex  3.738830e+01 -2.246459e+01  7.100000e-01
     vertex  3.750889e+01 -2.408862e+01  7.100000e-01
   endloop
 endfacet
 facet normal  0.000000e+00  0.000000e+00  1.000000e+00
   outer loop
     vertex  3.750889e+01 -2.241464e+01  7.100000e-01
     vertex  3.750889e+01 -2.408862e+01  7.100000e-01
     vertex  3.761245e+01 -2.416808e+01  7.100000e-01
   endloop
 endfacet
 facet normal  0.000000e+00  0.000000e+00  1.000000e+00
   outer loop
     vertex  3.761245e+01 -2.233518e+01  7.100000e-01
     vertex  3.750889e+01 -2.241464e+01  7.100000e-01
     vertex  3.761245e+01 -2.416808e+01  7.100000e-01
   endloop
 endfacet
 facet normal  0.000000e+00  0.000000e+00  1.000000e+00
   outer loop
     vertex  3.663989e+01 -1.935988e+01  7.100000e-01
     vertex  3.059989e+01 -2.771988e+01  7.100000e-01
     vertex  3.677593e+01 -2.185222e+01  7.100000e-01
   endloop
 endfacet
 facet normal  0.000000e+00  0.000000e+00  1.000000e+00
   outer loop
     vertex  3.663989e+01 -1.935988e+01  7.100000e-01
     vertex  2.263989e+01 -1.935988e+01  7.100000e-01
     vertex  3.059989e+01 -2.771988e+01  7.100000e-01
   endloop
 endfacet
 facet normal  0.000000e+00  0.000000e+00  1.000000e+00
   outer loop
     vertex  3.663989e+01 -1.935988e+01  7.100000e-01
     vertex  3.677593e+01 -2.185222e+01  7.100000e-01
     vertex  3.682588e+01 -2.173163e+01  7.100000e-01
   endloop
 endfacet
 facet normal  0.000000e+00  0.000000e+00  1.000000e+00
   outer loop
     vertex  3.663989e+01 -1.935988e+01  7.100000e-01
     vertex  3.682588e+01 -2.173163e+01  7.100000e-01
     vertex  3.690534e+01 -2.162808e+01  7.100000e-01
   endloop
 endfacet
 facet normal  0.000000e+00  0.000000e+00  1.000000e+00
   outer loop
     vertex  3.663989e+01 -1.935988e+01  7.100000e-01
     vertex  3.690534e+01 -2.162808e+01  7.100000e-01
     vertex  3.700889e+01 -2.154862e+01  7.100000e-01
   endloop
 endfacet
 facet normal  0.000000e+00  0.000000e+00  1.000000e+00
   outer loop
     vertex  3.663989e+01 -1.935988e+01  7.100000e-01
     vertex  3.700889e+01 -2.154862e+01  7.100000e-01
     vertex  3.712948e+01 -2.149867e+01  7.100000e-01
   endloop
 endfacet
 facet normal  0.000000e+00  0.000000e+00  1.000000e+00
   outer loop
     vertex  3.963989e+01 -2.235988e+01  7.100000e-01
     vertex  3.775889e+01 -2.960163e+01  7.100000e-01
     vertex  3.963989e+01 -3.685988e+01  7.100000e-01
   endloop
 endfacet
 facet normal  0.000000e+00  0.000000e+00  1.000000e+00
   outer loop
     vertex  3.963989e+01 -2.235988e+01  7.100000e-01
     vertex  3.761245e+01 -2.233518e+01  7.100000e-01
     vertex  3.761245e+01 -2.416808e+01  7.100000e-01
   endloop
 endfacet
 facet normal  0.000000e+00  0.000000e+00  1.000000e+00
   outer loop
     vertex  3.963989e+01 -2.235988e+01  7.100000e-01
     vertex  3.774185e+01 -2.693222e+01  7.100000e-01
     vertex  3.775889e+01 -2.706163e+01  7.100000e-01
   endloop
 endfacet
 facet normal  0.000000e+00  0.000000e+00  1.000000e+00
   outer loop
     vertex  3.963989e+01 -2.235988e+01  7.100000e-01
     vertex  3.775889e+01 -2.706163e+01  7.100000e-01
     vertex  3.775889e+01 -2.960163e+01  7.100000e-01
   endloop
 endfacet
 facet normal  0.000000e+00  0.000000e+00  1.000000e+00
   outer loop
     vertex  3.963989e+01 -2.235988e+01  7.100000e-01
     vertex  3.761245e+01 -2.416808e+01  7.100000e-01
     vertex  3.769190e+01 -2.427163e+01  7.100000e-01
   endloop
 endfacet
 facet normal  0.000000e+00  0.000000e+00  1.000000e+00
   outer loop
     vertex  3.963989e+01 -2.235988e+01  7.100000e-01
     vertex  3.769190e+01 -2.427163e+01  7.100000e-01
     vertex  3.774185e+01 -2.439222e+01  7.100000e-01
   endloop
 endfacet
 facet normal  0.000000e+00  0.000000e+00  1.000000e+00
   outer loop
     vertex  3.963989e+01 -2.235988e+01  7.100000e-01
     vertex  3.774185e+01 -2.439222e+01  7.100000e-01
     vertex  3.775889e+01 -2.452163e+01  7.100000e-01
   endloop
 endfacet
 facet normal  0.000000e+00  0.000000e+00  1.000000e+00
   outer loop
     vertex  3.963989e+01 -2.235988e+01  7.100000e-01
     vertex  3.775889e+01 -2.452163e+01  7.100000e-01
     vertex  3.774185e+01 -2.465104e+01  7.100000e-01
   endloop
 endfacet
 facet normal  0.000000e+00  0.000000e+00  1.000000e+00
   outer loop
     vertex  3.963989e+01 -2.235988e+01  7.100000e-01
     vertex  3.774185e+01 -2.465104e+01  7.100000e-01
     vertex  3.774185e+01 -2.693222e+01  7.100000e-01
   endloop
 endfacet
 facet normal  0.000000e+00  0.000000e+00  1.000000e+00
   outer loop
     vertex  3.963989e+01 -2.235988e+01  7.100000e-01
     vertex  3.775889e+01 -2.198163e+01  7.100000e-01
     vertex  3.774185e+01 -2.211104e+01  7.100000e-01
   endloop
 endfacet
 facet normal  0.000000e+00  0.000000e+00  1.000000e+00
   outer loop
     vertex  3.963989e+01 -2.235988e+01  7.100000e-01
     vertex  3.774185e+01 -2.211104e+01  7.100000e-01
     vertex  3.769190e+01 -2.223163e+01  7.100000e-01
   endloop
 endfacet
 facet normal  0.000000e+00  0.000000e+00  1.000000e+00
   outer loop
     vertex  3.963989e+01 -2.235988e+01  7.100000e-01
     vertex  3.769190e+01 -2.223163e+01  7.100000e-01
     vertex  3.761245e+01 -2.233518e+01  7.100000e-01
   endloop
 endfacet
 facet normal  0.000000e+00  0.000000e+00  1.000000e+00
   outer loop
     vertex  3.741634e+01 -1.946212e+01  7.100000e-01
     vertex  3.663989e+01 -1.935988e+01  7.100000e-01
     vertex  3.712948e+01 -2.149867e+01  7.100000e-01
   endloop
 endfacet
 facet normal  0.000000e+00  0.000000e+00  1.000000e+00
   outer loop
     vertex  3.741634e+01 -1.946212e+01  7.100000e-01
     vertex  3.712948e+01 -2.149867e+01  7.100000e-01
     vertex  3.725889e+01 -2.148163e+01  7.100000e-01
   endloop
 endfacet
 facet normal  0.000000e+00  0.000000e+00  1.000000e+00
   outer loop
     vertex  3.953765e+01 -2.158343e+01  7.100000e-01
     vertex  3.775889e+01 -2.198163e+01  7.100000e-01
     vertex  3.963989e+01 -2.235988e+01  7.100000e-01
   endloop
 endfacet
 facet normal  0.000000e+00  0.000000e+00  1.000000e+00
   outer loop
     vertex  3.953765e+01 -2.158343e+01  7.100000e-01
     vertex  3.774185e+01 -2.185222e+01  7.100000e-01
     vertex  3.775889e+01 -2.198163e+01  7.100000e-01
   endloop
 endfacet
 facet normal  0.000000e+00  0.000000e+00  1.000000e+00
   outer loop
     vertex  3.813987e+01 -1.976183e+01  7.100000e-01
     vertex  3.741634e+01 -1.946212e+01  7.100000e-01
     vertex  3.725889e+01 -2.148163e+01  7.100000e-01
   endloop
 endfacet
 facet normal  0.000000e+00  0.000000e+00  1.000000e+00
   outer loop
     vertex  3.813987e+01 -1.976183e+01  7.100000e-01
     vertex  3.725889e+01 -2.148163e+01  7.100000e-01
     vertex  3.738830e+01 -2.149867e+01  7.100000e-01
   endloop
 endfacet
 facet normal  0.000000e+00  0.000000e+00  1.000000e+00
   outer loop
     vertex  3.813987e+01 -1.976183e+01  7.100000e-01
     vertex  3.738830e+01 -2.149867e+01  7.100000e-01
     vertex  3.750889e+01 -2.154862e+01  7.100000e-01
   endloop
 endfacet
 facet normal  0.000000e+00  0.000000e+00  1.000000e+00
   outer loop
     vertex  3.923794e+01 -2.085990e+01  7.100000e-01
     vertex  3.774185e+01 -2.185222e+01  7.100000e-01
     vertex  3.953765e+01 -2.158343e+01  7.100000e-01
   endloop
 endfacet
 facet normal  0.000000e+00  0.000000e+00  1.000000e+00
   outer loop
     vertex  3.923794e+01 -2.085990e+01  7.100000e-01
     vertex  3.761245e+01 -2.162808e+01  7.100000e-01
     vertex  3.769190e+01 -2.173163e+01  7.100000e-01
   endloop
 endfacet
 facet normal  0.000000e+00  0.000000e+00  1.000000e+00
   outer loop
     vertex  3.923794e+01 -2.085990e+01  7.100000e-01
     vertex  3.769190e+01 -2.173163e+01  7.100000e-01
     vertex  3.774185e+01 -2.185222e+01  7.100000e-01
   endloop
 endfacet
 facet normal  0.000000e+00  0.000000e+00  1.000000e+00
   outer loop
     vertex  3.876119e+01 -2.023858e+01  7.100000e-01
     vertex  3.813987e+01 -1.976183e+01  7.100000e-01
     vertex  3.750889e+01 -2.154862e+01  7.100000e-01
   endloop
 endfacet
 facet normal  0.000000e+00  0.000000e+00  1.000000e+00
   outer loop
     vertex  3.876119e+01 -2.023858e+01  7.100000e-01
     vertex  3.761245e+01 -2.162808e+01  7.100000e-01
     vertex  3.923794e+01 -2.085990e+01  7.100000e-01
   endloop
 endfacet
 facet normal  0.000000e+00  0.000000e+00  1.000000e+00
   outer loop
     vertex  3.876119e+01 -2.023858e+01  7.100000e-01
     vertex  3.750889e+01 -2.154862e+01  7.100000e-01
     vertex  3.761245e+01 -2.162808e+01  7.100000e-01
   endloop
 endfacet
 facet normal -9.937133e-01  1.119551e-01  0.000000e+00
   outer loop
     vertex  1.971510e+01 -2.169231e+01  0.000000e+00
     vertex  1.963989e+01 -2.235988e+01  0.000000e+00
     vertex  1.963989e+01 -2.235988e+01  7.100000e-01
   endloop
 endfacet
 facet normal -9.937133e-01  1.119551e-01  0.000000e+00
   outer loop
     vertex  1.971510e+01 -2.169231e+01  0.000000e+00
     vertex  1.963989e+01 -2.235988e+01  7.100000e-01
     vertex  1.971510e+01 -2.169231e+01  7.100000e-01
   endloop
 endfacet
 facet normal -9.438854e-01  3.302731e-01  0.000000e+00
   outer loop
     vertex  1.993698e+01 -2.105822e+01  0.000000e+00
     vertex  1.971510e+01 -2.169231e+01  7.100000e-01
     vertex  1.993698e+01 -2.105822e+01  7.100000e-01
   endloop
 endfacet
 facet normal -9.438854e-01  3.302731e-01  0.000000e+00
   outer loop
     vertex  1.993698e+01 -2.105822e+01  0.000000e+00
     vertex  1.971510e+01 -2.169231e+01  0.000000e+00
     vertex  1.971510e+01 -2.169231e+01  7.100000e-01
   endloop
 endfacet
 facet normal -8.467259e-01  5.320294e-01  0.000000e+00
   outer loop
     vertex  2.029439e+01 -2.048940e+01  0.000000e+00
     vertex  1.993698e+01 -2.105822e+01  7.100000e-01
     vertex  2.029439e+01 -2.048940e+01  7.100000e-01
   endloop
 endfacet
 facet normal -8.467259e-01  5.320294e-01  0.000000e+00
   outer loop
     vertex  2.029439e+01 -2.048940e+01  0.000000e+00
     vertex  1.993698e+01 -2.105822e+01  0.000000e+00
     vertex  1.993698e+01 -2.105822e+01  7.100000e-01
   endloop
 endfacet
 facet normal -7.071068e-01  7.071068e-01  0.000000e+00
   outer loop
     vertex  2.076941e+01 -2.001437e+01  0.000000e+00
     vertex  2.029439e+01 -2.048940e+01  7.100000e-01
     vertex  2.076941e+01 -2.001437e+01  7.100000e-01
   endloop
 endfacet
 facet normal -7.071068e-01  7.071068e-01  0.000000e+00
   outer loop
     vertex  2.076941e+01 -2.001437e+01  0.000000e+00
     vertex  2.029439e+01 -2.048940e+01  0.000000e+00
     vertex  2.029439e+01 -2.048940e+01  7.100000e-01
   endloop
 endfacet
 facet normal -5.320294e-01  8.467259e-01  0.000000e+00
   outer loop
     vertex  2.133823e+01 -1.965696e+01  0.000000e+00
     vertex  2.076941e+01 -2.001437e+01  7.100000e-01
     vertex  2.133823e+01 -1.965696e+01  7.100000e-01
   endloop
 endfacet
 facet normal -5.320294e-01  8.467259e-01  0.000000e+00
   outer loop
     vertex  2.133823e+01 -1.965696e+01  0.000000e+00
     vertex  2.076941e+01 -2.001437e+01  0.000000e+00
     vertex  2.076941e+01 -2.001437e+01  7.100000e-01
   endloop
 endfacet
 facet normal -3.302731e-01  9.438854e-01  0.000000e+00
   outer loop
     vertex  2.197233e+01 -1.943509e+01  0.000000e+00
     vertex  2.133823e+01 -1.965696e+01  7.100000e-01
     vertex  2.197233e+01 -1.943509e+01  7.100000e-01
   endloop
 endfacet
 facet normal -3.302731e-01  9.438854e-01  0.000000e+00
   outer loop
     vertex  2.197233e+01 -1.943509e+01  0.000000e+00
     vertex  2.133823e+01 -1.965696e+01  0.000000e+00
     vertex  2.133823e+01 -1.965696e+01  7.100000e-01
   endloop
 endfacet
 facet normal -1.119551e-01  9.937133e-01  0.000000e+00
   outer loop
     vertex  2.263989e+01 -1.935988e+01  0.000000e+00
     vertex  2.197233e+01 -1.943509e+01  7.100000e-01
     vertex  2.263989e+01 -1.935988e+01  7.100000e-01
   endloop
 endfacet
 facet normal -1.119551e-01  9.937133e-01  0.000000e+00
   outer loop
     vertex  2.263989e+01 -1.935988e+01  0.000000e+00
     vertex  2.197233e+01 -1.943509e+01  0.000000e+00
     vertex  2.197233e+01 -1.943509e+01  7.100000e-01
   endloop
 endfacet
 facet normal  9.937134e-01 -1.119541e-01  0.000000e+00
   outer loop
     vertex  3.956468e+01 -3.752744e+01  0.000000e+00
     vertex  3.963989e+01 -3.685988e+01  0.000000e+00
     vertex  3.963989e+01 -3.685988e+01  7.100000e-01
   endloop
 endfacet
 facet normal  9.937134e-01 -1.119541e-01  0.000000e+00
   outer loop
     vertex  3.956468e+01 -3.752744e+01  0.000000e+00
     vertex  3.963989e+01 -3.685988e+01  7.100000e-01
     vertex  3.956468e+01 -3.752744e+01  7.100000e-01
   endloop
 endfacet
 facet normal  9.438856e-01 -3.302725e-01  0.000000e+00
   outer loop
     vertex  3.934281e+01 -3.816154e+01  0.000000e+00
     vertex  3.956468e+01 -3.752744e+01  7.100000e-01
     vertex  3.934281e+01 -3.816154e+01  7.100000e-01
   endloop
 endfacet
 facet normal  9.438856e-01 -3.302725e-01  0.000000e+00
   outer loop
     vertex  3.934281e+01 -3.816154e+01  0.000000e+00
     vertex  3.956468e+01 -3.752744e+01  0.000000e+00
     vertex  3.956468e+01 -3.752744e+01  7.100000e-01
   endloop
 endfacet
 facet normal  8.467260e-01 -5.320291e-01  0.000000e+00
   outer loop
     vertex  3.898540e+01 -3.873036e+01  0.000000e+00
     vertex  3.934281e+01 -3.816154e+01  7.100000e-01
     vertex  3.898540e+01 -3.873036e+01  7.100000e-01
   endloop
 endfacet
 facet normal  8.467260e-01 -5.320291e-01  0.000000e+00
   outer loop
     vertex  3.898540e+01 -3.873036e+01  0.000000e+00
     vertex  3.934281e+01 -3.816154e+01  0.000000e+00
     vertex  3.934281e+01 -3.816154e+01  7.100000e-01
   endloop
 endfacet
 facet normal  7.071068e-01 -7.071068e-01  0.000000e+00
   outer loop
     vertex  3.851037e+01 -3.920538e+01  0.000000e+00
     vertex  3.898540e+01 -3.873036e+01  7.100000e-01
     vertex  3.851037e+01 -3.920538e+01  7.100000e-01
   endloop
 endfacet
 facet normal  7.071068e-01 -7.071068e-01  0.000000e+00
   outer loop
     vertex  3.851037e+01 -3.920538e+01  0.000000e+00
     vertex  3.898540e+01 -3.873036e+01  0.000000e+00
     vertex  3.898540e+01 -3.873036e+01  7.100000e-01
   endloop
 endfacet
 facet normal  5.320291e-01 -8.467260e-01  0.000000e+00
   outer loop
     vertex  3.794155e+01 -3.956280e+01  0.000000e+00
     vertex  3.851037e+01 -3.920538e+01  7.100000e-01
     vertex  3.794155e+01 -3.956280e+01  7.100000e-01
   endloop
 endfacet
 facet normal  5.320291e-01 -8.467260e-01  0.000000e+00
   outer loop
     vertex  3.794155e+01 -3.956280e+01  0.000000e+00
     vertex  3.851037e+01 -3.920538e+01  0.000000e+00
     vertex  3.851037e+01 -3.920538e+01  7.100000e-01
   endloop
 endfacet
 facet normal  3.302725e-01 -9.438856e-01  0.000000e+00
   outer loop
     vertex  3.730746e+01 -3.978467e+01  0.000000e+00
     vertex  3.794155e+01 -3.956280e+01  7.100000e-01
     vertex  3.730746e+01 -3.978467e+01  7.100000e-01
   endloop
 endfacet
 facet normal  3.302725e-01 -9.438856e-01  0.000000e+00
   outer loop
     vertex  3.730746e+01 -3.978467e+01  0.000000e+00
     vertex  3.794155e+01 -3.956280e+01  0.000000e+00
     vertex  3.794155e+01 -3.956280e+01  7.100000e-01
   endloop
 endfacet
 facet normal  1.119541e-01 -9.937134e-01  0.000000e+00
   outer loop
     vertex  3.663989e+01 -3.985988e+01  0.000000e+00
     vertex  3.730746e+01 -3.978467e+01  7.100000e-01
     vertex  3.663989e+01 -3.985988e+01  7.100000e-01
   endloop
 endfacet
 facet normal  1.119541e-01 -9.937134e-01  0.000000e+00
   outer loop
     vertex  3.663989e+01 -3.985988e+01  0.000000e+00
     vertex  3.730746e+01 -3.978467e+01  0.000000e+00
     vertex  3.730746e+01 -3.978467e+01  7.100000e-01
   endloop
 endfacet
 facet normal -1.000000e+00  0.000000e+00  0.000000e+00
   outer loop
     vertex  1.963989e+01 -2.235988e+01  0.000000e+00
     vertex  1.963989e+01 -3.685988e+01  0.000000e+00
     vertex  1.963989e+01 -3.685988e+01  7.100000e-01
   endloop
 endfacet
 facet normal -1.000000e+00  0.000000e+00  0.000000e+00
   outer loop
     vertex  1.963989e+01 -2.235988e+01  0.000000e+00
     vertex  1.963989e+01 -3.685988e+01  7.100000e-01
     vertex  1.963989e+01 -2.235988e+01  7.100000e-01
   endloop
 endfacet
 facet normal -7.105427e-15 -1.000000e+00  0.000000e+00
   outer loop
     vertex  3.563989e+01 -3.985988e+01  0.000000e+00
     vertex  3.663989e+01 -3.985988e+01  0.000000e+00
     vertex  3.663989e+01 -3.985988e+01  7.100000e-01
   endloop
 endfacet
 facet normal -7.105427e-15 -1.000000e+00  0.000000e+00
   outer loop
     vertex  3.563989e+01 -3.985988e+01  0.000000e+00
     vertex  3.663989e+01 -3.985988e+01  7.100000e-01
     vertex  3.563989e+01 -3.985988e+01  7.100000e-01
   endloop
 endfacet
 facet normal -1.305500e-01 -9.914417e-01  0.000000e+00
   outer loop
     vertex  2.186344e+01 -3.975764e+01  0.000000e+00
     vertex  2.263989e+01 -3.985988e+01  0.000000e+00
     vertex  2.263989e+01 -3.985988e+01  7.100000e-01
   endloop
 endfacet
 facet normal -1.305500e-01 -9.914417e-01  0.000000e+00
   outer loop
     vertex  2.186344e+01 -3.975764e+01  0.000000e+00
     vertex  2.263989e+01 -3.985988e+01  7.100000e-01
     vertex  2.186344e+01 -3.975764e+01  7.100000e-01
   endloop
 endfacet
 facet normal -3.826968e-01 -9.238740e-01  0.000000e+00
   outer loop
     vertex  2.113991e+01 -3.945793e+01  0.000000e+00
     vertex  2.186344e+01 -3.975764e+01  7.100000e-01
     vertex  2.113991e+01 -3.945793e+01  7.100000e-01
   endloop
 endfacet
 facet normal -3.826968e-01 -9.238740e-01  0.000000e+00
   outer loop
     vertex  2.113991e+01 -3.945793e+01  0.000000e+00
     vertex  2.186344e+01 -3.975764e+01  0.000000e+00
     vertex  2.186344e+01 -3.975764e+01  7.100000e-01
   endloop
 endfacet
 facet normal -6.087652e-01 -7.933504e-01  0.000000e+00
   outer loop
     vertex  2.051860e+01 -3.898117e+01  0.000000e+00
     vertex  2.113991e+01 -3.945793e+01  7.100000e-01
     vertex  2.051860e+01 -3.898117e+01  7.100000e-01
   endloop
 endfacet
 facet normal -6.087652e-01 -7.933504e-01  0.000000e+00
   outer loop
     vertex  2.051860e+01 -3.898117e+01  0.000000e+00
     vertex  2.113991e+01 -3.945793e+01  0.000000e+00
     vertex  2.113991e+01 -3.945793e+01  7.100000e-01
   endloop
 endfacet
 facet normal -7.933504e-01 -6.087652e-01  0.000000e+00
   outer loop
     vertex  2.004184e+01 -3.835986e+01  0.000000e+00
     vertex  2.051860e+01 -3.898117e+01  7.100000e-01
     vertex  2.004184e+01 -3.835986e+01  7.100000e-01
   endloop
 endfacet
 facet normal -7.933504e-01 -6.087652e-01  0.000000e+00
   outer loop
     vertex  2.004184e+01 -3.835986e+01  0.000000e+00
     vertex  2.051860e+01 -3.898117e+01  0.000000e+00
     vertex  2.051860e+01 -3.898117e+01  7.100000e-01
   endloop
 endfacet
 facet normal -9.238740e-01 -3.826968e-01  0.000000e+00
   outer loop
     vertex  1.974213e+01 -3.763633e+01  0.000000e+00
     vertex  2.004184e+01 -3.835986e+01  7.100000e-01
     vertex  1.974213e+01 -3.763633e+01  7.100000e-01
   endloop
 endfacet
 facet normal -9.238740e-01 -3.826968e-01  0.000000e+00
   outer loop
     vertex  1.974213e+01 -3.763633e+01  0.000000e+00
     vertex  2.004184e+01 -3.835986e+01  0.000000e+00
     vertex  2.004184e+01 -3.835986e+01  7.100000e-01
   endloop
 endfacet
 facet normal -9.914417e-01 -1.305500e-01  0.000000e+00
   outer loop
     vertex  1.963989e+01 -3.685988e+01  0.000000e+00
     vertex  1.974213e+01 -3.763633e+01  7.100000e-01
     vertex  1.963989e+01 -3.685988e+01  7.100000e-01
   endloop
 endfacet
 facet normal -9.914417e-01 -1.305500e-01  0.000000e+00
   outer loop
     vertex  1.963989e+01 -3.685988e+01  0.000000e+00
     vertex  1.974213e+01 -3.763633e+01  0.000000e+00
     vertex  1.974213e+01 -3.763633e+01  7.100000e-01
   endloop
 endfacet
 facet normal -1.119634e-01 -9.937123e-01  0.000000e+00
   outer loop
     vertex  3.548413e+01 -3.984233e+01  0.000000e+00
     vertex  3.563989e+01 -3.985988e+01  0.000000e+00
     vertex  3.563989e+01 -3.985988e+01  7.100000e-01
   endloop
 endfacet
 facet normal -1.119634e-01 -9.937123e-01  0.000000e+00
   outer loop
     vertex  3.548413e+01 -3.984233e+01  0.000000e+00
     vertex  3.563989e+01 -3.985988e+01  7.100000e-01
     vertex  3.548413e+01 -3.984233e+01  7.100000e-01
   endloop
 endfacet
 facet normal -3.302784e-01 -9.438836e-01  0.000000e+00
   outer loop
     vertex  3.533617e+01 -3.979056e+01  0.000000e+00
     vertex  3.548413e+01 -3.984233e+01  7.100000e-01
     vertex  3.533617e+01 -3.979056e+01  7.100000e-01
   endloop
 endfacet
 facet normal -3.302784e-01 -9.438836e-01  0.000000e+00
   outer loop
     vertex  3.533617e+01 -3.979056e+01  0.000000e+00
     vertex  3.548413e+01 -3.984233e+01  0.000000e+00
     vertex  3.548413e+01 -3.984233e+01  7.100000e-01
   endloop
 endfacet
 facet normal -5.320318e-01 -8.467244e-01  0.000000e+00
   outer loop
     vertex  3.520345e+01 -3.970716e+01  0.000000e+00
     vertex  3.533617e+01 -3.979056e+01  7.100000e-01
     vertex  3.520345e+01 -3.970716e+01  7.100000e-01
   endloop
 endfacet
 facet normal -5.320318e-01 -8.467244e-01  0.000000e+00
   outer loop
     vertex  3.520345e+01 -3.970716e+01  0.000000e+00
     vertex  3.533617e+01 -3.979056e+01  0.000000e+00
     vertex  3.533617e+01 -3.979056e+01  7.100000e-01
   endloop
 endfacet
 facet normal -7.071068e-01 -7.071068e-01  0.000000e+00
   outer loop
     vertex  3.509261e+01 -3.959632e+01  0.000000e+00
     vertex  3.520345e+01 -3.970716e+01  7.100000e-01
     vertex  3.509261e+01 -3.959632e+01  7.100000e-01
   endloop
 endfacet
 facet normal -7.071068e-01 -7.071068e-01  0.000000e+00
   outer loop
     vertex  3.509261e+01 -3.959632e+01  0.000000e+00
     vertex  3.520345e+01 -3.970716e+01  0.000000e+00
     vertex  3.520345e+01 -3.970716e+01  7.100000e-01
   endloop
 endfacet
 facet normal -8.467244e-01 -5.320318e-01  0.000000e+00
   outer loop
     vertex  3.500921e+01 -3.946360e+01  0.000000e+00
     vertex  3.509261e+01 -3.959632e+01  7.100000e-01
     vertex  3.500921e+01 -3.946360e+01  7.100000e-01
   endloop
 endfacet
 facet normal -8.467244e-01 -5.320318e-01  0.000000e+00
   outer loop
     vertex  3.500921e+01 -3.946360e+01  0.000000e+00
     vertex  3.509261e+01 -3.959632e+01  0.000000e+00
     vertex  3.509261e+01 -3.959632e+01  7.100000e-01
   endloop
 endfacet
 facet normal -9.438836e-01 -3.302784e-01  0.000000e+00
   outer loop
     vertex  3.495744e+01 -3.931564e+01  0.000000e+00
     vertex  3.500921e+01 -3.946360e+01  7.100000e-01
     vertex  3.495744e+01 -3.931564e+01  7.100000e-01
   endloop
 endfacet
 facet normal -9.438836e-01 -3.302784e-01  0.000000e+00
   outer loop
     vertex  3.495744e+01 -3.931564e+01  0.000000e+00
     vertex  3.500921e+01 -3.946360e+01  0.000000e+00
     vertex  3.500921e+01 -3.946360e+01  7.100000e-01
   endloop
 endfacet
 facet normal -9.937123e-01 -1.119634e-01  0.000000e+00
   outer loop
     vertex  3.493989e+01 -3.915988e+01  0.000000e+00
     vertex  3.495744e+01 -3.931564e+01  7.100000e-01
     vertex  3.493989e+01 -3.915988e+01  7.100000e-01
   endloop
 endfacet
 facet normal -9.937123e-01 -1.119634e-01  0.000000e+00
   outer loop
     vertex  3.493989e+01 -3.915988e+01  0.000000e+00
     vertex  3.495744e+01 -3.931564e+01  0.000000e+00
     vertex  3.495744e+01 -3.931564e+01  7.100000e-01
   endloop
 endfacet
 facet normal  0.000000e+00 -1.000000e+00  0.000000e+00
   outer loop
     vertex  2.263989e+01 -3.985988e+01  0.000000e+00
     vertex  2.793989e+01 -3.985988e+01  0.000000e+00
     vertex  2.793989e+01 -3.985988e+01  7.100000e-01
   endloop
 endfacet
 facet normal  0.000000e+00 -1.000000e+00  0.000000e+00
   outer loop
     vertex  2.263989e+01 -3.985988e+01  0.000000e+00
     vertex  2.793989e+01 -3.985988e+01  7.100000e-01
     vertex  2.263989e+01 -3.985988e+01  7.100000e-01
   endloop
 endfacet
 facet normal -1.000000e+00  0.000000e+00  0.000000e+00
   outer loop
     vertex  3.493989e+01 -3.755988e+01  0.000000e+00
     vertex  3.493989e+01 -3.915988e+01  0.000000e+00
     vertex  3.493989e+01 -3.915988e+01  7.100000e-01
   endloop
 endfacet
 facet normal -1.000000e+00  0.000000e+00  0.000000e+00
   outer loop
     vertex  3.493989e+01 -3.755988e+01  0.000000e+00
     vertex  3.493989e+01 -3.915988e+01  7.100000e-01
     vertex  3.493989e+01 -3.755988e+01  7.100000e-01
   endloop
 endfacet
 facet normal  9.937123e-01 -1.119634e-01  0.000000e+00
   outer loop
     vertex  2.862234e+01 -3.931564e+01  0.000000e+00
     vertex  2.863989e+01 -3.915988e+01  0.000000e+00
     vertex  2.863989e+01 -3.915988e+01  7.100000e-01
   endloop
 endfacet
 facet normal  9.937123e-01 -1.119634e-01  0.000000e+00
   outer loop
     vertex  2.862234e+01 -3.931564e+01  0.000000e+00
     vertex  2.863989e+01 -3.915988e+01  7.100000e-01
     vertex  2.862234e+01 -3.931564e+01  7.100000e-01
   endloop
 endfacet
 facet normal  9.438836e-01 -3.302784e-01  0.000000e+00
   outer loop
     vertex  2.857057e+01 -3.946360e+01  0.000000e+00
     vertex  2.862234e+01 -3.931564e+01  7.100000e-01
     vertex  2.857057e+01 -3.946360e+01  7.100000e-01
   endloop
 endfacet
 facet normal  9.438836e-01 -3.302784e-01  0.000000e+00
   outer loop
     vertex  2.857057e+01 -3.946360e+01  0.000000e+00
     vertex  2.862234e+01 -3.931564e+01  0.000000e+00
     vertex  2.862234e+01 -3.931564e+01  7.100000e-01
   endloop
 endfacet
 facet normal  8.467244e-01 -5.320318e-01  0.000000e+00
   outer loop
     vertex  2.848717e+01 -3.959632e+01  0.000000e+00
     vertex  2.857057e+01 -3.946360e+01  7.100000e-01
     vertex  2.848717e+01 -3.959632e+01  7.100000e-01
   endloop
 endfacet
 facet normal  8.467244e-01 -5.320318e-01  0.000000e+00
   outer loop
     vertex  2.848717e+01 -3.959632e+01  0.000000e+00
     vertex  2.857057e+01 -3.946360e+01  0.000000e+00
     vertex  2.857057e+01 -3.946360e+01  7.100000e-01
   endloop
 endfacet
 facet normal  7.071068e-01 -7.071068e-01  0.000000e+00
   outer loop
     vertex  2.837634e+01 -3.970716e+01  0.000000e+00
     vertex  2.848717e+01 -3.959632e+01  7.100000e-01
     vertex  2.837634e+01 -3.970716e+01  7.100000e-01
   endloop
 endfacet
 facet normal  7.071068e-01 -7.071068e-01  0.000000e+00
   outer loop
     vertex  2.837634e+01 -3.970716e+01  0.000000e+00
     vertex  2.848717e+01 -3.959632e+01  0.000000e+00
     vertex  2.848717e+01 -3.959632e+01  7.100000e-01
   endloop
 endfacet
 facet normal  5.320318e-01 -8.467244e-01  0.000000e+00
   outer loop
     vertex  2.824361e+01 -3.979056e+01  0.000000e+00
     vertex  2.837634e+01 -3.970716e+01  7.100000e-01
     vertex  2.824361e+01 -3.979056e+01  7.100000e-01
   endloop
 endfacet
 facet normal  5.320318e-01 -8.467244e-01  0.000000e+00
   outer loop
     vertex  2.824361e+01 -3.979056e+01  0.000000e+00
     vertex  2.837634e+01 -3.970716e+01  0.000000e+00
     vertex  2.837634e+01 -3.970716e+01  7.100000e-01
   endloop
 endfacet
 facet normal  3.302784e-01 -9.438836e-01  0.000000e+00
   outer loop
     vertex  2.809566e+01 -3.984233e+01  0.000000e+00
     vertex  2.824361e+01 -3.979056e+01  7.100000e-01
     vertex  2.809566e+01 -3.984233e+01  7.100000e-01
   endloop
 endfacet
 facet normal  3.302784e-01 -9.438836e-01  0.000000e+00
   outer loop
     vertex  2.809566e+01 -3.984233e+01  0.000000e+00
     vertex  2.824361e+01 -3.979056e+01  0.000000e+00
     vertex  2.824361e+01 -3.979056e+01  7.100000e-01
   endloop
 endfacet
 facet normal  1.119634e-01 -9.937123e-01  0.000000e+00
   outer loop
     vertex  2.793989e+01 -3.985988e+01  0.000000e+00
     vertex  2.809566e+01 -3.984233e+01  7.100000e-01
     vertex  2.793989e+01 -3.985988e+01  7.100000e-01
   endloop
 endfacet
 facet normal  1.119634e-01 -9.937123e-01  0.000000e+00
   outer loop
     vertex  2.793989e+01 -3.985988e+01  0.000000e+00
     vertex  2.809566e+01 -3.984233e+01  0.000000e+00
     vertex  2.809566e+01 -3.984233e+01  7.100000e-01
   endloop
 endfacet
 facet normal -9.937123e-01 -1.119634e-01  0.000000e+00
   outer loop
     vertex  3.492234e+01 -3.740411e+01  0.000000e+00
     vertex  3.493989e+01 -3.755988e+01  0.000000e+00
     vertex  3.493989e+01 -3.755988e+01  7.100000e-01
   endloop
 endfacet
 facet normal -9.937123e-01 -1.119634e-01  0.000000e+00
   outer loop
     vertex  3.492234e+01 -3.740411e+01  0.000000e+00
     vertex  3.493989e+01 -3.755988e+01  7.100000e-01
     vertex  3.492234e+01 -3.740411e+01  7.100000e-01
   endloop
 endfacet
 facet normal -9.438836e-01 -3.302784e-01  0.000000e+00
   outer loop
     vertex  3.487057e+01 -3.725616e+01  0.000000e+00
     vertex  3.492234e+01 -3.740411e+01  7.100000e-01
     vertex  3.487057e+01 -3.725616e+01  7.100000e-01
   endloop
 endfacet
 facet normal -9.438836e-01 -3.302784e-01  0.000000e+00
   outer loop
     vertex  3.487057e+01 -3.725616e+01  0.000000e+00
     vertex  3.492234e+01 -3.740411e+01  0.000000e+00
     vertex  3.492234e+01 -3.740411e+01  7.100000e-01
   endloop
 endfacet
 facet normal -8.467244e-01 -5.320318e-01  0.000000e+00
   outer loop
     vertex  3.478717e+01 -3.712344e+01  0.000000e+00
     vertex  3.487057e+01 -3.725616e+01  7.100000e-01
     vertex  3.478717e+01 -3.712344e+01  7.100000e-01
   endloop
 endfacet
 facet normal -8.467244e-01 -5.320318e-01  0.000000e+00
   outer loop
     vertex  3.478717e+01 -3.712344e+01  0.000000e+00
     vertex  3.487057e+01 -3.725616e+01  0.000000e+00
     vertex  3.487057e+01 -3.725616e+01  7.100000e-01
   endloop
 endfacet
 facet normal -7.071068e-01 -7.071068e-01  0.000000e+00
   outer loop
     vertex  3.467634e+01 -3.701260e+01  0.000000e+00
     vertex  3.478717e+01 -3.712344e+01  7.100000e-01
     vertex  3.467634e+01 -3.701260e+01  7.100000e-01
   endloop
 endfacet
 facet normal -7.071068e-01 -7.071068e-01  0.000000e+00
   outer loop
     vertex  3.467634e+01 -3.701260e+01  0.000000e+00
     vertex  3.478717e+01 -3.712344e+01  0.000000e+00
     vertex  3.478717e+01 -3.712344e+01  7.100000e-01
   endloop
 endfacet
 facet normal -5.320318e-01 -8.467244e-01  0.000000e+00
   outer loop
     vertex  3.454361e+01 -3.692920e+01  0.000000e+00
     vertex  3.467634e+01 -3.701260e+01  7.100000e-01
     vertex  3.454361e+01 -3.692920e+01  7.100000e-01
   endloop
 endfacet
 facet normal -5.320318e-01 -8.467244e-01  0.000000e+00
   outer loop
     vertex  3.454361e+01 -3.692920e+01  0.000000e+00
     vertex  3.467634e+01 -3.701260e+01  0.000000e+00
     vertex  3.467634e+01 -3.701260e+01  7.100000e-01
   endloop
 endfacet
 facet normal -3.302784e-01 -9.438836e-01  0.000000e+00
   outer loop
     vertex  3.439566e+01 -3.687743e+01  0.000000e+00
     vertex  3.454361e+01 -3.692920e+01  7.100000e-01
     vertex  3.439566e+01 -3.687743e+01  7.100000e-01
   endloop
 endfacet
 facet normal -3.302784e-01 -9.438836e-01  0.000000e+00
   outer loop
     vertex  3.439566e+01 -3.687743e+01  0.000000e+00
     vertex  3.454361e+01 -3.692920e+01  0.000000e+00
     vertex  3.454361e+01 -3.692920e+01  7.100000e-01
   endloop
 endfacet
 facet normal -1.119634e-01 -9.937123e-01  0.000000e+00
   outer loop
     vertex  3.423989e+01 -3.685988e+01  0.000000e+00
     vertex  3.439566e+01 -3.687743e+01  7.100000e-01
     vertex  3.423989e+01 -3.685988e+01  7.100000e-01
   endloop
 endfacet
 facet normal -1.119634e-01 -9.937123e-01  0.000000e+00
   outer loop
     vertex  3.423989e+01 -3.685988e+01  0.000000e+00
     vertex  3.439566e+01 -3.687743e+01  0.000000e+00
     vertex  3.439566e+01 -3.687743e+01  7.100000e-01
   endloop
 endfacet
 facet normal  1.000000e+00  0.000000e+00  0.000000e+00
   outer loop
     vertex  2.863989e+01 -3.915988e+01  0.000000e+00
     vertex  2.863989e+01 -3.755988e+01  0.000000e+00
     vertex  2.863989e+01 -3.755988e+01  7.100000e-01
   endloop
 endfacet
 facet normal  1.000000e+00  0.000000e+00  0.000000e+00
   outer loop
     vertex  2.863989e+01 -3.915988e+01  0.000000e+00
     vertex  2.863989e+01 -3.755988e+01  7.100000e-01
     vertex  2.863989e+01 -3.915988e+01  7.100000e-01
   endloop
 endfacet
 facet normal -1.450087e-15 -1.000000e+00  0.000000e+00
   outer loop
     vertex  2.933989e+01 -3.685988e+01  0.000000e+00
     vertex  3.423989e+01 -3.685988e+01  0.000000e+00
     vertex  3.423989e+01 -3.685988e+01  7.100000e-01
   endloop
 endfacet
 facet normal -1.450087e-15 -1.000000e+00  0.000000e+00
   outer loop
     vertex  2.933989e+01 -3.685988e+01  0.000000e+00
     vertex  3.423989e+01 -3.685988e+01  7.100000e-01
     vertex  2.933989e+01 -3.685988e+01  7.100000e-01
   endloop
 endfacet
 facet normal  1.119634e-01 -9.937123e-01  0.000000e+00
   outer loop
     vertex  2.918413e+01 -3.687743e+01  0.000000e+00
     vertex  2.933989e+01 -3.685988e+01  0.000000e+00
     vertex  2.933989e+01 -3.685988e+01  7.100000e-01
   endloop
 endfacet
 facet normal  1.119634e-01 -9.937123e-01  0.000000e+00
   outer loop
     vertex  2.918413e+01 -3.687743e+01  0.000000e+00
     vertex  2.933989e+01 -3.685988e+01  7.100000e-01
     vertex  2.918413e+01 -3.687743e+01  7.100000e-01
   endloop
 endfacet
 facet normal  3.302784e-01 -9.438836e-01  0.000000e+00
   outer loop
     vertex  2.903617e+01 -3.692920e+01  0.000000e+00
     vertex  2.918413e+01 -3.687743e+01  7.100000e-01
     vertex  2.903617e+01 -3.692920e+01  7.100000e-01
   endloop
 endfacet
 facet normal  3.302784e-01 -9.438836e-01  0.000000e+00
   outer loop
     vertex  2.903617e+01 -3.692920e+01  0.000000e+00
     vertex  2.918413e+01 -3.687743e+01  0.000000e+00
     vertex  2.918413e+01 -3.687743e+01  7.100000e-01
   endloop
 endfacet
 facet normal  5.320318e-01 -8.467244e-01  0.000000e+00
   outer loop
     vertex  2.890345e+01 -3.701260e+01  0.000000e+00
     vertex  2.903617e+01 -3.692920e+01  7.100000e-01
     vertex  2.890345e+01 -3.701260e+01  7.100000e-01
   endloop
 endfacet
 facet normal  5.320318e-01 -8.467244e-01  0.000000e+00
   outer loop
     vertex  2.890345e+01 -3.701260e+01  0.000000e+00
     vertex  2.903617e+01 -3.692920e+01  0.000000e+00
     vertex  2.903617e+01 -3.692920e+01  7.100000e-01
   endloop
 endfacet
 facet normal  7.071068e-01 -7.071068e-01  0.000000e+00
   outer loop
     vertex  2.879261e+01 -3.712344e+01  0.000000e+00
     vertex  2.890345e+01 -3.701260e+01  7.100000e-01
     vertex  2.879261e+01 -3.712344e+01  7.100000e-01
   endloop
 endfacet
 facet normal  7.071068e-01 -7.071068e-01  0.000000e+00
   outer loop
     vertex  2.879261e+01 -3.712344e+01  0.000000e+00
     vertex  2.890345e+01 -3.701260e+01  0.000000e+00
     vertex  2.890345e+01 -3.701260e+01  7.100000e-01
   endloop
 endfacet
 facet normal  8.467244e-01 -5.320318e-01  0.000000e+00
   outer loop
     vertex  2.870921e+01 -3.725616e+01  0.000000e+00
     vertex  2.879261e+01 -3.712344e+01  7.100000e-01
     vertex  2.870921e+01 -3.725616e+01  7.100000e-01
   endloop
 endfacet
 facet normal  8.467244e-01 -5.320318e-01  0.000000e+00
   outer loop
     vertex  2.870921e+01 -3.725616e+01  0.000000e+00
     vertex  2.879261e+01 -3.712344e+01  0.000000e+00
     vertex  2.879261e+01 -3.712344e+01  7.100000e-01
   endloop
 endfacet
 facet normal  9.438836e-01 -3.302784e-01  0.000000e+00
   outer loop
     vertex  2.865744e+01 -3.740411e+01  0.000000e+00
     vertex  2.870921e+01 -3.725616e+01  7.100000e-01
     vertex  2.865744e+01 -3.740411e+01  7.100000e-01
   endloop
 endfacet
 facet normal  9.438836e-01 -3.302784e-01  0.000000e+00
   outer loop
     vertex  2.865744e+01 -3.740411e+01  0.000000e+00
     vertex  2.870921e+01 -3.725616e+01  0.000000e+00
     vertex  2.870921e+01 -3.725616e+01  7.100000e-01
   endloop
 endfacet
 facet normal  9.937123e-01 -1.119634e-01  0.000000e+00
   outer loop
     vertex  2.863989e+01 -3.755988e+01  0.000000e+00
     vertex  2.865744e+01 -3.740411e+01  7.100000e-01
     vertex  2.863989e+01 -3.755988e+01  7.100000e-01
   endloop
 endfacet
 facet normal  9.937123e-01 -1.119634e-01  0.000000e+00
   outer loop
     vertex  2.863989e+01 -3.755988e+01  0.000000e+00
     vertex  2.865744e+01 -3.740411e+01  0.000000e+00
     vertex  2.865744e+01 -3.740411e+01  7.100000e-01
   endloop
 endfacet
 facet normal -1.305262e-01  9.914449e-01  0.000000e+00
   outer loop
     vertex  2.214830e+01 -3.770459e+01  0.000000e+00
     vertex  2.201889e+01 -3.772163e+01  0.000000e+00
     vertex  2.201889e+01 -3.772163e+01  7.100000e-01
   endloop
 endfacet
 facet normal -1.305262e-01  9.914449e-01  0.000000e+00
   outer loop
     vertex  2.214830e+01 -3.770459e+01  0.000000e+00
     vertex  2.201889e+01 -3.772163e+01  7.100000e-01
     vertex  2.214830e+01 -3.770459e+01  7.100000e-01
   endloop
 endfacet
 facet normal -3.826834e-01  9.238795e-01  0.000000e+00
   outer loop
     vertex  2.226889e+01 -3.765464e+01  0.000000e+00
     vertex  2.214830e+01 -3.770459e+01  7.100000e-01
     vertex  2.226889e+01 -3.765464e+01  7.100000e-01
   endloop
 endfacet
 facet normal -3.826834e-01  9.238795e-01  0.000000e+00
   outer loop
     vertex  2.226889e+01 -3.765464e+01  0.000000e+00
     vertex  2.214830e+01 -3.770459e+01  0.000000e+00
     vertex  2.214830e+01 -3.770459e+01  7.100000e-01
   endloop
 endfacet
 facet normal -6.087614e-01  7.933533e-01  0.000000e+00
   outer loop
     vertex  2.237245e+01 -3.757518e+01  0.000000e+00
     vertex  2.226889e+01 -3.765464e+01  7.100000e-01
     vertex  2.237245e+01 -3.757518e+01  7.100000e-01
   endloop
 endfacet
 facet normal -6.087614e-01  7.933533e-01  0.000000e+00
   outer loop
     vertex  2.237245e+01 -3.757518e+01  0.000000e+00
     vertex  2.226889e+01 -3.765464e+01  0.000000e+00
     vertex  2.226889e+01 -3.765464e+01  7.100000e-01
   endloop
 endfacet
 facet normal -7.933533e-01  6.087614e-01  0.000000e+00
   outer loop
     vertex  2.245190e+01 -3.747163e+01  0.000000e+00
     vertex  2.237245e+01 -3.757518e+01  7.100000e-01
     vertex  2.245190e+01 -3.747163e+01  7.100000e-01
   endloop
 endfacet
 facet normal -7.933533e-01  6.087614e-01  0.000000e+00
   outer loop
     vertex  2.245190e+01 -3.747163e+01  0.000000e+00
     vertex  2.237245e+01 -3.757518e+01  0.000000e+00
     vertex  2.237245e+01 -3.757518e+01  7.100000e-01
   endloop
 endfacet
 facet normal -9.238795e-01  3.826834e-01  0.000000e+00
   outer loop
     vertex  2.250185e+01 -3.735104e+01  0.000000e+00
     vertex  2.245190e+01 -3.747163e+01  7.100000e-01
     vertex  2.250185e+01 -3.735104e+01  7.100000e-01
   endloop
 endfacet
 facet normal -9.238795e-01  3.826834e-01  0.000000e+00
   outer loop
     vertex  2.250185e+01 -3.735104e+01  0.000000e+00
     vertex  2.245190e+01 -3.747163e+01  0.000000e+00
     vertex  2.245190e+01 -3.747163e+01  7.100000e-01
   endloop
 endfacet
 facet normal -9.914449e-01  1.305262e-01  0.000000e+00
   outer loop
     vertex  2.251889e+01 -3.722163e+01  0.000000e+00
     vertex  2.250185e+01 -3.735104e+01  7.100000e-01
     vertex  2.251889e+01 -3.722163e+01  7.100000e-01
   endloop
 endfacet
 facet normal -9.914449e-01  1.305262e-01  0.000000e+00
   outer loop
     vertex  2.251889e+01 -3.722163e+01  0.000000e+00
     vertex  2.250185e+01 -3.735104e+01  0.000000e+00
     vertex  2.250185e+01 -3.735104e+01  7.100000e-01
   endloop
 endfacet
 facet normal -9.914449e-01 -1.305262e-01  0.000000e+00
   outer loop
     vertex  2.250185e+01 -3.709222e+01  0.000000e+00
     vertex  2.251889e+01 -3.722163e+01  7.100000e-01
     vertex  2.250185e+01 -3.709222e+01  7.100000e-01
   endloop
 endfacet
 facet normal -9.914449e-01 -1.305262e-01  0.000000e+00
   outer loop
     vertex  2.250185e+01 -3.709222e+01  0.000000e+00
     vertex  2.251889e+01 -3.722163e+01  0.000000e+00
     vertex  2.251889e+01 -3.722163e+01  7.100000e-01
   endloop
 endfacet
 facet normal -7.933533e-01 -6.087614e-01  0.000000e+00
   outer loop
     vertex  2.245190e+01 -3.697163e+01  0.000000e+00
     vertex  2.245190e+01 -3.697163e+01  7.100000e-01
     vertex  2.237245e+01 -3.686808e+01  7.100000e-01
   endloop
 endfacet
 facet normal -9.238795e-01 -3.826834e-01  0.000000e+00
   outer loop
     vertex  2.245190e+01 -3.697163e+01  0.000000e+00
     vertex  2.250185e+01 -3.709222e+01  7.100000e-01
     vertex  2.245190e+01 -3.697163e+01  7.100000e-01
   endloop
 endfacet
 facet normal -9.238795e-01 -3.826834e-01  0.000000e+00
   outer loop
     vertex  2.245190e+01 -3.697163e+01  0.000000e+00
     vertex  2.250185e+01 -3.709222e+01  0.000000e+00
     vertex  2.250185e+01 -3.709222e+01  7.100000e-01
   endloop
 endfacet
 facet normal -6.087614e-01 -7.933533e-01  0.000000e+00
   outer loop
     vertex  2.237245e+01 -3.686808e+01  0.000000e+00
     vertex  2.237245e+01 -3.686808e+01  7.100000e-01
     vertex  2.226889e+01 -3.678862e+01  7.100000e-01
   endloop
 endfacet
 facet normal -7.933533e-01 -6.087614e-01  0.000000e+00
   outer loop
     vertex  2.237245e+01 -3.686808e+01  0.000000e+00
     vertex  2.245190e+01 -3.697163e+01  0.000000e+00
     vertex  2.237245e+01 -3.686808e+01  7.100000e-01
   endloop
 endfacet
 facet normal -6.087614e-01 -7.933533e-01  0.000000e+00
   outer loop
     vertex  2.226889e+01 -3.678862e+01  0.000000e+00
     vertex  2.237245e+01 -3.686808e+01  0.000000e+00
     vertex  2.226889e+01 -3.678862e+01  7.100000e-01
   endloop
 endfacet
 facet normal -3.826834e-01 -9.238795e-01  0.000000e+00
   outer loop
     vertex  2.214830e+01 -3.673867e+01  0.000000e+00
     vertex  2.226889e+01 -3.678862e+01  0.000000e+00
     vertex  2.226889e+01 -3.678862e+01  7.100000e-01
   endloop
 endfacet
 facet normal -1.305262e-01 -9.914449e-01  0.000000e+00
   outer loop
     vertex  2.214830e+01 -3.673867e+01  0.000000e+00
     vertex  2.214830e+01 -3.673867e+01  7.100000e-01
     vertex  2.201889e+01 -3.672163e+01  7.100000e-01
   endloop
 endfacet
 facet normal -3.826834e-01 -9.238795e-01  0.000000e+00
   outer loop
     vertex  2.214830e+01 -3.673867e+01  0.000000e+00
     vertex  2.226889e+01 -3.678862e+01  7.100000e-01
     vertex  2.214830e+01 -3.673867e+01  7.100000e-01
   endloop
 endfacet
 facet normal -1.305262e-01 -9.914449e-01  0.000000e+00
   outer loop
     vertex  2.201889e+01 -3.672163e+01  0.000000e+00
     vertex  2.214830e+01 -3.673867e+01  0.000000e+00
     vertex  2.201889e+01 -3.672163e+01  7.100000e-01
   endloop
 endfacet
 facet normal  1.305262e-01 -9.914449e-01  0.000000e+00
   outer loop
     vertex  2.188948e+01 -3.673867e+01  0.000000e+00
     vertex  2.201889e+01 -3.672163e+01  0.000000e+00
     vertex  2.201889e+01 -3.672163e+01  7.100000e-01
   endloop
 endfacet
 facet normal  1.305262e-01 -9.914449e-01  0.000000e+00
   outer loop
     vertex  2.188948e+01 -3.673867e+01  0.000000e+00
     vertex  2.201889e+01 -3.672163e+01  7.100000e-01
     vertex  2.188948e+01 -3.673867e+01  7.100000e-01
   endloop
 endfacet
 facet normal  3.826834e-01 -9.238795e-01  0.000000e+00
   outer loop
     vertex  2.176889e+01 -3.678862e+01  0.000000e+00
     vertex  2.188948e+01 -3.673867e+01  0.000000e+00
     vertex  2.188948e+01 -3.673867e+01  7.100000e-01
   endloop
 endfacet
 facet normal  3.826834e-01 -9.238795e-01  0.000000e+00
   outer loop
     vertex  2.176889e+01 -3.678862e+01  0.000000e+00
     vertex  2.188948e+01 -3.673867e+01  7.100000e-01
     vertex  2.176889e+01 -3.678862e+01  7.100000e-01
   endloop
 endfacet
 facet normal  6.087614e-01 -7.933533e-01  0.000000e+00
   outer loop
     vertex  2.166534e+01 -3.686808e+01  0.000000e+00
     vertex  2.176889e+01 -3.678862e+01  0.000000e+00
     vertex  2.176889e+01 -3.678862e+01  7.100000e-01
   endloop
 endfacet
 facet normal  6.087614e-01 -7.933533e-01  0.000000e+00
   outer loop
     vertex  2.166534e+01 -3.686808e+01  0.000000e+00
     vertex  2.176889e+01 -3.678862e+01  7.100000e-01
     vertex  2.166534e+01 -3.686808e+01  7.100000e-01
   endloop
 endfacet
 facet normal  7.933533e-01 -6.087614e-01  0.000000e+00
   outer loop
     vertex  2.158588e+01 -3.697163e+01  0.000000e+00
     vertex  2.166534e+01 -3.686808e+01  0.000000e+00
     vertex  2.166534e+01 -3.686808e+01  7.100000e-01
   endloop
 endfacet
 facet normal  7.933533e-01 -6.087614e-01  0.000000e+00
   outer loop
     vertex  2.158588e+01 -3.697163e+01  0.000000e+00
     vertex  2.166534e+01 -3.686808e+01  7.100000e-01
     vertex  2.158588e+01 -3.697163e+01  7.100000e-01
   endloop
 endfacet
 facet normal  9.238795e-01 -3.826834e-01  0.000000e+00
   outer loop
     vertex  2.153593e+01 -3.709222e+01  0.000000e+00
     vertex  2.158588e+01 -3.697163e+01  0.000000e+00
     vertex  2.158588e+01 -3.697163e+01  7.100000e-01
   endloop
 endfacet
 facet normal  9.238795e-01 -3.826834e-01  0.000000e+00
   outer loop
     vertex  2.153593e+01 -3.709222e+01  0.000000e+00
     vertex  2.158588e+01 -3.697163e+01  7.100000e-01
     vertex  2.153593e+01 -3.709222e+01  7.100000e-01
   endloop
 endfacet
 facet normal  9.914449e-01 -1.305262e-01  0.000000e+00
   outer loop
     vertex  2.151889e+01 -3.722163e+01  0.000000e+00
     vertex  2.153593e+01 -3.709222e+01  0.000000e+00
     vertex  2.153593e+01 -3.709222e+01  7.100000e-01
   endloop
 endfacet
 facet normal  9.914449e-01 -1.305262e-01  0.000000e+00
   outer loop
     vertex  2.151889e+01 -3.722163e+01  0.000000e+00
     vertex  2.153593e+01 -3.709222e+01  7.100000e-01
     vertex  2.151889e+01 -3.722163e+01  7.100000e-01
   endloop
 endfacet
 facet normal  9.238795e-01  3.826834e-01 -0.000000e+00
   outer loop
     vertex  2.153593e+01 -3.735104e+01  0.000000e+00
     vertex  2.153593e+01 -3.735104e+01  7.100000e-01
     vertex  2.158588e+01 -3.747163e+01  7.100000e-01
   endloop
 endfacet
 facet normal  9.914449e-01  1.305262e-01 -0.000000e+00
   outer loop
     vertex  2.153593e+01 -3.735104e+01  0.000000e+00
     vertex  2.151889e+01 -3.722163e+01  7.100000e-01
     vertex  2.153593e+01 -3.735104e+01  7.100000e-01
   endloop
 endfacet
 facet normal  9.914449e-01  1.305262e-01  0.000000e+00
   outer loop
     vertex  2.153593e+01 -3.735104e+01  0.000000e+00
     vertex  2.151889e+01 -3.722163e+01  0.000000e+00
     vertex  2.151889e+01 -3.722163e+01  7.100000e-01
   endloop
 endfacet
 facet normal  9.238795e-01  3.826834e-01 -0.000000e+00
   outer loop
     vertex  2.158588e+01 -3.747163e+01  0.000000e+00
     vertex  2.153593e+01 -3.735104e+01  0.000000e+00
     vertex  2.158588e+01 -3.747163e+01  7.100000e-01
   endloop
 endfacet
 facet normal  7.933533e-01  6.087614e-01 -0.000000e+00
   outer loop
     vertex  2.158588e+01 -3.747163e+01  0.000000e+00
     vertex  2.158588e+01 -3.747163e+01  7.100000e-01
     vertex  2.166534e+01 -3.757518e+01  7.100000e-01
   endloop
 endfacet
 facet normal  6.087614e-01  7.933533e-01 -0.000000e+00
   outer loop
     vertex  2.166534e+01 -3.757518e+01  0.000000e+00
     vertex  2.166534e+01 -3.757518e+01  7.100000e-01
     vertex  2.176889e+01 -3.765464e+01  7.100000e-01
   endloop
 endfacet
 facet normal  7.933533e-01  6.087614e-01 -0.000000e+00
   outer loop
     vertex  2.166534e+01 -3.757518e+01  0.000000e+00
     vertex  2.158588e+01 -3.747163e+01  0.000000e+00
     vertex  2.166534e+01 -3.757518e+01  7.100000e-01
   endloop
 endfacet
 facet normal  6.087614e-01  7.933533e-01 -0.000000e+00
   outer loop
     vertex  2.176889e+01 -3.765464e+01  0.000000e+00
     vertex  2.166534e+01 -3.757518e+01  0.000000e+00
     vertex  2.176889e+01 -3.765464e+01  7.100000e-01
   endloop
 endfacet
 facet normal  3.826834e-01  9.238795e-01 -0.000000e+00
   outer loop
     vertex  2.188948e+01 -3.770459e+01  0.000000e+00
     vertex  2.176889e+01 -3.765464e+01  7.100000e-01
     vertex  2.188948e+01 -3.770459e+01  7.100000e-01
   endloop
 endfacet
 facet normal  3.826834e-01  9.238795e-01  0.000000e+00
   outer loop
     vertex  2.188948e+01 -3.770459e+01  0.000000e+00
     vertex  2.176889e+01 -3.765464e+01  0.000000e+00
     vertex  2.176889e+01 -3.765464e+01  7.100000e-01
   endloop
 endfacet
 facet normal  1.305262e-01  9.914449e-01 -0.000000e+00
   outer loop
     vertex  2.201889e+01 -3.772163e+01  0.000000e+00
     vertex  2.188948e+01 -3.770459e+01  7.100000e-01
     vertex  2.201889e+01 -3.772163e+01  7.100000e-01
   endloop
 endfacet
 facet normal  1.305262e-01  9.914449e-01  0.000000e+00
   outer loop
     vertex  2.201889e+01 -3.772163e+01  0.000000e+00
     vertex  2.188948e+01 -3.770459e+01  0.000000e+00
     vertex  2.188948e+01 -3.770459e+01  7.100000e-01
   endloop
 endfacet
 facet normal -1.305262e-01  9.914449e-01  0.000000e+00
   outer loop
     vertex  2.214830e+01 -3.516459e+01  0.000000e+00
     vertex  2.201889e+01 -3.518163e+01  0.000000e+00
     vertex  2.201889e+01 -3.518163e+01  7.100000e-01
   endloop
 endfacet
 facet normal -1.305262e-01  9.914449e-01  0.000000e+00
   outer loop
     vertex  2.214830e+01 -3.516459e+01  0.000000e+00
     vertex  2.201889e+01 -3.518163e+01  7.100000e-01
     vertex  2.214830e+01 -3.516459e+01  7.100000e-01
   endloop
 endfacet
 facet normal -3.826834e-01  9.238795e-01  0.000000e+00
   outer loop
     vertex  2.226889e+01 -3.511464e+01  0.000000e+00
     vertex  2.214830e+01 -3.516459e+01  7.100000e-01
     vertex  2.226889e+01 -3.511464e+01  7.100000e-01
   endloop
 endfacet
 facet normal -3.826834e-01  9.238795e-01  0.000000e+00
   outer loop
     vertex  2.226889e+01 -3.511464e+01  0.000000e+00
     vertex  2.214830e+01 -3.516459e+01  0.000000e+00
     vertex  2.214830e+01 -3.516459e+01  7.100000e-01
   endloop
 endfacet
 facet normal -6.087614e-01  7.933533e-01  0.000000e+00
   outer loop
     vertex  2.237245e+01 -3.503518e+01  0.000000e+00
     vertex  2.226889e+01 -3.511464e+01  7.100000e-01
     vertex  2.237245e+01 -3.503518e+01  7.100000e-01
   endloop
 endfacet
 facet normal -6.087614e-01  7.933533e-01  0.000000e+00
   outer loop
     vertex  2.237245e+01 -3.503518e+01  0.000000e+00
     vertex  2.226889e+01 -3.511464e+01  0.000000e+00
     vertex  2.226889e+01 -3.511464e+01  7.100000e-01
   endloop
 endfacet
 facet normal -7.933533e-01  6.087614e-01  0.000000e+00
   outer loop
     vertex  2.245190e+01 -3.493163e+01  0.000000e+00
     vertex  2.237245e+01 -3.503518e+01  7.100000e-01
     vertex  2.245190e+01 -3.493163e+01  7.100000e-01
   endloop
 endfacet
 facet normal -7.933533e-01  6.087614e-01  0.000000e+00
   outer loop
     vertex  2.245190e+01 -3.493163e+01  0.000000e+00
     vertex  2.237245e+01 -3.503518e+01  0.000000e+00
     vertex  2.237245e+01 -3.503518e+01  7.100000e-01
   endloop
 endfacet
 facet normal -9.238795e-01  3.826834e-01  0.000000e+00
   outer loop
     vertex  2.250185e+01 -3.481104e+01  0.000000e+00
     vertex  2.245190e+01 -3.493163e+01  7.100000e-01
     vertex  2.250185e+01 -3.481104e+01  7.100000e-01
   endloop
 endfacet
 facet normal -9.238795e-01  3.826834e-01  0.000000e+00
   outer loop
     vertex  2.250185e+01 -3.481104e+01  0.000000e+00
     vertex  2.245190e+01 -3.493163e+01  0.000000e+00
     vertex  2.245190e+01 -3.493163e+01  7.100000e-01
   endloop
 endfacet
 facet normal -9.914449e-01  1.305262e-01  0.000000e+00
   outer loop
     vertex  2.251889e+01 -3.468163e+01  0.000000e+00
     vertex  2.250185e+01 -3.481104e+01  7.100000e-01
     vertex  2.251889e+01 -3.468163e+01  7.100000e-01
   endloop
 endfacet
 facet normal -9.914449e-01  1.305262e-01  0.000000e+00
   outer loop
     vertex  2.251889e+01 -3.468163e+01  0.000000e+00
     vertex  2.250185e+01 -3.481104e+01  0.000000e+00
     vertex  2.250185e+01 -3.481104e+01  7.100000e-01
   endloop
 endfacet
 facet normal -9.914449e-01 -1.305262e-01  0.000000e+00
   outer loop
     vertex  2.250185e+01 -3.455222e+01  0.000000e+00
     vertex  2.251889e+01 -3.468163e+01  7.100000e-01
     vertex  2.250185e+01 -3.455222e+01  7.100000e-01
   endloop
 endfacet
 facet normal -9.914449e-01 -1.305262e-01  0.000000e+00
   outer loop
     vertex  2.250185e+01 -3.455222e+01  0.000000e+00
     vertex  2.251889e+01 -3.468163e+01  0.000000e+00
     vertex  2.251889e+01 -3.468163e+01  7.100000e-01
   endloop
 endfacet
 facet normal -7.933533e-01 -6.087614e-01  0.000000e+00
   outer loop
     vertex  2.245190e+01 -3.443163e+01  0.000000e+00
     vertex  2.245190e+01 -3.443163e+01  7.100000e-01
     vertex  2.237245e+01 -3.432808e+01  7.100000e-01
   endloop
 endfacet
 facet normal -9.238795e-01 -3.826834e-01  0.000000e+00
   outer loop
     vertex  2.245190e+01 -3.443163e+01  0.000000e+00
     vertex  2.250185e+01 -3.455222e+01  7.100000e-01
     vertex  2.245190e+01 -3.443163e+01  7.100000e-01
   endloop
 endfacet
 facet normal -9.238795e-01 -3.826834e-01  0.000000e+00
   outer loop
     vertex  2.245190e+01 -3.443163e+01  0.000000e+00
     vertex  2.250185e+01 -3.455222e+01  0.000000e+00
     vertex  2.250185e+01 -3.455222e+01  7.100000e-01
   endloop
 endfacet
 facet normal -6.087614e-01 -7.933533e-01  0.000000e+00
   outer loop
     vertex  2.237245e+01 -3.432808e+01  0.000000e+00
     vertex  2.237245e+01 -3.432808e+01  7.100000e-01
     vertex  2.226889e+01 -3.424862e+01  7.100000e-01
   endloop
 endfacet
 facet normal -7.933533e-01 -6.087614e-01  0.000000e+00
   outer loop
     vertex  2.237245e+01 -3.432808e+01  0.000000e+00
     vertex  2.245190e+01 -3.443163e+01  0.000000e+00
     vertex  2.237245e+01 -3.432808e+01  7.100000e-01
   endloop
 endfacet
 facet normal -6.087614e-01 -7.933533e-01  0.000000e+00
   outer loop
     vertex  2.226889e+01 -3.424862e+01  0.000000e+00
     vertex  2.237245e+01 -3.432808e+01  0.000000e+00
     vertex  2.226889e+01 -3.424862e+01  7.100000e-01
   endloop
 endfacet
 facet normal -3.826834e-01 -9.238795e-01  0.000000e+00
   outer loop
     vertex  2.214830e+01 -3.419867e+01  0.000000e+00
     vertex  2.226889e+01 -3.424862e+01  0.000000e+00
     vertex  2.226889e+01 -3.424862e+01  7.100000e-01
   endloop
 endfacet
 facet normal -1.305262e-01 -9.914449e-01  0.000000e+00
   outer loop
     vertex  2.214830e+01 -3.419867e+01  0.000000e+00
     vertex  2.214830e+01 -3.419867e+01  7.100000e-01
     vertex  2.201889e+01 -3.418163e+01  7.100000e-01
   endloop
 endfacet
 facet normal -3.826834e-01 -9.238795e-01  0.000000e+00
   outer loop
     vertex  2.214830e+01 -3.419867e+01  0.000000e+00
     vertex  2.226889e+01 -3.424862e+01  7.100000e-01
     vertex  2.214830e+01 -3.419867e+01  7.100000e-01
   endloop
 endfacet
 facet normal -1.305262e-01 -9.914449e-01  0.000000e+00
   outer loop
     vertex  2.201889e+01 -3.418163e+01  0.000000e+00
     vertex  2.214830e+01 -3.419867e+01  0.000000e+00
     vertex  2.201889e+01 -3.418163e+01  7.100000e-01
   endloop
 endfacet
 facet normal  1.305262e-01 -9.914449e-01  0.000000e+00
   outer loop
     vertex  2.188948e+01 -3.419867e+01  0.000000e+00
     vertex  2.201889e+01 -3.418163e+01  0.000000e+00
     vertex  2.201889e+01 -3.418163e+01  7.100000e-01
   endloop
 endfacet
 facet normal  1.305262e-01 -9.914449e-01  0.000000e+00
   outer loop
     vertex  2.188948e+01 -3.419867e+01  0.000000e+00
     vertex  2.201889e+01 -3.418163e+01  7.100000e-01
     vertex  2.188948e+01 -3.419867e+01  7.100000e-01
   endloop
 endfacet
 facet normal  3.826834e-01 -9.238795e-01  0.000000e+00
   outer loop
     vertex  2.176889e+01 -3.424862e+01  0.000000e+00
     vertex  2.188948e+01 -3.419867e+01  0.000000e+00
     vertex  2.188948e+01 -3.419867e+01  7.100000e-01
   endloop
 endfacet
 facet normal  3.826834e-01 -9.238795e-01  0.000000e+00
   outer loop
     vertex  2.176889e+01 -3.424862e+01  0.000000e+00
     vertex  2.188948e+01 -3.419867e+01  7.100000e-01
     vertex  2.176889e+01 -3.424862e+01  7.100000e-01
   endloop
 endfacet
 facet normal  6.087614e-01 -7.933533e-01  0.000000e+00
   outer loop
     vertex  2.166534e+01 -3.432808e+01  0.000000e+00
     vertex  2.176889e+01 -3.424862e+01  0.000000e+00
     vertex  2.176889e+01 -3.424862e+01  7.100000e-01
   endloop
 endfacet
 facet normal  6.087614e-01 -7.933533e-01  0.000000e+00
   outer loop
     vertex  2.166534e+01 -3.432808e+01  0.000000e+00
     vertex  2.176889e+01 -3.424862e+01  7.100000e-01
     vertex  2.166534e+01 -3.432808e+01  7.100000e-01
   endloop
 endfacet
 facet normal  7.933533e-01 -6.087614e-01  0.000000e+00
   outer loop
     vertex  2.158588e+01 -3.443163e+01  0.000000e+00
     vertex  2.166534e+01 -3.432808e+01  0.000000e+00
     vertex  2.166534e+01 -3.432808e+01  7.100000e-01
   endloop
 endfacet
 facet normal  7.933533e-01 -6.087614e-01  0.000000e+00
   outer loop
     vertex  2.158588e+01 -3.443163e+01  0.000000e+00
     vertex  2.166534e+01 -3.432808e+01  7.100000e-01
     vertex  2.158588e+01 -3.443163e+01  7.100000e-01
   endloop
 endfacet
 facet normal  9.238795e-01 -3.826834e-01  0.000000e+00
   outer loop
     vertex  2.153593e+01 -3.455222e+01  0.000000e+00
     vertex  2.158588e+01 -3.443163e+01  0.000000e+00
     vertex  2.158588e+01 -3.443163e+01  7.100000e-01
   endloop
 endfacet
 facet normal  9.238795e-01 -3.826834e-01  0.000000e+00
   outer loop
     vertex  2.153593e+01 -3.455222e+01  0.000000e+00
     vertex  2.158588e+01 -3.443163e+01  7.100000e-01
     vertex  2.153593e+01 -3.455222e+01  7.100000e-01
   endloop
 endfacet
 facet normal  9.914449e-01 -1.305262e-01  0.000000e+00
   outer loop
     vertex  2.151889e+01 -3.468163e+01  0.000000e+00
     vertex  2.153593e+01 -3.455222e+01  0.000000e+00
     vertex  2.153593e+01 -3.455222e+01  7.100000e-01
   endloop
 endfacet
 facet normal  9.914449e-01 -1.305262e-01  0.000000e+00
   outer loop
     vertex  2.151889e+01 -3.468163e+01  0.000000e+00
     vertex  2.153593e+01 -3.455222e+01  7.100000e-01
     vertex  2.151889e+01 -3.468163e+01  7.100000e-01
   endloop
 endfacet
 facet normal  9.238795e-01  3.826834e-01 -0.000000e+00
   outer loop
     vertex  2.153593e+01 -3.481104e+01  0.000000e+00
     vertex  2.153593e+01 -3.481104e+01  7.100000e-01
     vertex  2.158588e+01 -3.493163e+01  7.100000e-01
   endloop
 endfacet
 facet normal  9.914449e-01  1.305262e-01 -0.000000e+00
   outer loop
     vertex  2.153593e+01 -3.481104e+01  0.000000e+00
     vertex  2.151889e+01 -3.468163e+01  7.100000e-01
     vertex  2.153593e+01 -3.481104e+01  7.100000e-01
   endloop
 endfacet
 facet normal  9.914449e-01  1.305262e-01  0.000000e+00
   outer loop
     vertex  2.153593e+01 -3.481104e+01  0.000000e+00
     vertex  2.151889e+01 -3.468163e+01  0.000000e+00
     vertex  2.151889e+01 -3.468163e+01  7.100000e-01
   endloop
 endfacet
 facet normal  9.238795e-01  3.826834e-01 -0.000000e+00
   outer loop
     vertex  2.158588e+01 -3.493163e+01  0.000000e+00
     vertex  2.153593e+01 -3.481104e+01  0.000000e+00
     vertex  2.158588e+01 -3.493163e+01  7.100000e-01
   endloop
 endfacet
 facet normal  7.933533e-01  6.087614e-01 -0.000000e+00
   outer loop
     vertex  2.158588e+01 -3.493163e+01  0.000000e+00
     vertex  2.158588e+01 -3.493163e+01  7.100000e-01
     vertex  2.166534e+01 -3.503518e+01  7.100000e-01
   endloop
 endfacet
 facet normal  6.087614e-01  7.933533e-01 -0.000000e+00
   outer loop
     vertex  2.166534e+01 -3.503518e+01  0.000000e+00
     vertex  2.166534e+01 -3.503518e+01  7.100000e-01
     vertex  2.176889e+01 -3.511464e+01  7.100000e-01
   endloop
 endfacet
 facet normal  7.933533e-01  6.087614e-01 -0.000000e+00
   outer loop
     vertex  2.166534e+01 -3.503518e+01  0.000000e+00
     vertex  2.158588e+01 -3.493163e+01  0.000000e+00
     vertex  2.166534e+01 -3.503518e+01  7.100000e-01
   endloop
 endfacet
 facet normal  6.087614e-01  7.933533e-01 -0.000000e+00
   outer loop
     vertex  2.176889e+01 -3.511464e+01  0.000000e+00
     vertex  2.166534e+01 -3.503518e+01  0.000000e+00
     vertex  2.176889e+01 -3.511464e+01  7.100000e-01
   endloop
 endfacet
 facet normal  3.826834e-01  9.238795e-01 -0.000000e+00
   outer loop
     vertex  2.188948e+01 -3.516459e+01  0.000000e+00
     vertex  2.176889e+01 -3.511464e+01  7.100000e-01
     vertex  2.188948e+01 -3.516459e+01  7.100000e-01
   endloop
 endfacet
 facet normal  3.826834e-01  9.238795e-01  0.000000e+00
   outer loop
     vertex  2.188948e+01 -3.516459e+01  0.000000e+00
     vertex  2.176889e+01 -3.511464e+01  0.000000e+00
     vertex  2.176889e+01 -3.511464e+01  7.100000e-01
   endloop
 endfacet
 facet normal  1.305262e-01  9.914449e-01 -0.000000e+00
   outer loop
     vertex  2.201889e+01 -3.518163e+01  0.000000e+00
     vertex  2.188948e+01 -3.516459e+01  7.100000e-01
     vertex  2.201889e+01 -3.518163e+01  7.100000e-01
   endloop
 endfacet
 facet normal  1.305262e-01  9.914449e-01  0.000000e+00
   outer loop
     vertex  2.201889e+01 -3.518163e+01  0.000000e+00
     vertex  2.188948e+01 -3.516459e+01  0.000000e+00
     vertex  2.188948e+01 -3.516459e+01  7.100000e-01
   endloop
 endfacet
 facet normal -1.305262e-01  9.914449e-01  0.000000e+00
   outer loop
     vertex  2.214830e+01 -3.262459e+01  0.000000e+00
     vertex  2.201889e+01 -3.264163e+01  0.000000e+00
     vertex  2.201889e+01 -3.264163e+01  7.100000e-01
   endloop
 endfacet
 facet normal -1.305262e-01  9.914449e-01  0.000000e+00
   outer loop
     vertex  2.214830e+01 -3.262459e+01  0.000000e+00
     vertex  2.201889e+01 -3.264163e+01  7.100000e-01
     vertex  2.214830e+01 -3.262459e+01  7.100000e-01
   endloop
 endfacet
 facet normal -3.826834e-01  9.238795e-01  0.000000e+00
   outer loop
     vertex  2.226889e+01 -3.257464e+01  0.000000e+00
     vertex  2.214830e+01 -3.262459e+01  7.100000e-01
     vertex  2.226889e+01 -3.257464e+01  7.100000e-01
   endloop
 endfacet
 facet normal -3.826834e-01  9.238795e-01  0.000000e+00
   outer loop
     vertex  2.226889e+01 -3.257464e+01  0.000000e+00
     vertex  2.214830e+01 -3.262459e+01  0.000000e+00
     vertex  2.214830e+01 -3.262459e+01  7.100000e-01
   endloop
 endfacet
 facet normal -6.087614e-01  7.933533e-01  0.000000e+00
   outer loop
     vertex  2.237245e+01 -3.249518e+01  0.000000e+00
     vertex  2.226889e+01 -3.257464e+01  7.100000e-01
     vertex  2.237245e+01 -3.249518e+01  7.100000e-01
   endloop
 endfacet
 facet normal -6.087614e-01  7.933533e-01  0.000000e+00
   outer loop
     vertex  2.237245e+01 -3.249518e+01  0.000000e+00
     vertex  2.226889e+01 -3.257464e+01  0.000000e+00
     vertex  2.226889e+01 -3.257464e+01  7.100000e-01
   endloop
 endfacet
 facet normal -7.933533e-01  6.087614e-01  0.000000e+00
   outer loop
     vertex  2.245190e+01 -3.239163e+01  0.000000e+00
     vertex  2.237245e+01 -3.249518e+01  7.100000e-01
     vertex  2.245190e+01 -3.239163e+01  7.100000e-01
   endloop
 endfacet
 facet normal -7.933533e-01  6.087614e-01  0.000000e+00
   outer loop
     vertex  2.245190e+01 -3.239163e+01  0.000000e+00
     vertex  2.237245e+01 -3.249518e+01  0.000000e+00
     vertex  2.237245e+01 -3.249518e+01  7.100000e-01
   endloop
 endfacet
 facet normal -9.238795e-01  3.826834e-01  0.000000e+00
   outer loop
     vertex  2.250185e+01 -3.227104e+01  0.000000e+00
     vertex  2.245190e+01 -3.239163e+01  7.100000e-01
     vertex  2.250185e+01 -3.227104e+01  7.100000e-01
   endloop
 endfacet
 facet normal -9.238795e-01  3.826834e-01  0.000000e+00
   outer loop
     vertex  2.250185e+01 -3.227104e+01  0.000000e+00
     vertex  2.245190e+01 -3.239163e+01  0.000000e+00
     vertex  2.245190e+01 -3.239163e+01  7.100000e-01
   endloop
 endfacet
 facet normal -9.914449e-01  1.305262e-01  0.000000e+00
   outer loop
     vertex  2.251889e+01 -3.214163e+01  0.000000e+00
     vertex  2.250185e+01 -3.227104e+01  7.100000e-01
     vertex  2.251889e+01 -3.214163e+01  7.100000e-01
   endloop
 endfacet
 facet normal -9.914449e-01  1.305262e-01  0.000000e+00
   outer loop
     vertex  2.251889e+01 -3.214163e+01  0.000000e+00
     vertex  2.250185e+01 -3.227104e+01  0.000000e+00
     vertex  2.250185e+01 -3.227104e+01  7.100000e-01
   endloop
 endfacet
 facet normal -9.914449e-01 -1.305262e-01  0.000000e+00
   outer loop
     vertex  2.250185e+01 -3.201222e+01  0.000000e+00
     vertex  2.251889e+01 -3.214163e+01  7.100000e-01
     vertex  2.250185e+01 -3.201222e+01  7.100000e-01
   endloop
 endfacet
 facet normal -9.914449e-01 -1.305262e-01  0.000000e+00
   outer loop
     vertex  2.250185e+01 -3.201222e+01  0.000000e+00
     vertex  2.251889e+01 -3.214163e+01  0.000000e+00
     vertex  2.251889e+01 -3.214163e+01  7.100000e-01
   endloop
 endfacet
 facet normal -7.933533e-01 -6.087614e-01  0.000000e+00
   outer loop
     vertex  2.245190e+01 -3.189163e+01  0.000000e+00
     vertex  2.245190e+01 -3.189163e+01  7.100000e-01
     vertex  2.237245e+01 -3.178808e+01  7.100000e-01
   endloop
 endfacet
 facet normal -9.238795e-01 -3.826834e-01  0.000000e+00
   outer loop
     vertex  2.245190e+01 -3.189163e+01  0.000000e+00
     vertex  2.250185e+01 -3.201222e+01  7.100000e-01
     vertex  2.245190e+01 -3.189163e+01  7.100000e-01
   endloop
 endfacet
 facet normal -9.238795e-01 -3.826834e-01  0.000000e+00
   outer loop
     vertex  2.245190e+01 -3.189163e+01  0.000000e+00
     vertex  2.250185e+01 -3.201222e+01  0.000000e+00
     vertex  2.250185e+01 -3.201222e+01  7.100000e-01
   endloop
 endfacet
 facet normal -6.087614e-01 -7.933533e-01  0.000000e+00
   outer loop
     vertex  2.237245e+01 -3.178808e+01  0.000000e+00
     vertex  2.237245e+01 -3.178808e+01  7.100000e-01
     vertex  2.226889e+01 -3.170862e+01  7.100000e-01
   endloop
 endfacet
 facet normal -7.933533e-01 -6.087614e-01  0.000000e+00
   outer loop
     vertex  2.237245e+01 -3.178808e+01  0.000000e+00
     vertex  2.245190e+01 -3.189163e+01  0.000000e+00
     vertex  2.237245e+01 -3.178808e+01  7.100000e-01
   endloop
 endfacet
 facet normal -6.087614e-01 -7.933533e-01  0.000000e+00
   outer loop
     vertex  2.226889e+01 -3.170862e+01  0.000000e+00
     vertex  2.237245e+01 -3.178808e+01  0.000000e+00
     vertex  2.226889e+01 -3.170862e+01  7.100000e-01
   endloop
 endfacet
 facet normal -3.826834e-01 -9.238795e-01  0.000000e+00
   outer loop
     vertex  2.214830e+01 -3.165867e+01  0.000000e+00
     vertex  2.226889e+01 -3.170862e+01  0.000000e+00
     vertex  2.226889e+01 -3.170862e+01  7.100000e-01
   endloop
 endfacet
 facet normal -1.305262e-01 -9.914449e-01  0.000000e+00
   outer loop
     vertex  2.214830e+01 -3.165867e+01  0.000000e+00
     vertex  2.214830e+01 -3.165867e+01  7.100000e-01
     vertex  2.201889e+01 -3.164163e+01  7.100000e-01
   endloop
 endfacet
 facet normal -3.826834e-01 -9.238795e-01  0.000000e+00
   outer loop
     vertex  2.214830e+01 -3.165867e+01  0.000000e+00
     vertex  2.226889e+01 -3.170862e+01  7.100000e-01
     vertex  2.214830e+01 -3.165867e+01  7.100000e-01
   endloop
 endfacet
 facet normal -1.305262e-01 -9.914449e-01  0.000000e+00
   outer loop
     vertex  2.201889e+01 -3.164163e+01  0.000000e+00
     vertex  2.214830e+01 -3.165867e+01  0.000000e+00
     vertex  2.201889e+01 -3.164163e+01  7.100000e-01
   endloop
 endfacet
 facet normal  1.305262e-01 -9.914449e-01  0.000000e+00
   outer loop
     vertex  2.188948e+01 -3.165867e+01  0.000000e+00
     vertex  2.201889e+01 -3.164163e+01  0.000000e+00
     vertex  2.201889e+01 -3.164163e+01  7.100000e-01
   endloop
 endfacet
 facet normal  1.305262e-01 -9.914449e-01  0.000000e+00
   outer loop
     vertex  2.188948e+01 -3.165867e+01  0.000000e+00
     vertex  2.201889e+01 -3.164163e+01  7.100000e-01
     vertex  2.188948e+01 -3.165867e+01  7.100000e-01
   endloop
 endfacet
 facet normal  3.826834e-01 -9.238795e-01  0.000000e+00
   outer loop
     vertex  2.176889e+01 -3.170862e+01  0.000000e+00
     vertex  2.188948e+01 -3.165867e+01  0.000000e+00
     vertex  2.188948e+01 -3.165867e+01  7.100000e-01
   endloop
 endfacet
 facet normal  3.826834e-01 -9.238795e-01  0.000000e+00
   outer loop
     vertex  2.176889e+01 -3.170862e+01  0.000000e+00
     vertex  2.188948e+01 -3.165867e+01  7.100000e-01
     vertex  2.176889e+01 -3.170862e+01  7.100000e-01
   endloop
 endfacet
 facet normal  6.087614e-01 -7.933533e-01  0.000000e+00
   outer loop
     vertex  2.166534e+01 -3.178808e+01  0.000000e+00
     vertex  2.176889e+01 -3.170862e+01  0.000000e+00
     vertex  2.176889e+01 -3.170862e+01  7.100000e-01
   endloop
 endfacet
 facet normal  6.087614e-01 -7.933533e-01  0.000000e+00
   outer loop
     vertex  2.166534e+01 -3.178808e+01  0.000000e+00
     vertex  2.176889e+01 -3.170862e+01  7.100000e-01
     vertex  2.166534e+01 -3.178808e+01  7.100000e-01
   endloop
 endfacet
 facet normal  7.933533e-01 -6.087614e-01  0.000000e+00
   outer loop
     vertex  2.158588e+01 -3.189163e+01  0.000000e+00
     vertex  2.166534e+01 -3.178808e+01  0.000000e+00
     vertex  2.166534e+01 -3.178808e+01  7.100000e-01
   endloop
 endfacet
 facet normal  7.933533e-01 -6.087614e-01  0.000000e+00
   outer loop
     vertex  2.158588e+01 -3.189163e+01  0.000000e+00
     vertex  2.166534e+01 -3.178808e+01  7.100000e-01
     vertex  2.158588e+01 -3.189163e+01  7.100000e-01
   endloop
 endfacet
 facet normal  9.238795e-01 -3.826834e-01  0.000000e+00
   outer loop
     vertex  2.153593e+01 -3.201222e+01  0.000000e+00
     vertex  2.158588e+01 -3.189163e+01  0.000000e+00
     vertex  2.158588e+01 -3.189163e+01  7.100000e-01
   endloop
 endfacet
 facet normal  9.238795e-01 -3.826834e-01  0.000000e+00
   outer loop
     vertex  2.153593e+01 -3.201222e+01  0.000000e+00
     vertex  2.158588e+01 -3.189163e+01  7.100000e-01
     vertex  2.153593e+01 -3.201222e+01  7.100000e-01
   endloop
 endfacet
 facet normal  9.914449e-01 -1.305262e-01  0.000000e+00
   outer loop
     vertex  2.151889e+01 -3.214163e+01  0.000000e+00
     vertex  2.153593e+01 -3.201222e+01  0.000000e+00
     vertex  2.153593e+01 -3.201222e+01  7.100000e-01
   endloop
 endfacet
 facet normal  9.914449e-01 -1.305262e-01  0.000000e+00
   outer loop
     vertex  2.151889e+01 -3.214163e+01  0.000000e+00
     vertex  2.153593e+01 -3.201222e+01  7.100000e-01
     vertex  2.151889e+01 -3.214163e+01  7.100000e-01
   endloop
 endfacet
 facet normal  9.238795e-01  3.826834e-01 -0.000000e+00
   outer loop
     vertex  2.153593e+01 -3.227104e+01  0.000000e+00
     vertex  2.153593e+01 -3.227104e+01  7.100000e-01
     vertex  2.158588e+01 -3.239163e+01  7.100000e-01
   endloop
 endfacet
 facet normal  9.914449e-01  1.305262e-01 -0.000000e+00
   outer loop
     vertex  2.153593e+01 -3.227104e+01  0.000000e+00
     vertex  2.151889e+01 -3.214163e+01  7.100000e-01
     vertex  2.153593e+01 -3.227104e+01  7.100000e-01
   endloop
 endfacet
 facet normal  9.914449e-01  1.305262e-01  0.000000e+00
   outer loop
     vertex  2.153593e+01 -3.227104e+01  0.000000e+00
     vertex  2.151889e+01 -3.214163e+01  0.000000e+00
     vertex  2.151889e+01 -3.214163e+01  7.100000e-01
   endloop
 endfacet
 facet normal  9.238795e-01  3.826834e-01 -0.000000e+00
   outer loop
     vertex  2.158588e+01 -3.239163e+01  0.000000e+00
     vertex  2.153593e+01 -3.227104e+01  0.000000e+00
     vertex  2.158588e+01 -3.239163e+01  7.100000e-01
   endloop
 endfacet
 facet normal  7.933533e-01  6.087614e-01 -0.000000e+00
   outer loop
     vertex  2.158588e+01 -3.239163e+01  0.000000e+00
     vertex  2.158588e+01 -3.239163e+01  7.100000e-01
     vertex  2.166534e+01 -3.249518e+01  7.100000e-01
   endloop
 endfacet
 facet normal  6.087614e-01  7.933533e-01 -0.000000e+00
   outer loop
     vertex  2.166534e+01 -3.249518e+01  0.000000e+00
     vertex  2.166534e+01 -3.249518e+01  7.100000e-01
     vertex  2.176889e+01 -3.257464e+01  7.100000e-01
   endloop
 endfacet
 facet normal  7.933533e-01  6.087614e-01 -0.000000e+00
   outer loop
     vertex  2.166534e+01 -3.249518e+01  0.000000e+00
     vertex  2.158588e+01 -3.239163e+01  0.000000e+00
     vertex  2.166534e+01 -3.249518e+01  7.100000e-01
   endloop
 endfacet
 facet normal  6.087614e-01  7.933533e-01 -0.000000e+00
   outer loop
     vertex  2.176889e+01 -3.257464e+01  0.000000e+00
     vertex  2.166534e+01 -3.249518e+01  0.000000e+00
     vertex  2.176889e+01 -3.257464e+01  7.100000e-01
   endloop
 endfacet
 facet normal  3.826834e-01  9.238795e-01 -0.000000e+00
   outer loop
     vertex  2.188948e+01 -3.262459e+01  0.000000e+00
     vertex  2.176889e+01 -3.257464e+01  7.100000e-01
     vertex  2.188948e+01 -3.262459e+01  7.100000e-01
   endloop
 endfacet
 facet normal  3.826834e-01  9.238795e-01  0.000000e+00
   outer loop
     vertex  2.188948e+01 -3.262459e+01  0.000000e+00
     vertex  2.176889e+01 -3.257464e+01  0.000000e+00
     vertex  2.176889e+01 -3.257464e+01  7.100000e-01
   endloop
 endfacet
 facet normal  1.305262e-01  9.914449e-01 -0.000000e+00
   outer loop
     vertex  2.201889e+01 -3.264163e+01  0.000000e+00
     vertex  2.188948e+01 -3.262459e+01  7.100000e-01
     vertex  2.201889e+01 -3.264163e+01  7.100000e-01
   endloop
 endfacet
 facet normal  1.305262e-01  9.914449e-01  0.000000e+00
   outer loop
     vertex  2.201889e+01 -3.264163e+01  0.000000e+00
     vertex  2.188948e+01 -3.262459e+01  0.000000e+00
     vertex  2.188948e+01 -3.262459e+01  7.100000e-01
   endloop
 endfacet
 facet normal -1.305262e-01  9.914449e-01  0.000000e+00
   outer loop
     vertex  3.738830e+01 -3.770459e+01  0.000000e+00
     vertex  3.725889e+01 -3.772163e+01  0.000000e+00
     vertex  3.725889e+01 -3.772163e+01  7.100000e-01
   endloop
 endfacet
 facet normal -1.305262e-01  9.914449e-01  0.000000e+00
   outer loop
     vertex  3.738830e+01 -3.770459e+01  0.000000e+00
     vertex  3.725889e+01 -3.772163e+01  7.100000e-01
     vertex  3.738830e+01 -3.770459e+01  7.100000e-01
   endloop
 endfacet
 facet normal -3.826834e-01  9.238795e-01  0.000000e+00
   outer loop
     vertex  3.750889e+01 -3.765464e+01  0.000000e+00
     vertex  3.738830e+01 -3.770459e+01  7.100000e-01
     vertex  3.750889e+01 -3.765464e+01  7.100000e-01
   endloop
 endfacet
 facet normal -3.826834e-01  9.238795e-01  0.000000e+00
   outer loop
     vertex  3.750889e+01 -3.765464e+01  0.000000e+00
     vertex  3.738830e+01 -3.770459e+01  0.000000e+00
     vertex  3.738830e+01 -3.770459e+01  7.100000e-01
   endloop
 endfacet
 facet normal -6.087614e-01  7.933533e-01  0.000000e+00
   outer loop
     vertex  3.761245e+01 -3.757518e+01  0.000000e+00
     vertex  3.750889e+01 -3.765464e+01  7.100000e-01
     vertex  3.761245e+01 -3.757518e+01  7.100000e-01
   endloop
 endfacet
 facet normal -6.087614e-01  7.933533e-01  0.000000e+00
   outer loop
     vertex  3.761245e+01 -3.757518e+01  0.000000e+00
     vertex  3.750889e+01 -3.765464e+01  0.000000e+00
     vertex  3.750889e+01 -3.765464e+01  7.100000e-01
   endloop
 endfacet
 facet normal -7.933533e-01  6.087614e-01  0.000000e+00
   outer loop
     vertex  3.769190e+01 -3.747163e+01  0.000000e+00
     vertex  3.761245e+01 -3.757518e+01  7.100000e-01
     vertex  3.769190e+01 -3.747163e+01  7.100000e-01
   endloop
 endfacet
 facet normal -7.933533e-01  6.087614e-01  0.000000e+00
   outer loop
     vertex  3.769190e+01 -3.747163e+01  0.000000e+00
     vertex  3.761245e+01 -3.757518e+01  0.000000e+00
     vertex  3.761245e+01 -3.757518e+01  7.100000e-01
   endloop
 endfacet
 facet normal -9.238795e-01  3.826834e-01  0.000000e+00
   outer loop
     vertex  3.774185e+01 -3.735104e+01  0.000000e+00
     vertex  3.769190e+01 -3.747163e+01  7.100000e-01
     vertex  3.774185e+01 -3.735104e+01  7.100000e-01
   endloop
 endfacet
 facet normal -9.238795e-01  3.826834e-01  0.000000e+00
   outer loop
     vertex  3.774185e+01 -3.735104e+01  0.000000e+00
     vertex  3.769190e+01 -3.747163e+01  0.000000e+00
     vertex  3.769190e+01 -3.747163e+01  7.100000e-01
   endloop
 endfacet
 facet normal -9.914449e-01  1.305262e-01  0.000000e+00
   outer loop
     vertex  3.775889e+01 -3.722163e+01  0.000000e+00
     vertex  3.774185e+01 -3.735104e+01  7.100000e-01
     vertex  3.775889e+01 -3.722163e+01  7.100000e-01
   endloop
 endfacet
 facet normal -9.914449e-01  1.305262e-01  0.000000e+00
   outer loop
     vertex  3.775889e+01 -3.722163e+01  0.000000e+00
     vertex  3.774185e+01 -3.735104e+01  0.000000e+00
     vertex  3.774185e+01 -3.735104e+01  7.100000e-01
   endloop
 endfacet
 facet normal -9.914449e-01 -1.305262e-01  0.000000e+00
   outer loop
     vertex  3.774185e+01 -3.709222e+01  0.000000e+00
     vertex  3.775889e+01 -3.722163e+01  7.100000e-01
     vertex  3.774185e+01 -3.709222e+01  7.100000e-01
   endloop
 endfacet
 facet normal -9.914449e-01 -1.305262e-01  0.000000e+00
   outer loop
     vertex  3.774185e+01 -3.709222e+01  0.000000e+00
     vertex  3.775889e+01 -3.722163e+01  0.000000e+00
     vertex  3.775889e+01 -3.722163e+01  7.100000e-01
   endloop
 endfacet
 facet normal -7.933533e-01 -6.087614e-01  0.000000e+00
   outer loop
     vertex  3.769190e+01 -3.697163e+01  0.000000e+00
     vertex  3.769190e+01 -3.697163e+01  7.100000e-01
     vertex  3.761245e+01 -3.686808e+01  7.100000e-01
   endloop
 endfacet
 facet normal -9.238795e-01 -3.826834e-01  0.000000e+00
   outer loop
     vertex  3.769190e+01 -3.697163e+01  0.000000e+00
     vertex  3.774185e+01 -3.709222e+01  7.100000e-01
     vertex  3.769190e+01 -3.697163e+01  7.100000e-01
   endloop
 endfacet
 facet normal -9.238795e-01 -3.826834e-01  0.000000e+00
   outer loop
     vertex  3.769190e+01 -3.697163e+01  0.000000e+00
     vertex  3.774185e+01 -3.709222e+01  0.000000e+00
     vertex  3.774185e+01 -3.709222e+01  7.100000e-01
   endloop
 endfacet
 facet normal -6.087614e-01 -7.933533e-01  0.000000e+00
   outer loop
     vertex  3.761245e+01 -3.686808e+01  0.000000e+00
     vertex  3.761245e+01 -3.686808e+01  7.100000e-01
     vertex  3.750889e+01 -3.678862e+01  7.100000e-01
   endloop
 endfacet
 facet normal -7.933533e-01 -6.087614e-01  0.000000e+00
   outer loop
     vertex  3.761245e+01 -3.686808e+01  0.000000e+00
     vertex  3.769190e+01 -3.697163e+01  0.000000e+00
     vertex  3.761245e+01 -3.686808e+01  7.100000e-01
   endloop
 endfacet
 facet normal -6.087614e-01 -7.933533e-01  0.000000e+00
   outer loop
     vertex  3.750889e+01 -3.678862e+01  0.000000e+00
     vertex  3.761245e+01 -3.686808e+01  0.000000e+00
     vertex  3.750889e+01 -3.678862e+01  7.100000e-01
   endloop
 endfacet
 facet normal -3.826834e-01 -9.238795e-01  0.000000e+00
   outer loop
     vertex  3.738830e+01 -3.673867e+01  0.000000e+00
     vertex  3.750889e+01 -3.678862e+01  0.000000e+00
     vertex  3.750889e+01 -3.678862e+01  7.100000e-01
   endloop
 endfacet
 facet normal -1.305262e-01 -9.914449e-01  0.000000e+00
   outer loop
     vertex  3.738830e+01 -3.673867e+01  0.000000e+00
     vertex  3.738830e+01 -3.673867e+01  7.100000e-01
     vertex  3.725889e+01 -3.672163e+01  7.100000e-01
   endloop
 endfacet
 facet normal -3.826834e-01 -9.238795e-01  0.000000e+00
   outer loop
     vertex  3.738830e+01 -3.673867e+01  0.000000e+00
     vertex  3.750889e+01 -3.678862e+01  7.100000e-01
     vertex  3.738830e+01 -3.673867e+01  7.100000e-01
   endloop
 endfacet
 facet normal -1.305262e-01 -9.914449e-01  0.000000e+00
   outer loop
     vertex  3.725889e+01 -3.672163e+01  0.000000e+00
     vertex  3.738830e+01 -3.673867e+01  0.000000e+00
     vertex  3.725889e+01 -3.672163e+01  7.100000e-01
   endloop
 endfacet
 facet normal  1.305262e-01 -9.914449e-01  0.000000e+00
   outer loop
     vertex  3.712948e+01 -3.673867e+01  0.000000e+00
     vertex  3.725889e+01 -3.672163e+01  0.000000e+00
     vertex  3.725889e+01 -3.672163e+01  7.100000e-01
   endloop
 endfacet
 facet normal  1.305262e-01 -9.914449e-01  0.000000e+00
   outer loop
     vertex  3.712948e+01 -3.673867e+01  0.000000e+00
     vertex  3.725889e+01 -3.672163e+01  7.100000e-01
     vertex  3.712948e+01 -3.673867e+01  7.100000e-01
   endloop
 endfacet
 facet normal  3.826834e-01 -9.238795e-01  0.000000e+00
   outer loop
     vertex  3.700889e+01 -3.678862e+01  0.000000e+00
     vertex  3.712948e+01 -3.673867e+01  0.000000e+00
     vertex  3.712948e+01 -3.673867e+01  7.100000e-01
   endloop
 endfacet
 facet normal  3.826834e-01 -9.238795e-01  0.000000e+00
   outer loop
     vertex  3.700889e+01 -3.678862e+01  0.000000e+00
     vertex  3.712948e+01 -3.673867e+01  7.100000e-01
     vertex  3.700889e+01 -3.678862e+01  7.100000e-01
   endloop
 endfacet
 facet normal  6.087614e-01 -7.933533e-01  0.000000e+00
   outer loop
     vertex  3.690534e+01 -3.686808e+01  0.000000e+00
     vertex  3.700889e+01 -3.678862e+01  0.000000e+00
     vertex  3.700889e+01 -3.678862e+01  7.100000e-01
   endloop
 endfacet
 facet normal  6.087614e-01 -7.933533e-01  0.000000e+00
   outer loop
     vertex  3.690534e+01 -3.686808e+01  0.000000e+00
     vertex  3.700889e+01 -3.678862e+01  7.100000e-01
     vertex  3.690534e+01 -3.686808e+01  7.100000e-01
   endloop
 endfacet
 facet normal  7.933533e-01 -6.087614e-01  0.000000e+00
   outer loop
     vertex  3.682588e+01 -3.697163e+01  0.000000e+00
     vertex  3.690534e+01 -3.686808e+01  0.000000e+00
     vertex  3.690534e+01 -3.686808e+01  7.100000e-01
   endloop
 endfacet
 facet normal  7.933533e-01 -6.087614e-01  0.000000e+00
   outer loop
     vertex  3.682588e+01 -3.697163e+01  0.000000e+00
     vertex  3.690534e+01 -3.686808e+01  7.100000e-01
     vertex  3.682588e+01 -3.697163e+01  7.100000e-01
   endloop
 endfacet
 facet normal  9.238795e-01 -3.826834e-01  0.000000e+00
   outer loop
     vertex  3.677593e+01 -3.709222e+01  0.000000e+00
     vertex  3.682588e+01 -3.697163e+01  0.000000e+00
     vertex  3.682588e+01 -3.697163e+01  7.100000e-01
   endloop
 endfacet
 facet normal  9.238795e-01 -3.826834e-01  0.000000e+00
   outer loop
     vertex  3.677593e+01 -3.709222e+01  0.000000e+00
     vertex  3.682588e+01 -3.697163e+01  7.100000e-01
     vertex  3.677593e+01 -3.709222e+01  7.100000e-01
   endloop
 endfacet
 facet normal  9.914449e-01 -1.305262e-01  0.000000e+00
   outer loop
     vertex  3.675889e+01 -3.722163e+01  0.000000e+00
     vertex  3.677593e+01 -3.709222e+01  0.000000e+00
     vertex  3.677593e+01 -3.709222e+01  7.100000e-01
   endloop
 endfacet
 facet normal  9.914449e-01 -1.305262e-01  0.000000e+00
   outer loop
     vertex  3.675889e+01 -3.722163e+01  0.000000e+00
     vertex  3.677593e+01 -3.709222e+01  7.100000e-01
     vertex  3.675889e+01 -3.722163e+01  7.100000e-01
   endloop
 endfacet
 facet normal  9.238795e-01  3.826834e-01 -0.000000e+00
   outer loop
     vertex  3.677593e+01 -3.735104e+01  0.000000e+00
     vertex  3.677593e+01 -3.735104e+01  7.100000e-01
     vertex  3.682588e+01 -3.747163e+01  7.100000e-01
   endloop
 endfacet
 facet normal  9.914449e-01  1.305262e-01 -0.000000e+00
   outer loop
     vertex  3.677593e+01 -3.735104e+01  0.000000e+00
     vertex  3.675889e+01 -3.722163e+01  7.100000e-01
     vertex  3.677593e+01 -3.735104e+01  7.100000e-01
   endloop
 endfacet
 facet normal  9.914449e-01  1.305262e-01  0.000000e+00
   outer loop
     vertex  3.677593e+01 -3.735104e+01  0.000000e+00
     vertex  3.675889e+01 -3.722163e+01  0.000000e+00
     vertex  3.675889e+01 -3.722163e+01  7.100000e-01
   endloop
 endfacet
 facet normal  9.238795e-01  3.826834e-01 -0.000000e+00
   outer loop
     vertex  3.682588e+01 -3.747163e+01  0.000000e+00
     vertex  3.677593e+01 -3.735104e+01  0.000000e+00
     vertex  3.682588e+01 -3.747163e+01  7.100000e-01
   endloop
 endfacet
 facet normal  7.933533e-01  6.087614e-01 -0.000000e+00
   outer loop
     vertex  3.682588e+01 -3.747163e+01  0.000000e+00
     vertex  3.682588e+01 -3.747163e+01  7.100000e-01
     vertex  3.690534e+01 -3.757518e+01  7.100000e-01
   endloop
 endfacet
 facet normal  6.087614e-01  7.933533e-01 -0.000000e+00
   outer loop
     vertex  3.690534e+01 -3.757518e+01  0.000000e+00
     vertex  3.690534e+01 -3.757518e+01  7.100000e-01
     vertex  3.700889e+01 -3.765464e+01  7.100000e-01
   endloop
 endfacet
 facet normal  7.933533e-01  6.087614e-01 -0.000000e+00
   outer loop
     vertex  3.690534e+01 -3.757518e+01  0.000000e+00
     vertex  3.682588e+01 -3.747163e+01  0.000000e+00
     vertex  3.690534e+01 -3.757518e+01  7.100000e-01
   endloop
 endfacet
 facet normal  6.087614e-01  7.933533e-01 -0.000000e+00
   outer loop
     vertex  3.700889e+01 -3.765464e+01  0.000000e+00
     vertex  3.690534e+01 -3.757518e+01  0.000000e+00
     vertex  3.700889e+01 -3.765464e+01  7.100000e-01
   endloop
 endfacet
 facet normal  3.826834e-01  9.238795e-01 -0.000000e+00
   outer loop
     vertex  3.712948e+01 -3.770459e+01  0.000000e+00
     vertex  3.700889e+01 -3.765464e+01  7.100000e-01
     vertex  3.712948e+01 -3.770459e+01  7.100000e-01
   endloop
 endfacet
 facet normal  3.826834e-01  9.238795e-01  0.000000e+00
   outer loop
     vertex  3.712948e+01 -3.770459e+01  0.000000e+00
     vertex  3.700889e+01 -3.765464e+01  0.000000e+00
     vertex  3.700889e+01 -3.765464e+01  7.100000e-01
   endloop
 endfacet
 facet normal  1.305262e-01  9.914449e-01 -0.000000e+00
   outer loop
     vertex  3.725889e+01 -3.772163e+01  0.000000e+00
     vertex  3.712948e+01 -3.770459e+01  7.100000e-01
     vertex  3.725889e+01 -3.772163e+01  7.100000e-01
   endloop
 endfacet
 facet normal  1.305262e-01  9.914449e-01  0.000000e+00
   outer loop
     vertex  3.725889e+01 -3.772163e+01  0.000000e+00
     vertex  3.712948e+01 -3.770459e+01  0.000000e+00
     vertex  3.712948e+01 -3.770459e+01  7.100000e-01
   endloop
 endfacet
 facet normal -1.305262e-01  9.914449e-01  0.000000e+00
   outer loop
     vertex  3.738830e+01 -3.516459e+01  0.000000e+00
     vertex  3.725889e+01 -3.518163e+01  0.000000e+00
     vertex  3.725889e+01 -3.518163e+01  7.100000e-01
   endloop
 endfacet
 facet normal -1.305262e-01  9.914449e-01  0.000000e+00
   outer loop
     vertex  3.738830e+01 -3.516459e+01  0.000000e+00
     vertex  3.725889e+01 -3.518163e+01  7.100000e-01
     vertex  3.738830e+01 -3.516459e+01  7.100000e-01
   endloop
 endfacet
 facet normal -3.826834e-01  9.238795e-01  0.000000e+00
   outer loop
     vertex  3.750889e+01 -3.511464e+01  0.000000e+00
     vertex  3.738830e+01 -3.516459e+01  7.100000e-01
     vertex  3.750889e+01 -3.511464e+01  7.100000e-01
   endloop
 endfacet
 facet normal -3.826834e-01  9.238795e-01  0.000000e+00
   outer loop
     vertex  3.750889e+01 -3.511464e+01  0.000000e+00
     vertex  3.738830e+01 -3.516459e+01  0.000000e+00
     vertex  3.738830e+01 -3.516459e+01  7.100000e-01
   endloop
 endfacet
 facet normal -6.087614e-01  7.933533e-01  0.000000e+00
   outer loop
     vertex  3.761245e+01 -3.503518e+01  0.000000e+00
     vertex  3.750889e+01 -3.511464e+01  7.100000e-01
     vertex  3.761245e+01 -3.503518e+01  7.100000e-01
   endloop
 endfacet
 facet normal -6.087614e-01  7.933533e-01  0.000000e+00
   outer loop
     vertex  3.761245e+01 -3.503518e+01  0.000000e+00
     vertex  3.750889e+01 -3.511464e+01  0.000000e+00
     vertex  3.750889e+01 -3.511464e+01  7.100000e-01
   endloop
 endfacet
 facet normal -7.933533e-01  6.087614e-01  0.000000e+00
   outer loop
     vertex  3.769190e+01 -3.493163e+01  0.000000e+00
     vertex  3.761245e+01 -3.503518e+01  7.100000e-01
     vertex  3.769190e+01 -3.493163e+01  7.100000e-01
   endloop
 endfacet
 facet normal -7.933533e-01  6.087614e-01  0.000000e+00
   outer loop
     vertex  3.769190e+01 -3.493163e+01  0.000000e+00
     vertex  3.761245e+01 -3.503518e+01  0.000000e+00
     vertex  3.761245e+01 -3.503518e+01  7.100000e-01
   endloop
 endfacet
 facet normal -9.238795e-01  3.826834e-01  0.000000e+00
   outer loop
     vertex  3.774185e+01 -3.481104e+01  0.000000e+00
     vertex  3.769190e+01 -3.493163e+01  7.100000e-01
     vertex  3.774185e+01 -3.481104e+01  7.100000e-01
   endloop
 endfacet
 facet normal -9.238795e-01  3.826834e-01  0.000000e+00
   outer loop
     vertex  3.774185e+01 -3.481104e+01  0.000000e+00
     vertex  3.769190e+01 -3.493163e+01  0.000000e+00
     vertex  3.769190e+01 -3.493163e+01  7.100000e-01
   endloop
 endfacet
 facet normal -9.914449e-01  1.305262e-01  0.000000e+00
   outer loop
     vertex  3.775889e+01 -3.468163e+01  0.000000e+00
     vertex  3.774185e+01 -3.481104e+01  7.100000e-01
     vertex  3.775889e+01 -3.468163e+01  7.100000e-01
   endloop
 endfacet
 facet normal -9.914449e-01  1.305262e-01  0.000000e+00
   outer loop
     vertex  3.775889e+01 -3.468163e+01  0.000000e+00
     vertex  3.774185e+01 -3.481104e+01  0.000000e+00
     vertex  3.774185e+01 -3.481104e+01  7.100000e-01
   endloop
 endfacet
 facet normal -9.914449e-01 -1.305262e-01  0.000000e+00
   outer loop
     vertex  3.774185e+01 -3.455222e+01  0.000000e+00
     vertex  3.775889e+01 -3.468163e+01  7.100000e-01
     vertex  3.774185e+01 -3.455222e+01  7.100000e-01
   endloop
 endfacet
 facet normal -9.914449e-01 -1.305262e-01  0.000000e+00
   outer loop
     vertex  3.774185e+01 -3.455222e+01  0.000000e+00
     vertex  3.775889e+01 -3.468163e+01  0.000000e+00
     vertex  3.775889e+01 -3.468163e+01  7.100000e-01
   endloop
 endfacet
 facet normal -7.933533e-01 -6.087614e-01  0.000000e+00
   outer loop
     vertex  3.769190e+01 -3.443163e+01  0.000000e+00
     vertex  3.769190e+01 -3.443163e+01  7.100000e-01
     vertex  3.761245e+01 -3.432808e+01  7.100000e-01
   endloop
 endfacet
 facet normal -9.238795e-01 -3.826834e-01  0.000000e+00
   outer loop
     vertex  3.769190e+01 -3.443163e+01  0.000000e+00
     vertex  3.774185e+01 -3.455222e+01  7.100000e-01
     vertex  3.769190e+01 -3.443163e+01  7.100000e-01
   endloop
 endfacet
 facet normal -9.238795e-01 -3.826834e-01  0.000000e+00
   outer loop
     vertex  3.769190e+01 -3.443163e+01  0.000000e+00
     vertex  3.774185e+01 -3.455222e+01  0.000000e+00
     vertex  3.774185e+01 -3.455222e+01  7.100000e-01
   endloop
 endfacet
 facet normal -6.087614e-01 -7.933533e-01  0.000000e+00
   outer loop
     vertex  3.761245e+01 -3.432808e+01  0.000000e+00
     vertex  3.761245e+01 -3.432808e+01  7.100000e-01
     vertex  3.750889e+01 -3.424862e+01  7.100000e-01
   endloop
 endfacet
 facet normal -7.933533e-01 -6.087614e-01  0.000000e+00
   outer loop
     vertex  3.761245e+01 -3.432808e+01  0.000000e+00
     vertex  3.769190e+01 -3.443163e+01  0.000000e+00
     vertex  3.761245e+01 -3.432808e+01  7.100000e-01
   endloop
 endfacet
 facet normal -6.087614e-01 -7.933533e-01  0.000000e+00
   outer loop
     vertex  3.750889e+01 -3.424862e+01  0.000000e+00
     vertex  3.761245e+01 -3.432808e+01  0.000000e+00
     vertex  3.750889e+01 -3.424862e+01  7.100000e-01
   endloop
 endfacet
 facet normal -3.826834e-01 -9.238795e-01  0.000000e+00
   outer loop
     vertex  3.738830e+01 -3.419867e+01  0.000000e+00
     vertex  3.750889e+01 -3.424862e+01  0.000000e+00
     vertex  3.750889e+01 -3.424862e+01  7.100000e-01
   endloop
 endfacet
 facet normal -1.305262e-01 -9.914449e-01  0.000000e+00
   outer loop
     vertex  3.738830e+01 -3.419867e+01  0.000000e+00
     vertex  3.738830e+01 -3.419867e+01  7.100000e-01
     vertex  3.725889e+01 -3.418163e+01  7.100000e-01
   endloop
 endfacet
 facet normal -3.826834e-01 -9.238795e-01  0.000000e+00
   outer loop
     vertex  3.738830e+01 -3.419867e+01  0.000000e+00
     vertex  3.750889e+01 -3.424862e+01  7.100000e-01
     vertex  3.738830e+01 -3.419867e+01  7.100000e-01
   endloop
 endfacet
 facet normal -1.305262e-01 -9.914449e-01  0.000000e+00
   outer loop
     vertex  3.725889e+01 -3.418163e+01  0.000000e+00
     vertex  3.738830e+01 -3.419867e+01  0.000000e+00
     vertex  3.725889e+01 -3.418163e+01  7.100000e-01
   endloop
 endfacet
 facet normal  1.305262e-01 -9.914449e-01  0.000000e+00
   outer loop
     vertex  3.712948e+01 -3.419867e+01  0.000000e+00
     vertex  3.725889e+01 -3.418163e+01  0.000000e+00
     vertex  3.725889e+01 -3.418163e+01  7.100000e-01
   endloop
 endfacet
 facet normal  1.305262e-01 -9.914449e-01  0.000000e+00
   outer loop
     vertex  3.712948e+01 -3.419867e+01  0.000000e+00
     vertex  3.725889e+01 -3.418163e+01  7.100000e-01
     vertex  3.712948e+01 -3.419867e+01  7.100000e-01
   endloop
 endfacet
 facet normal  3.826834e-01 -9.238795e-01  0.000000e+00
   outer loop
     vertex  3.700889e+01 -3.424862e+01  0.000000e+00
     vertex  3.712948e+01 -3.419867e+01  0.000000e+00
     vertex  3.712948e+01 -3.419867e+01  7.100000e-01
   endloop
 endfacet
 facet normal  3.826834e-01 -9.238795e-01  0.000000e+00
   outer loop
     vertex  3.700889e+01 -3.424862e+01  0.000000e+00
     vertex  3.712948e+01 -3.419867e+01  7.100000e-01
     vertex  3.700889e+01 -3.424862e+01  7.100000e-01
   endloop
 endfacet
 facet normal  6.087614e-01 -7.933533e-01  0.000000e+00
   outer loop
     vertex  3.690534e+01 -3.432808e+01  0.000000e+00
     vertex  3.700889e+01 -3.424862e+01  0.000000e+00
     vertex  3.700889e+01 -3.424862e+01  7.100000e-01
   endloop
 endfacet
 facet normal  6.087614e-01 -7.933533e-01  0.000000e+00
   outer loop
     vertex  3.690534e+01 -3.432808e+01  0.000000e+00
     vertex  3.700889e+01 -3.424862e+01  7.100000e-01
     vertex  3.690534e+01 -3.432808e+01  7.100000e-01
   endloop
 endfacet
 facet normal  7.933533e-01 -6.087614e-01  0.000000e+00
   outer loop
     vertex  3.682588e+01 -3.443163e+01  0.000000e+00
     vertex  3.690534e+01 -3.432808e+01  0.000000e+00
     vertex  3.690534e+01 -3.432808e+01  7.100000e-01
   endloop
 endfacet
 facet normal  7.933533e-01 -6.087614e-01  0.000000e+00
   outer loop
     vertex  3.682588e+01 -3.443163e+01  0.000000e+00
     vertex  3.690534e+01 -3.432808e+01  7.100000e-01
     vertex  3.682588e+01 -3.443163e+01  7.100000e-01
   endloop
 endfacet
 facet normal  9.238795e-01 -3.826834e-01  0.000000e+00
   outer loop
     vertex  3.677593e+01 -3.455222e+01  0.000000e+00
     vertex  3.682588e+01 -3.443163e+01  0.000000e+00
     vertex  3.682588e+01 -3.443163e+01  7.100000e-01
   endloop
 endfacet
 facet normal  9.238795e-01 -3.826834e-01  0.000000e+00
   outer loop
     vertex  3.677593e+01 -3.455222e+01  0.000000e+00
     vertex  3.682588e+01 -3.443163e+01  7.100000e-01
     vertex  3.677593e+01 -3.455222e+01  7.100000e-01
   endloop
 endfacet
 facet normal  9.914449e-01 -1.305262e-01  0.000000e+00
   outer loop
     vertex  3.675889e+01 -3.468163e+01  0.000000e+00
     vertex  3.677593e+01 -3.455222e+01  0.000000e+00
     vertex  3.677593e+01 -3.455222e+01  7.100000e-01
   endloop
 endfacet
 facet normal  9.914449e-01 -1.305262e-01  0.000000e+00
   outer loop
     vertex  3.675889e+01 -3.468163e+01  0.000000e+00
     vertex  3.677593e+01 -3.455222e+01  7.100000e-01
     vertex  3.675889e+01 -3.468163e+01  7.100000e-01
   endloop
 endfacet
 facet normal  9.238795e-01  3.826834e-01 -0.000000e+00
   outer loop
     vertex  3.677593e+01 -3.481104e+01  0.000000e+00
     vertex  3.677593e+01 -3.481104e+01  7.100000e-01
     vertex  3.682588e+01 -3.493163e+01  7.100000e-01
   endloop
 endfacet
 facet normal  9.914449e-01  1.305262e-01 -0.000000e+00
   outer loop
     vertex  3.677593e+01 -3.481104e+01  0.000000e+00
     vertex  3.675889e+01 -3.468163e+01  7.100000e-01
     vertex  3.677593e+01 -3.481104e+01  7.100000e-01
   endloop
 endfacet
 facet normal  9.914449e-01  1.305262e-01  0.000000e+00
   outer loop
     vertex  3.677593e+01 -3.481104e+01  0.000000e+00
     vertex  3.675889e+01 -3.468163e+01  0.000000e+00
     vertex  3.675889e+01 -3.468163e+01  7.100000e-01
   endloop
 endfacet
 facet normal  9.238795e-01  3.826834e-01 -0.000000e+00
   outer loop
     vertex  3.682588e+01 -3.493163e+01  0.000000e+00
     vertex  3.677593e+01 -3.481104e+01  0.000000e+00
     vertex  3.682588e+01 -3.493163e+01  7.100000e-01
   endloop
 endfacet
 facet normal  7.933533e-01  6.087614e-01 -0.000000e+00
   outer loop
     vertex  3.682588e+01 -3.493163e+01  0.000000e+00
     vertex  3.682588e+01 -3.493163e+01  7.100000e-01
     vertex  3.690534e+01 -3.503518e+01  7.100000e-01
   endloop
 endfacet
 facet normal  6.087614e-01  7.933533e-01 -0.000000e+00
   outer loop
     vertex  3.690534e+01 -3.503518e+01  0.000000e+00
     vertex  3.690534e+01 -3.503518e+01  7.100000e-01
     vertex  3.700889e+01 -3.511464e+01  7.100000e-01
   endloop
 endfacet
 facet normal  7.933533e-01  6.087614e-01 -0.000000e+00
   outer loop
     vertex  3.690534e+01 -3.503518e+01  0.000000e+00
     vertex  3.682588e+01 -3.493163e+01  0.000000e+00
     vertex  3.690534e+01 -3.503518e+01  7.100000e-01
   endloop
 endfacet
 facet normal  6.087614e-01  7.933533e-01 -0.000000e+00
   outer loop
     vertex  3.700889e+01 -3.511464e+01  0.000000e+00
     vertex  3.690534e+01 -3.503518e+01  0.000000e+00
     vertex  3.700889e+01 -3.511464e+01  7.100000e-01
   endloop
 endfacet
 facet normal  3.826834e-01  9.238795e-01 -0.000000e+00
   outer loop
     vertex  3.712948e+01 -3.516459e+01  0.000000e+00
     vertex  3.700889e+01 -3.511464e+01  7.100000e-01
     vertex  3.712948e+01 -3.516459e+01  7.100000e-01
   endloop
 endfacet
 facet normal  3.826834e-01  9.238795e-01  0.000000e+00
   outer loop
     vertex  3.712948e+01 -3.516459e+01  0.000000e+00
     vertex  3.700889e+01 -3.511464e+01  0.000000e+00
     vertex  3.700889e+01 -3.511464e+01  7.100000e-01
   endloop
 endfacet
 facet normal  1.305262e-01  9.914449e-01 -0.000000e+00
   outer loop
     vertex  3.725889e+01 -3.518163e+01  0.000000e+00
     vertex  3.712948e+01 -3.516459e+01  7.100000e-01
     vertex  3.725889e+01 -3.518163e+01  7.100000e-01
   endloop
 endfacet
 facet normal  1.305262e-01  9.914449e-01  0.000000e+00
   outer loop
     vertex  3.725889e+01 -3.518163e+01  0.000000e+00
     vertex  3.712948e+01 -3.516459e+01  0.000000e+00
     vertex  3.712948e+01 -3.516459e+01  7.100000e-01
   endloop
 endfacet
 facet normal -1.305262e-01  9.914449e-01  0.000000e+00
   outer loop
     vertex  3.072930e+01 -3.124284e+01  0.000000e+00
     vertex  3.059989e+01 -3.125988e+01  0.000000e+00
     vertex  3.059989e+01 -3.125988e+01  7.100000e-01
   endloop
 endfacet
 facet normal -1.305262e-01  9.914449e-01  0.000000e+00
   outer loop
     vertex  3.072930e+01 -3.124284e+01  0.000000e+00
     vertex  3.059989e+01 -3.125988e+01  7.100000e-01
     vertex  3.072930e+01 -3.124284e+01  7.100000e-01
   endloop
 endfacet
 facet normal -3.826834e-01  9.238795e-01  0.000000e+00
   outer loop
     vertex  3.084989e+01 -3.119289e+01  0.000000e+00
     vertex  3.072930e+01 -3.124284e+01  7.100000e-01
     vertex  3.084989e+01 -3.119289e+01  7.100000e-01
   endloop
 endfacet
 facet normal -3.826834e-01  9.238795e-01  0.000000e+00
   outer loop
     vertex  3.084989e+01 -3.119289e+01  0.000000e+00
     vertex  3.072930e+01 -3.124284e+01  0.000000e+00
     vertex  3.072930e+01 -3.124284e+01  7.100000e-01
   endloop
 endfacet
 facet normal -6.087614e-01  7.933533e-01  0.000000e+00
   outer loop
     vertex  3.095345e+01 -3.111343e+01  0.000000e+00
     vertex  3.084989e+01 -3.119289e+01  7.100000e-01
     vertex  3.095345e+01 -3.111343e+01  7.100000e-01
   endloop
 endfacet
 facet normal -6.087614e-01  7.933533e-01  0.000000e+00
   outer loop
     vertex  3.095345e+01 -3.111343e+01  0.000000e+00
     vertex  3.084989e+01 -3.119289e+01  0.000000e+00
     vertex  3.084989e+01 -3.119289e+01  7.100000e-01
   endloop
 endfacet
 facet normal -7.933533e-01  6.087614e-01  0.000000e+00
   outer loop
     vertex  3.103290e+01 -3.100988e+01  0.000000e+00
     vertex  3.095345e+01 -3.111343e+01  7.100000e-01
     vertex  3.103290e+01 -3.100988e+01  7.100000e-01
   endloop
 endfacet
 facet normal -7.933533e-01  6.087614e-01  0.000000e+00
   outer loop
     vertex  3.103290e+01 -3.100988e+01  0.000000e+00
     vertex  3.095345e+01 -3.111343e+01  0.000000e+00
     vertex  3.095345e+01 -3.111343e+01  7.100000e-01
   endloop
 endfacet
 facet normal -9.238795e-01  3.826834e-01  0.000000e+00
   outer loop
     vertex  3.108285e+01 -3.088929e+01  0.000000e+00
     vertex  3.103290e+01 -3.100988e+01  7.100000e-01
     vertex  3.108285e+01 -3.088929e+01  7.100000e-01
   endloop
 endfacet
 facet normal -9.238795e-01  3.826834e-01  0.000000e+00
   outer loop
     vertex  3.108285e+01 -3.088929e+01  0.000000e+00
     vertex  3.103290e+01 -3.100988e+01  0.000000e+00
     vertex  3.103290e+01 -3.100988e+01  7.100000e-01
   endloop
 endfacet
 facet normal -9.914449e-01  1.305262e-01  0.000000e+00
   outer loop
     vertex  3.109989e+01 -3.075988e+01  0.000000e+00
     vertex  3.108285e+01 -3.088929e+01  7.100000e-01
     vertex  3.109989e+01 -3.075988e+01  7.100000e-01
   endloop
 endfacet
 facet normal -9.914449e-01  1.305262e-01  0.000000e+00
   outer loop
     vertex  3.109989e+01 -3.075988e+01  0.000000e+00
     vertex  3.108285e+01 -3.088929e+01  0.000000e+00
     vertex  3.108285e+01 -3.088929e+01  7.100000e-01
   endloop
 endfacet
 facet normal -9.914449e-01 -1.305262e-01  0.000000e+00
   outer loop
     vertex  3.108285e+01 -3.063047e+01  0.000000e+00
     vertex  3.109989e+01 -3.075988e+01  7.100000e-01
     vertex  3.108285e+01 -3.063047e+01  7.100000e-01
   endloop
 endfacet
 facet normal -9.914449e-01 -1.305262e-01  0.000000e+00
   outer loop
     vertex  3.108285e+01 -3.063047e+01  0.000000e+00
     vertex  3.109989e+01 -3.075988e+01  0.000000e+00
     vertex  3.109989e+01 -3.075988e+01  7.100000e-01
   endloop
 endfacet
 facet normal -7.933533e-01 -6.087614e-01  0.000000e+00
   outer loop
     vertex  3.103290e+01 -3.050988e+01  0.000000e+00
     vertex  3.103290e+01 -3.050988e+01  7.100000e-01
     vertex  3.095345e+01 -3.040633e+01  7.100000e-01
   endloop
 endfacet
 facet normal -9.238795e-01 -3.826834e-01  0.000000e+00
   outer loop
     vertex  3.103290e+01 -3.050988e+01  0.000000e+00
     vertex  3.108285e+01 -3.063047e+01  7.100000e-01
     vertex  3.103290e+01 -3.050988e+01  7.100000e-01
   endloop
 endfacet
 facet normal -9.238795e-01 -3.826834e-01  0.000000e+00
   outer loop
     vertex  3.103290e+01 -3.050988e+01  0.000000e+00
     vertex  3.108285e+01 -3.063047e+01  0.000000e+00
     vertex  3.108285e+01 -3.063047e+01  7.100000e-01
   endloop
 endfacet
 facet normal -6.087614e-01 -7.933533e-01  0.000000e+00
   outer loop
     vertex  3.095345e+01 -3.040633e+01  0.000000e+00
     vertex  3.095345e+01 -3.040633e+01  7.100000e-01
     vertex  3.084989e+01 -3.032687e+01  7.100000e-01
   endloop
 endfacet
 facet normal -7.933533e-01 -6.087614e-01  0.000000e+00
   outer loop
     vertex  3.095345e+01 -3.040633e+01  0.000000e+00
     vertex  3.103290e+01 -3.050988e+01  0.000000e+00
     vertex  3.095345e+01 -3.040633e+01  7.100000e-01
   endloop
 endfacet
 facet normal -6.087614e-01 -7.933533e-01  0.000000e+00
   outer loop
     vertex  3.084989e+01 -3.032687e+01  0.000000e+00
     vertex  3.095345e+01 -3.040633e+01  0.000000e+00
     vertex  3.084989e+01 -3.032687e+01  7.100000e-01
   endloop
 endfacet
 facet normal -3.826834e-01 -9.238795e-01  0.000000e+00
   outer loop
     vertex  3.072930e+01 -3.027692e+01  0.000000e+00
     vertex  3.084989e+01 -3.032687e+01  0.000000e+00
     vertex  3.084989e+01 -3.032687e+01  7.100000e-01
   endloop
 endfacet
 facet normal -1.305262e-01 -9.914449e-01  0.000000e+00
   outer loop
     vertex  3.072930e+01 -3.027692e+01  0.000000e+00
     vertex  3.072930e+01 -3.027692e+01  7.100000e-01
     vertex  3.059989e+01 -3.025988e+01  7.100000e-01
   endloop
 endfacet
 facet normal -3.826834e-01 -9.238795e-01  0.000000e+00
   outer loop
     vertex  3.072930e+01 -3.027692e+01  0.000000e+00
     vertex  3.084989e+01 -3.032687e+01  7.100000e-01
     vertex  3.072930e+01 -3.027692e+01  7.100000e-01
   endloop
 endfacet
 facet normal -1.305262e-01 -9.914449e-01  0.000000e+00
   outer loop
     vertex  3.059989e+01 -3.025988e+01  0.000000e+00
     vertex  3.072930e+01 -3.027692e+01  0.000000e+00
     vertex  3.059989e+01 -3.025988e+01  7.100000e-01
   endloop
 endfacet
 facet normal  1.305262e-01 -9.914449e-01  0.000000e+00
   outer loop
     vertex  3.047048e+01 -3.027692e+01  0.000000e+00
     vertex  3.059989e+01 -3.025988e+01  0.000000e+00
     vertex  3.059989e+01 -3.025988e+01  7.100000e-01
   endloop
 endfacet
 facet normal  1.305262e-01 -9.914449e-01  0.000000e+00
   outer loop
     vertex  3.047048e+01 -3.027692e+01  0.000000e+00
     vertex  3.059989e+01 -3.025988e+01  7.100000e-01
     vertex  3.047048e+01 -3.027692e+01  7.100000e-01
   endloop
 endfacet
 facet normal  3.826834e-01 -9.238795e-01  0.000000e+00
   outer loop
     vertex  3.034989e+01 -3.032687e+01  0.000000e+00
     vertex  3.047048e+01 -3.027692e+01  0.000000e+00
     vertex  3.047048e+01 -3.027692e+01  7.100000e-01
   endloop
 endfacet
 facet normal  3.826834e-01 -9.238795e-01  0.000000e+00
   outer loop
     vertex  3.034989e+01 -3.032687e+01  0.000000e+00
     vertex  3.047048e+01 -3.027692e+01  7.100000e-01
     vertex  3.034989e+01 -3.032687e+01  7.100000e-01
   endloop
 endfacet
 facet normal  6.087614e-01 -7.933533e-01  0.000000e+00
   outer loop
     vertex  3.024634e+01 -3.040633e+01  0.000000e+00
     vertex  3.034989e+01 -3.032687e+01  0.000000e+00
     vertex  3.034989e+01 -3.032687e+01  7.100000e-01
   endloop
 endfacet
 facet normal  6.087614e-01 -7.933533e-01  0.000000e+00
   outer loop
     vertex  3.024634e+01 -3.040633e+01  0.000000e+00
     vertex  3.034989e+01 -3.032687e+01  7.100000e-01
     vertex  3.024634e+01 -3.040633e+01  7.100000e-01
   endloop
 endfacet
 facet normal  7.933533e-01 -6.087614e-01  0.000000e+00
   outer loop
     vertex  3.016688e+01 -3.050988e+01  0.000000e+00
     vertex  3.024634e+01 -3.040633e+01  0.000000e+00
     vertex  3.024634e+01 -3.040633e+01  7.100000e-01
   endloop
 endfacet
 facet normal  7.933533e-01 -6.087614e-01  0.000000e+00
   outer loop
     vertex  3.016688e+01 -3.050988e+01  0.000000e+00
     vertex  3.024634e+01 -3.040633e+01  7.100000e-01
     vertex  3.016688e+01 -3.050988e+01  7.100000e-01
   endloop
 endfacet
 facet normal  9.238795e-01 -3.826834e-01  0.000000e+00
   outer loop
     vertex  3.011693e+01 -3.063047e+01  0.000000e+00
     vertex  3.016688e+01 -3.050988e+01  0.000000e+00
     vertex  3.016688e+01 -3.050988e+01  7.100000e-01
   endloop
 endfacet
 facet normal  9.238795e-01 -3.826834e-01  0.000000e+00
   outer loop
     vertex  3.011693e+01 -3.063047e+01  0.000000e+00
     vertex  3.016688e+01 -3.050988e+01  7.100000e-01
     vertex  3.011693e+01 -3.063047e+01  7.100000e-01
   endloop
 endfacet
 facet normal  9.914449e-01 -1.305262e-01  0.000000e+00
   outer loop
     vertex  3.009989e+01 -3.075988e+01  0.000000e+00
     vertex  3.011693e+01 -3.063047e+01  0.000000e+00
     vertex  3.011693e+01 -3.063047e+01  7.100000e-01
   endloop
 endfacet
 facet normal  9.914449e-01 -1.305262e-01  0.000000e+00
   outer loop
     vertex  3.009989e+01 -3.075988e+01  0.000000e+00
     vertex  3.011693e+01 -3.063047e+01  7.100000e-01
     vertex  3.009989e+01 -3.075988e+01  7.100000e-01
   endloop
 endfacet
 facet normal  9.238795e-01  3.826834e-01 -0.000000e+00
   outer loop
     vertex  3.011693e+01 -3.088929e+01  0.000000e+00
     vertex  3.011693e+01 -3.088929e+01  7.100000e-01
     vertex  3.016688e+01 -3.100988e+01  7.100000e-01
   endloop
 endfacet
 facet normal  9.914449e-01  1.305262e-01 -0.000000e+00
   outer loop
     vertex  3.011693e+01 -3.088929e+01  0.000000e+00
     vertex  3.009989e+01 -3.075988e+01  7.100000e-01
     vertex  3.011693e+01 -3.088929e+01  7.100000e-01
   endloop
 endfacet
 facet normal  9.914449e-01  1.305262e-01  0.000000e+00
   outer loop
     vertex  3.011693e+01 -3.088929e+01  0.000000e+00
     vertex  3.009989e+01 -3.075988e+01  0.000000e+00
     vertex  3.009989e+01 -3.075988e+01  7.100000e-01
   endloop
 endfacet
 facet normal  9.238795e-01  3.826834e-01 -0.000000e+00
   outer loop
     vertex  3.016688e+01 -3.100988e+01  0.000000e+00
     vertex  3.011693e+01 -3.088929e+01  0.000000e+00
     vertex  3.016688e+01 -3.100988e+01  7.100000e-01
   endloop
 endfacet
 facet normal  7.933533e-01  6.087614e-01 -0.000000e+00
   outer loop
     vertex  3.016688e+01 -3.100988e+01  0.000000e+00
     vertex  3.016688e+01 -3.100988e+01  7.100000e-01
     vertex  3.024634e+01 -3.111343e+01  7.100000e-01
   endloop
 endfacet
 facet normal  6.087614e-01  7.933533e-01 -0.000000e+00
   outer loop
     vertex  3.024634e+01 -3.111343e+01  0.000000e+00
     vertex  3.024634e+01 -3.111343e+01  7.100000e-01
     vertex  3.034989e+01 -3.119289e+01  7.100000e-01
   endloop
 endfacet
 facet normal  7.933533e-01  6.087614e-01 -0.000000e+00
   outer loop
     vertex  3.024634e+01 -3.111343e+01  0.000000e+00
     vertex  3.016688e+01 -3.100988e+01  0.000000e+00
     vertex  3.024634e+01 -3.111343e+01  7.100000e-01
   endloop
 endfacet
 facet normal  6.087614e-01  7.933533e-01 -0.000000e+00
   outer loop
     vertex  3.034989e+01 -3.119289e+01  0.000000e+00
     vertex  3.024634e+01 -3.111343e+01  0.000000e+00
     vertex  3.034989e+01 -3.119289e+01  7.100000e-01
   endloop
 endfacet
 facet normal  3.826834e-01  9.238795e-01 -0.000000e+00
   outer loop
     vertex  3.047048e+01 -3.124284e+01  0.000000e+00
     vertex  3.034989e+01 -3.119289e+01  7.100000e-01
     vertex  3.047048e+01 -3.124284e+01  7.100000e-01
   endloop
 endfacet
 facet normal  3.826834e-01  9.238795e-01  0.000000e+00
   outer loop
     vertex  3.047048e+01 -3.124284e+01  0.000000e+00
     vertex  3.034989e+01 -3.119289e+01  0.000000e+00
     vertex  3.034989e+01 -3.119289e+01  7.100000e-01
   endloop
 endfacet
 facet normal  1.305262e-01  9.914449e-01 -0.000000e+00
   outer loop
     vertex  3.059989e+01 -3.125988e+01  0.000000e+00
     vertex  3.047048e+01 -3.124284e+01  7.100000e-01
     vertex  3.059989e+01 -3.125988e+01  7.100000e-01
   endloop
 endfacet
 facet normal  1.305262e-01  9.914449e-01  0.000000e+00
   outer loop
     vertex  3.059989e+01 -3.125988e+01  0.000000e+00
     vertex  3.047048e+01 -3.124284e+01  0.000000e+00
     vertex  3.047048e+01 -3.124284e+01  7.100000e-01
   endloop
 endfacet
 facet normal -1.305262e-01  9.914449e-01  0.000000e+00
   outer loop
     vertex  3.326930e+01 -3.124284e+01  0.000000e+00
     vertex  3.313989e+01 -3.125988e+01  0.000000e+00
     vertex  3.313989e+01 -3.125988e+01  7.100000e-01
   endloop
 endfacet
 facet normal -1.305262e-01  9.914449e-01  0.000000e+00
   outer loop
     vertex  3.326930e+01 -3.124284e+01  0.000000e+00
     vertex  3.313989e+01 -3.125988e+01  7.100000e-01
     vertex  3.326930e+01 -3.124284e+01  7.100000e-01
   endloop
 endfacet
 facet normal -3.826834e-01  9.238795e-01  0.000000e+00
   outer loop
     vertex  3.338989e+01 -3.119289e+01  0.000000e+00
     vertex  3.326930e+01 -3.124284e+01  7.100000e-01
     vertex  3.338989e+01 -3.119289e+01  7.100000e-01
   endloop
 endfacet
 facet normal -3.826834e-01  9.238795e-01  0.000000e+00
   outer loop
     vertex  3.338989e+01 -3.119289e+01  0.000000e+00
     vertex  3.326930e+01 -3.124284e+01  0.000000e+00
     vertex  3.326930e+01 -3.124284e+01  7.100000e-01
   endloop
 endfacet
 facet normal -6.087614e-01  7.933533e-01  0.000000e+00
   outer loop
     vertex  3.349345e+01 -3.111343e+01  0.000000e+00
     vertex  3.338989e+01 -3.119289e+01  7.100000e-01
     vertex  3.349345e+01 -3.111343e+01  7.100000e-01
   endloop
 endfacet
 facet normal -6.087614e-01  7.933533e-01  0.000000e+00
   outer loop
     vertex  3.349345e+01 -3.111343e+01  0.000000e+00
     vertex  3.338989e+01 -3.119289e+01  0.000000e+00
     vertex  3.338989e+01 -3.119289e+01  7.100000e-01
   endloop
 endfacet
 facet normal -7.933533e-01  6.087614e-01  0.000000e+00
   outer loop
     vertex  3.357290e+01 -3.100988e+01  0.000000e+00
     vertex  3.349345e+01 -3.111343e+01  7.100000e-01
     vertex  3.357290e+01 -3.100988e+01  7.100000e-01
   endloop
 endfacet
 facet normal -7.933533e-01  6.087614e-01  0.000000e+00
   outer loop
     vertex  3.357290e+01 -3.100988e+01  0.000000e+00
     vertex  3.349345e+01 -3.111343e+01  0.000000e+00
     vertex  3.349345e+01 -3.111343e+01  7.100000e-01
   endloop
 endfacet
 facet normal -9.238795e-01  3.826834e-01  0.000000e+00
   outer loop
     vertex  3.362285e+01 -3.088929e+01  0.000000e+00
     vertex  3.357290e+01 -3.100988e+01  7.100000e-01
     vertex  3.362285e+01 -3.088929e+01  7.100000e-01
   endloop
 endfacet
 facet normal -9.238795e-01  3.826834e-01  0.000000e+00
   outer loop
     vertex  3.362285e+01 -3.088929e+01  0.000000e+00
     vertex  3.357290e+01 -3.100988e+01  0.000000e+00
     vertex  3.357290e+01 -3.100988e+01  7.100000e-01
   endloop
 endfacet
 facet normal -9.914449e-01  1.305262e-01  0.000000e+00
   outer loop
     vertex  3.363989e+01 -3.075988e+01  0.000000e+00
     vertex  3.362285e+01 -3.088929e+01  7.100000e-01
     vertex  3.363989e+01 -3.075988e+01  7.100000e-01
   endloop
 endfacet
 facet normal -9.914449e-01  1.305262e-01  0.000000e+00
   outer loop
     vertex  3.363989e+01 -3.075988e+01  0.000000e+00
     vertex  3.362285e+01 -3.088929e+01  0.000000e+00
     vertex  3.362285e+01 -3.088929e+01  7.100000e-01
   endloop
 endfacet
 facet normal -9.914449e-01 -1.305262e-01  0.000000e+00
   outer loop
     vertex  3.362285e+01 -3.063047e+01  0.000000e+00
     vertex  3.363989e+01 -3.075988e+01  7.100000e-01
     vertex  3.362285e+01 -3.063047e+01  7.100000e-01
   endloop
 endfacet
 facet normal -9.914449e-01 -1.305262e-01  0.000000e+00
   outer loop
     vertex  3.362285e+01 -3.063047e+01  0.000000e+00
     vertex  3.363989e+01 -3.075988e+01  0.000000e+00
     vertex  3.363989e+01 -3.075988e+01  7.100000e-01
   endloop
 endfacet
 facet normal -7.933533e-01 -6.087614e-01  0.000000e+00
   outer loop
     vertex  3.357290e+01 -3.050988e+01  0.000000e+00
     vertex  3.357290e+01 -3.050988e+01  7.100000e-01
     vertex  3.349345e+01 -3.040633e+01  7.100000e-01
   endloop
 endfacet
 facet normal -9.238795e-01 -3.826834e-01  0.000000e+00
   outer loop
     vertex  3.357290e+01 -3.050988e+01  0.000000e+00
     vertex  3.362285e+01 -3.063047e+01  7.100000e-01
     vertex  3.357290e+01 -3.050988e+01  7.100000e-01
   endloop
 endfacet
 facet normal -9.238795e-01 -3.826834e-01  0.000000e+00
   outer loop
     vertex  3.357290e+01 -3.050988e+01  0.000000e+00
     vertex  3.362285e+01 -3.063047e+01  0.000000e+00
     vertex  3.362285e+01 -3.063047e+01  7.100000e-01
   endloop
 endfacet
 facet normal -6.087614e-01 -7.933533e-01  0.000000e+00
   outer loop
     vertex  3.349345e+01 -3.040633e+01  0.000000e+00
     vertex  3.349345e+01 -3.040633e+01  7.100000e-01
     vertex  3.338989e+01 -3.032687e+01  7.100000e-01
   endloop
 endfacet
 facet normal -7.933533e-01 -6.087614e-01  0.000000e+00
   outer loop
     vertex  3.349345e+01 -3.040633e+01  0.000000e+00
     vertex  3.357290e+01 -3.050988e+01  0.000000e+00
     vertex  3.349345e+01 -3.040633e+01  7.100000e-01
   endloop
 endfacet
 facet normal -6.087614e-01 -7.933533e-01  0.000000e+00
   outer loop
     vertex  3.338989e+01 -3.032687e+01  0.000000e+00
     vertex  3.349345e+01 -3.040633e+01  0.000000e+00
     vertex  3.338989e+01 -3.032687e+01  7.100000e-01
   endloop
 endfacet
 facet normal -3.826834e-01 -9.238795e-01  0.000000e+00
   outer loop
     vertex  3.326930e+01 -3.027692e+01  0.000000e+00
     vertex  3.338989e+01 -3.032687e+01  0.000000e+00
     vertex  3.338989e+01 -3.032687e+01  7.100000e-01
   endloop
 endfacet
 facet normal -1.305262e-01 -9.914449e-01  0.000000e+00
   outer loop
     vertex  3.326930e+01 -3.027692e+01  0.000000e+00
     vertex  3.326930e+01 -3.027692e+01  7.100000e-01
     vertex  3.313989e+01 -3.025988e+01  7.100000e-01
   endloop
 endfacet
 facet normal -3.826834e-01 -9.238795e-01  0.000000e+00
   outer loop
     vertex  3.326930e+01 -3.027692e+01  0.000000e+00
     vertex  3.338989e+01 -3.032687e+01  7.100000e-01
     vertex  3.326930e+01 -3.027692e+01  7.100000e-01
   endloop
 endfacet
 facet normal -1.305262e-01 -9.914449e-01  0.000000e+00
   outer loop
     vertex  3.313989e+01 -3.025988e+01  0.000000e+00
     vertex  3.326930e+01 -3.027692e+01  0.000000e+00
     vertex  3.313989e+01 -3.025988e+01  7.100000e-01
   endloop
 endfacet
 facet normal  1.305262e-01 -9.914449e-01  0.000000e+00
   outer loop
     vertex  3.301048e+01 -3.027692e+01  0.000000e+00
     vertex  3.313989e+01 -3.025988e+01  0.000000e+00
     vertex  3.313989e+01 -3.025988e+01  7.100000e-01
   endloop
 endfacet
 facet normal  1.305262e-01 -9.914449e-01  0.000000e+00
   outer loop
     vertex  3.301048e+01 -3.027692e+01  0.000000e+00
     vertex  3.313989e+01 -3.025988e+01  7.100000e-01
     vertex  3.301048e+01 -3.027692e+01  7.100000e-01
   endloop
 endfacet
 facet normal  3.826834e-01 -9.238795e-01  0.000000e+00
   outer loop
     vertex  3.288989e+01 -3.032687e+01  0.000000e+00
     vertex  3.301048e+01 -3.027692e+01  0.000000e+00
     vertex  3.301048e+01 -3.027692e+01  7.100000e-01
   endloop
 endfacet
 facet normal  3.826834e-01 -9.238795e-01  0.000000e+00
   outer loop
     vertex  3.288989e+01 -3.032687e+01  0.000000e+00
     vertex  3.301048e+01 -3.027692e+01  7.100000e-01
     vertex  3.288989e+01 -3.032687e+01  7.100000e-01
   endloop
 endfacet
 facet normal  6.087614e-01 -7.933533e-01  0.000000e+00
   outer loop
     vertex  3.278634e+01 -3.040633e+01  0.000000e+00
     vertex  3.288989e+01 -3.032687e+01  0.000000e+00
     vertex  3.288989e+01 -3.032687e+01  7.100000e-01
   endloop
 endfacet
 facet normal  6.087614e-01 -7.933533e-01  0.000000e+00
   outer loop
     vertex  3.278634e+01 -3.040633e+01  0.000000e+00
     vertex  3.288989e+01 -3.032687e+01  7.100000e-01
     vertex  3.278634e+01 -3.040633e+01  7.100000e-01
   endloop
 endfacet
 facet normal  7.933533e-01 -6.087614e-01  0.000000e+00
   outer loop
     vertex  3.270688e+01 -3.050988e+01  0.000000e+00
     vertex  3.278634e+01 -3.040633e+01  0.000000e+00
     vertex  3.278634e+01 -3.040633e+01  7.100000e-01
   endloop
 endfacet
 facet normal  7.933533e-01 -6.087614e-01  0.000000e+00
   outer loop
     vertex  3.270688e+01 -3.050988e+01  0.000000e+00
     vertex  3.278634e+01 -3.040633e+01  7.100000e-01
     vertex  3.270688e+01 -3.050988e+01  7.100000e-01
   endloop
 endfacet
 facet normal  9.238795e-01 -3.826834e-01  0.000000e+00
   outer loop
     vertex  3.265693e+01 -3.063047e+01  0.000000e+00
     vertex  3.270688e+01 -3.050988e+01  0.000000e+00
     vertex  3.270688e+01 -3.050988e+01  7.100000e-01
   endloop
 endfacet
 facet normal  9.238795e-01 -3.826834e-01  0.000000e+00
   outer loop
     vertex  3.265693e+01 -3.063047e+01  0.000000e+00
     vertex  3.270688e+01 -3.050988e+01  7.100000e-01
     vertex  3.265693e+01 -3.063047e+01  7.100000e-01
   endloop
 endfacet
 facet normal  9.914449e-01 -1.305262e-01  0.000000e+00
   outer loop
     vertex  3.263989e+01 -3.075988e+01  0.000000e+00
     vertex  3.265693e+01 -3.063047e+01  0.000000e+00
     vertex  3.265693e+01 -3.063047e+01  7.100000e-01
   endloop
 endfacet
 facet normal  9.914449e-01 -1.305262e-01  0.000000e+00
   outer loop
     vertex  3.263989e+01 -3.075988e+01  0.000000e+00
     vertex  3.265693e+01 -3.063047e+01  7.100000e-01
     vertex  3.263989e+01 -3.075988e+01  7.100000e-01
   endloop
 endfacet
 facet normal  9.238795e-01  3.826834e-01 -0.000000e+00
   outer loop
     vertex  3.265693e+01 -3.088929e+01  0.000000e+00
     vertex  3.265693e+01 -3.088929e+01  7.100000e-01
     vertex  3.270688e+01 -3.100988e+01  7.100000e-01
   endloop
 endfacet
 facet normal  9.914449e-01  1.305262e-01 -0.000000e+00
   outer loop
     vertex  3.265693e+01 -3.088929e+01  0.000000e+00
     vertex  3.263989e+01 -3.075988e+01  7.100000e-01
     vertex  3.265693e+01 -3.088929e+01  7.100000e-01
   endloop
 endfacet
 facet normal  9.914449e-01  1.305262e-01  0.000000e+00
   outer loop
     vertex  3.265693e+01 -3.088929e+01  0.000000e+00
     vertex  3.263989e+01 -3.075988e+01  0.000000e+00
     vertex  3.263989e+01 -3.075988e+01  7.100000e-01
   endloop
 endfacet
 facet normal  9.238795e-01  3.826834e-01 -0.000000e+00
   outer loop
     vertex  3.270688e+01 -3.100988e+01  0.000000e+00
     vertex  3.265693e+01 -3.088929e+01  0.000000e+00
     vertex  3.270688e+01 -3.100988e+01  7.100000e-01
   endloop
 endfacet
 facet normal  7.933533e-01  6.087614e-01 -0.000000e+00
   outer loop
     vertex  3.270688e+01 -3.100988e+01  0.000000e+00
     vertex  3.270688e+01 -3.100988e+01  7.100000e-01
     vertex  3.278634e+01 -3.111343e+01  7.100000e-01
   endloop
 endfacet
 facet normal  6.087614e-01  7.933533e-01 -0.000000e+00
   outer loop
     vertex  3.278634e+01 -3.111343e+01  0.000000e+00
     vertex  3.278634e+01 -3.111343e+01  7.100000e-01
     vertex  3.288989e+01 -3.119289e+01  7.100000e-01
   endloop
 endfacet
 facet normal  7.933533e-01  6.087614e-01 -0.000000e+00
   outer loop
     vertex  3.278634e+01 -3.111343e+01  0.000000e+00
     vertex  3.270688e+01 -3.100988e+01  0.000000e+00
     vertex  3.278634e+01 -3.111343e+01  7.100000e-01
   endloop
 endfacet
 facet normal  6.087614e-01  7.933533e-01 -0.000000e+00
   outer loop
     vertex  3.288989e+01 -3.119289e+01  0.000000e+00
     vertex  3.278634e+01 -3.111343e+01  0.000000e+00
     vertex  3.288989e+01 -3.119289e+01  7.100000e-01
   endloop
 endfacet
 facet normal  3.826834e-01  9.238795e-01 -0.000000e+00
   outer loop
     vertex  3.301048e+01 -3.124284e+01  0.000000e+00
     vertex  3.288989e+01 -3.119289e+01  7.100000e-01
     vertex  3.301048e+01 -3.124284e+01  7.100000e-01
   endloop
 endfacet
 facet normal  3.826834e-01  9.238795e-01  0.000000e+00
   outer loop
     vertex  3.301048e+01 -3.124284e+01  0.000000e+00
     vertex  3.288989e+01 -3.119289e+01  0.000000e+00
     vertex  3.288989e+01 -3.119289e+01  7.100000e-01
   endloop
 endfacet
 facet normal  1.305262e-01  9.914449e-01 -0.000000e+00
   outer loop
     vertex  3.313989e+01 -3.125988e+01  0.000000e+00
     vertex  3.301048e+01 -3.124284e+01  7.100000e-01
     vertex  3.313989e+01 -3.125988e+01  7.100000e-01
   endloop
 endfacet
 facet normal  1.305262e-01  9.914449e-01  0.000000e+00
   outer loop
     vertex  3.313989e+01 -3.125988e+01  0.000000e+00
     vertex  3.301048e+01 -3.124284e+01  0.000000e+00
     vertex  3.301048e+01 -3.124284e+01  7.100000e-01
   endloop
 endfacet
 facet normal -1.305262e-01  9.914449e-01  0.000000e+00
   outer loop
     vertex  3.738830e+01 -3.262459e+01  0.000000e+00
     vertex  3.725889e+01 -3.264163e+01  0.000000e+00
     vertex  3.725889e+01 -3.264163e+01  7.100000e-01
   endloop
 endfacet
 facet normal -1.305262e-01  9.914449e-01  0.000000e+00
   outer loop
     vertex  3.738830e+01 -3.262459e+01  0.000000e+00
     vertex  3.725889e+01 -3.264163e+01  7.100000e-01
     vertex  3.738830e+01 -3.262459e+01  7.100000e-01
   endloop
 endfacet
 facet normal -3.826834e-01  9.238795e-01  0.000000e+00
   outer loop
     vertex  3.750889e+01 -3.257464e+01  0.000000e+00
     vertex  3.738830e+01 -3.262459e+01  7.100000e-01
     vertex  3.750889e+01 -3.257464e+01  7.100000e-01
   endloop
 endfacet
 facet normal -3.826834e-01  9.238795e-01  0.000000e+00
   outer loop
     vertex  3.750889e+01 -3.257464e+01  0.000000e+00
     vertex  3.738830e+01 -3.262459e+01  0.000000e+00
     vertex  3.738830e+01 -3.262459e+01  7.100000e-01
   endloop
 endfacet
 facet normal -6.087614e-01  7.933533e-01  0.000000e+00
   outer loop
     vertex  3.761245e+01 -3.249518e+01  0.000000e+00
     vertex  3.750889e+01 -3.257464e+01  7.100000e-01
     vertex  3.761245e+01 -3.249518e+01  7.100000e-01
   endloop
 endfacet
 facet normal -6.087614e-01  7.933533e-01  0.000000e+00
   outer loop
     vertex  3.761245e+01 -3.249518e+01  0.000000e+00
     vertex  3.750889e+01 -3.257464e+01  0.000000e+00
     vertex  3.750889e+01 -3.257464e+01  7.100000e-01
   endloop
 endfacet
 facet normal -7.933533e-01  6.087614e-01  0.000000e+00
   outer loop
     vertex  3.769190e+01 -3.239163e+01  0.000000e+00
     vertex  3.761245e+01 -3.249518e+01  7.100000e-01
     vertex  3.769190e+01 -3.239163e+01  7.100000e-01
   endloop
 endfacet
 facet normal -7.933533e-01  6.087614e-01  0.000000e+00
   outer loop
     vertex  3.769190e+01 -3.239163e+01  0.000000e+00
     vertex  3.761245e+01 -3.249518e+01  0.000000e+00
     vertex  3.761245e+01 -3.249518e+01  7.100000e-01
   endloop
 endfacet
 facet normal -9.238795e-01  3.826834e-01  0.000000e+00
   outer loop
     vertex  3.774185e+01 -3.227104e+01  0.000000e+00
     vertex  3.769190e+01 -3.239163e+01  7.100000e-01
     vertex  3.774185e+01 -3.227104e+01  7.100000e-01
   endloop
 endfacet
 facet normal -9.238795e-01  3.826834e-01  0.000000e+00
   outer loop
     vertex  3.774185e+01 -3.227104e+01  0.000000e+00
     vertex  3.769190e+01 -3.239163e+01  0.000000e+00
     vertex  3.769190e+01 -3.239163e+01  7.100000e-01
   endloop
 endfacet
 facet normal -9.914449e-01  1.305262e-01  0.000000e+00
   outer loop
     vertex  3.775889e+01 -3.214163e+01  0.000000e+00
     vertex  3.774185e+01 -3.227104e+01  7.100000e-01
     vertex  3.775889e+01 -3.214163e+01  7.100000e-01
   endloop
 endfacet
 facet normal -9.914449e-01  1.305262e-01  0.000000e+00
   outer loop
     vertex  3.775889e+01 -3.214163e+01  0.000000e+00
     vertex  3.774185e+01 -3.227104e+01  0.000000e+00
     vertex  3.774185e+01 -3.227104e+01  7.100000e-01
   endloop
 endfacet
 facet normal -9.914449e-01 -1.305262e-01  0.000000e+00
   outer loop
     vertex  3.774185e+01 -3.201222e+01  0.000000e+00
     vertex  3.775889e+01 -3.214163e+01  7.100000e-01
     vertex  3.774185e+01 -3.201222e+01  7.100000e-01
   endloop
 endfacet
 facet normal -9.914449e-01 -1.305262e-01  0.000000e+00
   outer loop
     vertex  3.774185e+01 -3.201222e+01  0.000000e+00
     vertex  3.775889e+01 -3.214163e+01  0.000000e+00
     vertex  3.775889e+01 -3.214163e+01  7.100000e-01
   endloop
 endfacet
 facet normal -7.933533e-01 -6.087614e-01  0.000000e+00
   outer loop
     vertex  3.769190e+01 -3.189163e+01  0.000000e+00
     vertex  3.769190e+01 -3.189163e+01  7.100000e-01
     vertex  3.761245e+01 -3.178808e+01  7.100000e-01
   endloop
 endfacet
 facet normal -9.238795e-01 -3.826834e-01  0.000000e+00
   outer loop
     vertex  3.769190e+01 -3.189163e+01  0.000000e+00
     vertex  3.774185e+01 -3.201222e+01  7.100000e-01
     vertex  3.769190e+01 -3.189163e+01  7.100000e-01
   endloop
 endfacet
 facet normal -9.238795e-01 -3.826834e-01  0.000000e+00
   outer loop
     vertex  3.769190e+01 -3.189163e+01  0.000000e+00
     vertex  3.774185e+01 -3.201222e+01  0.000000e+00
     vertex  3.774185e+01 -3.201222e+01  7.100000e-01
   endloop
 endfacet
 facet normal -6.087614e-01 -7.933533e-01  0.000000e+00
   outer loop
     vertex  3.761245e+01 -3.178808e+01  0.000000e+00
     vertex  3.761245e+01 -3.178808e+01  7.100000e-01
     vertex  3.750889e+01 -3.170862e+01  7.100000e-01
   endloop
 endfacet
 facet normal -7.933533e-01 -6.087614e-01  0.000000e+00
   outer loop
     vertex  3.761245e+01 -3.178808e+01  0.000000e+00
     vertex  3.769190e+01 -3.189163e+01  0.000000e+00
     vertex  3.761245e+01 -3.178808e+01  7.100000e-01
   endloop
 endfacet
 facet normal -6.087614e-01 -7.933533e-01  0.000000e+00
   outer loop
     vertex  3.750889e+01 -3.170862e+01  0.000000e+00
     vertex  3.761245e+01 -3.178808e+01  0.000000e+00
     vertex  3.750889e+01 -3.170862e+01  7.100000e-01
   endloop
 endfacet
 facet normal -3.826834e-01 -9.238795e-01  0.000000e+00
   outer loop
     vertex  3.738830e+01 -3.165867e+01  0.000000e+00
     vertex  3.750889e+01 -3.170862e+01  0.000000e+00
     vertex  3.750889e+01 -3.170862e+01  7.100000e-01
   endloop
 endfacet
 facet normal -1.305262e-01 -9.914449e-01  0.000000e+00
   outer loop
     vertex  3.738830e+01 -3.165867e+01  0.000000e+00
     vertex  3.738830e+01 -3.165867e+01  7.100000e-01
     vertex  3.725889e+01 -3.164163e+01  7.100000e-01
   endloop
 endfacet
 facet normal -3.826834e-01 -9.238795e-01  0.000000e+00
   outer loop
     vertex  3.738830e+01 -3.165867e+01  0.000000e+00
     vertex  3.750889e+01 -3.170862e+01  7.100000e-01
     vertex  3.738830e+01 -3.165867e+01  7.100000e-01
   endloop
 endfacet
 facet normal -1.305262e-01 -9.914449e-01  0.000000e+00
   outer loop
     vertex  3.725889e+01 -3.164163e+01  0.000000e+00
     vertex  3.738830e+01 -3.165867e+01  0.000000e+00
     vertex  3.725889e+01 -3.164163e+01  7.100000e-01
   endloop
 endfacet
 facet normal  1.305262e-01 -9.914449e-01  0.000000e+00
   outer loop
     vertex  3.712948e+01 -3.165867e+01  0.000000e+00
     vertex  3.725889e+01 -3.164163e+01  0.000000e+00
     vertex  3.725889e+01 -3.164163e+01  7.100000e-01
   endloop
 endfacet
 facet normal  1.305262e-01 -9.914449e-01  0.000000e+00
   outer loop
     vertex  3.712948e+01 -3.165867e+01  0.000000e+00
     vertex  3.725889e+01 -3.164163e+01  7.100000e-01
     vertex  3.712948e+01 -3.165867e+01  7.100000e-01
   endloop
 endfacet
 facet normal  3.826834e-01 -9.238795e-01  0.000000e+00
   outer loop
     vertex  3.700889e+01 -3.170862e+01  0.000000e+00
     vertex  3.712948e+01 -3.165867e+01  0.000000e+00
     vertex  3.712948e+01 -3.165867e+01  7.100000e-01
   endloop
 endfacet
 facet normal  3.826834e-01 -9.238795e-01  0.000000e+00
   outer loop
     vertex  3.700889e+01 -3.170862e+01  0.000000e+00
     vertex  3.712948e+01 -3.165867e+01  7.100000e-01
     vertex  3.700889e+01 -3.170862e+01  7.100000e-01
   endloop
 endfacet
 facet normal  6.087614e-01 -7.933533e-01  0.000000e+00
   outer loop
     vertex  3.690534e+01 -3.178808e+01  0.000000e+00
     vertex  3.700889e+01 -3.170862e+01  0.000000e+00
     vertex  3.700889e+01 -3.170862e+01  7.100000e-01
   endloop
 endfacet
 facet normal  6.087614e-01 -7.933533e-01  0.000000e+00
   outer loop
     vertex  3.690534e+01 -3.178808e+01  0.000000e+00
     vertex  3.700889e+01 -3.170862e+01  7.100000e-01
     vertex  3.690534e+01 -3.178808e+01  7.100000e-01
   endloop
 endfacet
 facet normal  7.933533e-01 -6.087614e-01  0.000000e+00
   outer loop
     vertex  3.682588e+01 -3.189163e+01  0.000000e+00
     vertex  3.690534e+01 -3.178808e+01  0.000000e+00
     vertex  3.690534e+01 -3.178808e+01  7.100000e-01
   endloop
 endfacet
 facet normal  7.933533e-01 -6.087614e-01  0.000000e+00
   outer loop
     vertex  3.682588e+01 -3.189163e+01  0.000000e+00
     vertex  3.690534e+01 -3.178808e+01  7.100000e-01
     vertex  3.682588e+01 -3.189163e+01  7.100000e-01
   endloop
 endfacet
 facet normal  9.238795e-01 -3.826834e-01  0.000000e+00
   outer loop
     vertex  3.677593e+01 -3.201222e+01  0.000000e+00
     vertex  3.682588e+01 -3.189163e+01  0.000000e+00
     vertex  3.682588e+01 -3.189163e+01  7.100000e-01
   endloop
 endfacet
 facet normal  9.238795e-01 -3.826834e-01  0.000000e+00
   outer loop
     vertex  3.677593e+01 -3.201222e+01  0.000000e+00
     vertex  3.682588e+01 -3.189163e+01  7.100000e-01
     vertex  3.677593e+01 -3.201222e+01  7.100000e-01
   endloop
 endfacet
 facet normal  9.914449e-01 -1.305262e-01  0.000000e+00
   outer loop
     vertex  3.675889e+01 -3.214163e+01  0.000000e+00
     vertex  3.677593e+01 -3.201222e+01  0.000000e+00
     vertex  3.677593e+01 -3.201222e+01  7.100000e-01
   endloop
 endfacet
 facet normal  9.914449e-01 -1.305262e-01  0.000000e+00
   outer loop
     vertex  3.675889e+01 -3.214163e+01  0.000000e+00
     vertex  3.677593e+01 -3.201222e+01  7.100000e-01
     vertex  3.675889e+01 -3.214163e+01  7.100000e-01
   endloop
 endfacet
 facet normal  9.238795e-01  3.826834e-01 -0.000000e+00
   outer loop
     vertex  3.677593e+01 -3.227104e+01  0.000000e+00
     vertex  3.677593e+01 -3.227104e+01  7.100000e-01
     vertex  3.682588e+01 -3.239163e+01  7.100000e-01
   endloop
 endfacet
 facet normal  9.914449e-01  1.305262e-01 -0.000000e+00
   outer loop
     vertex  3.677593e+01 -3.227104e+01  0.000000e+00
     vertex  3.675889e+01 -3.214163e+01  7.100000e-01
     vertex  3.677593e+01 -3.227104e+01  7.100000e-01
   endloop
 endfacet
 facet normal  9.914449e-01  1.305262e-01  0.000000e+00
   outer loop
     vertex  3.677593e+01 -3.227104e+01  0.000000e+00
     vertex  3.675889e+01 -3.214163e+01  0.000000e+00
     vertex  3.675889e+01 -3.214163e+01  7.100000e-01
   endloop
 endfacet
 facet normal  9.238795e-01  3.826834e-01 -0.000000e+00
   outer loop
     vertex  3.682588e+01 -3.239163e+01  0.000000e+00
     vertex  3.677593e+01 -3.227104e+01  0.000000e+00
     vertex  3.682588e+01 -3.239163e+01  7.100000e-01
   endloop
 endfacet
 facet normal  7.933533e-01  6.087614e-01 -0.000000e+00
   outer loop
     vertex  3.682588e+01 -3.239163e+01  0.000000e+00
     vertex  3.682588e+01 -3.239163e+01  7.100000e-01
     vertex  3.690534e+01 -3.249518e+01  7.100000e-01
   endloop
 endfacet
 facet normal  6.087614e-01  7.933533e-01 -0.000000e+00
   outer loop
     vertex  3.690534e+01 -3.249518e+01  0.000000e+00
     vertex  3.690534e+01 -3.249518e+01  7.100000e-01
     vertex  3.700889e+01 -3.257464e+01  7.100000e-01
   endloop
 endfacet
 facet normal  7.933533e-01  6.087614e-01 -0.000000e+00
   outer loop
     vertex  3.690534e+01 -3.249518e+01  0.000000e+00
     vertex  3.682588e+01 -3.239163e+01  0.000000e+00
     vertex  3.690534e+01 -3.249518e+01  7.100000e-01
   endloop
 endfacet
 facet normal  6.087614e-01  7.933533e-01 -0.000000e+00
   outer loop
     vertex  3.700889e+01 -3.257464e+01  0.000000e+00
     vertex  3.690534e+01 -3.249518e+01  0.000000e+00
     vertex  3.700889e+01 -3.257464e+01  7.100000e-01
   endloop
 endfacet
 facet normal  3.826834e-01  9.238795e-01 -0.000000e+00
   outer loop
     vertex  3.712948e+01 -3.262459e+01  0.000000e+00
     vertex  3.700889e+01 -3.257464e+01  7.100000e-01
     vertex  3.712948e+01 -3.262459e+01  7.100000e-01
   endloop
 endfacet
 facet normal  3.826834e-01  9.238795e-01  0.000000e+00
   outer loop
     vertex  3.712948e+01 -3.262459e+01  0.000000e+00
     vertex  3.700889e+01 -3.257464e+01  0.000000e+00
     vertex  3.700889e+01 -3.257464e+01  7.100000e-01
   endloop
 endfacet
 facet normal  1.305262e-01  9.914449e-01 -0.000000e+00
   outer loop
     vertex  3.725889e+01 -3.264163e+01  0.000000e+00
     vertex  3.712948e+01 -3.262459e+01  7.100000e-01
     vertex  3.725889e+01 -3.264163e+01  7.100000e-01
   endloop
 endfacet
 facet normal  1.305262e-01  9.914449e-01  0.000000e+00
   outer loop
     vertex  3.725889e+01 -3.264163e+01  0.000000e+00
     vertex  3.712948e+01 -3.262459e+01  0.000000e+00
     vertex  3.712948e+01 -3.262459e+01  7.100000e-01
   endloop
 endfacet
 facet normal -1.305262e-01  9.914449e-01  0.000000e+00
   outer loop
     vertex  2.214830e+01 -3.008459e+01  0.000000e+00
     vertex  2.201889e+01 -3.010163e+01  0.000000e+00
     vertex  2.201889e+01 -3.010163e+01  7.100000e-01
   endloop
 endfacet
 facet normal -1.305262e-01  9.914449e-01  0.000000e+00
   outer loop
     vertex  2.214830e+01 -3.008459e+01  0.000000e+00
     vertex  2.201889e+01 -3.010163e+01  7.100000e-01
     vertex  2.214830e+01 -3.008459e+01  7.100000e-01
   endloop
 endfacet
 facet normal -3.826834e-01  9.238795e-01  0.000000e+00
   outer loop
     vertex  2.226889e+01 -3.003464e+01  0.000000e+00
     vertex  2.214830e+01 -3.008459e+01  7.100000e-01
     vertex  2.226889e+01 -3.003464e+01  7.100000e-01
   endloop
 endfacet
 facet normal -3.826834e-01  9.238795e-01  0.000000e+00
   outer loop
     vertex  2.226889e+01 -3.003464e+01  0.000000e+00
     vertex  2.214830e+01 -3.008459e+01  0.000000e+00
     vertex  2.214830e+01 -3.008459e+01  7.100000e-01
   endloop
 endfacet
 facet normal -6.087614e-01  7.933533e-01  0.000000e+00
   outer loop
     vertex  2.237245e+01 -2.995518e+01  0.000000e+00
     vertex  2.226889e+01 -3.003464e+01  7.100000e-01
     vertex  2.237245e+01 -2.995518e+01  7.100000e-01
   endloop
 endfacet
 facet normal -6.087614e-01  7.933533e-01  0.000000e+00
   outer loop
     vertex  2.237245e+01 -2.995518e+01  0.000000e+00
     vertex  2.226889e+01 -3.003464e+01  0.000000e+00
     vertex  2.226889e+01 -3.003464e+01  7.100000e-01
   endloop
 endfacet
 facet normal -7.933533e-01  6.087614e-01  0.000000e+00
   outer loop
     vertex  2.245190e+01 -2.985163e+01  0.000000e+00
     vertex  2.237245e+01 -2.995518e+01  7.100000e-01
     vertex  2.245190e+01 -2.985163e+01  7.100000e-01
   endloop
 endfacet
 facet normal -7.933533e-01  6.087614e-01  0.000000e+00
   outer loop
     vertex  2.245190e+01 -2.985163e+01  0.000000e+00
     vertex  2.237245e+01 -2.995518e+01  0.000000e+00
     vertex  2.237245e+01 -2.995518e+01  7.100000e-01
   endloop
 endfacet
 facet normal -9.238795e-01  3.826834e-01  0.000000e+00
   outer loop
     vertex  2.250185e+01 -2.973104e+01  0.000000e+00
     vertex  2.245190e+01 -2.985163e+01  7.100000e-01
     vertex  2.250185e+01 -2.973104e+01  7.100000e-01
   endloop
 endfacet
 facet normal -9.238795e-01  3.826834e-01  0.000000e+00
   outer loop
     vertex  2.250185e+01 -2.973104e+01  0.000000e+00
     vertex  2.245190e+01 -2.985163e+01  0.000000e+00
     vertex  2.245190e+01 -2.985163e+01  7.100000e-01
   endloop
 endfacet
 facet normal -9.914449e-01  1.305262e-01  0.000000e+00
   outer loop
     vertex  2.251889e+01 -2.960163e+01  0.000000e+00
     vertex  2.250185e+01 -2.973104e+01  7.100000e-01
     vertex  2.251889e+01 -2.960163e+01  7.100000e-01
   endloop
 endfacet
 facet normal -9.914449e-01  1.305262e-01  0.000000e+00
   outer loop
     vertex  2.251889e+01 -2.960163e+01  0.000000e+00
     vertex  2.250185e+01 -2.973104e+01  0.000000e+00
     vertex  2.250185e+01 -2.973104e+01  7.100000e-01
   endloop
 endfacet
 facet normal -9.914449e-01 -1.305262e-01  0.000000e+00
   outer loop
     vertex  2.250185e+01 -2.947222e+01  0.000000e+00
     vertex  2.251889e+01 -2.960163e+01  7.100000e-01
     vertex  2.250185e+01 -2.947222e+01  7.100000e-01
   endloop
 endfacet
 facet normal -9.914449e-01 -1.305262e-01  0.000000e+00
   outer loop
     vertex  2.250185e+01 -2.947222e+01  0.000000e+00
     vertex  2.251889e+01 -2.960163e+01  0.000000e+00
     vertex  2.251889e+01 -2.960163e+01  7.100000e-01
   endloop
 endfacet
 facet normal -7.933533e-01 -6.087614e-01  0.000000e+00
   outer loop
     vertex  2.245190e+01 -2.935163e+01  0.000000e+00
     vertex  2.245190e+01 -2.935163e+01  7.100000e-01
     vertex  2.237245e+01 -2.924808e+01  7.100000e-01
   endloop
 endfacet
 facet normal -9.238795e-01 -3.826834e-01  0.000000e+00
   outer loop
     vertex  2.245190e+01 -2.935163e+01  0.000000e+00
     vertex  2.250185e+01 -2.947222e+01  7.100000e-01
     vertex  2.245190e+01 -2.935163e+01  7.100000e-01
   endloop
 endfacet
 facet normal -9.238795e-01 -3.826834e-01  0.000000e+00
   outer loop
     vertex  2.245190e+01 -2.935163e+01  0.000000e+00
     vertex  2.250185e+01 -2.947222e+01  0.000000e+00
     vertex  2.250185e+01 -2.947222e+01  7.100000e-01
   endloop
 endfacet
 facet normal -6.087614e-01 -7.933533e-01  0.000000e+00
   outer loop
     vertex  2.237245e+01 -2.924808e+01  0.000000e+00
     vertex  2.237245e+01 -2.924808e+01  7.100000e-01
     vertex  2.226889e+01 -2.916862e+01  7.100000e-01
   endloop
 endfacet
 facet normal -7.933533e-01 -6.087614e-01  0.000000e+00
   outer loop
     vertex  2.237245e+01 -2.924808e+01  0.000000e+00
     vertex  2.245190e+01 -2.935163e+01  0.000000e+00
     vertex  2.237245e+01 -2.924808e+01  7.100000e-01
   endloop
 endfacet
 facet normal -6.087614e-01 -7.933533e-01  0.000000e+00
   outer loop
     vertex  2.226889e+01 -2.916862e+01  0.000000e+00
     vertex  2.237245e+01 -2.924808e+01  0.000000e+00
     vertex  2.226889e+01 -2.916862e+01  7.100000e-01
   endloop
 endfacet
 facet normal -3.826834e-01 -9.238795e-01  0.000000e+00
   outer loop
     vertex  2.214830e+01 -2.911867e+01  0.000000e+00
     vertex  2.226889e+01 -2.916862e+01  0.000000e+00
     vertex  2.226889e+01 -2.916862e+01  7.100000e-01
   endloop
 endfacet
 facet normal -1.305262e-01 -9.914449e-01  0.000000e+00
   outer loop
     vertex  2.214830e+01 -2.911867e+01  0.000000e+00
     vertex  2.214830e+01 -2.911867e+01  7.100000e-01
     vertex  2.201889e+01 -2.910163e+01  7.100000e-01
   endloop
 endfacet
 facet normal -3.826834e-01 -9.238795e-01  0.000000e+00
   outer loop
     vertex  2.214830e+01 -2.911867e+01  0.000000e+00
     vertex  2.226889e+01 -2.916862e+01  7.100000e-01
     vertex  2.214830e+01 -2.911867e+01  7.100000e-01
   endloop
 endfacet
 facet normal -1.305262e-01 -9.914449e-01  0.000000e+00
   outer loop
     vertex  2.201889e+01 -2.910163e+01  0.000000e+00
     vertex  2.214830e+01 -2.911867e+01  0.000000e+00
     vertex  2.201889e+01 -2.910163e+01  7.100000e-01
   endloop
 endfacet
 facet normal  1.305262e-01 -9.914449e-01  0.000000e+00
   outer loop
     vertex  2.188948e+01 -2.911867e+01  0.000000e+00
     vertex  2.201889e+01 -2.910163e+01  0.000000e+00
     vertex  2.201889e+01 -2.910163e+01  7.100000e-01
   endloop
 endfacet
 facet normal  1.305262e-01 -9.914449e-01  0.000000e+00
   outer loop
     vertex  2.188948e+01 -2.911867e+01  0.000000e+00
     vertex  2.201889e+01 -2.910163e+01  7.100000e-01
     vertex  2.188948e+01 -2.911867e+01  7.100000e-01
   endloop
 endfacet
 facet normal  3.826834e-01 -9.238795e-01  0.000000e+00
   outer loop
     vertex  2.176889e+01 -2.916862e+01  0.000000e+00
     vertex  2.188948e+01 -2.911867e+01  0.000000e+00
     vertex  2.188948e+01 -2.911867e+01  7.100000e-01
   endloop
 endfacet
 facet normal  3.826834e-01 -9.238795e-01  0.000000e+00
   outer loop
     vertex  2.176889e+01 -2.916862e+01  0.000000e+00
     vertex  2.188948e+01 -2.911867e+01  7.100000e-01
     vertex  2.176889e+01 -2.916862e+01  7.100000e-01
   endloop
 endfacet
 facet normal  6.087614e-01 -7.933533e-01  0.000000e+00
   outer loop
     vertex  2.166534e+01 -2.924808e+01  0.000000e+00
     vertex  2.176889e+01 -2.916862e+01  0.000000e+00
     vertex  2.176889e+01 -2.916862e+01  7.100000e-01
   endloop
 endfacet
 facet normal  6.087614e-01 -7.933533e-01  0.000000e+00
   outer loop
     vertex  2.166534e+01 -2.924808e+01  0.000000e+00
     vertex  2.176889e+01 -2.916862e+01  7.100000e-01
     vertex  2.166534e+01 -2.924808e+01  7.100000e-01
   endloop
 endfacet
 facet normal  7.933533e-01 -6.087614e-01  0.000000e+00
   outer loop
     vertex  2.158588e+01 -2.935163e+01  0.000000e+00
     vertex  2.166534e+01 -2.924808e+01  0.000000e+00
     vertex  2.166534e+01 -2.924808e+01  7.100000e-01
   endloop
 endfacet
 facet normal  7.933533e-01 -6.087614e-01  0.000000e+00
   outer loop
     vertex  2.158588e+01 -2.935163e+01  0.000000e+00
     vertex  2.166534e+01 -2.924808e+01  7.100000e-01
     vertex  2.158588e+01 -2.935163e+01  7.100000e-01
   endloop
 endfacet
 facet normal  9.238795e-01 -3.826834e-01  0.000000e+00
   outer loop
     vertex  2.153593e+01 -2.947222e+01  0.000000e+00
     vertex  2.158588e+01 -2.935163e+01  0.000000e+00
     vertex  2.158588e+01 -2.935163e+01  7.100000e-01
   endloop
 endfacet
 facet normal  9.238795e-01 -3.826834e-01  0.000000e+00
   outer loop
     vertex  2.153593e+01 -2.947222e+01  0.000000e+00
     vertex  2.158588e+01 -2.935163e+01  7.100000e-01
     vertex  2.153593e+01 -2.947222e+01  7.100000e-01
   endloop
 endfacet
 facet normal  9.914449e-01 -1.305262e-01  0.000000e+00
   outer loop
     vertex  2.151889e+01 -2.960163e+01  0.000000e+00
     vertex  2.153593e+01 -2.947222e+01  0.000000e+00
     vertex  2.153593e+01 -2.947222e+01  7.100000e-01
   endloop
 endfacet
 facet normal  9.914449e-01 -1.305262e-01  0.000000e+00
   outer loop
     vertex  2.151889e+01 -2.960163e+01  0.000000e+00
     vertex  2.153593e+01 -2.947222e+01  7.100000e-01
     vertex  2.151889e+01 -2.960163e+01  7.100000e-01
   endloop
 endfacet
 facet normal  9.238795e-01  3.826834e-01 -0.000000e+00
   outer loop
     vertex  2.153593e+01 -2.973104e+01  0.000000e+00
     vertex  2.153593e+01 -2.973104e+01  7.100000e-01
     vertex  2.158588e+01 -2.985163e+01  7.100000e-01
   endloop
 endfacet
 facet normal  9.914449e-01  1.305262e-01 -0.000000e+00
   outer loop
     vertex  2.153593e+01 -2.973104e+01  0.000000e+00
     vertex  2.151889e+01 -2.960163e+01  7.100000e-01
     vertex  2.153593e+01 -2.973104e+01  7.100000e-01
   endloop
 endfacet
 facet normal  9.914449e-01  1.305262e-01  0.000000e+00
   outer loop
     vertex  2.153593e+01 -2.973104e+01  0.000000e+00
     vertex  2.151889e+01 -2.960163e+01  0.000000e+00
     vertex  2.151889e+01 -2.960163e+01  7.100000e-01
   endloop
 endfacet
 facet normal  9.238795e-01  3.826834e-01 -0.000000e+00
   outer loop
     vertex  2.158588e+01 -2.985163e+01  0.000000e+00
     vertex  2.153593e+01 -2.973104e+01  0.000000e+00
     vertex  2.158588e+01 -2.985163e+01  7.100000e-01
   endloop
 endfacet
 facet normal  7.933533e-01  6.087614e-01 -0.000000e+00
   outer loop
     vertex  2.158588e+01 -2.985163e+01  0.000000e+00
     vertex  2.158588e+01 -2.985163e+01  7.100000e-01
     vertex  2.166534e+01 -2.995518e+01  7.100000e-01
   endloop
 endfacet
 facet normal  6.087614e-01  7.933533e-01 -0.000000e+00
   outer loop
     vertex  2.166534e+01 -2.995518e+01  0.000000e+00
     vertex  2.166534e+01 -2.995518e+01  7.100000e-01
     vertex  2.176889e+01 -3.003464e+01  7.100000e-01
   endloop
 endfacet
 facet normal  7.933533e-01  6.087614e-01 -0.000000e+00
   outer loop
     vertex  2.166534e+01 -2.995518e+01  0.000000e+00
     vertex  2.158588e+01 -2.985163e+01  0.000000e+00
     vertex  2.166534e+01 -2.995518e+01  7.100000e-01
   endloop
 endfacet
 facet normal  6.087614e-01  7.933533e-01 -0.000000e+00
   outer loop
     vertex  2.176889e+01 -3.003464e+01  0.000000e+00
     vertex  2.166534e+01 -2.995518e+01  0.000000e+00
     vertex  2.176889e+01 -3.003464e+01  7.100000e-01
   endloop
 endfacet
 facet normal  3.826834e-01  9.238795e-01 -0.000000e+00
   outer loop
     vertex  2.188948e+01 -3.008459e+01  0.000000e+00
     vertex  2.176889e+01 -3.003464e+01  7.100000e-01
     vertex  2.188948e+01 -3.008459e+01  7.100000e-01
   endloop
 endfacet
 facet normal  3.826834e-01  9.238795e-01  0.000000e+00
   outer loop
     vertex  2.188948e+01 -3.008459e+01  0.000000e+00
     vertex  2.176889e+01 -3.003464e+01  0.000000e+00
     vertex  2.176889e+01 -3.003464e+01  7.100000e-01
   endloop
 endfacet
 facet normal  1.305262e-01  9.914449e-01 -0.000000e+00
   outer loop
     vertex  2.201889e+01 -3.010163e+01  0.000000e+00
     vertex  2.188948e+01 -3.008459e+01  7.100000e-01
     vertex  2.201889e+01 -3.010163e+01  7.100000e-01
   endloop
 endfacet
 facet normal  1.305262e-01  9.914449e-01  0.000000e+00
   outer loop
     vertex  2.201889e+01 -3.010163e+01  0.000000e+00
     vertex  2.188948e+01 -3.008459e+01  0.000000e+00
     vertex  2.188948e+01 -3.008459e+01  7.100000e-01
   endloop
 endfacet
 facet normal -1.305262e-01  9.914449e-01  0.000000e+00
   outer loop
     vertex  2.214830e+01 -2.754459e+01  0.000000e+00
     vertex  2.201889e+01 -2.756163e+01  0.000000e+00
     vertex  2.201889e+01 -2.756163e+01  7.100000e-01
   endloop
 endfacet
 facet normal -1.305262e-01  9.914449e-01  0.000000e+00
   outer loop
     vertex  2.214830e+01 -2.754459e+01  0.000000e+00
     vertex  2.201889e+01 -2.756163e+01  7.100000e-01
     vertex  2.214830e+01 -2.754459e+01  7.100000e-01
   endloop
 endfacet
 facet normal -3.826834e-01  9.238795e-01  0.000000e+00
   outer loop
     vertex  2.226889e+01 -2.749464e+01  0.000000e+00
     vertex  2.214830e+01 -2.754459e+01  7.100000e-01
     vertex  2.226889e+01 -2.749464e+01  7.100000e-01
   endloop
 endfacet
 facet normal -3.826834e-01  9.238795e-01  0.000000e+00
   outer loop
     vertex  2.226889e+01 -2.749464e+01  0.000000e+00
     vertex  2.214830e+01 -2.754459e+01  0.000000e+00
     vertex  2.214830e+01 -2.754459e+01  7.100000e-01
   endloop
 endfacet
 facet normal -6.087614e-01  7.933533e-01  0.000000e+00
   outer loop
     vertex  2.237245e+01 -2.741518e+01  0.000000e+00
     vertex  2.226889e+01 -2.749464e+01  7.100000e-01
     vertex  2.237245e+01 -2.741518e+01  7.100000e-01
   endloop
 endfacet
 facet normal -6.087614e-01  7.933533e-01  0.000000e+00
   outer loop
     vertex  2.237245e+01 -2.741518e+01  0.000000e+00
     vertex  2.226889e+01 -2.749464e+01  0.000000e+00
     vertex  2.226889e+01 -2.749464e+01  7.100000e-01
   endloop
 endfacet
 facet normal -7.933533e-01  6.087614e-01  0.000000e+00
   outer loop
     vertex  2.245190e+01 -2.731163e+01  0.000000e+00
     vertex  2.237245e+01 -2.741518e+01  7.100000e-01
     vertex  2.245190e+01 -2.731163e+01  7.100000e-01
   endloop
 endfacet
 facet normal -7.933533e-01  6.087614e-01  0.000000e+00
   outer loop
     vertex  2.245190e+01 -2.731163e+01  0.000000e+00
     vertex  2.237245e+01 -2.741518e+01  0.000000e+00
     vertex  2.237245e+01 -2.741518e+01  7.100000e-01
   endloop
 endfacet
 facet normal -9.238795e-01  3.826834e-01  0.000000e+00
   outer loop
     vertex  2.250185e+01 -2.719104e+01  0.000000e+00
     vertex  2.245190e+01 -2.731163e+01  7.100000e-01
     vertex  2.250185e+01 -2.719104e+01  7.100000e-01
   endloop
 endfacet
 facet normal -9.238795e-01  3.826834e-01  0.000000e+00
   outer loop
     vertex  2.250185e+01 -2.719104e+01  0.000000e+00
     vertex  2.245190e+01 -2.731163e+01  0.000000e+00
     vertex  2.245190e+01 -2.731163e+01  7.100000e-01
   endloop
 endfacet
 facet normal -9.914449e-01  1.305262e-01  0.000000e+00
   outer loop
     vertex  2.251889e+01 -2.706163e+01  0.000000e+00
     vertex  2.250185e+01 -2.719104e+01  7.100000e-01
     vertex  2.251889e+01 -2.706163e+01  7.100000e-01
   endloop
 endfacet
 facet normal -9.914449e-01  1.305262e-01  0.000000e+00
   outer loop
     vertex  2.251889e+01 -2.706163e+01  0.000000e+00
     vertex  2.250185e+01 -2.719104e+01  0.000000e+00
     vertex  2.250185e+01 -2.719104e+01  7.100000e-01
   endloop
 endfacet
 facet normal -9.914449e-01 -1.305262e-01  0.000000e+00
   outer loop
     vertex  2.250185e+01 -2.693222e+01  0.000000e+00
     vertex  2.251889e+01 -2.706163e+01  7.100000e-01
     vertex  2.250185e+01 -2.693222e+01  7.100000e-01
   endloop
 endfacet
 facet normal -9.914449e-01 -1.305262e-01  0.000000e+00
   outer loop
     vertex  2.250185e+01 -2.693222e+01  0.000000e+00
     vertex  2.251889e+01 -2.706163e+01  0.000000e+00
     vertex  2.251889e+01 -2.706163e+01  7.100000e-01
   endloop
 endfacet
 facet normal -7.933533e-01 -6.087614e-01  0.000000e+00
   outer loop
     vertex  2.245190e+01 -2.681163e+01  0.000000e+00
     vertex  2.245190e+01 -2.681163e+01  7.100000e-01
     vertex  2.237245e+01 -2.670808e+01  7.100000e-01
   endloop
 endfacet
 facet normal -9.238795e-01 -3.826834e-01  0.000000e+00
   outer loop
     vertex  2.245190e+01 -2.681163e+01  0.000000e+00
     vertex  2.250185e+01 -2.693222e+01  7.100000e-01
     vertex  2.245190e+01 -2.681163e+01  7.100000e-01
   endloop
 endfacet
 facet normal -9.238795e-01 -3.826834e-01  0.000000e+00
   outer loop
     vertex  2.245190e+01 -2.681163e+01  0.000000e+00
     vertex  2.250185e+01 -2.693222e+01  0.000000e+00
     vertex  2.250185e+01 -2.693222e+01  7.100000e-01
   endloop
 endfacet
 facet normal -6.087614e-01 -7.933533e-01  0.000000e+00
   outer loop
     vertex  2.237245e+01 -2.670808e+01  0.000000e+00
     vertex  2.237245e+01 -2.670808e+01  7.100000e-01
     vertex  2.226889e+01 -2.662862e+01  7.100000e-01
   endloop
 endfacet
 facet normal -7.933533e-01 -6.087614e-01  0.000000e+00
   outer loop
     vertex  2.237245e+01 -2.670808e+01  0.000000e+00
     vertex  2.245190e+01 -2.681163e+01  0.000000e+00
     vertex  2.237245e+01 -2.670808e+01  7.100000e-01
   endloop
 endfacet
 facet normal -6.087614e-01 -7.933533e-01  0.000000e+00
   outer loop
     vertex  2.226889e+01 -2.662862e+01  0.000000e+00
     vertex  2.237245e+01 -2.670808e+01  0.000000e+00
     vertex  2.226889e+01 -2.662862e+01  7.100000e-01
   endloop
 endfacet
 facet normal -3.826834e-01 -9.238795e-01  0.000000e+00
   outer loop
     vertex  2.214830e+01 -2.657867e+01  0.000000e+00
     vertex  2.226889e+01 -2.662862e+01  0.000000e+00
     vertex  2.226889e+01 -2.662862e+01  7.100000e-01
   endloop
 endfacet
 facet normal -1.305262e-01 -9.914449e-01  0.000000e+00
   outer loop
     vertex  2.214830e+01 -2.657867e+01  0.000000e+00
     vertex  2.214830e+01 -2.657867e+01  7.100000e-01
     vertex  2.201889e+01 -2.656163e+01  7.100000e-01
   endloop
 endfacet
 facet normal -3.826834e-01 -9.238795e-01  0.000000e+00
   outer loop
     vertex  2.214830e+01 -2.657867e+01  0.000000e+00
     vertex  2.226889e+01 -2.662862e+01  7.100000e-01
     vertex  2.214830e+01 -2.657867e+01  7.100000e-01
   endloop
 endfacet
 facet normal -1.305262e-01 -9.914449e-01  0.000000e+00
   outer loop
     vertex  2.201889e+01 -2.656163e+01  0.000000e+00
     vertex  2.214830e+01 -2.657867e+01  0.000000e+00
     vertex  2.201889e+01 -2.656163e+01  7.100000e-01
   endloop
 endfacet
 facet normal  1.305262e-01 -9.914449e-01  0.000000e+00
   outer loop
     vertex  2.188948e+01 -2.657867e+01  0.000000e+00
     vertex  2.201889e+01 -2.656163e+01  0.000000e+00
     vertex  2.201889e+01 -2.656163e+01  7.100000e-01
   endloop
 endfacet
 facet normal  1.305262e-01 -9.914449e-01  0.000000e+00
   outer loop
     vertex  2.188948e+01 -2.657867e+01  0.000000e+00
     vertex  2.201889e+01 -2.656163e+01  7.100000e-01
     vertex  2.188948e+01 -2.657867e+01  7.100000e-01
   endloop
 endfacet
 facet normal  3.826834e-01 -9.238795e-01  0.000000e+00
   outer loop
     vertex  2.176889e+01 -2.662862e+01  0.000000e+00
     vertex  2.188948e+01 -2.657867e+01  0.000000e+00
     vertex  2.188948e+01 -2.657867e+01  7.100000e-01
   endloop
 endfacet
 facet normal  3.826834e-01 -9.238795e-01  0.000000e+00
   outer loop
     vertex  2.176889e+01 -2.662862e+01  0.000000e+00
     vertex  2.188948e+01 -2.657867e+01  7.100000e-01
     vertex  2.176889e+01 -2.662862e+01  7.100000e-01
   endloop
 endfacet
 facet normal  6.087614e-01 -7.933533e-01  0.000000e+00
   outer loop
     vertex  2.166534e+01 -2.670808e+01  0.000000e+00
     vertex  2.176889e+01 -2.662862e+01  0.000000e+00
     vertex  2.176889e+01 -2.662862e+01  7.100000e-01
   endloop
 endfacet
 facet normal  6.087614e-01 -7.933533e-01  0.000000e+00
   outer loop
     vertex  2.166534e+01 -2.670808e+01  0.000000e+00
     vertex  2.176889e+01 -2.662862e+01  7.100000e-01
     vertex  2.166534e+01 -2.670808e+01  7.100000e-01
   endloop
 endfacet
 facet normal  7.933533e-01 -6.087614e-01  0.000000e+00
   outer loop
     vertex  2.158588e+01 -2.681163e+01  0.000000e+00
     vertex  2.166534e+01 -2.670808e+01  0.000000e+00
     vertex  2.166534e+01 -2.670808e+01  7.100000e-01
   endloop
 endfacet
 facet normal  7.933533e-01 -6.087614e-01  0.000000e+00
   outer loop
     vertex  2.158588e+01 -2.681163e+01  0.000000e+00
     vertex  2.166534e+01 -2.670808e+01  7.100000e-01
     vertex  2.158588e+01 -2.681163e+01  7.100000e-01
   endloop
 endfacet
 facet normal  9.238795e-01 -3.826834e-01  0.000000e+00
   outer loop
     vertex  2.153593e+01 -2.693222e+01  0.000000e+00
     vertex  2.158588e+01 -2.681163e+01  0.000000e+00
     vertex  2.158588e+01 -2.681163e+01  7.100000e-01
   endloop
 endfacet
 facet normal  9.238795e-01 -3.826834e-01  0.000000e+00
   outer loop
     vertex  2.153593e+01 -2.693222e+01  0.000000e+00
     vertex  2.158588e+01 -2.681163e+01  7.100000e-01
     vertex  2.153593e+01 -2.693222e+01  7.100000e-01
   endloop
 endfacet
 facet normal  9.914449e-01 -1.305262e-01  0.000000e+00
   outer loop
     vertex  2.151889e+01 -2.706163e+01  0.000000e+00
     vertex  2.153593e+01 -2.693222e+01  0.000000e+00
     vertex  2.153593e+01 -2.693222e+01  7.100000e-01
   endloop
 endfacet
 facet normal  9.914449e-01 -1.305262e-01  0.000000e+00
   outer loop
     vertex  2.151889e+01 -2.706163e+01  0.000000e+00
     vertex  2.153593e+01 -2.693222e+01  7.100000e-01
     vertex  2.151889e+01 -2.706163e+01  7.100000e-01
   endloop
 endfacet
 facet normal  9.238795e-01  3.826834e-01 -0.000000e+00
   outer loop
     vertex  2.153593e+01 -2.719104e+01  0.000000e+00
     vertex  2.153593e+01 -2.719104e+01  7.100000e-01
     vertex  2.158588e+01 -2.731163e+01  7.100000e-01
   endloop
 endfacet
 facet normal  9.914449e-01  1.305262e-01 -0.000000e+00
   outer loop
     vertex  2.153593e+01 -2.719104e+01  0.000000e+00
     vertex  2.151889e+01 -2.706163e+01  7.100000e-01
     vertex  2.153593e+01 -2.719104e+01  7.100000e-01
   endloop
 endfacet
 facet normal  9.914449e-01  1.305262e-01  0.000000e+00
   outer loop
     vertex  2.153593e+01 -2.719104e+01  0.000000e+00
     vertex  2.151889e+01 -2.706163e+01  0.000000e+00
     vertex  2.151889e+01 -2.706163e+01  7.100000e-01
   endloop
 endfacet
 facet normal  9.238795e-01  3.826834e-01 -0.000000e+00
   outer loop
     vertex  2.158588e+01 -2.731163e+01  0.000000e+00
     vertex  2.153593e+01 -2.719104e+01  0.000000e+00
     vertex  2.158588e+01 -2.731163e+01  7.100000e-01
   endloop
 endfacet
 facet normal  7.933533e-01  6.087614e-01 -0.000000e+00
   outer loop
     vertex  2.158588e+01 -2.731163e+01  0.000000e+00
     vertex  2.158588e+01 -2.731163e+01  7.100000e-01
     vertex  2.166534e+01 -2.741518e+01  7.100000e-01
   endloop
 endfacet
 facet normal  6.087614e-01  7.933533e-01 -0.000000e+00
   outer loop
     vertex  2.166534e+01 -2.741518e+01  0.000000e+00
     vertex  2.166534e+01 -2.741518e+01  7.100000e-01
     vertex  2.176889e+01 -2.749464e+01  7.100000e-01
   endloop
 endfacet
 facet normal  7.933533e-01  6.087614e-01 -0.000000e+00
   outer loop
     vertex  2.166534e+01 -2.741518e+01  0.000000e+00
     vertex  2.158588e+01 -2.731163e+01  0.000000e+00
     vertex  2.166534e+01 -2.741518e+01  7.100000e-01
   endloop
 endfacet
 facet normal  6.087614e-01  7.933533e-01 -0.000000e+00
   outer loop
     vertex  2.176889e+01 -2.749464e+01  0.000000e+00
     vertex  2.166534e+01 -2.741518e+01  0.000000e+00
     vertex  2.176889e+01 -2.749464e+01  7.100000e-01
   endloop
 endfacet
 facet normal  3.826834e-01  9.238795e-01 -0.000000e+00
   outer loop
     vertex  2.188948e+01 -2.754459e+01  0.000000e+00
     vertex  2.176889e+01 -2.749464e+01  7.100000e-01
     vertex  2.188948e+01 -2.754459e+01  7.100000e-01
   endloop
 endfacet
 facet normal  3.826834e-01  9.238795e-01  0.000000e+00
   outer loop
     vertex  2.188948e+01 -2.754459e+01  0.000000e+00
     vertex  2.176889e+01 -2.749464e+01  0.000000e+00
     vertex  2.176889e+01 -2.749464e+01  7.100000e-01
   endloop
 endfacet
 facet normal  1.305262e-01  9.914449e-01 -0.000000e+00
   outer loop
     vertex  2.201889e+01 -2.756163e+01  0.000000e+00
     vertex  2.188948e+01 -2.754459e+01  7.100000e-01
     vertex  2.201889e+01 -2.756163e+01  7.100000e-01
   endloop
 endfacet
 facet normal  1.305262e-01  9.914449e-01  0.000000e+00
   outer loop
     vertex  2.201889e+01 -2.756163e+01  0.000000e+00
     vertex  2.188948e+01 -2.754459e+01  0.000000e+00
     vertex  2.188948e+01 -2.754459e+01  7.100000e-01
   endloop
 endfacet
 facet normal -1.305262e-01  9.914449e-01  0.000000e+00
   outer loop
     vertex  2.214830e+01 -2.500459e+01  0.000000e+00
     vertex  2.201889e+01 -2.502163e+01  0.000000e+00
     vertex  2.201889e+01 -2.502163e+01  7.100000e-01
   endloop
 endfacet
 facet normal -1.305262e-01  9.914449e-01  0.000000e+00
   outer loop
     vertex  2.214830e+01 -2.500459e+01  0.000000e+00
     vertex  2.201889e+01 -2.502163e+01  7.100000e-01
     vertex  2.214830e+01 -2.500459e+01  7.100000e-01
   endloop
 endfacet
 facet normal -3.826834e-01  9.238795e-01  0.000000e+00
   outer loop
     vertex  2.226889e+01 -2.495464e+01  0.000000e+00
     vertex  2.214830e+01 -2.500459e+01  7.100000e-01
     vertex  2.226889e+01 -2.495464e+01  7.100000e-01
   endloop
 endfacet
 facet normal -3.826834e-01  9.238795e-01  0.000000e+00
   outer loop
     vertex  2.226889e+01 -2.495464e+01  0.000000e+00
     vertex  2.214830e+01 -2.500459e+01  0.000000e+00
     vertex  2.214830e+01 -2.500459e+01  7.100000e-01
   endloop
 endfacet
 facet normal -6.087614e-01  7.933533e-01  0.000000e+00
   outer loop
     vertex  2.237245e+01 -2.487518e+01  0.000000e+00
     vertex  2.226889e+01 -2.495464e+01  7.100000e-01
     vertex  2.237245e+01 -2.487518e+01  7.100000e-01
   endloop
 endfacet
 facet normal -6.087614e-01  7.933533e-01  0.000000e+00
   outer loop
     vertex  2.237245e+01 -2.487518e+01  0.000000e+00
     vertex  2.226889e+01 -2.495464e+01  0.000000e+00
     vertex  2.226889e+01 -2.495464e+01  7.100000e-01
   endloop
 endfacet
 facet normal -7.933533e-01  6.087614e-01  0.000000e+00
   outer loop
     vertex  2.245190e+01 -2.477163e+01  0.000000e+00
     vertex  2.237245e+01 -2.487518e+01  7.100000e-01
     vertex  2.245190e+01 -2.477163e+01  7.100000e-01
   endloop
 endfacet
 facet normal -7.933533e-01  6.087614e-01  0.000000e+00
   outer loop
     vertex  2.245190e+01 -2.477163e+01  0.000000e+00
     vertex  2.237245e+01 -2.487518e+01  0.000000e+00
     vertex  2.237245e+01 -2.487518e+01  7.100000e-01
   endloop
 endfacet
 facet normal -9.238795e-01  3.826834e-01  0.000000e+00
   outer loop
     vertex  2.250185e+01 -2.465104e+01  0.000000e+00
     vertex  2.245190e+01 -2.477163e+01  7.100000e-01
     vertex  2.250185e+01 -2.465104e+01  7.100000e-01
   endloop
 endfacet
 facet normal -9.238795e-01  3.826834e-01  0.000000e+00
   outer loop
     vertex  2.250185e+01 -2.465104e+01  0.000000e+00
     vertex  2.245190e+01 -2.477163e+01  0.000000e+00
     vertex  2.245190e+01 -2.477163e+01  7.100000e-01
   endloop
 endfacet
 facet normal -9.914449e-01  1.305262e-01  0.000000e+00
   outer loop
     vertex  2.251889e+01 -2.452163e+01  0.000000e+00
     vertex  2.250185e+01 -2.465104e+01  7.100000e-01
     vertex  2.251889e+01 -2.452163e+01  7.100000e-01
   endloop
 endfacet
 facet normal -9.914449e-01  1.305262e-01  0.000000e+00
   outer loop
     vertex  2.251889e+01 -2.452163e+01  0.000000e+00
     vertex  2.250185e+01 -2.465104e+01  0.000000e+00
     vertex  2.250185e+01 -2.465104e+01  7.100000e-01
   endloop
 endfacet
 facet normal -9.914449e-01 -1.305262e-01  0.000000e+00
   outer loop
     vertex  2.250185e+01 -2.439222e+01  0.000000e+00
     vertex  2.251889e+01 -2.452163e+01  7.100000e-01
     vertex  2.250185e+01 -2.439222e+01  7.100000e-01
   endloop
 endfacet
 facet normal -9.914449e-01 -1.305262e-01  0.000000e+00
   outer loop
     vertex  2.250185e+01 -2.439222e+01  0.000000e+00
     vertex  2.251889e+01 -2.452163e+01  0.000000e+00
     vertex  2.251889e+01 -2.452163e+01  7.100000e-01
   endloop
 endfacet
 facet normal -7.933533e-01 -6.087614e-01  0.000000e+00
   outer loop
     vertex  2.245190e+01 -2.427163e+01  0.000000e+00
     vertex  2.245190e+01 -2.427163e+01  7.100000e-01
     vertex  2.237245e+01 -2.416808e+01  7.100000e-01
   endloop
 endfacet
 facet normal -9.238795e-01 -3.826834e-01  0.000000e+00
   outer loop
     vertex  2.245190e+01 -2.427163e+01  0.000000e+00
     vertex  2.250185e+01 -2.439222e+01  7.100000e-01
     vertex  2.245190e+01 -2.427163e+01  7.100000e-01
   endloop
 endfacet
 facet normal -9.238795e-01 -3.826834e-01  0.000000e+00
   outer loop
     vertex  2.245190e+01 -2.427163e+01  0.000000e+00
     vertex  2.250185e+01 -2.439222e+01  0.000000e+00
     vertex  2.250185e+01 -2.439222e+01  7.100000e-01
   endloop
 endfacet
 facet normal -6.087614e-01 -7.933533e-01  0.000000e+00
   outer loop
     vertex  2.237245e+01 -2.416808e+01  0.000000e+00
     vertex  2.237245e+01 -2.416808e+01  7.100000e-01
     vertex  2.226889e+01 -2.408862e+01  7.100000e-01
   endloop
 endfacet
 facet normal -7.933533e-01 -6.087614e-01  0.000000e+00
   outer loop
     vertex  2.237245e+01 -2.416808e+01  0.000000e+00
     vertex  2.245190e+01 -2.427163e+01  0.000000e+00
     vertex  2.237245e+01 -2.416808e+01  7.100000e-01
   endloop
 endfacet
 facet normal -6.087614e-01 -7.933533e-01  0.000000e+00
   outer loop
     vertex  2.226889e+01 -2.408862e+01  0.000000e+00
     vertex  2.237245e+01 -2.416808e+01  0.000000e+00
     vertex  2.226889e+01 -2.408862e+01  7.100000e-01
   endloop
 endfacet
 facet normal -3.826834e-01 -9.238795e-01  0.000000e+00
   outer loop
     vertex  2.214830e+01 -2.403867e+01  0.000000e+00
     vertex  2.226889e+01 -2.408862e+01  0.000000e+00
     vertex  2.226889e+01 -2.408862e+01  7.100000e-01
   endloop
 endfacet
 facet normal -1.305262e-01 -9.914449e-01  0.000000e+00
   outer loop
     vertex  2.214830e+01 -2.403867e+01  0.000000e+00
     vertex  2.214830e+01 -2.403867e+01  7.100000e-01
     vertex  2.201889e+01 -2.402163e+01  7.100000e-01
   endloop
 endfacet
 facet normal -3.826834e-01 -9.238795e-01  0.000000e+00
   outer loop
     vertex  2.214830e+01 -2.403867e+01  0.000000e+00
     vertex  2.226889e+01 -2.408862e+01  7.100000e-01
     vertex  2.214830e+01 -2.403867e+01  7.100000e-01
   endloop
 endfacet
 facet normal -1.305262e-01 -9.914449e-01  0.000000e+00
   outer loop
     vertex  2.201889e+01 -2.402163e+01  0.000000e+00
     vertex  2.214830e+01 -2.403867e+01  0.000000e+00
     vertex  2.201889e+01 -2.402163e+01  7.100000e-01
   endloop
 endfacet
 facet normal  1.305262e-01 -9.914449e-01  0.000000e+00
   outer loop
     vertex  2.188948e+01 -2.403867e+01  0.000000e+00
     vertex  2.201889e+01 -2.402163e+01  0.000000e+00
     vertex  2.201889e+01 -2.402163e+01  7.100000e-01
   endloop
 endfacet
 facet normal  1.305262e-01 -9.914449e-01  0.000000e+00
   outer loop
     vertex  2.188948e+01 -2.403867e+01  0.000000e+00
     vertex  2.201889e+01 -2.402163e+01  7.100000e-01
     vertex  2.188948e+01 -2.403867e+01  7.100000e-01
   endloop
 endfacet
 facet normal  3.826834e-01 -9.238795e-01  0.000000e+00
   outer loop
     vertex  2.176889e+01 -2.408862e+01  0.000000e+00
     vertex  2.188948e+01 -2.403867e+01  0.000000e+00
     vertex  2.188948e+01 -2.403867e+01  7.100000e-01
   endloop
 endfacet
 facet normal  3.826834e-01 -9.238795e-01  0.000000e+00
   outer loop
     vertex  2.176889e+01 -2.408862e+01  0.000000e+00
     vertex  2.188948e+01 -2.403867e+01  7.100000e-01
     vertex  2.176889e+01 -2.408862e+01  7.100000e-01
   endloop
 endfacet
 facet normal  6.087614e-01 -7.933533e-01  0.000000e+00
   outer loop
     vertex  2.166534e+01 -2.416808e+01  0.000000e+00
     vertex  2.176889e+01 -2.408862e+01  0.000000e+00
     vertex  2.176889e+01 -2.408862e+01  7.100000e-01
   endloop
 endfacet
 facet normal  6.087614e-01 -7.933533e-01  0.000000e+00
   outer loop
     vertex  2.166534e+01 -2.416808e+01  0.000000e+00
     vertex  2.176889e+01 -2.408862e+01  7.100000e-01
     vertex  2.166534e+01 -2.416808e+01  7.100000e-01
   endloop
 endfacet
 facet normal  7.933533e-01 -6.087614e-01  0.000000e+00
   outer loop
     vertex  2.158588e+01 -2.427163e+01  0.000000e+00
     vertex  2.166534e+01 -2.416808e+01  0.000000e+00
     vertex  2.166534e+01 -2.416808e+01  7.100000e-01
   endloop
 endfacet
 facet normal  7.933533e-01 -6.087614e-01  0.000000e+00
   outer loop
     vertex  2.158588e+01 -2.427163e+01  0.000000e+00
     vertex  2.166534e+01 -2.416808e+01  7.100000e-01
     vertex  2.158588e+01 -2.427163e+01  7.100000e-01
   endloop
 endfacet
 facet normal  9.238795e-01 -3.826834e-01  0.000000e+00
   outer loop
     vertex  2.153593e+01 -2.439222e+01  0.000000e+00
     vertex  2.158588e+01 -2.427163e+01  0.000000e+00
     vertex  2.158588e+01 -2.427163e+01  7.100000e-01
   endloop
 endfacet
 facet normal  9.238795e-01 -3.826834e-01  0.000000e+00
   outer loop
     vertex  2.153593e+01 -2.439222e+01  0.000000e+00
     vertex  2.158588e+01 -2.427163e+01  7.100000e-01
     vertex  2.153593e+01 -2.439222e+01  7.100000e-01
   endloop
 endfacet
 facet normal  9.914449e-01 -1.305262e-01  0.000000e+00
   outer loop
     vertex  2.151889e+01 -2.452163e+01  0.000000e+00
     vertex  2.153593e+01 -2.439222e+01  0.000000e+00
     vertex  2.153593e+01 -2.439222e+01  7.100000e-01
   endloop
 endfacet
 facet normal  9.914449e-01 -1.305262e-01  0.000000e+00
   outer loop
     vertex  2.151889e+01 -2.452163e+01  0.000000e+00
     vertex  2.153593e+01 -2.439222e+01  7.100000e-01
     vertex  2.151889e+01 -2.452163e+01  7.100000e-01
   endloop
 endfacet
 facet normal  9.238795e-01  3.826834e-01 -0.000000e+00
   outer loop
     vertex  2.153593e+01 -2.465104e+01  0.000000e+00
     vertex  2.153593e+01 -2.465104e+01  7.100000e-01
     vertex  2.158588e+01 -2.477163e+01  7.100000e-01
   endloop
 endfacet
 facet normal  9.914449e-01  1.305262e-01 -0.000000e+00
   outer loop
     vertex  2.153593e+01 -2.465104e+01  0.000000e+00
     vertex  2.151889e+01 -2.452163e+01  7.100000e-01
     vertex  2.153593e+01 -2.465104e+01  7.100000e-01
   endloop
 endfacet
 facet normal  9.914449e-01  1.305262e-01  0.000000e+00
   outer loop
     vertex  2.153593e+01 -2.465104e+01  0.000000e+00
     vertex  2.151889e+01 -2.452163e+01  0.000000e+00
     vertex  2.151889e+01 -2.452163e+01  7.100000e-01
   endloop
 endfacet
 facet normal  9.238795e-01  3.826834e-01 -0.000000e+00
   outer loop
     vertex  2.158588e+01 -2.477163e+01  0.000000e+00
     vertex  2.153593e+01 -2.465104e+01  0.000000e+00
     vertex  2.158588e+01 -2.477163e+01  7.100000e-01
   endloop
 endfacet
 facet normal  7.933533e-01  6.087614e-01 -0.000000e+00
   outer loop
     vertex  2.158588e+01 -2.477163e+01  0.000000e+00
     vertex  2.158588e+01 -2.477163e+01  7.100000e-01
     vertex  2.166534e+01 -2.487518e+01  7.100000e-01
   endloop
 endfacet
 facet normal  6.087614e-01  7.933533e-01 -0.000000e+00
   outer loop
     vertex  2.166534e+01 -2.487518e+01  0.000000e+00
     vertex  2.166534e+01 -2.487518e+01  7.100000e-01
     vertex  2.176889e+01 -2.495464e+01  7.100000e-01
   endloop
 endfacet
 facet normal  7.933533e-01  6.087614e-01 -0.000000e+00
   outer loop
     vertex  2.166534e+01 -2.487518e+01  0.000000e+00
     vertex  2.158588e+01 -2.477163e+01  0.000000e+00
     vertex  2.166534e+01 -2.487518e+01  7.100000e-01
   endloop
 endfacet
 facet normal  6.087614e-01  7.933533e-01 -0.000000e+00
   outer loop
     vertex  2.176889e+01 -2.495464e+01  0.000000e+00
     vertex  2.166534e+01 -2.487518e+01  0.000000e+00
     vertex  2.176889e+01 -2.495464e+01  7.100000e-01
   endloop
 endfacet
 facet normal  3.826834e-01  9.238795e-01 -0.000000e+00
   outer loop
     vertex  2.188948e+01 -2.500459e+01  0.000000e+00
     vertex  2.176889e+01 -2.495464e+01  7.100000e-01
     vertex  2.188948e+01 -2.500459e+01  7.100000e-01
   endloop
 endfacet
 facet normal  3.826834e-01  9.238795e-01  0.000000e+00
   outer loop
     vertex  2.188948e+01 -2.500459e+01  0.000000e+00
     vertex  2.176889e+01 -2.495464e+01  0.000000e+00
     vertex  2.176889e+01 -2.495464e+01  7.100000e-01
   endloop
 endfacet
 facet normal  1.305262e-01  9.914449e-01 -0.000000e+00
   outer loop
     vertex  2.201889e+01 -2.502163e+01  0.000000e+00
     vertex  2.188948e+01 -2.500459e+01  7.100000e-01
     vertex  2.201889e+01 -2.502163e+01  7.100000e-01
   endloop
 endfacet
 facet normal  1.305262e-01  9.914449e-01  0.000000e+00
   outer loop
     vertex  2.201889e+01 -2.502163e+01  0.000000e+00
     vertex  2.188948e+01 -2.500459e+01  0.000000e+00
     vertex  2.188948e+01 -2.500459e+01  7.100000e-01
   endloop
 endfacet
 facet normal -1.305262e-01  9.914449e-01  0.000000e+00
   outer loop
     vertex  2.214830e+01 -2.246459e+01  0.000000e+00
     vertex  2.201889e+01 -2.248163e+01  0.000000e+00
     vertex  2.201889e+01 -2.248163e+01  7.100000e-01
   endloop
 endfacet
 facet normal -1.305262e-01  9.914449e-01  0.000000e+00
   outer loop
     vertex  2.214830e+01 -2.246459e+01  0.000000e+00
     vertex  2.201889e+01 -2.248163e+01  7.100000e-01
     vertex  2.214830e+01 -2.246459e+01  7.100000e-01
   endloop
 endfacet
 facet normal -3.826834e-01  9.238795e-01  0.000000e+00
   outer loop
     vertex  2.226889e+01 -2.241464e+01  0.000000e+00
     vertex  2.214830e+01 -2.246459e+01  7.100000e-01
     vertex  2.226889e+01 -2.241464e+01  7.100000e-01
   endloop
 endfacet
 facet normal -3.826834e-01  9.238795e-01  0.000000e+00
   outer loop
     vertex  2.226889e+01 -2.241464e+01  0.000000e+00
     vertex  2.214830e+01 -2.246459e+01  0.000000e+00
     vertex  2.214830e+01 -2.246459e+01  7.100000e-01
   endloop
 endfacet
 facet normal -6.087614e-01  7.933533e-01  0.000000e+00
   outer loop
     vertex  2.237245e+01 -2.233518e+01  0.000000e+00
     vertex  2.226889e+01 -2.241464e+01  7.100000e-01
     vertex  2.237245e+01 -2.233518e+01  7.100000e-01
   endloop
 endfacet
 facet normal -6.087614e-01  7.933533e-01  0.000000e+00
   outer loop
     vertex  2.237245e+01 -2.233518e+01  0.000000e+00
     vertex  2.226889e+01 -2.241464e+01  0.000000e+00
     vertex  2.226889e+01 -2.241464e+01  7.100000e-01
   endloop
 endfacet
 facet normal -7.933533e-01  6.087614e-01  0.000000e+00
   outer loop
     vertex  2.245190e+01 -2.223163e+01  0.000000e+00
     vertex  2.237245e+01 -2.233518e+01  7.100000e-01
     vertex  2.245190e+01 -2.223163e+01  7.100000e-01
   endloop
 endfacet
 facet normal -7.933533e-01  6.087614e-01  0.000000e+00
   outer loop
     vertex  2.245190e+01 -2.223163e+01  0.000000e+00
     vertex  2.237245e+01 -2.233518e+01  0.000000e+00
     vertex  2.237245e+01 -2.233518e+01  7.100000e-01
   endloop
 endfacet
 facet normal -9.238795e-01  3.826834e-01  0.000000e+00
   outer loop
     vertex  2.250185e+01 -2.211104e+01  0.000000e+00
     vertex  2.245190e+01 -2.223163e+01  7.100000e-01
     vertex  2.250185e+01 -2.211104e+01  7.100000e-01
   endloop
 endfacet
 facet normal -9.238795e-01  3.826834e-01  0.000000e+00
   outer loop
     vertex  2.250185e+01 -2.211104e+01  0.000000e+00
     vertex  2.245190e+01 -2.223163e+01  0.000000e+00
     vertex  2.245190e+01 -2.223163e+01  7.100000e-01
   endloop
 endfacet
 facet normal -9.914449e-01  1.305262e-01  0.000000e+00
   outer loop
     vertex  2.251889e+01 -2.198163e+01  0.000000e+00
     vertex  2.250185e+01 -2.211104e+01  7.100000e-01
     vertex  2.251889e+01 -2.198163e+01  7.100000e-01
   endloop
 endfacet
 facet normal -9.914449e-01  1.305262e-01  0.000000e+00
   outer loop
     vertex  2.251889e+01 -2.198163e+01  0.000000e+00
     vertex  2.250185e+01 -2.211104e+01  0.000000e+00
     vertex  2.250185e+01 -2.211104e+01  7.100000e-01
   endloop
 endfacet
 facet normal -9.914449e-01 -1.305262e-01  0.000000e+00
   outer loop
     vertex  2.250185e+01 -2.185222e+01  0.000000e+00
     vertex  2.251889e+01 -2.198163e+01  7.100000e-01
     vertex  2.250185e+01 -2.185222e+01  7.100000e-01
   endloop
 endfacet
 facet normal -9.914449e-01 -1.305262e-01  0.000000e+00
   outer loop
     vertex  2.250185e+01 -2.185222e+01  0.000000e+00
     vertex  2.251889e+01 -2.198163e+01  0.000000e+00
     vertex  2.251889e+01 -2.198163e+01  7.100000e-01
   endloop
 endfacet
 facet normal -7.933533e-01 -6.087614e-01  0.000000e+00
   outer loop
     vertex  2.245190e+01 -2.173163e+01  0.000000e+00
     vertex  2.245190e+01 -2.173163e+01  7.100000e-01
     vertex  2.237245e+01 -2.162808e+01  7.100000e-01
   endloop
 endfacet
 facet normal -9.238795e-01 -3.826834e-01  0.000000e+00
   outer loop
     vertex  2.245190e+01 -2.173163e+01  0.000000e+00
     vertex  2.250185e+01 -2.185222e+01  7.100000e-01
     vertex  2.245190e+01 -2.173163e+01  7.100000e-01
   endloop
 endfacet
 facet normal -9.238795e-01 -3.826834e-01  0.000000e+00
   outer loop
     vertex  2.245190e+01 -2.173163e+01  0.000000e+00
     vertex  2.250185e+01 -2.185222e+01  0.000000e+00
     vertex  2.250185e+01 -2.185222e+01  7.100000e-01
   endloop
 endfacet
 facet normal -6.087614e-01 -7.933533e-01  0.000000e+00
   outer loop
     vertex  2.237245e+01 -2.162808e+01  0.000000e+00
     vertex  2.237245e+01 -2.162808e+01  7.100000e-01
     vertex  2.226889e+01 -2.154862e+01  7.100000e-01
   endloop
 endfacet
 facet normal -7.933533e-01 -6.087614e-01  0.000000e+00
   outer loop
     vertex  2.237245e+01 -2.162808e+01  0.000000e+00
     vertex  2.245190e+01 -2.173163e+01  0.000000e+00
     vertex  2.237245e+01 -2.162808e+01  7.100000e-01
   endloop
 endfacet
 facet normal -6.087614e-01 -7.933533e-01  0.000000e+00
   outer loop
     vertex  2.226889e+01 -2.154862e+01  0.000000e+00
     vertex  2.237245e+01 -2.162808e+01  0.000000e+00
     vertex  2.226889e+01 -2.154862e+01  7.100000e-01
   endloop
 endfacet
 facet normal -3.826834e-01 -9.238795e-01  0.000000e+00
   outer loop
     vertex  2.214830e+01 -2.149867e+01  0.000000e+00
     vertex  2.226889e+01 -2.154862e+01  0.000000e+00
     vertex  2.226889e+01 -2.154862e+01  7.100000e-01
   endloop
 endfacet
 facet normal -1.305262e-01 -9.914449e-01  0.000000e+00
   outer loop
     vertex  2.214830e+01 -2.149867e+01  0.000000e+00
     vertex  2.214830e+01 -2.149867e+01  7.100000e-01
     vertex  2.201889e+01 -2.148163e+01  7.100000e-01
   endloop
 endfacet
 facet normal -3.826834e-01 -9.238795e-01  0.000000e+00
   outer loop
     vertex  2.214830e+01 -2.149867e+01  0.000000e+00
     vertex  2.226889e+01 -2.154862e+01  7.100000e-01
     vertex  2.214830e+01 -2.149867e+01  7.100000e-01
   endloop
 endfacet
 facet normal -1.305262e-01 -9.914449e-01  0.000000e+00
   outer loop
     vertex  2.201889e+01 -2.148163e+01  0.000000e+00
     vertex  2.214830e+01 -2.149867e+01  0.000000e+00
     vertex  2.201889e+01 -2.148163e+01  7.100000e-01
   endloop
 endfacet
 facet normal  1.305262e-01 -9.914449e-01  0.000000e+00
   outer loop
     vertex  2.188948e+01 -2.149867e+01  0.000000e+00
     vertex  2.201889e+01 -2.148163e+01  0.000000e+00
     vertex  2.201889e+01 -2.148163e+01  7.100000e-01
   endloop
 endfacet
 facet normal  1.305262e-01 -9.914449e-01  0.000000e+00
   outer loop
     vertex  2.188948e+01 -2.149867e+01  0.000000e+00
     vertex  2.201889e+01 -2.148163e+01  7.100000e-01
     vertex  2.188948e+01 -2.149867e+01  7.100000e-01
   endloop
 endfacet
 facet normal  3.826834e-01 -9.238795e-01  0.000000e+00
   outer loop
     vertex  2.176889e+01 -2.154862e+01  0.000000e+00
     vertex  2.188948e+01 -2.149867e+01  0.000000e+00
     vertex  2.188948e+01 -2.149867e+01  7.100000e-01
   endloop
 endfacet
 facet normal  3.826834e-01 -9.238795e-01  0.000000e+00
   outer loop
     vertex  2.176889e+01 -2.154862e+01  0.000000e+00
     vertex  2.188948e+01 -2.149867e+01  7.100000e-01
     vertex  2.176889e+01 -2.154862e+01  7.100000e-01
   endloop
 endfacet
 facet normal  6.087614e-01 -7.933533e-01  0.000000e+00
   outer loop
     vertex  2.166534e+01 -2.162808e+01  0.000000e+00
     vertex  2.176889e+01 -2.154862e+01  0.000000e+00
     vertex  2.176889e+01 -2.154862e+01  7.100000e-01
   endloop
 endfacet
 facet normal  6.087614e-01 -7.933533e-01  0.000000e+00
   outer loop
     vertex  2.166534e+01 -2.162808e+01  0.000000e+00
     vertex  2.176889e+01 -2.154862e+01  7.100000e-01
     vertex  2.166534e+01 -2.162808e+01  7.100000e-01
   endloop
 endfacet
 facet normal  7.933533e-01 -6.087614e-01  0.000000e+00
   outer loop
     vertex  2.158588e+01 -2.173163e+01  0.000000e+00
     vertex  2.166534e+01 -2.162808e+01  0.000000e+00
     vertex  2.166534e+01 -2.162808e+01  7.100000e-01
   endloop
 endfacet
 facet normal  7.933533e-01 -6.087614e-01  0.000000e+00
   outer loop
     vertex  2.158588e+01 -2.173163e+01  0.000000e+00
     vertex  2.166534e+01 -2.162808e+01  7.100000e-01
     vertex  2.158588e+01 -2.173163e+01  7.100000e-01
   endloop
 endfacet
 facet normal  9.238795e-01 -3.826834e-01  0.000000e+00
   outer loop
     vertex  2.153593e+01 -2.185222e+01  0.000000e+00
     vertex  2.158588e+01 -2.173163e+01  0.000000e+00
     vertex  2.158588e+01 -2.173163e+01  7.100000e-01
   endloop
 endfacet
 facet normal  9.238795e-01 -3.826834e-01  0.000000e+00
   outer loop
     vertex  2.153593e+01 -2.185222e+01  0.000000e+00
     vertex  2.158588e+01 -2.173163e+01  7.100000e-01
     vertex  2.153593e+01 -2.185222e+01  7.100000e-01
   endloop
 endfacet
 facet normal  9.914449e-01 -1.305262e-01  0.000000e+00
   outer loop
     vertex  2.151889e+01 -2.198163e+01  0.000000e+00
     vertex  2.153593e+01 -2.185222e+01  0.000000e+00
     vertex  2.153593e+01 -2.185222e+01  7.100000e-01
   endloop
 endfacet
 facet normal  9.914449e-01 -1.305262e-01  0.000000e+00
   outer loop
     vertex  2.151889e+01 -2.198163e+01  0.000000e+00
     vertex  2.153593e+01 -2.185222e+01  7.100000e-01
     vertex  2.151889e+01 -2.198163e+01  7.100000e-01
   endloop
 endfacet
 facet normal  9.238795e-01  3.826834e-01 -0.000000e+00
   outer loop
     vertex  2.153593e+01 -2.211104e+01  0.000000e+00
     vertex  2.153593e+01 -2.211104e+01  7.100000e-01
     vertex  2.158588e+01 -2.223163e+01  7.100000e-01
   endloop
 endfacet
 facet normal  9.914449e-01  1.305262e-01 -0.000000e+00
   outer loop
     vertex  2.153593e+01 -2.211104e+01  0.000000e+00
     vertex  2.151889e+01 -2.198163e+01  7.100000e-01
     vertex  2.153593e+01 -2.211104e+01  7.100000e-01
   endloop
 endfacet
 facet normal  9.914449e-01  1.305262e-01  0.000000e+00
   outer loop
     vertex  2.153593e+01 -2.211104e+01  0.000000e+00
     vertex  2.151889e+01 -2.198163e+01  0.000000e+00
     vertex  2.151889e+01 -2.198163e+01  7.100000e-01
   endloop
 endfacet
 facet normal  9.238795e-01  3.826834e-01 -0.000000e+00
   outer loop
     vertex  2.158588e+01 -2.223163e+01  0.000000e+00
     vertex  2.153593e+01 -2.211104e+01  0.000000e+00
     vertex  2.158588e+01 -2.223163e+01  7.100000e-01
   endloop
 endfacet
 facet normal  7.933533e-01  6.087614e-01 -0.000000e+00
   outer loop
     vertex  2.158588e+01 -2.223163e+01  0.000000e+00
     vertex  2.158588e+01 -2.223163e+01  7.100000e-01
     vertex  2.166534e+01 -2.233518e+01  7.100000e-01
   endloop
 endfacet
 facet normal  6.087614e-01  7.933533e-01 -0.000000e+00
   outer loop
     vertex  2.166534e+01 -2.233518e+01  0.000000e+00
     vertex  2.166534e+01 -2.233518e+01  7.100000e-01
     vertex  2.176889e+01 -2.241464e+01  7.100000e-01
   endloop
 endfacet
 facet normal  7.933533e-01  6.087614e-01 -0.000000e+00
   outer loop
     vertex  2.166534e+01 -2.233518e+01  0.000000e+00
     vertex  2.158588e+01 -2.223163e+01  0.000000e+00
     vertex  2.166534e+01 -2.233518e+01  7.100000e-01
   endloop
 endfacet
 facet normal  6.087614e-01  7.933533e-01 -0.000000e+00
   outer loop
     vertex  2.176889e+01 -2.241464e+01  0.000000e+00
     vertex  2.166534e+01 -2.233518e+01  0.000000e+00
     vertex  2.176889e+01 -2.241464e+01  7.100000e-01
   endloop
 endfacet
 facet normal  3.826834e-01  9.238795e-01 -0.000000e+00
   outer loop
     vertex  2.188948e+01 -2.246459e+01  0.000000e+00
     vertex  2.176889e+01 -2.241464e+01  7.100000e-01
     vertex  2.188948e+01 -2.246459e+01  7.100000e-01
   endloop
 endfacet
 facet normal  3.826834e-01  9.238795e-01  0.000000e+00
   outer loop
     vertex  2.188948e+01 -2.246459e+01  0.000000e+00
     vertex  2.176889e+01 -2.241464e+01  0.000000e+00
     vertex  2.176889e+01 -2.241464e+01  7.100000e-01
   endloop
 endfacet
 facet normal  1.305262e-01  9.914449e-01 -0.000000e+00
   outer loop
     vertex  2.201889e+01 -2.248163e+01  0.000000e+00
     vertex  2.188948e+01 -2.246459e+01  7.100000e-01
     vertex  2.201889e+01 -2.248163e+01  7.100000e-01
   endloop
 endfacet
 facet normal  1.305262e-01  9.914449e-01  0.000000e+00
   outer loop
     vertex  2.201889e+01 -2.248163e+01  0.000000e+00
     vertex  2.188948e+01 -2.246459e+01  0.000000e+00
     vertex  2.188948e+01 -2.246459e+01  7.100000e-01
   endloop
 endfacet
 facet normal -1.305262e-01  9.914449e-01  0.000000e+00
   outer loop
     vertex  3.072930e+01 -2.870284e+01  0.000000e+00
     vertex  3.059989e+01 -2.871988e+01  0.000000e+00
     vertex  3.059989e+01 -2.871988e+01  7.100000e-01
   endloop
 endfacet
 facet normal -1.305262e-01  9.914449e-01  0.000000e+00
   outer loop
     vertex  3.072930e+01 -2.870284e+01  0.000000e+00
     vertex  3.059989e+01 -2.871988e+01  7.100000e-01
     vertex  3.072930e+01 -2.870284e+01  7.100000e-01
   endloop
 endfacet
 facet normal -3.826834e-01  9.238795e-01  0.000000e+00
   outer loop
     vertex  3.084989e+01 -2.865289e+01  0.000000e+00
     vertex  3.072930e+01 -2.870284e+01  7.100000e-01
     vertex  3.084989e+01 -2.865289e+01  7.100000e-01
   endloop
 endfacet
 facet normal -3.826834e-01  9.238795e-01  0.000000e+00
   outer loop
     vertex  3.084989e+01 -2.865289e+01  0.000000e+00
     vertex  3.072930e+01 -2.870284e+01  0.000000e+00
     vertex  3.072930e+01 -2.870284e+01  7.100000e-01
   endloop
 endfacet
 facet normal -6.087614e-01  7.933533e-01  0.000000e+00
   outer loop
     vertex  3.095345e+01 -2.857343e+01  0.000000e+00
     vertex  3.084989e+01 -2.865289e+01  7.100000e-01
     vertex  3.095345e+01 -2.857343e+01  7.100000e-01
   endloop
 endfacet
 facet normal -6.087614e-01  7.933533e-01  0.000000e+00
   outer loop
     vertex  3.095345e+01 -2.857343e+01  0.000000e+00
     vertex  3.084989e+01 -2.865289e+01  0.000000e+00
     vertex  3.084989e+01 -2.865289e+01  7.100000e-01
   endloop
 endfacet
 facet normal -7.933533e-01  6.087614e-01  0.000000e+00
   outer loop
     vertex  3.103290e+01 -2.846988e+01  0.000000e+00
     vertex  3.095345e+01 -2.857343e+01  7.100000e-01
     vertex  3.103290e+01 -2.846988e+01  7.100000e-01
   endloop
 endfacet
 facet normal -7.933533e-01  6.087614e-01  0.000000e+00
   outer loop
     vertex  3.103290e+01 -2.846988e+01  0.000000e+00
     vertex  3.095345e+01 -2.857343e+01  0.000000e+00
     vertex  3.095345e+01 -2.857343e+01  7.100000e-01
   endloop
 endfacet
 facet normal -9.238795e-01  3.826834e-01  0.000000e+00
   outer loop
     vertex  3.108285e+01 -2.834929e+01  0.000000e+00
     vertex  3.103290e+01 -2.846988e+01  7.100000e-01
     vertex  3.108285e+01 -2.834929e+01  7.100000e-01
   endloop
 endfacet
 facet normal -9.238795e-01  3.826834e-01  0.000000e+00
   outer loop
     vertex  3.108285e+01 -2.834929e+01  0.000000e+00
     vertex  3.103290e+01 -2.846988e+01  0.000000e+00
     vertex  3.103290e+01 -2.846988e+01  7.100000e-01
   endloop
 endfacet
 facet normal -9.914449e-01  1.305262e-01  0.000000e+00
   outer loop
     vertex  3.109989e+01 -2.821988e+01  0.000000e+00
     vertex  3.108285e+01 -2.834929e+01  7.100000e-01
     vertex  3.109989e+01 -2.821988e+01  7.100000e-01
   endloop
 endfacet
 facet normal -9.914449e-01  1.305262e-01  0.000000e+00
   outer loop
     vertex  3.109989e+01 -2.821988e+01  0.000000e+00
     vertex  3.108285e+01 -2.834929e+01  0.000000e+00
     vertex  3.108285e+01 -2.834929e+01  7.100000e-01
   endloop
 endfacet
 facet normal -9.914449e-01 -1.305262e-01  0.000000e+00
   outer loop
     vertex  3.108285e+01 -2.809047e+01  0.000000e+00
     vertex  3.109989e+01 -2.821988e+01  7.100000e-01
     vertex  3.108285e+01 -2.809047e+01  7.100000e-01
   endloop
 endfacet
 facet normal -9.914449e-01 -1.305262e-01  0.000000e+00
   outer loop
     vertex  3.108285e+01 -2.809047e+01  0.000000e+00
     vertex  3.109989e+01 -2.821988e+01  0.000000e+00
     vertex  3.109989e+01 -2.821988e+01  7.100000e-01
   endloop
 endfacet
 facet normal -7.933533e-01 -6.087614e-01  0.000000e+00
   outer loop
     vertex  3.103290e+01 -2.796988e+01  0.000000e+00
     vertex  3.103290e+01 -2.796988e+01  7.100000e-01
     vertex  3.095345e+01 -2.786633e+01  7.100000e-01
   endloop
 endfacet
 facet normal -9.238795e-01 -3.826834e-01  0.000000e+00
   outer loop
     vertex  3.103290e+01 -2.796988e+01  0.000000e+00
     vertex  3.108285e+01 -2.809047e+01  7.100000e-01
     vertex  3.103290e+01 -2.796988e+01  7.100000e-01
   endloop
 endfacet
 facet normal -9.238795e-01 -3.826834e-01  0.000000e+00
   outer loop
     vertex  3.103290e+01 -2.796988e+01  0.000000e+00
     vertex  3.108285e+01 -2.809047e+01  0.000000e+00
     vertex  3.108285e+01 -2.809047e+01  7.100000e-01
   endloop
 endfacet
 facet normal -6.087614e-01 -7.933533e-01  0.000000e+00
   outer loop
     vertex  3.095345e+01 -2.786633e+01  0.000000e+00
     vertex  3.095345e+01 -2.786633e+01  7.100000e-01
     vertex  3.084989e+01 -2.778687e+01  7.100000e-01
   endloop
 endfacet
 facet normal -7.933533e-01 -6.087614e-01  0.000000e+00
   outer loop
     vertex  3.095345e+01 -2.786633e+01  0.000000e+00
     vertex  3.103290e+01 -2.796988e+01  0.000000e+00
     vertex  3.095345e+01 -2.786633e+01  7.100000e-01
   endloop
 endfacet
 facet normal -6.087614e-01 -7.933533e-01  0.000000e+00
   outer loop
     vertex  3.084989e+01 -2.778687e+01  0.000000e+00
     vertex  3.095345e+01 -2.786633e+01  0.000000e+00
     vertex  3.084989e+01 -2.778687e+01  7.100000e-01
   endloop
 endfacet
 facet normal -3.826834e-01 -9.238795e-01  0.000000e+00
   outer loop
     vertex  3.072930e+01 -2.773692e+01  0.000000e+00
     vertex  3.084989e+01 -2.778687e+01  0.000000e+00
     vertex  3.084989e+01 -2.778687e+01  7.100000e-01
   endloop
 endfacet
 facet normal -1.305262e-01 -9.914449e-01  0.000000e+00
   outer loop
     vertex  3.072930e+01 -2.773692e+01  0.000000e+00
     vertex  3.072930e+01 -2.773692e+01  7.100000e-01
     vertex  3.059989e+01 -2.771988e+01  7.100000e-01
   endloop
 endfacet
 facet normal -3.826834e-01 -9.238795e-01  0.000000e+00
   outer loop
     vertex  3.072930e+01 -2.773692e+01  0.000000e+00
     vertex  3.084989e+01 -2.778687e+01  7.100000e-01
     vertex  3.072930e+01 -2.773692e+01  7.100000e-01
   endloop
 endfacet
 facet normal -1.305262e-01 -9.914449e-01  0.000000e+00
   outer loop
     vertex  3.059989e+01 -2.771988e+01  0.000000e+00
     vertex  3.072930e+01 -2.773692e+01  0.000000e+00
     vertex  3.059989e+01 -2.771988e+01  7.100000e-01
   endloop
 endfacet
 facet normal  1.305262e-01 -9.914449e-01  0.000000e+00
   outer loop
     vertex  3.047048e+01 -2.773692e+01  0.000000e+00
     vertex  3.059989e+01 -2.771988e+01  0.000000e+00
     vertex  3.059989e+01 -2.771988e+01  7.100000e-01
   endloop
 endfacet
 facet normal  1.305262e-01 -9.914449e-01  0.000000e+00
   outer loop
     vertex  3.047048e+01 -2.773692e+01  0.000000e+00
     vertex  3.059989e+01 -2.771988e+01  7.100000e-01
     vertex  3.047048e+01 -2.773692e+01  7.100000e-01
   endloop
 endfacet
 facet normal  3.826834e-01 -9.238795e-01  0.000000e+00
   outer loop
     vertex  3.034989e+01 -2.778687e+01  0.000000e+00
     vertex  3.047048e+01 -2.773692e+01  0.000000e+00
     vertex  3.047048e+01 -2.773692e+01  7.100000e-01
   endloop
 endfacet
 facet normal  3.826834e-01 -9.238795e-01  0.000000e+00
   outer loop
     vertex  3.034989e+01 -2.778687e+01  0.000000e+00
     vertex  3.047048e+01 -2.773692e+01  7.100000e-01
     vertex  3.034989e+01 -2.778687e+01  7.100000e-01
   endloop
 endfacet
 facet normal  6.087614e-01 -7.933533e-01  0.000000e+00
   outer loop
     vertex  3.024634e+01 -2.786633e+01  0.000000e+00
     vertex  3.034989e+01 -2.778687e+01  0.000000e+00
     vertex  3.034989e+01 -2.778687e+01  7.100000e-01
   endloop
 endfacet
 facet normal  6.087614e-01 -7.933533e-01  0.000000e+00
   outer loop
     vertex  3.024634e+01 -2.786633e+01  0.000000e+00
     vertex  3.034989e+01 -2.778687e+01  7.100000e-01
     vertex  3.024634e+01 -2.786633e+01  7.100000e-01
   endloop
 endfacet
 facet normal  7.933533e-01 -6.087614e-01  0.000000e+00
   outer loop
     vertex  3.016688e+01 -2.796988e+01  0.000000e+00
     vertex  3.024634e+01 -2.786633e+01  0.000000e+00
     vertex  3.024634e+01 -2.786633e+01  7.100000e-01
   endloop
 endfacet
 facet normal  7.933533e-01 -6.087614e-01  0.000000e+00
   outer loop
     vertex  3.016688e+01 -2.796988e+01  0.000000e+00
     vertex  3.024634e+01 -2.786633e+01  7.100000e-01
     vertex  3.016688e+01 -2.796988e+01  7.100000e-01
   endloop
 endfacet
 facet normal  9.238795e-01 -3.826834e-01  0.000000e+00
   outer loop
     vertex  3.011693e+01 -2.809047e+01  0.000000e+00
     vertex  3.016688e+01 -2.796988e+01  0.000000e+00
     vertex  3.016688e+01 -2.796988e+01  7.100000e-01
   endloop
 endfacet
 facet normal  9.238795e-01 -3.826834e-01  0.000000e+00
   outer loop
     vertex  3.011693e+01 -2.809047e+01  0.000000e+00
     vertex  3.016688e+01 -2.796988e+01  7.100000e-01
     vertex  3.011693e+01 -2.809047e+01  7.100000e-01
   endloop
 endfacet
 facet normal  9.914449e-01 -1.305262e-01  0.000000e+00
   outer loop
     vertex  3.009989e+01 -2.821988e+01  0.000000e+00
     vertex  3.011693e+01 -2.809047e+01  0.000000e+00
     vertex  3.011693e+01 -2.809047e+01  7.100000e-01
   endloop
 endfacet
 facet normal  9.914449e-01 -1.305262e-01  0.000000e+00
   outer loop
     vertex  3.009989e+01 -2.821988e+01  0.000000e+00
     vertex  3.011693e+01 -2.809047e+01  7.100000e-01
     vertex  3.009989e+01 -2.821988e+01  7.100000e-01
   endloop
 endfacet
 facet normal  9.238795e-01  3.826834e-01 -0.000000e+00
   outer loop
     vertex  3.011693e+01 -2.834929e+01  0.000000e+00
     vertex  3.011693e+01 -2.834929e+01  7.100000e-01
     vertex  3.016688e+01 -2.846988e+01  7.100000e-01
   endloop
 endfacet
 facet normal  9.914449e-01  1.305262e-01 -0.000000e+00
   outer loop
     vertex  3.011693e+01 -2.834929e+01  0.000000e+00
     vertex  3.009989e+01 -2.821988e+01  7.100000e-01
     vertex  3.011693e+01 -2.834929e+01  7.100000e-01
   endloop
 endfacet
 facet normal  9.914449e-01  1.305262e-01  0.000000e+00
   outer loop
     vertex  3.011693e+01 -2.834929e+01  0.000000e+00
     vertex  3.009989e+01 -2.821988e+01  0.000000e+00
     vertex  3.009989e+01 -2.821988e+01  7.100000e-01
   endloop
 endfacet
 facet normal  9.238795e-01  3.826834e-01 -0.000000e+00
   outer loop
     vertex  3.016688e+01 -2.846988e+01  0.000000e+00
     vertex  3.011693e+01 -2.834929e+01  0.000000e+00
     vertex  3.016688e+01 -2.846988e+01  7.100000e-01
   endloop
 endfacet
 facet normal  7.933533e-01  6.087614e-01 -0.000000e+00
   outer loop
     vertex  3.016688e+01 -2.846988e+01  0.000000e+00
     vertex  3.016688e+01 -2.846988e+01  7.100000e-01
     vertex  3.024634e+01 -2.857343e+01  7.100000e-01
   endloop
 endfacet
 facet normal  6.087614e-01  7.933533e-01 -0.000000e+00
   outer loop
     vertex  3.024634e+01 -2.857343e+01  0.000000e+00
     vertex  3.024634e+01 -2.857343e+01  7.100000e-01
     vertex  3.034989e+01 -2.865289e+01  7.100000e-01
   endloop
 endfacet
 facet normal  7.933533e-01  6.087614e-01 -0.000000e+00
   outer loop
     vertex  3.024634e+01 -2.857343e+01  0.000000e+00
     vertex  3.016688e+01 -2.846988e+01  0.000000e+00
     vertex  3.024634e+01 -2.857343e+01  7.100000e-01
   endloop
 endfacet
 facet normal  6.087614e-01  7.933533e-01 -0.000000e+00
   outer loop
     vertex  3.034989e+01 -2.865289e+01  0.000000e+00
     vertex  3.024634e+01 -2.857343e+01  0.000000e+00
     vertex  3.034989e+01 -2.865289e+01  7.100000e-01
   endloop
 endfacet
 facet normal  3.826834e-01  9.238795e-01 -0.000000e+00
   outer loop
     vertex  3.047048e+01 -2.870284e+01  0.000000e+00
     vertex  3.034989e+01 -2.865289e+01  7.100000e-01
     vertex  3.047048e+01 -2.870284e+01  7.100000e-01
   endloop
 endfacet
 facet normal  3.826834e-01  9.238795e-01  0.000000e+00
   outer loop
     vertex  3.047048e+01 -2.870284e+01  0.000000e+00
     vertex  3.034989e+01 -2.865289e+01  0.000000e+00
     vertex  3.034989e+01 -2.865289e+01  7.100000e-01
   endloop
 endfacet
 facet normal  1.305262e-01  9.914449e-01 -0.000000e+00
   outer loop
     vertex  3.059989e+01 -2.871988e+01  0.000000e+00
     vertex  3.047048e+01 -2.870284e+01  7.100000e-01
     vertex  3.059989e+01 -2.871988e+01  7.100000e-01
   endloop
 endfacet
 facet normal  1.305262e-01  9.914449e-01  0.000000e+00
   outer loop
     vertex  3.059989e+01 -2.871988e+01  0.000000e+00
     vertex  3.047048e+01 -2.870284e+01  0.000000e+00
     vertex  3.047048e+01 -2.870284e+01  7.100000e-01
   endloop
 endfacet
 facet normal -1.305262e-01  9.914449e-01  0.000000e+00
   outer loop
     vertex  3.326930e+01 -2.870284e+01  0.000000e+00
     vertex  3.313989e+01 -2.871988e+01  0.000000e+00
     vertex  3.313989e+01 -2.871988e+01  7.100000e-01
   endloop
 endfacet
 facet normal -1.305262e-01  9.914449e-01  0.000000e+00
   outer loop
     vertex  3.326930e+01 -2.870284e+01  0.000000e+00
     vertex  3.313989e+01 -2.871988e+01  7.100000e-01
     vertex  3.326930e+01 -2.870284e+01  7.100000e-01
   endloop
 endfacet
 facet normal -3.826834e-01  9.238795e-01  0.000000e+00
   outer loop
     vertex  3.338989e+01 -2.865289e+01  0.000000e+00
     vertex  3.326930e+01 -2.870284e+01  7.100000e-01
     vertex  3.338989e+01 -2.865289e+01  7.100000e-01
   endloop
 endfacet
 facet normal -3.826834e-01  9.238795e-01  0.000000e+00
   outer loop
     vertex  3.338989e+01 -2.865289e+01  0.000000e+00
     vertex  3.326930e+01 -2.870284e+01  0.000000e+00
     vertex  3.326930e+01 -2.870284e+01  7.100000e-01
   endloop
 endfacet
 facet normal -6.087614e-01  7.933533e-01  0.000000e+00
   outer loop
     vertex  3.349345e+01 -2.857343e+01  0.000000e+00
     vertex  3.338989e+01 -2.865289e+01  7.100000e-01
     vertex  3.349345e+01 -2.857343e+01  7.100000e-01
   endloop
 endfacet
 facet normal -6.087614e-01  7.933533e-01  0.000000e+00
   outer loop
     vertex  3.349345e+01 -2.857343e+01  0.000000e+00
     vertex  3.338989e+01 -2.865289e+01  0.000000e+00
     vertex  3.338989e+01 -2.865289e+01  7.100000e-01
   endloop
 endfacet
 facet normal -7.933533e-01  6.087614e-01  0.000000e+00
   outer loop
     vertex  3.357290e+01 -2.846988e+01  0.000000e+00
     vertex  3.349345e+01 -2.857343e+01  7.100000e-01
     vertex  3.357290e+01 -2.846988e+01  7.100000e-01
   endloop
 endfacet
 facet normal -7.933533e-01  6.087614e-01  0.000000e+00
   outer loop
     vertex  3.357290e+01 -2.846988e+01  0.000000e+00
     vertex  3.349345e+01 -2.857343e+01  0.000000e+00
     vertex  3.349345e+01 -2.857343e+01  7.100000e-01
   endloop
 endfacet
 facet normal -9.238795e-01  3.826834e-01  0.000000e+00
   outer loop
     vertex  3.362285e+01 -2.834929e+01  0.000000e+00
     vertex  3.357290e+01 -2.846988e+01  7.100000e-01
     vertex  3.362285e+01 -2.834929e+01  7.100000e-01
   endloop
 endfacet
 facet normal -9.238795e-01  3.826834e-01  0.000000e+00
   outer loop
     vertex  3.362285e+01 -2.834929e+01  0.000000e+00
     vertex  3.357290e+01 -2.846988e+01  0.000000e+00
     vertex  3.357290e+01 -2.846988e+01  7.100000e-01
   endloop
 endfacet
 facet normal -9.914449e-01  1.305262e-01  0.000000e+00
   outer loop
     vertex  3.363989e+01 -2.821988e+01  0.000000e+00
     vertex  3.362285e+01 -2.834929e+01  7.100000e-01
     vertex  3.363989e+01 -2.821988e+01  7.100000e-01
   endloop
 endfacet
 facet normal -9.914449e-01  1.305262e-01  0.000000e+00
   outer loop
     vertex  3.363989e+01 -2.821988e+01  0.000000e+00
     vertex  3.362285e+01 -2.834929e+01  0.000000e+00
     vertex  3.362285e+01 -2.834929e+01  7.100000e-01
   endloop
 endfacet
 facet normal -9.914449e-01 -1.305262e-01  0.000000e+00
   outer loop
     vertex  3.362285e+01 -2.809047e+01  0.000000e+00
     vertex  3.363989e+01 -2.821988e+01  7.100000e-01
     vertex  3.362285e+01 -2.809047e+01  7.100000e-01
   endloop
 endfacet
 facet normal -9.914449e-01 -1.305262e-01  0.000000e+00
   outer loop
     vertex  3.362285e+01 -2.809047e+01  0.000000e+00
     vertex  3.363989e+01 -2.821988e+01  0.000000e+00
     vertex  3.363989e+01 -2.821988e+01  7.100000e-01
   endloop
 endfacet
 facet normal -7.933533e-01 -6.087614e-01  0.000000e+00
   outer loop
     vertex  3.357290e+01 -2.796988e+01  0.000000e+00
     vertex  3.357290e+01 -2.796988e+01  7.100000e-01
     vertex  3.349345e+01 -2.786633e+01  7.100000e-01
   endloop
 endfacet
 facet normal -9.238795e-01 -3.826834e-01  0.000000e+00
   outer loop
     vertex  3.357290e+01 -2.796988e+01  0.000000e+00
     vertex  3.362285e+01 -2.809047e+01  7.100000e-01
     vertex  3.357290e+01 -2.796988e+01  7.100000e-01
   endloop
 endfacet
 facet normal -9.238795e-01 -3.826834e-01  0.000000e+00
   outer loop
     vertex  3.357290e+01 -2.796988e+01  0.000000e+00
     vertex  3.362285e+01 -2.809047e+01  0.000000e+00
     vertex  3.362285e+01 -2.809047e+01  7.100000e-01
   endloop
 endfacet
 facet normal -6.087614e-01 -7.933533e-01  0.000000e+00
   outer loop
     vertex  3.349345e+01 -2.786633e+01  0.000000e+00
     vertex  3.349345e+01 -2.786633e+01  7.100000e-01
     vertex  3.338989e+01 -2.778687e+01  7.100000e-01
   endloop
 endfacet
 facet normal -7.933533e-01 -6.087614e-01  0.000000e+00
   outer loop
     vertex  3.349345e+01 -2.786633e+01  0.000000e+00
     vertex  3.357290e+01 -2.796988e+01  0.000000e+00
     vertex  3.349345e+01 -2.786633e+01  7.100000e-01
   endloop
 endfacet
 facet normal -6.087614e-01 -7.933533e-01  0.000000e+00
   outer loop
     vertex  3.338989e+01 -2.778687e+01  0.000000e+00
     vertex  3.349345e+01 -2.786633e+01  0.000000e+00
     vertex  3.338989e+01 -2.778687e+01  7.100000e-01
   endloop
 endfacet
 facet normal -3.826834e-01 -9.238795e-01  0.000000e+00
   outer loop
     vertex  3.326930e+01 -2.773692e+01  0.000000e+00
     vertex  3.338989e+01 -2.778687e+01  0.000000e+00
     vertex  3.338989e+01 -2.778687e+01  7.100000e-01
   endloop
 endfacet
 facet normal -1.305262e-01 -9.914449e-01  0.000000e+00
   outer loop
     vertex  3.326930e+01 -2.773692e+01  0.000000e+00
     vertex  3.326930e+01 -2.773692e+01  7.100000e-01
     vertex  3.313989e+01 -2.771988e+01  7.100000e-01
   endloop
 endfacet
 facet normal -3.826834e-01 -9.238795e-01  0.000000e+00
   outer loop
     vertex  3.326930e+01 -2.773692e+01  0.000000e+00
     vertex  3.338989e+01 -2.778687e+01  7.100000e-01
     vertex  3.326930e+01 -2.773692e+01  7.100000e-01
   endloop
 endfacet
 facet normal -1.305262e-01 -9.914449e-01  0.000000e+00
   outer loop
     vertex  3.313989e+01 -2.771988e+01  0.000000e+00
     vertex  3.326930e+01 -2.773692e+01  0.000000e+00
     vertex  3.313989e+01 -2.771988e+01  7.100000e-01
   endloop
 endfacet
 facet normal  1.305262e-01 -9.914449e-01  0.000000e+00
   outer loop
     vertex  3.301048e+01 -2.773692e+01  0.000000e+00
     vertex  3.313989e+01 -2.771988e+01  0.000000e+00
     vertex  3.313989e+01 -2.771988e+01  7.100000e-01
   endloop
 endfacet
 facet normal  1.305262e-01 -9.914449e-01  0.000000e+00
   outer loop
     vertex  3.301048e+01 -2.773692e+01  0.000000e+00
     vertex  3.313989e+01 -2.771988e+01  7.100000e-01
     vertex  3.301048e+01 -2.773692e+01  7.100000e-01
   endloop
 endfacet
 facet normal  3.826834e-01 -9.238795e-01  0.000000e+00
   outer loop
     vertex  3.288989e+01 -2.778687e+01  0.000000e+00
     vertex  3.301048e+01 -2.773692e+01  0.000000e+00
     vertex  3.301048e+01 -2.773692e+01  7.100000e-01
   endloop
 endfacet
 facet normal  3.826834e-01 -9.238795e-01  0.000000e+00
   outer loop
     vertex  3.288989e+01 -2.778687e+01  0.000000e+00
     vertex  3.301048e+01 -2.773692e+01  7.100000e-01
     vertex  3.288989e+01 -2.778687e+01  7.100000e-01
   endloop
 endfacet
 facet normal  6.087614e-01 -7.933533e-01  0.000000e+00
   outer loop
     vertex  3.278634e+01 -2.786633e+01  0.000000e+00
     vertex  3.288989e+01 -2.778687e+01  0.000000e+00
     vertex  3.288989e+01 -2.778687e+01  7.100000e-01
   endloop
 endfacet
 facet normal  6.087614e-01 -7.933533e-01  0.000000e+00
   outer loop
     vertex  3.278634e+01 -2.786633e+01  0.000000e+00
     vertex  3.288989e+01 -2.778687e+01  7.100000e-01
     vertex  3.278634e+01 -2.786633e+01  7.100000e-01
   endloop
 endfacet
 facet normal  7.933533e-01 -6.087614e-01  0.000000e+00
   outer loop
     vertex  3.270688e+01 -2.796988e+01  0.000000e+00
     vertex  3.278634e+01 -2.786633e+01  0.000000e+00
     vertex  3.278634e+01 -2.786633e+01  7.100000e-01
   endloop
 endfacet
 facet normal  7.933533e-01 -6.087614e-01  0.000000e+00
   outer loop
     vertex  3.270688e+01 -2.796988e+01  0.000000e+00
     vertex  3.278634e+01 -2.786633e+01  7.100000e-01
     vertex  3.270688e+01 -2.796988e+01  7.100000e-01
   endloop
 endfacet
 facet normal  9.238795e-01 -3.826834e-01  0.000000e+00
   outer loop
     vertex  3.265693e+01 -2.809047e+01  0.000000e+00
     vertex  3.270688e+01 -2.796988e+01  0.000000e+00
     vertex  3.270688e+01 -2.796988e+01  7.100000e-01
   endloop
 endfacet
 facet normal  9.238795e-01 -3.826834e-01  0.000000e+00
   outer loop
     vertex  3.265693e+01 -2.809047e+01  0.000000e+00
     vertex  3.270688e+01 -2.796988e+01  7.100000e-01
     vertex  3.265693e+01 -2.809047e+01  7.100000e-01
   endloop
 endfacet
 facet normal  9.914449e-01 -1.305262e-01  0.000000e+00
   outer loop
     vertex  3.263989e+01 -2.821988e+01  0.000000e+00
     vertex  3.265693e+01 -2.809047e+01  0.000000e+00
     vertex  3.265693e+01 -2.809047e+01  7.100000e-01
   endloop
 endfacet
 facet normal  9.914449e-01 -1.305262e-01  0.000000e+00
   outer loop
     vertex  3.263989e+01 -2.821988e+01  0.000000e+00
     vertex  3.265693e+01 -2.809047e+01  7.100000e-01
     vertex  3.263989e+01 -2.821988e+01  7.100000e-01
   endloop
 endfacet
 facet normal  9.238795e-01  3.826834e-01 -0.000000e+00
   outer loop
     vertex  3.265693e+01 -2.834929e+01  0.000000e+00
     vertex  3.265693e+01 -2.834929e+01  7.100000e-01
     vertex  3.270688e+01 -2.846988e+01  7.100000e-01
   endloop
 endfacet
 facet normal  9.914449e-01  1.305262e-01 -0.000000e+00
   outer loop
     vertex  3.265693e+01 -2.834929e+01  0.000000e+00
     vertex  3.263989e+01 -2.821988e+01  7.100000e-01
     vertex  3.265693e+01 -2.834929e+01  7.100000e-01
   endloop
 endfacet
 facet normal  9.914449e-01  1.305262e-01  0.000000e+00
   outer loop
     vertex  3.265693e+01 -2.834929e+01  0.000000e+00
     vertex  3.263989e+01 -2.821988e+01  0.000000e+00
     vertex  3.263989e+01 -2.821988e+01  7.100000e-01
   endloop
 endfacet
 facet normal  9.238795e-01  3.826834e-01 -0.000000e+00
   outer loop
     vertex  3.270688e+01 -2.846988e+01  0.000000e+00
     vertex  3.265693e+01 -2.834929e+01  0.000000e+00
     vertex  3.270688e+01 -2.846988e+01  7.100000e-01
   endloop
 endfacet
 facet normal  7.933533e-01  6.087614e-01 -0.000000e+00
   outer loop
     vertex  3.270688e+01 -2.846988e+01  0.000000e+00
     vertex  3.270688e+01 -2.846988e+01  7.100000e-01
     vertex  3.278634e+01 -2.857343e+01  7.100000e-01
   endloop
 endfacet
 facet normal  6.087614e-01  7.933533e-01 -0.000000e+00
   outer loop
     vertex  3.278634e+01 -2.857343e+01  0.000000e+00
     vertex  3.278634e+01 -2.857343e+01  7.100000e-01
     vertex  3.288989e+01 -2.865289e+01  7.100000e-01
   endloop
 endfacet
 facet normal  7.933533e-01  6.087614e-01 -0.000000e+00
   outer loop
     vertex  3.278634e+01 -2.857343e+01  0.000000e+00
     vertex  3.270688e+01 -2.846988e+01  0.000000e+00
     vertex  3.278634e+01 -2.857343e+01  7.100000e-01
   endloop
 endfacet
 facet normal  6.087614e-01  7.933533e-01 -0.000000e+00
   outer loop
     vertex  3.288989e+01 -2.865289e+01  0.000000e+00
     vertex  3.278634e+01 -2.857343e+01  0.000000e+00
     vertex  3.288989e+01 -2.865289e+01  7.100000e-01
   endloop
 endfacet
 facet normal  3.826834e-01  9.238795e-01 -0.000000e+00
   outer loop
     vertex  3.301048e+01 -2.870284e+01  0.000000e+00
     vertex  3.288989e+01 -2.865289e+01  7.100000e-01
     vertex  3.301048e+01 -2.870284e+01  7.100000e-01
   endloop
 endfacet
 facet normal  3.826834e-01  9.238795e-01  0.000000e+00
   outer loop
     vertex  3.301048e+01 -2.870284e+01  0.000000e+00
     vertex  3.288989e+01 -2.865289e+01  0.000000e+00
     vertex  3.288989e+01 -2.865289e+01  7.100000e-01
   endloop
 endfacet
 facet normal  1.305262e-01  9.914449e-01 -0.000000e+00
   outer loop
     vertex  3.313989e+01 -2.871988e+01  0.000000e+00
     vertex  3.301048e+01 -2.870284e+01  7.100000e-01
     vertex  3.313989e+01 -2.871988e+01  7.100000e-01
   endloop
 endfacet
 facet normal  1.305262e-01  9.914449e-01  0.000000e+00
   outer loop
     vertex  3.313989e+01 -2.871988e+01  0.000000e+00
     vertex  3.301048e+01 -2.870284e+01  0.000000e+00
     vertex  3.301048e+01 -2.870284e+01  7.100000e-01
   endloop
 endfacet
 facet normal -1.305262e-01  9.914449e-01  0.000000e+00
   outer loop
     vertex  3.738830e+01 -3.008459e+01  0.000000e+00
     vertex  3.725889e+01 -3.010163e+01  0.000000e+00
     vertex  3.725889e+01 -3.010163e+01  7.100000e-01
   endloop
 endfacet
 facet normal -1.305262e-01  9.914449e-01  0.000000e+00
   outer loop
     vertex  3.738830e+01 -3.008459e+01  0.000000e+00
     vertex  3.725889e+01 -3.010163e+01  7.100000e-01
     vertex  3.738830e+01 -3.008459e+01  7.100000e-01
   endloop
 endfacet
 facet normal -3.826834e-01  9.238795e-01  0.000000e+00
   outer loop
     vertex  3.750889e+01 -3.003464e+01  0.000000e+00
     vertex  3.738830e+01 -3.008459e+01  7.100000e-01
     vertex  3.750889e+01 -3.003464e+01  7.100000e-01
   endloop
 endfacet
 facet normal -3.826834e-01  9.238795e-01  0.000000e+00
   outer loop
     vertex  3.750889e+01 -3.003464e+01  0.000000e+00
     vertex  3.738830e+01 -3.008459e+01  0.000000e+00
     vertex  3.738830e+01 -3.008459e+01  7.100000e-01
   endloop
 endfacet
 facet normal -6.087614e-01  7.933533e-01  0.000000e+00
   outer loop
     vertex  3.761245e+01 -2.995518e+01  0.000000e+00
     vertex  3.750889e+01 -3.003464e+01  7.100000e-01
     vertex  3.761245e+01 -2.995518e+01  7.100000e-01
   endloop
 endfacet
 facet normal -6.087614e-01  7.933533e-01  0.000000e+00
   outer loop
     vertex  3.761245e+01 -2.995518e+01  0.000000e+00
     vertex  3.750889e+01 -3.003464e+01  0.000000e+00
     vertex  3.750889e+01 -3.003464e+01  7.100000e-01
   endloop
 endfacet
 facet normal -7.933533e-01  6.087614e-01  0.000000e+00
   outer loop
     vertex  3.769190e+01 -2.985163e+01  0.000000e+00
     vertex  3.761245e+01 -2.995518e+01  7.100000e-01
     vertex  3.769190e+01 -2.985163e+01  7.100000e-01
   endloop
 endfacet
 facet normal -7.933533e-01  6.087614e-01  0.000000e+00
   outer loop
     vertex  3.769190e+01 -2.985163e+01  0.000000e+00
     vertex  3.761245e+01 -2.995518e+01  0.000000e+00
     vertex  3.761245e+01 -2.995518e+01  7.100000e-01
   endloop
 endfacet
 facet normal -9.238795e-01  3.826834e-01  0.000000e+00
   outer loop
     vertex  3.774185e+01 -2.973104e+01  0.000000e+00
     vertex  3.769190e+01 -2.985163e+01  7.100000e-01
     vertex  3.774185e+01 -2.973104e+01  7.100000e-01
   endloop
 endfacet
 facet normal -9.238795e-01  3.826834e-01  0.000000e+00
   outer loop
     vertex  3.774185e+01 -2.973104e+01  0.000000e+00
     vertex  3.769190e+01 -2.985163e+01  0.000000e+00
     vertex  3.769190e+01 -2.985163e+01  7.100000e-01
   endloop
 endfacet
 facet normal -9.914449e-01  1.305262e-01  0.000000e+00
   outer loop
     vertex  3.775889e+01 -2.960163e+01  0.000000e+00
     vertex  3.774185e+01 -2.973104e+01  7.100000e-01
     vertex  3.775889e+01 -2.960163e+01  7.100000e-01
   endloop
 endfacet
 facet normal -9.914449e-01  1.305262e-01  0.000000e+00
   outer loop
     vertex  3.775889e+01 -2.960163e+01  0.000000e+00
     vertex  3.774185e+01 -2.973104e+01  0.000000e+00
     vertex  3.774185e+01 -2.973104e+01  7.100000e-01
   endloop
 endfacet
 facet normal -9.914449e-01 -1.305262e-01  0.000000e+00
   outer loop
     vertex  3.774185e+01 -2.947222e+01  0.000000e+00
     vertex  3.775889e+01 -2.960163e+01  7.100000e-01
     vertex  3.774185e+01 -2.947222e+01  7.100000e-01
   endloop
 endfacet
 facet normal -9.914449e-01 -1.305262e-01  0.000000e+00
   outer loop
     vertex  3.774185e+01 -2.947222e+01  0.000000e+00
     vertex  3.775889e+01 -2.960163e+01  0.000000e+00
     vertex  3.775889e+01 -2.960163e+01  7.100000e-01
   endloop
 endfacet
 facet normal -7.933533e-01 -6.087614e-01  0.000000e+00
   outer loop
     vertex  3.769190e+01 -2.935163e+01  0.000000e+00
     vertex  3.769190e+01 -2.935163e+01  7.100000e-01
     vertex  3.761245e+01 -2.924808e+01  7.100000e-01
   endloop
 endfacet
 facet normal -9.238795e-01 -3.826834e-01  0.000000e+00
   outer loop
     vertex  3.769190e+01 -2.935163e+01  0.000000e+00
     vertex  3.774185e+01 -2.947222e+01  7.100000e-01
     vertex  3.769190e+01 -2.935163e+01  7.100000e-01
   endloop
 endfacet
 facet normal -9.238795e-01 -3.826834e-01  0.000000e+00
   outer loop
     vertex  3.769190e+01 -2.935163e+01  0.000000e+00
     vertex  3.774185e+01 -2.947222e+01  0.000000e+00
     vertex  3.774185e+01 -2.947222e+01  7.100000e-01
   endloop
 endfacet
 facet normal -6.087614e-01 -7.933533e-01  0.000000e+00
   outer loop
     vertex  3.761245e+01 -2.924808e+01  0.000000e+00
     vertex  3.761245e+01 -2.924808e+01  7.100000e-01
     vertex  3.750889e+01 -2.916862e+01  7.100000e-01
   endloop
 endfacet
 facet normal -7.933533e-01 -6.087614e-01  0.000000e+00
   outer loop
     vertex  3.761245e+01 -2.924808e+01  0.000000e+00
     vertex  3.769190e+01 -2.935163e+01  0.000000e+00
     vertex  3.761245e+01 -2.924808e+01  7.100000e-01
   endloop
 endfacet
 facet normal -6.087614e-01 -7.933533e-01  0.000000e+00
   outer loop
     vertex  3.750889e+01 -2.916862e+01  0.000000e+00
     vertex  3.761245e+01 -2.924808e+01  0.000000e+00
     vertex  3.750889e+01 -2.916862e+01  7.100000e-01
   endloop
 endfacet
 facet normal -3.826834e-01 -9.238795e-01  0.000000e+00
   outer loop
     vertex  3.738830e+01 -2.911867e+01  0.000000e+00
     vertex  3.750889e+01 -2.916862e+01  0.000000e+00
     vertex  3.750889e+01 -2.916862e+01  7.100000e-01
   endloop
 endfacet
 facet normal -1.305262e-01 -9.914449e-01  0.000000e+00
   outer loop
     vertex  3.738830e+01 -2.911867e+01  0.000000e+00
     vertex  3.738830e+01 -2.911867e+01  7.100000e-01
     vertex  3.725889e+01 -2.910163e+01  7.100000e-01
   endloop
 endfacet
 facet normal -3.826834e-01 -9.238795e-01  0.000000e+00
   outer loop
     vertex  3.738830e+01 -2.911867e+01  0.000000e+00
     vertex  3.750889e+01 -2.916862e+01  7.100000e-01
     vertex  3.738830e+01 -2.911867e+01  7.100000e-01
   endloop
 endfacet
 facet normal -1.305262e-01 -9.914449e-01  0.000000e+00
   outer loop
     vertex  3.725889e+01 -2.910163e+01  0.000000e+00
     vertex  3.738830e+01 -2.911867e+01  0.000000e+00
     vertex  3.725889e+01 -2.910163e+01  7.100000e-01
   endloop
 endfacet
 facet normal  1.305262e-01 -9.914449e-01  0.000000e+00
   outer loop
     vertex  3.712948e+01 -2.911867e+01  0.000000e+00
     vertex  3.725889e+01 -2.910163e+01  0.000000e+00
     vertex  3.725889e+01 -2.910163e+01  7.100000e-01
   endloop
 endfacet
 facet normal  1.305262e-01 -9.914449e-01  0.000000e+00
   outer loop
     vertex  3.712948e+01 -2.911867e+01  0.000000e+00
     vertex  3.725889e+01 -2.910163e+01  7.100000e-01
     vertex  3.712948e+01 -2.911867e+01  7.100000e-01
   endloop
 endfacet
 facet normal  3.826834e-01 -9.238795e-01  0.000000e+00
   outer loop
     vertex  3.700889e+01 -2.916862e+01  0.000000e+00
     vertex  3.712948e+01 -2.911867e+01  0.000000e+00
     vertex  3.712948e+01 -2.911867e+01  7.100000e-01
   endloop
 endfacet
 facet normal  3.826834e-01 -9.238795e-01  0.000000e+00
   outer loop
     vertex  3.700889e+01 -2.916862e+01  0.000000e+00
     vertex  3.712948e+01 -2.911867e+01  7.100000e-01
     vertex  3.700889e+01 -2.916862e+01  7.100000e-01
   endloop
 endfacet
 facet normal  6.087614e-01 -7.933533e-01  0.000000e+00
   outer loop
     vertex  3.690534e+01 -2.924808e+01  0.000000e+00
     vertex  3.700889e+01 -2.916862e+01  0.000000e+00
     vertex  3.700889e+01 -2.916862e+01  7.100000e-01
   endloop
 endfacet
 facet normal  6.087614e-01 -7.933533e-01  0.000000e+00
   outer loop
     vertex  3.690534e+01 -2.924808e+01  0.000000e+00
     vertex  3.700889e+01 -2.916862e+01  7.100000e-01
     vertex  3.690534e+01 -2.924808e+01  7.100000e-01
   endloop
 endfacet
 facet normal  7.933533e-01 -6.087614e-01  0.000000e+00
   outer loop
     vertex  3.682588e+01 -2.935163e+01  0.000000e+00
     vertex  3.690534e+01 -2.924808e+01  0.000000e+00
     vertex  3.690534e+01 -2.924808e+01  7.100000e-01
   endloop
 endfacet
 facet normal  7.933533e-01 -6.087614e-01  0.000000e+00
   outer loop
     vertex  3.682588e+01 -2.935163e+01  0.000000e+00
     vertex  3.690534e+01 -2.924808e+01  7.100000e-01
     vertex  3.682588e+01 -2.935163e+01  7.100000e-01
   endloop
 endfacet
 facet normal  9.238795e-01 -3.826834e-01  0.000000e+00
   outer loop
     vertex  3.677593e+01 -2.947222e+01  0.000000e+00
     vertex  3.682588e+01 -2.935163e+01  0.000000e+00
     vertex  3.682588e+01 -2.935163e+01  7.100000e-01
   endloop
 endfacet
 facet normal  9.238795e-01 -3.826834e-01  0.000000e+00
   outer loop
     vertex  3.677593e+01 -2.947222e+01  0.000000e+00
     vertex  3.682588e+01 -2.935163e+01  7.100000e-01
     vertex  3.677593e+01 -2.947222e+01  7.100000e-01
   endloop
 endfacet
 facet normal  9.914449e-01 -1.305262e-01  0.000000e+00
   outer loop
     vertex  3.675889e+01 -2.960163e+01  0.000000e+00
     vertex  3.677593e+01 -2.947222e+01  0.000000e+00
     vertex  3.677593e+01 -2.947222e+01  7.100000e-01
   endloop
 endfacet
 facet normal  9.914449e-01 -1.305262e-01  0.000000e+00
   outer loop
     vertex  3.675889e+01 -2.960163e+01  0.000000e+00
     vertex  3.677593e+01 -2.947222e+01  7.100000e-01
     vertex  3.675889e+01 -2.960163e+01  7.100000e-01
   endloop
 endfacet
 facet normal  9.238795e-01  3.826834e-01 -0.000000e+00
   outer loop
     vertex  3.677593e+01 -2.973104e+01  0.000000e+00
     vertex  3.677593e+01 -2.973104e+01  7.100000e-01
     vertex  3.682588e+01 -2.985163e+01  7.100000e-01
   endloop
 endfacet
 facet normal  9.914449e-01  1.305262e-01 -0.000000e+00
   outer loop
     vertex  3.677593e+01 -2.973104e+01  0.000000e+00
     vertex  3.675889e+01 -2.960163e+01  7.100000e-01
     vertex  3.677593e+01 -2.973104e+01  7.100000e-01
   endloop
 endfacet
 facet normal  9.914449e-01  1.305262e-01  0.000000e+00
   outer loop
     vertex  3.677593e+01 -2.973104e+01  0.000000e+00
     vertex  3.675889e+01 -2.960163e+01  0.000000e+00
     vertex  3.675889e+01 -2.960163e+01  7.100000e-01
   endloop
 endfacet
 facet normal  9.238795e-01  3.826834e-01 -0.000000e+00
   outer loop
     vertex  3.682588e+01 -2.985163e+01  0.000000e+00
     vertex  3.677593e+01 -2.973104e+01  0.000000e+00
     vertex  3.682588e+01 -2.985163e+01  7.100000e-01
   endloop
 endfacet
 facet normal  7.933533e-01  6.087614e-01 -0.000000e+00
   outer loop
     vertex  3.682588e+01 -2.985163e+01  0.000000e+00
     vertex  3.682588e+01 -2.985163e+01  7.100000e-01
     vertex  3.690534e+01 -2.995518e+01  7.100000e-01
   endloop
 endfacet
 facet normal  6.087614e-01  7.933533e-01 -0.000000e+00
   outer loop
     vertex  3.690534e+01 -2.995518e+01  0.000000e+00
     vertex  3.690534e+01 -2.995518e+01  7.100000e-01
     vertex  3.700889e+01 -3.003464e+01  7.100000e-01
   endloop
 endfacet
 facet normal  7.933533e-01  6.087614e-01 -0.000000e+00
   outer loop
     vertex  3.690534e+01 -2.995518e+01  0.000000e+00
     vertex  3.682588e+01 -2.985163e+01  0.000000e+00
     vertex  3.690534e+01 -2.995518e+01  7.100000e-01
   endloop
 endfacet
 facet normal  6.087614e-01  7.933533e-01 -0.000000e+00
   outer loop
     vertex  3.700889e+01 -3.003464e+01  0.000000e+00
     vertex  3.690534e+01 -2.995518e+01  0.000000e+00
     vertex  3.700889e+01 -3.003464e+01  7.100000e-01
   endloop
 endfacet
 facet normal  3.826834e-01  9.238795e-01 -0.000000e+00
   outer loop
     vertex  3.712948e+01 -3.008459e+01  0.000000e+00
     vertex  3.700889e+01 -3.003464e+01  7.100000e-01
     vertex  3.712948e+01 -3.008459e+01  7.100000e-01
   endloop
 endfacet
 facet normal  3.826834e-01  9.238795e-01  0.000000e+00
   outer loop
     vertex  3.712948e+01 -3.008459e+01  0.000000e+00
     vertex  3.700889e+01 -3.003464e+01  0.000000e+00
     vertex  3.700889e+01 -3.003464e+01  7.100000e-01
   endloop
 endfacet
 facet normal  1.305262e-01  9.914449e-01 -0.000000e+00
   outer loop
     vertex  3.725889e+01 -3.010163e+01  0.000000e+00
     vertex  3.712948e+01 -3.008459e+01  7.100000e-01
     vertex  3.725889e+01 -3.010163e+01  7.100000e-01
   endloop
 endfacet
 facet normal  1.305262e-01  9.914449e-01  0.000000e+00
   outer loop
     vertex  3.725889e+01 -3.010163e+01  0.000000e+00
     vertex  3.712948e+01 -3.008459e+01  0.000000e+00
     vertex  3.712948e+01 -3.008459e+01  7.100000e-01
   endloop
 endfacet
 facet normal -1.305262e-01  9.914449e-01  0.000000e+00
   outer loop
     vertex  3.738830e+01 -2.754459e+01  0.000000e+00
     vertex  3.725889e+01 -2.756163e+01  0.000000e+00
     vertex  3.725889e+01 -2.756163e+01  7.100000e-01
   endloop
 endfacet
 facet normal -1.305262e-01  9.914449e-01  0.000000e+00
   outer loop
     vertex  3.738830e+01 -2.754459e+01  0.000000e+00
     vertex  3.725889e+01 -2.756163e+01  7.100000e-01
     vertex  3.738830e+01 -2.754459e+01  7.100000e-01
   endloop
 endfacet
 facet normal -3.826834e-01  9.238795e-01  0.000000e+00
   outer loop
     vertex  3.750889e+01 -2.749464e+01  0.000000e+00
     vertex  3.738830e+01 -2.754459e+01  7.100000e-01
     vertex  3.750889e+01 -2.749464e+01  7.100000e-01
   endloop
 endfacet
 facet normal -3.826834e-01  9.238795e-01  0.000000e+00
   outer loop
     vertex  3.750889e+01 -2.749464e+01  0.000000e+00
     vertex  3.738830e+01 -2.754459e+01  0.000000e+00
     vertex  3.738830e+01 -2.754459e+01  7.100000e-01
   endloop
 endfacet
 facet normal -6.087614e-01  7.933533e-01  0.000000e+00
   outer loop
     vertex  3.761245e+01 -2.741518e+01  0.000000e+00
     vertex  3.750889e+01 -2.749464e+01  7.100000e-01
     vertex  3.761245e+01 -2.741518e+01  7.100000e-01
   endloop
 endfacet
 facet normal -6.087614e-01  7.933533e-01  0.000000e+00
   outer loop
     vertex  3.761245e+01 -2.741518e+01  0.000000e+00
     vertex  3.750889e+01 -2.749464e+01  0.000000e+00
     vertex  3.750889e+01 -2.749464e+01  7.100000e-01
   endloop
 endfacet
 facet normal -7.933533e-01  6.087614e-01  0.000000e+00
   outer loop
     vertex  3.769190e+01 -2.731163e+01  0.000000e+00
     vertex  3.761245e+01 -2.741518e+01  7.100000e-01
     vertex  3.769190e+01 -2.731163e+01  7.100000e-01
   endloop
 endfacet
 facet normal -7.933533e-01  6.087614e-01  0.000000e+00
   outer loop
     vertex  3.769190e+01 -2.731163e+01  0.000000e+00
     vertex  3.761245e+01 -2.741518e+01  0.000000e+00
     vertex  3.761245e+01 -2.741518e+01  7.100000e-01
   endloop
 endfacet
 facet normal -9.238795e-01  3.826834e-01  0.000000e+00
   outer loop
     vertex  3.774185e+01 -2.719104e+01  0.000000e+00
     vertex  3.769190e+01 -2.731163e+01  7.100000e-01
     vertex  3.774185e+01 -2.719104e+01  7.100000e-01
   endloop
 endfacet
 facet normal -9.238795e-01  3.826834e-01  0.000000e+00
   outer loop
     vertex  3.774185e+01 -2.719104e+01  0.000000e+00
     vertex  3.769190e+01 -2.731163e+01  0.000000e+00
     vertex  3.769190e+01 -2.731163e+01  7.100000e-01
   endloop
 endfacet
 facet normal -9.914449e-01  1.305262e-01  0.000000e+00
   outer loop
     vertex  3.775889e+01 -2.706163e+01  0.000000e+00
     vertex  3.774185e+01 -2.719104e+01  7.100000e-01
     vertex  3.775889e+01 -2.706163e+01  7.100000e-01
   endloop
 endfacet
 facet normal -9.914449e-01  1.305262e-01  0.000000e+00
   outer loop
     vertex  3.775889e+01 -2.706163e+01  0.000000e+00
     vertex  3.774185e+01 -2.719104e+01  0.000000e+00
     vertex  3.774185e+01 -2.719104e+01  7.100000e-01
   endloop
 endfacet
 facet normal -9.914449e-01 -1.305262e-01  0.000000e+00
   outer loop
     vertex  3.774185e+01 -2.693222e+01  0.000000e+00
     vertex  3.775889e+01 -2.706163e+01  7.100000e-01
     vertex  3.774185e+01 -2.693222e+01  7.100000e-01
   endloop
 endfacet
 facet normal -9.914449e-01 -1.305262e-01  0.000000e+00
   outer loop
     vertex  3.774185e+01 -2.693222e+01  0.000000e+00
     vertex  3.775889e+01 -2.706163e+01  0.000000e+00
     vertex  3.775889e+01 -2.706163e+01  7.100000e-01
   endloop
 endfacet
 facet normal -7.933533e-01 -6.087614e-01  0.000000e+00
   outer loop
     vertex  3.769190e+01 -2.681163e+01  0.000000e+00
     vertex  3.769190e+01 -2.681163e+01  7.100000e-01
     vertex  3.761245e+01 -2.670808e+01  7.100000e-01
   endloop
 endfacet
 facet normal -9.238795e-01 -3.826834e-01  0.000000e+00
   outer loop
     vertex  3.769190e+01 -2.681163e+01  0.000000e+00
     vertex  3.774185e+01 -2.693222e+01  7.100000e-01
     vertex  3.769190e+01 -2.681163e+01  7.100000e-01
   endloop
 endfacet
 facet normal -9.238795e-01 -3.826834e-01  0.000000e+00
   outer loop
     vertex  3.769190e+01 -2.681163e+01  0.000000e+00
     vertex  3.774185e+01 -2.693222e+01  0.000000e+00
     vertex  3.774185e+01 -2.693222e+01  7.100000e-01
   endloop
 endfacet
 facet normal -6.087614e-01 -7.933533e-01  0.000000e+00
   outer loop
     vertex  3.761245e+01 -2.670808e+01  0.000000e+00
     vertex  3.761245e+01 -2.670808e+01  7.100000e-01
     vertex  3.750889e+01 -2.662862e+01  7.100000e-01
   endloop
 endfacet
 facet normal -7.933533e-01 -6.087614e-01  0.000000e+00
   outer loop
     vertex  3.761245e+01 -2.670808e+01  0.000000e+00
     vertex  3.769190e+01 -2.681163e+01  0.000000e+00
     vertex  3.761245e+01 -2.670808e+01  7.100000e-01
   endloop
 endfacet
 facet normal -6.087614e-01 -7.933533e-01  0.000000e+00
   outer loop
     vertex  3.750889e+01 -2.662862e+01  0.000000e+00
     vertex  3.761245e+01 -2.670808e+01  0.000000e+00
     vertex  3.750889e+01 -2.662862e+01  7.100000e-01
   endloop
 endfacet
 facet normal -3.826834e-01 -9.238795e-01  0.000000e+00
   outer loop
     vertex  3.738830e+01 -2.657867e+01  0.000000e+00
     vertex  3.750889e+01 -2.662862e+01  0.000000e+00
     vertex  3.750889e+01 -2.662862e+01  7.100000e-01
   endloop
 endfacet
 facet normal -1.305262e-01 -9.914449e-01  0.000000e+00
   outer loop
     vertex  3.738830e+01 -2.657867e+01  0.000000e+00
     vertex  3.738830e+01 -2.657867e+01  7.100000e-01
     vertex  3.725889e+01 -2.656163e+01  7.100000e-01
   endloop
 endfacet
 facet normal -3.826834e-01 -9.238795e-01  0.000000e+00
   outer loop
     vertex  3.738830e+01 -2.657867e+01  0.000000e+00
     vertex  3.750889e+01 -2.662862e+01  7.100000e-01
     vertex  3.738830e+01 -2.657867e+01  7.100000e-01
   endloop
 endfacet
 facet normal -1.305262e-01 -9.914449e-01  0.000000e+00
   outer loop
     vertex  3.725889e+01 -2.656163e+01  0.000000e+00
     vertex  3.738830e+01 -2.657867e+01  0.000000e+00
     vertex  3.725889e+01 -2.656163e+01  7.100000e-01
   endloop
 endfacet
 facet normal  1.305262e-01 -9.914449e-01  0.000000e+00
   outer loop
     vertex  3.712948e+01 -2.657867e+01  0.000000e+00
     vertex  3.725889e+01 -2.656163e+01  0.000000e+00
     vertex  3.725889e+01 -2.656163e+01  7.100000e-01
   endloop
 endfacet
 facet normal  1.305262e-01 -9.914449e-01  0.000000e+00
   outer loop
     vertex  3.712948e+01 -2.657867e+01  0.000000e+00
     vertex  3.725889e+01 -2.656163e+01  7.100000e-01
     vertex  3.712948e+01 -2.657867e+01  7.100000e-01
   endloop
 endfacet
 facet normal  3.826834e-01 -9.238795e-01  0.000000e+00
   outer loop
     vertex  3.700889e+01 -2.662862e+01  0.000000e+00
     vertex  3.712948e+01 -2.657867e+01  0.000000e+00
     vertex  3.712948e+01 -2.657867e+01  7.100000e-01
   endloop
 endfacet
 facet normal  3.826834e-01 -9.238795e-01  0.000000e+00
   outer loop
     vertex  3.700889e+01 -2.662862e+01  0.000000e+00
     vertex  3.712948e+01 -2.657867e+01  7.100000e-01
     vertex  3.700889e+01 -2.662862e+01  7.100000e-01
   endloop
 endfacet
 facet normal  6.087614e-01 -7.933533e-01  0.000000e+00
   outer loop
     vertex  3.690534e+01 -2.670808e+01  0.000000e+00
     vertex  3.700889e+01 -2.662862e+01  0.000000e+00
     vertex  3.700889e+01 -2.662862e+01  7.100000e-01
   endloop
 endfacet
 facet normal  6.087614e-01 -7.933533e-01  0.000000e+00
   outer loop
     vertex  3.690534e+01 -2.670808e+01  0.000000e+00
     vertex  3.700889e+01 -2.662862e+01  7.100000e-01
     vertex  3.690534e+01 -2.670808e+01  7.100000e-01
   endloop
 endfacet
 facet normal  7.933533e-01 -6.087614e-01  0.000000e+00
   outer loop
     vertex  3.682588e+01 -2.681163e+01  0.000000e+00
     vertex  3.690534e+01 -2.670808e+01  0.000000e+00
     vertex  3.690534e+01 -2.670808e+01  7.100000e-01
   endloop
 endfacet
 facet normal  7.933533e-01 -6.087614e-01  0.000000e+00
   outer loop
     vertex  3.682588e+01 -2.681163e+01  0.000000e+00
     vertex  3.690534e+01 -2.670808e+01  7.100000e-01
     vertex  3.682588e+01 -2.681163e+01  7.100000e-01
   endloop
 endfacet
 facet normal  9.238795e-01 -3.826834e-01  0.000000e+00
   outer loop
     vertex  3.677593e+01 -2.693222e+01  0.000000e+00
     vertex  3.682588e+01 -2.681163e+01  0.000000e+00
     vertex  3.682588e+01 -2.681163e+01  7.100000e-01
   endloop
 endfacet
 facet normal  9.238795e-01 -3.826834e-01  0.000000e+00
   outer loop
     vertex  3.677593e+01 -2.693222e+01  0.000000e+00
     vertex  3.682588e+01 -2.681163e+01  7.100000e-01
     vertex  3.677593e+01 -2.693222e+01  7.100000e-01
   endloop
 endfacet
 facet normal  9.914449e-01 -1.305262e-01  0.000000e+00
   outer loop
     vertex  3.675889e+01 -2.706163e+01  0.000000e+00
     vertex  3.677593e+01 -2.693222e+01  0.000000e+00
     vertex  3.677593e+01 -2.693222e+01  7.100000e-01
   endloop
 endfacet
 facet normal  9.914449e-01 -1.305262e-01  0.000000e+00
   outer loop
     vertex  3.675889e+01 -2.706163e+01  0.000000e+00
     vertex  3.677593e+01 -2.693222e+01  7.100000e-01
     vertex  3.675889e+01 -2.706163e+01  7.100000e-01
   endloop
 endfacet
 facet normal  9.238795e-01  3.826834e-01 -0.000000e+00
   outer loop
     vertex  3.677593e+01 -2.719104e+01  0.000000e+00
     vertex  3.677593e+01 -2.719104e+01  7.100000e-01
     vertex  3.682588e+01 -2.731163e+01  7.100000e-01
   endloop
 endfacet
 facet normal  9.914449e-01  1.305262e-01 -0.000000e+00
   outer loop
     vertex  3.677593e+01 -2.719104e+01  0.000000e+00
     vertex  3.675889e+01 -2.706163e+01  7.100000e-01
     vertex  3.677593e+01 -2.719104e+01  7.100000e-01
   endloop
 endfacet
 facet normal  9.914449e-01  1.305262e-01  0.000000e+00
   outer loop
     vertex  3.677593e+01 -2.719104e+01  0.000000e+00
     vertex  3.675889e+01 -2.706163e+01  0.000000e+00
     vertex  3.675889e+01 -2.706163e+01  7.100000e-01
   endloop
 endfacet
 facet normal  9.238795e-01  3.826834e-01 -0.000000e+00
   outer loop
     vertex  3.682588e+01 -2.731163e+01  0.000000e+00
     vertex  3.677593e+01 -2.719104e+01  0.000000e+00
     vertex  3.682588e+01 -2.731163e+01  7.100000e-01
   endloop
 endfacet
 facet normal  7.933533e-01  6.087614e-01 -0.000000e+00
   outer loop
     vertex  3.682588e+01 -2.731163e+01  0.000000e+00
     vertex  3.682588e+01 -2.731163e+01  7.100000e-01
     vertex  3.690534e+01 -2.741518e+01  7.100000e-01
   endloop
 endfacet
 facet normal  6.087614e-01  7.933533e-01 -0.000000e+00
   outer loop
     vertex  3.690534e+01 -2.741518e+01  0.000000e+00
     vertex  3.690534e+01 -2.741518e+01  7.100000e-01
     vertex  3.700889e+01 -2.749464e+01  7.100000e-01
   endloop
 endfacet
 facet normal  7.933533e-01  6.087614e-01 -0.000000e+00
   outer loop
     vertex  3.690534e+01 -2.741518e+01  0.000000e+00
     vertex  3.682588e+01 -2.731163e+01  0.000000e+00
     vertex  3.690534e+01 -2.741518e+01  7.100000e-01
   endloop
 endfacet
 facet normal  6.087614e-01  7.933533e-01 -0.000000e+00
   outer loop
     vertex  3.700889e+01 -2.749464e+01  0.000000e+00
     vertex  3.690534e+01 -2.741518e+01  0.000000e+00
     vertex  3.700889e+01 -2.749464e+01  7.100000e-01
   endloop
 endfacet
 facet normal  3.826834e-01  9.238795e-01 -0.000000e+00
   outer loop
     vertex  3.712948e+01 -2.754459e+01  0.000000e+00
     vertex  3.700889e+01 -2.749464e+01  7.100000e-01
     vertex  3.712948e+01 -2.754459e+01  7.100000e-01
   endloop
 endfacet
 facet normal  3.826834e-01  9.238795e-01  0.000000e+00
   outer loop
     vertex  3.712948e+01 -2.754459e+01  0.000000e+00
     vertex  3.700889e+01 -2.749464e+01  0.000000e+00
     vertex  3.700889e+01 -2.749464e+01  7.100000e-01
   endloop
 endfacet
 facet normal  1.305262e-01  9.914449e-01 -0.000000e+00
   outer loop
     vertex  3.725889e+01 -2.756163e+01  0.000000e+00
     vertex  3.712948e+01 -2.754459e+01  7.100000e-01
     vertex  3.725889e+01 -2.756163e+01  7.100000e-01
   endloop
 endfacet
 facet normal  1.305262e-01  9.914449e-01  0.000000e+00
   outer loop
     vertex  3.725889e+01 -2.756163e+01  0.000000e+00
     vertex  3.712948e+01 -2.754459e+01  0.000000e+00
     vertex  3.712948e+01 -2.754459e+01  7.100000e-01
   endloop
 endfacet
 facet normal -1.305262e-01  9.914449e-01  0.000000e+00
   outer loop
     vertex  3.738830e+01 -2.500459e+01  0.000000e+00
     vertex  3.725889e+01 -2.502163e+01  0.000000e+00
     vertex  3.725889e+01 -2.502163e+01  7.100000e-01
   endloop
 endfacet
 facet normal -1.305262e-01  9.914449e-01  0.000000e+00
   outer loop
     vertex  3.738830e+01 -2.500459e+01  0.000000e+00
     vertex  3.725889e+01 -2.502163e+01  7.100000e-01
     vertex  3.738830e+01 -2.500459e+01  7.100000e-01
   endloop
 endfacet
 facet normal -3.826834e-01  9.238795e-01  0.000000e+00
   outer loop
     vertex  3.750889e+01 -2.495464e+01  0.000000e+00
     vertex  3.738830e+01 -2.500459e+01  7.100000e-01
     vertex  3.750889e+01 -2.495464e+01  7.100000e-01
   endloop
 endfacet
 facet normal -3.826834e-01  9.238795e-01  0.000000e+00
   outer loop
     vertex  3.750889e+01 -2.495464e+01  0.000000e+00
     vertex  3.738830e+01 -2.500459e+01  0.000000e+00
     vertex  3.738830e+01 -2.500459e+01  7.100000e-01
   endloop
 endfacet
 facet normal -6.087614e-01  7.933533e-01  0.000000e+00
   outer loop
     vertex  3.761245e+01 -2.487518e+01  0.000000e+00
     vertex  3.750889e+01 -2.495464e+01  7.100000e-01
     vertex  3.761245e+01 -2.487518e+01  7.100000e-01
   endloop
 endfacet
 facet normal -6.087614e-01  7.933533e-01  0.000000e+00
   outer loop
     vertex  3.761245e+01 -2.487518e+01  0.000000e+00
     vertex  3.750889e+01 -2.495464e+01  0.000000e+00
     vertex  3.750889e+01 -2.495464e+01  7.100000e-01
   endloop
 endfacet
 facet normal -7.933533e-01  6.087614e-01  0.000000e+00
   outer loop
     vertex  3.769190e+01 -2.477163e+01  0.000000e+00
     vertex  3.761245e+01 -2.487518e+01  7.100000e-01
     vertex  3.769190e+01 -2.477163e+01  7.100000e-01
   endloop
 endfacet
 facet normal -7.933533e-01  6.087614e-01  0.000000e+00
   outer loop
     vertex  3.769190e+01 -2.477163e+01  0.000000e+00
     vertex  3.761245e+01 -2.487518e+01  0.000000e+00
     vertex  3.761245e+01 -2.487518e+01  7.100000e-01
   endloop
 endfacet
 facet normal -9.238795e-01  3.826834e-01  0.000000e+00
   outer loop
     vertex  3.774185e+01 -2.465104e+01  0.000000e+00
     vertex  3.769190e+01 -2.477163e+01  7.100000e-01
     vertex  3.774185e+01 -2.465104e+01  7.100000e-01
   endloop
 endfacet
 facet normal -9.238795e-01  3.826834e-01  0.000000e+00
   outer loop
     vertex  3.774185e+01 -2.465104e+01  0.000000e+00
     vertex  3.769190e+01 -2.477163e+01  0.000000e+00
     vertex  3.769190e+01 -2.477163e+01  7.100000e-01
   endloop
 endfacet
 facet normal -9.914449e-01  1.305262e-01  0.000000e+00
   outer loop
     vertex  3.775889e+01 -2.452163e+01  0.000000e+00
     vertex  3.774185e+01 -2.465104e+01  7.100000e-01
     vertex  3.775889e+01 -2.452163e+01  7.100000e-01
   endloop
 endfacet
 facet normal -9.914449e-01  1.305262e-01  0.000000e+00
   outer loop
     vertex  3.775889e+01 -2.452163e+01  0.000000e+00
     vertex  3.774185e+01 -2.465104e+01  0.000000e+00
     vertex  3.774185e+01 -2.465104e+01  7.100000e-01
   endloop
 endfacet
 facet normal -9.914449e-01 -1.305262e-01  0.000000e+00
   outer loop
     vertex  3.774185e+01 -2.439222e+01  0.000000e+00
     vertex  3.775889e+01 -2.452163e+01  7.100000e-01
     vertex  3.774185e+01 -2.439222e+01  7.100000e-01
   endloop
 endfacet
 facet normal -9.914449e-01 -1.305262e-01  0.000000e+00
   outer loop
     vertex  3.774185e+01 -2.439222e+01  0.000000e+00
     vertex  3.775889e+01 -2.452163e+01  0.000000e+00
     vertex  3.775889e+01 -2.452163e+01  7.100000e-01
   endloop
 endfacet
 facet normal -7.933533e-01 -6.087614e-01  0.000000e+00
   outer loop
     vertex  3.769190e+01 -2.427163e+01  0.000000e+00
     vertex  3.769190e+01 -2.427163e+01  7.100000e-01
     vertex  3.761245e+01 -2.416808e+01  7.100000e-01
   endloop
 endfacet
 facet normal -9.238795e-01 -3.826834e-01  0.000000e+00
   outer loop
     vertex  3.769190e+01 -2.427163e+01  0.000000e+00
     vertex  3.774185e+01 -2.439222e+01  7.100000e-01
     vertex  3.769190e+01 -2.427163e+01  7.100000e-01
   endloop
 endfacet
 facet normal -9.238795e-01 -3.826834e-01  0.000000e+00
   outer loop
     vertex  3.769190e+01 -2.427163e+01  0.000000e+00
     vertex  3.774185e+01 -2.439222e+01  0.000000e+00
     vertex  3.774185e+01 -2.439222e+01  7.100000e-01
   endloop
 endfacet
 facet normal -6.087614e-01 -7.933533e-01  0.000000e+00
   outer loop
     vertex  3.761245e+01 -2.416808e+01  0.000000e+00
     vertex  3.761245e+01 -2.416808e+01  7.100000e-01
     vertex  3.750889e+01 -2.408862e+01  7.100000e-01
   endloop
 endfacet
 facet normal -7.933533e-01 -6.087614e-01  0.000000e+00
   outer loop
     vertex  3.761245e+01 -2.416808e+01  0.000000e+00
     vertex  3.769190e+01 -2.427163e+01  0.000000e+00
     vertex  3.761245e+01 -2.416808e+01  7.100000e-01
   endloop
 endfacet
 facet normal -6.087614e-01 -7.933533e-01  0.000000e+00
   outer loop
     vertex  3.750889e+01 -2.408862e+01  0.000000e+00
     vertex  3.761245e+01 -2.416808e+01  0.000000e+00
     vertex  3.750889e+01 -2.408862e+01  7.100000e-01
   endloop
 endfacet
 facet normal -3.826834e-01 -9.238795e-01  0.000000e+00
   outer loop
     vertex  3.738830e+01 -2.403867e+01  0.000000e+00
     vertex  3.750889e+01 -2.408862e+01  0.000000e+00
     vertex  3.750889e+01 -2.408862e+01  7.100000e-01
   endloop
 endfacet
 facet normal -1.305262e-01 -9.914449e-01  0.000000e+00
   outer loop
     vertex  3.738830e+01 -2.403867e+01  0.000000e+00
     vertex  3.738830e+01 -2.403867e+01  7.100000e-01
     vertex  3.725889e+01 -2.402163e+01  7.100000e-01
   endloop
 endfacet
 facet normal -3.826834e-01 -9.238795e-01  0.000000e+00
   outer loop
     vertex  3.738830e+01 -2.403867e+01  0.000000e+00
     vertex  3.750889e+01 -2.408862e+01  7.100000e-01
     vertex  3.738830e+01 -2.403867e+01  7.100000e-01
   endloop
 endfacet
 facet normal -1.305262e-01 -9.914449e-01  0.000000e+00
   outer loop
     vertex  3.725889e+01 -2.402163e+01  0.000000e+00
     vertex  3.738830e+01 -2.403867e+01  0.000000e+00
     vertex  3.725889e+01 -2.402163e+01  7.100000e-01
   endloop
 endfacet
 facet normal  1.305262e-01 -9.914449e-01  0.000000e+00
   outer loop
     vertex  3.712948e+01 -2.403867e+01  0.000000e+00
     vertex  3.725889e+01 -2.402163e+01  0.000000e+00
     vertex  3.725889e+01 -2.402163e+01  7.100000e-01
   endloop
 endfacet
 facet normal  1.305262e-01 -9.914449e-01  0.000000e+00
   outer loop
     vertex  3.712948e+01 -2.403867e+01  0.000000e+00
     vertex  3.725889e+01 -2.402163e+01  7.100000e-01
     vertex  3.712948e+01 -2.403867e+01  7.100000e-01
   endloop
 endfacet
 facet normal  3.826834e-01 -9.238795e-01  0.000000e+00
   outer loop
     vertex  3.700889e+01 -2.408862e+01  0.000000e+00
     vertex  3.712948e+01 -2.403867e+01  0.000000e+00
     vertex  3.712948e+01 -2.403867e+01  7.100000e-01
   endloop
 endfacet
 facet normal  3.826834e-01 -9.238795e-01  0.000000e+00
   outer loop
     vertex  3.700889e+01 -2.408862e+01  0.000000e+00
     vertex  3.712948e+01 -2.403867e+01  7.100000e-01
     vertex  3.700889e+01 -2.408862e+01  7.100000e-01
   endloop
 endfacet
 facet normal  6.087614e-01 -7.933533e-01  0.000000e+00
   outer loop
     vertex  3.690534e+01 -2.416808e+01  0.000000e+00
     vertex  3.700889e+01 -2.408862e+01  0.000000e+00
     vertex  3.700889e+01 -2.408862e+01  7.100000e-01
   endloop
 endfacet
 facet normal  6.087614e-01 -7.933533e-01  0.000000e+00
   outer loop
     vertex  3.690534e+01 -2.416808e+01  0.000000e+00
     vertex  3.700889e+01 -2.408862e+01  7.100000e-01
     vertex  3.690534e+01 -2.416808e+01  7.100000e-01
   endloop
 endfacet
 facet normal  7.933533e-01 -6.087614e-01  0.000000e+00
   outer loop
     vertex  3.682588e+01 -2.427163e+01  0.000000e+00
     vertex  3.690534e+01 -2.416808e+01  0.000000e+00
     vertex  3.690534e+01 -2.416808e+01  7.100000e-01
   endloop
 endfacet
 facet normal  7.933533e-01 -6.087614e-01  0.000000e+00
   outer loop
     vertex  3.682588e+01 -2.427163e+01  0.000000e+00
     vertex  3.690534e+01 -2.416808e+01  7.100000e-01
     vertex  3.682588e+01 -2.427163e+01  7.100000e-01
   endloop
 endfacet
 facet normal  9.238795e-01 -3.826834e-01  0.000000e+00
   outer loop
     vertex  3.677593e+01 -2.439222e+01  0.000000e+00
     vertex  3.682588e+01 -2.427163e+01  0.000000e+00
     vertex  3.682588e+01 -2.427163e+01  7.100000e-01
   endloop
 endfacet
 facet normal  9.238795e-01 -3.826834e-01  0.000000e+00
   outer loop
     vertex  3.677593e+01 -2.439222e+01  0.000000e+00
     vertex  3.682588e+01 -2.427163e+01  7.100000e-01
     vertex  3.677593e+01 -2.439222e+01  7.100000e-01
   endloop
 endfacet
 facet normal  9.914449e-01 -1.305262e-01  0.000000e+00
   outer loop
     vertex  3.675889e+01 -2.452163e+01  0.000000e+00
     vertex  3.677593e+01 -2.439222e+01  0.000000e+00
     vertex  3.677593e+01 -2.439222e+01  7.100000e-01
   endloop
 endfacet
 facet normal  9.914449e-01 -1.305262e-01  0.000000e+00
   outer loop
     vertex  3.675889e+01 -2.452163e+01  0.000000e+00
     vertex  3.677593e+01 -2.439222e+01  7.100000e-01
     vertex  3.675889e+01 -2.452163e+01  7.100000e-01
   endloop
 endfacet
 facet normal  9.238795e-01  3.826834e-01 -0.000000e+00
   outer loop
     vertex  3.677593e+01 -2.465104e+01  0.000000e+00
     vertex  3.677593e+01 -2.465104e+01  7.100000e-01
     vertex  3.682588e+01 -2.477163e+01  7.100000e-01
   endloop
 endfacet
 facet normal  9.914449e-01  1.305262e-01 -0.000000e+00
   outer loop
     vertex  3.677593e+01 -2.465104e+01  0.000000e+00
     vertex  3.675889e+01 -2.452163e+01  7.100000e-01
     vertex  3.677593e+01 -2.465104e+01  7.100000e-01
   endloop
 endfacet
 facet normal  9.914449e-01  1.305262e-01  0.000000e+00
   outer loop
     vertex  3.677593e+01 -2.465104e+01  0.000000e+00
     vertex  3.675889e+01 -2.452163e+01  0.000000e+00
     vertex  3.675889e+01 -2.452163e+01  7.100000e-01
   endloop
 endfacet
 facet normal  9.238795e-01  3.826834e-01 -0.000000e+00
   outer loop
     vertex  3.682588e+01 -2.477163e+01  0.000000e+00
     vertex  3.677593e+01 -2.465104e+01  0.000000e+00
     vertex  3.682588e+01 -2.477163e+01  7.100000e-01
   endloop
 endfacet
 facet normal  7.933533e-01  6.087614e-01 -0.000000e+00
   outer loop
     vertex  3.682588e+01 -2.477163e+01  0.000000e+00
     vertex  3.682588e+01 -2.477163e+01  7.100000e-01
     vertex  3.690534e+01 -2.487518e+01  7.100000e-01
   endloop
 endfacet
 facet normal  6.087614e-01  7.933533e-01 -0.000000e+00
   outer loop
     vertex  3.690534e+01 -2.487518e+01  0.000000e+00
     vertex  3.690534e+01 -2.487518e+01  7.100000e-01
     vertex  3.700889e+01 -2.495464e+01  7.100000e-01
   endloop
 endfacet
 facet normal  7.933533e-01  6.087614e-01 -0.000000e+00
   outer loop
     vertex  3.690534e+01 -2.487518e+01  0.000000e+00
     vertex  3.682588e+01 -2.477163e+01  0.000000e+00
     vertex  3.690534e+01 -2.487518e+01  7.100000e-01
   endloop
 endfacet
 facet normal  6.087614e-01  7.933533e-01 -0.000000e+00
   outer loop
     vertex  3.700889e+01 -2.495464e+01  0.000000e+00
     vertex  3.690534e+01 -2.487518e+01  0.000000e+00
     vertex  3.700889e+01 -2.495464e+01  7.100000e-01
   endloop
 endfacet
 facet normal  3.826834e-01  9.238795e-01 -0.000000e+00
   outer loop
     vertex  3.712948e+01 -2.500459e+01  0.000000e+00
     vertex  3.700889e+01 -2.495464e+01  7.100000e-01
     vertex  3.712948e+01 -2.500459e+01  7.100000e-01
   endloop
 endfacet
 facet normal  3.826834e-01  9.238795e-01  0.000000e+00
   outer loop
     vertex  3.712948e+01 -2.500459e+01  0.000000e+00
     vertex  3.700889e+01 -2.495464e+01  0.000000e+00
     vertex  3.700889e+01 -2.495464e+01  7.100000e-01
   endloop
 endfacet
 facet normal  1.305262e-01  9.914449e-01 -0.000000e+00
   outer loop
     vertex  3.725889e+01 -2.502163e+01  0.000000e+00
     vertex  3.712948e+01 -2.500459e+01  7.100000e-01
     vertex  3.725889e+01 -2.502163e+01  7.100000e-01
   endloop
 endfacet
 facet normal  1.305262e-01  9.914449e-01  0.000000e+00
   outer loop
     vertex  3.725889e+01 -2.502163e+01  0.000000e+00
     vertex  3.712948e+01 -2.500459e+01  0.000000e+00
     vertex  3.712948e+01 -2.500459e+01  7.100000e-01
   endloop
 endfacet
 facet normal -1.305262e-01  9.914449e-01  0.000000e+00
   outer loop
     vertex  3.738830e+01 -2.246459e+01  0.000000e+00
     vertex  3.725889e+01 -2.248163e+01  0.000000e+00
     vertex  3.725889e+01 -2.248163e+01  7.100000e-01
   endloop
 endfacet
 facet normal -1.305262e-01  9.914449e-01  0.000000e+00
   outer loop
     vertex  3.738830e+01 -2.246459e+01  0.000000e+00
     vertex  3.725889e+01 -2.248163e+01  7.100000e-01
     vertex  3.738830e+01 -2.246459e+01  7.100000e-01
   endloop
 endfacet
 facet normal -3.826834e-01  9.238795e-01  0.000000e+00
   outer loop
     vertex  3.750889e+01 -2.241464e+01  0.000000e+00
     vertex  3.738830e+01 -2.246459e+01  7.100000e-01
     vertex  3.750889e+01 -2.241464e+01  7.100000e-01
   endloop
 endfacet
 facet normal -3.826834e-01  9.238795e-01  0.000000e+00
   outer loop
     vertex  3.750889e+01 -2.241464e+01  0.000000e+00
     vertex  3.738830e+01 -2.246459e+01  0.000000e+00
     vertex  3.738830e+01 -2.246459e+01  7.100000e-01
   endloop
 endfacet
 facet normal -6.087614e-01  7.933533e-01  0.000000e+00
   outer loop
     vertex  3.761245e+01 -2.233518e+01  0.000000e+00
     vertex  3.750889e+01 -2.241464e+01  7.100000e-01
     vertex  3.761245e+01 -2.233518e+01  7.100000e-01
   endloop
 endfacet
 facet normal -6.087614e-01  7.933533e-01  0.000000e+00
   outer loop
     vertex  3.761245e+01 -2.233518e+01  0.000000e+00
     vertex  3.750889e+01 -2.241464e+01  0.000000e+00
     vertex  3.750889e+01 -2.241464e+01  7.100000e-01
   endloop
 endfacet
 facet normal -7.933533e-01  6.087614e-01  0.000000e+00
   outer loop
     vertex  3.769190e+01 -2.223163e+01  0.000000e+00
     vertex  3.761245e+01 -2.233518e+01  7.100000e-01
     vertex  3.769190e+01 -2.223163e+01  7.100000e-01
   endloop
 endfacet
 facet normal -7.933533e-01  6.087614e-01  0.000000e+00
   outer loop
     vertex  3.769190e+01 -2.223163e+01  0.000000e+00
     vertex  3.761245e+01 -2.233518e+01  0.000000e+00
     vertex  3.761245e+01 -2.233518e+01  7.100000e-01
   endloop
 endfacet
 facet normal -9.238795e-01  3.826834e-01  0.000000e+00
   outer loop
     vertex  3.774185e+01 -2.211104e+01  0.000000e+00
     vertex  3.769190e+01 -2.223163e+01  7.100000e-01
     vertex  3.774185e+01 -2.211104e+01  7.100000e-01
   endloop
 endfacet
 facet normal -9.238795e-01  3.826834e-01  0.000000e+00
   outer loop
     vertex  3.774185e+01 -2.211104e+01  0.000000e+00
     vertex  3.769190e+01 -2.223163e+01  0.000000e+00
     vertex  3.769190e+01 -2.223163e+01  7.100000e-01
   endloop
 endfacet
 facet normal -9.914449e-01  1.305262e-01  0.000000e+00
   outer loop
     vertex  3.775889e+01 -2.198163e+01  0.000000e+00
     vertex  3.774185e+01 -2.211104e+01  7.100000e-01
     vertex  3.775889e+01 -2.198163e+01  7.100000e-01
   endloop
 endfacet
 facet normal -9.914449e-01  1.305262e-01  0.000000e+00
   outer loop
     vertex  3.775889e+01 -2.198163e+01  0.000000e+00
     vertex  3.774185e+01 -2.211104e+01  0.000000e+00
     vertex  3.774185e+01 -2.211104e+01  7.100000e-01
   endloop
 endfacet
 facet normal -9.914449e-01 -1.305262e-01  0.000000e+00
   outer loop
     vertex  3.774185e+01 -2.185222e+01  0.000000e+00
     vertex  3.775889e+01 -2.198163e+01  7.100000e-01
     vertex  3.774185e+01 -2.185222e+01  7.100000e-01
   endloop
 endfacet
 facet normal -9.914449e-01 -1.305262e-01  0.000000e+00
   outer loop
     vertex  3.774185e+01 -2.185222e+01  0.000000e+00
     vertex  3.775889e+01 -2.198163e+01  0.000000e+00
     vertex  3.775889e+01 -2.198163e+01  7.100000e-01
   endloop
 endfacet
 facet normal -7.933533e-01 -6.087614e-01  0.000000e+00
   outer loop
     vertex  3.769190e+01 -2.173163e+01  0.000000e+00
     vertex  3.769190e+01 -2.173163e+01  7.100000e-01
     vertex  3.761245e+01 -2.162808e+01  7.100000e-01
   endloop
 endfacet
 facet normal -9.238795e-01 -3.826834e-01  0.000000e+00
   outer loop
     vertex  3.769190e+01 -2.173163e+01  0.000000e+00
     vertex  3.774185e+01 -2.185222e+01  7.100000e-01
     vertex  3.769190e+01 -2.173163e+01  7.100000e-01
   endloop
 endfacet
 facet normal -9.238795e-01 -3.826834e-01  0.000000e+00
   outer loop
     vertex  3.769190e+01 -2.173163e+01  0.000000e+00
     vertex  3.774185e+01 -2.185222e+01  0.000000e+00
     vertex  3.774185e+01 -2.185222e+01  7.100000e-01
   endloop
 endfacet
 facet normal -6.087614e-01 -7.933533e-01  0.000000e+00
   outer loop
     vertex  3.761245e+01 -2.162808e+01  0.000000e+00
     vertex  3.761245e+01 -2.162808e+01  7.100000e-01
     vertex  3.750889e+01 -2.154862e+01  7.100000e-01
   endloop
 endfacet
 facet normal -7.933533e-01 -6.087614e-01  0.000000e+00
   outer loop
     vertex  3.761245e+01 -2.162808e+01  0.000000e+00
     vertex  3.769190e+01 -2.173163e+01  0.000000e+00
     vertex  3.761245e+01 -2.162808e+01  7.100000e-01
   endloop
 endfacet
 facet normal -6.087614e-01 -7.933533e-01  0.000000e+00
   outer loop
     vertex  3.750889e+01 -2.154862e+01  0.000000e+00
     vertex  3.761245e+01 -2.162808e+01  0.000000e+00
     vertex  3.750889e+01 -2.154862e+01  7.100000e-01
   endloop
 endfacet
 facet normal -3.826834e-01 -9.238795e-01  0.000000e+00
   outer loop
     vertex  3.738830e+01 -2.149867e+01  0.000000e+00
     vertex  3.750889e+01 -2.154862e+01  0.000000e+00
     vertex  3.750889e+01 -2.154862e+01  7.100000e-01
   endloop
 endfacet
 facet normal -1.305262e-01 -9.914449e-01  0.000000e+00
   outer loop
     vertex  3.738830e+01 -2.149867e+01  0.000000e+00
     vertex  3.738830e+01 -2.149867e+01  7.100000e-01
     vertex  3.725889e+01 -2.148163e+01  7.100000e-01
   endloop
 endfacet
 facet normal -3.826834e-01 -9.238795e-01  0.000000e+00
   outer loop
     vertex  3.738830e+01 -2.149867e+01  0.000000e+00
     vertex  3.750889e+01 -2.154862e+01  7.100000e-01
     vertex  3.738830e+01 -2.149867e+01  7.100000e-01
   endloop
 endfacet
 facet normal -1.305262e-01 -9.914449e-01  0.000000e+00
   outer loop
     vertex  3.725889e+01 -2.148163e+01  0.000000e+00
     vertex  3.738830e+01 -2.149867e+01  0.000000e+00
     vertex  3.725889e+01 -2.148163e+01  7.100000e-01
   endloop
 endfacet
 facet normal  1.305262e-01 -9.914449e-01  0.000000e+00
   outer loop
     vertex  3.712948e+01 -2.149867e+01  0.000000e+00
     vertex  3.725889e+01 -2.148163e+01  0.000000e+00
     vertex  3.725889e+01 -2.148163e+01  7.100000e-01
   endloop
 endfacet
 facet normal  1.305262e-01 -9.914449e-01  0.000000e+00
   outer loop
     vertex  3.712948e+01 -2.149867e+01  0.000000e+00
     vertex  3.725889e+01 -2.148163e+01  7.100000e-01
     vertex  3.712948e+01 -2.149867e+01  7.100000e-01
   endloop
 endfacet
 facet normal  3.826834e-01 -9.238795e-01  0.000000e+00
   outer loop
     vertex  3.700889e+01 -2.154862e+01  0.000000e+00
     vertex  3.712948e+01 -2.149867e+01  0.000000e+00
     vertex  3.712948e+01 -2.149867e+01  7.100000e-01
   endloop
 endfacet
 facet normal  3.826834e-01 -9.238795e-01  0.000000e+00
   outer loop
     vertex  3.700889e+01 -2.154862e+01  0.000000e+00
     vertex  3.712948e+01 -2.149867e+01  7.100000e-01
     vertex  3.700889e+01 -2.154862e+01  7.100000e-01
   endloop
 endfacet
 facet normal  6.087614e-01 -7.933533e-01  0.000000e+00
   outer loop
     vertex  3.690534e+01 -2.162808e+01  0.000000e+00
     vertex  3.700889e+01 -2.154862e+01  0.000000e+00
     vertex  3.700889e+01 -2.154862e+01  7.100000e-01
   endloop
 endfacet
 facet normal  6.087614e-01 -7.933533e-01  0.000000e+00
   outer loop
     vertex  3.690534e+01 -2.162808e+01  0.000000e+00
     vertex  3.700889e+01 -2.154862e+01  7.100000e-01
     vertex  3.690534e+01 -2.162808e+01  7.100000e-01
   endloop
 endfacet
 facet normal  7.933533e-01 -6.087614e-01  0.000000e+00
   outer loop
     vertex  3.682588e+01 -2.173163e+01  0.000000e+00
     vertex  3.690534e+01 -2.162808e+01  0.000000e+00
     vertex  3.690534e+01 -2.162808e+01  7.100000e-01
   endloop
 endfacet
 facet normal  7.933533e-01 -6.087614e-01  0.000000e+00
   outer loop
     vertex  3.682588e+01 -2.173163e+01  0.000000e+00
     vertex  3.690534e+01 -2.162808e+01  7.100000e-01
     vertex  3.682588e+01 -2.173163e+01  7.100000e-01
   endloop
 endfacet
 facet normal  9.238795e-01 -3.826834e-01  0.000000e+00
   outer loop
     vertex  3.677593e+01 -2.185222e+01  0.000000e+00
     vertex  3.682588e+01 -2.173163e+01  0.000000e+00
     vertex  3.682588e+01 -2.173163e+01  7.100000e-01
   endloop
 endfacet
 facet normal  9.238795e-01 -3.826834e-01  0.000000e+00
   outer loop
     vertex  3.677593e+01 -2.185222e+01  0.000000e+00
     vertex  3.682588e+01 -2.173163e+01  7.100000e-01
     vertex  3.677593e+01 -2.185222e+01  7.100000e-01
   endloop
 endfacet
 facet normal  9.914449e-01 -1.305262e-01  0.000000e+00
   outer loop
     vertex  3.675889e+01 -2.198163e+01  0.000000e+00
     vertex  3.677593e+01 -2.185222e+01  0.000000e+00
     vertex  3.677593e+01 -2.185222e+01  7.100000e-01
   endloop
 endfacet
 facet normal  9.914449e-01 -1.305262e-01  0.000000e+00
   outer loop
     vertex  3.675889e+01 -2.198163e+01  0.000000e+00
     vertex  3.677593e+01 -2.185222e+01  7.100000e-01
     vertex  3.675889e+01 -2.198163e+01  7.100000e-01
   endloop
 endfacet
 facet normal  9.238795e-01  3.826834e-01 -0.000000e+00
   outer loop
     vertex  3.677593e+01 -2.211104e+01  0.000000e+00
     vertex  3.677593e+01 -2.211104e+01  7.100000e-01
     vertex  3.682588e+01 -2.223163e+01  7.100000e-01
   endloop
 endfacet
 facet normal  9.914449e-01  1.305262e-01 -0.000000e+00
   outer loop
     vertex  3.677593e+01 -2.211104e+01  0.000000e+00
     vertex  3.675889e+01 -2.198163e+01  7.100000e-01
     vertex  3.677593e+01 -2.211104e+01  7.100000e-01
   endloop
 endfacet
 facet normal  9.914449e-01  1.305262e-01  0.000000e+00
   outer loop
     vertex  3.677593e+01 -2.211104e+01  0.000000e+00
     vertex  3.675889e+01 -2.198163e+01  0.000000e+00
     vertex  3.675889e+01 -2.198163e+01  7.100000e-01
   endloop
 endfacet
 facet normal  9.238795e-01  3.826834e-01 -0.000000e+00
   outer loop
     vertex  3.682588e+01 -2.223163e+01  0.000000e+00
     vertex  3.677593e+01 -2.211104e+01  0.000000e+00
     vertex  3.682588e+01 -2.223163e+01  7.100000e-01
   endloop
 endfacet
 facet normal  7.933533e-01  6.087614e-01 -0.000000e+00
   outer loop
     vertex  3.682588e+01 -2.223163e+01  0.000000e+00
     vertex  3.682588e+01 -2.223163e+01  7.100000e-01
     vertex  3.690534e+01 -2.233518e+01  7.100000e-01
   endloop
 endfacet
 facet normal  6.087614e-01  7.933533e-01 -0.000000e+00
   outer loop
     vertex  3.690534e+01 -2.233518e+01  0.000000e+00
     vertex  3.690534e+01 -2.233518e+01  7.100000e-01
     vertex  3.700889e+01 -2.241464e+01  7.100000e-01
   endloop
 endfacet
 facet normal  7.933533e-01  6.087614e-01 -0.000000e+00
   outer loop
     vertex  3.690534e+01 -2.233518e+01  0.000000e+00
     vertex  3.682588e+01 -2.223163e+01  0.000000e+00
     vertex  3.690534e+01 -2.233518e+01  7.100000e-01
   endloop
 endfacet
 facet normal  6.087614e-01  7.933533e-01 -0.000000e+00
   outer loop
     vertex  3.700889e+01 -2.241464e+01  0.000000e+00
     vertex  3.690534e+01 -2.233518e+01  0.000000e+00
     vertex  3.700889e+01 -2.241464e+01  7.100000e-01
   endloop
 endfacet
 facet normal  3.826834e-01  9.238795e-01 -0.000000e+00
   outer loop
     vertex  3.712948e+01 -2.246459e+01  0.000000e+00
     vertex  3.700889e+01 -2.241464e+01  7.100000e-01
     vertex  3.712948e+01 -2.246459e+01  7.100000e-01
   endloop
 endfacet
 facet normal  3.826834e-01  9.238795e-01  0.000000e+00
   outer loop
     vertex  3.712948e+01 -2.246459e+01  0.000000e+00
     vertex  3.700889e+01 -2.241464e+01  0.000000e+00
     vertex  3.700889e+01 -2.241464e+01  7.100000e-01
   endloop
 endfacet
 facet normal  1.305262e-01  9.914449e-01 -0.000000e+00
   outer loop
     vertex  3.725889e+01 -2.248163e+01  0.000000e+00
     vertex  3.712948e+01 -2.246459e+01  7.100000e-01
     vertex  3.725889e+01 -2.248163e+01  7.100000e-01
   endloop
 endfacet
 facet normal  1.305262e-01  9.914449e-01  0.000000e+00
   outer loop
     vertex  3.725889e+01 -2.248163e+01  0.000000e+00
     vertex  3.712948e+01 -2.246459e+01  0.000000e+00
     vertex  3.712948e+01 -2.246459e+01  7.100000e-01
   endloop
 endfacet
endsolid
