ISO-10303-21;
HEADER;
FILE_DESCRIPTION(('KiCad electronic assembly'),'2;1');
FILE_NAME('S_XIAO.step','2026-01-04T18:15:09',('Pcbnew'),('Kicad'),
  'Open CASCADE STEP processor 7.6','KiCad to STEP converter','Unknown'
  );
FILE_SCHEMA(('AUTOMOTIVE_DESIGN { 1 0 10303 214 1 1 1 1 }'));
ENDSEC;
DATA;
#1 = APPLICATION_PROTOCOL_DEFINITION('international standard',
  'automotive_design',2000,#2);
#2 = APPLICATION_CONTEXT(
  'core data for automotive mechanical design processes');
#3 = SHAPE_DEFINITION_REPRESENTATION(#4,#10);
#4 = PRODUCT_DEFINITION_SHAPE('','',#5);
#5 = PRODUCT_DEFINITION('design','',#6,#9);
#6 = PRODUCT_DEFINITION_FORMATION('','',#7);
#7 = PRODUCT('S_XIAO 1','S_XIAO 1','',(#8));
#8 = PRODUCT_CONTEXT('',#2,'mechanical');
#9 = PRODUCT_DEFINITION_CONTEXT('part definition',#2,'design');
#10 = SHAPE_REPRESENTATION('',(#11,#15,#19,#23,#27,#31,#35),#39);
#11 = AXIS2_PLACEMENT_3D('',#12,#13,#14);
#12 = CARTESIAN_POINT('',(0.,0.,0.));
#13 = DIRECTION('',(0.,0.,1.));
#14 = DIRECTION('',(1.,0.,-0.));
#15 = AXIS2_PLACEMENT_3D('',#16,#17,#18);
#16 = CARTESIAN_POINT('',(35.639892,-33.35991,0.795));
#17 = DIRECTION('',(-0.,0.,1.));
#18 = DIRECTION('',(1.110223024625E-16,-1.,0.));
#19 = AXIS2_PLACEMENT_3D('',#20,#21,#22);
#20 = CARTESIAN_POINT('',(35.639892,-31.05991,0.795));
#21 = DIRECTION('',(-0.,0.,1.));
#22 = DIRECTION('',(1.110223024625E-16,-1.,0.));
#23 = AXIS2_PLACEMENT_3D('',#24,#25,#26);
#24 = CARTESIAN_POINT('',(27.339892,-29.95991,0.795));
#25 = DIRECTION('',(-0.,0.,1.));
#26 = DIRECTION('',(1.110223024625E-16,-1.,0.));
#27 = AXIS2_PLACEMENT_3D('',#28,#29,#30);
#28 = CARTESIAN_POINT('',(30.599892,-28.21991,0.795));
#29 = DIRECTION('',(0.,0.,1.));
#30 = DIRECTION('',(1.,0.,0.));
#31 = AXIS2_PLACEMENT_3D('',#32,#33,#34);
#32 = CARTESIAN_POINT('',(33.139892,-30.75991,0.795));
#33 = DIRECTION('',(0.,0.,1.));
#34 = DIRECTION('',(-1.,1.224646799147E-16,0.));
#35 = AXIS2_PLACEMENT_3D('',#36,#37,#38);
#36 = CARTESIAN_POINT('',(0.,0.,0.));
#37 = DIRECTION('',(0.,0.,1.));
#38 = DIRECTION('',(1.,0.,-0.));
#39 = ( GEOMETRIC_REPRESENTATION_CONTEXT(3) 
GLOBAL_UNCERTAINTY_ASSIGNED_CONTEXT((#43)) GLOBAL_UNIT_ASSIGNED_CONTEXT(
(#40,#41,#42)) REPRESENTATION_CONTEXT('Context #1',
  '3D Context with UNIT and UNCERTAINTY') );
#40 = ( LENGTH_UNIT() NAMED_UNIT(*) SI_UNIT(.MILLI.,.METRE.) );
#41 = ( NAMED_UNIT(*) PLANE_ANGLE_UNIT() SI_UNIT($,.RADIAN.) );
#42 = ( NAMED_UNIT(*) SI_UNIT($,.STERADIAN.) SOLID_ANGLE_UNIT() );
#43 = UNCERTAINTY_MEASURE_WITH_UNIT(LENGTH_MEASURE(1.E-07),#40,
  'distance_accuracy_value','confusion accuracy');
#44 = PRODUCT_RELATED_PRODUCT_CATEGORY('part',$,(#7));
#45 = SHAPE_DEFINITION_REPRESENTATION(#46,#52);
#46 = PRODUCT_DEFINITION_SHAPE('','',#47);
#47 = PRODUCT_DEFINITION('design','',#48,#51);
#48 = PRODUCT_DEFINITION_FORMATION('','',#49);
#49 = PRODUCT('R_0402_1005Metric','R_0402_1005Metric','',(#50));
#50 = PRODUCT_CONTEXT('',#2,'mechanical');
#51 = PRODUCT_DEFINITION_CONTEXT('part definition',#2,'design');
#52 = ADVANCED_BREP_SHAPE_REPRESENTATION('',(#11,#53),#843);
#53 = MANIFOLD_SOLID_BREP('',#54);
#54 = CLOSED_SHELL('',(#55,#95,#178,#203,#228,#295,#312,#329,#378,#395,
    #412,#461,#478,#547,#578,#602,#671,#695,#712,#729,#746,#763,#780,
    #797,#814,#831));
#55 = ADVANCED_FACE('',(#56),#90,.F.);
#56 = FACE_BOUND('',#57,.F.);
#57 = EDGE_LOOP('',(#58,#68,#76,#84));
#58 = ORIENTED_EDGE('',*,*,#59,.F.);
#59 = EDGE_CURVE('',#60,#62,#64,.T.);
#60 = VERTEX_POINT('',#61);
#61 = CARTESIAN_POINT('',(-0.5,-0.25,3.5E-02));
#62 = VERTEX_POINT('',#63);
#63 = CARTESIAN_POINT('',(-0.5,-0.25,0.315));
#64 = LINE('',#65,#66);
#65 = CARTESIAN_POINT('',(-0.5,-0.25,0.));
#66 = VECTOR('',#67,1.);
#67 = DIRECTION('',(0.,0.,1.));
#68 = ORIENTED_EDGE('',*,*,#69,.T.);
#69 = EDGE_CURVE('',#60,#70,#72,.T.);
#70 = VERTEX_POINT('',#71);
#71 = CARTESIAN_POINT('',(-0.5,0.25,3.5E-02));
#72 = LINE('',#73,#74);
#73 = CARTESIAN_POINT('',(-0.5,-0.25,3.5E-02));
#74 = VECTOR('',#75,1.);
#75 = DIRECTION('',(0.,1.,0.));
#76 = ORIENTED_EDGE('',*,*,#77,.T.);
#77 = EDGE_CURVE('',#70,#78,#80,.T.);
#78 = VERTEX_POINT('',#79);
#79 = CARTESIAN_POINT('',(-0.5,0.25,0.315));
#80 = LINE('',#81,#82);
#81 = CARTESIAN_POINT('',(-0.5,0.25,0.));
#82 = VECTOR('',#83,1.);
#83 = DIRECTION('',(0.,0.,1.));
#84 = ORIENTED_EDGE('',*,*,#85,.F.);
#85 = EDGE_CURVE('',#62,#78,#86,.T.);
#86 = LINE('',#87,#88);
#87 = CARTESIAN_POINT('',(-0.5,-0.25,0.315));
#88 = VECTOR('',#89,1.);
#89 = DIRECTION('',(0.,1.,0.));
#90 = PLANE('',#91);
#91 = AXIS2_PLACEMENT_3D('',#92,#93,#94);
#92 = CARTESIAN_POINT('',(-0.5,-0.25,0.));
#93 = DIRECTION('',(1.,0.,0.));
#94 = DIRECTION('',(0.,0.,1.));
#95 = ADVANCED_FACE('',(#96),#173,.F.);
#96 = FACE_BOUND('',#97,.F.);
#97 = EDGE_LOOP('',(#98,#108,#115,#116,#125,#133,#142,#150,#158,#166));
#98 = ORIENTED_EDGE('',*,*,#99,.F.);
#99 = EDGE_CURVE('',#100,#102,#104,.T.);
#100 = VERTEX_POINT('',#101);
#101 = CARTESIAN_POINT('',(-0.465,-0.25,-2.775557561563E-17));
#102 = VERTEX_POINT('',#103);
#103 = CARTESIAN_POINT('',(-0.335,-0.25,-2.775557561563E-17));
#104 = LINE('',#105,#106);
#105 = CARTESIAN_POINT('',(-0.5,-0.25,0.));
#106 = VECTOR('',#107,1.);
#107 = DIRECTION('',(1.,0.,0.));
#108 = ORIENTED_EDGE('',*,*,#109,.F.);
#109 = EDGE_CURVE('',#60,#100,#110,.T.);
#110 = CIRCLE('',#111,3.5E-02);
#111 = AXIS2_PLACEMENT_3D('',#112,#113,#114);
#112 = CARTESIAN_POINT('',(-0.465,-0.25,3.5E-02));
#113 = DIRECTION('',(0.,-1.,0.));
#114 = DIRECTION('',(0.,0.,1.));
#115 = ORIENTED_EDGE('',*,*,#59,.T.);
#116 = ORIENTED_EDGE('',*,*,#117,.T.);
#117 = EDGE_CURVE('',#62,#118,#120,.T.);
#118 = VERTEX_POINT('',#119);
#119 = CARTESIAN_POINT('',(-0.465,-0.25,0.35));
#120 = CIRCLE('',#121,3.5E-02);
#121 = AXIS2_PLACEMENT_3D('',#122,#123,#124);
#122 = CARTESIAN_POINT('',(-0.465,-0.25,0.315));
#123 = DIRECTION('',(0.,1.,0.));
#124 = DIRECTION('',(0.,-0.,1.));
#125 = ORIENTED_EDGE('',*,*,#126,.T.);
#126 = EDGE_CURVE('',#118,#127,#129,.T.);
#127 = VERTEX_POINT('',#128);
#128 = CARTESIAN_POINT('',(-0.335,-0.25,0.35));
#129 = LINE('',#130,#131);
#130 = CARTESIAN_POINT('',(-0.5,-0.25,0.35));
#131 = VECTOR('',#132,1.);
#132 = DIRECTION('',(1.,0.,0.));
#133 = ORIENTED_EDGE('',*,*,#134,.F.);
#134 = EDGE_CURVE('',#135,#127,#137,.T.);
#135 = VERTEX_POINT('',#136);
#136 = CARTESIAN_POINT('',(-0.3,-0.25,0.315));
#137 = CIRCLE('',#138,3.5E-02);
#138 = AXIS2_PLACEMENT_3D('',#139,#140,#141);
#139 = CARTESIAN_POINT('',(-0.335,-0.25,0.315));
#140 = DIRECTION('',(0.,-1.,0.));
#141 = DIRECTION('',(0.,0.,1.));
#142 = ORIENTED_EDGE('',*,*,#143,.F.);
#143 = EDGE_CURVE('',#144,#135,#146,.T.);
#144 = VERTEX_POINT('',#145);
#145 = CARTESIAN_POINT('',(-0.465,-0.25,0.315));
#146 = LINE('',#147,#148);
#147 = CARTESIAN_POINT('',(-0.465,-0.25,0.315));
#148 = VECTOR('',#149,1.);
#149 = DIRECTION('',(1.,0.,0.));
#150 = ORIENTED_EDGE('',*,*,#151,.F.);
#151 = EDGE_CURVE('',#152,#144,#154,.T.);
#152 = VERTEX_POINT('',#153);
#153 = CARTESIAN_POINT('',(-0.465,-0.25,3.5E-02));
#154 = LINE('',#155,#156);
#155 = CARTESIAN_POINT('',(-0.465,-0.25,3.5E-02));
#156 = VECTOR('',#157,1.);
#157 = DIRECTION('',(0.,0.,1.));
#158 = ORIENTED_EDGE('',*,*,#159,.T.);
#159 = EDGE_CURVE('',#152,#160,#162,.T.);
#160 = VERTEX_POINT('',#161);
#161 = CARTESIAN_POINT('',(-0.3,-0.25,3.5E-02));
#162 = LINE('',#163,#164);
#163 = CARTESIAN_POINT('',(-0.465,-0.25,3.5E-02));
#164 = VECTOR('',#165,1.);
#165 = DIRECTION('',(1.,0.,0.));
#166 = ORIENTED_EDGE('',*,*,#167,.T.);
#167 = EDGE_CURVE('',#160,#102,#168,.T.);
#168 = CIRCLE('',#169,3.5E-02);
#169 = AXIS2_PLACEMENT_3D('',#170,#171,#172);
#170 = CARTESIAN_POINT('',(-0.335,-0.25,3.5E-02));
#171 = DIRECTION('',(0.,1.,0.));
#172 = DIRECTION('',(0.,-0.,1.));
#173 = PLANE('',#174);
#174 = AXIS2_PLACEMENT_3D('',#175,#176,#177);
#175 = CARTESIAN_POINT('',(-0.5,-0.25,0.));
#176 = DIRECTION('',(0.,1.,0.));
#177 = DIRECTION('',(0.,-0.,1.));
#178 = ADVANCED_FACE('',(#179),#198,.T.);
#179 = FACE_BOUND('',#180,.T.);
#180 = EDGE_LOOP('',(#181,#182,#191,#197));
#181 = ORIENTED_EDGE('',*,*,#69,.T.);
#182 = ORIENTED_EDGE('',*,*,#183,.T.);
#183 = EDGE_CURVE('',#70,#184,#186,.T.);
#184 = VERTEX_POINT('',#185);
#185 = CARTESIAN_POINT('',(-0.465,0.25,-2.775557561563E-17));
#186 = CIRCLE('',#187,3.5E-02);
#187 = AXIS2_PLACEMENT_3D('',#188,#189,#190);
#188 = CARTESIAN_POINT('',(-0.465,0.25,3.5E-02));
#189 = DIRECTION('',(0.,-1.,0.));
#190 = DIRECTION('',(0.,0.,1.));
#191 = ORIENTED_EDGE('',*,*,#192,.F.);
#192 = EDGE_CURVE('',#100,#184,#193,.T.);
#193 = LINE('',#194,#195);
#194 = CARTESIAN_POINT('',(-0.465,-0.25,-2.775557561563E-17));
#195 = VECTOR('',#196,1.);
#196 = DIRECTION('',(0.,1.,0.));
#197 = ORIENTED_EDGE('',*,*,#109,.F.);
#198 = CYLINDRICAL_SURFACE('',#199,3.5E-02);
#199 = AXIS2_PLACEMENT_3D('',#200,#201,#202);
#200 = CARTESIAN_POINT('',(-0.465,-0.25,3.5E-02));
#201 = DIRECTION('',(0.,1.,0.));
#202 = DIRECTION('',(-1.,0.,0.));
#203 = ADVANCED_FACE('',(#204),#223,.T.);
#204 = FACE_BOUND('',#205,.T.);
#205 = EDGE_LOOP('',(#206,#207,#215,#222));
#206 = ORIENTED_EDGE('',*,*,#117,.T.);
#207 = ORIENTED_EDGE('',*,*,#208,.T.);
#208 = EDGE_CURVE('',#118,#209,#211,.T.);
#209 = VERTEX_POINT('',#210);
#210 = CARTESIAN_POINT('',(-0.465,0.25,0.35));
#211 = LINE('',#212,#213);
#212 = CARTESIAN_POINT('',(-0.465,-0.25,0.35));
#213 = VECTOR('',#214,1.);
#214 = DIRECTION('',(0.,1.,0.));
#215 = ORIENTED_EDGE('',*,*,#216,.F.);
#216 = EDGE_CURVE('',#78,#209,#217,.T.);
#217 = CIRCLE('',#218,3.5E-02);
#218 = AXIS2_PLACEMENT_3D('',#219,#220,#221);
#219 = CARTESIAN_POINT('',(-0.465,0.25,0.315));
#220 = DIRECTION('',(0.,1.,0.));
#221 = DIRECTION('',(0.,-0.,1.));
#222 = ORIENTED_EDGE('',*,*,#85,.F.);
#223 = CYLINDRICAL_SURFACE('',#224,3.5E-02);
#224 = AXIS2_PLACEMENT_3D('',#225,#226,#227);
#225 = CARTESIAN_POINT('',(-0.465,-0.25,0.315));
#226 = DIRECTION('',(0.,1.,0.));
#227 = DIRECTION('',(-1.,0.,0.));
#228 = ADVANCED_FACE('',(#229),#290,.T.);
#229 = FACE_BOUND('',#230,.T.);
#230 = EDGE_LOOP('',(#231,#239,#240,#241,#242,#250,#259,#267,#275,#283)
  );
#231 = ORIENTED_EDGE('',*,*,#232,.F.);
#232 = EDGE_CURVE('',#184,#233,#235,.T.);
#233 = VERTEX_POINT('',#234);
#234 = CARTESIAN_POINT('',(-0.335,0.25,-2.775557561563E-17));
#235 = LINE('',#236,#237);
#236 = CARTESIAN_POINT('',(-0.5,0.25,0.));
#237 = VECTOR('',#238,1.);
#238 = DIRECTION('',(1.,0.,0.));
#239 = ORIENTED_EDGE('',*,*,#183,.F.);
#240 = ORIENTED_EDGE('',*,*,#77,.T.);
#241 = ORIENTED_EDGE('',*,*,#216,.T.);
#242 = ORIENTED_EDGE('',*,*,#243,.T.);
#243 = EDGE_CURVE('',#209,#244,#246,.T.);
#244 = VERTEX_POINT('',#245);
#245 = CARTESIAN_POINT('',(-0.335,0.25,0.35));
#246 = LINE('',#247,#248);
#247 = CARTESIAN_POINT('',(-0.5,0.25,0.35));
#248 = VECTOR('',#249,1.);
#249 = DIRECTION('',(1.,0.,0.));
#250 = ORIENTED_EDGE('',*,*,#251,.F.);
#251 = EDGE_CURVE('',#252,#244,#254,.T.);
#252 = VERTEX_POINT('',#253);
#253 = CARTESIAN_POINT('',(-0.3,0.25,0.315));
#254 = CIRCLE('',#255,3.5E-02);
#255 = AXIS2_PLACEMENT_3D('',#256,#257,#258);
#256 = CARTESIAN_POINT('',(-0.335,0.25,0.315));
#257 = DIRECTION('',(0.,-1.,0.));
#258 = DIRECTION('',(0.,0.,1.));
#259 = ORIENTED_EDGE('',*,*,#260,.F.);
#260 = EDGE_CURVE('',#261,#252,#263,.T.);
#261 = VERTEX_POINT('',#262);
#262 = CARTESIAN_POINT('',(-0.465,0.25,0.315));
#263 = LINE('',#264,#265);
#264 = CARTESIAN_POINT('',(-0.465,0.25,0.315));
#265 = VECTOR('',#266,1.);
#266 = DIRECTION('',(1.,0.,0.));
#267 = ORIENTED_EDGE('',*,*,#268,.F.);
#268 = EDGE_CURVE('',#269,#261,#271,.T.);
#269 = VERTEX_POINT('',#270);
#270 = CARTESIAN_POINT('',(-0.465,0.25,3.5E-02));
#271 = LINE('',#272,#273);
#272 = CARTESIAN_POINT('',(-0.465,0.25,3.5E-02));
#273 = VECTOR('',#274,1.);
#274 = DIRECTION('',(0.,0.,1.));
#275 = ORIENTED_EDGE('',*,*,#276,.T.);
#276 = EDGE_CURVE('',#269,#277,#279,.T.);
#277 = VERTEX_POINT('',#278);
#278 = CARTESIAN_POINT('',(-0.3,0.25,3.5E-02));
#279 = LINE('',#280,#281);
#280 = CARTESIAN_POINT('',(-0.465,0.25,3.5E-02));
#281 = VECTOR('',#282,1.);
#282 = DIRECTION('',(1.,0.,0.));
#283 = ORIENTED_EDGE('',*,*,#284,.T.);
#284 = EDGE_CURVE('',#277,#233,#285,.T.);
#285 = CIRCLE('',#286,3.5E-02);
#286 = AXIS2_PLACEMENT_3D('',#287,#288,#289);
#287 = CARTESIAN_POINT('',(-0.335,0.25,3.5E-02));
#288 = DIRECTION('',(0.,1.,0.));
#289 = DIRECTION('',(0.,-0.,1.));
#290 = PLANE('',#291);
#291 = AXIS2_PLACEMENT_3D('',#292,#293,#294);
#292 = CARTESIAN_POINT('',(-0.5,0.25,0.));
#293 = DIRECTION('',(0.,1.,0.));
#294 = DIRECTION('',(0.,-0.,1.));
#295 = ADVANCED_FACE('',(#296),#307,.F.);
#296 = FACE_BOUND('',#297,.F.);
#297 = EDGE_LOOP('',(#298,#299,#300,#301));
#298 = ORIENTED_EDGE('',*,*,#232,.F.);
#299 = ORIENTED_EDGE('',*,*,#192,.F.);
#300 = ORIENTED_EDGE('',*,*,#99,.T.);
#301 = ORIENTED_EDGE('',*,*,#302,.T.);
#302 = EDGE_CURVE('',#102,#233,#303,.T.);
#303 = LINE('',#304,#305);
#304 = CARTESIAN_POINT('',(-0.335,-0.25,-2.775557561563E-17));
#305 = VECTOR('',#306,1.);
#306 = DIRECTION('',(0.,1.,0.));
#307 = PLANE('',#308);
#308 = AXIS2_PLACEMENT_3D('',#309,#310,#311);
#309 = CARTESIAN_POINT('',(-0.5,-0.25,0.));
#310 = DIRECTION('',(0.,0.,1.));
#311 = DIRECTION('',(1.,0.,-0.));
#312 = ADVANCED_FACE('',(#313),#324,.T.);
#313 = FACE_BOUND('',#314,.T.);
#314 = EDGE_LOOP('',(#315,#316,#317,#318));
#315 = ORIENTED_EDGE('',*,*,#167,.T.);
#316 = ORIENTED_EDGE('',*,*,#302,.T.);
#317 = ORIENTED_EDGE('',*,*,#284,.F.);
#318 = ORIENTED_EDGE('',*,*,#319,.F.);
#319 = EDGE_CURVE('',#160,#277,#320,.T.);
#320 = LINE('',#321,#322);
#321 = CARTESIAN_POINT('',(-0.3,-0.25,3.5E-02));
#322 = VECTOR('',#323,1.);
#323 = DIRECTION('',(0.,1.,0.));
#324 = CYLINDRICAL_SURFACE('',#325,3.5E-02);
#325 = AXIS2_PLACEMENT_3D('',#326,#327,#328);
#326 = CARTESIAN_POINT('',(-0.335,-0.25,3.5E-02));
#327 = DIRECTION('',(0.,1.,0.));
#328 = DIRECTION('',(1.,0.,0.));
#329 = ADVANCED_FACE('',(#330),#373,.F.);
#330 = FACE_BOUND('',#331,.F.);
#331 = EDGE_LOOP('',(#332,#333,#334,#335,#343,#351,#359,#367));
#332 = ORIENTED_EDGE('',*,*,#159,.F.);
#333 = ORIENTED_EDGE('',*,*,#151,.T.);
#334 = ORIENTED_EDGE('',*,*,#143,.T.);
#335 = ORIENTED_EDGE('',*,*,#336,.T.);
#336 = EDGE_CURVE('',#135,#337,#339,.T.);
#337 = VERTEX_POINT('',#338);
#338 = CARTESIAN_POINT('',(0.3,-0.25,0.315));
#339 = LINE('',#340,#341);
#340 = CARTESIAN_POINT('',(-0.3,-0.25,0.315));
#341 = VECTOR('',#342,1.);
#342 = DIRECTION('',(1.,0.,0.));
#343 = ORIENTED_EDGE('',*,*,#344,.T.);
#344 = EDGE_CURVE('',#337,#345,#347,.T.);
#345 = VERTEX_POINT('',#346);
#346 = CARTESIAN_POINT('',(0.465,-0.25,0.315));
#347 = LINE('',#348,#349);
#348 = CARTESIAN_POINT('',(-0.465,-0.25,0.315));
#349 = VECTOR('',#350,1.);
#350 = DIRECTION('',(1.,0.,0.));
#351 = ORIENTED_EDGE('',*,*,#352,.F.);
#352 = EDGE_CURVE('',#353,#345,#355,.T.);
#353 = VERTEX_POINT('',#354);
#354 = CARTESIAN_POINT('',(0.465,-0.25,3.5E-02));
#355 = LINE('',#356,#357);
#356 = CARTESIAN_POINT('',(0.465,-0.25,3.5E-02));
#357 = VECTOR('',#358,1.);
#358 = DIRECTION('',(0.,0.,1.));
#359 = ORIENTED_EDGE('',*,*,#360,.F.);
#360 = EDGE_CURVE('',#361,#353,#363,.T.);
#361 = VERTEX_POINT('',#362);
#362 = CARTESIAN_POINT('',(0.3,-0.25,3.5E-02));
#363 = LINE('',#364,#365);
#364 = CARTESIAN_POINT('',(-0.465,-0.25,3.5E-02));
#365 = VECTOR('',#366,1.);
#366 = DIRECTION('',(1.,0.,0.));
#367 = ORIENTED_EDGE('',*,*,#368,.F.);
#368 = EDGE_CURVE('',#160,#361,#369,.T.);
#369 = LINE('',#370,#371);
#370 = CARTESIAN_POINT('',(-0.465,-0.25,3.5E-02));
#371 = VECTOR('',#372,1.);
#372 = DIRECTION('',(1.,0.,0.));
#373 = PLANE('',#374);
#374 = AXIS2_PLACEMENT_3D('',#375,#376,#377);
#375 = CARTESIAN_POINT('',(-0.465,-0.25,3.5E-02));
#376 = DIRECTION('',(0.,1.,0.));
#377 = DIRECTION('',(0.,-0.,1.));
#378 = ADVANCED_FACE('',(#379),#390,.T.);
#379 = FACE_BOUND('',#380,.T.);
#380 = EDGE_LOOP('',(#381,#382,#383,#384));
#381 = ORIENTED_EDGE('',*,*,#243,.F.);
#382 = ORIENTED_EDGE('',*,*,#208,.F.);
#383 = ORIENTED_EDGE('',*,*,#126,.T.);
#384 = ORIENTED_EDGE('',*,*,#385,.T.);
#385 = EDGE_CURVE('',#127,#244,#386,.T.);
#386 = LINE('',#387,#388);
#387 = CARTESIAN_POINT('',(-0.335,-0.25,0.35));
#388 = VECTOR('',#389,1.);
#389 = DIRECTION('',(0.,1.,0.));
#390 = PLANE('',#391);
#391 = AXIS2_PLACEMENT_3D('',#392,#393,#394);
#392 = CARTESIAN_POINT('',(-0.5,-0.25,0.35));
#393 = DIRECTION('',(0.,0.,1.));
#394 = DIRECTION('',(1.,0.,-0.));
#395 = ADVANCED_FACE('',(#396),#407,.T.);
#396 = FACE_BOUND('',#397,.T.);
#397 = EDGE_LOOP('',(#398,#404,#405,#406));
#398 = ORIENTED_EDGE('',*,*,#399,.T.);
#399 = EDGE_CURVE('',#135,#252,#400,.T.);
#400 = LINE('',#401,#402);
#401 = CARTESIAN_POINT('',(-0.3,-0.25,0.315));
#402 = VECTOR('',#403,1.);
#403 = DIRECTION('',(0.,1.,0.));
#404 = ORIENTED_EDGE('',*,*,#251,.T.);
#405 = ORIENTED_EDGE('',*,*,#385,.F.);
#406 = ORIENTED_EDGE('',*,*,#134,.F.);
#407 = CYLINDRICAL_SURFACE('',#408,3.5E-02);
#408 = AXIS2_PLACEMENT_3D('',#409,#410,#411);
#409 = CARTESIAN_POINT('',(-0.335,-0.25,0.315));
#410 = DIRECTION('',(0.,1.,0.));
#411 = DIRECTION('',(1.,0.,0.));
#412 = ADVANCED_FACE('',(#413),#456,.T.);
#413 = FACE_BOUND('',#414,.T.);
#414 = EDGE_LOOP('',(#415,#416,#417,#418,#426,#434,#442,#450));
#415 = ORIENTED_EDGE('',*,*,#276,.F.);
#416 = ORIENTED_EDGE('',*,*,#268,.T.);
#417 = ORIENTED_EDGE('',*,*,#260,.T.);
#418 = ORIENTED_EDGE('',*,*,#419,.T.);
#419 = EDGE_CURVE('',#252,#420,#422,.T.);
#420 = VERTEX_POINT('',#421);
#421 = CARTESIAN_POINT('',(0.3,0.25,0.315));
#422 = LINE('',#423,#424);
#423 = CARTESIAN_POINT('',(-0.3,0.25,0.315));
#424 = VECTOR('',#425,1.);
#425 = DIRECTION('',(1.,0.,0.));
#426 = ORIENTED_EDGE('',*,*,#427,.T.);
#427 = EDGE_CURVE('',#420,#428,#430,.T.);
#428 = VERTEX_POINT('',#429);
#429 = CARTESIAN_POINT('',(0.465,0.25,0.315));
#430 = LINE('',#431,#432);
#431 = CARTESIAN_POINT('',(-0.465,0.25,0.315));
#432 = VECTOR('',#433,1.);
#433 = DIRECTION('',(1.,0.,0.));
#434 = ORIENTED_EDGE('',*,*,#435,.F.);
#435 = EDGE_CURVE('',#436,#428,#438,.T.);
#436 = VERTEX_POINT('',#437);
#437 = CARTESIAN_POINT('',(0.465,0.25,3.5E-02));
#438 = LINE('',#439,#440);
#439 = CARTESIAN_POINT('',(0.465,0.25,3.5E-02));
#440 = VECTOR('',#441,1.);
#441 = DIRECTION('',(0.,0.,1.));
#442 = ORIENTED_EDGE('',*,*,#443,.F.);
#443 = EDGE_CURVE('',#444,#436,#446,.T.);
#444 = VERTEX_POINT('',#445);
#445 = CARTESIAN_POINT('',(0.3,0.25,3.5E-02));
#446 = LINE('',#447,#448);
#447 = CARTESIAN_POINT('',(-0.465,0.25,3.5E-02));
#448 = VECTOR('',#449,1.);
#449 = DIRECTION('',(1.,0.,0.));
#450 = ORIENTED_EDGE('',*,*,#451,.F.);
#451 = EDGE_CURVE('',#277,#444,#452,.T.);
#452 = LINE('',#453,#454);
#453 = CARTESIAN_POINT('',(-0.465,0.25,3.5E-02));
#454 = VECTOR('',#455,1.);
#455 = DIRECTION('',(1.,0.,0.));
#456 = PLANE('',#457);
#457 = AXIS2_PLACEMENT_3D('',#458,#459,#460);
#458 = CARTESIAN_POINT('',(-0.465,0.25,3.5E-02));
#459 = DIRECTION('',(0.,1.,0.));
#460 = DIRECTION('',(0.,-0.,1.));
#461 = ADVANCED_FACE('',(#462),#473,.F.);
#462 = FACE_BOUND('',#463,.F.);
#463 = EDGE_LOOP('',(#464,#465,#466,#472));
#464 = ORIENTED_EDGE('',*,*,#319,.F.);
#465 = ORIENTED_EDGE('',*,*,#368,.T.);
#466 = ORIENTED_EDGE('',*,*,#467,.T.);
#467 = EDGE_CURVE('',#361,#444,#468,.T.);
#468 = LINE('',#469,#470);
#469 = CARTESIAN_POINT('',(0.3,-0.25,3.5E-02));
#470 = VECTOR('',#471,1.);
#471 = DIRECTION('',(0.,1.,0.));
#472 = ORIENTED_EDGE('',*,*,#451,.F.);
#473 = PLANE('',#474);
#474 = AXIS2_PLACEMENT_3D('',#475,#476,#477);
#475 = CARTESIAN_POINT('',(-0.465,-0.25,3.5E-02));
#476 = DIRECTION('',(0.,0.,1.));
#477 = DIRECTION('',(1.,0.,-0.));
#478 = ADVANCED_FACE('',(#479),#542,.F.);
#479 = FACE_BOUND('',#480,.F.);
#480 = EDGE_LOOP('',(#481,#491,#498,#499,#500,#501,#510,#518,#527,#535)
  );
#481 = ORIENTED_EDGE('',*,*,#482,.F.);
#482 = EDGE_CURVE('',#483,#485,#487,.T.);
#483 = VERTEX_POINT('',#484);
#484 = CARTESIAN_POINT('',(0.335,-0.25,-2.775557561563E-17));
#485 = VERTEX_POINT('',#486);
#486 = CARTESIAN_POINT('',(0.465,-0.25,-2.775557561563E-17));
#487 = LINE('',#488,#489);
#488 = CARTESIAN_POINT('',(0.3,-0.25,0.));
#489 = VECTOR('',#490,1.);
#490 = DIRECTION('',(1.,0.,0.));
#491 = ORIENTED_EDGE('',*,*,#492,.F.);
#492 = EDGE_CURVE('',#361,#483,#493,.T.);
#493 = CIRCLE('',#494,3.5E-02);
#494 = AXIS2_PLACEMENT_3D('',#495,#496,#497);
#495 = CARTESIAN_POINT('',(0.335,-0.25,3.5E-02));
#496 = DIRECTION('',(0.,-1.,0.));
#497 = DIRECTION('',(0.,0.,1.));
#498 = ORIENTED_EDGE('',*,*,#360,.T.);
#499 = ORIENTED_EDGE('',*,*,#352,.T.);
#500 = ORIENTED_EDGE('',*,*,#344,.F.);
#501 = ORIENTED_EDGE('',*,*,#502,.T.);
#502 = EDGE_CURVE('',#337,#503,#505,.T.);
#503 = VERTEX_POINT('',#504);
#504 = CARTESIAN_POINT('',(0.335,-0.25,0.35));
#505 = CIRCLE('',#506,3.5E-02);
#506 = AXIS2_PLACEMENT_3D('',#507,#508,#509);
#507 = CARTESIAN_POINT('',(0.335,-0.25,0.315));
#508 = DIRECTION('',(0.,1.,0.));
#509 = DIRECTION('',(0.,-0.,1.));
#510 = ORIENTED_EDGE('',*,*,#511,.T.);
#511 = EDGE_CURVE('',#503,#512,#514,.T.);
#512 = VERTEX_POINT('',#513);
#513 = CARTESIAN_POINT('',(0.465,-0.25,0.35));
#514 = LINE('',#515,#516);
#515 = CARTESIAN_POINT('',(0.3,-0.25,0.35));
#516 = VECTOR('',#517,1.);
#517 = DIRECTION('',(1.,0.,0.));
#518 = ORIENTED_EDGE('',*,*,#519,.F.);
#519 = EDGE_CURVE('',#520,#512,#522,.T.);
#520 = VERTEX_POINT('',#521);
#521 = CARTESIAN_POINT('',(0.5,-0.25,0.315));
#522 = CIRCLE('',#523,3.5E-02);
#523 = AXIS2_PLACEMENT_3D('',#524,#525,#526);
#524 = CARTESIAN_POINT('',(0.465,-0.25,0.315));
#525 = DIRECTION('',(0.,-1.,0.));
#526 = DIRECTION('',(0.,0.,1.));
#527 = ORIENTED_EDGE('',*,*,#528,.F.);
#528 = EDGE_CURVE('',#529,#520,#531,.T.);
#529 = VERTEX_POINT('',#530);
#530 = CARTESIAN_POINT('',(0.5,-0.25,3.5E-02));
#531 = LINE('',#532,#533);
#532 = CARTESIAN_POINT('',(0.5,-0.25,0.));
#533 = VECTOR('',#534,1.);
#534 = DIRECTION('',(0.,0.,1.));
#535 = ORIENTED_EDGE('',*,*,#536,.T.);
#536 = EDGE_CURVE('',#529,#485,#537,.T.);
#537 = CIRCLE('',#538,3.5E-02);
#538 = AXIS2_PLACEMENT_3D('',#539,#540,#541);
#539 = CARTESIAN_POINT('',(0.465,-0.25,3.5E-02));
#540 = DIRECTION('',(0.,1.,0.));
#541 = DIRECTION('',(0.,-0.,1.));
#542 = PLANE('',#543);
#543 = AXIS2_PLACEMENT_3D('',#544,#545,#546);
#544 = CARTESIAN_POINT('',(0.3,-0.25,0.));
#545 = DIRECTION('',(0.,1.,0.));
#546 = DIRECTION('',(0.,-0.,1.));
#547 = ADVANCED_FACE('',(#548),#573,.F.);
#548 = FACE_BOUND('',#549,.F.);
#549 = EDGE_LOOP('',(#550,#551,#559,#567));
#550 = ORIENTED_EDGE('',*,*,#336,.F.);
#551 = ORIENTED_EDGE('',*,*,#552,.T.);
#552 = EDGE_CURVE('',#135,#553,#555,.T.);
#553 = VERTEX_POINT('',#554);
#554 = CARTESIAN_POINT('',(-0.3,-0.25,0.35));
#555 = LINE('',#556,#557);
#556 = CARTESIAN_POINT('',(-0.3,-0.25,0.315));
#557 = VECTOR('',#558,1.);
#558 = DIRECTION('',(0.,0.,1.));
#559 = ORIENTED_EDGE('',*,*,#560,.T.);
#560 = EDGE_CURVE('',#553,#561,#563,.T.);
#561 = VERTEX_POINT('',#562);
#562 = CARTESIAN_POINT('',(0.3,-0.25,0.35));
#563 = LINE('',#564,#565);
#564 = CARTESIAN_POINT('',(-0.3,-0.25,0.35));
#565 = VECTOR('',#566,1.);
#566 = DIRECTION('',(1.,0.,0.));
#567 = ORIENTED_EDGE('',*,*,#568,.F.);
#568 = EDGE_CURVE('',#337,#561,#569,.T.);
#569 = LINE('',#570,#571);
#570 = CARTESIAN_POINT('',(0.3,-0.25,0.315));
#571 = VECTOR('',#572,1.);
#572 = DIRECTION('',(0.,0.,1.));
#573 = PLANE('',#574);
#574 = AXIS2_PLACEMENT_3D('',#575,#576,#577);
#575 = CARTESIAN_POINT('',(-0.3,-0.25,0.315));
#576 = DIRECTION('',(0.,1.,0.));
#577 = DIRECTION('',(0.,-0.,1.));
#578 = ADVANCED_FACE('',(#579),#597,.F.);
#579 = FACE_BOUND('',#580,.F.);
#580 = EDGE_LOOP('',(#581,#582,#583,#591));
#581 = ORIENTED_EDGE('',*,*,#552,.F.);
#582 = ORIENTED_EDGE('',*,*,#399,.T.);
#583 = ORIENTED_EDGE('',*,*,#584,.T.);
#584 = EDGE_CURVE('',#252,#585,#587,.T.);
#585 = VERTEX_POINT('',#586);
#586 = CARTESIAN_POINT('',(-0.3,0.25,0.35));
#587 = LINE('',#588,#589);
#588 = CARTESIAN_POINT('',(-0.3,0.25,0.315));
#589 = VECTOR('',#590,1.);
#590 = DIRECTION('',(0.,0.,1.));
#591 = ORIENTED_EDGE('',*,*,#592,.F.);
#592 = EDGE_CURVE('',#553,#585,#593,.T.);
#593 = LINE('',#594,#595);
#594 = CARTESIAN_POINT('',(-0.3,-0.25,0.35));
#595 = VECTOR('',#596,1.);
#596 = DIRECTION('',(0.,1.,0.));
#597 = PLANE('',#598);
#598 = AXIS2_PLACEMENT_3D('',#599,#600,#601);
#599 = CARTESIAN_POINT('',(-0.3,-0.25,0.315));
#600 = DIRECTION('',(1.,0.,0.));
#601 = DIRECTION('',(0.,0.,1.));
#602 = ADVANCED_FACE('',(#603),#666,.T.);
#603 = FACE_BOUND('',#604,.T.);
#604 = EDGE_LOOP('',(#605,#615,#622,#623,#624,#625,#634,#642,#651,#659)
  );
#605 = ORIENTED_EDGE('',*,*,#606,.F.);
#606 = EDGE_CURVE('',#607,#609,#611,.T.);
#607 = VERTEX_POINT('',#608);
#608 = CARTESIAN_POINT('',(0.335,0.25,-2.775557561563E-17));
#609 = VERTEX_POINT('',#610);
#610 = CARTESIAN_POINT('',(0.465,0.25,-2.775557561563E-17));
#611 = LINE('',#612,#613);
#612 = CARTESIAN_POINT('',(0.3,0.25,0.));
#613 = VECTOR('',#614,1.);
#614 = DIRECTION('',(1.,0.,0.));
#615 = ORIENTED_EDGE('',*,*,#616,.F.);
#616 = EDGE_CURVE('',#444,#607,#617,.T.);
#617 = CIRCLE('',#618,3.5E-02);
#618 = AXIS2_PLACEMENT_3D('',#619,#620,#621);
#619 = CARTESIAN_POINT('',(0.335,0.25,3.5E-02));
#620 = DIRECTION('',(0.,-1.,0.));
#621 = DIRECTION('',(0.,0.,1.));
#622 = ORIENTED_EDGE('',*,*,#443,.T.);
#623 = ORIENTED_EDGE('',*,*,#435,.T.);
#624 = ORIENTED_EDGE('',*,*,#427,.F.);
#625 = ORIENTED_EDGE('',*,*,#626,.T.);
#626 = EDGE_CURVE('',#420,#627,#629,.T.);
#627 = VERTEX_POINT('',#628);
#628 = CARTESIAN_POINT('',(0.335,0.25,0.35));
#629 = CIRCLE('',#630,3.5E-02);
#630 = AXIS2_PLACEMENT_3D('',#631,#632,#633);
#631 = CARTESIAN_POINT('',(0.335,0.25,0.315));
#632 = DIRECTION('',(0.,1.,0.));
#633 = DIRECTION('',(0.,-0.,1.));
#634 = ORIENTED_EDGE('',*,*,#635,.T.);
#635 = EDGE_CURVE('',#627,#636,#638,.T.);
#636 = VERTEX_POINT('',#637);
#637 = CARTESIAN_POINT('',(0.465,0.25,0.35));
#638 = LINE('',#639,#640);
#639 = CARTESIAN_POINT('',(0.3,0.25,0.35));
#640 = VECTOR('',#641,1.);
#641 = DIRECTION('',(1.,0.,0.));
#642 = ORIENTED_EDGE('',*,*,#643,.F.);
#643 = EDGE_CURVE('',#644,#636,#646,.T.);
#644 = VERTEX_POINT('',#645);
#645 = CARTESIAN_POINT('',(0.5,0.25,0.315));
#646 = CIRCLE('',#647,3.5E-02);
#647 = AXIS2_PLACEMENT_3D('',#648,#649,#650);
#648 = CARTESIAN_POINT('',(0.465,0.25,0.315));
#649 = DIRECTION('',(0.,-1.,0.));
#650 = DIRECTION('',(0.,0.,1.));
#651 = ORIENTED_EDGE('',*,*,#652,.F.);
#652 = EDGE_CURVE('',#653,#644,#655,.T.);
#653 = VERTEX_POINT('',#654);
#654 = CARTESIAN_POINT('',(0.5,0.25,3.5E-02));
#655 = LINE('',#656,#657);
#656 = CARTESIAN_POINT('',(0.5,0.25,0.));
#657 = VECTOR('',#658,1.);
#658 = DIRECTION('',(0.,0.,1.));
#659 = ORIENTED_EDGE('',*,*,#660,.T.);
#660 = EDGE_CURVE('',#653,#609,#661,.T.);
#661 = CIRCLE('',#662,3.5E-02);
#662 = AXIS2_PLACEMENT_3D('',#663,#664,#665);
#663 = CARTESIAN_POINT('',(0.465,0.25,3.5E-02));
#664 = DIRECTION('',(0.,1.,0.));
#665 = DIRECTION('',(0.,-0.,1.));
#666 = PLANE('',#667);
#667 = AXIS2_PLACEMENT_3D('',#668,#669,#670);
#668 = CARTESIAN_POINT('',(0.3,0.25,0.));
#669 = DIRECTION('',(0.,1.,0.));
#670 = DIRECTION('',(0.,-0.,1.));
#671 = ADVANCED_FACE('',(#672),#690,.T.);
#672 = FACE_BOUND('',#673,.T.);
#673 = EDGE_LOOP('',(#674,#675,#676,#684));
#674 = ORIENTED_EDGE('',*,*,#419,.F.);
#675 = ORIENTED_EDGE('',*,*,#584,.T.);
#676 = ORIENTED_EDGE('',*,*,#677,.T.);
#677 = EDGE_CURVE('',#585,#678,#680,.T.);
#678 = VERTEX_POINT('',#679);
#679 = CARTESIAN_POINT('',(0.3,0.25,0.35));
#680 = LINE('',#681,#682);
#681 = CARTESIAN_POINT('',(-0.3,0.25,0.35));
#682 = VECTOR('',#683,1.);
#683 = DIRECTION('',(1.,0.,0.));
#684 = ORIENTED_EDGE('',*,*,#685,.F.);
#685 = EDGE_CURVE('',#420,#678,#686,.T.);
#686 = LINE('',#687,#688);
#687 = CARTESIAN_POINT('',(0.3,0.25,0.315));
#688 = VECTOR('',#689,1.);
#689 = DIRECTION('',(0.,0.,1.));
#690 = PLANE('',#691);
#691 = AXIS2_PLACEMENT_3D('',#692,#693,#694);
#692 = CARTESIAN_POINT('',(-0.3,0.25,0.315));
#693 = DIRECTION('',(0.,1.,0.));
#694 = DIRECTION('',(0.,-0.,1.));
#695 = ADVANCED_FACE('',(#696),#707,.T.);
#696 = FACE_BOUND('',#697,.T.);
#697 = EDGE_LOOP('',(#698,#699,#700,#706));
#698 = ORIENTED_EDGE('',*,*,#467,.T.);
#699 = ORIENTED_EDGE('',*,*,#616,.T.);
#700 = ORIENTED_EDGE('',*,*,#701,.F.);
#701 = EDGE_CURVE('',#483,#607,#702,.T.);
#702 = LINE('',#703,#704);
#703 = CARTESIAN_POINT('',(0.335,-0.25,-2.775557561563E-17));
#704 = VECTOR('',#705,1.);
#705 = DIRECTION('',(0.,1.,0.));
#706 = ORIENTED_EDGE('',*,*,#492,.F.);
#707 = CYLINDRICAL_SURFACE('',#708,3.5E-02);
#708 = AXIS2_PLACEMENT_3D('',#709,#710,#711);
#709 = CARTESIAN_POINT('',(0.335,-0.25,3.5E-02));
#710 = DIRECTION('',(0.,1.,0.));
#711 = DIRECTION('',(-1.,0.,0.));
#712 = ADVANCED_FACE('',(#713),#724,.F.);
#713 = FACE_BOUND('',#714,.F.);
#714 = EDGE_LOOP('',(#715,#716,#717,#718));
#715 = ORIENTED_EDGE('',*,*,#606,.F.);
#716 = ORIENTED_EDGE('',*,*,#701,.F.);
#717 = ORIENTED_EDGE('',*,*,#482,.T.);
#718 = ORIENTED_EDGE('',*,*,#719,.T.);
#719 = EDGE_CURVE('',#485,#609,#720,.T.);
#720 = LINE('',#721,#722);
#721 = CARTESIAN_POINT('',(0.465,-0.25,-2.775557561563E-17));
#722 = VECTOR('',#723,1.);
#723 = DIRECTION('',(0.,1.,0.));
#724 = PLANE('',#725);
#725 = AXIS2_PLACEMENT_3D('',#726,#727,#728);
#726 = CARTESIAN_POINT('',(0.3,-0.25,0.));
#727 = DIRECTION('',(0.,0.,1.));
#728 = DIRECTION('',(1.,0.,-0.));
#729 = ADVANCED_FACE('',(#730),#741,.T.);
#730 = FACE_BOUND('',#731,.T.);
#731 = EDGE_LOOP('',(#732,#733,#734,#735));
#732 = ORIENTED_EDGE('',*,*,#536,.T.);
#733 = ORIENTED_EDGE('',*,*,#719,.T.);
#734 = ORIENTED_EDGE('',*,*,#660,.F.);
#735 = ORIENTED_EDGE('',*,*,#736,.F.);
#736 = EDGE_CURVE('',#529,#653,#737,.T.);
#737 = LINE('',#738,#739);
#738 = CARTESIAN_POINT('',(0.5,-0.25,3.5E-02));
#739 = VECTOR('',#740,1.);
#740 = DIRECTION('',(0.,1.,0.));
#741 = CYLINDRICAL_SURFACE('',#742,3.5E-02);
#742 = AXIS2_PLACEMENT_3D('',#743,#744,#745);
#743 = CARTESIAN_POINT('',(0.465,-0.25,3.5E-02));
#744 = DIRECTION('',(0.,1.,0.));
#745 = DIRECTION('',(1.,0.,0.));
#746 = ADVANCED_FACE('',(#747),#758,.T.);
#747 = FACE_BOUND('',#748,.T.);
#748 = EDGE_LOOP('',(#749,#750,#751,#752));
#749 = ORIENTED_EDGE('',*,*,#528,.F.);
#750 = ORIENTED_EDGE('',*,*,#736,.T.);
#751 = ORIENTED_EDGE('',*,*,#652,.T.);
#752 = ORIENTED_EDGE('',*,*,#753,.F.);
#753 = EDGE_CURVE('',#520,#644,#754,.T.);
#754 = LINE('',#755,#756);
#755 = CARTESIAN_POINT('',(0.5,-0.25,0.315));
#756 = VECTOR('',#757,1.);
#757 = DIRECTION('',(0.,1.,0.));
#758 = PLANE('',#759);
#759 = AXIS2_PLACEMENT_3D('',#760,#761,#762);
#760 = CARTESIAN_POINT('',(0.5,-0.25,0.));
#761 = DIRECTION('',(1.,0.,0.));
#762 = DIRECTION('',(0.,0.,1.));
#763 = ADVANCED_FACE('',(#764),#775,.T.);
#764 = FACE_BOUND('',#765,.T.);
#765 = EDGE_LOOP('',(#766,#767,#768,#774));
#766 = ORIENTED_EDGE('',*,*,#753,.T.);
#767 = ORIENTED_EDGE('',*,*,#643,.T.);
#768 = ORIENTED_EDGE('',*,*,#769,.F.);
#769 = EDGE_CURVE('',#512,#636,#770,.T.);
#770 = LINE('',#771,#772);
#771 = CARTESIAN_POINT('',(0.465,-0.25,0.35));
#772 = VECTOR('',#773,1.);
#773 = DIRECTION('',(0.,1.,0.));
#774 = ORIENTED_EDGE('',*,*,#519,.F.);
#775 = CYLINDRICAL_SURFACE('',#776,3.5E-02);
#776 = AXIS2_PLACEMENT_3D('',#777,#778,#779);
#777 = CARTESIAN_POINT('',(0.465,-0.25,0.315));
#778 = DIRECTION('',(0.,1.,0.));
#779 = DIRECTION('',(1.,0.,0.));
#780 = ADVANCED_FACE('',(#781),#792,.T.);
#781 = FACE_BOUND('',#782,.T.);
#782 = EDGE_LOOP('',(#783,#784,#790,#791));
#783 = ORIENTED_EDGE('',*,*,#635,.F.);
#784 = ORIENTED_EDGE('',*,*,#785,.F.);
#785 = EDGE_CURVE('',#503,#627,#786,.T.);
#786 = LINE('',#787,#788);
#787 = CARTESIAN_POINT('',(0.335,-0.25,0.35));
#788 = VECTOR('',#789,1.);
#789 = DIRECTION('',(0.,1.,0.));
#790 = ORIENTED_EDGE('',*,*,#511,.T.);
#791 = ORIENTED_EDGE('',*,*,#769,.T.);
#792 = PLANE('',#793);
#793 = AXIS2_PLACEMENT_3D('',#794,#795,#796);
#794 = CARTESIAN_POINT('',(0.3,-0.25,0.35));
#795 = DIRECTION('',(0.,0.,1.));
#796 = DIRECTION('',(1.,0.,-0.));
#797 = ADVANCED_FACE('',(#798),#809,.T.);
#798 = FACE_BOUND('',#799,.T.);
#799 = EDGE_LOOP('',(#800,#801,#802,#803));
#800 = ORIENTED_EDGE('',*,*,#502,.T.);
#801 = ORIENTED_EDGE('',*,*,#785,.T.);
#802 = ORIENTED_EDGE('',*,*,#626,.F.);
#803 = ORIENTED_EDGE('',*,*,#804,.F.);
#804 = EDGE_CURVE('',#337,#420,#805,.T.);
#805 = LINE('',#806,#807);
#806 = CARTESIAN_POINT('',(0.3,-0.25,0.315));
#807 = VECTOR('',#808,1.);
#808 = DIRECTION('',(0.,1.,0.));
#809 = CYLINDRICAL_SURFACE('',#810,3.5E-02);
#810 = AXIS2_PLACEMENT_3D('',#811,#812,#813);
#811 = CARTESIAN_POINT('',(0.335,-0.25,0.315));
#812 = DIRECTION('',(0.,1.,0.));
#813 = DIRECTION('',(-1.,0.,0.));
#814 = ADVANCED_FACE('',(#815),#826,.T.);
#815 = FACE_BOUND('',#816,.T.);
#816 = EDGE_LOOP('',(#817,#818,#819,#820));
#817 = ORIENTED_EDGE('',*,*,#568,.F.);
#818 = ORIENTED_EDGE('',*,*,#804,.T.);
#819 = ORIENTED_EDGE('',*,*,#685,.T.);
#820 = ORIENTED_EDGE('',*,*,#821,.F.);
#821 = EDGE_CURVE('',#561,#678,#822,.T.);
#822 = LINE('',#823,#824);
#823 = CARTESIAN_POINT('',(0.3,-0.25,0.35));
#824 = VECTOR('',#825,1.);
#825 = DIRECTION('',(0.,1.,0.));
#826 = PLANE('',#827);
#827 = AXIS2_PLACEMENT_3D('',#828,#829,#830);
#828 = CARTESIAN_POINT('',(0.3,-0.25,0.315));
#829 = DIRECTION('',(1.,0.,0.));
#830 = DIRECTION('',(0.,0.,1.));
#831 = ADVANCED_FACE('',(#832),#838,.T.);
#832 = FACE_BOUND('',#833,.T.);
#833 = EDGE_LOOP('',(#834,#835,#836,#837));
#834 = ORIENTED_EDGE('',*,*,#592,.F.);
#835 = ORIENTED_EDGE('',*,*,#560,.T.);
#836 = ORIENTED_EDGE('',*,*,#821,.T.);
#837 = ORIENTED_EDGE('',*,*,#677,.F.);
#838 = PLANE('',#839);
#839 = AXIS2_PLACEMENT_3D('',#840,#841,#842);
#840 = CARTESIAN_POINT('',(-0.3,-0.25,0.35));
#841 = DIRECTION('',(0.,0.,1.));
#842 = DIRECTION('',(1.,0.,-0.));
#843 = ( GEOMETRIC_REPRESENTATION_CONTEXT(3) 
GLOBAL_UNCERTAINTY_ASSIGNED_CONTEXT((#847)) GLOBAL_UNIT_ASSIGNED_CONTEXT
((#844,#845,#846)) REPRESENTATION_CONTEXT('Context #1',
  '3D Context with UNIT and UNCERTAINTY') );
#844 = ( LENGTH_UNIT() NAMED_UNIT(*) SI_UNIT(.MILLI.,.METRE.) );
#845 = ( NAMED_UNIT(*) PLANE_ANGLE_UNIT() SI_UNIT($,.RADIAN.) );
#846 = ( NAMED_UNIT(*) SI_UNIT($,.STERADIAN.) SOLID_ANGLE_UNIT() );
#847 = UNCERTAINTY_MEASURE_WITH_UNIT(LENGTH_MEASURE(1.E-07),#844,
  'distance_accuracy_value','confusion accuracy');
#848 = CONTEXT_DEPENDENT_SHAPE_REPRESENTATION(#849,#851);
#849 = ( REPRESENTATION_RELATIONSHIP('','',#52,#10) 
REPRESENTATION_RELATIONSHIP_WITH_TRANSFORMATION(#850) 
SHAPE_REPRESENTATION_RELATIONSHIP() );
#850 = ITEM_DEFINED_TRANSFORMATION('','',#11,#15);
#851 = PRODUCT_DEFINITION_SHAPE('Placement','Placement of an item',#852
  );
#852 = NEXT_ASSEMBLY_USAGE_OCCURRENCE('1','R1','',#5,#47,$);
#853 = PRODUCT_RELATED_PRODUCT_CATEGORY('part',$,(#49));
#854 = CONTEXT_DEPENDENT_SHAPE_REPRESENTATION(#855,#857);
#855 = ( REPRESENTATION_RELATIONSHIP('','',#52,#10) 
REPRESENTATION_RELATIONSHIP_WITH_TRANSFORMATION(#856) 
SHAPE_REPRESENTATION_RELATIONSHIP() );
#856 = ITEM_DEFINED_TRANSFORMATION('','',#11,#19);
#857 = PRODUCT_DEFINITION_SHAPE('Placement','Placement of an item',#858
  );
#858 = NEXT_ASSEMBLY_USAGE_OCCURRENCE('2','R2','',#5,#47,$);
#859 = SHAPE_DEFINITION_REPRESENTATION(#860,#866);
#860 = PRODUCT_DEFINITION_SHAPE('','',#861);
#861 = PRODUCT_DEFINITION('design','',#862,#865);
#862 = PRODUCT_DEFINITION_FORMATION('','',#863);
#863 = PRODUCT('FPC-SMD_18P-P0.50_FPC-05F-18PH20',
  'FPC-SMD_18P-P0.50_FPC-05F-18PH20','',(#864));
#864 = PRODUCT_CONTEXT('',#2,'mechanical');
#865 = PRODUCT_DEFINITION_CONTEXT('part definition',#2,'design');
#866 = SHAPE_REPRESENTATION('',(#11),#867);
#867 = ( GEOMETRIC_REPRESENTATION_CONTEXT(3) 
GLOBAL_UNCERTAINTY_ASSIGNED_CONTEXT((#871)) GLOBAL_UNIT_ASSIGNED_CONTEXT
((#868,#869,#870)) REPRESENTATION_CONTEXT('Context #1',
  '3D Context with UNIT and UNCERTAINTY') );
#868 = ( LENGTH_UNIT() NAMED_UNIT(*) SI_UNIT(.MILLI.,.METRE.) );
#869 = ( NAMED_UNIT(*) PLANE_ANGLE_UNIT() SI_UNIT($,.RADIAN.) );
#870 = ( NAMED_UNIT(*) SI_UNIT($,.STERADIAN.) SOLID_ANGLE_UNIT() );
#871 = UNCERTAINTY_MEASURE_WITH_UNIT(LENGTH_MEASURE(1.E-07),#868,
  'distance_accuracy_value','confusion accuracy');
#872 = CONTEXT_DEPENDENT_SHAPE_REPRESENTATION(#873,#875);
#873 = ( REPRESENTATION_RELATIONSHIP('','',#866,#10) 
REPRESENTATION_RELATIONSHIP_WITH_TRANSFORMATION(#874) 
SHAPE_REPRESENTATION_RELATIONSHIP() );
#874 = ITEM_DEFINED_TRANSFORMATION('','',#11,#23);
#875 = PRODUCT_DEFINITION_SHAPE('Placement','Placement of an item',#876
  );
#876 = NEXT_ASSEMBLY_USAGE_OCCURRENCE('3','FPC1','',#5,#861,$);
#877 = PRODUCT_RELATED_PRODUCT_CATEGORY('part',$,(#863));
#878 = SHAPE_DEFINITION_REPRESENTATION(#879,#885);
#879 = PRODUCT_DEFINITION_SHAPE('','',#880);
#880 = PRODUCT_DEFINITION('design','',#881,#884);
#881 = PRODUCT_DEFINITION_FORMATION('','',#882);
#882 = PRODUCT('PinHeader_1x02_P2.54mm_Vertical',
  'PinHeader_1x02_P2.54mm_Vertical','',(#883));
#883 = PRODUCT_CONTEXT('',#2,'mechanical');
#884 = PRODUCT_DEFINITION_CONTEXT('part definition',#2,'design');
#885 = ADVANCED_BREP_SHAPE_REPRESENTATION('',(#11,#886),#2318);
#886 = MANIFOLD_SOLID_BREP('',#887);
#887 = CLOSED_SHELL('',(#888,#928,#959,#990,#1155,#1320,#1337,#1354,
    #1371,#1388,#1405,#1422,#1439,#1456,#1473,#1490,#1502,#1533,#1557,
    #1581,#1598,#1629,#1653,#1677,#1694,#1725,#1749,#1773,#1790,#1821,
    #1845,#1869,#1886,#1917,#1941,#1965,#1982,#2013,#2037,#2061,#2078,
    #2109,#2133,#2157,#2174,#2205,#2229,#2253,#2270,#2282,#2294,#2306));
#888 = ADVANCED_FACE('',(#889),#923,.F.);
#889 = FACE_BOUND('',#890,.F.);
#890 = EDGE_LOOP('',(#891,#901,#909,#917));
#891 = ORIENTED_EDGE('',*,*,#892,.T.);
#892 = EDGE_CURVE('',#893,#895,#897,.T.);
#893 = VERTEX_POINT('',#894);
#894 = CARTESIAN_POINT('',(-1.016,1.27,0.));
#895 = VERTEX_POINT('',#896);
#896 = CARTESIAN_POINT('',(-1.016,1.27,2.54));
#897 = LINE('',#898,#899);
#898 = CARTESIAN_POINT('',(-1.016,1.27,0.));
#899 = VECTOR('',#900,1.);
#900 = DIRECTION('',(0.,0.,1.));
#901 = ORIENTED_EDGE('',*,*,#902,.T.);
#902 = EDGE_CURVE('',#895,#903,#905,.T.);
#903 = VERTEX_POINT('',#904);
#904 = CARTESIAN_POINT('',(-1.27,1.016,2.54));
#905 = LINE('',#906,#907);
#906 = CARTESIAN_POINT('',(-1.016,1.27,2.54));
#907 = VECTOR('',#908,1.);
#908 = DIRECTION('',(-0.707106781187,-0.707106781187,0.));
#909 = ORIENTED_EDGE('',*,*,#910,.F.);
#910 = EDGE_CURVE('',#911,#903,#913,.T.);
#911 = VERTEX_POINT('',#912);
#912 = CARTESIAN_POINT('',(-1.27,1.016,0.));
#913 = LINE('',#914,#915);
#914 = CARTESIAN_POINT('',(-1.27,1.016,0.));
#915 = VECTOR('',#916,1.);
#916 = DIRECTION('',(0.,0.,1.));
#917 = ORIENTED_EDGE('',*,*,#918,.F.);
#918 = EDGE_CURVE('',#893,#911,#919,.T.);
#919 = LINE('',#920,#921);
#920 = CARTESIAN_POINT('',(-1.016,1.27,0.));
#921 = VECTOR('',#922,1.);
#922 = DIRECTION('',(-0.707106781187,-0.707106781187,0.));
#923 = PLANE('',#924);
#924 = AXIS2_PLACEMENT_3D('',#925,#926,#927);
#925 = CARTESIAN_POINT('',(-1.016,1.27,0.));
#926 = DIRECTION('',(0.707106781187,-0.707106781187,0.));
#927 = DIRECTION('',(-0.707106781187,-0.707106781187,0.));
#928 = ADVANCED_FACE('',(#929),#954,.F.);
#929 = FACE_BOUND('',#930,.F.);
#930 = EDGE_LOOP('',(#931,#941,#947,#948));
#931 = ORIENTED_EDGE('',*,*,#932,.T.);
#932 = EDGE_CURVE('',#933,#935,#937,.T.);
#933 = VERTEX_POINT('',#934);
#934 = CARTESIAN_POINT('',(1.016,1.27,0.));
#935 = VERTEX_POINT('',#936);
#936 = CARTESIAN_POINT('',(1.016,1.27,2.54));
#937 = LINE('',#938,#939);
#938 = CARTESIAN_POINT('',(1.016,1.27,0.));
#939 = VECTOR('',#940,1.);
#940 = DIRECTION('',(0.,0.,1.));
#941 = ORIENTED_EDGE('',*,*,#942,.T.);
#942 = EDGE_CURVE('',#935,#895,#943,.T.);
#943 = LINE('',#944,#945);
#944 = CARTESIAN_POINT('',(1.016,1.27,2.54));
#945 = VECTOR('',#946,1.);
#946 = DIRECTION('',(-1.,0.,0.));
#947 = ORIENTED_EDGE('',*,*,#892,.F.);
#948 = ORIENTED_EDGE('',*,*,#949,.F.);
#949 = EDGE_CURVE('',#933,#893,#950,.T.);
#950 = LINE('',#951,#952);
#951 = CARTESIAN_POINT('',(1.016,1.27,0.));
#952 = VECTOR('',#953,1.);
#953 = DIRECTION('',(-1.,0.,0.));
#954 = PLANE('',#955);
#955 = AXIS2_PLACEMENT_3D('',#956,#957,#958);
#956 = CARTESIAN_POINT('',(1.016,1.27,0.));
#957 = DIRECTION('',(0.,-1.,0.));
#958 = DIRECTION('',(-1.,0.,0.));
#959 = ADVANCED_FACE('',(#960),#985,.F.);
#960 = FACE_BOUND('',#961,.F.);
#961 = EDGE_LOOP('',(#962,#963,#971,#979));
#962 = ORIENTED_EDGE('',*,*,#910,.T.);
#963 = ORIENTED_EDGE('',*,*,#964,.T.);
#964 = EDGE_CURVE('',#903,#965,#967,.T.);
#965 = VERTEX_POINT('',#966);
#966 = CARTESIAN_POINT('',(-1.27,-1.016,2.54));
#967 = LINE('',#968,#969);
#968 = CARTESIAN_POINT('',(-1.27,1.016,2.54));
#969 = VECTOR('',#970,1.);
#970 = DIRECTION('',(0.,-1.,0.));
#971 = ORIENTED_EDGE('',*,*,#972,.F.);
#972 = EDGE_CURVE('',#973,#965,#975,.T.);
#973 = VERTEX_POINT('',#974);
#974 = CARTESIAN_POINT('',(-1.27,-1.016,0.));
#975 = LINE('',#976,#977);
#976 = CARTESIAN_POINT('',(-1.27,-1.016,0.));
#977 = VECTOR('',#978,1.);
#978 = DIRECTION('',(0.,0.,1.));
#979 = ORIENTED_EDGE('',*,*,#980,.F.);
#980 = EDGE_CURVE('',#911,#973,#981,.T.);
#981 = LINE('',#982,#983);
#982 = CARTESIAN_POINT('',(-1.27,1.016,0.));
#983 = VECTOR('',#984,1.);
#984 = DIRECTION('',(0.,-1.,0.));
#985 = PLANE('',#986);
#986 = AXIS2_PLACEMENT_3D('',#987,#988,#989);
#987 = CARTESIAN_POINT('',(-1.27,1.016,0.));
#988 = DIRECTION('',(1.,0.,0.));
#989 = DIRECTION('',(0.,-1.,0.));
#990 = ADVANCED_FACE('',(#991,#1082,#1116),#1150,.F.);
#991 = FACE_BOUND('',#992,.F.);
#992 = EDGE_LOOP('',(#993,#994,#995,#1003,#1011,#1019,#1027,#1035,#1043,
    #1051,#1059,#1067,#1075,#1081));
#993 = ORIENTED_EDGE('',*,*,#918,.T.);
#994 = ORIENTED_EDGE('',*,*,#980,.T.);
#995 = ORIENTED_EDGE('',*,*,#996,.T.);
#996 = EDGE_CURVE('',#973,#997,#999,.T.);
#997 = VERTEX_POINT('',#998);
#998 = CARTESIAN_POINT('',(-1.016,-1.27,0.));
#999 = LINE('',#1000,#1001);
#1000 = CARTESIAN_POINT('',(-1.27,-1.016,0.));
#1001 = VECTOR('',#1002,1.);
#1002 = DIRECTION('',(0.707106781187,-0.707106781187,0.));
#1003 = ORIENTED_EDGE('',*,*,#1004,.T.);
#1004 = EDGE_CURVE('',#997,#1005,#1007,.T.);
#1005 = VERTEX_POINT('',#1006);
#1006 = CARTESIAN_POINT('',(-1.27,-1.524,0.));
#1007 = LINE('',#1008,#1009);
#1008 = CARTESIAN_POINT('',(-1.016,-1.27,0.));
#1009 = VECTOR('',#1010,1.);
#1010 = DIRECTION('',(-0.707106781187,-0.707106781187,0.));
#1011 = ORIENTED_EDGE('',*,*,#1012,.T.);
#1012 = EDGE_CURVE('',#1005,#1013,#1015,.T.);
#1013 = VERTEX_POINT('',#1014);
#1014 = CARTESIAN_POINT('',(-1.27,-3.556,0.));
#1015 = LINE('',#1016,#1017);
#1016 = CARTESIAN_POINT('',(-1.27,-1.524,0.));
#1017 = VECTOR('',#1018,1.);
#1018 = DIRECTION('',(0.,-1.,0.));
#1019 = ORIENTED_EDGE('',*,*,#1020,.T.);
#1020 = EDGE_CURVE('',#1013,#1021,#1023,.T.);
#1021 = VERTEX_POINT('',#1022);
#1022 = CARTESIAN_POINT('',(-1.016,-3.81,0.));
#1023 = LINE('',#1024,#1025);
#1024 = CARTESIAN_POINT('',(-1.27,-3.556,0.));
#1025 = VECTOR('',#1026,1.);
#1026 = DIRECTION('',(0.707106781187,-0.707106781187,0.));
#1027 = ORIENTED_EDGE('',*,*,#1028,.T.);
#1028 = EDGE_CURVE('',#1021,#1029,#1031,.T.);
#1029 = VERTEX_POINT('',#1030);
#1030 = CARTESIAN_POINT('',(1.016,-3.81,0.));
#1031 = LINE('',#1032,#1033);
#1032 = CARTESIAN_POINT('',(-1.016,-3.81,0.));
#1033 = VECTOR('',#1034,1.);
#1034 = DIRECTION('',(1.,0.,0.));
#1035 = ORIENTED_EDGE('',*,*,#1036,.T.);
#1036 = EDGE_CURVE('',#1029,#1037,#1039,.T.);
#1037 = VERTEX_POINT('',#1038);
#1038 = CARTESIAN_POINT('',(1.27,-3.556,0.));
#1039 = LINE('',#1040,#1041);
#1040 = CARTESIAN_POINT('',(1.016,-3.81,0.));
#1041 = VECTOR('',#1042,1.);
#1042 = DIRECTION('',(0.707106781187,0.707106781187,0.));
#1043 = ORIENTED_EDGE('',*,*,#1044,.T.);
#1044 = EDGE_CURVE('',#1037,#1045,#1047,.T.);
#1045 = VERTEX_POINT('',#1046);
#1046 = CARTESIAN_POINT('',(1.27,-1.524,0.));
#1047 = LINE('',#1048,#1049);
#1048 = CARTESIAN_POINT('',(1.27,-3.556,0.));
#1049 = VECTOR('',#1050,1.);
#1050 = DIRECTION('',(0.,1.,0.));
#1051 = ORIENTED_EDGE('',*,*,#1052,.T.);
#1052 = EDGE_CURVE('',#1045,#1053,#1055,.T.);
#1053 = VERTEX_POINT('',#1054);
#1054 = CARTESIAN_POINT('',(1.016,-1.27,0.));
#1055 = LINE('',#1056,#1057);
#1056 = CARTESIAN_POINT('',(1.27,-1.524,0.));
#1057 = VECTOR('',#1058,1.);
#1058 = DIRECTION('',(-0.707106781187,0.707106781187,0.));
#1059 = ORIENTED_EDGE('',*,*,#1060,.T.);
#1060 = EDGE_CURVE('',#1053,#1061,#1063,.T.);
#1061 = VERTEX_POINT('',#1062);
#1062 = CARTESIAN_POINT('',(1.27,-1.016,0.));
#1063 = LINE('',#1064,#1065);
#1064 = CARTESIAN_POINT('',(1.016,-1.27,0.));
#1065 = VECTOR('',#1066,1.);
#1066 = DIRECTION('',(0.707106781187,0.707106781187,0.));
#1067 = ORIENTED_EDGE('',*,*,#1068,.T.);
#1068 = EDGE_CURVE('',#1061,#1069,#1071,.T.);
#1069 = VERTEX_POINT('',#1070);
#1070 = CARTESIAN_POINT('',(1.27,1.016,0.));
#1071 = LINE('',#1072,#1073);
#1072 = CARTESIAN_POINT('',(1.27,-1.016,0.));
#1073 = VECTOR('',#1074,1.);
#1074 = DIRECTION('',(0.,1.,0.));
#1075 = ORIENTED_EDGE('',*,*,#1076,.T.);
#1076 = EDGE_CURVE('',#1069,#933,#1077,.T.);
#1077 = LINE('',#1078,#1079);
#1078 = CARTESIAN_POINT('',(1.27,1.016,0.));
#1079 = VECTOR('',#1080,1.);
#1080 = DIRECTION('',(-0.707106781187,0.707106781187,0.));
#1081 = ORIENTED_EDGE('',*,*,#949,.T.);
#1082 = FACE_BOUND('',#1083,.F.);
#1083 = EDGE_LOOP('',(#1084,#1094,#1102,#1110));
#1084 = ORIENTED_EDGE('',*,*,#1085,.T.);
#1085 = EDGE_CURVE('',#1086,#1088,#1090,.T.);
#1086 = VERTEX_POINT('',#1087);
#1087 = CARTESIAN_POINT('',(0.32,-0.32,0.));
#1088 = VERTEX_POINT('',#1089);
#1089 = CARTESIAN_POINT('',(-0.32,-0.32,0.));
#1090 = LINE('',#1091,#1092);
#1091 = CARTESIAN_POINT('',(-0.16,-0.32,0.));
#1092 = VECTOR('',#1093,1.);
#1093 = DIRECTION('',(-1.,0.,0.));
#1094 = ORIENTED_EDGE('',*,*,#1095,.T.);
#1095 = EDGE_CURVE('',#1088,#1096,#1098,.T.);
#1096 = VERTEX_POINT('',#1097);
#1097 = CARTESIAN_POINT('',(-0.32,0.32,0.));
#1098 = LINE('',#1099,#1100);
#1099 = CARTESIAN_POINT('',(-0.32,-0.795,0.));
#1100 = VECTOR('',#1101,1.);
#1101 = DIRECTION('',(0.,1.,0.));
#1102 = ORIENTED_EDGE('',*,*,#1103,.F.);
#1103 = EDGE_CURVE('',#1104,#1096,#1106,.T.);
#1104 = VERTEX_POINT('',#1105);
#1105 = CARTESIAN_POINT('',(0.32,0.32,0.));
#1106 = LINE('',#1107,#1108);
#1107 = CARTESIAN_POINT('',(-0.16,0.32,0.));
#1108 = VECTOR('',#1109,1.);
#1109 = DIRECTION('',(-1.,0.,0.));
#1110 = ORIENTED_EDGE('',*,*,#1111,.F.);
#1111 = EDGE_CURVE('',#1086,#1104,#1112,.T.);
#1112 = LINE('',#1113,#1114);
#1113 = CARTESIAN_POINT('',(0.32,-0.795,0.));
#1114 = VECTOR('',#1115,1.);
#1115 = DIRECTION('',(0.,1.,0.));
#1116 = FACE_BOUND('',#1117,.F.);
#1117 = EDGE_LOOP('',(#1118,#1128,#1136,#1144));
#1118 = ORIENTED_EDGE('',*,*,#1119,.T.);
#1119 = EDGE_CURVE('',#1120,#1122,#1124,.T.);
#1120 = VERTEX_POINT('',#1121);
#1121 = CARTESIAN_POINT('',(0.32,-2.86,0.));
#1122 = VERTEX_POINT('',#1123);
#1123 = CARTESIAN_POINT('',(-0.32,-2.86,0.));
#1124 = LINE('',#1125,#1126);
#1125 = CARTESIAN_POINT('',(-0.16,-2.86,0.));
#1126 = VECTOR('',#1127,1.);
#1127 = DIRECTION('',(-1.,0.,0.));
#1128 = ORIENTED_EDGE('',*,*,#1129,.T.);
#1129 = EDGE_CURVE('',#1122,#1130,#1132,.T.);
#1130 = VERTEX_POINT('',#1131);
#1131 = CARTESIAN_POINT('',(-0.32,-2.22,0.));
#1132 = LINE('',#1133,#1134);
#1133 = CARTESIAN_POINT('',(-0.32,-2.065,0.));
#1134 = VECTOR('',#1135,1.);
#1135 = DIRECTION('',(0.,1.,0.));
#1136 = ORIENTED_EDGE('',*,*,#1137,.F.);
#1137 = EDGE_CURVE('',#1138,#1130,#1140,.T.);
#1138 = VERTEX_POINT('',#1139);
#1139 = CARTESIAN_POINT('',(0.32,-2.22,0.));
#1140 = LINE('',#1141,#1142);
#1141 = CARTESIAN_POINT('',(-0.16,-2.22,0.));
#1142 = VECTOR('',#1143,1.);
#1143 = DIRECTION('',(-1.,0.,0.));
#1144 = ORIENTED_EDGE('',*,*,#1145,.F.);
#1145 = EDGE_CURVE('',#1120,#1138,#1146,.T.);
#1146 = LINE('',#1147,#1148);
#1147 = CARTESIAN_POINT('',(0.32,-2.065,0.));
#1148 = VECTOR('',#1149,1.);
#1149 = DIRECTION('',(0.,1.,0.));
#1150 = PLANE('',#1151);
#1151 = AXIS2_PLACEMENT_3D('',#1152,#1153,#1154);
#1152 = CARTESIAN_POINT('',(1.473843703412E-17,-1.27,0.));
#1153 = DIRECTION('',(0.,0.,1.));
#1154 = DIRECTION('',(1.,0.,-0.));
#1155 = ADVANCED_FACE('',(#1156,#1247,#1281),#1315,.T.);
#1156 = FACE_BOUND('',#1157,.T.);
#1157 = EDGE_LOOP('',(#1158,#1159,#1160,#1168,#1176,#1184,#1192,#1200,
    #1208,#1216,#1224,#1232,#1240,#1246));
#1158 = ORIENTED_EDGE('',*,*,#902,.T.);
#1159 = ORIENTED_EDGE('',*,*,#964,.T.);
#1160 = ORIENTED_EDGE('',*,*,#1161,.T.);
#1161 = EDGE_CURVE('',#965,#1162,#1164,.T.);
#1162 = VERTEX_POINT('',#1163);
#1163 = CARTESIAN_POINT('',(-1.016,-1.27,2.54));
#1164 = LINE('',#1165,#1166);
#1165 = CARTESIAN_POINT('',(-1.27,-1.016,2.54));
#1166 = VECTOR('',#1167,1.);
#1167 = DIRECTION('',(0.707106781187,-0.707106781187,0.));
#1168 = ORIENTED_EDGE('',*,*,#1169,.T.);
#1169 = EDGE_CURVE('',#1162,#1170,#1172,.T.);
#1170 = VERTEX_POINT('',#1171);
#1171 = CARTESIAN_POINT('',(-1.27,-1.524,2.54));
#1172 = LINE('',#1173,#1174);
#1173 = CARTESIAN_POINT('',(-1.016,-1.27,2.54));
#1174 = VECTOR('',#1175,1.);
#1175 = DIRECTION('',(-0.707106781187,-0.707106781187,0.));
#1176 = ORIENTED_EDGE('',*,*,#1177,.T.);
#1177 = EDGE_CURVE('',#1170,#1178,#1180,.T.);
#1178 = VERTEX_POINT('',#1179);
#1179 = CARTESIAN_POINT('',(-1.27,-3.556,2.54));
#1180 = LINE('',#1181,#1182);
#1181 = CARTESIAN_POINT('',(-1.27,-1.524,2.54));
#1182 = VECTOR('',#1183,1.);
#1183 = DIRECTION('',(0.,-1.,0.));
#1184 = ORIENTED_EDGE('',*,*,#1185,.T.);
#1185 = EDGE_CURVE('',#1178,#1186,#1188,.T.);
#1186 = VERTEX_POINT('',#1187);
#1187 = CARTESIAN_POINT('',(-1.016,-3.81,2.54));
#1188 = LINE('',#1189,#1190);
#1189 = CARTESIAN_POINT('',(-1.27,-3.556,2.54));
#1190 = VECTOR('',#1191,1.);
#1191 = DIRECTION('',(0.707106781187,-0.707106781187,0.));
#1192 = ORIENTED_EDGE('',*,*,#1193,.T.);
#1193 = EDGE_CURVE('',#1186,#1194,#1196,.T.);
#1194 = VERTEX_POINT('',#1195);
#1195 = CARTESIAN_POINT('',(1.016,-3.81,2.54));
#1196 = LINE('',#1197,#1198);
#1197 = CARTESIAN_POINT('',(-1.016,-3.81,2.54));
#1198 = VECTOR('',#1199,1.);
#1199 = DIRECTION('',(1.,0.,0.));
#1200 = ORIENTED_EDGE('',*,*,#1201,.T.);
#1201 = EDGE_CURVE('',#1194,#1202,#1204,.T.);
#1202 = VERTEX_POINT('',#1203);
#1203 = CARTESIAN_POINT('',(1.27,-3.556,2.54));
#1204 = LINE('',#1205,#1206);
#1205 = CARTESIAN_POINT('',(1.016,-3.81,2.54));
#1206 = VECTOR('',#1207,1.);
#1207 = DIRECTION('',(0.707106781187,0.707106781187,0.));
#1208 = ORIENTED_EDGE('',*,*,#1209,.T.);
#1209 = EDGE_CURVE('',#1202,#1210,#1212,.T.);
#1210 = VERTEX_POINT('',#1211);
#1211 = CARTESIAN_POINT('',(1.27,-1.524,2.54));
#1212 = LINE('',#1213,#1214);
#1213 = CARTESIAN_POINT('',(1.27,-3.556,2.54));
#1214 = VECTOR('',#1215,1.);
#1215 = DIRECTION('',(0.,1.,0.));
#1216 = ORIENTED_EDGE('',*,*,#1217,.T.);
#1217 = EDGE_CURVE('',#1210,#1218,#1220,.T.);
#1218 = VERTEX_POINT('',#1219);
#1219 = CARTESIAN_POINT('',(1.016,-1.27,2.54));
#1220 = LINE('',#1221,#1222);
#1221 = CARTESIAN_POINT('',(1.27,-1.524,2.54));
#1222 = VECTOR('',#1223,1.);
#1223 = DIRECTION('',(-0.707106781187,0.707106781187,0.));
#1224 = ORIENTED_EDGE('',*,*,#1225,.T.);
#1225 = EDGE_CURVE('',#1218,#1226,#1228,.T.);
#1226 = VERTEX_POINT('',#1227);
#1227 = CARTESIAN_POINT('',(1.27,-1.016,2.54));
#1228 = LINE('',#1229,#1230);
#1229 = CARTESIAN_POINT('',(1.016,-1.27,2.54));
#1230 = VECTOR('',#1231,1.);
#1231 = DIRECTION('',(0.707106781187,0.707106781187,0.));
#1232 = ORIENTED_EDGE('',*,*,#1233,.T.);
#1233 = EDGE_CURVE('',#1226,#1234,#1236,.T.);
#1234 = VERTEX_POINT('',#1235);
#1235 = CARTESIAN_POINT('',(1.27,1.016,2.54));
#1236 = LINE('',#1237,#1238);
#1237 = CARTESIAN_POINT('',(1.27,-1.016,2.54));
#1238 = VECTOR('',#1239,1.);
#1239 = DIRECTION('',(0.,1.,0.));
#1240 = ORIENTED_EDGE('',*,*,#1241,.T.);
#1241 = EDGE_CURVE('',#1234,#935,#1242,.T.);
#1242 = LINE('',#1243,#1244);
#1243 = CARTESIAN_POINT('',(1.27,1.016,2.54));
#1244 = VECTOR('',#1245,1.);
#1245 = DIRECTION('',(-0.707106781187,0.707106781187,0.));
#1246 = ORIENTED_EDGE('',*,*,#942,.T.);
#1247 = FACE_BOUND('',#1248,.T.);
#1248 = EDGE_LOOP('',(#1249,#1259,#1267,#1275));
#1249 = ORIENTED_EDGE('',*,*,#1250,.T.);
#1250 = EDGE_CURVE('',#1251,#1253,#1255,.T.);
#1251 = VERTEX_POINT('',#1252);
#1252 = CARTESIAN_POINT('',(0.32,-0.32,2.54));
#1253 = VERTEX_POINT('',#1254);
#1254 = CARTESIAN_POINT('',(-0.32,-0.32,2.54));
#1255 = LINE('',#1256,#1257);
#1256 = CARTESIAN_POINT('',(-0.16,-0.32,2.54));
#1257 = VECTOR('',#1258,1.);
#1258 = DIRECTION('',(-1.,0.,0.));
#1259 = ORIENTED_EDGE('',*,*,#1260,.T.);
#1260 = EDGE_CURVE('',#1253,#1261,#1263,.T.);
#1261 = VERTEX_POINT('',#1262);
#1262 = CARTESIAN_POINT('',(-0.32,0.32,2.54));
#1263 = LINE('',#1264,#1265);
#1264 = CARTESIAN_POINT('',(-0.32,-0.795,2.54));
#1265 = VECTOR('',#1266,1.);
#1266 = DIRECTION('',(0.,1.,0.));
#1267 = ORIENTED_EDGE('',*,*,#1268,.F.);
#1268 = EDGE_CURVE('',#1269,#1261,#1271,.T.);
#1269 = VERTEX_POINT('',#1270);
#1270 = CARTESIAN_POINT('',(0.32,0.32,2.54));
#1271 = LINE('',#1272,#1273);
#1272 = CARTESIAN_POINT('',(-0.16,0.32,2.54));
#1273 = VECTOR('',#1274,1.);
#1274 = DIRECTION('',(-1.,0.,0.));
#1275 = ORIENTED_EDGE('',*,*,#1276,.F.);
#1276 = EDGE_CURVE('',#1251,#1269,#1277,.T.);
#1277 = LINE('',#1278,#1279);
#1278 = CARTESIAN_POINT('',(0.32,-0.795,2.54));
#1279 = VECTOR('',#1280,1.);
#1280 = DIRECTION('',(0.,1.,0.));
#1281 = FACE_BOUND('',#1282,.T.);
#1282 = EDGE_LOOP('',(#1283,#1293,#1301,#1309));
#1283 = ORIENTED_EDGE('',*,*,#1284,.T.);
#1284 = EDGE_CURVE('',#1285,#1287,#1289,.T.);
#1285 = VERTEX_POINT('',#1286);
#1286 = CARTESIAN_POINT('',(0.32,-2.86,2.54));
#1287 = VERTEX_POINT('',#1288);
#1288 = CARTESIAN_POINT('',(-0.32,-2.86,2.54));
#1289 = LINE('',#1290,#1291);
#1290 = CARTESIAN_POINT('',(-0.16,-2.86,2.54));
#1291 = VECTOR('',#1292,1.);
#1292 = DIRECTION('',(-1.,0.,0.));
#1293 = ORIENTED_EDGE('',*,*,#1294,.T.);
#1294 = EDGE_CURVE('',#1287,#1295,#1297,.T.);
#1295 = VERTEX_POINT('',#1296);
#1296 = CARTESIAN_POINT('',(-0.32,-2.22,2.54));
#1297 = LINE('',#1298,#1299);
#1298 = CARTESIAN_POINT('',(-0.32,-2.065,2.54));
#1299 = VECTOR('',#1300,1.);
#1300 = DIRECTION('',(0.,1.,0.));
#1301 = ORIENTED_EDGE('',*,*,#1302,.F.);
#1302 = EDGE_CURVE('',#1303,#1295,#1305,.T.);
#1303 = VERTEX_POINT('',#1304);
#1304 = CARTESIAN_POINT('',(0.32,-2.22,2.54));
#1305 = LINE('',#1306,#1307);
#1306 = CARTESIAN_POINT('',(-0.16,-2.22,2.54));
#1307 = VECTOR('',#1308,1.);
#1308 = DIRECTION('',(-1.,0.,0.));
#1309 = ORIENTED_EDGE('',*,*,#1310,.F.);
#1310 = EDGE_CURVE('',#1285,#1303,#1311,.T.);
#1311 = LINE('',#1312,#1313);
#1312 = CARTESIAN_POINT('',(0.32,-2.065,2.54));
#1313 = VECTOR('',#1314,1.);
#1314 = DIRECTION('',(0.,1.,0.));
#1315 = PLANE('',#1316);
#1316 = AXIS2_PLACEMENT_3D('',#1317,#1318,#1319);
#1317 = CARTESIAN_POINT('',(1.473843703412E-17,-1.27,2.54));
#1318 = DIRECTION('',(0.,0.,1.));
#1319 = DIRECTION('',(1.,0.,-0.));
#1320 = ADVANCED_FACE('',(#1321),#1332,.F.);
#1321 = FACE_BOUND('',#1322,.F.);
#1322 = EDGE_LOOP('',(#1323,#1329,#1330,#1331));
#1323 = ORIENTED_EDGE('',*,*,#1324,.T.);
#1324 = EDGE_CURVE('',#1069,#1234,#1325,.T.);
#1325 = LINE('',#1326,#1327);
#1326 = CARTESIAN_POINT('',(1.27,1.016,0.));
#1327 = VECTOR('',#1328,1.);
#1328 = DIRECTION('',(0.,0.,1.));
#1329 = ORIENTED_EDGE('',*,*,#1241,.T.);
#1330 = ORIENTED_EDGE('',*,*,#932,.F.);
#1331 = ORIENTED_EDGE('',*,*,#1076,.F.);
#1332 = PLANE('',#1333);
#1333 = AXIS2_PLACEMENT_3D('',#1334,#1335,#1336);
#1334 = CARTESIAN_POINT('',(1.27,1.016,0.));
#1335 = DIRECTION('',(-0.707106781187,-0.707106781187,0.));
#1336 = DIRECTION('',(-0.707106781187,0.707106781187,0.));
#1337 = ADVANCED_FACE('',(#1338),#1349,.F.);
#1338 = FACE_BOUND('',#1339,.F.);
#1339 = EDGE_LOOP('',(#1340,#1341,#1342,#1348));
#1340 = ORIENTED_EDGE('',*,*,#972,.T.);
#1341 = ORIENTED_EDGE('',*,*,#1161,.T.);
#1342 = ORIENTED_EDGE('',*,*,#1343,.F.);
#1343 = EDGE_CURVE('',#997,#1162,#1344,.T.);
#1344 = LINE('',#1345,#1346);
#1345 = CARTESIAN_POINT('',(-1.016,-1.27,0.));
#1346 = VECTOR('',#1347,1.);
#1347 = DIRECTION('',(0.,0.,1.));
#1348 = ORIENTED_EDGE('',*,*,#996,.F.);
#1349 = PLANE('',#1350);
#1350 = AXIS2_PLACEMENT_3D('',#1351,#1352,#1353);
#1351 = CARTESIAN_POINT('',(-1.27,-1.016,0.));
#1352 = DIRECTION('',(0.707106781187,0.707106781187,0.));
#1353 = DIRECTION('',(0.707106781187,-0.707106781187,0.));
#1354 = ADVANCED_FACE('',(#1355),#1366,.F.);
#1355 = FACE_BOUND('',#1356,.F.);
#1356 = EDGE_LOOP('',(#1357,#1363,#1364,#1365));
#1357 = ORIENTED_EDGE('',*,*,#1358,.T.);
#1358 = EDGE_CURVE('',#1061,#1226,#1359,.T.);
#1359 = LINE('',#1360,#1361);
#1360 = CARTESIAN_POINT('',(1.27,-1.016,0.));
#1361 = VECTOR('',#1362,1.);
#1362 = DIRECTION('',(0.,0.,1.));
#1363 = ORIENTED_EDGE('',*,*,#1233,.T.);
#1364 = ORIENTED_EDGE('',*,*,#1324,.F.);
#1365 = ORIENTED_EDGE('',*,*,#1068,.F.);
#1366 = PLANE('',#1367);
#1367 = AXIS2_PLACEMENT_3D('',#1368,#1369,#1370);
#1368 = CARTESIAN_POINT('',(1.27,-1.016,0.));
#1369 = DIRECTION('',(-1.,0.,0.));
#1370 = DIRECTION('',(0.,1.,0.));
#1371 = ADVANCED_FACE('',(#1372),#1383,.F.);
#1372 = FACE_BOUND('',#1373,.F.);
#1373 = EDGE_LOOP('',(#1374,#1375,#1376,#1382));
#1374 = ORIENTED_EDGE('',*,*,#1343,.T.);
#1375 = ORIENTED_EDGE('',*,*,#1169,.T.);
#1376 = ORIENTED_EDGE('',*,*,#1377,.F.);
#1377 = EDGE_CURVE('',#1005,#1170,#1378,.T.);
#1378 = LINE('',#1379,#1380);
#1379 = CARTESIAN_POINT('',(-1.27,-1.524,0.));
#1380 = VECTOR('',#1381,1.);
#1381 = DIRECTION('',(0.,0.,1.));
#1382 = ORIENTED_EDGE('',*,*,#1004,.F.);
#1383 = PLANE('',#1384);
#1384 = AXIS2_PLACEMENT_3D('',#1385,#1386,#1387);
#1385 = CARTESIAN_POINT('',(-1.016,-1.27,0.));
#1386 = DIRECTION('',(0.707106781187,-0.707106781187,0.));
#1387 = DIRECTION('',(-0.707106781187,-0.707106781187,0.));
#1388 = ADVANCED_FACE('',(#1389),#1400,.F.);
#1389 = FACE_BOUND('',#1390,.F.);
#1390 = EDGE_LOOP('',(#1391,#1397,#1398,#1399));
#1391 = ORIENTED_EDGE('',*,*,#1392,.T.);
#1392 = EDGE_CURVE('',#1053,#1218,#1393,.T.);
#1393 = LINE('',#1394,#1395);
#1394 = CARTESIAN_POINT('',(1.016,-1.27,0.));
#1395 = VECTOR('',#1396,1.);
#1396 = DIRECTION('',(0.,0.,1.));
#1397 = ORIENTED_EDGE('',*,*,#1225,.T.);
#1398 = ORIENTED_EDGE('',*,*,#1358,.F.);
#1399 = ORIENTED_EDGE('',*,*,#1060,.F.);
#1400 = PLANE('',#1401);
#1401 = AXIS2_PLACEMENT_3D('',#1402,#1403,#1404);
#1402 = CARTESIAN_POINT('',(1.016,-1.27,0.));
#1403 = DIRECTION('',(-0.707106781187,0.707106781187,0.));
#1404 = DIRECTION('',(0.707106781187,0.707106781187,0.));
#1405 = ADVANCED_FACE('',(#1406),#1417,.F.);
#1406 = FACE_BOUND('',#1407,.F.);
#1407 = EDGE_LOOP('',(#1408,#1409,#1410,#1416));
#1408 = ORIENTED_EDGE('',*,*,#1377,.T.);
#1409 = ORIENTED_EDGE('',*,*,#1177,.T.);
#1410 = ORIENTED_EDGE('',*,*,#1411,.F.);
#1411 = EDGE_CURVE('',#1013,#1178,#1412,.T.);
#1412 = LINE('',#1413,#1414);
#1413 = CARTESIAN_POINT('',(-1.27,-3.556,0.));
#1414 = VECTOR('',#1415,1.);
#1415 = DIRECTION('',(0.,0.,1.));
#1416 = ORIENTED_EDGE('',*,*,#1012,.F.);
#1417 = PLANE('',#1418);
#1418 = AXIS2_PLACEMENT_3D('',#1419,#1420,#1421);
#1419 = CARTESIAN_POINT('',(-1.27,-1.524,0.));
#1420 = DIRECTION('',(1.,0.,0.));
#1421 = DIRECTION('',(0.,-1.,0.));
#1422 = ADVANCED_FACE('',(#1423),#1434,.F.);
#1423 = FACE_BOUND('',#1424,.F.);
#1424 = EDGE_LOOP('',(#1425,#1431,#1432,#1433));
#1425 = ORIENTED_EDGE('',*,*,#1426,.T.);
#1426 = EDGE_CURVE('',#1045,#1210,#1427,.T.);
#1427 = LINE('',#1428,#1429);
#1428 = CARTESIAN_POINT('',(1.27,-1.524,0.));
#1429 = VECTOR('',#1430,1.);
#1430 = DIRECTION('',(0.,0.,1.));
#1431 = ORIENTED_EDGE('',*,*,#1217,.T.);
#1432 = ORIENTED_EDGE('',*,*,#1392,.F.);
#1433 = ORIENTED_EDGE('',*,*,#1052,.F.);
#1434 = PLANE('',#1435);
#1435 = AXIS2_PLACEMENT_3D('',#1436,#1437,#1438);
#1436 = CARTESIAN_POINT('',(1.27,-1.524,0.));
#1437 = DIRECTION('',(-0.707106781187,-0.707106781187,0.));
#1438 = DIRECTION('',(-0.707106781187,0.707106781187,0.));
#1439 = ADVANCED_FACE('',(#1440),#1451,.F.);
#1440 = FACE_BOUND('',#1441,.F.);
#1441 = EDGE_LOOP('',(#1442,#1443,#1444,#1450));
#1442 = ORIENTED_EDGE('',*,*,#1411,.T.);
#1443 = ORIENTED_EDGE('',*,*,#1185,.T.);
#1444 = ORIENTED_EDGE('',*,*,#1445,.F.);
#1445 = EDGE_CURVE('',#1021,#1186,#1446,.T.);
#1446 = LINE('',#1447,#1448);
#1447 = CARTESIAN_POINT('',(-1.016,-3.81,0.));
#1448 = VECTOR('',#1449,1.);
#1449 = DIRECTION('',(0.,0.,1.));
#1450 = ORIENTED_EDGE('',*,*,#1020,.F.);
#1451 = PLANE('',#1452);
#1452 = AXIS2_PLACEMENT_3D('',#1453,#1454,#1455);
#1453 = CARTESIAN_POINT('',(-1.27,-3.556,0.));
#1454 = DIRECTION('',(0.707106781187,0.707106781187,0.));
#1455 = DIRECTION('',(0.707106781187,-0.707106781187,0.));
#1456 = ADVANCED_FACE('',(#1457),#1468,.F.);
#1457 = FACE_BOUND('',#1458,.F.);
#1458 = EDGE_LOOP('',(#1459,#1465,#1466,#1467));
#1459 = ORIENTED_EDGE('',*,*,#1460,.T.);
#1460 = EDGE_CURVE('',#1037,#1202,#1461,.T.);
#1461 = LINE('',#1462,#1463);
#1462 = CARTESIAN_POINT('',(1.27,-3.556,0.));
#1463 = VECTOR('',#1464,1.);
#1464 = DIRECTION('',(0.,0.,1.));
#1465 = ORIENTED_EDGE('',*,*,#1209,.T.);
#1466 = ORIENTED_EDGE('',*,*,#1426,.F.);
#1467 = ORIENTED_EDGE('',*,*,#1044,.F.);
#1468 = PLANE('',#1469);
#1469 = AXIS2_PLACEMENT_3D('',#1470,#1471,#1472);
#1470 = CARTESIAN_POINT('',(1.27,-3.556,0.));
#1471 = DIRECTION('',(-1.,0.,0.));
#1472 = DIRECTION('',(0.,1.,0.));
#1473 = ADVANCED_FACE('',(#1474),#1485,.F.);
#1474 = FACE_BOUND('',#1475,.F.);
#1475 = EDGE_LOOP('',(#1476,#1477,#1478,#1484));
#1476 = ORIENTED_EDGE('',*,*,#1445,.T.);
#1477 = ORIENTED_EDGE('',*,*,#1193,.T.);
#1478 = ORIENTED_EDGE('',*,*,#1479,.F.);
#1479 = EDGE_CURVE('',#1029,#1194,#1480,.T.);
#1480 = LINE('',#1481,#1482);
#1481 = CARTESIAN_POINT('',(1.016,-3.81,0.));
#1482 = VECTOR('',#1483,1.);
#1483 = DIRECTION('',(0.,0.,1.));
#1484 = ORIENTED_EDGE('',*,*,#1028,.F.);
#1485 = PLANE('',#1486);
#1486 = AXIS2_PLACEMENT_3D('',#1487,#1488,#1489);
#1487 = CARTESIAN_POINT('',(-1.016,-3.81,0.));
#1488 = DIRECTION('',(0.,1.,0.));
#1489 = DIRECTION('',(1.,0.,0.));
#1490 = ADVANCED_FACE('',(#1491),#1497,.F.);
#1491 = FACE_BOUND('',#1492,.F.);
#1492 = EDGE_LOOP('',(#1493,#1494,#1495,#1496));
#1493 = ORIENTED_EDGE('',*,*,#1479,.T.);
#1494 = ORIENTED_EDGE('',*,*,#1201,.T.);
#1495 = ORIENTED_EDGE('',*,*,#1460,.F.);
#1496 = ORIENTED_EDGE('',*,*,#1036,.F.);
#1497 = PLANE('',#1498);
#1498 = AXIS2_PLACEMENT_3D('',#1499,#1500,#1501);
#1499 = CARTESIAN_POINT('',(1.016,-3.81,0.));
#1500 = DIRECTION('',(-0.707106781187,0.707106781187,0.));
#1501 = DIRECTION('',(0.707106781187,0.707106781187,0.));
#1502 = ADVANCED_FACE('',(#1503),#1528,.F.);
#1503 = FACE_BOUND('',#1504,.F.);
#1504 = EDGE_LOOP('',(#1505,#1513,#1521,#1527));
#1505 = ORIENTED_EDGE('',*,*,#1506,.F.);
#1506 = EDGE_CURVE('',#1507,#1086,#1509,.T.);
#1507 = VERTEX_POINT('',#1508);
#1508 = CARTESIAN_POINT('',(0.32,-0.32,-2.84));
#1509 = LINE('',#1510,#1511);
#1510 = CARTESIAN_POINT('',(0.32,-0.32,-3.));
#1511 = VECTOR('',#1512,1.);
#1512 = DIRECTION('',(0.,0.,1.));
#1513 = ORIENTED_EDGE('',*,*,#1514,.F.);
#1514 = EDGE_CURVE('',#1515,#1507,#1517,.T.);
#1515 = VERTEX_POINT('',#1516);
#1516 = CARTESIAN_POINT('',(-0.32,-0.32,-2.84));
#1517 = LINE('',#1518,#1519);
#1518 = CARTESIAN_POINT('',(-0.32,-0.32,-2.84));
#1519 = VECTOR('',#1520,1.);
#1520 = DIRECTION('',(1.,0.,0.));
#1521 = ORIENTED_EDGE('',*,*,#1522,.T.);
#1522 = EDGE_CURVE('',#1515,#1088,#1523,.T.);
#1523 = LINE('',#1524,#1525);
#1524 = CARTESIAN_POINT('',(-0.32,-0.32,-3.));
#1525 = VECTOR('',#1526,1.);
#1526 = DIRECTION('',(0.,0.,1.));
#1527 = ORIENTED_EDGE('',*,*,#1085,.F.);
#1528 = PLANE('',#1529);
#1529 = AXIS2_PLACEMENT_3D('',#1530,#1531,#1532);
#1530 = CARTESIAN_POINT('',(-0.32,-0.32,-3.));
#1531 = DIRECTION('',(0.,1.,0.));
#1532 = DIRECTION('',(0.,-0.,1.));
#1533 = ADVANCED_FACE('',(#1534),#1552,.T.);
#1534 = FACE_BOUND('',#1535,.T.);
#1535 = EDGE_LOOP('',(#1536,#1537,#1545,#1551));
#1536 = ORIENTED_EDGE('',*,*,#1506,.F.);
#1537 = ORIENTED_EDGE('',*,*,#1538,.T.);
#1538 = EDGE_CURVE('',#1507,#1539,#1541,.T.);
#1539 = VERTEX_POINT('',#1540);
#1540 = CARTESIAN_POINT('',(0.32,0.32,-2.84));
#1541 = LINE('',#1542,#1543);
#1542 = CARTESIAN_POINT('',(0.32,-0.32,-2.84));
#1543 = VECTOR('',#1544,1.);
#1544 = DIRECTION('',(0.,1.,0.));
#1545 = ORIENTED_EDGE('',*,*,#1546,.T.);
#1546 = EDGE_CURVE('',#1539,#1104,#1547,.T.);
#1547 = LINE('',#1548,#1549);
#1548 = CARTESIAN_POINT('',(0.32,0.32,-3.));
#1549 = VECTOR('',#1550,1.);
#1550 = DIRECTION('',(0.,0.,1.));
#1551 = ORIENTED_EDGE('',*,*,#1111,.F.);
#1552 = PLANE('',#1553);
#1553 = AXIS2_PLACEMENT_3D('',#1554,#1555,#1556);
#1554 = CARTESIAN_POINT('',(0.32,-0.32,-3.));
#1555 = DIRECTION('',(1.,0.,0.));
#1556 = DIRECTION('',(0.,0.,1.));
#1557 = ADVANCED_FACE('',(#1558),#1576,.T.);
#1558 = FACE_BOUND('',#1559,.T.);
#1559 = EDGE_LOOP('',(#1560,#1561,#1569,#1575));
#1560 = ORIENTED_EDGE('',*,*,#1546,.F.);
#1561 = ORIENTED_EDGE('',*,*,#1562,.F.);
#1562 = EDGE_CURVE('',#1563,#1539,#1565,.T.);
#1563 = VERTEX_POINT('',#1564);
#1564 = CARTESIAN_POINT('',(-0.32,0.32,-2.84));
#1565 = LINE('',#1566,#1567);
#1566 = CARTESIAN_POINT('',(-0.32,0.32,-2.84));
#1567 = VECTOR('',#1568,1.);
#1568 = DIRECTION('',(1.,0.,0.));
#1569 = ORIENTED_EDGE('',*,*,#1570,.T.);
#1570 = EDGE_CURVE('',#1563,#1096,#1571,.T.);
#1571 = LINE('',#1572,#1573);
#1572 = CARTESIAN_POINT('',(-0.32,0.32,-3.));
#1573 = VECTOR('',#1574,1.);
#1574 = DIRECTION('',(0.,0.,1.));
#1575 = ORIENTED_EDGE('',*,*,#1103,.F.);
#1576 = PLANE('',#1577);
#1577 = AXIS2_PLACEMENT_3D('',#1578,#1579,#1580);
#1578 = CARTESIAN_POINT('',(-0.32,0.32,-3.));
#1579 = DIRECTION('',(0.,1.,0.));
#1580 = DIRECTION('',(0.,-0.,1.));
#1581 = ADVANCED_FACE('',(#1582),#1593,.F.);
#1582 = FACE_BOUND('',#1583,.F.);
#1583 = EDGE_LOOP('',(#1584,#1585,#1591,#1592));
#1584 = ORIENTED_EDGE('',*,*,#1522,.F.);
#1585 = ORIENTED_EDGE('',*,*,#1586,.T.);
#1586 = EDGE_CURVE('',#1515,#1563,#1587,.T.);
#1587 = LINE('',#1588,#1589);
#1588 = CARTESIAN_POINT('',(-0.32,-0.32,-2.84));
#1589 = VECTOR('',#1590,1.);
#1590 = DIRECTION('',(0.,1.,0.));
#1591 = ORIENTED_EDGE('',*,*,#1570,.T.);
#1592 = ORIENTED_EDGE('',*,*,#1095,.F.);
#1593 = PLANE('',#1594);
#1594 = AXIS2_PLACEMENT_3D('',#1595,#1596,#1597);
#1595 = CARTESIAN_POINT('',(-0.32,-0.32,-3.));
#1596 = DIRECTION('',(1.,0.,0.));
#1597 = DIRECTION('',(0.,0.,1.));
#1598 = ADVANCED_FACE('',(#1599),#1624,.F.);
#1599 = FACE_BOUND('',#1600,.F.);
#1600 = EDGE_LOOP('',(#1601,#1609,#1617,#1623));
#1601 = ORIENTED_EDGE('',*,*,#1602,.F.);
#1602 = EDGE_CURVE('',#1603,#1120,#1605,.T.);
#1603 = VERTEX_POINT('',#1604);
#1604 = CARTESIAN_POINT('',(0.32,-2.86,-2.84));
#1605 = LINE('',#1606,#1607);
#1606 = CARTESIAN_POINT('',(0.32,-2.86,-3.));
#1607 = VECTOR('',#1608,1.);
#1608 = DIRECTION('',(0.,0.,1.));
#1609 = ORIENTED_EDGE('',*,*,#1610,.F.);
#1610 = EDGE_CURVE('',#1611,#1603,#1613,.T.);
#1611 = VERTEX_POINT('',#1612);
#1612 = CARTESIAN_POINT('',(-0.32,-2.86,-2.84));
#1613 = LINE('',#1614,#1615);
#1614 = CARTESIAN_POINT('',(-0.32,-2.86,-2.84));
#1615 = VECTOR('',#1616,1.);
#1616 = DIRECTION('',(1.,0.,0.));
#1617 = ORIENTED_EDGE('',*,*,#1618,.T.);
#1618 = EDGE_CURVE('',#1611,#1122,#1619,.T.);
#1619 = LINE('',#1620,#1621);
#1620 = CARTESIAN_POINT('',(-0.32,-2.86,-3.));
#1621 = VECTOR('',#1622,1.);
#1622 = DIRECTION('',(0.,0.,1.));
#1623 = ORIENTED_EDGE('',*,*,#1119,.F.);
#1624 = PLANE('',#1625);
#1625 = AXIS2_PLACEMENT_3D('',#1626,#1627,#1628);
#1626 = CARTESIAN_POINT('',(-0.32,-2.86,-3.));
#1627 = DIRECTION('',(0.,1.,0.));
#1628 = DIRECTION('',(0.,-0.,1.));
#1629 = ADVANCED_FACE('',(#1630),#1648,.T.);
#1630 = FACE_BOUND('',#1631,.T.);
#1631 = EDGE_LOOP('',(#1632,#1633,#1641,#1647));
#1632 = ORIENTED_EDGE('',*,*,#1602,.F.);
#1633 = ORIENTED_EDGE('',*,*,#1634,.T.);
#1634 = EDGE_CURVE('',#1603,#1635,#1637,.T.);
#1635 = VERTEX_POINT('',#1636);
#1636 = CARTESIAN_POINT('',(0.32,-2.22,-2.84));
#1637 = LINE('',#1638,#1639);
#1638 = CARTESIAN_POINT('',(0.32,-2.86,-2.84));
#1639 = VECTOR('',#1640,1.);
#1640 = DIRECTION('',(0.,1.,0.));
#1641 = ORIENTED_EDGE('',*,*,#1642,.T.);
#1642 = EDGE_CURVE('',#1635,#1138,#1643,.T.);
#1643 = LINE('',#1644,#1645);
#1644 = CARTESIAN_POINT('',(0.32,-2.22,-3.));
#1645 = VECTOR('',#1646,1.);
#1646 = DIRECTION('',(0.,0.,1.));
#1647 = ORIENTED_EDGE('',*,*,#1145,.F.);
#1648 = PLANE('',#1649);
#1649 = AXIS2_PLACEMENT_3D('',#1650,#1651,#1652);
#1650 = CARTESIAN_POINT('',(0.32,-2.86,-3.));
#1651 = DIRECTION('',(1.,0.,0.));
#1652 = DIRECTION('',(0.,0.,1.));
#1653 = ADVANCED_FACE('',(#1654),#1672,.T.);
#1654 = FACE_BOUND('',#1655,.T.);
#1655 = EDGE_LOOP('',(#1656,#1657,#1665,#1671));
#1656 = ORIENTED_EDGE('',*,*,#1642,.F.);
#1657 = ORIENTED_EDGE('',*,*,#1658,.F.);
#1658 = EDGE_CURVE('',#1659,#1635,#1661,.T.);
#1659 = VERTEX_POINT('',#1660);
#1660 = CARTESIAN_POINT('',(-0.32,-2.22,-2.84));
#1661 = LINE('',#1662,#1663);
#1662 = CARTESIAN_POINT('',(-0.32,-2.22,-2.84));
#1663 = VECTOR('',#1664,1.);
#1664 = DIRECTION('',(1.,0.,0.));
#1665 = ORIENTED_EDGE('',*,*,#1666,.T.);
#1666 = EDGE_CURVE('',#1659,#1130,#1667,.T.);
#1667 = LINE('',#1668,#1669);
#1668 = CARTESIAN_POINT('',(-0.32,-2.22,-3.));
#1669 = VECTOR('',#1670,1.);
#1670 = DIRECTION('',(0.,0.,1.));
#1671 = ORIENTED_EDGE('',*,*,#1137,.F.);
#1672 = PLANE('',#1673);
#1673 = AXIS2_PLACEMENT_3D('',#1674,#1675,#1676);
#1674 = CARTESIAN_POINT('',(-0.32,-2.22,-3.));
#1675 = DIRECTION('',(0.,1.,0.));
#1676 = DIRECTION('',(0.,-0.,1.));
#1677 = ADVANCED_FACE('',(#1678),#1689,.F.);
#1678 = FACE_BOUND('',#1679,.F.);
#1679 = EDGE_LOOP('',(#1680,#1681,#1687,#1688));
#1680 = ORIENTED_EDGE('',*,*,#1618,.F.);
#1681 = ORIENTED_EDGE('',*,*,#1682,.T.);
#1682 = EDGE_CURVE('',#1611,#1659,#1683,.T.);
#1683 = LINE('',#1684,#1685);
#1684 = CARTESIAN_POINT('',(-0.32,-2.86,-2.84));
#1685 = VECTOR('',#1686,1.);
#1686 = DIRECTION('',(0.,1.,0.));
#1687 = ORIENTED_EDGE('',*,*,#1666,.T.);
#1688 = ORIENTED_EDGE('',*,*,#1129,.F.);
#1689 = PLANE('',#1690);
#1690 = AXIS2_PLACEMENT_3D('',#1691,#1692,#1693);
#1691 = CARTESIAN_POINT('',(-0.32,-2.86,-3.));
#1692 = DIRECTION('',(1.,0.,0.));
#1693 = DIRECTION('',(0.,0.,1.));
#1694 = ADVANCED_FACE('',(#1695),#1720,.F.);
#1695 = FACE_BOUND('',#1696,.F.);
#1696 = EDGE_LOOP('',(#1697,#1705,#1706,#1714));
#1697 = ORIENTED_EDGE('',*,*,#1698,.F.);
#1698 = EDGE_CURVE('',#1251,#1699,#1701,.T.);
#1699 = VERTEX_POINT('',#1700);
#1700 = CARTESIAN_POINT('',(0.32,-0.32,8.38));
#1701 = LINE('',#1702,#1703);
#1702 = CARTESIAN_POINT('',(0.32,-0.32,-3.));
#1703 = VECTOR('',#1704,1.);
#1704 = DIRECTION('',(0.,0.,1.));
#1705 = ORIENTED_EDGE('',*,*,#1250,.T.);
#1706 = ORIENTED_EDGE('',*,*,#1707,.T.);
#1707 = EDGE_CURVE('',#1253,#1708,#1710,.T.);
#1708 = VERTEX_POINT('',#1709);
#1709 = CARTESIAN_POINT('',(-0.32,-0.32,8.38));
#1710 = LINE('',#1711,#1712);
#1711 = CARTESIAN_POINT('',(-0.32,-0.32,-3.));
#1712 = VECTOR('',#1713,1.);
#1713 = DIRECTION('',(0.,0.,1.));
#1714 = ORIENTED_EDGE('',*,*,#1715,.T.);
#1715 = EDGE_CURVE('',#1708,#1699,#1716,.T.);
#1716 = LINE('',#1717,#1718);
#1717 = CARTESIAN_POINT('',(-0.32,-0.32,8.38));
#1718 = VECTOR('',#1719,1.);
#1719 = DIRECTION('',(1.,0.,0.));
#1720 = PLANE('',#1721);
#1721 = AXIS2_PLACEMENT_3D('',#1722,#1723,#1724);
#1722 = CARTESIAN_POINT('',(-0.32,-0.32,-3.));
#1723 = DIRECTION('',(0.,1.,0.));
#1724 = DIRECTION('',(0.,-0.,1.));
#1725 = ADVANCED_FACE('',(#1726),#1744,.T.);
#1726 = FACE_BOUND('',#1727,.T.);
#1727 = EDGE_LOOP('',(#1728,#1729,#1730,#1738));
#1728 = ORIENTED_EDGE('',*,*,#1698,.F.);
#1729 = ORIENTED_EDGE('',*,*,#1276,.T.);
#1730 = ORIENTED_EDGE('',*,*,#1731,.T.);
#1731 = EDGE_CURVE('',#1269,#1732,#1734,.T.);
#1732 = VERTEX_POINT('',#1733);
#1733 = CARTESIAN_POINT('',(0.32,0.32,8.38));
#1734 = LINE('',#1735,#1736);
#1735 = CARTESIAN_POINT('',(0.32,0.32,-3.));
#1736 = VECTOR('',#1737,1.);
#1737 = DIRECTION('',(0.,0.,1.));
#1738 = ORIENTED_EDGE('',*,*,#1739,.F.);
#1739 = EDGE_CURVE('',#1699,#1732,#1740,.T.);
#1740 = LINE('',#1741,#1742);
#1741 = CARTESIAN_POINT('',(0.32,-0.32,8.38));
#1742 = VECTOR('',#1743,1.);
#1743 = DIRECTION('',(0.,1.,0.));
#1744 = PLANE('',#1745);
#1745 = AXIS2_PLACEMENT_3D('',#1746,#1747,#1748);
#1746 = CARTESIAN_POINT('',(0.32,-0.32,-3.));
#1747 = DIRECTION('',(1.,0.,0.));
#1748 = DIRECTION('',(0.,0.,1.));
#1749 = ADVANCED_FACE('',(#1750),#1768,.T.);
#1750 = FACE_BOUND('',#1751,.T.);
#1751 = EDGE_LOOP('',(#1752,#1753,#1754,#1762));
#1752 = ORIENTED_EDGE('',*,*,#1731,.F.);
#1753 = ORIENTED_EDGE('',*,*,#1268,.T.);
#1754 = ORIENTED_EDGE('',*,*,#1755,.T.);
#1755 = EDGE_CURVE('',#1261,#1756,#1758,.T.);
#1756 = VERTEX_POINT('',#1757);
#1757 = CARTESIAN_POINT('',(-0.32,0.32,8.38));
#1758 = LINE('',#1759,#1760);
#1759 = CARTESIAN_POINT('',(-0.32,0.32,-3.));
#1760 = VECTOR('',#1761,1.);
#1761 = DIRECTION('',(0.,0.,1.));
#1762 = ORIENTED_EDGE('',*,*,#1763,.T.);
#1763 = EDGE_CURVE('',#1756,#1732,#1764,.T.);
#1764 = LINE('',#1765,#1766);
#1765 = CARTESIAN_POINT('',(-0.32,0.32,8.38));
#1766 = VECTOR('',#1767,1.);
#1767 = DIRECTION('',(1.,0.,0.));
#1768 = PLANE('',#1769);
#1769 = AXIS2_PLACEMENT_3D('',#1770,#1771,#1772);
#1770 = CARTESIAN_POINT('',(-0.32,0.32,-3.));
#1771 = DIRECTION('',(0.,1.,0.));
#1772 = DIRECTION('',(0.,-0.,1.));
#1773 = ADVANCED_FACE('',(#1774),#1785,.F.);
#1774 = FACE_BOUND('',#1775,.F.);
#1775 = EDGE_LOOP('',(#1776,#1777,#1778,#1779));
#1776 = ORIENTED_EDGE('',*,*,#1707,.F.);
#1777 = ORIENTED_EDGE('',*,*,#1260,.T.);
#1778 = ORIENTED_EDGE('',*,*,#1755,.T.);
#1779 = ORIENTED_EDGE('',*,*,#1780,.F.);
#1780 = EDGE_CURVE('',#1708,#1756,#1781,.T.);
#1781 = LINE('',#1782,#1783);
#1782 = CARTESIAN_POINT('',(-0.32,-0.32,8.38));
#1783 = VECTOR('',#1784,1.);
#1784 = DIRECTION('',(0.,1.,0.));
#1785 = PLANE('',#1786);
#1786 = AXIS2_PLACEMENT_3D('',#1787,#1788,#1789);
#1787 = CARTESIAN_POINT('',(-0.32,-0.32,-3.));
#1788 = DIRECTION('',(1.,0.,0.));
#1789 = DIRECTION('',(0.,0.,1.));
#1790 = ADVANCED_FACE('',(#1791),#1816,.F.);
#1791 = FACE_BOUND('',#1792,.F.);
#1792 = EDGE_LOOP('',(#1793,#1801,#1802,#1810));
#1793 = ORIENTED_EDGE('',*,*,#1794,.F.);
#1794 = EDGE_CURVE('',#1285,#1795,#1797,.T.);
#1795 = VERTEX_POINT('',#1796);
#1796 = CARTESIAN_POINT('',(0.32,-2.86,8.38));
#1797 = LINE('',#1798,#1799);
#1798 = CARTESIAN_POINT('',(0.32,-2.86,-3.));
#1799 = VECTOR('',#1800,1.);
#1800 = DIRECTION('',(0.,0.,1.));
#1801 = ORIENTED_EDGE('',*,*,#1284,.T.);
#1802 = ORIENTED_EDGE('',*,*,#1803,.T.);
#1803 = EDGE_CURVE('',#1287,#1804,#1806,.T.);
#1804 = VERTEX_POINT('',#1805);
#1805 = CARTESIAN_POINT('',(-0.32,-2.86,8.38));
#1806 = LINE('',#1807,#1808);
#1807 = CARTESIAN_POINT('',(-0.32,-2.86,-3.));
#1808 = VECTOR('',#1809,1.);
#1809 = DIRECTION('',(0.,0.,1.));
#1810 = ORIENTED_EDGE('',*,*,#1811,.T.);
#1811 = EDGE_CURVE('',#1804,#1795,#1812,.T.);
#1812 = LINE('',#1813,#1814);
#1813 = CARTESIAN_POINT('',(-0.32,-2.86,8.38));
#1814 = VECTOR('',#1815,1.);
#1815 = DIRECTION('',(1.,0.,0.));
#1816 = PLANE('',#1817);
#1817 = AXIS2_PLACEMENT_3D('',#1818,#1819,#1820);
#1818 = CARTESIAN_POINT('',(-0.32,-2.86,-3.));
#1819 = DIRECTION('',(0.,1.,0.));
#1820 = DIRECTION('',(0.,-0.,1.));
#1821 = ADVANCED_FACE('',(#1822),#1840,.T.);
#1822 = FACE_BOUND('',#1823,.T.);
#1823 = EDGE_LOOP('',(#1824,#1825,#1826,#1834));
#1824 = ORIENTED_EDGE('',*,*,#1794,.F.);
#1825 = ORIENTED_EDGE('',*,*,#1310,.T.);
#1826 = ORIENTED_EDGE('',*,*,#1827,.T.);
#1827 = EDGE_CURVE('',#1303,#1828,#1830,.T.);
#1828 = VERTEX_POINT('',#1829);
#1829 = CARTESIAN_POINT('',(0.32,-2.22,8.38));
#1830 = LINE('',#1831,#1832);
#1831 = CARTESIAN_POINT('',(0.32,-2.22,-3.));
#1832 = VECTOR('',#1833,1.);
#1833 = DIRECTION('',(0.,0.,1.));
#1834 = ORIENTED_EDGE('',*,*,#1835,.F.);
#1835 = EDGE_CURVE('',#1795,#1828,#1836,.T.);
#1836 = LINE('',#1837,#1838);
#1837 = CARTESIAN_POINT('',(0.32,-2.86,8.38));
#1838 = VECTOR('',#1839,1.);
#1839 = DIRECTION('',(0.,1.,0.));
#1840 = PLANE('',#1841);
#1841 = AXIS2_PLACEMENT_3D('',#1842,#1843,#1844);
#1842 = CARTESIAN_POINT('',(0.32,-2.86,-3.));
#1843 = DIRECTION('',(1.,0.,0.));
#1844 = DIRECTION('',(0.,0.,1.));
#1845 = ADVANCED_FACE('',(#1846),#1864,.T.);
#1846 = FACE_BOUND('',#1847,.T.);
#1847 = EDGE_LOOP('',(#1848,#1849,#1850,#1858));
#1848 = ORIENTED_EDGE('',*,*,#1827,.F.);
#1849 = ORIENTED_EDGE('',*,*,#1302,.T.);
#1850 = ORIENTED_EDGE('',*,*,#1851,.T.);
#1851 = EDGE_CURVE('',#1295,#1852,#1854,.T.);
#1852 = VERTEX_POINT('',#1853);
#1853 = CARTESIAN_POINT('',(-0.32,-2.22,8.38));
#1854 = LINE('',#1855,#1856);
#1855 = CARTESIAN_POINT('',(-0.32,-2.22,-3.));
#1856 = VECTOR('',#1857,1.);
#1857 = DIRECTION('',(0.,0.,1.));
#1858 = ORIENTED_EDGE('',*,*,#1859,.T.);
#1859 = EDGE_CURVE('',#1852,#1828,#1860,.T.);
#1860 = LINE('',#1861,#1862);
#1861 = CARTESIAN_POINT('',(-0.32,-2.22,8.38));
#1862 = VECTOR('',#1863,1.);
#1863 = DIRECTION('',(1.,0.,0.));
#1864 = PLANE('',#1865);
#1865 = AXIS2_PLACEMENT_3D('',#1866,#1867,#1868);
#1866 = CARTESIAN_POINT('',(-0.32,-2.22,-3.));
#1867 = DIRECTION('',(0.,1.,0.));
#1868 = DIRECTION('',(0.,-0.,1.));
#1869 = ADVANCED_FACE('',(#1870),#1881,.F.);
#1870 = FACE_BOUND('',#1871,.F.);
#1871 = EDGE_LOOP('',(#1872,#1873,#1874,#1875));
#1872 = ORIENTED_EDGE('',*,*,#1803,.F.);
#1873 = ORIENTED_EDGE('',*,*,#1294,.T.);
#1874 = ORIENTED_EDGE('',*,*,#1851,.T.);
#1875 = ORIENTED_EDGE('',*,*,#1876,.F.);
#1876 = EDGE_CURVE('',#1804,#1852,#1877,.T.);
#1877 = LINE('',#1878,#1879);
#1878 = CARTESIAN_POINT('',(-0.32,-2.86,8.38));
#1879 = VECTOR('',#1880,1.);
#1880 = DIRECTION('',(0.,1.,0.));
#1881 = PLANE('',#1882);
#1882 = AXIS2_PLACEMENT_3D('',#1883,#1884,#1885);
#1883 = CARTESIAN_POINT('',(-0.32,-2.86,-3.));
#1884 = DIRECTION('',(1.,0.,0.));
#1885 = DIRECTION('',(0.,0.,1.));
#1886 = ADVANCED_FACE('',(#1887),#1912,.T.);
#1887 = FACE_BOUND('',#1888,.F.);
#1888 = EDGE_LOOP('',(#1889,#1897,#1898,#1906));
#1889 = ORIENTED_EDGE('',*,*,#1890,.F.);
#1890 = EDGE_CURVE('',#1515,#1891,#1893,.T.);
#1891 = VERTEX_POINT('',#1892);
#1892 = CARTESIAN_POINT('',(-0.16,-0.16,-3.));
#1893 = LINE('',#1894,#1895);
#1894 = CARTESIAN_POINT('',(-0.266666666667,-0.266666666667,
    -2.893333333333));
#1895 = VECTOR('',#1896,1.);
#1896 = DIRECTION('',(0.57735026919,0.57735026919,-0.57735026919));
#1897 = ORIENTED_EDGE('',*,*,#1514,.T.);
#1898 = ORIENTED_EDGE('',*,*,#1899,.T.);
#1899 = EDGE_CURVE('',#1507,#1900,#1902,.T.);
#1900 = VERTEX_POINT('',#1901);
#1901 = CARTESIAN_POINT('',(0.16,-0.16,-3.));
#1902 = LINE('',#1903,#1904);
#1903 = CARTESIAN_POINT('',(0.16,-0.16,-3.));
#1904 = VECTOR('',#1905,1.);
#1905 = DIRECTION('',(-0.57735026919,0.57735026919,-0.57735026919));
#1906 = ORIENTED_EDGE('',*,*,#1907,.F.);
#1907 = EDGE_CURVE('',#1891,#1900,#1908,.T.);
#1908 = LINE('',#1909,#1910);
#1909 = CARTESIAN_POINT('',(-0.32,-0.16,-3.));
#1910 = VECTOR('',#1911,1.);
#1911 = DIRECTION('',(1.,0.,0.));
#1912 = PLANE('',#1913);
#1913 = AXIS2_PLACEMENT_3D('',#1914,#1915,#1916);
#1914 = CARTESIAN_POINT('',(-0.32,-0.24,-2.92));
#1915 = DIRECTION('',(1.735167508357E-18,-0.707106781187,-0.707106781187
    ));
#1916 = DIRECTION('',(-1.,-1.226948711654E-18,-1.226948711654E-18));
#1917 = ADVANCED_FACE('',(#1918),#1936,.F.);
#1918 = FACE_BOUND('',#1919,.F.);
#1919 = EDGE_LOOP('',(#1920,#1921,#1922,#1930));
#1920 = ORIENTED_EDGE('',*,*,#1899,.F.);
#1921 = ORIENTED_EDGE('',*,*,#1538,.T.);
#1922 = ORIENTED_EDGE('',*,*,#1923,.T.);
#1923 = EDGE_CURVE('',#1539,#1924,#1926,.T.);
#1924 = VERTEX_POINT('',#1925);
#1925 = CARTESIAN_POINT('',(0.16,0.16,-3.));
#1926 = LINE('',#1927,#1928);
#1927 = CARTESIAN_POINT('',(5.333333333333E-02,5.333333333333E-02,
    -3.106666666667));
#1928 = VECTOR('',#1929,1.);
#1929 = DIRECTION('',(-0.57735026919,-0.57735026919,-0.57735026919));
#1930 = ORIENTED_EDGE('',*,*,#1931,.F.);
#1931 = EDGE_CURVE('',#1900,#1924,#1932,.T.);
#1932 = LINE('',#1933,#1934);
#1933 = CARTESIAN_POINT('',(0.16,-0.32,-3.));
#1934 = VECTOR('',#1935,1.);
#1935 = DIRECTION('',(0.,1.,0.));
#1936 = PLANE('',#1937);
#1937 = AXIS2_PLACEMENT_3D('',#1938,#1939,#1940);
#1938 = CARTESIAN_POINT('',(0.24,-0.32,-2.92));
#1939 = DIRECTION('',(-0.707106781187,1.735167508357E-18,0.707106781187)
  );
#1940 = DIRECTION('',(1.226948711654E-18,1.,-1.226948711654E-18));
#1941 = ADVANCED_FACE('',(#1942),#1960,.F.);
#1942 = FACE_BOUND('',#1943,.T.);
#1943 = EDGE_LOOP('',(#1944,#1952,#1953,#1954));
#1944 = ORIENTED_EDGE('',*,*,#1945,.F.);
#1945 = EDGE_CURVE('',#1563,#1946,#1948,.T.);
#1946 = VERTEX_POINT('',#1947);
#1947 = CARTESIAN_POINT('',(-0.16,0.16,-3.));
#1948 = LINE('',#1949,#1950);
#1949 = CARTESIAN_POINT('',(-0.16,0.16,-3.));
#1950 = VECTOR('',#1951,1.);
#1951 = DIRECTION('',(0.57735026919,-0.57735026919,-0.57735026919));
#1952 = ORIENTED_EDGE('',*,*,#1562,.T.);
#1953 = ORIENTED_EDGE('',*,*,#1923,.T.);
#1954 = ORIENTED_EDGE('',*,*,#1955,.F.);
#1955 = EDGE_CURVE('',#1946,#1924,#1956,.T.);
#1956 = LINE('',#1957,#1958);
#1957 = CARTESIAN_POINT('',(-0.32,0.16,-3.));
#1958 = VECTOR('',#1959,1.);
#1959 = DIRECTION('',(1.,0.,0.));
#1960 = PLANE('',#1961);
#1961 = AXIS2_PLACEMENT_3D('',#1962,#1963,#1964);
#1962 = CARTESIAN_POINT('',(-0.32,0.24,-2.92));
#1963 = DIRECTION('',(-1.735167508357E-18,-0.707106781187,0.707106781187
    ));
#1964 = DIRECTION('',(-1.,1.226948711654E-18,-1.226948711654E-18));
#1965 = ADVANCED_FACE('',(#1966),#1977,.T.);
#1966 = FACE_BOUND('',#1967,.T.);
#1967 = EDGE_LOOP('',(#1968,#1969,#1970,#1971));
#1968 = ORIENTED_EDGE('',*,*,#1890,.F.);
#1969 = ORIENTED_EDGE('',*,*,#1586,.T.);
#1970 = ORIENTED_EDGE('',*,*,#1945,.T.);
#1971 = ORIENTED_EDGE('',*,*,#1972,.F.);
#1972 = EDGE_CURVE('',#1891,#1946,#1973,.T.);
#1973 = LINE('',#1974,#1975);
#1974 = CARTESIAN_POINT('',(-0.16,-0.32,-3.));
#1975 = VECTOR('',#1976,1.);
#1976 = DIRECTION('',(0.,1.,0.));
#1977 = PLANE('',#1978);
#1978 = AXIS2_PLACEMENT_3D('',#1979,#1980,#1981);
#1979 = CARTESIAN_POINT('',(-0.24,-0.32,-2.92));
#1980 = DIRECTION('',(-0.707106781187,-1.735167508357E-18,
    -0.707106781187));
#1981 = DIRECTION('',(-1.226948711654E-18,1.,-1.226948711654E-18));
#1982 = ADVANCED_FACE('',(#1983),#2008,.T.);
#1983 = FACE_BOUND('',#1984,.F.);
#1984 = EDGE_LOOP('',(#1985,#1993,#1994,#2002));
#1985 = ORIENTED_EDGE('',*,*,#1986,.F.);
#1986 = EDGE_CURVE('',#1611,#1987,#1989,.T.);
#1987 = VERTEX_POINT('',#1988);
#1988 = CARTESIAN_POINT('',(-0.16,-2.7,-3.));
#1989 = LINE('',#1990,#1991);
#1990 = CARTESIAN_POINT('',(-0.266666666667,-2.806666666667,
    -2.893333333333));
#1991 = VECTOR('',#1992,1.);
#1992 = DIRECTION('',(0.57735026919,0.57735026919,-0.57735026919));
#1993 = ORIENTED_EDGE('',*,*,#1610,.T.);
#1994 = ORIENTED_EDGE('',*,*,#1995,.T.);
#1995 = EDGE_CURVE('',#1603,#1996,#1998,.T.);
#1996 = VERTEX_POINT('',#1997);
#1997 = CARTESIAN_POINT('',(0.16,-2.7,-3.));
#1998 = LINE('',#1999,#2000);
#1999 = CARTESIAN_POINT('',(0.16,-2.7,-3.));
#2000 = VECTOR('',#2001,1.);
#2001 = DIRECTION('',(-0.57735026919,0.57735026919,-0.57735026919));
#2002 = ORIENTED_EDGE('',*,*,#2003,.F.);
#2003 = EDGE_CURVE('',#1987,#1996,#2004,.T.);
#2004 = LINE('',#2005,#2006);
#2005 = CARTESIAN_POINT('',(-0.32,-2.7,-3.));
#2006 = VECTOR('',#2007,1.);
#2007 = DIRECTION('',(1.,0.,0.));
#2008 = PLANE('',#2009);
#2009 = AXIS2_PLACEMENT_3D('',#2010,#2011,#2012);
#2010 = CARTESIAN_POINT('',(-0.32,-2.78,-2.92));
#2011 = DIRECTION('',(1.735167508357E-18,-0.707106781187,-0.707106781187
    ));
#2012 = DIRECTION('',(-1.,-1.226948711654E-18,-1.226948711654E-18));
#2013 = ADVANCED_FACE('',(#2014),#2032,.F.);
#2014 = FACE_BOUND('',#2015,.F.);
#2015 = EDGE_LOOP('',(#2016,#2017,#2018,#2026));
#2016 = ORIENTED_EDGE('',*,*,#1995,.F.);
#2017 = ORIENTED_EDGE('',*,*,#1634,.T.);
#2018 = ORIENTED_EDGE('',*,*,#2019,.T.);
#2019 = EDGE_CURVE('',#1635,#2020,#2022,.T.);
#2020 = VERTEX_POINT('',#2021);
#2021 = CARTESIAN_POINT('',(0.16,-2.38,-3.));
#2022 = LINE('',#2023,#2024);
#2023 = CARTESIAN_POINT('',(5.333333333333E-02,-2.486666666667,
    -3.106666666667));
#2024 = VECTOR('',#2025,1.);
#2025 = DIRECTION('',(-0.57735026919,-0.57735026919,-0.57735026919));
#2026 = ORIENTED_EDGE('',*,*,#2027,.F.);
#2027 = EDGE_CURVE('',#1996,#2020,#2028,.T.);
#2028 = LINE('',#2029,#2030);
#2029 = CARTESIAN_POINT('',(0.16,-2.86,-3.));
#2030 = VECTOR('',#2031,1.);
#2031 = DIRECTION('',(0.,1.,0.));
#2032 = PLANE('',#2033);
#2033 = AXIS2_PLACEMENT_3D('',#2034,#2035,#2036);
#2034 = CARTESIAN_POINT('',(0.24,-2.86,-2.92));
#2035 = DIRECTION('',(-0.707106781187,1.735167508357E-18,0.707106781187)
  );
#2036 = DIRECTION('',(1.226948711654E-18,1.,-1.226948711654E-18));
#2037 = ADVANCED_FACE('',(#2038),#2056,.F.);
#2038 = FACE_BOUND('',#2039,.T.);
#2039 = EDGE_LOOP('',(#2040,#2048,#2049,#2050));
#2040 = ORIENTED_EDGE('',*,*,#2041,.F.);
#2041 = EDGE_CURVE('',#1659,#2042,#2044,.T.);
#2042 = VERTEX_POINT('',#2043);
#2043 = CARTESIAN_POINT('',(-0.16,-2.38,-3.));
#2044 = LINE('',#2045,#2046);
#2045 = CARTESIAN_POINT('',(-0.16,-2.38,-3.));
#2046 = VECTOR('',#2047,1.);
#2047 = DIRECTION('',(0.57735026919,-0.57735026919,-0.57735026919));
#2048 = ORIENTED_EDGE('',*,*,#1658,.T.);
#2049 = ORIENTED_EDGE('',*,*,#2019,.T.);
#2050 = ORIENTED_EDGE('',*,*,#2051,.F.);
#2051 = EDGE_CURVE('',#2042,#2020,#2052,.T.);
#2052 = LINE('',#2053,#2054);
#2053 = CARTESIAN_POINT('',(-0.32,-2.38,-3.));
#2054 = VECTOR('',#2055,1.);
#2055 = DIRECTION('',(1.,0.,0.));
#2056 = PLANE('',#2057);
#2057 = AXIS2_PLACEMENT_3D('',#2058,#2059,#2060);
#2058 = CARTESIAN_POINT('',(-0.32,-2.3,-2.92));
#2059 = DIRECTION('',(-1.735167508357E-18,-0.707106781187,0.707106781187
    ));
#2060 = DIRECTION('',(-1.,1.226948711654E-18,-1.226948711654E-18));
#2061 = ADVANCED_FACE('',(#2062),#2073,.T.);
#2062 = FACE_BOUND('',#2063,.T.);
#2063 = EDGE_LOOP('',(#2064,#2065,#2066,#2067));
#2064 = ORIENTED_EDGE('',*,*,#1986,.F.);
#2065 = ORIENTED_EDGE('',*,*,#1682,.T.);
#2066 = ORIENTED_EDGE('',*,*,#2041,.T.);
#2067 = ORIENTED_EDGE('',*,*,#2068,.F.);
#2068 = EDGE_CURVE('',#1987,#2042,#2069,.T.);
#2069 = LINE('',#2070,#2071);
#2070 = CARTESIAN_POINT('',(-0.16,-2.86,-3.));
#2071 = VECTOR('',#2072,1.);
#2072 = DIRECTION('',(0.,1.,0.));
#2073 = PLANE('',#2074);
#2074 = AXIS2_PLACEMENT_3D('',#2075,#2076,#2077);
#2075 = CARTESIAN_POINT('',(-0.24,-2.86,-2.92));
#2076 = DIRECTION('',(-0.707106781187,-1.735167508357E-18,
    -0.707106781187));
#2077 = DIRECTION('',(-1.226948711654E-18,1.,-1.226948711654E-18));
#2078 = ADVANCED_FACE('',(#2079),#2104,.F.);
#2079 = FACE_BOUND('',#2080,.T.);
#2080 = EDGE_LOOP('',(#2081,#2089,#2090,#2098));
#2081 = ORIENTED_EDGE('',*,*,#2082,.F.);
#2082 = EDGE_CURVE('',#1708,#2083,#2085,.T.);
#2083 = VERTEX_POINT('',#2084);
#2084 = CARTESIAN_POINT('',(-0.16,-0.16,8.54));
#2085 = LINE('',#2086,#2087);
#2086 = CARTESIAN_POINT('',(-0.266666666667,-0.266666666667,
    8.433333333333));
#2087 = VECTOR('',#2088,1.);
#2088 = DIRECTION('',(0.57735026919,0.57735026919,0.57735026919));
#2089 = ORIENTED_EDGE('',*,*,#1715,.T.);
#2090 = ORIENTED_EDGE('',*,*,#2091,.T.);
#2091 = EDGE_CURVE('',#1699,#2092,#2094,.T.);
#2092 = VERTEX_POINT('',#2093);
#2093 = CARTESIAN_POINT('',(0.16,-0.16,8.54));
#2094 = LINE('',#2095,#2096);
#2095 = CARTESIAN_POINT('',(0.16,-0.16,8.54));
#2096 = VECTOR('',#2097,1.);
#2097 = DIRECTION('',(-0.57735026919,0.57735026919,0.57735026919));
#2098 = ORIENTED_EDGE('',*,*,#2099,.F.);
#2099 = EDGE_CURVE('',#2083,#2092,#2100,.T.);
#2100 = LINE('',#2101,#2102);
#2101 = CARTESIAN_POINT('',(-0.32,-0.16,8.54));
#2102 = VECTOR('',#2103,1.);
#2103 = DIRECTION('',(1.,0.,0.));
#2104 = PLANE('',#2105);
#2105 = AXIS2_PLACEMENT_3D('',#2106,#2107,#2108);
#2106 = CARTESIAN_POINT('',(-0.32,-0.24,8.46));
#2107 = DIRECTION('',(-1.735167508357E-18,0.707106781187,-0.707106781187
    ));
#2108 = DIRECTION('',(-1.,-1.226948711654E-18,1.226948711654E-18));
#2109 = ADVANCED_FACE('',(#2110),#2128,.T.);
#2110 = FACE_BOUND('',#2111,.T.);
#2111 = EDGE_LOOP('',(#2112,#2113,#2114,#2122));
#2112 = ORIENTED_EDGE('',*,*,#2091,.F.);
#2113 = ORIENTED_EDGE('',*,*,#1739,.T.);
#2114 = ORIENTED_EDGE('',*,*,#2115,.T.);
#2115 = EDGE_CURVE('',#1732,#2116,#2118,.T.);
#2116 = VERTEX_POINT('',#2117);
#2117 = CARTESIAN_POINT('',(0.16,0.16,8.54));
#2118 = LINE('',#2119,#2120);
#2119 = CARTESIAN_POINT('',(5.333333333333E-02,5.333333333333E-02,
    8.646666666667));
#2120 = VECTOR('',#2121,1.);
#2121 = DIRECTION('',(-0.57735026919,-0.57735026919,0.57735026919));
#2122 = ORIENTED_EDGE('',*,*,#2123,.F.);
#2123 = EDGE_CURVE('',#2092,#2116,#2124,.T.);
#2124 = LINE('',#2125,#2126);
#2125 = CARTESIAN_POINT('',(0.16,-0.32,8.54));
#2126 = VECTOR('',#2127,1.);
#2127 = DIRECTION('',(0.,1.,0.));
#2128 = PLANE('',#2129);
#2129 = AXIS2_PLACEMENT_3D('',#2130,#2131,#2132);
#2130 = CARTESIAN_POINT('',(0.24,-0.32,8.46));
#2131 = DIRECTION('',(0.707106781187,-1.735167508357E-18,0.707106781187)
  );
#2132 = DIRECTION('',(1.226948711654E-18,1.,1.226948711654E-18));
#2133 = ADVANCED_FACE('',(#2134),#2152,.T.);
#2134 = FACE_BOUND('',#2135,.F.);
#2135 = EDGE_LOOP('',(#2136,#2144,#2145,#2146));
#2136 = ORIENTED_EDGE('',*,*,#2137,.F.);
#2137 = EDGE_CURVE('',#1756,#2138,#2140,.T.);
#2138 = VERTEX_POINT('',#2139);
#2139 = CARTESIAN_POINT('',(-0.16,0.16,8.54));
#2140 = LINE('',#2141,#2142);
#2141 = CARTESIAN_POINT('',(-0.16,0.16,8.54));
#2142 = VECTOR('',#2143,1.);
#2143 = DIRECTION('',(0.57735026919,-0.57735026919,0.57735026919));
#2144 = ORIENTED_EDGE('',*,*,#1763,.T.);
#2145 = ORIENTED_EDGE('',*,*,#2115,.T.);
#2146 = ORIENTED_EDGE('',*,*,#2147,.F.);
#2147 = EDGE_CURVE('',#2138,#2116,#2148,.T.);
#2148 = LINE('',#2149,#2150);
#2149 = CARTESIAN_POINT('',(-0.32,0.16,8.54));
#2150 = VECTOR('',#2151,1.);
#2151 = DIRECTION('',(1.,0.,0.));
#2152 = PLANE('',#2153);
#2153 = AXIS2_PLACEMENT_3D('',#2154,#2155,#2156);
#2154 = CARTESIAN_POINT('',(-0.32,0.24,8.46));
#2155 = DIRECTION('',(1.735167508357E-18,0.707106781187,0.707106781187)
  );
#2156 = DIRECTION('',(-1.,1.226948711654E-18,1.226948711654E-18));
#2157 = ADVANCED_FACE('',(#2158),#2169,.F.);
#2158 = FACE_BOUND('',#2159,.F.);
#2159 = EDGE_LOOP('',(#2160,#2161,#2162,#2163));
#2160 = ORIENTED_EDGE('',*,*,#2082,.F.);
#2161 = ORIENTED_EDGE('',*,*,#1780,.T.);
#2162 = ORIENTED_EDGE('',*,*,#2137,.T.);
#2163 = ORIENTED_EDGE('',*,*,#2164,.F.);
#2164 = EDGE_CURVE('',#2083,#2138,#2165,.T.);
#2165 = LINE('',#2166,#2167);
#2166 = CARTESIAN_POINT('',(-0.16,-0.32,8.54));
#2167 = VECTOR('',#2168,1.);
#2168 = DIRECTION('',(0.,1.,0.));
#2169 = PLANE('',#2170);
#2170 = AXIS2_PLACEMENT_3D('',#2171,#2172,#2173);
#2171 = CARTESIAN_POINT('',(-0.24,-0.32,8.46));
#2172 = DIRECTION('',(0.707106781187,1.735167508357E-18,-0.707106781187)
  );
#2173 = DIRECTION('',(-1.226948711654E-18,1.,1.226948711654E-18));
#2174 = ADVANCED_FACE('',(#2175),#2200,.F.);
#2175 = FACE_BOUND('',#2176,.T.);
#2176 = EDGE_LOOP('',(#2177,#2185,#2186,#2194));
#2177 = ORIENTED_EDGE('',*,*,#2178,.F.);
#2178 = EDGE_CURVE('',#1804,#2179,#2181,.T.);
#2179 = VERTEX_POINT('',#2180);
#2180 = CARTESIAN_POINT('',(-0.16,-2.7,8.54));
#2181 = LINE('',#2182,#2183);
#2182 = CARTESIAN_POINT('',(-0.266666666667,-2.806666666667,
    8.433333333333));
#2183 = VECTOR('',#2184,1.);
#2184 = DIRECTION('',(0.57735026919,0.57735026919,0.57735026919));
#2185 = ORIENTED_EDGE('',*,*,#1811,.T.);
#2186 = ORIENTED_EDGE('',*,*,#2187,.T.);
#2187 = EDGE_CURVE('',#1795,#2188,#2190,.T.);
#2188 = VERTEX_POINT('',#2189);
#2189 = CARTESIAN_POINT('',(0.16,-2.7,8.54));
#2190 = LINE('',#2191,#2192);
#2191 = CARTESIAN_POINT('',(0.16,-2.7,8.54));
#2192 = VECTOR('',#2193,1.);
#2193 = DIRECTION('',(-0.57735026919,0.57735026919,0.57735026919));
#2194 = ORIENTED_EDGE('',*,*,#2195,.F.);
#2195 = EDGE_CURVE('',#2179,#2188,#2196,.T.);
#2196 = LINE('',#2197,#2198);
#2197 = CARTESIAN_POINT('',(-0.32,-2.7,8.54));
#2198 = VECTOR('',#2199,1.);
#2199 = DIRECTION('',(1.,0.,0.));
#2200 = PLANE('',#2201);
#2201 = AXIS2_PLACEMENT_3D('',#2202,#2203,#2204);
#2202 = CARTESIAN_POINT('',(-0.32,-2.78,8.46));
#2203 = DIRECTION('',(-1.735167508357E-18,0.707106781187,-0.707106781187
    ));
#2204 = DIRECTION('',(-1.,-1.226948711654E-18,1.226948711654E-18));
#2205 = ADVANCED_FACE('',(#2206),#2224,.T.);
#2206 = FACE_BOUND('',#2207,.T.);
#2207 = EDGE_LOOP('',(#2208,#2209,#2210,#2218));
#2208 = ORIENTED_EDGE('',*,*,#2187,.F.);
#2209 = ORIENTED_EDGE('',*,*,#1835,.T.);
#2210 = ORIENTED_EDGE('',*,*,#2211,.T.);
#2211 = EDGE_CURVE('',#1828,#2212,#2214,.T.);
#2212 = VERTEX_POINT('',#2213);
#2213 = CARTESIAN_POINT('',(0.16,-2.38,8.54));
#2214 = LINE('',#2215,#2216);
#2215 = CARTESIAN_POINT('',(5.333333333333E-02,-2.486666666667,
    8.646666666667));
#2216 = VECTOR('',#2217,1.);
#2217 = DIRECTION('',(-0.57735026919,-0.57735026919,0.57735026919));
#2218 = ORIENTED_EDGE('',*,*,#2219,.F.);
#2219 = EDGE_CURVE('',#2188,#2212,#2220,.T.);
#2220 = LINE('',#2221,#2222);
#2221 = CARTESIAN_POINT('',(0.16,-2.86,8.54));
#2222 = VECTOR('',#2223,1.);
#2223 = DIRECTION('',(0.,1.,0.));
#2224 = PLANE('',#2225);
#2225 = AXIS2_PLACEMENT_3D('',#2226,#2227,#2228);
#2226 = CARTESIAN_POINT('',(0.24,-2.86,8.46));
#2227 = DIRECTION('',(0.707106781187,-1.735167508357E-18,0.707106781187)
  );
#2228 = DIRECTION('',(1.226948711654E-18,1.,1.226948711654E-18));
#2229 = ADVANCED_FACE('',(#2230),#2248,.T.);
#2230 = FACE_BOUND('',#2231,.F.);
#2231 = EDGE_LOOP('',(#2232,#2240,#2241,#2242));
#2232 = ORIENTED_EDGE('',*,*,#2233,.F.);
#2233 = EDGE_CURVE('',#1852,#2234,#2236,.T.);
#2234 = VERTEX_POINT('',#2235);
#2235 = CARTESIAN_POINT('',(-0.16,-2.38,8.54));
#2236 = LINE('',#2237,#2238);
#2237 = CARTESIAN_POINT('',(-0.16,-2.38,8.54));
#2238 = VECTOR('',#2239,1.);
#2239 = DIRECTION('',(0.57735026919,-0.57735026919,0.57735026919));
#2240 = ORIENTED_EDGE('',*,*,#1859,.T.);
#2241 = ORIENTED_EDGE('',*,*,#2211,.T.);
#2242 = ORIENTED_EDGE('',*,*,#2243,.F.);
#2243 = EDGE_CURVE('',#2234,#2212,#2244,.T.);
#2244 = LINE('',#2245,#2246);
#2245 = CARTESIAN_POINT('',(-0.32,-2.38,8.54));
#2246 = VECTOR('',#2247,1.);
#2247 = DIRECTION('',(1.,0.,0.));
#2248 = PLANE('',#2249);
#2249 = AXIS2_PLACEMENT_3D('',#2250,#2251,#2252);
#2250 = CARTESIAN_POINT('',(-0.32,-2.3,8.46));
#2251 = DIRECTION('',(1.735167508357E-18,0.707106781187,0.707106781187)
  );
#2252 = DIRECTION('',(-1.,1.226948711654E-18,1.226948711654E-18));
#2253 = ADVANCED_FACE('',(#2254),#2265,.F.);
#2254 = FACE_BOUND('',#2255,.F.);
#2255 = EDGE_LOOP('',(#2256,#2257,#2258,#2259));
#2256 = ORIENTED_EDGE('',*,*,#2178,.F.);
#2257 = ORIENTED_EDGE('',*,*,#1876,.T.);
#2258 = ORIENTED_EDGE('',*,*,#2233,.T.);
#2259 = ORIENTED_EDGE('',*,*,#2260,.F.);
#2260 = EDGE_CURVE('',#2179,#2234,#2261,.T.);
#2261 = LINE('',#2262,#2263);
#2262 = CARTESIAN_POINT('',(-0.16,-2.86,8.54));
#2263 = VECTOR('',#2264,1.);
#2264 = DIRECTION('',(0.,1.,0.));
#2265 = PLANE('',#2266);
#2266 = AXIS2_PLACEMENT_3D('',#2267,#2268,#2269);
#2267 = CARTESIAN_POINT('',(-0.24,-2.86,8.46));
#2268 = DIRECTION('',(0.707106781187,1.735167508357E-18,-0.707106781187)
  );
#2269 = DIRECTION('',(-1.226948711654E-18,1.,1.226948711654E-18));
#2270 = ADVANCED_FACE('',(#2271),#2277,.F.);
#2271 = FACE_BOUND('',#2272,.F.);
#2272 = EDGE_LOOP('',(#2273,#2274,#2275,#2276));
#2273 = ORIENTED_EDGE('',*,*,#1972,.F.);
#2274 = ORIENTED_EDGE('',*,*,#1907,.T.);
#2275 = ORIENTED_EDGE('',*,*,#1931,.T.);
#2276 = ORIENTED_EDGE('',*,*,#1955,.F.);
#2277 = PLANE('',#2278);
#2278 = AXIS2_PLACEMENT_3D('',#2279,#2280,#2281);
#2279 = CARTESIAN_POINT('',(-0.32,-0.32,-3.));
#2280 = DIRECTION('',(0.,0.,1.));
#2281 = DIRECTION('',(1.,0.,-0.));
#2282 = ADVANCED_FACE('',(#2283),#2289,.F.);
#2283 = FACE_BOUND('',#2284,.F.);
#2284 = EDGE_LOOP('',(#2285,#2286,#2287,#2288));
#2285 = ORIENTED_EDGE('',*,*,#2068,.F.);
#2286 = ORIENTED_EDGE('',*,*,#2003,.T.);
#2287 = ORIENTED_EDGE('',*,*,#2027,.T.);
#2288 = ORIENTED_EDGE('',*,*,#2051,.F.);
#2289 = PLANE('',#2290);
#2290 = AXIS2_PLACEMENT_3D('',#2291,#2292,#2293);
#2291 = CARTESIAN_POINT('',(-0.32,-2.86,-3.));
#2292 = DIRECTION('',(0.,0.,1.));
#2293 = DIRECTION('',(1.,0.,-0.));
#2294 = ADVANCED_FACE('',(#2295),#2301,.T.);
#2295 = FACE_BOUND('',#2296,.T.);
#2296 = EDGE_LOOP('',(#2297,#2298,#2299,#2300));
#2297 = ORIENTED_EDGE('',*,*,#2147,.F.);
#2298 = ORIENTED_EDGE('',*,*,#2164,.F.);
#2299 = ORIENTED_EDGE('',*,*,#2099,.T.);
#2300 = ORIENTED_EDGE('',*,*,#2123,.T.);
#2301 = PLANE('',#2302);
#2302 = AXIS2_PLACEMENT_3D('',#2303,#2304,#2305);
#2303 = CARTESIAN_POINT('',(-0.32,-0.32,8.54));
#2304 = DIRECTION('',(0.,0.,1.));
#2305 = DIRECTION('',(1.,0.,-0.));
#2306 = ADVANCED_FACE('',(#2307),#2313,.T.);
#2307 = FACE_BOUND('',#2308,.T.);
#2308 = EDGE_LOOP('',(#2309,#2310,#2311,#2312));
#2309 = ORIENTED_EDGE('',*,*,#2243,.F.);
#2310 = ORIENTED_EDGE('',*,*,#2260,.F.);
#2311 = ORIENTED_EDGE('',*,*,#2195,.T.);
#2312 = ORIENTED_EDGE('',*,*,#2219,.T.);
#2313 = PLANE('',#2314);
#2314 = AXIS2_PLACEMENT_3D('',#2315,#2316,#2317);
#2315 = CARTESIAN_POINT('',(-0.32,-2.86,8.54));
#2316 = DIRECTION('',(0.,0.,1.));
#2317 = DIRECTION('',(1.,0.,-0.));
#2318 = ( GEOMETRIC_REPRESENTATION_CONTEXT(3) 
GLOBAL_UNCERTAINTY_ASSIGNED_CONTEXT((#2322)) 
GLOBAL_UNIT_ASSIGNED_CONTEXT((#2319,#2320,#2321)) REPRESENTATION_CONTEXT
('Context #1','3D Context with UNIT and UNCERTAINTY') );
#2319 = ( LENGTH_UNIT() NAMED_UNIT(*) SI_UNIT(.MILLI.,.METRE.) );
#2320 = ( NAMED_UNIT(*) PLANE_ANGLE_UNIT() SI_UNIT($,.RADIAN.) );
#2321 = ( NAMED_UNIT(*) SI_UNIT($,.STERADIAN.) SOLID_ANGLE_UNIT() );
#2322 = UNCERTAINTY_MEASURE_WITH_UNIT(LENGTH_MEASURE(1.E-07),#2319,
  'distance_accuracy_value','confusion accuracy');
#2323 = CONTEXT_DEPENDENT_SHAPE_REPRESENTATION(#2324,#2326);
#2324 = ( REPRESENTATION_RELATIONSHIP('','',#885,#10) 
REPRESENTATION_RELATIONSHIP_WITH_TRANSFORMATION(#2325) 
SHAPE_REPRESENTATION_RELATIONSHIP() );
#2325 = ITEM_DEFINED_TRANSFORMATION('','',#11,#27);
#2326 = PRODUCT_DEFINITION_SHAPE('Placement','Placement of an item',
  #2327);
#2327 = NEXT_ASSEMBLY_USAGE_OCCURRENCE('4','J3','',#5,#880,$);
#2328 = PRODUCT_RELATED_PRODUCT_CATEGORY('part',$,(#882));
#2329 = CONTEXT_DEPENDENT_SHAPE_REPRESENTATION(#2330,#2332);
#2330 = ( REPRESENTATION_RELATIONSHIP('','',#885,#10) 
REPRESENTATION_RELATIONSHIP_WITH_TRANSFORMATION(#2331) 
SHAPE_REPRESENTATION_RELATIONSHIP() );
#2331 = ITEM_DEFINED_TRANSFORMATION('','',#11,#31);
#2332 = PRODUCT_DEFINITION_SHAPE('Placement','Placement of an item',
  #2333);
#2333 = NEXT_ASSEMBLY_USAGE_OCCURRENCE('5','J1','',#5,#880,$);
#2334 = SHAPE_DEFINITION_REPRESENTATION(#2335,#2341);
#2335 = PRODUCT_DEFINITION_SHAPE('','',#2336);
#2336 = PRODUCT_DEFINITION('design','',#2337,#2340);
#2337 = PRODUCT_DEFINITION_FORMATION('','',#2338);
#2338 = PRODUCT('S_XIAO_PCB','S_XIAO_PCB','',(#2339));
#2339 = PRODUCT_CONTEXT('',#2,'mechanical');
#2340 = PRODUCT_DEFINITION_CONTEXT('part definition',#2,'design');
#2341 = ADVANCED_BREP_SHAPE_REPRESENTATION('',(#11,#2342),#3606);
#2342 = MANIFOLD_SOLID_BREP('',#2343);
#2343 = CLOSED_SHELL('',(#2344,#2386,#2417,#2448,#2766,#3084,#3101,#3118
    ,#3135,#3152,#3169,#3186,#3203,#3220,#3237,#3254,#3271,#3288,#3300,
    #3317,#3334,#3351,#3368,#3385,#3402,#3419,#3436,#3453,#3470,#3487,
    #3504,#3521,#3538,#3555,#3572,#3589));
#2344 = ADVANCED_FACE('',(#2345),#2381,.T.);
#2345 = FACE_BOUND('',#2346,.T.);
#2346 = EDGE_LOOP('',(#2347,#2357,#2366,#2374));
#2347 = ORIENTED_EDGE('',*,*,#2348,.T.);
#2348 = EDGE_CURVE('',#2349,#2351,#2353,.T.);
#2349 = VERTEX_POINT('',#2350);
#2350 = CARTESIAN_POINT('',(36.639892,-19.35991,0.));
#2351 = VERTEX_POINT('',#2352);
#2352 = CARTESIAN_POINT('',(36.639892,-19.35991,0.71));
#2353 = LINE('',#2354,#2355);
#2354 = CARTESIAN_POINT('',(36.639892,-19.35991,0.));
#2355 = VECTOR('',#2356,1.);
#2356 = DIRECTION('',(0.,0.,1.));
#2357 = ORIENTED_EDGE('',*,*,#2358,.T.);
#2358 = EDGE_CURVE('',#2351,#2359,#2361,.T.);
#2359 = VERTEX_POINT('',#2360);
#2360 = CARTESIAN_POINT('',(39.639892,-22.35991,0.71));
#2361 = CIRCLE('',#2362,3.000086532586);
#2362 = AXIS2_PLACEMENT_3D('',#2363,#2364,#2365);
#2363 = CARTESIAN_POINT('',(36.639805468662,-22.35999653133,0.71));
#2364 = DIRECTION('',(0.,0.,-1.));
#2365 = DIRECTION('',(2.884294730559E-05,0.999999999584,0.));
#2366 = ORIENTED_EDGE('',*,*,#2367,.F.);
#2367 = EDGE_CURVE('',#2368,#2359,#2370,.T.);
#2368 = VERTEX_POINT('',#2369);
#2369 = CARTESIAN_POINT('',(39.639892,-22.35991,0.));
#2370 = LINE('',#2371,#2372);
#2371 = CARTESIAN_POINT('',(39.639892,-22.35991,0.));
#2372 = VECTOR('',#2373,1.);
#2373 = DIRECTION('',(0.,0.,1.));
#2374 = ORIENTED_EDGE('',*,*,#2375,.F.);
#2375 = EDGE_CURVE('',#2349,#2368,#2376,.T.);
#2376 = CIRCLE('',#2377,3.000086532586);
#2377 = AXIS2_PLACEMENT_3D('',#2378,#2379,#2380);
#2378 = CARTESIAN_POINT('',(36.639805468662,-22.35999653133,0.));
#2379 = DIRECTION('',(0.,0.,-1.));
#2380 = DIRECTION('',(2.884294730559E-05,0.999999999584,0.));
#2381 = CYLINDRICAL_SURFACE('',#2382,3.000086532586);
#2382 = AXIS2_PLACEMENT_3D('',#2383,#2384,#2385);
#2383 = CARTESIAN_POINT('',(36.639805468662,-22.35999653133,0.));
#2384 = DIRECTION('',(0.,0.,-1.));
#2385 = DIRECTION('',(2.884294730559E-05,0.999999999584,0.));
#2386 = ADVANCED_FACE('',(#2387),#2412,.T.);
#2387 = FACE_BOUND('',#2388,.T.);
#2388 = EDGE_LOOP('',(#2389,#2399,#2405,#2406));
#2389 = ORIENTED_EDGE('',*,*,#2390,.T.);
#2390 = EDGE_CURVE('',#2391,#2393,#2395,.T.);
#2391 = VERTEX_POINT('',#2392);
#2392 = CARTESIAN_POINT('',(22.639892,-19.35991,0.));
#2393 = VERTEX_POINT('',#2394);
#2394 = CARTESIAN_POINT('',(22.639892,-19.35991,0.71));
#2395 = LINE('',#2396,#2397);
#2396 = CARTESIAN_POINT('',(22.639892,-19.35991,0.));
#2397 = VECTOR('',#2398,1.);
#2398 = DIRECTION('',(0.,0.,1.));
#2399 = ORIENTED_EDGE('',*,*,#2400,.T.);
#2400 = EDGE_CURVE('',#2393,#2351,#2401,.T.);
#2401 = LINE('',#2402,#2403);
#2402 = CARTESIAN_POINT('',(22.639892,-19.35991,0.71));
#2403 = VECTOR('',#2404,1.);
#2404 = DIRECTION('',(1.,0.,0.));
#2405 = ORIENTED_EDGE('',*,*,#2348,.F.);
#2406 = ORIENTED_EDGE('',*,*,#2407,.F.);
#2407 = EDGE_CURVE('',#2391,#2349,#2408,.T.);
#2408 = LINE('',#2409,#2410);
#2409 = CARTESIAN_POINT('',(22.639892,-19.35991,0.));
#2410 = VECTOR('',#2411,1.);
#2411 = DIRECTION('',(1.,0.,0.));
#2412 = PLANE('',#2413);
#2413 = AXIS2_PLACEMENT_3D('',#2414,#2415,#2416);
#2414 = CARTESIAN_POINT('',(22.639892,-19.35991,0.));
#2415 = DIRECTION('',(0.,1.,0.));
#2416 = DIRECTION('',(1.,0.,0.));
#2417 = ADVANCED_FACE('',(#2418),#2443,.T.);
#2418 = FACE_BOUND('',#2419,.T.);
#2419 = EDGE_LOOP('',(#2420,#2421,#2429,#2437));
#2420 = ORIENTED_EDGE('',*,*,#2367,.T.);
#2421 = ORIENTED_EDGE('',*,*,#2422,.T.);
#2422 = EDGE_CURVE('',#2359,#2423,#2425,.T.);
#2423 = VERTEX_POINT('',#2424);
#2424 = CARTESIAN_POINT('',(39.639892,-36.85991,0.71));
#2425 = LINE('',#2426,#2427);
#2426 = CARTESIAN_POINT('',(39.639892,-22.35991,0.71));
#2427 = VECTOR('',#2428,1.);
#2428 = DIRECTION('',(0.,-1.,0.));
#2429 = ORIENTED_EDGE('',*,*,#2430,.F.);
#2430 = EDGE_CURVE('',#2431,#2423,#2433,.T.);
#2431 = VERTEX_POINT('',#2432);
#2432 = CARTESIAN_POINT('',(39.639892,-36.85991,0.));
#2433 = LINE('',#2434,#2435);
#2434 = CARTESIAN_POINT('',(39.639892,-36.85991,0.));
#2435 = VECTOR('',#2436,1.);
#2436 = DIRECTION('',(0.,0.,1.));
#2437 = ORIENTED_EDGE('',*,*,#2438,.F.);
#2438 = EDGE_CURVE('',#2368,#2431,#2439,.T.);
#2439 = LINE('',#2440,#2441);
#2440 = CARTESIAN_POINT('',(39.639892,-22.35991,0.));
#2441 = VECTOR('',#2442,1.);
#2442 = DIRECTION('',(0.,-1.,0.));
#2443 = PLANE('',#2444);
#2444 = AXIS2_PLACEMENT_3D('',#2445,#2446,#2447);
#2445 = CARTESIAN_POINT('',(39.639892,-22.35991,0.));
#2446 = DIRECTION('',(1.,0.,-0.));
#2447 = DIRECTION('',(0.,-1.,0.));
#2448 = ADVANCED_FACE('',(#2449,#2563,#2574,#2585,#2596,#2607,#2618,
    #2629,#2640,#2651,#2662,#2673,#2684,#2695,#2706,#2717,#2728,#2739,
    #2750),#2761,.F.);
#2449 = FACE_BOUND('',#2450,.F.);
#2450 = EDGE_LOOP('',(#2451,#2452,#2453,#2462,#2470,#2479,#2487,#2496,
    #2504,#2513,#2521,#2530,#2538,#2547,#2555,#2562));
#2451 = ORIENTED_EDGE('',*,*,#2375,.F.);
#2452 = ORIENTED_EDGE('',*,*,#2407,.F.);
#2453 = ORIENTED_EDGE('',*,*,#2454,.F.);
#2454 = EDGE_CURVE('',#2455,#2391,#2457,.T.);
#2455 = VERTEX_POINT('',#2456);
#2456 = CARTESIAN_POINT('',(19.639892,-22.35991,0.));
#2457 = CIRCLE('',#2458,2.999967031469);
#2458 = AXIS2_PLACEMENT_3D('',#2459,#2460,#2461);
#2459 = CARTESIAN_POINT('',(22.639859031288,-22.35987703128,0.));
#2460 = DIRECTION('',(0.,0.,-1.));
#2461 = DIRECTION('',(-0.99999999994,-1.09896915311E-05,-0.));
#2462 = ORIENTED_EDGE('',*,*,#2463,.F.);
#2463 = EDGE_CURVE('',#2464,#2455,#2466,.T.);
#2464 = VERTEX_POINT('',#2465);
#2465 = CARTESIAN_POINT('',(19.639892,-36.85991,0.));
#2466 = LINE('',#2467,#2468);
#2467 = CARTESIAN_POINT('',(19.639892,-36.85991,0.));
#2468 = VECTOR('',#2469,1.);
#2469 = DIRECTION('',(0.,1.,0.));
#2470 = ORIENTED_EDGE('',*,*,#2471,.F.);
#2471 = EDGE_CURVE('',#2472,#2464,#2474,.T.);
#2472 = VERTEX_POINT('',#2473);
#2473 = CARTESIAN_POINT('',(22.639892,-39.85991,0.));
#2474 = CIRCLE('',#2475,3.000086532586);
#2475 = AXIS2_PLACEMENT_3D('',#2476,#2477,#2478);
#2476 = CARTESIAN_POINT('',(22.639978531338,-36.85982346866,0.));
#2477 = DIRECTION('',(0.,0.,-1.));
#2478 = DIRECTION('',(-2.884294730441E-05,-0.999999999584,-0.));
#2479 = ORIENTED_EDGE('',*,*,#2480,.F.);
#2480 = EDGE_CURVE('',#2481,#2472,#2483,.T.);
#2481 = VERTEX_POINT('',#2482);
#2482 = CARTESIAN_POINT('',(27.939892,-39.85991,0.));
#2483 = LINE('',#2484,#2485);
#2484 = CARTESIAN_POINT('',(27.939892,-39.85991,0.));
#2485 = VECTOR('',#2486,1.);
#2486 = DIRECTION('',(-1.,0.,0.));
#2487 = ORIENTED_EDGE('',*,*,#2488,.F.);
#2488 = EDGE_CURVE('',#2489,#2481,#2491,.T.);
#2489 = VERTEX_POINT('',#2490);
#2490 = CARTESIAN_POINT('',(28.639892,-39.15991,0.));
#2491 = CIRCLE('',#2492,0.699999135627);
#2492 = AXIS2_PLACEMENT_3D('',#2493,#2494,#2495);
#2493 = CARTESIAN_POINT('',(27.939892864373,-39.15991086437,0.));
#2494 = DIRECTION('',(0.,0.,-1.));
#2495 = DIRECTION('',(0.999999999999,1.234820329446E-06,0.));
#2496 = ORIENTED_EDGE('',*,*,#2497,.F.);
#2497 = EDGE_CURVE('',#2498,#2489,#2500,.T.);
#2498 = VERTEX_POINT('',#2499);
#2499 = CARTESIAN_POINT('',(28.639892,-37.55991,0.));
#2500 = LINE('',#2501,#2502);
#2501 = CARTESIAN_POINT('',(28.639892,-37.55991,0.));
#2502 = VECTOR('',#2503,1.);
#2503 = DIRECTION('',(0.,-1.,0.));
#2504 = ORIENTED_EDGE('',*,*,#2505,.F.);
#2505 = EDGE_CURVE('',#2506,#2498,#2508,.T.);
#2506 = VERTEX_POINT('',#2507);
#2507 = CARTESIAN_POINT('',(29.339892,-36.85991,0.));
#2508 = CIRCLE('',#2509,0.699999135627);
#2509 = AXIS2_PLACEMENT_3D('',#2510,#2511,#2512);
#2510 = CARTESIAN_POINT('',(29.339891135627,-37.55990913562,0.));
#2511 = DIRECTION('',(0.,0.,1.));
#2512 = DIRECTION('',(1.234820339597E-06,0.999999999999,-0.));
#2513 = ORIENTED_EDGE('',*,*,#2514,.F.);
#2514 = EDGE_CURVE('',#2515,#2506,#2517,.T.);
#2515 = VERTEX_POINT('',#2516);
#2516 = CARTESIAN_POINT('',(34.239892,-36.85991,0.));
#2517 = LINE('',#2518,#2519);
#2518 = CARTESIAN_POINT('',(34.239892,-36.85991,0.));
#2519 = VECTOR('',#2520,1.);
#2520 = DIRECTION('',(-1.,0.,0.));
#2521 = ORIENTED_EDGE('',*,*,#2522,.F.);
#2522 = EDGE_CURVE('',#2523,#2515,#2525,.T.);
#2523 = VERTEX_POINT('',#2524);
#2524 = CARTESIAN_POINT('',(34.939892,-37.55991,0.));
#2525 = CIRCLE('',#2526,0.699999135627);
#2526 = AXIS2_PLACEMENT_3D('',#2527,#2528,#2529);
#2527 = CARTESIAN_POINT('',(34.239892864373,-37.55990913562,0.));
#2528 = DIRECTION('',(0.,0.,1.));
#2529 = DIRECTION('',(0.999999999999,-1.234820359898E-06,0.));
#2530 = ORIENTED_EDGE('',*,*,#2531,.F.);
#2531 = EDGE_CURVE('',#2532,#2523,#2534,.T.);
#2532 = VERTEX_POINT('',#2533);
#2533 = CARTESIAN_POINT('',(34.939892,-39.15991,0.));
#2534 = LINE('',#2535,#2536);
#2535 = CARTESIAN_POINT('',(34.939892,-39.15991,0.));
#2536 = VECTOR('',#2537,1.);
#2537 = DIRECTION('',(0.,1.,0.));
#2538 = ORIENTED_EDGE('',*,*,#2539,.F.);
#2539 = EDGE_CURVE('',#2540,#2532,#2542,.T.);
#2540 = VERTEX_POINT('',#2541);
#2541 = CARTESIAN_POINT('',(35.639892,-39.85991,0.));
#2542 = CIRCLE('',#2543,0.699999135627);
#2543 = AXIS2_PLACEMENT_3D('',#2544,#2545,#2546);
#2544 = CARTESIAN_POINT('',(35.639891135627,-39.15991086437,0.));
#2545 = DIRECTION('',(0.,0.,-1.));
#2546 = DIRECTION('',(1.234820349747E-06,-0.999999999999,0.));
#2547 = ORIENTED_EDGE('',*,*,#2548,.F.);
#2548 = EDGE_CURVE('',#2549,#2540,#2551,.T.);
#2549 = VERTEX_POINT('',#2550);
#2550 = CARTESIAN_POINT('',(36.639892,-39.85991,0.));
#2551 = LINE('',#2552,#2553);
#2552 = CARTESIAN_POINT('',(36.639892,-39.85991,0.));
#2553 = VECTOR('',#2554,1.);
#2554 = DIRECTION('',(-1.,0.,0.));
#2555 = ORIENTED_EDGE('',*,*,#2556,.F.);
#2556 = EDGE_CURVE('',#2431,#2549,#2557,.T.);
#2557 = CIRCLE('',#2558,2.99996361739);
#2558 = AXIS2_PLACEMENT_3D('',#2559,#2560,#2561);
#2559 = CARTESIAN_POINT('',(36.639928382831,-36.85994638283,0.));
#2560 = DIRECTION('',(0.,0.,-1.));
#2561 = DIRECTION('',(0.999999999926,1.212775726584E-05,0.));
#2562 = ORIENTED_EDGE('',*,*,#2438,.F.);
#2563 = FACE_BOUND('',#2564,.F.);
#2564 = EDGE_LOOP('',(#2565));
#2565 = ORIENTED_EDGE('',*,*,#2566,.T.);
#2566 = EDGE_CURVE('',#2567,#2567,#2569,.T.);
#2567 = VERTEX_POINT('',#2568);
#2568 = CARTESIAN_POINT('',(22.018892,-37.72166,0.));
#2569 = CIRCLE('',#2570,0.5);
#2570 = AXIS2_PLACEMENT_3D('',#2571,#2572,#2573);
#2571 = CARTESIAN_POINT('',(22.018892,-37.22166,0.));
#2572 = DIRECTION('',(-0.,0.,-1.));
#2573 = DIRECTION('',(-0.,-1.,0.));
#2574 = FACE_BOUND('',#2575,.F.);
#2575 = EDGE_LOOP('',(#2576));
#2576 = ORIENTED_EDGE('',*,*,#2577,.T.);
#2577 = EDGE_CURVE('',#2578,#2578,#2580,.T.);
#2578 = VERTEX_POINT('',#2579);
#2579 = CARTESIAN_POINT('',(22.018892,-35.18166,0.));
#2580 = CIRCLE('',#2581,0.5);
#2581 = AXIS2_PLACEMENT_3D('',#2582,#2583,#2584);
#2582 = CARTESIAN_POINT('',(22.018892,-34.68166,0.));
#2583 = DIRECTION('',(-0.,0.,-1.));
#2584 = DIRECTION('',(-0.,-1.,0.));
#2585 = FACE_BOUND('',#2586,.F.);
#2586 = EDGE_LOOP('',(#2587));
#2587 = ORIENTED_EDGE('',*,*,#2588,.T.);
#2588 = EDGE_CURVE('',#2589,#2589,#2591,.T.);
#2589 = VERTEX_POINT('',#2590);
#2590 = CARTESIAN_POINT('',(22.018892,-32.64166,0.));
#2591 = CIRCLE('',#2592,0.5);
#2592 = AXIS2_PLACEMENT_3D('',#2593,#2594,#2595);
#2593 = CARTESIAN_POINT('',(22.018892,-32.14166,0.));
#2594 = DIRECTION('',(-0.,0.,-1.));
#2595 = DIRECTION('',(-0.,-1.,0.));
#2596 = FACE_BOUND('',#2597,.F.);
#2597 = EDGE_LOOP('',(#2598));
#2598 = ORIENTED_EDGE('',*,*,#2599,.T.);
#2599 = EDGE_CURVE('',#2600,#2600,#2602,.T.);
#2600 = VERTEX_POINT('',#2601);
#2601 = CARTESIAN_POINT('',(37.258892,-37.72166,0.));
#2602 = CIRCLE('',#2603,0.5);
#2603 = AXIS2_PLACEMENT_3D('',#2604,#2605,#2606);
#2604 = CARTESIAN_POINT('',(37.258892,-37.22166,0.));
#2605 = DIRECTION('',(-0.,0.,-1.));
#2606 = DIRECTION('',(-0.,-1.,0.));
#2607 = FACE_BOUND('',#2608,.F.);
#2608 = EDGE_LOOP('',(#2609));
#2609 = ORIENTED_EDGE('',*,*,#2610,.T.);
#2610 = EDGE_CURVE('',#2611,#2611,#2613,.T.);
#2611 = VERTEX_POINT('',#2612);
#2612 = CARTESIAN_POINT('',(37.258892,-35.18166,0.));
#2613 = CIRCLE('',#2614,0.5);
#2614 = AXIS2_PLACEMENT_3D('',#2615,#2616,#2617);
#2615 = CARTESIAN_POINT('',(37.258892,-34.68166,0.));
#2616 = DIRECTION('',(-0.,0.,-1.));
#2617 = DIRECTION('',(-0.,-1.,0.));
#2618 = FACE_BOUND('',#2619,.F.);
#2619 = EDGE_LOOP('',(#2620));
#2620 = ORIENTED_EDGE('',*,*,#2621,.T.);
#2621 = EDGE_CURVE('',#2622,#2622,#2624,.T.);
#2622 = VERTEX_POINT('',#2623);
#2623 = CARTESIAN_POINT('',(30.599892,-31.25991,0.));
#2624 = CIRCLE('',#2625,0.5);
#2625 = AXIS2_PLACEMENT_3D('',#2626,#2627,#2628);
#2626 = CARTESIAN_POINT('',(30.599892,-30.75991,0.));
#2627 = DIRECTION('',(-0.,0.,-1.));
#2628 = DIRECTION('',(-0.,-1.,0.));
#2629 = FACE_BOUND('',#2630,.F.);
#2630 = EDGE_LOOP('',(#2631));
#2631 = ORIENTED_EDGE('',*,*,#2632,.T.);
#2632 = EDGE_CURVE('',#2633,#2633,#2635,.T.);
#2633 = VERTEX_POINT('',#2634);
#2634 = CARTESIAN_POINT('',(33.139892,-31.25991,0.));
#2635 = CIRCLE('',#2636,0.5);
#2636 = AXIS2_PLACEMENT_3D('',#2637,#2638,#2639);
#2637 = CARTESIAN_POINT('',(33.139892,-30.75991,0.));
#2638 = DIRECTION('',(-0.,0.,-1.));
#2639 = DIRECTION('',(-0.,-1.,0.));
#2640 = FACE_BOUND('',#2641,.F.);
#2641 = EDGE_LOOP('',(#2642));
#2642 = ORIENTED_EDGE('',*,*,#2643,.T.);
#2643 = EDGE_CURVE('',#2644,#2644,#2646,.T.);
#2644 = VERTEX_POINT('',#2645);
#2645 = CARTESIAN_POINT('',(37.258892,-32.64166,0.));
#2646 = CIRCLE('',#2647,0.5);
#2647 = AXIS2_PLACEMENT_3D('',#2648,#2649,#2650);
#2648 = CARTESIAN_POINT('',(37.258892,-32.14166,0.));
#2649 = DIRECTION('',(-0.,0.,-1.));
#2650 = DIRECTION('',(-0.,-1.,0.));
#2651 = FACE_BOUND('',#2652,.F.);
#2652 = EDGE_LOOP('',(#2653));
#2653 = ORIENTED_EDGE('',*,*,#2654,.T.);
#2654 = EDGE_CURVE('',#2655,#2655,#2657,.T.);
#2655 = VERTEX_POINT('',#2656);
#2656 = CARTESIAN_POINT('',(22.018892,-30.10166,0.));
#2657 = CIRCLE('',#2658,0.5);
#2658 = AXIS2_PLACEMENT_3D('',#2659,#2660,#2661);
#2659 = CARTESIAN_POINT('',(22.018892,-29.60166,0.));
#2660 = DIRECTION('',(-0.,0.,-1.));
#2661 = DIRECTION('',(-0.,-1.,0.));
#2662 = FACE_BOUND('',#2663,.F.);
#2663 = EDGE_LOOP('',(#2664));
#2664 = ORIENTED_EDGE('',*,*,#2665,.T.);
#2665 = EDGE_CURVE('',#2666,#2666,#2668,.T.);
#2666 = VERTEX_POINT('',#2667);
#2667 = CARTESIAN_POINT('',(22.018892,-27.56166,0.));
#2668 = CIRCLE('',#2669,0.5);
#2669 = AXIS2_PLACEMENT_3D('',#2670,#2671,#2672);
#2670 = CARTESIAN_POINT('',(22.018892,-27.06166,0.));
#2671 = DIRECTION('',(-0.,0.,-1.));
#2672 = DIRECTION('',(-0.,-1.,0.));
#2673 = FACE_BOUND('',#2674,.F.);
#2674 = EDGE_LOOP('',(#2675));
#2675 = ORIENTED_EDGE('',*,*,#2676,.T.);
#2676 = EDGE_CURVE('',#2677,#2677,#2679,.T.);
#2677 = VERTEX_POINT('',#2678);
#2678 = CARTESIAN_POINT('',(22.018892,-25.02166,0.));
#2679 = CIRCLE('',#2680,0.5);
#2680 = AXIS2_PLACEMENT_3D('',#2681,#2682,#2683);
#2681 = CARTESIAN_POINT('',(22.018892,-24.52166,0.));
#2682 = DIRECTION('',(-0.,0.,-1.));
#2683 = DIRECTION('',(-0.,-1.,0.));
#2684 = FACE_BOUND('',#2685,.F.);
#2685 = EDGE_LOOP('',(#2686));
#2686 = ORIENTED_EDGE('',*,*,#2687,.T.);
#2687 = EDGE_CURVE('',#2688,#2688,#2690,.T.);
#2688 = VERTEX_POINT('',#2689);
#2689 = CARTESIAN_POINT('',(22.018892,-22.48166,0.));
#2690 = CIRCLE('',#2691,0.5);
#2691 = AXIS2_PLACEMENT_3D('',#2692,#2693,#2694);
#2692 = CARTESIAN_POINT('',(22.018892,-21.98166,0.));
#2693 = DIRECTION('',(-0.,0.,-1.));
#2694 = DIRECTION('',(-0.,-1.,0.));
#2695 = FACE_BOUND('',#2696,.F.);
#2696 = EDGE_LOOP('',(#2697));
#2697 = ORIENTED_EDGE('',*,*,#2698,.T.);
#2698 = EDGE_CURVE('',#2699,#2699,#2701,.T.);
#2699 = VERTEX_POINT('',#2700);
#2700 = CARTESIAN_POINT('',(30.599892,-28.71991,0.));
#2701 = CIRCLE('',#2702,0.5);
#2702 = AXIS2_PLACEMENT_3D('',#2703,#2704,#2705);
#2703 = CARTESIAN_POINT('',(30.599892,-28.21991,0.));
#2704 = DIRECTION('',(-0.,0.,-1.));
#2705 = DIRECTION('',(-0.,-1.,0.));
#2706 = FACE_BOUND('',#2707,.F.);
#2707 = EDGE_LOOP('',(#2708));
#2708 = ORIENTED_EDGE('',*,*,#2709,.T.);
#2709 = EDGE_CURVE('',#2710,#2710,#2712,.T.);
#2710 = VERTEX_POINT('',#2711);
#2711 = CARTESIAN_POINT('',(33.139892,-28.71991,0.));
#2712 = CIRCLE('',#2713,0.5);
#2713 = AXIS2_PLACEMENT_3D('',#2714,#2715,#2716);
#2714 = CARTESIAN_POINT('',(33.139892,-28.21991,0.));
#2715 = DIRECTION('',(-0.,0.,-1.));
#2716 = DIRECTION('',(-0.,-1.,0.));
#2717 = FACE_BOUND('',#2718,.F.);
#2718 = EDGE_LOOP('',(#2719));
#2719 = ORIENTED_EDGE('',*,*,#2720,.T.);
#2720 = EDGE_CURVE('',#2721,#2721,#2723,.T.);
#2721 = VERTEX_POINT('',#2722);
#2722 = CARTESIAN_POINT('',(37.258892,-30.10166,0.));
#2723 = CIRCLE('',#2724,0.5);
#2724 = AXIS2_PLACEMENT_3D('',#2725,#2726,#2727);
#2725 = CARTESIAN_POINT('',(37.258892,-29.60166,0.));
#2726 = DIRECTION('',(-0.,0.,-1.));
#2727 = DIRECTION('',(-0.,-1.,0.));
#2728 = FACE_BOUND('',#2729,.F.);
#2729 = EDGE_LOOP('',(#2730));
#2730 = ORIENTED_EDGE('',*,*,#2731,.T.);
#2731 = EDGE_CURVE('',#2732,#2732,#2734,.T.);
#2732 = VERTEX_POINT('',#2733);
#2733 = CARTESIAN_POINT('',(37.258892,-27.56166,0.));
#2734 = CIRCLE('',#2735,0.5);
#2735 = AXIS2_PLACEMENT_3D('',#2736,#2737,#2738);
#2736 = CARTESIAN_POINT('',(37.258892,-27.06166,0.));
#2737 = DIRECTION('',(-0.,0.,-1.));
#2738 = DIRECTION('',(-0.,-1.,0.));
#2739 = FACE_BOUND('',#2740,.F.);
#2740 = EDGE_LOOP('',(#2741));
#2741 = ORIENTED_EDGE('',*,*,#2742,.T.);
#2742 = EDGE_CURVE('',#2743,#2743,#2745,.T.);
#2743 = VERTEX_POINT('',#2744);
#2744 = CARTESIAN_POINT('',(37.258892,-25.02166,0.));
#2745 = CIRCLE('',#2746,0.5);
#2746 = AXIS2_PLACEMENT_3D('',#2747,#2748,#2749);
#2747 = CARTESIAN_POINT('',(37.258892,-24.52166,0.));
#2748 = DIRECTION('',(-0.,0.,-1.));
#2749 = DIRECTION('',(-0.,-1.,0.));
#2750 = FACE_BOUND('',#2751,.F.);
#2751 = EDGE_LOOP('',(#2752));
#2752 = ORIENTED_EDGE('',*,*,#2753,.T.);
#2753 = EDGE_CURVE('',#2754,#2754,#2756,.T.);
#2754 = VERTEX_POINT('',#2755);
#2755 = CARTESIAN_POINT('',(37.258892,-22.48166,0.));
#2756 = CIRCLE('',#2757,0.5);
#2757 = AXIS2_PLACEMENT_3D('',#2758,#2759,#2760);
#2758 = CARTESIAN_POINT('',(37.258892,-21.98166,0.));
#2759 = DIRECTION('',(-0.,0.,-1.));
#2760 = DIRECTION('',(-0.,-1.,0.));
#2761 = PLANE('',#2762);
#2762 = AXIS2_PLACEMENT_3D('',#2763,#2764,#2765);
#2763 = CARTESIAN_POINT('',(0.,0.,0.));
#2764 = DIRECTION('',(0.,0.,1.));
#2765 = DIRECTION('',(1.,0.,-0.));
#2766 = ADVANCED_FACE('',(#2767,#2881,#2892,#2903,#2914,#2925,#2936,
    #2947,#2958,#2969,#2980,#2991,#3002,#3013,#3024,#3035,#3046,#3057,
    #3068),#3079,.T.);
#2767 = FACE_BOUND('',#2768,.T.);
#2768 = EDGE_LOOP('',(#2769,#2770,#2771,#2780,#2788,#2797,#2805,#2814,
    #2822,#2831,#2839,#2848,#2856,#2865,#2873,#2880));
#2769 = ORIENTED_EDGE('',*,*,#2358,.F.);
#2770 = ORIENTED_EDGE('',*,*,#2400,.F.);
#2771 = ORIENTED_EDGE('',*,*,#2772,.F.);
#2772 = EDGE_CURVE('',#2773,#2393,#2775,.T.);
#2773 = VERTEX_POINT('',#2774);
#2774 = CARTESIAN_POINT('',(19.639892,-22.35991,0.71));
#2775 = CIRCLE('',#2776,2.999967031469);
#2776 = AXIS2_PLACEMENT_3D('',#2777,#2778,#2779);
#2777 = CARTESIAN_POINT('',(22.639859031288,-22.35987703128,0.71));
#2778 = DIRECTION('',(0.,0.,-1.));
#2779 = DIRECTION('',(-0.99999999994,-1.09896915311E-05,-0.));
#2780 = ORIENTED_EDGE('',*,*,#2781,.F.);
#2781 = EDGE_CURVE('',#2782,#2773,#2784,.T.);
#2782 = VERTEX_POINT('',#2783);
#2783 = CARTESIAN_POINT('',(19.639892,-36.85991,0.71));
#2784 = LINE('',#2785,#2786);
#2785 = CARTESIAN_POINT('',(19.639892,-36.85991,0.71));
#2786 = VECTOR('',#2787,1.);
#2787 = DIRECTION('',(0.,1.,0.));
#2788 = ORIENTED_EDGE('',*,*,#2789,.F.);
#2789 = EDGE_CURVE('',#2790,#2782,#2792,.T.);
#2790 = VERTEX_POINT('',#2791);
#2791 = CARTESIAN_POINT('',(22.639892,-39.85991,0.71));
#2792 = CIRCLE('',#2793,3.000086532586);
#2793 = AXIS2_PLACEMENT_3D('',#2794,#2795,#2796);
#2794 = CARTESIAN_POINT('',(22.639978531338,-36.85982346866,0.71));
#2795 = DIRECTION('',(0.,0.,-1.));
#2796 = DIRECTION('',(-2.884294730441E-05,-0.999999999584,-0.));
#2797 = ORIENTED_EDGE('',*,*,#2798,.F.);
#2798 = EDGE_CURVE('',#2799,#2790,#2801,.T.);
#2799 = VERTEX_POINT('',#2800);
#2800 = CARTESIAN_POINT('',(27.939892,-39.85991,0.71));
#2801 = LINE('',#2802,#2803);
#2802 = CARTESIAN_POINT('',(27.939892,-39.85991,0.71));
#2803 = VECTOR('',#2804,1.);
#2804 = DIRECTION('',(-1.,0.,0.));
#2805 = ORIENTED_EDGE('',*,*,#2806,.F.);
#2806 = EDGE_CURVE('',#2807,#2799,#2809,.T.);
#2807 = VERTEX_POINT('',#2808);
#2808 = CARTESIAN_POINT('',(28.639892,-39.15991,0.71));
#2809 = CIRCLE('',#2810,0.699999135627);
#2810 = AXIS2_PLACEMENT_3D('',#2811,#2812,#2813);
#2811 = CARTESIAN_POINT('',(27.939892864373,-39.15991086437,0.71));
#2812 = DIRECTION('',(0.,0.,-1.));
#2813 = DIRECTION('',(0.999999999999,1.234820329446E-06,0.));
#2814 = ORIENTED_EDGE('',*,*,#2815,.F.);
#2815 = EDGE_CURVE('',#2816,#2807,#2818,.T.);
#2816 = VERTEX_POINT('',#2817);
#2817 = CARTESIAN_POINT('',(28.639892,-37.55991,0.71));
#2818 = LINE('',#2819,#2820);
#2819 = CARTESIAN_POINT('',(28.639892,-37.55991,0.71));
#2820 = VECTOR('',#2821,1.);
#2821 = DIRECTION('',(0.,-1.,0.));
#2822 = ORIENTED_EDGE('',*,*,#2823,.F.);
#2823 = EDGE_CURVE('',#2824,#2816,#2826,.T.);
#2824 = VERTEX_POINT('',#2825);
#2825 = CARTESIAN_POINT('',(29.339892,-36.85991,0.71));
#2826 = CIRCLE('',#2827,0.699999135627);
#2827 = AXIS2_PLACEMENT_3D('',#2828,#2829,#2830);
#2828 = CARTESIAN_POINT('',(29.339891135627,-37.55990913562,0.71));
#2829 = DIRECTION('',(0.,0.,1.));
#2830 = DIRECTION('',(1.234820339597E-06,0.999999999999,-0.));
#2831 = ORIENTED_EDGE('',*,*,#2832,.F.);
#2832 = EDGE_CURVE('',#2833,#2824,#2835,.T.);
#2833 = VERTEX_POINT('',#2834);
#2834 = CARTESIAN_POINT('',(34.239892,-36.85991,0.71));
#2835 = LINE('',#2836,#2837);
#2836 = CARTESIAN_POINT('',(34.239892,-36.85991,0.71));
#2837 = VECTOR('',#2838,1.);
#2838 = DIRECTION('',(-1.,0.,0.));
#2839 = ORIENTED_EDGE('',*,*,#2840,.F.);
#2840 = EDGE_CURVE('',#2841,#2833,#2843,.T.);
#2841 = VERTEX_POINT('',#2842);
#2842 = CARTESIAN_POINT('',(34.939892,-37.55991,0.71));
#2843 = CIRCLE('',#2844,0.699999135627);
#2844 = AXIS2_PLACEMENT_3D('',#2845,#2846,#2847);
#2845 = CARTESIAN_POINT('',(34.239892864373,-37.55990913562,0.71));
#2846 = DIRECTION('',(0.,0.,1.));
#2847 = DIRECTION('',(0.999999999999,-1.234820359898E-06,0.));
#2848 = ORIENTED_EDGE('',*,*,#2849,.F.);
#2849 = EDGE_CURVE('',#2850,#2841,#2852,.T.);
#2850 = VERTEX_POINT('',#2851);
#2851 = CARTESIAN_POINT('',(34.939892,-39.15991,0.71));
#2852 = LINE('',#2853,#2854);
#2853 = CARTESIAN_POINT('',(34.939892,-39.15991,0.71));
#2854 = VECTOR('',#2855,1.);
#2855 = DIRECTION('',(0.,1.,0.));
#2856 = ORIENTED_EDGE('',*,*,#2857,.F.);
#2857 = EDGE_CURVE('',#2858,#2850,#2860,.T.);
#2858 = VERTEX_POINT('',#2859);
#2859 = CARTESIAN_POINT('',(35.639892,-39.85991,0.71));
#2860 = CIRCLE('',#2861,0.699999135627);
#2861 = AXIS2_PLACEMENT_3D('',#2862,#2863,#2864);
#2862 = CARTESIAN_POINT('',(35.639891135627,-39.15991086437,0.71));
#2863 = DIRECTION('',(0.,0.,-1.));
#2864 = DIRECTION('',(1.234820349747E-06,-0.999999999999,0.));
#2865 = ORIENTED_EDGE('',*,*,#2866,.F.);
#2866 = EDGE_CURVE('',#2867,#2858,#2869,.T.);
#2867 = VERTEX_POINT('',#2868);
#2868 = CARTESIAN_POINT('',(36.639892,-39.85991,0.71));
#2869 = LINE('',#2870,#2871);
#2870 = CARTESIAN_POINT('',(36.639892,-39.85991,0.71));
#2871 = VECTOR('',#2872,1.);
#2872 = DIRECTION('',(-1.,0.,0.));
#2873 = ORIENTED_EDGE('',*,*,#2874,.F.);
#2874 = EDGE_CURVE('',#2423,#2867,#2875,.T.);
#2875 = CIRCLE('',#2876,2.99996361739);
#2876 = AXIS2_PLACEMENT_3D('',#2877,#2878,#2879);
#2877 = CARTESIAN_POINT('',(36.639928382831,-36.85994638283,0.71));
#2878 = DIRECTION('',(0.,0.,-1.));
#2879 = DIRECTION('',(0.999999999926,1.212775726584E-05,0.));
#2880 = ORIENTED_EDGE('',*,*,#2422,.F.);
#2881 = FACE_BOUND('',#2882,.T.);
#2882 = EDGE_LOOP('',(#2883));
#2883 = ORIENTED_EDGE('',*,*,#2884,.T.);
#2884 = EDGE_CURVE('',#2885,#2885,#2887,.T.);
#2885 = VERTEX_POINT('',#2886);
#2886 = CARTESIAN_POINT('',(22.018892,-37.72166,0.71));
#2887 = CIRCLE('',#2888,0.5);
#2888 = AXIS2_PLACEMENT_3D('',#2889,#2890,#2891);
#2889 = CARTESIAN_POINT('',(22.018892,-37.22166,0.71));
#2890 = DIRECTION('',(-0.,0.,-1.));
#2891 = DIRECTION('',(-0.,-1.,0.));
#2892 = FACE_BOUND('',#2893,.T.);
#2893 = EDGE_LOOP('',(#2894));
#2894 = ORIENTED_EDGE('',*,*,#2895,.T.);
#2895 = EDGE_CURVE('',#2896,#2896,#2898,.T.);
#2896 = VERTEX_POINT('',#2897);
#2897 = CARTESIAN_POINT('',(22.018892,-35.18166,0.71));
#2898 = CIRCLE('',#2899,0.5);
#2899 = AXIS2_PLACEMENT_3D('',#2900,#2901,#2902);
#2900 = CARTESIAN_POINT('',(22.018892,-34.68166,0.71));
#2901 = DIRECTION('',(-0.,0.,-1.));
#2902 = DIRECTION('',(-0.,-1.,0.));
#2903 = FACE_BOUND('',#2904,.T.);
#2904 = EDGE_LOOP('',(#2905));
#2905 = ORIENTED_EDGE('',*,*,#2906,.T.);
#2906 = EDGE_CURVE('',#2907,#2907,#2909,.T.);
#2907 = VERTEX_POINT('',#2908);
#2908 = CARTESIAN_POINT('',(22.018892,-32.64166,0.71));
#2909 = CIRCLE('',#2910,0.5);
#2910 = AXIS2_PLACEMENT_3D('',#2911,#2912,#2913);
#2911 = CARTESIAN_POINT('',(22.018892,-32.14166,0.71));
#2912 = DIRECTION('',(-0.,0.,-1.));
#2913 = DIRECTION('',(-0.,-1.,0.));
#2914 = FACE_BOUND('',#2915,.T.);
#2915 = EDGE_LOOP('',(#2916));
#2916 = ORIENTED_EDGE('',*,*,#2917,.T.);
#2917 = EDGE_CURVE('',#2918,#2918,#2920,.T.);
#2918 = VERTEX_POINT('',#2919);
#2919 = CARTESIAN_POINT('',(37.258892,-37.72166,0.71));
#2920 = CIRCLE('',#2921,0.5);
#2921 = AXIS2_PLACEMENT_3D('',#2922,#2923,#2924);
#2922 = CARTESIAN_POINT('',(37.258892,-37.22166,0.71));
#2923 = DIRECTION('',(-0.,0.,-1.));
#2924 = DIRECTION('',(-0.,-1.,0.));
#2925 = FACE_BOUND('',#2926,.T.);
#2926 = EDGE_LOOP('',(#2927));
#2927 = ORIENTED_EDGE('',*,*,#2928,.T.);
#2928 = EDGE_CURVE('',#2929,#2929,#2931,.T.);
#2929 = VERTEX_POINT('',#2930);
#2930 = CARTESIAN_POINT('',(37.258892,-35.18166,0.71));
#2931 = CIRCLE('',#2932,0.5);
#2932 = AXIS2_PLACEMENT_3D('',#2933,#2934,#2935);
#2933 = CARTESIAN_POINT('',(37.258892,-34.68166,0.71));
#2934 = DIRECTION('',(-0.,0.,-1.));
#2935 = DIRECTION('',(-0.,-1.,0.));
#2936 = FACE_BOUND('',#2937,.T.);
#2937 = EDGE_LOOP('',(#2938));
#2938 = ORIENTED_EDGE('',*,*,#2939,.T.);
#2939 = EDGE_CURVE('',#2940,#2940,#2942,.T.);
#2940 = VERTEX_POINT('',#2941);
#2941 = CARTESIAN_POINT('',(30.599892,-31.25991,0.71));
#2942 = CIRCLE('',#2943,0.5);
#2943 = AXIS2_PLACEMENT_3D('',#2944,#2945,#2946);
#2944 = CARTESIAN_POINT('',(30.599892,-30.75991,0.71));
#2945 = DIRECTION('',(-0.,0.,-1.));
#2946 = DIRECTION('',(-0.,-1.,0.));
#2947 = FACE_BOUND('',#2948,.T.);
#2948 = EDGE_LOOP('',(#2949));
#2949 = ORIENTED_EDGE('',*,*,#2950,.T.);
#2950 = EDGE_CURVE('',#2951,#2951,#2953,.T.);
#2951 = VERTEX_POINT('',#2952);
#2952 = CARTESIAN_POINT('',(33.139892,-31.25991,0.71));
#2953 = CIRCLE('',#2954,0.5);
#2954 = AXIS2_PLACEMENT_3D('',#2955,#2956,#2957);
#2955 = CARTESIAN_POINT('',(33.139892,-30.75991,0.71));
#2956 = DIRECTION('',(-0.,0.,-1.));
#2957 = DIRECTION('',(-0.,-1.,0.));
#2958 = FACE_BOUND('',#2959,.T.);
#2959 = EDGE_LOOP('',(#2960));
#2960 = ORIENTED_EDGE('',*,*,#2961,.T.);
#2961 = EDGE_CURVE('',#2962,#2962,#2964,.T.);
#2962 = VERTEX_POINT('',#2963);
#2963 = CARTESIAN_POINT('',(37.258892,-32.64166,0.71));
#2964 = CIRCLE('',#2965,0.5);
#2965 = AXIS2_PLACEMENT_3D('',#2966,#2967,#2968);
#2966 = CARTESIAN_POINT('',(37.258892,-32.14166,0.71));
#2967 = DIRECTION('',(-0.,0.,-1.));
#2968 = DIRECTION('',(-0.,-1.,0.));
#2969 = FACE_BOUND('',#2970,.T.);
#2970 = EDGE_LOOP('',(#2971));
#2971 = ORIENTED_EDGE('',*,*,#2972,.T.);
#2972 = EDGE_CURVE('',#2973,#2973,#2975,.T.);
#2973 = VERTEX_POINT('',#2974);
#2974 = CARTESIAN_POINT('',(22.018892,-30.10166,0.71));
#2975 = CIRCLE('',#2976,0.5);
#2976 = AXIS2_PLACEMENT_3D('',#2977,#2978,#2979);
#2977 = CARTESIAN_POINT('',(22.018892,-29.60166,0.71));
#2978 = DIRECTION('',(-0.,0.,-1.));
#2979 = DIRECTION('',(-0.,-1.,0.));
#2980 = FACE_BOUND('',#2981,.T.);
#2981 = EDGE_LOOP('',(#2982));
#2982 = ORIENTED_EDGE('',*,*,#2983,.T.);
#2983 = EDGE_CURVE('',#2984,#2984,#2986,.T.);
#2984 = VERTEX_POINT('',#2985);
#2985 = CARTESIAN_POINT('',(22.018892,-27.56166,0.71));
#2986 = CIRCLE('',#2987,0.5);
#2987 = AXIS2_PLACEMENT_3D('',#2988,#2989,#2990);
#2988 = CARTESIAN_POINT('',(22.018892,-27.06166,0.71));
#2989 = DIRECTION('',(-0.,0.,-1.));
#2990 = DIRECTION('',(-0.,-1.,0.));
#2991 = FACE_BOUND('',#2992,.T.);
#2992 = EDGE_LOOP('',(#2993));
#2993 = ORIENTED_EDGE('',*,*,#2994,.T.);
#2994 = EDGE_CURVE('',#2995,#2995,#2997,.T.);
#2995 = VERTEX_POINT('',#2996);
#2996 = CARTESIAN_POINT('',(22.018892,-25.02166,0.71));
#2997 = CIRCLE('',#2998,0.5);
#2998 = AXIS2_PLACEMENT_3D('',#2999,#3000,#3001);
#2999 = CARTESIAN_POINT('',(22.018892,-24.52166,0.71));
#3000 = DIRECTION('',(-0.,0.,-1.));
#3001 = DIRECTION('',(-0.,-1.,0.));
#3002 = FACE_BOUND('',#3003,.T.);
#3003 = EDGE_LOOP('',(#3004));
#3004 = ORIENTED_EDGE('',*,*,#3005,.T.);
#3005 = EDGE_CURVE('',#3006,#3006,#3008,.T.);
#3006 = VERTEX_POINT('',#3007);
#3007 = CARTESIAN_POINT('',(22.018892,-22.48166,0.71));
#3008 = CIRCLE('',#3009,0.5);
#3009 = AXIS2_PLACEMENT_3D('',#3010,#3011,#3012);
#3010 = CARTESIAN_POINT('',(22.018892,-21.98166,0.71));
#3011 = DIRECTION('',(-0.,0.,-1.));
#3012 = DIRECTION('',(-0.,-1.,0.));
#3013 = FACE_BOUND('',#3014,.T.);
#3014 = EDGE_LOOP('',(#3015));
#3015 = ORIENTED_EDGE('',*,*,#3016,.T.);
#3016 = EDGE_CURVE('',#3017,#3017,#3019,.T.);
#3017 = VERTEX_POINT('',#3018);
#3018 = CARTESIAN_POINT('',(30.599892,-28.71991,0.71));
#3019 = CIRCLE('',#3020,0.5);
#3020 = AXIS2_PLACEMENT_3D('',#3021,#3022,#3023);
#3021 = CARTESIAN_POINT('',(30.599892,-28.21991,0.71));
#3022 = DIRECTION('',(-0.,0.,-1.));
#3023 = DIRECTION('',(-0.,-1.,0.));
#3024 = FACE_BOUND('',#3025,.T.);
#3025 = EDGE_LOOP('',(#3026));
#3026 = ORIENTED_EDGE('',*,*,#3027,.T.);
#3027 = EDGE_CURVE('',#3028,#3028,#3030,.T.);
#3028 = VERTEX_POINT('',#3029);
#3029 = CARTESIAN_POINT('',(33.139892,-28.71991,0.71));
#3030 = CIRCLE('',#3031,0.5);
#3031 = AXIS2_PLACEMENT_3D('',#3032,#3033,#3034);
#3032 = CARTESIAN_POINT('',(33.139892,-28.21991,0.71));
#3033 = DIRECTION('',(-0.,0.,-1.));
#3034 = DIRECTION('',(-0.,-1.,0.));
#3035 = FACE_BOUND('',#3036,.T.);
#3036 = EDGE_LOOP('',(#3037));
#3037 = ORIENTED_EDGE('',*,*,#3038,.T.);
#3038 = EDGE_CURVE('',#3039,#3039,#3041,.T.);
#3039 = VERTEX_POINT('',#3040);
#3040 = CARTESIAN_POINT('',(37.258892,-30.10166,0.71));
#3041 = CIRCLE('',#3042,0.5);
#3042 = AXIS2_PLACEMENT_3D('',#3043,#3044,#3045);
#3043 = CARTESIAN_POINT('',(37.258892,-29.60166,0.71));
#3044 = DIRECTION('',(-0.,0.,-1.));
#3045 = DIRECTION('',(-0.,-1.,0.));
#3046 = FACE_BOUND('',#3047,.T.);
#3047 = EDGE_LOOP('',(#3048));
#3048 = ORIENTED_EDGE('',*,*,#3049,.T.);
#3049 = EDGE_CURVE('',#3050,#3050,#3052,.T.);
#3050 = VERTEX_POINT('',#3051);
#3051 = CARTESIAN_POINT('',(37.258892,-27.56166,0.71));
#3052 = CIRCLE('',#3053,0.5);
#3053 = AXIS2_PLACEMENT_3D('',#3054,#3055,#3056);
#3054 = CARTESIAN_POINT('',(37.258892,-27.06166,0.71));
#3055 = DIRECTION('',(-0.,0.,-1.));
#3056 = DIRECTION('',(-0.,-1.,0.));
#3057 = FACE_BOUND('',#3058,.T.);
#3058 = EDGE_LOOP('',(#3059));
#3059 = ORIENTED_EDGE('',*,*,#3060,.T.);
#3060 = EDGE_CURVE('',#3061,#3061,#3063,.T.);
#3061 = VERTEX_POINT('',#3062);
#3062 = CARTESIAN_POINT('',(37.258892,-25.02166,0.71));
#3063 = CIRCLE('',#3064,0.5);
#3064 = AXIS2_PLACEMENT_3D('',#3065,#3066,#3067);
#3065 = CARTESIAN_POINT('',(37.258892,-24.52166,0.71));
#3066 = DIRECTION('',(-0.,0.,-1.));
#3067 = DIRECTION('',(-0.,-1.,0.));
#3068 = FACE_BOUND('',#3069,.T.);
#3069 = EDGE_LOOP('',(#3070));
#3070 = ORIENTED_EDGE('',*,*,#3071,.T.);
#3071 = EDGE_CURVE('',#3072,#3072,#3074,.T.);
#3072 = VERTEX_POINT('',#3073);
#3073 = CARTESIAN_POINT('',(37.258892,-22.48166,0.71));
#3074 = CIRCLE('',#3075,0.5);
#3075 = AXIS2_PLACEMENT_3D('',#3076,#3077,#3078);
#3076 = CARTESIAN_POINT('',(37.258892,-21.98166,0.71));
#3077 = DIRECTION('',(-0.,0.,-1.));
#3078 = DIRECTION('',(-0.,-1.,0.));
#3079 = PLANE('',#3080);
#3080 = AXIS2_PLACEMENT_3D('',#3081,#3082,#3083);
#3081 = CARTESIAN_POINT('',(0.,0.,0.71));
#3082 = DIRECTION('',(0.,0.,1.));
#3083 = DIRECTION('',(1.,0.,-0.));
#3084 = ADVANCED_FACE('',(#3085),#3096,.T.);
#3085 = FACE_BOUND('',#3086,.T.);
#3086 = EDGE_LOOP('',(#3087,#3093,#3094,#3095));
#3087 = ORIENTED_EDGE('',*,*,#3088,.T.);
#3088 = EDGE_CURVE('',#2455,#2773,#3089,.T.);
#3089 = LINE('',#3090,#3091);
#3090 = CARTESIAN_POINT('',(19.639892,-22.35991,0.));
#3091 = VECTOR('',#3092,1.);
#3092 = DIRECTION('',(0.,0.,1.));
#3093 = ORIENTED_EDGE('',*,*,#2772,.T.);
#3094 = ORIENTED_EDGE('',*,*,#2390,.F.);
#3095 = ORIENTED_EDGE('',*,*,#2454,.F.);
#3096 = CYLINDRICAL_SURFACE('',#3097,2.999967031469);
#3097 = AXIS2_PLACEMENT_3D('',#3098,#3099,#3100);
#3098 = CARTESIAN_POINT('',(22.639859031288,-22.35987703128,0.));
#3099 = DIRECTION('',(0.,0.,-1.));
#3100 = DIRECTION('',(-0.99999999994,-1.09896915311E-05,-0.));
#3101 = ADVANCED_FACE('',(#3102),#3113,.T.);
#3102 = FACE_BOUND('',#3103,.T.);
#3103 = EDGE_LOOP('',(#3104,#3105,#3106,#3112));
#3104 = ORIENTED_EDGE('',*,*,#2430,.T.);
#3105 = ORIENTED_EDGE('',*,*,#2874,.T.);
#3106 = ORIENTED_EDGE('',*,*,#3107,.F.);
#3107 = EDGE_CURVE('',#2549,#2867,#3108,.T.);
#3108 = LINE('',#3109,#3110);
#3109 = CARTESIAN_POINT('',(36.639892,-39.85991,0.));
#3110 = VECTOR('',#3111,1.);
#3111 = DIRECTION('',(0.,0.,1.));
#3112 = ORIENTED_EDGE('',*,*,#2556,.F.);
#3113 = CYLINDRICAL_SURFACE('',#3114,2.99996361739);
#3114 = AXIS2_PLACEMENT_3D('',#3115,#3116,#3117);
#3115 = CARTESIAN_POINT('',(36.639928382831,-36.85994638283,0.));
#3116 = DIRECTION('',(0.,0.,-1.));
#3117 = DIRECTION('',(0.999999999926,1.212775726584E-05,0.));
#3118 = ADVANCED_FACE('',(#3119),#3130,.T.);
#3119 = FACE_BOUND('',#3120,.T.);
#3120 = EDGE_LOOP('',(#3121,#3127,#3128,#3129));
#3121 = ORIENTED_EDGE('',*,*,#3122,.T.);
#3122 = EDGE_CURVE('',#2464,#2782,#3123,.T.);
#3123 = LINE('',#3124,#3125);
#3124 = CARTESIAN_POINT('',(19.639892,-36.85991,0.));
#3125 = VECTOR('',#3126,1.);
#3126 = DIRECTION('',(0.,0.,1.));
#3127 = ORIENTED_EDGE('',*,*,#2781,.T.);
#3128 = ORIENTED_EDGE('',*,*,#3088,.F.);
#3129 = ORIENTED_EDGE('',*,*,#2463,.F.);
#3130 = PLANE('',#3131);
#3131 = AXIS2_PLACEMENT_3D('',#3132,#3133,#3134);
#3132 = CARTESIAN_POINT('',(19.639892,-36.85991,0.));
#3133 = DIRECTION('',(-1.,0.,0.));
#3134 = DIRECTION('',(0.,1.,0.));
#3135 = ADVANCED_FACE('',(#3136),#3147,.T.);
#3136 = FACE_BOUND('',#3137,.T.);
#3137 = EDGE_LOOP('',(#3138,#3139,#3140,#3146));
#3138 = ORIENTED_EDGE('',*,*,#3107,.T.);
#3139 = ORIENTED_EDGE('',*,*,#2866,.T.);
#3140 = ORIENTED_EDGE('',*,*,#3141,.F.);
#3141 = EDGE_CURVE('',#2540,#2858,#3142,.T.);
#3142 = LINE('',#3143,#3144);
#3143 = CARTESIAN_POINT('',(35.639892,-39.85991,0.));
#3144 = VECTOR('',#3145,1.);
#3145 = DIRECTION('',(0.,0.,1.));
#3146 = ORIENTED_EDGE('',*,*,#2548,.F.);
#3147 = PLANE('',#3148);
#3148 = AXIS2_PLACEMENT_3D('',#3149,#3150,#3151);
#3149 = CARTESIAN_POINT('',(36.639892,-39.85991,0.));
#3150 = DIRECTION('',(0.,-1.,0.));
#3151 = DIRECTION('',(-1.,0.,0.));
#3152 = ADVANCED_FACE('',(#3153),#3164,.T.);
#3153 = FACE_BOUND('',#3154,.T.);
#3154 = EDGE_LOOP('',(#3155,#3161,#3162,#3163));
#3155 = ORIENTED_EDGE('',*,*,#3156,.T.);
#3156 = EDGE_CURVE('',#2472,#2790,#3157,.T.);
#3157 = LINE('',#3158,#3159);
#3158 = CARTESIAN_POINT('',(22.639892,-39.85991,0.));
#3159 = VECTOR('',#3160,1.);
#3160 = DIRECTION('',(0.,0.,1.));
#3161 = ORIENTED_EDGE('',*,*,#2789,.T.);
#3162 = ORIENTED_EDGE('',*,*,#3122,.F.);
#3163 = ORIENTED_EDGE('',*,*,#2471,.F.);
#3164 = CYLINDRICAL_SURFACE('',#3165,3.000086532586);
#3165 = AXIS2_PLACEMENT_3D('',#3166,#3167,#3168);
#3166 = CARTESIAN_POINT('',(22.639978531338,-36.85982346866,0.));
#3167 = DIRECTION('',(0.,0.,-1.));
#3168 = DIRECTION('',(-2.884294730441E-05,-0.999999999584,-0.));
#3169 = ADVANCED_FACE('',(#3170),#3181,.T.);
#3170 = FACE_BOUND('',#3171,.T.);
#3171 = EDGE_LOOP('',(#3172,#3173,#3174,#3180));
#3172 = ORIENTED_EDGE('',*,*,#3141,.T.);
#3173 = ORIENTED_EDGE('',*,*,#2857,.T.);
#3174 = ORIENTED_EDGE('',*,*,#3175,.F.);
#3175 = EDGE_CURVE('',#2532,#2850,#3176,.T.);
#3176 = LINE('',#3177,#3178);
#3177 = CARTESIAN_POINT('',(34.939892,-39.15991,0.));
#3178 = VECTOR('',#3179,1.);
#3179 = DIRECTION('',(0.,0.,1.));
#3180 = ORIENTED_EDGE('',*,*,#2539,.F.);
#3181 = CYLINDRICAL_SURFACE('',#3182,0.699999135627);
#3182 = AXIS2_PLACEMENT_3D('',#3183,#3184,#3185);
#3183 = CARTESIAN_POINT('',(35.639891135627,-39.15991086437,0.));
#3184 = DIRECTION('',(0.,0.,-1.));
#3185 = DIRECTION('',(1.234820349747E-06,-0.999999999999,0.));
#3186 = ADVANCED_FACE('',(#3187),#3198,.T.);
#3187 = FACE_BOUND('',#3188,.T.);
#3188 = EDGE_LOOP('',(#3189,#3195,#3196,#3197));
#3189 = ORIENTED_EDGE('',*,*,#3190,.T.);
#3190 = EDGE_CURVE('',#2481,#2799,#3191,.T.);
#3191 = LINE('',#3192,#3193);
#3192 = CARTESIAN_POINT('',(27.939892,-39.85991,0.));
#3193 = VECTOR('',#3194,1.);
#3194 = DIRECTION('',(0.,0.,1.));
#3195 = ORIENTED_EDGE('',*,*,#2798,.T.);
#3196 = ORIENTED_EDGE('',*,*,#3156,.F.);
#3197 = ORIENTED_EDGE('',*,*,#2480,.F.);
#3198 = PLANE('',#3199);
#3199 = AXIS2_PLACEMENT_3D('',#3200,#3201,#3202);
#3200 = CARTESIAN_POINT('',(27.939892,-39.85991,0.));
#3201 = DIRECTION('',(0.,-1.,0.));
#3202 = DIRECTION('',(-1.,0.,0.));
#3203 = ADVANCED_FACE('',(#3204),#3215,.T.);
#3204 = FACE_BOUND('',#3205,.T.);
#3205 = EDGE_LOOP('',(#3206,#3207,#3208,#3214));
#3206 = ORIENTED_EDGE('',*,*,#3175,.T.);
#3207 = ORIENTED_EDGE('',*,*,#2849,.T.);
#3208 = ORIENTED_EDGE('',*,*,#3209,.F.);
#3209 = EDGE_CURVE('',#2523,#2841,#3210,.T.);
#3210 = LINE('',#3211,#3212);
#3211 = CARTESIAN_POINT('',(34.939892,-37.55991,0.));
#3212 = VECTOR('',#3213,1.);
#3213 = DIRECTION('',(0.,0.,1.));
#3214 = ORIENTED_EDGE('',*,*,#2531,.F.);
#3215 = PLANE('',#3216);
#3216 = AXIS2_PLACEMENT_3D('',#3217,#3218,#3219);
#3217 = CARTESIAN_POINT('',(34.939892,-39.15991,0.));
#3218 = DIRECTION('',(-1.,0.,0.));
#3219 = DIRECTION('',(0.,1.,0.));
#3220 = ADVANCED_FACE('',(#3221),#3232,.T.);
#3221 = FACE_BOUND('',#3222,.T.);
#3222 = EDGE_LOOP('',(#3223,#3229,#3230,#3231));
#3223 = ORIENTED_EDGE('',*,*,#3224,.T.);
#3224 = EDGE_CURVE('',#2489,#2807,#3225,.T.);
#3225 = LINE('',#3226,#3227);
#3226 = CARTESIAN_POINT('',(28.639892,-39.15991,0.));
#3227 = VECTOR('',#3228,1.);
#3228 = DIRECTION('',(0.,0.,1.));
#3229 = ORIENTED_EDGE('',*,*,#2806,.T.);
#3230 = ORIENTED_EDGE('',*,*,#3190,.F.);
#3231 = ORIENTED_EDGE('',*,*,#2488,.F.);
#3232 = CYLINDRICAL_SURFACE('',#3233,0.699999135627);
#3233 = AXIS2_PLACEMENT_3D('',#3234,#3235,#3236);
#3234 = CARTESIAN_POINT('',(27.939892864373,-39.15991086437,0.));
#3235 = DIRECTION('',(0.,0.,-1.));
#3236 = DIRECTION('',(0.999999999999,1.234820329446E-06,0.));
#3237 = ADVANCED_FACE('',(#3238),#3249,.F.);
#3238 = FACE_BOUND('',#3239,.T.);
#3239 = EDGE_LOOP('',(#3240,#3241,#3242,#3248));
#3240 = ORIENTED_EDGE('',*,*,#3209,.T.);
#3241 = ORIENTED_EDGE('',*,*,#2840,.T.);
#3242 = ORIENTED_EDGE('',*,*,#3243,.F.);
#3243 = EDGE_CURVE('',#2515,#2833,#3244,.T.);
#3244 = LINE('',#3245,#3246);
#3245 = CARTESIAN_POINT('',(34.239892,-36.85991,0.));
#3246 = VECTOR('',#3247,1.);
#3247 = DIRECTION('',(0.,0.,1.));
#3248 = ORIENTED_EDGE('',*,*,#2522,.F.);
#3249 = CYLINDRICAL_SURFACE('',#3250,0.699999135627);
#3250 = AXIS2_PLACEMENT_3D('',#3251,#3252,#3253);
#3251 = CARTESIAN_POINT('',(34.239892864373,-37.55990913562,0.));
#3252 = DIRECTION('',(-0.,-0.,-1.));
#3253 = DIRECTION('',(0.999999999999,-1.234820359898E-06,0.));
#3254 = ADVANCED_FACE('',(#3255),#3266,.T.);
#3255 = FACE_BOUND('',#3256,.T.);
#3256 = EDGE_LOOP('',(#3257,#3263,#3264,#3265));
#3257 = ORIENTED_EDGE('',*,*,#3258,.T.);
#3258 = EDGE_CURVE('',#2498,#2816,#3259,.T.);
#3259 = LINE('',#3260,#3261);
#3260 = CARTESIAN_POINT('',(28.639892,-37.55991,0.));
#3261 = VECTOR('',#3262,1.);
#3262 = DIRECTION('',(0.,0.,1.));
#3263 = ORIENTED_EDGE('',*,*,#2815,.T.);
#3264 = ORIENTED_EDGE('',*,*,#3224,.F.);
#3265 = ORIENTED_EDGE('',*,*,#2497,.F.);
#3266 = PLANE('',#3267);
#3267 = AXIS2_PLACEMENT_3D('',#3268,#3269,#3270);
#3268 = CARTESIAN_POINT('',(28.639892,-37.55991,0.));
#3269 = DIRECTION('',(1.,0.,-0.));
#3270 = DIRECTION('',(0.,-1.,0.));
#3271 = ADVANCED_FACE('',(#3272),#3283,.T.);
#3272 = FACE_BOUND('',#3273,.T.);
#3273 = EDGE_LOOP('',(#3274,#3275,#3276,#3282));
#3274 = ORIENTED_EDGE('',*,*,#3243,.T.);
#3275 = ORIENTED_EDGE('',*,*,#2832,.T.);
#3276 = ORIENTED_EDGE('',*,*,#3277,.F.);
#3277 = EDGE_CURVE('',#2506,#2824,#3278,.T.);
#3278 = LINE('',#3279,#3280);
#3279 = CARTESIAN_POINT('',(29.339892,-36.85991,0.));
#3280 = VECTOR('',#3281,1.);
#3281 = DIRECTION('',(0.,0.,1.));
#3282 = ORIENTED_EDGE('',*,*,#2514,.F.);
#3283 = PLANE('',#3284);
#3284 = AXIS2_PLACEMENT_3D('',#3285,#3286,#3287);
#3285 = CARTESIAN_POINT('',(34.239892,-36.85991,0.));
#3286 = DIRECTION('',(0.,-1.,0.));
#3287 = DIRECTION('',(-1.,0.,0.));
#3288 = ADVANCED_FACE('',(#3289),#3295,.F.);
#3289 = FACE_BOUND('',#3290,.T.);
#3290 = EDGE_LOOP('',(#3291,#3292,#3293,#3294));
#3291 = ORIENTED_EDGE('',*,*,#3277,.T.);
#3292 = ORIENTED_EDGE('',*,*,#2823,.T.);
#3293 = ORIENTED_EDGE('',*,*,#3258,.F.);
#3294 = ORIENTED_EDGE('',*,*,#2505,.F.);
#3295 = CYLINDRICAL_SURFACE('',#3296,0.699999135627);
#3296 = AXIS2_PLACEMENT_3D('',#3297,#3298,#3299);
#3297 = CARTESIAN_POINT('',(29.339891135627,-37.55990913562,0.));
#3298 = DIRECTION('',(-0.,-0.,-1.));
#3299 = DIRECTION('',(1.234820339597E-06,0.999999999999,-0.));
#3300 = ADVANCED_FACE('',(#3301),#3312,.F.);
#3301 = FACE_BOUND('',#3302,.T.);
#3302 = EDGE_LOOP('',(#3303,#3304,#3310,#3311));
#3303 = ORIENTED_EDGE('',*,*,#2566,.T.);
#3304 = ORIENTED_EDGE('',*,*,#3305,.T.);
#3305 = EDGE_CURVE('',#2567,#2885,#3306,.T.);
#3306 = LINE('',#3307,#3308);
#3307 = CARTESIAN_POINT('',(22.018892,-37.72166,-4.6E-02));
#3308 = VECTOR('',#3309,1.);
#3309 = DIRECTION('',(0.,0.,1.));
#3310 = ORIENTED_EDGE('',*,*,#2884,.F.);
#3311 = ORIENTED_EDGE('',*,*,#3305,.F.);
#3312 = CYLINDRICAL_SURFACE('',#3313,0.5);
#3313 = AXIS2_PLACEMENT_3D('',#3314,#3315,#3316);
#3314 = CARTESIAN_POINT('',(22.018892,-37.22166,-4.6E-02));
#3315 = DIRECTION('',(-0.,-0.,-1.));
#3316 = DIRECTION('',(-0.,-1.,0.));
#3317 = ADVANCED_FACE('',(#3318),#3329,.F.);
#3318 = FACE_BOUND('',#3319,.T.);
#3319 = EDGE_LOOP('',(#3320,#3321,#3327,#3328));
#3320 = ORIENTED_EDGE('',*,*,#2577,.T.);
#3321 = ORIENTED_EDGE('',*,*,#3322,.T.);
#3322 = EDGE_CURVE('',#2578,#2896,#3323,.T.);
#3323 = LINE('',#3324,#3325);
#3324 = CARTESIAN_POINT('',(22.018892,-35.18166,-4.6E-02));
#3325 = VECTOR('',#3326,1.);
#3326 = DIRECTION('',(0.,0.,1.));
#3327 = ORIENTED_EDGE('',*,*,#2895,.F.);
#3328 = ORIENTED_EDGE('',*,*,#3322,.F.);
#3329 = CYLINDRICAL_SURFACE('',#3330,0.5);
#3330 = AXIS2_PLACEMENT_3D('',#3331,#3332,#3333);
#3331 = CARTESIAN_POINT('',(22.018892,-34.68166,-4.6E-02));
#3332 = DIRECTION('',(-0.,-0.,-1.));
#3333 = DIRECTION('',(-0.,-1.,0.));
#3334 = ADVANCED_FACE('',(#3335),#3346,.F.);
#3335 = FACE_BOUND('',#3336,.T.);
#3336 = EDGE_LOOP('',(#3337,#3338,#3344,#3345));
#3337 = ORIENTED_EDGE('',*,*,#2588,.T.);
#3338 = ORIENTED_EDGE('',*,*,#3339,.T.);
#3339 = EDGE_CURVE('',#2589,#2907,#3340,.T.);
#3340 = LINE('',#3341,#3342);
#3341 = CARTESIAN_POINT('',(22.018892,-32.64166,-4.6E-02));
#3342 = VECTOR('',#3343,1.);
#3343 = DIRECTION('',(0.,0.,1.));
#3344 = ORIENTED_EDGE('',*,*,#2906,.F.);
#3345 = ORIENTED_EDGE('',*,*,#3339,.F.);
#3346 = CYLINDRICAL_SURFACE('',#3347,0.5);
#3347 = AXIS2_PLACEMENT_3D('',#3348,#3349,#3350);
#3348 = CARTESIAN_POINT('',(22.018892,-32.14166,-4.6E-02));
#3349 = DIRECTION('',(-0.,-0.,-1.));
#3350 = DIRECTION('',(-0.,-1.,0.));
#3351 = ADVANCED_FACE('',(#3352),#3363,.F.);
#3352 = FACE_BOUND('',#3353,.T.);
#3353 = EDGE_LOOP('',(#3354,#3355,#3361,#3362));
#3354 = ORIENTED_EDGE('',*,*,#2599,.T.);
#3355 = ORIENTED_EDGE('',*,*,#3356,.T.);
#3356 = EDGE_CURVE('',#2600,#2918,#3357,.T.);
#3357 = LINE('',#3358,#3359);
#3358 = CARTESIAN_POINT('',(37.258892,-37.72166,-4.6E-02));
#3359 = VECTOR('',#3360,1.);
#3360 = DIRECTION('',(0.,0.,1.));
#3361 = ORIENTED_EDGE('',*,*,#2917,.F.);
#3362 = ORIENTED_EDGE('',*,*,#3356,.F.);
#3363 = CYLINDRICAL_SURFACE('',#3364,0.5);
#3364 = AXIS2_PLACEMENT_3D('',#3365,#3366,#3367);
#3365 = CARTESIAN_POINT('',(37.258892,-37.22166,-4.6E-02));
#3366 = DIRECTION('',(-0.,-0.,-1.));
#3367 = DIRECTION('',(-0.,-1.,0.));
#3368 = ADVANCED_FACE('',(#3369),#3380,.F.);
#3369 = FACE_BOUND('',#3370,.T.);
#3370 = EDGE_LOOP('',(#3371,#3372,#3378,#3379));
#3371 = ORIENTED_EDGE('',*,*,#2610,.T.);
#3372 = ORIENTED_EDGE('',*,*,#3373,.T.);
#3373 = EDGE_CURVE('',#2611,#2929,#3374,.T.);
#3374 = LINE('',#3375,#3376);
#3375 = CARTESIAN_POINT('',(37.258892,-35.18166,-4.6E-02));
#3376 = VECTOR('',#3377,1.);
#3377 = DIRECTION('',(0.,0.,1.));
#3378 = ORIENTED_EDGE('',*,*,#2928,.F.);
#3379 = ORIENTED_EDGE('',*,*,#3373,.F.);
#3380 = CYLINDRICAL_SURFACE('',#3381,0.5);
#3381 = AXIS2_PLACEMENT_3D('',#3382,#3383,#3384);
#3382 = CARTESIAN_POINT('',(37.258892,-34.68166,-4.6E-02));
#3383 = DIRECTION('',(-0.,-0.,-1.));
#3384 = DIRECTION('',(-0.,-1.,0.));
#3385 = ADVANCED_FACE('',(#3386),#3397,.F.);
#3386 = FACE_BOUND('',#3387,.T.);
#3387 = EDGE_LOOP('',(#3388,#3389,#3395,#3396));
#3388 = ORIENTED_EDGE('',*,*,#2621,.T.);
#3389 = ORIENTED_EDGE('',*,*,#3390,.T.);
#3390 = EDGE_CURVE('',#2622,#2940,#3391,.T.);
#3391 = LINE('',#3392,#3393);
#3392 = CARTESIAN_POINT('',(30.599892,-31.25991,-4.6E-02));
#3393 = VECTOR('',#3394,1.);
#3394 = DIRECTION('',(0.,0.,1.));
#3395 = ORIENTED_EDGE('',*,*,#2939,.F.);
#3396 = ORIENTED_EDGE('',*,*,#3390,.F.);
#3397 = CYLINDRICAL_SURFACE('',#3398,0.5);
#3398 = AXIS2_PLACEMENT_3D('',#3399,#3400,#3401);
#3399 = CARTESIAN_POINT('',(30.599892,-30.75991,-4.6E-02));
#3400 = DIRECTION('',(-0.,-0.,-1.));
#3401 = DIRECTION('',(-0.,-1.,0.));
#3402 = ADVANCED_FACE('',(#3403),#3414,.F.);
#3403 = FACE_BOUND('',#3404,.T.);
#3404 = EDGE_LOOP('',(#3405,#3406,#3412,#3413));
#3405 = ORIENTED_EDGE('',*,*,#2632,.T.);
#3406 = ORIENTED_EDGE('',*,*,#3407,.T.);
#3407 = EDGE_CURVE('',#2633,#2951,#3408,.T.);
#3408 = LINE('',#3409,#3410);
#3409 = CARTESIAN_POINT('',(33.139892,-31.25991,-4.6E-02));
#3410 = VECTOR('',#3411,1.);
#3411 = DIRECTION('',(0.,0.,1.));
#3412 = ORIENTED_EDGE('',*,*,#2950,.F.);
#3413 = ORIENTED_EDGE('',*,*,#3407,.F.);
#3414 = CYLINDRICAL_SURFACE('',#3415,0.5);
#3415 = AXIS2_PLACEMENT_3D('',#3416,#3417,#3418);
#3416 = CARTESIAN_POINT('',(33.139892,-30.75991,-4.6E-02));
#3417 = DIRECTION('',(-0.,-0.,-1.));
#3418 = DIRECTION('',(-0.,-1.,0.));
#3419 = ADVANCED_FACE('',(#3420),#3431,.F.);
#3420 = FACE_BOUND('',#3421,.T.);
#3421 = EDGE_LOOP('',(#3422,#3423,#3429,#3430));
#3422 = ORIENTED_EDGE('',*,*,#2643,.T.);
#3423 = ORIENTED_EDGE('',*,*,#3424,.T.);
#3424 = EDGE_CURVE('',#2644,#2962,#3425,.T.);
#3425 = LINE('',#3426,#3427);
#3426 = CARTESIAN_POINT('',(37.258892,-32.64166,-4.6E-02));
#3427 = VECTOR('',#3428,1.);
#3428 = DIRECTION('',(0.,0.,1.));
#3429 = ORIENTED_EDGE('',*,*,#2961,.F.);
#3430 = ORIENTED_EDGE('',*,*,#3424,.F.);
#3431 = CYLINDRICAL_SURFACE('',#3432,0.5);
#3432 = AXIS2_PLACEMENT_3D('',#3433,#3434,#3435);
#3433 = CARTESIAN_POINT('',(37.258892,-32.14166,-4.6E-02));
#3434 = DIRECTION('',(-0.,-0.,-1.));
#3435 = DIRECTION('',(-0.,-1.,0.));
#3436 = ADVANCED_FACE('',(#3437),#3448,.F.);
#3437 = FACE_BOUND('',#3438,.T.);
#3438 = EDGE_LOOP('',(#3439,#3440,#3446,#3447));
#3439 = ORIENTED_EDGE('',*,*,#2654,.T.);
#3440 = ORIENTED_EDGE('',*,*,#3441,.T.);
#3441 = EDGE_CURVE('',#2655,#2973,#3442,.T.);
#3442 = LINE('',#3443,#3444);
#3443 = CARTESIAN_POINT('',(22.018892,-30.10166,-4.6E-02));
#3444 = VECTOR('',#3445,1.);
#3445 = DIRECTION('',(0.,0.,1.));
#3446 = ORIENTED_EDGE('',*,*,#2972,.F.);
#3447 = ORIENTED_EDGE('',*,*,#3441,.F.);
#3448 = CYLINDRICAL_SURFACE('',#3449,0.5);
#3449 = AXIS2_PLACEMENT_3D('',#3450,#3451,#3452);
#3450 = CARTESIAN_POINT('',(22.018892,-29.60166,-4.6E-02));
#3451 = DIRECTION('',(-0.,-0.,-1.));
#3452 = DIRECTION('',(-0.,-1.,0.));
#3453 = ADVANCED_FACE('',(#3454),#3465,.F.);
#3454 = FACE_BOUND('',#3455,.T.);
#3455 = EDGE_LOOP('',(#3456,#3457,#3463,#3464));
#3456 = ORIENTED_EDGE('',*,*,#2665,.T.);
#3457 = ORIENTED_EDGE('',*,*,#3458,.T.);
#3458 = EDGE_CURVE('',#2666,#2984,#3459,.T.);
#3459 = LINE('',#3460,#3461);
#3460 = CARTESIAN_POINT('',(22.018892,-27.56166,-4.6E-02));
#3461 = VECTOR('',#3462,1.);
#3462 = DIRECTION('',(0.,0.,1.));
#3463 = ORIENTED_EDGE('',*,*,#2983,.F.);
#3464 = ORIENTED_EDGE('',*,*,#3458,.F.);
#3465 = CYLINDRICAL_SURFACE('',#3466,0.5);
#3466 = AXIS2_PLACEMENT_3D('',#3467,#3468,#3469);
#3467 = CARTESIAN_POINT('',(22.018892,-27.06166,-4.6E-02));
#3468 = DIRECTION('',(-0.,-0.,-1.));
#3469 = DIRECTION('',(-0.,-1.,0.));
#3470 = ADVANCED_FACE('',(#3471),#3482,.F.);
#3471 = FACE_BOUND('',#3472,.T.);
#3472 = EDGE_LOOP('',(#3473,#3474,#3480,#3481));
#3473 = ORIENTED_EDGE('',*,*,#2676,.T.);
#3474 = ORIENTED_EDGE('',*,*,#3475,.T.);
#3475 = EDGE_CURVE('',#2677,#2995,#3476,.T.);
#3476 = LINE('',#3477,#3478);
#3477 = CARTESIAN_POINT('',(22.018892,-25.02166,-4.6E-02));
#3478 = VECTOR('',#3479,1.);
#3479 = DIRECTION('',(0.,0.,1.));
#3480 = ORIENTED_EDGE('',*,*,#2994,.F.);
#3481 = ORIENTED_EDGE('',*,*,#3475,.F.);
#3482 = CYLINDRICAL_SURFACE('',#3483,0.5);
#3483 = AXIS2_PLACEMENT_3D('',#3484,#3485,#3486);
#3484 = CARTESIAN_POINT('',(22.018892,-24.52166,-4.6E-02));
#3485 = DIRECTION('',(-0.,-0.,-1.));
#3486 = DIRECTION('',(-0.,-1.,0.));
#3487 = ADVANCED_FACE('',(#3488),#3499,.F.);
#3488 = FACE_BOUND('',#3489,.T.);
#3489 = EDGE_LOOP('',(#3490,#3491,#3497,#3498));
#3490 = ORIENTED_EDGE('',*,*,#2687,.T.);
#3491 = ORIENTED_EDGE('',*,*,#3492,.T.);
#3492 = EDGE_CURVE('',#2688,#3006,#3493,.T.);
#3493 = LINE('',#3494,#3495);
#3494 = CARTESIAN_POINT('',(22.018892,-22.48166,-4.6E-02));
#3495 = VECTOR('',#3496,1.);
#3496 = DIRECTION('',(0.,0.,1.));
#3497 = ORIENTED_EDGE('',*,*,#3005,.F.);
#3498 = ORIENTED_EDGE('',*,*,#3492,.F.);
#3499 = CYLINDRICAL_SURFACE('',#3500,0.5);
#3500 = AXIS2_PLACEMENT_3D('',#3501,#3502,#3503);
#3501 = CARTESIAN_POINT('',(22.018892,-21.98166,-4.6E-02));
#3502 = DIRECTION('',(-0.,-0.,-1.));
#3503 = DIRECTION('',(-0.,-1.,0.));
#3504 = ADVANCED_FACE('',(#3505),#3516,.F.);
#3505 = FACE_BOUND('',#3506,.T.);
#3506 = EDGE_LOOP('',(#3507,#3508,#3514,#3515));
#3507 = ORIENTED_EDGE('',*,*,#2698,.T.);
#3508 = ORIENTED_EDGE('',*,*,#3509,.T.);
#3509 = EDGE_CURVE('',#2699,#3017,#3510,.T.);
#3510 = LINE('',#3511,#3512);
#3511 = CARTESIAN_POINT('',(30.599892,-28.71991,-4.6E-02));
#3512 = VECTOR('',#3513,1.);
#3513 = DIRECTION('',(0.,0.,1.));
#3514 = ORIENTED_EDGE('',*,*,#3016,.F.);
#3515 = ORIENTED_EDGE('',*,*,#3509,.F.);
#3516 = CYLINDRICAL_SURFACE('',#3517,0.5);
#3517 = AXIS2_PLACEMENT_3D('',#3518,#3519,#3520);
#3518 = CARTESIAN_POINT('',(30.599892,-28.21991,-4.6E-02));
#3519 = DIRECTION('',(-0.,-0.,-1.));
#3520 = DIRECTION('',(-0.,-1.,0.));
#3521 = ADVANCED_FACE('',(#3522),#3533,.F.);
#3522 = FACE_BOUND('',#3523,.T.);
#3523 = EDGE_LOOP('',(#3524,#3525,#3531,#3532));
#3524 = ORIENTED_EDGE('',*,*,#2709,.T.);
#3525 = ORIENTED_EDGE('',*,*,#3526,.T.);
#3526 = EDGE_CURVE('',#2710,#3028,#3527,.T.);
#3527 = LINE('',#3528,#3529);
#3528 = CARTESIAN_POINT('',(33.139892,-28.71991,-4.6E-02));
#3529 = VECTOR('',#3530,1.);
#3530 = DIRECTION('',(0.,0.,1.));
#3531 = ORIENTED_EDGE('',*,*,#3027,.F.);
#3532 = ORIENTED_EDGE('',*,*,#3526,.F.);
#3533 = CYLINDRICAL_SURFACE('',#3534,0.5);
#3534 = AXIS2_PLACEMENT_3D('',#3535,#3536,#3537);
#3535 = CARTESIAN_POINT('',(33.139892,-28.21991,-4.6E-02));
#3536 = DIRECTION('',(-0.,-0.,-1.));
#3537 = DIRECTION('',(-0.,-1.,0.));
#3538 = ADVANCED_FACE('',(#3539),#3550,.F.);
#3539 = FACE_BOUND('',#3540,.T.);
#3540 = EDGE_LOOP('',(#3541,#3542,#3548,#3549));
#3541 = ORIENTED_EDGE('',*,*,#2720,.T.);
#3542 = ORIENTED_EDGE('',*,*,#3543,.T.);
#3543 = EDGE_CURVE('',#2721,#3039,#3544,.T.);
#3544 = LINE('',#3545,#3546);
#3545 = CARTESIAN_POINT('',(37.258892,-30.10166,-4.6E-02));
#3546 = VECTOR('',#3547,1.);
#3547 = DIRECTION('',(0.,0.,1.));
#3548 = ORIENTED_EDGE('',*,*,#3038,.F.);
#3549 = ORIENTED_EDGE('',*,*,#3543,.F.);
#3550 = CYLINDRICAL_SURFACE('',#3551,0.5);
#3551 = AXIS2_PLACEMENT_3D('',#3552,#3553,#3554);
#3552 = CARTESIAN_POINT('',(37.258892,-29.60166,-4.6E-02));
#3553 = DIRECTION('',(-0.,-0.,-1.));
#3554 = DIRECTION('',(-0.,-1.,0.));
#3555 = ADVANCED_FACE('',(#3556),#3567,.F.);
#3556 = FACE_BOUND('',#3557,.T.);
#3557 = EDGE_LOOP('',(#3558,#3559,#3565,#3566));
#3558 = ORIENTED_EDGE('',*,*,#2731,.T.);
#3559 = ORIENTED_EDGE('',*,*,#3560,.T.);
#3560 = EDGE_CURVE('',#2732,#3050,#3561,.T.);
#3561 = LINE('',#3562,#3563);
#3562 = CARTESIAN_POINT('',(37.258892,-27.56166,-4.6E-02));
#3563 = VECTOR('',#3564,1.);
#3564 = DIRECTION('',(0.,0.,1.));
#3565 = ORIENTED_EDGE('',*,*,#3049,.F.);
#3566 = ORIENTED_EDGE('',*,*,#3560,.F.);
#3567 = CYLINDRICAL_SURFACE('',#3568,0.5);
#3568 = AXIS2_PLACEMENT_3D('',#3569,#3570,#3571);
#3569 = CARTESIAN_POINT('',(37.258892,-27.06166,-4.6E-02));
#3570 = DIRECTION('',(-0.,-0.,-1.));
#3571 = DIRECTION('',(-0.,-1.,0.));
#3572 = ADVANCED_FACE('',(#3573),#3584,.F.);
#3573 = FACE_BOUND('',#3574,.T.);
#3574 = EDGE_LOOP('',(#3575,#3576,#3582,#3583));
#3575 = ORIENTED_EDGE('',*,*,#2742,.T.);
#3576 = ORIENTED_EDGE('',*,*,#3577,.T.);
#3577 = EDGE_CURVE('',#2743,#3061,#3578,.T.);
#3578 = LINE('',#3579,#3580);
#3579 = CARTESIAN_POINT('',(37.258892,-25.02166,-4.6E-02));
#3580 = VECTOR('',#3581,1.);
#3581 = DIRECTION('',(0.,0.,1.));
#3582 = ORIENTED_EDGE('',*,*,#3060,.F.);
#3583 = ORIENTED_EDGE('',*,*,#3577,.F.);
#3584 = CYLINDRICAL_SURFACE('',#3585,0.5);
#3585 = AXIS2_PLACEMENT_3D('',#3586,#3587,#3588);
#3586 = CARTESIAN_POINT('',(37.258892,-24.52166,-4.6E-02));
#3587 = DIRECTION('',(-0.,-0.,-1.));
#3588 = DIRECTION('',(-0.,-1.,0.));
#3589 = ADVANCED_FACE('',(#3590),#3601,.F.);
#3590 = FACE_BOUND('',#3591,.T.);
#3591 = EDGE_LOOP('',(#3592,#3593,#3599,#3600));
#3592 = ORIENTED_EDGE('',*,*,#2753,.T.);
#3593 = ORIENTED_EDGE('',*,*,#3594,.T.);
#3594 = EDGE_CURVE('',#2754,#3072,#3595,.T.);
#3595 = LINE('',#3596,#3597);
#3596 = CARTESIAN_POINT('',(37.258892,-22.48166,-4.6E-02));
#3597 = VECTOR('',#3598,1.);
#3598 = DIRECTION('',(0.,0.,1.));
#3599 = ORIENTED_EDGE('',*,*,#3071,.F.);
#3600 = ORIENTED_EDGE('',*,*,#3594,.F.);
#3601 = CYLINDRICAL_SURFACE('',#3602,0.5);
#3602 = AXIS2_PLACEMENT_3D('',#3603,#3604,#3605);
#3603 = CARTESIAN_POINT('',(37.258892,-21.98166,-4.6E-02));
#3604 = DIRECTION('',(-0.,-0.,-1.));
#3605 = DIRECTION('',(-0.,-1.,0.));
#3606 = ( GEOMETRIC_REPRESENTATION_CONTEXT(3) 
GLOBAL_UNCERTAINTY_ASSIGNED_CONTEXT((#3610)) 
GLOBAL_UNIT_ASSIGNED_CONTEXT((#3607,#3608,#3609)) REPRESENTATION_CONTEXT
('Context #1','3D Context with UNIT and UNCERTAINTY') );
#3607 = ( LENGTH_UNIT() NAMED_UNIT(*) SI_UNIT(.MILLI.,.METRE.) );
#3608 = ( NAMED_UNIT(*) PLANE_ANGLE_UNIT() SI_UNIT($,.RADIAN.) );
#3609 = ( NAMED_UNIT(*) SI_UNIT($,.STERADIAN.) SOLID_ANGLE_UNIT() );
#3610 = UNCERTAINTY_MEASURE_WITH_UNIT(LENGTH_MEASURE(1.E-07),#3607,
  'distance_accuracy_value','confusion accuracy');
#3611 = CONTEXT_DEPENDENT_SHAPE_REPRESENTATION(#3612,#3614);
#3612 = ( REPRESENTATION_RELATIONSHIP('','',#2341,#10) 
REPRESENTATION_RELATIONSHIP_WITH_TRANSFORMATION(#3613) 
SHAPE_REPRESENTATION_RELATIONSHIP() );
#3613 = ITEM_DEFINED_TRANSFORMATION('','',#11,#35);
#3614 = PRODUCT_DEFINITION_SHAPE('Placement','Placement of an item',
  #3615);
#3615 = NEXT_ASSEMBLY_USAGE_OCCURRENCE('6','=>[0:1:1:5]','',#5,#2336,$);
#3616 = PRODUCT_RELATED_PRODUCT_CATEGORY('part',$,(#2338));
#3617 = MECHANICAL_DESIGN_GEOMETRIC_PRESENTATION_REPRESENTATION('',(
    #3618),#3606);
#3618 = STYLED_ITEM('color',(#3619),#2342);
#3619 = PRESENTATION_STYLE_ASSIGNMENT((#3620));
#3620 = SURFACE_STYLE_USAGE(.BOTH.,#3621);
#3621 = SURFACE_SIDE_STYLE('',(#3622));
#3622 = SURFACE_STYLE_FILL_AREA(#3623);
#3623 = FILL_AREA_STYLE('',(#3624));
#3624 = FILL_AREA_STYLE_COLOUR('',#3625);
#3625 = COLOUR_RGB('',0.313304153717,0.484529207832,0.410020903123);
ENDSEC;
END-ISO-10303-21;
