ISO-10303-21;
HEADER;
FILE_DESCRIPTION(('KiCad electronic assembly'),'2;1');
FILE_NAME('BUS_CONN.step','2026-01-03T12:26:32',('Pcbnew'),('Kicad'),
  'Open CASCADE STEP processor 7.6','KiCad to STEP converter','Unknown'
  );
FILE_SCHEMA(('AUTOMOTIVE_DESIGN { 1 0 10303 214 1 1 1 1 }'));
ENDSEC;
DATA;
#1 = APPLICATION_PROTOCOL_DEFINITION('international standard',
  'automotive_design',2000,#2);
#2 = APPLICATION_CONTEXT(
  'core data for automotive mechanical design processes');
#3 = SHAPE_DEFINITION_REPRESENTATION(#4,#10);
#4 = PRODUCT_DEFINITION_SHAPE('','',#5);
#5 = PRODUCT_DEFINITION('design','',#6,#9);
#6 = PRODUCT_DEFINITION_FORMATION('','',#7);
#7 = PRODUCT('BUS_CONN 1','BUS_CONN 1','',(#8));
#8 = PRODUCT_CONTEXT('',#2,'mechanical');
#9 = PRODUCT_DEFINITION_CONTEXT('part definition',#2,'design');
#10 = SHAPE_REPRESENTATION('',(#11,#15,#19,#23,#27,#31,#35,#39,#43,#47,
    #51,#55,#59,#63,#67,#71,#75,#79,#83,#87,#91,#95,#99,#103,#107,#111,
    #115,#119,#123,#127,#131,#135,#139,#143,#147,#151,#155,#159),#163);
#11 = AXIS2_PLACEMENT_3D('',#12,#13,#14);
#12 = CARTESIAN_POINT('',(0.,0.,0.));
#13 = DIRECTION('',(0.,0.,1.));
#14 = DIRECTION('',(1.,0.,-0.));
#15 = AXIS2_PLACEMENT_3D('',#16,#17,#18);
#16 = CARTESIAN_POINT('',(140.159892,-123.96991,1.595));
#17 = DIRECTION('',(0.,0.,1.));
#18 = DIRECTION('',(-1.,1.224646799147E-16,0.));
#19 = AXIS2_PLACEMENT_3D('',#20,#21,#22);
#20 = CARTESIAN_POINT('',(119.839892,-88.40991,1.595));
#21 = DIRECTION('',(0.,0.,1.));
#22 = DIRECTION('',(1.,0.,0.));
#23 = AXIS2_PLACEMENT_3D('',#24,#25,#26);
#24 = CARTESIAN_POINT('',(140.159892,-116.34991,1.595));
#25 = DIRECTION('',(0.,0.,1.));
#26 = DIRECTION('',(-1.,1.224646799147E-16,0.));
#27 = AXIS2_PLACEMENT_3D('',#28,#29,#30);
#28 = CARTESIAN_POINT('',(140.159892,-103.64991,1.595));
#29 = DIRECTION('',(0.,0.,1.));
#30 = DIRECTION('',(-1.,1.224646799147E-16,0.));
#31 = AXIS2_PLACEMENT_3D('',#32,#33,#34);
#32 = CARTESIAN_POINT('',(119.839892,-118.88991,1.595));
#33 = DIRECTION('',(0.,0.,1.));
#34 = DIRECTION('',(1.,0.,0.));
#35 = AXIS2_PLACEMENT_3D('',#36,#37,#38);
#36 = CARTESIAN_POINT('',(140.159892,-111.26991,1.595));
#37 = DIRECTION('',(0.,0.,1.));
#38 = DIRECTION('',(-1.,1.224646799147E-16,0.));
#39 = AXIS2_PLACEMENT_3D('',#40,#41,#42);
#40 = CARTESIAN_POINT('',(119.839892,-129.04991,1.595));
#41 = DIRECTION('',(0.,0.,1.));
#42 = DIRECTION('',(1.,0.,0.));
#43 = AXIS2_PLACEMENT_3D('',#44,#45,#46);
#44 = CARTESIAN_POINT('',(140.159892,-113.80991,1.595));
#45 = DIRECTION('',(0.,0.,1.));
#46 = DIRECTION('',(-1.,1.224646799147E-16,0.));
#47 = AXIS2_PLACEMENT_3D('',#48,#49,#50);
#48 = CARTESIAN_POINT('',(119.839892,-123.96991,1.595));
#49 = DIRECTION('',(0.,0.,1.));
#50 = DIRECTION('',(1.,0.,0.));
#51 = AXIS2_PLACEMENT_3D('',#52,#53,#54);
#52 = CARTESIAN_POINT('',(140.159892,-98.56991,1.595));
#53 = DIRECTION('',(0.,0.,1.));
#54 = DIRECTION('',(-1.,1.224646799147E-16,0.));
#55 = AXIS2_PLACEMENT_3D('',#56,#57,#58);
#56 = CARTESIAN_POINT('',(140.159892,-118.88991,1.595));
#57 = DIRECTION('',(0.,0.,1.));
#58 = DIRECTION('',(-1.,1.224646799147E-16,0.));
#59 = AXIS2_PLACEMENT_3D('',#60,#61,#62);
#60 = CARTESIAN_POINT('',(119.839892,-111.26991,1.595));
#61 = DIRECTION('',(0.,0.,1.));
#62 = DIRECTION('',(1.,0.,0.));
#63 = AXIS2_PLACEMENT_3D('',#64,#65,#66);
#64 = CARTESIAN_POINT('',(140.159892,-126.50991,1.595));
#65 = DIRECTION('',(0.,0.,1.));
#66 = DIRECTION('',(-1.,1.224646799147E-16,0.));
#67 = AXIS2_PLACEMENT_3D('',#68,#69,#70);
#68 = CARTESIAN_POINT('',(140.159892,-88.40991,1.595));
#69 = DIRECTION('',(0.,0.,1.));
#70 = DIRECTION('',(-1.,1.224646799147E-16,0.));
#71 = AXIS2_PLACEMENT_3D('',#72,#73,#74);
#72 = CARTESIAN_POINT('',(119.839892,-90.94991,1.595));
#73 = DIRECTION('',(0.,0.,1.));
#74 = DIRECTION('',(1.,0.,0.));
#75 = AXIS2_PLACEMENT_3D('',#76,#77,#78);
#76 = CARTESIAN_POINT('',(119.839892,-106.18991,1.595));
#77 = DIRECTION('',(0.,0.,1.));
#78 = DIRECTION('',(1.,0.,0.));
#79 = AXIS2_PLACEMENT_3D('',#80,#81,#82);
#80 = CARTESIAN_POINT('',(119.839892,-103.64991,1.595));
#81 = DIRECTION('',(0.,0.,1.));
#82 = DIRECTION('',(1.,0.,0.));
#83 = AXIS2_PLACEMENT_3D('',#84,#85,#86);
#84 = CARTESIAN_POINT('',(140.159892,-96.02991,1.595));
#85 = DIRECTION('',(0.,0.,1.));
#86 = DIRECTION('',(-1.,1.224646799147E-16,0.));
#87 = AXIS2_PLACEMENT_3D('',#88,#89,#90);
#88 = CARTESIAN_POINT('',(119.839892,-126.50991,1.595));
#89 = DIRECTION('',(0.,0.,1.));
#90 = DIRECTION('',(1.,0.,0.));
#91 = AXIS2_PLACEMENT_3D('',#92,#93,#94);
#92 = CARTESIAN_POINT('',(119.839892,-116.34991,1.595));
#93 = DIRECTION('',(0.,0.,1.));
#94 = DIRECTION('',(1.,0.,0.));
#95 = AXIS2_PLACEMENT_3D('',#96,#97,#98);
#96 = CARTESIAN_POINT('',(140.159892,-131.58991,1.595));
#97 = DIRECTION('',(0.,0.,1.));
#98 = DIRECTION('',(-1.,1.224646799147E-16,0.));
#99 = AXIS2_PLACEMENT_3D('',#100,#101,#102);
#100 = CARTESIAN_POINT('',(119.839892,-98.56991,1.595));
#101 = DIRECTION('',(0.,0.,1.));
#102 = DIRECTION('',(1.,0.,0.));
#103 = AXIS2_PLACEMENT_3D('',#104,#105,#106);
#104 = CARTESIAN_POINT('',(140.159892,-106.18991,1.595));
#105 = DIRECTION('',(0.,0.,1.));
#106 = DIRECTION('',(-1.,1.224646799147E-16,0.));
#107 = AXIS2_PLACEMENT_3D('',#108,#109,#110);
#108 = CARTESIAN_POINT('',(140.159892,-121.42991,1.595));
#109 = DIRECTION('',(0.,0.,1.));
#110 = DIRECTION('',(-1.,1.224646799147E-16,0.));
#111 = AXIS2_PLACEMENT_3D('',#112,#113,#114);
#112 = CARTESIAN_POINT('',(119.839892,-131.58991,1.595));
#113 = DIRECTION('',(0.,0.,1.));
#114 = DIRECTION('',(1.,0.,0.));
#115 = AXIS2_PLACEMENT_3D('',#116,#117,#118);
#116 = CARTESIAN_POINT('',(140.159892,-90.94991,1.595));
#117 = DIRECTION('',(0.,0.,1.));
#118 = DIRECTION('',(-1.,1.224646799147E-16,0.));
#119 = AXIS2_PLACEMENT_3D('',#120,#121,#122);
#120 = CARTESIAN_POINT('',(140.159892,-101.10991,1.595));
#121 = DIRECTION('',(0.,0.,1.));
#122 = DIRECTION('',(-1.,1.224646799147E-16,0.));
#123 = AXIS2_PLACEMENT_3D('',#124,#125,#126);
#124 = CARTESIAN_POINT('',(119.839892,-96.02991,1.595));
#125 = DIRECTION('',(0.,0.,1.));
#126 = DIRECTION('',(1.,0.,0.));
#127 = AXIS2_PLACEMENT_3D('',#128,#129,#130);
#128 = CARTESIAN_POINT('',(119.839892,-121.42991,1.595));
#129 = DIRECTION('',(0.,0.,1.));
#130 = DIRECTION('',(1.,0.,0.));
#131 = AXIS2_PLACEMENT_3D('',#132,#133,#134);
#132 = CARTESIAN_POINT('',(119.839892,-113.80991,1.595));
#133 = DIRECTION('',(0.,0.,1.));
#134 = DIRECTION('',(1.,0.,0.));
#135 = AXIS2_PLACEMENT_3D('',#136,#137,#138);
#136 = CARTESIAN_POINT('',(119.839892,-93.48991,1.595));
#137 = DIRECTION('',(0.,0.,1.));
#138 = DIRECTION('',(1.,0.,0.));
#139 = AXIS2_PLACEMENT_3D('',#140,#141,#142);
#140 = CARTESIAN_POINT('',(119.839892,-101.10991,1.595));
#141 = DIRECTION('',(0.,0.,1.));
#142 = DIRECTION('',(1.,0.,0.));
#143 = AXIS2_PLACEMENT_3D('',#144,#145,#146);
#144 = CARTESIAN_POINT('',(119.839892,-108.72991,1.595));
#145 = DIRECTION('',(0.,0.,1.));
#146 = DIRECTION('',(1.,0.,0.));
#147 = AXIS2_PLACEMENT_3D('',#148,#149,#150);
#148 = CARTESIAN_POINT('',(140.159892,-129.04991,1.595));
#149 = DIRECTION('',(0.,0.,1.));
#150 = DIRECTION('',(-1.,1.224646799147E-16,0.));
#151 = AXIS2_PLACEMENT_3D('',#152,#153,#154);
#152 = CARTESIAN_POINT('',(140.159892,-108.72991,1.595));
#153 = DIRECTION('',(0.,0.,1.));
#154 = DIRECTION('',(-1.,1.224646799147E-16,0.));
#155 = AXIS2_PLACEMENT_3D('',#156,#157,#158);
#156 = CARTESIAN_POINT('',(140.159892,-93.48991,1.595));
#157 = DIRECTION('',(0.,0.,1.));
#158 = DIRECTION('',(-1.,1.224646799147E-16,0.));
#159 = AXIS2_PLACEMENT_3D('',#160,#161,#162);
#160 = CARTESIAN_POINT('',(0.,0.,0.));
#161 = DIRECTION('',(0.,0.,1.));
#162 = DIRECTION('',(1.,0.,-0.));
#163 = ( GEOMETRIC_REPRESENTATION_CONTEXT(3) 
GLOBAL_UNCERTAINTY_ASSIGNED_CONTEXT((#167)) GLOBAL_UNIT_ASSIGNED_CONTEXT
((#164,#165,#166)) REPRESENTATION_CONTEXT('Context #1',
  '3D Context with UNIT and UNCERTAINTY') );
#164 = ( LENGTH_UNIT() NAMED_UNIT(*) SI_UNIT(.MILLI.,.METRE.) );
#165 = ( NAMED_UNIT(*) PLANE_ANGLE_UNIT() SI_UNIT($,.RADIAN.) );
#166 = ( NAMED_UNIT(*) SI_UNIT($,.STERADIAN.) SOLID_ANGLE_UNIT() );
#167 = UNCERTAINTY_MEASURE_WITH_UNIT(LENGTH_MEASURE(1.E-07),#164,
  'distance_accuracy_value','confusion accuracy');
#168 = PRODUCT_RELATED_PRODUCT_CATEGORY('part',$,(#7));
#169 = SHAPE_DEFINITION_REPRESENTATION(#170,#176);
#170 = PRODUCT_DEFINITION_SHAPE('','',#171);
#171 = PRODUCT_DEFINITION('design','',#172,#175);
#172 = PRODUCT_DEFINITION_FORMATION('','',#173);
#173 = PRODUCT('PinHeader_1x01_P2.54mm_Vertical',
  'PinHeader_1x01_P2.54mm_Vertical','',(#174));
#174 = PRODUCT_CONTEXT('',#2,'mechanical');
#175 = PRODUCT_DEFINITION_CONTEXT('part definition',#2,'design');
#176 = ADVANCED_BREP_SHAPE_REPRESENTATION('',(#11,#177),#935);
#177 = MANIFOLD_SOLID_BREP('',#178);
#178 = CLOSED_SHELL('',(#179,#219,#250,#281,#364,#447,#464,#481,#498,
    #515,#527,#558,#582,#606,#623,#654,#678,#702,#719,#750,#774,#798,
    #815,#846,#870,#894,#911,#923));
#179 = ADVANCED_FACE('',(#180),#214,.F.);
#180 = FACE_BOUND('',#181,.F.);
#181 = EDGE_LOOP('',(#182,#192,#200,#208));
#182 = ORIENTED_EDGE('',*,*,#183,.T.);
#183 = EDGE_CURVE('',#184,#186,#188,.T.);
#184 = VERTEX_POINT('',#185);
#185 = CARTESIAN_POINT('',(-1.016,1.27,0.));
#186 = VERTEX_POINT('',#187);
#187 = CARTESIAN_POINT('',(-1.016,1.27,2.54));
#188 = LINE('',#189,#190);
#189 = CARTESIAN_POINT('',(-1.016,1.27,0.));
#190 = VECTOR('',#191,1.);
#191 = DIRECTION('',(0.,0.,1.));
#192 = ORIENTED_EDGE('',*,*,#193,.T.);
#193 = EDGE_CURVE('',#186,#194,#196,.T.);
#194 = VERTEX_POINT('',#195);
#195 = CARTESIAN_POINT('',(-1.27,1.016,2.54));
#196 = LINE('',#197,#198);
#197 = CARTESIAN_POINT('',(-1.016,1.27,2.54));
#198 = VECTOR('',#199,1.);
#199 = DIRECTION('',(-0.707106781187,-0.707106781187,0.));
#200 = ORIENTED_EDGE('',*,*,#201,.F.);
#201 = EDGE_CURVE('',#202,#194,#204,.T.);
#202 = VERTEX_POINT('',#203);
#203 = CARTESIAN_POINT('',(-1.27,1.016,0.));
#204 = LINE('',#205,#206);
#205 = CARTESIAN_POINT('',(-1.27,1.016,0.));
#206 = VECTOR('',#207,1.);
#207 = DIRECTION('',(0.,0.,1.));
#208 = ORIENTED_EDGE('',*,*,#209,.F.);
#209 = EDGE_CURVE('',#184,#202,#210,.T.);
#210 = LINE('',#211,#212);
#211 = CARTESIAN_POINT('',(-1.016,1.27,0.));
#212 = VECTOR('',#213,1.);
#213 = DIRECTION('',(-0.707106781187,-0.707106781187,0.));
#214 = PLANE('',#215);
#215 = AXIS2_PLACEMENT_3D('',#216,#217,#218);
#216 = CARTESIAN_POINT('',(-1.016,1.27,0.));
#217 = DIRECTION('',(0.707106781187,-0.707106781187,0.));
#218 = DIRECTION('',(-0.707106781187,-0.707106781187,0.));
#219 = ADVANCED_FACE('',(#220),#245,.F.);
#220 = FACE_BOUND('',#221,.F.);
#221 = EDGE_LOOP('',(#222,#232,#238,#239));
#222 = ORIENTED_EDGE('',*,*,#223,.T.);
#223 = EDGE_CURVE('',#224,#226,#228,.T.);
#224 = VERTEX_POINT('',#225);
#225 = CARTESIAN_POINT('',(1.016,1.27,0.));
#226 = VERTEX_POINT('',#227);
#227 = CARTESIAN_POINT('',(1.016,1.27,2.54));
#228 = LINE('',#229,#230);
#229 = CARTESIAN_POINT('',(1.016,1.27,0.));
#230 = VECTOR('',#231,1.);
#231 = DIRECTION('',(0.,0.,1.));
#232 = ORIENTED_EDGE('',*,*,#233,.T.);
#233 = EDGE_CURVE('',#226,#186,#234,.T.);
#234 = LINE('',#235,#236);
#235 = CARTESIAN_POINT('',(1.016,1.27,2.54));
#236 = VECTOR('',#237,1.);
#237 = DIRECTION('',(-1.,0.,0.));
#238 = ORIENTED_EDGE('',*,*,#183,.F.);
#239 = ORIENTED_EDGE('',*,*,#240,.F.);
#240 = EDGE_CURVE('',#224,#184,#241,.T.);
#241 = LINE('',#242,#243);
#242 = CARTESIAN_POINT('',(1.016,1.27,0.));
#243 = VECTOR('',#244,1.);
#244 = DIRECTION('',(-1.,0.,0.));
#245 = PLANE('',#246);
#246 = AXIS2_PLACEMENT_3D('',#247,#248,#249);
#247 = CARTESIAN_POINT('',(1.016,1.27,0.));
#248 = DIRECTION('',(0.,-1.,0.));
#249 = DIRECTION('',(-1.,0.,0.));
#250 = ADVANCED_FACE('',(#251),#276,.F.);
#251 = FACE_BOUND('',#252,.F.);
#252 = EDGE_LOOP('',(#253,#254,#262,#270));
#253 = ORIENTED_EDGE('',*,*,#201,.T.);
#254 = ORIENTED_EDGE('',*,*,#255,.T.);
#255 = EDGE_CURVE('',#194,#256,#258,.T.);
#256 = VERTEX_POINT('',#257);
#257 = CARTESIAN_POINT('',(-1.27,-1.016,2.54));
#258 = LINE('',#259,#260);
#259 = CARTESIAN_POINT('',(-1.27,1.016,2.54));
#260 = VECTOR('',#261,1.);
#261 = DIRECTION('',(0.,-1.,0.));
#262 = ORIENTED_EDGE('',*,*,#263,.F.);
#263 = EDGE_CURVE('',#264,#256,#266,.T.);
#264 = VERTEX_POINT('',#265);
#265 = CARTESIAN_POINT('',(-1.27,-1.016,0.));
#266 = LINE('',#267,#268);
#267 = CARTESIAN_POINT('',(-1.27,-1.016,0.));
#268 = VECTOR('',#269,1.);
#269 = DIRECTION('',(0.,0.,1.));
#270 = ORIENTED_EDGE('',*,*,#271,.F.);
#271 = EDGE_CURVE('',#202,#264,#272,.T.);
#272 = LINE('',#273,#274);
#273 = CARTESIAN_POINT('',(-1.27,1.016,0.));
#274 = VECTOR('',#275,1.);
#275 = DIRECTION('',(0.,-1.,0.));
#276 = PLANE('',#277);
#277 = AXIS2_PLACEMENT_3D('',#278,#279,#280);
#278 = CARTESIAN_POINT('',(-1.27,1.016,0.));
#279 = DIRECTION('',(1.,0.,0.));
#280 = DIRECTION('',(0.,-1.,0.));
#281 = ADVANCED_FACE('',(#282,#325),#359,.F.);
#282 = FACE_BOUND('',#283,.F.);
#283 = EDGE_LOOP('',(#284,#285,#286,#294,#302,#310,#318,#324));
#284 = ORIENTED_EDGE('',*,*,#209,.T.);
#285 = ORIENTED_EDGE('',*,*,#271,.T.);
#286 = ORIENTED_EDGE('',*,*,#287,.T.);
#287 = EDGE_CURVE('',#264,#288,#290,.T.);
#288 = VERTEX_POINT('',#289);
#289 = CARTESIAN_POINT('',(-1.016,-1.27,0.));
#290 = LINE('',#291,#292);
#291 = CARTESIAN_POINT('',(-1.27,-1.016,0.));
#292 = VECTOR('',#293,1.);
#293 = DIRECTION('',(0.707106781187,-0.707106781187,0.));
#294 = ORIENTED_EDGE('',*,*,#295,.T.);
#295 = EDGE_CURVE('',#288,#296,#298,.T.);
#296 = VERTEX_POINT('',#297);
#297 = CARTESIAN_POINT('',(1.016,-1.27,0.));
#298 = LINE('',#299,#300);
#299 = CARTESIAN_POINT('',(-1.016,-1.27,0.));
#300 = VECTOR('',#301,1.);
#301 = DIRECTION('',(1.,0.,0.));
#302 = ORIENTED_EDGE('',*,*,#303,.T.);
#303 = EDGE_CURVE('',#296,#304,#306,.T.);
#304 = VERTEX_POINT('',#305);
#305 = CARTESIAN_POINT('',(1.27,-1.016,0.));
#306 = LINE('',#307,#308);
#307 = CARTESIAN_POINT('',(1.016,-1.27,0.));
#308 = VECTOR('',#309,1.);
#309 = DIRECTION('',(0.707106781187,0.707106781187,0.));
#310 = ORIENTED_EDGE('',*,*,#311,.T.);
#311 = EDGE_CURVE('',#304,#312,#314,.T.);
#312 = VERTEX_POINT('',#313);
#313 = CARTESIAN_POINT('',(1.27,1.016,0.));
#314 = LINE('',#315,#316);
#315 = CARTESIAN_POINT('',(1.27,-1.016,0.));
#316 = VECTOR('',#317,1.);
#317 = DIRECTION('',(0.,1.,0.));
#318 = ORIENTED_EDGE('',*,*,#319,.T.);
#319 = EDGE_CURVE('',#312,#224,#320,.T.);
#320 = LINE('',#321,#322);
#321 = CARTESIAN_POINT('',(1.27,1.016,0.));
#322 = VECTOR('',#323,1.);
#323 = DIRECTION('',(-0.707106781187,0.707106781187,0.));
#324 = ORIENTED_EDGE('',*,*,#240,.T.);
#325 = FACE_BOUND('',#326,.F.);
#326 = EDGE_LOOP('',(#327,#337,#345,#353));
#327 = ORIENTED_EDGE('',*,*,#328,.T.);
#328 = EDGE_CURVE('',#329,#331,#333,.T.);
#329 = VERTEX_POINT('',#330);
#330 = CARTESIAN_POINT('',(0.32,-0.32,0.));
#331 = VERTEX_POINT('',#332);
#332 = CARTESIAN_POINT('',(-0.32,-0.32,0.));
#333 = LINE('',#334,#335);
#334 = CARTESIAN_POINT('',(-0.16,-0.32,0.));
#335 = VECTOR('',#336,1.);
#336 = DIRECTION('',(-1.,0.,0.));
#337 = ORIENTED_EDGE('',*,*,#338,.T.);
#338 = EDGE_CURVE('',#331,#339,#341,.T.);
#339 = VERTEX_POINT('',#340);
#340 = CARTESIAN_POINT('',(-0.32,0.32,0.));
#341 = LINE('',#342,#343);
#342 = CARTESIAN_POINT('',(-0.32,-0.16,0.));
#343 = VECTOR('',#344,1.);
#344 = DIRECTION('',(0.,1.,0.));
#345 = ORIENTED_EDGE('',*,*,#346,.F.);
#346 = EDGE_CURVE('',#347,#339,#349,.T.);
#347 = VERTEX_POINT('',#348);
#348 = CARTESIAN_POINT('',(0.32,0.32,0.));
#349 = LINE('',#350,#351);
#350 = CARTESIAN_POINT('',(-0.16,0.32,0.));
#351 = VECTOR('',#352,1.);
#352 = DIRECTION('',(-1.,0.,0.));
#353 = ORIENTED_EDGE('',*,*,#354,.F.);
#354 = EDGE_CURVE('',#329,#347,#355,.T.);
#355 = LINE('',#356,#357);
#356 = CARTESIAN_POINT('',(0.32,-0.16,0.));
#357 = VECTOR('',#358,1.);
#358 = DIRECTION('',(0.,1.,0.));
#359 = PLANE('',#360);
#360 = AXIS2_PLACEMENT_3D('',#361,#362,#363);
#361 = CARTESIAN_POINT('',(2.321466769849E-17,4.642933539699E-17,0.));
#362 = DIRECTION('',(0.,0.,1.));
#363 = DIRECTION('',(1.,0.,-0.));
#364 = ADVANCED_FACE('',(#365,#408),#442,.T.);
#365 = FACE_BOUND('',#366,.T.);
#366 = EDGE_LOOP('',(#367,#368,#369,#377,#385,#393,#401,#407));
#367 = ORIENTED_EDGE('',*,*,#193,.T.);
#368 = ORIENTED_EDGE('',*,*,#255,.T.);
#369 = ORIENTED_EDGE('',*,*,#370,.T.);
#370 = EDGE_CURVE('',#256,#371,#373,.T.);
#371 = VERTEX_POINT('',#372);
#372 = CARTESIAN_POINT('',(-1.016,-1.27,2.54));
#373 = LINE('',#374,#375);
#374 = CARTESIAN_POINT('',(-1.27,-1.016,2.54));
#375 = VECTOR('',#376,1.);
#376 = DIRECTION('',(0.707106781187,-0.707106781187,0.));
#377 = ORIENTED_EDGE('',*,*,#378,.T.);
#378 = EDGE_CURVE('',#371,#379,#381,.T.);
#379 = VERTEX_POINT('',#380);
#380 = CARTESIAN_POINT('',(1.016,-1.27,2.54));
#381 = LINE('',#382,#383);
#382 = CARTESIAN_POINT('',(-1.016,-1.27,2.54));
#383 = VECTOR('',#384,1.);
#384 = DIRECTION('',(1.,0.,0.));
#385 = ORIENTED_EDGE('',*,*,#386,.T.);
#386 = EDGE_CURVE('',#379,#387,#389,.T.);
#387 = VERTEX_POINT('',#388);
#388 = CARTESIAN_POINT('',(1.27,-1.016,2.54));
#389 = LINE('',#390,#391);
#390 = CARTESIAN_POINT('',(1.016,-1.27,2.54));
#391 = VECTOR('',#392,1.);
#392 = DIRECTION('',(0.707106781187,0.707106781187,0.));
#393 = ORIENTED_EDGE('',*,*,#394,.T.);
#394 = EDGE_CURVE('',#387,#395,#397,.T.);
#395 = VERTEX_POINT('',#396);
#396 = CARTESIAN_POINT('',(1.27,1.016,2.54));
#397 = LINE('',#398,#399);
#398 = CARTESIAN_POINT('',(1.27,-1.016,2.54));
#399 = VECTOR('',#400,1.);
#400 = DIRECTION('',(0.,1.,0.));
#401 = ORIENTED_EDGE('',*,*,#402,.T.);
#402 = EDGE_CURVE('',#395,#226,#403,.T.);
#403 = LINE('',#404,#405);
#404 = CARTESIAN_POINT('',(1.27,1.016,2.54));
#405 = VECTOR('',#406,1.);
#406 = DIRECTION('',(-0.707106781187,0.707106781187,0.));
#407 = ORIENTED_EDGE('',*,*,#233,.T.);
#408 = FACE_BOUND('',#409,.T.);
#409 = EDGE_LOOP('',(#410,#420,#428,#436));
#410 = ORIENTED_EDGE('',*,*,#411,.T.);
#411 = EDGE_CURVE('',#412,#414,#416,.T.);
#412 = VERTEX_POINT('',#413);
#413 = CARTESIAN_POINT('',(0.32,-0.32,2.54));
#414 = VERTEX_POINT('',#415);
#415 = CARTESIAN_POINT('',(-0.32,-0.32,2.54));
#416 = LINE('',#417,#418);
#417 = CARTESIAN_POINT('',(-0.16,-0.32,2.54));
#418 = VECTOR('',#419,1.);
#419 = DIRECTION('',(-1.,0.,0.));
#420 = ORIENTED_EDGE('',*,*,#421,.T.);
#421 = EDGE_CURVE('',#414,#422,#424,.T.);
#422 = VERTEX_POINT('',#423);
#423 = CARTESIAN_POINT('',(-0.32,0.32,2.54));
#424 = LINE('',#425,#426);
#425 = CARTESIAN_POINT('',(-0.32,-0.16,2.54));
#426 = VECTOR('',#427,1.);
#427 = DIRECTION('',(0.,1.,0.));
#428 = ORIENTED_EDGE('',*,*,#429,.F.);
#429 = EDGE_CURVE('',#430,#422,#432,.T.);
#430 = VERTEX_POINT('',#431);
#431 = CARTESIAN_POINT('',(0.32,0.32,2.54));
#432 = LINE('',#433,#434);
#433 = CARTESIAN_POINT('',(-0.16,0.32,2.54));
#434 = VECTOR('',#435,1.);
#435 = DIRECTION('',(-1.,0.,0.));
#436 = ORIENTED_EDGE('',*,*,#437,.F.);
#437 = EDGE_CURVE('',#412,#430,#438,.T.);
#438 = LINE('',#439,#440);
#439 = CARTESIAN_POINT('',(0.32,-0.16,2.54));
#440 = VECTOR('',#441,1.);
#441 = DIRECTION('',(0.,1.,0.));
#442 = PLANE('',#443);
#443 = AXIS2_PLACEMENT_3D('',#444,#445,#446);
#444 = CARTESIAN_POINT('',(2.321466769849E-17,4.642933539699E-17,2.54));
#445 = DIRECTION('',(0.,0.,1.));
#446 = DIRECTION('',(1.,0.,-0.));
#447 = ADVANCED_FACE('',(#448),#459,.F.);
#448 = FACE_BOUND('',#449,.F.);
#449 = EDGE_LOOP('',(#450,#456,#457,#458));
#450 = ORIENTED_EDGE('',*,*,#451,.T.);
#451 = EDGE_CURVE('',#312,#395,#452,.T.);
#452 = LINE('',#453,#454);
#453 = CARTESIAN_POINT('',(1.27,1.016,0.));
#454 = VECTOR('',#455,1.);
#455 = DIRECTION('',(0.,0.,1.));
#456 = ORIENTED_EDGE('',*,*,#402,.T.);
#457 = ORIENTED_EDGE('',*,*,#223,.F.);
#458 = ORIENTED_EDGE('',*,*,#319,.F.);
#459 = PLANE('',#460);
#460 = AXIS2_PLACEMENT_3D('',#461,#462,#463);
#461 = CARTESIAN_POINT('',(1.27,1.016,0.));
#462 = DIRECTION('',(-0.707106781187,-0.707106781187,0.));
#463 = DIRECTION('',(-0.707106781187,0.707106781187,0.));
#464 = ADVANCED_FACE('',(#465),#476,.F.);
#465 = FACE_BOUND('',#466,.F.);
#466 = EDGE_LOOP('',(#467,#468,#469,#475));
#467 = ORIENTED_EDGE('',*,*,#263,.T.);
#468 = ORIENTED_EDGE('',*,*,#370,.T.);
#469 = ORIENTED_EDGE('',*,*,#470,.F.);
#470 = EDGE_CURVE('',#288,#371,#471,.T.);
#471 = LINE('',#472,#473);
#472 = CARTESIAN_POINT('',(-1.016,-1.27,0.));
#473 = VECTOR('',#474,1.);
#474 = DIRECTION('',(0.,0.,1.));
#475 = ORIENTED_EDGE('',*,*,#287,.F.);
#476 = PLANE('',#477);
#477 = AXIS2_PLACEMENT_3D('',#478,#479,#480);
#478 = CARTESIAN_POINT('',(-1.27,-1.016,0.));
#479 = DIRECTION('',(0.707106781187,0.707106781187,0.));
#480 = DIRECTION('',(0.707106781187,-0.707106781187,0.));
#481 = ADVANCED_FACE('',(#482),#493,.F.);
#482 = FACE_BOUND('',#483,.F.);
#483 = EDGE_LOOP('',(#484,#490,#491,#492));
#484 = ORIENTED_EDGE('',*,*,#485,.T.);
#485 = EDGE_CURVE('',#304,#387,#486,.T.);
#486 = LINE('',#487,#488);
#487 = CARTESIAN_POINT('',(1.27,-1.016,0.));
#488 = VECTOR('',#489,1.);
#489 = DIRECTION('',(0.,0.,1.));
#490 = ORIENTED_EDGE('',*,*,#394,.T.);
#491 = ORIENTED_EDGE('',*,*,#451,.F.);
#492 = ORIENTED_EDGE('',*,*,#311,.F.);
#493 = PLANE('',#494);
#494 = AXIS2_PLACEMENT_3D('',#495,#496,#497);
#495 = CARTESIAN_POINT('',(1.27,-1.016,0.));
#496 = DIRECTION('',(-1.,0.,0.));
#497 = DIRECTION('',(0.,1.,0.));
#498 = ADVANCED_FACE('',(#499),#510,.F.);
#499 = FACE_BOUND('',#500,.F.);
#500 = EDGE_LOOP('',(#501,#502,#503,#509));
#501 = ORIENTED_EDGE('',*,*,#470,.T.);
#502 = ORIENTED_EDGE('',*,*,#378,.T.);
#503 = ORIENTED_EDGE('',*,*,#504,.F.);
#504 = EDGE_CURVE('',#296,#379,#505,.T.);
#505 = LINE('',#506,#507);
#506 = CARTESIAN_POINT('',(1.016,-1.27,0.));
#507 = VECTOR('',#508,1.);
#508 = DIRECTION('',(0.,0.,1.));
#509 = ORIENTED_EDGE('',*,*,#295,.F.);
#510 = PLANE('',#511);
#511 = AXIS2_PLACEMENT_3D('',#512,#513,#514);
#512 = CARTESIAN_POINT('',(-1.016,-1.27,0.));
#513 = DIRECTION('',(0.,1.,0.));
#514 = DIRECTION('',(1.,0.,0.));
#515 = ADVANCED_FACE('',(#516),#522,.F.);
#516 = FACE_BOUND('',#517,.F.);
#517 = EDGE_LOOP('',(#518,#519,#520,#521));
#518 = ORIENTED_EDGE('',*,*,#504,.T.);
#519 = ORIENTED_EDGE('',*,*,#386,.T.);
#520 = ORIENTED_EDGE('',*,*,#485,.F.);
#521 = ORIENTED_EDGE('',*,*,#303,.F.);
#522 = PLANE('',#523);
#523 = AXIS2_PLACEMENT_3D('',#524,#525,#526);
#524 = CARTESIAN_POINT('',(1.016,-1.27,0.));
#525 = DIRECTION('',(-0.707106781187,0.707106781187,0.));
#526 = DIRECTION('',(0.707106781187,0.707106781187,0.));
#527 = ADVANCED_FACE('',(#528),#553,.F.);
#528 = FACE_BOUND('',#529,.F.);
#529 = EDGE_LOOP('',(#530,#538,#546,#552));
#530 = ORIENTED_EDGE('',*,*,#531,.F.);
#531 = EDGE_CURVE('',#532,#329,#534,.T.);
#532 = VERTEX_POINT('',#533);
#533 = CARTESIAN_POINT('',(0.32,-0.32,-2.84));
#534 = LINE('',#535,#536);
#535 = CARTESIAN_POINT('',(0.32,-0.32,-3.));
#536 = VECTOR('',#537,1.);
#537 = DIRECTION('',(0.,0.,1.));
#538 = ORIENTED_EDGE('',*,*,#539,.F.);
#539 = EDGE_CURVE('',#540,#532,#542,.T.);
#540 = VERTEX_POINT('',#541);
#541 = CARTESIAN_POINT('',(-0.32,-0.32,-2.84));
#542 = LINE('',#543,#544);
#543 = CARTESIAN_POINT('',(-0.32,-0.32,-2.84));
#544 = VECTOR('',#545,1.);
#545 = DIRECTION('',(1.,0.,0.));
#546 = ORIENTED_EDGE('',*,*,#547,.T.);
#547 = EDGE_CURVE('',#540,#331,#548,.T.);
#548 = LINE('',#549,#550);
#549 = CARTESIAN_POINT('',(-0.32,-0.32,-3.));
#550 = VECTOR('',#551,1.);
#551 = DIRECTION('',(0.,0.,1.));
#552 = ORIENTED_EDGE('',*,*,#328,.F.);
#553 = PLANE('',#554);
#554 = AXIS2_PLACEMENT_3D('',#555,#556,#557);
#555 = CARTESIAN_POINT('',(-0.32,-0.32,-3.));
#556 = DIRECTION('',(0.,1.,0.));
#557 = DIRECTION('',(0.,-0.,1.));
#558 = ADVANCED_FACE('',(#559),#577,.T.);
#559 = FACE_BOUND('',#560,.T.);
#560 = EDGE_LOOP('',(#561,#562,#570,#576));
#561 = ORIENTED_EDGE('',*,*,#531,.F.);
#562 = ORIENTED_EDGE('',*,*,#563,.T.);
#563 = EDGE_CURVE('',#532,#564,#566,.T.);
#564 = VERTEX_POINT('',#565);
#565 = CARTESIAN_POINT('',(0.32,0.32,-2.84));
#566 = LINE('',#567,#568);
#567 = CARTESIAN_POINT('',(0.32,-0.32,-2.84));
#568 = VECTOR('',#569,1.);
#569 = DIRECTION('',(0.,1.,0.));
#570 = ORIENTED_EDGE('',*,*,#571,.T.);
#571 = EDGE_CURVE('',#564,#347,#572,.T.);
#572 = LINE('',#573,#574);
#573 = CARTESIAN_POINT('',(0.32,0.32,-3.));
#574 = VECTOR('',#575,1.);
#575 = DIRECTION('',(0.,0.,1.));
#576 = ORIENTED_EDGE('',*,*,#354,.F.);
#577 = PLANE('',#578);
#578 = AXIS2_PLACEMENT_3D('',#579,#580,#581);
#579 = CARTESIAN_POINT('',(0.32,-0.32,-3.));
#580 = DIRECTION('',(1.,0.,0.));
#581 = DIRECTION('',(0.,0.,1.));
#582 = ADVANCED_FACE('',(#583),#601,.T.);
#583 = FACE_BOUND('',#584,.T.);
#584 = EDGE_LOOP('',(#585,#586,#594,#600));
#585 = ORIENTED_EDGE('',*,*,#571,.F.);
#586 = ORIENTED_EDGE('',*,*,#587,.F.);
#587 = EDGE_CURVE('',#588,#564,#590,.T.);
#588 = VERTEX_POINT('',#589);
#589 = CARTESIAN_POINT('',(-0.32,0.32,-2.84));
#590 = LINE('',#591,#592);
#591 = CARTESIAN_POINT('',(-0.32,0.32,-2.84));
#592 = VECTOR('',#593,1.);
#593 = DIRECTION('',(1.,0.,0.));
#594 = ORIENTED_EDGE('',*,*,#595,.T.);
#595 = EDGE_CURVE('',#588,#339,#596,.T.);
#596 = LINE('',#597,#598);
#597 = CARTESIAN_POINT('',(-0.32,0.32,-3.));
#598 = VECTOR('',#599,1.);
#599 = DIRECTION('',(0.,0.,1.));
#600 = ORIENTED_EDGE('',*,*,#346,.F.);
#601 = PLANE('',#602);
#602 = AXIS2_PLACEMENT_3D('',#603,#604,#605);
#603 = CARTESIAN_POINT('',(-0.32,0.32,-3.));
#604 = DIRECTION('',(0.,1.,0.));
#605 = DIRECTION('',(0.,-0.,1.));
#606 = ADVANCED_FACE('',(#607),#618,.F.);
#607 = FACE_BOUND('',#608,.F.);
#608 = EDGE_LOOP('',(#609,#610,#616,#617));
#609 = ORIENTED_EDGE('',*,*,#547,.F.);
#610 = ORIENTED_EDGE('',*,*,#611,.T.);
#611 = EDGE_CURVE('',#540,#588,#612,.T.);
#612 = LINE('',#613,#614);
#613 = CARTESIAN_POINT('',(-0.32,-0.32,-2.84));
#614 = VECTOR('',#615,1.);
#615 = DIRECTION('',(0.,1.,0.));
#616 = ORIENTED_EDGE('',*,*,#595,.T.);
#617 = ORIENTED_EDGE('',*,*,#338,.F.);
#618 = PLANE('',#619);
#619 = AXIS2_PLACEMENT_3D('',#620,#621,#622);
#620 = CARTESIAN_POINT('',(-0.32,-0.32,-3.));
#621 = DIRECTION('',(1.,0.,0.));
#622 = DIRECTION('',(0.,0.,1.));
#623 = ADVANCED_FACE('',(#624),#649,.F.);
#624 = FACE_BOUND('',#625,.F.);
#625 = EDGE_LOOP('',(#626,#634,#635,#643));
#626 = ORIENTED_EDGE('',*,*,#627,.F.);
#627 = EDGE_CURVE('',#412,#628,#630,.T.);
#628 = VERTEX_POINT('',#629);
#629 = CARTESIAN_POINT('',(0.32,-0.32,8.38));
#630 = LINE('',#631,#632);
#631 = CARTESIAN_POINT('',(0.32,-0.32,-3.));
#632 = VECTOR('',#633,1.);
#633 = DIRECTION('',(0.,0.,1.));
#634 = ORIENTED_EDGE('',*,*,#411,.T.);
#635 = ORIENTED_EDGE('',*,*,#636,.T.);
#636 = EDGE_CURVE('',#414,#637,#639,.T.);
#637 = VERTEX_POINT('',#638);
#638 = CARTESIAN_POINT('',(-0.32,-0.32,8.38));
#639 = LINE('',#640,#641);
#640 = CARTESIAN_POINT('',(-0.32,-0.32,-3.));
#641 = VECTOR('',#642,1.);
#642 = DIRECTION('',(0.,0.,1.));
#643 = ORIENTED_EDGE('',*,*,#644,.T.);
#644 = EDGE_CURVE('',#637,#628,#645,.T.);
#645 = LINE('',#646,#647);
#646 = CARTESIAN_POINT('',(-0.32,-0.32,8.38));
#647 = VECTOR('',#648,1.);
#648 = DIRECTION('',(1.,0.,0.));
#649 = PLANE('',#650);
#650 = AXIS2_PLACEMENT_3D('',#651,#652,#653);
#651 = CARTESIAN_POINT('',(-0.32,-0.32,-3.));
#652 = DIRECTION('',(0.,1.,0.));
#653 = DIRECTION('',(0.,-0.,1.));
#654 = ADVANCED_FACE('',(#655),#673,.T.);
#655 = FACE_BOUND('',#656,.T.);
#656 = EDGE_LOOP('',(#657,#658,#659,#667));
#657 = ORIENTED_EDGE('',*,*,#627,.F.);
#658 = ORIENTED_EDGE('',*,*,#437,.T.);
#659 = ORIENTED_EDGE('',*,*,#660,.T.);
#660 = EDGE_CURVE('',#430,#661,#663,.T.);
#661 = VERTEX_POINT('',#662);
#662 = CARTESIAN_POINT('',(0.32,0.32,8.38));
#663 = LINE('',#664,#665);
#664 = CARTESIAN_POINT('',(0.32,0.32,-3.));
#665 = VECTOR('',#666,1.);
#666 = DIRECTION('',(0.,0.,1.));
#667 = ORIENTED_EDGE('',*,*,#668,.F.);
#668 = EDGE_CURVE('',#628,#661,#669,.T.);
#669 = LINE('',#670,#671);
#670 = CARTESIAN_POINT('',(0.32,-0.32,8.38));
#671 = VECTOR('',#672,1.);
#672 = DIRECTION('',(0.,1.,0.));
#673 = PLANE('',#674);
#674 = AXIS2_PLACEMENT_3D('',#675,#676,#677);
#675 = CARTESIAN_POINT('',(0.32,-0.32,-3.));
#676 = DIRECTION('',(1.,0.,0.));
#677 = DIRECTION('',(0.,0.,1.));
#678 = ADVANCED_FACE('',(#679),#697,.T.);
#679 = FACE_BOUND('',#680,.T.);
#680 = EDGE_LOOP('',(#681,#682,#683,#691));
#681 = ORIENTED_EDGE('',*,*,#660,.F.);
#682 = ORIENTED_EDGE('',*,*,#429,.T.);
#683 = ORIENTED_EDGE('',*,*,#684,.T.);
#684 = EDGE_CURVE('',#422,#685,#687,.T.);
#685 = VERTEX_POINT('',#686);
#686 = CARTESIAN_POINT('',(-0.32,0.32,8.38));
#687 = LINE('',#688,#689);
#688 = CARTESIAN_POINT('',(-0.32,0.32,-3.));
#689 = VECTOR('',#690,1.);
#690 = DIRECTION('',(0.,0.,1.));
#691 = ORIENTED_EDGE('',*,*,#692,.T.);
#692 = EDGE_CURVE('',#685,#661,#693,.T.);
#693 = LINE('',#694,#695);
#694 = CARTESIAN_POINT('',(-0.32,0.32,8.38));
#695 = VECTOR('',#696,1.);
#696 = DIRECTION('',(1.,0.,0.));
#697 = PLANE('',#698);
#698 = AXIS2_PLACEMENT_3D('',#699,#700,#701);
#699 = CARTESIAN_POINT('',(-0.32,0.32,-3.));
#700 = DIRECTION('',(0.,1.,0.));
#701 = DIRECTION('',(0.,-0.,1.));
#702 = ADVANCED_FACE('',(#703),#714,.F.);
#703 = FACE_BOUND('',#704,.F.);
#704 = EDGE_LOOP('',(#705,#706,#707,#708));
#705 = ORIENTED_EDGE('',*,*,#636,.F.);
#706 = ORIENTED_EDGE('',*,*,#421,.T.);
#707 = ORIENTED_EDGE('',*,*,#684,.T.);
#708 = ORIENTED_EDGE('',*,*,#709,.F.);
#709 = EDGE_CURVE('',#637,#685,#710,.T.);
#710 = LINE('',#711,#712);
#711 = CARTESIAN_POINT('',(-0.32,-0.32,8.38));
#712 = VECTOR('',#713,1.);
#713 = DIRECTION('',(0.,1.,0.));
#714 = PLANE('',#715);
#715 = AXIS2_PLACEMENT_3D('',#716,#717,#718);
#716 = CARTESIAN_POINT('',(-0.32,-0.32,-3.));
#717 = DIRECTION('',(1.,0.,0.));
#718 = DIRECTION('',(0.,0.,1.));
#719 = ADVANCED_FACE('',(#720),#745,.T.);
#720 = FACE_BOUND('',#721,.F.);
#721 = EDGE_LOOP('',(#722,#730,#731,#739));
#722 = ORIENTED_EDGE('',*,*,#723,.F.);
#723 = EDGE_CURVE('',#540,#724,#726,.T.);
#724 = VERTEX_POINT('',#725);
#725 = CARTESIAN_POINT('',(-0.16,-0.16,-3.));
#726 = LINE('',#727,#728);
#727 = CARTESIAN_POINT('',(-0.266666666667,-0.266666666667,
    -2.893333333333));
#728 = VECTOR('',#729,1.);
#729 = DIRECTION('',(0.57735026919,0.57735026919,-0.57735026919));
#730 = ORIENTED_EDGE('',*,*,#539,.T.);
#731 = ORIENTED_EDGE('',*,*,#732,.T.);
#732 = EDGE_CURVE('',#532,#733,#735,.T.);
#733 = VERTEX_POINT('',#734);
#734 = CARTESIAN_POINT('',(0.16,-0.16,-3.));
#735 = LINE('',#736,#737);
#736 = CARTESIAN_POINT('',(0.16,-0.16,-3.));
#737 = VECTOR('',#738,1.);
#738 = DIRECTION('',(-0.57735026919,0.57735026919,-0.57735026919));
#739 = ORIENTED_EDGE('',*,*,#740,.F.);
#740 = EDGE_CURVE('',#724,#733,#741,.T.);
#741 = LINE('',#742,#743);
#742 = CARTESIAN_POINT('',(-0.32,-0.16,-3.));
#743 = VECTOR('',#744,1.);
#744 = DIRECTION('',(1.,0.,0.));
#745 = PLANE('',#746);
#746 = AXIS2_PLACEMENT_3D('',#747,#748,#749);
#747 = CARTESIAN_POINT('',(-0.32,-0.24,-2.92));
#748 = DIRECTION('',(1.735167508357E-18,-0.707106781187,-0.707106781187)
  );
#749 = DIRECTION('',(-1.,-1.226948711654E-18,-1.226948711654E-18));
#750 = ADVANCED_FACE('',(#751),#769,.F.);
#751 = FACE_BOUND('',#752,.F.);
#752 = EDGE_LOOP('',(#753,#754,#755,#763));
#753 = ORIENTED_EDGE('',*,*,#732,.F.);
#754 = ORIENTED_EDGE('',*,*,#563,.T.);
#755 = ORIENTED_EDGE('',*,*,#756,.T.);
#756 = EDGE_CURVE('',#564,#757,#759,.T.);
#757 = VERTEX_POINT('',#758);
#758 = CARTESIAN_POINT('',(0.16,0.16,-3.));
#759 = LINE('',#760,#761);
#760 = CARTESIAN_POINT('',(5.333333333333E-02,5.333333333333E-02,
    -3.106666666667));
#761 = VECTOR('',#762,1.);
#762 = DIRECTION('',(-0.57735026919,-0.57735026919,-0.57735026919));
#763 = ORIENTED_EDGE('',*,*,#764,.F.);
#764 = EDGE_CURVE('',#733,#757,#765,.T.);
#765 = LINE('',#766,#767);
#766 = CARTESIAN_POINT('',(0.16,-0.32,-3.));
#767 = VECTOR('',#768,1.);
#768 = DIRECTION('',(0.,1.,0.));
#769 = PLANE('',#770);
#770 = AXIS2_PLACEMENT_3D('',#771,#772,#773);
#771 = CARTESIAN_POINT('',(0.24,-0.32,-2.92));
#772 = DIRECTION('',(-0.707106781187,1.735167508357E-18,0.707106781187)
  );
#773 = DIRECTION('',(1.226948711654E-18,1.,-1.226948711654E-18));
#774 = ADVANCED_FACE('',(#775),#793,.F.);
#775 = FACE_BOUND('',#776,.T.);
#776 = EDGE_LOOP('',(#777,#785,#786,#787));
#777 = ORIENTED_EDGE('',*,*,#778,.F.);
#778 = EDGE_CURVE('',#588,#779,#781,.T.);
#779 = VERTEX_POINT('',#780);
#780 = CARTESIAN_POINT('',(-0.16,0.16,-3.));
#781 = LINE('',#782,#783);
#782 = CARTESIAN_POINT('',(-0.16,0.16,-3.));
#783 = VECTOR('',#784,1.);
#784 = DIRECTION('',(0.57735026919,-0.57735026919,-0.57735026919));
#785 = ORIENTED_EDGE('',*,*,#587,.T.);
#786 = ORIENTED_EDGE('',*,*,#756,.T.);
#787 = ORIENTED_EDGE('',*,*,#788,.F.);
#788 = EDGE_CURVE('',#779,#757,#789,.T.);
#789 = LINE('',#790,#791);
#790 = CARTESIAN_POINT('',(-0.32,0.16,-3.));
#791 = VECTOR('',#792,1.);
#792 = DIRECTION('',(1.,0.,0.));
#793 = PLANE('',#794);
#794 = AXIS2_PLACEMENT_3D('',#795,#796,#797);
#795 = CARTESIAN_POINT('',(-0.32,0.24,-2.92));
#796 = DIRECTION('',(-1.735167508357E-18,-0.707106781187,0.707106781187)
  );
#797 = DIRECTION('',(-1.,1.226948711654E-18,-1.226948711654E-18));
#798 = ADVANCED_FACE('',(#799),#810,.T.);
#799 = FACE_BOUND('',#800,.T.);
#800 = EDGE_LOOP('',(#801,#802,#803,#804));
#801 = ORIENTED_EDGE('',*,*,#723,.F.);
#802 = ORIENTED_EDGE('',*,*,#611,.T.);
#803 = ORIENTED_EDGE('',*,*,#778,.T.);
#804 = ORIENTED_EDGE('',*,*,#805,.F.);
#805 = EDGE_CURVE('',#724,#779,#806,.T.);
#806 = LINE('',#807,#808);
#807 = CARTESIAN_POINT('',(-0.16,-0.32,-3.));
#808 = VECTOR('',#809,1.);
#809 = DIRECTION('',(0.,1.,0.));
#810 = PLANE('',#811);
#811 = AXIS2_PLACEMENT_3D('',#812,#813,#814);
#812 = CARTESIAN_POINT('',(-0.24,-0.32,-2.92));
#813 = DIRECTION('',(-0.707106781187,-1.735167508357E-18,-0.707106781187
    ));
#814 = DIRECTION('',(-1.226948711654E-18,1.,-1.226948711654E-18));
#815 = ADVANCED_FACE('',(#816),#841,.F.);
#816 = FACE_BOUND('',#817,.T.);
#817 = EDGE_LOOP('',(#818,#826,#827,#835));
#818 = ORIENTED_EDGE('',*,*,#819,.F.);
#819 = EDGE_CURVE('',#637,#820,#822,.T.);
#820 = VERTEX_POINT('',#821);
#821 = CARTESIAN_POINT('',(-0.16,-0.16,8.54));
#822 = LINE('',#823,#824);
#823 = CARTESIAN_POINT('',(-0.266666666667,-0.266666666667,
    8.433333333333));
#824 = VECTOR('',#825,1.);
#825 = DIRECTION('',(0.57735026919,0.57735026919,0.57735026919));
#826 = ORIENTED_EDGE('',*,*,#644,.T.);
#827 = ORIENTED_EDGE('',*,*,#828,.T.);
#828 = EDGE_CURVE('',#628,#829,#831,.T.);
#829 = VERTEX_POINT('',#830);
#830 = CARTESIAN_POINT('',(0.16,-0.16,8.54));
#831 = LINE('',#832,#833);
#832 = CARTESIAN_POINT('',(0.16,-0.16,8.54));
#833 = VECTOR('',#834,1.);
#834 = DIRECTION('',(-0.57735026919,0.57735026919,0.57735026919));
#835 = ORIENTED_EDGE('',*,*,#836,.F.);
#836 = EDGE_CURVE('',#820,#829,#837,.T.);
#837 = LINE('',#838,#839);
#838 = CARTESIAN_POINT('',(-0.32,-0.16,8.54));
#839 = VECTOR('',#840,1.);
#840 = DIRECTION('',(1.,0.,0.));
#841 = PLANE('',#842);
#842 = AXIS2_PLACEMENT_3D('',#843,#844,#845);
#843 = CARTESIAN_POINT('',(-0.32,-0.24,8.46));
#844 = DIRECTION('',(-1.735167508357E-18,0.707106781187,-0.707106781187)
  );
#845 = DIRECTION('',(-1.,-1.226948711654E-18,1.226948711654E-18));
#846 = ADVANCED_FACE('',(#847),#865,.T.);
#847 = FACE_BOUND('',#848,.T.);
#848 = EDGE_LOOP('',(#849,#850,#851,#859));
#849 = ORIENTED_EDGE('',*,*,#828,.F.);
#850 = ORIENTED_EDGE('',*,*,#668,.T.);
#851 = ORIENTED_EDGE('',*,*,#852,.T.);
#852 = EDGE_CURVE('',#661,#853,#855,.T.);
#853 = VERTEX_POINT('',#854);
#854 = CARTESIAN_POINT('',(0.16,0.16,8.54));
#855 = LINE('',#856,#857);
#856 = CARTESIAN_POINT('',(5.333333333333E-02,5.333333333333E-02,
    8.646666666667));
#857 = VECTOR('',#858,1.);
#858 = DIRECTION('',(-0.57735026919,-0.57735026919,0.57735026919));
#859 = ORIENTED_EDGE('',*,*,#860,.F.);
#860 = EDGE_CURVE('',#829,#853,#861,.T.);
#861 = LINE('',#862,#863);
#862 = CARTESIAN_POINT('',(0.16,-0.32,8.54));
#863 = VECTOR('',#864,1.);
#864 = DIRECTION('',(0.,1.,0.));
#865 = PLANE('',#866);
#866 = AXIS2_PLACEMENT_3D('',#867,#868,#869);
#867 = CARTESIAN_POINT('',(0.24,-0.32,8.46));
#868 = DIRECTION('',(0.707106781187,-1.735167508357E-18,0.707106781187)
  );
#869 = DIRECTION('',(1.226948711654E-18,1.,1.226948711654E-18));
#870 = ADVANCED_FACE('',(#871),#889,.T.);
#871 = FACE_BOUND('',#872,.F.);
#872 = EDGE_LOOP('',(#873,#881,#882,#883));
#873 = ORIENTED_EDGE('',*,*,#874,.F.);
#874 = EDGE_CURVE('',#685,#875,#877,.T.);
#875 = VERTEX_POINT('',#876);
#876 = CARTESIAN_POINT('',(-0.16,0.16,8.54));
#877 = LINE('',#878,#879);
#878 = CARTESIAN_POINT('',(-0.16,0.16,8.54));
#879 = VECTOR('',#880,1.);
#880 = DIRECTION('',(0.57735026919,-0.57735026919,0.57735026919));
#881 = ORIENTED_EDGE('',*,*,#692,.T.);
#882 = ORIENTED_EDGE('',*,*,#852,.T.);
#883 = ORIENTED_EDGE('',*,*,#884,.F.);
#884 = EDGE_CURVE('',#875,#853,#885,.T.);
#885 = LINE('',#886,#887);
#886 = CARTESIAN_POINT('',(-0.32,0.16,8.54));
#887 = VECTOR('',#888,1.);
#888 = DIRECTION('',(1.,0.,0.));
#889 = PLANE('',#890);
#890 = AXIS2_PLACEMENT_3D('',#891,#892,#893);
#891 = CARTESIAN_POINT('',(-0.32,0.24,8.46));
#892 = DIRECTION('',(1.735167508357E-18,0.707106781187,0.707106781187));
#893 = DIRECTION('',(-1.,1.226948711654E-18,1.226948711654E-18));
#894 = ADVANCED_FACE('',(#895),#906,.F.);
#895 = FACE_BOUND('',#896,.F.);
#896 = EDGE_LOOP('',(#897,#898,#899,#900));
#897 = ORIENTED_EDGE('',*,*,#819,.F.);
#898 = ORIENTED_EDGE('',*,*,#709,.T.);
#899 = ORIENTED_EDGE('',*,*,#874,.T.);
#900 = ORIENTED_EDGE('',*,*,#901,.F.);
#901 = EDGE_CURVE('',#820,#875,#902,.T.);
#902 = LINE('',#903,#904);
#903 = CARTESIAN_POINT('',(-0.16,-0.32,8.54));
#904 = VECTOR('',#905,1.);
#905 = DIRECTION('',(0.,1.,0.));
#906 = PLANE('',#907);
#907 = AXIS2_PLACEMENT_3D('',#908,#909,#910);
#908 = CARTESIAN_POINT('',(-0.24,-0.32,8.46));
#909 = DIRECTION('',(0.707106781187,1.735167508357E-18,-0.707106781187)
  );
#910 = DIRECTION('',(-1.226948711654E-18,1.,1.226948711654E-18));
#911 = ADVANCED_FACE('',(#912),#918,.F.);
#912 = FACE_BOUND('',#913,.F.);
#913 = EDGE_LOOP('',(#914,#915,#916,#917));
#914 = ORIENTED_EDGE('',*,*,#788,.F.);
#915 = ORIENTED_EDGE('',*,*,#805,.F.);
#916 = ORIENTED_EDGE('',*,*,#740,.T.);
#917 = ORIENTED_EDGE('',*,*,#764,.T.);
#918 = PLANE('',#919);
#919 = AXIS2_PLACEMENT_3D('',#920,#921,#922);
#920 = CARTESIAN_POINT('',(-0.32,-0.32,-3.));
#921 = DIRECTION('',(0.,0.,1.));
#922 = DIRECTION('',(1.,0.,-0.));
#923 = ADVANCED_FACE('',(#924),#930,.T.);
#924 = FACE_BOUND('',#925,.T.);
#925 = EDGE_LOOP('',(#926,#927,#928,#929));
#926 = ORIENTED_EDGE('',*,*,#860,.T.);
#927 = ORIENTED_EDGE('',*,*,#884,.F.);
#928 = ORIENTED_EDGE('',*,*,#901,.F.);
#929 = ORIENTED_EDGE('',*,*,#836,.T.);
#930 = PLANE('',#931);
#931 = AXIS2_PLACEMENT_3D('',#932,#933,#934);
#932 = CARTESIAN_POINT('',(-0.32,-0.32,8.54));
#933 = DIRECTION('',(0.,0.,1.));
#934 = DIRECTION('',(1.,0.,-0.));
#935 = ( GEOMETRIC_REPRESENTATION_CONTEXT(3) 
GLOBAL_UNCERTAINTY_ASSIGNED_CONTEXT((#939)) GLOBAL_UNIT_ASSIGNED_CONTEXT
((#936,#937,#938)) REPRESENTATION_CONTEXT('Context #1',
  '3D Context with UNIT and UNCERTAINTY') );
#936 = ( LENGTH_UNIT() NAMED_UNIT(*) SI_UNIT(.MILLI.,.METRE.) );
#937 = ( NAMED_UNIT(*) PLANE_ANGLE_UNIT() SI_UNIT($,.RADIAN.) );
#938 = ( NAMED_UNIT(*) SI_UNIT($,.STERADIAN.) SOLID_ANGLE_UNIT() );
#939 = UNCERTAINTY_MEASURE_WITH_UNIT(LENGTH_MEASURE(1.E-07),#936,
  'distance_accuracy_value','confusion accuracy');
#940 = CONTEXT_DEPENDENT_SHAPE_REPRESENTATION(#941,#943);
#941 = ( REPRESENTATION_RELATIONSHIP('','',#176,#10) 
REPRESENTATION_RELATIONSHIP_WITH_TRANSFORMATION(#942) 
SHAPE_REPRESENTATION_RELATIONSHIP() );
#942 = ITEM_DEFINED_TRANSFORMATION('','',#11,#15);
#943 = PRODUCT_DEFINITION_SHAPE('Placement','Placement of an item',#944
  );
#944 = NEXT_ASSEMBLY_USAGE_OCCURRENCE('1','TP15','',#5,#171,$);
#945 = PRODUCT_RELATED_PRODUCT_CATEGORY('part',$,(#173));
#946 = CONTEXT_DEPENDENT_SHAPE_REPRESENTATION(#947,#949);
#947 = ( REPRESENTATION_RELATIONSHIP('','',#176,#10) 
REPRESENTATION_RELATIONSHIP_WITH_TRANSFORMATION(#948) 
SHAPE_REPRESENTATION_RELATIONSHIP() );
#948 = ITEM_DEFINED_TRANSFORMATION('','',#11,#19);
#949 = PRODUCT_DEFINITION_SHAPE('Placement','Placement of an item',#950
  );
#950 = NEXT_ASSEMBLY_USAGE_OCCURRENCE('2','TP19','',#5,#171,$);
#951 = CONTEXT_DEPENDENT_SHAPE_REPRESENTATION(#952,#954);
#952 = ( REPRESENTATION_RELATIONSHIP('','',#176,#10) 
REPRESENTATION_RELATIONSHIP_WITH_TRANSFORMATION(#953) 
SHAPE_REPRESENTATION_RELATIONSHIP() );
#953 = ITEM_DEFINED_TRANSFORMATION('','',#11,#23);
#954 = PRODUCT_DEFINITION_SHAPE('Placement','Placement of an item',#955
  );
#955 = NEXT_ASSEMBLY_USAGE_OCCURRENCE('3','TP12','',#5,#171,$);
#956 = CONTEXT_DEPENDENT_SHAPE_REPRESENTATION(#957,#959);
#957 = ( REPRESENTATION_RELATIONSHIP('','',#176,#10) 
REPRESENTATION_RELATIONSHIP_WITH_TRANSFORMATION(#958) 
SHAPE_REPRESENTATION_RELATIONSHIP() );
#958 = ITEM_DEFINED_TRANSFORMATION('','',#11,#27);
#959 = PRODUCT_DEFINITION_SHAPE('Placement','Placement of an item',#960
  );
#960 = NEXT_ASSEMBLY_USAGE_OCCURRENCE('4','TP7','',#5,#171,$);
#961 = CONTEXT_DEPENDENT_SHAPE_REPRESENTATION(#962,#964);
#962 = ( REPRESENTATION_RELATIONSHIP('','',#176,#10) 
REPRESENTATION_RELATIONSHIP_WITH_TRANSFORMATION(#963) 
SHAPE_REPRESENTATION_RELATIONSHIP() );
#963 = ITEM_DEFINED_TRANSFORMATION('','',#11,#31);
#964 = PRODUCT_DEFINITION_SHAPE('Placement','Placement of an item',#965
  );
#965 = NEXT_ASSEMBLY_USAGE_OCCURRENCE('5','TP31','',#5,#171,$);
#966 = CONTEXT_DEPENDENT_SHAPE_REPRESENTATION(#967,#969);
#967 = ( REPRESENTATION_RELATIONSHIP('','',#176,#10) 
REPRESENTATION_RELATIONSHIP_WITH_TRANSFORMATION(#968) 
SHAPE_REPRESENTATION_RELATIONSHIP() );
#968 = ITEM_DEFINED_TRANSFORMATION('','',#11,#35);
#969 = PRODUCT_DEFINITION_SHAPE('Placement','Placement of an item',#970
  );
#970 = NEXT_ASSEMBLY_USAGE_OCCURRENCE('6','TP10','',#5,#171,$);
#971 = CONTEXT_DEPENDENT_SHAPE_REPRESENTATION(#972,#974);
#972 = ( REPRESENTATION_RELATIONSHIP('','',#176,#10) 
REPRESENTATION_RELATIONSHIP_WITH_TRANSFORMATION(#973) 
SHAPE_REPRESENTATION_RELATIONSHIP() );
#973 = ITEM_DEFINED_TRANSFORMATION('','',#11,#39);
#974 = PRODUCT_DEFINITION_SHAPE('Placement','Placement of an item',#975
  );
#975 = NEXT_ASSEMBLY_USAGE_OCCURRENCE('7','TP35','',#5,#171,$);
#976 = CONTEXT_DEPENDENT_SHAPE_REPRESENTATION(#977,#979);
#977 = ( REPRESENTATION_RELATIONSHIP('','',#176,#10) 
REPRESENTATION_RELATIONSHIP_WITH_TRANSFORMATION(#978) 
SHAPE_REPRESENTATION_RELATIONSHIP() );
#978 = ITEM_DEFINED_TRANSFORMATION('','',#11,#43);
#979 = PRODUCT_DEFINITION_SHAPE('Placement','Placement of an item',#980
  );
#980 = NEXT_ASSEMBLY_USAGE_OCCURRENCE('8','TP11','',#5,#171,$);
#981 = CONTEXT_DEPENDENT_SHAPE_REPRESENTATION(#982,#984);
#982 = ( REPRESENTATION_RELATIONSHIP('','',#176,#10) 
REPRESENTATION_RELATIONSHIP_WITH_TRANSFORMATION(#983) 
SHAPE_REPRESENTATION_RELATIONSHIP() );
#983 = ITEM_DEFINED_TRANSFORMATION('','',#11,#47);
#984 = PRODUCT_DEFINITION_SHAPE('Placement','Placement of an item',#985
  );
#985 = NEXT_ASSEMBLY_USAGE_OCCURRENCE('9','TP33','',#5,#171,$);
#986 = CONTEXT_DEPENDENT_SHAPE_REPRESENTATION(#987,#989);
#987 = ( REPRESENTATION_RELATIONSHIP('','',#176,#10) 
REPRESENTATION_RELATIONSHIP_WITH_TRANSFORMATION(#988) 
SHAPE_REPRESENTATION_RELATIONSHIP() );
#988 = ITEM_DEFINED_TRANSFORMATION('','',#11,#51);
#989 = PRODUCT_DEFINITION_SHAPE('Placement','Placement of an item',#990
  );
#990 = NEXT_ASSEMBLY_USAGE_OCCURRENCE('10','TP5','',#5,#171,$);
#991 = CONTEXT_DEPENDENT_SHAPE_REPRESENTATION(#992,#994);
#992 = ( REPRESENTATION_RELATIONSHIP('','',#176,#10) 
REPRESENTATION_RELATIONSHIP_WITH_TRANSFORMATION(#993) 
SHAPE_REPRESENTATION_RELATIONSHIP() );
#993 = ITEM_DEFINED_TRANSFORMATION('','',#11,#55);
#994 = PRODUCT_DEFINITION_SHAPE('Placement','Placement of an item',#995
  );
#995 = NEXT_ASSEMBLY_USAGE_OCCURRENCE('11','TP13','',#5,#171,$);
#996 = CONTEXT_DEPENDENT_SHAPE_REPRESENTATION(#997,#999);
#997 = ( REPRESENTATION_RELATIONSHIP('','',#176,#10) 
REPRESENTATION_RELATIONSHIP_WITH_TRANSFORMATION(#998) 
SHAPE_REPRESENTATION_RELATIONSHIP() );
#998 = ITEM_DEFINED_TRANSFORMATION('','',#11,#59);
#999 = PRODUCT_DEFINITION_SHAPE('Placement','Placement of an item',#1000
  );
#1000 = NEXT_ASSEMBLY_USAGE_OCCURRENCE('12','TP28','',#5,#171,$);
#1001 = CONTEXT_DEPENDENT_SHAPE_REPRESENTATION(#1002,#1004);
#1002 = ( REPRESENTATION_RELATIONSHIP('','',#176,#10) 
REPRESENTATION_RELATIONSHIP_WITH_TRANSFORMATION(#1003) 
SHAPE_REPRESENTATION_RELATIONSHIP() );
#1003 = ITEM_DEFINED_TRANSFORMATION('','',#11,#63);
#1004 = PRODUCT_DEFINITION_SHAPE('Placement','Placement of an item',
  #1005);
#1005 = NEXT_ASSEMBLY_USAGE_OCCURRENCE('13','TP16','',#5,#171,$);
#1006 = CONTEXT_DEPENDENT_SHAPE_REPRESENTATION(#1007,#1009);
#1007 = ( REPRESENTATION_RELATIONSHIP('','',#176,#10) 
REPRESENTATION_RELATIONSHIP_WITH_TRANSFORMATION(#1008) 
SHAPE_REPRESENTATION_RELATIONSHIP() );
#1008 = ITEM_DEFINED_TRANSFORMATION('','',#11,#67);
#1009 = PRODUCT_DEFINITION_SHAPE('Placement','Placement of an item',
  #1010);
#1010 = NEXT_ASSEMBLY_USAGE_OCCURRENCE('14','TP1','',#5,#171,$);
#1011 = CONTEXT_DEPENDENT_SHAPE_REPRESENTATION(#1012,#1014);
#1012 = ( REPRESENTATION_RELATIONSHIP('','',#176,#10) 
REPRESENTATION_RELATIONSHIP_WITH_TRANSFORMATION(#1013) 
SHAPE_REPRESENTATION_RELATIONSHIP() );
#1013 = ITEM_DEFINED_TRANSFORMATION('','',#11,#71);
#1014 = PRODUCT_DEFINITION_SHAPE('Placement','Placement of an item',
  #1015);
#1015 = NEXT_ASSEMBLY_USAGE_OCCURRENCE('15','TP20','',#5,#171,$);
#1016 = CONTEXT_DEPENDENT_SHAPE_REPRESENTATION(#1017,#1019);
#1017 = ( REPRESENTATION_RELATIONSHIP('','',#176,#10) 
REPRESENTATION_RELATIONSHIP_WITH_TRANSFORMATION(#1018) 
SHAPE_REPRESENTATION_RELATIONSHIP() );
#1018 = ITEM_DEFINED_TRANSFORMATION('','',#11,#75);
#1019 = PRODUCT_DEFINITION_SHAPE('Placement','Placement of an item',
  #1020);
#1020 = NEXT_ASSEMBLY_USAGE_OCCURRENCE('16','TP26','',#5,#171,$);
#1021 = CONTEXT_DEPENDENT_SHAPE_REPRESENTATION(#1022,#1024);
#1022 = ( REPRESENTATION_RELATIONSHIP('','',#176,#10) 
REPRESENTATION_RELATIONSHIP_WITH_TRANSFORMATION(#1023) 
SHAPE_REPRESENTATION_RELATIONSHIP() );
#1023 = ITEM_DEFINED_TRANSFORMATION('','',#11,#79);
#1024 = PRODUCT_DEFINITION_SHAPE('Placement','Placement of an item',
  #1025);
#1025 = NEXT_ASSEMBLY_USAGE_OCCURRENCE('17','TP25','',#5,#171,$);
#1026 = CONTEXT_DEPENDENT_SHAPE_REPRESENTATION(#1027,#1029);
#1027 = ( REPRESENTATION_RELATIONSHIP('','',#176,#10) 
REPRESENTATION_RELATIONSHIP_WITH_TRANSFORMATION(#1028) 
SHAPE_REPRESENTATION_RELATIONSHIP() );
#1028 = ITEM_DEFINED_TRANSFORMATION('','',#11,#83);
#1029 = PRODUCT_DEFINITION_SHAPE('Placement','Placement of an item',
  #1030);
#1030 = NEXT_ASSEMBLY_USAGE_OCCURRENCE('18','TP4','',#5,#171,$);
#1031 = CONTEXT_DEPENDENT_SHAPE_REPRESENTATION(#1032,#1034);
#1032 = ( REPRESENTATION_RELATIONSHIP('','',#176,#10) 
REPRESENTATION_RELATIONSHIP_WITH_TRANSFORMATION(#1033) 
SHAPE_REPRESENTATION_RELATIONSHIP() );
#1033 = ITEM_DEFINED_TRANSFORMATION('','',#11,#87);
#1034 = PRODUCT_DEFINITION_SHAPE('Placement','Placement of an item',
  #1035);
#1035 = NEXT_ASSEMBLY_USAGE_OCCURRENCE('19','TP34','',#5,#171,$);
#1036 = CONTEXT_DEPENDENT_SHAPE_REPRESENTATION(#1037,#1039);
#1037 = ( REPRESENTATION_RELATIONSHIP('','',#176,#10) 
REPRESENTATION_RELATIONSHIP_WITH_TRANSFORMATION(#1038) 
SHAPE_REPRESENTATION_RELATIONSHIP() );
#1038 = ITEM_DEFINED_TRANSFORMATION('','',#11,#91);
#1039 = PRODUCT_DEFINITION_SHAPE('Placement','Placement of an item',
  #1040);
#1040 = NEXT_ASSEMBLY_USAGE_OCCURRENCE('20','TP30','',#5,#171,$);
#1041 = CONTEXT_DEPENDENT_SHAPE_REPRESENTATION(#1042,#1044);
#1042 = ( REPRESENTATION_RELATIONSHIP('','',#176,#10) 
REPRESENTATION_RELATIONSHIP_WITH_TRANSFORMATION(#1043) 
SHAPE_REPRESENTATION_RELATIONSHIP() );
#1043 = ITEM_DEFINED_TRANSFORMATION('','',#11,#95);
#1044 = PRODUCT_DEFINITION_SHAPE('Placement','Placement of an item',
  #1045);
#1045 = NEXT_ASSEMBLY_USAGE_OCCURRENCE('21','TP18','',#5,#171,$);
#1046 = CONTEXT_DEPENDENT_SHAPE_REPRESENTATION(#1047,#1049);
#1047 = ( REPRESENTATION_RELATIONSHIP('','',#176,#10) 
REPRESENTATION_RELATIONSHIP_WITH_TRANSFORMATION(#1048) 
SHAPE_REPRESENTATION_RELATIONSHIP() );
#1048 = ITEM_DEFINED_TRANSFORMATION('','',#11,#99);
#1049 = PRODUCT_DEFINITION_SHAPE('Placement','Placement of an item',
  #1050);
#1050 = NEXT_ASSEMBLY_USAGE_OCCURRENCE('22','TP23','',#5,#171,$);
#1051 = CONTEXT_DEPENDENT_SHAPE_REPRESENTATION(#1052,#1054);
#1052 = ( REPRESENTATION_RELATIONSHIP('','',#176,#10) 
REPRESENTATION_RELATIONSHIP_WITH_TRANSFORMATION(#1053) 
SHAPE_REPRESENTATION_RELATIONSHIP() );
#1053 = ITEM_DEFINED_TRANSFORMATION('','',#11,#103);
#1054 = PRODUCT_DEFINITION_SHAPE('Placement','Placement of an item',
  #1055);
#1055 = NEXT_ASSEMBLY_USAGE_OCCURRENCE('23','TP8','',#5,#171,$);
#1056 = CONTEXT_DEPENDENT_SHAPE_REPRESENTATION(#1057,#1059);
#1057 = ( REPRESENTATION_RELATIONSHIP('','',#176,#10) 
REPRESENTATION_RELATIONSHIP_WITH_TRANSFORMATION(#1058) 
SHAPE_REPRESENTATION_RELATIONSHIP() );
#1058 = ITEM_DEFINED_TRANSFORMATION('','',#11,#107);
#1059 = PRODUCT_DEFINITION_SHAPE('Placement','Placement of an item',
  #1060);
#1060 = NEXT_ASSEMBLY_USAGE_OCCURRENCE('24','TP14','',#5,#171,$);
#1061 = CONTEXT_DEPENDENT_SHAPE_REPRESENTATION(#1062,#1064);
#1062 = ( REPRESENTATION_RELATIONSHIP('','',#176,#10) 
REPRESENTATION_RELATIONSHIP_WITH_TRANSFORMATION(#1063) 
SHAPE_REPRESENTATION_RELATIONSHIP() );
#1063 = ITEM_DEFINED_TRANSFORMATION('','',#11,#111);
#1064 = PRODUCT_DEFINITION_SHAPE('Placement','Placement of an item',
  #1065);
#1065 = NEXT_ASSEMBLY_USAGE_OCCURRENCE('25','TP36','',#5,#171,$);
#1066 = CONTEXT_DEPENDENT_SHAPE_REPRESENTATION(#1067,#1069);
#1067 = ( REPRESENTATION_RELATIONSHIP('','',#176,#10) 
REPRESENTATION_RELATIONSHIP_WITH_TRANSFORMATION(#1068) 
SHAPE_REPRESENTATION_RELATIONSHIP() );
#1068 = ITEM_DEFINED_TRANSFORMATION('','',#11,#115);
#1069 = PRODUCT_DEFINITION_SHAPE('Placement','Placement of an item',
  #1070);
#1070 = NEXT_ASSEMBLY_USAGE_OCCURRENCE('26','TP2','',#5,#171,$);
#1071 = CONTEXT_DEPENDENT_SHAPE_REPRESENTATION(#1072,#1074);
#1072 = ( REPRESENTATION_RELATIONSHIP('','',#176,#10) 
REPRESENTATION_RELATIONSHIP_WITH_TRANSFORMATION(#1073) 
SHAPE_REPRESENTATION_RELATIONSHIP() );
#1073 = ITEM_DEFINED_TRANSFORMATION('','',#11,#119);
#1074 = PRODUCT_DEFINITION_SHAPE('Placement','Placement of an item',
  #1075);
#1075 = NEXT_ASSEMBLY_USAGE_OCCURRENCE('27','TP6','',#5,#171,$);
#1076 = CONTEXT_DEPENDENT_SHAPE_REPRESENTATION(#1077,#1079);
#1077 = ( REPRESENTATION_RELATIONSHIP('','',#176,#10) 
REPRESENTATION_RELATIONSHIP_WITH_TRANSFORMATION(#1078) 
SHAPE_REPRESENTATION_RELATIONSHIP() );
#1078 = ITEM_DEFINED_TRANSFORMATION('','',#11,#123);
#1079 = PRODUCT_DEFINITION_SHAPE('Placement','Placement of an item',
  #1080);
#1080 = NEXT_ASSEMBLY_USAGE_OCCURRENCE('28','TP22','',#5,#171,$);
#1081 = CONTEXT_DEPENDENT_SHAPE_REPRESENTATION(#1082,#1084);
#1082 = ( REPRESENTATION_RELATIONSHIP('','',#176,#10) 
REPRESENTATION_RELATIONSHIP_WITH_TRANSFORMATION(#1083) 
SHAPE_REPRESENTATION_RELATIONSHIP() );
#1083 = ITEM_DEFINED_TRANSFORMATION('','',#11,#127);
#1084 = PRODUCT_DEFINITION_SHAPE('Placement','Placement of an item',
  #1085);
#1085 = NEXT_ASSEMBLY_USAGE_OCCURRENCE('29','TP32','',#5,#171,$);
#1086 = CONTEXT_DEPENDENT_SHAPE_REPRESENTATION(#1087,#1089);
#1087 = ( REPRESENTATION_RELATIONSHIP('','',#176,#10) 
REPRESENTATION_RELATIONSHIP_WITH_TRANSFORMATION(#1088) 
SHAPE_REPRESENTATION_RELATIONSHIP() );
#1088 = ITEM_DEFINED_TRANSFORMATION('','',#11,#131);
#1089 = PRODUCT_DEFINITION_SHAPE('Placement','Placement of an item',
  #1090);
#1090 = NEXT_ASSEMBLY_USAGE_OCCURRENCE('30','TP29','',#5,#171,$);
#1091 = CONTEXT_DEPENDENT_SHAPE_REPRESENTATION(#1092,#1094);
#1092 = ( REPRESENTATION_RELATIONSHIP('','',#176,#10) 
REPRESENTATION_RELATIONSHIP_WITH_TRANSFORMATION(#1093) 
SHAPE_REPRESENTATION_RELATIONSHIP() );
#1093 = ITEM_DEFINED_TRANSFORMATION('','',#11,#135);
#1094 = PRODUCT_DEFINITION_SHAPE('Placement','Placement of an item',
  #1095);
#1095 = NEXT_ASSEMBLY_USAGE_OCCURRENCE('31','TP21','',#5,#171,$);
#1096 = CONTEXT_DEPENDENT_SHAPE_REPRESENTATION(#1097,#1099);
#1097 = ( REPRESENTATION_RELATIONSHIP('','',#176,#10) 
REPRESENTATION_RELATIONSHIP_WITH_TRANSFORMATION(#1098) 
SHAPE_REPRESENTATION_RELATIONSHIP() );
#1098 = ITEM_DEFINED_TRANSFORMATION('','',#11,#139);
#1099 = PRODUCT_DEFINITION_SHAPE('Placement','Placement of an item',
  #1100);
#1100 = NEXT_ASSEMBLY_USAGE_OCCURRENCE('32','TP24','',#5,#171,$);
#1101 = CONTEXT_DEPENDENT_SHAPE_REPRESENTATION(#1102,#1104);
#1102 = ( REPRESENTATION_RELATIONSHIP('','',#176,#10) 
REPRESENTATION_RELATIONSHIP_WITH_TRANSFORMATION(#1103) 
SHAPE_REPRESENTATION_RELATIONSHIP() );
#1103 = ITEM_DEFINED_TRANSFORMATION('','',#11,#143);
#1104 = PRODUCT_DEFINITION_SHAPE('Placement','Placement of an item',
  #1105);
#1105 = NEXT_ASSEMBLY_USAGE_OCCURRENCE('33','TP27','',#5,#171,$);
#1106 = CONTEXT_DEPENDENT_SHAPE_REPRESENTATION(#1107,#1109);
#1107 = ( REPRESENTATION_RELATIONSHIP('','',#176,#10) 
REPRESENTATION_RELATIONSHIP_WITH_TRANSFORMATION(#1108) 
SHAPE_REPRESENTATION_RELATIONSHIP() );
#1108 = ITEM_DEFINED_TRANSFORMATION('','',#11,#147);
#1109 = PRODUCT_DEFINITION_SHAPE('Placement','Placement of an item',
  #1110);
#1110 = NEXT_ASSEMBLY_USAGE_OCCURRENCE('34','TP17','',#5,#171,$);
#1111 = CONTEXT_DEPENDENT_SHAPE_REPRESENTATION(#1112,#1114);
#1112 = ( REPRESENTATION_RELATIONSHIP('','',#176,#10) 
REPRESENTATION_RELATIONSHIP_WITH_TRANSFORMATION(#1113) 
SHAPE_REPRESENTATION_RELATIONSHIP() );
#1113 = ITEM_DEFINED_TRANSFORMATION('','',#11,#151);
#1114 = PRODUCT_DEFINITION_SHAPE('Placement','Placement of an item',
  #1115);
#1115 = NEXT_ASSEMBLY_USAGE_OCCURRENCE('35','TP9','',#5,#171,$);
#1116 = CONTEXT_DEPENDENT_SHAPE_REPRESENTATION(#1117,#1119);
#1117 = ( REPRESENTATION_RELATIONSHIP('','',#176,#10) 
REPRESENTATION_RELATIONSHIP_WITH_TRANSFORMATION(#1118) 
SHAPE_REPRESENTATION_RELATIONSHIP() );
#1118 = ITEM_DEFINED_TRANSFORMATION('','',#11,#155);
#1119 = PRODUCT_DEFINITION_SHAPE('Placement','Placement of an item',
  #1120);
#1120 = NEXT_ASSEMBLY_USAGE_OCCURRENCE('36','TP3','',#5,#171,$);
#1121 = SHAPE_DEFINITION_REPRESENTATION(#1122,#1128);
#1122 = PRODUCT_DEFINITION_SHAPE('','',#1123);
#1123 = PRODUCT_DEFINITION('design','',#1124,#1127);
#1124 = PRODUCT_DEFINITION_FORMATION('','',#1125);
#1125 = PRODUCT('BUS_CONN_PCB','BUS_CONN_PCB','',(#1126));
#1126 = PRODUCT_CONTEXT('',#2,'mechanical');
#1127 = PRODUCT_DEFINITION_CONTEXT('part definition',#2,'design');
#1128 = ADVANCED_BREP_SHAPE_REPRESENTATION('',(#11,#1129),#2979);
#1129 = MANIFOLD_SOLID_BREP('',#1130);
#1130 = CLOSED_SHELL('',(#1131,#1173,#1204,#1235,#1727,#2219,#2236,#2253
    ,#2270,#2287,#2299,#2316,#2333,#2350,#2367,#2384,#2401,#2418,#2435,
    #2452,#2469,#2486,#2503,#2520,#2537,#2554,#2571,#2588,#2605,#2622,
    #2639,#2656,#2673,#2690,#2707,#2724,#2741,#2758,#2775,#2792,#2809,
    #2826,#2843,#2860,#2877,#2894,#2911,#2928,#2945,#2962));
#1131 = ADVANCED_FACE('',(#1132),#1168,.T.);
#1132 = FACE_BOUND('',#1133,.T.);
#1133 = EDGE_LOOP('',(#1134,#1144,#1153,#1161));
#1134 = ORIENTED_EDGE('',*,*,#1135,.T.);
#1135 = EDGE_CURVE('',#1136,#1138,#1140,.T.);
#1136 = VERTEX_POINT('',#1137);
#1137 = CARTESIAN_POINT('',(149.999892,-84.99991,0.));
#1138 = VERTEX_POINT('',#1139);
#1139 = CARTESIAN_POINT('',(149.999892,-84.99991,1.51));
#1140 = LINE('',#1141,#1142);
#1141 = CARTESIAN_POINT('',(149.999892,-84.99991,0.));
#1142 = VECTOR('',#1143,1.);
#1143 = DIRECTION('',(0.,0.,1.));
#1144 = ORIENTED_EDGE('',*,*,#1145,.T.);
#1145 = EDGE_CURVE('',#1138,#1146,#1148,.T.);
#1146 = VERTEX_POINT('',#1147);
#1147 = CARTESIAN_POINT('',(154.999892,-89.99991,1.51));
#1148 = CIRCLE('',#1149,4.999999678834);
#1149 = AXIS2_PLACEMENT_3D('',#1150,#1151,#1152);
#1150 = CARTESIAN_POINT('',(149.99989232116,-89.99990967883,1.51));
#1151 = DIRECTION('',(0.,0.,-1.));
#1152 = DIRECTION('',(-6.42331470194E-08,1.,0.));
#1153 = ORIENTED_EDGE('',*,*,#1154,.F.);
#1154 = EDGE_CURVE('',#1155,#1146,#1157,.T.);
#1155 = VERTEX_POINT('',#1156);
#1156 = CARTESIAN_POINT('',(154.999892,-89.99991,0.));
#1157 = LINE('',#1158,#1159);
#1158 = CARTESIAN_POINT('',(154.999892,-89.99991,0.));
#1159 = VECTOR('',#1160,1.);
#1160 = DIRECTION('',(0.,0.,1.));
#1161 = ORIENTED_EDGE('',*,*,#1162,.F.);
#1162 = EDGE_CURVE('',#1136,#1155,#1163,.T.);
#1163 = CIRCLE('',#1164,4.999999678834);
#1164 = AXIS2_PLACEMENT_3D('',#1165,#1166,#1167);
#1165 = CARTESIAN_POINT('',(149.99989232116,-89.99990967883,0.));
#1166 = DIRECTION('',(0.,0.,-1.));
#1167 = DIRECTION('',(-6.42331470194E-08,1.,0.));
#1168 = CYLINDRICAL_SURFACE('',#1169,4.999999678834);
#1169 = AXIS2_PLACEMENT_3D('',#1170,#1171,#1172);
#1170 = CARTESIAN_POINT('',(149.99989232116,-89.99990967883,0.));
#1171 = DIRECTION('',(0.,0.,-1.));
#1172 = DIRECTION('',(-6.42331470194E-08,1.,0.));
#1173 = ADVANCED_FACE('',(#1174),#1199,.T.);
#1174 = FACE_BOUND('',#1175,.T.);
#1175 = EDGE_LOOP('',(#1176,#1186,#1192,#1193));
#1176 = ORIENTED_EDGE('',*,*,#1177,.T.);
#1177 = EDGE_CURVE('',#1178,#1180,#1182,.T.);
#1178 = VERTEX_POINT('',#1179);
#1179 = CARTESIAN_POINT('',(109.999892,-84.99991,0.));
#1180 = VERTEX_POINT('',#1181);
#1181 = CARTESIAN_POINT('',(109.999892,-84.99991,1.51));
#1182 = LINE('',#1183,#1184);
#1183 = CARTESIAN_POINT('',(109.999892,-84.99991,0.));
#1184 = VECTOR('',#1185,1.);
#1185 = DIRECTION('',(0.,0.,1.));
#1186 = ORIENTED_EDGE('',*,*,#1187,.T.);
#1187 = EDGE_CURVE('',#1180,#1138,#1188,.T.);
#1188 = LINE('',#1189,#1190);
#1189 = CARTESIAN_POINT('',(109.999892,-84.99991,1.51));
#1190 = VECTOR('',#1191,1.);
#1191 = DIRECTION('',(1.,0.,0.));
#1192 = ORIENTED_EDGE('',*,*,#1135,.F.);
#1193 = ORIENTED_EDGE('',*,*,#1194,.F.);
#1194 = EDGE_CURVE('',#1178,#1136,#1195,.T.);
#1195 = LINE('',#1196,#1197);
#1196 = CARTESIAN_POINT('',(109.999892,-84.99991,0.));
#1197 = VECTOR('',#1198,1.);
#1198 = DIRECTION('',(1.,0.,0.));
#1199 = PLANE('',#1200);
#1200 = AXIS2_PLACEMENT_3D('',#1201,#1202,#1203);
#1201 = CARTESIAN_POINT('',(109.999892,-84.99991,0.));
#1202 = DIRECTION('',(0.,1.,0.));
#1203 = DIRECTION('',(1.,0.,0.));
#1204 = ADVANCED_FACE('',(#1205),#1230,.T.);
#1205 = FACE_BOUND('',#1206,.T.);
#1206 = EDGE_LOOP('',(#1207,#1208,#1216,#1224));
#1207 = ORIENTED_EDGE('',*,*,#1154,.T.);
#1208 = ORIENTED_EDGE('',*,*,#1209,.T.);
#1209 = EDGE_CURVE('',#1146,#1210,#1212,.T.);
#1210 = VERTEX_POINT('',#1211);
#1211 = CARTESIAN_POINT('',(154.999892,-129.99991,1.51));
#1212 = LINE('',#1213,#1214);
#1213 = CARTESIAN_POINT('',(154.999892,-89.99991,1.51));
#1214 = VECTOR('',#1215,1.);
#1215 = DIRECTION('',(0.,-1.,0.));
#1216 = ORIENTED_EDGE('',*,*,#1217,.F.);
#1217 = EDGE_CURVE('',#1218,#1210,#1220,.T.);
#1218 = VERTEX_POINT('',#1219);
#1219 = CARTESIAN_POINT('',(154.999892,-129.99991,0.));
#1220 = LINE('',#1221,#1222);
#1221 = CARTESIAN_POINT('',(154.999892,-129.99991,0.));
#1222 = VECTOR('',#1223,1.);
#1223 = DIRECTION('',(0.,0.,1.));
#1224 = ORIENTED_EDGE('',*,*,#1225,.F.);
#1225 = EDGE_CURVE('',#1155,#1218,#1226,.T.);
#1226 = LINE('',#1227,#1228);
#1227 = CARTESIAN_POINT('',(154.999892,-89.99991,0.));
#1228 = VECTOR('',#1229,1.);
#1229 = DIRECTION('',(0.,-1.,0.));
#1230 = PLANE('',#1231);
#1231 = AXIS2_PLACEMENT_3D('',#1232,#1233,#1234);
#1232 = CARTESIAN_POINT('',(154.999892,-89.99991,0.));
#1233 = DIRECTION('',(1.,0.,-0.));
#1234 = DIRECTION('',(0.,-1.,0.));
#1235 = ADVANCED_FACE('',(#1236,#1282,#1293,#1304,#1315,#1326,#1337,
    #1348,#1359,#1370,#1381,#1392,#1403,#1414,#1425,#1436,#1447,#1458,
    #1469,#1480,#1491,#1502,#1513,#1524,#1535,#1546,#1557,#1568,#1579,
    #1590,#1601,#1612,#1623,#1634,#1645,#1656,#1667,#1678,#1689,#1700,
    #1711),#1722,.F.);
#1236 = FACE_BOUND('',#1237,.F.);
#1237 = EDGE_LOOP('',(#1238,#1239,#1240,#1249,#1257,#1266,#1274,#1281));
#1238 = ORIENTED_EDGE('',*,*,#1162,.F.);
#1239 = ORIENTED_EDGE('',*,*,#1194,.F.);
#1240 = ORIENTED_EDGE('',*,*,#1241,.F.);
#1241 = EDGE_CURVE('',#1242,#1178,#1244,.T.);
#1242 = VERTEX_POINT('',#1243);
#1243 = CARTESIAN_POINT('',(104.999892,-89.99991,0.));
#1244 = CIRCLE('',#1245,4.999999678834);
#1245 = AXIS2_PLACEMENT_3D('',#1246,#1247,#1248);
#1246 = CARTESIAN_POINT('',(109.99989167883,-89.99990967883,0.));
#1247 = DIRECTION('',(0.,0.,-1.));
#1248 = DIRECTION('',(-1.,-6.423314133505E-08,-0.));
#1249 = ORIENTED_EDGE('',*,*,#1250,.F.);
#1250 = EDGE_CURVE('',#1251,#1242,#1253,.T.);
#1251 = VERTEX_POINT('',#1252);
#1252 = CARTESIAN_POINT('',(104.999892,-129.99991,0.));
#1253 = LINE('',#1254,#1255);
#1254 = CARTESIAN_POINT('',(104.999892,-129.99991,0.));
#1255 = VECTOR('',#1256,1.);
#1256 = DIRECTION('',(0.,1.,0.));
#1257 = ORIENTED_EDGE('',*,*,#1258,.F.);
#1258 = EDGE_CURVE('',#1259,#1251,#1261,.T.);
#1259 = VERTEX_POINT('',#1260);
#1260 = CARTESIAN_POINT('',(109.999892,-134.99991,0.));
#1261 = CIRCLE('',#1262,4.999999678834);
#1262 = AXIS2_PLACEMENT_3D('',#1263,#1264,#1265);
#1263 = CARTESIAN_POINT('',(109.99989167883,-129.9999103211,0.));
#1264 = DIRECTION('',(0.,0.,-1.));
#1265 = DIRECTION('',(6.423314986157E-08,-1.,0.));
#1266 = ORIENTED_EDGE('',*,*,#1267,.F.);
#1267 = EDGE_CURVE('',#1268,#1259,#1270,.T.);
#1268 = VERTEX_POINT('',#1269);
#1269 = CARTESIAN_POINT('',(149.999892,-134.99991,0.));
#1270 = LINE('',#1271,#1272);
#1271 = CARTESIAN_POINT('',(149.999892,-134.99991,0.));
#1272 = VECTOR('',#1273,1.);
#1273 = DIRECTION('',(-1.,0.,0.));
#1274 = ORIENTED_EDGE('',*,*,#1275,.F.);
#1275 = EDGE_CURVE('',#1218,#1268,#1276,.T.);
#1276 = CIRCLE('',#1277,4.999999678834);
#1277 = AXIS2_PLACEMENT_3D('',#1278,#1279,#1280);
#1278 = CARTESIAN_POINT('',(149.99989232116,-129.9999103211,0.));
#1279 = DIRECTION('',(0.,0.,-1.));
#1280 = DIRECTION('',(1.,6.42331470194E-08,0.));
#1281 = ORIENTED_EDGE('',*,*,#1225,.F.);
#1282 = FACE_BOUND('',#1283,.F.);
#1283 = EDGE_LOOP('',(#1284));
#1284 = ORIENTED_EDGE('',*,*,#1285,.F.);
#1285 = EDGE_CURVE('',#1286,#1286,#1288,.T.);
#1286 = VERTEX_POINT('',#1287);
#1287 = CARTESIAN_POINT('',(111.999892,-129.99991,0.));
#1288 = CIRCLE('',#1289,2.);
#1289 = AXIS2_PLACEMENT_3D('',#1290,#1291,#1292);
#1290 = CARTESIAN_POINT('',(109.999892,-129.99991,0.));
#1291 = DIRECTION('',(0.,0.,1.));
#1292 = DIRECTION('',(1.,0.,-0.));
#1293 = FACE_BOUND('',#1294,.F.);
#1294 = EDGE_LOOP('',(#1295));
#1295 = ORIENTED_EDGE('',*,*,#1296,.T.);
#1296 = EDGE_CURVE('',#1297,#1297,#1299,.T.);
#1297 = VERTEX_POINT('',#1298);
#1298 = CARTESIAN_POINT('',(119.839892,-132.08991,0.));
#1299 = CIRCLE('',#1300,0.5);
#1300 = AXIS2_PLACEMENT_3D('',#1301,#1302,#1303);
#1301 = CARTESIAN_POINT('',(119.839892,-131.58991,0.));
#1302 = DIRECTION('',(-0.,0.,-1.));
#1303 = DIRECTION('',(-0.,-1.,0.));
#1304 = FACE_BOUND('',#1305,.F.);
#1305 = EDGE_LOOP('',(#1306));
#1306 = ORIENTED_EDGE('',*,*,#1307,.T.);
#1307 = EDGE_CURVE('',#1308,#1308,#1310,.T.);
#1308 = VERTEX_POINT('',#1309);
#1309 = CARTESIAN_POINT('',(119.839892,-129.54991,0.));
#1310 = CIRCLE('',#1311,0.5);
#1311 = AXIS2_PLACEMENT_3D('',#1312,#1313,#1314);
#1312 = CARTESIAN_POINT('',(119.839892,-129.04991,0.));
#1313 = DIRECTION('',(-0.,0.,-1.));
#1314 = DIRECTION('',(-0.,-1.,0.));
#1315 = FACE_BOUND('',#1316,.F.);
#1316 = EDGE_LOOP('',(#1317));
#1317 = ORIENTED_EDGE('',*,*,#1318,.T.);
#1318 = EDGE_CURVE('',#1319,#1319,#1321,.T.);
#1319 = VERTEX_POINT('',#1320);
#1320 = CARTESIAN_POINT('',(119.839892,-127.00991,0.));
#1321 = CIRCLE('',#1322,0.5);
#1322 = AXIS2_PLACEMENT_3D('',#1323,#1324,#1325);
#1323 = CARTESIAN_POINT('',(119.839892,-126.50991,0.));
#1324 = DIRECTION('',(-0.,0.,-1.));
#1325 = DIRECTION('',(-0.,-1.,0.));
#1326 = FACE_BOUND('',#1327,.F.);
#1327 = EDGE_LOOP('',(#1328));
#1328 = ORIENTED_EDGE('',*,*,#1329,.T.);
#1329 = EDGE_CURVE('',#1330,#1330,#1332,.T.);
#1330 = VERTEX_POINT('',#1331);
#1331 = CARTESIAN_POINT('',(119.839892,-124.46991,0.));
#1332 = CIRCLE('',#1333,0.5);
#1333 = AXIS2_PLACEMENT_3D('',#1334,#1335,#1336);
#1334 = CARTESIAN_POINT('',(119.839892,-123.96991,0.));
#1335 = DIRECTION('',(-0.,0.,-1.));
#1336 = DIRECTION('',(-0.,-1.,0.));
#1337 = FACE_BOUND('',#1338,.F.);
#1338 = EDGE_LOOP('',(#1339));
#1339 = ORIENTED_EDGE('',*,*,#1340,.T.);
#1340 = EDGE_CURVE('',#1341,#1341,#1343,.T.);
#1341 = VERTEX_POINT('',#1342);
#1342 = CARTESIAN_POINT('',(119.839892,-121.92991,0.));
#1343 = CIRCLE('',#1344,0.5);
#1344 = AXIS2_PLACEMENT_3D('',#1345,#1346,#1347);
#1345 = CARTESIAN_POINT('',(119.839892,-121.42991,0.));
#1346 = DIRECTION('',(-0.,0.,-1.));
#1347 = DIRECTION('',(-0.,-1.,0.));
#1348 = FACE_BOUND('',#1349,.F.);
#1349 = EDGE_LOOP('',(#1350));
#1350 = ORIENTED_EDGE('',*,*,#1351,.T.);
#1351 = EDGE_CURVE('',#1352,#1352,#1354,.T.);
#1352 = VERTEX_POINT('',#1353);
#1353 = CARTESIAN_POINT('',(119.839892,-119.38991,0.));
#1354 = CIRCLE('',#1355,0.5);
#1355 = AXIS2_PLACEMENT_3D('',#1356,#1357,#1358);
#1356 = CARTESIAN_POINT('',(119.839892,-118.88991,0.));
#1357 = DIRECTION('',(-0.,0.,-1.));
#1358 = DIRECTION('',(-0.,-1.,0.));
#1359 = FACE_BOUND('',#1360,.F.);
#1360 = EDGE_LOOP('',(#1361));
#1361 = ORIENTED_EDGE('',*,*,#1362,.T.);
#1362 = EDGE_CURVE('',#1363,#1363,#1365,.T.);
#1363 = VERTEX_POINT('',#1364);
#1364 = CARTESIAN_POINT('',(119.839892,-116.84991,0.));
#1365 = CIRCLE('',#1366,0.5);
#1366 = AXIS2_PLACEMENT_3D('',#1367,#1368,#1369);
#1367 = CARTESIAN_POINT('',(119.839892,-116.34991,0.));
#1368 = DIRECTION('',(-0.,0.,-1.));
#1369 = DIRECTION('',(-0.,-1.,0.));
#1370 = FACE_BOUND('',#1371,.F.);
#1371 = EDGE_LOOP('',(#1372));
#1372 = ORIENTED_EDGE('',*,*,#1373,.T.);
#1373 = EDGE_CURVE('',#1374,#1374,#1376,.T.);
#1374 = VERTEX_POINT('',#1375);
#1375 = CARTESIAN_POINT('',(119.839892,-114.30991,0.));
#1376 = CIRCLE('',#1377,0.5);
#1377 = AXIS2_PLACEMENT_3D('',#1378,#1379,#1380);
#1378 = CARTESIAN_POINT('',(119.839892,-113.80991,0.));
#1379 = DIRECTION('',(-0.,0.,-1.));
#1380 = DIRECTION('',(-0.,-1.,0.));
#1381 = FACE_BOUND('',#1382,.F.);
#1382 = EDGE_LOOP('',(#1383));
#1383 = ORIENTED_EDGE('',*,*,#1384,.T.);
#1384 = EDGE_CURVE('',#1385,#1385,#1387,.T.);
#1385 = VERTEX_POINT('',#1386);
#1386 = CARTESIAN_POINT('',(119.839892,-111.76991,0.));
#1387 = CIRCLE('',#1388,0.5);
#1388 = AXIS2_PLACEMENT_3D('',#1389,#1390,#1391);
#1389 = CARTESIAN_POINT('',(119.839892,-111.26991,0.));
#1390 = DIRECTION('',(-0.,0.,-1.));
#1391 = DIRECTION('',(-0.,-1.,0.));
#1392 = FACE_BOUND('',#1393,.F.);
#1393 = EDGE_LOOP('',(#1394));
#1394 = ORIENTED_EDGE('',*,*,#1395,.T.);
#1395 = EDGE_CURVE('',#1396,#1396,#1398,.T.);
#1396 = VERTEX_POINT('',#1397);
#1397 = CARTESIAN_POINT('',(140.159892,-132.08991,0.));
#1398 = CIRCLE('',#1399,0.5);
#1399 = AXIS2_PLACEMENT_3D('',#1400,#1401,#1402);
#1400 = CARTESIAN_POINT('',(140.159892,-131.58991,0.));
#1401 = DIRECTION('',(-0.,0.,-1.));
#1402 = DIRECTION('',(-0.,-1.,0.));
#1403 = FACE_BOUND('',#1404,.F.);
#1404 = EDGE_LOOP('',(#1405));
#1405 = ORIENTED_EDGE('',*,*,#1406,.T.);
#1406 = EDGE_CURVE('',#1407,#1407,#1409,.T.);
#1407 = VERTEX_POINT('',#1408);
#1408 = CARTESIAN_POINT('',(140.159892,-129.54991,0.));
#1409 = CIRCLE('',#1410,0.5);
#1410 = AXIS2_PLACEMENT_3D('',#1411,#1412,#1413);
#1411 = CARTESIAN_POINT('',(140.159892,-129.04991,0.));
#1412 = DIRECTION('',(-0.,0.,-1.));
#1413 = DIRECTION('',(-0.,-1.,0.));
#1414 = FACE_BOUND('',#1415,.F.);
#1415 = EDGE_LOOP('',(#1416));
#1416 = ORIENTED_EDGE('',*,*,#1417,.T.);
#1417 = EDGE_CURVE('',#1418,#1418,#1420,.T.);
#1418 = VERTEX_POINT('',#1419);
#1419 = CARTESIAN_POINT('',(140.159892,-127.00991,0.));
#1420 = CIRCLE('',#1421,0.5);
#1421 = AXIS2_PLACEMENT_3D('',#1422,#1423,#1424);
#1422 = CARTESIAN_POINT('',(140.159892,-126.50991,0.));
#1423 = DIRECTION('',(-0.,0.,-1.));
#1424 = DIRECTION('',(-0.,-1.,0.));
#1425 = FACE_BOUND('',#1426,.F.);
#1426 = EDGE_LOOP('',(#1427));
#1427 = ORIENTED_EDGE('',*,*,#1428,.T.);
#1428 = EDGE_CURVE('',#1429,#1429,#1431,.T.);
#1429 = VERTEX_POINT('',#1430);
#1430 = CARTESIAN_POINT('',(140.159892,-124.46991,0.));
#1431 = CIRCLE('',#1432,0.5);
#1432 = AXIS2_PLACEMENT_3D('',#1433,#1434,#1435);
#1433 = CARTESIAN_POINT('',(140.159892,-123.96991,0.));
#1434 = DIRECTION('',(-0.,0.,-1.));
#1435 = DIRECTION('',(-0.,-1.,0.));
#1436 = FACE_BOUND('',#1437,.F.);
#1437 = EDGE_LOOP('',(#1438));
#1438 = ORIENTED_EDGE('',*,*,#1439,.T.);
#1439 = EDGE_CURVE('',#1440,#1440,#1442,.T.);
#1440 = VERTEX_POINT('',#1441);
#1441 = CARTESIAN_POINT('',(140.159892,-121.92991,0.));
#1442 = CIRCLE('',#1443,0.5);
#1443 = AXIS2_PLACEMENT_3D('',#1444,#1445,#1446);
#1444 = CARTESIAN_POINT('',(140.159892,-121.42991,0.));
#1445 = DIRECTION('',(-0.,0.,-1.));
#1446 = DIRECTION('',(-0.,-1.,0.));
#1447 = FACE_BOUND('',#1448,.F.);
#1448 = EDGE_LOOP('',(#1449));
#1449 = ORIENTED_EDGE('',*,*,#1450,.F.);
#1450 = EDGE_CURVE('',#1451,#1451,#1453,.T.);
#1451 = VERTEX_POINT('',#1452);
#1452 = CARTESIAN_POINT('',(151.999892,-129.99991,0.));
#1453 = CIRCLE('',#1454,2.);
#1454 = AXIS2_PLACEMENT_3D('',#1455,#1456,#1457);
#1455 = CARTESIAN_POINT('',(149.999892,-129.99991,0.));
#1456 = DIRECTION('',(0.,0.,1.));
#1457 = DIRECTION('',(1.,0.,-0.));
#1458 = FACE_BOUND('',#1459,.F.);
#1459 = EDGE_LOOP('',(#1460));
#1460 = ORIENTED_EDGE('',*,*,#1461,.T.);
#1461 = EDGE_CURVE('',#1462,#1462,#1464,.T.);
#1462 = VERTEX_POINT('',#1463);
#1463 = CARTESIAN_POINT('',(140.159892,-119.38991,0.));
#1464 = CIRCLE('',#1465,0.5);
#1465 = AXIS2_PLACEMENT_3D('',#1466,#1467,#1468);
#1466 = CARTESIAN_POINT('',(140.159892,-118.88991,0.));
#1467 = DIRECTION('',(-0.,0.,-1.));
#1468 = DIRECTION('',(-0.,-1.,0.));
#1469 = FACE_BOUND('',#1470,.F.);
#1470 = EDGE_LOOP('',(#1471));
#1471 = ORIENTED_EDGE('',*,*,#1472,.T.);
#1472 = EDGE_CURVE('',#1473,#1473,#1475,.T.);
#1473 = VERTEX_POINT('',#1474);
#1474 = CARTESIAN_POINT('',(140.159892,-116.84991,0.));
#1475 = CIRCLE('',#1476,0.5);
#1476 = AXIS2_PLACEMENT_3D('',#1477,#1478,#1479);
#1477 = CARTESIAN_POINT('',(140.159892,-116.34991,0.));
#1478 = DIRECTION('',(-0.,0.,-1.));
#1479 = DIRECTION('',(-0.,-1.,0.));
#1480 = FACE_BOUND('',#1481,.F.);
#1481 = EDGE_LOOP('',(#1482));
#1482 = ORIENTED_EDGE('',*,*,#1483,.T.);
#1483 = EDGE_CURVE('',#1484,#1484,#1486,.T.);
#1484 = VERTEX_POINT('',#1485);
#1485 = CARTESIAN_POINT('',(140.159892,-114.30991,0.));
#1486 = CIRCLE('',#1487,0.5);
#1487 = AXIS2_PLACEMENT_3D('',#1488,#1489,#1490);
#1488 = CARTESIAN_POINT('',(140.159892,-113.80991,0.));
#1489 = DIRECTION('',(-0.,0.,-1.));
#1490 = DIRECTION('',(-0.,-1.,0.));
#1491 = FACE_BOUND('',#1492,.F.);
#1492 = EDGE_LOOP('',(#1493));
#1493 = ORIENTED_EDGE('',*,*,#1494,.T.);
#1494 = EDGE_CURVE('',#1495,#1495,#1497,.T.);
#1495 = VERTEX_POINT('',#1496);
#1496 = CARTESIAN_POINT('',(140.159892,-111.76991,0.));
#1497 = CIRCLE('',#1498,0.5);
#1498 = AXIS2_PLACEMENT_3D('',#1499,#1500,#1501);
#1499 = CARTESIAN_POINT('',(140.159892,-111.26991,0.));
#1500 = DIRECTION('',(-0.,0.,-1.));
#1501 = DIRECTION('',(-0.,-1.,0.));
#1502 = FACE_BOUND('',#1503,.F.);
#1503 = EDGE_LOOP('',(#1504));
#1504 = ORIENTED_EDGE('',*,*,#1505,.T.);
#1505 = EDGE_CURVE('',#1506,#1506,#1508,.T.);
#1506 = VERTEX_POINT('',#1507);
#1507 = CARTESIAN_POINT('',(119.839892,-109.22991,0.));
#1508 = CIRCLE('',#1509,0.5);
#1509 = AXIS2_PLACEMENT_3D('',#1510,#1511,#1512);
#1510 = CARTESIAN_POINT('',(119.839892,-108.72991,0.));
#1511 = DIRECTION('',(-0.,0.,-1.));
#1512 = DIRECTION('',(-0.,-1.,0.));
#1513 = FACE_BOUND('',#1514,.F.);
#1514 = EDGE_LOOP('',(#1515));
#1515 = ORIENTED_EDGE('',*,*,#1516,.T.);
#1516 = EDGE_CURVE('',#1517,#1517,#1519,.T.);
#1517 = VERTEX_POINT('',#1518);
#1518 = CARTESIAN_POINT('',(119.839892,-106.68991,0.));
#1519 = CIRCLE('',#1520,0.5);
#1520 = AXIS2_PLACEMENT_3D('',#1521,#1522,#1523);
#1521 = CARTESIAN_POINT('',(119.839892,-106.18991,0.));
#1522 = DIRECTION('',(-0.,0.,-1.));
#1523 = DIRECTION('',(-0.,-1.,0.));
#1524 = FACE_BOUND('',#1525,.F.);
#1525 = EDGE_LOOP('',(#1526));
#1526 = ORIENTED_EDGE('',*,*,#1527,.T.);
#1527 = EDGE_CURVE('',#1528,#1528,#1530,.T.);
#1528 = VERTEX_POINT('',#1529);
#1529 = CARTESIAN_POINT('',(119.839892,-104.14991,0.));
#1530 = CIRCLE('',#1531,0.5);
#1531 = AXIS2_PLACEMENT_3D('',#1532,#1533,#1534);
#1532 = CARTESIAN_POINT('',(119.839892,-103.64991,0.));
#1533 = DIRECTION('',(-0.,0.,-1.));
#1534 = DIRECTION('',(-0.,-1.,0.));
#1535 = FACE_BOUND('',#1536,.F.);
#1536 = EDGE_LOOP('',(#1537));
#1537 = ORIENTED_EDGE('',*,*,#1538,.T.);
#1538 = EDGE_CURVE('',#1539,#1539,#1541,.T.);
#1539 = VERTEX_POINT('',#1540);
#1540 = CARTESIAN_POINT('',(119.839892,-101.60991,0.));
#1541 = CIRCLE('',#1542,0.5);
#1542 = AXIS2_PLACEMENT_3D('',#1543,#1544,#1545);
#1543 = CARTESIAN_POINT('',(119.839892,-101.10991,0.));
#1544 = DIRECTION('',(-0.,0.,-1.));
#1545 = DIRECTION('',(-0.,-1.,0.));
#1546 = FACE_BOUND('',#1547,.F.);
#1547 = EDGE_LOOP('',(#1548));
#1548 = ORIENTED_EDGE('',*,*,#1549,.F.);
#1549 = EDGE_CURVE('',#1550,#1550,#1552,.T.);
#1550 = VERTEX_POINT('',#1551);
#1551 = CARTESIAN_POINT('',(111.999892,-89.99991,0.));
#1552 = CIRCLE('',#1553,2.);
#1553 = AXIS2_PLACEMENT_3D('',#1554,#1555,#1556);
#1554 = CARTESIAN_POINT('',(109.999892,-89.99991,0.));
#1555 = DIRECTION('',(0.,0.,1.));
#1556 = DIRECTION('',(1.,0.,-0.));
#1557 = FACE_BOUND('',#1558,.F.);
#1558 = EDGE_LOOP('',(#1559));
#1559 = ORIENTED_EDGE('',*,*,#1560,.T.);
#1560 = EDGE_CURVE('',#1561,#1561,#1563,.T.);
#1561 = VERTEX_POINT('',#1562);
#1562 = CARTESIAN_POINT('',(119.839892,-99.06991,0.));
#1563 = CIRCLE('',#1564,0.5);
#1564 = AXIS2_PLACEMENT_3D('',#1565,#1566,#1567);
#1565 = CARTESIAN_POINT('',(119.839892,-98.56991,0.));
#1566 = DIRECTION('',(-0.,0.,-1.));
#1567 = DIRECTION('',(-0.,-1.,0.));
#1568 = FACE_BOUND('',#1569,.F.);
#1569 = EDGE_LOOP('',(#1570));
#1570 = ORIENTED_EDGE('',*,*,#1571,.T.);
#1571 = EDGE_CURVE('',#1572,#1572,#1574,.T.);
#1572 = VERTEX_POINT('',#1573);
#1573 = CARTESIAN_POINT('',(119.839892,-96.52991,0.));
#1574 = CIRCLE('',#1575,0.5);
#1575 = AXIS2_PLACEMENT_3D('',#1576,#1577,#1578);
#1576 = CARTESIAN_POINT('',(119.839892,-96.02991,0.));
#1577 = DIRECTION('',(-0.,0.,-1.));
#1578 = DIRECTION('',(-0.,-1.,0.));
#1579 = FACE_BOUND('',#1580,.F.);
#1580 = EDGE_LOOP('',(#1581));
#1581 = ORIENTED_EDGE('',*,*,#1582,.T.);
#1582 = EDGE_CURVE('',#1583,#1583,#1585,.T.);
#1583 = VERTEX_POINT('',#1584);
#1584 = CARTESIAN_POINT('',(119.839892,-93.98991,0.));
#1585 = CIRCLE('',#1586,0.5);
#1586 = AXIS2_PLACEMENT_3D('',#1587,#1588,#1589);
#1587 = CARTESIAN_POINT('',(119.839892,-93.48991,0.));
#1588 = DIRECTION('',(-0.,0.,-1.));
#1589 = DIRECTION('',(-0.,-1.,0.));
#1590 = FACE_BOUND('',#1591,.F.);
#1591 = EDGE_LOOP('',(#1592));
#1592 = ORIENTED_EDGE('',*,*,#1593,.T.);
#1593 = EDGE_CURVE('',#1594,#1594,#1596,.T.);
#1594 = VERTEX_POINT('',#1595);
#1595 = CARTESIAN_POINT('',(119.839892,-91.44991,0.));
#1596 = CIRCLE('',#1597,0.5);
#1597 = AXIS2_PLACEMENT_3D('',#1598,#1599,#1600);
#1598 = CARTESIAN_POINT('',(119.839892,-90.94991,0.));
#1599 = DIRECTION('',(-0.,0.,-1.));
#1600 = DIRECTION('',(-0.,-1.,0.));
#1601 = FACE_BOUND('',#1602,.F.);
#1602 = EDGE_LOOP('',(#1603));
#1603 = ORIENTED_EDGE('',*,*,#1604,.T.);
#1604 = EDGE_CURVE('',#1605,#1605,#1607,.T.);
#1605 = VERTEX_POINT('',#1606);
#1606 = CARTESIAN_POINT('',(119.839892,-88.90991,0.));
#1607 = CIRCLE('',#1608,0.5);
#1608 = AXIS2_PLACEMENT_3D('',#1609,#1610,#1611);
#1609 = CARTESIAN_POINT('',(119.839892,-88.40991,0.));
#1610 = DIRECTION('',(-0.,0.,-1.));
#1611 = DIRECTION('',(-0.,-1.,0.));
#1612 = FACE_BOUND('',#1613,.F.);
#1613 = EDGE_LOOP('',(#1614));
#1614 = ORIENTED_EDGE('',*,*,#1615,.T.);
#1615 = EDGE_CURVE('',#1616,#1616,#1618,.T.);
#1616 = VERTEX_POINT('',#1617);
#1617 = CARTESIAN_POINT('',(140.159892,-109.22991,0.));
#1618 = CIRCLE('',#1619,0.5);
#1619 = AXIS2_PLACEMENT_3D('',#1620,#1621,#1622);
#1620 = CARTESIAN_POINT('',(140.159892,-108.72991,0.));
#1621 = DIRECTION('',(-0.,0.,-1.));
#1622 = DIRECTION('',(-0.,-1.,0.));
#1623 = FACE_BOUND('',#1624,.F.);
#1624 = EDGE_LOOP('',(#1625));
#1625 = ORIENTED_EDGE('',*,*,#1626,.T.);
#1626 = EDGE_CURVE('',#1627,#1627,#1629,.T.);
#1627 = VERTEX_POINT('',#1628);
#1628 = CARTESIAN_POINT('',(140.159892,-106.68991,0.));
#1629 = CIRCLE('',#1630,0.5);
#1630 = AXIS2_PLACEMENT_3D('',#1631,#1632,#1633);
#1631 = CARTESIAN_POINT('',(140.159892,-106.18991,0.));
#1632 = DIRECTION('',(-0.,0.,-1.));
#1633 = DIRECTION('',(-0.,-1.,0.));
#1634 = FACE_BOUND('',#1635,.F.);
#1635 = EDGE_LOOP('',(#1636));
#1636 = ORIENTED_EDGE('',*,*,#1637,.T.);
#1637 = EDGE_CURVE('',#1638,#1638,#1640,.T.);
#1638 = VERTEX_POINT('',#1639);
#1639 = CARTESIAN_POINT('',(140.159892,-104.14991,0.));
#1640 = CIRCLE('',#1641,0.5);
#1641 = AXIS2_PLACEMENT_3D('',#1642,#1643,#1644);
#1642 = CARTESIAN_POINT('',(140.159892,-103.64991,0.));
#1643 = DIRECTION('',(-0.,0.,-1.));
#1644 = DIRECTION('',(-0.,-1.,0.));
#1645 = FACE_BOUND('',#1646,.F.);
#1646 = EDGE_LOOP('',(#1647));
#1647 = ORIENTED_EDGE('',*,*,#1648,.T.);
#1648 = EDGE_CURVE('',#1649,#1649,#1651,.T.);
#1649 = VERTEX_POINT('',#1650);
#1650 = CARTESIAN_POINT('',(140.159892,-101.60991,0.));
#1651 = CIRCLE('',#1652,0.5);
#1652 = AXIS2_PLACEMENT_3D('',#1653,#1654,#1655);
#1653 = CARTESIAN_POINT('',(140.159892,-101.10991,0.));
#1654 = DIRECTION('',(-0.,0.,-1.));
#1655 = DIRECTION('',(-0.,-1.,0.));
#1656 = FACE_BOUND('',#1657,.F.);
#1657 = EDGE_LOOP('',(#1658));
#1658 = ORIENTED_EDGE('',*,*,#1659,.T.);
#1659 = EDGE_CURVE('',#1660,#1660,#1662,.T.);
#1660 = VERTEX_POINT('',#1661);
#1661 = CARTESIAN_POINT('',(140.159892,-99.06991,0.));
#1662 = CIRCLE('',#1663,0.5);
#1663 = AXIS2_PLACEMENT_3D('',#1664,#1665,#1666);
#1664 = CARTESIAN_POINT('',(140.159892,-98.56991,0.));
#1665 = DIRECTION('',(-0.,0.,-1.));
#1666 = DIRECTION('',(-0.,-1.,0.));
#1667 = FACE_BOUND('',#1668,.F.);
#1668 = EDGE_LOOP('',(#1669));
#1669 = ORIENTED_EDGE('',*,*,#1670,.T.);
#1670 = EDGE_CURVE('',#1671,#1671,#1673,.T.);
#1671 = VERTEX_POINT('',#1672);
#1672 = CARTESIAN_POINT('',(140.159892,-96.52991,0.));
#1673 = CIRCLE('',#1674,0.5);
#1674 = AXIS2_PLACEMENT_3D('',#1675,#1676,#1677);
#1675 = CARTESIAN_POINT('',(140.159892,-96.02991,0.));
#1676 = DIRECTION('',(-0.,0.,-1.));
#1677 = DIRECTION('',(-0.,-1.,0.));
#1678 = FACE_BOUND('',#1679,.F.);
#1679 = EDGE_LOOP('',(#1680));
#1680 = ORIENTED_EDGE('',*,*,#1681,.T.);
#1681 = EDGE_CURVE('',#1682,#1682,#1684,.T.);
#1682 = VERTEX_POINT('',#1683);
#1683 = CARTESIAN_POINT('',(140.159892,-93.98991,0.));
#1684 = CIRCLE('',#1685,0.5);
#1685 = AXIS2_PLACEMENT_3D('',#1686,#1687,#1688);
#1686 = CARTESIAN_POINT('',(140.159892,-93.48991,0.));
#1687 = DIRECTION('',(-0.,0.,-1.));
#1688 = DIRECTION('',(-0.,-1.,0.));
#1689 = FACE_BOUND('',#1690,.F.);
#1690 = EDGE_LOOP('',(#1691));
#1691 = ORIENTED_EDGE('',*,*,#1692,.T.);
#1692 = EDGE_CURVE('',#1693,#1693,#1695,.T.);
#1693 = VERTEX_POINT('',#1694);
#1694 = CARTESIAN_POINT('',(140.159892,-91.44991,0.));
#1695 = CIRCLE('',#1696,0.5);
#1696 = AXIS2_PLACEMENT_3D('',#1697,#1698,#1699);
#1697 = CARTESIAN_POINT('',(140.159892,-90.94991,0.));
#1698 = DIRECTION('',(-0.,0.,-1.));
#1699 = DIRECTION('',(-0.,-1.,0.));
#1700 = FACE_BOUND('',#1701,.F.);
#1701 = EDGE_LOOP('',(#1702));
#1702 = ORIENTED_EDGE('',*,*,#1703,.T.);
#1703 = EDGE_CURVE('',#1704,#1704,#1706,.T.);
#1704 = VERTEX_POINT('',#1705);
#1705 = CARTESIAN_POINT('',(140.159892,-88.90991,0.));
#1706 = CIRCLE('',#1707,0.5);
#1707 = AXIS2_PLACEMENT_3D('',#1708,#1709,#1710);
#1708 = CARTESIAN_POINT('',(140.159892,-88.40991,0.));
#1709 = DIRECTION('',(-0.,0.,-1.));
#1710 = DIRECTION('',(-0.,-1.,0.));
#1711 = FACE_BOUND('',#1712,.F.);
#1712 = EDGE_LOOP('',(#1713));
#1713 = ORIENTED_EDGE('',*,*,#1714,.F.);
#1714 = EDGE_CURVE('',#1715,#1715,#1717,.T.);
#1715 = VERTEX_POINT('',#1716);
#1716 = CARTESIAN_POINT('',(151.999892,-89.99991,0.));
#1717 = CIRCLE('',#1718,2.);
#1718 = AXIS2_PLACEMENT_3D('',#1719,#1720,#1721);
#1719 = CARTESIAN_POINT('',(149.999892,-89.99991,0.));
#1720 = DIRECTION('',(0.,0.,1.));
#1721 = DIRECTION('',(1.,0.,-0.));
#1722 = PLANE('',#1723);
#1723 = AXIS2_PLACEMENT_3D('',#1724,#1725,#1726);
#1724 = CARTESIAN_POINT('',(0.,0.,0.));
#1725 = DIRECTION('',(0.,0.,1.));
#1726 = DIRECTION('',(1.,0.,-0.));
#1727 = ADVANCED_FACE('',(#1728,#1774,#1785,#1796,#1807,#1818,#1829,
    #1840,#1851,#1862,#1873,#1884,#1895,#1906,#1917,#1928,#1939,#1950,
    #1961,#1972,#1983,#1994,#2005,#2016,#2027,#2038,#2049,#2060,#2071,
    #2082,#2093,#2104,#2115,#2126,#2137,#2148,#2159,#2170,#2181,#2192,
    #2203),#2214,.T.);
#1728 = FACE_BOUND('',#1729,.T.);
#1729 = EDGE_LOOP('',(#1730,#1731,#1732,#1741,#1749,#1758,#1766,#1773));
#1730 = ORIENTED_EDGE('',*,*,#1145,.F.);
#1731 = ORIENTED_EDGE('',*,*,#1187,.F.);
#1732 = ORIENTED_EDGE('',*,*,#1733,.F.);
#1733 = EDGE_CURVE('',#1734,#1180,#1736,.T.);
#1734 = VERTEX_POINT('',#1735);
#1735 = CARTESIAN_POINT('',(104.999892,-89.99991,1.51));
#1736 = CIRCLE('',#1737,4.999999678834);
#1737 = AXIS2_PLACEMENT_3D('',#1738,#1739,#1740);
#1738 = CARTESIAN_POINT('',(109.99989167883,-89.99990967883,1.51));
#1739 = DIRECTION('',(0.,0.,-1.));
#1740 = DIRECTION('',(-1.,-6.423314133505E-08,-0.));
#1741 = ORIENTED_EDGE('',*,*,#1742,.F.);
#1742 = EDGE_CURVE('',#1743,#1734,#1745,.T.);
#1743 = VERTEX_POINT('',#1744);
#1744 = CARTESIAN_POINT('',(104.999892,-129.99991,1.51));
#1745 = LINE('',#1746,#1747);
#1746 = CARTESIAN_POINT('',(104.999892,-129.99991,1.51));
#1747 = VECTOR('',#1748,1.);
#1748 = DIRECTION('',(0.,1.,0.));
#1749 = ORIENTED_EDGE('',*,*,#1750,.F.);
#1750 = EDGE_CURVE('',#1751,#1743,#1753,.T.);
#1751 = VERTEX_POINT('',#1752);
#1752 = CARTESIAN_POINT('',(109.999892,-134.99991,1.51));
#1753 = CIRCLE('',#1754,4.999999678834);
#1754 = AXIS2_PLACEMENT_3D('',#1755,#1756,#1757);
#1755 = CARTESIAN_POINT('',(109.99989167883,-129.9999103211,1.51));
#1756 = DIRECTION('',(0.,0.,-1.));
#1757 = DIRECTION('',(6.423314986157E-08,-1.,0.));
#1758 = ORIENTED_EDGE('',*,*,#1759,.F.);
#1759 = EDGE_CURVE('',#1760,#1751,#1762,.T.);
#1760 = VERTEX_POINT('',#1761);
#1761 = CARTESIAN_POINT('',(149.999892,-134.99991,1.51));
#1762 = LINE('',#1763,#1764);
#1763 = CARTESIAN_POINT('',(149.999892,-134.99991,1.51));
#1764 = VECTOR('',#1765,1.);
#1765 = DIRECTION('',(-1.,0.,0.));
#1766 = ORIENTED_EDGE('',*,*,#1767,.F.);
#1767 = EDGE_CURVE('',#1210,#1760,#1768,.T.);
#1768 = CIRCLE('',#1769,4.999999678834);
#1769 = AXIS2_PLACEMENT_3D('',#1770,#1771,#1772);
#1770 = CARTESIAN_POINT('',(149.99989232116,-129.9999103211,1.51));
#1771 = DIRECTION('',(0.,0.,-1.));
#1772 = DIRECTION('',(1.,6.42331470194E-08,0.));
#1773 = ORIENTED_EDGE('',*,*,#1209,.F.);
#1774 = FACE_BOUND('',#1775,.T.);
#1775 = EDGE_LOOP('',(#1776));
#1776 = ORIENTED_EDGE('',*,*,#1777,.F.);
#1777 = EDGE_CURVE('',#1778,#1778,#1780,.T.);
#1778 = VERTEX_POINT('',#1779);
#1779 = CARTESIAN_POINT('',(111.999892,-129.99991,1.51));
#1780 = CIRCLE('',#1781,2.);
#1781 = AXIS2_PLACEMENT_3D('',#1782,#1783,#1784);
#1782 = CARTESIAN_POINT('',(109.999892,-129.99991,1.51));
#1783 = DIRECTION('',(0.,0.,1.));
#1784 = DIRECTION('',(1.,0.,-0.));
#1785 = FACE_BOUND('',#1786,.T.);
#1786 = EDGE_LOOP('',(#1787));
#1787 = ORIENTED_EDGE('',*,*,#1788,.T.);
#1788 = EDGE_CURVE('',#1789,#1789,#1791,.T.);
#1789 = VERTEX_POINT('',#1790);
#1790 = CARTESIAN_POINT('',(119.839892,-132.08991,1.51));
#1791 = CIRCLE('',#1792,0.5);
#1792 = AXIS2_PLACEMENT_3D('',#1793,#1794,#1795);
#1793 = CARTESIAN_POINT('',(119.839892,-131.58991,1.51));
#1794 = DIRECTION('',(-0.,0.,-1.));
#1795 = DIRECTION('',(-0.,-1.,0.));
#1796 = FACE_BOUND('',#1797,.T.);
#1797 = EDGE_LOOP('',(#1798));
#1798 = ORIENTED_EDGE('',*,*,#1799,.T.);
#1799 = EDGE_CURVE('',#1800,#1800,#1802,.T.);
#1800 = VERTEX_POINT('',#1801);
#1801 = CARTESIAN_POINT('',(119.839892,-129.54991,1.51));
#1802 = CIRCLE('',#1803,0.5);
#1803 = AXIS2_PLACEMENT_3D('',#1804,#1805,#1806);
#1804 = CARTESIAN_POINT('',(119.839892,-129.04991,1.51));
#1805 = DIRECTION('',(-0.,0.,-1.));
#1806 = DIRECTION('',(-0.,-1.,0.));
#1807 = FACE_BOUND('',#1808,.T.);
#1808 = EDGE_LOOP('',(#1809));
#1809 = ORIENTED_EDGE('',*,*,#1810,.T.);
#1810 = EDGE_CURVE('',#1811,#1811,#1813,.T.);
#1811 = VERTEX_POINT('',#1812);
#1812 = CARTESIAN_POINT('',(119.839892,-127.00991,1.51));
#1813 = CIRCLE('',#1814,0.5);
#1814 = AXIS2_PLACEMENT_3D('',#1815,#1816,#1817);
#1815 = CARTESIAN_POINT('',(119.839892,-126.50991,1.51));
#1816 = DIRECTION('',(-0.,0.,-1.));
#1817 = DIRECTION('',(-0.,-1.,0.));
#1818 = FACE_BOUND('',#1819,.T.);
#1819 = EDGE_LOOP('',(#1820));
#1820 = ORIENTED_EDGE('',*,*,#1821,.T.);
#1821 = EDGE_CURVE('',#1822,#1822,#1824,.T.);
#1822 = VERTEX_POINT('',#1823);
#1823 = CARTESIAN_POINT('',(119.839892,-124.46991,1.51));
#1824 = CIRCLE('',#1825,0.5);
#1825 = AXIS2_PLACEMENT_3D('',#1826,#1827,#1828);
#1826 = CARTESIAN_POINT('',(119.839892,-123.96991,1.51));
#1827 = DIRECTION('',(-0.,0.,-1.));
#1828 = DIRECTION('',(-0.,-1.,0.));
#1829 = FACE_BOUND('',#1830,.T.);
#1830 = EDGE_LOOP('',(#1831));
#1831 = ORIENTED_EDGE('',*,*,#1832,.T.);
#1832 = EDGE_CURVE('',#1833,#1833,#1835,.T.);
#1833 = VERTEX_POINT('',#1834);
#1834 = CARTESIAN_POINT('',(119.839892,-121.92991,1.51));
#1835 = CIRCLE('',#1836,0.5);
#1836 = AXIS2_PLACEMENT_3D('',#1837,#1838,#1839);
#1837 = CARTESIAN_POINT('',(119.839892,-121.42991,1.51));
#1838 = DIRECTION('',(-0.,0.,-1.));
#1839 = DIRECTION('',(-0.,-1.,0.));
#1840 = FACE_BOUND('',#1841,.T.);
#1841 = EDGE_LOOP('',(#1842));
#1842 = ORIENTED_EDGE('',*,*,#1843,.T.);
#1843 = EDGE_CURVE('',#1844,#1844,#1846,.T.);
#1844 = VERTEX_POINT('',#1845);
#1845 = CARTESIAN_POINT('',(119.839892,-119.38991,1.51));
#1846 = CIRCLE('',#1847,0.5);
#1847 = AXIS2_PLACEMENT_3D('',#1848,#1849,#1850);
#1848 = CARTESIAN_POINT('',(119.839892,-118.88991,1.51));
#1849 = DIRECTION('',(-0.,0.,-1.));
#1850 = DIRECTION('',(-0.,-1.,0.));
#1851 = FACE_BOUND('',#1852,.T.);
#1852 = EDGE_LOOP('',(#1853));
#1853 = ORIENTED_EDGE('',*,*,#1854,.T.);
#1854 = EDGE_CURVE('',#1855,#1855,#1857,.T.);
#1855 = VERTEX_POINT('',#1856);
#1856 = CARTESIAN_POINT('',(119.839892,-116.84991,1.51));
#1857 = CIRCLE('',#1858,0.5);
#1858 = AXIS2_PLACEMENT_3D('',#1859,#1860,#1861);
#1859 = CARTESIAN_POINT('',(119.839892,-116.34991,1.51));
#1860 = DIRECTION('',(-0.,0.,-1.));
#1861 = DIRECTION('',(-0.,-1.,0.));
#1862 = FACE_BOUND('',#1863,.T.);
#1863 = EDGE_LOOP('',(#1864));
#1864 = ORIENTED_EDGE('',*,*,#1865,.T.);
#1865 = EDGE_CURVE('',#1866,#1866,#1868,.T.);
#1866 = VERTEX_POINT('',#1867);
#1867 = CARTESIAN_POINT('',(119.839892,-114.30991,1.51));
#1868 = CIRCLE('',#1869,0.5);
#1869 = AXIS2_PLACEMENT_3D('',#1870,#1871,#1872);
#1870 = CARTESIAN_POINT('',(119.839892,-113.80991,1.51));
#1871 = DIRECTION('',(-0.,0.,-1.));
#1872 = DIRECTION('',(-0.,-1.,0.));
#1873 = FACE_BOUND('',#1874,.T.);
#1874 = EDGE_LOOP('',(#1875));
#1875 = ORIENTED_EDGE('',*,*,#1876,.T.);
#1876 = EDGE_CURVE('',#1877,#1877,#1879,.T.);
#1877 = VERTEX_POINT('',#1878);
#1878 = CARTESIAN_POINT('',(119.839892,-111.76991,1.51));
#1879 = CIRCLE('',#1880,0.5);
#1880 = AXIS2_PLACEMENT_3D('',#1881,#1882,#1883);
#1881 = CARTESIAN_POINT('',(119.839892,-111.26991,1.51));
#1882 = DIRECTION('',(-0.,0.,-1.));
#1883 = DIRECTION('',(-0.,-1.,0.));
#1884 = FACE_BOUND('',#1885,.T.);
#1885 = EDGE_LOOP('',(#1886));
#1886 = ORIENTED_EDGE('',*,*,#1887,.T.);
#1887 = EDGE_CURVE('',#1888,#1888,#1890,.T.);
#1888 = VERTEX_POINT('',#1889);
#1889 = CARTESIAN_POINT('',(140.159892,-132.08991,1.51));
#1890 = CIRCLE('',#1891,0.5);
#1891 = AXIS2_PLACEMENT_3D('',#1892,#1893,#1894);
#1892 = CARTESIAN_POINT('',(140.159892,-131.58991,1.51));
#1893 = DIRECTION('',(-0.,0.,-1.));
#1894 = DIRECTION('',(-0.,-1.,0.));
#1895 = FACE_BOUND('',#1896,.T.);
#1896 = EDGE_LOOP('',(#1897));
#1897 = ORIENTED_EDGE('',*,*,#1898,.T.);
#1898 = EDGE_CURVE('',#1899,#1899,#1901,.T.);
#1899 = VERTEX_POINT('',#1900);
#1900 = CARTESIAN_POINT('',(140.159892,-129.54991,1.51));
#1901 = CIRCLE('',#1902,0.5);
#1902 = AXIS2_PLACEMENT_3D('',#1903,#1904,#1905);
#1903 = CARTESIAN_POINT('',(140.159892,-129.04991,1.51));
#1904 = DIRECTION('',(-0.,0.,-1.));
#1905 = DIRECTION('',(-0.,-1.,0.));
#1906 = FACE_BOUND('',#1907,.T.);
#1907 = EDGE_LOOP('',(#1908));
#1908 = ORIENTED_EDGE('',*,*,#1909,.T.);
#1909 = EDGE_CURVE('',#1910,#1910,#1912,.T.);
#1910 = VERTEX_POINT('',#1911);
#1911 = CARTESIAN_POINT('',(140.159892,-127.00991,1.51));
#1912 = CIRCLE('',#1913,0.5);
#1913 = AXIS2_PLACEMENT_3D('',#1914,#1915,#1916);
#1914 = CARTESIAN_POINT('',(140.159892,-126.50991,1.51));
#1915 = DIRECTION('',(-0.,0.,-1.));
#1916 = DIRECTION('',(-0.,-1.,0.));
#1917 = FACE_BOUND('',#1918,.T.);
#1918 = EDGE_LOOP('',(#1919));
#1919 = ORIENTED_EDGE('',*,*,#1920,.T.);
#1920 = EDGE_CURVE('',#1921,#1921,#1923,.T.);
#1921 = VERTEX_POINT('',#1922);
#1922 = CARTESIAN_POINT('',(140.159892,-124.46991,1.51));
#1923 = CIRCLE('',#1924,0.5);
#1924 = AXIS2_PLACEMENT_3D('',#1925,#1926,#1927);
#1925 = CARTESIAN_POINT('',(140.159892,-123.96991,1.51));
#1926 = DIRECTION('',(-0.,0.,-1.));
#1927 = DIRECTION('',(-0.,-1.,0.));
#1928 = FACE_BOUND('',#1929,.T.);
#1929 = EDGE_LOOP('',(#1930));
#1930 = ORIENTED_EDGE('',*,*,#1931,.T.);
#1931 = EDGE_CURVE('',#1932,#1932,#1934,.T.);
#1932 = VERTEX_POINT('',#1933);
#1933 = CARTESIAN_POINT('',(140.159892,-121.92991,1.51));
#1934 = CIRCLE('',#1935,0.5);
#1935 = AXIS2_PLACEMENT_3D('',#1936,#1937,#1938);
#1936 = CARTESIAN_POINT('',(140.159892,-121.42991,1.51));
#1937 = DIRECTION('',(-0.,0.,-1.));
#1938 = DIRECTION('',(-0.,-1.,0.));
#1939 = FACE_BOUND('',#1940,.T.);
#1940 = EDGE_LOOP('',(#1941));
#1941 = ORIENTED_EDGE('',*,*,#1942,.F.);
#1942 = EDGE_CURVE('',#1943,#1943,#1945,.T.);
#1943 = VERTEX_POINT('',#1944);
#1944 = CARTESIAN_POINT('',(151.999892,-129.99991,1.51));
#1945 = CIRCLE('',#1946,2.);
#1946 = AXIS2_PLACEMENT_3D('',#1947,#1948,#1949);
#1947 = CARTESIAN_POINT('',(149.999892,-129.99991,1.51));
#1948 = DIRECTION('',(0.,0.,1.));
#1949 = DIRECTION('',(1.,0.,-0.));
#1950 = FACE_BOUND('',#1951,.T.);
#1951 = EDGE_LOOP('',(#1952));
#1952 = ORIENTED_EDGE('',*,*,#1953,.T.);
#1953 = EDGE_CURVE('',#1954,#1954,#1956,.T.);
#1954 = VERTEX_POINT('',#1955);
#1955 = CARTESIAN_POINT('',(140.159892,-119.38991,1.51));
#1956 = CIRCLE('',#1957,0.5);
#1957 = AXIS2_PLACEMENT_3D('',#1958,#1959,#1960);
#1958 = CARTESIAN_POINT('',(140.159892,-118.88991,1.51));
#1959 = DIRECTION('',(-0.,0.,-1.));
#1960 = DIRECTION('',(-0.,-1.,0.));
#1961 = FACE_BOUND('',#1962,.T.);
#1962 = EDGE_LOOP('',(#1963));
#1963 = ORIENTED_EDGE('',*,*,#1964,.T.);
#1964 = EDGE_CURVE('',#1965,#1965,#1967,.T.);
#1965 = VERTEX_POINT('',#1966);
#1966 = CARTESIAN_POINT('',(140.159892,-116.84991,1.51));
#1967 = CIRCLE('',#1968,0.5);
#1968 = AXIS2_PLACEMENT_3D('',#1969,#1970,#1971);
#1969 = CARTESIAN_POINT('',(140.159892,-116.34991,1.51));
#1970 = DIRECTION('',(-0.,0.,-1.));
#1971 = DIRECTION('',(-0.,-1.,0.));
#1972 = FACE_BOUND('',#1973,.T.);
#1973 = EDGE_LOOP('',(#1974));
#1974 = ORIENTED_EDGE('',*,*,#1975,.T.);
#1975 = EDGE_CURVE('',#1976,#1976,#1978,.T.);
#1976 = VERTEX_POINT('',#1977);
#1977 = CARTESIAN_POINT('',(140.159892,-114.30991,1.51));
#1978 = CIRCLE('',#1979,0.5);
#1979 = AXIS2_PLACEMENT_3D('',#1980,#1981,#1982);
#1980 = CARTESIAN_POINT('',(140.159892,-113.80991,1.51));
#1981 = DIRECTION('',(-0.,0.,-1.));
#1982 = DIRECTION('',(-0.,-1.,0.));
#1983 = FACE_BOUND('',#1984,.T.);
#1984 = EDGE_LOOP('',(#1985));
#1985 = ORIENTED_EDGE('',*,*,#1986,.T.);
#1986 = EDGE_CURVE('',#1987,#1987,#1989,.T.);
#1987 = VERTEX_POINT('',#1988);
#1988 = CARTESIAN_POINT('',(140.159892,-111.76991,1.51));
#1989 = CIRCLE('',#1990,0.5);
#1990 = AXIS2_PLACEMENT_3D('',#1991,#1992,#1993);
#1991 = CARTESIAN_POINT('',(140.159892,-111.26991,1.51));
#1992 = DIRECTION('',(-0.,0.,-1.));
#1993 = DIRECTION('',(-0.,-1.,0.));
#1994 = FACE_BOUND('',#1995,.T.);
#1995 = EDGE_LOOP('',(#1996));
#1996 = ORIENTED_EDGE('',*,*,#1997,.T.);
#1997 = EDGE_CURVE('',#1998,#1998,#2000,.T.);
#1998 = VERTEX_POINT('',#1999);
#1999 = CARTESIAN_POINT('',(119.839892,-109.22991,1.51));
#2000 = CIRCLE('',#2001,0.5);
#2001 = AXIS2_PLACEMENT_3D('',#2002,#2003,#2004);
#2002 = CARTESIAN_POINT('',(119.839892,-108.72991,1.51));
#2003 = DIRECTION('',(-0.,0.,-1.));
#2004 = DIRECTION('',(-0.,-1.,0.));
#2005 = FACE_BOUND('',#2006,.T.);
#2006 = EDGE_LOOP('',(#2007));
#2007 = ORIENTED_EDGE('',*,*,#2008,.T.);
#2008 = EDGE_CURVE('',#2009,#2009,#2011,.T.);
#2009 = VERTEX_POINT('',#2010);
#2010 = CARTESIAN_POINT('',(119.839892,-106.68991,1.51));
#2011 = CIRCLE('',#2012,0.5);
#2012 = AXIS2_PLACEMENT_3D('',#2013,#2014,#2015);
#2013 = CARTESIAN_POINT('',(119.839892,-106.18991,1.51));
#2014 = DIRECTION('',(-0.,0.,-1.));
#2015 = DIRECTION('',(-0.,-1.,0.));
#2016 = FACE_BOUND('',#2017,.T.);
#2017 = EDGE_LOOP('',(#2018));
#2018 = ORIENTED_EDGE('',*,*,#2019,.T.);
#2019 = EDGE_CURVE('',#2020,#2020,#2022,.T.);
#2020 = VERTEX_POINT('',#2021);
#2021 = CARTESIAN_POINT('',(119.839892,-104.14991,1.51));
#2022 = CIRCLE('',#2023,0.5);
#2023 = AXIS2_PLACEMENT_3D('',#2024,#2025,#2026);
#2024 = CARTESIAN_POINT('',(119.839892,-103.64991,1.51));
#2025 = DIRECTION('',(-0.,0.,-1.));
#2026 = DIRECTION('',(-0.,-1.,0.));
#2027 = FACE_BOUND('',#2028,.T.);
#2028 = EDGE_LOOP('',(#2029));
#2029 = ORIENTED_EDGE('',*,*,#2030,.T.);
#2030 = EDGE_CURVE('',#2031,#2031,#2033,.T.);
#2031 = VERTEX_POINT('',#2032);
#2032 = CARTESIAN_POINT('',(119.839892,-101.60991,1.51));
#2033 = CIRCLE('',#2034,0.5);
#2034 = AXIS2_PLACEMENT_3D('',#2035,#2036,#2037);
#2035 = CARTESIAN_POINT('',(119.839892,-101.10991,1.51));
#2036 = DIRECTION('',(-0.,0.,-1.));
#2037 = DIRECTION('',(-0.,-1.,0.));
#2038 = FACE_BOUND('',#2039,.T.);
#2039 = EDGE_LOOP('',(#2040));
#2040 = ORIENTED_EDGE('',*,*,#2041,.F.);
#2041 = EDGE_CURVE('',#2042,#2042,#2044,.T.);
#2042 = VERTEX_POINT('',#2043);
#2043 = CARTESIAN_POINT('',(111.999892,-89.99991,1.51));
#2044 = CIRCLE('',#2045,2.);
#2045 = AXIS2_PLACEMENT_3D('',#2046,#2047,#2048);
#2046 = CARTESIAN_POINT('',(109.999892,-89.99991,1.51));
#2047 = DIRECTION('',(0.,0.,1.));
#2048 = DIRECTION('',(1.,0.,-0.));
#2049 = FACE_BOUND('',#2050,.T.);
#2050 = EDGE_LOOP('',(#2051));
#2051 = ORIENTED_EDGE('',*,*,#2052,.T.);
#2052 = EDGE_CURVE('',#2053,#2053,#2055,.T.);
#2053 = VERTEX_POINT('',#2054);
#2054 = CARTESIAN_POINT('',(119.839892,-99.06991,1.51));
#2055 = CIRCLE('',#2056,0.5);
#2056 = AXIS2_PLACEMENT_3D('',#2057,#2058,#2059);
#2057 = CARTESIAN_POINT('',(119.839892,-98.56991,1.51));
#2058 = DIRECTION('',(-0.,0.,-1.));
#2059 = DIRECTION('',(-0.,-1.,0.));
#2060 = FACE_BOUND('',#2061,.T.);
#2061 = EDGE_LOOP('',(#2062));
#2062 = ORIENTED_EDGE('',*,*,#2063,.T.);
#2063 = EDGE_CURVE('',#2064,#2064,#2066,.T.);
#2064 = VERTEX_POINT('',#2065);
#2065 = CARTESIAN_POINT('',(119.839892,-96.52991,1.51));
#2066 = CIRCLE('',#2067,0.5);
#2067 = AXIS2_PLACEMENT_3D('',#2068,#2069,#2070);
#2068 = CARTESIAN_POINT('',(119.839892,-96.02991,1.51));
#2069 = DIRECTION('',(-0.,0.,-1.));
#2070 = DIRECTION('',(-0.,-1.,0.));
#2071 = FACE_BOUND('',#2072,.T.);
#2072 = EDGE_LOOP('',(#2073));
#2073 = ORIENTED_EDGE('',*,*,#2074,.T.);
#2074 = EDGE_CURVE('',#2075,#2075,#2077,.T.);
#2075 = VERTEX_POINT('',#2076);
#2076 = CARTESIAN_POINT('',(119.839892,-93.98991,1.51));
#2077 = CIRCLE('',#2078,0.5);
#2078 = AXIS2_PLACEMENT_3D('',#2079,#2080,#2081);
#2079 = CARTESIAN_POINT('',(119.839892,-93.48991,1.51));
#2080 = DIRECTION('',(-0.,0.,-1.));
#2081 = DIRECTION('',(-0.,-1.,0.));
#2082 = FACE_BOUND('',#2083,.T.);
#2083 = EDGE_LOOP('',(#2084));
#2084 = ORIENTED_EDGE('',*,*,#2085,.T.);
#2085 = EDGE_CURVE('',#2086,#2086,#2088,.T.);
#2086 = VERTEX_POINT('',#2087);
#2087 = CARTESIAN_POINT('',(119.839892,-91.44991,1.51));
#2088 = CIRCLE('',#2089,0.5);
#2089 = AXIS2_PLACEMENT_3D('',#2090,#2091,#2092);
#2090 = CARTESIAN_POINT('',(119.839892,-90.94991,1.51));
#2091 = DIRECTION('',(-0.,0.,-1.));
#2092 = DIRECTION('',(-0.,-1.,0.));
#2093 = FACE_BOUND('',#2094,.T.);
#2094 = EDGE_LOOP('',(#2095));
#2095 = ORIENTED_EDGE('',*,*,#2096,.T.);
#2096 = EDGE_CURVE('',#2097,#2097,#2099,.T.);
#2097 = VERTEX_POINT('',#2098);
#2098 = CARTESIAN_POINT('',(119.839892,-88.90991,1.51));
#2099 = CIRCLE('',#2100,0.5);
#2100 = AXIS2_PLACEMENT_3D('',#2101,#2102,#2103);
#2101 = CARTESIAN_POINT('',(119.839892,-88.40991,1.51));
#2102 = DIRECTION('',(-0.,0.,-1.));
#2103 = DIRECTION('',(-0.,-1.,0.));
#2104 = FACE_BOUND('',#2105,.T.);
#2105 = EDGE_LOOP('',(#2106));
#2106 = ORIENTED_EDGE('',*,*,#2107,.T.);
#2107 = EDGE_CURVE('',#2108,#2108,#2110,.T.);
#2108 = VERTEX_POINT('',#2109);
#2109 = CARTESIAN_POINT('',(140.159892,-109.22991,1.51));
#2110 = CIRCLE('',#2111,0.5);
#2111 = AXIS2_PLACEMENT_3D('',#2112,#2113,#2114);
#2112 = CARTESIAN_POINT('',(140.159892,-108.72991,1.51));
#2113 = DIRECTION('',(-0.,0.,-1.));
#2114 = DIRECTION('',(-0.,-1.,0.));
#2115 = FACE_BOUND('',#2116,.T.);
#2116 = EDGE_LOOP('',(#2117));
#2117 = ORIENTED_EDGE('',*,*,#2118,.T.);
#2118 = EDGE_CURVE('',#2119,#2119,#2121,.T.);
#2119 = VERTEX_POINT('',#2120);
#2120 = CARTESIAN_POINT('',(140.159892,-106.68991,1.51));
#2121 = CIRCLE('',#2122,0.5);
#2122 = AXIS2_PLACEMENT_3D('',#2123,#2124,#2125);
#2123 = CARTESIAN_POINT('',(140.159892,-106.18991,1.51));
#2124 = DIRECTION('',(-0.,0.,-1.));
#2125 = DIRECTION('',(-0.,-1.,0.));
#2126 = FACE_BOUND('',#2127,.T.);
#2127 = EDGE_LOOP('',(#2128));
#2128 = ORIENTED_EDGE('',*,*,#2129,.T.);
#2129 = EDGE_CURVE('',#2130,#2130,#2132,.T.);
#2130 = VERTEX_POINT('',#2131);
#2131 = CARTESIAN_POINT('',(140.159892,-104.14991,1.51));
#2132 = CIRCLE('',#2133,0.5);
#2133 = AXIS2_PLACEMENT_3D('',#2134,#2135,#2136);
#2134 = CARTESIAN_POINT('',(140.159892,-103.64991,1.51));
#2135 = DIRECTION('',(-0.,0.,-1.));
#2136 = DIRECTION('',(-0.,-1.,0.));
#2137 = FACE_BOUND('',#2138,.T.);
#2138 = EDGE_LOOP('',(#2139));
#2139 = ORIENTED_EDGE('',*,*,#2140,.T.);
#2140 = EDGE_CURVE('',#2141,#2141,#2143,.T.);
#2141 = VERTEX_POINT('',#2142);
#2142 = CARTESIAN_POINT('',(140.159892,-101.60991,1.51));
#2143 = CIRCLE('',#2144,0.5);
#2144 = AXIS2_PLACEMENT_3D('',#2145,#2146,#2147);
#2145 = CARTESIAN_POINT('',(140.159892,-101.10991,1.51));
#2146 = DIRECTION('',(-0.,0.,-1.));
#2147 = DIRECTION('',(-0.,-1.,0.));
#2148 = FACE_BOUND('',#2149,.T.);
#2149 = EDGE_LOOP('',(#2150));
#2150 = ORIENTED_EDGE('',*,*,#2151,.T.);
#2151 = EDGE_CURVE('',#2152,#2152,#2154,.T.);
#2152 = VERTEX_POINT('',#2153);
#2153 = CARTESIAN_POINT('',(140.159892,-99.06991,1.51));
#2154 = CIRCLE('',#2155,0.5);
#2155 = AXIS2_PLACEMENT_3D('',#2156,#2157,#2158);
#2156 = CARTESIAN_POINT('',(140.159892,-98.56991,1.51));
#2157 = DIRECTION('',(-0.,0.,-1.));
#2158 = DIRECTION('',(-0.,-1.,0.));
#2159 = FACE_BOUND('',#2160,.T.);
#2160 = EDGE_LOOP('',(#2161));
#2161 = ORIENTED_EDGE('',*,*,#2162,.T.);
#2162 = EDGE_CURVE('',#2163,#2163,#2165,.T.);
#2163 = VERTEX_POINT('',#2164);
#2164 = CARTESIAN_POINT('',(140.159892,-96.52991,1.51));
#2165 = CIRCLE('',#2166,0.5);
#2166 = AXIS2_PLACEMENT_3D('',#2167,#2168,#2169);
#2167 = CARTESIAN_POINT('',(140.159892,-96.02991,1.51));
#2168 = DIRECTION('',(-0.,0.,-1.));
#2169 = DIRECTION('',(-0.,-1.,0.));
#2170 = FACE_BOUND('',#2171,.T.);
#2171 = EDGE_LOOP('',(#2172));
#2172 = ORIENTED_EDGE('',*,*,#2173,.T.);
#2173 = EDGE_CURVE('',#2174,#2174,#2176,.T.);
#2174 = VERTEX_POINT('',#2175);
#2175 = CARTESIAN_POINT('',(140.159892,-93.98991,1.51));
#2176 = CIRCLE('',#2177,0.5);
#2177 = AXIS2_PLACEMENT_3D('',#2178,#2179,#2180);
#2178 = CARTESIAN_POINT('',(140.159892,-93.48991,1.51));
#2179 = DIRECTION('',(-0.,0.,-1.));
#2180 = DIRECTION('',(-0.,-1.,0.));
#2181 = FACE_BOUND('',#2182,.T.);
#2182 = EDGE_LOOP('',(#2183));
#2183 = ORIENTED_EDGE('',*,*,#2184,.T.);
#2184 = EDGE_CURVE('',#2185,#2185,#2187,.T.);
#2185 = VERTEX_POINT('',#2186);
#2186 = CARTESIAN_POINT('',(140.159892,-91.44991,1.51));
#2187 = CIRCLE('',#2188,0.5);
#2188 = AXIS2_PLACEMENT_3D('',#2189,#2190,#2191);
#2189 = CARTESIAN_POINT('',(140.159892,-90.94991,1.51));
#2190 = DIRECTION('',(-0.,0.,-1.));
#2191 = DIRECTION('',(-0.,-1.,0.));
#2192 = FACE_BOUND('',#2193,.T.);
#2193 = EDGE_LOOP('',(#2194));
#2194 = ORIENTED_EDGE('',*,*,#2195,.T.);
#2195 = EDGE_CURVE('',#2196,#2196,#2198,.T.);
#2196 = VERTEX_POINT('',#2197);
#2197 = CARTESIAN_POINT('',(140.159892,-88.90991,1.51));
#2198 = CIRCLE('',#2199,0.5);
#2199 = AXIS2_PLACEMENT_3D('',#2200,#2201,#2202);
#2200 = CARTESIAN_POINT('',(140.159892,-88.40991,1.51));
#2201 = DIRECTION('',(-0.,0.,-1.));
#2202 = DIRECTION('',(-0.,-1.,0.));
#2203 = FACE_BOUND('',#2204,.T.);
#2204 = EDGE_LOOP('',(#2205));
#2205 = ORIENTED_EDGE('',*,*,#2206,.F.);
#2206 = EDGE_CURVE('',#2207,#2207,#2209,.T.);
#2207 = VERTEX_POINT('',#2208);
#2208 = CARTESIAN_POINT('',(151.999892,-89.99991,1.51));
#2209 = CIRCLE('',#2210,2.);
#2210 = AXIS2_PLACEMENT_3D('',#2211,#2212,#2213);
#2211 = CARTESIAN_POINT('',(149.999892,-89.99991,1.51));
#2212 = DIRECTION('',(0.,0.,1.));
#2213 = DIRECTION('',(1.,0.,-0.));
#2214 = PLANE('',#2215);
#2215 = AXIS2_PLACEMENT_3D('',#2216,#2217,#2218);
#2216 = CARTESIAN_POINT('',(0.,0.,1.51));
#2217 = DIRECTION('',(0.,0.,1.));
#2218 = DIRECTION('',(1.,0.,-0.));
#2219 = ADVANCED_FACE('',(#2220),#2231,.T.);
#2220 = FACE_BOUND('',#2221,.T.);
#2221 = EDGE_LOOP('',(#2222,#2228,#2229,#2230));
#2222 = ORIENTED_EDGE('',*,*,#2223,.T.);
#2223 = EDGE_CURVE('',#1242,#1734,#2224,.T.);
#2224 = LINE('',#2225,#2226);
#2225 = CARTESIAN_POINT('',(104.999892,-89.99991,0.));
#2226 = VECTOR('',#2227,1.);
#2227 = DIRECTION('',(0.,0.,1.));
#2228 = ORIENTED_EDGE('',*,*,#1733,.T.);
#2229 = ORIENTED_EDGE('',*,*,#1177,.F.);
#2230 = ORIENTED_EDGE('',*,*,#1241,.F.);
#2231 = CYLINDRICAL_SURFACE('',#2232,4.999999678834);
#2232 = AXIS2_PLACEMENT_3D('',#2233,#2234,#2235);
#2233 = CARTESIAN_POINT('',(109.99989167883,-89.99990967883,0.));
#2234 = DIRECTION('',(0.,0.,-1.));
#2235 = DIRECTION('',(-1.,-6.423314133505E-08,-0.));
#2236 = ADVANCED_FACE('',(#2237),#2248,.T.);
#2237 = FACE_BOUND('',#2238,.T.);
#2238 = EDGE_LOOP('',(#2239,#2240,#2241,#2247));
#2239 = ORIENTED_EDGE('',*,*,#1217,.T.);
#2240 = ORIENTED_EDGE('',*,*,#1767,.T.);
#2241 = ORIENTED_EDGE('',*,*,#2242,.F.);
#2242 = EDGE_CURVE('',#1268,#1760,#2243,.T.);
#2243 = LINE('',#2244,#2245);
#2244 = CARTESIAN_POINT('',(149.999892,-134.99991,0.));
#2245 = VECTOR('',#2246,1.);
#2246 = DIRECTION('',(0.,0.,1.));
#2247 = ORIENTED_EDGE('',*,*,#1275,.F.);
#2248 = CYLINDRICAL_SURFACE('',#2249,4.999999678834);
#2249 = AXIS2_PLACEMENT_3D('',#2250,#2251,#2252);
#2250 = CARTESIAN_POINT('',(149.99989232116,-129.9999103211,0.));
#2251 = DIRECTION('',(0.,0.,-1.));
#2252 = DIRECTION('',(1.,6.42331470194E-08,0.));
#2253 = ADVANCED_FACE('',(#2254),#2265,.T.);
#2254 = FACE_BOUND('',#2255,.T.);
#2255 = EDGE_LOOP('',(#2256,#2262,#2263,#2264));
#2256 = ORIENTED_EDGE('',*,*,#2257,.T.);
#2257 = EDGE_CURVE('',#1251,#1743,#2258,.T.);
#2258 = LINE('',#2259,#2260);
#2259 = CARTESIAN_POINT('',(104.999892,-129.99991,0.));
#2260 = VECTOR('',#2261,1.);
#2261 = DIRECTION('',(0.,0.,1.));
#2262 = ORIENTED_EDGE('',*,*,#1742,.T.);
#2263 = ORIENTED_EDGE('',*,*,#2223,.F.);
#2264 = ORIENTED_EDGE('',*,*,#1250,.F.);
#2265 = PLANE('',#2266);
#2266 = AXIS2_PLACEMENT_3D('',#2267,#2268,#2269);
#2267 = CARTESIAN_POINT('',(104.999892,-129.99991,0.));
#2268 = DIRECTION('',(-1.,0.,0.));
#2269 = DIRECTION('',(0.,1.,0.));
#2270 = ADVANCED_FACE('',(#2271),#2282,.T.);
#2271 = FACE_BOUND('',#2272,.T.);
#2272 = EDGE_LOOP('',(#2273,#2274,#2275,#2281));
#2273 = ORIENTED_EDGE('',*,*,#2242,.T.);
#2274 = ORIENTED_EDGE('',*,*,#1759,.T.);
#2275 = ORIENTED_EDGE('',*,*,#2276,.F.);
#2276 = EDGE_CURVE('',#1259,#1751,#2277,.T.);
#2277 = LINE('',#2278,#2279);
#2278 = CARTESIAN_POINT('',(109.999892,-134.99991,0.));
#2279 = VECTOR('',#2280,1.);
#2280 = DIRECTION('',(0.,0.,1.));
#2281 = ORIENTED_EDGE('',*,*,#1267,.F.);
#2282 = PLANE('',#2283);
#2283 = AXIS2_PLACEMENT_3D('',#2284,#2285,#2286);
#2284 = CARTESIAN_POINT('',(149.999892,-134.99991,0.));
#2285 = DIRECTION('',(0.,-1.,0.));
#2286 = DIRECTION('',(-1.,0.,0.));
#2287 = ADVANCED_FACE('',(#2288),#2294,.T.);
#2288 = FACE_BOUND('',#2289,.T.);
#2289 = EDGE_LOOP('',(#2290,#2291,#2292,#2293));
#2290 = ORIENTED_EDGE('',*,*,#2276,.T.);
#2291 = ORIENTED_EDGE('',*,*,#1750,.T.);
#2292 = ORIENTED_EDGE('',*,*,#2257,.F.);
#2293 = ORIENTED_EDGE('',*,*,#1258,.F.);
#2294 = CYLINDRICAL_SURFACE('',#2295,4.999999678834);
#2295 = AXIS2_PLACEMENT_3D('',#2296,#2297,#2298);
#2296 = CARTESIAN_POINT('',(109.99989167883,-129.9999103211,0.));
#2297 = DIRECTION('',(0.,0.,-1.));
#2298 = DIRECTION('',(6.423314986157E-08,-1.,0.));
#2299 = ADVANCED_FACE('',(#2300),#2311,.F.);
#2300 = FACE_BOUND('',#2301,.T.);
#2301 = EDGE_LOOP('',(#2302,#2308,#2309,#2310));
#2302 = ORIENTED_EDGE('',*,*,#2303,.T.);
#2303 = EDGE_CURVE('',#1286,#1778,#2304,.T.);
#2304 = LINE('',#2305,#2306);
#2305 = CARTESIAN_POINT('',(111.999892,-129.99991,0.));
#2306 = VECTOR('',#2307,1.);
#2307 = DIRECTION('',(0.,0.,1.));
#2308 = ORIENTED_EDGE('',*,*,#1777,.T.);
#2309 = ORIENTED_EDGE('',*,*,#2303,.F.);
#2310 = ORIENTED_EDGE('',*,*,#1285,.F.);
#2311 = CYLINDRICAL_SURFACE('',#2312,2.);
#2312 = AXIS2_PLACEMENT_3D('',#2313,#2314,#2315);
#2313 = CARTESIAN_POINT('',(109.999892,-129.99991,0.));
#2314 = DIRECTION('',(-0.,-0.,-1.));
#2315 = DIRECTION('',(1.,0.,-0.));
#2316 = ADVANCED_FACE('',(#2317),#2328,.F.);
#2317 = FACE_BOUND('',#2318,.T.);
#2318 = EDGE_LOOP('',(#2319,#2320,#2326,#2327));
#2319 = ORIENTED_EDGE('',*,*,#1296,.T.);
#2320 = ORIENTED_EDGE('',*,*,#2321,.T.);
#2321 = EDGE_CURVE('',#1297,#1789,#2322,.T.);
#2322 = LINE('',#2323,#2324);
#2323 = CARTESIAN_POINT('',(119.839892,-132.08991,-4.6E-02));
#2324 = VECTOR('',#2325,1.);
#2325 = DIRECTION('',(0.,0.,1.));
#2326 = ORIENTED_EDGE('',*,*,#1788,.F.);
#2327 = ORIENTED_EDGE('',*,*,#2321,.F.);
#2328 = CYLINDRICAL_SURFACE('',#2329,0.5);
#2329 = AXIS2_PLACEMENT_3D('',#2330,#2331,#2332);
#2330 = CARTESIAN_POINT('',(119.839892,-131.58991,-4.6E-02));
#2331 = DIRECTION('',(-0.,-0.,-1.));
#2332 = DIRECTION('',(-0.,-1.,0.));
#2333 = ADVANCED_FACE('',(#2334),#2345,.F.);
#2334 = FACE_BOUND('',#2335,.T.);
#2335 = EDGE_LOOP('',(#2336,#2337,#2343,#2344));
#2336 = ORIENTED_EDGE('',*,*,#1307,.T.);
#2337 = ORIENTED_EDGE('',*,*,#2338,.T.);
#2338 = EDGE_CURVE('',#1308,#1800,#2339,.T.);
#2339 = LINE('',#2340,#2341);
#2340 = CARTESIAN_POINT('',(119.839892,-129.54991,-4.6E-02));
#2341 = VECTOR('',#2342,1.);
#2342 = DIRECTION('',(0.,0.,1.));
#2343 = ORIENTED_EDGE('',*,*,#1799,.F.);
#2344 = ORIENTED_EDGE('',*,*,#2338,.F.);
#2345 = CYLINDRICAL_SURFACE('',#2346,0.5);
#2346 = AXIS2_PLACEMENT_3D('',#2347,#2348,#2349);
#2347 = CARTESIAN_POINT('',(119.839892,-129.04991,-4.6E-02));
#2348 = DIRECTION('',(-0.,-0.,-1.));
#2349 = DIRECTION('',(-0.,-1.,0.));
#2350 = ADVANCED_FACE('',(#2351),#2362,.F.);
#2351 = FACE_BOUND('',#2352,.T.);
#2352 = EDGE_LOOP('',(#2353,#2354,#2360,#2361));
#2353 = ORIENTED_EDGE('',*,*,#1318,.T.);
#2354 = ORIENTED_EDGE('',*,*,#2355,.T.);
#2355 = EDGE_CURVE('',#1319,#1811,#2356,.T.);
#2356 = LINE('',#2357,#2358);
#2357 = CARTESIAN_POINT('',(119.839892,-127.00991,-4.6E-02));
#2358 = VECTOR('',#2359,1.);
#2359 = DIRECTION('',(0.,0.,1.));
#2360 = ORIENTED_EDGE('',*,*,#1810,.F.);
#2361 = ORIENTED_EDGE('',*,*,#2355,.F.);
#2362 = CYLINDRICAL_SURFACE('',#2363,0.5);
#2363 = AXIS2_PLACEMENT_3D('',#2364,#2365,#2366);
#2364 = CARTESIAN_POINT('',(119.839892,-126.50991,-4.6E-02));
#2365 = DIRECTION('',(-0.,-0.,-1.));
#2366 = DIRECTION('',(-0.,-1.,0.));
#2367 = ADVANCED_FACE('',(#2368),#2379,.F.);
#2368 = FACE_BOUND('',#2369,.T.);
#2369 = EDGE_LOOP('',(#2370,#2371,#2377,#2378));
#2370 = ORIENTED_EDGE('',*,*,#1329,.T.);
#2371 = ORIENTED_EDGE('',*,*,#2372,.T.);
#2372 = EDGE_CURVE('',#1330,#1822,#2373,.T.);
#2373 = LINE('',#2374,#2375);
#2374 = CARTESIAN_POINT('',(119.839892,-124.46991,-4.6E-02));
#2375 = VECTOR('',#2376,1.);
#2376 = DIRECTION('',(0.,0.,1.));
#2377 = ORIENTED_EDGE('',*,*,#1821,.F.);
#2378 = ORIENTED_EDGE('',*,*,#2372,.F.);
#2379 = CYLINDRICAL_SURFACE('',#2380,0.5);
#2380 = AXIS2_PLACEMENT_3D('',#2381,#2382,#2383);
#2381 = CARTESIAN_POINT('',(119.839892,-123.96991,-4.6E-02));
#2382 = DIRECTION('',(-0.,-0.,-1.));
#2383 = DIRECTION('',(-0.,-1.,0.));
#2384 = ADVANCED_FACE('',(#2385),#2396,.F.);
#2385 = FACE_BOUND('',#2386,.T.);
#2386 = EDGE_LOOP('',(#2387,#2388,#2394,#2395));
#2387 = ORIENTED_EDGE('',*,*,#1340,.T.);
#2388 = ORIENTED_EDGE('',*,*,#2389,.T.);
#2389 = EDGE_CURVE('',#1341,#1833,#2390,.T.);
#2390 = LINE('',#2391,#2392);
#2391 = CARTESIAN_POINT('',(119.839892,-121.92991,-4.6E-02));
#2392 = VECTOR('',#2393,1.);
#2393 = DIRECTION('',(0.,0.,1.));
#2394 = ORIENTED_EDGE('',*,*,#1832,.F.);
#2395 = ORIENTED_EDGE('',*,*,#2389,.F.);
#2396 = CYLINDRICAL_SURFACE('',#2397,0.5);
#2397 = AXIS2_PLACEMENT_3D('',#2398,#2399,#2400);
#2398 = CARTESIAN_POINT('',(119.839892,-121.42991,-4.6E-02));
#2399 = DIRECTION('',(-0.,-0.,-1.));
#2400 = DIRECTION('',(-0.,-1.,0.));
#2401 = ADVANCED_FACE('',(#2402),#2413,.F.);
#2402 = FACE_BOUND('',#2403,.T.);
#2403 = EDGE_LOOP('',(#2404,#2405,#2411,#2412));
#2404 = ORIENTED_EDGE('',*,*,#1351,.T.);
#2405 = ORIENTED_EDGE('',*,*,#2406,.T.);
#2406 = EDGE_CURVE('',#1352,#1844,#2407,.T.);
#2407 = LINE('',#2408,#2409);
#2408 = CARTESIAN_POINT('',(119.839892,-119.38991,-4.6E-02));
#2409 = VECTOR('',#2410,1.);
#2410 = DIRECTION('',(0.,0.,1.));
#2411 = ORIENTED_EDGE('',*,*,#1843,.F.);
#2412 = ORIENTED_EDGE('',*,*,#2406,.F.);
#2413 = CYLINDRICAL_SURFACE('',#2414,0.5);
#2414 = AXIS2_PLACEMENT_3D('',#2415,#2416,#2417);
#2415 = CARTESIAN_POINT('',(119.839892,-118.88991,-4.6E-02));
#2416 = DIRECTION('',(-0.,-0.,-1.));
#2417 = DIRECTION('',(-0.,-1.,0.));
#2418 = ADVANCED_FACE('',(#2419),#2430,.F.);
#2419 = FACE_BOUND('',#2420,.T.);
#2420 = EDGE_LOOP('',(#2421,#2422,#2428,#2429));
#2421 = ORIENTED_EDGE('',*,*,#1362,.T.);
#2422 = ORIENTED_EDGE('',*,*,#2423,.T.);
#2423 = EDGE_CURVE('',#1363,#1855,#2424,.T.);
#2424 = LINE('',#2425,#2426);
#2425 = CARTESIAN_POINT('',(119.839892,-116.84991,-4.6E-02));
#2426 = VECTOR('',#2427,1.);
#2427 = DIRECTION('',(0.,0.,1.));
#2428 = ORIENTED_EDGE('',*,*,#1854,.F.);
#2429 = ORIENTED_EDGE('',*,*,#2423,.F.);
#2430 = CYLINDRICAL_SURFACE('',#2431,0.5);
#2431 = AXIS2_PLACEMENT_3D('',#2432,#2433,#2434);
#2432 = CARTESIAN_POINT('',(119.839892,-116.34991,-4.6E-02));
#2433 = DIRECTION('',(-0.,-0.,-1.));
#2434 = DIRECTION('',(-0.,-1.,0.));
#2435 = ADVANCED_FACE('',(#2436),#2447,.F.);
#2436 = FACE_BOUND('',#2437,.T.);
#2437 = EDGE_LOOP('',(#2438,#2439,#2445,#2446));
#2438 = ORIENTED_EDGE('',*,*,#1373,.T.);
#2439 = ORIENTED_EDGE('',*,*,#2440,.T.);
#2440 = EDGE_CURVE('',#1374,#1866,#2441,.T.);
#2441 = LINE('',#2442,#2443);
#2442 = CARTESIAN_POINT('',(119.839892,-114.30991,-4.6E-02));
#2443 = VECTOR('',#2444,1.);
#2444 = DIRECTION('',(0.,0.,1.));
#2445 = ORIENTED_EDGE('',*,*,#1865,.F.);
#2446 = ORIENTED_EDGE('',*,*,#2440,.F.);
#2447 = CYLINDRICAL_SURFACE('',#2448,0.5);
#2448 = AXIS2_PLACEMENT_3D('',#2449,#2450,#2451);
#2449 = CARTESIAN_POINT('',(119.839892,-113.80991,-4.6E-02));
#2450 = DIRECTION('',(-0.,-0.,-1.));
#2451 = DIRECTION('',(-0.,-1.,0.));
#2452 = ADVANCED_FACE('',(#2453),#2464,.F.);
#2453 = FACE_BOUND('',#2454,.T.);
#2454 = EDGE_LOOP('',(#2455,#2456,#2462,#2463));
#2455 = ORIENTED_EDGE('',*,*,#1384,.T.);
#2456 = ORIENTED_EDGE('',*,*,#2457,.T.);
#2457 = EDGE_CURVE('',#1385,#1877,#2458,.T.);
#2458 = LINE('',#2459,#2460);
#2459 = CARTESIAN_POINT('',(119.839892,-111.76991,-4.6E-02));
#2460 = VECTOR('',#2461,1.);
#2461 = DIRECTION('',(0.,0.,1.));
#2462 = ORIENTED_EDGE('',*,*,#1876,.F.);
#2463 = ORIENTED_EDGE('',*,*,#2457,.F.);
#2464 = CYLINDRICAL_SURFACE('',#2465,0.5);
#2465 = AXIS2_PLACEMENT_3D('',#2466,#2467,#2468);
#2466 = CARTESIAN_POINT('',(119.839892,-111.26991,-4.6E-02));
#2467 = DIRECTION('',(-0.,-0.,-1.));
#2468 = DIRECTION('',(-0.,-1.,0.));
#2469 = ADVANCED_FACE('',(#2470),#2481,.F.);
#2470 = FACE_BOUND('',#2471,.T.);
#2471 = EDGE_LOOP('',(#2472,#2473,#2479,#2480));
#2472 = ORIENTED_EDGE('',*,*,#1395,.T.);
#2473 = ORIENTED_EDGE('',*,*,#2474,.T.);
#2474 = EDGE_CURVE('',#1396,#1888,#2475,.T.);
#2475 = LINE('',#2476,#2477);
#2476 = CARTESIAN_POINT('',(140.159892,-132.08991,-4.6E-02));
#2477 = VECTOR('',#2478,1.);
#2478 = DIRECTION('',(0.,0.,1.));
#2479 = ORIENTED_EDGE('',*,*,#1887,.F.);
#2480 = ORIENTED_EDGE('',*,*,#2474,.F.);
#2481 = CYLINDRICAL_SURFACE('',#2482,0.5);
#2482 = AXIS2_PLACEMENT_3D('',#2483,#2484,#2485);
#2483 = CARTESIAN_POINT('',(140.159892,-131.58991,-4.6E-02));
#2484 = DIRECTION('',(-0.,-0.,-1.));
#2485 = DIRECTION('',(-0.,-1.,0.));
#2486 = ADVANCED_FACE('',(#2487),#2498,.F.);
#2487 = FACE_BOUND('',#2488,.T.);
#2488 = EDGE_LOOP('',(#2489,#2490,#2496,#2497));
#2489 = ORIENTED_EDGE('',*,*,#1406,.T.);
#2490 = ORIENTED_EDGE('',*,*,#2491,.T.);
#2491 = EDGE_CURVE('',#1407,#1899,#2492,.T.);
#2492 = LINE('',#2493,#2494);
#2493 = CARTESIAN_POINT('',(140.159892,-129.54991,-4.6E-02));
#2494 = VECTOR('',#2495,1.);
#2495 = DIRECTION('',(0.,0.,1.));
#2496 = ORIENTED_EDGE('',*,*,#1898,.F.);
#2497 = ORIENTED_EDGE('',*,*,#2491,.F.);
#2498 = CYLINDRICAL_SURFACE('',#2499,0.5);
#2499 = AXIS2_PLACEMENT_3D('',#2500,#2501,#2502);
#2500 = CARTESIAN_POINT('',(140.159892,-129.04991,-4.6E-02));
#2501 = DIRECTION('',(-0.,-0.,-1.));
#2502 = DIRECTION('',(-0.,-1.,0.));
#2503 = ADVANCED_FACE('',(#2504),#2515,.F.);
#2504 = FACE_BOUND('',#2505,.T.);
#2505 = EDGE_LOOP('',(#2506,#2507,#2513,#2514));
#2506 = ORIENTED_EDGE('',*,*,#1417,.T.);
#2507 = ORIENTED_EDGE('',*,*,#2508,.T.);
#2508 = EDGE_CURVE('',#1418,#1910,#2509,.T.);
#2509 = LINE('',#2510,#2511);
#2510 = CARTESIAN_POINT('',(140.159892,-127.00991,-4.6E-02));
#2511 = VECTOR('',#2512,1.);
#2512 = DIRECTION('',(0.,0.,1.));
#2513 = ORIENTED_EDGE('',*,*,#1909,.F.);
#2514 = ORIENTED_EDGE('',*,*,#2508,.F.);
#2515 = CYLINDRICAL_SURFACE('',#2516,0.5);
#2516 = AXIS2_PLACEMENT_3D('',#2517,#2518,#2519);
#2517 = CARTESIAN_POINT('',(140.159892,-126.50991,-4.6E-02));
#2518 = DIRECTION('',(-0.,-0.,-1.));
#2519 = DIRECTION('',(-0.,-1.,0.));
#2520 = ADVANCED_FACE('',(#2521),#2532,.F.);
#2521 = FACE_BOUND('',#2522,.T.);
#2522 = EDGE_LOOP('',(#2523,#2524,#2530,#2531));
#2523 = ORIENTED_EDGE('',*,*,#1428,.T.);
#2524 = ORIENTED_EDGE('',*,*,#2525,.T.);
#2525 = EDGE_CURVE('',#1429,#1921,#2526,.T.);
#2526 = LINE('',#2527,#2528);
#2527 = CARTESIAN_POINT('',(140.159892,-124.46991,-4.6E-02));
#2528 = VECTOR('',#2529,1.);
#2529 = DIRECTION('',(0.,0.,1.));
#2530 = ORIENTED_EDGE('',*,*,#1920,.F.);
#2531 = ORIENTED_EDGE('',*,*,#2525,.F.);
#2532 = CYLINDRICAL_SURFACE('',#2533,0.5);
#2533 = AXIS2_PLACEMENT_3D('',#2534,#2535,#2536);
#2534 = CARTESIAN_POINT('',(140.159892,-123.96991,-4.6E-02));
#2535 = DIRECTION('',(-0.,-0.,-1.));
#2536 = DIRECTION('',(-0.,-1.,0.));
#2537 = ADVANCED_FACE('',(#2538),#2549,.F.);
#2538 = FACE_BOUND('',#2539,.T.);
#2539 = EDGE_LOOP('',(#2540,#2541,#2547,#2548));
#2540 = ORIENTED_EDGE('',*,*,#1439,.T.);
#2541 = ORIENTED_EDGE('',*,*,#2542,.T.);
#2542 = EDGE_CURVE('',#1440,#1932,#2543,.T.);
#2543 = LINE('',#2544,#2545);
#2544 = CARTESIAN_POINT('',(140.159892,-121.92991,-4.6E-02));
#2545 = VECTOR('',#2546,1.);
#2546 = DIRECTION('',(0.,0.,1.));
#2547 = ORIENTED_EDGE('',*,*,#1931,.F.);
#2548 = ORIENTED_EDGE('',*,*,#2542,.F.);
#2549 = CYLINDRICAL_SURFACE('',#2550,0.5);
#2550 = AXIS2_PLACEMENT_3D('',#2551,#2552,#2553);
#2551 = CARTESIAN_POINT('',(140.159892,-121.42991,-4.6E-02));
#2552 = DIRECTION('',(-0.,-0.,-1.));
#2553 = DIRECTION('',(-0.,-1.,0.));
#2554 = ADVANCED_FACE('',(#2555),#2566,.F.);
#2555 = FACE_BOUND('',#2556,.T.);
#2556 = EDGE_LOOP('',(#2557,#2563,#2564,#2565));
#2557 = ORIENTED_EDGE('',*,*,#2558,.T.);
#2558 = EDGE_CURVE('',#1451,#1943,#2559,.T.);
#2559 = LINE('',#2560,#2561);
#2560 = CARTESIAN_POINT('',(151.999892,-129.99991,0.));
#2561 = VECTOR('',#2562,1.);
#2562 = DIRECTION('',(0.,0.,1.));
#2563 = ORIENTED_EDGE('',*,*,#1942,.T.);
#2564 = ORIENTED_EDGE('',*,*,#2558,.F.);
#2565 = ORIENTED_EDGE('',*,*,#1450,.F.);
#2566 = CYLINDRICAL_SURFACE('',#2567,2.);
#2567 = AXIS2_PLACEMENT_3D('',#2568,#2569,#2570);
#2568 = CARTESIAN_POINT('',(149.999892,-129.99991,0.));
#2569 = DIRECTION('',(-0.,-0.,-1.));
#2570 = DIRECTION('',(1.,0.,-0.));
#2571 = ADVANCED_FACE('',(#2572),#2583,.F.);
#2572 = FACE_BOUND('',#2573,.T.);
#2573 = EDGE_LOOP('',(#2574,#2575,#2581,#2582));
#2574 = ORIENTED_EDGE('',*,*,#1461,.T.);
#2575 = ORIENTED_EDGE('',*,*,#2576,.T.);
#2576 = EDGE_CURVE('',#1462,#1954,#2577,.T.);
#2577 = LINE('',#2578,#2579);
#2578 = CARTESIAN_POINT('',(140.159892,-119.38991,-4.6E-02));
#2579 = VECTOR('',#2580,1.);
#2580 = DIRECTION('',(0.,0.,1.));
#2581 = ORIENTED_EDGE('',*,*,#1953,.F.);
#2582 = ORIENTED_EDGE('',*,*,#2576,.F.);
#2583 = CYLINDRICAL_SURFACE('',#2584,0.5);
#2584 = AXIS2_PLACEMENT_3D('',#2585,#2586,#2587);
#2585 = CARTESIAN_POINT('',(140.159892,-118.88991,-4.6E-02));
#2586 = DIRECTION('',(-0.,-0.,-1.));
#2587 = DIRECTION('',(-0.,-1.,0.));
#2588 = ADVANCED_FACE('',(#2589),#2600,.F.);
#2589 = FACE_BOUND('',#2590,.T.);
#2590 = EDGE_LOOP('',(#2591,#2592,#2598,#2599));
#2591 = ORIENTED_EDGE('',*,*,#1472,.T.);
#2592 = ORIENTED_EDGE('',*,*,#2593,.T.);
#2593 = EDGE_CURVE('',#1473,#1965,#2594,.T.);
#2594 = LINE('',#2595,#2596);
#2595 = CARTESIAN_POINT('',(140.159892,-116.84991,-4.6E-02));
#2596 = VECTOR('',#2597,1.);
#2597 = DIRECTION('',(0.,0.,1.));
#2598 = ORIENTED_EDGE('',*,*,#1964,.F.);
#2599 = ORIENTED_EDGE('',*,*,#2593,.F.);
#2600 = CYLINDRICAL_SURFACE('',#2601,0.5);
#2601 = AXIS2_PLACEMENT_3D('',#2602,#2603,#2604);
#2602 = CARTESIAN_POINT('',(140.159892,-116.34991,-4.6E-02));
#2603 = DIRECTION('',(-0.,-0.,-1.));
#2604 = DIRECTION('',(-0.,-1.,0.));
#2605 = ADVANCED_FACE('',(#2606),#2617,.F.);
#2606 = FACE_BOUND('',#2607,.T.);
#2607 = EDGE_LOOP('',(#2608,#2609,#2615,#2616));
#2608 = ORIENTED_EDGE('',*,*,#1483,.T.);
#2609 = ORIENTED_EDGE('',*,*,#2610,.T.);
#2610 = EDGE_CURVE('',#1484,#1976,#2611,.T.);
#2611 = LINE('',#2612,#2613);
#2612 = CARTESIAN_POINT('',(140.159892,-114.30991,-4.6E-02));
#2613 = VECTOR('',#2614,1.);
#2614 = DIRECTION('',(0.,0.,1.));
#2615 = ORIENTED_EDGE('',*,*,#1975,.F.);
#2616 = ORIENTED_EDGE('',*,*,#2610,.F.);
#2617 = CYLINDRICAL_SURFACE('',#2618,0.5);
#2618 = AXIS2_PLACEMENT_3D('',#2619,#2620,#2621);
#2619 = CARTESIAN_POINT('',(140.159892,-113.80991,-4.6E-02));
#2620 = DIRECTION('',(-0.,-0.,-1.));
#2621 = DIRECTION('',(-0.,-1.,0.));
#2622 = ADVANCED_FACE('',(#2623),#2634,.F.);
#2623 = FACE_BOUND('',#2624,.T.);
#2624 = EDGE_LOOP('',(#2625,#2626,#2632,#2633));
#2625 = ORIENTED_EDGE('',*,*,#1494,.T.);
#2626 = ORIENTED_EDGE('',*,*,#2627,.T.);
#2627 = EDGE_CURVE('',#1495,#1987,#2628,.T.);
#2628 = LINE('',#2629,#2630);
#2629 = CARTESIAN_POINT('',(140.159892,-111.76991,-4.6E-02));
#2630 = VECTOR('',#2631,1.);
#2631 = DIRECTION('',(0.,0.,1.));
#2632 = ORIENTED_EDGE('',*,*,#1986,.F.);
#2633 = ORIENTED_EDGE('',*,*,#2627,.F.);
#2634 = CYLINDRICAL_SURFACE('',#2635,0.5);
#2635 = AXIS2_PLACEMENT_3D('',#2636,#2637,#2638);
#2636 = CARTESIAN_POINT('',(140.159892,-111.26991,-4.6E-02));
#2637 = DIRECTION('',(-0.,-0.,-1.));
#2638 = DIRECTION('',(-0.,-1.,0.));
#2639 = ADVANCED_FACE('',(#2640),#2651,.F.);
#2640 = FACE_BOUND('',#2641,.T.);
#2641 = EDGE_LOOP('',(#2642,#2643,#2649,#2650));
#2642 = ORIENTED_EDGE('',*,*,#1505,.T.);
#2643 = ORIENTED_EDGE('',*,*,#2644,.T.);
#2644 = EDGE_CURVE('',#1506,#1998,#2645,.T.);
#2645 = LINE('',#2646,#2647);
#2646 = CARTESIAN_POINT('',(119.839892,-109.22991,-4.6E-02));
#2647 = VECTOR('',#2648,1.);
#2648 = DIRECTION('',(0.,0.,1.));
#2649 = ORIENTED_EDGE('',*,*,#1997,.F.);
#2650 = ORIENTED_EDGE('',*,*,#2644,.F.);
#2651 = CYLINDRICAL_SURFACE('',#2652,0.5);
#2652 = AXIS2_PLACEMENT_3D('',#2653,#2654,#2655);
#2653 = CARTESIAN_POINT('',(119.839892,-108.72991,-4.6E-02));
#2654 = DIRECTION('',(-0.,-0.,-1.));
#2655 = DIRECTION('',(-0.,-1.,0.));
#2656 = ADVANCED_FACE('',(#2657),#2668,.F.);
#2657 = FACE_BOUND('',#2658,.T.);
#2658 = EDGE_LOOP('',(#2659,#2660,#2666,#2667));
#2659 = ORIENTED_EDGE('',*,*,#1516,.T.);
#2660 = ORIENTED_EDGE('',*,*,#2661,.T.);
#2661 = EDGE_CURVE('',#1517,#2009,#2662,.T.);
#2662 = LINE('',#2663,#2664);
#2663 = CARTESIAN_POINT('',(119.839892,-106.68991,-4.6E-02));
#2664 = VECTOR('',#2665,1.);
#2665 = DIRECTION('',(0.,0.,1.));
#2666 = ORIENTED_EDGE('',*,*,#2008,.F.);
#2667 = ORIENTED_EDGE('',*,*,#2661,.F.);
#2668 = CYLINDRICAL_SURFACE('',#2669,0.5);
#2669 = AXIS2_PLACEMENT_3D('',#2670,#2671,#2672);
#2670 = CARTESIAN_POINT('',(119.839892,-106.18991,-4.6E-02));
#2671 = DIRECTION('',(-0.,-0.,-1.));
#2672 = DIRECTION('',(-0.,-1.,0.));
#2673 = ADVANCED_FACE('',(#2674),#2685,.F.);
#2674 = FACE_BOUND('',#2675,.T.);
#2675 = EDGE_LOOP('',(#2676,#2677,#2683,#2684));
#2676 = ORIENTED_EDGE('',*,*,#1527,.T.);
#2677 = ORIENTED_EDGE('',*,*,#2678,.T.);
#2678 = EDGE_CURVE('',#1528,#2020,#2679,.T.);
#2679 = LINE('',#2680,#2681);
#2680 = CARTESIAN_POINT('',(119.839892,-104.14991,-4.6E-02));
#2681 = VECTOR('',#2682,1.);
#2682 = DIRECTION('',(0.,0.,1.));
#2683 = ORIENTED_EDGE('',*,*,#2019,.F.);
#2684 = ORIENTED_EDGE('',*,*,#2678,.F.);
#2685 = CYLINDRICAL_SURFACE('',#2686,0.5);
#2686 = AXIS2_PLACEMENT_3D('',#2687,#2688,#2689);
#2687 = CARTESIAN_POINT('',(119.839892,-103.64991,-4.6E-02));
#2688 = DIRECTION('',(-0.,-0.,-1.));
#2689 = DIRECTION('',(-0.,-1.,0.));
#2690 = ADVANCED_FACE('',(#2691),#2702,.F.);
#2691 = FACE_BOUND('',#2692,.T.);
#2692 = EDGE_LOOP('',(#2693,#2694,#2700,#2701));
#2693 = ORIENTED_EDGE('',*,*,#1538,.T.);
#2694 = ORIENTED_EDGE('',*,*,#2695,.T.);
#2695 = EDGE_CURVE('',#1539,#2031,#2696,.T.);
#2696 = LINE('',#2697,#2698);
#2697 = CARTESIAN_POINT('',(119.839892,-101.60991,-4.6E-02));
#2698 = VECTOR('',#2699,1.);
#2699 = DIRECTION('',(0.,0.,1.));
#2700 = ORIENTED_EDGE('',*,*,#2030,.F.);
#2701 = ORIENTED_EDGE('',*,*,#2695,.F.);
#2702 = CYLINDRICAL_SURFACE('',#2703,0.5);
#2703 = AXIS2_PLACEMENT_3D('',#2704,#2705,#2706);
#2704 = CARTESIAN_POINT('',(119.839892,-101.10991,-4.6E-02));
#2705 = DIRECTION('',(-0.,-0.,-1.));
#2706 = DIRECTION('',(-0.,-1.,0.));
#2707 = ADVANCED_FACE('',(#2708),#2719,.F.);
#2708 = FACE_BOUND('',#2709,.T.);
#2709 = EDGE_LOOP('',(#2710,#2716,#2717,#2718));
#2710 = ORIENTED_EDGE('',*,*,#2711,.T.);
#2711 = EDGE_CURVE('',#1550,#2042,#2712,.T.);
#2712 = LINE('',#2713,#2714);
#2713 = CARTESIAN_POINT('',(111.999892,-89.99991,0.));
#2714 = VECTOR('',#2715,1.);
#2715 = DIRECTION('',(0.,0.,1.));
#2716 = ORIENTED_EDGE('',*,*,#2041,.T.);
#2717 = ORIENTED_EDGE('',*,*,#2711,.F.);
#2718 = ORIENTED_EDGE('',*,*,#1549,.F.);
#2719 = CYLINDRICAL_SURFACE('',#2720,2.);
#2720 = AXIS2_PLACEMENT_3D('',#2721,#2722,#2723);
#2721 = CARTESIAN_POINT('',(109.999892,-89.99991,0.));
#2722 = DIRECTION('',(-0.,-0.,-1.));
#2723 = DIRECTION('',(1.,0.,-0.));
#2724 = ADVANCED_FACE('',(#2725),#2736,.F.);
#2725 = FACE_BOUND('',#2726,.T.);
#2726 = EDGE_LOOP('',(#2727,#2728,#2734,#2735));
#2727 = ORIENTED_EDGE('',*,*,#1560,.T.);
#2728 = ORIENTED_EDGE('',*,*,#2729,.T.);
#2729 = EDGE_CURVE('',#1561,#2053,#2730,.T.);
#2730 = LINE('',#2731,#2732);
#2731 = CARTESIAN_POINT('',(119.839892,-99.06991,-4.6E-02));
#2732 = VECTOR('',#2733,1.);
#2733 = DIRECTION('',(0.,0.,1.));
#2734 = ORIENTED_EDGE('',*,*,#2052,.F.);
#2735 = ORIENTED_EDGE('',*,*,#2729,.F.);
#2736 = CYLINDRICAL_SURFACE('',#2737,0.5);
#2737 = AXIS2_PLACEMENT_3D('',#2738,#2739,#2740);
#2738 = CARTESIAN_POINT('',(119.839892,-98.56991,-4.6E-02));
#2739 = DIRECTION('',(-0.,-0.,-1.));
#2740 = DIRECTION('',(-0.,-1.,0.));
#2741 = ADVANCED_FACE('',(#2742),#2753,.F.);
#2742 = FACE_BOUND('',#2743,.T.);
#2743 = EDGE_LOOP('',(#2744,#2745,#2751,#2752));
#2744 = ORIENTED_EDGE('',*,*,#1571,.T.);
#2745 = ORIENTED_EDGE('',*,*,#2746,.T.);
#2746 = EDGE_CURVE('',#1572,#2064,#2747,.T.);
#2747 = LINE('',#2748,#2749);
#2748 = CARTESIAN_POINT('',(119.839892,-96.52991,-4.6E-02));
#2749 = VECTOR('',#2750,1.);
#2750 = DIRECTION('',(0.,0.,1.));
#2751 = ORIENTED_EDGE('',*,*,#2063,.F.);
#2752 = ORIENTED_EDGE('',*,*,#2746,.F.);
#2753 = CYLINDRICAL_SURFACE('',#2754,0.5);
#2754 = AXIS2_PLACEMENT_3D('',#2755,#2756,#2757);
#2755 = CARTESIAN_POINT('',(119.839892,-96.02991,-4.6E-02));
#2756 = DIRECTION('',(-0.,-0.,-1.));
#2757 = DIRECTION('',(-0.,-1.,0.));
#2758 = ADVANCED_FACE('',(#2759),#2770,.F.);
#2759 = FACE_BOUND('',#2760,.T.);
#2760 = EDGE_LOOP('',(#2761,#2762,#2768,#2769));
#2761 = ORIENTED_EDGE('',*,*,#1582,.T.);
#2762 = ORIENTED_EDGE('',*,*,#2763,.T.);
#2763 = EDGE_CURVE('',#1583,#2075,#2764,.T.);
#2764 = LINE('',#2765,#2766);
#2765 = CARTESIAN_POINT('',(119.839892,-93.98991,-4.6E-02));
#2766 = VECTOR('',#2767,1.);
#2767 = DIRECTION('',(0.,0.,1.));
#2768 = ORIENTED_EDGE('',*,*,#2074,.F.);
#2769 = ORIENTED_EDGE('',*,*,#2763,.F.);
#2770 = CYLINDRICAL_SURFACE('',#2771,0.5);
#2771 = AXIS2_PLACEMENT_3D('',#2772,#2773,#2774);
#2772 = CARTESIAN_POINT('',(119.839892,-93.48991,-4.6E-02));
#2773 = DIRECTION('',(-0.,-0.,-1.));
#2774 = DIRECTION('',(-0.,-1.,0.));
#2775 = ADVANCED_FACE('',(#2776),#2787,.F.);
#2776 = FACE_BOUND('',#2777,.T.);
#2777 = EDGE_LOOP('',(#2778,#2779,#2785,#2786));
#2778 = ORIENTED_EDGE('',*,*,#1593,.T.);
#2779 = ORIENTED_EDGE('',*,*,#2780,.T.);
#2780 = EDGE_CURVE('',#1594,#2086,#2781,.T.);
#2781 = LINE('',#2782,#2783);
#2782 = CARTESIAN_POINT('',(119.839892,-91.44991,-4.6E-02));
#2783 = VECTOR('',#2784,1.);
#2784 = DIRECTION('',(0.,0.,1.));
#2785 = ORIENTED_EDGE('',*,*,#2085,.F.);
#2786 = ORIENTED_EDGE('',*,*,#2780,.F.);
#2787 = CYLINDRICAL_SURFACE('',#2788,0.5);
#2788 = AXIS2_PLACEMENT_3D('',#2789,#2790,#2791);
#2789 = CARTESIAN_POINT('',(119.839892,-90.94991,-4.6E-02));
#2790 = DIRECTION('',(-0.,-0.,-1.));
#2791 = DIRECTION('',(-0.,-1.,0.));
#2792 = ADVANCED_FACE('',(#2793),#2804,.F.);
#2793 = FACE_BOUND('',#2794,.T.);
#2794 = EDGE_LOOP('',(#2795,#2796,#2802,#2803));
#2795 = ORIENTED_EDGE('',*,*,#1604,.T.);
#2796 = ORIENTED_EDGE('',*,*,#2797,.T.);
#2797 = EDGE_CURVE('',#1605,#2097,#2798,.T.);
#2798 = LINE('',#2799,#2800);
#2799 = CARTESIAN_POINT('',(119.839892,-88.90991,-4.6E-02));
#2800 = VECTOR('',#2801,1.);
#2801 = DIRECTION('',(0.,0.,1.));
#2802 = ORIENTED_EDGE('',*,*,#2096,.F.);
#2803 = ORIENTED_EDGE('',*,*,#2797,.F.);
#2804 = CYLINDRICAL_SURFACE('',#2805,0.5);
#2805 = AXIS2_PLACEMENT_3D('',#2806,#2807,#2808);
#2806 = CARTESIAN_POINT('',(119.839892,-88.40991,-4.6E-02));
#2807 = DIRECTION('',(-0.,-0.,-1.));
#2808 = DIRECTION('',(-0.,-1.,0.));
#2809 = ADVANCED_FACE('',(#2810),#2821,.F.);
#2810 = FACE_BOUND('',#2811,.T.);
#2811 = EDGE_LOOP('',(#2812,#2813,#2819,#2820));
#2812 = ORIENTED_EDGE('',*,*,#1615,.T.);
#2813 = ORIENTED_EDGE('',*,*,#2814,.T.);
#2814 = EDGE_CURVE('',#1616,#2108,#2815,.T.);
#2815 = LINE('',#2816,#2817);
#2816 = CARTESIAN_POINT('',(140.159892,-109.22991,-4.6E-02));
#2817 = VECTOR('',#2818,1.);
#2818 = DIRECTION('',(0.,0.,1.));
#2819 = ORIENTED_EDGE('',*,*,#2107,.F.);
#2820 = ORIENTED_EDGE('',*,*,#2814,.F.);
#2821 = CYLINDRICAL_SURFACE('',#2822,0.5);
#2822 = AXIS2_PLACEMENT_3D('',#2823,#2824,#2825);
#2823 = CARTESIAN_POINT('',(140.159892,-108.72991,-4.6E-02));
#2824 = DIRECTION('',(-0.,-0.,-1.));
#2825 = DIRECTION('',(-0.,-1.,0.));
#2826 = ADVANCED_FACE('',(#2827),#2838,.F.);
#2827 = FACE_BOUND('',#2828,.T.);
#2828 = EDGE_LOOP('',(#2829,#2830,#2836,#2837));
#2829 = ORIENTED_EDGE('',*,*,#1626,.T.);
#2830 = ORIENTED_EDGE('',*,*,#2831,.T.);
#2831 = EDGE_CURVE('',#1627,#2119,#2832,.T.);
#2832 = LINE('',#2833,#2834);
#2833 = CARTESIAN_POINT('',(140.159892,-106.68991,-4.6E-02));
#2834 = VECTOR('',#2835,1.);
#2835 = DIRECTION('',(0.,0.,1.));
#2836 = ORIENTED_EDGE('',*,*,#2118,.F.);
#2837 = ORIENTED_EDGE('',*,*,#2831,.F.);
#2838 = CYLINDRICAL_SURFACE('',#2839,0.5);
#2839 = AXIS2_PLACEMENT_3D('',#2840,#2841,#2842);
#2840 = CARTESIAN_POINT('',(140.159892,-106.18991,-4.6E-02));
#2841 = DIRECTION('',(-0.,-0.,-1.));
#2842 = DIRECTION('',(-0.,-1.,0.));
#2843 = ADVANCED_FACE('',(#2844),#2855,.F.);
#2844 = FACE_BOUND('',#2845,.T.);
#2845 = EDGE_LOOP('',(#2846,#2847,#2853,#2854));
#2846 = ORIENTED_EDGE('',*,*,#1637,.T.);
#2847 = ORIENTED_EDGE('',*,*,#2848,.T.);
#2848 = EDGE_CURVE('',#1638,#2130,#2849,.T.);
#2849 = LINE('',#2850,#2851);
#2850 = CARTESIAN_POINT('',(140.159892,-104.14991,-4.6E-02));
#2851 = VECTOR('',#2852,1.);
#2852 = DIRECTION('',(0.,0.,1.));
#2853 = ORIENTED_EDGE('',*,*,#2129,.F.);
#2854 = ORIENTED_EDGE('',*,*,#2848,.F.);
#2855 = CYLINDRICAL_SURFACE('',#2856,0.5);
#2856 = AXIS2_PLACEMENT_3D('',#2857,#2858,#2859);
#2857 = CARTESIAN_POINT('',(140.159892,-103.64991,-4.6E-02));
#2858 = DIRECTION('',(-0.,-0.,-1.));
#2859 = DIRECTION('',(-0.,-1.,0.));
#2860 = ADVANCED_FACE('',(#2861),#2872,.F.);
#2861 = FACE_BOUND('',#2862,.T.);
#2862 = EDGE_LOOP('',(#2863,#2864,#2870,#2871));
#2863 = ORIENTED_EDGE('',*,*,#1648,.T.);
#2864 = ORIENTED_EDGE('',*,*,#2865,.T.);
#2865 = EDGE_CURVE('',#1649,#2141,#2866,.T.);
#2866 = LINE('',#2867,#2868);
#2867 = CARTESIAN_POINT('',(140.159892,-101.60991,-4.6E-02));
#2868 = VECTOR('',#2869,1.);
#2869 = DIRECTION('',(0.,0.,1.));
#2870 = ORIENTED_EDGE('',*,*,#2140,.F.);
#2871 = ORIENTED_EDGE('',*,*,#2865,.F.);
#2872 = CYLINDRICAL_SURFACE('',#2873,0.5);
#2873 = AXIS2_PLACEMENT_3D('',#2874,#2875,#2876);
#2874 = CARTESIAN_POINT('',(140.159892,-101.10991,-4.6E-02));
#2875 = DIRECTION('',(-0.,-0.,-1.));
#2876 = DIRECTION('',(-0.,-1.,0.));
#2877 = ADVANCED_FACE('',(#2878),#2889,.F.);
#2878 = FACE_BOUND('',#2879,.T.);
#2879 = EDGE_LOOP('',(#2880,#2881,#2887,#2888));
#2880 = ORIENTED_EDGE('',*,*,#1659,.T.);
#2881 = ORIENTED_EDGE('',*,*,#2882,.T.);
#2882 = EDGE_CURVE('',#1660,#2152,#2883,.T.);
#2883 = LINE('',#2884,#2885);
#2884 = CARTESIAN_POINT('',(140.159892,-99.06991,-4.6E-02));
#2885 = VECTOR('',#2886,1.);
#2886 = DIRECTION('',(0.,0.,1.));
#2887 = ORIENTED_EDGE('',*,*,#2151,.F.);
#2888 = ORIENTED_EDGE('',*,*,#2882,.F.);
#2889 = CYLINDRICAL_SURFACE('',#2890,0.5);
#2890 = AXIS2_PLACEMENT_3D('',#2891,#2892,#2893);
#2891 = CARTESIAN_POINT('',(140.159892,-98.56991,-4.6E-02));
#2892 = DIRECTION('',(-0.,-0.,-1.));
#2893 = DIRECTION('',(-0.,-1.,0.));
#2894 = ADVANCED_FACE('',(#2895),#2906,.F.);
#2895 = FACE_BOUND('',#2896,.T.);
#2896 = EDGE_LOOP('',(#2897,#2898,#2904,#2905));
#2897 = ORIENTED_EDGE('',*,*,#1670,.T.);
#2898 = ORIENTED_EDGE('',*,*,#2899,.T.);
#2899 = EDGE_CURVE('',#1671,#2163,#2900,.T.);
#2900 = LINE('',#2901,#2902);
#2901 = CARTESIAN_POINT('',(140.159892,-96.52991,-4.6E-02));
#2902 = VECTOR('',#2903,1.);
#2903 = DIRECTION('',(0.,0.,1.));
#2904 = ORIENTED_EDGE('',*,*,#2162,.F.);
#2905 = ORIENTED_EDGE('',*,*,#2899,.F.);
#2906 = CYLINDRICAL_SURFACE('',#2907,0.5);
#2907 = AXIS2_PLACEMENT_3D('',#2908,#2909,#2910);
#2908 = CARTESIAN_POINT('',(140.159892,-96.02991,-4.6E-02));
#2909 = DIRECTION('',(-0.,-0.,-1.));
#2910 = DIRECTION('',(-0.,-1.,0.));
#2911 = ADVANCED_FACE('',(#2912),#2923,.F.);
#2912 = FACE_BOUND('',#2913,.T.);
#2913 = EDGE_LOOP('',(#2914,#2915,#2921,#2922));
#2914 = ORIENTED_EDGE('',*,*,#1681,.T.);
#2915 = ORIENTED_EDGE('',*,*,#2916,.T.);
#2916 = EDGE_CURVE('',#1682,#2174,#2917,.T.);
#2917 = LINE('',#2918,#2919);
#2918 = CARTESIAN_POINT('',(140.159892,-93.98991,-4.6E-02));
#2919 = VECTOR('',#2920,1.);
#2920 = DIRECTION('',(0.,0.,1.));
#2921 = ORIENTED_EDGE('',*,*,#2173,.F.);
#2922 = ORIENTED_EDGE('',*,*,#2916,.F.);
#2923 = CYLINDRICAL_SURFACE('',#2924,0.5);
#2924 = AXIS2_PLACEMENT_3D('',#2925,#2926,#2927);
#2925 = CARTESIAN_POINT('',(140.159892,-93.48991,-4.6E-02));
#2926 = DIRECTION('',(-0.,-0.,-1.));
#2927 = DIRECTION('',(-0.,-1.,0.));
#2928 = ADVANCED_FACE('',(#2929),#2940,.F.);
#2929 = FACE_BOUND('',#2930,.T.);
#2930 = EDGE_LOOP('',(#2931,#2932,#2938,#2939));
#2931 = ORIENTED_EDGE('',*,*,#1692,.T.);
#2932 = ORIENTED_EDGE('',*,*,#2933,.T.);
#2933 = EDGE_CURVE('',#1693,#2185,#2934,.T.);
#2934 = LINE('',#2935,#2936);
#2935 = CARTESIAN_POINT('',(140.159892,-91.44991,-4.6E-02));
#2936 = VECTOR('',#2937,1.);
#2937 = DIRECTION('',(0.,0.,1.));
#2938 = ORIENTED_EDGE('',*,*,#2184,.F.);
#2939 = ORIENTED_EDGE('',*,*,#2933,.F.);
#2940 = CYLINDRICAL_SURFACE('',#2941,0.5);
#2941 = AXIS2_PLACEMENT_3D('',#2942,#2943,#2944);
#2942 = CARTESIAN_POINT('',(140.159892,-90.94991,-4.6E-02));
#2943 = DIRECTION('',(-0.,-0.,-1.));
#2944 = DIRECTION('',(-0.,-1.,0.));
#2945 = ADVANCED_FACE('',(#2946),#2957,.F.);
#2946 = FACE_BOUND('',#2947,.T.);
#2947 = EDGE_LOOP('',(#2948,#2949,#2955,#2956));
#2948 = ORIENTED_EDGE('',*,*,#1703,.T.);
#2949 = ORIENTED_EDGE('',*,*,#2950,.T.);
#2950 = EDGE_CURVE('',#1704,#2196,#2951,.T.);
#2951 = LINE('',#2952,#2953);
#2952 = CARTESIAN_POINT('',(140.159892,-88.90991,-4.6E-02));
#2953 = VECTOR('',#2954,1.);
#2954 = DIRECTION('',(0.,0.,1.));
#2955 = ORIENTED_EDGE('',*,*,#2195,.F.);
#2956 = ORIENTED_EDGE('',*,*,#2950,.F.);
#2957 = CYLINDRICAL_SURFACE('',#2958,0.5);
#2958 = AXIS2_PLACEMENT_3D('',#2959,#2960,#2961);
#2959 = CARTESIAN_POINT('',(140.159892,-88.40991,-4.6E-02));
#2960 = DIRECTION('',(-0.,-0.,-1.));
#2961 = DIRECTION('',(-0.,-1.,0.));
#2962 = ADVANCED_FACE('',(#2963),#2974,.F.);
#2963 = FACE_BOUND('',#2964,.T.);
#2964 = EDGE_LOOP('',(#2965,#2971,#2972,#2973));
#2965 = ORIENTED_EDGE('',*,*,#2966,.T.);
#2966 = EDGE_CURVE('',#1715,#2207,#2967,.T.);
#2967 = LINE('',#2968,#2969);
#2968 = CARTESIAN_POINT('',(151.999892,-89.99991,0.));
#2969 = VECTOR('',#2970,1.);
#2970 = DIRECTION('',(0.,0.,1.));
#2971 = ORIENTED_EDGE('',*,*,#2206,.T.);
#2972 = ORIENTED_EDGE('',*,*,#2966,.F.);
#2973 = ORIENTED_EDGE('',*,*,#1714,.F.);
#2974 = CYLINDRICAL_SURFACE('',#2975,2.);
#2975 = AXIS2_PLACEMENT_3D('',#2976,#2977,#2978);
#2976 = CARTESIAN_POINT('',(149.999892,-89.99991,0.));
#2977 = DIRECTION('',(-0.,-0.,-1.));
#2978 = DIRECTION('',(1.,0.,-0.));
#2979 = ( GEOMETRIC_REPRESENTATION_CONTEXT(3) 
GLOBAL_UNCERTAINTY_ASSIGNED_CONTEXT((#2983)) 
GLOBAL_UNIT_ASSIGNED_CONTEXT((#2980,#2981,#2982)) REPRESENTATION_CONTEXT
('Context #1','3D Context with UNIT and UNCERTAINTY') );
#2980 = ( LENGTH_UNIT() NAMED_UNIT(*) SI_UNIT(.MILLI.,.METRE.) );
#2981 = ( NAMED_UNIT(*) PLANE_ANGLE_UNIT() SI_UNIT($,.RADIAN.) );
#2982 = ( NAMED_UNIT(*) SI_UNIT($,.STERADIAN.) SOLID_ANGLE_UNIT() );
#2983 = UNCERTAINTY_MEASURE_WITH_UNIT(LENGTH_MEASURE(1.E-07),#2980,
  'distance_accuracy_value','confusion accuracy');
#2984 = CONTEXT_DEPENDENT_SHAPE_REPRESENTATION(#2985,#2987);
#2985 = ( REPRESENTATION_RELATIONSHIP('','',#1128,#10) 
REPRESENTATION_RELATIONSHIP_WITH_TRANSFORMATION(#2986) 
SHAPE_REPRESENTATION_RELATIONSHIP() );
#2986 = ITEM_DEFINED_TRANSFORMATION('','',#11,#159);
#2987 = PRODUCT_DEFINITION_SHAPE('Placement','Placement of an item',
  #2988);
#2988 = NEXT_ASSEMBLY_USAGE_OCCURRENCE('37','=>[0:1:1:3]','',#5,#1123,$
  );
#2989 = PRODUCT_RELATED_PRODUCT_CATEGORY('part',$,(#1125));
#2990 = MECHANICAL_DESIGN_GEOMETRIC_PRESENTATION_REPRESENTATION('',(
    #2991),#2979);
#2991 = STYLED_ITEM('color',(#2992),#1129);
#2992 = PRESENTATION_STYLE_ASSIGNMENT((#2993));
#2993 = SURFACE_STYLE_USAGE(.BOTH.,#2994);
#2994 = SURFACE_SIDE_STYLE('',(#2995));
#2995 = SURFACE_STYLE_FILL_AREA(#2996);
#2996 = FILL_AREA_STYLE('',(#2997));
#2997 = FILL_AREA_STYLE_COLOUR('',#2998);
#2998 = COLOUR_RGB('',0.313304153717,0.484529207832,0.410020903123);
ENDSEC;
END-ISO-10303-21;
