ISO-10303-21;
HEADER;
FILE_DESCRIPTION(('KiCad electronic assembly'),'2;1');
FILE_NAME('IMU_ICM2094.step','2026-01-03T16:07:15',('Pcbnew'),('Kicad'),
  'Open CASCADE STEP processor 7.6','KiCad to STEP converter','Unknown'
  );
FILE_SCHEMA(('AUTOMOTIVE_DESIGN { 1 0 10303 214 1 1 1 1 }'));
ENDSEC;
DATA;
#1 = APPLICATION_PROTOCOL_DEFINITION('international standard',
  'automotive_design',2000,#2);
#2 = APPLICATION_CONTEXT(
  'core data for automotive mechanical design processes');
#3 = SHAPE_DEFINITION_REPRESENTATION(#4,#10);
#4 = PRODUCT_DEFINITION_SHAPE('','',#5);
#5 = PRODUCT_DEFINITION('design','',#6,#9);
#6 = PRODUCT_DEFINITION_FORMATION('','',#7);
#7 = PRODUCT('IMU_ICM2094 2','IMU_ICM2094 2','',(#8));
#8 = PRODUCT_CONTEXT('',#2,'mechanical');
#9 = PRODUCT_DEFINITION_CONTEXT('part definition',#2,'design');
#10 = SHAPE_REPRESENTATION('',(#11,#15,#19,#23,#27,#31,#35,#39,#43,#47,
    #51,#55,#59,#63,#67,#71,#75,#79,#83,#87,#91,#95,#99,#103,#107,#111,
    #115,#119,#123,#127,#131,#135,#139,#143,#147),#151);
#11 = AXIS2_PLACEMENT_3D('',#12,#13,#14);
#12 = CARTESIAN_POINT('',(0.,0.,0.));
#13 = DIRECTION('',(0.,0.,1.));
#14 = DIRECTION('',(1.,0.,-0.));
#15 = AXIS2_PLACEMENT_3D('',#16,#17,#18);
#16 = CARTESIAN_POINT('',(29.375803,-38.80442,0.795));
#17 = DIRECTION('',(0.,0.,1.));
#18 = DIRECTION('',(1.,0.,0.));
#19 = AXIS2_PLACEMENT_3D('',#20,#21,#22);
#20 = CARTESIAN_POINT('',(29.385803,-37.77442,0.795));
#21 = DIRECTION('',(0.,0.,1.));
#22 = DIRECTION('',(-1.,1.224646799147E-16,0.));
#23 = AXIS2_PLACEMENT_3D('',#24,#25,#26);
#24 = CARTESIAN_POINT('',(34.444892,-29.99991,0.795));
#25 = DIRECTION('',(0.,0.,1.));
#26 = DIRECTION('',(1.,0.,0.));
#27 = AXIS2_PLACEMENT_3D('',#28,#29,#30);
#28 = CARTESIAN_POINT('',(33.414892,-31.99991,0.795));
#29 = DIRECTION('',(0.,0.,1.));
#30 = DIRECTION('',(1.,0.,0.));
#31 = AXIS2_PLACEMENT_3D('',#32,#33,#34);
#32 = CARTESIAN_POINT('',(35.814892,-31.99991,0.795));
#33 = DIRECTION('',(0.,0.,1.));
#34 = DIRECTION('',(1.,0.,0.));
#35 = AXIS2_PLACEMENT_3D('',#36,#37,#38);
#36 = CARTESIAN_POINT('',(24.450676,-38.522412,0.795));
#37 = DIRECTION('',(0.,0.,1.));
#38 = DIRECTION('',(1.,0.,0.));
#39 = AXIS2_PLACEMENT_3D('',#40,#41,#42);
#40 = CARTESIAN_POINT('',(30.634892,-29.99991,0.795));
#41 = DIRECTION('',(0.,0.,1.));
#42 = DIRECTION('',(1.,0.,0.));
#43 = AXIS2_PLACEMENT_3D('',#44,#45,#46);
#44 = CARTESIAN_POINT('',(31.494892,-37.76991,0.795));
#45 = DIRECTION('',(0.,0.,1.));
#46 = DIRECTION('',(1.,0.,0.));
#47 = AXIS2_PLACEMENT_3D('',#48,#49,#50);
#48 = CARTESIAN_POINT('',(25.554892,-29.99991,0.795));
#49 = DIRECTION('',(0.,0.,1.));
#50 = DIRECTION('',(1.,0.,0.));
#51 = AXIS2_PLACEMENT_3D('',#52,#53,#54);
#52 = CARTESIAN_POINT('',(31.494892,-36.49991,0.795));
#53 = DIRECTION('',(0.,0.,1.));
#54 = DIRECTION('',(1.,0.,0.));
#55 = AXIS2_PLACEMENT_3D('',#56,#57,#58);
#56 = CARTESIAN_POINT('',(36.574892,-36.49991,0.795));
#57 = DIRECTION('',(0.,0.,1.));
#58 = DIRECTION('',(-1.,1.224646799147E-16,0.));
#59 = AXIS2_PLACEMENT_3D('',#60,#61,#62);
#60 = CARTESIAN_POINT('',(26.824892,-29.99991,0.795));
#61 = DIRECTION('',(0.,0.,1.));
#62 = DIRECTION('',(1.,0.,0.));
#63 = AXIS2_PLACEMENT_3D('',#64,#65,#66);
#64 = CARTESIAN_POINT('',(33.174892,-29.99991,0.795));
#65 = DIRECTION('',(0.,0.,1.));
#66 = DIRECTION('',(-1.,1.224646799147E-16,0.));
#67 = AXIS2_PLACEMENT_3D('',#68,#69,#70);
#68 = CARTESIAN_POINT('',(26.499892,-31.89991,0.795));
#69 = DIRECTION('',(0.,0.,1.));
#70 = DIRECTION('',(1.,0.,0.));
#71 = AXIS2_PLACEMENT_3D('',#72,#73,#74);
#72 = CARTESIAN_POINT('',(26.885676,-37.982411,1.295));
#73 = DIRECTION('',(0.,-0.,1.));
#74 = DIRECTION('',(1.110223024625E-16,1.,0.));
#75 = AXIS2_PLACEMENT_3D('',#76,#77,#78);
#76 = CARTESIAN_POINT('',(28.094892,-29.99991,0.795));
#77 = DIRECTION('',(0.,0.,1.));
#78 = DIRECTION('',(1.,0.,0.));
#79 = AXIS2_PLACEMENT_3D('',#80,#81,#82);
#80 = CARTESIAN_POINT('',(36.574892,-37.76991,0.795));
#81 = DIRECTION('',(0.,0.,1.));
#82 = DIRECTION('',(1.,0.,0.));
#83 = AXIS2_PLACEMENT_3D('',#84,#85,#86);
#84 = CARTESIAN_POINT('',(24.874892,-33.39991,0.795));
#85 = DIRECTION('',(0.,0.,1.));
#86 = DIRECTION('',(-2.334869823773E-16,1.,0.));
#87 = AXIS2_PLACEMENT_3D('',#88,#89,#90);
#88 = CARTESIAN_POINT('',(29.499892,-36.73192,0.795));
#89 = DIRECTION('',(0.,0.,1.));
#90 = DIRECTION('',(1.,0.,0.));
#91 = AXIS2_PLACEMENT_3D('',#92,#93,#94);
#92 = CARTESIAN_POINT('',(35.304892,-36.49991,0.795));
#93 = DIRECTION('',(0.,0.,1.));
#94 = DIRECTION('',(-1.,1.224646799147E-16,0.));
#95 = AXIS2_PLACEMENT_3D('',#96,#97,#98);
#96 = CARTESIAN_POINT('',(24.384892,-36.06991,0.795));
#97 = DIRECTION('',(0.,0.,1.));
#98 = DIRECTION('',(-1.,1.224646799147E-16,0.));
#99 = AXIS2_PLACEMENT_3D('',#100,#101,#102);
#100 = CARTESIAN_POINT('',(35.304892,-37.76991,0.795));
#101 = DIRECTION('',(0.,0.,1.));
#102 = DIRECTION('',(1.,0.,0.));
#103 = AXIS2_PLACEMENT_3D('',#104,#105,#106);
#104 = CARTESIAN_POINT('',(29.999892,-33.69991,0.795));
#105 = DIRECTION('',(0.,0.,1.));
#106 = DIRECTION('',(1.,0.,0.));
#107 = AXIS2_PLACEMENT_3D('',#108,#109,#110);
#108 = CARTESIAN_POINT('',(36.414892,-34.39991,0.795));
#109 = DIRECTION('',(-0.,0.,1.));
#110 = DIRECTION('',(1.110223024625E-16,-1.,0.));
#111 = AXIS2_PLACEMENT_3D('',#112,#113,#114);
#112 = CARTESIAN_POINT('',(24.450676,-37.472412,0.795));
#113 = DIRECTION('',(0.,0.,1.));
#114 = DIRECTION('',(1.,0.,0.));
#115 = AXIS2_PLACEMENT_3D('',#116,#117,#118);
#116 = CARTESIAN_POINT('',(32.764892,-36.49991,0.795));
#117 = DIRECTION('',(0.,0.,1.));
#118 = DIRECTION('',(1.,0.,0.));
#119 = AXIS2_PLACEMENT_3D('',#120,#121,#122);
#120 = CARTESIAN_POINT('',(29.364892,-29.99991,0.795));
#121 = DIRECTION('',(0.,0.,1.));
#122 = DIRECTION('',(1.,0.,0.));
#123 = AXIS2_PLACEMENT_3D('',#124,#125,#126);
#124 = CARTESIAN_POINT('',(32.764892,-37.76991,0.795));
#125 = DIRECTION('',(0.,0.,1.));
#126 = DIRECTION('',(1.,0.,0.));
#127 = AXIS2_PLACEMENT_3D('',#128,#129,#130);
#128 = CARTESIAN_POINT('',(31.904892,-29.99991,0.795));
#129 = DIRECTION('',(0.,0.,1.));
#130 = DIRECTION('',(1.,0.,0.));
#131 = AXIS2_PLACEMENT_3D('',#132,#133,#134);
#132 = CARTESIAN_POINT('',(32.914892,-34.39991,0.795));
#133 = DIRECTION('',(0.,-0.,1.));
#134 = DIRECTION('',(1.110223024625E-16,1.,0.));
#135 = AXIS2_PLACEMENT_3D('',#136,#137,#138);
#136 = CARTESIAN_POINT('',(34.714892,-34.09991,1.295));
#137 = DIRECTION('',(0.,0.,1.));
#138 = DIRECTION('',(-1.,1.224646799147E-16,0.));
#139 = AXIS2_PLACEMENT_3D('',#140,#141,#142);
#140 = CARTESIAN_POINT('',(34.034892,-36.49991,0.795));
#141 = DIRECTION('',(0.,0.,1.));
#142 = DIRECTION('',(-1.,1.224646799147E-16,0.));
#143 = AXIS2_PLACEMENT_3D('',#144,#145,#146);
#144 = CARTESIAN_POINT('',(34.034892,-37.76991,0.795));
#145 = DIRECTION('',(0.,0.,1.));
#146 = DIRECTION('',(1.,0.,0.));
#147 = AXIS2_PLACEMENT_3D('',#148,#149,#150);
#148 = CARTESIAN_POINT('',(0.,0.,0.));
#149 = DIRECTION('',(0.,0.,1.));
#150 = DIRECTION('',(1.,0.,-0.));
#151 = ( GEOMETRIC_REPRESENTATION_CONTEXT(3) 
GLOBAL_UNCERTAINTY_ASSIGNED_CONTEXT((#155)) GLOBAL_UNIT_ASSIGNED_CONTEXT
((#152,#153,#154)) REPRESENTATION_CONTEXT('Context #1',
  '3D Context with UNIT and UNCERTAINTY') );
#152 = ( LENGTH_UNIT() NAMED_UNIT(*) SI_UNIT(.MILLI.,.METRE.) );
#153 = ( NAMED_UNIT(*) PLANE_ANGLE_UNIT() SI_UNIT($,.RADIAN.) );
#154 = ( NAMED_UNIT(*) SI_UNIT($,.STERADIAN.) SOLID_ANGLE_UNIT() );
#155 = UNCERTAINTY_MEASURE_WITH_UNIT(LENGTH_MEASURE(1.E-07),#152,
  'distance_accuracy_value','confusion accuracy');
#156 = PRODUCT_RELATED_PRODUCT_CATEGORY('part',$,(#7));
#157 = SHAPE_DEFINITION_REPRESENTATION(#158,#164);
#158 = PRODUCT_DEFINITION_SHAPE('','',#159);
#159 = PRODUCT_DEFINITION('design','',#160,#163);
#160 = PRODUCT_DEFINITION_FORMATION('','',#161);
#161 = PRODUCT('R_0402_1005Metric','R_0402_1005Metric','',(#162));
#162 = PRODUCT_CONTEXT('',#2,'mechanical');
#163 = PRODUCT_DEFINITION_CONTEXT('part definition',#2,'design');
#164 = ADVANCED_BREP_SHAPE_REPRESENTATION('',(#11,#165),#955);
#165 = MANIFOLD_SOLID_BREP('',#166);
#166 = CLOSED_SHELL('',(#167,#207,#290,#315,#340,#407,#424,#441,#490,
    #507,#524,#573,#590,#659,#690,#714,#783,#807,#824,#841,#858,#875,
    #892,#909,#926,#943));
#167 = ADVANCED_FACE('',(#168),#202,.F.);
#168 = FACE_BOUND('',#169,.F.);
#169 = EDGE_LOOP('',(#170,#180,#188,#196));
#170 = ORIENTED_EDGE('',*,*,#171,.F.);
#171 = EDGE_CURVE('',#172,#174,#176,.T.);
#172 = VERTEX_POINT('',#173);
#173 = CARTESIAN_POINT('',(-0.5,-0.25,3.5E-02));
#174 = VERTEX_POINT('',#175);
#175 = CARTESIAN_POINT('',(-0.5,-0.25,0.315));
#176 = LINE('',#177,#178);
#177 = CARTESIAN_POINT('',(-0.5,-0.25,0.));
#178 = VECTOR('',#179,1.);
#179 = DIRECTION('',(0.,0.,1.));
#180 = ORIENTED_EDGE('',*,*,#181,.T.);
#181 = EDGE_CURVE('',#172,#182,#184,.T.);
#182 = VERTEX_POINT('',#183);
#183 = CARTESIAN_POINT('',(-0.5,0.25,3.5E-02));
#184 = LINE('',#185,#186);
#185 = CARTESIAN_POINT('',(-0.5,-0.25,3.5E-02));
#186 = VECTOR('',#187,1.);
#187 = DIRECTION('',(0.,1.,0.));
#188 = ORIENTED_EDGE('',*,*,#189,.T.);
#189 = EDGE_CURVE('',#182,#190,#192,.T.);
#190 = VERTEX_POINT('',#191);
#191 = CARTESIAN_POINT('',(-0.5,0.25,0.315));
#192 = LINE('',#193,#194);
#193 = CARTESIAN_POINT('',(-0.5,0.25,0.));
#194 = VECTOR('',#195,1.);
#195 = DIRECTION('',(0.,0.,1.));
#196 = ORIENTED_EDGE('',*,*,#197,.F.);
#197 = EDGE_CURVE('',#174,#190,#198,.T.);
#198 = LINE('',#199,#200);
#199 = CARTESIAN_POINT('',(-0.5,-0.25,0.315));
#200 = VECTOR('',#201,1.);
#201 = DIRECTION('',(0.,1.,0.));
#202 = PLANE('',#203);
#203 = AXIS2_PLACEMENT_3D('',#204,#205,#206);
#204 = CARTESIAN_POINT('',(-0.5,-0.25,0.));
#205 = DIRECTION('',(1.,0.,0.));
#206 = DIRECTION('',(0.,0.,1.));
#207 = ADVANCED_FACE('',(#208),#285,.F.);
#208 = FACE_BOUND('',#209,.F.);
#209 = EDGE_LOOP('',(#210,#220,#227,#228,#237,#245,#254,#262,#270,#278)
  );
#210 = ORIENTED_EDGE('',*,*,#211,.F.);
#211 = EDGE_CURVE('',#212,#214,#216,.T.);
#212 = VERTEX_POINT('',#213);
#213 = CARTESIAN_POINT('',(-0.465,-0.25,-2.775557561563E-17));
#214 = VERTEX_POINT('',#215);
#215 = CARTESIAN_POINT('',(-0.335,-0.25,-2.775557561563E-17));
#216 = LINE('',#217,#218);
#217 = CARTESIAN_POINT('',(-0.5,-0.25,0.));
#218 = VECTOR('',#219,1.);
#219 = DIRECTION('',(1.,0.,0.));
#220 = ORIENTED_EDGE('',*,*,#221,.F.);
#221 = EDGE_CURVE('',#172,#212,#222,.T.);
#222 = CIRCLE('',#223,3.5E-02);
#223 = AXIS2_PLACEMENT_3D('',#224,#225,#226);
#224 = CARTESIAN_POINT('',(-0.465,-0.25,3.5E-02));
#225 = DIRECTION('',(0.,-1.,0.));
#226 = DIRECTION('',(0.,0.,1.));
#227 = ORIENTED_EDGE('',*,*,#171,.T.);
#228 = ORIENTED_EDGE('',*,*,#229,.T.);
#229 = EDGE_CURVE('',#174,#230,#232,.T.);
#230 = VERTEX_POINT('',#231);
#231 = CARTESIAN_POINT('',(-0.465,-0.25,0.35));
#232 = CIRCLE('',#233,3.5E-02);
#233 = AXIS2_PLACEMENT_3D('',#234,#235,#236);
#234 = CARTESIAN_POINT('',(-0.465,-0.25,0.315));
#235 = DIRECTION('',(0.,1.,0.));
#236 = DIRECTION('',(0.,-0.,1.));
#237 = ORIENTED_EDGE('',*,*,#238,.T.);
#238 = EDGE_CURVE('',#230,#239,#241,.T.);
#239 = VERTEX_POINT('',#240);
#240 = CARTESIAN_POINT('',(-0.335,-0.25,0.35));
#241 = LINE('',#242,#243);
#242 = CARTESIAN_POINT('',(-0.5,-0.25,0.35));
#243 = VECTOR('',#244,1.);
#244 = DIRECTION('',(1.,0.,0.));
#245 = ORIENTED_EDGE('',*,*,#246,.F.);
#246 = EDGE_CURVE('',#247,#239,#249,.T.);
#247 = VERTEX_POINT('',#248);
#248 = CARTESIAN_POINT('',(-0.3,-0.25,0.315));
#249 = CIRCLE('',#250,3.5E-02);
#250 = AXIS2_PLACEMENT_3D('',#251,#252,#253);
#251 = CARTESIAN_POINT('',(-0.335,-0.25,0.315));
#252 = DIRECTION('',(0.,-1.,0.));
#253 = DIRECTION('',(0.,0.,1.));
#254 = ORIENTED_EDGE('',*,*,#255,.F.);
#255 = EDGE_CURVE('',#256,#247,#258,.T.);
#256 = VERTEX_POINT('',#257);
#257 = CARTESIAN_POINT('',(-0.465,-0.25,0.315));
#258 = LINE('',#259,#260);
#259 = CARTESIAN_POINT('',(-0.465,-0.25,0.315));
#260 = VECTOR('',#261,1.);
#261 = DIRECTION('',(1.,0.,0.));
#262 = ORIENTED_EDGE('',*,*,#263,.F.);
#263 = EDGE_CURVE('',#264,#256,#266,.T.);
#264 = VERTEX_POINT('',#265);
#265 = CARTESIAN_POINT('',(-0.465,-0.25,3.5E-02));
#266 = LINE('',#267,#268);
#267 = CARTESIAN_POINT('',(-0.465,-0.25,3.5E-02));
#268 = VECTOR('',#269,1.);
#269 = DIRECTION('',(0.,0.,1.));
#270 = ORIENTED_EDGE('',*,*,#271,.T.);
#271 = EDGE_CURVE('',#264,#272,#274,.T.);
#272 = VERTEX_POINT('',#273);
#273 = CARTESIAN_POINT('',(-0.3,-0.25,3.5E-02));
#274 = LINE('',#275,#276);
#275 = CARTESIAN_POINT('',(-0.465,-0.25,3.5E-02));
#276 = VECTOR('',#277,1.);
#277 = DIRECTION('',(1.,0.,0.));
#278 = ORIENTED_EDGE('',*,*,#279,.T.);
#279 = EDGE_CURVE('',#272,#214,#280,.T.);
#280 = CIRCLE('',#281,3.5E-02);
#281 = AXIS2_PLACEMENT_3D('',#282,#283,#284);
#282 = CARTESIAN_POINT('',(-0.335,-0.25,3.5E-02));
#283 = DIRECTION('',(0.,1.,0.));
#284 = DIRECTION('',(0.,-0.,1.));
#285 = PLANE('',#286);
#286 = AXIS2_PLACEMENT_3D('',#287,#288,#289);
#287 = CARTESIAN_POINT('',(-0.5,-0.25,0.));
#288 = DIRECTION('',(0.,1.,0.));
#289 = DIRECTION('',(0.,-0.,1.));
#290 = ADVANCED_FACE('',(#291),#310,.T.);
#291 = FACE_BOUND('',#292,.T.);
#292 = EDGE_LOOP('',(#293,#294,#303,#309));
#293 = ORIENTED_EDGE('',*,*,#181,.T.);
#294 = ORIENTED_EDGE('',*,*,#295,.T.);
#295 = EDGE_CURVE('',#182,#296,#298,.T.);
#296 = VERTEX_POINT('',#297);
#297 = CARTESIAN_POINT('',(-0.465,0.25,-2.775557561563E-17));
#298 = CIRCLE('',#299,3.5E-02);
#299 = AXIS2_PLACEMENT_3D('',#300,#301,#302);
#300 = CARTESIAN_POINT('',(-0.465,0.25,3.5E-02));
#301 = DIRECTION('',(0.,-1.,0.));
#302 = DIRECTION('',(0.,0.,1.));
#303 = ORIENTED_EDGE('',*,*,#304,.F.);
#304 = EDGE_CURVE('',#212,#296,#305,.T.);
#305 = LINE('',#306,#307);
#306 = CARTESIAN_POINT('',(-0.465,-0.25,-2.775557561563E-17));
#307 = VECTOR('',#308,1.);
#308 = DIRECTION('',(0.,1.,0.));
#309 = ORIENTED_EDGE('',*,*,#221,.F.);
#310 = CYLINDRICAL_SURFACE('',#311,3.5E-02);
#311 = AXIS2_PLACEMENT_3D('',#312,#313,#314);
#312 = CARTESIAN_POINT('',(-0.465,-0.25,3.5E-02));
#313 = DIRECTION('',(0.,1.,0.));
#314 = DIRECTION('',(-1.,0.,0.));
#315 = ADVANCED_FACE('',(#316),#335,.T.);
#316 = FACE_BOUND('',#317,.T.);
#317 = EDGE_LOOP('',(#318,#319,#327,#334));
#318 = ORIENTED_EDGE('',*,*,#229,.T.);
#319 = ORIENTED_EDGE('',*,*,#320,.T.);
#320 = EDGE_CURVE('',#230,#321,#323,.T.);
#321 = VERTEX_POINT('',#322);
#322 = CARTESIAN_POINT('',(-0.465,0.25,0.35));
#323 = LINE('',#324,#325);
#324 = CARTESIAN_POINT('',(-0.465,-0.25,0.35));
#325 = VECTOR('',#326,1.);
#326 = DIRECTION('',(0.,1.,0.));
#327 = ORIENTED_EDGE('',*,*,#328,.F.);
#328 = EDGE_CURVE('',#190,#321,#329,.T.);
#329 = CIRCLE('',#330,3.5E-02);
#330 = AXIS2_PLACEMENT_3D('',#331,#332,#333);
#331 = CARTESIAN_POINT('',(-0.465,0.25,0.315));
#332 = DIRECTION('',(0.,1.,0.));
#333 = DIRECTION('',(0.,-0.,1.));
#334 = ORIENTED_EDGE('',*,*,#197,.F.);
#335 = CYLINDRICAL_SURFACE('',#336,3.5E-02);
#336 = AXIS2_PLACEMENT_3D('',#337,#338,#339);
#337 = CARTESIAN_POINT('',(-0.465,-0.25,0.315));
#338 = DIRECTION('',(0.,1.,0.));
#339 = DIRECTION('',(-1.,0.,0.));
#340 = ADVANCED_FACE('',(#341),#402,.T.);
#341 = FACE_BOUND('',#342,.T.);
#342 = EDGE_LOOP('',(#343,#351,#352,#353,#354,#362,#371,#379,#387,#395)
  );
#343 = ORIENTED_EDGE('',*,*,#344,.F.);
#344 = EDGE_CURVE('',#296,#345,#347,.T.);
#345 = VERTEX_POINT('',#346);
#346 = CARTESIAN_POINT('',(-0.335,0.25,-2.775557561563E-17));
#347 = LINE('',#348,#349);
#348 = CARTESIAN_POINT('',(-0.5,0.25,0.));
#349 = VECTOR('',#350,1.);
#350 = DIRECTION('',(1.,0.,0.));
#351 = ORIENTED_EDGE('',*,*,#295,.F.);
#352 = ORIENTED_EDGE('',*,*,#189,.T.);
#353 = ORIENTED_EDGE('',*,*,#328,.T.);
#354 = ORIENTED_EDGE('',*,*,#355,.T.);
#355 = EDGE_CURVE('',#321,#356,#358,.T.);
#356 = VERTEX_POINT('',#357);
#357 = CARTESIAN_POINT('',(-0.335,0.25,0.35));
#358 = LINE('',#359,#360);
#359 = CARTESIAN_POINT('',(-0.5,0.25,0.35));
#360 = VECTOR('',#361,1.);
#361 = DIRECTION('',(1.,0.,0.));
#362 = ORIENTED_EDGE('',*,*,#363,.F.);
#363 = EDGE_CURVE('',#364,#356,#366,.T.);
#364 = VERTEX_POINT('',#365);
#365 = CARTESIAN_POINT('',(-0.3,0.25,0.315));
#366 = CIRCLE('',#367,3.5E-02);
#367 = AXIS2_PLACEMENT_3D('',#368,#369,#370);
#368 = CARTESIAN_POINT('',(-0.335,0.25,0.315));
#369 = DIRECTION('',(0.,-1.,0.));
#370 = DIRECTION('',(0.,0.,1.));
#371 = ORIENTED_EDGE('',*,*,#372,.F.);
#372 = EDGE_CURVE('',#373,#364,#375,.T.);
#373 = VERTEX_POINT('',#374);
#374 = CARTESIAN_POINT('',(-0.465,0.25,0.315));
#375 = LINE('',#376,#377);
#376 = CARTESIAN_POINT('',(-0.465,0.25,0.315));
#377 = VECTOR('',#378,1.);
#378 = DIRECTION('',(1.,0.,0.));
#379 = ORIENTED_EDGE('',*,*,#380,.F.);
#380 = EDGE_CURVE('',#381,#373,#383,.T.);
#381 = VERTEX_POINT('',#382);
#382 = CARTESIAN_POINT('',(-0.465,0.25,3.5E-02));
#383 = LINE('',#384,#385);
#384 = CARTESIAN_POINT('',(-0.465,0.25,3.5E-02));
#385 = VECTOR('',#386,1.);
#386 = DIRECTION('',(0.,0.,1.));
#387 = ORIENTED_EDGE('',*,*,#388,.T.);
#388 = EDGE_CURVE('',#381,#389,#391,.T.);
#389 = VERTEX_POINT('',#390);
#390 = CARTESIAN_POINT('',(-0.3,0.25,3.5E-02));
#391 = LINE('',#392,#393);
#392 = CARTESIAN_POINT('',(-0.465,0.25,3.5E-02));
#393 = VECTOR('',#394,1.);
#394 = DIRECTION('',(1.,0.,0.));
#395 = ORIENTED_EDGE('',*,*,#396,.T.);
#396 = EDGE_CURVE('',#389,#345,#397,.T.);
#397 = CIRCLE('',#398,3.5E-02);
#398 = AXIS2_PLACEMENT_3D('',#399,#400,#401);
#399 = CARTESIAN_POINT('',(-0.335,0.25,3.5E-02));
#400 = DIRECTION('',(0.,1.,0.));
#401 = DIRECTION('',(0.,-0.,1.));
#402 = PLANE('',#403);
#403 = AXIS2_PLACEMENT_3D('',#404,#405,#406);
#404 = CARTESIAN_POINT('',(-0.5,0.25,0.));
#405 = DIRECTION('',(0.,1.,0.));
#406 = DIRECTION('',(0.,-0.,1.));
#407 = ADVANCED_FACE('',(#408),#419,.F.);
#408 = FACE_BOUND('',#409,.F.);
#409 = EDGE_LOOP('',(#410,#411,#412,#413));
#410 = ORIENTED_EDGE('',*,*,#344,.F.);
#411 = ORIENTED_EDGE('',*,*,#304,.F.);
#412 = ORIENTED_EDGE('',*,*,#211,.T.);
#413 = ORIENTED_EDGE('',*,*,#414,.T.);
#414 = EDGE_CURVE('',#214,#345,#415,.T.);
#415 = LINE('',#416,#417);
#416 = CARTESIAN_POINT('',(-0.335,-0.25,-2.775557561563E-17));
#417 = VECTOR('',#418,1.);
#418 = DIRECTION('',(0.,1.,0.));
#419 = PLANE('',#420);
#420 = AXIS2_PLACEMENT_3D('',#421,#422,#423);
#421 = CARTESIAN_POINT('',(-0.5,-0.25,0.));
#422 = DIRECTION('',(0.,0.,1.));
#423 = DIRECTION('',(1.,0.,-0.));
#424 = ADVANCED_FACE('',(#425),#436,.T.);
#425 = FACE_BOUND('',#426,.T.);
#426 = EDGE_LOOP('',(#427,#428,#429,#430));
#427 = ORIENTED_EDGE('',*,*,#279,.T.);
#428 = ORIENTED_EDGE('',*,*,#414,.T.);
#429 = ORIENTED_EDGE('',*,*,#396,.F.);
#430 = ORIENTED_EDGE('',*,*,#431,.F.);
#431 = EDGE_CURVE('',#272,#389,#432,.T.);
#432 = LINE('',#433,#434);
#433 = CARTESIAN_POINT('',(-0.3,-0.25,3.5E-02));
#434 = VECTOR('',#435,1.);
#435 = DIRECTION('',(0.,1.,0.));
#436 = CYLINDRICAL_SURFACE('',#437,3.5E-02);
#437 = AXIS2_PLACEMENT_3D('',#438,#439,#440);
#438 = CARTESIAN_POINT('',(-0.335,-0.25,3.5E-02));
#439 = DIRECTION('',(0.,1.,0.));
#440 = DIRECTION('',(1.,0.,0.));
#441 = ADVANCED_FACE('',(#442),#485,.F.);
#442 = FACE_BOUND('',#443,.F.);
#443 = EDGE_LOOP('',(#444,#445,#446,#447,#455,#463,#471,#479));
#444 = ORIENTED_EDGE('',*,*,#271,.F.);
#445 = ORIENTED_EDGE('',*,*,#263,.T.);
#446 = ORIENTED_EDGE('',*,*,#255,.T.);
#447 = ORIENTED_EDGE('',*,*,#448,.T.);
#448 = EDGE_CURVE('',#247,#449,#451,.T.);
#449 = VERTEX_POINT('',#450);
#450 = CARTESIAN_POINT('',(0.3,-0.25,0.315));
#451 = LINE('',#452,#453);
#452 = CARTESIAN_POINT('',(-0.3,-0.25,0.315));
#453 = VECTOR('',#454,1.);
#454 = DIRECTION('',(1.,0.,0.));
#455 = ORIENTED_EDGE('',*,*,#456,.T.);
#456 = EDGE_CURVE('',#449,#457,#459,.T.);
#457 = VERTEX_POINT('',#458);
#458 = CARTESIAN_POINT('',(0.465,-0.25,0.315));
#459 = LINE('',#460,#461);
#460 = CARTESIAN_POINT('',(-0.465,-0.25,0.315));
#461 = VECTOR('',#462,1.);
#462 = DIRECTION('',(1.,0.,0.));
#463 = ORIENTED_EDGE('',*,*,#464,.F.);
#464 = EDGE_CURVE('',#465,#457,#467,.T.);
#465 = VERTEX_POINT('',#466);
#466 = CARTESIAN_POINT('',(0.465,-0.25,3.5E-02));
#467 = LINE('',#468,#469);
#468 = CARTESIAN_POINT('',(0.465,-0.25,3.5E-02));
#469 = VECTOR('',#470,1.);
#470 = DIRECTION('',(0.,0.,1.));
#471 = ORIENTED_EDGE('',*,*,#472,.F.);
#472 = EDGE_CURVE('',#473,#465,#475,.T.);
#473 = VERTEX_POINT('',#474);
#474 = CARTESIAN_POINT('',(0.3,-0.25,3.5E-02));
#475 = LINE('',#476,#477);
#476 = CARTESIAN_POINT('',(-0.465,-0.25,3.5E-02));
#477 = VECTOR('',#478,1.);
#478 = DIRECTION('',(1.,0.,0.));
#479 = ORIENTED_EDGE('',*,*,#480,.F.);
#480 = EDGE_CURVE('',#272,#473,#481,.T.);
#481 = LINE('',#482,#483);
#482 = CARTESIAN_POINT('',(-0.465,-0.25,3.5E-02));
#483 = VECTOR('',#484,1.);
#484 = DIRECTION('',(1.,0.,0.));
#485 = PLANE('',#486);
#486 = AXIS2_PLACEMENT_3D('',#487,#488,#489);
#487 = CARTESIAN_POINT('',(-0.465,-0.25,3.5E-02));
#488 = DIRECTION('',(0.,1.,0.));
#489 = DIRECTION('',(0.,-0.,1.));
#490 = ADVANCED_FACE('',(#491),#502,.T.);
#491 = FACE_BOUND('',#492,.T.);
#492 = EDGE_LOOP('',(#493,#494,#495,#496));
#493 = ORIENTED_EDGE('',*,*,#355,.F.);
#494 = ORIENTED_EDGE('',*,*,#320,.F.);
#495 = ORIENTED_EDGE('',*,*,#238,.T.);
#496 = ORIENTED_EDGE('',*,*,#497,.T.);
#497 = EDGE_CURVE('',#239,#356,#498,.T.);
#498 = LINE('',#499,#500);
#499 = CARTESIAN_POINT('',(-0.335,-0.25,0.35));
#500 = VECTOR('',#501,1.);
#501 = DIRECTION('',(0.,1.,0.));
#502 = PLANE('',#503);
#503 = AXIS2_PLACEMENT_3D('',#504,#505,#506);
#504 = CARTESIAN_POINT('',(-0.5,-0.25,0.35));
#505 = DIRECTION('',(0.,0.,1.));
#506 = DIRECTION('',(1.,0.,-0.));
#507 = ADVANCED_FACE('',(#508),#519,.T.);
#508 = FACE_BOUND('',#509,.T.);
#509 = EDGE_LOOP('',(#510,#516,#517,#518));
#510 = ORIENTED_EDGE('',*,*,#511,.T.);
#511 = EDGE_CURVE('',#247,#364,#512,.T.);
#512 = LINE('',#513,#514);
#513 = CARTESIAN_POINT('',(-0.3,-0.25,0.315));
#514 = VECTOR('',#515,1.);
#515 = DIRECTION('',(0.,1.,0.));
#516 = ORIENTED_EDGE('',*,*,#363,.T.);
#517 = ORIENTED_EDGE('',*,*,#497,.F.);
#518 = ORIENTED_EDGE('',*,*,#246,.F.);
#519 = CYLINDRICAL_SURFACE('',#520,3.5E-02);
#520 = AXIS2_PLACEMENT_3D('',#521,#522,#523);
#521 = CARTESIAN_POINT('',(-0.335,-0.25,0.315));
#522 = DIRECTION('',(0.,1.,0.));
#523 = DIRECTION('',(1.,0.,0.));
#524 = ADVANCED_FACE('',(#525),#568,.T.);
#525 = FACE_BOUND('',#526,.T.);
#526 = EDGE_LOOP('',(#527,#528,#529,#530,#538,#546,#554,#562));
#527 = ORIENTED_EDGE('',*,*,#388,.F.);
#528 = ORIENTED_EDGE('',*,*,#380,.T.);
#529 = ORIENTED_EDGE('',*,*,#372,.T.);
#530 = ORIENTED_EDGE('',*,*,#531,.T.);
#531 = EDGE_CURVE('',#364,#532,#534,.T.);
#532 = VERTEX_POINT('',#533);
#533 = CARTESIAN_POINT('',(0.3,0.25,0.315));
#534 = LINE('',#535,#536);
#535 = CARTESIAN_POINT('',(-0.3,0.25,0.315));
#536 = VECTOR('',#537,1.);
#537 = DIRECTION('',(1.,0.,0.));
#538 = ORIENTED_EDGE('',*,*,#539,.T.);
#539 = EDGE_CURVE('',#532,#540,#542,.T.);
#540 = VERTEX_POINT('',#541);
#541 = CARTESIAN_POINT('',(0.465,0.25,0.315));
#542 = LINE('',#543,#544);
#543 = CARTESIAN_POINT('',(-0.465,0.25,0.315));
#544 = VECTOR('',#545,1.);
#545 = DIRECTION('',(1.,0.,0.));
#546 = ORIENTED_EDGE('',*,*,#547,.F.);
#547 = EDGE_CURVE('',#548,#540,#550,.T.);
#548 = VERTEX_POINT('',#549);
#549 = CARTESIAN_POINT('',(0.465,0.25,3.5E-02));
#550 = LINE('',#551,#552);
#551 = CARTESIAN_POINT('',(0.465,0.25,3.5E-02));
#552 = VECTOR('',#553,1.);
#553 = DIRECTION('',(0.,0.,1.));
#554 = ORIENTED_EDGE('',*,*,#555,.F.);
#555 = EDGE_CURVE('',#556,#548,#558,.T.);
#556 = VERTEX_POINT('',#557);
#557 = CARTESIAN_POINT('',(0.3,0.25,3.5E-02));
#558 = LINE('',#559,#560);
#559 = CARTESIAN_POINT('',(-0.465,0.25,3.5E-02));
#560 = VECTOR('',#561,1.);
#561 = DIRECTION('',(1.,0.,0.));
#562 = ORIENTED_EDGE('',*,*,#563,.F.);
#563 = EDGE_CURVE('',#389,#556,#564,.T.);
#564 = LINE('',#565,#566);
#565 = CARTESIAN_POINT('',(-0.465,0.25,3.5E-02));
#566 = VECTOR('',#567,1.);
#567 = DIRECTION('',(1.,0.,0.));
#568 = PLANE('',#569);
#569 = AXIS2_PLACEMENT_3D('',#570,#571,#572);
#570 = CARTESIAN_POINT('',(-0.465,0.25,3.5E-02));
#571 = DIRECTION('',(0.,1.,0.));
#572 = DIRECTION('',(0.,-0.,1.));
#573 = ADVANCED_FACE('',(#574),#585,.F.);
#574 = FACE_BOUND('',#575,.F.);
#575 = EDGE_LOOP('',(#576,#577,#578,#584));
#576 = ORIENTED_EDGE('',*,*,#431,.F.);
#577 = ORIENTED_EDGE('',*,*,#480,.T.);
#578 = ORIENTED_EDGE('',*,*,#579,.T.);
#579 = EDGE_CURVE('',#473,#556,#580,.T.);
#580 = LINE('',#581,#582);
#581 = CARTESIAN_POINT('',(0.3,-0.25,3.5E-02));
#582 = VECTOR('',#583,1.);
#583 = DIRECTION('',(0.,1.,0.));
#584 = ORIENTED_EDGE('',*,*,#563,.F.);
#585 = PLANE('',#586);
#586 = AXIS2_PLACEMENT_3D('',#587,#588,#589);
#587 = CARTESIAN_POINT('',(-0.465,-0.25,3.5E-02));
#588 = DIRECTION('',(0.,0.,1.));
#589 = DIRECTION('',(1.,0.,-0.));
#590 = ADVANCED_FACE('',(#591),#654,.F.);
#591 = FACE_BOUND('',#592,.F.);
#592 = EDGE_LOOP('',(#593,#603,#610,#611,#612,#613,#622,#630,#639,#647)
  );
#593 = ORIENTED_EDGE('',*,*,#594,.F.);
#594 = EDGE_CURVE('',#595,#597,#599,.T.);
#595 = VERTEX_POINT('',#596);
#596 = CARTESIAN_POINT('',(0.335,-0.25,-2.775557561563E-17));
#597 = VERTEX_POINT('',#598);
#598 = CARTESIAN_POINT('',(0.465,-0.25,-2.775557561563E-17));
#599 = LINE('',#600,#601);
#600 = CARTESIAN_POINT('',(0.3,-0.25,0.));
#601 = VECTOR('',#602,1.);
#602 = DIRECTION('',(1.,0.,0.));
#603 = ORIENTED_EDGE('',*,*,#604,.F.);
#604 = EDGE_CURVE('',#473,#595,#605,.T.);
#605 = CIRCLE('',#606,3.5E-02);
#606 = AXIS2_PLACEMENT_3D('',#607,#608,#609);
#607 = CARTESIAN_POINT('',(0.335,-0.25,3.5E-02));
#608 = DIRECTION('',(0.,-1.,0.));
#609 = DIRECTION('',(0.,0.,1.));
#610 = ORIENTED_EDGE('',*,*,#472,.T.);
#611 = ORIENTED_EDGE('',*,*,#464,.T.);
#612 = ORIENTED_EDGE('',*,*,#456,.F.);
#613 = ORIENTED_EDGE('',*,*,#614,.T.);
#614 = EDGE_CURVE('',#449,#615,#617,.T.);
#615 = VERTEX_POINT('',#616);
#616 = CARTESIAN_POINT('',(0.335,-0.25,0.35));
#617 = CIRCLE('',#618,3.5E-02);
#618 = AXIS2_PLACEMENT_3D('',#619,#620,#621);
#619 = CARTESIAN_POINT('',(0.335,-0.25,0.315));
#620 = DIRECTION('',(0.,1.,0.));
#621 = DIRECTION('',(0.,-0.,1.));
#622 = ORIENTED_EDGE('',*,*,#623,.T.);
#623 = EDGE_CURVE('',#615,#624,#626,.T.);
#624 = VERTEX_POINT('',#625);
#625 = CARTESIAN_POINT('',(0.465,-0.25,0.35));
#626 = LINE('',#627,#628);
#627 = CARTESIAN_POINT('',(0.3,-0.25,0.35));
#628 = VECTOR('',#629,1.);
#629 = DIRECTION('',(1.,0.,0.));
#630 = ORIENTED_EDGE('',*,*,#631,.F.);
#631 = EDGE_CURVE('',#632,#624,#634,.T.);
#632 = VERTEX_POINT('',#633);
#633 = CARTESIAN_POINT('',(0.5,-0.25,0.315));
#634 = CIRCLE('',#635,3.5E-02);
#635 = AXIS2_PLACEMENT_3D('',#636,#637,#638);
#636 = CARTESIAN_POINT('',(0.465,-0.25,0.315));
#637 = DIRECTION('',(0.,-1.,0.));
#638 = DIRECTION('',(0.,0.,1.));
#639 = ORIENTED_EDGE('',*,*,#640,.F.);
#640 = EDGE_CURVE('',#641,#632,#643,.T.);
#641 = VERTEX_POINT('',#642);
#642 = CARTESIAN_POINT('',(0.5,-0.25,3.5E-02));
#643 = LINE('',#644,#645);
#644 = CARTESIAN_POINT('',(0.5,-0.25,0.));
#645 = VECTOR('',#646,1.);
#646 = DIRECTION('',(0.,0.,1.));
#647 = ORIENTED_EDGE('',*,*,#648,.T.);
#648 = EDGE_CURVE('',#641,#597,#649,.T.);
#649 = CIRCLE('',#650,3.5E-02);
#650 = AXIS2_PLACEMENT_3D('',#651,#652,#653);
#651 = CARTESIAN_POINT('',(0.465,-0.25,3.5E-02));
#652 = DIRECTION('',(0.,1.,0.));
#653 = DIRECTION('',(0.,-0.,1.));
#654 = PLANE('',#655);
#655 = AXIS2_PLACEMENT_3D('',#656,#657,#658);
#656 = CARTESIAN_POINT('',(0.3,-0.25,0.));
#657 = DIRECTION('',(0.,1.,0.));
#658 = DIRECTION('',(0.,-0.,1.));
#659 = ADVANCED_FACE('',(#660),#685,.F.);
#660 = FACE_BOUND('',#661,.F.);
#661 = EDGE_LOOP('',(#662,#663,#671,#679));
#662 = ORIENTED_EDGE('',*,*,#448,.F.);
#663 = ORIENTED_EDGE('',*,*,#664,.T.);
#664 = EDGE_CURVE('',#247,#665,#667,.T.);
#665 = VERTEX_POINT('',#666);
#666 = CARTESIAN_POINT('',(-0.3,-0.25,0.35));
#667 = LINE('',#668,#669);
#668 = CARTESIAN_POINT('',(-0.3,-0.25,0.315));
#669 = VECTOR('',#670,1.);
#670 = DIRECTION('',(0.,0.,1.));
#671 = ORIENTED_EDGE('',*,*,#672,.T.);
#672 = EDGE_CURVE('',#665,#673,#675,.T.);
#673 = VERTEX_POINT('',#674);
#674 = CARTESIAN_POINT('',(0.3,-0.25,0.35));
#675 = LINE('',#676,#677);
#676 = CARTESIAN_POINT('',(-0.3,-0.25,0.35));
#677 = VECTOR('',#678,1.);
#678 = DIRECTION('',(1.,0.,0.));
#679 = ORIENTED_EDGE('',*,*,#680,.F.);
#680 = EDGE_CURVE('',#449,#673,#681,.T.);
#681 = LINE('',#682,#683);
#682 = CARTESIAN_POINT('',(0.3,-0.25,0.315));
#683 = VECTOR('',#684,1.);
#684 = DIRECTION('',(0.,0.,1.));
#685 = PLANE('',#686);
#686 = AXIS2_PLACEMENT_3D('',#687,#688,#689);
#687 = CARTESIAN_POINT('',(-0.3,-0.25,0.315));
#688 = DIRECTION('',(0.,1.,0.));
#689 = DIRECTION('',(0.,-0.,1.));
#690 = ADVANCED_FACE('',(#691),#709,.F.);
#691 = FACE_BOUND('',#692,.F.);
#692 = EDGE_LOOP('',(#693,#694,#695,#703));
#693 = ORIENTED_EDGE('',*,*,#664,.F.);
#694 = ORIENTED_EDGE('',*,*,#511,.T.);
#695 = ORIENTED_EDGE('',*,*,#696,.T.);
#696 = EDGE_CURVE('',#364,#697,#699,.T.);
#697 = VERTEX_POINT('',#698);
#698 = CARTESIAN_POINT('',(-0.3,0.25,0.35));
#699 = LINE('',#700,#701);
#700 = CARTESIAN_POINT('',(-0.3,0.25,0.315));
#701 = VECTOR('',#702,1.);
#702 = DIRECTION('',(0.,0.,1.));
#703 = ORIENTED_EDGE('',*,*,#704,.F.);
#704 = EDGE_CURVE('',#665,#697,#705,.T.);
#705 = LINE('',#706,#707);
#706 = CARTESIAN_POINT('',(-0.3,-0.25,0.35));
#707 = VECTOR('',#708,1.);
#708 = DIRECTION('',(0.,1.,0.));
#709 = PLANE('',#710);
#710 = AXIS2_PLACEMENT_3D('',#711,#712,#713);
#711 = CARTESIAN_POINT('',(-0.3,-0.25,0.315));
#712 = DIRECTION('',(1.,0.,0.));
#713 = DIRECTION('',(0.,0.,1.));
#714 = ADVANCED_FACE('',(#715),#778,.T.);
#715 = FACE_BOUND('',#716,.T.);
#716 = EDGE_LOOP('',(#717,#727,#734,#735,#736,#737,#746,#754,#763,#771)
  );
#717 = ORIENTED_EDGE('',*,*,#718,.F.);
#718 = EDGE_CURVE('',#719,#721,#723,.T.);
#719 = VERTEX_POINT('',#720);
#720 = CARTESIAN_POINT('',(0.335,0.25,-2.775557561563E-17));
#721 = VERTEX_POINT('',#722);
#722 = CARTESIAN_POINT('',(0.465,0.25,-2.775557561563E-17));
#723 = LINE('',#724,#725);
#724 = CARTESIAN_POINT('',(0.3,0.25,0.));
#725 = VECTOR('',#726,1.);
#726 = DIRECTION('',(1.,0.,0.));
#727 = ORIENTED_EDGE('',*,*,#728,.F.);
#728 = EDGE_CURVE('',#556,#719,#729,.T.);
#729 = CIRCLE('',#730,3.5E-02);
#730 = AXIS2_PLACEMENT_3D('',#731,#732,#733);
#731 = CARTESIAN_POINT('',(0.335,0.25,3.5E-02));
#732 = DIRECTION('',(0.,-1.,0.));
#733 = DIRECTION('',(0.,0.,1.));
#734 = ORIENTED_EDGE('',*,*,#555,.T.);
#735 = ORIENTED_EDGE('',*,*,#547,.T.);
#736 = ORIENTED_EDGE('',*,*,#539,.F.);
#737 = ORIENTED_EDGE('',*,*,#738,.T.);
#738 = EDGE_CURVE('',#532,#739,#741,.T.);
#739 = VERTEX_POINT('',#740);
#740 = CARTESIAN_POINT('',(0.335,0.25,0.35));
#741 = CIRCLE('',#742,3.5E-02);
#742 = AXIS2_PLACEMENT_3D('',#743,#744,#745);
#743 = CARTESIAN_POINT('',(0.335,0.25,0.315));
#744 = DIRECTION('',(0.,1.,0.));
#745 = DIRECTION('',(0.,-0.,1.));
#746 = ORIENTED_EDGE('',*,*,#747,.T.);
#747 = EDGE_CURVE('',#739,#748,#750,.T.);
#748 = VERTEX_POINT('',#749);
#749 = CARTESIAN_POINT('',(0.465,0.25,0.35));
#750 = LINE('',#751,#752);
#751 = CARTESIAN_POINT('',(0.3,0.25,0.35));
#752 = VECTOR('',#753,1.);
#753 = DIRECTION('',(1.,0.,0.));
#754 = ORIENTED_EDGE('',*,*,#755,.F.);
#755 = EDGE_CURVE('',#756,#748,#758,.T.);
#756 = VERTEX_POINT('',#757);
#757 = CARTESIAN_POINT('',(0.5,0.25,0.315));
#758 = CIRCLE('',#759,3.5E-02);
#759 = AXIS2_PLACEMENT_3D('',#760,#761,#762);
#760 = CARTESIAN_POINT('',(0.465,0.25,0.315));
#761 = DIRECTION('',(0.,-1.,0.));
#762 = DIRECTION('',(0.,0.,1.));
#763 = ORIENTED_EDGE('',*,*,#764,.F.);
#764 = EDGE_CURVE('',#765,#756,#767,.T.);
#765 = VERTEX_POINT('',#766);
#766 = CARTESIAN_POINT('',(0.5,0.25,3.5E-02));
#767 = LINE('',#768,#769);
#768 = CARTESIAN_POINT('',(0.5,0.25,0.));
#769 = VECTOR('',#770,1.);
#770 = DIRECTION('',(0.,0.,1.));
#771 = ORIENTED_EDGE('',*,*,#772,.T.);
#772 = EDGE_CURVE('',#765,#721,#773,.T.);
#773 = CIRCLE('',#774,3.5E-02);
#774 = AXIS2_PLACEMENT_3D('',#775,#776,#777);
#775 = CARTESIAN_POINT('',(0.465,0.25,3.5E-02));
#776 = DIRECTION('',(0.,1.,0.));
#777 = DIRECTION('',(0.,-0.,1.));
#778 = PLANE('',#779);
#779 = AXIS2_PLACEMENT_3D('',#780,#781,#782);
#780 = CARTESIAN_POINT('',(0.3,0.25,0.));
#781 = DIRECTION('',(0.,1.,0.));
#782 = DIRECTION('',(0.,-0.,1.));
#783 = ADVANCED_FACE('',(#784),#802,.T.);
#784 = FACE_BOUND('',#785,.T.);
#785 = EDGE_LOOP('',(#786,#787,#788,#796));
#786 = ORIENTED_EDGE('',*,*,#531,.F.);
#787 = ORIENTED_EDGE('',*,*,#696,.T.);
#788 = ORIENTED_EDGE('',*,*,#789,.T.);
#789 = EDGE_CURVE('',#697,#790,#792,.T.);
#790 = VERTEX_POINT('',#791);
#791 = CARTESIAN_POINT('',(0.3,0.25,0.35));
#792 = LINE('',#793,#794);
#793 = CARTESIAN_POINT('',(-0.3,0.25,0.35));
#794 = VECTOR('',#795,1.);
#795 = DIRECTION('',(1.,0.,0.));
#796 = ORIENTED_EDGE('',*,*,#797,.F.);
#797 = EDGE_CURVE('',#532,#790,#798,.T.);
#798 = LINE('',#799,#800);
#799 = CARTESIAN_POINT('',(0.3,0.25,0.315));
#800 = VECTOR('',#801,1.);
#801 = DIRECTION('',(0.,0.,1.));
#802 = PLANE('',#803);
#803 = AXIS2_PLACEMENT_3D('',#804,#805,#806);
#804 = CARTESIAN_POINT('',(-0.3,0.25,0.315));
#805 = DIRECTION('',(0.,1.,0.));
#806 = DIRECTION('',(0.,-0.,1.));
#807 = ADVANCED_FACE('',(#808),#819,.T.);
#808 = FACE_BOUND('',#809,.T.);
#809 = EDGE_LOOP('',(#810,#811,#812,#818));
#810 = ORIENTED_EDGE('',*,*,#579,.T.);
#811 = ORIENTED_EDGE('',*,*,#728,.T.);
#812 = ORIENTED_EDGE('',*,*,#813,.F.);
#813 = EDGE_CURVE('',#595,#719,#814,.T.);
#814 = LINE('',#815,#816);
#815 = CARTESIAN_POINT('',(0.335,-0.25,-2.775557561563E-17));
#816 = VECTOR('',#817,1.);
#817 = DIRECTION('',(0.,1.,0.));
#818 = ORIENTED_EDGE('',*,*,#604,.F.);
#819 = CYLINDRICAL_SURFACE('',#820,3.5E-02);
#820 = AXIS2_PLACEMENT_3D('',#821,#822,#823);
#821 = CARTESIAN_POINT('',(0.335,-0.25,3.5E-02));
#822 = DIRECTION('',(0.,1.,0.));
#823 = DIRECTION('',(-1.,0.,0.));
#824 = ADVANCED_FACE('',(#825),#836,.F.);
#825 = FACE_BOUND('',#826,.F.);
#826 = EDGE_LOOP('',(#827,#828,#829,#830));
#827 = ORIENTED_EDGE('',*,*,#718,.F.);
#828 = ORIENTED_EDGE('',*,*,#813,.F.);
#829 = ORIENTED_EDGE('',*,*,#594,.T.);
#830 = ORIENTED_EDGE('',*,*,#831,.T.);
#831 = EDGE_CURVE('',#597,#721,#832,.T.);
#832 = LINE('',#833,#834);
#833 = CARTESIAN_POINT('',(0.465,-0.25,-2.775557561563E-17));
#834 = VECTOR('',#835,1.);
#835 = DIRECTION('',(0.,1.,0.));
#836 = PLANE('',#837);
#837 = AXIS2_PLACEMENT_3D('',#838,#839,#840);
#838 = CARTESIAN_POINT('',(0.3,-0.25,0.));
#839 = DIRECTION('',(0.,0.,1.));
#840 = DIRECTION('',(1.,0.,-0.));
#841 = ADVANCED_FACE('',(#842),#853,.T.);
#842 = FACE_BOUND('',#843,.T.);
#843 = EDGE_LOOP('',(#844,#845,#846,#847));
#844 = ORIENTED_EDGE('',*,*,#648,.T.);
#845 = ORIENTED_EDGE('',*,*,#831,.T.);
#846 = ORIENTED_EDGE('',*,*,#772,.F.);
#847 = ORIENTED_EDGE('',*,*,#848,.F.);
#848 = EDGE_CURVE('',#641,#765,#849,.T.);
#849 = LINE('',#850,#851);
#850 = CARTESIAN_POINT('',(0.5,-0.25,3.5E-02));
#851 = VECTOR('',#852,1.);
#852 = DIRECTION('',(0.,1.,0.));
#853 = CYLINDRICAL_SURFACE('',#854,3.5E-02);
#854 = AXIS2_PLACEMENT_3D('',#855,#856,#857);
#855 = CARTESIAN_POINT('',(0.465,-0.25,3.5E-02));
#856 = DIRECTION('',(0.,1.,0.));
#857 = DIRECTION('',(1.,0.,0.));
#858 = ADVANCED_FACE('',(#859),#870,.T.);
#859 = FACE_BOUND('',#860,.T.);
#860 = EDGE_LOOP('',(#861,#862,#863,#864));
#861 = ORIENTED_EDGE('',*,*,#640,.F.);
#862 = ORIENTED_EDGE('',*,*,#848,.T.);
#863 = ORIENTED_EDGE('',*,*,#764,.T.);
#864 = ORIENTED_EDGE('',*,*,#865,.F.);
#865 = EDGE_CURVE('',#632,#756,#866,.T.);
#866 = LINE('',#867,#868);
#867 = CARTESIAN_POINT('',(0.5,-0.25,0.315));
#868 = VECTOR('',#869,1.);
#869 = DIRECTION('',(0.,1.,0.));
#870 = PLANE('',#871);
#871 = AXIS2_PLACEMENT_3D('',#872,#873,#874);
#872 = CARTESIAN_POINT('',(0.5,-0.25,0.));
#873 = DIRECTION('',(1.,0.,0.));
#874 = DIRECTION('',(0.,0.,1.));
#875 = ADVANCED_FACE('',(#876),#887,.T.);
#876 = FACE_BOUND('',#877,.T.);
#877 = EDGE_LOOP('',(#878,#879,#880,#886));
#878 = ORIENTED_EDGE('',*,*,#865,.T.);
#879 = ORIENTED_EDGE('',*,*,#755,.T.);
#880 = ORIENTED_EDGE('',*,*,#881,.F.);
#881 = EDGE_CURVE('',#624,#748,#882,.T.);
#882 = LINE('',#883,#884);
#883 = CARTESIAN_POINT('',(0.465,-0.25,0.35));
#884 = VECTOR('',#885,1.);
#885 = DIRECTION('',(0.,1.,0.));
#886 = ORIENTED_EDGE('',*,*,#631,.F.);
#887 = CYLINDRICAL_SURFACE('',#888,3.5E-02);
#888 = AXIS2_PLACEMENT_3D('',#889,#890,#891);
#889 = CARTESIAN_POINT('',(0.465,-0.25,0.315));
#890 = DIRECTION('',(0.,1.,0.));
#891 = DIRECTION('',(1.,0.,0.));
#892 = ADVANCED_FACE('',(#893),#904,.T.);
#893 = FACE_BOUND('',#894,.T.);
#894 = EDGE_LOOP('',(#895,#896,#902,#903));
#895 = ORIENTED_EDGE('',*,*,#747,.F.);
#896 = ORIENTED_EDGE('',*,*,#897,.F.);
#897 = EDGE_CURVE('',#615,#739,#898,.T.);
#898 = LINE('',#899,#900);
#899 = CARTESIAN_POINT('',(0.335,-0.25,0.35));
#900 = VECTOR('',#901,1.);
#901 = DIRECTION('',(0.,1.,0.));
#902 = ORIENTED_EDGE('',*,*,#623,.T.);
#903 = ORIENTED_EDGE('',*,*,#881,.T.);
#904 = PLANE('',#905);
#905 = AXIS2_PLACEMENT_3D('',#906,#907,#908);
#906 = CARTESIAN_POINT('',(0.3,-0.25,0.35));
#907 = DIRECTION('',(0.,0.,1.));
#908 = DIRECTION('',(1.,0.,-0.));
#909 = ADVANCED_FACE('',(#910),#921,.T.);
#910 = FACE_BOUND('',#911,.T.);
#911 = EDGE_LOOP('',(#912,#913,#914,#915));
#912 = ORIENTED_EDGE('',*,*,#614,.T.);
#913 = ORIENTED_EDGE('',*,*,#897,.T.);
#914 = ORIENTED_EDGE('',*,*,#738,.F.);
#915 = ORIENTED_EDGE('',*,*,#916,.F.);
#916 = EDGE_CURVE('',#449,#532,#917,.T.);
#917 = LINE('',#918,#919);
#918 = CARTESIAN_POINT('',(0.3,-0.25,0.315));
#919 = VECTOR('',#920,1.);
#920 = DIRECTION('',(0.,1.,0.));
#921 = CYLINDRICAL_SURFACE('',#922,3.5E-02);
#922 = AXIS2_PLACEMENT_3D('',#923,#924,#925);
#923 = CARTESIAN_POINT('',(0.335,-0.25,0.315));
#924 = DIRECTION('',(0.,1.,0.));
#925 = DIRECTION('',(-1.,0.,0.));
#926 = ADVANCED_FACE('',(#927),#938,.T.);
#927 = FACE_BOUND('',#928,.T.);
#928 = EDGE_LOOP('',(#929,#930,#931,#932));
#929 = ORIENTED_EDGE('',*,*,#680,.F.);
#930 = ORIENTED_EDGE('',*,*,#916,.T.);
#931 = ORIENTED_EDGE('',*,*,#797,.T.);
#932 = ORIENTED_EDGE('',*,*,#933,.F.);
#933 = EDGE_CURVE('',#673,#790,#934,.T.);
#934 = LINE('',#935,#936);
#935 = CARTESIAN_POINT('',(0.3,-0.25,0.35));
#936 = VECTOR('',#937,1.);
#937 = DIRECTION('',(0.,1.,0.));
#938 = PLANE('',#939);
#939 = AXIS2_PLACEMENT_3D('',#940,#941,#942);
#940 = CARTESIAN_POINT('',(0.3,-0.25,0.315));
#941 = DIRECTION('',(1.,0.,0.));
#942 = DIRECTION('',(0.,0.,1.));
#943 = ADVANCED_FACE('',(#944),#950,.T.);
#944 = FACE_BOUND('',#945,.T.);
#945 = EDGE_LOOP('',(#946,#947,#948,#949));
#946 = ORIENTED_EDGE('',*,*,#704,.F.);
#947 = ORIENTED_EDGE('',*,*,#672,.T.);
#948 = ORIENTED_EDGE('',*,*,#933,.T.);
#949 = ORIENTED_EDGE('',*,*,#789,.F.);
#950 = PLANE('',#951);
#951 = AXIS2_PLACEMENT_3D('',#952,#953,#954);
#952 = CARTESIAN_POINT('',(-0.3,-0.25,0.35));
#953 = DIRECTION('',(0.,0.,1.));
#954 = DIRECTION('',(1.,0.,-0.));
#955 = ( GEOMETRIC_REPRESENTATION_CONTEXT(3) 
GLOBAL_UNCERTAINTY_ASSIGNED_CONTEXT((#959)) GLOBAL_UNIT_ASSIGNED_CONTEXT
((#956,#957,#958)) REPRESENTATION_CONTEXT('Context #1',
  '3D Context with UNIT and UNCERTAINTY') );
#956 = ( LENGTH_UNIT() NAMED_UNIT(*) SI_UNIT(.MILLI.,.METRE.) );
#957 = ( NAMED_UNIT(*) PLANE_ANGLE_UNIT() SI_UNIT($,.RADIAN.) );
#958 = ( NAMED_UNIT(*) SI_UNIT($,.STERADIAN.) SOLID_ANGLE_UNIT() );
#959 = UNCERTAINTY_MEASURE_WITH_UNIT(LENGTH_MEASURE(1.E-07),#956,
  'distance_accuracy_value','confusion accuracy');
#960 = CONTEXT_DEPENDENT_SHAPE_REPRESENTATION(#961,#963);
#961 = ( REPRESENTATION_RELATIONSHIP('','',#164,#10) 
REPRESENTATION_RELATIONSHIP_WITH_TRANSFORMATION(#962) 
SHAPE_REPRESENTATION_RELATIONSHIP() );
#962 = ITEM_DEFINED_TRANSFORMATION('','',#11,#15);
#963 = PRODUCT_DEFINITION_SHAPE('Placement','Placement of an item',#964
  );
#964 = NEXT_ASSEMBLY_USAGE_OCCURRENCE('46','R7','',#5,#159,$);
#965 = PRODUCT_RELATED_PRODUCT_CATEGORY('part',$,(#161));
#966 = CONTEXT_DEPENDENT_SHAPE_REPRESENTATION(#967,#969);
#967 = ( REPRESENTATION_RELATIONSHIP('','',#164,#10) 
REPRESENTATION_RELATIONSHIP_WITH_TRANSFORMATION(#968) 
SHAPE_REPRESENTATION_RELATIONSHIP() );
#968 = ITEM_DEFINED_TRANSFORMATION('','',#11,#19);
#969 = PRODUCT_DEFINITION_SHAPE('Placement','Placement of an item',#970
  );
#970 = NEXT_ASSEMBLY_USAGE_OCCURRENCE('47','R5','',#5,#159,$);
#971 = SHAPE_DEFINITION_REPRESENTATION(#972,#978);
#972 = PRODUCT_DEFINITION_SHAPE('','',#973);
#973 = PRODUCT_DEFINITION('design','',#974,#977);
#974 = PRODUCT_DEFINITION_FORMATION('','',#975);
#975 = PRODUCT('PinHeader_1x01_P1.27mm_Vertical',
  'PinHeader_1x01_P1.27mm_Vertical','',(#976));
#976 = PRODUCT_CONTEXT('',#2,'mechanical');
#977 = PRODUCT_DEFINITION_CONTEXT('part definition',#2,'design');
#978 = ADVANCED_BREP_SHAPE_REPRESENTATION('',(#11,#979),#1737);
#979 = MANIFOLD_SOLID_BREP('',#980);
#980 = CLOSED_SHELL('',(#981,#1021,#1052,#1083,#1166,#1249,#1266,#1283,
    #1300,#1317,#1329,#1360,#1384,#1408,#1425,#1456,#1480,#1504,#1521,
    #1552,#1576,#1600,#1617,#1648,#1672,#1696,#1713,#1725));
#981 = ADVANCED_FACE('',(#982),#1016,.F.);
#982 = FACE_BOUND('',#983,.F.);
#983 = EDGE_LOOP('',(#984,#994,#1002,#1010));
#984 = ORIENTED_EDGE('',*,*,#985,.T.);
#985 = EDGE_CURVE('',#986,#988,#990,.T.);
#986 = VERTEX_POINT('',#987);
#987 = CARTESIAN_POINT('',(-0.923,0.635,0.));
#988 = VERTEX_POINT('',#989);
#989 = CARTESIAN_POINT('',(-0.923,0.635,1.));
#990 = LINE('',#991,#992);
#991 = CARTESIAN_POINT('',(-0.923,0.635,0.));
#992 = VECTOR('',#993,1.);
#993 = DIRECTION('',(0.,0.,1.));
#994 = ORIENTED_EDGE('',*,*,#995,.T.);
#995 = EDGE_CURVE('',#988,#996,#998,.T.);
#996 = VERTEX_POINT('',#997);
#997 = CARTESIAN_POINT('',(-1.05,0.508,1.));
#998 = LINE('',#999,#1000);
#999 = CARTESIAN_POINT('',(-0.923,0.635,1.));
#1000 = VECTOR('',#1001,1.);
#1001 = DIRECTION('',(-0.707106781187,-0.707106781187,0.));
#1002 = ORIENTED_EDGE('',*,*,#1003,.F.);
#1003 = EDGE_CURVE('',#1004,#996,#1006,.T.);
#1004 = VERTEX_POINT('',#1005);
#1005 = CARTESIAN_POINT('',(-1.05,0.508,0.));
#1006 = LINE('',#1007,#1008);
#1007 = CARTESIAN_POINT('',(-1.05,0.508,0.));
#1008 = VECTOR('',#1009,1.);
#1009 = DIRECTION('',(0.,0.,1.));
#1010 = ORIENTED_EDGE('',*,*,#1011,.F.);
#1011 = EDGE_CURVE('',#986,#1004,#1012,.T.);
#1012 = LINE('',#1013,#1014);
#1013 = CARTESIAN_POINT('',(-0.923,0.635,0.));
#1014 = VECTOR('',#1015,1.);
#1015 = DIRECTION('',(-0.707106781187,-0.707106781187,0.));
#1016 = PLANE('',#1017);
#1017 = AXIS2_PLACEMENT_3D('',#1018,#1019,#1020);
#1018 = CARTESIAN_POINT('',(-0.923,0.635,0.));
#1019 = DIRECTION('',(0.707106781187,-0.707106781187,0.));
#1020 = DIRECTION('',(-0.707106781187,-0.707106781187,0.));
#1021 = ADVANCED_FACE('',(#1022),#1047,.F.);
#1022 = FACE_BOUND('',#1023,.F.);
#1023 = EDGE_LOOP('',(#1024,#1034,#1040,#1041));
#1024 = ORIENTED_EDGE('',*,*,#1025,.T.);
#1025 = EDGE_CURVE('',#1026,#1028,#1030,.T.);
#1026 = VERTEX_POINT('',#1027);
#1027 = CARTESIAN_POINT('',(0.923,0.635,0.));
#1028 = VERTEX_POINT('',#1029);
#1029 = CARTESIAN_POINT('',(0.923,0.635,1.));
#1030 = LINE('',#1031,#1032);
#1031 = CARTESIAN_POINT('',(0.923,0.635,0.));
#1032 = VECTOR('',#1033,1.);
#1033 = DIRECTION('',(0.,0.,1.));
#1034 = ORIENTED_EDGE('',*,*,#1035,.T.);
#1035 = EDGE_CURVE('',#1028,#988,#1036,.T.);
#1036 = LINE('',#1037,#1038);
#1037 = CARTESIAN_POINT('',(0.923,0.635,1.));
#1038 = VECTOR('',#1039,1.);
#1039 = DIRECTION('',(-1.,0.,0.));
#1040 = ORIENTED_EDGE('',*,*,#985,.F.);
#1041 = ORIENTED_EDGE('',*,*,#1042,.F.);
#1042 = EDGE_CURVE('',#1026,#986,#1043,.T.);
#1043 = LINE('',#1044,#1045);
#1044 = CARTESIAN_POINT('',(0.923,0.635,0.));
#1045 = VECTOR('',#1046,1.);
#1046 = DIRECTION('',(-1.,0.,0.));
#1047 = PLANE('',#1048);
#1048 = AXIS2_PLACEMENT_3D('',#1049,#1050,#1051);
#1049 = CARTESIAN_POINT('',(0.923,0.635,0.));
#1050 = DIRECTION('',(0.,-1.,0.));
#1051 = DIRECTION('',(-1.,0.,0.));
#1052 = ADVANCED_FACE('',(#1053),#1078,.F.);
#1053 = FACE_BOUND('',#1054,.F.);
#1054 = EDGE_LOOP('',(#1055,#1056,#1064,#1072));
#1055 = ORIENTED_EDGE('',*,*,#1003,.T.);
#1056 = ORIENTED_EDGE('',*,*,#1057,.T.);
#1057 = EDGE_CURVE('',#996,#1058,#1060,.T.);
#1058 = VERTEX_POINT('',#1059);
#1059 = CARTESIAN_POINT('',(-1.05,-0.508,1.));
#1060 = LINE('',#1061,#1062);
#1061 = CARTESIAN_POINT('',(-1.05,0.508,1.));
#1062 = VECTOR('',#1063,1.);
#1063 = DIRECTION('',(0.,-1.,0.));
#1064 = ORIENTED_EDGE('',*,*,#1065,.F.);
#1065 = EDGE_CURVE('',#1066,#1058,#1068,.T.);
#1066 = VERTEX_POINT('',#1067);
#1067 = CARTESIAN_POINT('',(-1.05,-0.508,0.));
#1068 = LINE('',#1069,#1070);
#1069 = CARTESIAN_POINT('',(-1.05,-0.508,0.));
#1070 = VECTOR('',#1071,1.);
#1071 = DIRECTION('',(0.,0.,1.));
#1072 = ORIENTED_EDGE('',*,*,#1073,.F.);
#1073 = EDGE_CURVE('',#1004,#1066,#1074,.T.);
#1074 = LINE('',#1075,#1076);
#1075 = CARTESIAN_POINT('',(-1.05,0.508,0.));
#1076 = VECTOR('',#1077,1.);
#1077 = DIRECTION('',(0.,-1.,0.));
#1078 = PLANE('',#1079);
#1079 = AXIS2_PLACEMENT_3D('',#1080,#1081,#1082);
#1080 = CARTESIAN_POINT('',(-1.05,0.508,0.));
#1081 = DIRECTION('',(1.,0.,0.));
#1082 = DIRECTION('',(0.,-1.,0.));
#1083 = ADVANCED_FACE('',(#1084,#1127),#1161,.F.);
#1084 = FACE_BOUND('',#1085,.F.);
#1085 = EDGE_LOOP('',(#1086,#1087,#1088,#1096,#1104,#1112,#1120,#1126));
#1086 = ORIENTED_EDGE('',*,*,#1011,.T.);
#1087 = ORIENTED_EDGE('',*,*,#1073,.T.);
#1088 = ORIENTED_EDGE('',*,*,#1089,.T.);
#1089 = EDGE_CURVE('',#1066,#1090,#1092,.T.);
#1090 = VERTEX_POINT('',#1091);
#1091 = CARTESIAN_POINT('',(-0.923,-0.635,0.));
#1092 = LINE('',#1093,#1094);
#1093 = CARTESIAN_POINT('',(-1.05,-0.508,0.));
#1094 = VECTOR('',#1095,1.);
#1095 = DIRECTION('',(0.707106781187,-0.707106781187,0.));
#1096 = ORIENTED_EDGE('',*,*,#1097,.T.);
#1097 = EDGE_CURVE('',#1090,#1098,#1100,.T.);
#1098 = VERTEX_POINT('',#1099);
#1099 = CARTESIAN_POINT('',(0.923,-0.635,0.));
#1100 = LINE('',#1101,#1102);
#1101 = CARTESIAN_POINT('',(-0.923,-0.635,0.));
#1102 = VECTOR('',#1103,1.);
#1103 = DIRECTION('',(1.,0.,0.));
#1104 = ORIENTED_EDGE('',*,*,#1105,.T.);
#1105 = EDGE_CURVE('',#1098,#1106,#1108,.T.);
#1106 = VERTEX_POINT('',#1107);
#1107 = CARTESIAN_POINT('',(1.05,-0.508,0.));
#1108 = LINE('',#1109,#1110);
#1109 = CARTESIAN_POINT('',(0.923,-0.635,0.));
#1110 = VECTOR('',#1111,1.);
#1111 = DIRECTION('',(0.707106781187,0.707106781187,0.));
#1112 = ORIENTED_EDGE('',*,*,#1113,.T.);
#1113 = EDGE_CURVE('',#1106,#1114,#1116,.T.);
#1114 = VERTEX_POINT('',#1115);
#1115 = CARTESIAN_POINT('',(1.05,0.508,0.));
#1116 = LINE('',#1117,#1118);
#1117 = CARTESIAN_POINT('',(1.05,-0.508,0.));
#1118 = VECTOR('',#1119,1.);
#1119 = DIRECTION('',(0.,1.,0.));
#1120 = ORIENTED_EDGE('',*,*,#1121,.T.);
#1121 = EDGE_CURVE('',#1114,#1026,#1122,.T.);
#1122 = LINE('',#1123,#1124);
#1123 = CARTESIAN_POINT('',(1.05,0.508,0.));
#1124 = VECTOR('',#1125,1.);
#1125 = DIRECTION('',(-0.707106781187,0.707106781187,0.));
#1126 = ORIENTED_EDGE('',*,*,#1042,.T.);
#1127 = FACE_BOUND('',#1128,.F.);
#1128 = EDGE_LOOP('',(#1129,#1139,#1147,#1155));
#1129 = ORIENTED_EDGE('',*,*,#1130,.T.);
#1130 = EDGE_CURVE('',#1131,#1133,#1135,.T.);
#1131 = VERTEX_POINT('',#1132);
#1132 = CARTESIAN_POINT('',(0.2,-0.2,0.));
#1133 = VERTEX_POINT('',#1134);
#1134 = CARTESIAN_POINT('',(-0.2,-0.2,0.));
#1135 = LINE('',#1136,#1137);
#1136 = CARTESIAN_POINT('',(-0.1,-0.2,0.));
#1137 = VECTOR('',#1138,1.);
#1138 = DIRECTION('',(-1.,0.,0.));
#1139 = ORIENTED_EDGE('',*,*,#1140,.T.);
#1140 = EDGE_CURVE('',#1133,#1141,#1143,.T.);
#1141 = VERTEX_POINT('',#1142);
#1142 = CARTESIAN_POINT('',(-0.2,0.2,0.));
#1143 = LINE('',#1144,#1145);
#1144 = CARTESIAN_POINT('',(-0.2,-0.1,0.));
#1145 = VECTOR('',#1146,1.);
#1146 = DIRECTION('',(0.,1.,0.));
#1147 = ORIENTED_EDGE('',*,*,#1148,.F.);
#1148 = EDGE_CURVE('',#1149,#1141,#1151,.T.);
#1149 = VERTEX_POINT('',#1150);
#1150 = CARTESIAN_POINT('',(0.2,0.2,0.));
#1151 = LINE('',#1152,#1153);
#1152 = CARTESIAN_POINT('',(-0.1,0.2,0.));
#1153 = VECTOR('',#1154,1.);
#1154 = DIRECTION('',(-1.,0.,0.));
#1155 = ORIENTED_EDGE('',*,*,#1156,.F.);
#1156 = EDGE_CURVE('',#1131,#1149,#1157,.T.);
#1157 = LINE('',#1158,#1159);
#1158 = CARTESIAN_POINT('',(0.2,-0.1,0.));
#1159 = VECTOR('',#1160,1.);
#1160 = DIRECTION('',(0.,1.,0.));
#1161 = PLANE('',#1162);
#1162 = AXIS2_PLACEMENT_3D('',#1163,#1164,#1165);
#1163 = CARTESIAN_POINT('',(1.72330108909E-17,0.,0.));
#1164 = DIRECTION('',(0.,0.,1.));
#1165 = DIRECTION('',(1.,0.,-0.));
#1166 = ADVANCED_FACE('',(#1167,#1210),#1244,.T.);
#1167 = FACE_BOUND('',#1168,.T.);
#1168 = EDGE_LOOP('',(#1169,#1170,#1171,#1179,#1187,#1195,#1203,#1209));
#1169 = ORIENTED_EDGE('',*,*,#995,.T.);
#1170 = ORIENTED_EDGE('',*,*,#1057,.T.);
#1171 = ORIENTED_EDGE('',*,*,#1172,.T.);
#1172 = EDGE_CURVE('',#1058,#1173,#1175,.T.);
#1173 = VERTEX_POINT('',#1174);
#1174 = CARTESIAN_POINT('',(-0.923,-0.635,1.));
#1175 = LINE('',#1176,#1177);
#1176 = CARTESIAN_POINT('',(-1.05,-0.508,1.));
#1177 = VECTOR('',#1178,1.);
#1178 = DIRECTION('',(0.707106781187,-0.707106781187,0.));
#1179 = ORIENTED_EDGE('',*,*,#1180,.T.);
#1180 = EDGE_CURVE('',#1173,#1181,#1183,.T.);
#1181 = VERTEX_POINT('',#1182);
#1182 = CARTESIAN_POINT('',(0.923,-0.635,1.));
#1183 = LINE('',#1184,#1185);
#1184 = CARTESIAN_POINT('',(-0.923,-0.635,1.));
#1185 = VECTOR('',#1186,1.);
#1186 = DIRECTION('',(1.,0.,0.));
#1187 = ORIENTED_EDGE('',*,*,#1188,.T.);
#1188 = EDGE_CURVE('',#1181,#1189,#1191,.T.);
#1189 = VERTEX_POINT('',#1190);
#1190 = CARTESIAN_POINT('',(1.05,-0.508,1.));
#1191 = LINE('',#1192,#1193);
#1192 = CARTESIAN_POINT('',(0.923,-0.635,1.));
#1193 = VECTOR('',#1194,1.);
#1194 = DIRECTION('',(0.707106781187,0.707106781187,0.));
#1195 = ORIENTED_EDGE('',*,*,#1196,.T.);
#1196 = EDGE_CURVE('',#1189,#1197,#1199,.T.);
#1197 = VERTEX_POINT('',#1198);
#1198 = CARTESIAN_POINT('',(1.05,0.508,1.));
#1199 = LINE('',#1200,#1201);
#1200 = CARTESIAN_POINT('',(1.05,-0.508,1.));
#1201 = VECTOR('',#1202,1.);
#1202 = DIRECTION('',(0.,1.,0.));
#1203 = ORIENTED_EDGE('',*,*,#1204,.T.);
#1204 = EDGE_CURVE('',#1197,#1028,#1205,.T.);
#1205 = LINE('',#1206,#1207);
#1206 = CARTESIAN_POINT('',(1.05,0.508,1.));
#1207 = VECTOR('',#1208,1.);
#1208 = DIRECTION('',(-0.707106781187,0.707106781187,0.));
#1209 = ORIENTED_EDGE('',*,*,#1035,.T.);
#1210 = FACE_BOUND('',#1211,.T.);
#1211 = EDGE_LOOP('',(#1212,#1222,#1230,#1238));
#1212 = ORIENTED_EDGE('',*,*,#1213,.T.);
#1213 = EDGE_CURVE('',#1214,#1216,#1218,.T.);
#1214 = VERTEX_POINT('',#1215);
#1215 = CARTESIAN_POINT('',(0.2,-0.2,1.));
#1216 = VERTEX_POINT('',#1217);
#1217 = CARTESIAN_POINT('',(-0.2,-0.2,1.));
#1218 = LINE('',#1219,#1220);
#1219 = CARTESIAN_POINT('',(-0.1,-0.2,1.));
#1220 = VECTOR('',#1221,1.);
#1221 = DIRECTION('',(-1.,0.,0.));
#1222 = ORIENTED_EDGE('',*,*,#1223,.T.);
#1223 = EDGE_CURVE('',#1216,#1224,#1226,.T.);
#1224 = VERTEX_POINT('',#1225);
#1225 = CARTESIAN_POINT('',(-0.2,0.2,1.));
#1226 = LINE('',#1227,#1228);
#1227 = CARTESIAN_POINT('',(-0.2,-0.1,1.));
#1228 = VECTOR('',#1229,1.);
#1229 = DIRECTION('',(0.,1.,0.));
#1230 = ORIENTED_EDGE('',*,*,#1231,.F.);
#1231 = EDGE_CURVE('',#1232,#1224,#1234,.T.);
#1232 = VERTEX_POINT('',#1233);
#1233 = CARTESIAN_POINT('',(0.2,0.2,1.));
#1234 = LINE('',#1235,#1236);
#1235 = CARTESIAN_POINT('',(-0.1,0.2,1.));
#1236 = VECTOR('',#1237,1.);
#1237 = DIRECTION('',(-1.,0.,0.));
#1238 = ORIENTED_EDGE('',*,*,#1239,.F.);
#1239 = EDGE_CURVE('',#1214,#1232,#1240,.T.);
#1240 = LINE('',#1241,#1242);
#1241 = CARTESIAN_POINT('',(0.2,-0.1,1.));
#1242 = VECTOR('',#1243,1.);
#1243 = DIRECTION('',(0.,1.,0.));
#1244 = PLANE('',#1245);
#1245 = AXIS2_PLACEMENT_3D('',#1246,#1247,#1248);
#1246 = CARTESIAN_POINT('',(1.72330108909E-17,0.,1.));
#1247 = DIRECTION('',(0.,0.,1.));
#1248 = DIRECTION('',(1.,0.,-0.));
#1249 = ADVANCED_FACE('',(#1250),#1261,.F.);
#1250 = FACE_BOUND('',#1251,.F.);
#1251 = EDGE_LOOP('',(#1252,#1258,#1259,#1260));
#1252 = ORIENTED_EDGE('',*,*,#1253,.T.);
#1253 = EDGE_CURVE('',#1114,#1197,#1254,.T.);
#1254 = LINE('',#1255,#1256);
#1255 = CARTESIAN_POINT('',(1.05,0.508,0.));
#1256 = VECTOR('',#1257,1.);
#1257 = DIRECTION('',(0.,0.,1.));
#1258 = ORIENTED_EDGE('',*,*,#1204,.T.);
#1259 = ORIENTED_EDGE('',*,*,#1025,.F.);
#1260 = ORIENTED_EDGE('',*,*,#1121,.F.);
#1261 = PLANE('',#1262);
#1262 = AXIS2_PLACEMENT_3D('',#1263,#1264,#1265);
#1263 = CARTESIAN_POINT('',(1.05,0.508,0.));
#1264 = DIRECTION('',(-0.707106781187,-0.707106781187,0.));
#1265 = DIRECTION('',(-0.707106781187,0.707106781187,0.));
#1266 = ADVANCED_FACE('',(#1267),#1278,.F.);
#1267 = FACE_BOUND('',#1268,.F.);
#1268 = EDGE_LOOP('',(#1269,#1270,#1271,#1277));
#1269 = ORIENTED_EDGE('',*,*,#1065,.T.);
#1270 = ORIENTED_EDGE('',*,*,#1172,.T.);
#1271 = ORIENTED_EDGE('',*,*,#1272,.F.);
#1272 = EDGE_CURVE('',#1090,#1173,#1273,.T.);
#1273 = LINE('',#1274,#1275);
#1274 = CARTESIAN_POINT('',(-0.923,-0.635,0.));
#1275 = VECTOR('',#1276,1.);
#1276 = DIRECTION('',(0.,0.,1.));
#1277 = ORIENTED_EDGE('',*,*,#1089,.F.);
#1278 = PLANE('',#1279);
#1279 = AXIS2_PLACEMENT_3D('',#1280,#1281,#1282);
#1280 = CARTESIAN_POINT('',(-1.05,-0.508,0.));
#1281 = DIRECTION('',(0.707106781187,0.707106781187,0.));
#1282 = DIRECTION('',(0.707106781187,-0.707106781187,0.));
#1283 = ADVANCED_FACE('',(#1284),#1295,.F.);
#1284 = FACE_BOUND('',#1285,.F.);
#1285 = EDGE_LOOP('',(#1286,#1292,#1293,#1294));
#1286 = ORIENTED_EDGE('',*,*,#1287,.T.);
#1287 = EDGE_CURVE('',#1106,#1189,#1288,.T.);
#1288 = LINE('',#1289,#1290);
#1289 = CARTESIAN_POINT('',(1.05,-0.508,0.));
#1290 = VECTOR('',#1291,1.);
#1291 = DIRECTION('',(0.,0.,1.));
#1292 = ORIENTED_EDGE('',*,*,#1196,.T.);
#1293 = ORIENTED_EDGE('',*,*,#1253,.F.);
#1294 = ORIENTED_EDGE('',*,*,#1113,.F.);
#1295 = PLANE('',#1296);
#1296 = AXIS2_PLACEMENT_3D('',#1297,#1298,#1299);
#1297 = CARTESIAN_POINT('',(1.05,-0.508,0.));
#1298 = DIRECTION('',(-1.,0.,0.));
#1299 = DIRECTION('',(0.,1.,0.));
#1300 = ADVANCED_FACE('',(#1301),#1312,.F.);
#1301 = FACE_BOUND('',#1302,.F.);
#1302 = EDGE_LOOP('',(#1303,#1304,#1305,#1311));
#1303 = ORIENTED_EDGE('',*,*,#1272,.T.);
#1304 = ORIENTED_EDGE('',*,*,#1180,.T.);
#1305 = ORIENTED_EDGE('',*,*,#1306,.F.);
#1306 = EDGE_CURVE('',#1098,#1181,#1307,.T.);
#1307 = LINE('',#1308,#1309);
#1308 = CARTESIAN_POINT('',(0.923,-0.635,0.));
#1309 = VECTOR('',#1310,1.);
#1310 = DIRECTION('',(0.,0.,1.));
#1311 = ORIENTED_EDGE('',*,*,#1097,.F.);
#1312 = PLANE('',#1313);
#1313 = AXIS2_PLACEMENT_3D('',#1314,#1315,#1316);
#1314 = CARTESIAN_POINT('',(-0.923,-0.635,0.));
#1315 = DIRECTION('',(0.,1.,0.));
#1316 = DIRECTION('',(1.,0.,0.));
#1317 = ADVANCED_FACE('',(#1318),#1324,.F.);
#1318 = FACE_BOUND('',#1319,.F.);
#1319 = EDGE_LOOP('',(#1320,#1321,#1322,#1323));
#1320 = ORIENTED_EDGE('',*,*,#1306,.T.);
#1321 = ORIENTED_EDGE('',*,*,#1188,.T.);
#1322 = ORIENTED_EDGE('',*,*,#1287,.F.);
#1323 = ORIENTED_EDGE('',*,*,#1105,.F.);
#1324 = PLANE('',#1325);
#1325 = AXIS2_PLACEMENT_3D('',#1326,#1327,#1328);
#1326 = CARTESIAN_POINT('',(0.923,-0.635,0.));
#1327 = DIRECTION('',(-0.707106781187,0.707106781187,0.));
#1328 = DIRECTION('',(0.707106781187,0.707106781187,0.));
#1329 = ADVANCED_FACE('',(#1330),#1355,.F.);
#1330 = FACE_BOUND('',#1331,.F.);
#1331 = EDGE_LOOP('',(#1332,#1340,#1348,#1354));
#1332 = ORIENTED_EDGE('',*,*,#1333,.F.);
#1333 = EDGE_CURVE('',#1334,#1131,#1336,.T.);
#1334 = VERTEX_POINT('',#1335);
#1335 = CARTESIAN_POINT('',(0.2,-0.2,-2.2));
#1336 = LINE('',#1337,#1338);
#1337 = CARTESIAN_POINT('',(0.2,-0.2,-2.3));
#1338 = VECTOR('',#1339,1.);
#1339 = DIRECTION('',(0.,0.,1.));
#1340 = ORIENTED_EDGE('',*,*,#1341,.F.);
#1341 = EDGE_CURVE('',#1342,#1334,#1344,.T.);
#1342 = VERTEX_POINT('',#1343);
#1343 = CARTESIAN_POINT('',(-0.2,-0.2,-2.2));
#1344 = LINE('',#1345,#1346);
#1345 = CARTESIAN_POINT('',(-0.2,-0.2,-2.2));
#1346 = VECTOR('',#1347,1.);
#1347 = DIRECTION('',(1.,0.,0.));
#1348 = ORIENTED_EDGE('',*,*,#1349,.T.);
#1349 = EDGE_CURVE('',#1342,#1133,#1350,.T.);
#1350 = LINE('',#1351,#1352);
#1351 = CARTESIAN_POINT('',(-0.2,-0.2,-2.3));
#1352 = VECTOR('',#1353,1.);
#1353 = DIRECTION('',(0.,0.,1.));
#1354 = ORIENTED_EDGE('',*,*,#1130,.F.);
#1355 = PLANE('',#1356);
#1356 = AXIS2_PLACEMENT_3D('',#1357,#1358,#1359);
#1357 = CARTESIAN_POINT('',(-0.2,-0.2,-2.3));
#1358 = DIRECTION('',(0.,1.,0.));
#1359 = DIRECTION('',(0.,-0.,1.));
#1360 = ADVANCED_FACE('',(#1361),#1379,.T.);
#1361 = FACE_BOUND('',#1362,.T.);
#1362 = EDGE_LOOP('',(#1363,#1364,#1372,#1378));
#1363 = ORIENTED_EDGE('',*,*,#1333,.F.);
#1364 = ORIENTED_EDGE('',*,*,#1365,.T.);
#1365 = EDGE_CURVE('',#1334,#1366,#1368,.T.);
#1366 = VERTEX_POINT('',#1367);
#1367 = CARTESIAN_POINT('',(0.2,0.2,-2.2));
#1368 = LINE('',#1369,#1370);
#1369 = CARTESIAN_POINT('',(0.2,-0.2,-2.2));
#1370 = VECTOR('',#1371,1.);
#1371 = DIRECTION('',(0.,1.,0.));
#1372 = ORIENTED_EDGE('',*,*,#1373,.T.);
#1373 = EDGE_CURVE('',#1366,#1149,#1374,.T.);
#1374 = LINE('',#1375,#1376);
#1375 = CARTESIAN_POINT('',(0.2,0.2,-2.3));
#1376 = VECTOR('',#1377,1.);
#1377 = DIRECTION('',(0.,0.,1.));
#1378 = ORIENTED_EDGE('',*,*,#1156,.F.);
#1379 = PLANE('',#1380);
#1380 = AXIS2_PLACEMENT_3D('',#1381,#1382,#1383);
#1381 = CARTESIAN_POINT('',(0.2,-0.2,-2.3));
#1382 = DIRECTION('',(1.,0.,0.));
#1383 = DIRECTION('',(0.,0.,1.));
#1384 = ADVANCED_FACE('',(#1385),#1403,.T.);
#1385 = FACE_BOUND('',#1386,.T.);
#1386 = EDGE_LOOP('',(#1387,#1388,#1396,#1402));
#1387 = ORIENTED_EDGE('',*,*,#1373,.F.);
#1388 = ORIENTED_EDGE('',*,*,#1389,.F.);
#1389 = EDGE_CURVE('',#1390,#1366,#1392,.T.);
#1390 = VERTEX_POINT('',#1391);
#1391 = CARTESIAN_POINT('',(-0.2,0.2,-2.2));
#1392 = LINE('',#1393,#1394);
#1393 = CARTESIAN_POINT('',(-0.2,0.2,-2.2));
#1394 = VECTOR('',#1395,1.);
#1395 = DIRECTION('',(1.,0.,0.));
#1396 = ORIENTED_EDGE('',*,*,#1397,.T.);
#1397 = EDGE_CURVE('',#1390,#1141,#1398,.T.);
#1398 = LINE('',#1399,#1400);
#1399 = CARTESIAN_POINT('',(-0.2,0.2,-2.3));
#1400 = VECTOR('',#1401,1.);
#1401 = DIRECTION('',(0.,0.,1.));
#1402 = ORIENTED_EDGE('',*,*,#1148,.F.);
#1403 = PLANE('',#1404);
#1404 = AXIS2_PLACEMENT_3D('',#1405,#1406,#1407);
#1405 = CARTESIAN_POINT('',(-0.2,0.2,-2.3));
#1406 = DIRECTION('',(0.,1.,0.));
#1407 = DIRECTION('',(0.,-0.,1.));
#1408 = ADVANCED_FACE('',(#1409),#1420,.F.);
#1409 = FACE_BOUND('',#1410,.F.);
#1410 = EDGE_LOOP('',(#1411,#1412,#1418,#1419));
#1411 = ORIENTED_EDGE('',*,*,#1349,.F.);
#1412 = ORIENTED_EDGE('',*,*,#1413,.T.);
#1413 = EDGE_CURVE('',#1342,#1390,#1414,.T.);
#1414 = LINE('',#1415,#1416);
#1415 = CARTESIAN_POINT('',(-0.2,-0.2,-2.2));
#1416 = VECTOR('',#1417,1.);
#1417 = DIRECTION('',(0.,1.,0.));
#1418 = ORIENTED_EDGE('',*,*,#1397,.T.);
#1419 = ORIENTED_EDGE('',*,*,#1140,.F.);
#1420 = PLANE('',#1421);
#1421 = AXIS2_PLACEMENT_3D('',#1422,#1423,#1424);
#1422 = CARTESIAN_POINT('',(-0.2,-0.2,-2.3));
#1423 = DIRECTION('',(1.,0.,0.));
#1424 = DIRECTION('',(0.,0.,1.));
#1425 = ADVANCED_FACE('',(#1426),#1451,.F.);
#1426 = FACE_BOUND('',#1427,.F.);
#1427 = EDGE_LOOP('',(#1428,#1436,#1437,#1445));
#1428 = ORIENTED_EDGE('',*,*,#1429,.F.);
#1429 = EDGE_CURVE('',#1214,#1430,#1432,.T.);
#1430 = VERTEX_POINT('',#1431);
#1431 = CARTESIAN_POINT('',(0.2,-0.2,3.9));
#1432 = LINE('',#1433,#1434);
#1433 = CARTESIAN_POINT('',(0.2,-0.2,-2.3));
#1434 = VECTOR('',#1435,1.);
#1435 = DIRECTION('',(0.,0.,1.));
#1436 = ORIENTED_EDGE('',*,*,#1213,.T.);
#1437 = ORIENTED_EDGE('',*,*,#1438,.T.);
#1438 = EDGE_CURVE('',#1216,#1439,#1441,.T.);
#1439 = VERTEX_POINT('',#1440);
#1440 = CARTESIAN_POINT('',(-0.2,-0.2,3.9));
#1441 = LINE('',#1442,#1443);
#1442 = CARTESIAN_POINT('',(-0.2,-0.2,-2.3));
#1443 = VECTOR('',#1444,1.);
#1444 = DIRECTION('',(0.,0.,1.));
#1445 = ORIENTED_EDGE('',*,*,#1446,.T.);
#1446 = EDGE_CURVE('',#1439,#1430,#1447,.T.);
#1447 = LINE('',#1448,#1449);
#1448 = CARTESIAN_POINT('',(-0.2,-0.2,3.9));
#1449 = VECTOR('',#1450,1.);
#1450 = DIRECTION('',(1.,0.,0.));
#1451 = PLANE('',#1452);
#1452 = AXIS2_PLACEMENT_3D('',#1453,#1454,#1455);
#1453 = CARTESIAN_POINT('',(-0.2,-0.2,-2.3));
#1454 = DIRECTION('',(0.,1.,0.));
#1455 = DIRECTION('',(0.,-0.,1.));
#1456 = ADVANCED_FACE('',(#1457),#1475,.T.);
#1457 = FACE_BOUND('',#1458,.T.);
#1458 = EDGE_LOOP('',(#1459,#1460,#1461,#1469));
#1459 = ORIENTED_EDGE('',*,*,#1429,.F.);
#1460 = ORIENTED_EDGE('',*,*,#1239,.T.);
#1461 = ORIENTED_EDGE('',*,*,#1462,.T.);
#1462 = EDGE_CURVE('',#1232,#1463,#1465,.T.);
#1463 = VERTEX_POINT('',#1464);
#1464 = CARTESIAN_POINT('',(0.2,0.2,3.9));
#1465 = LINE('',#1466,#1467);
#1466 = CARTESIAN_POINT('',(0.2,0.2,-2.3));
#1467 = VECTOR('',#1468,1.);
#1468 = DIRECTION('',(0.,0.,1.));
#1469 = ORIENTED_EDGE('',*,*,#1470,.F.);
#1470 = EDGE_CURVE('',#1430,#1463,#1471,.T.);
#1471 = LINE('',#1472,#1473);
#1472 = CARTESIAN_POINT('',(0.2,-0.2,3.9));
#1473 = VECTOR('',#1474,1.);
#1474 = DIRECTION('',(0.,1.,0.));
#1475 = PLANE('',#1476);
#1476 = AXIS2_PLACEMENT_3D('',#1477,#1478,#1479);
#1477 = CARTESIAN_POINT('',(0.2,-0.2,-2.3));
#1478 = DIRECTION('',(1.,0.,0.));
#1479 = DIRECTION('',(0.,0.,1.));
#1480 = ADVANCED_FACE('',(#1481),#1499,.T.);
#1481 = FACE_BOUND('',#1482,.T.);
#1482 = EDGE_LOOP('',(#1483,#1484,#1485,#1493));
#1483 = ORIENTED_EDGE('',*,*,#1462,.F.);
#1484 = ORIENTED_EDGE('',*,*,#1231,.T.);
#1485 = ORIENTED_EDGE('',*,*,#1486,.T.);
#1486 = EDGE_CURVE('',#1224,#1487,#1489,.T.);
#1487 = VERTEX_POINT('',#1488);
#1488 = CARTESIAN_POINT('',(-0.2,0.2,3.9));
#1489 = LINE('',#1490,#1491);
#1490 = CARTESIAN_POINT('',(-0.2,0.2,-2.3));
#1491 = VECTOR('',#1492,1.);
#1492 = DIRECTION('',(0.,0.,1.));
#1493 = ORIENTED_EDGE('',*,*,#1494,.T.);
#1494 = EDGE_CURVE('',#1487,#1463,#1495,.T.);
#1495 = LINE('',#1496,#1497);
#1496 = CARTESIAN_POINT('',(-0.2,0.2,3.9));
#1497 = VECTOR('',#1498,1.);
#1498 = DIRECTION('',(1.,0.,0.));
#1499 = PLANE('',#1500);
#1500 = AXIS2_PLACEMENT_3D('',#1501,#1502,#1503);
#1501 = CARTESIAN_POINT('',(-0.2,0.2,-2.3));
#1502 = DIRECTION('',(0.,1.,0.));
#1503 = DIRECTION('',(0.,-0.,1.));
#1504 = ADVANCED_FACE('',(#1505),#1516,.F.);
#1505 = FACE_BOUND('',#1506,.F.);
#1506 = EDGE_LOOP('',(#1507,#1508,#1509,#1510));
#1507 = ORIENTED_EDGE('',*,*,#1438,.F.);
#1508 = ORIENTED_EDGE('',*,*,#1223,.T.);
#1509 = ORIENTED_EDGE('',*,*,#1486,.T.);
#1510 = ORIENTED_EDGE('',*,*,#1511,.F.);
#1511 = EDGE_CURVE('',#1439,#1487,#1512,.T.);
#1512 = LINE('',#1513,#1514);
#1513 = CARTESIAN_POINT('',(-0.2,-0.2,3.9));
#1514 = VECTOR('',#1515,1.);
#1515 = DIRECTION('',(0.,1.,0.));
#1516 = PLANE('',#1517);
#1517 = AXIS2_PLACEMENT_3D('',#1518,#1519,#1520);
#1518 = CARTESIAN_POINT('',(-0.2,-0.2,-2.3));
#1519 = DIRECTION('',(1.,0.,0.));
#1520 = DIRECTION('',(0.,0.,1.));
#1521 = ADVANCED_FACE('',(#1522),#1547,.T.);
#1522 = FACE_BOUND('',#1523,.F.);
#1523 = EDGE_LOOP('',(#1524,#1532,#1533,#1541));
#1524 = ORIENTED_EDGE('',*,*,#1525,.F.);
#1525 = EDGE_CURVE('',#1342,#1526,#1528,.T.);
#1526 = VERTEX_POINT('',#1527);
#1527 = CARTESIAN_POINT('',(-0.1,-0.1,-2.3));
#1528 = LINE('',#1529,#1530);
#1529 = CARTESIAN_POINT('',(-0.166666666667,-0.166666666667,
    -2.233333333333));
#1530 = VECTOR('',#1531,1.);
#1531 = DIRECTION('',(0.57735026919,0.57735026919,-0.57735026919));
#1532 = ORIENTED_EDGE('',*,*,#1341,.T.);
#1533 = ORIENTED_EDGE('',*,*,#1534,.T.);
#1534 = EDGE_CURVE('',#1334,#1535,#1537,.T.);
#1535 = VERTEX_POINT('',#1536);
#1536 = CARTESIAN_POINT('',(0.1,-0.1,-2.3));
#1537 = LINE('',#1538,#1539);
#1538 = CARTESIAN_POINT('',(0.1,-0.1,-2.3));
#1539 = VECTOR('',#1540,1.);
#1540 = DIRECTION('',(-0.57735026919,0.57735026919,-0.57735026919));
#1541 = ORIENTED_EDGE('',*,*,#1542,.F.);
#1542 = EDGE_CURVE('',#1526,#1535,#1543,.T.);
#1543 = LINE('',#1544,#1545);
#1544 = CARTESIAN_POINT('',(-0.2,-0.1,-2.3));
#1545 = VECTOR('',#1546,1.);
#1546 = DIRECTION('',(1.,0.,0.));
#1547 = PLANE('',#1548);
#1548 = AXIS2_PLACEMENT_3D('',#1549,#1550,#1551);
#1549 = CARTESIAN_POINT('',(-0.2,-0.15,-2.25));
#1550 = DIRECTION('',(1.734896939651E-18,-0.707106781187,-0.707106781187
    ));
#1551 = DIRECTION('',(-1.,-1.226757390687E-18,-1.226757390687E-18));
#1552 = ADVANCED_FACE('',(#1553),#1571,.F.);
#1553 = FACE_BOUND('',#1554,.F.);
#1554 = EDGE_LOOP('',(#1555,#1556,#1557,#1565));
#1555 = ORIENTED_EDGE('',*,*,#1534,.F.);
#1556 = ORIENTED_EDGE('',*,*,#1365,.T.);
#1557 = ORIENTED_EDGE('',*,*,#1558,.T.);
#1558 = EDGE_CURVE('',#1366,#1559,#1561,.T.);
#1559 = VERTEX_POINT('',#1560);
#1560 = CARTESIAN_POINT('',(0.1,0.1,-2.3));
#1561 = LINE('',#1562,#1563);
#1562 = CARTESIAN_POINT('',(3.333333333333E-02,3.333333333333E-02,
    -2.366666666667));
#1563 = VECTOR('',#1564,1.);
#1564 = DIRECTION('',(-0.57735026919,-0.57735026919,-0.57735026919));
#1565 = ORIENTED_EDGE('',*,*,#1566,.F.);
#1566 = EDGE_CURVE('',#1535,#1559,#1567,.T.);
#1567 = LINE('',#1568,#1569);
#1568 = CARTESIAN_POINT('',(0.1,-0.2,-2.3));
#1569 = VECTOR('',#1570,1.);
#1570 = DIRECTION('',(0.,1.,0.));
#1571 = PLANE('',#1572);
#1572 = AXIS2_PLACEMENT_3D('',#1573,#1574,#1575);
#1573 = CARTESIAN_POINT('',(0.15,-0.2,-2.25));
#1574 = DIRECTION('',(-0.707106781187,1.734896939651E-18,0.707106781187)
  );
#1575 = DIRECTION('',(1.226757390687E-18,1.,-1.226757390687E-18));
#1576 = ADVANCED_FACE('',(#1577),#1595,.F.);
#1577 = FACE_BOUND('',#1578,.T.);
#1578 = EDGE_LOOP('',(#1579,#1587,#1588,#1589));
#1579 = ORIENTED_EDGE('',*,*,#1580,.F.);
#1580 = EDGE_CURVE('',#1390,#1581,#1583,.T.);
#1581 = VERTEX_POINT('',#1582);
#1582 = CARTESIAN_POINT('',(-0.1,0.1,-2.3));
#1583 = LINE('',#1584,#1585);
#1584 = CARTESIAN_POINT('',(-0.1,0.1,-2.3));
#1585 = VECTOR('',#1586,1.);
#1586 = DIRECTION('',(0.57735026919,-0.57735026919,-0.57735026919));
#1587 = ORIENTED_EDGE('',*,*,#1389,.T.);
#1588 = ORIENTED_EDGE('',*,*,#1558,.T.);
#1589 = ORIENTED_EDGE('',*,*,#1590,.F.);
#1590 = EDGE_CURVE('',#1581,#1559,#1591,.T.);
#1591 = LINE('',#1592,#1593);
#1592 = CARTESIAN_POINT('',(-0.2,0.1,-2.3));
#1593 = VECTOR('',#1594,1.);
#1594 = DIRECTION('',(1.,0.,0.));
#1595 = PLANE('',#1596);
#1596 = AXIS2_PLACEMENT_3D('',#1597,#1598,#1599);
#1597 = CARTESIAN_POINT('',(-0.2,0.15,-2.25));
#1598 = DIRECTION('',(-1.734896939651E-18,-0.707106781187,0.707106781187
    ));
#1599 = DIRECTION('',(-1.,1.226757390687E-18,-1.226757390687E-18));
#1600 = ADVANCED_FACE('',(#1601),#1612,.T.);
#1601 = FACE_BOUND('',#1602,.T.);
#1602 = EDGE_LOOP('',(#1603,#1604,#1605,#1606));
#1603 = ORIENTED_EDGE('',*,*,#1525,.F.);
#1604 = ORIENTED_EDGE('',*,*,#1413,.T.);
#1605 = ORIENTED_EDGE('',*,*,#1580,.T.);
#1606 = ORIENTED_EDGE('',*,*,#1607,.F.);
#1607 = EDGE_CURVE('',#1526,#1581,#1608,.T.);
#1608 = LINE('',#1609,#1610);
#1609 = CARTESIAN_POINT('',(-0.1,-0.2,-2.3));
#1610 = VECTOR('',#1611,1.);
#1611 = DIRECTION('',(0.,1.,0.));
#1612 = PLANE('',#1613);
#1613 = AXIS2_PLACEMENT_3D('',#1614,#1615,#1616);
#1614 = CARTESIAN_POINT('',(-0.15,-0.2,-2.25));
#1615 = DIRECTION('',(-0.707106781187,-1.734896939651E-18,
    -0.707106781187));
#1616 = DIRECTION('',(-1.226757390687E-18,1.,-1.226757390687E-18));
#1617 = ADVANCED_FACE('',(#1618),#1643,.F.);
#1618 = FACE_BOUND('',#1619,.T.);
#1619 = EDGE_LOOP('',(#1620,#1628,#1629,#1637));
#1620 = ORIENTED_EDGE('',*,*,#1621,.F.);
#1621 = EDGE_CURVE('',#1439,#1622,#1624,.T.);
#1622 = VERTEX_POINT('',#1623);
#1623 = CARTESIAN_POINT('',(-0.1,-0.1,4.));
#1624 = LINE('',#1625,#1626);
#1625 = CARTESIAN_POINT('',(-0.166666666667,-0.166666666667,
    3.933333333333));
#1626 = VECTOR('',#1627,1.);
#1627 = DIRECTION('',(0.57735026919,0.57735026919,0.57735026919));
#1628 = ORIENTED_EDGE('',*,*,#1446,.T.);
#1629 = ORIENTED_EDGE('',*,*,#1630,.T.);
#1630 = EDGE_CURVE('',#1430,#1631,#1633,.T.);
#1631 = VERTEX_POINT('',#1632);
#1632 = CARTESIAN_POINT('',(0.1,-0.1,4.));
#1633 = LINE('',#1634,#1635);
#1634 = CARTESIAN_POINT('',(0.1,-0.1,4.));
#1635 = VECTOR('',#1636,1.);
#1636 = DIRECTION('',(-0.57735026919,0.57735026919,0.57735026919));
#1637 = ORIENTED_EDGE('',*,*,#1638,.F.);
#1638 = EDGE_CURVE('',#1622,#1631,#1639,.T.);
#1639 = LINE('',#1640,#1641);
#1640 = CARTESIAN_POINT('',(-0.2,-0.1,4.));
#1641 = VECTOR('',#1642,1.);
#1642 = DIRECTION('',(1.,0.,0.));
#1643 = PLANE('',#1644);
#1644 = AXIS2_PLACEMENT_3D('',#1645,#1646,#1647);
#1645 = CARTESIAN_POINT('',(-0.2,-0.15,3.95));
#1646 = DIRECTION('',(-1.734896939651E-18,0.707106781187,-0.707106781187
    ));
#1647 = DIRECTION('',(-1.,-1.226757390687E-18,1.226757390687E-18));
#1648 = ADVANCED_FACE('',(#1649),#1667,.T.);
#1649 = FACE_BOUND('',#1650,.T.);
#1650 = EDGE_LOOP('',(#1651,#1652,#1653,#1661));
#1651 = ORIENTED_EDGE('',*,*,#1630,.F.);
#1652 = ORIENTED_EDGE('',*,*,#1470,.T.);
#1653 = ORIENTED_EDGE('',*,*,#1654,.T.);
#1654 = EDGE_CURVE('',#1463,#1655,#1657,.T.);
#1655 = VERTEX_POINT('',#1656);
#1656 = CARTESIAN_POINT('',(0.1,0.1,4.));
#1657 = LINE('',#1658,#1659);
#1658 = CARTESIAN_POINT('',(3.333333333333E-02,3.333333333333E-02,
    4.066666666667));
#1659 = VECTOR('',#1660,1.);
#1660 = DIRECTION('',(-0.57735026919,-0.57735026919,0.57735026919));
#1661 = ORIENTED_EDGE('',*,*,#1662,.F.);
#1662 = EDGE_CURVE('',#1631,#1655,#1663,.T.);
#1663 = LINE('',#1664,#1665);
#1664 = CARTESIAN_POINT('',(0.1,-0.2,4.));
#1665 = VECTOR('',#1666,1.);
#1666 = DIRECTION('',(0.,1.,0.));
#1667 = PLANE('',#1668);
#1668 = AXIS2_PLACEMENT_3D('',#1669,#1670,#1671);
#1669 = CARTESIAN_POINT('',(0.15,-0.2,3.95));
#1670 = DIRECTION('',(0.707106781187,-1.734896939651E-18,0.707106781187)
  );
#1671 = DIRECTION('',(1.226757390687E-18,1.,1.226757390687E-18));
#1672 = ADVANCED_FACE('',(#1673),#1691,.T.);
#1673 = FACE_BOUND('',#1674,.F.);
#1674 = EDGE_LOOP('',(#1675,#1683,#1684,#1685));
#1675 = ORIENTED_EDGE('',*,*,#1676,.F.);
#1676 = EDGE_CURVE('',#1487,#1677,#1679,.T.);
#1677 = VERTEX_POINT('',#1678);
#1678 = CARTESIAN_POINT('',(-0.1,0.1,4.));
#1679 = LINE('',#1680,#1681);
#1680 = CARTESIAN_POINT('',(-0.1,0.1,4.));
#1681 = VECTOR('',#1682,1.);
#1682 = DIRECTION('',(0.57735026919,-0.57735026919,0.57735026919));
#1683 = ORIENTED_EDGE('',*,*,#1494,.T.);
#1684 = ORIENTED_EDGE('',*,*,#1654,.T.);
#1685 = ORIENTED_EDGE('',*,*,#1686,.F.);
#1686 = EDGE_CURVE('',#1677,#1655,#1687,.T.);
#1687 = LINE('',#1688,#1689);
#1688 = CARTESIAN_POINT('',(-0.2,0.1,4.));
#1689 = VECTOR('',#1690,1.);
#1690 = DIRECTION('',(1.,0.,0.));
#1691 = PLANE('',#1692);
#1692 = AXIS2_PLACEMENT_3D('',#1693,#1694,#1695);
#1693 = CARTESIAN_POINT('',(-0.2,0.15,3.95));
#1694 = DIRECTION('',(1.734896939651E-18,0.707106781187,0.707106781187)
  );
#1695 = DIRECTION('',(-1.,1.226757390687E-18,1.226757390687E-18));
#1696 = ADVANCED_FACE('',(#1697),#1708,.F.);
#1697 = FACE_BOUND('',#1698,.F.);
#1698 = EDGE_LOOP('',(#1699,#1700,#1701,#1702));
#1699 = ORIENTED_EDGE('',*,*,#1621,.F.);
#1700 = ORIENTED_EDGE('',*,*,#1511,.T.);
#1701 = ORIENTED_EDGE('',*,*,#1676,.T.);
#1702 = ORIENTED_EDGE('',*,*,#1703,.F.);
#1703 = EDGE_CURVE('',#1622,#1677,#1704,.T.);
#1704 = LINE('',#1705,#1706);
#1705 = CARTESIAN_POINT('',(-0.1,-0.2,4.));
#1706 = VECTOR('',#1707,1.);
#1707 = DIRECTION('',(0.,1.,0.));
#1708 = PLANE('',#1709);
#1709 = AXIS2_PLACEMENT_3D('',#1710,#1711,#1712);
#1710 = CARTESIAN_POINT('',(-0.15,-0.2,3.95));
#1711 = DIRECTION('',(0.707106781187,1.734896939651E-18,-0.707106781187)
  );
#1712 = DIRECTION('',(-1.226757390687E-18,1.,1.226757390687E-18));
#1713 = ADVANCED_FACE('',(#1714),#1720,.F.);
#1714 = FACE_BOUND('',#1715,.F.);
#1715 = EDGE_LOOP('',(#1716,#1717,#1718,#1719));
#1716 = ORIENTED_EDGE('',*,*,#1607,.F.);
#1717 = ORIENTED_EDGE('',*,*,#1542,.T.);
#1718 = ORIENTED_EDGE('',*,*,#1566,.T.);
#1719 = ORIENTED_EDGE('',*,*,#1590,.F.);
#1720 = PLANE('',#1721);
#1721 = AXIS2_PLACEMENT_3D('',#1722,#1723,#1724);
#1722 = CARTESIAN_POINT('',(-0.2,-0.2,-2.3));
#1723 = DIRECTION('',(0.,0.,1.));
#1724 = DIRECTION('',(1.,0.,-0.));
#1725 = ADVANCED_FACE('',(#1726),#1732,.T.);
#1726 = FACE_BOUND('',#1727,.T.);
#1727 = EDGE_LOOP('',(#1728,#1729,#1730,#1731));
#1728 = ORIENTED_EDGE('',*,*,#1638,.T.);
#1729 = ORIENTED_EDGE('',*,*,#1662,.T.);
#1730 = ORIENTED_EDGE('',*,*,#1686,.F.);
#1731 = ORIENTED_EDGE('',*,*,#1703,.F.);
#1732 = PLANE('',#1733);
#1733 = AXIS2_PLACEMENT_3D('',#1734,#1735,#1736);
#1734 = CARTESIAN_POINT('',(-0.2,-0.2,4.));
#1735 = DIRECTION('',(0.,0.,1.));
#1736 = DIRECTION('',(1.,0.,-0.));
#1737 = ( GEOMETRIC_REPRESENTATION_CONTEXT(3) 
GLOBAL_UNCERTAINTY_ASSIGNED_CONTEXT((#1741)) 
GLOBAL_UNIT_ASSIGNED_CONTEXT((#1738,#1739,#1740)) REPRESENTATION_CONTEXT
('Context #1','3D Context with UNIT and UNCERTAINTY') );
#1738 = ( LENGTH_UNIT() NAMED_UNIT(*) SI_UNIT(.MILLI.,.METRE.) );
#1739 = ( NAMED_UNIT(*) PLANE_ANGLE_UNIT() SI_UNIT($,.RADIAN.) );
#1740 = ( NAMED_UNIT(*) SI_UNIT($,.STERADIAN.) SOLID_ANGLE_UNIT() );
#1741 = UNCERTAINTY_MEASURE_WITH_UNIT(LENGTH_MEASURE(1.E-07),#1738,
  'distance_accuracy_value','confusion accuracy');
#1742 = CONTEXT_DEPENDENT_SHAPE_REPRESENTATION(#1743,#1745);
#1743 = ( REPRESENTATION_RELATIONSHIP('','',#978,#10) 
REPRESENTATION_RELATIONSHIP_WITH_TRANSFORMATION(#1744) 
SHAPE_REPRESENTATION_RELATIONSHIP() );
#1744 = ITEM_DEFINED_TRANSFORMATION('','',#11,#23);
#1745 = PRODUCT_DEFINITION_SHAPE('Placement','Placement of an item',
  #1746);
#1746 = NEXT_ASSEMBLY_USAGE_OCCURRENCE('48','J8','',#5,#973,$);
#1747 = PRODUCT_RELATED_PRODUCT_CATEGORY('part',$,(#975));
#1748 = CONTEXT_DEPENDENT_SHAPE_REPRESENTATION(#1749,#1751);
#1749 = ( REPRESENTATION_RELATIONSHIP('','',#164,#10) 
REPRESENTATION_RELATIONSHIP_WITH_TRANSFORMATION(#1750) 
SHAPE_REPRESENTATION_RELATIONSHIP() );
#1750 = ITEM_DEFINED_TRANSFORMATION('','',#11,#27);
#1751 = PRODUCT_DEFINITION_SHAPE('Placement','Placement of an item',
  #1752);
#1752 = NEXT_ASSEMBLY_USAGE_OCCURRENCE('49','R1','',#5,#159,$);
#1753 = CONTEXT_DEPENDENT_SHAPE_REPRESENTATION(#1754,#1756);
#1754 = ( REPRESENTATION_RELATIONSHIP('','',#164,#10) 
REPRESENTATION_RELATIONSHIP_WITH_TRANSFORMATION(#1755) 
SHAPE_REPRESENTATION_RELATIONSHIP() );
#1755 = ITEM_DEFINED_TRANSFORMATION('','',#11,#31);
#1756 = PRODUCT_DEFINITION_SHAPE('Placement','Placement of an item',
  #1757);
#1757 = NEXT_ASSEMBLY_USAGE_OCCURRENCE('50','R3','',#5,#159,$);
#1758 = CONTEXT_DEPENDENT_SHAPE_REPRESENTATION(#1759,#1761);
#1759 = ( REPRESENTATION_RELATIONSHIP('','',#164,#10) 
REPRESENTATION_RELATIONSHIP_WITH_TRANSFORMATION(#1760) 
SHAPE_REPRESENTATION_RELATIONSHIP() );
#1760 = ITEM_DEFINED_TRANSFORMATION('','',#11,#35);
#1761 = PRODUCT_DEFINITION_SHAPE('Placement','Placement of an item',
  #1762);
#1762 = NEXT_ASSEMBLY_USAGE_OCCURRENCE('51','R8','',#5,#159,$);
#1763 = CONTEXT_DEPENDENT_SHAPE_REPRESENTATION(#1764,#1766);
#1764 = ( REPRESENTATION_RELATIONSHIP('','',#978,#10) 
REPRESENTATION_RELATIONSHIP_WITH_TRANSFORMATION(#1765) 
SHAPE_REPRESENTATION_RELATIONSHIP() );
#1765 = ITEM_DEFINED_TRANSFORMATION('','',#11,#39);
#1766 = PRODUCT_DEFINITION_SHAPE('Placement','Placement of an item',
  #1767);
#1767 = NEXT_ASSEMBLY_USAGE_OCCURRENCE('52','J5','',#5,#973,$);
#1768 = CONTEXT_DEPENDENT_SHAPE_REPRESENTATION(#1769,#1771);
#1769 = ( REPRESENTATION_RELATIONSHIP('','',#978,#10) 
REPRESENTATION_RELATIONSHIP_WITH_TRANSFORMATION(#1770) 
SHAPE_REPRESENTATION_RELATIONSHIP() );
#1770 = ITEM_DEFINED_TRANSFORMATION('','',#11,#43);
#1771 = PRODUCT_DEFINITION_SHAPE('Placement','Placement of an item',
  #1772);
#1772 = NEXT_ASSEMBLY_USAGE_OCCURRENCE('53','J16','',#5,#973,$);
#1773 = CONTEXT_DEPENDENT_SHAPE_REPRESENTATION(#1774,#1776);
#1774 = ( REPRESENTATION_RELATIONSHIP('','',#978,#10) 
REPRESENTATION_RELATIONSHIP_WITH_TRANSFORMATION(#1775) 
SHAPE_REPRESENTATION_RELATIONSHIP() );
#1775 = ITEM_DEFINED_TRANSFORMATION('','',#11,#47);
#1776 = PRODUCT_DEFINITION_SHAPE('Placement','Placement of an item',
  #1777);
#1777 = NEXT_ASSEMBLY_USAGE_OCCURRENCE('54','J1','',#5,#973,$);
#1778 = CONTEXT_DEPENDENT_SHAPE_REPRESENTATION(#1779,#1781);
#1779 = ( REPRESENTATION_RELATIONSHIP('','',#978,#10) 
REPRESENTATION_RELATIONSHIP_WITH_TRANSFORMATION(#1780) 
SHAPE_REPRESENTATION_RELATIONSHIP() );
#1780 = ITEM_DEFINED_TRANSFORMATION('','',#11,#51);
#1781 = PRODUCT_DEFINITION_SHAPE('Placement','Placement of an item',
  #1782);
#1782 = NEXT_ASSEMBLY_USAGE_OCCURRENCE('55','J18','',#5,#973,$);
#1783 = CONTEXT_DEPENDENT_SHAPE_REPRESENTATION(#1784,#1786);
#1784 = ( REPRESENTATION_RELATIONSHIP('','',#978,#10) 
REPRESENTATION_RELATIONSHIP_WITH_TRANSFORMATION(#1785) 
SHAPE_REPRESENTATION_RELATIONSHIP() );
#1785 = ITEM_DEFINED_TRANSFORMATION('','',#11,#55);
#1786 = PRODUCT_DEFINITION_SHAPE('Placement','Placement of an item',
  #1787);
#1787 = NEXT_ASSEMBLY_USAGE_OCCURRENCE('56','J9','',#5,#973,$);
#1788 = CONTEXT_DEPENDENT_SHAPE_REPRESENTATION(#1789,#1791);
#1789 = ( REPRESENTATION_RELATIONSHIP('','',#978,#10) 
REPRESENTATION_RELATIONSHIP_WITH_TRANSFORMATION(#1790) 
SHAPE_REPRESENTATION_RELATIONSHIP() );
#1790 = ITEM_DEFINED_TRANSFORMATION('','',#11,#59);
#1791 = PRODUCT_DEFINITION_SHAPE('Placement','Placement of an item',
  #1792);
#1792 = NEXT_ASSEMBLY_USAGE_OCCURRENCE('57','J2','',#5,#973,$);
#1793 = CONTEXT_DEPENDENT_SHAPE_REPRESENTATION(#1794,#1796);
#1794 = ( REPRESENTATION_RELATIONSHIP('','',#978,#10) 
REPRESENTATION_RELATIONSHIP_WITH_TRANSFORMATION(#1795) 
SHAPE_REPRESENTATION_RELATIONSHIP() );
#1795 = ITEM_DEFINED_TRANSFORMATION('','',#11,#63);
#1796 = PRODUCT_DEFINITION_SHAPE('Placement','Placement of an item',
  #1797);
#1797 = NEXT_ASSEMBLY_USAGE_OCCURRENCE('58','J7','',#5,#973,$);
#1798 = SHAPE_DEFINITION_REPRESENTATION(#1799,#1805);
#1799 = PRODUCT_DEFINITION_SHAPE('','',#1800);
#1800 = PRODUCT_DEFINITION('design','',#1801,#1804);
#1801 = PRODUCT_DEFINITION_FORMATION('','',#1802);
#1802 = PRODUCT('C_0402_1005Metric','C_0402_1005Metric','',(#1803));
#1803 = PRODUCT_CONTEXT('',#2,'mechanical');
#1804 = PRODUCT_DEFINITION_CONTEXT('part definition',#2,'design');
#1805 = ADVANCED_BREP_SHAPE_REPRESENTATION('',(#11,#1806),#2660);
#1806 = MANIFOLD_SOLID_BREP('',#1807);
#1807 = CLOSED_SHELL('',(#1808,#1884,#1915,#1940,#1965,#1989,#2013,#2038
    ,#2063,#2080,#2166,#2198,#2222,#2247,#2271,#2296,#2320,#2345,#2362,
    #2448,#2479,#2504,#2529,#2553,#2577,#2602,#2627,#2644));
#1808 = ADVANCED_FACE('',(#1809),#1879,.F.);
#1809 = FACE_BOUND('',#1810,.F.);
#1810 = EDGE_LOOP('',(#1811,#1821,#1830,#1838,#1847,#1855,#1864,#1872));
#1811 = ORIENTED_EDGE('',*,*,#1812,.F.);
#1812 = EDGE_CURVE('',#1813,#1815,#1817,.T.);
#1813 = VERTEX_POINT('',#1814);
#1814 = CARTESIAN_POINT('',(-0.5,-0.25,2.E-02));
#1815 = VERTEX_POINT('',#1816);
#1816 = CARTESIAN_POINT('',(-0.5,-0.25,0.48));
#1817 = LINE('',#1818,#1819);
#1818 = CARTESIAN_POINT('',(-0.5,-0.25,0.));
#1819 = VECTOR('',#1820,1.);
#1820 = DIRECTION('',(0.,0.,1.));
#1821 = ORIENTED_EDGE('',*,*,#1822,.T.);
#1822 = EDGE_CURVE('',#1813,#1823,#1825,.T.);
#1823 = VERTEX_POINT('',#1824);
#1824 = CARTESIAN_POINT('',(-0.5,-0.23,0.));
#1825 = CIRCLE('',#1826,2.E-02);
#1826 = AXIS2_PLACEMENT_3D('',#1827,#1828,#1829);
#1827 = CARTESIAN_POINT('',(-0.5,-0.23,2.E-02));
#1828 = DIRECTION('',(1.,0.,-0.));
#1829 = DIRECTION('',(0.,0.,1.));
#1830 = ORIENTED_EDGE('',*,*,#1831,.T.);
#1831 = EDGE_CURVE('',#1823,#1832,#1834,.T.);
#1832 = VERTEX_POINT('',#1833);
#1833 = CARTESIAN_POINT('',(-0.5,0.23,0.));
#1834 = LINE('',#1835,#1836);
#1835 = CARTESIAN_POINT('',(-0.5,-0.25,0.));
#1836 = VECTOR('',#1837,1.);
#1837 = DIRECTION('',(0.,1.,0.));
#1838 = ORIENTED_EDGE('',*,*,#1839,.F.);
#1839 = EDGE_CURVE('',#1840,#1832,#1842,.T.);
#1840 = VERTEX_POINT('',#1841);
#1841 = CARTESIAN_POINT('',(-0.5,0.25,2.E-02));
#1842 = CIRCLE('',#1843,2.E-02);
#1843 = AXIS2_PLACEMENT_3D('',#1844,#1845,#1846);
#1844 = CARTESIAN_POINT('',(-0.5,0.23,2.E-02));
#1845 = DIRECTION('',(-1.,0.,0.));
#1846 = DIRECTION('',(0.,0.,1.));
#1847 = ORIENTED_EDGE('',*,*,#1848,.T.);
#1848 = EDGE_CURVE('',#1840,#1849,#1851,.T.);
#1849 = VERTEX_POINT('',#1850);
#1850 = CARTESIAN_POINT('',(-0.5,0.25,0.48));
#1851 = LINE('',#1852,#1853);
#1852 = CARTESIAN_POINT('',(-0.5,0.25,0.));
#1853 = VECTOR('',#1854,1.);
#1854 = DIRECTION('',(0.,0.,1.));
#1855 = ORIENTED_EDGE('',*,*,#1856,.T.);
#1856 = EDGE_CURVE('',#1849,#1857,#1859,.T.);
#1857 = VERTEX_POINT('',#1858);
#1858 = CARTESIAN_POINT('',(-0.5,0.23,0.5));
#1859 = CIRCLE('',#1860,2.E-02);
#1860 = AXIS2_PLACEMENT_3D('',#1861,#1862,#1863);
#1861 = CARTESIAN_POINT('',(-0.5,0.23,0.48));
#1862 = DIRECTION('',(1.,0.,-0.));
#1863 = DIRECTION('',(0.,0.,1.));
#1864 = ORIENTED_EDGE('',*,*,#1865,.F.);
#1865 = EDGE_CURVE('',#1866,#1857,#1868,.T.);
#1866 = VERTEX_POINT('',#1867);
#1867 = CARTESIAN_POINT('',(-0.5,-0.23,0.5));
#1868 = LINE('',#1869,#1870);
#1869 = CARTESIAN_POINT('',(-0.5,-0.25,0.5));
#1870 = VECTOR('',#1871,1.);
#1871 = DIRECTION('',(0.,1.,0.));
#1872 = ORIENTED_EDGE('',*,*,#1873,.F.);
#1873 = EDGE_CURVE('',#1815,#1866,#1874,.T.);
#1874 = CIRCLE('',#1875,2.E-02);
#1875 = AXIS2_PLACEMENT_3D('',#1876,#1877,#1878);
#1876 = CARTESIAN_POINT('',(-0.5,-0.23,0.48));
#1877 = DIRECTION('',(-1.,0.,0.));
#1878 = DIRECTION('',(0.,0.,1.));
#1879 = PLANE('',#1880);
#1880 = AXIS2_PLACEMENT_3D('',#1881,#1882,#1883);
#1881 = CARTESIAN_POINT('',(-0.5,-0.25,0.));
#1882 = DIRECTION('',(1.,0.,0.));
#1883 = DIRECTION('',(0.,0.,1.));
#1884 = ADVANCED_FACE('',(#1885),#1910,.F.);
#1885 = FACE_BOUND('',#1886,.F.);
#1886 = EDGE_LOOP('',(#1887,#1897,#1903,#1904));
#1887 = ORIENTED_EDGE('',*,*,#1888,.F.);
#1888 = EDGE_CURVE('',#1889,#1891,#1893,.T.);
#1889 = VERTEX_POINT('',#1890);
#1890 = CARTESIAN_POINT('',(-0.3,-0.25,2.E-02));
#1891 = VERTEX_POINT('',#1892);
#1892 = CARTESIAN_POINT('',(-0.3,-0.25,0.48));
#1893 = LINE('',#1894,#1895);
#1894 = CARTESIAN_POINT('',(-0.3,-0.25,0.));
#1895 = VECTOR('',#1896,1.);
#1896 = DIRECTION('',(0.,0.,1.));
#1897 = ORIENTED_EDGE('',*,*,#1898,.F.);
#1898 = EDGE_CURVE('',#1813,#1889,#1899,.T.);
#1899 = LINE('',#1900,#1901);
#1900 = CARTESIAN_POINT('',(-0.5,-0.25,2.E-02));
#1901 = VECTOR('',#1902,1.);
#1902 = DIRECTION('',(1.,0.,0.));
#1903 = ORIENTED_EDGE('',*,*,#1812,.T.);
#1904 = ORIENTED_EDGE('',*,*,#1905,.T.);
#1905 = EDGE_CURVE('',#1815,#1891,#1906,.T.);
#1906 = LINE('',#1907,#1908);
#1907 = CARTESIAN_POINT('',(-0.5,-0.25,0.48));
#1908 = VECTOR('',#1909,1.);
#1909 = DIRECTION('',(1.,0.,0.));
#1910 = PLANE('',#1911);
#1911 = AXIS2_PLACEMENT_3D('',#1912,#1913,#1914);
#1912 = CARTESIAN_POINT('',(-0.5,-0.25,0.));
#1913 = DIRECTION('',(0.,1.,0.));
#1914 = DIRECTION('',(0.,-0.,1.));
#1915 = ADVANCED_FACE('',(#1916),#1935,.T.);
#1916 = FACE_BOUND('',#1917,.T.);
#1917 = EDGE_LOOP('',(#1918,#1919,#1927,#1934));
#1918 = ORIENTED_EDGE('',*,*,#1822,.T.);
#1919 = ORIENTED_EDGE('',*,*,#1920,.T.);
#1920 = EDGE_CURVE('',#1823,#1921,#1923,.T.);
#1921 = VERTEX_POINT('',#1922);
#1922 = CARTESIAN_POINT('',(-0.3,-0.23,0.));
#1923 = LINE('',#1924,#1925);
#1924 = CARTESIAN_POINT('',(-0.5,-0.23,0.));
#1925 = VECTOR('',#1926,1.);
#1926 = DIRECTION('',(1.,0.,0.));
#1927 = ORIENTED_EDGE('',*,*,#1928,.F.);
#1928 = EDGE_CURVE('',#1889,#1921,#1929,.T.);
#1929 = CIRCLE('',#1930,2.E-02);
#1930 = AXIS2_PLACEMENT_3D('',#1931,#1932,#1933);
#1931 = CARTESIAN_POINT('',(-0.3,-0.23,2.E-02));
#1932 = DIRECTION('',(1.,0.,-0.));
#1933 = DIRECTION('',(0.,0.,1.));
#1934 = ORIENTED_EDGE('',*,*,#1898,.F.);
#1935 = CYLINDRICAL_SURFACE('',#1936,2.E-02);
#1936 = AXIS2_PLACEMENT_3D('',#1937,#1938,#1939);
#1937 = CARTESIAN_POINT('',(-0.5,-0.23,2.E-02));
#1938 = DIRECTION('',(1.,0.,0.));
#1939 = DIRECTION('',(0.,-1.,0.));
#1940 = ADVANCED_FACE('',(#1941),#1960,.T.);
#1941 = FACE_BOUND('',#1942,.T.);
#1942 = EDGE_LOOP('',(#1943,#1944,#1953,#1959));
#1943 = ORIENTED_EDGE('',*,*,#1905,.T.);
#1944 = ORIENTED_EDGE('',*,*,#1945,.T.);
#1945 = EDGE_CURVE('',#1891,#1946,#1948,.T.);
#1946 = VERTEX_POINT('',#1947);
#1947 = CARTESIAN_POINT('',(-0.3,-0.23,0.5));
#1948 = CIRCLE('',#1949,2.E-02);
#1949 = AXIS2_PLACEMENT_3D('',#1950,#1951,#1952);
#1950 = CARTESIAN_POINT('',(-0.3,-0.23,0.48));
#1951 = DIRECTION('',(-1.,0.,0.));
#1952 = DIRECTION('',(0.,0.,1.));
#1953 = ORIENTED_EDGE('',*,*,#1954,.F.);
#1954 = EDGE_CURVE('',#1866,#1946,#1955,.T.);
#1955 = LINE('',#1956,#1957);
#1956 = CARTESIAN_POINT('',(-0.5,-0.23,0.5));
#1957 = VECTOR('',#1958,1.);
#1958 = DIRECTION('',(1.,0.,0.));
#1959 = ORIENTED_EDGE('',*,*,#1873,.F.);
#1960 = CYLINDRICAL_SURFACE('',#1961,2.E-02);
#1961 = AXIS2_PLACEMENT_3D('',#1962,#1963,#1964);
#1962 = CARTESIAN_POINT('',(-0.5,-0.23,0.48));
#1963 = DIRECTION('',(1.,0.,0.));
#1964 = DIRECTION('',(0.,-1.,0.));
#1965 = ADVANCED_FACE('',(#1966),#1984,.F.);
#1966 = FACE_BOUND('',#1967,.F.);
#1967 = EDGE_LOOP('',(#1968,#1969,#1970,#1978));
#1968 = ORIENTED_EDGE('',*,*,#1831,.F.);
#1969 = ORIENTED_EDGE('',*,*,#1920,.T.);
#1970 = ORIENTED_EDGE('',*,*,#1971,.T.);
#1971 = EDGE_CURVE('',#1921,#1972,#1974,.T.);
#1972 = VERTEX_POINT('',#1973);
#1973 = CARTESIAN_POINT('',(-0.3,0.23,0.));
#1974 = LINE('',#1975,#1976);
#1975 = CARTESIAN_POINT('',(-0.3,-0.25,0.));
#1976 = VECTOR('',#1977,1.);
#1977 = DIRECTION('',(0.,1.,0.));
#1978 = ORIENTED_EDGE('',*,*,#1979,.F.);
#1979 = EDGE_CURVE('',#1832,#1972,#1980,.T.);
#1980 = LINE('',#1981,#1982);
#1981 = CARTESIAN_POINT('',(-0.5,0.23,0.));
#1982 = VECTOR('',#1983,1.);
#1983 = DIRECTION('',(1.,0.,0.));
#1984 = PLANE('',#1985);
#1985 = AXIS2_PLACEMENT_3D('',#1986,#1987,#1988);
#1986 = CARTESIAN_POINT('',(-0.5,-0.25,0.));
#1987 = DIRECTION('',(0.,0.,1.));
#1988 = DIRECTION('',(1.,0.,-0.));
#1989 = ADVANCED_FACE('',(#1990),#2008,.T.);
#1990 = FACE_BOUND('',#1991,.T.);
#1991 = EDGE_LOOP('',(#1992,#1993,#1994,#2002));
#1992 = ORIENTED_EDGE('',*,*,#1865,.F.);
#1993 = ORIENTED_EDGE('',*,*,#1954,.T.);
#1994 = ORIENTED_EDGE('',*,*,#1995,.T.);
#1995 = EDGE_CURVE('',#1946,#1996,#1998,.T.);
#1996 = VERTEX_POINT('',#1997);
#1997 = CARTESIAN_POINT('',(-0.3,0.23,0.5));
#1998 = LINE('',#1999,#2000);
#1999 = CARTESIAN_POINT('',(-0.3,-0.25,0.5));
#2000 = VECTOR('',#2001,1.);
#2001 = DIRECTION('',(0.,1.,0.));
#2002 = ORIENTED_EDGE('',*,*,#2003,.F.);
#2003 = EDGE_CURVE('',#1857,#1996,#2004,.T.);
#2004 = LINE('',#2005,#2006);
#2005 = CARTESIAN_POINT('',(-0.5,0.23,0.5));
#2006 = VECTOR('',#2007,1.);
#2007 = DIRECTION('',(1.,0.,0.));
#2008 = PLANE('',#2009);
#2009 = AXIS2_PLACEMENT_3D('',#2010,#2011,#2012);
#2010 = CARTESIAN_POINT('',(-0.5,-0.25,0.5));
#2011 = DIRECTION('',(0.,0.,1.));
#2012 = DIRECTION('',(1.,0.,-0.));
#2013 = ADVANCED_FACE('',(#2014),#2033,.T.);
#2014 = FACE_BOUND('',#2015,.T.);
#2015 = EDGE_LOOP('',(#2016,#2024,#2031,#2032));
#2016 = ORIENTED_EDGE('',*,*,#2017,.T.);
#2017 = EDGE_CURVE('',#1840,#2018,#2020,.T.);
#2018 = VERTEX_POINT('',#2019);
#2019 = CARTESIAN_POINT('',(-0.3,0.25,2.E-02));
#2020 = LINE('',#2021,#2022);
#2021 = CARTESIAN_POINT('',(-0.5,0.25,2.E-02));
#2022 = VECTOR('',#2023,1.);
#2023 = DIRECTION('',(1.,0.,0.));
#2024 = ORIENTED_EDGE('',*,*,#2025,.T.);
#2025 = EDGE_CURVE('',#2018,#1972,#2026,.T.);
#2026 = CIRCLE('',#2027,2.E-02);
#2027 = AXIS2_PLACEMENT_3D('',#2028,#2029,#2030);
#2028 = CARTESIAN_POINT('',(-0.3,0.23,2.E-02));
#2029 = DIRECTION('',(-1.,0.,0.));
#2030 = DIRECTION('',(0.,0.,1.));
#2031 = ORIENTED_EDGE('',*,*,#1979,.F.);
#2032 = ORIENTED_EDGE('',*,*,#1839,.F.);
#2033 = CYLINDRICAL_SURFACE('',#2034,2.E-02);
#2034 = AXIS2_PLACEMENT_3D('',#2035,#2036,#2037);
#2035 = CARTESIAN_POINT('',(-0.5,0.23,2.E-02));
#2036 = DIRECTION('',(1.,0.,0.));
#2037 = DIRECTION('',(-0.,1.,0.));
#2038 = ADVANCED_FACE('',(#2039),#2058,.T.);
#2039 = FACE_BOUND('',#2040,.T.);
#2040 = EDGE_LOOP('',(#2041,#2042,#2043,#2052));
#2041 = ORIENTED_EDGE('',*,*,#1856,.T.);
#2042 = ORIENTED_EDGE('',*,*,#2003,.T.);
#2043 = ORIENTED_EDGE('',*,*,#2044,.F.);
#2044 = EDGE_CURVE('',#2045,#1996,#2047,.T.);
#2045 = VERTEX_POINT('',#2046);
#2046 = CARTESIAN_POINT('',(-0.3,0.25,0.48));
#2047 = CIRCLE('',#2048,2.E-02);
#2048 = AXIS2_PLACEMENT_3D('',#2049,#2050,#2051);
#2049 = CARTESIAN_POINT('',(-0.3,0.23,0.48));
#2050 = DIRECTION('',(1.,0.,-0.));
#2051 = DIRECTION('',(0.,0.,1.));
#2052 = ORIENTED_EDGE('',*,*,#2053,.F.);
#2053 = EDGE_CURVE('',#1849,#2045,#2054,.T.);
#2054 = LINE('',#2055,#2056);
#2055 = CARTESIAN_POINT('',(-0.5,0.25,0.48));
#2056 = VECTOR('',#2057,1.);
#2057 = DIRECTION('',(1.,0.,0.));
#2058 = CYLINDRICAL_SURFACE('',#2059,2.E-02);
#2059 = AXIS2_PLACEMENT_3D('',#2060,#2061,#2062);
#2060 = CARTESIAN_POINT('',(-0.5,0.23,0.48));
#2061 = DIRECTION('',(1.,0.,0.));
#2062 = DIRECTION('',(-0.,1.,0.));
#2063 = ADVANCED_FACE('',(#2064),#2075,.T.);
#2064 = FACE_BOUND('',#2065,.T.);
#2065 = EDGE_LOOP('',(#2066,#2072,#2073,#2074));
#2066 = ORIENTED_EDGE('',*,*,#2067,.F.);
#2067 = EDGE_CURVE('',#2018,#2045,#2068,.T.);
#2068 = LINE('',#2069,#2070);
#2069 = CARTESIAN_POINT('',(-0.3,0.25,0.));
#2070 = VECTOR('',#2071,1.);
#2071 = DIRECTION('',(0.,0.,1.));
#2072 = ORIENTED_EDGE('',*,*,#2017,.F.);
#2073 = ORIENTED_EDGE('',*,*,#1848,.T.);
#2074 = ORIENTED_EDGE('',*,*,#2053,.T.);
#2075 = PLANE('',#2076);
#2076 = AXIS2_PLACEMENT_3D('',#2077,#2078,#2079);
#2077 = CARTESIAN_POINT('',(-0.5,0.25,0.));
#2078 = DIRECTION('',(0.,1.,0.));
#2079 = DIRECTION('',(0.,-0.,1.));
#2080 = ADVANCED_FACE('',(#2081,#2091),#2161,.T.);
#2081 = FACE_BOUND('',#2082,.T.);
#2082 = EDGE_LOOP('',(#2083,#2084,#2085,#2086,#2087,#2088,#2089,#2090));
#2083 = ORIENTED_EDGE('',*,*,#1888,.F.);
#2084 = ORIENTED_EDGE('',*,*,#1928,.T.);
#2085 = ORIENTED_EDGE('',*,*,#1971,.T.);
#2086 = ORIENTED_EDGE('',*,*,#2025,.F.);
#2087 = ORIENTED_EDGE('',*,*,#2067,.T.);
#2088 = ORIENTED_EDGE('',*,*,#2044,.T.);
#2089 = ORIENTED_EDGE('',*,*,#1995,.F.);
#2090 = ORIENTED_EDGE('',*,*,#1945,.F.);
#2091 = FACE_BOUND('',#2092,.T.);
#2092 = EDGE_LOOP('',(#2093,#2104,#2112,#2121,#2129,#2138,#2146,#2155));
#2093 = ORIENTED_EDGE('',*,*,#2094,.F.);
#2094 = EDGE_CURVE('',#2095,#2097,#2099,.T.);
#2095 = VERTEX_POINT('',#2096);
#2096 = CARTESIAN_POINT('',(-0.3,-0.23,4.E-02));
#2097 = VERTEX_POINT('',#2098);
#2098 = CARTESIAN_POINT('',(-0.3,-0.21,2.E-02));
#2099 = CIRCLE('',#2100,2.E-02);
#2100 = AXIS2_PLACEMENT_3D('',#2101,#2102,#2103);
#2101 = CARTESIAN_POINT('',(-0.3,-0.21,4.E-02));
#2102 = DIRECTION('',(1.,0.,-0.));
#2103 = DIRECTION('',(0.,0.,1.));
#2104 = ORIENTED_EDGE('',*,*,#2105,.T.);
#2105 = EDGE_CURVE('',#2095,#2106,#2108,.T.);
#2106 = VERTEX_POINT('',#2107);
#2107 = CARTESIAN_POINT('',(-0.3,-0.23,0.46));
#2108 = LINE('',#2109,#2110);
#2109 = CARTESIAN_POINT('',(-0.3,-0.23,2.E-02));
#2110 = VECTOR('',#2111,1.);
#2111 = DIRECTION('',(0.,0.,1.));
#2112 = ORIENTED_EDGE('',*,*,#2113,.T.);
#2113 = EDGE_CURVE('',#2106,#2114,#2116,.T.);
#2114 = VERTEX_POINT('',#2115);
#2115 = CARTESIAN_POINT('',(-0.3,-0.21,0.48));
#2116 = CIRCLE('',#2117,2.E-02);
#2117 = AXIS2_PLACEMENT_3D('',#2118,#2119,#2120);
#2118 = CARTESIAN_POINT('',(-0.3,-0.21,0.46));
#2119 = DIRECTION('',(-1.,0.,0.));
#2120 = DIRECTION('',(0.,0.,1.));
#2121 = ORIENTED_EDGE('',*,*,#2122,.T.);
#2122 = EDGE_CURVE('',#2114,#2123,#2125,.T.);
#2123 = VERTEX_POINT('',#2124);
#2124 = CARTESIAN_POINT('',(-0.3,0.21,0.48));
#2125 = LINE('',#2126,#2127);
#2126 = CARTESIAN_POINT('',(-0.3,-0.23,0.48));
#2127 = VECTOR('',#2128,1.);
#2128 = DIRECTION('',(0.,1.,0.));
#2129 = ORIENTED_EDGE('',*,*,#2130,.F.);
#2130 = EDGE_CURVE('',#2131,#2123,#2133,.T.);
#2131 = VERTEX_POINT('',#2132);
#2132 = CARTESIAN_POINT('',(-0.3,0.23,0.46));
#2133 = CIRCLE('',#2134,2.E-02);
#2134 = AXIS2_PLACEMENT_3D('',#2135,#2136,#2137);
#2135 = CARTESIAN_POINT('',(-0.3,0.21,0.46));
#2136 = DIRECTION('',(1.,0.,-0.));
#2137 = DIRECTION('',(0.,0.,1.));
#2138 = ORIENTED_EDGE('',*,*,#2139,.F.);
#2139 = EDGE_CURVE('',#2140,#2131,#2142,.T.);
#2140 = VERTEX_POINT('',#2141);
#2141 = CARTESIAN_POINT('',(-0.3,0.23,4.E-02));
#2142 = LINE('',#2143,#2144);
#2143 = CARTESIAN_POINT('',(-0.3,0.23,2.E-02));
#2144 = VECTOR('',#2145,1.);
#2145 = DIRECTION('',(0.,0.,1.));
#2146 = ORIENTED_EDGE('',*,*,#2147,.T.);
#2147 = EDGE_CURVE('',#2140,#2148,#2150,.T.);
#2148 = VERTEX_POINT('',#2149);
#2149 = CARTESIAN_POINT('',(-0.3,0.21,2.E-02));
#2150 = CIRCLE('',#2151,2.E-02);
#2151 = AXIS2_PLACEMENT_3D('',#2152,#2153,#2154);
#2152 = CARTESIAN_POINT('',(-0.3,0.21,4.E-02));
#2153 = DIRECTION('',(-1.,0.,0.));
#2154 = DIRECTION('',(0.,0.,1.));
#2155 = ORIENTED_EDGE('',*,*,#2156,.F.);
#2156 = EDGE_CURVE('',#2097,#2148,#2157,.T.);
#2157 = LINE('',#2158,#2159);
#2158 = CARTESIAN_POINT('',(-0.3,-0.23,2.E-02));
#2159 = VECTOR('',#2160,1.);
#2160 = DIRECTION('',(0.,1.,0.));
#2161 = PLANE('',#2162);
#2162 = AXIS2_PLACEMENT_3D('',#2163,#2164,#2165);
#2163 = CARTESIAN_POINT('',(-0.3,-0.25,0.));
#2164 = DIRECTION('',(1.,0.,0.));
#2165 = DIRECTION('',(0.,0.,1.));
#2166 = ADVANCED_FACE('',(#2167),#2193,.T.);
#2167 = FACE_BOUND('',#2168,.T.);
#2168 = EDGE_LOOP('',(#2169,#2170,#2178,#2187));
#2169 = ORIENTED_EDGE('',*,*,#2094,.T.);
#2170 = ORIENTED_EDGE('',*,*,#2171,.T.);
#2171 = EDGE_CURVE('',#2097,#2172,#2174,.T.);
#2172 = VERTEX_POINT('',#2173);
#2173 = CARTESIAN_POINT('',(0.3,-0.21,2.E-02));
#2174 = LINE('',#2175,#2176);
#2175 = CARTESIAN_POINT('',(-0.3,-0.21,2.E-02));
#2176 = VECTOR('',#2177,1.);
#2177 = DIRECTION('',(1.,0.,0.));
#2178 = ORIENTED_EDGE('',*,*,#2179,.F.);
#2179 = EDGE_CURVE('',#2180,#2172,#2182,.T.);
#2180 = VERTEX_POINT('',#2181);
#2181 = CARTESIAN_POINT('',(0.3,-0.23,4.E-02));
#2182 = CIRCLE('',#2183,2.E-02);
#2183 = AXIS2_PLACEMENT_3D('',#2184,#2185,#2186);
#2184 = CARTESIAN_POINT('',(0.3,-0.21,4.E-02));
#2185 = DIRECTION('',(1.,0.,-0.));
#2186 = DIRECTION('',(0.,0.,1.));
#2187 = ORIENTED_EDGE('',*,*,#2188,.F.);
#2188 = EDGE_CURVE('',#2095,#2180,#2189,.T.);
#2189 = LINE('',#2190,#2191);
#2190 = CARTESIAN_POINT('',(-0.3,-0.23,4.E-02));
#2191 = VECTOR('',#2192,1.);
#2192 = DIRECTION('',(1.,0.,0.));
#2193 = CYLINDRICAL_SURFACE('',#2194,2.E-02);
#2194 = AXIS2_PLACEMENT_3D('',#2195,#2196,#2197);
#2195 = CARTESIAN_POINT('',(-0.3,-0.21,4.E-02));
#2196 = DIRECTION('',(1.,0.,0.));
#2197 = DIRECTION('',(0.,-1.,0.));
#2198 = ADVANCED_FACE('',(#2199),#2217,.F.);
#2199 = FACE_BOUND('',#2200,.F.);
#2200 = EDGE_LOOP('',(#2201,#2202,#2203,#2211));
#2201 = ORIENTED_EDGE('',*,*,#2156,.F.);
#2202 = ORIENTED_EDGE('',*,*,#2171,.T.);
#2203 = ORIENTED_EDGE('',*,*,#2204,.T.);
#2204 = EDGE_CURVE('',#2172,#2205,#2207,.T.);
#2205 = VERTEX_POINT('',#2206);
#2206 = CARTESIAN_POINT('',(0.3,0.21,2.E-02));
#2207 = LINE('',#2208,#2209);
#2208 = CARTESIAN_POINT('',(0.3,-0.23,2.E-02));
#2209 = VECTOR('',#2210,1.);
#2210 = DIRECTION('',(0.,1.,0.));
#2211 = ORIENTED_EDGE('',*,*,#2212,.F.);
#2212 = EDGE_CURVE('',#2148,#2205,#2213,.T.);
#2213 = LINE('',#2214,#2215);
#2214 = CARTESIAN_POINT('',(-0.3,0.21,2.E-02));
#2215 = VECTOR('',#2216,1.);
#2216 = DIRECTION('',(1.,0.,0.));
#2217 = PLANE('',#2218);
#2218 = AXIS2_PLACEMENT_3D('',#2219,#2220,#2221);
#2219 = CARTESIAN_POINT('',(-0.3,-0.23,2.E-02));
#2220 = DIRECTION('',(0.,0.,1.));
#2221 = DIRECTION('',(1.,0.,-0.));
#2222 = ADVANCED_FACE('',(#2223),#2242,.T.);
#2223 = FACE_BOUND('',#2224,.T.);
#2224 = EDGE_LOOP('',(#2225,#2233,#2240,#2241));
#2225 = ORIENTED_EDGE('',*,*,#2226,.T.);
#2226 = EDGE_CURVE('',#2140,#2227,#2229,.T.);
#2227 = VERTEX_POINT('',#2228);
#2228 = CARTESIAN_POINT('',(0.3,0.23,4.E-02));
#2229 = LINE('',#2230,#2231);
#2230 = CARTESIAN_POINT('',(-0.3,0.23,4.E-02));
#2231 = VECTOR('',#2232,1.);
#2232 = DIRECTION('',(1.,0.,0.));
#2233 = ORIENTED_EDGE('',*,*,#2234,.T.);
#2234 = EDGE_CURVE('',#2227,#2205,#2235,.T.);
#2235 = CIRCLE('',#2236,2.E-02);
#2236 = AXIS2_PLACEMENT_3D('',#2237,#2238,#2239);
#2237 = CARTESIAN_POINT('',(0.3,0.21,4.E-02));
#2238 = DIRECTION('',(-1.,0.,0.));
#2239 = DIRECTION('',(0.,0.,1.));
#2240 = ORIENTED_EDGE('',*,*,#2212,.F.);
#2241 = ORIENTED_EDGE('',*,*,#2147,.F.);
#2242 = CYLINDRICAL_SURFACE('',#2243,2.E-02);
#2243 = AXIS2_PLACEMENT_3D('',#2244,#2245,#2246);
#2244 = CARTESIAN_POINT('',(-0.3,0.21,4.E-02));
#2245 = DIRECTION('',(1.,0.,0.));
#2246 = DIRECTION('',(-0.,1.,0.));
#2247 = ADVANCED_FACE('',(#2248),#2266,.T.);
#2248 = FACE_BOUND('',#2249,.T.);
#2249 = EDGE_LOOP('',(#2250,#2258,#2259,#2260));
#2250 = ORIENTED_EDGE('',*,*,#2251,.F.);
#2251 = EDGE_CURVE('',#2227,#2252,#2254,.T.);
#2252 = VERTEX_POINT('',#2253);
#2253 = CARTESIAN_POINT('',(0.3,0.23,0.46));
#2254 = LINE('',#2255,#2256);
#2255 = CARTESIAN_POINT('',(0.3,0.23,2.E-02));
#2256 = VECTOR('',#2257,1.);
#2257 = DIRECTION('',(0.,0.,1.));
#2258 = ORIENTED_EDGE('',*,*,#2226,.F.);
#2259 = ORIENTED_EDGE('',*,*,#2139,.T.);
#2260 = ORIENTED_EDGE('',*,*,#2261,.T.);
#2261 = EDGE_CURVE('',#2131,#2252,#2262,.T.);
#2262 = LINE('',#2263,#2264);
#2263 = CARTESIAN_POINT('',(-0.3,0.23,0.46));
#2264 = VECTOR('',#2265,1.);
#2265 = DIRECTION('',(1.,0.,0.));
#2266 = PLANE('',#2267);
#2267 = AXIS2_PLACEMENT_3D('',#2268,#2269,#2270);
#2268 = CARTESIAN_POINT('',(-0.3,0.23,2.E-02));
#2269 = DIRECTION('',(0.,1.,0.));
#2270 = DIRECTION('',(0.,-0.,1.));
#2271 = ADVANCED_FACE('',(#2272),#2291,.T.);
#2272 = FACE_BOUND('',#2273,.T.);
#2273 = EDGE_LOOP('',(#2274,#2275,#2283,#2290));
#2274 = ORIENTED_EDGE('',*,*,#2130,.T.);
#2275 = ORIENTED_EDGE('',*,*,#2276,.T.);
#2276 = EDGE_CURVE('',#2123,#2277,#2279,.T.);
#2277 = VERTEX_POINT('',#2278);
#2278 = CARTESIAN_POINT('',(0.3,0.21,0.48));
#2279 = LINE('',#2280,#2281);
#2280 = CARTESIAN_POINT('',(-0.3,0.21,0.48));
#2281 = VECTOR('',#2282,1.);
#2282 = DIRECTION('',(1.,0.,0.));
#2283 = ORIENTED_EDGE('',*,*,#2284,.F.);
#2284 = EDGE_CURVE('',#2252,#2277,#2285,.T.);
#2285 = CIRCLE('',#2286,2.E-02);
#2286 = AXIS2_PLACEMENT_3D('',#2287,#2288,#2289);
#2287 = CARTESIAN_POINT('',(0.3,0.21,0.46));
#2288 = DIRECTION('',(1.,0.,-0.));
#2289 = DIRECTION('',(0.,0.,1.));
#2290 = ORIENTED_EDGE('',*,*,#2261,.F.);
#2291 = CYLINDRICAL_SURFACE('',#2292,2.E-02);
#2292 = AXIS2_PLACEMENT_3D('',#2293,#2294,#2295);
#2293 = CARTESIAN_POINT('',(-0.3,0.21,0.46));
#2294 = DIRECTION('',(1.,0.,0.));
#2295 = DIRECTION('',(-0.,1.,0.));
#2296 = ADVANCED_FACE('',(#2297),#2315,.T.);
#2297 = FACE_BOUND('',#2298,.T.);
#2298 = EDGE_LOOP('',(#2299,#2300,#2308,#2314));
#2299 = ORIENTED_EDGE('',*,*,#2122,.F.);
#2300 = ORIENTED_EDGE('',*,*,#2301,.T.);
#2301 = EDGE_CURVE('',#2114,#2302,#2304,.T.);
#2302 = VERTEX_POINT('',#2303);
#2303 = CARTESIAN_POINT('',(0.3,-0.21,0.48));
#2304 = LINE('',#2305,#2306);
#2305 = CARTESIAN_POINT('',(-0.3,-0.21,0.48));
#2306 = VECTOR('',#2307,1.);
#2307 = DIRECTION('',(1.,0.,0.));
#2308 = ORIENTED_EDGE('',*,*,#2309,.T.);
#2309 = EDGE_CURVE('',#2302,#2277,#2310,.T.);
#2310 = LINE('',#2311,#2312);
#2311 = CARTESIAN_POINT('',(0.3,-0.23,0.48));
#2312 = VECTOR('',#2313,1.);
#2313 = DIRECTION('',(0.,1.,0.));
#2314 = ORIENTED_EDGE('',*,*,#2276,.F.);
#2315 = PLANE('',#2316);
#2316 = AXIS2_PLACEMENT_3D('',#2317,#2318,#2319);
#2317 = CARTESIAN_POINT('',(-0.3,-0.23,0.48));
#2318 = DIRECTION('',(0.,0.,1.));
#2319 = DIRECTION('',(1.,0.,-0.));
#2320 = ADVANCED_FACE('',(#2321),#2340,.T.);
#2321 = FACE_BOUND('',#2322,.T.);
#2322 = EDGE_LOOP('',(#2323,#2331,#2338,#2339));
#2323 = ORIENTED_EDGE('',*,*,#2324,.T.);
#2324 = EDGE_CURVE('',#2106,#2325,#2327,.T.);
#2325 = VERTEX_POINT('',#2326);
#2326 = CARTESIAN_POINT('',(0.3,-0.23,0.46));
#2327 = LINE('',#2328,#2329);
#2328 = CARTESIAN_POINT('',(-0.3,-0.23,0.46));
#2329 = VECTOR('',#2330,1.);
#2330 = DIRECTION('',(1.,0.,0.));
#2331 = ORIENTED_EDGE('',*,*,#2332,.T.);
#2332 = EDGE_CURVE('',#2325,#2302,#2333,.T.);
#2333 = CIRCLE('',#2334,2.E-02);
#2334 = AXIS2_PLACEMENT_3D('',#2335,#2336,#2337);
#2335 = CARTESIAN_POINT('',(0.3,-0.21,0.46));
#2336 = DIRECTION('',(-1.,0.,0.));
#2337 = DIRECTION('',(0.,0.,1.));
#2338 = ORIENTED_EDGE('',*,*,#2301,.F.);
#2339 = ORIENTED_EDGE('',*,*,#2113,.F.);
#2340 = CYLINDRICAL_SURFACE('',#2341,2.E-02);
#2341 = AXIS2_PLACEMENT_3D('',#2342,#2343,#2344);
#2342 = CARTESIAN_POINT('',(-0.3,-0.21,0.46));
#2343 = DIRECTION('',(1.,0.,0.));
#2344 = DIRECTION('',(0.,-1.,0.));
#2345 = ADVANCED_FACE('',(#2346),#2357,.F.);
#2346 = FACE_BOUND('',#2347,.F.);
#2347 = EDGE_LOOP('',(#2348,#2354,#2355,#2356));
#2348 = ORIENTED_EDGE('',*,*,#2349,.F.);
#2349 = EDGE_CURVE('',#2180,#2325,#2350,.T.);
#2350 = LINE('',#2351,#2352);
#2351 = CARTESIAN_POINT('',(0.3,-0.23,2.E-02));
#2352 = VECTOR('',#2353,1.);
#2353 = DIRECTION('',(0.,0.,1.));
#2354 = ORIENTED_EDGE('',*,*,#2188,.F.);
#2355 = ORIENTED_EDGE('',*,*,#2105,.T.);
#2356 = ORIENTED_EDGE('',*,*,#2324,.T.);
#2357 = PLANE('',#2358);
#2358 = AXIS2_PLACEMENT_3D('',#2359,#2360,#2361);
#2359 = CARTESIAN_POINT('',(-0.3,-0.23,2.E-02));
#2360 = DIRECTION('',(0.,1.,0.));
#2361 = DIRECTION('',(0.,-0.,1.));
#2362 = ADVANCED_FACE('',(#2363,#2433),#2443,.F.);
#2363 = FACE_BOUND('',#2364,.F.);
#2364 = EDGE_LOOP('',(#2365,#2375,#2384,#2392,#2401,#2409,#2418,#2426));
#2365 = ORIENTED_EDGE('',*,*,#2366,.F.);
#2366 = EDGE_CURVE('',#2367,#2369,#2371,.T.);
#2367 = VERTEX_POINT('',#2368);
#2368 = CARTESIAN_POINT('',(0.3,-0.25,2.E-02));
#2369 = VERTEX_POINT('',#2370);
#2370 = CARTESIAN_POINT('',(0.3,-0.25,0.48));
#2371 = LINE('',#2372,#2373);
#2372 = CARTESIAN_POINT('',(0.3,-0.25,0.));
#2373 = VECTOR('',#2374,1.);
#2374 = DIRECTION('',(0.,0.,1.));
#2375 = ORIENTED_EDGE('',*,*,#2376,.T.);
#2376 = EDGE_CURVE('',#2367,#2377,#2379,.T.);
#2377 = VERTEX_POINT('',#2378);
#2378 = CARTESIAN_POINT('',(0.3,-0.23,0.));
#2379 = CIRCLE('',#2380,2.E-02);
#2380 = AXIS2_PLACEMENT_3D('',#2381,#2382,#2383);
#2381 = CARTESIAN_POINT('',(0.3,-0.23,2.E-02));
#2382 = DIRECTION('',(1.,0.,-0.));
#2383 = DIRECTION('',(0.,0.,1.));
#2384 = ORIENTED_EDGE('',*,*,#2385,.T.);
#2385 = EDGE_CURVE('',#2377,#2386,#2388,.T.);
#2386 = VERTEX_POINT('',#2387);
#2387 = CARTESIAN_POINT('',(0.3,0.23,0.));
#2388 = LINE('',#2389,#2390);
#2389 = CARTESIAN_POINT('',(0.3,-0.25,0.));
#2390 = VECTOR('',#2391,1.);
#2391 = DIRECTION('',(0.,1.,0.));
#2392 = ORIENTED_EDGE('',*,*,#2393,.F.);
#2393 = EDGE_CURVE('',#2394,#2386,#2396,.T.);
#2394 = VERTEX_POINT('',#2395);
#2395 = CARTESIAN_POINT('',(0.3,0.25,2.E-02));
#2396 = CIRCLE('',#2397,2.E-02);
#2397 = AXIS2_PLACEMENT_3D('',#2398,#2399,#2400);
#2398 = CARTESIAN_POINT('',(0.3,0.23,2.E-02));
#2399 = DIRECTION('',(-1.,0.,0.));
#2400 = DIRECTION('',(0.,0.,1.));
#2401 = ORIENTED_EDGE('',*,*,#2402,.T.);
#2402 = EDGE_CURVE('',#2394,#2403,#2405,.T.);
#2403 = VERTEX_POINT('',#2404);
#2404 = CARTESIAN_POINT('',(0.3,0.25,0.48));
#2405 = LINE('',#2406,#2407);
#2406 = CARTESIAN_POINT('',(0.3,0.25,0.));
#2407 = VECTOR('',#2408,1.);
#2408 = DIRECTION('',(0.,0.,1.));
#2409 = ORIENTED_EDGE('',*,*,#2410,.T.);
#2410 = EDGE_CURVE('',#2403,#2411,#2413,.T.);
#2411 = VERTEX_POINT('',#2412);
#2412 = CARTESIAN_POINT('',(0.3,0.23,0.5));
#2413 = CIRCLE('',#2414,2.E-02);
#2414 = AXIS2_PLACEMENT_3D('',#2415,#2416,#2417);
#2415 = CARTESIAN_POINT('',(0.3,0.23,0.48));
#2416 = DIRECTION('',(1.,0.,-0.));
#2417 = DIRECTION('',(0.,0.,1.));
#2418 = ORIENTED_EDGE('',*,*,#2419,.F.);
#2419 = EDGE_CURVE('',#2420,#2411,#2422,.T.);
#2420 = VERTEX_POINT('',#2421);
#2421 = CARTESIAN_POINT('',(0.3,-0.23,0.5));
#2422 = LINE('',#2423,#2424);
#2423 = CARTESIAN_POINT('',(0.3,-0.25,0.5));
#2424 = VECTOR('',#2425,1.);
#2425 = DIRECTION('',(0.,1.,0.));
#2426 = ORIENTED_EDGE('',*,*,#2427,.F.);
#2427 = EDGE_CURVE('',#2369,#2420,#2428,.T.);
#2428 = CIRCLE('',#2429,2.E-02);
#2429 = AXIS2_PLACEMENT_3D('',#2430,#2431,#2432);
#2430 = CARTESIAN_POINT('',(0.3,-0.23,0.48));
#2431 = DIRECTION('',(-1.,0.,0.));
#2432 = DIRECTION('',(0.,0.,1.));
#2433 = FACE_BOUND('',#2434,.F.);
#2434 = EDGE_LOOP('',(#2435,#2436,#2437,#2438,#2439,#2440,#2441,#2442));
#2435 = ORIENTED_EDGE('',*,*,#2179,.F.);
#2436 = ORIENTED_EDGE('',*,*,#2349,.T.);
#2437 = ORIENTED_EDGE('',*,*,#2332,.T.);
#2438 = ORIENTED_EDGE('',*,*,#2309,.T.);
#2439 = ORIENTED_EDGE('',*,*,#2284,.F.);
#2440 = ORIENTED_EDGE('',*,*,#2251,.F.);
#2441 = ORIENTED_EDGE('',*,*,#2234,.T.);
#2442 = ORIENTED_EDGE('',*,*,#2204,.F.);
#2443 = PLANE('',#2444);
#2444 = AXIS2_PLACEMENT_3D('',#2445,#2446,#2447);
#2445 = CARTESIAN_POINT('',(0.3,-0.25,0.));
#2446 = DIRECTION('',(1.,0.,0.));
#2447 = DIRECTION('',(0.,0.,1.));
#2448 = ADVANCED_FACE('',(#2449),#2474,.F.);
#2449 = FACE_BOUND('',#2450,.F.);
#2450 = EDGE_LOOP('',(#2451,#2461,#2467,#2468));
#2451 = ORIENTED_EDGE('',*,*,#2452,.F.);
#2452 = EDGE_CURVE('',#2453,#2455,#2457,.T.);
#2453 = VERTEX_POINT('',#2454);
#2454 = CARTESIAN_POINT('',(0.5,-0.25,2.E-02));
#2455 = VERTEX_POINT('',#2456);
#2456 = CARTESIAN_POINT('',(0.5,-0.25,0.48));
#2457 = LINE('',#2458,#2459);
#2458 = CARTESIAN_POINT('',(0.5,-0.25,0.));
#2459 = VECTOR('',#2460,1.);
#2460 = DIRECTION('',(0.,0.,1.));
#2461 = ORIENTED_EDGE('',*,*,#2462,.F.);
#2462 = EDGE_CURVE('',#2367,#2453,#2463,.T.);
#2463 = LINE('',#2464,#2465);
#2464 = CARTESIAN_POINT('',(0.3,-0.25,2.E-02));
#2465 = VECTOR('',#2466,1.);
#2466 = DIRECTION('',(1.,0.,0.));
#2467 = ORIENTED_EDGE('',*,*,#2366,.T.);
#2468 = ORIENTED_EDGE('',*,*,#2469,.T.);
#2469 = EDGE_CURVE('',#2369,#2455,#2470,.T.);
#2470 = LINE('',#2471,#2472);
#2471 = CARTESIAN_POINT('',(0.3,-0.25,0.48));
#2472 = VECTOR('',#2473,1.);
#2473 = DIRECTION('',(1.,0.,0.));
#2474 = PLANE('',#2475);
#2475 = AXIS2_PLACEMENT_3D('',#2476,#2477,#2478);
#2476 = CARTESIAN_POINT('',(0.3,-0.25,0.));
#2477 = DIRECTION('',(0.,1.,0.));
#2478 = DIRECTION('',(0.,-0.,1.));
#2479 = ADVANCED_FACE('',(#2480),#2499,.T.);
#2480 = FACE_BOUND('',#2481,.T.);
#2481 = EDGE_LOOP('',(#2482,#2483,#2491,#2498));
#2482 = ORIENTED_EDGE('',*,*,#2376,.T.);
#2483 = ORIENTED_EDGE('',*,*,#2484,.T.);
#2484 = EDGE_CURVE('',#2377,#2485,#2487,.T.);
#2485 = VERTEX_POINT('',#2486);
#2486 = CARTESIAN_POINT('',(0.5,-0.23,0.));
#2487 = LINE('',#2488,#2489);
#2488 = CARTESIAN_POINT('',(0.3,-0.23,0.));
#2489 = VECTOR('',#2490,1.);
#2490 = DIRECTION('',(1.,0.,0.));
#2491 = ORIENTED_EDGE('',*,*,#2492,.F.);
#2492 = EDGE_CURVE('',#2453,#2485,#2493,.T.);
#2493 = CIRCLE('',#2494,2.E-02);
#2494 = AXIS2_PLACEMENT_3D('',#2495,#2496,#2497);
#2495 = CARTESIAN_POINT('',(0.5,-0.23,2.E-02));
#2496 = DIRECTION('',(1.,0.,-0.));
#2497 = DIRECTION('',(0.,0.,1.));
#2498 = ORIENTED_EDGE('',*,*,#2462,.F.);
#2499 = CYLINDRICAL_SURFACE('',#2500,2.E-02);
#2500 = AXIS2_PLACEMENT_3D('',#2501,#2502,#2503);
#2501 = CARTESIAN_POINT('',(0.3,-0.23,2.E-02));
#2502 = DIRECTION('',(1.,0.,0.));
#2503 = DIRECTION('',(0.,-1.,0.));
#2504 = ADVANCED_FACE('',(#2505),#2524,.T.);
#2505 = FACE_BOUND('',#2506,.T.);
#2506 = EDGE_LOOP('',(#2507,#2508,#2517,#2523));
#2507 = ORIENTED_EDGE('',*,*,#2469,.T.);
#2508 = ORIENTED_EDGE('',*,*,#2509,.T.);
#2509 = EDGE_CURVE('',#2455,#2510,#2512,.T.);
#2510 = VERTEX_POINT('',#2511);
#2511 = CARTESIAN_POINT('',(0.5,-0.23,0.5));
#2512 = CIRCLE('',#2513,2.E-02);
#2513 = AXIS2_PLACEMENT_3D('',#2514,#2515,#2516);
#2514 = CARTESIAN_POINT('',(0.5,-0.23,0.48));
#2515 = DIRECTION('',(-1.,0.,0.));
#2516 = DIRECTION('',(0.,0.,1.));
#2517 = ORIENTED_EDGE('',*,*,#2518,.F.);
#2518 = EDGE_CURVE('',#2420,#2510,#2519,.T.);
#2519 = LINE('',#2520,#2521);
#2520 = CARTESIAN_POINT('',(0.3,-0.23,0.5));
#2521 = VECTOR('',#2522,1.);
#2522 = DIRECTION('',(1.,0.,0.));
#2523 = ORIENTED_EDGE('',*,*,#2427,.F.);
#2524 = CYLINDRICAL_SURFACE('',#2525,2.E-02);
#2525 = AXIS2_PLACEMENT_3D('',#2526,#2527,#2528);
#2526 = CARTESIAN_POINT('',(0.3,-0.23,0.48));
#2527 = DIRECTION('',(1.,0.,0.));
#2528 = DIRECTION('',(0.,-1.,0.));
#2529 = ADVANCED_FACE('',(#2530),#2548,.F.);
#2530 = FACE_BOUND('',#2531,.F.);
#2531 = EDGE_LOOP('',(#2532,#2533,#2534,#2542));
#2532 = ORIENTED_EDGE('',*,*,#2385,.F.);
#2533 = ORIENTED_EDGE('',*,*,#2484,.T.);
#2534 = ORIENTED_EDGE('',*,*,#2535,.T.);
#2535 = EDGE_CURVE('',#2485,#2536,#2538,.T.);
#2536 = VERTEX_POINT('',#2537);
#2537 = CARTESIAN_POINT('',(0.5,0.23,0.));
#2538 = LINE('',#2539,#2540);
#2539 = CARTESIAN_POINT('',(0.5,-0.25,0.));
#2540 = VECTOR('',#2541,1.);
#2541 = DIRECTION('',(0.,1.,0.));
#2542 = ORIENTED_EDGE('',*,*,#2543,.F.);
#2543 = EDGE_CURVE('',#2386,#2536,#2544,.T.);
#2544 = LINE('',#2545,#2546);
#2545 = CARTESIAN_POINT('',(0.3,0.23,0.));
#2546 = VECTOR('',#2547,1.);
#2547 = DIRECTION('',(1.,0.,0.));
#2548 = PLANE('',#2549);
#2549 = AXIS2_PLACEMENT_3D('',#2550,#2551,#2552);
#2550 = CARTESIAN_POINT('',(0.3,-0.25,0.));
#2551 = DIRECTION('',(0.,0.,1.));
#2552 = DIRECTION('',(1.,0.,-0.));
#2553 = ADVANCED_FACE('',(#2554),#2572,.T.);
#2554 = FACE_BOUND('',#2555,.T.);
#2555 = EDGE_LOOP('',(#2556,#2557,#2558,#2566));
#2556 = ORIENTED_EDGE('',*,*,#2419,.F.);
#2557 = ORIENTED_EDGE('',*,*,#2518,.T.);
#2558 = ORIENTED_EDGE('',*,*,#2559,.T.);
#2559 = EDGE_CURVE('',#2510,#2560,#2562,.T.);
#2560 = VERTEX_POINT('',#2561);
#2561 = CARTESIAN_POINT('',(0.5,0.23,0.5));
#2562 = LINE('',#2563,#2564);
#2563 = CARTESIAN_POINT('',(0.5,-0.25,0.5));
#2564 = VECTOR('',#2565,1.);
#2565 = DIRECTION('',(0.,1.,0.));
#2566 = ORIENTED_EDGE('',*,*,#2567,.F.);
#2567 = EDGE_CURVE('',#2411,#2560,#2568,.T.);
#2568 = LINE('',#2569,#2570);
#2569 = CARTESIAN_POINT('',(0.3,0.23,0.5));
#2570 = VECTOR('',#2571,1.);
#2571 = DIRECTION('',(1.,0.,0.));
#2572 = PLANE('',#2573);
#2573 = AXIS2_PLACEMENT_3D('',#2574,#2575,#2576);
#2574 = CARTESIAN_POINT('',(0.3,-0.25,0.5));
#2575 = DIRECTION('',(0.,0.,1.));
#2576 = DIRECTION('',(1.,0.,-0.));
#2577 = ADVANCED_FACE('',(#2578),#2597,.T.);
#2578 = FACE_BOUND('',#2579,.T.);
#2579 = EDGE_LOOP('',(#2580,#2588,#2595,#2596));
#2580 = ORIENTED_EDGE('',*,*,#2581,.T.);
#2581 = EDGE_CURVE('',#2394,#2582,#2584,.T.);
#2582 = VERTEX_POINT('',#2583);
#2583 = CARTESIAN_POINT('',(0.5,0.25,2.E-02));
#2584 = LINE('',#2585,#2586);
#2585 = CARTESIAN_POINT('',(0.3,0.25,2.E-02));
#2586 = VECTOR('',#2587,1.);
#2587 = DIRECTION('',(1.,0.,0.));
#2588 = ORIENTED_EDGE('',*,*,#2589,.T.);
#2589 = EDGE_CURVE('',#2582,#2536,#2590,.T.);
#2590 = CIRCLE('',#2591,2.E-02);
#2591 = AXIS2_PLACEMENT_3D('',#2592,#2593,#2594);
#2592 = CARTESIAN_POINT('',(0.5,0.23,2.E-02));
#2593 = DIRECTION('',(-1.,0.,0.));
#2594 = DIRECTION('',(0.,0.,1.));
#2595 = ORIENTED_EDGE('',*,*,#2543,.F.);
#2596 = ORIENTED_EDGE('',*,*,#2393,.F.);
#2597 = CYLINDRICAL_SURFACE('',#2598,2.E-02);
#2598 = AXIS2_PLACEMENT_3D('',#2599,#2600,#2601);
#2599 = CARTESIAN_POINT('',(0.3,0.23,2.E-02));
#2600 = DIRECTION('',(1.,0.,0.));
#2601 = DIRECTION('',(-0.,1.,0.));
#2602 = ADVANCED_FACE('',(#2603),#2622,.T.);
#2603 = FACE_BOUND('',#2604,.T.);
#2604 = EDGE_LOOP('',(#2605,#2606,#2607,#2616));
#2605 = ORIENTED_EDGE('',*,*,#2410,.T.);
#2606 = ORIENTED_EDGE('',*,*,#2567,.T.);
#2607 = ORIENTED_EDGE('',*,*,#2608,.F.);
#2608 = EDGE_CURVE('',#2609,#2560,#2611,.T.);
#2609 = VERTEX_POINT('',#2610);
#2610 = CARTESIAN_POINT('',(0.5,0.25,0.48));
#2611 = CIRCLE('',#2612,2.E-02);
#2612 = AXIS2_PLACEMENT_3D('',#2613,#2614,#2615);
#2613 = CARTESIAN_POINT('',(0.5,0.23,0.48));
#2614 = DIRECTION('',(1.,0.,-0.));
#2615 = DIRECTION('',(0.,0.,1.));
#2616 = ORIENTED_EDGE('',*,*,#2617,.F.);
#2617 = EDGE_CURVE('',#2403,#2609,#2618,.T.);
#2618 = LINE('',#2619,#2620);
#2619 = CARTESIAN_POINT('',(0.3,0.25,0.48));
#2620 = VECTOR('',#2621,1.);
#2621 = DIRECTION('',(1.,0.,0.));
#2622 = CYLINDRICAL_SURFACE('',#2623,2.E-02);
#2623 = AXIS2_PLACEMENT_3D('',#2624,#2625,#2626);
#2624 = CARTESIAN_POINT('',(0.3,0.23,0.48));
#2625 = DIRECTION('',(1.,0.,0.));
#2626 = DIRECTION('',(-0.,1.,0.));
#2627 = ADVANCED_FACE('',(#2628),#2639,.T.);
#2628 = FACE_BOUND('',#2629,.T.);
#2629 = EDGE_LOOP('',(#2630,#2636,#2637,#2638));
#2630 = ORIENTED_EDGE('',*,*,#2631,.F.);
#2631 = EDGE_CURVE('',#2582,#2609,#2632,.T.);
#2632 = LINE('',#2633,#2634);
#2633 = CARTESIAN_POINT('',(0.5,0.25,0.));
#2634 = VECTOR('',#2635,1.);
#2635 = DIRECTION('',(0.,0.,1.));
#2636 = ORIENTED_EDGE('',*,*,#2581,.F.);
#2637 = ORIENTED_EDGE('',*,*,#2402,.T.);
#2638 = ORIENTED_EDGE('',*,*,#2617,.T.);
#2639 = PLANE('',#2640);
#2640 = AXIS2_PLACEMENT_3D('',#2641,#2642,#2643);
#2641 = CARTESIAN_POINT('',(0.3,0.25,0.));
#2642 = DIRECTION('',(0.,1.,0.));
#2643 = DIRECTION('',(0.,-0.,1.));
#2644 = ADVANCED_FACE('',(#2645),#2655,.T.);
#2645 = FACE_BOUND('',#2646,.T.);
#2646 = EDGE_LOOP('',(#2647,#2648,#2649,#2650,#2651,#2652,#2653,#2654));
#2647 = ORIENTED_EDGE('',*,*,#2452,.F.);
#2648 = ORIENTED_EDGE('',*,*,#2492,.T.);
#2649 = ORIENTED_EDGE('',*,*,#2535,.T.);
#2650 = ORIENTED_EDGE('',*,*,#2589,.F.);
#2651 = ORIENTED_EDGE('',*,*,#2631,.T.);
#2652 = ORIENTED_EDGE('',*,*,#2608,.T.);
#2653 = ORIENTED_EDGE('',*,*,#2559,.F.);
#2654 = ORIENTED_EDGE('',*,*,#2509,.F.);
#2655 = PLANE('',#2656);
#2656 = AXIS2_PLACEMENT_3D('',#2657,#2658,#2659);
#2657 = CARTESIAN_POINT('',(0.5,-0.25,0.));
#2658 = DIRECTION('',(1.,0.,0.));
#2659 = DIRECTION('',(0.,0.,1.));
#2660 = ( GEOMETRIC_REPRESENTATION_CONTEXT(3) 
GLOBAL_UNCERTAINTY_ASSIGNED_CONTEXT((#2664)) 
GLOBAL_UNIT_ASSIGNED_CONTEXT((#2661,#2662,#2663)) REPRESENTATION_CONTEXT
('Context #1','3D Context with UNIT and UNCERTAINTY') );
#2661 = ( LENGTH_UNIT() NAMED_UNIT(*) SI_UNIT(.MILLI.,.METRE.) );
#2662 = ( NAMED_UNIT(*) PLANE_ANGLE_UNIT() SI_UNIT($,.RADIAN.) );
#2663 = ( NAMED_UNIT(*) SI_UNIT($,.STERADIAN.) SOLID_ANGLE_UNIT() );
#2664 = UNCERTAINTY_MEASURE_WITH_UNIT(LENGTH_MEASURE(1.E-07),#2661,
  'distance_accuracy_value','confusion accuracy');
#2665 = CONTEXT_DEPENDENT_SHAPE_REPRESENTATION(#2666,#2668);
#2666 = ( REPRESENTATION_RELATIONSHIP('','',#1805,#10) 
REPRESENTATION_RELATIONSHIP_WITH_TRANSFORMATION(#2667) 
SHAPE_REPRESENTATION_RELATIONSHIP() );
#2667 = ITEM_DEFINED_TRANSFORMATION('','',#11,#67);
#2668 = PRODUCT_DEFINITION_SHAPE('Placement','Placement of an item',
  #2669);
#2669 = NEXT_ASSEMBLY_USAGE_OCCURRENCE('59','C1','',#5,#1800,$);
#2670 = PRODUCT_RELATED_PRODUCT_CATEGORY('part',$,(#1802));
#2671 = SHAPE_DEFINITION_REPRESENTATION(#2672,#2678);
#2672 = PRODUCT_DEFINITION_SHAPE('','',#2673);
#2673 = PRODUCT_DEFINITION('design','',#2674,#2677);
#2674 = PRODUCT_DEFINITION_FORMATION('','',#2675);
#2675 = PRODUCT('SOT-363_L2.1-W1.3-P0.65-LS2.3-BL',
  'SOT-363_L2.1-W1.3-P0.65-LS2.3-BL','',(#2676));
#2676 = PRODUCT_CONTEXT('',#2,'mechanical');
#2677 = PRODUCT_DEFINITION_CONTEXT('part definition',#2,'design');
#2678 = SHAPE_REPRESENTATION('',(#11),#2679);
#2679 = ( GEOMETRIC_REPRESENTATION_CONTEXT(3) 
GLOBAL_UNCERTAINTY_ASSIGNED_CONTEXT((#2683)) 
GLOBAL_UNIT_ASSIGNED_CONTEXT((#2680,#2681,#2682)) REPRESENTATION_CONTEXT
('Context #1','3D Context with UNIT and UNCERTAINTY') );
#2680 = ( LENGTH_UNIT() NAMED_UNIT(*) SI_UNIT(.MILLI.,.METRE.) );
#2681 = ( NAMED_UNIT(*) PLANE_ANGLE_UNIT() SI_UNIT($,.RADIAN.) );
#2682 = ( NAMED_UNIT(*) SI_UNIT($,.STERADIAN.) SOLID_ANGLE_UNIT() );
#2683 = UNCERTAINTY_MEASURE_WITH_UNIT(LENGTH_MEASURE(1.E-07),#2680,
  'distance_accuracy_value','confusion accuracy');
#2684 = CONTEXT_DEPENDENT_SHAPE_REPRESENTATION(#2685,#2687);
#2685 = ( REPRESENTATION_RELATIONSHIP('','',#2678,#10) 
REPRESENTATION_RELATIONSHIP_WITH_TRANSFORMATION(#2686) 
SHAPE_REPRESENTATION_RELATIONSHIP() );
#2686 = ITEM_DEFINED_TRANSFORMATION('','',#11,#71);
#2687 = PRODUCT_DEFINITION_SHAPE('Placement','Placement of an item',
  #2688);
#2688 = NEXT_ASSEMBLY_USAGE_OCCURRENCE('60','U5','',#5,#2673,$);
#2689 = PRODUCT_RELATED_PRODUCT_CATEGORY('part',$,(#2675));
#2690 = CONTEXT_DEPENDENT_SHAPE_REPRESENTATION(#2691,#2693);
#2691 = ( REPRESENTATION_RELATIONSHIP('','',#978,#10) 
REPRESENTATION_RELATIONSHIP_WITH_TRANSFORMATION(#2692) 
SHAPE_REPRESENTATION_RELATIONSHIP() );
#2692 = ITEM_DEFINED_TRANSFORMATION('','',#11,#75);
#2693 = PRODUCT_DEFINITION_SHAPE('Placement','Placement of an item',
  #2694);
#2694 = NEXT_ASSEMBLY_USAGE_OCCURRENCE('61','J3','',#5,#973,$);
#2695 = CONTEXT_DEPENDENT_SHAPE_REPRESENTATION(#2696,#2698);
#2696 = ( REPRESENTATION_RELATIONSHIP('','',#978,#10) 
REPRESENTATION_RELATIONSHIP_WITH_TRANSFORMATION(#2697) 
SHAPE_REPRESENTATION_RELATIONSHIP() );
#2697 = ITEM_DEFINED_TRANSFORMATION('','',#11,#79);
#2698 = PRODUCT_DEFINITION_SHAPE('Placement','Placement of an item',
  #2699);
#2699 = NEXT_ASSEMBLY_USAGE_OCCURRENCE('62','J15','',#5,#973,$);
#2700 = SHAPE_DEFINITION_REPRESENTATION(#2701,#2707);
#2701 = PRODUCT_DEFINITION_SHAPE('','',#2702);
#2702 = PRODUCT_DEFINITION('design','',#2703,#2706);
#2703 = PRODUCT_DEFINITION_FORMATION('','',#2704);
#2704 = PRODUCT('SOT-23-3P_L2.9-W1.3-H1.0-LS2.4-P0.95',
  'SOT-23-3P_L2.9-W1.3-H1.0-LS2.4-P0.95','',(#2705));
#2705 = PRODUCT_CONTEXT('',#2,'mechanical');
#2706 = PRODUCT_DEFINITION_CONTEXT('part definition',#2,'design');
#2707 = SHAPE_REPRESENTATION('',(#11),#2708);
#2708 = ( GEOMETRIC_REPRESENTATION_CONTEXT(3) 
GLOBAL_UNCERTAINTY_ASSIGNED_CONTEXT((#2712)) 
GLOBAL_UNIT_ASSIGNED_CONTEXT((#2709,#2710,#2711)) REPRESENTATION_CONTEXT
('Context #1','3D Context with UNIT and UNCERTAINTY') );
#2709 = ( LENGTH_UNIT() NAMED_UNIT(*) SI_UNIT(.MILLI.,.METRE.) );
#2710 = ( NAMED_UNIT(*) PLANE_ANGLE_UNIT() SI_UNIT($,.RADIAN.) );
#2711 = ( NAMED_UNIT(*) SI_UNIT($,.STERADIAN.) SOLID_ANGLE_UNIT() );
#2712 = UNCERTAINTY_MEASURE_WITH_UNIT(LENGTH_MEASURE(1.E-07),#2709,
  'distance_accuracy_value','confusion accuracy');
#2713 = CONTEXT_DEPENDENT_SHAPE_REPRESENTATION(#2714,#2716);
#2714 = ( REPRESENTATION_RELATIONSHIP('','',#2707,#10) 
REPRESENTATION_RELATIONSHIP_WITH_TRANSFORMATION(#2715) 
SHAPE_REPRESENTATION_RELATIONSHIP() );
#2715 = ITEM_DEFINED_TRANSFORMATION('','',#11,#83);
#2716 = PRODUCT_DEFINITION_SHAPE('Placement','Placement of an item',
  #2717);
#2717 = NEXT_ASSEMBLY_USAGE_OCCURRENCE('63','U1','',#5,#2702,$);
#2718 = PRODUCT_RELATED_PRODUCT_CATEGORY('part',$,(#2704));
#2719 = CONTEXT_DEPENDENT_SHAPE_REPRESENTATION(#2720,#2722);
#2720 = ( REPRESENTATION_RELATIONSHIP('','',#1805,#10) 
REPRESENTATION_RELATIONSHIP_WITH_TRANSFORMATION(#2721) 
SHAPE_REPRESENTATION_RELATIONSHIP() );
#2721 = ITEM_DEFINED_TRANSFORMATION('','',#11,#87);
#2722 = PRODUCT_DEFINITION_SHAPE('Placement','Placement of an item',
  #2723);
#2723 = NEXT_ASSEMBLY_USAGE_OCCURRENCE('64','C5','',#5,#1800,$);
#2724 = CONTEXT_DEPENDENT_SHAPE_REPRESENTATION(#2725,#2727);
#2725 = ( REPRESENTATION_RELATIONSHIP('','',#978,#10) 
REPRESENTATION_RELATIONSHIP_WITH_TRANSFORMATION(#2726) 
SHAPE_REPRESENTATION_RELATIONSHIP() );
#2726 = ITEM_DEFINED_TRANSFORMATION('','',#11,#91);
#2727 = PRODUCT_DEFINITION_SHAPE('Placement','Placement of an item',
  #2728);
#2728 = NEXT_ASSEMBLY_USAGE_OCCURRENCE('65','J10','',#5,#973,$);
#2729 = CONTEXT_DEPENDENT_SHAPE_REPRESENTATION(#2730,#2732);
#2730 = ( REPRESENTATION_RELATIONSHIP('','',#1805,#10) 
REPRESENTATION_RELATIONSHIP_WITH_TRANSFORMATION(#2731) 
SHAPE_REPRESENTATION_RELATIONSHIP() );
#2731 = ITEM_DEFINED_TRANSFORMATION('','',#11,#95);
#2732 = PRODUCT_DEFINITION_SHAPE('Placement','Placement of an item',
  #2733);
#2733 = NEXT_ASSEMBLY_USAGE_OCCURRENCE('66','C2','',#5,#1800,$);
#2734 = CONTEXT_DEPENDENT_SHAPE_REPRESENTATION(#2735,#2737);
#2735 = ( REPRESENTATION_RELATIONSHIP('','',#978,#10) 
REPRESENTATION_RELATIONSHIP_WITH_TRANSFORMATION(#2736) 
SHAPE_REPRESENTATION_RELATIONSHIP() );
#2736 = ITEM_DEFINED_TRANSFORMATION('','',#11,#99);
#2737 = PRODUCT_DEFINITION_SHAPE('Placement','Placement of an item',
  #2738);
#2738 = NEXT_ASSEMBLY_USAGE_OCCURRENCE('67','J14','',#5,#973,$);
#2739 = SHAPE_DEFINITION_REPRESENTATION(#2740,#2746);
#2740 = PRODUCT_DEFINITION_SHAPE('','',#2741);
#2741 = PRODUCT_DEFINITION('design','',#2742,#2745);
#2742 = PRODUCT_DEFINITION_FORMATION('','',#2743);
#2743 = PRODUCT('QFN-24-1EP_3x3mm_P0.4mm_EP1.75x1.6mm',
  'QFN-24-1EP_3x3mm_P0.4mm_EP1.75x1.6mm','',(#2744));
#2744 = PRODUCT_CONTEXT('',#2,'mechanical');
#2745 = PRODUCT_DEFINITION_CONTEXT('part definition',#2,'design');
#2746 = ADVANCED_BREP_SHAPE_REPRESENTATION('',(#11,#2747),#7917);
#2747 = MANIFOLD_SOLID_BREP('',#2748);
#2748 = CLOSED_SHELL('',(#2749,#2790,#2837,#2862,#2902,#2919,#3769,#3924
    ,#3936,#4098,#4138,#4178,#4203,#4228,#4261,#4294,#4334,#4374,#4399,
    #4424,#4457,#4490,#4530,#4570,#4595,#4620,#4653,#4686,#4726,#4766,
    #4791,#4816,#4849,#4882,#4922,#4962,#4987,#5012,#5045,#5078,#5118,
    #5143,#5176,#5338,#5493,#5533,#5573,#5598,#5623,#5656,#5689,#5729,
    #5769,#5794,#5819,#5852,#5885,#5925,#5965,#5990,#6015,#6048,#6081,
    #6121,#6161,#6186,#6211,#6244,#6277,#6317,#6357,#6382,#6407,#6440,
    #6473,#6513,#6553,#6578,#6603,#6636,#6669,#6700,#6724,#6748,#6772,
    #6789,#6812,#6829,#6846,#6863,#6880,#6897,#6914,#6931,#6948,#6965,
    #6982,#6999,#7016,#7028,#7045,#7057,#7074,#7086,#7103,#7115,#7132,
    #7144,#7161,#7173,#7190,#7202,#7219,#7231,#7248,#7260,#7277,#7289,
    #7306,#7318,#7335,#7352,#7369,#7386,#7403,#7420,#7437,#7454,#7471,
    #7488,#7505,#7522,#7539,#7551,#7568,#7580,#7597,#7609,#7626,#7638,
    #7655,#7667,#7684,#7696,#7713,#7725,#7742,#7754,#7771,#7783,#7800,
    #7812,#7829,#7841,#7858,#7870,#7883,#7908));
#2749 = ADVANCED_FACE('',(#2750),#2785,.T.);
#2750 = FACE_BOUND('',#2751,.F.);
#2751 = EDGE_LOOP('',(#2752,#2762,#2771,#2779));
#2752 = ORIENTED_EDGE('',*,*,#2753,.T.);
#2753 = EDGE_CURVE('',#2754,#2756,#2758,.T.);
#2754 = VERTEX_POINT('',#2755);
#2755 = CARTESIAN_POINT('',(-1.5,-1.1,0.));
#2756 = VERTEX_POINT('',#2757);
#2757 = CARTESIAN_POINT('',(-1.2,-1.1,0.));
#2758 = LINE('',#2759,#2760);
#2759 = CARTESIAN_POINT('',(-1.5,-1.1,0.));
#2760 = VECTOR('',#2761,1.);
#2761 = DIRECTION('',(1.,-4.669739647545E-16,0.));
#2762 = ORIENTED_EDGE('',*,*,#2763,.T.);
#2763 = EDGE_CURVE('',#2756,#2764,#2766,.T.);
#2764 = VERTEX_POINT('',#2765);
#2765 = CARTESIAN_POINT('',(-1.2,-0.9,0.));
#2766 = CIRCLE('',#2767,0.1);
#2767 = AXIS2_PLACEMENT_3D('',#2768,#2769,#2770);
#2768 = CARTESIAN_POINT('',(-1.2,-1.,0.));
#2769 = DIRECTION('',(-0.,0.,1.));
#2770 = DIRECTION('',(8.813754755808E-17,-1.,0.));
#2771 = ORIENTED_EDGE('',*,*,#2772,.T.);
#2772 = EDGE_CURVE('',#2764,#2773,#2775,.T.);
#2773 = VERTEX_POINT('',#2774);
#2774 = CARTESIAN_POINT('',(-1.5,-0.9,0.));
#2775 = LINE('',#2776,#2777);
#2776 = CARTESIAN_POINT('',(-1.2,-0.9,0.));
#2777 = VECTOR('',#2778,1.);
#2778 = DIRECTION('',(-1.,4.207146720618E-16,0.));
#2779 = ORIENTED_EDGE('',*,*,#2780,.T.);
#2780 = EDGE_CURVE('',#2773,#2754,#2781,.T.);
#2781 = LINE('',#2782,#2783);
#2782 = CARTESIAN_POINT('',(-1.5,-0.9,0.));
#2783 = VECTOR('',#2784,1.);
#2784 = DIRECTION('',(-4.669739647545E-16,-1.,0.));
#2785 = PLANE('',#2786);
#2786 = AXIS2_PLACEMENT_3D('',#2787,#2788,#2789);
#2787 = CARTESIAN_POINT('',(-1.5,-1.1,0.));
#2788 = DIRECTION('',(0.,-0.,-1.));
#2789 = DIRECTION('',(4.669739647545E-16,1.,0.));
#2790 = ADVANCED_FACE('',(#2791),#2832,.F.);
#2791 = FACE_BOUND('',#2792,.F.);
#2792 = EDGE_LOOP('',(#2793,#2794,#2802,#2810,#2818,#2826));
#2793 = ORIENTED_EDGE('',*,*,#2753,.F.);
#2794 = ORIENTED_EDGE('',*,*,#2795,.T.);
#2795 = EDGE_CURVE('',#2754,#2796,#2798,.T.);
#2796 = VERTEX_POINT('',#2797);
#2797 = CARTESIAN_POINT('',(-1.5,-1.1,0.2));
#2798 = LINE('',#2799,#2800);
#2799 = CARTESIAN_POINT('',(-1.5,-1.1,0.));
#2800 = VECTOR('',#2801,1.);
#2801 = DIRECTION('',(0.,0.,1.));
#2802 = ORIENTED_EDGE('',*,*,#2803,.T.);
#2803 = EDGE_CURVE('',#2796,#2804,#2806,.T.);
#2804 = VERTEX_POINT('',#2805);
#2805 = CARTESIAN_POINT('',(-1.49,-1.1,0.2));
#2806 = LINE('',#2807,#2808);
#2807 = CARTESIAN_POINT('',(-1.5,-1.1,0.2));
#2808 = VECTOR('',#2809,1.);
#2809 = DIRECTION('',(1.,-4.669739647545E-16,0.));
#2810 = ORIENTED_EDGE('',*,*,#2811,.F.);
#2811 = EDGE_CURVE('',#2812,#2804,#2814,.T.);
#2812 = VERTEX_POINT('',#2813);
#2813 = CARTESIAN_POINT('',(-1.49,-1.1,2.E-02));
#2814 = LINE('',#2815,#2816);
#2815 = CARTESIAN_POINT('',(-1.49,-1.1,1.E-02));
#2816 = VECTOR('',#2817,1.);
#2817 = DIRECTION('',(0.,0.,1.));
#2818 = ORIENTED_EDGE('',*,*,#2819,.F.);
#2819 = EDGE_CURVE('',#2820,#2812,#2822,.T.);
#2820 = VERTEX_POINT('',#2821);
#2821 = CARTESIAN_POINT('',(-1.2,-1.1,2.E-02));
#2822 = LINE('',#2823,#2824);
#2823 = CARTESIAN_POINT('',(-1.495,-1.1,2.E-02));
#2824 = VECTOR('',#2825,1.);
#2825 = DIRECTION('',(-1.,4.669739647545E-16,0.));
#2826 = ORIENTED_EDGE('',*,*,#2827,.F.);
#2827 = EDGE_CURVE('',#2756,#2820,#2828,.T.);
#2828 = LINE('',#2829,#2830);
#2829 = CARTESIAN_POINT('',(-1.2,-1.1,0.));
#2830 = VECTOR('',#2831,1.);
#2831 = DIRECTION('',(0.,0.,1.));
#2832 = PLANE('',#2833);
#2833 = AXIS2_PLACEMENT_3D('',#2834,#2835,#2836);
#2834 = CARTESIAN_POINT('',(-1.5,-1.1,0.));
#2835 = DIRECTION('',(4.669739647545E-16,1.,0.));
#2836 = DIRECTION('',(1.,-4.669739647545E-16,0.));
#2837 = ADVANCED_FACE('',(#2838),#2857,.T.);
#2838 = FACE_BOUND('',#2839,.T.);
#2839 = EDGE_LOOP('',(#2840,#2848,#2855,#2856));
#2840 = ORIENTED_EDGE('',*,*,#2841,.T.);
#2841 = EDGE_CURVE('',#2764,#2842,#2844,.T.);
#2842 = VERTEX_POINT('',#2843);
#2843 = CARTESIAN_POINT('',(-1.2,-0.9,2.E-02));
#2844 = LINE('',#2845,#2846);
#2845 = CARTESIAN_POINT('',(-1.2,-0.9,0.));
#2846 = VECTOR('',#2847,1.);
#2847 = DIRECTION('',(0.,0.,1.));
#2848 = ORIENTED_EDGE('',*,*,#2849,.T.);
#2849 = EDGE_CURVE('',#2842,#2820,#2850,.T.);
#2850 = CIRCLE('',#2851,0.1);
#2851 = AXIS2_PLACEMENT_3D('',#2852,#2853,#2854);
#2852 = CARTESIAN_POINT('',(-1.2,-1.,2.E-02));
#2853 = DIRECTION('',(0.,-0.,-1.));
#2854 = DIRECTION('',(8.813754755808E-17,-1.,0.));
#2855 = ORIENTED_EDGE('',*,*,#2827,.F.);
#2856 = ORIENTED_EDGE('',*,*,#2763,.T.);
#2857 = CYLINDRICAL_SURFACE('',#2858,0.1);
#2858 = AXIS2_PLACEMENT_3D('',#2859,#2860,#2861);
#2859 = CARTESIAN_POINT('',(-1.2,-1.,0.));
#2860 = DIRECTION('',(0.,0.,-1.));
#2861 = DIRECTION('',(8.813754755808E-17,-1.,0.));
#2862 = ADVANCED_FACE('',(#2863),#2897,.F.);
#2863 = FACE_BOUND('',#2864,.F.);
#2864 = EDGE_LOOP('',(#2865,#2866,#2867,#2875,#2883,#2891));
#2865 = ORIENTED_EDGE('',*,*,#2772,.F.);
#2866 = ORIENTED_EDGE('',*,*,#2841,.T.);
#2867 = ORIENTED_EDGE('',*,*,#2868,.F.);
#2868 = EDGE_CURVE('',#2869,#2842,#2871,.T.);
#2869 = VERTEX_POINT('',#2870);
#2870 = CARTESIAN_POINT('',(-1.49,-0.9,2.E-02));
#2871 = LINE('',#2872,#2873);
#2872 = CARTESIAN_POINT('',(-1.345,-0.9,2.E-02));
#2873 = VECTOR('',#2874,1.);
#2874 = DIRECTION('',(1.,-4.207146720618E-16,0.));
#2875 = ORIENTED_EDGE('',*,*,#2876,.F.);
#2876 = EDGE_CURVE('',#2877,#2869,#2879,.T.);
#2877 = VERTEX_POINT('',#2878);
#2878 = CARTESIAN_POINT('',(-1.49,-0.9,0.2));
#2879 = LINE('',#2880,#2881);
#2880 = CARTESIAN_POINT('',(-1.49,-0.9,1.E-02));
#2881 = VECTOR('',#2882,1.);
#2882 = DIRECTION('',(0.,-0.,-1.));
#2883 = ORIENTED_EDGE('',*,*,#2884,.T.);
#2884 = EDGE_CURVE('',#2877,#2885,#2887,.T.);
#2885 = VERTEX_POINT('',#2886);
#2886 = CARTESIAN_POINT('',(-1.5,-0.9,0.2));
#2887 = LINE('',#2888,#2889);
#2888 = CARTESIAN_POINT('',(-1.2,-0.9,0.2));
#2889 = VECTOR('',#2890,1.);
#2890 = DIRECTION('',(-1.,4.207146720618E-16,0.));
#2891 = ORIENTED_EDGE('',*,*,#2892,.F.);
#2892 = EDGE_CURVE('',#2773,#2885,#2893,.T.);
#2893 = LINE('',#2894,#2895);
#2894 = CARTESIAN_POINT('',(-1.5,-0.9,0.));
#2895 = VECTOR('',#2896,1.);
#2896 = DIRECTION('',(0.,0.,1.));
#2897 = PLANE('',#2898);
#2898 = AXIS2_PLACEMENT_3D('',#2899,#2900,#2901);
#2899 = CARTESIAN_POINT('',(-1.2,-0.9,0.));
#2900 = DIRECTION('',(-4.207146720618E-16,-1.,0.));
#2901 = DIRECTION('',(-1.,4.207146720618E-16,0.));
#2902 = ADVANCED_FACE('',(#2903),#2914,.F.);
#2903 = FACE_BOUND('',#2904,.F.);
#2904 = EDGE_LOOP('',(#2905,#2906,#2912,#2913));
#2905 = ORIENTED_EDGE('',*,*,#2892,.T.);
#2906 = ORIENTED_EDGE('',*,*,#2907,.T.);
#2907 = EDGE_CURVE('',#2885,#2796,#2908,.T.);
#2908 = LINE('',#2909,#2910);
#2909 = CARTESIAN_POINT('',(-1.5,-0.9,0.2));
#2910 = VECTOR('',#2911,1.);
#2911 = DIRECTION('',(-4.669739647545E-16,-1.,0.));
#2912 = ORIENTED_EDGE('',*,*,#2795,.F.);
#2913 = ORIENTED_EDGE('',*,*,#2780,.F.);
#2914 = PLANE('',#2915);
#2915 = AXIS2_PLACEMENT_3D('',#2916,#2917,#2918);
#2916 = CARTESIAN_POINT('',(-1.5,-0.9,0.));
#2917 = DIRECTION('',(1.,-4.669739647545E-16,0.));
#2918 = DIRECTION('',(-4.669739647545E-16,-1.,0.));
#2919 = ADVANCED_FACE('',(#2920,#3722),#3764,.F.);
#2920 = FACE_BOUND('',#2921,.F.);
#2921 = EDGE_LOOP('',(#2922,#2932,#2940,#2948,#2957,#2965,#2973,#2981,
    #2990,#2998,#3006,#3014,#3023,#3031,#3039,#3047,#3056,#3064,#3072,
    #3080,#3089,#3097,#3103,#3104,#3105,#3106,#3114,#3122,#3130,#3139,
    #3147,#3155,#3163,#3172,#3180,#3188,#3196,#3205,#3213,#3221,#3229,
    #3238,#3246,#3254,#3262,#3271,#3279,#3287,#3295,#3304,#3312,#3320,
    #3328,#3336,#3345,#3353,#3361,#3369,#3378,#3386,#3394,#3402,#3411,
    #3419,#3427,#3435,#3444,#3452,#3460,#3468,#3477,#3485,#3493,#3501,
    #3510,#3518,#3526,#3534,#3542,#3551,#3559,#3567,#3575,#3584,#3592,
    #3600,#3608,#3617,#3625,#3633,#3641,#3650,#3658,#3666,#3674,#3683,
    #3691,#3699,#3707,#3716));
#2922 = ORIENTED_EDGE('',*,*,#2923,.F.);
#2923 = EDGE_CURVE('',#2924,#2926,#2928,.T.);
#2924 = VERTEX_POINT('',#2925);
#2925 = CARTESIAN_POINT('',(-1.49,1.49,2.E-02));
#2926 = VERTEX_POINT('',#2927);
#2927 = CARTESIAN_POINT('',(-1.1,1.49,2.E-02));
#2928 = LINE('',#2929,#2930);
#2929 = CARTESIAN_POINT('',(-1.49,1.49,2.E-02));
#2930 = VECTOR('',#2931,1.);
#2931 = DIRECTION('',(1.,-2.22044604925E-16,0.));
#2932 = ORIENTED_EDGE('',*,*,#2933,.T.);
#2933 = EDGE_CURVE('',#2924,#2934,#2936,.T.);
#2934 = VERTEX_POINT('',#2935);
#2935 = CARTESIAN_POINT('',(-1.49,1.1,2.E-02));
#2936 = LINE('',#2937,#2938);
#2937 = CARTESIAN_POINT('',(-1.49,1.49,2.E-02));
#2938 = VECTOR('',#2939,1.);
#2939 = DIRECTION('',(-2.22044604925E-16,-1.,0.));
#2940 = ORIENTED_EDGE('',*,*,#2941,.T.);
#2941 = EDGE_CURVE('',#2934,#2942,#2944,.T.);
#2942 = VERTEX_POINT('',#2943);
#2943 = CARTESIAN_POINT('',(-1.2,1.1,2.E-02));
#2944 = LINE('',#2945,#2946);
#2945 = CARTESIAN_POINT('',(-1.345,1.1,2.E-02));
#2946 = VECTOR('',#2947,1.);
#2947 = DIRECTION('',(1.,-4.207146720618E-16,0.));
#2948 = ORIENTED_EDGE('',*,*,#2949,.T.);
#2949 = EDGE_CURVE('',#2942,#2950,#2952,.T.);
#2950 = VERTEX_POINT('',#2951);
#2951 = CARTESIAN_POINT('',(-1.2,0.9,2.E-02));
#2952 = CIRCLE('',#2953,0.1);
#2953 = AXIS2_PLACEMENT_3D('',#2954,#2955,#2956);
#2954 = CARTESIAN_POINT('',(-1.2,1.,2.E-02));
#2955 = DIRECTION('',(0.,-0.,-1.));
#2956 = DIRECTION('',(8.813754755808E-17,-1.,0.));
#2957 = ORIENTED_EDGE('',*,*,#2958,.T.);
#2958 = EDGE_CURVE('',#2950,#2959,#2961,.T.);
#2959 = VERTEX_POINT('',#2960);
#2960 = CARTESIAN_POINT('',(-1.49,0.9,2.E-02));
#2961 = LINE('',#2962,#2963);
#2962 = CARTESIAN_POINT('',(-1.495,0.9,2.E-02));
#2963 = VECTOR('',#2964,1.);
#2964 = DIRECTION('',(-1.,4.669739647545E-16,0.));
#2965 = ORIENTED_EDGE('',*,*,#2966,.T.);
#2966 = EDGE_CURVE('',#2959,#2967,#2969,.T.);
#2967 = VERTEX_POINT('',#2968);
#2968 = CARTESIAN_POINT('',(-1.49,0.7,2.E-02));
#2969 = LINE('',#2970,#2971);
#2970 = CARTESIAN_POINT('',(-1.49,1.49,2.E-02));
#2971 = VECTOR('',#2972,1.);
#2972 = DIRECTION('',(-2.22044604925E-16,-1.,0.));
#2973 = ORIENTED_EDGE('',*,*,#2974,.T.);
#2974 = EDGE_CURVE('',#2967,#2975,#2977,.T.);
#2975 = VERTEX_POINT('',#2976);
#2976 = CARTESIAN_POINT('',(-1.2,0.7,2.E-02));
#2977 = LINE('',#2978,#2979);
#2978 = CARTESIAN_POINT('',(-1.345,0.7,2.E-02));
#2979 = VECTOR('',#2980,1.);
#2980 = DIRECTION('',(1.,-4.207146720618E-16,0.));
#2981 = ORIENTED_EDGE('',*,*,#2982,.T.);
#2982 = EDGE_CURVE('',#2975,#2983,#2985,.T.);
#2983 = VERTEX_POINT('',#2984);
#2984 = CARTESIAN_POINT('',(-1.2,0.5,2.E-02));
#2985 = CIRCLE('',#2986,0.1);
#2986 = AXIS2_PLACEMENT_3D('',#2987,#2988,#2989);
#2987 = CARTESIAN_POINT('',(-1.2,0.6,2.E-02));
#2988 = DIRECTION('',(0.,-0.,-1.));
#2989 = DIRECTION('',(8.813754755808E-17,-1.,0.));
#2990 = ORIENTED_EDGE('',*,*,#2991,.T.);
#2991 = EDGE_CURVE('',#2983,#2992,#2994,.T.);
#2992 = VERTEX_POINT('',#2993);
#2993 = CARTESIAN_POINT('',(-1.49,0.5,2.E-02));
#2994 = LINE('',#2995,#2996);
#2995 = CARTESIAN_POINT('',(-1.495,0.5,2.E-02));
#2996 = VECTOR('',#2997,1.);
#2997 = DIRECTION('',(-1.,4.669739647545E-16,0.));
#2998 = ORIENTED_EDGE('',*,*,#2999,.T.);
#2999 = EDGE_CURVE('',#2992,#3000,#3002,.T.);
#3000 = VERTEX_POINT('',#3001);
#3001 = CARTESIAN_POINT('',(-1.49,0.3,2.E-02));
#3002 = LINE('',#3003,#3004);
#3003 = CARTESIAN_POINT('',(-1.49,1.49,2.E-02));
#3004 = VECTOR('',#3005,1.);
#3005 = DIRECTION('',(-2.22044604925E-16,-1.,0.));
#3006 = ORIENTED_EDGE('',*,*,#3007,.T.);
#3007 = EDGE_CURVE('',#3000,#3008,#3010,.T.);
#3008 = VERTEX_POINT('',#3009);
#3009 = CARTESIAN_POINT('',(-1.2,0.3,2.E-02));
#3010 = LINE('',#3011,#3012);
#3011 = CARTESIAN_POINT('',(-1.345,0.3,2.E-02));
#3012 = VECTOR('',#3013,1.);
#3013 = DIRECTION('',(1.,-4.207146720618E-16,0.));
#3014 = ORIENTED_EDGE('',*,*,#3015,.T.);
#3015 = EDGE_CURVE('',#3008,#3016,#3018,.T.);
#3016 = VERTEX_POINT('',#3017);
#3017 = CARTESIAN_POINT('',(-1.2,0.1,2.E-02));
#3018 = CIRCLE('',#3019,0.1);
#3019 = AXIS2_PLACEMENT_3D('',#3020,#3021,#3022);
#3020 = CARTESIAN_POINT('',(-1.2,0.2,2.E-02));
#3021 = DIRECTION('',(0.,-0.,-1.));
#3022 = DIRECTION('',(8.813754755808E-17,-1.,0.));
#3023 = ORIENTED_EDGE('',*,*,#3024,.T.);
#3024 = EDGE_CURVE('',#3016,#3025,#3027,.T.);
#3025 = VERTEX_POINT('',#3026);
#3026 = CARTESIAN_POINT('',(-1.49,0.1,2.E-02));
#3027 = LINE('',#3028,#3029);
#3028 = CARTESIAN_POINT('',(-1.495,0.1,2.E-02));
#3029 = VECTOR('',#3030,1.);
#3030 = DIRECTION('',(-1.,4.669739647545E-16,0.));
#3031 = ORIENTED_EDGE('',*,*,#3032,.T.);
#3032 = EDGE_CURVE('',#3025,#3033,#3035,.T.);
#3033 = VERTEX_POINT('',#3034);
#3034 = CARTESIAN_POINT('',(-1.49,-0.1,2.E-02));
#3035 = LINE('',#3036,#3037);
#3036 = CARTESIAN_POINT('',(-1.49,1.49,2.E-02));
#3037 = VECTOR('',#3038,1.);
#3038 = DIRECTION('',(-2.22044604925E-16,-1.,0.));
#3039 = ORIENTED_EDGE('',*,*,#3040,.T.);
#3040 = EDGE_CURVE('',#3033,#3041,#3043,.T.);
#3041 = VERTEX_POINT('',#3042);
#3042 = CARTESIAN_POINT('',(-1.2,-0.1,2.E-02));
#3043 = LINE('',#3044,#3045);
#3044 = CARTESIAN_POINT('',(-1.345,-0.1,2.E-02));
#3045 = VECTOR('',#3046,1.);
#3046 = DIRECTION('',(1.,-4.207146720618E-16,0.));
#3047 = ORIENTED_EDGE('',*,*,#3048,.T.);
#3048 = EDGE_CURVE('',#3041,#3049,#3051,.T.);
#3049 = VERTEX_POINT('',#3050);
#3050 = CARTESIAN_POINT('',(-1.2,-0.3,2.E-02));
#3051 = CIRCLE('',#3052,0.1);
#3052 = AXIS2_PLACEMENT_3D('',#3053,#3054,#3055);
#3053 = CARTESIAN_POINT('',(-1.2,-0.2,2.E-02));
#3054 = DIRECTION('',(0.,-0.,-1.));
#3055 = DIRECTION('',(8.813754755808E-17,-1.,0.));
#3056 = ORIENTED_EDGE('',*,*,#3057,.T.);
#3057 = EDGE_CURVE('',#3049,#3058,#3060,.T.);
#3058 = VERTEX_POINT('',#3059);
#3059 = CARTESIAN_POINT('',(-1.49,-0.3,2.E-02));
#3060 = LINE('',#3061,#3062);
#3061 = CARTESIAN_POINT('',(-1.495,-0.3,2.E-02));
#3062 = VECTOR('',#3063,1.);
#3063 = DIRECTION('',(-1.,4.669739647545E-16,0.));
#3064 = ORIENTED_EDGE('',*,*,#3065,.T.);
#3065 = EDGE_CURVE('',#3058,#3066,#3068,.T.);
#3066 = VERTEX_POINT('',#3067);
#3067 = CARTESIAN_POINT('',(-1.49,-0.5,2.E-02));
#3068 = LINE('',#3069,#3070);
#3069 = CARTESIAN_POINT('',(-1.49,1.49,2.E-02));
#3070 = VECTOR('',#3071,1.);
#3071 = DIRECTION('',(-2.22044604925E-16,-1.,0.));
#3072 = ORIENTED_EDGE('',*,*,#3073,.T.);
#3073 = EDGE_CURVE('',#3066,#3074,#3076,.T.);
#3074 = VERTEX_POINT('',#3075);
#3075 = CARTESIAN_POINT('',(-1.2,-0.5,2.E-02));
#3076 = LINE('',#3077,#3078);
#3077 = CARTESIAN_POINT('',(-1.345,-0.5,2.E-02));
#3078 = VECTOR('',#3079,1.);
#3079 = DIRECTION('',(1.,-4.207146720618E-16,0.));
#3080 = ORIENTED_EDGE('',*,*,#3081,.T.);
#3081 = EDGE_CURVE('',#3074,#3082,#3084,.T.);
#3082 = VERTEX_POINT('',#3083);
#3083 = CARTESIAN_POINT('',(-1.2,-0.7,2.E-02));
#3084 = CIRCLE('',#3085,0.1);
#3085 = AXIS2_PLACEMENT_3D('',#3086,#3087,#3088);
#3086 = CARTESIAN_POINT('',(-1.2,-0.6,2.E-02));
#3087 = DIRECTION('',(0.,-0.,-1.));
#3088 = DIRECTION('',(8.813754755808E-17,-1.,0.));
#3089 = ORIENTED_EDGE('',*,*,#3090,.T.);
#3090 = EDGE_CURVE('',#3082,#3091,#3093,.T.);
#3091 = VERTEX_POINT('',#3092);
#3092 = CARTESIAN_POINT('',(-1.49,-0.7,2.E-02));
#3093 = LINE('',#3094,#3095);
#3094 = CARTESIAN_POINT('',(-1.495,-0.7,2.E-02));
#3095 = VECTOR('',#3096,1.);
#3096 = DIRECTION('',(-1.,4.669739647545E-16,0.));
#3097 = ORIENTED_EDGE('',*,*,#3098,.T.);
#3098 = EDGE_CURVE('',#3091,#2869,#3099,.T.);
#3099 = LINE('',#3100,#3101);
#3100 = CARTESIAN_POINT('',(-1.49,1.49,2.E-02));
#3101 = VECTOR('',#3102,1.);
#3102 = DIRECTION('',(-2.22044604925E-16,-1.,0.));
#3103 = ORIENTED_EDGE('',*,*,#2868,.T.);
#3104 = ORIENTED_EDGE('',*,*,#2849,.T.);
#3105 = ORIENTED_EDGE('',*,*,#2819,.T.);
#3106 = ORIENTED_EDGE('',*,*,#3107,.T.);
#3107 = EDGE_CURVE('',#2812,#3108,#3110,.T.);
#3108 = VERTEX_POINT('',#3109);
#3109 = CARTESIAN_POINT('',(-1.49,-1.49,2.E-02));
#3110 = LINE('',#3111,#3112);
#3111 = CARTESIAN_POINT('',(-1.49,1.49,2.E-02));
#3112 = VECTOR('',#3113,1.);
#3113 = DIRECTION('',(-2.22044604925E-16,-1.,0.));
#3114 = ORIENTED_EDGE('',*,*,#3115,.T.);
#3115 = EDGE_CURVE('',#3108,#3116,#3118,.T.);
#3116 = VERTEX_POINT('',#3117);
#3117 = CARTESIAN_POINT('',(-1.1,-1.49,2.E-02));
#3118 = LINE('',#3119,#3120);
#3119 = CARTESIAN_POINT('',(-1.49,-1.49,2.E-02));
#3120 = VECTOR('',#3121,1.);
#3121 = DIRECTION('',(1.,-2.22044604925E-16,0.));
#3122 = ORIENTED_EDGE('',*,*,#3123,.T.);
#3123 = EDGE_CURVE('',#3116,#3124,#3126,.T.);
#3124 = VERTEX_POINT('',#3125);
#3125 = CARTESIAN_POINT('',(-1.1,-1.2,2.E-02));
#3126 = LINE('',#3127,#3128);
#3127 = CARTESIAN_POINT('',(-1.1,0.145,2.E-02));
#3128 = VECTOR('',#3129,1.);
#3129 = DIRECTION('',(5.202945970721E-16,1.,0.));
#3130 = ORIENTED_EDGE('',*,*,#3131,.T.);
#3131 = EDGE_CURVE('',#3124,#3132,#3134,.T.);
#3132 = VERTEX_POINT('',#3133);
#3133 = CARTESIAN_POINT('',(-0.9,-1.2,2.E-02));
#3134 = CIRCLE('',#3135,0.1);
#3135 = AXIS2_PLACEMENT_3D('',#3136,#3137,#3138);
#3136 = CARTESIAN_POINT('',(-1.,-1.2,2.E-02));
#3137 = DIRECTION('',(0.,-0.,-1.));
#3138 = DIRECTION('',(1.,-1.144237745222E-17,0.));
#3139 = ORIENTED_EDGE('',*,*,#3140,.T.);
#3140 = EDGE_CURVE('',#3132,#3141,#3143,.T.);
#3141 = VERTEX_POINT('',#3142);
#3142 = CARTESIAN_POINT('',(-0.9,-1.49,2.E-02));
#3143 = LINE('',#3144,#3145);
#3144 = CARTESIAN_POINT('',(-0.9,-5.E-03,2.E-02));
#3145 = VECTOR('',#3146,1.);
#3146 = DIRECTION('',(-5.665538897648E-16,-1.,0.));
#3147 = ORIENTED_EDGE('',*,*,#3148,.T.);
#3148 = EDGE_CURVE('',#3141,#3149,#3151,.T.);
#3149 = VERTEX_POINT('',#3150);
#3150 = CARTESIAN_POINT('',(-0.7,-1.49,2.E-02));
#3151 = LINE('',#3152,#3153);
#3152 = CARTESIAN_POINT('',(-1.49,-1.49,2.E-02));
#3153 = VECTOR('',#3154,1.);
#3154 = DIRECTION('',(1.,-2.22044604925E-16,0.));
#3155 = ORIENTED_EDGE('',*,*,#3156,.T.);
#3156 = EDGE_CURVE('',#3149,#3157,#3159,.T.);
#3157 = VERTEX_POINT('',#3158);
#3158 = CARTESIAN_POINT('',(-0.7,-1.2,2.E-02));
#3159 = LINE('',#3160,#3161);
#3160 = CARTESIAN_POINT('',(-0.7,0.145,2.E-02));
#3161 = VECTOR('',#3162,1.);
#3162 = DIRECTION('',(5.202945970721E-16,1.,0.));
#3163 = ORIENTED_EDGE('',*,*,#3164,.T.);
#3164 = EDGE_CURVE('',#3157,#3165,#3167,.T.);
#3165 = VERTEX_POINT('',#3166);
#3166 = CARTESIAN_POINT('',(-0.5,-1.2,2.E-02));
#3167 = CIRCLE('',#3168,0.1);
#3168 = AXIS2_PLACEMENT_3D('',#3169,#3170,#3171);
#3169 = CARTESIAN_POINT('',(-0.6,-1.2,2.E-02));
#3170 = DIRECTION('',(0.,-0.,-1.));
#3171 = DIRECTION('',(1.,-1.144237745222E-17,0.));
#3172 = ORIENTED_EDGE('',*,*,#3173,.T.);
#3173 = EDGE_CURVE('',#3165,#3174,#3176,.T.);
#3174 = VERTEX_POINT('',#3175);
#3175 = CARTESIAN_POINT('',(-0.5,-1.49,2.E-02));
#3176 = LINE('',#3177,#3178);
#3177 = CARTESIAN_POINT('',(-0.5,-5.E-03,2.E-02));
#3178 = VECTOR('',#3179,1.);
#3179 = DIRECTION('',(-5.665538897648E-16,-1.,0.));
#3180 = ORIENTED_EDGE('',*,*,#3181,.T.);
#3181 = EDGE_CURVE('',#3174,#3182,#3184,.T.);
#3182 = VERTEX_POINT('',#3183);
#3183 = CARTESIAN_POINT('',(-0.3,-1.49,2.E-02));
#3184 = LINE('',#3185,#3186);
#3185 = CARTESIAN_POINT('',(-1.49,-1.49,2.E-02));
#3186 = VECTOR('',#3187,1.);
#3187 = DIRECTION('',(1.,-2.22044604925E-16,0.));
#3188 = ORIENTED_EDGE('',*,*,#3189,.T.);
#3189 = EDGE_CURVE('',#3182,#3190,#3192,.T.);
#3190 = VERTEX_POINT('',#3191);
#3191 = CARTESIAN_POINT('',(-0.3,-1.2,2.E-02));
#3192 = LINE('',#3193,#3194);
#3193 = CARTESIAN_POINT('',(-0.3,0.145,2.E-02));
#3194 = VECTOR('',#3195,1.);
#3195 = DIRECTION('',(5.202945970721E-16,1.,0.));
#3196 = ORIENTED_EDGE('',*,*,#3197,.T.);
#3197 = EDGE_CURVE('',#3190,#3198,#3200,.T.);
#3198 = VERTEX_POINT('',#3199);
#3199 = CARTESIAN_POINT('',(-0.1,-1.2,2.E-02));
#3200 = CIRCLE('',#3201,0.1);
#3201 = AXIS2_PLACEMENT_3D('',#3202,#3203,#3204);
#3202 = CARTESIAN_POINT('',(-0.2,-1.2,2.E-02));
#3203 = DIRECTION('',(0.,-0.,-1.));
#3204 = DIRECTION('',(1.,-1.144237745222E-17,0.));
#3205 = ORIENTED_EDGE('',*,*,#3206,.T.);
#3206 = EDGE_CURVE('',#3198,#3207,#3209,.T.);
#3207 = VERTEX_POINT('',#3208);
#3208 = CARTESIAN_POINT('',(-0.1,-1.49,2.E-02));
#3209 = LINE('',#3210,#3211);
#3210 = CARTESIAN_POINT('',(-0.1,-5.E-03,2.E-02));
#3211 = VECTOR('',#3212,1.);
#3212 = DIRECTION('',(-5.665538897648E-16,-1.,0.));
#3213 = ORIENTED_EDGE('',*,*,#3214,.T.);
#3214 = EDGE_CURVE('',#3207,#3215,#3217,.T.);
#3215 = VERTEX_POINT('',#3216);
#3216 = CARTESIAN_POINT('',(0.1,-1.49,2.E-02));
#3217 = LINE('',#3218,#3219);
#3218 = CARTESIAN_POINT('',(-1.49,-1.49,2.E-02));
#3219 = VECTOR('',#3220,1.);
#3220 = DIRECTION('',(1.,-2.22044604925E-16,0.));
#3221 = ORIENTED_EDGE('',*,*,#3222,.T.);
#3222 = EDGE_CURVE('',#3215,#3223,#3225,.T.);
#3223 = VERTEX_POINT('',#3224);
#3224 = CARTESIAN_POINT('',(0.1,-1.2,2.E-02));
#3225 = LINE('',#3226,#3227);
#3226 = CARTESIAN_POINT('',(0.1,0.145,2.E-02));
#3227 = VECTOR('',#3228,1.);
#3228 = DIRECTION('',(5.202945970721E-16,1.,0.));
#3229 = ORIENTED_EDGE('',*,*,#3230,.T.);
#3230 = EDGE_CURVE('',#3223,#3231,#3233,.T.);
#3231 = VERTEX_POINT('',#3232);
#3232 = CARTESIAN_POINT('',(0.3,-1.2,2.E-02));
#3233 = CIRCLE('',#3234,0.1);
#3234 = AXIS2_PLACEMENT_3D('',#3235,#3236,#3237);
#3235 = CARTESIAN_POINT('',(0.2,-1.2,2.E-02));
#3236 = DIRECTION('',(0.,-0.,-1.));
#3237 = DIRECTION('',(1.,-1.144237745222E-17,0.));
#3238 = ORIENTED_EDGE('',*,*,#3239,.T.);
#3239 = EDGE_CURVE('',#3231,#3240,#3242,.T.);
#3240 = VERTEX_POINT('',#3241);
#3241 = CARTESIAN_POINT('',(0.3,-1.49,2.E-02));
#3242 = LINE('',#3243,#3244);
#3243 = CARTESIAN_POINT('',(0.3,-5.E-03,2.E-02));
#3244 = VECTOR('',#3245,1.);
#3245 = DIRECTION('',(-5.665538897648E-16,-1.,0.));
#3246 = ORIENTED_EDGE('',*,*,#3247,.T.);
#3247 = EDGE_CURVE('',#3240,#3248,#3250,.T.);
#3248 = VERTEX_POINT('',#3249);
#3249 = CARTESIAN_POINT('',(0.5,-1.49,2.E-02));
#3250 = LINE('',#3251,#3252);
#3251 = CARTESIAN_POINT('',(-1.49,-1.49,2.E-02));
#3252 = VECTOR('',#3253,1.);
#3253 = DIRECTION('',(1.,-2.22044604925E-16,0.));
#3254 = ORIENTED_EDGE('',*,*,#3255,.T.);
#3255 = EDGE_CURVE('',#3248,#3256,#3258,.T.);
#3256 = VERTEX_POINT('',#3257);
#3257 = CARTESIAN_POINT('',(0.5,-1.2,2.E-02));
#3258 = LINE('',#3259,#3260);
#3259 = CARTESIAN_POINT('',(0.5,0.145,2.E-02));
#3260 = VECTOR('',#3261,1.);
#3261 = DIRECTION('',(5.202945970721E-16,1.,0.));
#3262 = ORIENTED_EDGE('',*,*,#3263,.T.);
#3263 = EDGE_CURVE('',#3256,#3264,#3266,.T.);
#3264 = VERTEX_POINT('',#3265);
#3265 = CARTESIAN_POINT('',(0.7,-1.2,2.E-02));
#3266 = CIRCLE('',#3267,0.1);
#3267 = AXIS2_PLACEMENT_3D('',#3268,#3269,#3270);
#3268 = CARTESIAN_POINT('',(0.6,-1.2,2.E-02));
#3269 = DIRECTION('',(0.,-0.,-1.));
#3270 = DIRECTION('',(1.,-1.144237745222E-17,0.));
#3271 = ORIENTED_EDGE('',*,*,#3272,.T.);
#3272 = EDGE_CURVE('',#3264,#3273,#3275,.T.);
#3273 = VERTEX_POINT('',#3274);
#3274 = CARTESIAN_POINT('',(0.7,-1.49,2.E-02));
#3275 = LINE('',#3276,#3277);
#3276 = CARTESIAN_POINT('',(0.7,-5.E-03,2.E-02));
#3277 = VECTOR('',#3278,1.);
#3278 = DIRECTION('',(-5.665538897648E-16,-1.,0.));
#3279 = ORIENTED_EDGE('',*,*,#3280,.T.);
#3280 = EDGE_CURVE('',#3273,#3281,#3283,.T.);
#3281 = VERTEX_POINT('',#3282);
#3282 = CARTESIAN_POINT('',(0.9,-1.49,2.E-02));
#3283 = LINE('',#3284,#3285);
#3284 = CARTESIAN_POINT('',(-1.49,-1.49,2.E-02));
#3285 = VECTOR('',#3286,1.);
#3286 = DIRECTION('',(1.,-2.22044604925E-16,0.));
#3287 = ORIENTED_EDGE('',*,*,#3288,.T.);
#3288 = EDGE_CURVE('',#3281,#3289,#3291,.T.);
#3289 = VERTEX_POINT('',#3290);
#3290 = CARTESIAN_POINT('',(0.9,-1.2,2.E-02));
#3291 = LINE('',#3292,#3293);
#3292 = CARTESIAN_POINT('',(0.9,0.145,2.E-02));
#3293 = VECTOR('',#3294,1.);
#3294 = DIRECTION('',(5.202945970721E-16,1.,0.));
#3295 = ORIENTED_EDGE('',*,*,#3296,.T.);
#3296 = EDGE_CURVE('',#3289,#3297,#3299,.T.);
#3297 = VERTEX_POINT('',#3298);
#3298 = CARTESIAN_POINT('',(1.1,-1.2,2.E-02));
#3299 = CIRCLE('',#3300,0.1);
#3300 = AXIS2_PLACEMENT_3D('',#3301,#3302,#3303);
#3301 = CARTESIAN_POINT('',(1.,-1.2,2.E-02));
#3302 = DIRECTION('',(0.,-0.,-1.));
#3303 = DIRECTION('',(1.,-1.144237745222E-17,0.));
#3304 = ORIENTED_EDGE('',*,*,#3305,.T.);
#3305 = EDGE_CURVE('',#3297,#3306,#3308,.T.);
#3306 = VERTEX_POINT('',#3307);
#3307 = CARTESIAN_POINT('',(1.1,-1.49,2.E-02));
#3308 = LINE('',#3309,#3310);
#3309 = CARTESIAN_POINT('',(1.1,-5.000000000001E-03,2.E-02));
#3310 = VECTOR('',#3311,1.);
#3311 = DIRECTION('',(-5.665538897648E-16,-1.,0.));
#3312 = ORIENTED_EDGE('',*,*,#3313,.T.);
#3313 = EDGE_CURVE('',#3306,#3314,#3316,.T.);
#3314 = VERTEX_POINT('',#3315);
#3315 = CARTESIAN_POINT('',(1.49,-1.49,2.E-02));
#3316 = LINE('',#3317,#3318);
#3317 = CARTESIAN_POINT('',(-1.49,-1.49,2.E-02));
#3318 = VECTOR('',#3319,1.);
#3319 = DIRECTION('',(1.,-2.22044604925E-16,0.));
#3320 = ORIENTED_EDGE('',*,*,#3321,.F.);
#3321 = EDGE_CURVE('',#3322,#3314,#3324,.T.);
#3322 = VERTEX_POINT('',#3323);
#3323 = CARTESIAN_POINT('',(1.49,-1.1,2.E-02));
#3324 = LINE('',#3325,#3326);
#3325 = CARTESIAN_POINT('',(1.49,1.49,2.E-02));
#3326 = VECTOR('',#3327,1.);
#3327 = DIRECTION('',(-2.22044604925E-16,-1.,0.));
#3328 = ORIENTED_EDGE('',*,*,#3329,.T.);
#3329 = EDGE_CURVE('',#3322,#3330,#3332,.T.);
#3330 = VERTEX_POINT('',#3331);
#3331 = CARTESIAN_POINT('',(1.2,-1.1,2.E-02));
#3332 = LINE('',#3333,#3334);
#3333 = CARTESIAN_POINT('',(-0.145,-1.1,2.E-02));
#3334 = VECTOR('',#3335,1.);
#3335 = DIRECTION('',(-1.,2.982499921471E-16,0.));
#3336 = ORIENTED_EDGE('',*,*,#3337,.T.);
#3337 = EDGE_CURVE('',#3330,#3338,#3340,.T.);
#3338 = VERTEX_POINT('',#3339);
#3339 = CARTESIAN_POINT('',(1.2,-0.9,2.E-02));
#3340 = CIRCLE('',#3341,0.1);
#3341 = AXIS2_PLACEMENT_3D('',#3342,#3343,#3344);
#3342 = CARTESIAN_POINT('',(1.2,-1.,2.E-02));
#3343 = DIRECTION('',(0.,0.,-1.));
#3344 = DIRECTION('',(-2.106022274728E-16,1.,0.));
#3345 = ORIENTED_EDGE('',*,*,#3346,.T.);
#3346 = EDGE_CURVE('',#3338,#3347,#3349,.T.);
#3347 = VERTEX_POINT('',#3348);
#3348 = CARTESIAN_POINT('',(1.49,-0.9,2.E-02));
#3349 = LINE('',#3350,#3351);
#3350 = CARTESIAN_POINT('',(5.E-03,-0.9,2.E-02));
#3351 = VECTOR('',#3352,1.);
#3352 = DIRECTION('',(1.,-3.445092848398E-16,0.));
#3353 = ORIENTED_EDGE('',*,*,#3354,.F.);
#3354 = EDGE_CURVE('',#3355,#3347,#3357,.T.);
#3355 = VERTEX_POINT('',#3356);
#3356 = CARTESIAN_POINT('',(1.49,-0.7,2.E-02));
#3357 = LINE('',#3358,#3359);
#3358 = CARTESIAN_POINT('',(1.49,1.49,2.E-02));
#3359 = VECTOR('',#3360,1.);
#3360 = DIRECTION('',(-2.22044604925E-16,-1.,0.));
#3361 = ORIENTED_EDGE('',*,*,#3362,.T.);
#3362 = EDGE_CURVE('',#3355,#3363,#3365,.T.);
#3363 = VERTEX_POINT('',#3364);
#3364 = CARTESIAN_POINT('',(1.2,-0.7,2.E-02));
#3365 = LINE('',#3366,#3367);
#3366 = CARTESIAN_POINT('',(-0.145,-0.7,2.E-02));
#3367 = VECTOR('',#3368,1.);
#3368 = DIRECTION('',(-1.,2.982499921471E-16,0.));
#3369 = ORIENTED_EDGE('',*,*,#3370,.T.);
#3370 = EDGE_CURVE('',#3363,#3371,#3373,.T.);
#3371 = VERTEX_POINT('',#3372);
#3372 = CARTESIAN_POINT('',(1.2,-0.5,2.E-02));
#3373 = CIRCLE('',#3374,0.1);
#3374 = AXIS2_PLACEMENT_3D('',#3375,#3376,#3377);
#3375 = CARTESIAN_POINT('',(1.2,-0.6,2.E-02));
#3376 = DIRECTION('',(0.,0.,-1.));
#3377 = DIRECTION('',(-2.106022274728E-16,1.,0.));
#3378 = ORIENTED_EDGE('',*,*,#3379,.T.);
#3379 = EDGE_CURVE('',#3371,#3380,#3382,.T.);
#3380 = VERTEX_POINT('',#3381);
#3381 = CARTESIAN_POINT('',(1.49,-0.5,2.E-02));
#3382 = LINE('',#3383,#3384);
#3383 = CARTESIAN_POINT('',(5.E-03,-0.5,2.E-02));
#3384 = VECTOR('',#3385,1.);
#3385 = DIRECTION('',(1.,-3.445092848398E-16,0.));
#3386 = ORIENTED_EDGE('',*,*,#3387,.F.);
#3387 = EDGE_CURVE('',#3388,#3380,#3390,.T.);
#3388 = VERTEX_POINT('',#3389);
#3389 = CARTESIAN_POINT('',(1.49,-0.3,2.E-02));
#3390 = LINE('',#3391,#3392);
#3391 = CARTESIAN_POINT('',(1.49,1.49,2.E-02));
#3392 = VECTOR('',#3393,1.);
#3393 = DIRECTION('',(-2.22044604925E-16,-1.,0.));
#3394 = ORIENTED_EDGE('',*,*,#3395,.T.);
#3395 = EDGE_CURVE('',#3388,#3396,#3398,.T.);
#3396 = VERTEX_POINT('',#3397);
#3397 = CARTESIAN_POINT('',(1.2,-0.3,2.E-02));
#3398 = LINE('',#3399,#3400);
#3399 = CARTESIAN_POINT('',(-0.145,-0.3,2.E-02));
#3400 = VECTOR('',#3401,1.);
#3401 = DIRECTION('',(-1.,2.982499921471E-16,0.));
#3402 = ORIENTED_EDGE('',*,*,#3403,.T.);
#3403 = EDGE_CURVE('',#3396,#3404,#3406,.T.);
#3404 = VERTEX_POINT('',#3405);
#3405 = CARTESIAN_POINT('',(1.2,-0.1,2.E-02));
#3406 = CIRCLE('',#3407,0.1);
#3407 = AXIS2_PLACEMENT_3D('',#3408,#3409,#3410);
#3408 = CARTESIAN_POINT('',(1.2,-0.2,2.E-02));
#3409 = DIRECTION('',(0.,0.,-1.));
#3410 = DIRECTION('',(-2.106022274728E-16,1.,0.));
#3411 = ORIENTED_EDGE('',*,*,#3412,.T.);
#3412 = EDGE_CURVE('',#3404,#3413,#3415,.T.);
#3413 = VERTEX_POINT('',#3414);
#3414 = CARTESIAN_POINT('',(1.49,-0.1,2.E-02));
#3415 = LINE('',#3416,#3417);
#3416 = CARTESIAN_POINT('',(5.E-03,-0.1,2.E-02));
#3417 = VECTOR('',#3418,1.);
#3418 = DIRECTION('',(1.,-3.445092848398E-16,0.));
#3419 = ORIENTED_EDGE('',*,*,#3420,.F.);
#3420 = EDGE_CURVE('',#3421,#3413,#3423,.T.);
#3421 = VERTEX_POINT('',#3422);
#3422 = CARTESIAN_POINT('',(1.49,0.1,2.E-02));
#3423 = LINE('',#3424,#3425);
#3424 = CARTESIAN_POINT('',(1.49,1.49,2.E-02));
#3425 = VECTOR('',#3426,1.);
#3426 = DIRECTION('',(-2.22044604925E-16,-1.,0.));
#3427 = ORIENTED_EDGE('',*,*,#3428,.T.);
#3428 = EDGE_CURVE('',#3421,#3429,#3431,.T.);
#3429 = VERTEX_POINT('',#3430);
#3430 = CARTESIAN_POINT('',(1.2,0.1,2.E-02));
#3431 = LINE('',#3432,#3433);
#3432 = CARTESIAN_POINT('',(-0.145,0.1,2.E-02));
#3433 = VECTOR('',#3434,1.);
#3434 = DIRECTION('',(-1.,2.982499921471E-16,0.));
#3435 = ORIENTED_EDGE('',*,*,#3436,.T.);
#3436 = EDGE_CURVE('',#3429,#3437,#3439,.T.);
#3437 = VERTEX_POINT('',#3438);
#3438 = CARTESIAN_POINT('',(1.2,0.3,2.E-02));
#3439 = CIRCLE('',#3440,0.1);
#3440 = AXIS2_PLACEMENT_3D('',#3441,#3442,#3443);
#3441 = CARTESIAN_POINT('',(1.2,0.2,2.E-02));
#3442 = DIRECTION('',(0.,0.,-1.));
#3443 = DIRECTION('',(-2.106022274728E-16,1.,0.));
#3444 = ORIENTED_EDGE('',*,*,#3445,.T.);
#3445 = EDGE_CURVE('',#3437,#3446,#3448,.T.);
#3446 = VERTEX_POINT('',#3447);
#3447 = CARTESIAN_POINT('',(1.49,0.3,2.E-02));
#3448 = LINE('',#3449,#3450);
#3449 = CARTESIAN_POINT('',(5.E-03,0.3,2.E-02));
#3450 = VECTOR('',#3451,1.);
#3451 = DIRECTION('',(1.,-3.445092848398E-16,0.));
#3452 = ORIENTED_EDGE('',*,*,#3453,.F.);
#3453 = EDGE_CURVE('',#3454,#3446,#3456,.T.);
#3454 = VERTEX_POINT('',#3455);
#3455 = CARTESIAN_POINT('',(1.49,0.5,2.E-02));
#3456 = LINE('',#3457,#3458);
#3457 = CARTESIAN_POINT('',(1.49,1.49,2.E-02));
#3458 = VECTOR('',#3459,1.);
#3459 = DIRECTION('',(-2.22044604925E-16,-1.,0.));
#3460 = ORIENTED_EDGE('',*,*,#3461,.T.);
#3461 = EDGE_CURVE('',#3454,#3462,#3464,.T.);
#3462 = VERTEX_POINT('',#3463);
#3463 = CARTESIAN_POINT('',(1.2,0.5,2.E-02));
#3464 = LINE('',#3465,#3466);
#3465 = CARTESIAN_POINT('',(-0.145,0.5,2.E-02));
#3466 = VECTOR('',#3467,1.);
#3467 = DIRECTION('',(-1.,2.982499921471E-16,0.));
#3468 = ORIENTED_EDGE('',*,*,#3469,.T.);
#3469 = EDGE_CURVE('',#3462,#3470,#3472,.T.);
#3470 = VERTEX_POINT('',#3471);
#3471 = CARTESIAN_POINT('',(1.2,0.7,2.E-02));
#3472 = CIRCLE('',#3473,0.1);
#3473 = AXIS2_PLACEMENT_3D('',#3474,#3475,#3476);
#3474 = CARTESIAN_POINT('',(1.2,0.6,2.E-02));
#3475 = DIRECTION('',(0.,0.,-1.));
#3476 = DIRECTION('',(-2.106022274728E-16,1.,0.));
#3477 = ORIENTED_EDGE('',*,*,#3478,.T.);
#3478 = EDGE_CURVE('',#3470,#3479,#3481,.T.);
#3479 = VERTEX_POINT('',#3480);
#3480 = CARTESIAN_POINT('',(1.49,0.7,2.E-02));
#3481 = LINE('',#3482,#3483);
#3482 = CARTESIAN_POINT('',(5.E-03,0.7,2.E-02));
#3483 = VECTOR('',#3484,1.);
#3484 = DIRECTION('',(1.,-3.445092848398E-16,0.));
#3485 = ORIENTED_EDGE('',*,*,#3486,.F.);
#3486 = EDGE_CURVE('',#3487,#3479,#3489,.T.);
#3487 = VERTEX_POINT('',#3488);
#3488 = CARTESIAN_POINT('',(1.49,0.9,2.E-02));
#3489 = LINE('',#3490,#3491);
#3490 = CARTESIAN_POINT('',(1.49,1.49,2.E-02));
#3491 = VECTOR('',#3492,1.);
#3492 = DIRECTION('',(-2.22044604925E-16,-1.,0.));
#3493 = ORIENTED_EDGE('',*,*,#3494,.T.);
#3494 = EDGE_CURVE('',#3487,#3495,#3497,.T.);
#3495 = VERTEX_POINT('',#3496);
#3496 = CARTESIAN_POINT('',(1.2,0.9,2.E-02));
#3497 = LINE('',#3498,#3499);
#3498 = CARTESIAN_POINT('',(-0.145,0.9,2.E-02));
#3499 = VECTOR('',#3500,1.);
#3500 = DIRECTION('',(-1.,2.982499921471E-16,0.));
#3501 = ORIENTED_EDGE('',*,*,#3502,.T.);
#3502 = EDGE_CURVE('',#3495,#3503,#3505,.T.);
#3503 = VERTEX_POINT('',#3504);
#3504 = CARTESIAN_POINT('',(1.2,1.1,2.E-02));
#3505 = CIRCLE('',#3506,0.1);
#3506 = AXIS2_PLACEMENT_3D('',#3507,#3508,#3509);
#3507 = CARTESIAN_POINT('',(1.2,1.,2.E-02));
#3508 = DIRECTION('',(0.,0.,-1.));
#3509 = DIRECTION('',(-2.106022274728E-16,1.,0.));
#3510 = ORIENTED_EDGE('',*,*,#3511,.T.);
#3511 = EDGE_CURVE('',#3503,#3512,#3514,.T.);
#3512 = VERTEX_POINT('',#3513);
#3513 = CARTESIAN_POINT('',(1.49,1.1,2.E-02));
#3514 = LINE('',#3515,#3516);
#3515 = CARTESIAN_POINT('',(5.E-03,1.1,2.E-02));
#3516 = VECTOR('',#3517,1.);
#3517 = DIRECTION('',(1.,-3.445092848398E-16,0.));
#3518 = ORIENTED_EDGE('',*,*,#3519,.F.);
#3519 = EDGE_CURVE('',#3520,#3512,#3522,.T.);
#3520 = VERTEX_POINT('',#3521);
#3521 = CARTESIAN_POINT('',(1.49,1.49,2.E-02));
#3522 = LINE('',#3523,#3524);
#3523 = CARTESIAN_POINT('',(1.49,1.49,2.E-02));
#3524 = VECTOR('',#3525,1.);
#3525 = DIRECTION('',(-2.22044604925E-16,-1.,0.));
#3526 = ORIENTED_EDGE('',*,*,#3527,.F.);
#3527 = EDGE_CURVE('',#3528,#3520,#3530,.T.);
#3528 = VERTEX_POINT('',#3529);
#3529 = CARTESIAN_POINT('',(1.1,1.49,2.E-02));
#3530 = LINE('',#3531,#3532);
#3531 = CARTESIAN_POINT('',(-1.49,1.49,2.E-02));
#3532 = VECTOR('',#3533,1.);
#3533 = DIRECTION('',(1.,-2.22044604925E-16,0.));
#3534 = ORIENTED_EDGE('',*,*,#3535,.T.);
#3535 = EDGE_CURVE('',#3528,#3536,#3538,.T.);
#3536 = VERTEX_POINT('',#3537);
#3537 = CARTESIAN_POINT('',(1.1,1.2,2.E-02));
#3538 = LINE('',#3539,#3540);
#3539 = CARTESIAN_POINT('',(1.1,1.345,2.E-02));
#3540 = VECTOR('',#3541,1.);
#3541 = DIRECTION('',(-4.092722946096E-16,-1.,0.));
#3542 = ORIENTED_EDGE('',*,*,#3543,.T.);
#3543 = EDGE_CURVE('',#3536,#3544,#3546,.T.);
#3544 = VERTEX_POINT('',#3545);
#3545 = CARTESIAN_POINT('',(0.9,1.2,2.E-02));
#3546 = CIRCLE('',#3547,0.1);
#3547 = AXIS2_PLACEMENT_3D('',#3548,#3549,#3550);
#3548 = CARTESIAN_POINT('',(1.,1.2,2.E-02));
#3549 = DIRECTION('',(0.,-0.,-1.));
#3550 = DIRECTION('',(-1.,-9.95799250103E-17,0.));
#3551 = ORIENTED_EDGE('',*,*,#3552,.T.);
#3552 = EDGE_CURVE('',#3544,#3553,#3555,.T.);
#3553 = VERTEX_POINT('',#3554);
#3554 = CARTESIAN_POINT('',(0.9,1.49,2.E-02));
#3555 = LINE('',#3556,#3557);
#3556 = CARTESIAN_POINT('',(0.9,1.495,2.E-02));
#3557 = VECTOR('',#3558,1.);
#3558 = DIRECTION('',(4.555315873023E-16,1.,0.));
#3559 = ORIENTED_EDGE('',*,*,#3560,.F.);
#3560 = EDGE_CURVE('',#3561,#3553,#3563,.T.);
#3561 = VERTEX_POINT('',#3562);
#3562 = CARTESIAN_POINT('',(0.7,1.49,2.E-02));
#3563 = LINE('',#3564,#3565);
#3564 = CARTESIAN_POINT('',(-1.49,1.49,2.E-02));
#3565 = VECTOR('',#3566,1.);
#3566 = DIRECTION('',(1.,-2.22044604925E-16,0.));
#3567 = ORIENTED_EDGE('',*,*,#3568,.T.);
#3568 = EDGE_CURVE('',#3561,#3569,#3571,.T.);
#3569 = VERTEX_POINT('',#3570);
#3570 = CARTESIAN_POINT('',(0.7,1.2,2.E-02));
#3571 = LINE('',#3572,#3573);
#3572 = CARTESIAN_POINT('',(0.7,1.345,2.E-02));
#3573 = VECTOR('',#3574,1.);
#3574 = DIRECTION('',(-4.092722946096E-16,-1.,0.));
#3575 = ORIENTED_EDGE('',*,*,#3576,.T.);
#3576 = EDGE_CURVE('',#3569,#3577,#3579,.T.);
#3577 = VERTEX_POINT('',#3578);
#3578 = CARTESIAN_POINT('',(0.5,1.2,2.E-02));
#3579 = CIRCLE('',#3580,0.1);
#3580 = AXIS2_PLACEMENT_3D('',#3581,#3582,#3583);
#3581 = CARTESIAN_POINT('',(0.6,1.2,2.E-02));
#3582 = DIRECTION('',(0.,-0.,-1.));
#3583 = DIRECTION('',(-1.,-9.95799250103E-17,0.));
#3584 = ORIENTED_EDGE('',*,*,#3585,.T.);
#3585 = EDGE_CURVE('',#3577,#3586,#3588,.T.);
#3586 = VERTEX_POINT('',#3587);
#3587 = CARTESIAN_POINT('',(0.5,1.49,2.E-02));
#3588 = LINE('',#3589,#3590);
#3589 = CARTESIAN_POINT('',(0.5,1.495,2.E-02));
#3590 = VECTOR('',#3591,1.);
#3591 = DIRECTION('',(4.555315873023E-16,1.,0.));
#3592 = ORIENTED_EDGE('',*,*,#3593,.F.);
#3593 = EDGE_CURVE('',#3594,#3586,#3596,.T.);
#3594 = VERTEX_POINT('',#3595);
#3595 = CARTESIAN_POINT('',(0.3,1.49,2.E-02));
#3596 = LINE('',#3597,#3598);
#3597 = CARTESIAN_POINT('',(-1.49,1.49,2.E-02));
#3598 = VECTOR('',#3599,1.);
#3599 = DIRECTION('',(1.,-2.22044604925E-16,0.));
#3600 = ORIENTED_EDGE('',*,*,#3601,.T.);
#3601 = EDGE_CURVE('',#3594,#3602,#3604,.T.);
#3602 = VERTEX_POINT('',#3603);
#3603 = CARTESIAN_POINT('',(0.3,1.2,2.E-02));
#3604 = LINE('',#3605,#3606);
#3605 = CARTESIAN_POINT('',(0.3,1.345,2.E-02));
#3606 = VECTOR('',#3607,1.);
#3607 = DIRECTION('',(-4.092722946096E-16,-1.,0.));
#3608 = ORIENTED_EDGE('',*,*,#3609,.T.);
#3609 = EDGE_CURVE('',#3602,#3610,#3612,.T.);
#3610 = VERTEX_POINT('',#3611);
#3611 = CARTESIAN_POINT('',(0.1,1.2,2.E-02));
#3612 = CIRCLE('',#3613,0.1);
#3613 = AXIS2_PLACEMENT_3D('',#3614,#3615,#3616);
#3614 = CARTESIAN_POINT('',(0.2,1.2,2.E-02));
#3615 = DIRECTION('',(0.,-0.,-1.));
#3616 = DIRECTION('',(-1.,-9.95799250103E-17,0.));
#3617 = ORIENTED_EDGE('',*,*,#3618,.T.);
#3618 = EDGE_CURVE('',#3610,#3619,#3621,.T.);
#3619 = VERTEX_POINT('',#3620);
#3620 = CARTESIAN_POINT('',(0.1,1.49,2.E-02));
#3621 = LINE('',#3622,#3623);
#3622 = CARTESIAN_POINT('',(0.1,1.495,2.E-02));
#3623 = VECTOR('',#3624,1.);
#3624 = DIRECTION('',(4.555315873023E-16,1.,0.));
#3625 = ORIENTED_EDGE('',*,*,#3626,.F.);
#3626 = EDGE_CURVE('',#3627,#3619,#3629,.T.);
#3627 = VERTEX_POINT('',#3628);
#3628 = CARTESIAN_POINT('',(-0.1,1.49,2.E-02));
#3629 = LINE('',#3630,#3631);
#3630 = CARTESIAN_POINT('',(-1.49,1.49,2.E-02));
#3631 = VECTOR('',#3632,1.);
#3632 = DIRECTION('',(1.,-2.22044604925E-16,0.));
#3633 = ORIENTED_EDGE('',*,*,#3634,.T.);
#3634 = EDGE_CURVE('',#3627,#3635,#3637,.T.);
#3635 = VERTEX_POINT('',#3636);
#3636 = CARTESIAN_POINT('',(-0.1,1.2,2.E-02));
#3637 = LINE('',#3638,#3639);
#3638 = CARTESIAN_POINT('',(-0.1,1.345,2.E-02));
#3639 = VECTOR('',#3640,1.);
#3640 = DIRECTION('',(-4.092722946096E-16,-1.,0.));
#3641 = ORIENTED_EDGE('',*,*,#3642,.T.);
#3642 = EDGE_CURVE('',#3635,#3643,#3645,.T.);
#3643 = VERTEX_POINT('',#3644);
#3644 = CARTESIAN_POINT('',(-0.3,1.2,2.E-02));
#3645 = CIRCLE('',#3646,0.1);
#3646 = AXIS2_PLACEMENT_3D('',#3647,#3648,#3649);
#3647 = CARTESIAN_POINT('',(-0.2,1.2,2.E-02));
#3648 = DIRECTION('',(0.,-0.,-1.));
#3649 = DIRECTION('',(-1.,-9.95799250103E-17,0.));
#3650 = ORIENTED_EDGE('',*,*,#3651,.T.);
#3651 = EDGE_CURVE('',#3643,#3652,#3654,.T.);
#3652 = VERTEX_POINT('',#3653);
#3653 = CARTESIAN_POINT('',(-0.3,1.49,2.E-02));
#3654 = LINE('',#3655,#3656);
#3655 = CARTESIAN_POINT('',(-0.3,1.495,2.E-02));
#3656 = VECTOR('',#3657,1.);
#3657 = DIRECTION('',(4.555315873023E-16,1.,0.));
#3658 = ORIENTED_EDGE('',*,*,#3659,.F.);
#3659 = EDGE_CURVE('',#3660,#3652,#3662,.T.);
#3660 = VERTEX_POINT('',#3661);
#3661 = CARTESIAN_POINT('',(-0.5,1.49,2.E-02));
#3662 = LINE('',#3663,#3664);
#3663 = CARTESIAN_POINT('',(-1.49,1.49,2.E-02));
#3664 = VECTOR('',#3665,1.);
#3665 = DIRECTION('',(1.,-2.22044604925E-16,0.));
#3666 = ORIENTED_EDGE('',*,*,#3667,.T.);
#3667 = EDGE_CURVE('',#3660,#3668,#3670,.T.);
#3668 = VERTEX_POINT('',#3669);
#3669 = CARTESIAN_POINT('',(-0.5,1.2,2.E-02));
#3670 = LINE('',#3671,#3672);
#3671 = CARTESIAN_POINT('',(-0.5,1.345,2.E-02));
#3672 = VECTOR('',#3673,1.);
#3673 = DIRECTION('',(-4.092722946096E-16,-1.,0.));
#3674 = ORIENTED_EDGE('',*,*,#3675,.T.);
#3675 = EDGE_CURVE('',#3668,#3676,#3678,.T.);
#3676 = VERTEX_POINT('',#3677);
#3677 = CARTESIAN_POINT('',(-0.7,1.2,2.E-02));
#3678 = CIRCLE('',#3679,0.1);
#3679 = AXIS2_PLACEMENT_3D('',#3680,#3681,#3682);
#3680 = CARTESIAN_POINT('',(-0.6,1.2,2.E-02));
#3681 = DIRECTION('',(0.,-0.,-1.));
#3682 = DIRECTION('',(-1.,-9.95799250103E-17,0.));
#3683 = ORIENTED_EDGE('',*,*,#3684,.T.);
#3684 = EDGE_CURVE('',#3676,#3685,#3687,.T.);
#3685 = VERTEX_POINT('',#3686);
#3686 = CARTESIAN_POINT('',(-0.7,1.49,2.E-02));
#3687 = LINE('',#3688,#3689);
#3688 = CARTESIAN_POINT('',(-0.7,1.495,2.E-02));
#3689 = VECTOR('',#3690,1.);
#3690 = DIRECTION('',(4.555315873023E-16,1.,0.));
#3691 = ORIENTED_EDGE('',*,*,#3692,.F.);
#3692 = EDGE_CURVE('',#3693,#3685,#3695,.T.);
#3693 = VERTEX_POINT('',#3694);
#3694 = CARTESIAN_POINT('',(-0.9,1.49,2.E-02));
#3695 = LINE('',#3696,#3697);
#3696 = CARTESIAN_POINT('',(-1.49,1.49,2.E-02));
#3697 = VECTOR('',#3698,1.);
#3698 = DIRECTION('',(1.,-2.22044604925E-16,0.));
#3699 = ORIENTED_EDGE('',*,*,#3700,.T.);
#3700 = EDGE_CURVE('',#3693,#3701,#3703,.T.);
#3701 = VERTEX_POINT('',#3702);
#3702 = CARTESIAN_POINT('',(-0.9,1.2,2.E-02));
#3703 = LINE('',#3704,#3705);
#3704 = CARTESIAN_POINT('',(-0.9,1.345,2.E-02));
#3705 = VECTOR('',#3706,1.);
#3706 = DIRECTION('',(-4.092722946096E-16,-1.,0.));
#3707 = ORIENTED_EDGE('',*,*,#3708,.T.);
#3708 = EDGE_CURVE('',#3701,#3709,#3711,.T.);
#3709 = VERTEX_POINT('',#3710);
#3710 = CARTESIAN_POINT('',(-1.1,1.2,2.E-02));
#3711 = CIRCLE('',#3712,0.1);
#3712 = AXIS2_PLACEMENT_3D('',#3713,#3714,#3715);
#3713 = CARTESIAN_POINT('',(-1.,1.2,2.E-02));
#3714 = DIRECTION('',(0.,-0.,-1.));
#3715 = DIRECTION('',(-1.,-9.95799250103E-17,0.));
#3716 = ORIENTED_EDGE('',*,*,#3717,.T.);
#3717 = EDGE_CURVE('',#3709,#2926,#3718,.T.);
#3718 = LINE('',#3719,#3720);
#3719 = CARTESIAN_POINT('',(-1.1,1.495,2.E-02));
#3720 = VECTOR('',#3721,1.);
#3721 = DIRECTION('',(4.555315873023E-16,1.,0.));
#3722 = FACE_BOUND('',#3723,.F.);
#3723 = EDGE_LOOP('',(#3724,#3734,#3742,#3750,#3758));
#3724 = ORIENTED_EDGE('',*,*,#3725,.F.);
#3725 = EDGE_CURVE('',#3726,#3728,#3730,.T.);
#3726 = VERTEX_POINT('',#3727);
#3727 = CARTESIAN_POINT('',(-0.77,0.65,2.E-02));
#3728 = VERTEX_POINT('',#3729);
#3729 = CARTESIAN_POINT('',(-0.77,-0.85,2.E-02));
#3730 = LINE('',#3731,#3732);
#3731 = CARTESIAN_POINT('',(-0.77,0.65,2.E-02));
#3732 = VECTOR('',#3733,1.);
#3733 = DIRECTION('',(-2.22044604925E-16,-1.,0.));
#3734 = ORIENTED_EDGE('',*,*,#3735,.F.);
#3735 = EDGE_CURVE('',#3736,#3726,#3738,.T.);
#3736 = VERTEX_POINT('',#3737);
#3737 = CARTESIAN_POINT('',(-0.57,0.85,2.E-02));
#3738 = LINE('',#3739,#3740);
#3739 = CARTESIAN_POINT('',(-0.57,0.85,2.E-02));
#3740 = VECTOR('',#3741,1.);
#3741 = DIRECTION('',(-0.707106781187,-0.707106781187,0.));
#3742 = ORIENTED_EDGE('',*,*,#3743,.F.);
#3743 = EDGE_CURVE('',#3744,#3736,#3746,.T.);
#3744 = VERTEX_POINT('',#3745);
#3745 = CARTESIAN_POINT('',(0.77,0.85,2.E-02));
#3746 = LINE('',#3747,#3748);
#3747 = CARTESIAN_POINT('',(0.77,0.85,2.E-02));
#3748 = VECTOR('',#3749,1.);
#3749 = DIRECTION('',(-1.,2.22044604925E-16,0.));
#3750 = ORIENTED_EDGE('',*,*,#3751,.F.);
#3751 = EDGE_CURVE('',#3752,#3744,#3754,.T.);
#3752 = VERTEX_POINT('',#3753);
#3753 = CARTESIAN_POINT('',(0.77,-0.85,2.E-02));
#3754 = LINE('',#3755,#3756);
#3755 = CARTESIAN_POINT('',(0.77,-0.85,2.E-02));
#3756 = VECTOR('',#3757,1.);
#3757 = DIRECTION('',(2.22044604925E-16,1.,0.));
#3758 = ORIENTED_EDGE('',*,*,#3759,.F.);
#3759 = EDGE_CURVE('',#3728,#3752,#3760,.T.);
#3760 = LINE('',#3761,#3762);
#3761 = CARTESIAN_POINT('',(-0.77,-0.85,2.E-02));
#3762 = VECTOR('',#3763,1.);
#3763 = DIRECTION('',(1.,-1.499522007286E-16,0.));
#3764 = PLANE('',#3765);
#3765 = AXIS2_PLACEMENT_3D('',#3766,#3767,#3768);
#3766 = CARTESIAN_POINT('',(-1.49,1.49,2.E-02));
#3767 = DIRECTION('',(0.,0.,1.));
#3768 = DIRECTION('',(-2.22044604925E-16,-1.,0.));
#3769 = ADVANCED_FACE('',(#3770),#3919,.F.);
#3770 = FACE_BOUND('',#3771,.F.);
#3771 = EDGE_LOOP('',(#3772,#3773,#3781,#3789,#3795,#3796,#3797,#3803,
    #3804,#3805,#3813,#3821,#3827,#3828,#3836,#3844,#3850,#3851,#3859,
    #3867,#3873,#3874,#3882,#3890,#3896,#3897,#3905,#3913));
#3772 = ORIENTED_EDGE('',*,*,#2933,.F.);
#3773 = ORIENTED_EDGE('',*,*,#3774,.T.);
#3774 = EDGE_CURVE('',#2924,#3775,#3777,.T.);
#3775 = VERTEX_POINT('',#3776);
#3776 = CARTESIAN_POINT('',(-1.49,1.49,1.02));
#3777 = LINE('',#3778,#3779);
#3778 = CARTESIAN_POINT('',(-1.49,1.49,2.E-02));
#3779 = VECTOR('',#3780,1.);
#3780 = DIRECTION('',(0.,0.,1.));
#3781 = ORIENTED_EDGE('',*,*,#3782,.T.);
#3782 = EDGE_CURVE('',#3775,#3783,#3785,.T.);
#3783 = VERTEX_POINT('',#3784);
#3784 = CARTESIAN_POINT('',(-1.49,-1.49,1.02));
#3785 = LINE('',#3786,#3787);
#3786 = CARTESIAN_POINT('',(-1.49,1.49,1.02));
#3787 = VECTOR('',#3788,1.);
#3788 = DIRECTION('',(-2.22044604925E-16,-1.,0.));
#3789 = ORIENTED_EDGE('',*,*,#3790,.F.);
#3790 = EDGE_CURVE('',#3108,#3783,#3791,.T.);
#3791 = LINE('',#3792,#3793);
#3792 = CARTESIAN_POINT('',(-1.49,-1.49,2.E-02));
#3793 = VECTOR('',#3794,1.);
#3794 = DIRECTION('',(0.,0.,1.));
#3795 = ORIENTED_EDGE('',*,*,#3107,.F.);
#3796 = ORIENTED_EDGE('',*,*,#2811,.T.);
#3797 = ORIENTED_EDGE('',*,*,#3798,.T.);
#3798 = EDGE_CURVE('',#2804,#2877,#3799,.T.);
#3799 = LINE('',#3800,#3801);
#3800 = CARTESIAN_POINT('',(-1.49,0.195,0.2));
#3801 = VECTOR('',#3802,1.);
#3802 = DIRECTION('',(2.22044604925E-16,1.,0.));
#3803 = ORIENTED_EDGE('',*,*,#2876,.T.);
#3804 = ORIENTED_EDGE('',*,*,#3098,.F.);
#3805 = ORIENTED_EDGE('',*,*,#3806,.T.);
#3806 = EDGE_CURVE('',#3091,#3807,#3809,.T.);
#3807 = VERTEX_POINT('',#3808);
#3808 = CARTESIAN_POINT('',(-1.49,-0.7,0.2));
#3809 = LINE('',#3810,#3811);
#3810 = CARTESIAN_POINT('',(-1.49,-0.7,1.E-02));
#3811 = VECTOR('',#3812,1.);
#3812 = DIRECTION('',(0.,0.,1.));
#3813 = ORIENTED_EDGE('',*,*,#3814,.T.);
#3814 = EDGE_CURVE('',#3807,#3815,#3817,.T.);
#3815 = VERTEX_POINT('',#3816);
#3816 = CARTESIAN_POINT('',(-1.49,-0.5,0.2));
#3817 = LINE('',#3818,#3819);
#3818 = CARTESIAN_POINT('',(-1.49,0.395,0.2));
#3819 = VECTOR('',#3820,1.);
#3820 = DIRECTION('',(2.22044604925E-16,1.,0.));
#3821 = ORIENTED_EDGE('',*,*,#3822,.T.);
#3822 = EDGE_CURVE('',#3815,#3066,#3823,.T.);
#3823 = LINE('',#3824,#3825);
#3824 = CARTESIAN_POINT('',(-1.49,-0.5,1.E-02));
#3825 = VECTOR('',#3826,1.);
#3826 = DIRECTION('',(0.,-0.,-1.));
#3827 = ORIENTED_EDGE('',*,*,#3065,.F.);
#3828 = ORIENTED_EDGE('',*,*,#3829,.T.);
#3829 = EDGE_CURVE('',#3058,#3830,#3832,.T.);
#3830 = VERTEX_POINT('',#3831);
#3831 = CARTESIAN_POINT('',(-1.49,-0.3,0.2));
#3832 = LINE('',#3833,#3834);
#3833 = CARTESIAN_POINT('',(-1.49,-0.3,1.E-02));
#3834 = VECTOR('',#3835,1.);
#3835 = DIRECTION('',(0.,0.,1.));
#3836 = ORIENTED_EDGE('',*,*,#3837,.T.);
#3837 = EDGE_CURVE('',#3830,#3838,#3840,.T.);
#3838 = VERTEX_POINT('',#3839);
#3839 = CARTESIAN_POINT('',(-1.49,-0.1,0.2));
#3840 = LINE('',#3841,#3842);
#3841 = CARTESIAN_POINT('',(-1.49,0.595,0.2));
#3842 = VECTOR('',#3843,1.);
#3843 = DIRECTION('',(2.22044604925E-16,1.,0.));
#3844 = ORIENTED_EDGE('',*,*,#3845,.T.);
#3845 = EDGE_CURVE('',#3838,#3033,#3846,.T.);
#3846 = LINE('',#3847,#3848);
#3847 = CARTESIAN_POINT('',(-1.49,-0.1,1.E-02));
#3848 = VECTOR('',#3849,1.);
#3849 = DIRECTION('',(0.,-0.,-1.));
#3850 = ORIENTED_EDGE('',*,*,#3032,.F.);
#3851 = ORIENTED_EDGE('',*,*,#3852,.T.);
#3852 = EDGE_CURVE('',#3025,#3853,#3855,.T.);
#3853 = VERTEX_POINT('',#3854);
#3854 = CARTESIAN_POINT('',(-1.49,0.1,0.2));
#3855 = LINE('',#3856,#3857);
#3856 = CARTESIAN_POINT('',(-1.49,0.1,1.E-02));
#3857 = VECTOR('',#3858,1.);
#3858 = DIRECTION('',(0.,0.,1.));
#3859 = ORIENTED_EDGE('',*,*,#3860,.T.);
#3860 = EDGE_CURVE('',#3853,#3861,#3863,.T.);
#3861 = VERTEX_POINT('',#3862);
#3862 = CARTESIAN_POINT('',(-1.49,0.3,0.2));
#3863 = LINE('',#3864,#3865);
#3864 = CARTESIAN_POINT('',(-1.49,0.795,0.2));
#3865 = VECTOR('',#3866,1.);
#3866 = DIRECTION('',(2.22044604925E-16,1.,0.));
#3867 = ORIENTED_EDGE('',*,*,#3868,.T.);
#3868 = EDGE_CURVE('',#3861,#3000,#3869,.T.);
#3869 = LINE('',#3870,#3871);
#3870 = CARTESIAN_POINT('',(-1.49,0.3,1.E-02));
#3871 = VECTOR('',#3872,1.);
#3872 = DIRECTION('',(0.,-0.,-1.));
#3873 = ORIENTED_EDGE('',*,*,#2999,.F.);
#3874 = ORIENTED_EDGE('',*,*,#3875,.T.);
#3875 = EDGE_CURVE('',#2992,#3876,#3878,.T.);
#3876 = VERTEX_POINT('',#3877);
#3877 = CARTESIAN_POINT('',(-1.49,0.5,0.2));
#3878 = LINE('',#3879,#3880);
#3879 = CARTESIAN_POINT('',(-1.49,0.5,1.E-02));
#3880 = VECTOR('',#3881,1.);
#3881 = DIRECTION('',(0.,0.,1.));
#3882 = ORIENTED_EDGE('',*,*,#3883,.T.);
#3883 = EDGE_CURVE('',#3876,#3884,#3886,.T.);
#3884 = VERTEX_POINT('',#3885);
#3885 = CARTESIAN_POINT('',(-1.49,0.7,0.2));
#3886 = LINE('',#3887,#3888);
#3887 = CARTESIAN_POINT('',(-1.49,0.995,0.2));
#3888 = VECTOR('',#3889,1.);
#3889 = DIRECTION('',(2.22044604925E-16,1.,0.));
#3890 = ORIENTED_EDGE('',*,*,#3891,.T.);
#3891 = EDGE_CURVE('',#3884,#2967,#3892,.T.);
#3892 = LINE('',#3893,#3894);
#3893 = CARTESIAN_POINT('',(-1.49,0.7,1.E-02));
#3894 = VECTOR('',#3895,1.);
#3895 = DIRECTION('',(0.,-0.,-1.));
#3896 = ORIENTED_EDGE('',*,*,#2966,.F.);
#3897 = ORIENTED_EDGE('',*,*,#3898,.T.);
#3898 = EDGE_CURVE('',#2959,#3899,#3901,.T.);
#3899 = VERTEX_POINT('',#3900);
#3900 = CARTESIAN_POINT('',(-1.49,0.9,0.2));
#3901 = LINE('',#3902,#3903);
#3902 = CARTESIAN_POINT('',(-1.49,0.9,1.E-02));
#3903 = VECTOR('',#3904,1.);
#3904 = DIRECTION('',(0.,0.,1.));
#3905 = ORIENTED_EDGE('',*,*,#3906,.T.);
#3906 = EDGE_CURVE('',#3899,#3907,#3909,.T.);
#3907 = VERTEX_POINT('',#3908);
#3908 = CARTESIAN_POINT('',(-1.49,1.1,0.2));
#3909 = LINE('',#3910,#3911);
#3910 = CARTESIAN_POINT('',(-1.49,1.195,0.2));
#3911 = VECTOR('',#3912,1.);
#3912 = DIRECTION('',(2.22044604925E-16,1.,0.));
#3913 = ORIENTED_EDGE('',*,*,#3914,.T.);
#3914 = EDGE_CURVE('',#3907,#2934,#3915,.T.);
#3915 = LINE('',#3916,#3917);
#3916 = CARTESIAN_POINT('',(-1.49,1.1,1.E-02));
#3917 = VECTOR('',#3918,1.);
#3918 = DIRECTION('',(0.,-0.,-1.));
#3919 = PLANE('',#3920);
#3920 = AXIS2_PLACEMENT_3D('',#3921,#3922,#3923);
#3921 = CARTESIAN_POINT('',(-1.49,1.49,2.E-02));
#3922 = DIRECTION('',(1.,-2.22044604925E-16,0.));
#3923 = DIRECTION('',(0.,0.,1.));
#3924 = ADVANCED_FACE('',(#3925),#3931,.F.);
#3925 = FACE_BOUND('',#3926,.F.);
#3926 = EDGE_LOOP('',(#3927,#3928,#3929,#3930));
#3927 = ORIENTED_EDGE('',*,*,#2803,.F.);
#3928 = ORIENTED_EDGE('',*,*,#2907,.F.);
#3929 = ORIENTED_EDGE('',*,*,#2884,.F.);
#3930 = ORIENTED_EDGE('',*,*,#3798,.F.);
#3931 = PLANE('',#3932);
#3932 = AXIS2_PLACEMENT_3D('',#3933,#3934,#3935);
#3933 = CARTESIAN_POINT('',(-1.5,-1.1,0.2));
#3934 = DIRECTION('',(0.,-0.,-1.));
#3935 = DIRECTION('',(4.669739647545E-16,1.,0.));
#3936 = ADVANCED_FACE('',(#3937),#4093,.F.);
#3937 = FACE_BOUND('',#3938,.F.);
#3938 = EDGE_LOOP('',(#3939,#3947,#3948,#3949,#3957,#3965,#3971,#3972,
    #3980,#3988,#3994,#3995,#4003,#4011,#4017,#4018,#4026,#4034,#4040,
    #4041,#4049,#4057,#4063,#4064,#4072,#4080,#4086,#4087));
#3939 = ORIENTED_EDGE('',*,*,#3940,.F.);
#3940 = EDGE_CURVE('',#3775,#3941,#3943,.T.);
#3941 = VERTEX_POINT('',#3942);
#3942 = CARTESIAN_POINT('',(1.49,1.49,1.02));
#3943 = LINE('',#3944,#3945);
#3944 = CARTESIAN_POINT('',(-1.49,1.49,1.02));
#3945 = VECTOR('',#3946,1.);
#3946 = DIRECTION('',(1.,-2.22044604925E-16,0.));
#3947 = ORIENTED_EDGE('',*,*,#3774,.F.);
#3948 = ORIENTED_EDGE('',*,*,#2923,.T.);
#3949 = ORIENTED_EDGE('',*,*,#3950,.T.);
#3950 = EDGE_CURVE('',#2926,#3951,#3953,.T.);
#3951 = VERTEX_POINT('',#3952);
#3952 = CARTESIAN_POINT('',(-1.1,1.49,0.2));
#3953 = LINE('',#3954,#3955);
#3954 = CARTESIAN_POINT('',(-1.1,1.49,1.E-02));
#3955 = VECTOR('',#3956,1.);
#3956 = DIRECTION('',(0.,0.,1.));
#3957 = ORIENTED_EDGE('',*,*,#3958,.T.);
#3958 = EDGE_CURVE('',#3951,#3959,#3961,.T.);
#3959 = VERTEX_POINT('',#3960);
#3960 = CARTESIAN_POINT('',(-0.9,1.49,0.2));
#3961 = LINE('',#3962,#3963);
#3962 = CARTESIAN_POINT('',(-1.295,1.49,0.2));
#3963 = VECTOR('',#3964,1.);
#3964 = DIRECTION('',(1.,-2.22044604925E-16,0.));
#3965 = ORIENTED_EDGE('',*,*,#3966,.T.);
#3966 = EDGE_CURVE('',#3959,#3693,#3967,.T.);
#3967 = LINE('',#3968,#3969);
#3968 = CARTESIAN_POINT('',(-0.9,1.49,1.E-02));
#3969 = VECTOR('',#3970,1.);
#3970 = DIRECTION('',(-0.,0.,-1.));
#3971 = ORIENTED_EDGE('',*,*,#3692,.T.);
#3972 = ORIENTED_EDGE('',*,*,#3973,.T.);
#3973 = EDGE_CURVE('',#3685,#3974,#3976,.T.);
#3974 = VERTEX_POINT('',#3975);
#3975 = CARTESIAN_POINT('',(-0.7,1.49,0.2));
#3976 = LINE('',#3977,#3978);
#3977 = CARTESIAN_POINT('',(-0.7,1.49,1.E-02));
#3978 = VECTOR('',#3979,1.);
#3979 = DIRECTION('',(0.,0.,1.));
#3980 = ORIENTED_EDGE('',*,*,#3981,.T.);
#3981 = EDGE_CURVE('',#3974,#3982,#3984,.T.);
#3982 = VERTEX_POINT('',#3983);
#3983 = CARTESIAN_POINT('',(-0.5,1.49,0.2));
#3984 = LINE('',#3985,#3986);
#3985 = CARTESIAN_POINT('',(-1.095,1.49,0.2));
#3986 = VECTOR('',#3987,1.);
#3987 = DIRECTION('',(1.,-2.22044604925E-16,0.));
#3988 = ORIENTED_EDGE('',*,*,#3989,.T.);
#3989 = EDGE_CURVE('',#3982,#3660,#3990,.T.);
#3990 = LINE('',#3991,#3992);
#3991 = CARTESIAN_POINT('',(-0.5,1.49,1.E-02));
#3992 = VECTOR('',#3993,1.);
#3993 = DIRECTION('',(-0.,0.,-1.));
#3994 = ORIENTED_EDGE('',*,*,#3659,.T.);
#3995 = ORIENTED_EDGE('',*,*,#3996,.T.);
#3996 = EDGE_CURVE('',#3652,#3997,#3999,.T.);
#3997 = VERTEX_POINT('',#3998);
#3998 = CARTESIAN_POINT('',(-0.3,1.49,0.2));
#3999 = LINE('',#4000,#4001);
#4000 = CARTESIAN_POINT('',(-0.3,1.49,1.E-02));
#4001 = VECTOR('',#4002,1.);
#4002 = DIRECTION('',(0.,0.,1.));
#4003 = ORIENTED_EDGE('',*,*,#4004,.T.);
#4004 = EDGE_CURVE('',#3997,#4005,#4007,.T.);
#4005 = VERTEX_POINT('',#4006);
#4006 = CARTESIAN_POINT('',(-0.1,1.49,0.2));
#4007 = LINE('',#4008,#4009);
#4008 = CARTESIAN_POINT('',(-0.895,1.49,0.2));
#4009 = VECTOR('',#4010,1.);
#4010 = DIRECTION('',(1.,-2.22044604925E-16,0.));
#4011 = ORIENTED_EDGE('',*,*,#4012,.T.);
#4012 = EDGE_CURVE('',#4005,#3627,#4013,.T.);
#4013 = LINE('',#4014,#4015);
#4014 = CARTESIAN_POINT('',(-0.1,1.49,1.E-02));
#4015 = VECTOR('',#4016,1.);
#4016 = DIRECTION('',(-0.,0.,-1.));
#4017 = ORIENTED_EDGE('',*,*,#3626,.T.);
#4018 = ORIENTED_EDGE('',*,*,#4019,.T.);
#4019 = EDGE_CURVE('',#3619,#4020,#4022,.T.);
#4020 = VERTEX_POINT('',#4021);
#4021 = CARTESIAN_POINT('',(0.1,1.49,0.2));
#4022 = LINE('',#4023,#4024);
#4023 = CARTESIAN_POINT('',(0.1,1.49,1.E-02));
#4024 = VECTOR('',#4025,1.);
#4025 = DIRECTION('',(0.,0.,1.));
#4026 = ORIENTED_EDGE('',*,*,#4027,.T.);
#4027 = EDGE_CURVE('',#4020,#4028,#4030,.T.);
#4028 = VERTEX_POINT('',#4029);
#4029 = CARTESIAN_POINT('',(0.3,1.49,0.2));
#4030 = LINE('',#4031,#4032);
#4031 = CARTESIAN_POINT('',(-0.695,1.49,0.2));
#4032 = VECTOR('',#4033,1.);
#4033 = DIRECTION('',(1.,-2.22044604925E-16,0.));
#4034 = ORIENTED_EDGE('',*,*,#4035,.T.);
#4035 = EDGE_CURVE('',#4028,#3594,#4036,.T.);
#4036 = LINE('',#4037,#4038);
#4037 = CARTESIAN_POINT('',(0.3,1.49,1.E-02));
#4038 = VECTOR('',#4039,1.);
#4039 = DIRECTION('',(-0.,0.,-1.));
#4040 = ORIENTED_EDGE('',*,*,#3593,.T.);
#4041 = ORIENTED_EDGE('',*,*,#4042,.T.);
#4042 = EDGE_CURVE('',#3586,#4043,#4045,.T.);
#4043 = VERTEX_POINT('',#4044);
#4044 = CARTESIAN_POINT('',(0.5,1.49,0.2));
#4045 = LINE('',#4046,#4047);
#4046 = CARTESIAN_POINT('',(0.5,1.49,1.E-02));
#4047 = VECTOR('',#4048,1.);
#4048 = DIRECTION('',(0.,0.,1.));
#4049 = ORIENTED_EDGE('',*,*,#4050,.T.);
#4050 = EDGE_CURVE('',#4043,#4051,#4053,.T.);
#4051 = VERTEX_POINT('',#4052);
#4052 = CARTESIAN_POINT('',(0.7,1.49,0.2));
#4053 = LINE('',#4054,#4055);
#4054 = CARTESIAN_POINT('',(-0.495,1.49,0.2));
#4055 = VECTOR('',#4056,1.);
#4056 = DIRECTION('',(1.,-2.22044604925E-16,0.));
#4057 = ORIENTED_EDGE('',*,*,#4058,.T.);
#4058 = EDGE_CURVE('',#4051,#3561,#4059,.T.);
#4059 = LINE('',#4060,#4061);
#4060 = CARTESIAN_POINT('',(0.7,1.49,1.E-02));
#4061 = VECTOR('',#4062,1.);
#4062 = DIRECTION('',(-0.,0.,-1.));
#4063 = ORIENTED_EDGE('',*,*,#3560,.T.);
#4064 = ORIENTED_EDGE('',*,*,#4065,.T.);
#4065 = EDGE_CURVE('',#3553,#4066,#4068,.T.);
#4066 = VERTEX_POINT('',#4067);
#4067 = CARTESIAN_POINT('',(0.9,1.49,0.2));
#4068 = LINE('',#4069,#4070);
#4069 = CARTESIAN_POINT('',(0.9,1.49,1.E-02));
#4070 = VECTOR('',#4071,1.);
#4071 = DIRECTION('',(0.,0.,1.));
#4072 = ORIENTED_EDGE('',*,*,#4073,.T.);
#4073 = EDGE_CURVE('',#4066,#4074,#4076,.T.);
#4074 = VERTEX_POINT('',#4075);
#4075 = CARTESIAN_POINT('',(1.1,1.49,0.2));
#4076 = LINE('',#4077,#4078);
#4077 = CARTESIAN_POINT('',(-0.295,1.49,0.2));
#4078 = VECTOR('',#4079,1.);
#4079 = DIRECTION('',(1.,-2.22044604925E-16,0.));
#4080 = ORIENTED_EDGE('',*,*,#4081,.T.);
#4081 = EDGE_CURVE('',#4074,#3528,#4082,.T.);
#4082 = LINE('',#4083,#4084);
#4083 = CARTESIAN_POINT('',(1.1,1.49,1.E-02));
#4084 = VECTOR('',#4085,1.);
#4085 = DIRECTION('',(-0.,0.,-1.));
#4086 = ORIENTED_EDGE('',*,*,#3527,.T.);
#4087 = ORIENTED_EDGE('',*,*,#4088,.T.);
#4088 = EDGE_CURVE('',#3520,#3941,#4089,.T.);
#4089 = LINE('',#4090,#4091);
#4090 = CARTESIAN_POINT('',(1.49,1.49,2.E-02));
#4091 = VECTOR('',#4092,1.);
#4092 = DIRECTION('',(0.,0.,1.));
#4093 = PLANE('',#4094);
#4094 = AXIS2_PLACEMENT_3D('',#4095,#4096,#4097);
#4095 = CARTESIAN_POINT('',(-1.49,1.49,2.E-02));
#4096 = DIRECTION('',(-2.22044604925E-16,-1.,0.));
#4097 = DIRECTION('',(0.,0.,1.));
#4098 = ADVANCED_FACE('',(#4099),#4133,.F.);
#4099 = FACE_BOUND('',#4100,.F.);
#4100 = EDGE_LOOP('',(#4101,#4111,#4119,#4125,#4126,#4127));
#4101 = ORIENTED_EDGE('',*,*,#4102,.F.);
#4102 = EDGE_CURVE('',#4103,#4105,#4107,.T.);
#4103 = VERTEX_POINT('',#4104);
#4104 = CARTESIAN_POINT('',(-1.1,1.5,0.));
#4105 = VERTEX_POINT('',#4106);
#4106 = CARTESIAN_POINT('',(-1.1,1.2,0.));
#4107 = LINE('',#4108,#4109);
#4108 = CARTESIAN_POINT('',(-1.1,1.5,0.));
#4109 = VECTOR('',#4110,1.);
#4110 = DIRECTION('',(-4.555315873023E-16,-1.,0.));
#4111 = ORIENTED_EDGE('',*,*,#4112,.T.);
#4112 = EDGE_CURVE('',#4103,#4113,#4115,.T.);
#4113 = VERTEX_POINT('',#4114);
#4114 = CARTESIAN_POINT('',(-1.1,1.5,0.2));
#4115 = LINE('',#4116,#4117);
#4116 = CARTESIAN_POINT('',(-1.1,1.5,0.));
#4117 = VECTOR('',#4118,1.);
#4118 = DIRECTION('',(0.,0.,1.));
#4119 = ORIENTED_EDGE('',*,*,#4120,.T.);
#4120 = EDGE_CURVE('',#4113,#3951,#4121,.T.);
#4121 = LINE('',#4122,#4123);
#4122 = CARTESIAN_POINT('',(-1.1,1.5,0.2));
#4123 = VECTOR('',#4124,1.);
#4124 = DIRECTION('',(-4.555315873023E-16,-1.,0.));
#4125 = ORIENTED_EDGE('',*,*,#3950,.F.);
#4126 = ORIENTED_EDGE('',*,*,#3717,.F.);
#4127 = ORIENTED_EDGE('',*,*,#4128,.F.);
#4128 = EDGE_CURVE('',#4105,#3709,#4129,.T.);
#4129 = LINE('',#4130,#4131);
#4130 = CARTESIAN_POINT('',(-1.1,1.2,0.));
#4131 = VECTOR('',#4132,1.);
#4132 = DIRECTION('',(0.,0.,1.));
#4133 = PLANE('',#4134);
#4134 = AXIS2_PLACEMENT_3D('',#4135,#4136,#4137);
#4135 = CARTESIAN_POINT('',(-1.1,1.5,0.));
#4136 = DIRECTION('',(1.,-4.555315873023E-16,0.));
#4137 = DIRECTION('',(-4.555315873023E-16,-1.,0.));
#4138 = ADVANCED_FACE('',(#4139),#4173,.F.);
#4139 = FACE_BOUND('',#4140,.F.);
#4140 = EDGE_LOOP('',(#4141,#4151,#4157,#4158,#4159,#4167));
#4141 = ORIENTED_EDGE('',*,*,#4142,.F.);
#4142 = EDGE_CURVE('',#4143,#4145,#4147,.T.);
#4143 = VERTEX_POINT('',#4144);
#4144 = CARTESIAN_POINT('',(-1.2,1.1,0.));
#4145 = VERTEX_POINT('',#4146);
#4146 = CARTESIAN_POINT('',(-1.5,1.1,0.));
#4147 = LINE('',#4148,#4149);
#4148 = CARTESIAN_POINT('',(-1.2,1.1,0.));
#4149 = VECTOR('',#4150,1.);
#4150 = DIRECTION('',(-1.,4.207146720618E-16,0.));
#4151 = ORIENTED_EDGE('',*,*,#4152,.T.);
#4152 = EDGE_CURVE('',#4143,#2942,#4153,.T.);
#4153 = LINE('',#4154,#4155);
#4154 = CARTESIAN_POINT('',(-1.2,1.1,0.));
#4155 = VECTOR('',#4156,1.);
#4156 = DIRECTION('',(0.,0.,1.));
#4157 = ORIENTED_EDGE('',*,*,#2941,.F.);
#4158 = ORIENTED_EDGE('',*,*,#3914,.F.);
#4159 = ORIENTED_EDGE('',*,*,#4160,.T.);
#4160 = EDGE_CURVE('',#3907,#4161,#4163,.T.);
#4161 = VERTEX_POINT('',#4162);
#4162 = CARTESIAN_POINT('',(-1.5,1.1,0.2));
#4163 = LINE('',#4164,#4165);
#4164 = CARTESIAN_POINT('',(-1.2,1.1,0.2));
#4165 = VECTOR('',#4166,1.);
#4166 = DIRECTION('',(-1.,4.207146720618E-16,0.));
#4167 = ORIENTED_EDGE('',*,*,#4168,.F.);
#4168 = EDGE_CURVE('',#4145,#4161,#4169,.T.);
#4169 = LINE('',#4170,#4171);
#4170 = CARTESIAN_POINT('',(-1.5,1.1,0.));
#4171 = VECTOR('',#4172,1.);
#4172 = DIRECTION('',(0.,0.,1.));
#4173 = PLANE('',#4174);
#4174 = AXIS2_PLACEMENT_3D('',#4175,#4176,#4177);
#4175 = CARTESIAN_POINT('',(-1.2,1.1,0.));
#4176 = DIRECTION('',(-4.207146720618E-16,-1.,0.));
#4177 = DIRECTION('',(-1.,4.207146720618E-16,0.));
#4178 = ADVANCED_FACE('',(#4179),#4198,.T.);
#4179 = FACE_BOUND('',#4180,.T.);
#4180 = EDGE_LOOP('',(#4181,#4189,#4190,#4191));
#4181 = ORIENTED_EDGE('',*,*,#4182,.T.);
#4182 = EDGE_CURVE('',#4183,#3701,#4185,.T.);
#4183 = VERTEX_POINT('',#4184);
#4184 = CARTESIAN_POINT('',(-0.9,1.2,0.));
#4185 = LINE('',#4186,#4187);
#4186 = CARTESIAN_POINT('',(-0.9,1.2,0.));
#4187 = VECTOR('',#4188,1.);
#4188 = DIRECTION('',(0.,0.,1.));
#4189 = ORIENTED_EDGE('',*,*,#3708,.T.);
#4190 = ORIENTED_EDGE('',*,*,#4128,.F.);
#4191 = ORIENTED_EDGE('',*,*,#4192,.T.);
#4192 = EDGE_CURVE('',#4105,#4183,#4193,.T.);
#4193 = CIRCLE('',#4194,0.1);
#4194 = AXIS2_PLACEMENT_3D('',#4195,#4196,#4197);
#4195 = CARTESIAN_POINT('',(-1.,1.2,0.));
#4196 = DIRECTION('',(0.,0.,1.));
#4197 = DIRECTION('',(-1.,-9.95799250103E-17,0.));
#4198 = CYLINDRICAL_SURFACE('',#4199,0.1);
#4199 = AXIS2_PLACEMENT_3D('',#4200,#4201,#4202);
#4200 = CARTESIAN_POINT('',(-1.,1.2,0.));
#4201 = DIRECTION('',(0.,0.,-1.));
#4202 = DIRECTION('',(-1.,-9.95799250103E-17,-0.));
#4203 = ADVANCED_FACE('',(#4204),#4223,.T.);
#4204 = FACE_BOUND('',#4205,.T.);
#4205 = EDGE_LOOP('',(#4206,#4207,#4208,#4216));
#4206 = ORIENTED_EDGE('',*,*,#4152,.T.);
#4207 = ORIENTED_EDGE('',*,*,#2949,.T.);
#4208 = ORIENTED_EDGE('',*,*,#4209,.F.);
#4209 = EDGE_CURVE('',#4210,#2950,#4212,.T.);
#4210 = VERTEX_POINT('',#4211);
#4211 = CARTESIAN_POINT('',(-1.2,0.9,0.));
#4212 = LINE('',#4213,#4214);
#4213 = CARTESIAN_POINT('',(-1.2,0.9,0.));
#4214 = VECTOR('',#4215,1.);
#4215 = DIRECTION('',(0.,0.,1.));
#4216 = ORIENTED_EDGE('',*,*,#4217,.T.);
#4217 = EDGE_CURVE('',#4210,#4143,#4218,.T.);
#4218 = CIRCLE('',#4219,0.1);
#4219 = AXIS2_PLACEMENT_3D('',#4220,#4221,#4222);
#4220 = CARTESIAN_POINT('',(-1.2,1.,0.));
#4221 = DIRECTION('',(-0.,0.,1.));
#4222 = DIRECTION('',(8.813754755808E-17,-1.,0.));
#4223 = CYLINDRICAL_SURFACE('',#4224,0.1);
#4224 = AXIS2_PLACEMENT_3D('',#4225,#4226,#4227);
#4225 = CARTESIAN_POINT('',(-1.2,1.,0.));
#4226 = DIRECTION('',(0.,0.,-1.));
#4227 = DIRECTION('',(8.813754755808E-17,-1.,0.));
#4228 = ADVANCED_FACE('',(#4229),#4256,.F.);
#4229 = FACE_BOUND('',#4230,.F.);
#4230 = EDGE_LOOP('',(#4231,#4239,#4240,#4241,#4242,#4250));
#4231 = ORIENTED_EDGE('',*,*,#4232,.F.);
#4232 = EDGE_CURVE('',#4183,#4233,#4235,.T.);
#4233 = VERTEX_POINT('',#4234);
#4234 = CARTESIAN_POINT('',(-0.9,1.5,0.));
#4235 = LINE('',#4236,#4237);
#4236 = CARTESIAN_POINT('',(-0.9,1.2,0.));
#4237 = VECTOR('',#4238,1.);
#4238 = DIRECTION('',(4.092722946096E-16,1.,0.));
#4239 = ORIENTED_EDGE('',*,*,#4182,.T.);
#4240 = ORIENTED_EDGE('',*,*,#3700,.F.);
#4241 = ORIENTED_EDGE('',*,*,#3966,.F.);
#4242 = ORIENTED_EDGE('',*,*,#4243,.T.);
#4243 = EDGE_CURVE('',#3959,#4244,#4246,.T.);
#4244 = VERTEX_POINT('',#4245);
#4245 = CARTESIAN_POINT('',(-0.9,1.5,0.2));
#4246 = LINE('',#4247,#4248);
#4247 = CARTESIAN_POINT('',(-0.9,1.2,0.2));
#4248 = VECTOR('',#4249,1.);
#4249 = DIRECTION('',(4.092722946096E-16,1.,0.));
#4250 = ORIENTED_EDGE('',*,*,#4251,.F.);
#4251 = EDGE_CURVE('',#4233,#4244,#4252,.T.);
#4252 = LINE('',#4253,#4254);
#4253 = CARTESIAN_POINT('',(-0.9,1.5,0.));
#4254 = VECTOR('',#4255,1.);
#4255 = DIRECTION('',(0.,0.,1.));
#4256 = PLANE('',#4257);
#4257 = AXIS2_PLACEMENT_3D('',#4258,#4259,#4260);
#4258 = CARTESIAN_POINT('',(-0.9,1.2,0.));
#4259 = DIRECTION('',(-1.,4.092722946096E-16,0.));
#4260 = DIRECTION('',(4.092722946096E-16,1.,0.));
#4261 = ADVANCED_FACE('',(#4262),#4289,.F.);
#4262 = FACE_BOUND('',#4263,.F.);
#4263 = EDGE_LOOP('',(#4264,#4272,#4280,#4286,#4287,#4288));
#4264 = ORIENTED_EDGE('',*,*,#4265,.F.);
#4265 = EDGE_CURVE('',#4266,#4210,#4268,.T.);
#4266 = VERTEX_POINT('',#4267);
#4267 = CARTESIAN_POINT('',(-1.5,0.9,0.));
#4268 = LINE('',#4269,#4270);
#4269 = CARTESIAN_POINT('',(-1.5,0.9,0.));
#4270 = VECTOR('',#4271,1.);
#4271 = DIRECTION('',(1.,-4.669739647545E-16,0.));
#4272 = ORIENTED_EDGE('',*,*,#4273,.T.);
#4273 = EDGE_CURVE('',#4266,#4274,#4276,.T.);
#4274 = VERTEX_POINT('',#4275);
#4275 = CARTESIAN_POINT('',(-1.5,0.9,0.2));
#4276 = LINE('',#4277,#4278);
#4277 = CARTESIAN_POINT('',(-1.5,0.9,0.));
#4278 = VECTOR('',#4279,1.);
#4279 = DIRECTION('',(0.,0.,1.));
#4280 = ORIENTED_EDGE('',*,*,#4281,.T.);
#4281 = EDGE_CURVE('',#4274,#3899,#4282,.T.);
#4282 = LINE('',#4283,#4284);
#4283 = CARTESIAN_POINT('',(-1.5,0.9,0.2));
#4284 = VECTOR('',#4285,1.);
#4285 = DIRECTION('',(1.,-4.669739647545E-16,0.));
#4286 = ORIENTED_EDGE('',*,*,#3898,.F.);
#4287 = ORIENTED_EDGE('',*,*,#2958,.F.);
#4288 = ORIENTED_EDGE('',*,*,#4209,.F.);
#4289 = PLANE('',#4290);
#4290 = AXIS2_PLACEMENT_3D('',#4291,#4292,#4293);
#4291 = CARTESIAN_POINT('',(-1.5,0.9,0.));
#4292 = DIRECTION('',(4.669739647545E-16,1.,0.));
#4293 = DIRECTION('',(1.,-4.669739647545E-16,0.));
#4294 = ADVANCED_FACE('',(#4295),#4329,.F.);
#4295 = FACE_BOUND('',#4296,.F.);
#4296 = EDGE_LOOP('',(#4297,#4307,#4315,#4321,#4322,#4323));
#4297 = ORIENTED_EDGE('',*,*,#4298,.F.);
#4298 = EDGE_CURVE('',#4299,#4301,#4303,.T.);
#4299 = VERTEX_POINT('',#4300);
#4300 = CARTESIAN_POINT('',(-0.7,1.5,0.));
#4301 = VERTEX_POINT('',#4302);
#4302 = CARTESIAN_POINT('',(-0.7,1.2,0.));
#4303 = LINE('',#4304,#4305);
#4304 = CARTESIAN_POINT('',(-0.7,1.5,0.));
#4305 = VECTOR('',#4306,1.);
#4306 = DIRECTION('',(-4.555315873023E-16,-1.,0.));
#4307 = ORIENTED_EDGE('',*,*,#4308,.T.);
#4308 = EDGE_CURVE('',#4299,#4309,#4311,.T.);
#4309 = VERTEX_POINT('',#4310);
#4310 = CARTESIAN_POINT('',(-0.7,1.5,0.2));
#4311 = LINE('',#4312,#4313);
#4312 = CARTESIAN_POINT('',(-0.7,1.5,0.));
#4313 = VECTOR('',#4314,1.);
#4314 = DIRECTION('',(0.,0.,1.));
#4315 = ORIENTED_EDGE('',*,*,#4316,.T.);
#4316 = EDGE_CURVE('',#4309,#3974,#4317,.T.);
#4317 = LINE('',#4318,#4319);
#4318 = CARTESIAN_POINT('',(-0.7,1.5,0.2));
#4319 = VECTOR('',#4320,1.);
#4320 = DIRECTION('',(-4.555315873023E-16,-1.,0.));
#4321 = ORIENTED_EDGE('',*,*,#3973,.F.);
#4322 = ORIENTED_EDGE('',*,*,#3684,.F.);
#4323 = ORIENTED_EDGE('',*,*,#4324,.F.);
#4324 = EDGE_CURVE('',#4301,#3676,#4325,.T.);
#4325 = LINE('',#4326,#4327);
#4326 = CARTESIAN_POINT('',(-0.7,1.2,0.));
#4327 = VECTOR('',#4328,1.);
#4328 = DIRECTION('',(0.,0.,1.));
#4329 = PLANE('',#4330);
#4330 = AXIS2_PLACEMENT_3D('',#4331,#4332,#4333);
#4331 = CARTESIAN_POINT('',(-0.7,1.5,0.));
#4332 = DIRECTION('',(1.,-4.555315873023E-16,0.));
#4333 = DIRECTION('',(-4.555315873023E-16,-1.,0.));
#4334 = ADVANCED_FACE('',(#4335),#4369,.F.);
#4335 = FACE_BOUND('',#4336,.F.);
#4336 = EDGE_LOOP('',(#4337,#4347,#4353,#4354,#4355,#4363));
#4337 = ORIENTED_EDGE('',*,*,#4338,.F.);
#4338 = EDGE_CURVE('',#4339,#4341,#4343,.T.);
#4339 = VERTEX_POINT('',#4340);
#4340 = CARTESIAN_POINT('',(-1.2,0.7,0.));
#4341 = VERTEX_POINT('',#4342);
#4342 = CARTESIAN_POINT('',(-1.5,0.7,0.));
#4343 = LINE('',#4344,#4345);
#4344 = CARTESIAN_POINT('',(-1.2,0.7,0.));
#4345 = VECTOR('',#4346,1.);
#4346 = DIRECTION('',(-1.,4.207146720618E-16,0.));
#4347 = ORIENTED_EDGE('',*,*,#4348,.T.);
#4348 = EDGE_CURVE('',#4339,#2975,#4349,.T.);
#4349 = LINE('',#4350,#4351);
#4350 = CARTESIAN_POINT('',(-1.2,0.7,0.));
#4351 = VECTOR('',#4352,1.);
#4352 = DIRECTION('',(0.,0.,1.));
#4353 = ORIENTED_EDGE('',*,*,#2974,.F.);
#4354 = ORIENTED_EDGE('',*,*,#3891,.F.);
#4355 = ORIENTED_EDGE('',*,*,#4356,.T.);
#4356 = EDGE_CURVE('',#3884,#4357,#4359,.T.);
#4357 = VERTEX_POINT('',#4358);
#4358 = CARTESIAN_POINT('',(-1.5,0.7,0.2));
#4359 = LINE('',#4360,#4361);
#4360 = CARTESIAN_POINT('',(-1.2,0.7,0.2));
#4361 = VECTOR('',#4362,1.);
#4362 = DIRECTION('',(-1.,4.207146720618E-16,0.));
#4363 = ORIENTED_EDGE('',*,*,#4364,.F.);
#4364 = EDGE_CURVE('',#4341,#4357,#4365,.T.);
#4365 = LINE('',#4366,#4367);
#4366 = CARTESIAN_POINT('',(-1.5,0.7,0.));
#4367 = VECTOR('',#4368,1.);
#4368 = DIRECTION('',(0.,0.,1.));
#4369 = PLANE('',#4370);
#4370 = AXIS2_PLACEMENT_3D('',#4371,#4372,#4373);
#4371 = CARTESIAN_POINT('',(-1.2,0.7,0.));
#4372 = DIRECTION('',(-4.207146720618E-16,-1.,0.));
#4373 = DIRECTION('',(-1.,4.207146720618E-16,0.));
#4374 = ADVANCED_FACE('',(#4375),#4394,.T.);
#4375 = FACE_BOUND('',#4376,.T.);
#4376 = EDGE_LOOP('',(#4377,#4385,#4386,#4387));
#4377 = ORIENTED_EDGE('',*,*,#4378,.T.);
#4378 = EDGE_CURVE('',#4379,#3668,#4381,.T.);
#4379 = VERTEX_POINT('',#4380);
#4380 = CARTESIAN_POINT('',(-0.5,1.2,0.));
#4381 = LINE('',#4382,#4383);
#4382 = CARTESIAN_POINT('',(-0.5,1.2,0.));
#4383 = VECTOR('',#4384,1.);
#4384 = DIRECTION('',(0.,0.,1.));
#4385 = ORIENTED_EDGE('',*,*,#3675,.T.);
#4386 = ORIENTED_EDGE('',*,*,#4324,.F.);
#4387 = ORIENTED_EDGE('',*,*,#4388,.T.);
#4388 = EDGE_CURVE('',#4301,#4379,#4389,.T.);
#4389 = CIRCLE('',#4390,0.1);
#4390 = AXIS2_PLACEMENT_3D('',#4391,#4392,#4393);
#4391 = CARTESIAN_POINT('',(-0.6,1.2,0.));
#4392 = DIRECTION('',(0.,0.,1.));
#4393 = DIRECTION('',(-1.,-9.95799250103E-17,0.));
#4394 = CYLINDRICAL_SURFACE('',#4395,0.1);
#4395 = AXIS2_PLACEMENT_3D('',#4396,#4397,#4398);
#4396 = CARTESIAN_POINT('',(-0.6,1.2,0.));
#4397 = DIRECTION('',(0.,0.,-1.));
#4398 = DIRECTION('',(-1.,-9.95799250103E-17,-0.));
#4399 = ADVANCED_FACE('',(#4400),#4419,.T.);
#4400 = FACE_BOUND('',#4401,.T.);
#4401 = EDGE_LOOP('',(#4402,#4403,#4404,#4412));
#4402 = ORIENTED_EDGE('',*,*,#4348,.T.);
#4403 = ORIENTED_EDGE('',*,*,#2982,.T.);
#4404 = ORIENTED_EDGE('',*,*,#4405,.F.);
#4405 = EDGE_CURVE('',#4406,#2983,#4408,.T.);
#4406 = VERTEX_POINT('',#4407);
#4407 = CARTESIAN_POINT('',(-1.2,0.5,0.));
#4408 = LINE('',#4409,#4410);
#4409 = CARTESIAN_POINT('',(-1.2,0.5,0.));
#4410 = VECTOR('',#4411,1.);
#4411 = DIRECTION('',(0.,0.,1.));
#4412 = ORIENTED_EDGE('',*,*,#4413,.T.);
#4413 = EDGE_CURVE('',#4406,#4339,#4414,.T.);
#4414 = CIRCLE('',#4415,0.1);
#4415 = AXIS2_PLACEMENT_3D('',#4416,#4417,#4418);
#4416 = CARTESIAN_POINT('',(-1.2,0.6,0.));
#4417 = DIRECTION('',(-0.,0.,1.));
#4418 = DIRECTION('',(8.813754755808E-17,-1.,0.));
#4419 = CYLINDRICAL_SURFACE('',#4420,0.1);
#4420 = AXIS2_PLACEMENT_3D('',#4421,#4422,#4423);
#4421 = CARTESIAN_POINT('',(-1.2,0.6,0.));
#4422 = DIRECTION('',(0.,0.,-1.));
#4423 = DIRECTION('',(8.813754755808E-17,-1.,0.));
#4424 = ADVANCED_FACE('',(#4425),#4452,.F.);
#4425 = FACE_BOUND('',#4426,.F.);
#4426 = EDGE_LOOP('',(#4427,#4435,#4436,#4437,#4438,#4446));
#4427 = ORIENTED_EDGE('',*,*,#4428,.F.);
#4428 = EDGE_CURVE('',#4379,#4429,#4431,.T.);
#4429 = VERTEX_POINT('',#4430);
#4430 = CARTESIAN_POINT('',(-0.5,1.5,0.));
#4431 = LINE('',#4432,#4433);
#4432 = CARTESIAN_POINT('',(-0.5,1.2,0.));
#4433 = VECTOR('',#4434,1.);
#4434 = DIRECTION('',(4.092722946096E-16,1.,0.));
#4435 = ORIENTED_EDGE('',*,*,#4378,.T.);
#4436 = ORIENTED_EDGE('',*,*,#3667,.F.);
#4437 = ORIENTED_EDGE('',*,*,#3989,.F.);
#4438 = ORIENTED_EDGE('',*,*,#4439,.T.);
#4439 = EDGE_CURVE('',#3982,#4440,#4442,.T.);
#4440 = VERTEX_POINT('',#4441);
#4441 = CARTESIAN_POINT('',(-0.5,1.5,0.2));
#4442 = LINE('',#4443,#4444);
#4443 = CARTESIAN_POINT('',(-0.5,1.2,0.2));
#4444 = VECTOR('',#4445,1.);
#4445 = DIRECTION('',(4.092722946096E-16,1.,0.));
#4446 = ORIENTED_EDGE('',*,*,#4447,.F.);
#4447 = EDGE_CURVE('',#4429,#4440,#4448,.T.);
#4448 = LINE('',#4449,#4450);
#4449 = CARTESIAN_POINT('',(-0.5,1.5,0.));
#4450 = VECTOR('',#4451,1.);
#4451 = DIRECTION('',(0.,0.,1.));
#4452 = PLANE('',#4453);
#4453 = AXIS2_PLACEMENT_3D('',#4454,#4455,#4456);
#4454 = CARTESIAN_POINT('',(-0.5,1.2,0.));
#4455 = DIRECTION('',(-1.,4.092722946096E-16,0.));
#4456 = DIRECTION('',(4.092722946096E-16,1.,0.));
#4457 = ADVANCED_FACE('',(#4458),#4485,.F.);
#4458 = FACE_BOUND('',#4459,.F.);
#4459 = EDGE_LOOP('',(#4460,#4468,#4476,#4482,#4483,#4484));
#4460 = ORIENTED_EDGE('',*,*,#4461,.F.);
#4461 = EDGE_CURVE('',#4462,#4406,#4464,.T.);
#4462 = VERTEX_POINT('',#4463);
#4463 = CARTESIAN_POINT('',(-1.5,0.5,0.));
#4464 = LINE('',#4465,#4466);
#4465 = CARTESIAN_POINT('',(-1.5,0.5,0.));
#4466 = VECTOR('',#4467,1.);
#4467 = DIRECTION('',(1.,-4.669739647545E-16,0.));
#4468 = ORIENTED_EDGE('',*,*,#4469,.T.);
#4469 = EDGE_CURVE('',#4462,#4470,#4472,.T.);
#4470 = VERTEX_POINT('',#4471);
#4471 = CARTESIAN_POINT('',(-1.5,0.5,0.2));
#4472 = LINE('',#4473,#4474);
#4473 = CARTESIAN_POINT('',(-1.5,0.5,0.));
#4474 = VECTOR('',#4475,1.);
#4475 = DIRECTION('',(0.,0.,1.));
#4476 = ORIENTED_EDGE('',*,*,#4477,.T.);
#4477 = EDGE_CURVE('',#4470,#3876,#4478,.T.);
#4478 = LINE('',#4479,#4480);
#4479 = CARTESIAN_POINT('',(-1.5,0.5,0.2));
#4480 = VECTOR('',#4481,1.);
#4481 = DIRECTION('',(1.,-4.669739647545E-16,0.));
#4482 = ORIENTED_EDGE('',*,*,#3875,.F.);
#4483 = ORIENTED_EDGE('',*,*,#2991,.F.);
#4484 = ORIENTED_EDGE('',*,*,#4405,.F.);
#4485 = PLANE('',#4486);
#4486 = AXIS2_PLACEMENT_3D('',#4487,#4488,#4489);
#4487 = CARTESIAN_POINT('',(-1.5,0.5,0.));
#4488 = DIRECTION('',(4.669739647545E-16,1.,0.));
#4489 = DIRECTION('',(1.,-4.669739647545E-16,0.));
#4490 = ADVANCED_FACE('',(#4491),#4525,.F.);
#4491 = FACE_BOUND('',#4492,.F.);
#4492 = EDGE_LOOP('',(#4493,#4503,#4511,#4517,#4518,#4519));
#4493 = ORIENTED_EDGE('',*,*,#4494,.F.);
#4494 = EDGE_CURVE('',#4495,#4497,#4499,.T.);
#4495 = VERTEX_POINT('',#4496);
#4496 = CARTESIAN_POINT('',(-0.3,1.5,0.));
#4497 = VERTEX_POINT('',#4498);
#4498 = CARTESIAN_POINT('',(-0.3,1.2,0.));
#4499 = LINE('',#4500,#4501);
#4500 = CARTESIAN_POINT('',(-0.3,1.5,0.));
#4501 = VECTOR('',#4502,1.);
#4502 = DIRECTION('',(-4.555315873023E-16,-1.,0.));
#4503 = ORIENTED_EDGE('',*,*,#4504,.T.);
#4504 = EDGE_CURVE('',#4495,#4505,#4507,.T.);
#4505 = VERTEX_POINT('',#4506);
#4506 = CARTESIAN_POINT('',(-0.3,1.5,0.2));
#4507 = LINE('',#4508,#4509);
#4508 = CARTESIAN_POINT('',(-0.3,1.5,0.));
#4509 = VECTOR('',#4510,1.);
#4510 = DIRECTION('',(0.,0.,1.));
#4511 = ORIENTED_EDGE('',*,*,#4512,.T.);
#4512 = EDGE_CURVE('',#4505,#3997,#4513,.T.);
#4513 = LINE('',#4514,#4515);
#4514 = CARTESIAN_POINT('',(-0.3,1.5,0.2));
#4515 = VECTOR('',#4516,1.);
#4516 = DIRECTION('',(-4.555315873023E-16,-1.,0.));
#4517 = ORIENTED_EDGE('',*,*,#3996,.F.);
#4518 = ORIENTED_EDGE('',*,*,#3651,.F.);
#4519 = ORIENTED_EDGE('',*,*,#4520,.F.);
#4520 = EDGE_CURVE('',#4497,#3643,#4521,.T.);
#4521 = LINE('',#4522,#4523);
#4522 = CARTESIAN_POINT('',(-0.3,1.2,0.));
#4523 = VECTOR('',#4524,1.);
#4524 = DIRECTION('',(0.,0.,1.));
#4525 = PLANE('',#4526);
#4526 = AXIS2_PLACEMENT_3D('',#4527,#4528,#4529);
#4527 = CARTESIAN_POINT('',(-0.3,1.5,0.));
#4528 = DIRECTION('',(1.,-4.555315873023E-16,0.));
#4529 = DIRECTION('',(-4.555315873023E-16,-1.,0.));
#4530 = ADVANCED_FACE('',(#4531),#4565,.F.);
#4531 = FACE_BOUND('',#4532,.F.);
#4532 = EDGE_LOOP('',(#4533,#4543,#4549,#4550,#4551,#4559));
#4533 = ORIENTED_EDGE('',*,*,#4534,.F.);
#4534 = EDGE_CURVE('',#4535,#4537,#4539,.T.);
#4535 = VERTEX_POINT('',#4536);
#4536 = CARTESIAN_POINT('',(-1.2,0.3,0.));
#4537 = VERTEX_POINT('',#4538);
#4538 = CARTESIAN_POINT('',(-1.5,0.3,0.));
#4539 = LINE('',#4540,#4541);
#4540 = CARTESIAN_POINT('',(-1.2,0.3,0.));
#4541 = VECTOR('',#4542,1.);
#4542 = DIRECTION('',(-1.,4.207146720618E-16,0.));
#4543 = ORIENTED_EDGE('',*,*,#4544,.T.);
#4544 = EDGE_CURVE('',#4535,#3008,#4545,.T.);
#4545 = LINE('',#4546,#4547);
#4546 = CARTESIAN_POINT('',(-1.2,0.3,0.));
#4547 = VECTOR('',#4548,1.);
#4548 = DIRECTION('',(0.,0.,1.));
#4549 = ORIENTED_EDGE('',*,*,#3007,.F.);
#4550 = ORIENTED_EDGE('',*,*,#3868,.F.);
#4551 = ORIENTED_EDGE('',*,*,#4552,.T.);
#4552 = EDGE_CURVE('',#3861,#4553,#4555,.T.);
#4553 = VERTEX_POINT('',#4554);
#4554 = CARTESIAN_POINT('',(-1.5,0.3,0.2));
#4555 = LINE('',#4556,#4557);
#4556 = CARTESIAN_POINT('',(-1.2,0.3,0.2));
#4557 = VECTOR('',#4558,1.);
#4558 = DIRECTION('',(-1.,4.207146720618E-16,0.));
#4559 = ORIENTED_EDGE('',*,*,#4560,.F.);
#4560 = EDGE_CURVE('',#4537,#4553,#4561,.T.);
#4561 = LINE('',#4562,#4563);
#4562 = CARTESIAN_POINT('',(-1.5,0.3,0.));
#4563 = VECTOR('',#4564,1.);
#4564 = DIRECTION('',(0.,0.,1.));
#4565 = PLANE('',#4566);
#4566 = AXIS2_PLACEMENT_3D('',#4567,#4568,#4569);
#4567 = CARTESIAN_POINT('',(-1.2,0.3,0.));
#4568 = DIRECTION('',(-4.207146720618E-16,-1.,0.));
#4569 = DIRECTION('',(-1.,4.207146720618E-16,0.));
#4570 = ADVANCED_FACE('',(#4571),#4590,.T.);
#4571 = FACE_BOUND('',#4572,.T.);
#4572 = EDGE_LOOP('',(#4573,#4581,#4582,#4583));
#4573 = ORIENTED_EDGE('',*,*,#4574,.T.);
#4574 = EDGE_CURVE('',#4575,#3635,#4577,.T.);
#4575 = VERTEX_POINT('',#4576);
#4576 = CARTESIAN_POINT('',(-0.1,1.2,0.));
#4577 = LINE('',#4578,#4579);
#4578 = CARTESIAN_POINT('',(-0.1,1.2,0.));
#4579 = VECTOR('',#4580,1.);
#4580 = DIRECTION('',(0.,0.,1.));
#4581 = ORIENTED_EDGE('',*,*,#3642,.T.);
#4582 = ORIENTED_EDGE('',*,*,#4520,.F.);
#4583 = ORIENTED_EDGE('',*,*,#4584,.T.);
#4584 = EDGE_CURVE('',#4497,#4575,#4585,.T.);
#4585 = CIRCLE('',#4586,0.1);
#4586 = AXIS2_PLACEMENT_3D('',#4587,#4588,#4589);
#4587 = CARTESIAN_POINT('',(-0.2,1.2,0.));
#4588 = DIRECTION('',(0.,0.,1.));
#4589 = DIRECTION('',(-1.,-9.95799250103E-17,0.));
#4590 = CYLINDRICAL_SURFACE('',#4591,0.1);
#4591 = AXIS2_PLACEMENT_3D('',#4592,#4593,#4594);
#4592 = CARTESIAN_POINT('',(-0.2,1.2,0.));
#4593 = DIRECTION('',(0.,0.,-1.));
#4594 = DIRECTION('',(-1.,-9.95799250103E-17,-0.));
#4595 = ADVANCED_FACE('',(#4596),#4615,.T.);
#4596 = FACE_BOUND('',#4597,.T.);
#4597 = EDGE_LOOP('',(#4598,#4599,#4600,#4608));
#4598 = ORIENTED_EDGE('',*,*,#4544,.T.);
#4599 = ORIENTED_EDGE('',*,*,#3015,.T.);
#4600 = ORIENTED_EDGE('',*,*,#4601,.F.);
#4601 = EDGE_CURVE('',#4602,#3016,#4604,.T.);
#4602 = VERTEX_POINT('',#4603);
#4603 = CARTESIAN_POINT('',(-1.2,0.1,0.));
#4604 = LINE('',#4605,#4606);
#4605 = CARTESIAN_POINT('',(-1.2,0.1,0.));
#4606 = VECTOR('',#4607,1.);
#4607 = DIRECTION('',(0.,0.,1.));
#4608 = ORIENTED_EDGE('',*,*,#4609,.T.);
#4609 = EDGE_CURVE('',#4602,#4535,#4610,.T.);
#4610 = CIRCLE('',#4611,0.1);
#4611 = AXIS2_PLACEMENT_3D('',#4612,#4613,#4614);
#4612 = CARTESIAN_POINT('',(-1.2,0.2,0.));
#4613 = DIRECTION('',(-0.,0.,1.));
#4614 = DIRECTION('',(8.813754755808E-17,-1.,0.));
#4615 = CYLINDRICAL_SURFACE('',#4616,0.1);
#4616 = AXIS2_PLACEMENT_3D('',#4617,#4618,#4619);
#4617 = CARTESIAN_POINT('',(-1.2,0.2,0.));
#4618 = DIRECTION('',(0.,0.,-1.));
#4619 = DIRECTION('',(8.813754755808E-17,-1.,0.));
#4620 = ADVANCED_FACE('',(#4621),#4648,.F.);
#4621 = FACE_BOUND('',#4622,.F.);
#4622 = EDGE_LOOP('',(#4623,#4631,#4632,#4633,#4634,#4642));
#4623 = ORIENTED_EDGE('',*,*,#4624,.F.);
#4624 = EDGE_CURVE('',#4575,#4625,#4627,.T.);
#4625 = VERTEX_POINT('',#4626);
#4626 = CARTESIAN_POINT('',(-0.1,1.5,0.));
#4627 = LINE('',#4628,#4629);
#4628 = CARTESIAN_POINT('',(-0.1,1.2,0.));
#4629 = VECTOR('',#4630,1.);
#4630 = DIRECTION('',(4.092722946096E-16,1.,0.));
#4631 = ORIENTED_EDGE('',*,*,#4574,.T.);
#4632 = ORIENTED_EDGE('',*,*,#3634,.F.);
#4633 = ORIENTED_EDGE('',*,*,#4012,.F.);
#4634 = ORIENTED_EDGE('',*,*,#4635,.T.);
#4635 = EDGE_CURVE('',#4005,#4636,#4638,.T.);
#4636 = VERTEX_POINT('',#4637);
#4637 = CARTESIAN_POINT('',(-0.1,1.5,0.2));
#4638 = LINE('',#4639,#4640);
#4639 = CARTESIAN_POINT('',(-0.1,1.2,0.2));
#4640 = VECTOR('',#4641,1.);
#4641 = DIRECTION('',(4.092722946096E-16,1.,0.));
#4642 = ORIENTED_EDGE('',*,*,#4643,.F.);
#4643 = EDGE_CURVE('',#4625,#4636,#4644,.T.);
#4644 = LINE('',#4645,#4646);
#4645 = CARTESIAN_POINT('',(-0.1,1.5,0.));
#4646 = VECTOR('',#4647,1.);
#4647 = DIRECTION('',(0.,0.,1.));
#4648 = PLANE('',#4649);
#4649 = AXIS2_PLACEMENT_3D('',#4650,#4651,#4652);
#4650 = CARTESIAN_POINT('',(-0.1,1.2,0.));
#4651 = DIRECTION('',(-1.,4.092722946096E-16,0.));
#4652 = DIRECTION('',(4.092722946096E-16,1.,0.));
#4653 = ADVANCED_FACE('',(#4654),#4681,.F.);
#4654 = FACE_BOUND('',#4655,.F.);
#4655 = EDGE_LOOP('',(#4656,#4664,#4672,#4678,#4679,#4680));
#4656 = ORIENTED_EDGE('',*,*,#4657,.F.);
#4657 = EDGE_CURVE('',#4658,#4602,#4660,.T.);
#4658 = VERTEX_POINT('',#4659);
#4659 = CARTESIAN_POINT('',(-1.5,0.1,0.));
#4660 = LINE('',#4661,#4662);
#4661 = CARTESIAN_POINT('',(-1.5,0.1,0.));
#4662 = VECTOR('',#4663,1.);
#4663 = DIRECTION('',(1.,-4.669739647545E-16,0.));
#4664 = ORIENTED_EDGE('',*,*,#4665,.T.);
#4665 = EDGE_CURVE('',#4658,#4666,#4668,.T.);
#4666 = VERTEX_POINT('',#4667);
#4667 = CARTESIAN_POINT('',(-1.5,0.1,0.2));
#4668 = LINE('',#4669,#4670);
#4669 = CARTESIAN_POINT('',(-1.5,0.1,0.));
#4670 = VECTOR('',#4671,1.);
#4671 = DIRECTION('',(0.,0.,1.));
#4672 = ORIENTED_EDGE('',*,*,#4673,.T.);
#4673 = EDGE_CURVE('',#4666,#3853,#4674,.T.);
#4674 = LINE('',#4675,#4676);
#4675 = CARTESIAN_POINT('',(-1.5,0.1,0.2));
#4676 = VECTOR('',#4677,1.);
#4677 = DIRECTION('',(1.,-4.669739647545E-16,0.));
#4678 = ORIENTED_EDGE('',*,*,#3852,.F.);
#4679 = ORIENTED_EDGE('',*,*,#3024,.F.);
#4680 = ORIENTED_EDGE('',*,*,#4601,.F.);
#4681 = PLANE('',#4682);
#4682 = AXIS2_PLACEMENT_3D('',#4683,#4684,#4685);
#4683 = CARTESIAN_POINT('',(-1.5,0.1,0.));
#4684 = DIRECTION('',(4.669739647545E-16,1.,0.));
#4685 = DIRECTION('',(1.,-4.669739647545E-16,0.));
#4686 = ADVANCED_FACE('',(#4687),#4721,.F.);
#4687 = FACE_BOUND('',#4688,.F.);
#4688 = EDGE_LOOP('',(#4689,#4699,#4707,#4713,#4714,#4715));
#4689 = ORIENTED_EDGE('',*,*,#4690,.F.);
#4690 = EDGE_CURVE('',#4691,#4693,#4695,.T.);
#4691 = VERTEX_POINT('',#4692);
#4692 = CARTESIAN_POINT('',(0.1,1.5,0.));
#4693 = VERTEX_POINT('',#4694);
#4694 = CARTESIAN_POINT('',(0.1,1.2,0.));
#4695 = LINE('',#4696,#4697);
#4696 = CARTESIAN_POINT('',(0.1,1.5,0.));
#4697 = VECTOR('',#4698,1.);
#4698 = DIRECTION('',(-4.555315873023E-16,-1.,0.));
#4699 = ORIENTED_EDGE('',*,*,#4700,.T.);
#4700 = EDGE_CURVE('',#4691,#4701,#4703,.T.);
#4701 = VERTEX_POINT('',#4702);
#4702 = CARTESIAN_POINT('',(0.1,1.5,0.2));
#4703 = LINE('',#4704,#4705);
#4704 = CARTESIAN_POINT('',(0.1,1.5,0.));
#4705 = VECTOR('',#4706,1.);
#4706 = DIRECTION('',(0.,0.,1.));
#4707 = ORIENTED_EDGE('',*,*,#4708,.T.);
#4708 = EDGE_CURVE('',#4701,#4020,#4709,.T.);
#4709 = LINE('',#4710,#4711);
#4710 = CARTESIAN_POINT('',(0.1,1.5,0.2));
#4711 = VECTOR('',#4712,1.);
#4712 = DIRECTION('',(-4.555315873023E-16,-1.,0.));
#4713 = ORIENTED_EDGE('',*,*,#4019,.F.);
#4714 = ORIENTED_EDGE('',*,*,#3618,.F.);
#4715 = ORIENTED_EDGE('',*,*,#4716,.F.);
#4716 = EDGE_CURVE('',#4693,#3610,#4717,.T.);
#4717 = LINE('',#4718,#4719);
#4718 = CARTESIAN_POINT('',(0.1,1.2,0.));
#4719 = VECTOR('',#4720,1.);
#4720 = DIRECTION('',(0.,0.,1.));
#4721 = PLANE('',#4722);
#4722 = AXIS2_PLACEMENT_3D('',#4723,#4724,#4725);
#4723 = CARTESIAN_POINT('',(0.1,1.5,0.));
#4724 = DIRECTION('',(1.,-4.555315873023E-16,0.));
#4725 = DIRECTION('',(-4.555315873023E-16,-1.,0.));
#4726 = ADVANCED_FACE('',(#4727),#4761,.F.);
#4727 = FACE_BOUND('',#4728,.F.);
#4728 = EDGE_LOOP('',(#4729,#4739,#4745,#4746,#4747,#4755));
#4729 = ORIENTED_EDGE('',*,*,#4730,.F.);
#4730 = EDGE_CURVE('',#4731,#4733,#4735,.T.);
#4731 = VERTEX_POINT('',#4732);
#4732 = CARTESIAN_POINT('',(-1.2,-0.1,0.));
#4733 = VERTEX_POINT('',#4734);
#4734 = CARTESIAN_POINT('',(-1.5,-0.1,0.));
#4735 = LINE('',#4736,#4737);
#4736 = CARTESIAN_POINT('',(-1.2,-0.1,0.));
#4737 = VECTOR('',#4738,1.);
#4738 = DIRECTION('',(-1.,4.207146720618E-16,0.));
#4739 = ORIENTED_EDGE('',*,*,#4740,.T.);
#4740 = EDGE_CURVE('',#4731,#3041,#4741,.T.);
#4741 = LINE('',#4742,#4743);
#4742 = CARTESIAN_POINT('',(-1.2,-0.1,0.));
#4743 = VECTOR('',#4744,1.);
#4744 = DIRECTION('',(0.,0.,1.));
#4745 = ORIENTED_EDGE('',*,*,#3040,.F.);
#4746 = ORIENTED_EDGE('',*,*,#3845,.F.);
#4747 = ORIENTED_EDGE('',*,*,#4748,.T.);
#4748 = EDGE_CURVE('',#3838,#4749,#4751,.T.);
#4749 = VERTEX_POINT('',#4750);
#4750 = CARTESIAN_POINT('',(-1.5,-0.1,0.2));
#4751 = LINE('',#4752,#4753);
#4752 = CARTESIAN_POINT('',(-1.2,-0.1,0.2));
#4753 = VECTOR('',#4754,1.);
#4754 = DIRECTION('',(-1.,4.207146720618E-16,0.));
#4755 = ORIENTED_EDGE('',*,*,#4756,.F.);
#4756 = EDGE_CURVE('',#4733,#4749,#4757,.T.);
#4757 = LINE('',#4758,#4759);
#4758 = CARTESIAN_POINT('',(-1.5,-0.1,0.));
#4759 = VECTOR('',#4760,1.);
#4760 = DIRECTION('',(0.,0.,1.));
#4761 = PLANE('',#4762);
#4762 = AXIS2_PLACEMENT_3D('',#4763,#4764,#4765);
#4763 = CARTESIAN_POINT('',(-1.2,-0.1,0.));
#4764 = DIRECTION('',(-4.207146720618E-16,-1.,0.));
#4765 = DIRECTION('',(-1.,4.207146720618E-16,0.));
#4766 = ADVANCED_FACE('',(#4767),#4786,.T.);
#4767 = FACE_BOUND('',#4768,.T.);
#4768 = EDGE_LOOP('',(#4769,#4777,#4778,#4779));
#4769 = ORIENTED_EDGE('',*,*,#4770,.T.);
#4770 = EDGE_CURVE('',#4771,#3602,#4773,.T.);
#4771 = VERTEX_POINT('',#4772);
#4772 = CARTESIAN_POINT('',(0.3,1.2,0.));
#4773 = LINE('',#4774,#4775);
#4774 = CARTESIAN_POINT('',(0.3,1.2,0.));
#4775 = VECTOR('',#4776,1.);
#4776 = DIRECTION('',(0.,0.,1.));
#4777 = ORIENTED_EDGE('',*,*,#3609,.T.);
#4778 = ORIENTED_EDGE('',*,*,#4716,.F.);
#4779 = ORIENTED_EDGE('',*,*,#4780,.T.);
#4780 = EDGE_CURVE('',#4693,#4771,#4781,.T.);
#4781 = CIRCLE('',#4782,0.1);
#4782 = AXIS2_PLACEMENT_3D('',#4783,#4784,#4785);
#4783 = CARTESIAN_POINT('',(0.2,1.2,0.));
#4784 = DIRECTION('',(0.,0.,1.));
#4785 = DIRECTION('',(-1.,-9.95799250103E-17,0.));
#4786 = CYLINDRICAL_SURFACE('',#4787,0.1);
#4787 = AXIS2_PLACEMENT_3D('',#4788,#4789,#4790);
#4788 = CARTESIAN_POINT('',(0.2,1.2,0.));
#4789 = DIRECTION('',(0.,0.,-1.));
#4790 = DIRECTION('',(-1.,-9.95799250103E-17,-0.));
#4791 = ADVANCED_FACE('',(#4792),#4811,.T.);
#4792 = FACE_BOUND('',#4793,.T.);
#4793 = EDGE_LOOP('',(#4794,#4795,#4796,#4804));
#4794 = ORIENTED_EDGE('',*,*,#4740,.T.);
#4795 = ORIENTED_EDGE('',*,*,#3048,.T.);
#4796 = ORIENTED_EDGE('',*,*,#4797,.F.);
#4797 = EDGE_CURVE('',#4798,#3049,#4800,.T.);
#4798 = VERTEX_POINT('',#4799);
#4799 = CARTESIAN_POINT('',(-1.2,-0.3,0.));
#4800 = LINE('',#4801,#4802);
#4801 = CARTESIAN_POINT('',(-1.2,-0.3,0.));
#4802 = VECTOR('',#4803,1.);
#4803 = DIRECTION('',(0.,0.,1.));
#4804 = ORIENTED_EDGE('',*,*,#4805,.T.);
#4805 = EDGE_CURVE('',#4798,#4731,#4806,.T.);
#4806 = CIRCLE('',#4807,0.1);
#4807 = AXIS2_PLACEMENT_3D('',#4808,#4809,#4810);
#4808 = CARTESIAN_POINT('',(-1.2,-0.2,0.));
#4809 = DIRECTION('',(-0.,0.,1.));
#4810 = DIRECTION('',(8.813754755808E-17,-1.,0.));
#4811 = CYLINDRICAL_SURFACE('',#4812,0.1);
#4812 = AXIS2_PLACEMENT_3D('',#4813,#4814,#4815);
#4813 = CARTESIAN_POINT('',(-1.2,-0.2,0.));
#4814 = DIRECTION('',(0.,0.,-1.));
#4815 = DIRECTION('',(8.813754755808E-17,-1.,0.));
#4816 = ADVANCED_FACE('',(#4817),#4844,.F.);
#4817 = FACE_BOUND('',#4818,.F.);
#4818 = EDGE_LOOP('',(#4819,#4827,#4828,#4829,#4830,#4838));
#4819 = ORIENTED_EDGE('',*,*,#4820,.F.);
#4820 = EDGE_CURVE('',#4771,#4821,#4823,.T.);
#4821 = VERTEX_POINT('',#4822);
#4822 = CARTESIAN_POINT('',(0.3,1.5,0.));
#4823 = LINE('',#4824,#4825);
#4824 = CARTESIAN_POINT('',(0.3,1.2,0.));
#4825 = VECTOR('',#4826,1.);
#4826 = DIRECTION('',(4.092722946096E-16,1.,0.));
#4827 = ORIENTED_EDGE('',*,*,#4770,.T.);
#4828 = ORIENTED_EDGE('',*,*,#3601,.F.);
#4829 = ORIENTED_EDGE('',*,*,#4035,.F.);
#4830 = ORIENTED_EDGE('',*,*,#4831,.T.);
#4831 = EDGE_CURVE('',#4028,#4832,#4834,.T.);
#4832 = VERTEX_POINT('',#4833);
#4833 = CARTESIAN_POINT('',(0.3,1.5,0.2));
#4834 = LINE('',#4835,#4836);
#4835 = CARTESIAN_POINT('',(0.3,1.2,0.2));
#4836 = VECTOR('',#4837,1.);
#4837 = DIRECTION('',(4.092722946096E-16,1.,0.));
#4838 = ORIENTED_EDGE('',*,*,#4839,.F.);
#4839 = EDGE_CURVE('',#4821,#4832,#4840,.T.);
#4840 = LINE('',#4841,#4842);
#4841 = CARTESIAN_POINT('',(0.3,1.5,0.));
#4842 = VECTOR('',#4843,1.);
#4843 = DIRECTION('',(0.,0.,1.));
#4844 = PLANE('',#4845);
#4845 = AXIS2_PLACEMENT_3D('',#4846,#4847,#4848);
#4846 = CARTESIAN_POINT('',(0.3,1.2,0.));
#4847 = DIRECTION('',(-1.,4.092722946096E-16,0.));
#4848 = DIRECTION('',(4.092722946096E-16,1.,0.));
#4849 = ADVANCED_FACE('',(#4850),#4877,.F.);
#4850 = FACE_BOUND('',#4851,.F.);
#4851 = EDGE_LOOP('',(#4852,#4860,#4868,#4874,#4875,#4876));
#4852 = ORIENTED_EDGE('',*,*,#4853,.F.);
#4853 = EDGE_CURVE('',#4854,#4798,#4856,.T.);
#4854 = VERTEX_POINT('',#4855);
#4855 = CARTESIAN_POINT('',(-1.5,-0.3,0.));
#4856 = LINE('',#4857,#4858);
#4857 = CARTESIAN_POINT('',(-1.5,-0.3,0.));
#4858 = VECTOR('',#4859,1.);
#4859 = DIRECTION('',(1.,-4.669739647545E-16,0.));
#4860 = ORIENTED_EDGE('',*,*,#4861,.T.);
#4861 = EDGE_CURVE('',#4854,#4862,#4864,.T.);
#4862 = VERTEX_POINT('',#4863);
#4863 = CARTESIAN_POINT('',(-1.5,-0.3,0.2));
#4864 = LINE('',#4865,#4866);
#4865 = CARTESIAN_POINT('',(-1.5,-0.3,0.));
#4866 = VECTOR('',#4867,1.);
#4867 = DIRECTION('',(0.,0.,1.));
#4868 = ORIENTED_EDGE('',*,*,#4869,.T.);
#4869 = EDGE_CURVE('',#4862,#3830,#4870,.T.);
#4870 = LINE('',#4871,#4872);
#4871 = CARTESIAN_POINT('',(-1.5,-0.3,0.2));
#4872 = VECTOR('',#4873,1.);
#4873 = DIRECTION('',(1.,-4.669739647545E-16,0.));
#4874 = ORIENTED_EDGE('',*,*,#3829,.F.);
#4875 = ORIENTED_EDGE('',*,*,#3057,.F.);
#4876 = ORIENTED_EDGE('',*,*,#4797,.F.);
#4877 = PLANE('',#4878);
#4878 = AXIS2_PLACEMENT_3D('',#4879,#4880,#4881);
#4879 = CARTESIAN_POINT('',(-1.5,-0.3,0.));
#4880 = DIRECTION('',(4.669739647545E-16,1.,0.));
#4881 = DIRECTION('',(1.,-4.669739647545E-16,0.));
#4882 = ADVANCED_FACE('',(#4883),#4917,.F.);
#4883 = FACE_BOUND('',#4884,.F.);
#4884 = EDGE_LOOP('',(#4885,#4895,#4903,#4909,#4910,#4911));
#4885 = ORIENTED_EDGE('',*,*,#4886,.F.);
#4886 = EDGE_CURVE('',#4887,#4889,#4891,.T.);
#4887 = VERTEX_POINT('',#4888);
#4888 = CARTESIAN_POINT('',(0.5,1.5,0.));
#4889 = VERTEX_POINT('',#4890);
#4890 = CARTESIAN_POINT('',(0.5,1.2,0.));
#4891 = LINE('',#4892,#4893);
#4892 = CARTESIAN_POINT('',(0.5,1.5,0.));
#4893 = VECTOR('',#4894,1.);
#4894 = DIRECTION('',(-4.555315873023E-16,-1.,0.));
#4895 = ORIENTED_EDGE('',*,*,#4896,.T.);
#4896 = EDGE_CURVE('',#4887,#4897,#4899,.T.);
#4897 = VERTEX_POINT('',#4898);
#4898 = CARTESIAN_POINT('',(0.5,1.5,0.2));
#4899 = LINE('',#4900,#4901);
#4900 = CARTESIAN_POINT('',(0.5,1.5,0.));
#4901 = VECTOR('',#4902,1.);
#4902 = DIRECTION('',(0.,0.,1.));
#4903 = ORIENTED_EDGE('',*,*,#4904,.T.);
#4904 = EDGE_CURVE('',#4897,#4043,#4905,.T.);
#4905 = LINE('',#4906,#4907);
#4906 = CARTESIAN_POINT('',(0.5,1.5,0.2));
#4907 = VECTOR('',#4908,1.);
#4908 = DIRECTION('',(-4.555315873023E-16,-1.,0.));
#4909 = ORIENTED_EDGE('',*,*,#4042,.F.);
#4910 = ORIENTED_EDGE('',*,*,#3585,.F.);
#4911 = ORIENTED_EDGE('',*,*,#4912,.F.);
#4912 = EDGE_CURVE('',#4889,#3577,#4913,.T.);
#4913 = LINE('',#4914,#4915);
#4914 = CARTESIAN_POINT('',(0.5,1.2,0.));
#4915 = VECTOR('',#4916,1.);
#4916 = DIRECTION('',(0.,0.,1.));
#4917 = PLANE('',#4918);
#4918 = AXIS2_PLACEMENT_3D('',#4919,#4920,#4921);
#4919 = CARTESIAN_POINT('',(0.5,1.5,0.));
#4920 = DIRECTION('',(1.,-4.555315873023E-16,0.));
#4921 = DIRECTION('',(-4.555315873023E-16,-1.,0.));
#4922 = ADVANCED_FACE('',(#4923),#4957,.F.);
#4923 = FACE_BOUND('',#4924,.F.);
#4924 = EDGE_LOOP('',(#4925,#4935,#4941,#4942,#4943,#4951));
#4925 = ORIENTED_EDGE('',*,*,#4926,.F.);
#4926 = EDGE_CURVE('',#4927,#4929,#4931,.T.);
#4927 = VERTEX_POINT('',#4928);
#4928 = CARTESIAN_POINT('',(-1.2,-0.5,0.));
#4929 = VERTEX_POINT('',#4930);
#4930 = CARTESIAN_POINT('',(-1.5,-0.5,0.));
#4931 = LINE('',#4932,#4933);
#4932 = CARTESIAN_POINT('',(-1.2,-0.5,0.));
#4933 = VECTOR('',#4934,1.);
#4934 = DIRECTION('',(-1.,4.207146720618E-16,0.));
#4935 = ORIENTED_EDGE('',*,*,#4936,.T.);
#4936 = EDGE_CURVE('',#4927,#3074,#4937,.T.);
#4937 = LINE('',#4938,#4939);
#4938 = CARTESIAN_POINT('',(-1.2,-0.5,0.));
#4939 = VECTOR('',#4940,1.);
#4940 = DIRECTION('',(0.,0.,1.));
#4941 = ORIENTED_EDGE('',*,*,#3073,.F.);
#4942 = ORIENTED_EDGE('',*,*,#3822,.F.);
#4943 = ORIENTED_EDGE('',*,*,#4944,.T.);
#4944 = EDGE_CURVE('',#3815,#4945,#4947,.T.);
#4945 = VERTEX_POINT('',#4946);
#4946 = CARTESIAN_POINT('',(-1.5,-0.5,0.2));
#4947 = LINE('',#4948,#4949);
#4948 = CARTESIAN_POINT('',(-1.2,-0.5,0.2));
#4949 = VECTOR('',#4950,1.);
#4950 = DIRECTION('',(-1.,4.207146720618E-16,0.));
#4951 = ORIENTED_EDGE('',*,*,#4952,.F.);
#4952 = EDGE_CURVE('',#4929,#4945,#4953,.T.);
#4953 = LINE('',#4954,#4955);
#4954 = CARTESIAN_POINT('',(-1.5,-0.5,0.));
#4955 = VECTOR('',#4956,1.);
#4956 = DIRECTION('',(0.,0.,1.));
#4957 = PLANE('',#4958);
#4958 = AXIS2_PLACEMENT_3D('',#4959,#4960,#4961);
#4959 = CARTESIAN_POINT('',(-1.2,-0.5,0.));
#4960 = DIRECTION('',(-4.207146720618E-16,-1.,0.));
#4961 = DIRECTION('',(-1.,4.207146720618E-16,0.));
#4962 = ADVANCED_FACE('',(#4963),#4982,.T.);
#4963 = FACE_BOUND('',#4964,.T.);
#4964 = EDGE_LOOP('',(#4965,#4973,#4974,#4975));
#4965 = ORIENTED_EDGE('',*,*,#4966,.T.);
#4966 = EDGE_CURVE('',#4967,#3569,#4969,.T.);
#4967 = VERTEX_POINT('',#4968);
#4968 = CARTESIAN_POINT('',(0.7,1.2,0.));
#4969 = LINE('',#4970,#4971);
#4970 = CARTESIAN_POINT('',(0.7,1.2,0.));
#4971 = VECTOR('',#4972,1.);
#4972 = DIRECTION('',(0.,0.,1.));
#4973 = ORIENTED_EDGE('',*,*,#3576,.T.);
#4974 = ORIENTED_EDGE('',*,*,#4912,.F.);
#4975 = ORIENTED_EDGE('',*,*,#4976,.T.);
#4976 = EDGE_CURVE('',#4889,#4967,#4977,.T.);
#4977 = CIRCLE('',#4978,0.1);
#4978 = AXIS2_PLACEMENT_3D('',#4979,#4980,#4981);
#4979 = CARTESIAN_POINT('',(0.6,1.2,0.));
#4980 = DIRECTION('',(0.,0.,1.));
#4981 = DIRECTION('',(-1.,-9.95799250103E-17,0.));
#4982 = CYLINDRICAL_SURFACE('',#4983,0.1);
#4983 = AXIS2_PLACEMENT_3D('',#4984,#4985,#4986);
#4984 = CARTESIAN_POINT('',(0.6,1.2,0.));
#4985 = DIRECTION('',(0.,0.,-1.));
#4986 = DIRECTION('',(-1.,-9.95799250103E-17,-0.));
#4987 = ADVANCED_FACE('',(#4988),#5007,.T.);
#4988 = FACE_BOUND('',#4989,.T.);
#4989 = EDGE_LOOP('',(#4990,#4991,#4992,#5000));
#4990 = ORIENTED_EDGE('',*,*,#4936,.T.);
#4991 = ORIENTED_EDGE('',*,*,#3081,.T.);
#4992 = ORIENTED_EDGE('',*,*,#4993,.F.);
#4993 = EDGE_CURVE('',#4994,#3082,#4996,.T.);
#4994 = VERTEX_POINT('',#4995);
#4995 = CARTESIAN_POINT('',(-1.2,-0.7,0.));
#4996 = LINE('',#4997,#4998);
#4997 = CARTESIAN_POINT('',(-1.2,-0.7,0.));
#4998 = VECTOR('',#4999,1.);
#4999 = DIRECTION('',(0.,0.,1.));
#5000 = ORIENTED_EDGE('',*,*,#5001,.T.);
#5001 = EDGE_CURVE('',#4994,#4927,#5002,.T.);
#5002 = CIRCLE('',#5003,0.1);
#5003 = AXIS2_PLACEMENT_3D('',#5004,#5005,#5006);
#5004 = CARTESIAN_POINT('',(-1.2,-0.6,0.));
#5005 = DIRECTION('',(-0.,0.,1.));
#5006 = DIRECTION('',(8.813754755808E-17,-1.,0.));
#5007 = CYLINDRICAL_SURFACE('',#5008,0.1);
#5008 = AXIS2_PLACEMENT_3D('',#5009,#5010,#5011);
#5009 = CARTESIAN_POINT('',(-1.2,-0.6,0.));
#5010 = DIRECTION('',(0.,0.,-1.));
#5011 = DIRECTION('',(8.813754755808E-17,-1.,0.));
#5012 = ADVANCED_FACE('',(#5013),#5040,.F.);
#5013 = FACE_BOUND('',#5014,.F.);
#5014 = EDGE_LOOP('',(#5015,#5023,#5024,#5025,#5026,#5034));
#5015 = ORIENTED_EDGE('',*,*,#5016,.F.);
#5016 = EDGE_CURVE('',#4967,#5017,#5019,.T.);
#5017 = VERTEX_POINT('',#5018);
#5018 = CARTESIAN_POINT('',(0.7,1.5,0.));
#5019 = LINE('',#5020,#5021);
#5020 = CARTESIAN_POINT('',(0.7,1.2,0.));
#5021 = VECTOR('',#5022,1.);
#5022 = DIRECTION('',(4.092722946096E-16,1.,0.));
#5023 = ORIENTED_EDGE('',*,*,#4966,.T.);
#5024 = ORIENTED_EDGE('',*,*,#3568,.F.);
#5025 = ORIENTED_EDGE('',*,*,#4058,.F.);
#5026 = ORIENTED_EDGE('',*,*,#5027,.T.);
#5027 = EDGE_CURVE('',#4051,#5028,#5030,.T.);
#5028 = VERTEX_POINT('',#5029);
#5029 = CARTESIAN_POINT('',(0.7,1.5,0.2));
#5030 = LINE('',#5031,#5032);
#5031 = CARTESIAN_POINT('',(0.7,1.2,0.2));
#5032 = VECTOR('',#5033,1.);
#5033 = DIRECTION('',(4.092722946096E-16,1.,0.));
#5034 = ORIENTED_EDGE('',*,*,#5035,.F.);
#5035 = EDGE_CURVE('',#5017,#5028,#5036,.T.);
#5036 = LINE('',#5037,#5038);
#5037 = CARTESIAN_POINT('',(0.7,1.5,0.));
#5038 = VECTOR('',#5039,1.);
#5039 = DIRECTION('',(0.,0.,1.));
#5040 = PLANE('',#5041);
#5041 = AXIS2_PLACEMENT_3D('',#5042,#5043,#5044);
#5042 = CARTESIAN_POINT('',(0.7,1.2,0.));
#5043 = DIRECTION('',(-1.,4.092722946096E-16,0.));
#5044 = DIRECTION('',(4.092722946096E-16,1.,0.));
#5045 = ADVANCED_FACE('',(#5046),#5073,.F.);
#5046 = FACE_BOUND('',#5047,.F.);
#5047 = EDGE_LOOP('',(#5048,#5056,#5064,#5070,#5071,#5072));
#5048 = ORIENTED_EDGE('',*,*,#5049,.F.);
#5049 = EDGE_CURVE('',#5050,#4994,#5052,.T.);
#5050 = VERTEX_POINT('',#5051);
#5051 = CARTESIAN_POINT('',(-1.5,-0.7,0.));
#5052 = LINE('',#5053,#5054);
#5053 = CARTESIAN_POINT('',(-1.5,-0.7,0.));
#5054 = VECTOR('',#5055,1.);
#5055 = DIRECTION('',(1.,-4.669739647545E-16,0.));
#5056 = ORIENTED_EDGE('',*,*,#5057,.T.);
#5057 = EDGE_CURVE('',#5050,#5058,#5060,.T.);
#5058 = VERTEX_POINT('',#5059);
#5059 = CARTESIAN_POINT('',(-1.5,-0.7,0.2));
#5060 = LINE('',#5061,#5062);
#5061 = CARTESIAN_POINT('',(-1.5,-0.7,0.));
#5062 = VECTOR('',#5063,1.);
#5063 = DIRECTION('',(0.,0.,1.));
#5064 = ORIENTED_EDGE('',*,*,#5065,.T.);
#5065 = EDGE_CURVE('',#5058,#3807,#5066,.T.);
#5066 = LINE('',#5067,#5068);
#5067 = CARTESIAN_POINT('',(-1.5,-0.7,0.2));
#5068 = VECTOR('',#5069,1.);
#5069 = DIRECTION('',(1.,-4.669739647545E-16,0.));
#5070 = ORIENTED_EDGE('',*,*,#3806,.F.);
#5071 = ORIENTED_EDGE('',*,*,#3090,.F.);
#5072 = ORIENTED_EDGE('',*,*,#4993,.F.);
#5073 = PLANE('',#5074);
#5074 = AXIS2_PLACEMENT_3D('',#5075,#5076,#5077);
#5075 = CARTESIAN_POINT('',(-1.5,-0.7,0.));
#5076 = DIRECTION('',(4.669739647545E-16,1.,0.));
#5077 = DIRECTION('',(1.,-4.669739647545E-16,0.));
#5078 = ADVANCED_FACE('',(#5079),#5113,.F.);
#5079 = FACE_BOUND('',#5080,.F.);
#5080 = EDGE_LOOP('',(#5081,#5091,#5099,#5105,#5106,#5107));
#5081 = ORIENTED_EDGE('',*,*,#5082,.F.);
#5082 = EDGE_CURVE('',#5083,#5085,#5087,.T.);
#5083 = VERTEX_POINT('',#5084);
#5084 = CARTESIAN_POINT('',(0.9,1.5,0.));
#5085 = VERTEX_POINT('',#5086);
#5086 = CARTESIAN_POINT('',(0.9,1.2,0.));
#5087 = LINE('',#5088,#5089);
#5088 = CARTESIAN_POINT('',(0.9,1.5,0.));
#5089 = VECTOR('',#5090,1.);
#5090 = DIRECTION('',(-4.555315873023E-16,-1.,0.));
#5091 = ORIENTED_EDGE('',*,*,#5092,.T.);
#5092 = EDGE_CURVE('',#5083,#5093,#5095,.T.);
#5093 = VERTEX_POINT('',#5094);
#5094 = CARTESIAN_POINT('',(0.9,1.5,0.2));
#5095 = LINE('',#5096,#5097);
#5096 = CARTESIAN_POINT('',(0.9,1.5,0.));
#5097 = VECTOR('',#5098,1.);
#5098 = DIRECTION('',(0.,0.,1.));
#5099 = ORIENTED_EDGE('',*,*,#5100,.T.);
#5100 = EDGE_CURVE('',#5093,#4066,#5101,.T.);
#5101 = LINE('',#5102,#5103);
#5102 = CARTESIAN_POINT('',(0.9,1.5,0.2));
#5103 = VECTOR('',#5104,1.);
#5104 = DIRECTION('',(-4.555315873023E-16,-1.,0.));
#5105 = ORIENTED_EDGE('',*,*,#4065,.F.);
#5106 = ORIENTED_EDGE('',*,*,#3552,.F.);
#5107 = ORIENTED_EDGE('',*,*,#5108,.F.);
#5108 = EDGE_CURVE('',#5085,#3544,#5109,.T.);
#5109 = LINE('',#5110,#5111);
#5110 = CARTESIAN_POINT('',(0.9,1.2,0.));
#5111 = VECTOR('',#5112,1.);
#5112 = DIRECTION('',(0.,0.,1.));
#5113 = PLANE('',#5114);
#5114 = AXIS2_PLACEMENT_3D('',#5115,#5116,#5117);
#5115 = CARTESIAN_POINT('',(0.9,1.5,0.));
#5116 = DIRECTION('',(1.,-4.555315873023E-16,0.));
#5117 = DIRECTION('',(-4.555315873023E-16,-1.,0.));
#5118 = ADVANCED_FACE('',(#5119),#5138,.T.);
#5119 = FACE_BOUND('',#5120,.T.);
#5120 = EDGE_LOOP('',(#5121,#5129,#5130,#5131));
#5121 = ORIENTED_EDGE('',*,*,#5122,.T.);
#5122 = EDGE_CURVE('',#5123,#3536,#5125,.T.);
#5123 = VERTEX_POINT('',#5124);
#5124 = CARTESIAN_POINT('',(1.1,1.2,0.));
#5125 = LINE('',#5126,#5127);
#5126 = CARTESIAN_POINT('',(1.1,1.2,0.));
#5127 = VECTOR('',#5128,1.);
#5128 = DIRECTION('',(0.,0.,1.));
#5129 = ORIENTED_EDGE('',*,*,#3543,.T.);
#5130 = ORIENTED_EDGE('',*,*,#5108,.F.);
#5131 = ORIENTED_EDGE('',*,*,#5132,.T.);
#5132 = EDGE_CURVE('',#5085,#5123,#5133,.T.);
#5133 = CIRCLE('',#5134,0.1);
#5134 = AXIS2_PLACEMENT_3D('',#5135,#5136,#5137);
#5135 = CARTESIAN_POINT('',(1.,1.2,0.));
#5136 = DIRECTION('',(0.,0.,1.));
#5137 = DIRECTION('',(-1.,-9.95799250103E-17,0.));
#5138 = CYLINDRICAL_SURFACE('',#5139,0.1);
#5139 = AXIS2_PLACEMENT_3D('',#5140,#5141,#5142);
#5140 = CARTESIAN_POINT('',(1.,1.2,0.));
#5141 = DIRECTION('',(0.,0.,-1.));
#5142 = DIRECTION('',(-1.,-9.95799250103E-17,-0.));
#5143 = ADVANCED_FACE('',(#5144),#5171,.F.);
#5144 = FACE_BOUND('',#5145,.F.);
#5145 = EDGE_LOOP('',(#5146,#5154,#5155,#5156,#5157,#5165));
#5146 = ORIENTED_EDGE('',*,*,#5147,.F.);
#5147 = EDGE_CURVE('',#5123,#5148,#5150,.T.);
#5148 = VERTEX_POINT('',#5149);
#5149 = CARTESIAN_POINT('',(1.1,1.5,0.));
#5150 = LINE('',#5151,#5152);
#5151 = CARTESIAN_POINT('',(1.1,1.2,0.));
#5152 = VECTOR('',#5153,1.);
#5153 = DIRECTION('',(4.092722946096E-16,1.,0.));
#5154 = ORIENTED_EDGE('',*,*,#5122,.T.);
#5155 = ORIENTED_EDGE('',*,*,#3535,.F.);
#5156 = ORIENTED_EDGE('',*,*,#4081,.F.);
#5157 = ORIENTED_EDGE('',*,*,#5158,.T.);
#5158 = EDGE_CURVE('',#4074,#5159,#5161,.T.);
#5159 = VERTEX_POINT('',#5160);
#5160 = CARTESIAN_POINT('',(1.1,1.5,0.2));
#5161 = LINE('',#5162,#5163);
#5162 = CARTESIAN_POINT('',(1.1,1.2,0.2));
#5163 = VECTOR('',#5164,1.);
#5164 = DIRECTION('',(4.092722946096E-16,1.,0.));
#5165 = ORIENTED_EDGE('',*,*,#5166,.F.);
#5166 = EDGE_CURVE('',#5148,#5159,#5167,.T.);
#5167 = LINE('',#5168,#5169);
#5168 = CARTESIAN_POINT('',(1.1,1.5,0.));
#5169 = VECTOR('',#5170,1.);
#5170 = DIRECTION('',(0.,0.,1.));
#5171 = PLANE('',#5172);
#5172 = AXIS2_PLACEMENT_3D('',#5173,#5174,#5175);
#5173 = CARTESIAN_POINT('',(1.1,1.2,0.));
#5174 = DIRECTION('',(-1.,4.092722946096E-16,0.));
#5175 = DIRECTION('',(4.092722946096E-16,1.,0.));
#5176 = ADVANCED_FACE('',(#5177),#5333,.T.);
#5177 = FACE_BOUND('',#5178,.T.);
#5178 = EDGE_LOOP('',(#5179,#5180,#5181,#5189,#5195,#5196,#5204,#5212,
    #5218,#5219,#5227,#5235,#5241,#5242,#5250,#5258,#5264,#5265,#5273,
    #5281,#5287,#5288,#5296,#5304,#5310,#5311,#5319,#5327));
#5179 = ORIENTED_EDGE('',*,*,#3519,.F.);
#5180 = ORIENTED_EDGE('',*,*,#4088,.T.);
#5181 = ORIENTED_EDGE('',*,*,#5182,.T.);
#5182 = EDGE_CURVE('',#3941,#5183,#5185,.T.);
#5183 = VERTEX_POINT('',#5184);
#5184 = CARTESIAN_POINT('',(1.49,-1.49,1.02));
#5185 = LINE('',#5186,#5187);
#5186 = CARTESIAN_POINT('',(1.49,1.49,1.02));
#5187 = VECTOR('',#5188,1.);
#5188 = DIRECTION('',(-2.22044604925E-16,-1.,0.));
#5189 = ORIENTED_EDGE('',*,*,#5190,.F.);
#5190 = EDGE_CURVE('',#3314,#5183,#5191,.T.);
#5191 = LINE('',#5192,#5193);
#5192 = CARTESIAN_POINT('',(1.49,-1.49,2.E-02));
#5193 = VECTOR('',#5194,1.);
#5194 = DIRECTION('',(0.,0.,1.));
#5195 = ORIENTED_EDGE('',*,*,#3321,.F.);
#5196 = ORIENTED_EDGE('',*,*,#5197,.T.);
#5197 = EDGE_CURVE('',#3322,#5198,#5200,.T.);
#5198 = VERTEX_POINT('',#5199);
#5199 = CARTESIAN_POINT('',(1.49,-1.1,0.2));
#5200 = LINE('',#5201,#5202);
#5201 = CARTESIAN_POINT('',(1.49,-1.1,1.E-02));
#5202 = VECTOR('',#5203,1.);
#5203 = DIRECTION('',(0.,0.,1.));
#5204 = ORIENTED_EDGE('',*,*,#5205,.T.);
#5205 = EDGE_CURVE('',#5198,#5206,#5208,.T.);
#5206 = VERTEX_POINT('',#5207);
#5207 = CARTESIAN_POINT('',(1.49,-0.9,0.2));
#5208 = LINE('',#5209,#5210);
#5209 = CARTESIAN_POINT('',(1.49,0.295,0.2));
#5210 = VECTOR('',#5211,1.);
#5211 = DIRECTION('',(2.22044604925E-16,1.,0.));
#5212 = ORIENTED_EDGE('',*,*,#5213,.T.);
#5213 = EDGE_CURVE('',#5206,#3347,#5214,.T.);
#5214 = LINE('',#5215,#5216);
#5215 = CARTESIAN_POINT('',(1.49,-0.9,1.E-02));
#5216 = VECTOR('',#5217,1.);
#5217 = DIRECTION('',(0.,-0.,-1.));
#5218 = ORIENTED_EDGE('',*,*,#3354,.F.);
#5219 = ORIENTED_EDGE('',*,*,#5220,.T.);
#5220 = EDGE_CURVE('',#3355,#5221,#5223,.T.);
#5221 = VERTEX_POINT('',#5222);
#5222 = CARTESIAN_POINT('',(1.49,-0.7,0.2));
#5223 = LINE('',#5224,#5225);
#5224 = CARTESIAN_POINT('',(1.49,-0.7,1.E-02));
#5225 = VECTOR('',#5226,1.);
#5226 = DIRECTION('',(0.,0.,1.));
#5227 = ORIENTED_EDGE('',*,*,#5228,.T.);
#5228 = EDGE_CURVE('',#5221,#5229,#5231,.T.);
#5229 = VERTEX_POINT('',#5230);
#5230 = CARTESIAN_POINT('',(1.49,-0.5,0.2));
#5231 = LINE('',#5232,#5233);
#5232 = CARTESIAN_POINT('',(1.49,0.495,0.2));
#5233 = VECTOR('',#5234,1.);
#5234 = DIRECTION('',(2.22044604925E-16,1.,0.));
#5235 = ORIENTED_EDGE('',*,*,#5236,.T.);
#5236 = EDGE_CURVE('',#5229,#3380,#5237,.T.);
#5237 = LINE('',#5238,#5239);
#5238 = CARTESIAN_POINT('',(1.49,-0.5,1.E-02));
#5239 = VECTOR('',#5240,1.);
#5240 = DIRECTION('',(0.,-0.,-1.));
#5241 = ORIENTED_EDGE('',*,*,#3387,.F.);
#5242 = ORIENTED_EDGE('',*,*,#5243,.T.);
#5243 = EDGE_CURVE('',#3388,#5244,#5246,.T.);
#5244 = VERTEX_POINT('',#5245);
#5245 = CARTESIAN_POINT('',(1.49,-0.3,0.2));
#5246 = LINE('',#5247,#5248);
#5247 = CARTESIAN_POINT('',(1.49,-0.3,1.E-02));
#5248 = VECTOR('',#5249,1.);
#5249 = DIRECTION('',(0.,0.,1.));
#5250 = ORIENTED_EDGE('',*,*,#5251,.T.);
#5251 = EDGE_CURVE('',#5244,#5252,#5254,.T.);
#5252 = VERTEX_POINT('',#5253);
#5253 = CARTESIAN_POINT('',(1.49,-0.1,0.2));
#5254 = LINE('',#5255,#5256);
#5255 = CARTESIAN_POINT('',(1.49,0.695,0.2));
#5256 = VECTOR('',#5257,1.);
#5257 = DIRECTION('',(2.22044604925E-16,1.,0.));
#5258 = ORIENTED_EDGE('',*,*,#5259,.T.);
#5259 = EDGE_CURVE('',#5252,#3413,#5260,.T.);
#5260 = LINE('',#5261,#5262);
#5261 = CARTESIAN_POINT('',(1.49,-0.1,1.E-02));
#5262 = VECTOR('',#5263,1.);
#5263 = DIRECTION('',(0.,-0.,-1.));
#5264 = ORIENTED_EDGE('',*,*,#3420,.F.);
#5265 = ORIENTED_EDGE('',*,*,#5266,.T.);
#5266 = EDGE_CURVE('',#3421,#5267,#5269,.T.);
#5267 = VERTEX_POINT('',#5268);
#5268 = CARTESIAN_POINT('',(1.49,0.1,0.2));
#5269 = LINE('',#5270,#5271);
#5270 = CARTESIAN_POINT('',(1.49,0.1,1.E-02));
#5271 = VECTOR('',#5272,1.);
#5272 = DIRECTION('',(0.,0.,1.));
#5273 = ORIENTED_EDGE('',*,*,#5274,.T.);
#5274 = EDGE_CURVE('',#5267,#5275,#5277,.T.);
#5275 = VERTEX_POINT('',#5276);
#5276 = CARTESIAN_POINT('',(1.49,0.3,0.2));
#5277 = LINE('',#5278,#5279);
#5278 = CARTESIAN_POINT('',(1.49,0.895,0.2));
#5279 = VECTOR('',#5280,1.);
#5280 = DIRECTION('',(2.22044604925E-16,1.,0.));
#5281 = ORIENTED_EDGE('',*,*,#5282,.T.);
#5282 = EDGE_CURVE('',#5275,#3446,#5283,.T.);
#5283 = LINE('',#5284,#5285);
#5284 = CARTESIAN_POINT('',(1.49,0.3,1.E-02));
#5285 = VECTOR('',#5286,1.);
#5286 = DIRECTION('',(0.,-0.,-1.));
#5287 = ORIENTED_EDGE('',*,*,#3453,.F.);
#5288 = ORIENTED_EDGE('',*,*,#5289,.T.);
#5289 = EDGE_CURVE('',#3454,#5290,#5292,.T.);
#5290 = VERTEX_POINT('',#5291);
#5291 = CARTESIAN_POINT('',(1.49,0.5,0.2));
#5292 = LINE('',#5293,#5294);
#5293 = CARTESIAN_POINT('',(1.49,0.5,1.E-02));
#5294 = VECTOR('',#5295,1.);
#5295 = DIRECTION('',(0.,0.,1.));
#5296 = ORIENTED_EDGE('',*,*,#5297,.T.);
#5297 = EDGE_CURVE('',#5290,#5298,#5300,.T.);
#5298 = VERTEX_POINT('',#5299);
#5299 = CARTESIAN_POINT('',(1.49,0.7,0.2));
#5300 = LINE('',#5301,#5302);
#5301 = CARTESIAN_POINT('',(1.49,1.095,0.2));
#5302 = VECTOR('',#5303,1.);
#5303 = DIRECTION('',(2.22044604925E-16,1.,0.));
#5304 = ORIENTED_EDGE('',*,*,#5305,.T.);
#5305 = EDGE_CURVE('',#5298,#3479,#5306,.T.);
#5306 = LINE('',#5307,#5308);
#5307 = CARTESIAN_POINT('',(1.49,0.7,1.E-02));
#5308 = VECTOR('',#5309,1.);
#5309 = DIRECTION('',(0.,-0.,-1.));
#5310 = ORIENTED_EDGE('',*,*,#3486,.F.);
#5311 = ORIENTED_EDGE('',*,*,#5312,.T.);
#5312 = EDGE_CURVE('',#3487,#5313,#5315,.T.);
#5313 = VERTEX_POINT('',#5314);
#5314 = CARTESIAN_POINT('',(1.49,0.9,0.2));
#5315 = LINE('',#5316,#5317);
#5316 = CARTESIAN_POINT('',(1.49,0.9,1.E-02));
#5317 = VECTOR('',#5318,1.);
#5318 = DIRECTION('',(0.,0.,1.));
#5319 = ORIENTED_EDGE('',*,*,#5320,.T.);
#5320 = EDGE_CURVE('',#5313,#5321,#5323,.T.);
#5321 = VERTEX_POINT('',#5322);
#5322 = CARTESIAN_POINT('',(1.49,1.1,0.2));
#5323 = LINE('',#5324,#5325);
#5324 = CARTESIAN_POINT('',(1.49,1.295,0.2));
#5325 = VECTOR('',#5326,1.);
#5326 = DIRECTION('',(2.22044604925E-16,1.,0.));
#5327 = ORIENTED_EDGE('',*,*,#5328,.T.);
#5328 = EDGE_CURVE('',#5321,#3512,#5329,.T.);
#5329 = LINE('',#5330,#5331);
#5330 = CARTESIAN_POINT('',(1.49,1.1,1.E-02));
#5331 = VECTOR('',#5332,1.);
#5332 = DIRECTION('',(0.,-0.,-1.));
#5333 = PLANE('',#5334);
#5334 = AXIS2_PLACEMENT_3D('',#5335,#5336,#5337);
#5335 = CARTESIAN_POINT('',(1.49,1.49,2.E-02));
#5336 = DIRECTION('',(1.,-2.22044604925E-16,0.));
#5337 = DIRECTION('',(0.,0.,1.));
#5338 = ADVANCED_FACE('',(#5339),#5488,.T.);
#5339 = FACE_BOUND('',#5340,.T.);
#5340 = EDGE_LOOP('',(#5341,#5347,#5348,#5349,#5357,#5365,#5371,#5372,
    #5380,#5388,#5394,#5395,#5403,#5411,#5417,#5418,#5426,#5434,#5440,
    #5441,#5449,#5457,#5463,#5464,#5472,#5480,#5486,#5487));
#5341 = ORIENTED_EDGE('',*,*,#5342,.F.);
#5342 = EDGE_CURVE('',#3783,#5183,#5343,.T.);
#5343 = LINE('',#5344,#5345);
#5344 = CARTESIAN_POINT('',(-1.49,-1.49,1.02));
#5345 = VECTOR('',#5346,1.);
#5346 = DIRECTION('',(1.,-2.22044604925E-16,0.));
#5347 = ORIENTED_EDGE('',*,*,#3790,.F.);
#5348 = ORIENTED_EDGE('',*,*,#3115,.T.);
#5349 = ORIENTED_EDGE('',*,*,#5350,.T.);
#5350 = EDGE_CURVE('',#3116,#5351,#5353,.T.);
#5351 = VERTEX_POINT('',#5352);
#5352 = CARTESIAN_POINT('',(-1.1,-1.49,0.2));
#5353 = LINE('',#5354,#5355);
#5354 = CARTESIAN_POINT('',(-1.1,-1.49,1.E-02));
#5355 = VECTOR('',#5356,1.);
#5356 = DIRECTION('',(0.,0.,1.));
#5357 = ORIENTED_EDGE('',*,*,#5358,.T.);
#5358 = EDGE_CURVE('',#5351,#5359,#5361,.T.);
#5359 = VERTEX_POINT('',#5360);
#5360 = CARTESIAN_POINT('',(-0.9,-1.49,0.2));
#5361 = LINE('',#5362,#5363);
#5362 = CARTESIAN_POINT('',(-1.195,-1.49,0.2));
#5363 = VECTOR('',#5364,1.);
#5364 = DIRECTION('',(1.,-2.22044604925E-16,0.));
#5365 = ORIENTED_EDGE('',*,*,#5366,.T.);
#5366 = EDGE_CURVE('',#5359,#3141,#5367,.T.);
#5367 = LINE('',#5368,#5369);
#5368 = CARTESIAN_POINT('',(-0.9,-1.49,1.E-02));
#5369 = VECTOR('',#5370,1.);
#5370 = DIRECTION('',(-0.,0.,-1.));
#5371 = ORIENTED_EDGE('',*,*,#3148,.T.);
#5372 = ORIENTED_EDGE('',*,*,#5373,.T.);
#5373 = EDGE_CURVE('',#3149,#5374,#5376,.T.);
#5374 = VERTEX_POINT('',#5375);
#5375 = CARTESIAN_POINT('',(-0.7,-1.49,0.2));
#5376 = LINE('',#5377,#5378);
#5377 = CARTESIAN_POINT('',(-0.7,-1.49,1.E-02));
#5378 = VECTOR('',#5379,1.);
#5379 = DIRECTION('',(0.,0.,1.));
#5380 = ORIENTED_EDGE('',*,*,#5381,.T.);
#5381 = EDGE_CURVE('',#5374,#5382,#5384,.T.);
#5382 = VERTEX_POINT('',#5383);
#5383 = CARTESIAN_POINT('',(-0.5,-1.49,0.2));
#5384 = LINE('',#5385,#5386);
#5385 = CARTESIAN_POINT('',(-0.995,-1.49,0.2));
#5386 = VECTOR('',#5387,1.);
#5387 = DIRECTION('',(1.,-2.22044604925E-16,0.));
#5388 = ORIENTED_EDGE('',*,*,#5389,.T.);
#5389 = EDGE_CURVE('',#5382,#3174,#5390,.T.);
#5390 = LINE('',#5391,#5392);
#5391 = CARTESIAN_POINT('',(-0.5,-1.49,1.E-02));
#5392 = VECTOR('',#5393,1.);
#5393 = DIRECTION('',(-0.,0.,-1.));
#5394 = ORIENTED_EDGE('',*,*,#3181,.T.);
#5395 = ORIENTED_EDGE('',*,*,#5396,.T.);
#5396 = EDGE_CURVE('',#3182,#5397,#5399,.T.);
#5397 = VERTEX_POINT('',#5398);
#5398 = CARTESIAN_POINT('',(-0.3,-1.49,0.2));
#5399 = LINE('',#5400,#5401);
#5400 = CARTESIAN_POINT('',(-0.3,-1.49,1.E-02));
#5401 = VECTOR('',#5402,1.);
#5402 = DIRECTION('',(0.,0.,1.));
#5403 = ORIENTED_EDGE('',*,*,#5404,.T.);
#5404 = EDGE_CURVE('',#5397,#5405,#5407,.T.);
#5405 = VERTEX_POINT('',#5406);
#5406 = CARTESIAN_POINT('',(-0.1,-1.49,0.2));
#5407 = LINE('',#5408,#5409);
#5408 = CARTESIAN_POINT('',(-0.795,-1.49,0.2));
#5409 = VECTOR('',#5410,1.);
#5410 = DIRECTION('',(1.,-2.22044604925E-16,0.));
#5411 = ORIENTED_EDGE('',*,*,#5412,.T.);
#5412 = EDGE_CURVE('',#5405,#3207,#5413,.T.);
#5413 = LINE('',#5414,#5415);
#5414 = CARTESIAN_POINT('',(-0.1,-1.49,1.E-02));
#5415 = VECTOR('',#5416,1.);
#5416 = DIRECTION('',(-0.,0.,-1.));
#5417 = ORIENTED_EDGE('',*,*,#3214,.T.);
#5418 = ORIENTED_EDGE('',*,*,#5419,.T.);
#5419 = EDGE_CURVE('',#3215,#5420,#5422,.T.);
#5420 = VERTEX_POINT('',#5421);
#5421 = CARTESIAN_POINT('',(0.1,-1.49,0.2));
#5422 = LINE('',#5423,#5424);
#5423 = CARTESIAN_POINT('',(0.1,-1.49,1.E-02));
#5424 = VECTOR('',#5425,1.);
#5425 = DIRECTION('',(0.,0.,1.));
#5426 = ORIENTED_EDGE('',*,*,#5427,.T.);
#5427 = EDGE_CURVE('',#5420,#5428,#5430,.T.);
#5428 = VERTEX_POINT('',#5429);
#5429 = CARTESIAN_POINT('',(0.3,-1.49,0.2));
#5430 = LINE('',#5431,#5432);
#5431 = CARTESIAN_POINT('',(-0.595,-1.49,0.2));
#5432 = VECTOR('',#5433,1.);
#5433 = DIRECTION('',(1.,-2.22044604925E-16,0.));
#5434 = ORIENTED_EDGE('',*,*,#5435,.T.);
#5435 = EDGE_CURVE('',#5428,#3240,#5436,.T.);
#5436 = LINE('',#5437,#5438);
#5437 = CARTESIAN_POINT('',(0.3,-1.49,1.E-02));
#5438 = VECTOR('',#5439,1.);
#5439 = DIRECTION('',(-0.,0.,-1.));
#5440 = ORIENTED_EDGE('',*,*,#3247,.T.);
#5441 = ORIENTED_EDGE('',*,*,#5442,.T.);
#5442 = EDGE_CURVE('',#3248,#5443,#5445,.T.);
#5443 = VERTEX_POINT('',#5444);
#5444 = CARTESIAN_POINT('',(0.5,-1.49,0.2));
#5445 = LINE('',#5446,#5447);
#5446 = CARTESIAN_POINT('',(0.5,-1.49,1.E-02));
#5447 = VECTOR('',#5448,1.);
#5448 = DIRECTION('',(0.,0.,1.));
#5449 = ORIENTED_EDGE('',*,*,#5450,.T.);
#5450 = EDGE_CURVE('',#5443,#5451,#5453,.T.);
#5451 = VERTEX_POINT('',#5452);
#5452 = CARTESIAN_POINT('',(0.7,-1.49,0.2));
#5453 = LINE('',#5454,#5455);
#5454 = CARTESIAN_POINT('',(-0.395,-1.49,0.2));
#5455 = VECTOR('',#5456,1.);
#5456 = DIRECTION('',(1.,-2.22044604925E-16,0.));
#5457 = ORIENTED_EDGE('',*,*,#5458,.T.);
#5458 = EDGE_CURVE('',#5451,#3273,#5459,.T.);
#5459 = LINE('',#5460,#5461);
#5460 = CARTESIAN_POINT('',(0.7,-1.49,1.E-02));
#5461 = VECTOR('',#5462,1.);
#5462 = DIRECTION('',(-0.,0.,-1.));
#5463 = ORIENTED_EDGE('',*,*,#3280,.T.);
#5464 = ORIENTED_EDGE('',*,*,#5465,.T.);
#5465 = EDGE_CURVE('',#3281,#5466,#5468,.T.);
#5466 = VERTEX_POINT('',#5467);
#5467 = CARTESIAN_POINT('',(0.9,-1.49,0.2));
#5468 = LINE('',#5469,#5470);
#5469 = CARTESIAN_POINT('',(0.9,-1.49,1.E-02));
#5470 = VECTOR('',#5471,1.);
#5471 = DIRECTION('',(0.,0.,1.));
#5472 = ORIENTED_EDGE('',*,*,#5473,.T.);
#5473 = EDGE_CURVE('',#5466,#5474,#5476,.T.);
#5474 = VERTEX_POINT('',#5475);
#5475 = CARTESIAN_POINT('',(1.1,-1.49,0.2));
#5476 = LINE('',#5477,#5478);
#5477 = CARTESIAN_POINT('',(-0.195,-1.49,0.2));
#5478 = VECTOR('',#5479,1.);
#5479 = DIRECTION('',(1.,-2.22044604925E-16,0.));
#5480 = ORIENTED_EDGE('',*,*,#5481,.T.);
#5481 = EDGE_CURVE('',#5474,#3306,#5482,.T.);
#5482 = LINE('',#5483,#5484);
#5483 = CARTESIAN_POINT('',(1.1,-1.49,1.E-02));
#5484 = VECTOR('',#5485,1.);
#5485 = DIRECTION('',(-0.,0.,-1.));
#5486 = ORIENTED_EDGE('',*,*,#3313,.T.);
#5487 = ORIENTED_EDGE('',*,*,#5190,.T.);
#5488 = PLANE('',#5489);
#5489 = AXIS2_PLACEMENT_3D('',#5490,#5491,#5492);
#5490 = CARTESIAN_POINT('',(-1.49,-1.49,2.E-02));
#5491 = DIRECTION('',(-2.22044604925E-16,-1.,0.));
#5492 = DIRECTION('',(0.,0.,1.));
#5493 = ADVANCED_FACE('',(#5494),#5528,.F.);
#5494 = FACE_BOUND('',#5495,.F.);
#5495 = EDGE_LOOP('',(#5496,#5506,#5514,#5520,#5521,#5522));
#5496 = ORIENTED_EDGE('',*,*,#5497,.F.);
#5497 = EDGE_CURVE('',#5498,#5500,#5502,.T.);
#5498 = VERTEX_POINT('',#5499);
#5499 = CARTESIAN_POINT('',(1.5,1.1,0.));
#5500 = VERTEX_POINT('',#5501);
#5501 = CARTESIAN_POINT('',(1.2,1.1,0.));
#5502 = LINE('',#5503,#5504);
#5503 = CARTESIAN_POINT('',(1.5,1.1,0.));
#5504 = VECTOR('',#5505,1.);
#5505 = DIRECTION('',(-1.,3.445092848398E-16,0.));
#5506 = ORIENTED_EDGE('',*,*,#5507,.T.);
#5507 = EDGE_CURVE('',#5498,#5508,#5510,.T.);
#5508 = VERTEX_POINT('',#5509);
#5509 = CARTESIAN_POINT('',(1.5,1.1,0.2));
#5510 = LINE('',#5511,#5512);
#5511 = CARTESIAN_POINT('',(1.5,1.1,0.));
#5512 = VECTOR('',#5513,1.);
#5513 = DIRECTION('',(0.,0.,1.));
#5514 = ORIENTED_EDGE('',*,*,#5515,.T.);
#5515 = EDGE_CURVE('',#5508,#5321,#5516,.T.);
#5516 = LINE('',#5517,#5518);
#5517 = CARTESIAN_POINT('',(1.5,1.1,0.2));
#5518 = VECTOR('',#5519,1.);
#5519 = DIRECTION('',(-1.,3.445092848398E-16,0.));
#5520 = ORIENTED_EDGE('',*,*,#5328,.T.);
#5521 = ORIENTED_EDGE('',*,*,#3511,.F.);
#5522 = ORIENTED_EDGE('',*,*,#5523,.F.);
#5523 = EDGE_CURVE('',#5500,#3503,#5524,.T.);
#5524 = LINE('',#5525,#5526);
#5525 = CARTESIAN_POINT('',(1.2,1.1,0.));
#5526 = VECTOR('',#5527,1.);
#5527 = DIRECTION('',(0.,0.,1.));
#5528 = PLANE('',#5529);
#5529 = AXIS2_PLACEMENT_3D('',#5530,#5531,#5532);
#5530 = CARTESIAN_POINT('',(1.5,1.1,0.));
#5531 = DIRECTION('',(-3.445092848398E-16,-1.,0.));
#5532 = DIRECTION('',(-1.,3.445092848398E-16,0.));
#5533 = ADVANCED_FACE('',(#5534),#5568,.F.);
#5534 = FACE_BOUND('',#5535,.F.);
#5535 = EDGE_LOOP('',(#5536,#5546,#5552,#5553,#5554,#5562));
#5536 = ORIENTED_EDGE('',*,*,#5537,.F.);
#5537 = EDGE_CURVE('',#5538,#5540,#5542,.T.);
#5538 = VERTEX_POINT('',#5539);
#5539 = CARTESIAN_POINT('',(-1.1,-1.2,0.));
#5540 = VERTEX_POINT('',#5541);
#5541 = CARTESIAN_POINT('',(-1.1,-1.5,0.));
#5542 = LINE('',#5543,#5544);
#5543 = CARTESIAN_POINT('',(-1.1,-1.2,0.));
#5544 = VECTOR('',#5545,1.);
#5545 = DIRECTION('',(-5.202945970721E-16,-1.,0.));
#5546 = ORIENTED_EDGE('',*,*,#5547,.T.);
#5547 = EDGE_CURVE('',#5538,#3124,#5548,.T.);
#5548 = LINE('',#5549,#5550);
#5549 = CARTESIAN_POINT('',(-1.1,-1.2,0.));
#5550 = VECTOR('',#5551,1.);
#5551 = DIRECTION('',(0.,0.,1.));
#5552 = ORIENTED_EDGE('',*,*,#3123,.F.);
#5553 = ORIENTED_EDGE('',*,*,#5350,.T.);
#5554 = ORIENTED_EDGE('',*,*,#5555,.T.);
#5555 = EDGE_CURVE('',#5351,#5556,#5558,.T.);
#5556 = VERTEX_POINT('',#5557);
#5557 = CARTESIAN_POINT('',(-1.1,-1.5,0.2));
#5558 = LINE('',#5559,#5560);
#5559 = CARTESIAN_POINT('',(-1.1,-1.2,0.2));
#5560 = VECTOR('',#5561,1.);
#5561 = DIRECTION('',(-5.202945970721E-16,-1.,0.));
#5562 = ORIENTED_EDGE('',*,*,#5563,.F.);
#5563 = EDGE_CURVE('',#5540,#5556,#5564,.T.);
#5564 = LINE('',#5565,#5566);
#5565 = CARTESIAN_POINT('',(-1.1,-1.5,0.));
#5566 = VECTOR('',#5567,1.);
#5567 = DIRECTION('',(0.,0.,1.));
#5568 = PLANE('',#5569);
#5569 = AXIS2_PLACEMENT_3D('',#5570,#5571,#5572);
#5570 = CARTESIAN_POINT('',(-1.1,-1.2,0.));
#5571 = DIRECTION('',(1.,-5.202945970721E-16,0.));
#5572 = DIRECTION('',(-5.202945970721E-16,-1.,0.));
#5573 = ADVANCED_FACE('',(#5574),#5593,.T.);
#5574 = FACE_BOUND('',#5575,.T.);
#5575 = EDGE_LOOP('',(#5576,#5584,#5585,#5586));
#5576 = ORIENTED_EDGE('',*,*,#5577,.T.);
#5577 = EDGE_CURVE('',#5578,#3495,#5580,.T.);
#5578 = VERTEX_POINT('',#5579);
#5579 = CARTESIAN_POINT('',(1.2,0.9,0.));
#5580 = LINE('',#5581,#5582);
#5581 = CARTESIAN_POINT('',(1.2,0.9,0.));
#5582 = VECTOR('',#5583,1.);
#5583 = DIRECTION('',(0.,0.,1.));
#5584 = ORIENTED_EDGE('',*,*,#3502,.T.);
#5585 = ORIENTED_EDGE('',*,*,#5523,.F.);
#5586 = ORIENTED_EDGE('',*,*,#5587,.T.);
#5587 = EDGE_CURVE('',#5500,#5578,#5588,.T.);
#5588 = CIRCLE('',#5589,0.1);
#5589 = AXIS2_PLACEMENT_3D('',#5590,#5591,#5592);
#5590 = CARTESIAN_POINT('',(1.2,1.,0.));
#5591 = DIRECTION('',(0.,0.,1.));
#5592 = DIRECTION('',(-2.106022274728E-16,1.,0.));
#5593 = CYLINDRICAL_SURFACE('',#5594,0.1);
#5594 = AXIS2_PLACEMENT_3D('',#5595,#5596,#5597);
#5595 = CARTESIAN_POINT('',(1.2,1.,0.));
#5596 = DIRECTION('',(0.,-0.,-1.));
#5597 = DIRECTION('',(-2.106022274728E-16,1.,-0.));
#5598 = ADVANCED_FACE('',(#5599),#5618,.T.);
#5599 = FACE_BOUND('',#5600,.T.);
#5600 = EDGE_LOOP('',(#5601,#5602,#5603,#5611));
#5601 = ORIENTED_EDGE('',*,*,#5547,.T.);
#5602 = ORIENTED_EDGE('',*,*,#3131,.T.);
#5603 = ORIENTED_EDGE('',*,*,#5604,.F.);
#5604 = EDGE_CURVE('',#5605,#3132,#5607,.T.);
#5605 = VERTEX_POINT('',#5606);
#5606 = CARTESIAN_POINT('',(-0.9,-1.2,0.));
#5607 = LINE('',#5608,#5609);
#5608 = CARTESIAN_POINT('',(-0.9,-1.2,0.));
#5609 = VECTOR('',#5610,1.);
#5610 = DIRECTION('',(0.,0.,1.));
#5611 = ORIENTED_EDGE('',*,*,#5612,.T.);
#5612 = EDGE_CURVE('',#5605,#5538,#5613,.T.);
#5613 = CIRCLE('',#5614,0.1);
#5614 = AXIS2_PLACEMENT_3D('',#5615,#5616,#5617);
#5615 = CARTESIAN_POINT('',(-1.,-1.2,0.));
#5616 = DIRECTION('',(-0.,0.,1.));
#5617 = DIRECTION('',(1.,-1.144237745222E-17,0.));
#5618 = CYLINDRICAL_SURFACE('',#5619,0.1);
#5619 = AXIS2_PLACEMENT_3D('',#5620,#5621,#5622);
#5620 = CARTESIAN_POINT('',(-1.,-1.2,0.));
#5621 = DIRECTION('',(-0.,0.,-1.));
#5622 = DIRECTION('',(1.,-1.144237745222E-17,-0.));
#5623 = ADVANCED_FACE('',(#5624),#5651,.F.);
#5624 = FACE_BOUND('',#5625,.F.);
#5625 = EDGE_LOOP('',(#5626,#5634,#5635,#5636,#5637,#5645));
#5626 = ORIENTED_EDGE('',*,*,#5627,.F.);
#5627 = EDGE_CURVE('',#5578,#5628,#5630,.T.);
#5628 = VERTEX_POINT('',#5629);
#5629 = CARTESIAN_POINT('',(1.5,0.9,0.));
#5630 = LINE('',#5631,#5632);
#5631 = CARTESIAN_POINT('',(1.2,0.9,0.));
#5632 = VECTOR('',#5633,1.);
#5633 = DIRECTION('',(1.,-2.982499921471E-16,0.));
#5634 = ORIENTED_EDGE('',*,*,#5577,.T.);
#5635 = ORIENTED_EDGE('',*,*,#3494,.F.);
#5636 = ORIENTED_EDGE('',*,*,#5312,.T.);
#5637 = ORIENTED_EDGE('',*,*,#5638,.T.);
#5638 = EDGE_CURVE('',#5313,#5639,#5641,.T.);
#5639 = VERTEX_POINT('',#5640);
#5640 = CARTESIAN_POINT('',(1.5,0.9,0.2));
#5641 = LINE('',#5642,#5643);
#5642 = CARTESIAN_POINT('',(1.2,0.9,0.2));
#5643 = VECTOR('',#5644,1.);
#5644 = DIRECTION('',(1.,-2.982499921471E-16,0.));
#5645 = ORIENTED_EDGE('',*,*,#5646,.F.);
#5646 = EDGE_CURVE('',#5628,#5639,#5647,.T.);
#5647 = LINE('',#5648,#5649);
#5648 = CARTESIAN_POINT('',(1.5,0.9,0.));
#5649 = VECTOR('',#5650,1.);
#5650 = DIRECTION('',(0.,0.,1.));
#5651 = PLANE('',#5652);
#5652 = AXIS2_PLACEMENT_3D('',#5653,#5654,#5655);
#5653 = CARTESIAN_POINT('',(1.2,0.9,0.));
#5654 = DIRECTION('',(2.982499921471E-16,1.,0.));
#5655 = DIRECTION('',(1.,-2.982499921471E-16,0.));
#5656 = ADVANCED_FACE('',(#5657),#5684,.F.);
#5657 = FACE_BOUND('',#5658,.F.);
#5658 = EDGE_LOOP('',(#5659,#5667,#5675,#5681,#5682,#5683));
#5659 = ORIENTED_EDGE('',*,*,#5660,.F.);
#5660 = EDGE_CURVE('',#5661,#5605,#5663,.T.);
#5661 = VERTEX_POINT('',#5662);
#5662 = CARTESIAN_POINT('',(-0.9,-1.5,0.));
#5663 = LINE('',#5664,#5665);
#5664 = CARTESIAN_POINT('',(-0.9,-1.5,0.));
#5665 = VECTOR('',#5666,1.);
#5666 = DIRECTION('',(5.665538897648E-16,1.,0.));
#5667 = ORIENTED_EDGE('',*,*,#5668,.T.);
#5668 = EDGE_CURVE('',#5661,#5669,#5671,.T.);
#5669 = VERTEX_POINT('',#5670);
#5670 = CARTESIAN_POINT('',(-0.9,-1.5,0.2));
#5671 = LINE('',#5672,#5673);
#5672 = CARTESIAN_POINT('',(-0.9,-1.5,0.));
#5673 = VECTOR('',#5674,1.);
#5674 = DIRECTION('',(0.,0.,1.));
#5675 = ORIENTED_EDGE('',*,*,#5676,.T.);
#5676 = EDGE_CURVE('',#5669,#5359,#5677,.T.);
#5677 = LINE('',#5678,#5679);
#5678 = CARTESIAN_POINT('',(-0.9,-1.5,0.2));
#5679 = VECTOR('',#5680,1.);
#5680 = DIRECTION('',(5.665538897648E-16,1.,0.));
#5681 = ORIENTED_EDGE('',*,*,#5366,.T.);
#5682 = ORIENTED_EDGE('',*,*,#3140,.F.);
#5683 = ORIENTED_EDGE('',*,*,#5604,.F.);
#5684 = PLANE('',#5685);
#5685 = AXIS2_PLACEMENT_3D('',#5686,#5687,#5688);
#5686 = CARTESIAN_POINT('',(-0.9,-1.5,0.));
#5687 = DIRECTION('',(-1.,5.665538897648E-16,0.));
#5688 = DIRECTION('',(5.665538897648E-16,1.,0.));
#5689 = ADVANCED_FACE('',(#5690),#5724,.F.);
#5690 = FACE_BOUND('',#5691,.F.);
#5691 = EDGE_LOOP('',(#5692,#5702,#5710,#5716,#5717,#5718));
#5692 = ORIENTED_EDGE('',*,*,#5693,.F.);
#5693 = EDGE_CURVE('',#5694,#5696,#5698,.T.);
#5694 = VERTEX_POINT('',#5695);
#5695 = CARTESIAN_POINT('',(1.5,0.7,0.));
#5696 = VERTEX_POINT('',#5697);
#5697 = CARTESIAN_POINT('',(1.2,0.7,0.));
#5698 = LINE('',#5699,#5700);
#5699 = CARTESIAN_POINT('',(1.5,0.7,0.));
#5700 = VECTOR('',#5701,1.);
#5701 = DIRECTION('',(-1.,3.445092848398E-16,0.));
#5702 = ORIENTED_EDGE('',*,*,#5703,.T.);
#5703 = EDGE_CURVE('',#5694,#5704,#5706,.T.);
#5704 = VERTEX_POINT('',#5705);
#5705 = CARTESIAN_POINT('',(1.5,0.7,0.2));
#5706 = LINE('',#5707,#5708);
#5707 = CARTESIAN_POINT('',(1.5,0.7,0.));
#5708 = VECTOR('',#5709,1.);
#5709 = DIRECTION('',(0.,0.,1.));
#5710 = ORIENTED_EDGE('',*,*,#5711,.T.);
#5711 = EDGE_CURVE('',#5704,#5298,#5712,.T.);
#5712 = LINE('',#5713,#5714);
#5713 = CARTESIAN_POINT('',(1.5,0.7,0.2));
#5714 = VECTOR('',#5715,1.);
#5715 = DIRECTION('',(-1.,3.445092848398E-16,0.));
#5716 = ORIENTED_EDGE('',*,*,#5305,.T.);
#5717 = ORIENTED_EDGE('',*,*,#3478,.F.);
#5718 = ORIENTED_EDGE('',*,*,#5719,.F.);
#5719 = EDGE_CURVE('',#5696,#3470,#5720,.T.);
#5720 = LINE('',#5721,#5722);
#5721 = CARTESIAN_POINT('',(1.2,0.7,0.));
#5722 = VECTOR('',#5723,1.);
#5723 = DIRECTION('',(0.,0.,1.));
#5724 = PLANE('',#5725);
#5725 = AXIS2_PLACEMENT_3D('',#5726,#5727,#5728);
#5726 = CARTESIAN_POINT('',(1.5,0.7,0.));
#5727 = DIRECTION('',(-3.445092848398E-16,-1.,0.));
#5728 = DIRECTION('',(-1.,3.445092848398E-16,0.));
#5729 = ADVANCED_FACE('',(#5730),#5764,.F.);
#5730 = FACE_BOUND('',#5731,.F.);
#5731 = EDGE_LOOP('',(#5732,#5742,#5748,#5749,#5750,#5758));
#5732 = ORIENTED_EDGE('',*,*,#5733,.F.);
#5733 = EDGE_CURVE('',#5734,#5736,#5738,.T.);
#5734 = VERTEX_POINT('',#5735);
#5735 = CARTESIAN_POINT('',(-0.7,-1.2,0.));
#5736 = VERTEX_POINT('',#5737);
#5737 = CARTESIAN_POINT('',(-0.7,-1.5,0.));
#5738 = LINE('',#5739,#5740);
#5739 = CARTESIAN_POINT('',(-0.7,-1.2,0.));
#5740 = VECTOR('',#5741,1.);
#5741 = DIRECTION('',(-5.202945970721E-16,-1.,0.));
#5742 = ORIENTED_EDGE('',*,*,#5743,.T.);
#5743 = EDGE_CURVE('',#5734,#3157,#5744,.T.);
#5744 = LINE('',#5745,#5746);
#5745 = CARTESIAN_POINT('',(-0.7,-1.2,0.));
#5746 = VECTOR('',#5747,1.);
#5747 = DIRECTION('',(0.,0.,1.));
#5748 = ORIENTED_EDGE('',*,*,#3156,.F.);
#5749 = ORIENTED_EDGE('',*,*,#5373,.T.);
#5750 = ORIENTED_EDGE('',*,*,#5751,.T.);
#5751 = EDGE_CURVE('',#5374,#5752,#5754,.T.);
#5752 = VERTEX_POINT('',#5753);
#5753 = CARTESIAN_POINT('',(-0.7,-1.5,0.2));
#5754 = LINE('',#5755,#5756);
#5755 = CARTESIAN_POINT('',(-0.7,-1.2,0.2));
#5756 = VECTOR('',#5757,1.);
#5757 = DIRECTION('',(-5.202945970721E-16,-1.,0.));
#5758 = ORIENTED_EDGE('',*,*,#5759,.F.);
#5759 = EDGE_CURVE('',#5736,#5752,#5760,.T.);
#5760 = LINE('',#5761,#5762);
#5761 = CARTESIAN_POINT('',(-0.7,-1.5,0.));
#5762 = VECTOR('',#5763,1.);
#5763 = DIRECTION('',(0.,0.,1.));
#5764 = PLANE('',#5765);
#5765 = AXIS2_PLACEMENT_3D('',#5766,#5767,#5768);
#5766 = CARTESIAN_POINT('',(-0.7,-1.2,0.));
#5767 = DIRECTION('',(1.,-5.202945970721E-16,0.));
#5768 = DIRECTION('',(-5.202945970721E-16,-1.,0.));
#5769 = ADVANCED_FACE('',(#5770),#5789,.T.);
#5770 = FACE_BOUND('',#5771,.T.);
#5771 = EDGE_LOOP('',(#5772,#5780,#5781,#5782));
#5772 = ORIENTED_EDGE('',*,*,#5773,.T.);
#5773 = EDGE_CURVE('',#5774,#3462,#5776,.T.);
#5774 = VERTEX_POINT('',#5775);
#5775 = CARTESIAN_POINT('',(1.2,0.5,0.));
#5776 = LINE('',#5777,#5778);
#5777 = CARTESIAN_POINT('',(1.2,0.5,0.));
#5778 = VECTOR('',#5779,1.);
#5779 = DIRECTION('',(0.,0.,1.));
#5780 = ORIENTED_EDGE('',*,*,#3469,.T.);
#5781 = ORIENTED_EDGE('',*,*,#5719,.F.);
#5782 = ORIENTED_EDGE('',*,*,#5783,.T.);
#5783 = EDGE_CURVE('',#5696,#5774,#5784,.T.);
#5784 = CIRCLE('',#5785,0.1);
#5785 = AXIS2_PLACEMENT_3D('',#5786,#5787,#5788);
#5786 = CARTESIAN_POINT('',(1.2,0.6,0.));
#5787 = DIRECTION('',(0.,0.,1.));
#5788 = DIRECTION('',(-2.106022274728E-16,1.,0.));
#5789 = CYLINDRICAL_SURFACE('',#5790,0.1);
#5790 = AXIS2_PLACEMENT_3D('',#5791,#5792,#5793);
#5791 = CARTESIAN_POINT('',(1.2,0.6,0.));
#5792 = DIRECTION('',(0.,-0.,-1.));
#5793 = DIRECTION('',(-2.106022274728E-16,1.,-0.));
#5794 = ADVANCED_FACE('',(#5795),#5814,.T.);
#5795 = FACE_BOUND('',#5796,.T.);
#5796 = EDGE_LOOP('',(#5797,#5798,#5799,#5807));
#5797 = ORIENTED_EDGE('',*,*,#5743,.T.);
#5798 = ORIENTED_EDGE('',*,*,#3164,.T.);
#5799 = ORIENTED_EDGE('',*,*,#5800,.F.);
#5800 = EDGE_CURVE('',#5801,#3165,#5803,.T.);
#5801 = VERTEX_POINT('',#5802);
#5802 = CARTESIAN_POINT('',(-0.5,-1.2,0.));
#5803 = LINE('',#5804,#5805);
#5804 = CARTESIAN_POINT('',(-0.5,-1.2,0.));
#5805 = VECTOR('',#5806,1.);
#5806 = DIRECTION('',(0.,0.,1.));
#5807 = ORIENTED_EDGE('',*,*,#5808,.T.);
#5808 = EDGE_CURVE('',#5801,#5734,#5809,.T.);
#5809 = CIRCLE('',#5810,0.1);
#5810 = AXIS2_PLACEMENT_3D('',#5811,#5812,#5813);
#5811 = CARTESIAN_POINT('',(-0.6,-1.2,0.));
#5812 = DIRECTION('',(-0.,0.,1.));
#5813 = DIRECTION('',(1.,-1.144237745222E-17,0.));
#5814 = CYLINDRICAL_SURFACE('',#5815,0.1);
#5815 = AXIS2_PLACEMENT_3D('',#5816,#5817,#5818);
#5816 = CARTESIAN_POINT('',(-0.6,-1.2,0.));
#5817 = DIRECTION('',(-0.,0.,-1.));
#5818 = DIRECTION('',(1.,-1.144237745222E-17,-0.));
#5819 = ADVANCED_FACE('',(#5820),#5847,.F.);
#5820 = FACE_BOUND('',#5821,.F.);
#5821 = EDGE_LOOP('',(#5822,#5830,#5831,#5832,#5833,#5841));
#5822 = ORIENTED_EDGE('',*,*,#5823,.F.);
#5823 = EDGE_CURVE('',#5774,#5824,#5826,.T.);
#5824 = VERTEX_POINT('',#5825);
#5825 = CARTESIAN_POINT('',(1.5,0.5,0.));
#5826 = LINE('',#5827,#5828);
#5827 = CARTESIAN_POINT('',(1.2,0.5,0.));
#5828 = VECTOR('',#5829,1.);
#5829 = DIRECTION('',(1.,-2.982499921471E-16,0.));
#5830 = ORIENTED_EDGE('',*,*,#5773,.T.);
#5831 = ORIENTED_EDGE('',*,*,#3461,.F.);
#5832 = ORIENTED_EDGE('',*,*,#5289,.T.);
#5833 = ORIENTED_EDGE('',*,*,#5834,.T.);
#5834 = EDGE_CURVE('',#5290,#5835,#5837,.T.);
#5835 = VERTEX_POINT('',#5836);
#5836 = CARTESIAN_POINT('',(1.5,0.5,0.2));
#5837 = LINE('',#5838,#5839);
#5838 = CARTESIAN_POINT('',(1.2,0.5,0.2));
#5839 = VECTOR('',#5840,1.);
#5840 = DIRECTION('',(1.,-2.982499921471E-16,0.));
#5841 = ORIENTED_EDGE('',*,*,#5842,.F.);
#5842 = EDGE_CURVE('',#5824,#5835,#5843,.T.);
#5843 = LINE('',#5844,#5845);
#5844 = CARTESIAN_POINT('',(1.5,0.5,0.));
#5845 = VECTOR('',#5846,1.);
#5846 = DIRECTION('',(0.,0.,1.));
#5847 = PLANE('',#5848);
#5848 = AXIS2_PLACEMENT_3D('',#5849,#5850,#5851);
#5849 = CARTESIAN_POINT('',(1.2,0.5,0.));
#5850 = DIRECTION('',(2.982499921471E-16,1.,0.));
#5851 = DIRECTION('',(1.,-2.982499921471E-16,0.));
#5852 = ADVANCED_FACE('',(#5853),#5880,.F.);
#5853 = FACE_BOUND('',#5854,.F.);
#5854 = EDGE_LOOP('',(#5855,#5863,#5871,#5877,#5878,#5879));
#5855 = ORIENTED_EDGE('',*,*,#5856,.F.);
#5856 = EDGE_CURVE('',#5857,#5801,#5859,.T.);
#5857 = VERTEX_POINT('',#5858);
#5858 = CARTESIAN_POINT('',(-0.5,-1.5,0.));
#5859 = LINE('',#5860,#5861);
#5860 = CARTESIAN_POINT('',(-0.5,-1.5,0.));
#5861 = VECTOR('',#5862,1.);
#5862 = DIRECTION('',(5.665538897648E-16,1.,0.));
#5863 = ORIENTED_EDGE('',*,*,#5864,.T.);
#5864 = EDGE_CURVE('',#5857,#5865,#5867,.T.);
#5865 = VERTEX_POINT('',#5866);
#5866 = CARTESIAN_POINT('',(-0.5,-1.5,0.2));
#5867 = LINE('',#5868,#5869);
#5868 = CARTESIAN_POINT('',(-0.5,-1.5,0.));
#5869 = VECTOR('',#5870,1.);
#5870 = DIRECTION('',(0.,0.,1.));
#5871 = ORIENTED_EDGE('',*,*,#5872,.T.);
#5872 = EDGE_CURVE('',#5865,#5382,#5873,.T.);
#5873 = LINE('',#5874,#5875);
#5874 = CARTESIAN_POINT('',(-0.5,-1.5,0.2));
#5875 = VECTOR('',#5876,1.);
#5876 = DIRECTION('',(5.665538897648E-16,1.,0.));
#5877 = ORIENTED_EDGE('',*,*,#5389,.T.);
#5878 = ORIENTED_EDGE('',*,*,#3173,.F.);
#5879 = ORIENTED_EDGE('',*,*,#5800,.F.);
#5880 = PLANE('',#5881);
#5881 = AXIS2_PLACEMENT_3D('',#5882,#5883,#5884);
#5882 = CARTESIAN_POINT('',(-0.5,-1.5,0.));
#5883 = DIRECTION('',(-1.,5.665538897648E-16,0.));
#5884 = DIRECTION('',(5.665538897648E-16,1.,0.));
#5885 = ADVANCED_FACE('',(#5886),#5920,.F.);
#5886 = FACE_BOUND('',#5887,.F.);
#5887 = EDGE_LOOP('',(#5888,#5898,#5906,#5912,#5913,#5914));
#5888 = ORIENTED_EDGE('',*,*,#5889,.F.);
#5889 = EDGE_CURVE('',#5890,#5892,#5894,.T.);
#5890 = VERTEX_POINT('',#5891);
#5891 = CARTESIAN_POINT('',(1.5,0.3,0.));
#5892 = VERTEX_POINT('',#5893);
#5893 = CARTESIAN_POINT('',(1.2,0.3,0.));
#5894 = LINE('',#5895,#5896);
#5895 = CARTESIAN_POINT('',(1.5,0.3,0.));
#5896 = VECTOR('',#5897,1.);
#5897 = DIRECTION('',(-1.,3.445092848398E-16,0.));
#5898 = ORIENTED_EDGE('',*,*,#5899,.T.);
#5899 = EDGE_CURVE('',#5890,#5900,#5902,.T.);
#5900 = VERTEX_POINT('',#5901);
#5901 = CARTESIAN_POINT('',(1.5,0.3,0.2));
#5902 = LINE('',#5903,#5904);
#5903 = CARTESIAN_POINT('',(1.5,0.3,0.));
#5904 = VECTOR('',#5905,1.);
#5905 = DIRECTION('',(0.,0.,1.));
#5906 = ORIENTED_EDGE('',*,*,#5907,.T.);
#5907 = EDGE_CURVE('',#5900,#5275,#5908,.T.);
#5908 = LINE('',#5909,#5910);
#5909 = CARTESIAN_POINT('',(1.5,0.3,0.2));
#5910 = VECTOR('',#5911,1.);
#5911 = DIRECTION('',(-1.,3.445092848398E-16,0.));
#5912 = ORIENTED_EDGE('',*,*,#5282,.T.);
#5913 = ORIENTED_EDGE('',*,*,#3445,.F.);
#5914 = ORIENTED_EDGE('',*,*,#5915,.F.);
#5915 = EDGE_CURVE('',#5892,#3437,#5916,.T.);
#5916 = LINE('',#5917,#5918);
#5917 = CARTESIAN_POINT('',(1.2,0.3,0.));
#5918 = VECTOR('',#5919,1.);
#5919 = DIRECTION('',(0.,0.,1.));
#5920 = PLANE('',#5921);
#5921 = AXIS2_PLACEMENT_3D('',#5922,#5923,#5924);
#5922 = CARTESIAN_POINT('',(1.5,0.3,0.));
#5923 = DIRECTION('',(-3.445092848398E-16,-1.,0.));
#5924 = DIRECTION('',(-1.,3.445092848398E-16,0.));
#5925 = ADVANCED_FACE('',(#5926),#5960,.F.);
#5926 = FACE_BOUND('',#5927,.F.);
#5927 = EDGE_LOOP('',(#5928,#5938,#5944,#5945,#5946,#5954));
#5928 = ORIENTED_EDGE('',*,*,#5929,.F.);
#5929 = EDGE_CURVE('',#5930,#5932,#5934,.T.);
#5930 = VERTEX_POINT('',#5931);
#5931 = CARTESIAN_POINT('',(-0.3,-1.2,0.));
#5932 = VERTEX_POINT('',#5933);
#5933 = CARTESIAN_POINT('',(-0.3,-1.5,0.));
#5934 = LINE('',#5935,#5936);
#5935 = CARTESIAN_POINT('',(-0.3,-1.2,0.));
#5936 = VECTOR('',#5937,1.);
#5937 = DIRECTION('',(-5.202945970721E-16,-1.,0.));
#5938 = ORIENTED_EDGE('',*,*,#5939,.T.);
#5939 = EDGE_CURVE('',#5930,#3190,#5940,.T.);
#5940 = LINE('',#5941,#5942);
#5941 = CARTESIAN_POINT('',(-0.3,-1.2,0.));
#5942 = VECTOR('',#5943,1.);
#5943 = DIRECTION('',(0.,0.,1.));
#5944 = ORIENTED_EDGE('',*,*,#3189,.F.);
#5945 = ORIENTED_EDGE('',*,*,#5396,.T.);
#5946 = ORIENTED_EDGE('',*,*,#5947,.T.);
#5947 = EDGE_CURVE('',#5397,#5948,#5950,.T.);
#5948 = VERTEX_POINT('',#5949);
#5949 = CARTESIAN_POINT('',(-0.3,-1.5,0.2));
#5950 = LINE('',#5951,#5952);
#5951 = CARTESIAN_POINT('',(-0.3,-1.2,0.2));
#5952 = VECTOR('',#5953,1.);
#5953 = DIRECTION('',(-5.202945970721E-16,-1.,0.));
#5954 = ORIENTED_EDGE('',*,*,#5955,.F.);
#5955 = EDGE_CURVE('',#5932,#5948,#5956,.T.);
#5956 = LINE('',#5957,#5958);
#5957 = CARTESIAN_POINT('',(-0.3,-1.5,0.));
#5958 = VECTOR('',#5959,1.);
#5959 = DIRECTION('',(0.,0.,1.));
#5960 = PLANE('',#5961);
#5961 = AXIS2_PLACEMENT_3D('',#5962,#5963,#5964);
#5962 = CARTESIAN_POINT('',(-0.3,-1.2,0.));
#5963 = DIRECTION('',(1.,-5.202945970721E-16,0.));
#5964 = DIRECTION('',(-5.202945970721E-16,-1.,0.));
#5965 = ADVANCED_FACE('',(#5966),#5985,.T.);
#5966 = FACE_BOUND('',#5967,.T.);
#5967 = EDGE_LOOP('',(#5968,#5976,#5977,#5978));
#5968 = ORIENTED_EDGE('',*,*,#5969,.T.);
#5969 = EDGE_CURVE('',#5970,#3429,#5972,.T.);
#5970 = VERTEX_POINT('',#5971);
#5971 = CARTESIAN_POINT('',(1.2,0.1,0.));
#5972 = LINE('',#5973,#5974);
#5973 = CARTESIAN_POINT('',(1.2,0.1,0.));
#5974 = VECTOR('',#5975,1.);
#5975 = DIRECTION('',(0.,0.,1.));
#5976 = ORIENTED_EDGE('',*,*,#3436,.T.);
#5977 = ORIENTED_EDGE('',*,*,#5915,.F.);
#5978 = ORIENTED_EDGE('',*,*,#5979,.T.);
#5979 = EDGE_CURVE('',#5892,#5970,#5980,.T.);
#5980 = CIRCLE('',#5981,0.1);
#5981 = AXIS2_PLACEMENT_3D('',#5982,#5983,#5984);
#5982 = CARTESIAN_POINT('',(1.2,0.2,0.));
#5983 = DIRECTION('',(0.,0.,1.));
#5984 = DIRECTION('',(-2.106022274728E-16,1.,0.));
#5985 = CYLINDRICAL_SURFACE('',#5986,0.1);
#5986 = AXIS2_PLACEMENT_3D('',#5987,#5988,#5989);
#5987 = CARTESIAN_POINT('',(1.2,0.2,0.));
#5988 = DIRECTION('',(0.,-0.,-1.));
#5989 = DIRECTION('',(-2.106022274728E-16,1.,-0.));
#5990 = ADVANCED_FACE('',(#5991),#6010,.T.);
#5991 = FACE_BOUND('',#5992,.T.);
#5992 = EDGE_LOOP('',(#5993,#5994,#5995,#6003));
#5993 = ORIENTED_EDGE('',*,*,#5939,.T.);
#5994 = ORIENTED_EDGE('',*,*,#3197,.T.);
#5995 = ORIENTED_EDGE('',*,*,#5996,.F.);
#5996 = EDGE_CURVE('',#5997,#3198,#5999,.T.);
#5997 = VERTEX_POINT('',#5998);
#5998 = CARTESIAN_POINT('',(-0.1,-1.2,0.));
#5999 = LINE('',#6000,#6001);
#6000 = CARTESIAN_POINT('',(-0.1,-1.2,0.));
#6001 = VECTOR('',#6002,1.);
#6002 = DIRECTION('',(0.,0.,1.));
#6003 = ORIENTED_EDGE('',*,*,#6004,.T.);
#6004 = EDGE_CURVE('',#5997,#5930,#6005,.T.);
#6005 = CIRCLE('',#6006,0.1);
#6006 = AXIS2_PLACEMENT_3D('',#6007,#6008,#6009);
#6007 = CARTESIAN_POINT('',(-0.2,-1.2,0.));
#6008 = DIRECTION('',(-0.,0.,1.));
#6009 = DIRECTION('',(1.,-1.144237745222E-17,0.));
#6010 = CYLINDRICAL_SURFACE('',#6011,0.1);
#6011 = AXIS2_PLACEMENT_3D('',#6012,#6013,#6014);
#6012 = CARTESIAN_POINT('',(-0.2,-1.2,0.));
#6013 = DIRECTION('',(-0.,0.,-1.));
#6014 = DIRECTION('',(1.,-1.144237745222E-17,-0.));
#6015 = ADVANCED_FACE('',(#6016),#6043,.F.);
#6016 = FACE_BOUND('',#6017,.F.);
#6017 = EDGE_LOOP('',(#6018,#6026,#6027,#6028,#6029,#6037));
#6018 = ORIENTED_EDGE('',*,*,#6019,.F.);
#6019 = EDGE_CURVE('',#5970,#6020,#6022,.T.);
#6020 = VERTEX_POINT('',#6021);
#6021 = CARTESIAN_POINT('',(1.5,0.1,0.));
#6022 = LINE('',#6023,#6024);
#6023 = CARTESIAN_POINT('',(1.2,0.1,0.));
#6024 = VECTOR('',#6025,1.);
#6025 = DIRECTION('',(1.,-2.982499921471E-16,0.));
#6026 = ORIENTED_EDGE('',*,*,#5969,.T.);
#6027 = ORIENTED_EDGE('',*,*,#3428,.F.);
#6028 = ORIENTED_EDGE('',*,*,#5266,.T.);
#6029 = ORIENTED_EDGE('',*,*,#6030,.T.);
#6030 = EDGE_CURVE('',#5267,#6031,#6033,.T.);
#6031 = VERTEX_POINT('',#6032);
#6032 = CARTESIAN_POINT('',(1.5,0.1,0.2));
#6033 = LINE('',#6034,#6035);
#6034 = CARTESIAN_POINT('',(1.2,0.1,0.2));
#6035 = VECTOR('',#6036,1.);
#6036 = DIRECTION('',(1.,-2.982499921471E-16,0.));
#6037 = ORIENTED_EDGE('',*,*,#6038,.F.);
#6038 = EDGE_CURVE('',#6020,#6031,#6039,.T.);
#6039 = LINE('',#6040,#6041);
#6040 = CARTESIAN_POINT('',(1.5,0.1,0.));
#6041 = VECTOR('',#6042,1.);
#6042 = DIRECTION('',(0.,0.,1.));
#6043 = PLANE('',#6044);
#6044 = AXIS2_PLACEMENT_3D('',#6045,#6046,#6047);
#6045 = CARTESIAN_POINT('',(1.2,0.1,0.));
#6046 = DIRECTION('',(2.982499921471E-16,1.,0.));
#6047 = DIRECTION('',(1.,-2.982499921471E-16,0.));
#6048 = ADVANCED_FACE('',(#6049),#6076,.F.);
#6049 = FACE_BOUND('',#6050,.F.);
#6050 = EDGE_LOOP('',(#6051,#6059,#6067,#6073,#6074,#6075));
#6051 = ORIENTED_EDGE('',*,*,#6052,.F.);
#6052 = EDGE_CURVE('',#6053,#5997,#6055,.T.);
#6053 = VERTEX_POINT('',#6054);
#6054 = CARTESIAN_POINT('',(-0.1,-1.5,0.));
#6055 = LINE('',#6056,#6057);
#6056 = CARTESIAN_POINT('',(-0.1,-1.5,0.));
#6057 = VECTOR('',#6058,1.);
#6058 = DIRECTION('',(5.665538897648E-16,1.,0.));
#6059 = ORIENTED_EDGE('',*,*,#6060,.T.);
#6060 = EDGE_CURVE('',#6053,#6061,#6063,.T.);
#6061 = VERTEX_POINT('',#6062);
#6062 = CARTESIAN_POINT('',(-0.1,-1.5,0.2));
#6063 = LINE('',#6064,#6065);
#6064 = CARTESIAN_POINT('',(-0.1,-1.5,0.));
#6065 = VECTOR('',#6066,1.);
#6066 = DIRECTION('',(0.,0.,1.));
#6067 = ORIENTED_EDGE('',*,*,#6068,.T.);
#6068 = EDGE_CURVE('',#6061,#5405,#6069,.T.);
#6069 = LINE('',#6070,#6071);
#6070 = CARTESIAN_POINT('',(-0.1,-1.5,0.2));
#6071 = VECTOR('',#6072,1.);
#6072 = DIRECTION('',(5.665538897648E-16,1.,0.));
#6073 = ORIENTED_EDGE('',*,*,#5412,.T.);
#6074 = ORIENTED_EDGE('',*,*,#3206,.F.);
#6075 = ORIENTED_EDGE('',*,*,#5996,.F.);
#6076 = PLANE('',#6077);
#6077 = AXIS2_PLACEMENT_3D('',#6078,#6079,#6080);
#6078 = CARTESIAN_POINT('',(-0.1,-1.5,0.));
#6079 = DIRECTION('',(-1.,5.665538897648E-16,0.));
#6080 = DIRECTION('',(5.665538897648E-16,1.,0.));
#6081 = ADVANCED_FACE('',(#6082),#6116,.F.);
#6082 = FACE_BOUND('',#6083,.F.);
#6083 = EDGE_LOOP('',(#6084,#6094,#6102,#6108,#6109,#6110));
#6084 = ORIENTED_EDGE('',*,*,#6085,.F.);
#6085 = EDGE_CURVE('',#6086,#6088,#6090,.T.);
#6086 = VERTEX_POINT('',#6087);
#6087 = CARTESIAN_POINT('',(1.5,-0.1,0.));
#6088 = VERTEX_POINT('',#6089);
#6089 = CARTESIAN_POINT('',(1.2,-0.1,0.));
#6090 = LINE('',#6091,#6092);
#6091 = CARTESIAN_POINT('',(1.5,-0.1,0.));
#6092 = VECTOR('',#6093,1.);
#6093 = DIRECTION('',(-1.,3.445092848398E-16,0.));
#6094 = ORIENTED_EDGE('',*,*,#6095,.T.);
#6095 = EDGE_CURVE('',#6086,#6096,#6098,.T.);
#6096 = VERTEX_POINT('',#6097);
#6097 = CARTESIAN_POINT('',(1.5,-0.1,0.2));
#6098 = LINE('',#6099,#6100);
#6099 = CARTESIAN_POINT('',(1.5,-0.1,0.));
#6100 = VECTOR('',#6101,1.);
#6101 = DIRECTION('',(0.,0.,1.));
#6102 = ORIENTED_EDGE('',*,*,#6103,.T.);
#6103 = EDGE_CURVE('',#6096,#5252,#6104,.T.);
#6104 = LINE('',#6105,#6106);
#6105 = CARTESIAN_POINT('',(1.5,-0.1,0.2));
#6106 = VECTOR('',#6107,1.);
#6107 = DIRECTION('',(-1.,3.445092848398E-16,0.));
#6108 = ORIENTED_EDGE('',*,*,#5259,.T.);
#6109 = ORIENTED_EDGE('',*,*,#3412,.F.);
#6110 = ORIENTED_EDGE('',*,*,#6111,.F.);
#6111 = EDGE_CURVE('',#6088,#3404,#6112,.T.);
#6112 = LINE('',#6113,#6114);
#6113 = CARTESIAN_POINT('',(1.2,-0.1,0.));
#6114 = VECTOR('',#6115,1.);
#6115 = DIRECTION('',(0.,0.,1.));
#6116 = PLANE('',#6117);
#6117 = AXIS2_PLACEMENT_3D('',#6118,#6119,#6120);
#6118 = CARTESIAN_POINT('',(1.5,-0.1,0.));
#6119 = DIRECTION('',(-3.445092848398E-16,-1.,0.));
#6120 = DIRECTION('',(-1.,3.445092848398E-16,0.));
#6121 = ADVANCED_FACE('',(#6122),#6156,.F.);
#6122 = FACE_BOUND('',#6123,.F.);
#6123 = EDGE_LOOP('',(#6124,#6134,#6140,#6141,#6142,#6150));
#6124 = ORIENTED_EDGE('',*,*,#6125,.F.);
#6125 = EDGE_CURVE('',#6126,#6128,#6130,.T.);
#6126 = VERTEX_POINT('',#6127);
#6127 = CARTESIAN_POINT('',(0.1,-1.2,0.));
#6128 = VERTEX_POINT('',#6129);
#6129 = CARTESIAN_POINT('',(0.1,-1.5,0.));
#6130 = LINE('',#6131,#6132);
#6131 = CARTESIAN_POINT('',(0.1,-1.2,0.));
#6132 = VECTOR('',#6133,1.);
#6133 = DIRECTION('',(-5.202945970721E-16,-1.,0.));
#6134 = ORIENTED_EDGE('',*,*,#6135,.T.);
#6135 = EDGE_CURVE('',#6126,#3223,#6136,.T.);
#6136 = LINE('',#6137,#6138);
#6137 = CARTESIAN_POINT('',(0.1,-1.2,0.));
#6138 = VECTOR('',#6139,1.);
#6139 = DIRECTION('',(0.,0.,1.));
#6140 = ORIENTED_EDGE('',*,*,#3222,.F.);
#6141 = ORIENTED_EDGE('',*,*,#5419,.T.);
#6142 = ORIENTED_EDGE('',*,*,#6143,.T.);
#6143 = EDGE_CURVE('',#5420,#6144,#6146,.T.);
#6144 = VERTEX_POINT('',#6145);
#6145 = CARTESIAN_POINT('',(0.1,-1.5,0.2));
#6146 = LINE('',#6147,#6148);
#6147 = CARTESIAN_POINT('',(0.1,-1.2,0.2));
#6148 = VECTOR('',#6149,1.);
#6149 = DIRECTION('',(-5.202945970721E-16,-1.,0.));
#6150 = ORIENTED_EDGE('',*,*,#6151,.F.);
#6151 = EDGE_CURVE('',#6128,#6144,#6152,.T.);
#6152 = LINE('',#6153,#6154);
#6153 = CARTESIAN_POINT('',(0.1,-1.5,0.));
#6154 = VECTOR('',#6155,1.);
#6155 = DIRECTION('',(0.,0.,1.));
#6156 = PLANE('',#6157);
#6157 = AXIS2_PLACEMENT_3D('',#6158,#6159,#6160);
#6158 = CARTESIAN_POINT('',(0.1,-1.2,0.));
#6159 = DIRECTION('',(1.,-5.202945970721E-16,0.));
#6160 = DIRECTION('',(-5.202945970721E-16,-1.,0.));
#6161 = ADVANCED_FACE('',(#6162),#6181,.T.);
#6162 = FACE_BOUND('',#6163,.T.);
#6163 = EDGE_LOOP('',(#6164,#6172,#6173,#6174));
#6164 = ORIENTED_EDGE('',*,*,#6165,.T.);
#6165 = EDGE_CURVE('',#6166,#3396,#6168,.T.);
#6166 = VERTEX_POINT('',#6167);
#6167 = CARTESIAN_POINT('',(1.2,-0.3,0.));
#6168 = LINE('',#6169,#6170);
#6169 = CARTESIAN_POINT('',(1.2,-0.3,0.));
#6170 = VECTOR('',#6171,1.);
#6171 = DIRECTION('',(0.,0.,1.));
#6172 = ORIENTED_EDGE('',*,*,#3403,.T.);
#6173 = ORIENTED_EDGE('',*,*,#6111,.F.);
#6174 = ORIENTED_EDGE('',*,*,#6175,.T.);
#6175 = EDGE_CURVE('',#6088,#6166,#6176,.T.);
#6176 = CIRCLE('',#6177,0.1);
#6177 = AXIS2_PLACEMENT_3D('',#6178,#6179,#6180);
#6178 = CARTESIAN_POINT('',(1.2,-0.2,0.));
#6179 = DIRECTION('',(0.,0.,1.));
#6180 = DIRECTION('',(-2.106022274728E-16,1.,0.));
#6181 = CYLINDRICAL_SURFACE('',#6182,0.1);
#6182 = AXIS2_PLACEMENT_3D('',#6183,#6184,#6185);
#6183 = CARTESIAN_POINT('',(1.2,-0.2,0.));
#6184 = DIRECTION('',(0.,-0.,-1.));
#6185 = DIRECTION('',(-2.106022274728E-16,1.,-0.));
#6186 = ADVANCED_FACE('',(#6187),#6206,.T.);
#6187 = FACE_BOUND('',#6188,.T.);
#6188 = EDGE_LOOP('',(#6189,#6190,#6191,#6199));
#6189 = ORIENTED_EDGE('',*,*,#6135,.T.);
#6190 = ORIENTED_EDGE('',*,*,#3230,.T.);
#6191 = ORIENTED_EDGE('',*,*,#6192,.F.);
#6192 = EDGE_CURVE('',#6193,#3231,#6195,.T.);
#6193 = VERTEX_POINT('',#6194);
#6194 = CARTESIAN_POINT('',(0.3,-1.2,0.));
#6195 = LINE('',#6196,#6197);
#6196 = CARTESIAN_POINT('',(0.3,-1.2,0.));
#6197 = VECTOR('',#6198,1.);
#6198 = DIRECTION('',(0.,0.,1.));
#6199 = ORIENTED_EDGE('',*,*,#6200,.T.);
#6200 = EDGE_CURVE('',#6193,#6126,#6201,.T.);
#6201 = CIRCLE('',#6202,0.1);
#6202 = AXIS2_PLACEMENT_3D('',#6203,#6204,#6205);
#6203 = CARTESIAN_POINT('',(0.2,-1.2,0.));
#6204 = DIRECTION('',(-0.,0.,1.));
#6205 = DIRECTION('',(1.,-1.144237745222E-17,0.));
#6206 = CYLINDRICAL_SURFACE('',#6207,0.1);
#6207 = AXIS2_PLACEMENT_3D('',#6208,#6209,#6210);
#6208 = CARTESIAN_POINT('',(0.2,-1.2,0.));
#6209 = DIRECTION('',(-0.,0.,-1.));
#6210 = DIRECTION('',(1.,-1.144237745222E-17,-0.));
#6211 = ADVANCED_FACE('',(#6212),#6239,.F.);
#6212 = FACE_BOUND('',#6213,.F.);
#6213 = EDGE_LOOP('',(#6214,#6222,#6223,#6224,#6225,#6233));
#6214 = ORIENTED_EDGE('',*,*,#6215,.F.);
#6215 = EDGE_CURVE('',#6166,#6216,#6218,.T.);
#6216 = VERTEX_POINT('',#6217);
#6217 = CARTESIAN_POINT('',(1.5,-0.3,0.));
#6218 = LINE('',#6219,#6220);
#6219 = CARTESIAN_POINT('',(1.2,-0.3,0.));
#6220 = VECTOR('',#6221,1.);
#6221 = DIRECTION('',(1.,-2.982499921471E-16,0.));
#6222 = ORIENTED_EDGE('',*,*,#6165,.T.);
#6223 = ORIENTED_EDGE('',*,*,#3395,.F.);
#6224 = ORIENTED_EDGE('',*,*,#5243,.T.);
#6225 = ORIENTED_EDGE('',*,*,#6226,.T.);
#6226 = EDGE_CURVE('',#5244,#6227,#6229,.T.);
#6227 = VERTEX_POINT('',#6228);
#6228 = CARTESIAN_POINT('',(1.5,-0.3,0.2));
#6229 = LINE('',#6230,#6231);
#6230 = CARTESIAN_POINT('',(1.2,-0.3,0.2));
#6231 = VECTOR('',#6232,1.);
#6232 = DIRECTION('',(1.,-2.982499921471E-16,0.));
#6233 = ORIENTED_EDGE('',*,*,#6234,.F.);
#6234 = EDGE_CURVE('',#6216,#6227,#6235,.T.);
#6235 = LINE('',#6236,#6237);
#6236 = CARTESIAN_POINT('',(1.5,-0.3,0.));
#6237 = VECTOR('',#6238,1.);
#6238 = DIRECTION('',(0.,0.,1.));
#6239 = PLANE('',#6240);
#6240 = AXIS2_PLACEMENT_3D('',#6241,#6242,#6243);
#6241 = CARTESIAN_POINT('',(1.2,-0.3,0.));
#6242 = DIRECTION('',(2.982499921471E-16,1.,0.));
#6243 = DIRECTION('',(1.,-2.982499921471E-16,0.));
#6244 = ADVANCED_FACE('',(#6245),#6272,.F.);
#6245 = FACE_BOUND('',#6246,.F.);
#6246 = EDGE_LOOP('',(#6247,#6255,#6263,#6269,#6270,#6271));
#6247 = ORIENTED_EDGE('',*,*,#6248,.F.);
#6248 = EDGE_CURVE('',#6249,#6193,#6251,.T.);
#6249 = VERTEX_POINT('',#6250);
#6250 = CARTESIAN_POINT('',(0.3,-1.5,0.));
#6251 = LINE('',#6252,#6253);
#6252 = CARTESIAN_POINT('',(0.3,-1.5,0.));
#6253 = VECTOR('',#6254,1.);
#6254 = DIRECTION('',(5.665538897648E-16,1.,0.));
#6255 = ORIENTED_EDGE('',*,*,#6256,.T.);
#6256 = EDGE_CURVE('',#6249,#6257,#6259,.T.);
#6257 = VERTEX_POINT('',#6258);
#6258 = CARTESIAN_POINT('',(0.3,-1.5,0.2));
#6259 = LINE('',#6260,#6261);
#6260 = CARTESIAN_POINT('',(0.3,-1.5,0.));
#6261 = VECTOR('',#6262,1.);
#6262 = DIRECTION('',(0.,0.,1.));
#6263 = ORIENTED_EDGE('',*,*,#6264,.T.);
#6264 = EDGE_CURVE('',#6257,#5428,#6265,.T.);
#6265 = LINE('',#6266,#6267);
#6266 = CARTESIAN_POINT('',(0.3,-1.5,0.2));
#6267 = VECTOR('',#6268,1.);
#6268 = DIRECTION('',(5.665538897648E-16,1.,0.));
#6269 = ORIENTED_EDGE('',*,*,#5435,.T.);
#6270 = ORIENTED_EDGE('',*,*,#3239,.F.);
#6271 = ORIENTED_EDGE('',*,*,#6192,.F.);
#6272 = PLANE('',#6273);
#6273 = AXIS2_PLACEMENT_3D('',#6274,#6275,#6276);
#6274 = CARTESIAN_POINT('',(0.3,-1.5,0.));
#6275 = DIRECTION('',(-1.,5.665538897648E-16,0.));
#6276 = DIRECTION('',(5.665538897648E-16,1.,0.));
#6277 = ADVANCED_FACE('',(#6278),#6312,.F.);
#6278 = FACE_BOUND('',#6279,.F.);
#6279 = EDGE_LOOP('',(#6280,#6290,#6298,#6304,#6305,#6306));
#6280 = ORIENTED_EDGE('',*,*,#6281,.F.);
#6281 = EDGE_CURVE('',#6282,#6284,#6286,.T.);
#6282 = VERTEX_POINT('',#6283);
#6283 = CARTESIAN_POINT('',(1.5,-0.5,0.));
#6284 = VERTEX_POINT('',#6285);
#6285 = CARTESIAN_POINT('',(1.2,-0.5,0.));
#6286 = LINE('',#6287,#6288);
#6287 = CARTESIAN_POINT('',(1.5,-0.5,0.));
#6288 = VECTOR('',#6289,1.);
#6289 = DIRECTION('',(-1.,3.445092848398E-16,0.));
#6290 = ORIENTED_EDGE('',*,*,#6291,.T.);
#6291 = EDGE_CURVE('',#6282,#6292,#6294,.T.);
#6292 = VERTEX_POINT('',#6293);
#6293 = CARTESIAN_POINT('',(1.5,-0.5,0.2));
#6294 = LINE('',#6295,#6296);
#6295 = CARTESIAN_POINT('',(1.5,-0.5,0.));
#6296 = VECTOR('',#6297,1.);
#6297 = DIRECTION('',(0.,0.,1.));
#6298 = ORIENTED_EDGE('',*,*,#6299,.T.);
#6299 = EDGE_CURVE('',#6292,#5229,#6300,.T.);
#6300 = LINE('',#6301,#6302);
#6301 = CARTESIAN_POINT('',(1.5,-0.5,0.2));
#6302 = VECTOR('',#6303,1.);
#6303 = DIRECTION('',(-1.,3.445092848398E-16,0.));
#6304 = ORIENTED_EDGE('',*,*,#5236,.T.);
#6305 = ORIENTED_EDGE('',*,*,#3379,.F.);
#6306 = ORIENTED_EDGE('',*,*,#6307,.F.);
#6307 = EDGE_CURVE('',#6284,#3371,#6308,.T.);
#6308 = LINE('',#6309,#6310);
#6309 = CARTESIAN_POINT('',(1.2,-0.5,0.));
#6310 = VECTOR('',#6311,1.);
#6311 = DIRECTION('',(0.,0.,1.));
#6312 = PLANE('',#6313);
#6313 = AXIS2_PLACEMENT_3D('',#6314,#6315,#6316);
#6314 = CARTESIAN_POINT('',(1.5,-0.5,0.));
#6315 = DIRECTION('',(-3.445092848398E-16,-1.,0.));
#6316 = DIRECTION('',(-1.,3.445092848398E-16,0.));
#6317 = ADVANCED_FACE('',(#6318),#6352,.F.);
#6318 = FACE_BOUND('',#6319,.F.);
#6319 = EDGE_LOOP('',(#6320,#6330,#6336,#6337,#6338,#6346));
#6320 = ORIENTED_EDGE('',*,*,#6321,.F.);
#6321 = EDGE_CURVE('',#6322,#6324,#6326,.T.);
#6322 = VERTEX_POINT('',#6323);
#6323 = CARTESIAN_POINT('',(0.5,-1.2,0.));
#6324 = VERTEX_POINT('',#6325);
#6325 = CARTESIAN_POINT('',(0.5,-1.5,0.));
#6326 = LINE('',#6327,#6328);
#6327 = CARTESIAN_POINT('',(0.5,-1.2,0.));
#6328 = VECTOR('',#6329,1.);
#6329 = DIRECTION('',(-5.202945970721E-16,-1.,0.));
#6330 = ORIENTED_EDGE('',*,*,#6331,.T.);
#6331 = EDGE_CURVE('',#6322,#3256,#6332,.T.);
#6332 = LINE('',#6333,#6334);
#6333 = CARTESIAN_POINT('',(0.5,-1.2,0.));
#6334 = VECTOR('',#6335,1.);
#6335 = DIRECTION('',(0.,0.,1.));
#6336 = ORIENTED_EDGE('',*,*,#3255,.F.);
#6337 = ORIENTED_EDGE('',*,*,#5442,.T.);
#6338 = ORIENTED_EDGE('',*,*,#6339,.T.);
#6339 = EDGE_CURVE('',#5443,#6340,#6342,.T.);
#6340 = VERTEX_POINT('',#6341);
#6341 = CARTESIAN_POINT('',(0.5,-1.5,0.2));
#6342 = LINE('',#6343,#6344);
#6343 = CARTESIAN_POINT('',(0.5,-1.2,0.2));
#6344 = VECTOR('',#6345,1.);
#6345 = DIRECTION('',(-5.202945970721E-16,-1.,0.));
#6346 = ORIENTED_EDGE('',*,*,#6347,.F.);
#6347 = EDGE_CURVE('',#6324,#6340,#6348,.T.);
#6348 = LINE('',#6349,#6350);
#6349 = CARTESIAN_POINT('',(0.5,-1.5,0.));
#6350 = VECTOR('',#6351,1.);
#6351 = DIRECTION('',(0.,0.,1.));
#6352 = PLANE('',#6353);
#6353 = AXIS2_PLACEMENT_3D('',#6354,#6355,#6356);
#6354 = CARTESIAN_POINT('',(0.5,-1.2,0.));
#6355 = DIRECTION('',(1.,-5.202945970721E-16,0.));
#6356 = DIRECTION('',(-5.202945970721E-16,-1.,0.));
#6357 = ADVANCED_FACE('',(#6358),#6377,.T.);
#6358 = FACE_BOUND('',#6359,.T.);
#6359 = EDGE_LOOP('',(#6360,#6368,#6369,#6370));
#6360 = ORIENTED_EDGE('',*,*,#6361,.T.);
#6361 = EDGE_CURVE('',#6362,#3363,#6364,.T.);
#6362 = VERTEX_POINT('',#6363);
#6363 = CARTESIAN_POINT('',(1.2,-0.7,0.));
#6364 = LINE('',#6365,#6366);
#6365 = CARTESIAN_POINT('',(1.2,-0.7,0.));
#6366 = VECTOR('',#6367,1.);
#6367 = DIRECTION('',(0.,0.,1.));
#6368 = ORIENTED_EDGE('',*,*,#3370,.T.);
#6369 = ORIENTED_EDGE('',*,*,#6307,.F.);
#6370 = ORIENTED_EDGE('',*,*,#6371,.T.);
#6371 = EDGE_CURVE('',#6284,#6362,#6372,.T.);
#6372 = CIRCLE('',#6373,0.1);
#6373 = AXIS2_PLACEMENT_3D('',#6374,#6375,#6376);
#6374 = CARTESIAN_POINT('',(1.2,-0.6,0.));
#6375 = DIRECTION('',(0.,0.,1.));
#6376 = DIRECTION('',(-2.106022274728E-16,1.,0.));
#6377 = CYLINDRICAL_SURFACE('',#6378,0.1);
#6378 = AXIS2_PLACEMENT_3D('',#6379,#6380,#6381);
#6379 = CARTESIAN_POINT('',(1.2,-0.6,0.));
#6380 = DIRECTION('',(0.,-0.,-1.));
#6381 = DIRECTION('',(-2.106022274728E-16,1.,-0.));
#6382 = ADVANCED_FACE('',(#6383),#6402,.T.);
#6383 = FACE_BOUND('',#6384,.T.);
#6384 = EDGE_LOOP('',(#6385,#6386,#6387,#6395));
#6385 = ORIENTED_EDGE('',*,*,#6331,.T.);
#6386 = ORIENTED_EDGE('',*,*,#3263,.T.);
#6387 = ORIENTED_EDGE('',*,*,#6388,.F.);
#6388 = EDGE_CURVE('',#6389,#3264,#6391,.T.);
#6389 = VERTEX_POINT('',#6390);
#6390 = CARTESIAN_POINT('',(0.7,-1.2,0.));
#6391 = LINE('',#6392,#6393);
#6392 = CARTESIAN_POINT('',(0.7,-1.2,0.));
#6393 = VECTOR('',#6394,1.);
#6394 = DIRECTION('',(0.,0.,1.));
#6395 = ORIENTED_EDGE('',*,*,#6396,.T.);
#6396 = EDGE_CURVE('',#6389,#6322,#6397,.T.);
#6397 = CIRCLE('',#6398,0.1);
#6398 = AXIS2_PLACEMENT_3D('',#6399,#6400,#6401);
#6399 = CARTESIAN_POINT('',(0.6,-1.2,0.));
#6400 = DIRECTION('',(-0.,0.,1.));
#6401 = DIRECTION('',(1.,-1.144237745222E-17,0.));
#6402 = CYLINDRICAL_SURFACE('',#6403,0.1);
#6403 = AXIS2_PLACEMENT_3D('',#6404,#6405,#6406);
#6404 = CARTESIAN_POINT('',(0.6,-1.2,0.));
#6405 = DIRECTION('',(-0.,0.,-1.));
#6406 = DIRECTION('',(1.,-1.144237745222E-17,-0.));
#6407 = ADVANCED_FACE('',(#6408),#6435,.F.);
#6408 = FACE_BOUND('',#6409,.F.);
#6409 = EDGE_LOOP('',(#6410,#6418,#6419,#6420,#6421,#6429));
#6410 = ORIENTED_EDGE('',*,*,#6411,.F.);
#6411 = EDGE_CURVE('',#6362,#6412,#6414,.T.);
#6412 = VERTEX_POINT('',#6413);
#6413 = CARTESIAN_POINT('',(1.5,-0.7,0.));
#6414 = LINE('',#6415,#6416);
#6415 = CARTESIAN_POINT('',(1.2,-0.7,0.));
#6416 = VECTOR('',#6417,1.);
#6417 = DIRECTION('',(1.,-2.982499921471E-16,0.));
#6418 = ORIENTED_EDGE('',*,*,#6361,.T.);
#6419 = ORIENTED_EDGE('',*,*,#3362,.F.);
#6420 = ORIENTED_EDGE('',*,*,#5220,.T.);
#6421 = ORIENTED_EDGE('',*,*,#6422,.T.);
#6422 = EDGE_CURVE('',#5221,#6423,#6425,.T.);
#6423 = VERTEX_POINT('',#6424);
#6424 = CARTESIAN_POINT('',(1.5,-0.7,0.2));
#6425 = LINE('',#6426,#6427);
#6426 = CARTESIAN_POINT('',(1.2,-0.7,0.2));
#6427 = VECTOR('',#6428,1.);
#6428 = DIRECTION('',(1.,-2.982499921471E-16,0.));
#6429 = ORIENTED_EDGE('',*,*,#6430,.F.);
#6430 = EDGE_CURVE('',#6412,#6423,#6431,.T.);
#6431 = LINE('',#6432,#6433);
#6432 = CARTESIAN_POINT('',(1.5,-0.7,0.));
#6433 = VECTOR('',#6434,1.);
#6434 = DIRECTION('',(0.,0.,1.));
#6435 = PLANE('',#6436);
#6436 = AXIS2_PLACEMENT_3D('',#6437,#6438,#6439);
#6437 = CARTESIAN_POINT('',(1.2,-0.7,0.));
#6438 = DIRECTION('',(2.982499921471E-16,1.,0.));
#6439 = DIRECTION('',(1.,-2.982499921471E-16,0.));
#6440 = ADVANCED_FACE('',(#6441),#6468,.F.);
#6441 = FACE_BOUND('',#6442,.F.);
#6442 = EDGE_LOOP('',(#6443,#6451,#6459,#6465,#6466,#6467));
#6443 = ORIENTED_EDGE('',*,*,#6444,.F.);
#6444 = EDGE_CURVE('',#6445,#6389,#6447,.T.);
#6445 = VERTEX_POINT('',#6446);
#6446 = CARTESIAN_POINT('',(0.7,-1.5,0.));
#6447 = LINE('',#6448,#6449);
#6448 = CARTESIAN_POINT('',(0.7,-1.5,0.));
#6449 = VECTOR('',#6450,1.);
#6450 = DIRECTION('',(5.665538897648E-16,1.,0.));
#6451 = ORIENTED_EDGE('',*,*,#6452,.T.);
#6452 = EDGE_CURVE('',#6445,#6453,#6455,.T.);
#6453 = VERTEX_POINT('',#6454);
#6454 = CARTESIAN_POINT('',(0.7,-1.5,0.2));
#6455 = LINE('',#6456,#6457);
#6456 = CARTESIAN_POINT('',(0.7,-1.5,0.));
#6457 = VECTOR('',#6458,1.);
#6458 = DIRECTION('',(0.,0.,1.));
#6459 = ORIENTED_EDGE('',*,*,#6460,.T.);
#6460 = EDGE_CURVE('',#6453,#5451,#6461,.T.);
#6461 = LINE('',#6462,#6463);
#6462 = CARTESIAN_POINT('',(0.7,-1.5,0.2));
#6463 = VECTOR('',#6464,1.);
#6464 = DIRECTION('',(5.665538897648E-16,1.,0.));
#6465 = ORIENTED_EDGE('',*,*,#5458,.T.);
#6466 = ORIENTED_EDGE('',*,*,#3272,.F.);
#6467 = ORIENTED_EDGE('',*,*,#6388,.F.);
#6468 = PLANE('',#6469);
#6469 = AXIS2_PLACEMENT_3D('',#6470,#6471,#6472);
#6470 = CARTESIAN_POINT('',(0.7,-1.5,0.));
#6471 = DIRECTION('',(-1.,5.665538897648E-16,0.));
#6472 = DIRECTION('',(5.665538897648E-16,1.,0.));
#6473 = ADVANCED_FACE('',(#6474),#6508,.F.);
#6474 = FACE_BOUND('',#6475,.F.);
#6475 = EDGE_LOOP('',(#6476,#6486,#6494,#6500,#6501,#6502));
#6476 = ORIENTED_EDGE('',*,*,#6477,.F.);
#6477 = EDGE_CURVE('',#6478,#6480,#6482,.T.);
#6478 = VERTEX_POINT('',#6479);
#6479 = CARTESIAN_POINT('',(1.5,-0.9,0.));
#6480 = VERTEX_POINT('',#6481);
#6481 = CARTESIAN_POINT('',(1.2,-0.9,0.));
#6482 = LINE('',#6483,#6484);
#6483 = CARTESIAN_POINT('',(1.5,-0.9,0.));
#6484 = VECTOR('',#6485,1.);
#6485 = DIRECTION('',(-1.,3.445092848398E-16,0.));
#6486 = ORIENTED_EDGE('',*,*,#6487,.T.);
#6487 = EDGE_CURVE('',#6478,#6488,#6490,.T.);
#6488 = VERTEX_POINT('',#6489);
#6489 = CARTESIAN_POINT('',(1.5,-0.9,0.2));
#6490 = LINE('',#6491,#6492);
#6491 = CARTESIAN_POINT('',(1.5,-0.9,0.));
#6492 = VECTOR('',#6493,1.);
#6493 = DIRECTION('',(0.,0.,1.));
#6494 = ORIENTED_EDGE('',*,*,#6495,.T.);
#6495 = EDGE_CURVE('',#6488,#5206,#6496,.T.);
#6496 = LINE('',#6497,#6498);
#6497 = CARTESIAN_POINT('',(1.5,-0.9,0.2));
#6498 = VECTOR('',#6499,1.);
#6499 = DIRECTION('',(-1.,3.445092848398E-16,0.));
#6500 = ORIENTED_EDGE('',*,*,#5213,.T.);
#6501 = ORIENTED_EDGE('',*,*,#3346,.F.);
#6502 = ORIENTED_EDGE('',*,*,#6503,.F.);
#6503 = EDGE_CURVE('',#6480,#3338,#6504,.T.);
#6504 = LINE('',#6505,#6506);
#6505 = CARTESIAN_POINT('',(1.2,-0.9,0.));
#6506 = VECTOR('',#6507,1.);
#6507 = DIRECTION('',(0.,0.,1.));
#6508 = PLANE('',#6509);
#6509 = AXIS2_PLACEMENT_3D('',#6510,#6511,#6512);
#6510 = CARTESIAN_POINT('',(1.5,-0.9,0.));
#6511 = DIRECTION('',(-3.445092848398E-16,-1.,0.));
#6512 = DIRECTION('',(-1.,3.445092848398E-16,0.));
#6513 = ADVANCED_FACE('',(#6514),#6548,.F.);
#6514 = FACE_BOUND('',#6515,.F.);
#6515 = EDGE_LOOP('',(#6516,#6526,#6532,#6533,#6534,#6542));
#6516 = ORIENTED_EDGE('',*,*,#6517,.F.);
#6517 = EDGE_CURVE('',#6518,#6520,#6522,.T.);
#6518 = VERTEX_POINT('',#6519);
#6519 = CARTESIAN_POINT('',(0.9,-1.2,0.));
#6520 = VERTEX_POINT('',#6521);
#6521 = CARTESIAN_POINT('',(0.9,-1.5,0.));
#6522 = LINE('',#6523,#6524);
#6523 = CARTESIAN_POINT('',(0.9,-1.2,0.));
#6524 = VECTOR('',#6525,1.);
#6525 = DIRECTION('',(-5.202945970721E-16,-1.,0.));
#6526 = ORIENTED_EDGE('',*,*,#6527,.T.);
#6527 = EDGE_CURVE('',#6518,#3289,#6528,.T.);
#6528 = LINE('',#6529,#6530);
#6529 = CARTESIAN_POINT('',(0.9,-1.2,0.));
#6530 = VECTOR('',#6531,1.);
#6531 = DIRECTION('',(0.,0.,1.));
#6532 = ORIENTED_EDGE('',*,*,#3288,.F.);
#6533 = ORIENTED_EDGE('',*,*,#5465,.T.);
#6534 = ORIENTED_EDGE('',*,*,#6535,.T.);
#6535 = EDGE_CURVE('',#5466,#6536,#6538,.T.);
#6536 = VERTEX_POINT('',#6537);
#6537 = CARTESIAN_POINT('',(0.9,-1.5,0.2));
#6538 = LINE('',#6539,#6540);
#6539 = CARTESIAN_POINT('',(0.9,-1.2,0.2));
#6540 = VECTOR('',#6541,1.);
#6541 = DIRECTION('',(-5.202945970721E-16,-1.,0.));
#6542 = ORIENTED_EDGE('',*,*,#6543,.F.);
#6543 = EDGE_CURVE('',#6520,#6536,#6544,.T.);
#6544 = LINE('',#6545,#6546);
#6545 = CARTESIAN_POINT('',(0.9,-1.5,0.));
#6546 = VECTOR('',#6547,1.);
#6547 = DIRECTION('',(0.,0.,1.));
#6548 = PLANE('',#6549);
#6549 = AXIS2_PLACEMENT_3D('',#6550,#6551,#6552);
#6550 = CARTESIAN_POINT('',(0.9,-1.2,0.));
#6551 = DIRECTION('',(1.,-5.202945970721E-16,0.));
#6552 = DIRECTION('',(-5.202945970721E-16,-1.,0.));
#6553 = ADVANCED_FACE('',(#6554),#6573,.T.);
#6554 = FACE_BOUND('',#6555,.T.);
#6555 = EDGE_LOOP('',(#6556,#6564,#6565,#6566));
#6556 = ORIENTED_EDGE('',*,*,#6557,.T.);
#6557 = EDGE_CURVE('',#6558,#3330,#6560,.T.);
#6558 = VERTEX_POINT('',#6559);
#6559 = CARTESIAN_POINT('',(1.2,-1.1,0.));
#6560 = LINE('',#6561,#6562);
#6561 = CARTESIAN_POINT('',(1.2,-1.1,0.));
#6562 = VECTOR('',#6563,1.);
#6563 = DIRECTION('',(0.,0.,1.));
#6564 = ORIENTED_EDGE('',*,*,#3337,.T.);
#6565 = ORIENTED_EDGE('',*,*,#6503,.F.);
#6566 = ORIENTED_EDGE('',*,*,#6567,.T.);
#6567 = EDGE_CURVE('',#6480,#6558,#6568,.T.);
#6568 = CIRCLE('',#6569,0.1);
#6569 = AXIS2_PLACEMENT_3D('',#6570,#6571,#6572);
#6570 = CARTESIAN_POINT('',(1.2,-1.,0.));
#6571 = DIRECTION('',(0.,0.,1.));
#6572 = DIRECTION('',(-2.106022274728E-16,1.,0.));
#6573 = CYLINDRICAL_SURFACE('',#6574,0.1);
#6574 = AXIS2_PLACEMENT_3D('',#6575,#6576,#6577);
#6575 = CARTESIAN_POINT('',(1.2,-1.,0.));
#6576 = DIRECTION('',(0.,-0.,-1.));
#6577 = DIRECTION('',(-2.106022274728E-16,1.,-0.));
#6578 = ADVANCED_FACE('',(#6579),#6598,.T.);
#6579 = FACE_BOUND('',#6580,.T.);
#6580 = EDGE_LOOP('',(#6581,#6582,#6583,#6591));
#6581 = ORIENTED_EDGE('',*,*,#6527,.T.);
#6582 = ORIENTED_EDGE('',*,*,#3296,.T.);
#6583 = ORIENTED_EDGE('',*,*,#6584,.F.);
#6584 = EDGE_CURVE('',#6585,#3297,#6587,.T.);
#6585 = VERTEX_POINT('',#6586);
#6586 = CARTESIAN_POINT('',(1.1,-1.2,0.));
#6587 = LINE('',#6588,#6589);
#6588 = CARTESIAN_POINT('',(1.1,-1.2,0.));
#6589 = VECTOR('',#6590,1.);
#6590 = DIRECTION('',(0.,0.,1.));
#6591 = ORIENTED_EDGE('',*,*,#6592,.T.);
#6592 = EDGE_CURVE('',#6585,#6518,#6593,.T.);
#6593 = CIRCLE('',#6594,0.1);
#6594 = AXIS2_PLACEMENT_3D('',#6595,#6596,#6597);
#6595 = CARTESIAN_POINT('',(1.,-1.2,0.));
#6596 = DIRECTION('',(-0.,0.,1.));
#6597 = DIRECTION('',(1.,-1.144237745222E-17,0.));
#6598 = CYLINDRICAL_SURFACE('',#6599,0.1);
#6599 = AXIS2_PLACEMENT_3D('',#6600,#6601,#6602);
#6600 = CARTESIAN_POINT('',(1.,-1.2,0.));
#6601 = DIRECTION('',(-0.,0.,-1.));
#6602 = DIRECTION('',(1.,-1.144237745222E-17,-0.));
#6603 = ADVANCED_FACE('',(#6604),#6631,.F.);
#6604 = FACE_BOUND('',#6605,.F.);
#6605 = EDGE_LOOP('',(#6606,#6614,#6615,#6616,#6617,#6625));
#6606 = ORIENTED_EDGE('',*,*,#6607,.F.);
#6607 = EDGE_CURVE('',#6558,#6608,#6610,.T.);
#6608 = VERTEX_POINT('',#6609);
#6609 = CARTESIAN_POINT('',(1.5,-1.1,0.));
#6610 = LINE('',#6611,#6612);
#6611 = CARTESIAN_POINT('',(1.2,-1.1,0.));
#6612 = VECTOR('',#6613,1.);
#6613 = DIRECTION('',(1.,-2.982499921471E-16,0.));
#6614 = ORIENTED_EDGE('',*,*,#6557,.T.);
#6615 = ORIENTED_EDGE('',*,*,#3329,.F.);
#6616 = ORIENTED_EDGE('',*,*,#5197,.T.);
#6617 = ORIENTED_EDGE('',*,*,#6618,.T.);
#6618 = EDGE_CURVE('',#5198,#6619,#6621,.T.);
#6619 = VERTEX_POINT('',#6620);
#6620 = CARTESIAN_POINT('',(1.5,-1.1,0.2));
#6621 = LINE('',#6622,#6623);
#6622 = CARTESIAN_POINT('',(1.2,-1.1,0.2));
#6623 = VECTOR('',#6624,1.);
#6624 = DIRECTION('',(1.,-2.982499921471E-16,0.));
#6625 = ORIENTED_EDGE('',*,*,#6626,.F.);
#6626 = EDGE_CURVE('',#6608,#6619,#6627,.T.);
#6627 = LINE('',#6628,#6629);
#6628 = CARTESIAN_POINT('',(1.5,-1.1,0.));
#6629 = VECTOR('',#6630,1.);
#6630 = DIRECTION('',(0.,0.,1.));
#6631 = PLANE('',#6632);
#6632 = AXIS2_PLACEMENT_3D('',#6633,#6634,#6635);
#6633 = CARTESIAN_POINT('',(1.2,-1.1,0.));
#6634 = DIRECTION('',(2.982499921471E-16,1.,0.));
#6635 = DIRECTION('',(1.,-2.982499921471E-16,0.));
#6636 = ADVANCED_FACE('',(#6637),#6664,.F.);
#6637 = FACE_BOUND('',#6638,.F.);
#6638 = EDGE_LOOP('',(#6639,#6647,#6655,#6661,#6662,#6663));
#6639 = ORIENTED_EDGE('',*,*,#6640,.F.);
#6640 = EDGE_CURVE('',#6641,#6585,#6643,.T.);
#6641 = VERTEX_POINT('',#6642);
#6642 = CARTESIAN_POINT('',(1.1,-1.5,0.));
#6643 = LINE('',#6644,#6645);
#6644 = CARTESIAN_POINT('',(1.1,-1.5,0.));
#6645 = VECTOR('',#6646,1.);
#6646 = DIRECTION('',(5.665538897648E-16,1.,0.));
#6647 = ORIENTED_EDGE('',*,*,#6648,.T.);
#6648 = EDGE_CURVE('',#6641,#6649,#6651,.T.);
#6649 = VERTEX_POINT('',#6650);
#6650 = CARTESIAN_POINT('',(1.1,-1.5,0.2));
#6651 = LINE('',#6652,#6653);
#6652 = CARTESIAN_POINT('',(1.1,-1.5,0.));
#6653 = VECTOR('',#6654,1.);
#6654 = DIRECTION('',(0.,0.,1.));
#6655 = ORIENTED_EDGE('',*,*,#6656,.T.);
#6656 = EDGE_CURVE('',#6649,#5474,#6657,.T.);
#6657 = LINE('',#6658,#6659);
#6658 = CARTESIAN_POINT('',(1.1,-1.5,0.2));
#6659 = VECTOR('',#6660,1.);
#6660 = DIRECTION('',(5.665538897648E-16,1.,0.));
#6661 = ORIENTED_EDGE('',*,*,#5481,.T.);
#6662 = ORIENTED_EDGE('',*,*,#3305,.F.);
#6663 = ORIENTED_EDGE('',*,*,#6584,.F.);
#6664 = PLANE('',#6665);
#6665 = AXIS2_PLACEMENT_3D('',#6666,#6667,#6668);
#6666 = CARTESIAN_POINT('',(1.1,-1.5,0.));
#6667 = DIRECTION('',(-1.,5.665538897648E-16,0.));
#6668 = DIRECTION('',(5.665538897648E-16,1.,0.));
#6669 = ADVANCED_FACE('',(#6670),#6695,.F.);
#6670 = FACE_BOUND('',#6671,.F.);
#6671 = EDGE_LOOP('',(#6672,#6680,#6681,#6689));
#6672 = ORIENTED_EDGE('',*,*,#6673,.T.);
#6673 = EDGE_CURVE('',#6674,#3726,#6676,.T.);
#6674 = VERTEX_POINT('',#6675);
#6675 = CARTESIAN_POINT('',(-0.77,0.65,0.));
#6676 = LINE('',#6677,#6678);
#6677 = CARTESIAN_POINT('',(-0.77,0.65,0.));
#6678 = VECTOR('',#6679,1.);
#6679 = DIRECTION('',(0.,0.,1.));
#6680 = ORIENTED_EDGE('',*,*,#3725,.T.);
#6681 = ORIENTED_EDGE('',*,*,#6682,.F.);
#6682 = EDGE_CURVE('',#6683,#3728,#6685,.T.);
#6683 = VERTEX_POINT('',#6684);
#6684 = CARTESIAN_POINT('',(-0.77,-0.85,0.));
#6685 = LINE('',#6686,#6687);
#6686 = CARTESIAN_POINT('',(-0.77,-0.85,0.));
#6687 = VECTOR('',#6688,1.);
#6688 = DIRECTION('',(0.,0.,1.));
#6689 = ORIENTED_EDGE('',*,*,#6690,.F.);
#6690 = EDGE_CURVE('',#6674,#6683,#6691,.T.);
#6691 = LINE('',#6692,#6693);
#6692 = CARTESIAN_POINT('',(-0.77,0.65,0.));
#6693 = VECTOR('',#6694,1.);
#6694 = DIRECTION('',(-2.22044604925E-16,-1.,0.));
#6695 = PLANE('',#6696);
#6696 = AXIS2_PLACEMENT_3D('',#6697,#6698,#6699);
#6697 = CARTESIAN_POINT('',(-0.77,0.65,0.));
#6698 = DIRECTION('',(1.,-2.22044604925E-16,0.));
#6699 = DIRECTION('',(-2.22044604925E-16,-1.,0.));
#6700 = ADVANCED_FACE('',(#6701),#6719,.F.);
#6701 = FACE_BOUND('',#6702,.F.);
#6702 = EDGE_LOOP('',(#6703,#6704,#6705,#6713));
#6703 = ORIENTED_EDGE('',*,*,#6682,.T.);
#6704 = ORIENTED_EDGE('',*,*,#3759,.T.);
#6705 = ORIENTED_EDGE('',*,*,#6706,.F.);
#6706 = EDGE_CURVE('',#6707,#3752,#6709,.T.);
#6707 = VERTEX_POINT('',#6708);
#6708 = CARTESIAN_POINT('',(0.77,-0.85,0.));
#6709 = LINE('',#6710,#6711);
#6710 = CARTESIAN_POINT('',(0.77,-0.85,0.));
#6711 = VECTOR('',#6712,1.);
#6712 = DIRECTION('',(0.,0.,1.));
#6713 = ORIENTED_EDGE('',*,*,#6714,.F.);
#6714 = EDGE_CURVE('',#6683,#6707,#6715,.T.);
#6715 = LINE('',#6716,#6717);
#6716 = CARTESIAN_POINT('',(-0.77,-0.85,0.));
#6717 = VECTOR('',#6718,1.);
#6718 = DIRECTION('',(1.,-1.499522007286E-16,0.));
#6719 = PLANE('',#6720);
#6720 = AXIS2_PLACEMENT_3D('',#6721,#6722,#6723);
#6721 = CARTESIAN_POINT('',(-0.77,-0.85,0.));
#6722 = DIRECTION('',(1.499522007286E-16,1.,0.));
#6723 = DIRECTION('',(1.,-1.499522007286E-16,0.));
#6724 = ADVANCED_FACE('',(#6725),#6743,.F.);
#6725 = FACE_BOUND('',#6726,.F.);
#6726 = EDGE_LOOP('',(#6727,#6728,#6729,#6737));
#6727 = ORIENTED_EDGE('',*,*,#6706,.T.);
#6728 = ORIENTED_EDGE('',*,*,#3751,.T.);
#6729 = ORIENTED_EDGE('',*,*,#6730,.F.);
#6730 = EDGE_CURVE('',#6731,#3744,#6733,.T.);
#6731 = VERTEX_POINT('',#6732);
#6732 = CARTESIAN_POINT('',(0.77,0.85,0.));
#6733 = LINE('',#6734,#6735);
#6734 = CARTESIAN_POINT('',(0.77,0.85,0.));
#6735 = VECTOR('',#6736,1.);
#6736 = DIRECTION('',(0.,0.,1.));
#6737 = ORIENTED_EDGE('',*,*,#6738,.F.);
#6738 = EDGE_CURVE('',#6707,#6731,#6739,.T.);
#6739 = LINE('',#6740,#6741);
#6740 = CARTESIAN_POINT('',(0.77,-0.85,0.));
#6741 = VECTOR('',#6742,1.);
#6742 = DIRECTION('',(2.22044604925E-16,1.,0.));
#6743 = PLANE('',#6744);
#6744 = AXIS2_PLACEMENT_3D('',#6745,#6746,#6747);
#6745 = CARTESIAN_POINT('',(0.77,-0.85,0.));
#6746 = DIRECTION('',(-1.,2.22044604925E-16,0.));
#6747 = DIRECTION('',(2.22044604925E-16,1.,0.));
#6748 = ADVANCED_FACE('',(#6749),#6767,.F.);
#6749 = FACE_BOUND('',#6750,.F.);
#6750 = EDGE_LOOP('',(#6751,#6752,#6753,#6761));
#6751 = ORIENTED_EDGE('',*,*,#6730,.T.);
#6752 = ORIENTED_EDGE('',*,*,#3743,.T.);
#6753 = ORIENTED_EDGE('',*,*,#6754,.F.);
#6754 = EDGE_CURVE('',#6755,#3736,#6757,.T.);
#6755 = VERTEX_POINT('',#6756);
#6756 = CARTESIAN_POINT('',(-0.57,0.85,0.));
#6757 = LINE('',#6758,#6759);
#6758 = CARTESIAN_POINT('',(-0.57,0.85,0.));
#6759 = VECTOR('',#6760,1.);
#6760 = DIRECTION('',(0.,0.,1.));
#6761 = ORIENTED_EDGE('',*,*,#6762,.F.);
#6762 = EDGE_CURVE('',#6731,#6755,#6763,.T.);
#6763 = LINE('',#6764,#6765);
#6764 = CARTESIAN_POINT('',(0.77,0.85,0.));
#6765 = VECTOR('',#6766,1.);
#6766 = DIRECTION('',(-1.,2.22044604925E-16,0.));
#6767 = PLANE('',#6768);
#6768 = AXIS2_PLACEMENT_3D('',#6769,#6770,#6771);
#6769 = CARTESIAN_POINT('',(0.77,0.85,0.));
#6770 = DIRECTION('',(-2.22044604925E-16,-1.,0.));
#6771 = DIRECTION('',(-1.,2.22044604925E-16,0.));
#6772 = ADVANCED_FACE('',(#6773),#6784,.F.);
#6773 = FACE_BOUND('',#6774,.F.);
#6774 = EDGE_LOOP('',(#6775,#6776,#6777,#6778));
#6775 = ORIENTED_EDGE('',*,*,#6754,.T.);
#6776 = ORIENTED_EDGE('',*,*,#3735,.T.);
#6777 = ORIENTED_EDGE('',*,*,#6673,.F.);
#6778 = ORIENTED_EDGE('',*,*,#6779,.F.);
#6779 = EDGE_CURVE('',#6755,#6674,#6780,.T.);
#6780 = LINE('',#6781,#6782);
#6781 = CARTESIAN_POINT('',(-0.57,0.85,0.));
#6782 = VECTOR('',#6783,1.);
#6783 = DIRECTION('',(-0.707106781187,-0.707106781187,0.));
#6784 = PLANE('',#6785);
#6785 = AXIS2_PLACEMENT_3D('',#6786,#6787,#6788);
#6786 = CARTESIAN_POINT('',(-0.57,0.85,0.));
#6787 = DIRECTION('',(0.707106781187,-0.707106781187,0.));
#6788 = DIRECTION('',(-0.707106781187,-0.707106781187,0.));
#6789 = ADVANCED_FACE('',(#6790,#6796),#6807,.T.);
#6790 = FACE_BOUND('',#6791,.T.);
#6791 = EDGE_LOOP('',(#6792,#6793,#6794,#6795));
#6792 = ORIENTED_EDGE('',*,*,#3940,.F.);
#6793 = ORIENTED_EDGE('',*,*,#3782,.T.);
#6794 = ORIENTED_EDGE('',*,*,#5342,.T.);
#6795 = ORIENTED_EDGE('',*,*,#5182,.F.);
#6796 = FACE_BOUND('',#6797,.T.);
#6797 = EDGE_LOOP('',(#6798));
#6798 = ORIENTED_EDGE('',*,*,#6799,.T.);
#6799 = EDGE_CURVE('',#6800,#6800,#6802,.T.);
#6800 = VERTEX_POINT('',#6801);
#6801 = CARTESIAN_POINT('',(-0.9,0.65,1.02));
#6802 = CIRCLE('',#6803,0.25);
#6803 = AXIS2_PLACEMENT_3D('',#6804,#6805,#6806);
#6804 = CARTESIAN_POINT('',(-0.9,0.9,1.02));
#6805 = DIRECTION('',(-0.,0.,-1.));
#6806 = DIRECTION('',(-2.22044604925E-16,-1.,0.));
#6807 = PLANE('',#6808);
#6808 = AXIS2_PLACEMENT_3D('',#6809,#6810,#6811);
#6809 = CARTESIAN_POINT('',(-1.49,1.49,1.02));
#6810 = DIRECTION('',(0.,0.,1.));
#6811 = DIRECTION('',(-2.22044604925E-16,-1.,0.));
#6812 = ADVANCED_FACE('',(#6813),#6824,.F.);
#6813 = FACE_BOUND('',#6814,.F.);
#6814 = EDGE_LOOP('',(#6815,#6816,#6822,#6823));
#6815 = ORIENTED_EDGE('',*,*,#4281,.F.);
#6816 = ORIENTED_EDGE('',*,*,#6817,.F.);
#6817 = EDGE_CURVE('',#4161,#4274,#6818,.T.);
#6818 = LINE('',#6819,#6820);
#6819 = CARTESIAN_POINT('',(-1.5,1.1,0.2));
#6820 = VECTOR('',#6821,1.);
#6821 = DIRECTION('',(-4.669739647545E-16,-1.,0.));
#6822 = ORIENTED_EDGE('',*,*,#4160,.F.);
#6823 = ORIENTED_EDGE('',*,*,#3906,.F.);
#6824 = PLANE('',#6825);
#6825 = AXIS2_PLACEMENT_3D('',#6826,#6827,#6828);
#6826 = CARTESIAN_POINT('',(-1.5,0.9,0.2));
#6827 = DIRECTION('',(0.,-0.,-1.));
#6828 = DIRECTION('',(4.669739647545E-16,1.,0.));
#6829 = ADVANCED_FACE('',(#6830),#6841,.F.);
#6830 = FACE_BOUND('',#6831,.F.);
#6831 = EDGE_LOOP('',(#6832,#6833,#6839,#6840));
#6832 = ORIENTED_EDGE('',*,*,#4477,.F.);
#6833 = ORIENTED_EDGE('',*,*,#6834,.F.);
#6834 = EDGE_CURVE('',#4357,#4470,#6835,.T.);
#6835 = LINE('',#6836,#6837);
#6836 = CARTESIAN_POINT('',(-1.5,0.7,0.2));
#6837 = VECTOR('',#6838,1.);
#6838 = DIRECTION('',(-4.669739647545E-16,-1.,0.));
#6839 = ORIENTED_EDGE('',*,*,#4356,.F.);
#6840 = ORIENTED_EDGE('',*,*,#3883,.F.);
#6841 = PLANE('',#6842);
#6842 = AXIS2_PLACEMENT_3D('',#6843,#6844,#6845);
#6843 = CARTESIAN_POINT('',(-1.5,0.5,0.2));
#6844 = DIRECTION('',(0.,-0.,-1.));
#6845 = DIRECTION('',(4.669739647545E-16,1.,0.));
#6846 = ADVANCED_FACE('',(#6847),#6858,.F.);
#6847 = FACE_BOUND('',#6848,.F.);
#6848 = EDGE_LOOP('',(#6849,#6850,#6856,#6857));
#6849 = ORIENTED_EDGE('',*,*,#5065,.F.);
#6850 = ORIENTED_EDGE('',*,*,#6851,.F.);
#6851 = EDGE_CURVE('',#4945,#5058,#6852,.T.);
#6852 = LINE('',#6853,#6854);
#6853 = CARTESIAN_POINT('',(-1.5,-0.5,0.2));
#6854 = VECTOR('',#6855,1.);
#6855 = DIRECTION('',(-4.669739647545E-16,-1.,0.));
#6856 = ORIENTED_EDGE('',*,*,#4944,.F.);
#6857 = ORIENTED_EDGE('',*,*,#3814,.F.);
#6858 = PLANE('',#6859);
#6859 = AXIS2_PLACEMENT_3D('',#6860,#6861,#6862);
#6860 = CARTESIAN_POINT('',(-1.5,-0.7,0.2));
#6861 = DIRECTION('',(0.,-0.,-1.));
#6862 = DIRECTION('',(4.669739647545E-16,1.,0.));
#6863 = ADVANCED_FACE('',(#6864),#6875,.F.);
#6864 = FACE_BOUND('',#6865,.F.);
#6865 = EDGE_LOOP('',(#6866,#6867,#6873,#6874));
#6866 = ORIENTED_EDGE('',*,*,#4673,.F.);
#6867 = ORIENTED_EDGE('',*,*,#6868,.F.);
#6868 = EDGE_CURVE('',#4553,#4666,#6869,.T.);
#6869 = LINE('',#6870,#6871);
#6870 = CARTESIAN_POINT('',(-1.5,0.3,0.2));
#6871 = VECTOR('',#6872,1.);
#6872 = DIRECTION('',(-4.669739647545E-16,-1.,0.));
#6873 = ORIENTED_EDGE('',*,*,#4552,.F.);
#6874 = ORIENTED_EDGE('',*,*,#3860,.F.);
#6875 = PLANE('',#6876);
#6876 = AXIS2_PLACEMENT_3D('',#6877,#6878,#6879);
#6877 = CARTESIAN_POINT('',(-1.5,0.1,0.2));
#6878 = DIRECTION('',(0.,-0.,-1.));
#6879 = DIRECTION('',(4.669739647545E-16,1.,0.));
#6880 = ADVANCED_FACE('',(#6881),#6892,.F.);
#6881 = FACE_BOUND('',#6882,.F.);
#6882 = EDGE_LOOP('',(#6883,#6884,#6890,#6891));
#6883 = ORIENTED_EDGE('',*,*,#4869,.F.);
#6884 = ORIENTED_EDGE('',*,*,#6885,.F.);
#6885 = EDGE_CURVE('',#4749,#4862,#6886,.T.);
#6886 = LINE('',#6887,#6888);
#6887 = CARTESIAN_POINT('',(-1.5,-0.1,0.2));
#6888 = VECTOR('',#6889,1.);
#6889 = DIRECTION('',(-4.669739647545E-16,-1.,0.));
#6890 = ORIENTED_EDGE('',*,*,#4748,.F.);
#6891 = ORIENTED_EDGE('',*,*,#3837,.F.);
#6892 = PLANE('',#6893);
#6893 = AXIS2_PLACEMENT_3D('',#6894,#6895,#6896);
#6894 = CARTESIAN_POINT('',(-1.5,-0.3,0.2));
#6895 = DIRECTION('',(0.,-0.,-1.));
#6896 = DIRECTION('',(4.669739647545E-16,1.,0.));
#6897 = ADVANCED_FACE('',(#6898),#6909,.F.);
#6898 = FACE_BOUND('',#6899,.F.);
#6899 = EDGE_LOOP('',(#6900,#6901,#6907,#6908));
#6900 = ORIENTED_EDGE('',*,*,#5100,.F.);
#6901 = ORIENTED_EDGE('',*,*,#6902,.F.);
#6902 = EDGE_CURVE('',#5159,#5093,#6903,.T.);
#6903 = LINE('',#6904,#6905);
#6904 = CARTESIAN_POINT('',(1.1,1.5,0.2));
#6905 = VECTOR('',#6906,1.);
#6906 = DIRECTION('',(-1.,4.555315873023E-16,0.));
#6907 = ORIENTED_EDGE('',*,*,#5158,.F.);
#6908 = ORIENTED_EDGE('',*,*,#4073,.F.);
#6909 = PLANE('',#6910);
#6910 = AXIS2_PLACEMENT_3D('',#6911,#6912,#6913);
#6911 = CARTESIAN_POINT('',(0.9,1.5,0.2));
#6912 = DIRECTION('',(-0.,0.,-1.));
#6913 = DIRECTION('',(1.,-4.555315873023E-16,-0.));
#6914 = ADVANCED_FACE('',(#6915),#6926,.F.);
#6915 = FACE_BOUND('',#6916,.F.);
#6916 = EDGE_LOOP('',(#6917,#6918,#6924,#6925));
#6917 = ORIENTED_EDGE('',*,*,#4120,.F.);
#6918 = ORIENTED_EDGE('',*,*,#6919,.F.);
#6919 = EDGE_CURVE('',#4244,#4113,#6920,.T.);
#6920 = LINE('',#6921,#6922);
#6921 = CARTESIAN_POINT('',(-0.9,1.5,0.2));
#6922 = VECTOR('',#6923,1.);
#6923 = DIRECTION('',(-1.,4.555315873023E-16,0.));
#6924 = ORIENTED_EDGE('',*,*,#4243,.F.);
#6925 = ORIENTED_EDGE('',*,*,#3958,.F.);
#6926 = PLANE('',#6927);
#6927 = AXIS2_PLACEMENT_3D('',#6928,#6929,#6930);
#6928 = CARTESIAN_POINT('',(-1.1,1.5,0.2));
#6929 = DIRECTION('',(-0.,0.,-1.));
#6930 = DIRECTION('',(1.,-4.555315873023E-16,-0.));
#6931 = ADVANCED_FACE('',(#6932),#6943,.F.);
#6932 = FACE_BOUND('',#6933,.F.);
#6933 = EDGE_LOOP('',(#6934,#6935,#6941,#6942));
#6934 = ORIENTED_EDGE('',*,*,#4904,.F.);
#6935 = ORIENTED_EDGE('',*,*,#6936,.F.);
#6936 = EDGE_CURVE('',#5028,#4897,#6937,.T.);
#6937 = LINE('',#6938,#6939);
#6938 = CARTESIAN_POINT('',(0.7,1.5,0.2));
#6939 = VECTOR('',#6940,1.);
#6940 = DIRECTION('',(-1.,4.555315873023E-16,0.));
#6941 = ORIENTED_EDGE('',*,*,#5027,.F.);
#6942 = ORIENTED_EDGE('',*,*,#4050,.F.);
#6943 = PLANE('',#6944);
#6944 = AXIS2_PLACEMENT_3D('',#6945,#6946,#6947);
#6945 = CARTESIAN_POINT('',(0.5,1.5,0.2));
#6946 = DIRECTION('',(-0.,0.,-1.));
#6947 = DIRECTION('',(1.,-4.555315873023E-16,-0.));
#6948 = ADVANCED_FACE('',(#6949),#6960,.F.);
#6949 = FACE_BOUND('',#6950,.F.);
#6950 = EDGE_LOOP('',(#6951,#6952,#6958,#6959));
#6951 = ORIENTED_EDGE('',*,*,#4316,.F.);
#6952 = ORIENTED_EDGE('',*,*,#6953,.F.);
#6953 = EDGE_CURVE('',#4440,#4309,#6954,.T.);
#6954 = LINE('',#6955,#6956);
#6955 = CARTESIAN_POINT('',(-0.5,1.5,0.2));
#6956 = VECTOR('',#6957,1.);
#6957 = DIRECTION('',(-1.,4.555315873023E-16,0.));
#6958 = ORIENTED_EDGE('',*,*,#4439,.F.);
#6959 = ORIENTED_EDGE('',*,*,#3981,.F.);
#6960 = PLANE('',#6961);
#6961 = AXIS2_PLACEMENT_3D('',#6962,#6963,#6964);
#6962 = CARTESIAN_POINT('',(-0.7,1.5,0.2));
#6963 = DIRECTION('',(-0.,0.,-1.));
#6964 = DIRECTION('',(1.,-4.555315873023E-16,-0.));
#6965 = ADVANCED_FACE('',(#6966),#6977,.F.);
#6966 = FACE_BOUND('',#6967,.F.);
#6967 = EDGE_LOOP('',(#6968,#6969,#6975,#6976));
#6968 = ORIENTED_EDGE('',*,*,#4708,.F.);
#6969 = ORIENTED_EDGE('',*,*,#6970,.F.);
#6970 = EDGE_CURVE('',#4832,#4701,#6971,.T.);
#6971 = LINE('',#6972,#6973);
#6972 = CARTESIAN_POINT('',(0.3,1.5,0.2));
#6973 = VECTOR('',#6974,1.);
#6974 = DIRECTION('',(-1.,4.555315873023E-16,0.));
#6975 = ORIENTED_EDGE('',*,*,#4831,.F.);
#6976 = ORIENTED_EDGE('',*,*,#4027,.F.);
#6977 = PLANE('',#6978);
#6978 = AXIS2_PLACEMENT_3D('',#6979,#6980,#6981);
#6979 = CARTESIAN_POINT('',(0.1,1.5,0.2));
#6980 = DIRECTION('',(-0.,0.,-1.));
#6981 = DIRECTION('',(1.,-4.555315873023E-16,-0.));
#6982 = ADVANCED_FACE('',(#6983),#6994,.F.);
#6983 = FACE_BOUND('',#6984,.F.);
#6984 = EDGE_LOOP('',(#6985,#6986,#6992,#6993));
#6985 = ORIENTED_EDGE('',*,*,#4512,.F.);
#6986 = ORIENTED_EDGE('',*,*,#6987,.F.);
#6987 = EDGE_CURVE('',#4636,#4505,#6988,.T.);
#6988 = LINE('',#6989,#6990);
#6989 = CARTESIAN_POINT('',(-0.1,1.5,0.2));
#6990 = VECTOR('',#6991,1.);
#6991 = DIRECTION('',(-1.,4.555315873023E-16,0.));
#6992 = ORIENTED_EDGE('',*,*,#4635,.F.);
#6993 = ORIENTED_EDGE('',*,*,#4004,.F.);
#6994 = PLANE('',#6995);
#6995 = AXIS2_PLACEMENT_3D('',#6996,#6997,#6998);
#6996 = CARTESIAN_POINT('',(-0.3,1.5,0.2));
#6997 = DIRECTION('',(-0.,0.,-1.));
#6998 = DIRECTION('',(1.,-4.555315873023E-16,-0.));
#6999 = ADVANCED_FACE('',(#7000),#7011,.T.);
#7000 = FACE_BOUND('',#7001,.F.);
#7001 = EDGE_LOOP('',(#7002,#7003,#7004,#7005));
#7002 = ORIENTED_EDGE('',*,*,#4102,.T.);
#7003 = ORIENTED_EDGE('',*,*,#4192,.T.);
#7004 = ORIENTED_EDGE('',*,*,#4232,.T.);
#7005 = ORIENTED_EDGE('',*,*,#7006,.T.);
#7006 = EDGE_CURVE('',#4233,#4103,#7007,.T.);
#7007 = LINE('',#7008,#7009);
#7008 = CARTESIAN_POINT('',(-0.9,1.5,0.));
#7009 = VECTOR('',#7010,1.);
#7010 = DIRECTION('',(-1.,4.555315873023E-16,0.));
#7011 = PLANE('',#7012);
#7012 = AXIS2_PLACEMENT_3D('',#7013,#7014,#7015);
#7013 = CARTESIAN_POINT('',(-1.1,1.5,0.));
#7014 = DIRECTION('',(-0.,0.,-1.));
#7015 = DIRECTION('',(1.,-4.555315873023E-16,-0.));
#7016 = ADVANCED_FACE('',(#7017),#7023,.F.);
#7017 = FACE_BOUND('',#7018,.F.);
#7018 = EDGE_LOOP('',(#7019,#7020,#7021,#7022));
#7019 = ORIENTED_EDGE('',*,*,#4251,.T.);
#7020 = ORIENTED_EDGE('',*,*,#6919,.T.);
#7021 = ORIENTED_EDGE('',*,*,#4112,.F.);
#7022 = ORIENTED_EDGE('',*,*,#7006,.F.);
#7023 = PLANE('',#7024);
#7024 = AXIS2_PLACEMENT_3D('',#7025,#7026,#7027);
#7025 = CARTESIAN_POINT('',(-0.9,1.5,0.));
#7026 = DIRECTION('',(-4.555315873023E-16,-1.,0.));
#7027 = DIRECTION('',(-1.,4.555315873023E-16,0.));
#7028 = ADVANCED_FACE('',(#7029),#7040,.T.);
#7029 = FACE_BOUND('',#7030,.F.);
#7030 = EDGE_LOOP('',(#7031,#7032,#7033,#7034));
#7031 = ORIENTED_EDGE('',*,*,#4265,.T.);
#7032 = ORIENTED_EDGE('',*,*,#4217,.T.);
#7033 = ORIENTED_EDGE('',*,*,#4142,.T.);
#7034 = ORIENTED_EDGE('',*,*,#7035,.T.);
#7035 = EDGE_CURVE('',#4145,#4266,#7036,.T.);
#7036 = LINE('',#7037,#7038);
#7037 = CARTESIAN_POINT('',(-1.5,1.1,0.));
#7038 = VECTOR('',#7039,1.);
#7039 = DIRECTION('',(-4.669739647545E-16,-1.,0.));
#7040 = PLANE('',#7041);
#7041 = AXIS2_PLACEMENT_3D('',#7042,#7043,#7044);
#7042 = CARTESIAN_POINT('',(-1.5,0.9,0.));
#7043 = DIRECTION('',(0.,-0.,-1.));
#7044 = DIRECTION('',(4.669739647545E-16,1.,0.));
#7045 = ADVANCED_FACE('',(#7046),#7052,.F.);
#7046 = FACE_BOUND('',#7047,.F.);
#7047 = EDGE_LOOP('',(#7048,#7049,#7050,#7051));
#7048 = ORIENTED_EDGE('',*,*,#4168,.T.);
#7049 = ORIENTED_EDGE('',*,*,#6817,.T.);
#7050 = ORIENTED_EDGE('',*,*,#4273,.F.);
#7051 = ORIENTED_EDGE('',*,*,#7035,.F.);
#7052 = PLANE('',#7053);
#7053 = AXIS2_PLACEMENT_3D('',#7054,#7055,#7056);
#7054 = CARTESIAN_POINT('',(-1.5,1.1,0.));
#7055 = DIRECTION('',(1.,-4.669739647545E-16,0.));
#7056 = DIRECTION('',(-4.669739647545E-16,-1.,0.));
#7057 = ADVANCED_FACE('',(#7058),#7069,.T.);
#7058 = FACE_BOUND('',#7059,.F.);
#7059 = EDGE_LOOP('',(#7060,#7061,#7062,#7063));
#7060 = ORIENTED_EDGE('',*,*,#4298,.T.);
#7061 = ORIENTED_EDGE('',*,*,#4388,.T.);
#7062 = ORIENTED_EDGE('',*,*,#4428,.T.);
#7063 = ORIENTED_EDGE('',*,*,#7064,.T.);
#7064 = EDGE_CURVE('',#4429,#4299,#7065,.T.);
#7065 = LINE('',#7066,#7067);
#7066 = CARTESIAN_POINT('',(-0.5,1.5,0.));
#7067 = VECTOR('',#7068,1.);
#7068 = DIRECTION('',(-1.,4.555315873023E-16,0.));
#7069 = PLANE('',#7070);
#7070 = AXIS2_PLACEMENT_3D('',#7071,#7072,#7073);
#7071 = CARTESIAN_POINT('',(-0.7,1.5,0.));
#7072 = DIRECTION('',(-0.,0.,-1.));
#7073 = DIRECTION('',(1.,-4.555315873023E-16,-0.));
#7074 = ADVANCED_FACE('',(#7075),#7081,.F.);
#7075 = FACE_BOUND('',#7076,.F.);
#7076 = EDGE_LOOP('',(#7077,#7078,#7079,#7080));
#7077 = ORIENTED_EDGE('',*,*,#4447,.T.);
#7078 = ORIENTED_EDGE('',*,*,#6953,.T.);
#7079 = ORIENTED_EDGE('',*,*,#4308,.F.);
#7080 = ORIENTED_EDGE('',*,*,#7064,.F.);
#7081 = PLANE('',#7082);
#7082 = AXIS2_PLACEMENT_3D('',#7083,#7084,#7085);
#7083 = CARTESIAN_POINT('',(-0.5,1.5,0.));
#7084 = DIRECTION('',(-4.555315873023E-16,-1.,0.));
#7085 = DIRECTION('',(-1.,4.555315873023E-16,0.));
#7086 = ADVANCED_FACE('',(#7087),#7098,.T.);
#7087 = FACE_BOUND('',#7088,.F.);
#7088 = EDGE_LOOP('',(#7089,#7090,#7091,#7092));
#7089 = ORIENTED_EDGE('',*,*,#4461,.T.);
#7090 = ORIENTED_EDGE('',*,*,#4413,.T.);
#7091 = ORIENTED_EDGE('',*,*,#4338,.T.);
#7092 = ORIENTED_EDGE('',*,*,#7093,.T.);
#7093 = EDGE_CURVE('',#4341,#4462,#7094,.T.);
#7094 = LINE('',#7095,#7096);
#7095 = CARTESIAN_POINT('',(-1.5,0.7,0.));
#7096 = VECTOR('',#7097,1.);
#7097 = DIRECTION('',(-4.669739647545E-16,-1.,0.));
#7098 = PLANE('',#7099);
#7099 = AXIS2_PLACEMENT_3D('',#7100,#7101,#7102);
#7100 = CARTESIAN_POINT('',(-1.5,0.5,0.));
#7101 = DIRECTION('',(0.,-0.,-1.));
#7102 = DIRECTION('',(4.669739647545E-16,1.,0.));
#7103 = ADVANCED_FACE('',(#7104),#7110,.F.);
#7104 = FACE_BOUND('',#7105,.F.);
#7105 = EDGE_LOOP('',(#7106,#7107,#7108,#7109));
#7106 = ORIENTED_EDGE('',*,*,#4364,.T.);
#7107 = ORIENTED_EDGE('',*,*,#6834,.T.);
#7108 = ORIENTED_EDGE('',*,*,#4469,.F.);
#7109 = ORIENTED_EDGE('',*,*,#7093,.F.);
#7110 = PLANE('',#7111);
#7111 = AXIS2_PLACEMENT_3D('',#7112,#7113,#7114);
#7112 = CARTESIAN_POINT('',(-1.5,0.7,0.));
#7113 = DIRECTION('',(1.,-4.669739647545E-16,0.));
#7114 = DIRECTION('',(-4.669739647545E-16,-1.,0.));
#7115 = ADVANCED_FACE('',(#7116),#7127,.T.);
#7116 = FACE_BOUND('',#7117,.F.);
#7117 = EDGE_LOOP('',(#7118,#7119,#7120,#7121));
#7118 = ORIENTED_EDGE('',*,*,#4494,.T.);
#7119 = ORIENTED_EDGE('',*,*,#4584,.T.);
#7120 = ORIENTED_EDGE('',*,*,#4624,.T.);
#7121 = ORIENTED_EDGE('',*,*,#7122,.T.);
#7122 = EDGE_CURVE('',#4625,#4495,#7123,.T.);
#7123 = LINE('',#7124,#7125);
#7124 = CARTESIAN_POINT('',(-0.1,1.5,0.));
#7125 = VECTOR('',#7126,1.);
#7126 = DIRECTION('',(-1.,4.555315873023E-16,0.));
#7127 = PLANE('',#7128);
#7128 = AXIS2_PLACEMENT_3D('',#7129,#7130,#7131);
#7129 = CARTESIAN_POINT('',(-0.3,1.5,0.));
#7130 = DIRECTION('',(-0.,0.,-1.));
#7131 = DIRECTION('',(1.,-4.555315873023E-16,-0.));
#7132 = ADVANCED_FACE('',(#7133),#7139,.F.);
#7133 = FACE_BOUND('',#7134,.F.);
#7134 = EDGE_LOOP('',(#7135,#7136,#7137,#7138));
#7135 = ORIENTED_EDGE('',*,*,#4643,.T.);
#7136 = ORIENTED_EDGE('',*,*,#6987,.T.);
#7137 = ORIENTED_EDGE('',*,*,#4504,.F.);
#7138 = ORIENTED_EDGE('',*,*,#7122,.F.);
#7139 = PLANE('',#7140);
#7140 = AXIS2_PLACEMENT_3D('',#7141,#7142,#7143);
#7141 = CARTESIAN_POINT('',(-0.1,1.5,0.));
#7142 = DIRECTION('',(-4.555315873023E-16,-1.,0.));
#7143 = DIRECTION('',(-1.,4.555315873023E-16,0.));
#7144 = ADVANCED_FACE('',(#7145),#7156,.T.);
#7145 = FACE_BOUND('',#7146,.F.);
#7146 = EDGE_LOOP('',(#7147,#7148,#7149,#7150));
#7147 = ORIENTED_EDGE('',*,*,#4657,.T.);
#7148 = ORIENTED_EDGE('',*,*,#4609,.T.);
#7149 = ORIENTED_EDGE('',*,*,#4534,.T.);
#7150 = ORIENTED_EDGE('',*,*,#7151,.T.);
#7151 = EDGE_CURVE('',#4537,#4658,#7152,.T.);
#7152 = LINE('',#7153,#7154);
#7153 = CARTESIAN_POINT('',(-1.5,0.3,0.));
#7154 = VECTOR('',#7155,1.);
#7155 = DIRECTION('',(-4.669739647545E-16,-1.,0.));
#7156 = PLANE('',#7157);
#7157 = AXIS2_PLACEMENT_3D('',#7158,#7159,#7160);
#7158 = CARTESIAN_POINT('',(-1.5,0.1,0.));
#7159 = DIRECTION('',(0.,-0.,-1.));
#7160 = DIRECTION('',(4.669739647545E-16,1.,0.));
#7161 = ADVANCED_FACE('',(#7162),#7168,.F.);
#7162 = FACE_BOUND('',#7163,.F.);
#7163 = EDGE_LOOP('',(#7164,#7165,#7166,#7167));
#7164 = ORIENTED_EDGE('',*,*,#4560,.T.);
#7165 = ORIENTED_EDGE('',*,*,#6868,.T.);
#7166 = ORIENTED_EDGE('',*,*,#4665,.F.);
#7167 = ORIENTED_EDGE('',*,*,#7151,.F.);
#7168 = PLANE('',#7169);
#7169 = AXIS2_PLACEMENT_3D('',#7170,#7171,#7172);
#7170 = CARTESIAN_POINT('',(-1.5,0.3,0.));
#7171 = DIRECTION('',(1.,-4.669739647545E-16,0.));
#7172 = DIRECTION('',(-4.669739647545E-16,-1.,0.));
#7173 = ADVANCED_FACE('',(#7174),#7185,.T.);
#7174 = FACE_BOUND('',#7175,.F.);
#7175 = EDGE_LOOP('',(#7176,#7177,#7178,#7179));
#7176 = ORIENTED_EDGE('',*,*,#4690,.T.);
#7177 = ORIENTED_EDGE('',*,*,#4780,.T.);
#7178 = ORIENTED_EDGE('',*,*,#4820,.T.);
#7179 = ORIENTED_EDGE('',*,*,#7180,.T.);
#7180 = EDGE_CURVE('',#4821,#4691,#7181,.T.);
#7181 = LINE('',#7182,#7183);
#7182 = CARTESIAN_POINT('',(0.3,1.5,0.));
#7183 = VECTOR('',#7184,1.);
#7184 = DIRECTION('',(-1.,4.555315873023E-16,0.));
#7185 = PLANE('',#7186);
#7186 = AXIS2_PLACEMENT_3D('',#7187,#7188,#7189);
#7187 = CARTESIAN_POINT('',(0.1,1.5,0.));
#7188 = DIRECTION('',(-0.,0.,-1.));
#7189 = DIRECTION('',(1.,-4.555315873023E-16,-0.));
#7190 = ADVANCED_FACE('',(#7191),#7197,.F.);
#7191 = FACE_BOUND('',#7192,.F.);
#7192 = EDGE_LOOP('',(#7193,#7194,#7195,#7196));
#7193 = ORIENTED_EDGE('',*,*,#4839,.T.);
#7194 = ORIENTED_EDGE('',*,*,#6970,.T.);
#7195 = ORIENTED_EDGE('',*,*,#4700,.F.);
#7196 = ORIENTED_EDGE('',*,*,#7180,.F.);
#7197 = PLANE('',#7198);
#7198 = AXIS2_PLACEMENT_3D('',#7199,#7200,#7201);
#7199 = CARTESIAN_POINT('',(0.3,1.5,0.));
#7200 = DIRECTION('',(-4.555315873023E-16,-1.,0.));
#7201 = DIRECTION('',(-1.,4.555315873023E-16,0.));
#7202 = ADVANCED_FACE('',(#7203),#7214,.T.);
#7203 = FACE_BOUND('',#7204,.F.);
#7204 = EDGE_LOOP('',(#7205,#7206,#7207,#7208));
#7205 = ORIENTED_EDGE('',*,*,#4853,.T.);
#7206 = ORIENTED_EDGE('',*,*,#4805,.T.);
#7207 = ORIENTED_EDGE('',*,*,#4730,.T.);
#7208 = ORIENTED_EDGE('',*,*,#7209,.T.);
#7209 = EDGE_CURVE('',#4733,#4854,#7210,.T.);
#7210 = LINE('',#7211,#7212);
#7211 = CARTESIAN_POINT('',(-1.5,-0.1,0.));
#7212 = VECTOR('',#7213,1.);
#7213 = DIRECTION('',(-4.669739647545E-16,-1.,0.));
#7214 = PLANE('',#7215);
#7215 = AXIS2_PLACEMENT_3D('',#7216,#7217,#7218);
#7216 = CARTESIAN_POINT('',(-1.5,-0.3,0.));
#7217 = DIRECTION('',(0.,-0.,-1.));
#7218 = DIRECTION('',(4.669739647545E-16,1.,0.));
#7219 = ADVANCED_FACE('',(#7220),#7226,.F.);
#7220 = FACE_BOUND('',#7221,.F.);
#7221 = EDGE_LOOP('',(#7222,#7223,#7224,#7225));
#7222 = ORIENTED_EDGE('',*,*,#4756,.T.);
#7223 = ORIENTED_EDGE('',*,*,#6885,.T.);
#7224 = ORIENTED_EDGE('',*,*,#4861,.F.);
#7225 = ORIENTED_EDGE('',*,*,#7209,.F.);
#7226 = PLANE('',#7227);
#7227 = AXIS2_PLACEMENT_3D('',#7228,#7229,#7230);
#7228 = CARTESIAN_POINT('',(-1.5,-0.1,0.));
#7229 = DIRECTION('',(1.,-4.669739647545E-16,0.));
#7230 = DIRECTION('',(-4.669739647545E-16,-1.,0.));
#7231 = ADVANCED_FACE('',(#7232),#7243,.T.);
#7232 = FACE_BOUND('',#7233,.F.);
#7233 = EDGE_LOOP('',(#7234,#7235,#7236,#7237));
#7234 = ORIENTED_EDGE('',*,*,#4886,.T.);
#7235 = ORIENTED_EDGE('',*,*,#4976,.T.);
#7236 = ORIENTED_EDGE('',*,*,#5016,.T.);
#7237 = ORIENTED_EDGE('',*,*,#7238,.T.);
#7238 = EDGE_CURVE('',#5017,#4887,#7239,.T.);
#7239 = LINE('',#7240,#7241);
#7240 = CARTESIAN_POINT('',(0.7,1.5,0.));
#7241 = VECTOR('',#7242,1.);
#7242 = DIRECTION('',(-1.,4.555315873023E-16,0.));
#7243 = PLANE('',#7244);
#7244 = AXIS2_PLACEMENT_3D('',#7245,#7246,#7247);
#7245 = CARTESIAN_POINT('',(0.5,1.5,0.));
#7246 = DIRECTION('',(-0.,0.,-1.));
#7247 = DIRECTION('',(1.,-4.555315873023E-16,-0.));
#7248 = ADVANCED_FACE('',(#7249),#7255,.F.);
#7249 = FACE_BOUND('',#7250,.F.);
#7250 = EDGE_LOOP('',(#7251,#7252,#7253,#7254));
#7251 = ORIENTED_EDGE('',*,*,#5035,.T.);
#7252 = ORIENTED_EDGE('',*,*,#6936,.T.);
#7253 = ORIENTED_EDGE('',*,*,#4896,.F.);
#7254 = ORIENTED_EDGE('',*,*,#7238,.F.);
#7255 = PLANE('',#7256);
#7256 = AXIS2_PLACEMENT_3D('',#7257,#7258,#7259);
#7257 = CARTESIAN_POINT('',(0.7,1.5,0.));
#7258 = DIRECTION('',(-4.555315873023E-16,-1.,0.));
#7259 = DIRECTION('',(-1.,4.555315873023E-16,0.));
#7260 = ADVANCED_FACE('',(#7261),#7272,.T.);
#7261 = FACE_BOUND('',#7262,.F.);
#7262 = EDGE_LOOP('',(#7263,#7264,#7265,#7266));
#7263 = ORIENTED_EDGE('',*,*,#5049,.T.);
#7264 = ORIENTED_EDGE('',*,*,#5001,.T.);
#7265 = ORIENTED_EDGE('',*,*,#4926,.T.);
#7266 = ORIENTED_EDGE('',*,*,#7267,.T.);
#7267 = EDGE_CURVE('',#4929,#5050,#7268,.T.);
#7268 = LINE('',#7269,#7270);
#7269 = CARTESIAN_POINT('',(-1.5,-0.5,0.));
#7270 = VECTOR('',#7271,1.);
#7271 = DIRECTION('',(-4.669739647545E-16,-1.,0.));
#7272 = PLANE('',#7273);
#7273 = AXIS2_PLACEMENT_3D('',#7274,#7275,#7276);
#7274 = CARTESIAN_POINT('',(-1.5,-0.7,0.));
#7275 = DIRECTION('',(0.,-0.,-1.));
#7276 = DIRECTION('',(4.669739647545E-16,1.,0.));
#7277 = ADVANCED_FACE('',(#7278),#7284,.F.);
#7278 = FACE_BOUND('',#7279,.F.);
#7279 = EDGE_LOOP('',(#7280,#7281,#7282,#7283));
#7280 = ORIENTED_EDGE('',*,*,#4952,.T.);
#7281 = ORIENTED_EDGE('',*,*,#6851,.T.);
#7282 = ORIENTED_EDGE('',*,*,#5057,.F.);
#7283 = ORIENTED_EDGE('',*,*,#7267,.F.);
#7284 = PLANE('',#7285);
#7285 = AXIS2_PLACEMENT_3D('',#7286,#7287,#7288);
#7286 = CARTESIAN_POINT('',(-1.5,-0.5,0.));
#7287 = DIRECTION('',(1.,-4.669739647545E-16,0.));
#7288 = DIRECTION('',(-4.669739647545E-16,-1.,0.));
#7289 = ADVANCED_FACE('',(#7290),#7301,.T.);
#7290 = FACE_BOUND('',#7291,.F.);
#7291 = EDGE_LOOP('',(#7292,#7293,#7294,#7295));
#7292 = ORIENTED_EDGE('',*,*,#5082,.T.);
#7293 = ORIENTED_EDGE('',*,*,#5132,.T.);
#7294 = ORIENTED_EDGE('',*,*,#5147,.T.);
#7295 = ORIENTED_EDGE('',*,*,#7296,.T.);
#7296 = EDGE_CURVE('',#5148,#5083,#7297,.T.);
#7297 = LINE('',#7298,#7299);
#7298 = CARTESIAN_POINT('',(1.1,1.5,0.));
#7299 = VECTOR('',#7300,1.);
#7300 = DIRECTION('',(-1.,4.555315873023E-16,0.));
#7301 = PLANE('',#7302);
#7302 = AXIS2_PLACEMENT_3D('',#7303,#7304,#7305);
#7303 = CARTESIAN_POINT('',(0.9,1.5,0.));
#7304 = DIRECTION('',(-0.,0.,-1.));
#7305 = DIRECTION('',(1.,-4.555315873023E-16,-0.));
#7306 = ADVANCED_FACE('',(#7307),#7313,.F.);
#7307 = FACE_BOUND('',#7308,.F.);
#7308 = EDGE_LOOP('',(#7309,#7310,#7311,#7312));
#7309 = ORIENTED_EDGE('',*,*,#5166,.T.);
#7310 = ORIENTED_EDGE('',*,*,#6902,.T.);
#7311 = ORIENTED_EDGE('',*,*,#5092,.F.);
#7312 = ORIENTED_EDGE('',*,*,#7296,.F.);
#7313 = PLANE('',#7314);
#7314 = AXIS2_PLACEMENT_3D('',#7315,#7316,#7317);
#7315 = CARTESIAN_POINT('',(1.1,1.5,0.));
#7316 = DIRECTION('',(-4.555315873023E-16,-1.,0.));
#7317 = DIRECTION('',(-1.,4.555315873023E-16,0.));
#7318 = ADVANCED_FACE('',(#7319),#7330,.F.);
#7319 = FACE_BOUND('',#7320,.F.);
#7320 = EDGE_LOOP('',(#7321,#7322,#7328,#7329));
#7321 = ORIENTED_EDGE('',*,*,#5515,.F.);
#7322 = ORIENTED_EDGE('',*,*,#7323,.F.);
#7323 = EDGE_CURVE('',#5639,#5508,#7324,.T.);
#7324 = LINE('',#7325,#7326);
#7325 = CARTESIAN_POINT('',(1.5,0.9,0.2));
#7326 = VECTOR('',#7327,1.);
#7327 = DIRECTION('',(3.445092848398E-16,1.,0.));
#7328 = ORIENTED_EDGE('',*,*,#5638,.F.);
#7329 = ORIENTED_EDGE('',*,*,#5320,.T.);
#7330 = PLANE('',#7331);
#7331 = AXIS2_PLACEMENT_3D('',#7332,#7333,#7334);
#7332 = CARTESIAN_POINT('',(1.5,1.1,0.2));
#7333 = DIRECTION('',(0.,0.,-1.));
#7334 = DIRECTION('',(-3.445092848398E-16,-1.,-0.));
#7335 = ADVANCED_FACE('',(#7336),#7347,.F.);
#7336 = FACE_BOUND('',#7337,.F.);
#7337 = EDGE_LOOP('',(#7338,#7339,#7345,#7346));
#7338 = ORIENTED_EDGE('',*,*,#6495,.F.);
#7339 = ORIENTED_EDGE('',*,*,#7340,.F.);
#7340 = EDGE_CURVE('',#6619,#6488,#7341,.T.);
#7341 = LINE('',#7342,#7343);
#7342 = CARTESIAN_POINT('',(1.5,-1.1,0.2));
#7343 = VECTOR('',#7344,1.);
#7344 = DIRECTION('',(3.445092848398E-16,1.,0.));
#7345 = ORIENTED_EDGE('',*,*,#6618,.F.);
#7346 = ORIENTED_EDGE('',*,*,#5205,.T.);
#7347 = PLANE('',#7348);
#7348 = AXIS2_PLACEMENT_3D('',#7349,#7350,#7351);
#7349 = CARTESIAN_POINT('',(1.5,-0.9,0.2));
#7350 = DIRECTION('',(0.,0.,-1.));
#7351 = DIRECTION('',(-3.445092848398E-16,-1.,-0.));
#7352 = ADVANCED_FACE('',(#7353),#7364,.F.);
#7353 = FACE_BOUND('',#7354,.F.);
#7354 = EDGE_LOOP('',(#7355,#7356,#7362,#7363));
#7355 = ORIENTED_EDGE('',*,*,#5711,.F.);
#7356 = ORIENTED_EDGE('',*,*,#7357,.F.);
#7357 = EDGE_CURVE('',#5835,#5704,#7358,.T.);
#7358 = LINE('',#7359,#7360);
#7359 = CARTESIAN_POINT('',(1.5,0.5,0.2));
#7360 = VECTOR('',#7361,1.);
#7361 = DIRECTION('',(3.445092848398E-16,1.,0.));
#7362 = ORIENTED_EDGE('',*,*,#5834,.F.);
#7363 = ORIENTED_EDGE('',*,*,#5297,.T.);
#7364 = PLANE('',#7365);
#7365 = AXIS2_PLACEMENT_3D('',#7366,#7367,#7368);
#7366 = CARTESIAN_POINT('',(1.5,0.7,0.2));
#7367 = DIRECTION('',(0.,0.,-1.));
#7368 = DIRECTION('',(-3.445092848398E-16,-1.,-0.));
#7369 = ADVANCED_FACE('',(#7370),#7381,.F.);
#7370 = FACE_BOUND('',#7371,.F.);
#7371 = EDGE_LOOP('',(#7372,#7373,#7379,#7380));
#7372 = ORIENTED_EDGE('',*,*,#6299,.F.);
#7373 = ORIENTED_EDGE('',*,*,#7374,.F.);
#7374 = EDGE_CURVE('',#6423,#6292,#7375,.T.);
#7375 = LINE('',#7376,#7377);
#7376 = CARTESIAN_POINT('',(1.5,-0.7,0.2));
#7377 = VECTOR('',#7378,1.);
#7378 = DIRECTION('',(3.445092848398E-16,1.,0.));
#7379 = ORIENTED_EDGE('',*,*,#6422,.F.);
#7380 = ORIENTED_EDGE('',*,*,#5228,.T.);
#7381 = PLANE('',#7382);
#7382 = AXIS2_PLACEMENT_3D('',#7383,#7384,#7385);
#7383 = CARTESIAN_POINT('',(1.5,-0.5,0.2));
#7384 = DIRECTION('',(0.,0.,-1.));
#7385 = DIRECTION('',(-3.445092848398E-16,-1.,-0.));
#7386 = ADVANCED_FACE('',(#7387),#7398,.F.);
#7387 = FACE_BOUND('',#7388,.F.);
#7388 = EDGE_LOOP('',(#7389,#7390,#7396,#7397));
#7389 = ORIENTED_EDGE('',*,*,#5907,.F.);
#7390 = ORIENTED_EDGE('',*,*,#7391,.F.);
#7391 = EDGE_CURVE('',#6031,#5900,#7392,.T.);
#7392 = LINE('',#7393,#7394);
#7393 = CARTESIAN_POINT('',(1.5,0.1,0.2));
#7394 = VECTOR('',#7395,1.);
#7395 = DIRECTION('',(3.445092848398E-16,1.,0.));
#7396 = ORIENTED_EDGE('',*,*,#6030,.F.);
#7397 = ORIENTED_EDGE('',*,*,#5274,.T.);
#7398 = PLANE('',#7399);
#7399 = AXIS2_PLACEMENT_3D('',#7400,#7401,#7402);
#7400 = CARTESIAN_POINT('',(1.5,0.3,0.2));
#7401 = DIRECTION('',(0.,0.,-1.));
#7402 = DIRECTION('',(-3.445092848398E-16,-1.,-0.));
#7403 = ADVANCED_FACE('',(#7404),#7415,.F.);
#7404 = FACE_BOUND('',#7405,.F.);
#7405 = EDGE_LOOP('',(#7406,#7407,#7413,#7414));
#7406 = ORIENTED_EDGE('',*,*,#6103,.F.);
#7407 = ORIENTED_EDGE('',*,*,#7408,.F.);
#7408 = EDGE_CURVE('',#6227,#6096,#7409,.T.);
#7409 = LINE('',#7410,#7411);
#7410 = CARTESIAN_POINT('',(1.5,-0.3,0.2));
#7411 = VECTOR('',#7412,1.);
#7412 = DIRECTION('',(3.445092848398E-16,1.,0.));
#7413 = ORIENTED_EDGE('',*,*,#6226,.F.);
#7414 = ORIENTED_EDGE('',*,*,#5251,.T.);
#7415 = PLANE('',#7416);
#7416 = AXIS2_PLACEMENT_3D('',#7417,#7418,#7419);
#7417 = CARTESIAN_POINT('',(1.5,-0.1,0.2));
#7418 = DIRECTION('',(0.,0.,-1.));
#7419 = DIRECTION('',(-3.445092848398E-16,-1.,-0.));
#7420 = ADVANCED_FACE('',(#7421),#7432,.F.);
#7421 = FACE_BOUND('',#7422,.F.);
#7422 = EDGE_LOOP('',(#7423,#7424,#7430,#7431));
#7423 = ORIENTED_EDGE('',*,*,#6656,.F.);
#7424 = ORIENTED_EDGE('',*,*,#7425,.F.);
#7425 = EDGE_CURVE('',#6536,#6649,#7426,.T.);
#7426 = LINE('',#7427,#7428);
#7427 = CARTESIAN_POINT('',(0.9,-1.5,0.2));
#7428 = VECTOR('',#7429,1.);
#7429 = DIRECTION('',(1.,-5.665538897648E-16,0.));
#7430 = ORIENTED_EDGE('',*,*,#6535,.F.);
#7431 = ORIENTED_EDGE('',*,*,#5473,.T.);
#7432 = PLANE('',#7433);
#7433 = AXIS2_PLACEMENT_3D('',#7434,#7435,#7436);
#7434 = CARTESIAN_POINT('',(1.1,-1.5,0.2));
#7435 = DIRECTION('',(0.,0.,-1.));
#7436 = DIRECTION('',(-1.,5.665538897648E-16,0.));
#7437 = ADVANCED_FACE('',(#7438),#7449,.F.);
#7438 = FACE_BOUND('',#7439,.F.);
#7439 = EDGE_LOOP('',(#7440,#7441,#7447,#7448));
#7440 = ORIENTED_EDGE('',*,*,#5676,.F.);
#7441 = ORIENTED_EDGE('',*,*,#7442,.F.);
#7442 = EDGE_CURVE('',#5556,#5669,#7443,.T.);
#7443 = LINE('',#7444,#7445);
#7444 = CARTESIAN_POINT('',(-1.1,-1.5,0.2));
#7445 = VECTOR('',#7446,1.);
#7446 = DIRECTION('',(1.,-5.665538897648E-16,0.));
#7447 = ORIENTED_EDGE('',*,*,#5555,.F.);
#7448 = ORIENTED_EDGE('',*,*,#5358,.T.);
#7449 = PLANE('',#7450);
#7450 = AXIS2_PLACEMENT_3D('',#7451,#7452,#7453);
#7451 = CARTESIAN_POINT('',(-0.9,-1.5,0.2));
#7452 = DIRECTION('',(0.,0.,-1.));
#7453 = DIRECTION('',(-1.,5.665538897648E-16,0.));
#7454 = ADVANCED_FACE('',(#7455),#7466,.F.);
#7455 = FACE_BOUND('',#7456,.F.);
#7456 = EDGE_LOOP('',(#7457,#7458,#7464,#7465));
#7457 = ORIENTED_EDGE('',*,*,#6460,.F.);
#7458 = ORIENTED_EDGE('',*,*,#7459,.F.);
#7459 = EDGE_CURVE('',#6340,#6453,#7460,.T.);
#7460 = LINE('',#7461,#7462);
#7461 = CARTESIAN_POINT('',(0.5,-1.5,0.2));
#7462 = VECTOR('',#7463,1.);
#7463 = DIRECTION('',(1.,-5.665538897648E-16,0.));
#7464 = ORIENTED_EDGE('',*,*,#6339,.F.);
#7465 = ORIENTED_EDGE('',*,*,#5450,.T.);
#7466 = PLANE('',#7467);
#7467 = AXIS2_PLACEMENT_3D('',#7468,#7469,#7470);
#7468 = CARTESIAN_POINT('',(0.7,-1.5,0.2));
#7469 = DIRECTION('',(0.,0.,-1.));
#7470 = DIRECTION('',(-1.,5.665538897648E-16,0.));
#7471 = ADVANCED_FACE('',(#7472),#7483,.F.);
#7472 = FACE_BOUND('',#7473,.F.);
#7473 = EDGE_LOOP('',(#7474,#7475,#7481,#7482));
#7474 = ORIENTED_EDGE('',*,*,#5872,.F.);
#7475 = ORIENTED_EDGE('',*,*,#7476,.F.);
#7476 = EDGE_CURVE('',#5752,#5865,#7477,.T.);
#7477 = LINE('',#7478,#7479);
#7478 = CARTESIAN_POINT('',(-0.7,-1.5,0.2));
#7479 = VECTOR('',#7480,1.);
#7480 = DIRECTION('',(1.,-5.665538897648E-16,0.));
#7481 = ORIENTED_EDGE('',*,*,#5751,.F.);
#7482 = ORIENTED_EDGE('',*,*,#5381,.T.);
#7483 = PLANE('',#7484);
#7484 = AXIS2_PLACEMENT_3D('',#7485,#7486,#7487);
#7485 = CARTESIAN_POINT('',(-0.5,-1.5,0.2));
#7486 = DIRECTION('',(0.,0.,-1.));
#7487 = DIRECTION('',(-1.,5.665538897648E-16,0.));
#7488 = ADVANCED_FACE('',(#7489),#7500,.F.);
#7489 = FACE_BOUND('',#7490,.F.);
#7490 = EDGE_LOOP('',(#7491,#7492,#7498,#7499));
#7491 = ORIENTED_EDGE('',*,*,#6264,.F.);
#7492 = ORIENTED_EDGE('',*,*,#7493,.F.);
#7493 = EDGE_CURVE('',#6144,#6257,#7494,.T.);
#7494 = LINE('',#7495,#7496);
#7495 = CARTESIAN_POINT('',(0.1,-1.5,0.2));
#7496 = VECTOR('',#7497,1.);
#7497 = DIRECTION('',(1.,-5.665538897648E-16,0.));
#7498 = ORIENTED_EDGE('',*,*,#6143,.F.);
#7499 = ORIENTED_EDGE('',*,*,#5427,.T.);
#7500 = PLANE('',#7501);
#7501 = AXIS2_PLACEMENT_3D('',#7502,#7503,#7504);
#7502 = CARTESIAN_POINT('',(0.3,-1.5,0.2));
#7503 = DIRECTION('',(0.,0.,-1.));
#7504 = DIRECTION('',(-1.,5.665538897648E-16,0.));
#7505 = ADVANCED_FACE('',(#7506),#7517,.F.);
#7506 = FACE_BOUND('',#7507,.F.);
#7507 = EDGE_LOOP('',(#7508,#7509,#7515,#7516));
#7508 = ORIENTED_EDGE('',*,*,#6068,.F.);
#7509 = ORIENTED_EDGE('',*,*,#7510,.F.);
#7510 = EDGE_CURVE('',#5948,#6061,#7511,.T.);
#7511 = LINE('',#7512,#7513);
#7512 = CARTESIAN_POINT('',(-0.3,-1.5,0.2));
#7513 = VECTOR('',#7514,1.);
#7514 = DIRECTION('',(1.,-5.665538897648E-16,0.));
#7515 = ORIENTED_EDGE('',*,*,#5947,.F.);
#7516 = ORIENTED_EDGE('',*,*,#5404,.T.);
#7517 = PLANE('',#7518);
#7518 = AXIS2_PLACEMENT_3D('',#7519,#7520,#7521);
#7519 = CARTESIAN_POINT('',(-0.1,-1.5,0.2));
#7520 = DIRECTION('',(0.,0.,-1.));
#7521 = DIRECTION('',(-1.,5.665538897648E-16,0.));
#7522 = ADVANCED_FACE('',(#7523),#7534,.T.);
#7523 = FACE_BOUND('',#7524,.F.);
#7524 = EDGE_LOOP('',(#7525,#7526,#7527,#7528));
#7525 = ORIENTED_EDGE('',*,*,#5497,.T.);
#7526 = ORIENTED_EDGE('',*,*,#5587,.T.);
#7527 = ORIENTED_EDGE('',*,*,#5627,.T.);
#7528 = ORIENTED_EDGE('',*,*,#7529,.T.);
#7529 = EDGE_CURVE('',#5628,#5498,#7530,.T.);
#7530 = LINE('',#7531,#7532);
#7531 = CARTESIAN_POINT('',(1.5,0.9,0.));
#7532 = VECTOR('',#7533,1.);
#7533 = DIRECTION('',(3.445092848398E-16,1.,0.));
#7534 = PLANE('',#7535);
#7535 = AXIS2_PLACEMENT_3D('',#7536,#7537,#7538);
#7536 = CARTESIAN_POINT('',(1.5,1.1,0.));
#7537 = DIRECTION('',(0.,0.,-1.));
#7538 = DIRECTION('',(-3.445092848398E-16,-1.,-0.));
#7539 = ADVANCED_FACE('',(#7540),#7546,.F.);
#7540 = FACE_BOUND('',#7541,.F.);
#7541 = EDGE_LOOP('',(#7542,#7543,#7544,#7545));
#7542 = ORIENTED_EDGE('',*,*,#5646,.T.);
#7543 = ORIENTED_EDGE('',*,*,#7323,.T.);
#7544 = ORIENTED_EDGE('',*,*,#5507,.F.);
#7545 = ORIENTED_EDGE('',*,*,#7529,.F.);
#7546 = PLANE('',#7547);
#7547 = AXIS2_PLACEMENT_3D('',#7548,#7549,#7550);
#7548 = CARTESIAN_POINT('',(1.5,0.9,0.));
#7549 = DIRECTION('',(-1.,3.445092848398E-16,0.));
#7550 = DIRECTION('',(3.445092848398E-16,1.,0.));
#7551 = ADVANCED_FACE('',(#7552),#7563,.T.);
#7552 = FACE_BOUND('',#7553,.F.);
#7553 = EDGE_LOOP('',(#7554,#7555,#7556,#7557));
#7554 = ORIENTED_EDGE('',*,*,#5660,.T.);
#7555 = ORIENTED_EDGE('',*,*,#5612,.T.);
#7556 = ORIENTED_EDGE('',*,*,#5537,.T.);
#7557 = ORIENTED_EDGE('',*,*,#7558,.T.);
#7558 = EDGE_CURVE('',#5540,#5661,#7559,.T.);
#7559 = LINE('',#7560,#7561);
#7560 = CARTESIAN_POINT('',(-1.1,-1.5,0.));
#7561 = VECTOR('',#7562,1.);
#7562 = DIRECTION('',(1.,-5.665538897648E-16,0.));
#7563 = PLANE('',#7564);
#7564 = AXIS2_PLACEMENT_3D('',#7565,#7566,#7567);
#7565 = CARTESIAN_POINT('',(-0.9,-1.5,0.));
#7566 = DIRECTION('',(0.,0.,-1.));
#7567 = DIRECTION('',(-1.,5.665538897648E-16,0.));
#7568 = ADVANCED_FACE('',(#7569),#7575,.F.);
#7569 = FACE_BOUND('',#7570,.F.);
#7570 = EDGE_LOOP('',(#7571,#7572,#7573,#7574));
#7571 = ORIENTED_EDGE('',*,*,#5563,.T.);
#7572 = ORIENTED_EDGE('',*,*,#7442,.T.);
#7573 = ORIENTED_EDGE('',*,*,#5668,.F.);
#7574 = ORIENTED_EDGE('',*,*,#7558,.F.);
#7575 = PLANE('',#7576);
#7576 = AXIS2_PLACEMENT_3D('',#7577,#7578,#7579);
#7577 = CARTESIAN_POINT('',(-1.1,-1.5,0.));
#7578 = DIRECTION('',(5.665538897648E-16,1.,0.));
#7579 = DIRECTION('',(1.,-5.665538897648E-16,0.));
#7580 = ADVANCED_FACE('',(#7581),#7592,.T.);
#7581 = FACE_BOUND('',#7582,.F.);
#7582 = EDGE_LOOP('',(#7583,#7584,#7585,#7586));
#7583 = ORIENTED_EDGE('',*,*,#5693,.T.);
#7584 = ORIENTED_EDGE('',*,*,#5783,.T.);
#7585 = ORIENTED_EDGE('',*,*,#5823,.T.);
#7586 = ORIENTED_EDGE('',*,*,#7587,.T.);
#7587 = EDGE_CURVE('',#5824,#5694,#7588,.T.);
#7588 = LINE('',#7589,#7590);
#7589 = CARTESIAN_POINT('',(1.5,0.5,0.));
#7590 = VECTOR('',#7591,1.);
#7591 = DIRECTION('',(3.445092848398E-16,1.,0.));
#7592 = PLANE('',#7593);
#7593 = AXIS2_PLACEMENT_3D('',#7594,#7595,#7596);
#7594 = CARTESIAN_POINT('',(1.5,0.7,0.));
#7595 = DIRECTION('',(0.,0.,-1.));
#7596 = DIRECTION('',(-3.445092848398E-16,-1.,-0.));
#7597 = ADVANCED_FACE('',(#7598),#7604,.F.);
#7598 = FACE_BOUND('',#7599,.F.);
#7599 = EDGE_LOOP('',(#7600,#7601,#7602,#7603));
#7600 = ORIENTED_EDGE('',*,*,#5842,.T.);
#7601 = ORIENTED_EDGE('',*,*,#7357,.T.);
#7602 = ORIENTED_EDGE('',*,*,#5703,.F.);
#7603 = ORIENTED_EDGE('',*,*,#7587,.F.);
#7604 = PLANE('',#7605);
#7605 = AXIS2_PLACEMENT_3D('',#7606,#7607,#7608);
#7606 = CARTESIAN_POINT('',(1.5,0.5,0.));
#7607 = DIRECTION('',(-1.,3.445092848398E-16,0.));
#7608 = DIRECTION('',(3.445092848398E-16,1.,0.));
#7609 = ADVANCED_FACE('',(#7610),#7621,.T.);
#7610 = FACE_BOUND('',#7611,.F.);
#7611 = EDGE_LOOP('',(#7612,#7613,#7614,#7615));
#7612 = ORIENTED_EDGE('',*,*,#5856,.T.);
#7613 = ORIENTED_EDGE('',*,*,#5808,.T.);
#7614 = ORIENTED_EDGE('',*,*,#5733,.T.);
#7615 = ORIENTED_EDGE('',*,*,#7616,.T.);
#7616 = EDGE_CURVE('',#5736,#5857,#7617,.T.);
#7617 = LINE('',#7618,#7619);
#7618 = CARTESIAN_POINT('',(-0.7,-1.5,0.));
#7619 = VECTOR('',#7620,1.);
#7620 = DIRECTION('',(1.,-5.665538897648E-16,0.));
#7621 = PLANE('',#7622);
#7622 = AXIS2_PLACEMENT_3D('',#7623,#7624,#7625);
#7623 = CARTESIAN_POINT('',(-0.5,-1.5,0.));
#7624 = DIRECTION('',(0.,0.,-1.));
#7625 = DIRECTION('',(-1.,5.665538897648E-16,0.));
#7626 = ADVANCED_FACE('',(#7627),#7633,.F.);
#7627 = FACE_BOUND('',#7628,.F.);
#7628 = EDGE_LOOP('',(#7629,#7630,#7631,#7632));
#7629 = ORIENTED_EDGE('',*,*,#5759,.T.);
#7630 = ORIENTED_EDGE('',*,*,#7476,.T.);
#7631 = ORIENTED_EDGE('',*,*,#5864,.F.);
#7632 = ORIENTED_EDGE('',*,*,#7616,.F.);
#7633 = PLANE('',#7634);
#7634 = AXIS2_PLACEMENT_3D('',#7635,#7636,#7637);
#7635 = CARTESIAN_POINT('',(-0.7,-1.5,0.));
#7636 = DIRECTION('',(5.665538897648E-16,1.,0.));
#7637 = DIRECTION('',(1.,-5.665538897648E-16,0.));
#7638 = ADVANCED_FACE('',(#7639),#7650,.T.);
#7639 = FACE_BOUND('',#7640,.F.);
#7640 = EDGE_LOOP('',(#7641,#7642,#7643,#7644));
#7641 = ORIENTED_EDGE('',*,*,#5889,.T.);
#7642 = ORIENTED_EDGE('',*,*,#5979,.T.);
#7643 = ORIENTED_EDGE('',*,*,#6019,.T.);
#7644 = ORIENTED_EDGE('',*,*,#7645,.T.);
#7645 = EDGE_CURVE('',#6020,#5890,#7646,.T.);
#7646 = LINE('',#7647,#7648);
#7647 = CARTESIAN_POINT('',(1.5,0.1,0.));
#7648 = VECTOR('',#7649,1.);
#7649 = DIRECTION('',(3.445092848398E-16,1.,0.));
#7650 = PLANE('',#7651);
#7651 = AXIS2_PLACEMENT_3D('',#7652,#7653,#7654);
#7652 = CARTESIAN_POINT('',(1.5,0.3,0.));
#7653 = DIRECTION('',(0.,0.,-1.));
#7654 = DIRECTION('',(-3.445092848398E-16,-1.,-0.));
#7655 = ADVANCED_FACE('',(#7656),#7662,.F.);
#7656 = FACE_BOUND('',#7657,.F.);
#7657 = EDGE_LOOP('',(#7658,#7659,#7660,#7661));
#7658 = ORIENTED_EDGE('',*,*,#6038,.T.);
#7659 = ORIENTED_EDGE('',*,*,#7391,.T.);
#7660 = ORIENTED_EDGE('',*,*,#5899,.F.);
#7661 = ORIENTED_EDGE('',*,*,#7645,.F.);
#7662 = PLANE('',#7663);
#7663 = AXIS2_PLACEMENT_3D('',#7664,#7665,#7666);
#7664 = CARTESIAN_POINT('',(1.5,0.1,0.));
#7665 = DIRECTION('',(-1.,3.445092848398E-16,0.));
#7666 = DIRECTION('',(3.445092848398E-16,1.,0.));
#7667 = ADVANCED_FACE('',(#7668),#7679,.T.);
#7668 = FACE_BOUND('',#7669,.F.);
#7669 = EDGE_LOOP('',(#7670,#7671,#7672,#7673));
#7670 = ORIENTED_EDGE('',*,*,#6052,.T.);
#7671 = ORIENTED_EDGE('',*,*,#6004,.T.);
#7672 = ORIENTED_EDGE('',*,*,#5929,.T.);
#7673 = ORIENTED_EDGE('',*,*,#7674,.T.);
#7674 = EDGE_CURVE('',#5932,#6053,#7675,.T.);
#7675 = LINE('',#7676,#7677);
#7676 = CARTESIAN_POINT('',(-0.3,-1.5,0.));
#7677 = VECTOR('',#7678,1.);
#7678 = DIRECTION('',(1.,-5.665538897648E-16,0.));
#7679 = PLANE('',#7680);
#7680 = AXIS2_PLACEMENT_3D('',#7681,#7682,#7683);
#7681 = CARTESIAN_POINT('',(-0.1,-1.5,0.));
#7682 = DIRECTION('',(0.,0.,-1.));
#7683 = DIRECTION('',(-1.,5.665538897648E-16,0.));
#7684 = ADVANCED_FACE('',(#7685),#7691,.F.);
#7685 = FACE_BOUND('',#7686,.F.);
#7686 = EDGE_LOOP('',(#7687,#7688,#7689,#7690));
#7687 = ORIENTED_EDGE('',*,*,#5955,.T.);
#7688 = ORIENTED_EDGE('',*,*,#7510,.T.);
#7689 = ORIENTED_EDGE('',*,*,#6060,.F.);
#7690 = ORIENTED_EDGE('',*,*,#7674,.F.);
#7691 = PLANE('',#7692);
#7692 = AXIS2_PLACEMENT_3D('',#7693,#7694,#7695);
#7693 = CARTESIAN_POINT('',(-0.3,-1.5,0.));
#7694 = DIRECTION('',(5.665538897648E-16,1.,0.));
#7695 = DIRECTION('',(1.,-5.665538897648E-16,0.));
#7696 = ADVANCED_FACE('',(#7697),#7708,.T.);
#7697 = FACE_BOUND('',#7698,.F.);
#7698 = EDGE_LOOP('',(#7699,#7700,#7701,#7702));
#7699 = ORIENTED_EDGE('',*,*,#6085,.T.);
#7700 = ORIENTED_EDGE('',*,*,#6175,.T.);
#7701 = ORIENTED_EDGE('',*,*,#6215,.T.);
#7702 = ORIENTED_EDGE('',*,*,#7703,.T.);
#7703 = EDGE_CURVE('',#6216,#6086,#7704,.T.);
#7704 = LINE('',#7705,#7706);
#7705 = CARTESIAN_POINT('',(1.5,-0.3,0.));
#7706 = VECTOR('',#7707,1.);
#7707 = DIRECTION('',(3.445092848398E-16,1.,0.));
#7708 = PLANE('',#7709);
#7709 = AXIS2_PLACEMENT_3D('',#7710,#7711,#7712);
#7710 = CARTESIAN_POINT('',(1.5,-0.1,0.));
#7711 = DIRECTION('',(0.,0.,-1.));
#7712 = DIRECTION('',(-3.445092848398E-16,-1.,-0.));
#7713 = ADVANCED_FACE('',(#7714),#7720,.F.);
#7714 = FACE_BOUND('',#7715,.F.);
#7715 = EDGE_LOOP('',(#7716,#7717,#7718,#7719));
#7716 = ORIENTED_EDGE('',*,*,#6234,.T.);
#7717 = ORIENTED_EDGE('',*,*,#7408,.T.);
#7718 = ORIENTED_EDGE('',*,*,#6095,.F.);
#7719 = ORIENTED_EDGE('',*,*,#7703,.F.);
#7720 = PLANE('',#7721);
#7721 = AXIS2_PLACEMENT_3D('',#7722,#7723,#7724);
#7722 = CARTESIAN_POINT('',(1.5,-0.3,0.));
#7723 = DIRECTION('',(-1.,3.445092848398E-16,0.));
#7724 = DIRECTION('',(3.445092848398E-16,1.,0.));
#7725 = ADVANCED_FACE('',(#7726),#7737,.T.);
#7726 = FACE_BOUND('',#7727,.F.);
#7727 = EDGE_LOOP('',(#7728,#7729,#7730,#7731));
#7728 = ORIENTED_EDGE('',*,*,#6248,.T.);
#7729 = ORIENTED_EDGE('',*,*,#6200,.T.);
#7730 = ORIENTED_EDGE('',*,*,#6125,.T.);
#7731 = ORIENTED_EDGE('',*,*,#7732,.T.);
#7732 = EDGE_CURVE('',#6128,#6249,#7733,.T.);
#7733 = LINE('',#7734,#7735);
#7734 = CARTESIAN_POINT('',(0.1,-1.5,0.));
#7735 = VECTOR('',#7736,1.);
#7736 = DIRECTION('',(1.,-5.665538897648E-16,0.));
#7737 = PLANE('',#7738);
#7738 = AXIS2_PLACEMENT_3D('',#7739,#7740,#7741);
#7739 = CARTESIAN_POINT('',(0.3,-1.5,0.));
#7740 = DIRECTION('',(0.,0.,-1.));
#7741 = DIRECTION('',(-1.,5.665538897648E-16,0.));
#7742 = ADVANCED_FACE('',(#7743),#7749,.F.);
#7743 = FACE_BOUND('',#7744,.F.);
#7744 = EDGE_LOOP('',(#7745,#7746,#7747,#7748));
#7745 = ORIENTED_EDGE('',*,*,#6151,.T.);
#7746 = ORIENTED_EDGE('',*,*,#7493,.T.);
#7747 = ORIENTED_EDGE('',*,*,#6256,.F.);
#7748 = ORIENTED_EDGE('',*,*,#7732,.F.);
#7749 = PLANE('',#7750);
#7750 = AXIS2_PLACEMENT_3D('',#7751,#7752,#7753);
#7751 = CARTESIAN_POINT('',(0.1,-1.5,0.));
#7752 = DIRECTION('',(5.665538897648E-16,1.,0.));
#7753 = DIRECTION('',(1.,-5.665538897648E-16,0.));
#7754 = ADVANCED_FACE('',(#7755),#7766,.T.);
#7755 = FACE_BOUND('',#7756,.F.);
#7756 = EDGE_LOOP('',(#7757,#7758,#7759,#7760));
#7757 = ORIENTED_EDGE('',*,*,#6281,.T.);
#7758 = ORIENTED_EDGE('',*,*,#6371,.T.);
#7759 = ORIENTED_EDGE('',*,*,#6411,.T.);
#7760 = ORIENTED_EDGE('',*,*,#7761,.T.);
#7761 = EDGE_CURVE('',#6412,#6282,#7762,.T.);
#7762 = LINE('',#7763,#7764);
#7763 = CARTESIAN_POINT('',(1.5,-0.7,0.));
#7764 = VECTOR('',#7765,1.);
#7765 = DIRECTION('',(3.445092848398E-16,1.,0.));
#7766 = PLANE('',#7767);
#7767 = AXIS2_PLACEMENT_3D('',#7768,#7769,#7770);
#7768 = CARTESIAN_POINT('',(1.5,-0.5,0.));
#7769 = DIRECTION('',(0.,0.,-1.));
#7770 = DIRECTION('',(-3.445092848398E-16,-1.,-0.));
#7771 = ADVANCED_FACE('',(#7772),#7778,.F.);
#7772 = FACE_BOUND('',#7773,.F.);
#7773 = EDGE_LOOP('',(#7774,#7775,#7776,#7777));
#7774 = ORIENTED_EDGE('',*,*,#6430,.T.);
#7775 = ORIENTED_EDGE('',*,*,#7374,.T.);
#7776 = ORIENTED_EDGE('',*,*,#6291,.F.);
#7777 = ORIENTED_EDGE('',*,*,#7761,.F.);
#7778 = PLANE('',#7779);
#7779 = AXIS2_PLACEMENT_3D('',#7780,#7781,#7782);
#7780 = CARTESIAN_POINT('',(1.5,-0.7,0.));
#7781 = DIRECTION('',(-1.,3.445092848398E-16,0.));
#7782 = DIRECTION('',(3.445092848398E-16,1.,0.));
#7783 = ADVANCED_FACE('',(#7784),#7795,.T.);
#7784 = FACE_BOUND('',#7785,.F.);
#7785 = EDGE_LOOP('',(#7786,#7787,#7788,#7789));
#7786 = ORIENTED_EDGE('',*,*,#6444,.T.);
#7787 = ORIENTED_EDGE('',*,*,#6396,.T.);
#7788 = ORIENTED_EDGE('',*,*,#6321,.T.);
#7789 = ORIENTED_EDGE('',*,*,#7790,.T.);
#7790 = EDGE_CURVE('',#6324,#6445,#7791,.T.);
#7791 = LINE('',#7792,#7793);
#7792 = CARTESIAN_POINT('',(0.5,-1.5,0.));
#7793 = VECTOR('',#7794,1.);
#7794 = DIRECTION('',(1.,-5.665538897648E-16,0.));
#7795 = PLANE('',#7796);
#7796 = AXIS2_PLACEMENT_3D('',#7797,#7798,#7799);
#7797 = CARTESIAN_POINT('',(0.7,-1.5,0.));
#7798 = DIRECTION('',(0.,0.,-1.));
#7799 = DIRECTION('',(-1.,5.665538897648E-16,0.));
#7800 = ADVANCED_FACE('',(#7801),#7807,.F.);
#7801 = FACE_BOUND('',#7802,.F.);
#7802 = EDGE_LOOP('',(#7803,#7804,#7805,#7806));
#7803 = ORIENTED_EDGE('',*,*,#6347,.T.);
#7804 = ORIENTED_EDGE('',*,*,#7459,.T.);
#7805 = ORIENTED_EDGE('',*,*,#6452,.F.);
#7806 = ORIENTED_EDGE('',*,*,#7790,.F.);
#7807 = PLANE('',#7808);
#7808 = AXIS2_PLACEMENT_3D('',#7809,#7810,#7811);
#7809 = CARTESIAN_POINT('',(0.5,-1.5,0.));
#7810 = DIRECTION('',(5.665538897648E-16,1.,0.));
#7811 = DIRECTION('',(1.,-5.665538897648E-16,0.));
#7812 = ADVANCED_FACE('',(#7813),#7824,.T.);
#7813 = FACE_BOUND('',#7814,.F.);
#7814 = EDGE_LOOP('',(#7815,#7816,#7817,#7818));
#7815 = ORIENTED_EDGE('',*,*,#6477,.T.);
#7816 = ORIENTED_EDGE('',*,*,#6567,.T.);
#7817 = ORIENTED_EDGE('',*,*,#6607,.T.);
#7818 = ORIENTED_EDGE('',*,*,#7819,.T.);
#7819 = EDGE_CURVE('',#6608,#6478,#7820,.T.);
#7820 = LINE('',#7821,#7822);
#7821 = CARTESIAN_POINT('',(1.5,-1.1,0.));
#7822 = VECTOR('',#7823,1.);
#7823 = DIRECTION('',(3.445092848398E-16,1.,0.));
#7824 = PLANE('',#7825);
#7825 = AXIS2_PLACEMENT_3D('',#7826,#7827,#7828);
#7826 = CARTESIAN_POINT('',(1.5,-0.9,0.));
#7827 = DIRECTION('',(0.,0.,-1.));
#7828 = DIRECTION('',(-3.445092848398E-16,-1.,-0.));
#7829 = ADVANCED_FACE('',(#7830),#7836,.F.);
#7830 = FACE_BOUND('',#7831,.F.);
#7831 = EDGE_LOOP('',(#7832,#7833,#7834,#7835));
#7832 = ORIENTED_EDGE('',*,*,#6626,.T.);
#7833 = ORIENTED_EDGE('',*,*,#7340,.T.);
#7834 = ORIENTED_EDGE('',*,*,#6487,.F.);
#7835 = ORIENTED_EDGE('',*,*,#7819,.F.);
#7836 = PLANE('',#7837);
#7837 = AXIS2_PLACEMENT_3D('',#7838,#7839,#7840);
#7838 = CARTESIAN_POINT('',(1.5,-1.1,0.));
#7839 = DIRECTION('',(-1.,3.445092848398E-16,0.));
#7840 = DIRECTION('',(3.445092848398E-16,1.,0.));
#7841 = ADVANCED_FACE('',(#7842),#7853,.T.);
#7842 = FACE_BOUND('',#7843,.F.);
#7843 = EDGE_LOOP('',(#7844,#7845,#7846,#7847));
#7844 = ORIENTED_EDGE('',*,*,#6640,.T.);
#7845 = ORIENTED_EDGE('',*,*,#6592,.T.);
#7846 = ORIENTED_EDGE('',*,*,#6517,.T.);
#7847 = ORIENTED_EDGE('',*,*,#7848,.T.);
#7848 = EDGE_CURVE('',#6520,#6641,#7849,.T.);
#7849 = LINE('',#7850,#7851);
#7850 = CARTESIAN_POINT('',(0.9,-1.5,0.));
#7851 = VECTOR('',#7852,1.);
#7852 = DIRECTION('',(1.,-5.665538897648E-16,0.));
#7853 = PLANE('',#7854);
#7854 = AXIS2_PLACEMENT_3D('',#7855,#7856,#7857);
#7855 = CARTESIAN_POINT('',(1.1,-1.5,0.));
#7856 = DIRECTION('',(0.,0.,-1.));
#7857 = DIRECTION('',(-1.,5.665538897648E-16,0.));
#7858 = ADVANCED_FACE('',(#7859),#7865,.F.);
#7859 = FACE_BOUND('',#7860,.F.);
#7860 = EDGE_LOOP('',(#7861,#7862,#7863,#7864));
#7861 = ORIENTED_EDGE('',*,*,#6543,.T.);
#7862 = ORIENTED_EDGE('',*,*,#7425,.T.);
#7863 = ORIENTED_EDGE('',*,*,#6648,.F.);
#7864 = ORIENTED_EDGE('',*,*,#7848,.F.);
#7865 = PLANE('',#7866);
#7866 = AXIS2_PLACEMENT_3D('',#7867,#7868,#7869);
#7867 = CARTESIAN_POINT('',(0.9,-1.5,0.));
#7868 = DIRECTION('',(5.665538897648E-16,1.,0.));
#7869 = DIRECTION('',(1.,-5.665538897648E-16,0.));
#7870 = ADVANCED_FACE('',(#7871),#7878,.T.);
#7871 = FACE_BOUND('',#7872,.F.);
#7872 = EDGE_LOOP('',(#7873,#7874,#7875,#7876,#7877));
#7873 = ORIENTED_EDGE('',*,*,#6690,.T.);
#7874 = ORIENTED_EDGE('',*,*,#6714,.T.);
#7875 = ORIENTED_EDGE('',*,*,#6738,.T.);
#7876 = ORIENTED_EDGE('',*,*,#6762,.T.);
#7877 = ORIENTED_EDGE('',*,*,#6779,.T.);
#7878 = PLANE('',#7879);
#7879 = AXIS2_PLACEMENT_3D('',#7880,#7881,#7882);
#7880 = CARTESIAN_POINT('',(-0.77,0.65,0.));
#7881 = DIRECTION('',(0.,-0.,-1.));
#7882 = DIRECTION('',(2.22044604925E-16,1.,0.));
#7883 = ADVANCED_FACE('',(#7884),#7903,.F.);
#7884 = FACE_BOUND('',#7885,.F.);
#7885 = EDGE_LOOP('',(#7886,#7894,#7901,#7902));
#7886 = ORIENTED_EDGE('',*,*,#7887,.T.);
#7887 = EDGE_CURVE('',#6800,#7888,#7890,.T.);
#7888 = VERTEX_POINT('',#7889);
#7889 = CARTESIAN_POINT('',(-0.9,0.65,1.01));
#7890 = LINE('',#7891,#7892);
#7891 = CARTESIAN_POINT('',(-0.9,0.65,1.03));
#7892 = VECTOR('',#7893,1.);
#7893 = DIRECTION('',(-0.,0.,-1.));
#7894 = ORIENTED_EDGE('',*,*,#7895,.T.);
#7895 = EDGE_CURVE('',#7888,#7888,#7896,.T.);
#7896 = CIRCLE('',#7897,0.25);
#7897 = AXIS2_PLACEMENT_3D('',#7898,#7899,#7900);
#7898 = CARTESIAN_POINT('',(-0.9,0.9,1.01));
#7899 = DIRECTION('',(0.,0.,1.));
#7900 = DIRECTION('',(-2.22044604925E-16,-1.,0.));
#7901 = ORIENTED_EDGE('',*,*,#7887,.F.);
#7902 = ORIENTED_EDGE('',*,*,#6799,.T.);
#7903 = CYLINDRICAL_SURFACE('',#7904,0.25);
#7904 = AXIS2_PLACEMENT_3D('',#7905,#7906,#7907);
#7905 = CARTESIAN_POINT('',(-0.9,0.9,1.03));
#7906 = DIRECTION('',(0.,0.,-1.));
#7907 = DIRECTION('',(-2.22044604925E-16,-1.,-0.));
#7908 = ADVANCED_FACE('',(#7909),#7912,.T.);
#7909 = FACE_BOUND('',#7910,.T.);
#7910 = EDGE_LOOP('',(#7911));
#7911 = ORIENTED_EDGE('',*,*,#7895,.T.);
#7912 = PLANE('',#7913);
#7913 = AXIS2_PLACEMENT_3D('',#7914,#7915,#7916);
#7914 = CARTESIAN_POINT('',(-0.9,0.9,1.01));
#7915 = DIRECTION('',(0.,0.,1.));
#7916 = DIRECTION('',(-2.22044604925E-16,-1.,0.));
#7917 = ( GEOMETRIC_REPRESENTATION_CONTEXT(3) 
GLOBAL_UNCERTAINTY_ASSIGNED_CONTEXT((#7921)) 
GLOBAL_UNIT_ASSIGNED_CONTEXT((#7918,#7919,#7920)) REPRESENTATION_CONTEXT
('Context #1','3D Context with UNIT and UNCERTAINTY') );
#7918 = ( LENGTH_UNIT() NAMED_UNIT(*) SI_UNIT(.MILLI.,.METRE.) );
#7919 = ( NAMED_UNIT(*) PLANE_ANGLE_UNIT() SI_UNIT($,.RADIAN.) );
#7920 = ( NAMED_UNIT(*) SI_UNIT($,.STERADIAN.) SOLID_ANGLE_UNIT() );
#7921 = UNCERTAINTY_MEASURE_WITH_UNIT(LENGTH_MEASURE(1.E-07),#7918,
  'distance_accuracy_value','confusion accuracy');
#7922 = CONTEXT_DEPENDENT_SHAPE_REPRESENTATION(#7923,#7925);
#7923 = ( REPRESENTATION_RELATIONSHIP('','',#2746,#10) 
REPRESENTATION_RELATIONSHIP_WITH_TRANSFORMATION(#7924) 
SHAPE_REPRESENTATION_RELATIONSHIP() );
#7924 = ITEM_DEFINED_TRANSFORMATION('','',#11,#103);
#7925 = PRODUCT_DEFINITION_SHAPE('Placement','Placement of an item',
  #7926);
#7926 = NEXT_ASSEMBLY_USAGE_OCCURRENCE('68','U4','',#5,#2741,$);
#7927 = PRODUCT_RELATED_PRODUCT_CATEGORY('part',$,(#2743));
#7928 = CONTEXT_DEPENDENT_SHAPE_REPRESENTATION(#7929,#7931);
#7929 = ( REPRESENTATION_RELATIONSHIP('','',#164,#10) 
REPRESENTATION_RELATIONSHIP_WITH_TRANSFORMATION(#7930) 
SHAPE_REPRESENTATION_RELATIONSHIP() );
#7930 = ITEM_DEFINED_TRANSFORMATION('','',#11,#107);
#7931 = PRODUCT_DEFINITION_SHAPE('Placement','Placement of an item',
  #7932);
#7932 = NEXT_ASSEMBLY_USAGE_OCCURRENCE('69','R4','',#5,#159,$);
#7933 = CONTEXT_DEPENDENT_SHAPE_REPRESENTATION(#7934,#7936);
#7934 = ( REPRESENTATION_RELATIONSHIP('','',#164,#10) 
REPRESENTATION_RELATIONSHIP_WITH_TRANSFORMATION(#7935) 
SHAPE_REPRESENTATION_RELATIONSHIP() );
#7935 = ITEM_DEFINED_TRANSFORMATION('','',#11,#111);
#7936 = PRODUCT_DEFINITION_SHAPE('Placement','Placement of an item',
  #7937);
#7937 = NEXT_ASSEMBLY_USAGE_OCCURRENCE('70','R6','',#5,#159,$);
#7938 = CONTEXT_DEPENDENT_SHAPE_REPRESENTATION(#7939,#7941);
#7939 = ( REPRESENTATION_RELATIONSHIP('','',#978,#10) 
REPRESENTATION_RELATIONSHIP_WITH_TRANSFORMATION(#7940) 
SHAPE_REPRESENTATION_RELATIONSHIP() );
#7940 = ITEM_DEFINED_TRANSFORMATION('','',#11,#115);
#7941 = PRODUCT_DEFINITION_SHAPE('Placement','Placement of an item',
  #7942);
#7942 = NEXT_ASSEMBLY_USAGE_OCCURRENCE('71','J12','',#5,#973,$);
#7943 = CONTEXT_DEPENDENT_SHAPE_REPRESENTATION(#7944,#7946);
#7944 = ( REPRESENTATION_RELATIONSHIP('','',#978,#10) 
REPRESENTATION_RELATIONSHIP_WITH_TRANSFORMATION(#7945) 
SHAPE_REPRESENTATION_RELATIONSHIP() );
#7945 = ITEM_DEFINED_TRANSFORMATION('','',#11,#119);
#7946 = PRODUCT_DEFINITION_SHAPE('Placement','Placement of an item',
  #7947);
#7947 = NEXT_ASSEMBLY_USAGE_OCCURRENCE('72','J4','',#5,#973,$);
#7948 = CONTEXT_DEPENDENT_SHAPE_REPRESENTATION(#7949,#7951);
#7949 = ( REPRESENTATION_RELATIONSHIP('','',#978,#10) 
REPRESENTATION_RELATIONSHIP_WITH_TRANSFORMATION(#7950) 
SHAPE_REPRESENTATION_RELATIONSHIP() );
#7950 = ITEM_DEFINED_TRANSFORMATION('','',#11,#123);
#7951 = PRODUCT_DEFINITION_SHAPE('Placement','Placement of an item',
  #7952);
#7952 = NEXT_ASSEMBLY_USAGE_OCCURRENCE('73','J17','',#5,#973,$);
#7953 = CONTEXT_DEPENDENT_SHAPE_REPRESENTATION(#7954,#7956);
#7954 = ( REPRESENTATION_RELATIONSHIP('','',#978,#10) 
REPRESENTATION_RELATIONSHIP_WITH_TRANSFORMATION(#7955) 
SHAPE_REPRESENTATION_RELATIONSHIP() );
#7955 = ITEM_DEFINED_TRANSFORMATION('','',#11,#127);
#7956 = PRODUCT_DEFINITION_SHAPE('Placement','Placement of an item',
  #7957);
#7957 = NEXT_ASSEMBLY_USAGE_OCCURRENCE('74','J6','',#5,#973,$);
#7958 = CONTEXT_DEPENDENT_SHAPE_REPRESENTATION(#7959,#7961);
#7959 = ( REPRESENTATION_RELATIONSHIP('','',#164,#10) 
REPRESENTATION_RELATIONSHIP_WITH_TRANSFORMATION(#7960) 
SHAPE_REPRESENTATION_RELATIONSHIP() );
#7960 = ITEM_DEFINED_TRANSFORMATION('','',#11,#131);
#7961 = PRODUCT_DEFINITION_SHAPE('Placement','Placement of an item',
  #7962);
#7962 = NEXT_ASSEMBLY_USAGE_OCCURRENCE('75','R2','',#5,#159,$);
#7963 = CONTEXT_DEPENDENT_SHAPE_REPRESENTATION(#7964,#7966);
#7964 = ( REPRESENTATION_RELATIONSHIP('','',#2678,#10) 
REPRESENTATION_RELATIONSHIP_WITH_TRANSFORMATION(#7965) 
SHAPE_REPRESENTATION_RELATIONSHIP() );
#7965 = ITEM_DEFINED_TRANSFORMATION('','',#11,#135);
#7966 = PRODUCT_DEFINITION_SHAPE('Placement','Placement of an item',
  #7967);
#7967 = NEXT_ASSEMBLY_USAGE_OCCURRENCE('76','U3','',#5,#2673,$);
#7968 = CONTEXT_DEPENDENT_SHAPE_REPRESENTATION(#7969,#7971);
#7969 = ( REPRESENTATION_RELATIONSHIP('','',#978,#10) 
REPRESENTATION_RELATIONSHIP_WITH_TRANSFORMATION(#7970) 
SHAPE_REPRESENTATION_RELATIONSHIP() );
#7970 = ITEM_DEFINED_TRANSFORMATION('','',#11,#139);
#7971 = PRODUCT_DEFINITION_SHAPE('Placement','Placement of an item',
  #7972);
#7972 = NEXT_ASSEMBLY_USAGE_OCCURRENCE('77','J11','',#5,#973,$);
#7973 = CONTEXT_DEPENDENT_SHAPE_REPRESENTATION(#7974,#7976);
#7974 = ( REPRESENTATION_RELATIONSHIP('','',#978,#10) 
REPRESENTATION_RELATIONSHIP_WITH_TRANSFORMATION(#7975) 
SHAPE_REPRESENTATION_RELATIONSHIP() );
#7975 = ITEM_DEFINED_TRANSFORMATION('','',#11,#143);
#7976 = PRODUCT_DEFINITION_SHAPE('Placement','Placement of an item',
  #7977);
#7977 = NEXT_ASSEMBLY_USAGE_OCCURRENCE('78','J13','',#5,#973,$);
#7978 = SHAPE_DEFINITION_REPRESENTATION(#7979,#7985);
#7979 = PRODUCT_DEFINITION_SHAPE('','',#7980);
#7980 = PRODUCT_DEFINITION('design','',#7981,#7984);
#7981 = PRODUCT_DEFINITION_FORMATION('','',#7982);
#7982 = PRODUCT('IMU_ICM2094_PCB','IMU_ICM2094_PCB','',(#7983));
#7983 = PRODUCT_CONTEXT('',#2,'mechanical');
#7984 = PRODUCT_DEFINITION_CONTEXT('part definition',#2,'design');
#7985 = ADVANCED_BREP_SHAPE_REPRESENTATION('',(#11,#7986),#8978);
#7986 = MANIFOLD_SOLID_BREP('',#7987);
#7987 = CLOSED_SHELL('',(#7988,#8030,#8061,#8092,#8342,#8592,#8609,#8626
    ,#8643,#8660,#8672,#8689,#8706,#8723,#8740,#8757,#8774,#8791,#8808,
    #8825,#8842,#8859,#8876,#8893,#8910,#8927,#8944,#8961));
#7988 = ADVANCED_FACE('',(#7989),#8025,.T.);
#7989 = FACE_BOUND('',#7990,.T.);
#7990 = EDGE_LOOP('',(#7991,#8001,#8010,#8018));
#7991 = ORIENTED_EDGE('',*,*,#7992,.T.);
#7992 = EDGE_CURVE('',#7993,#7995,#7997,.T.);
#7993 = VERTEX_POINT('',#7994);
#7994 = CARTESIAN_POINT('',(36.749892,-28.99991,0.));
#7995 = VERTEX_POINT('',#7996);
#7996 = CARTESIAN_POINT('',(36.749892,-28.99991,0.71));
#7997 = LINE('',#7998,#7999);
#7998 = CARTESIAN_POINT('',(36.749892,-28.99991,0.));
#7999 = VECTOR('',#8000,1.);
#8000 = DIRECTION('',(0.,0.,1.));
#8001 = ORIENTED_EDGE('',*,*,#8002,.T.);
#8002 = EDGE_CURVE('',#7995,#8003,#8005,.T.);
#8003 = VERTEX_POINT('',#8004);
#8004 = CARTESIAN_POINT('',(37.499892,-29.74991,0.71));
#8005 = CIRCLE('',#8006,0.750000293247);
#8006 = AXIS2_PLACEMENT_3D('',#8007,#8008,#8009);
#8007 = CARTESIAN_POINT('',(36.749891706753,-29.74991029324,0.71));
#8008 = DIRECTION('',(0.,0.,-1.));
#8009 = DIRECTION('',(3.909953710804E-07,1.,0.));
#8010 = ORIENTED_EDGE('',*,*,#8011,.F.);
#8011 = EDGE_CURVE('',#8012,#8003,#8014,.T.);
#8012 = VERTEX_POINT('',#8013);
#8013 = CARTESIAN_POINT('',(37.499892,-29.74991,0.));
#8014 = LINE('',#8015,#8016);
#8015 = CARTESIAN_POINT('',(37.499892,-29.74991,0.));
#8016 = VECTOR('',#8017,1.);
#8017 = DIRECTION('',(0.,0.,1.));
#8018 = ORIENTED_EDGE('',*,*,#8019,.F.);
#8019 = EDGE_CURVE('',#7993,#8012,#8020,.T.);
#8020 = CIRCLE('',#8021,0.750000293247);
#8021 = AXIS2_PLACEMENT_3D('',#8022,#8023,#8024);
#8022 = CARTESIAN_POINT('',(36.749891706753,-29.74991029324,0.));
#8023 = DIRECTION('',(0.,0.,-1.));
#8024 = DIRECTION('',(3.909953710804E-07,1.,0.));
#8025 = CYLINDRICAL_SURFACE('',#8026,0.750000293247);
#8026 = AXIS2_PLACEMENT_3D('',#8027,#8028,#8029);
#8027 = CARTESIAN_POINT('',(36.749891706753,-29.74991029324,0.));
#8028 = DIRECTION('',(0.,0.,-1.));
#8029 = DIRECTION('',(3.909953710804E-07,1.,0.));
#8030 = ADVANCED_FACE('',(#8031),#8056,.T.);
#8031 = FACE_BOUND('',#8032,.T.);
#8032 = EDGE_LOOP('',(#8033,#8043,#8049,#8050));
#8033 = ORIENTED_EDGE('',*,*,#8034,.T.);
#8034 = EDGE_CURVE('',#8035,#8037,#8039,.T.);
#8035 = VERTEX_POINT('',#8036);
#8036 = CARTESIAN_POINT('',(23.249892,-28.999911,0.));
#8037 = VERTEX_POINT('',#8038);
#8038 = CARTESIAN_POINT('',(23.249892,-28.999911,0.71));
#8039 = LINE('',#8040,#8041);
#8040 = CARTESIAN_POINT('',(23.249892,-28.999911,0.));
#8041 = VECTOR('',#8042,1.);
#8042 = DIRECTION('',(0.,0.,1.));
#8043 = ORIENTED_EDGE('',*,*,#8044,.T.);
#8044 = EDGE_CURVE('',#8037,#7995,#8045,.T.);
#8045 = LINE('',#8046,#8047);
#8046 = CARTESIAN_POINT('',(23.249892,-28.999911,0.71));
#8047 = VECTOR('',#8048,1.);
#8048 = DIRECTION('',(1.,7.407407415022E-08,0.));
#8049 = ORIENTED_EDGE('',*,*,#7992,.F.);
#8050 = ORIENTED_EDGE('',*,*,#8051,.F.);
#8051 = EDGE_CURVE('',#8035,#7993,#8052,.T.);
#8052 = LINE('',#8053,#8054);
#8053 = CARTESIAN_POINT('',(23.249892,-28.999911,0.));
#8054 = VECTOR('',#8055,1.);
#8055 = DIRECTION('',(1.,7.407407415022E-08,0.));
#8056 = PLANE('',#8057);
#8057 = AXIS2_PLACEMENT_3D('',#8058,#8059,#8060);
#8058 = CARTESIAN_POINT('',(23.249892,-28.999911,0.));
#8059 = DIRECTION('',(-7.407407415022E-08,1.,0.));
#8060 = DIRECTION('',(1.,7.407407415022E-08,0.));
#8061 = ADVANCED_FACE('',(#8062),#8087,.T.);
#8062 = FACE_BOUND('',#8063,.T.);
#8063 = EDGE_LOOP('',(#8064,#8065,#8073,#8081));
#8064 = ORIENTED_EDGE('',*,*,#8011,.T.);
#8065 = ORIENTED_EDGE('',*,*,#8066,.T.);
#8066 = EDGE_CURVE('',#8003,#8067,#8069,.T.);
#8067 = VERTEX_POINT('',#8068);
#8068 = CARTESIAN_POINT('',(37.499892,-39.249909,0.71));
#8069 = LINE('',#8070,#8071);
#8070 = CARTESIAN_POINT('',(37.499892,-29.74991,0.71));
#8071 = VECTOR('',#8072,1.);
#8072 = DIRECTION('',(0.,-1.,0.));
#8073 = ORIENTED_EDGE('',*,*,#8074,.F.);
#8074 = EDGE_CURVE('',#8075,#8067,#8077,.T.);
#8075 = VERTEX_POINT('',#8076);
#8076 = CARTESIAN_POINT('',(37.499892,-39.249909,0.));
#8077 = LINE('',#8078,#8079);
#8078 = CARTESIAN_POINT('',(37.499892,-39.249909,0.));
#8079 = VECTOR('',#8080,1.);
#8080 = DIRECTION('',(0.,0.,1.));
#8081 = ORIENTED_EDGE('',*,*,#8082,.F.);
#8082 = EDGE_CURVE('',#8012,#8075,#8083,.T.);
#8083 = LINE('',#8084,#8085);
#8084 = CARTESIAN_POINT('',(37.499892,-29.74991,0.));
#8085 = VECTOR('',#8086,1.);
#8086 = DIRECTION('',(0.,-1.,0.));
#8087 = PLANE('',#8088);
#8088 = AXIS2_PLACEMENT_3D('',#8089,#8090,#8091);
#8089 = CARTESIAN_POINT('',(37.499892,-29.74991,0.));
#8090 = DIRECTION('',(1.,0.,-0.));
#8091 = DIRECTION('',(0.,-1.,0.));
#8092 = ADVANCED_FACE('',(#8093,#8139,#8150,#8161,#8172,#8183,#8194,
    #8205,#8216,#8227,#8238,#8249,#8260,#8271,#8282,#8293,#8304,#8315,
    #8326),#8337,.F.);
#8093 = FACE_BOUND('',#8094,.F.);
#8094 = EDGE_LOOP('',(#8095,#8096,#8097,#8106,#8114,#8123,#8131,#8138));
#8095 = ORIENTED_EDGE('',*,*,#8019,.F.);
#8096 = ORIENTED_EDGE('',*,*,#8051,.F.);
#8097 = ORIENTED_EDGE('',*,*,#8098,.F.);
#8098 = EDGE_CURVE('',#8099,#8035,#8101,.T.);
#8099 = VERTEX_POINT('',#8100);
#8100 = CARTESIAN_POINT('',(22.499892,-29.749911,0.));
#8101 = CIRCLE('',#8102,0.749998586143);
#8102 = AXIS2_PLACEMENT_3D('',#8103,#8104,#8105);
#8103 = CARTESIAN_POINT('',(23.249890586142,-29.74990958614,0.));
#8104 = DIRECTION('',(0.,0.,-1.));
#8105 = DIRECTION('',(-0.999999999998,-1.885147380293E-06,-0.));
#8106 = ORIENTED_EDGE('',*,*,#8107,.F.);
#8107 = EDGE_CURVE('',#8108,#8099,#8110,.T.);
#8108 = VERTEX_POINT('',#8109);
#8109 = CARTESIAN_POINT('',(22.499892,-39.24991,0.));
#8110 = LINE('',#8111,#8112);
#8111 = CARTESIAN_POINT('',(22.499892,-39.24991,0.));
#8112 = VECTOR('',#8113,1.);
#8113 = DIRECTION('',(0.,1.,0.));
#8114 = ORIENTED_EDGE('',*,*,#8115,.F.);
#8115 = EDGE_CURVE('',#8116,#8108,#8118,.T.);
#8116 = VERTEX_POINT('',#8117);
#8117 = CARTESIAN_POINT('',(23.249892,-39.99991,0.));
#8118 = CIRCLE('',#8119,0.750000293247);
#8119 = AXIS2_PLACEMENT_3D('',#8120,#8121,#8122);
#8120 = CARTESIAN_POINT('',(23.249892293247,-39.24990970675,0.));
#8121 = DIRECTION('',(0.,0.,-1.));
#8122 = DIRECTION('',(-3.909953663434E-07,-1.,-0.));
#8123 = ORIENTED_EDGE('',*,*,#8124,.F.);
#8124 = EDGE_CURVE('',#8125,#8116,#8127,.T.);
#8125 = VERTEX_POINT('',#8126);
#8126 = CARTESIAN_POINT('',(36.749892,-39.999909,0.));
#8127 = LINE('',#8128,#8129);
#8128 = CARTESIAN_POINT('',(36.749892,-39.999909,0.));
#8129 = VECTOR('',#8130,1.);
#8130 = DIRECTION('',(-1.,-7.407407388705E-08,0.));
#8131 = ORIENTED_EDGE('',*,*,#8132,.F.);
#8132 = EDGE_CURVE('',#8075,#8125,#8133,.T.);
#8133 = CIRCLE('',#8134,0.749998586143);
#8134 = AXIS2_PLACEMENT_3D('',#8135,#8136,#8137);
#8135 = CARTESIAN_POINT('',(36.749893413858,-39.24991041385,0.));
#8136 = DIRECTION('',(0.,0.,-1.));
#8137 = DIRECTION('',(0.999999999998,1.885147366082E-06,0.));
#8138 = ORIENTED_EDGE('',*,*,#8082,.F.);
#8139 = FACE_BOUND('',#8140,.F.);
#8140 = EDGE_LOOP('',(#8141));
#8141 = ORIENTED_EDGE('',*,*,#8142,.T.);
#8142 = EDGE_CURVE('',#8143,#8143,#8145,.T.);
#8143 = VERTEX_POINT('',#8144);
#8144 = CARTESIAN_POINT('',(31.494892,-38.09491,0.));
#8145 = CIRCLE('',#8146,0.325);
#8146 = AXIS2_PLACEMENT_3D('',#8147,#8148,#8149);
#8147 = CARTESIAN_POINT('',(31.494892,-37.76991,0.));
#8148 = DIRECTION('',(-0.,0.,-1.));
#8149 = DIRECTION('',(-0.,-1.,0.));
#8150 = FACE_BOUND('',#8151,.F.);
#8151 = EDGE_LOOP('',(#8152));
#8152 = ORIENTED_EDGE('',*,*,#8153,.T.);
#8153 = EDGE_CURVE('',#8154,#8154,#8156,.T.);
#8154 = VERTEX_POINT('',#8155);
#8155 = CARTESIAN_POINT('',(32.764892,-38.09491,0.));
#8156 = CIRCLE('',#8157,0.325);
#8157 = AXIS2_PLACEMENT_3D('',#8158,#8159,#8160);
#8158 = CARTESIAN_POINT('',(32.764892,-37.76991,0.));
#8159 = DIRECTION('',(-0.,0.,-1.));
#8160 = DIRECTION('',(-0.,-1.,0.));
#8161 = FACE_BOUND('',#8162,.F.);
#8162 = EDGE_LOOP('',(#8163));
#8163 = ORIENTED_EDGE('',*,*,#8164,.T.);
#8164 = EDGE_CURVE('',#8165,#8165,#8167,.T.);
#8165 = VERTEX_POINT('',#8166);
#8166 = CARTESIAN_POINT('',(31.494892,-36.82491,0.));
#8167 = CIRCLE('',#8168,0.325);
#8168 = AXIS2_PLACEMENT_3D('',#8169,#8170,#8171);
#8169 = CARTESIAN_POINT('',(31.494892,-36.49991,0.));
#8170 = DIRECTION('',(-0.,0.,-1.));
#8171 = DIRECTION('',(-0.,-1.,0.));
#8172 = FACE_BOUND('',#8173,.F.);
#8173 = EDGE_LOOP('',(#8174));
#8174 = ORIENTED_EDGE('',*,*,#8175,.T.);
#8175 = EDGE_CURVE('',#8176,#8176,#8178,.T.);
#8176 = VERTEX_POINT('',#8177);
#8177 = CARTESIAN_POINT('',(32.764892,-36.82491,0.));
#8178 = CIRCLE('',#8179,0.325);
#8179 = AXIS2_PLACEMENT_3D('',#8180,#8181,#8182);
#8180 = CARTESIAN_POINT('',(32.764892,-36.49991,0.));
#8181 = DIRECTION('',(-0.,0.,-1.));
#8182 = DIRECTION('',(-0.,-1.,0.));
#8183 = FACE_BOUND('',#8184,.F.);
#8184 = EDGE_LOOP('',(#8185));
#8185 = ORIENTED_EDGE('',*,*,#8186,.T.);
#8186 = EDGE_CURVE('',#8187,#8187,#8189,.T.);
#8187 = VERTEX_POINT('',#8188);
#8188 = CARTESIAN_POINT('',(34.034892,-38.09491,0.));
#8189 = CIRCLE('',#8190,0.325);
#8190 = AXIS2_PLACEMENT_3D('',#8191,#8192,#8193);
#8191 = CARTESIAN_POINT('',(34.034892,-37.76991,0.));
#8192 = DIRECTION('',(-0.,0.,-1.));
#8193 = DIRECTION('',(-0.,-1.,0.));
#8194 = FACE_BOUND('',#8195,.F.);
#8195 = EDGE_LOOP('',(#8196));
#8196 = ORIENTED_EDGE('',*,*,#8197,.T.);
#8197 = EDGE_CURVE('',#8198,#8198,#8200,.T.);
#8198 = VERTEX_POINT('',#8199);
#8199 = CARTESIAN_POINT('',(35.304892,-38.09491,0.));
#8200 = CIRCLE('',#8201,0.325);
#8201 = AXIS2_PLACEMENT_3D('',#8202,#8203,#8204);
#8202 = CARTESIAN_POINT('',(35.304892,-37.76991,0.));
#8203 = DIRECTION('',(-0.,0.,-1.));
#8204 = DIRECTION('',(2.1862853408E-14,-1.,-0.));
#8205 = FACE_BOUND('',#8206,.F.);
#8206 = EDGE_LOOP('',(#8207));
#8207 = ORIENTED_EDGE('',*,*,#8208,.T.);
#8208 = EDGE_CURVE('',#8209,#8209,#8211,.T.);
#8209 = VERTEX_POINT('',#8210);
#8210 = CARTESIAN_POINT('',(36.574892,-38.09491,0.));
#8211 = CIRCLE('',#8212,0.325);
#8212 = AXIS2_PLACEMENT_3D('',#8213,#8214,#8215);
#8213 = CARTESIAN_POINT('',(36.574892,-37.76991,0.));
#8214 = DIRECTION('',(-0.,0.,-1.));
#8215 = DIRECTION('',(-2.1862853408E-14,-1.,0.));
#8216 = FACE_BOUND('',#8217,.F.);
#8217 = EDGE_LOOP('',(#8218));
#8218 = ORIENTED_EDGE('',*,*,#8219,.T.);
#8219 = EDGE_CURVE('',#8220,#8220,#8222,.T.);
#8220 = VERTEX_POINT('',#8221);
#8221 = CARTESIAN_POINT('',(34.034892,-36.82491,0.));
#8222 = CIRCLE('',#8223,0.325);
#8223 = AXIS2_PLACEMENT_3D('',#8224,#8225,#8226);
#8224 = CARTESIAN_POINT('',(34.034892,-36.49991,0.));
#8225 = DIRECTION('',(-0.,0.,-1.));
#8226 = DIRECTION('',(-0.,-1.,0.));
#8227 = FACE_BOUND('',#8228,.F.);
#8228 = EDGE_LOOP('',(#8229));
#8229 = ORIENTED_EDGE('',*,*,#8230,.T.);
#8230 = EDGE_CURVE('',#8231,#8231,#8233,.T.);
#8231 = VERTEX_POINT('',#8232);
#8232 = CARTESIAN_POINT('',(35.304892,-36.82491,0.));
#8233 = CIRCLE('',#8234,0.325);
#8234 = AXIS2_PLACEMENT_3D('',#8235,#8236,#8237);
#8235 = CARTESIAN_POINT('',(35.304892,-36.49991,0.));
#8236 = DIRECTION('',(-0.,0.,-1.));
#8237 = DIRECTION('',(2.1862853408E-14,-1.,-0.));
#8238 = FACE_BOUND('',#8239,.F.);
#8239 = EDGE_LOOP('',(#8240));
#8240 = ORIENTED_EDGE('',*,*,#8241,.T.);
#8241 = EDGE_CURVE('',#8242,#8242,#8244,.T.);
#8242 = VERTEX_POINT('',#8243);
#8243 = CARTESIAN_POINT('',(36.574892,-36.82491,0.));
#8244 = CIRCLE('',#8245,0.325);
#8245 = AXIS2_PLACEMENT_3D('',#8246,#8247,#8248);
#8246 = CARTESIAN_POINT('',(36.574892,-36.49991,0.));
#8247 = DIRECTION('',(-0.,0.,-1.));
#8248 = DIRECTION('',(-2.1862853408E-14,-1.,0.));
#8249 = FACE_BOUND('',#8250,.F.);
#8250 = EDGE_LOOP('',(#8251));
#8251 = ORIENTED_EDGE('',*,*,#8252,.T.);
#8252 = EDGE_CURVE('',#8253,#8253,#8255,.T.);
#8253 = VERTEX_POINT('',#8254);
#8254 = CARTESIAN_POINT('',(25.554892,-30.32491,0.));
#8255 = CIRCLE('',#8256,0.325);
#8256 = AXIS2_PLACEMENT_3D('',#8257,#8258,#8259);
#8257 = CARTESIAN_POINT('',(25.554892,-29.99991,0.));
#8258 = DIRECTION('',(-0.,0.,-1.));
#8259 = DIRECTION('',(-1.0931426704E-14,-1.,0.));
#8260 = FACE_BOUND('',#8261,.F.);
#8261 = EDGE_LOOP('',(#8262));
#8262 = ORIENTED_EDGE('',*,*,#8263,.T.);
#8263 = EDGE_CURVE('',#8264,#8264,#8266,.T.);
#8264 = VERTEX_POINT('',#8265);
#8265 = CARTESIAN_POINT('',(26.824892,-30.32491,0.));
#8266 = CIRCLE('',#8267,0.325);
#8267 = AXIS2_PLACEMENT_3D('',#8268,#8269,#8270);
#8268 = CARTESIAN_POINT('',(26.824892,-29.99991,0.));
#8269 = DIRECTION('',(-0.,0.,-1.));
#8270 = DIRECTION('',(-0.,-1.,0.));
#8271 = FACE_BOUND('',#8272,.F.);
#8272 = EDGE_LOOP('',(#8273));
#8273 = ORIENTED_EDGE('',*,*,#8274,.T.);
#8274 = EDGE_CURVE('',#8275,#8275,#8277,.T.);
#8275 = VERTEX_POINT('',#8276);
#8276 = CARTESIAN_POINT('',(28.094892,-30.32491,0.));
#8277 = CIRCLE('',#8278,0.325);
#8278 = AXIS2_PLACEMENT_3D('',#8279,#8280,#8281);
#8279 = CARTESIAN_POINT('',(28.094892,-29.99991,0.));
#8280 = DIRECTION('',(-0.,0.,-1.));
#8281 = DIRECTION('',(-0.,-1.,0.));
#8282 = FACE_BOUND('',#8283,.F.);
#8283 = EDGE_LOOP('',(#8284));
#8284 = ORIENTED_EDGE('',*,*,#8285,.T.);
#8285 = EDGE_CURVE('',#8286,#8286,#8288,.T.);
#8286 = VERTEX_POINT('',#8287);
#8287 = CARTESIAN_POINT('',(29.364892,-30.32491,0.));
#8288 = CIRCLE('',#8289,0.325);
#8289 = AXIS2_PLACEMENT_3D('',#8290,#8291,#8292);
#8290 = CARTESIAN_POINT('',(29.364892,-29.99991,0.));
#8291 = DIRECTION('',(-0.,0.,-1.));
#8292 = DIRECTION('',(1.0931426704E-14,-1.,-0.));
#8293 = FACE_BOUND('',#8294,.F.);
#8294 = EDGE_LOOP('',(#8295));
#8295 = ORIENTED_EDGE('',*,*,#8296,.T.);
#8296 = EDGE_CURVE('',#8297,#8297,#8299,.T.);
#8297 = VERTEX_POINT('',#8298);
#8298 = CARTESIAN_POINT('',(30.634892,-30.32491,0.));
#8299 = CIRCLE('',#8300,0.325);
#8300 = AXIS2_PLACEMENT_3D('',#8301,#8302,#8303);
#8301 = CARTESIAN_POINT('',(30.634892,-29.99991,0.));
#8302 = DIRECTION('',(-0.,0.,-1.));
#8303 = DIRECTION('',(-0.,-1.,0.));
#8304 = FACE_BOUND('',#8305,.F.);
#8305 = EDGE_LOOP('',(#8306));
#8306 = ORIENTED_EDGE('',*,*,#8307,.T.);
#8307 = EDGE_CURVE('',#8308,#8308,#8310,.T.);
#8308 = VERTEX_POINT('',#8309);
#8309 = CARTESIAN_POINT('',(31.904892,-30.32491,0.));
#8310 = CIRCLE('',#8311,0.325);
#8311 = AXIS2_PLACEMENT_3D('',#8312,#8313,#8314);
#8312 = CARTESIAN_POINT('',(31.904892,-29.99991,0.));
#8313 = DIRECTION('',(-0.,0.,-1.));
#8314 = DIRECTION('',(-0.,-1.,0.));
#8315 = FACE_BOUND('',#8316,.F.);
#8316 = EDGE_LOOP('',(#8317));
#8317 = ORIENTED_EDGE('',*,*,#8318,.T.);
#8318 = EDGE_CURVE('',#8319,#8319,#8321,.T.);
#8319 = VERTEX_POINT('',#8320);
#8320 = CARTESIAN_POINT('',(33.174892,-30.32491,0.));
#8321 = CIRCLE('',#8322,0.325);
#8322 = AXIS2_PLACEMENT_3D('',#8323,#8324,#8325);
#8323 = CARTESIAN_POINT('',(33.174892,-29.99991,0.));
#8324 = DIRECTION('',(-0.,0.,-1.));
#8325 = DIRECTION('',(-0.,-1.,0.));
#8326 = FACE_BOUND('',#8327,.F.);
#8327 = EDGE_LOOP('',(#8328));
#8328 = ORIENTED_EDGE('',*,*,#8329,.T.);
#8329 = EDGE_CURVE('',#8330,#8330,#8332,.T.);
#8330 = VERTEX_POINT('',#8331);
#8331 = CARTESIAN_POINT('',(34.444892,-30.32491,0.));
#8332 = CIRCLE('',#8333,0.325);
#8333 = AXIS2_PLACEMENT_3D('',#8334,#8335,#8336);
#8334 = CARTESIAN_POINT('',(34.444892,-29.99991,0.));
#8335 = DIRECTION('',(-0.,0.,-1.));
#8336 = DIRECTION('',(2.1862853408E-14,-1.,-0.));
#8337 = PLANE('',#8338);
#8338 = AXIS2_PLACEMENT_3D('',#8339,#8340,#8341);
#8339 = CARTESIAN_POINT('',(0.,0.,0.));
#8340 = DIRECTION('',(0.,0.,1.));
#8341 = DIRECTION('',(1.,0.,-0.));
#8342 = ADVANCED_FACE('',(#8343,#8389,#8400,#8411,#8422,#8433,#8444,
    #8455,#8466,#8477,#8488,#8499,#8510,#8521,#8532,#8543,#8554,#8565,
    #8576),#8587,.T.);
#8343 = FACE_BOUND('',#8344,.T.);
#8344 = EDGE_LOOP('',(#8345,#8346,#8347,#8356,#8364,#8373,#8381,#8388));
#8345 = ORIENTED_EDGE('',*,*,#8002,.F.);
#8346 = ORIENTED_EDGE('',*,*,#8044,.F.);
#8347 = ORIENTED_EDGE('',*,*,#8348,.F.);
#8348 = EDGE_CURVE('',#8349,#8037,#8351,.T.);
#8349 = VERTEX_POINT('',#8350);
#8350 = CARTESIAN_POINT('',(22.499892,-29.749911,0.71));
#8351 = CIRCLE('',#8352,0.749998586143);
#8352 = AXIS2_PLACEMENT_3D('',#8353,#8354,#8355);
#8353 = CARTESIAN_POINT('',(23.249890586142,-29.74990958614,0.71));
#8354 = DIRECTION('',(0.,0.,-1.));
#8355 = DIRECTION('',(-0.999999999998,-1.885147380293E-06,-0.));
#8356 = ORIENTED_EDGE('',*,*,#8357,.F.);
#8357 = EDGE_CURVE('',#8358,#8349,#8360,.T.);
#8358 = VERTEX_POINT('',#8359);
#8359 = CARTESIAN_POINT('',(22.499892,-39.24991,0.71));
#8360 = LINE('',#8361,#8362);
#8361 = CARTESIAN_POINT('',(22.499892,-39.24991,0.71));
#8362 = VECTOR('',#8363,1.);
#8363 = DIRECTION('',(0.,1.,0.));
#8364 = ORIENTED_EDGE('',*,*,#8365,.F.);
#8365 = EDGE_CURVE('',#8366,#8358,#8368,.T.);
#8366 = VERTEX_POINT('',#8367);
#8367 = CARTESIAN_POINT('',(23.249892,-39.99991,0.71));
#8368 = CIRCLE('',#8369,0.750000293247);
#8369 = AXIS2_PLACEMENT_3D('',#8370,#8371,#8372);
#8370 = CARTESIAN_POINT('',(23.249892293247,-39.24990970675,0.71));
#8371 = DIRECTION('',(0.,0.,-1.));
#8372 = DIRECTION('',(-3.909953663434E-07,-1.,-0.));
#8373 = ORIENTED_EDGE('',*,*,#8374,.F.);
#8374 = EDGE_CURVE('',#8375,#8366,#8377,.T.);
#8375 = VERTEX_POINT('',#8376);
#8376 = CARTESIAN_POINT('',(36.749892,-39.999909,0.71));
#8377 = LINE('',#8378,#8379);
#8378 = CARTESIAN_POINT('',(36.749892,-39.999909,0.71));
#8379 = VECTOR('',#8380,1.);
#8380 = DIRECTION('',(-1.,-7.407407388705E-08,0.));
#8381 = ORIENTED_EDGE('',*,*,#8382,.F.);
#8382 = EDGE_CURVE('',#8067,#8375,#8383,.T.);
#8383 = CIRCLE('',#8384,0.749998586143);
#8384 = AXIS2_PLACEMENT_3D('',#8385,#8386,#8387);
#8385 = CARTESIAN_POINT('',(36.749893413858,-39.24991041385,0.71));
#8386 = DIRECTION('',(0.,0.,-1.));
#8387 = DIRECTION('',(0.999999999998,1.885147366082E-06,0.));
#8388 = ORIENTED_EDGE('',*,*,#8066,.F.);
#8389 = FACE_BOUND('',#8390,.T.);
#8390 = EDGE_LOOP('',(#8391));
#8391 = ORIENTED_EDGE('',*,*,#8392,.T.);
#8392 = EDGE_CURVE('',#8393,#8393,#8395,.T.);
#8393 = VERTEX_POINT('',#8394);
#8394 = CARTESIAN_POINT('',(31.494892,-38.09491,0.71));
#8395 = CIRCLE('',#8396,0.325);
#8396 = AXIS2_PLACEMENT_3D('',#8397,#8398,#8399);
#8397 = CARTESIAN_POINT('',(31.494892,-37.76991,0.71));
#8398 = DIRECTION('',(-0.,0.,-1.));
#8399 = DIRECTION('',(-0.,-1.,0.));
#8400 = FACE_BOUND('',#8401,.T.);
#8401 = EDGE_LOOP('',(#8402));
#8402 = ORIENTED_EDGE('',*,*,#8403,.T.);
#8403 = EDGE_CURVE('',#8404,#8404,#8406,.T.);
#8404 = VERTEX_POINT('',#8405);
#8405 = CARTESIAN_POINT('',(32.764892,-38.09491,0.71));
#8406 = CIRCLE('',#8407,0.325);
#8407 = AXIS2_PLACEMENT_3D('',#8408,#8409,#8410);
#8408 = CARTESIAN_POINT('',(32.764892,-37.76991,0.71));
#8409 = DIRECTION('',(-0.,0.,-1.));
#8410 = DIRECTION('',(-0.,-1.,0.));
#8411 = FACE_BOUND('',#8412,.T.);
#8412 = EDGE_LOOP('',(#8413));
#8413 = ORIENTED_EDGE('',*,*,#8414,.T.);
#8414 = EDGE_CURVE('',#8415,#8415,#8417,.T.);
#8415 = VERTEX_POINT('',#8416);
#8416 = CARTESIAN_POINT('',(31.494892,-36.82491,0.71));
#8417 = CIRCLE('',#8418,0.325);
#8418 = AXIS2_PLACEMENT_3D('',#8419,#8420,#8421);
#8419 = CARTESIAN_POINT('',(31.494892,-36.49991,0.71));
#8420 = DIRECTION('',(-0.,0.,-1.));
#8421 = DIRECTION('',(-0.,-1.,0.));
#8422 = FACE_BOUND('',#8423,.T.);
#8423 = EDGE_LOOP('',(#8424));
#8424 = ORIENTED_EDGE('',*,*,#8425,.T.);
#8425 = EDGE_CURVE('',#8426,#8426,#8428,.T.);
#8426 = VERTEX_POINT('',#8427);
#8427 = CARTESIAN_POINT('',(32.764892,-36.82491,0.71));
#8428 = CIRCLE('',#8429,0.325);
#8429 = AXIS2_PLACEMENT_3D('',#8430,#8431,#8432);
#8430 = CARTESIAN_POINT('',(32.764892,-36.49991,0.71));
#8431 = DIRECTION('',(-0.,0.,-1.));
#8432 = DIRECTION('',(-0.,-1.,0.));
#8433 = FACE_BOUND('',#8434,.T.);
#8434 = EDGE_LOOP('',(#8435));
#8435 = ORIENTED_EDGE('',*,*,#8436,.T.);
#8436 = EDGE_CURVE('',#8437,#8437,#8439,.T.);
#8437 = VERTEX_POINT('',#8438);
#8438 = CARTESIAN_POINT('',(34.034892,-38.09491,0.71));
#8439 = CIRCLE('',#8440,0.325);
#8440 = AXIS2_PLACEMENT_3D('',#8441,#8442,#8443);
#8441 = CARTESIAN_POINT('',(34.034892,-37.76991,0.71));
#8442 = DIRECTION('',(-0.,0.,-1.));
#8443 = DIRECTION('',(-0.,-1.,0.));
#8444 = FACE_BOUND('',#8445,.T.);
#8445 = EDGE_LOOP('',(#8446));
#8446 = ORIENTED_EDGE('',*,*,#8447,.T.);
#8447 = EDGE_CURVE('',#8448,#8448,#8450,.T.);
#8448 = VERTEX_POINT('',#8449);
#8449 = CARTESIAN_POINT('',(35.304892,-38.09491,0.71));
#8450 = CIRCLE('',#8451,0.325);
#8451 = AXIS2_PLACEMENT_3D('',#8452,#8453,#8454);
#8452 = CARTESIAN_POINT('',(35.304892,-37.76991,0.71));
#8453 = DIRECTION('',(-0.,0.,-1.));
#8454 = DIRECTION('',(2.1862853408E-14,-1.,-0.));
#8455 = FACE_BOUND('',#8456,.T.);
#8456 = EDGE_LOOP('',(#8457));
#8457 = ORIENTED_EDGE('',*,*,#8458,.T.);
#8458 = EDGE_CURVE('',#8459,#8459,#8461,.T.);
#8459 = VERTEX_POINT('',#8460);
#8460 = CARTESIAN_POINT('',(36.574892,-38.09491,0.71));
#8461 = CIRCLE('',#8462,0.325);
#8462 = AXIS2_PLACEMENT_3D('',#8463,#8464,#8465);
#8463 = CARTESIAN_POINT('',(36.574892,-37.76991,0.71));
#8464 = DIRECTION('',(-0.,0.,-1.));
#8465 = DIRECTION('',(-2.1862853408E-14,-1.,0.));
#8466 = FACE_BOUND('',#8467,.T.);
#8467 = EDGE_LOOP('',(#8468));
#8468 = ORIENTED_EDGE('',*,*,#8469,.T.);
#8469 = EDGE_CURVE('',#8470,#8470,#8472,.T.);
#8470 = VERTEX_POINT('',#8471);
#8471 = CARTESIAN_POINT('',(34.034892,-36.82491,0.71));
#8472 = CIRCLE('',#8473,0.325);
#8473 = AXIS2_PLACEMENT_3D('',#8474,#8475,#8476);
#8474 = CARTESIAN_POINT('',(34.034892,-36.49991,0.71));
#8475 = DIRECTION('',(-0.,0.,-1.));
#8476 = DIRECTION('',(-0.,-1.,0.));
#8477 = FACE_BOUND('',#8478,.T.);
#8478 = EDGE_LOOP('',(#8479));
#8479 = ORIENTED_EDGE('',*,*,#8480,.T.);
#8480 = EDGE_CURVE('',#8481,#8481,#8483,.T.);
#8481 = VERTEX_POINT('',#8482);
#8482 = CARTESIAN_POINT('',(35.304892,-36.82491,0.71));
#8483 = CIRCLE('',#8484,0.325);
#8484 = AXIS2_PLACEMENT_3D('',#8485,#8486,#8487);
#8485 = CARTESIAN_POINT('',(35.304892,-36.49991,0.71));
#8486 = DIRECTION('',(-0.,0.,-1.));
#8487 = DIRECTION('',(2.1862853408E-14,-1.,-0.));
#8488 = FACE_BOUND('',#8489,.T.);
#8489 = EDGE_LOOP('',(#8490));
#8490 = ORIENTED_EDGE('',*,*,#8491,.T.);
#8491 = EDGE_CURVE('',#8492,#8492,#8494,.T.);
#8492 = VERTEX_POINT('',#8493);
#8493 = CARTESIAN_POINT('',(36.574892,-36.82491,0.71));
#8494 = CIRCLE('',#8495,0.325);
#8495 = AXIS2_PLACEMENT_3D('',#8496,#8497,#8498);
#8496 = CARTESIAN_POINT('',(36.574892,-36.49991,0.71));
#8497 = DIRECTION('',(-0.,0.,-1.));
#8498 = DIRECTION('',(-2.1862853408E-14,-1.,0.));
#8499 = FACE_BOUND('',#8500,.T.);
#8500 = EDGE_LOOP('',(#8501));
#8501 = ORIENTED_EDGE('',*,*,#8502,.T.);
#8502 = EDGE_CURVE('',#8503,#8503,#8505,.T.);
#8503 = VERTEX_POINT('',#8504);
#8504 = CARTESIAN_POINT('',(25.554892,-30.32491,0.71));
#8505 = CIRCLE('',#8506,0.325);
#8506 = AXIS2_PLACEMENT_3D('',#8507,#8508,#8509);
#8507 = CARTESIAN_POINT('',(25.554892,-29.99991,0.71));
#8508 = DIRECTION('',(-0.,0.,-1.));
#8509 = DIRECTION('',(-1.0931426704E-14,-1.,0.));
#8510 = FACE_BOUND('',#8511,.T.);
#8511 = EDGE_LOOP('',(#8512));
#8512 = ORIENTED_EDGE('',*,*,#8513,.T.);
#8513 = EDGE_CURVE('',#8514,#8514,#8516,.T.);
#8514 = VERTEX_POINT('',#8515);
#8515 = CARTESIAN_POINT('',(26.824892,-30.32491,0.71));
#8516 = CIRCLE('',#8517,0.325);
#8517 = AXIS2_PLACEMENT_3D('',#8518,#8519,#8520);
#8518 = CARTESIAN_POINT('',(26.824892,-29.99991,0.71));
#8519 = DIRECTION('',(-0.,0.,-1.));
#8520 = DIRECTION('',(-0.,-1.,0.));
#8521 = FACE_BOUND('',#8522,.T.);
#8522 = EDGE_LOOP('',(#8523));
#8523 = ORIENTED_EDGE('',*,*,#8524,.T.);
#8524 = EDGE_CURVE('',#8525,#8525,#8527,.T.);
#8525 = VERTEX_POINT('',#8526);
#8526 = CARTESIAN_POINT('',(28.094892,-30.32491,0.71));
#8527 = CIRCLE('',#8528,0.325);
#8528 = AXIS2_PLACEMENT_3D('',#8529,#8530,#8531);
#8529 = CARTESIAN_POINT('',(28.094892,-29.99991,0.71));
#8530 = DIRECTION('',(-0.,0.,-1.));
#8531 = DIRECTION('',(-0.,-1.,0.));
#8532 = FACE_BOUND('',#8533,.T.);
#8533 = EDGE_LOOP('',(#8534));
#8534 = ORIENTED_EDGE('',*,*,#8535,.T.);
#8535 = EDGE_CURVE('',#8536,#8536,#8538,.T.);
#8536 = VERTEX_POINT('',#8537);
#8537 = CARTESIAN_POINT('',(29.364892,-30.32491,0.71));
#8538 = CIRCLE('',#8539,0.325);
#8539 = AXIS2_PLACEMENT_3D('',#8540,#8541,#8542);
#8540 = CARTESIAN_POINT('',(29.364892,-29.99991,0.71));
#8541 = DIRECTION('',(-0.,0.,-1.));
#8542 = DIRECTION('',(1.0931426704E-14,-1.,-0.));
#8543 = FACE_BOUND('',#8544,.T.);
#8544 = EDGE_LOOP('',(#8545));
#8545 = ORIENTED_EDGE('',*,*,#8546,.T.);
#8546 = EDGE_CURVE('',#8547,#8547,#8549,.T.);
#8547 = VERTEX_POINT('',#8548);
#8548 = CARTESIAN_POINT('',(30.634892,-30.32491,0.71));
#8549 = CIRCLE('',#8550,0.325);
#8550 = AXIS2_PLACEMENT_3D('',#8551,#8552,#8553);
#8551 = CARTESIAN_POINT('',(30.634892,-29.99991,0.71));
#8552 = DIRECTION('',(-0.,0.,-1.));
#8553 = DIRECTION('',(-0.,-1.,0.));
#8554 = FACE_BOUND('',#8555,.T.);
#8555 = EDGE_LOOP('',(#8556));
#8556 = ORIENTED_EDGE('',*,*,#8557,.T.);
#8557 = EDGE_CURVE('',#8558,#8558,#8560,.T.);
#8558 = VERTEX_POINT('',#8559);
#8559 = CARTESIAN_POINT('',(31.904892,-30.32491,0.71));
#8560 = CIRCLE('',#8561,0.325);
#8561 = AXIS2_PLACEMENT_3D('',#8562,#8563,#8564);
#8562 = CARTESIAN_POINT('',(31.904892,-29.99991,0.71));
#8563 = DIRECTION('',(-0.,0.,-1.));
#8564 = DIRECTION('',(-0.,-1.,0.));
#8565 = FACE_BOUND('',#8566,.T.);
#8566 = EDGE_LOOP('',(#8567));
#8567 = ORIENTED_EDGE('',*,*,#8568,.T.);
#8568 = EDGE_CURVE('',#8569,#8569,#8571,.T.);
#8569 = VERTEX_POINT('',#8570);
#8570 = CARTESIAN_POINT('',(33.174892,-30.32491,0.71));
#8571 = CIRCLE('',#8572,0.325);
#8572 = AXIS2_PLACEMENT_3D('',#8573,#8574,#8575);
#8573 = CARTESIAN_POINT('',(33.174892,-29.99991,0.71));
#8574 = DIRECTION('',(-0.,0.,-1.));
#8575 = DIRECTION('',(-0.,-1.,0.));
#8576 = FACE_BOUND('',#8577,.T.);
#8577 = EDGE_LOOP('',(#8578));
#8578 = ORIENTED_EDGE('',*,*,#8579,.T.);
#8579 = EDGE_CURVE('',#8580,#8580,#8582,.T.);
#8580 = VERTEX_POINT('',#8581);
#8581 = CARTESIAN_POINT('',(34.444892,-30.32491,0.71));
#8582 = CIRCLE('',#8583,0.325);
#8583 = AXIS2_PLACEMENT_3D('',#8584,#8585,#8586);
#8584 = CARTESIAN_POINT('',(34.444892,-29.99991,0.71));
#8585 = DIRECTION('',(-0.,0.,-1.));
#8586 = DIRECTION('',(2.1862853408E-14,-1.,-0.));
#8587 = PLANE('',#8588);
#8588 = AXIS2_PLACEMENT_3D('',#8589,#8590,#8591);
#8589 = CARTESIAN_POINT('',(0.,0.,0.71));
#8590 = DIRECTION('',(0.,0.,1.));
#8591 = DIRECTION('',(1.,0.,-0.));
#8592 = ADVANCED_FACE('',(#8593),#8604,.T.);
#8593 = FACE_BOUND('',#8594,.T.);
#8594 = EDGE_LOOP('',(#8595,#8601,#8602,#8603));
#8595 = ORIENTED_EDGE('',*,*,#8596,.T.);
#8596 = EDGE_CURVE('',#8099,#8349,#8597,.T.);
#8597 = LINE('',#8598,#8599);
#8598 = CARTESIAN_POINT('',(22.499892,-29.749911,0.));
#8599 = VECTOR('',#8600,1.);
#8600 = DIRECTION('',(0.,0.,1.));
#8601 = ORIENTED_EDGE('',*,*,#8348,.T.);
#8602 = ORIENTED_EDGE('',*,*,#8034,.F.);
#8603 = ORIENTED_EDGE('',*,*,#8098,.F.);
#8604 = CYLINDRICAL_SURFACE('',#8605,0.749998586143);
#8605 = AXIS2_PLACEMENT_3D('',#8606,#8607,#8608);
#8606 = CARTESIAN_POINT('',(23.249890586142,-29.74990958614,0.));
#8607 = DIRECTION('',(0.,0.,-1.));
#8608 = DIRECTION('',(-0.999999999998,-1.885147380293E-06,-0.));
#8609 = ADVANCED_FACE('',(#8610),#8621,.T.);
#8610 = FACE_BOUND('',#8611,.T.);
#8611 = EDGE_LOOP('',(#8612,#8613,#8614,#8620));
#8612 = ORIENTED_EDGE('',*,*,#8074,.T.);
#8613 = ORIENTED_EDGE('',*,*,#8382,.T.);
#8614 = ORIENTED_EDGE('',*,*,#8615,.F.);
#8615 = EDGE_CURVE('',#8125,#8375,#8616,.T.);
#8616 = LINE('',#8617,#8618);
#8617 = CARTESIAN_POINT('',(36.749892,-39.999909,0.));
#8618 = VECTOR('',#8619,1.);
#8619 = DIRECTION('',(0.,0.,1.));
#8620 = ORIENTED_EDGE('',*,*,#8132,.F.);
#8621 = CYLINDRICAL_SURFACE('',#8622,0.749998586143);
#8622 = AXIS2_PLACEMENT_3D('',#8623,#8624,#8625);
#8623 = CARTESIAN_POINT('',(36.749893413858,-39.24991041385,0.));
#8624 = DIRECTION('',(0.,0.,-1.));
#8625 = DIRECTION('',(0.999999999998,1.885147366082E-06,0.));
#8626 = ADVANCED_FACE('',(#8627),#8638,.T.);
#8627 = FACE_BOUND('',#8628,.T.);
#8628 = EDGE_LOOP('',(#8629,#8635,#8636,#8637));
#8629 = ORIENTED_EDGE('',*,*,#8630,.T.);
#8630 = EDGE_CURVE('',#8108,#8358,#8631,.T.);
#8631 = LINE('',#8632,#8633);
#8632 = CARTESIAN_POINT('',(22.499892,-39.24991,0.));
#8633 = VECTOR('',#8634,1.);
#8634 = DIRECTION('',(0.,0.,1.));
#8635 = ORIENTED_EDGE('',*,*,#8357,.T.);
#8636 = ORIENTED_EDGE('',*,*,#8596,.F.);
#8637 = ORIENTED_EDGE('',*,*,#8107,.F.);
#8638 = PLANE('',#8639);
#8639 = AXIS2_PLACEMENT_3D('',#8640,#8641,#8642);
#8640 = CARTESIAN_POINT('',(22.499892,-39.24991,0.));
#8641 = DIRECTION('',(-1.,0.,0.));
#8642 = DIRECTION('',(0.,1.,0.));
#8643 = ADVANCED_FACE('',(#8644),#8655,.T.);
#8644 = FACE_BOUND('',#8645,.T.);
#8645 = EDGE_LOOP('',(#8646,#8647,#8648,#8654));
#8646 = ORIENTED_EDGE('',*,*,#8615,.T.);
#8647 = ORIENTED_EDGE('',*,*,#8374,.T.);
#8648 = ORIENTED_EDGE('',*,*,#8649,.F.);
#8649 = EDGE_CURVE('',#8116,#8366,#8650,.T.);
#8650 = LINE('',#8651,#8652);
#8651 = CARTESIAN_POINT('',(23.249892,-39.99991,0.));
#8652 = VECTOR('',#8653,1.);
#8653 = DIRECTION('',(0.,0.,1.));
#8654 = ORIENTED_EDGE('',*,*,#8124,.F.);
#8655 = PLANE('',#8656);
#8656 = AXIS2_PLACEMENT_3D('',#8657,#8658,#8659);
#8657 = CARTESIAN_POINT('',(36.749892,-39.999909,0.));
#8658 = DIRECTION('',(7.407407388705E-08,-1.,0.));
#8659 = DIRECTION('',(-1.,-7.407407388705E-08,0.));
#8660 = ADVANCED_FACE('',(#8661),#8667,.T.);
#8661 = FACE_BOUND('',#8662,.T.);
#8662 = EDGE_LOOP('',(#8663,#8664,#8665,#8666));
#8663 = ORIENTED_EDGE('',*,*,#8649,.T.);
#8664 = ORIENTED_EDGE('',*,*,#8365,.T.);
#8665 = ORIENTED_EDGE('',*,*,#8630,.F.);
#8666 = ORIENTED_EDGE('',*,*,#8115,.F.);
#8667 = CYLINDRICAL_SURFACE('',#8668,0.750000293247);
#8668 = AXIS2_PLACEMENT_3D('',#8669,#8670,#8671);
#8669 = CARTESIAN_POINT('',(23.249892293247,-39.24990970675,0.));
#8670 = DIRECTION('',(0.,0.,-1.));
#8671 = DIRECTION('',(-3.909953663434E-07,-1.,-0.));
#8672 = ADVANCED_FACE('',(#8673),#8684,.F.);
#8673 = FACE_BOUND('',#8674,.T.);
#8674 = EDGE_LOOP('',(#8675,#8676,#8682,#8683));
#8675 = ORIENTED_EDGE('',*,*,#8142,.T.);
#8676 = ORIENTED_EDGE('',*,*,#8677,.T.);
#8677 = EDGE_CURVE('',#8143,#8393,#8678,.T.);
#8678 = LINE('',#8679,#8680);
#8679 = CARTESIAN_POINT('',(31.494892,-38.09491,-4.6E-02));
#8680 = VECTOR('',#8681,1.);
#8681 = DIRECTION('',(0.,0.,1.));
#8682 = ORIENTED_EDGE('',*,*,#8392,.F.);
#8683 = ORIENTED_EDGE('',*,*,#8677,.F.);
#8684 = CYLINDRICAL_SURFACE('',#8685,0.325);
#8685 = AXIS2_PLACEMENT_3D('',#8686,#8687,#8688);
#8686 = CARTESIAN_POINT('',(31.494892,-37.76991,-4.6E-02));
#8687 = DIRECTION('',(-0.,-0.,-1.));
#8688 = DIRECTION('',(-0.,-1.,0.));
#8689 = ADVANCED_FACE('',(#8690),#8701,.F.);
#8690 = FACE_BOUND('',#8691,.T.);
#8691 = EDGE_LOOP('',(#8692,#8693,#8699,#8700));
#8692 = ORIENTED_EDGE('',*,*,#8153,.T.);
#8693 = ORIENTED_EDGE('',*,*,#8694,.T.);
#8694 = EDGE_CURVE('',#8154,#8404,#8695,.T.);
#8695 = LINE('',#8696,#8697);
#8696 = CARTESIAN_POINT('',(32.764892,-38.09491,-4.6E-02));
#8697 = VECTOR('',#8698,1.);
#8698 = DIRECTION('',(0.,0.,1.));
#8699 = ORIENTED_EDGE('',*,*,#8403,.F.);
#8700 = ORIENTED_EDGE('',*,*,#8694,.F.);
#8701 = CYLINDRICAL_SURFACE('',#8702,0.325);
#8702 = AXIS2_PLACEMENT_3D('',#8703,#8704,#8705);
#8703 = CARTESIAN_POINT('',(32.764892,-37.76991,-4.6E-02));
#8704 = DIRECTION('',(-0.,-0.,-1.));
#8705 = DIRECTION('',(-0.,-1.,0.));
#8706 = ADVANCED_FACE('',(#8707),#8718,.F.);
#8707 = FACE_BOUND('',#8708,.T.);
#8708 = EDGE_LOOP('',(#8709,#8710,#8716,#8717));
#8709 = ORIENTED_EDGE('',*,*,#8164,.T.);
#8710 = ORIENTED_EDGE('',*,*,#8711,.T.);
#8711 = EDGE_CURVE('',#8165,#8415,#8712,.T.);
#8712 = LINE('',#8713,#8714);
#8713 = CARTESIAN_POINT('',(31.494892,-36.82491,-4.6E-02));
#8714 = VECTOR('',#8715,1.);
#8715 = DIRECTION('',(0.,0.,1.));
#8716 = ORIENTED_EDGE('',*,*,#8414,.F.);
#8717 = ORIENTED_EDGE('',*,*,#8711,.F.);
#8718 = CYLINDRICAL_SURFACE('',#8719,0.325);
#8719 = AXIS2_PLACEMENT_3D('',#8720,#8721,#8722);
#8720 = CARTESIAN_POINT('',(31.494892,-36.49991,-4.6E-02));
#8721 = DIRECTION('',(-0.,-0.,-1.));
#8722 = DIRECTION('',(-0.,-1.,0.));
#8723 = ADVANCED_FACE('',(#8724),#8735,.F.);
#8724 = FACE_BOUND('',#8725,.T.);
#8725 = EDGE_LOOP('',(#8726,#8727,#8733,#8734));
#8726 = ORIENTED_EDGE('',*,*,#8175,.T.);
#8727 = ORIENTED_EDGE('',*,*,#8728,.T.);
#8728 = EDGE_CURVE('',#8176,#8426,#8729,.T.);
#8729 = LINE('',#8730,#8731);
#8730 = CARTESIAN_POINT('',(32.764892,-36.82491,-4.6E-02));
#8731 = VECTOR('',#8732,1.);
#8732 = DIRECTION('',(0.,0.,1.));
#8733 = ORIENTED_EDGE('',*,*,#8425,.F.);
#8734 = ORIENTED_EDGE('',*,*,#8728,.F.);
#8735 = CYLINDRICAL_SURFACE('',#8736,0.325);
#8736 = AXIS2_PLACEMENT_3D('',#8737,#8738,#8739);
#8737 = CARTESIAN_POINT('',(32.764892,-36.49991,-4.6E-02));
#8738 = DIRECTION('',(-0.,-0.,-1.));
#8739 = DIRECTION('',(-0.,-1.,0.));
#8740 = ADVANCED_FACE('',(#8741),#8752,.F.);
#8741 = FACE_BOUND('',#8742,.T.);
#8742 = EDGE_LOOP('',(#8743,#8744,#8750,#8751));
#8743 = ORIENTED_EDGE('',*,*,#8186,.T.);
#8744 = ORIENTED_EDGE('',*,*,#8745,.T.);
#8745 = EDGE_CURVE('',#8187,#8437,#8746,.T.);
#8746 = LINE('',#8747,#8748);
#8747 = CARTESIAN_POINT('',(34.034892,-38.09491,-4.6E-02));
#8748 = VECTOR('',#8749,1.);
#8749 = DIRECTION('',(0.,0.,1.));
#8750 = ORIENTED_EDGE('',*,*,#8436,.F.);
#8751 = ORIENTED_EDGE('',*,*,#8745,.F.);
#8752 = CYLINDRICAL_SURFACE('',#8753,0.325);
#8753 = AXIS2_PLACEMENT_3D('',#8754,#8755,#8756);
#8754 = CARTESIAN_POINT('',(34.034892,-37.76991,-4.6E-02));
#8755 = DIRECTION('',(-0.,-0.,-1.));
#8756 = DIRECTION('',(-0.,-1.,0.));
#8757 = ADVANCED_FACE('',(#8758),#8769,.F.);
#8758 = FACE_BOUND('',#8759,.T.);
#8759 = EDGE_LOOP('',(#8760,#8761,#8767,#8768));
#8760 = ORIENTED_EDGE('',*,*,#8197,.T.);
#8761 = ORIENTED_EDGE('',*,*,#8762,.T.);
#8762 = EDGE_CURVE('',#8198,#8448,#8763,.T.);
#8763 = LINE('',#8764,#8765);
#8764 = CARTESIAN_POINT('',(35.304892,-38.09491,-4.6E-02));
#8765 = VECTOR('',#8766,1.);
#8766 = DIRECTION('',(0.,0.,1.));
#8767 = ORIENTED_EDGE('',*,*,#8447,.F.);
#8768 = ORIENTED_EDGE('',*,*,#8762,.F.);
#8769 = CYLINDRICAL_SURFACE('',#8770,0.325);
#8770 = AXIS2_PLACEMENT_3D('',#8771,#8772,#8773);
#8771 = CARTESIAN_POINT('',(35.304892,-37.76991,-4.6E-02));
#8772 = DIRECTION('',(-0.,0.,-1.));
#8773 = DIRECTION('',(2.1862853408E-14,-1.,-0.));
#8774 = ADVANCED_FACE('',(#8775),#8786,.F.);
#8775 = FACE_BOUND('',#8776,.T.);
#8776 = EDGE_LOOP('',(#8777,#8778,#8784,#8785));
#8777 = ORIENTED_EDGE('',*,*,#8208,.T.);
#8778 = ORIENTED_EDGE('',*,*,#8779,.T.);
#8779 = EDGE_CURVE('',#8209,#8459,#8780,.T.);
#8780 = LINE('',#8781,#8782);
#8781 = CARTESIAN_POINT('',(36.574892,-38.09491,-4.6E-02));
#8782 = VECTOR('',#8783,1.);
#8783 = DIRECTION('',(0.,0.,1.));
#8784 = ORIENTED_EDGE('',*,*,#8458,.F.);
#8785 = ORIENTED_EDGE('',*,*,#8779,.F.);
#8786 = CYLINDRICAL_SURFACE('',#8787,0.325);
#8787 = AXIS2_PLACEMENT_3D('',#8788,#8789,#8790);
#8788 = CARTESIAN_POINT('',(36.574892,-37.76991,-4.6E-02));
#8789 = DIRECTION('',(-0.,-0.,-1.));
#8790 = DIRECTION('',(-2.1862853408E-14,-1.,0.));
#8791 = ADVANCED_FACE('',(#8792),#8803,.F.);
#8792 = FACE_BOUND('',#8793,.T.);
#8793 = EDGE_LOOP('',(#8794,#8795,#8801,#8802));
#8794 = ORIENTED_EDGE('',*,*,#8219,.T.);
#8795 = ORIENTED_EDGE('',*,*,#8796,.T.);
#8796 = EDGE_CURVE('',#8220,#8470,#8797,.T.);
#8797 = LINE('',#8798,#8799);
#8798 = CARTESIAN_POINT('',(34.034892,-36.82491,-4.6E-02));
#8799 = VECTOR('',#8800,1.);
#8800 = DIRECTION('',(0.,0.,1.));
#8801 = ORIENTED_EDGE('',*,*,#8469,.F.);
#8802 = ORIENTED_EDGE('',*,*,#8796,.F.);
#8803 = CYLINDRICAL_SURFACE('',#8804,0.325);
#8804 = AXIS2_PLACEMENT_3D('',#8805,#8806,#8807);
#8805 = CARTESIAN_POINT('',(34.034892,-36.49991,-4.6E-02));
#8806 = DIRECTION('',(-0.,-0.,-1.));
#8807 = DIRECTION('',(-0.,-1.,0.));
#8808 = ADVANCED_FACE('',(#8809),#8820,.F.);
#8809 = FACE_BOUND('',#8810,.T.);
#8810 = EDGE_LOOP('',(#8811,#8812,#8818,#8819));
#8811 = ORIENTED_EDGE('',*,*,#8230,.T.);
#8812 = ORIENTED_EDGE('',*,*,#8813,.T.);
#8813 = EDGE_CURVE('',#8231,#8481,#8814,.T.);
#8814 = LINE('',#8815,#8816);
#8815 = CARTESIAN_POINT('',(35.304892,-36.82491,-4.6E-02));
#8816 = VECTOR('',#8817,1.);
#8817 = DIRECTION('',(0.,0.,1.));
#8818 = ORIENTED_EDGE('',*,*,#8480,.F.);
#8819 = ORIENTED_EDGE('',*,*,#8813,.F.);
#8820 = CYLINDRICAL_SURFACE('',#8821,0.325);
#8821 = AXIS2_PLACEMENT_3D('',#8822,#8823,#8824);
#8822 = CARTESIAN_POINT('',(35.304892,-36.49991,-4.6E-02));
#8823 = DIRECTION('',(-0.,0.,-1.));
#8824 = DIRECTION('',(2.1862853408E-14,-1.,-0.));
#8825 = ADVANCED_FACE('',(#8826),#8837,.F.);
#8826 = FACE_BOUND('',#8827,.T.);
#8827 = EDGE_LOOP('',(#8828,#8829,#8835,#8836));
#8828 = ORIENTED_EDGE('',*,*,#8241,.T.);
#8829 = ORIENTED_EDGE('',*,*,#8830,.T.);
#8830 = EDGE_CURVE('',#8242,#8492,#8831,.T.);
#8831 = LINE('',#8832,#8833);
#8832 = CARTESIAN_POINT('',(36.574892,-36.82491,-4.6E-02));
#8833 = VECTOR('',#8834,1.);
#8834 = DIRECTION('',(0.,0.,1.));
#8835 = ORIENTED_EDGE('',*,*,#8491,.F.);
#8836 = ORIENTED_EDGE('',*,*,#8830,.F.);
#8837 = CYLINDRICAL_SURFACE('',#8838,0.325);
#8838 = AXIS2_PLACEMENT_3D('',#8839,#8840,#8841);
#8839 = CARTESIAN_POINT('',(36.574892,-36.49991,-4.6E-02));
#8840 = DIRECTION('',(-0.,-0.,-1.));
#8841 = DIRECTION('',(-2.1862853408E-14,-1.,0.));
#8842 = ADVANCED_FACE('',(#8843),#8854,.F.);
#8843 = FACE_BOUND('',#8844,.T.);
#8844 = EDGE_LOOP('',(#8845,#8846,#8852,#8853));
#8845 = ORIENTED_EDGE('',*,*,#8252,.T.);
#8846 = ORIENTED_EDGE('',*,*,#8847,.T.);
#8847 = EDGE_CURVE('',#8253,#8503,#8848,.T.);
#8848 = LINE('',#8849,#8850);
#8849 = CARTESIAN_POINT('',(25.554892,-30.32491,-4.6E-02));
#8850 = VECTOR('',#8851,1.);
#8851 = DIRECTION('',(0.,0.,1.));
#8852 = ORIENTED_EDGE('',*,*,#8502,.F.);
#8853 = ORIENTED_EDGE('',*,*,#8847,.F.);
#8854 = CYLINDRICAL_SURFACE('',#8855,0.325);
#8855 = AXIS2_PLACEMENT_3D('',#8856,#8857,#8858);
#8856 = CARTESIAN_POINT('',(25.554892,-29.99991,-4.6E-02));
#8857 = DIRECTION('',(-0.,-0.,-1.));
#8858 = DIRECTION('',(-1.0931426704E-14,-1.,0.));
#8859 = ADVANCED_FACE('',(#8860),#8871,.F.);
#8860 = FACE_BOUND('',#8861,.T.);
#8861 = EDGE_LOOP('',(#8862,#8863,#8869,#8870));
#8862 = ORIENTED_EDGE('',*,*,#8263,.T.);
#8863 = ORIENTED_EDGE('',*,*,#8864,.T.);
#8864 = EDGE_CURVE('',#8264,#8514,#8865,.T.);
#8865 = LINE('',#8866,#8867);
#8866 = CARTESIAN_POINT('',(26.824892,-30.32491,-4.6E-02));
#8867 = VECTOR('',#8868,1.);
#8868 = DIRECTION('',(0.,0.,1.));
#8869 = ORIENTED_EDGE('',*,*,#8513,.F.);
#8870 = ORIENTED_EDGE('',*,*,#8864,.F.);
#8871 = CYLINDRICAL_SURFACE('',#8872,0.325);
#8872 = AXIS2_PLACEMENT_3D('',#8873,#8874,#8875);
#8873 = CARTESIAN_POINT('',(26.824892,-29.99991,-4.6E-02));
#8874 = DIRECTION('',(-0.,-0.,-1.));
#8875 = DIRECTION('',(-0.,-1.,0.));
#8876 = ADVANCED_FACE('',(#8877),#8888,.F.);
#8877 = FACE_BOUND('',#8878,.T.);
#8878 = EDGE_LOOP('',(#8879,#8880,#8886,#8887));
#8879 = ORIENTED_EDGE('',*,*,#8274,.T.);
#8880 = ORIENTED_EDGE('',*,*,#8881,.T.);
#8881 = EDGE_CURVE('',#8275,#8525,#8882,.T.);
#8882 = LINE('',#8883,#8884);
#8883 = CARTESIAN_POINT('',(28.094892,-30.32491,-4.6E-02));
#8884 = VECTOR('',#8885,1.);
#8885 = DIRECTION('',(0.,0.,1.));
#8886 = ORIENTED_EDGE('',*,*,#8524,.F.);
#8887 = ORIENTED_EDGE('',*,*,#8881,.F.);
#8888 = CYLINDRICAL_SURFACE('',#8889,0.325);
#8889 = AXIS2_PLACEMENT_3D('',#8890,#8891,#8892);
#8890 = CARTESIAN_POINT('',(28.094892,-29.99991,-4.6E-02));
#8891 = DIRECTION('',(-0.,-0.,-1.));
#8892 = DIRECTION('',(-0.,-1.,0.));
#8893 = ADVANCED_FACE('',(#8894),#8905,.F.);
#8894 = FACE_BOUND('',#8895,.T.);
#8895 = EDGE_LOOP('',(#8896,#8897,#8903,#8904));
#8896 = ORIENTED_EDGE('',*,*,#8285,.T.);
#8897 = ORIENTED_EDGE('',*,*,#8898,.T.);
#8898 = EDGE_CURVE('',#8286,#8536,#8899,.T.);
#8899 = LINE('',#8900,#8901);
#8900 = CARTESIAN_POINT('',(29.364892,-30.32491,-4.6E-02));
#8901 = VECTOR('',#8902,1.);
#8902 = DIRECTION('',(0.,0.,1.));
#8903 = ORIENTED_EDGE('',*,*,#8535,.F.);
#8904 = ORIENTED_EDGE('',*,*,#8898,.F.);
#8905 = CYLINDRICAL_SURFACE('',#8906,0.325);
#8906 = AXIS2_PLACEMENT_3D('',#8907,#8908,#8909);
#8907 = CARTESIAN_POINT('',(29.364892,-29.99991,-4.6E-02));
#8908 = DIRECTION('',(-0.,0.,-1.));
#8909 = DIRECTION('',(1.0931426704E-14,-1.,-0.));
#8910 = ADVANCED_FACE('',(#8911),#8922,.F.);
#8911 = FACE_BOUND('',#8912,.T.);
#8912 = EDGE_LOOP('',(#8913,#8914,#8920,#8921));
#8913 = ORIENTED_EDGE('',*,*,#8296,.T.);
#8914 = ORIENTED_EDGE('',*,*,#8915,.T.);
#8915 = EDGE_CURVE('',#8297,#8547,#8916,.T.);
#8916 = LINE('',#8917,#8918);
#8917 = CARTESIAN_POINT('',(30.634892,-30.32491,-4.6E-02));
#8918 = VECTOR('',#8919,1.);
#8919 = DIRECTION('',(0.,0.,1.));
#8920 = ORIENTED_EDGE('',*,*,#8546,.F.);
#8921 = ORIENTED_EDGE('',*,*,#8915,.F.);
#8922 = CYLINDRICAL_SURFACE('',#8923,0.325);
#8923 = AXIS2_PLACEMENT_3D('',#8924,#8925,#8926);
#8924 = CARTESIAN_POINT('',(30.634892,-29.99991,-4.6E-02));
#8925 = DIRECTION('',(-0.,-0.,-1.));
#8926 = DIRECTION('',(-0.,-1.,0.));
#8927 = ADVANCED_FACE('',(#8928),#8939,.F.);
#8928 = FACE_BOUND('',#8929,.T.);
#8929 = EDGE_LOOP('',(#8930,#8931,#8937,#8938));
#8930 = ORIENTED_EDGE('',*,*,#8307,.T.);
#8931 = ORIENTED_EDGE('',*,*,#8932,.T.);
#8932 = EDGE_CURVE('',#8308,#8558,#8933,.T.);
#8933 = LINE('',#8934,#8935);
#8934 = CARTESIAN_POINT('',(31.904892,-30.32491,-4.6E-02));
#8935 = VECTOR('',#8936,1.);
#8936 = DIRECTION('',(0.,0.,1.));
#8937 = ORIENTED_EDGE('',*,*,#8557,.F.);
#8938 = ORIENTED_EDGE('',*,*,#8932,.F.);
#8939 = CYLINDRICAL_SURFACE('',#8940,0.325);
#8940 = AXIS2_PLACEMENT_3D('',#8941,#8942,#8943);
#8941 = CARTESIAN_POINT('',(31.904892,-29.99991,-4.6E-02));
#8942 = DIRECTION('',(-0.,-0.,-1.));
#8943 = DIRECTION('',(-0.,-1.,0.));
#8944 = ADVANCED_FACE('',(#8945),#8956,.F.);
#8945 = FACE_BOUND('',#8946,.T.);
#8946 = EDGE_LOOP('',(#8947,#8948,#8954,#8955));
#8947 = ORIENTED_EDGE('',*,*,#8318,.T.);
#8948 = ORIENTED_EDGE('',*,*,#8949,.T.);
#8949 = EDGE_CURVE('',#8319,#8569,#8950,.T.);
#8950 = LINE('',#8951,#8952);
#8951 = CARTESIAN_POINT('',(33.174892,-30.32491,-4.6E-02));
#8952 = VECTOR('',#8953,1.);
#8953 = DIRECTION('',(0.,0.,1.));
#8954 = ORIENTED_EDGE('',*,*,#8568,.F.);
#8955 = ORIENTED_EDGE('',*,*,#8949,.F.);
#8956 = CYLINDRICAL_SURFACE('',#8957,0.325);
#8957 = AXIS2_PLACEMENT_3D('',#8958,#8959,#8960);
#8958 = CARTESIAN_POINT('',(33.174892,-29.99991,-4.6E-02));
#8959 = DIRECTION('',(-0.,-0.,-1.));
#8960 = DIRECTION('',(-0.,-1.,0.));
#8961 = ADVANCED_FACE('',(#8962),#8973,.F.);
#8962 = FACE_BOUND('',#8963,.T.);
#8963 = EDGE_LOOP('',(#8964,#8965,#8971,#8972));
#8964 = ORIENTED_EDGE('',*,*,#8329,.T.);
#8965 = ORIENTED_EDGE('',*,*,#8966,.T.);
#8966 = EDGE_CURVE('',#8330,#8580,#8967,.T.);
#8967 = LINE('',#8968,#8969);
#8968 = CARTESIAN_POINT('',(34.444892,-30.32491,-4.6E-02));
#8969 = VECTOR('',#8970,1.);
#8970 = DIRECTION('',(0.,0.,1.));
#8971 = ORIENTED_EDGE('',*,*,#8579,.F.);
#8972 = ORIENTED_EDGE('',*,*,#8966,.F.);
#8973 = CYLINDRICAL_SURFACE('',#8974,0.325);
#8974 = AXIS2_PLACEMENT_3D('',#8975,#8976,#8977);
#8975 = CARTESIAN_POINT('',(34.444892,-29.99991,-4.6E-02));
#8976 = DIRECTION('',(-0.,0.,-1.));
#8977 = DIRECTION('',(2.1862853408E-14,-1.,-0.));
#8978 = ( GEOMETRIC_REPRESENTATION_CONTEXT(3) 
GLOBAL_UNCERTAINTY_ASSIGNED_CONTEXT((#8982)) 
GLOBAL_UNIT_ASSIGNED_CONTEXT((#8979,#8980,#8981)) REPRESENTATION_CONTEXT
('Context #1','3D Context with UNIT and UNCERTAINTY') );
#8979 = ( LENGTH_UNIT() NAMED_UNIT(*) SI_UNIT(.MILLI.,.METRE.) );
#8980 = ( NAMED_UNIT(*) PLANE_ANGLE_UNIT() SI_UNIT($,.RADIAN.) );
#8981 = ( NAMED_UNIT(*) SI_UNIT($,.STERADIAN.) SOLID_ANGLE_UNIT() );
#8982 = UNCERTAINTY_MEASURE_WITH_UNIT(LENGTH_MEASURE(1.E-07),#8979,
  'distance_accuracy_value','confusion accuracy');
#8983 = CONTEXT_DEPENDENT_SHAPE_REPRESENTATION(#8984,#8986);
#8984 = ( REPRESENTATION_RELATIONSHIP('','',#7985,#10) 
REPRESENTATION_RELATIONSHIP_WITH_TRANSFORMATION(#8985) 
SHAPE_REPRESENTATION_RELATIONSHIP() );
#8985 = ITEM_DEFINED_TRANSFORMATION('','',#11,#147);
#8986 = PRODUCT_DEFINITION_SHAPE('Placement','Placement of an item',
  #8987);
#8987 = NEXT_ASSEMBLY_USAGE_OCCURRENCE('79','=>[0:1:1:8]','',#5,#7980,$
  );
#8988 = PRODUCT_RELATED_PRODUCT_CATEGORY('part',$,(#7982));
#8989 = MECHANICAL_DESIGN_GEOMETRIC_PRESENTATION_REPRESENTATION('',(
    #8990),#8978);
#8990 = STYLED_ITEM('color',(#8991),#7986);
#8991 = PRESENTATION_STYLE_ASSIGNMENT((#8992));
#8992 = SURFACE_STYLE_USAGE(.BOTH.,#8993);
#8993 = SURFACE_SIDE_STYLE('',(#8994));
#8994 = SURFACE_STYLE_FILL_AREA(#8995);
#8995 = FILL_AREA_STYLE('',(#8996));
#8996 = FILL_AREA_STYLE_COLOUR('',#8997);
#8997 = COLOUR_RGB('',0.313304153717,0.484529207832,0.410020903123);
ENDSEC;
END-ISO-10303-21;
