ISO-10303-21;
HEADER;
FILE_DESCRIPTION(('KiCad electronic assembly'),'2;1');
FILE_NAME('XIAO_ADAPTER.step','2026-01-14T17:02:25',('Pcbnew'),('Kicad')
  ,'Open CASCADE STEP processor 7.6','KiCad to STEP converter','Unknown'
  );
FILE_SCHEMA(('AUTOMOTIVE_DESIGN { 1 0 10303 214 1 1 1 1 }'));
ENDSEC;
DATA;
#1 = APPLICATION_PROTOCOL_DEFINITION('international standard',
  'automotive_design',2000,#2);
#2 = APPLICATION_CONTEXT(
  'core data for automotive mechanical design processes');
#3 = SHAPE_DEFINITION_REPRESENTATION(#4,#10);
#4 = PRODUCT_DEFINITION_SHAPE('','',#5);
#5 = PRODUCT_DEFINITION('design','',#6,#9);
#6 = PRODUCT_DEFINITION_FORMATION('','',#7);
#7 = PRODUCT('XIAO_ADAPTER 2','XIAO_ADAPTER 2','',(#8));
#8 = PRODUCT_CONTEXT('',#2,'mechanical');
#9 = PRODUCT_DEFINITION_CONTEXT('part definition',#2,'design');
#10 = SHAPE_REPRESENTATION('',(#11,#15,#19,#23),#27);
#11 = AXIS2_PLACEMENT_3D('',#12,#13,#14);
#12 = CARTESIAN_POINT('',(0.,0.,0.));
#13 = DIRECTION('',(0.,0.,1.));
#14 = DIRECTION('',(1.,0.,-0.));
#15 = AXIS2_PLACEMENT_3D('',#16,#17,#18);
#16 = CARTESIAN_POINT('',(107.599892,-111.49991,0.795));
#17 = DIRECTION('',(0.,0.,1.));
#18 = DIRECTION('',(1.,0.,0.));
#19 = AXIS2_PLACEMENT_3D('',#20,#21,#22);
#20 = CARTESIAN_POINT('',(102.389892,-115.68991,-0.485));
#21 = DIRECTION('',(0.,-1.224646799147E-16,-1.));
#22 = DIRECTION('',(1.,0.,0.));
#23 = AXIS2_PLACEMENT_3D('',#24,#25,#26);
#24 = CARTESIAN_POINT('',(0.,0.,0.));
#25 = DIRECTION('',(0.,0.,1.));
#26 = DIRECTION('',(1.,0.,-0.));
#27 = ( GEOMETRIC_REPRESENTATION_CONTEXT(3) 
GLOBAL_UNCERTAINTY_ASSIGNED_CONTEXT((#31)) GLOBAL_UNIT_ASSIGNED_CONTEXT(
(#28,#29,#30)) REPRESENTATION_CONTEXT('Context #1',
  '3D Context with UNIT and UNCERTAINTY') );
#28 = ( LENGTH_UNIT() NAMED_UNIT(*) SI_UNIT(.MILLI.,.METRE.) );
#29 = ( NAMED_UNIT(*) PLANE_ANGLE_UNIT() SI_UNIT($,.RADIAN.) );
#30 = ( NAMED_UNIT(*) SI_UNIT($,.STERADIAN.) SOLID_ANGLE_UNIT() );
#31 = UNCERTAINTY_MEASURE_WITH_UNIT(LENGTH_MEASURE(1.E-07),#28,
  'distance_accuracy_value','confusion accuracy');
#32 = PRODUCT_RELATED_PRODUCT_CATEGORY('part',$,(#7));
#33 = SHAPE_DEFINITION_REPRESENTATION(#34,#40);
#34 = PRODUCT_DEFINITION_SHAPE('','',#35);
#35 = PRODUCT_DEFINITION('design','',#36,#39);
#36 = PRODUCT_DEFINITION_FORMATION('','',#37);
#37 = PRODUCT('PinHeader_1x01_P1.27mm_Vertical',
  'PinHeader_1x01_P1.27mm_Vertical','',(#38));
#38 = PRODUCT_CONTEXT('',#2,'mechanical');
#39 = PRODUCT_DEFINITION_CONTEXT('part definition',#2,'design');
#40 = ADVANCED_BREP_SHAPE_REPRESENTATION('',(#11,#41),#799);
#41 = MANIFOLD_SOLID_BREP('',#42);
#42 = CLOSED_SHELL('',(#43,#83,#114,#145,#228,#311,#328,#345,#362,#379,
    #391,#422,#446,#470,#487,#518,#542,#566,#583,#614,#638,#662,#679,
    #710,#734,#758,#775,#787));
#43 = ADVANCED_FACE('',(#44),#78,.F.);
#44 = FACE_BOUND('',#45,.F.);
#45 = EDGE_LOOP('',(#46,#56,#64,#72));
#46 = ORIENTED_EDGE('',*,*,#47,.T.);
#47 = EDGE_CURVE('',#48,#50,#52,.T.);
#48 = VERTEX_POINT('',#49);
#49 = CARTESIAN_POINT('',(-0.923,0.635,0.));
#50 = VERTEX_POINT('',#51);
#51 = CARTESIAN_POINT('',(-0.923,0.635,1.));
#52 = LINE('',#53,#54);
#53 = CARTESIAN_POINT('',(-0.923,0.635,0.));
#54 = VECTOR('',#55,1.);
#55 = DIRECTION('',(0.,0.,1.));
#56 = ORIENTED_EDGE('',*,*,#57,.T.);
#57 = EDGE_CURVE('',#50,#58,#60,.T.);
#58 = VERTEX_POINT('',#59);
#59 = CARTESIAN_POINT('',(-1.05,0.508,1.));
#60 = LINE('',#61,#62);
#61 = CARTESIAN_POINT('',(-0.923,0.635,1.));
#62 = VECTOR('',#63,1.);
#63 = DIRECTION('',(-0.707106781187,-0.707106781187,0.));
#64 = ORIENTED_EDGE('',*,*,#65,.F.);
#65 = EDGE_CURVE('',#66,#58,#68,.T.);
#66 = VERTEX_POINT('',#67);
#67 = CARTESIAN_POINT('',(-1.05,0.508,0.));
#68 = LINE('',#69,#70);
#69 = CARTESIAN_POINT('',(-1.05,0.508,0.));
#70 = VECTOR('',#71,1.);
#71 = DIRECTION('',(0.,0.,1.));
#72 = ORIENTED_EDGE('',*,*,#73,.F.);
#73 = EDGE_CURVE('',#48,#66,#74,.T.);
#74 = LINE('',#75,#76);
#75 = CARTESIAN_POINT('',(-0.923,0.635,0.));
#76 = VECTOR('',#77,1.);
#77 = DIRECTION('',(-0.707106781187,-0.707106781187,0.));
#78 = PLANE('',#79);
#79 = AXIS2_PLACEMENT_3D('',#80,#81,#82);
#80 = CARTESIAN_POINT('',(-0.923,0.635,0.));
#81 = DIRECTION('',(0.707106781187,-0.707106781187,0.));
#82 = DIRECTION('',(-0.707106781187,-0.707106781187,0.));
#83 = ADVANCED_FACE('',(#84),#109,.F.);
#84 = FACE_BOUND('',#85,.F.);
#85 = EDGE_LOOP('',(#86,#96,#102,#103));
#86 = ORIENTED_EDGE('',*,*,#87,.T.);
#87 = EDGE_CURVE('',#88,#90,#92,.T.);
#88 = VERTEX_POINT('',#89);
#89 = CARTESIAN_POINT('',(0.923,0.635,0.));
#90 = VERTEX_POINT('',#91);
#91 = CARTESIAN_POINT('',(0.923,0.635,1.));
#92 = LINE('',#93,#94);
#93 = CARTESIAN_POINT('',(0.923,0.635,0.));
#94 = VECTOR('',#95,1.);
#95 = DIRECTION('',(0.,0.,1.));
#96 = ORIENTED_EDGE('',*,*,#97,.T.);
#97 = EDGE_CURVE('',#90,#50,#98,.T.);
#98 = LINE('',#99,#100);
#99 = CARTESIAN_POINT('',(0.923,0.635,1.));
#100 = VECTOR('',#101,1.);
#101 = DIRECTION('',(-1.,0.,0.));
#102 = ORIENTED_EDGE('',*,*,#47,.F.);
#103 = ORIENTED_EDGE('',*,*,#104,.F.);
#104 = EDGE_CURVE('',#88,#48,#105,.T.);
#105 = LINE('',#106,#107);
#106 = CARTESIAN_POINT('',(0.923,0.635,0.));
#107 = VECTOR('',#108,1.);
#108 = DIRECTION('',(-1.,0.,0.));
#109 = PLANE('',#110);
#110 = AXIS2_PLACEMENT_3D('',#111,#112,#113);
#111 = CARTESIAN_POINT('',(0.923,0.635,0.));
#112 = DIRECTION('',(0.,-1.,0.));
#113 = DIRECTION('',(-1.,0.,0.));
#114 = ADVANCED_FACE('',(#115),#140,.F.);
#115 = FACE_BOUND('',#116,.F.);
#116 = EDGE_LOOP('',(#117,#118,#126,#134));
#117 = ORIENTED_EDGE('',*,*,#65,.T.);
#118 = ORIENTED_EDGE('',*,*,#119,.T.);
#119 = EDGE_CURVE('',#58,#120,#122,.T.);
#120 = VERTEX_POINT('',#121);
#121 = CARTESIAN_POINT('',(-1.05,-0.508,1.));
#122 = LINE('',#123,#124);
#123 = CARTESIAN_POINT('',(-1.05,0.508,1.));
#124 = VECTOR('',#125,1.);
#125 = DIRECTION('',(0.,-1.,0.));
#126 = ORIENTED_EDGE('',*,*,#127,.F.);
#127 = EDGE_CURVE('',#128,#120,#130,.T.);
#128 = VERTEX_POINT('',#129);
#129 = CARTESIAN_POINT('',(-1.05,-0.508,0.));
#130 = LINE('',#131,#132);
#131 = CARTESIAN_POINT('',(-1.05,-0.508,0.));
#132 = VECTOR('',#133,1.);
#133 = DIRECTION('',(0.,0.,1.));
#134 = ORIENTED_EDGE('',*,*,#135,.F.);
#135 = EDGE_CURVE('',#66,#128,#136,.T.);
#136 = LINE('',#137,#138);
#137 = CARTESIAN_POINT('',(-1.05,0.508,0.));
#138 = VECTOR('',#139,1.);
#139 = DIRECTION('',(0.,-1.,0.));
#140 = PLANE('',#141);
#141 = AXIS2_PLACEMENT_3D('',#142,#143,#144);
#142 = CARTESIAN_POINT('',(-1.05,0.508,0.));
#143 = DIRECTION('',(1.,0.,0.));
#144 = DIRECTION('',(0.,-1.,0.));
#145 = ADVANCED_FACE('',(#146,#189),#223,.F.);
#146 = FACE_BOUND('',#147,.F.);
#147 = EDGE_LOOP('',(#148,#149,#150,#158,#166,#174,#182,#188));
#148 = ORIENTED_EDGE('',*,*,#73,.T.);
#149 = ORIENTED_EDGE('',*,*,#135,.T.);
#150 = ORIENTED_EDGE('',*,*,#151,.T.);
#151 = EDGE_CURVE('',#128,#152,#154,.T.);
#152 = VERTEX_POINT('',#153);
#153 = CARTESIAN_POINT('',(-0.923,-0.635,0.));
#154 = LINE('',#155,#156);
#155 = CARTESIAN_POINT('',(-1.05,-0.508,0.));
#156 = VECTOR('',#157,1.);
#157 = DIRECTION('',(0.707106781187,-0.707106781187,0.));
#158 = ORIENTED_EDGE('',*,*,#159,.T.);
#159 = EDGE_CURVE('',#152,#160,#162,.T.);
#160 = VERTEX_POINT('',#161);
#161 = CARTESIAN_POINT('',(0.923,-0.635,0.));
#162 = LINE('',#163,#164);
#163 = CARTESIAN_POINT('',(-0.923,-0.635,0.));
#164 = VECTOR('',#165,1.);
#165 = DIRECTION('',(1.,0.,0.));
#166 = ORIENTED_EDGE('',*,*,#167,.T.);
#167 = EDGE_CURVE('',#160,#168,#170,.T.);
#168 = VERTEX_POINT('',#169);
#169 = CARTESIAN_POINT('',(1.05,-0.508,0.));
#170 = LINE('',#171,#172);
#171 = CARTESIAN_POINT('',(0.923,-0.635,0.));
#172 = VECTOR('',#173,1.);
#173 = DIRECTION('',(0.707106781187,0.707106781187,0.));
#174 = ORIENTED_EDGE('',*,*,#175,.T.);
#175 = EDGE_CURVE('',#168,#176,#178,.T.);
#176 = VERTEX_POINT('',#177);
#177 = CARTESIAN_POINT('',(1.05,0.508,0.));
#178 = LINE('',#179,#180);
#179 = CARTESIAN_POINT('',(1.05,-0.508,0.));
#180 = VECTOR('',#181,1.);
#181 = DIRECTION('',(0.,1.,0.));
#182 = ORIENTED_EDGE('',*,*,#183,.T.);
#183 = EDGE_CURVE('',#176,#88,#184,.T.);
#184 = LINE('',#185,#186);
#185 = CARTESIAN_POINT('',(1.05,0.508,0.));
#186 = VECTOR('',#187,1.);
#187 = DIRECTION('',(-0.707106781187,0.707106781187,0.));
#188 = ORIENTED_EDGE('',*,*,#104,.T.);
#189 = FACE_BOUND('',#190,.F.);
#190 = EDGE_LOOP('',(#191,#201,#209,#217));
#191 = ORIENTED_EDGE('',*,*,#192,.T.);
#192 = EDGE_CURVE('',#193,#195,#197,.T.);
#193 = VERTEX_POINT('',#194);
#194 = CARTESIAN_POINT('',(0.2,-0.2,0.));
#195 = VERTEX_POINT('',#196);
#196 = CARTESIAN_POINT('',(-0.2,-0.2,0.));
#197 = LINE('',#198,#199);
#198 = CARTESIAN_POINT('',(-0.1,-0.2,0.));
#199 = VECTOR('',#200,1.);
#200 = DIRECTION('',(-1.,0.,0.));
#201 = ORIENTED_EDGE('',*,*,#202,.T.);
#202 = EDGE_CURVE('',#195,#203,#205,.T.);
#203 = VERTEX_POINT('',#204);
#204 = CARTESIAN_POINT('',(-0.2,0.2,0.));
#205 = LINE('',#206,#207);
#206 = CARTESIAN_POINT('',(-0.2,-0.1,0.));
#207 = VECTOR('',#208,1.);
#208 = DIRECTION('',(0.,1.,0.));
#209 = ORIENTED_EDGE('',*,*,#210,.F.);
#210 = EDGE_CURVE('',#211,#203,#213,.T.);
#211 = VERTEX_POINT('',#212);
#212 = CARTESIAN_POINT('',(0.2,0.2,0.));
#213 = LINE('',#214,#215);
#214 = CARTESIAN_POINT('',(-0.1,0.2,0.));
#215 = VECTOR('',#216,1.);
#216 = DIRECTION('',(-1.,0.,0.));
#217 = ORIENTED_EDGE('',*,*,#218,.F.);
#218 = EDGE_CURVE('',#193,#211,#219,.T.);
#219 = LINE('',#220,#221);
#220 = CARTESIAN_POINT('',(0.2,-0.1,0.));
#221 = VECTOR('',#222,1.);
#222 = DIRECTION('',(0.,1.,0.));
#223 = PLANE('',#224);
#224 = AXIS2_PLACEMENT_3D('',#225,#226,#227);
#225 = CARTESIAN_POINT('',(1.72330108909E-17,0.,0.));
#226 = DIRECTION('',(0.,0.,1.));
#227 = DIRECTION('',(1.,0.,-0.));
#228 = ADVANCED_FACE('',(#229,#272),#306,.T.);
#229 = FACE_BOUND('',#230,.T.);
#230 = EDGE_LOOP('',(#231,#232,#233,#241,#249,#257,#265,#271));
#231 = ORIENTED_EDGE('',*,*,#57,.T.);
#232 = ORIENTED_EDGE('',*,*,#119,.T.);
#233 = ORIENTED_EDGE('',*,*,#234,.T.);
#234 = EDGE_CURVE('',#120,#235,#237,.T.);
#235 = VERTEX_POINT('',#236);
#236 = CARTESIAN_POINT('',(-0.923,-0.635,1.));
#237 = LINE('',#238,#239);
#238 = CARTESIAN_POINT('',(-1.05,-0.508,1.));
#239 = VECTOR('',#240,1.);
#240 = DIRECTION('',(0.707106781187,-0.707106781187,0.));
#241 = ORIENTED_EDGE('',*,*,#242,.T.);
#242 = EDGE_CURVE('',#235,#243,#245,.T.);
#243 = VERTEX_POINT('',#244);
#244 = CARTESIAN_POINT('',(0.923,-0.635,1.));
#245 = LINE('',#246,#247);
#246 = CARTESIAN_POINT('',(-0.923,-0.635,1.));
#247 = VECTOR('',#248,1.);
#248 = DIRECTION('',(1.,0.,0.));
#249 = ORIENTED_EDGE('',*,*,#250,.T.);
#250 = EDGE_CURVE('',#243,#251,#253,.T.);
#251 = VERTEX_POINT('',#252);
#252 = CARTESIAN_POINT('',(1.05,-0.508,1.));
#253 = LINE('',#254,#255);
#254 = CARTESIAN_POINT('',(0.923,-0.635,1.));
#255 = VECTOR('',#256,1.);
#256 = DIRECTION('',(0.707106781187,0.707106781187,0.));
#257 = ORIENTED_EDGE('',*,*,#258,.T.);
#258 = EDGE_CURVE('',#251,#259,#261,.T.);
#259 = VERTEX_POINT('',#260);
#260 = CARTESIAN_POINT('',(1.05,0.508,1.));
#261 = LINE('',#262,#263);
#262 = CARTESIAN_POINT('',(1.05,-0.508,1.));
#263 = VECTOR('',#264,1.);
#264 = DIRECTION('',(0.,1.,0.));
#265 = ORIENTED_EDGE('',*,*,#266,.T.);
#266 = EDGE_CURVE('',#259,#90,#267,.T.);
#267 = LINE('',#268,#269);
#268 = CARTESIAN_POINT('',(1.05,0.508,1.));
#269 = VECTOR('',#270,1.);
#270 = DIRECTION('',(-0.707106781187,0.707106781187,0.));
#271 = ORIENTED_EDGE('',*,*,#97,.T.);
#272 = FACE_BOUND('',#273,.T.);
#273 = EDGE_LOOP('',(#274,#284,#292,#300));
#274 = ORIENTED_EDGE('',*,*,#275,.T.);
#275 = EDGE_CURVE('',#276,#278,#280,.T.);
#276 = VERTEX_POINT('',#277);
#277 = CARTESIAN_POINT('',(0.2,-0.2,1.));
#278 = VERTEX_POINT('',#279);
#279 = CARTESIAN_POINT('',(-0.2,-0.2,1.));
#280 = LINE('',#281,#282);
#281 = CARTESIAN_POINT('',(-0.1,-0.2,1.));
#282 = VECTOR('',#283,1.);
#283 = DIRECTION('',(-1.,0.,0.));
#284 = ORIENTED_EDGE('',*,*,#285,.T.);
#285 = EDGE_CURVE('',#278,#286,#288,.T.);
#286 = VERTEX_POINT('',#287);
#287 = CARTESIAN_POINT('',(-0.2,0.2,1.));
#288 = LINE('',#289,#290);
#289 = CARTESIAN_POINT('',(-0.2,-0.1,1.));
#290 = VECTOR('',#291,1.);
#291 = DIRECTION('',(0.,1.,0.));
#292 = ORIENTED_EDGE('',*,*,#293,.F.);
#293 = EDGE_CURVE('',#294,#286,#296,.T.);
#294 = VERTEX_POINT('',#295);
#295 = CARTESIAN_POINT('',(0.2,0.2,1.));
#296 = LINE('',#297,#298);
#297 = CARTESIAN_POINT('',(-0.1,0.2,1.));
#298 = VECTOR('',#299,1.);
#299 = DIRECTION('',(-1.,0.,0.));
#300 = ORIENTED_EDGE('',*,*,#301,.F.);
#301 = EDGE_CURVE('',#276,#294,#302,.T.);
#302 = LINE('',#303,#304);
#303 = CARTESIAN_POINT('',(0.2,-0.1,1.));
#304 = VECTOR('',#305,1.);
#305 = DIRECTION('',(0.,1.,0.));
#306 = PLANE('',#307);
#307 = AXIS2_PLACEMENT_3D('',#308,#309,#310);
#308 = CARTESIAN_POINT('',(1.72330108909E-17,0.,1.));
#309 = DIRECTION('',(0.,0.,1.));
#310 = DIRECTION('',(1.,0.,-0.));
#311 = ADVANCED_FACE('',(#312),#323,.F.);
#312 = FACE_BOUND('',#313,.F.);
#313 = EDGE_LOOP('',(#314,#320,#321,#322));
#314 = ORIENTED_EDGE('',*,*,#315,.T.);
#315 = EDGE_CURVE('',#176,#259,#316,.T.);
#316 = LINE('',#317,#318);
#317 = CARTESIAN_POINT('',(1.05,0.508,0.));
#318 = VECTOR('',#319,1.);
#319 = DIRECTION('',(0.,0.,1.));
#320 = ORIENTED_EDGE('',*,*,#266,.T.);
#321 = ORIENTED_EDGE('',*,*,#87,.F.);
#322 = ORIENTED_EDGE('',*,*,#183,.F.);
#323 = PLANE('',#324);
#324 = AXIS2_PLACEMENT_3D('',#325,#326,#327);
#325 = CARTESIAN_POINT('',(1.05,0.508,0.));
#326 = DIRECTION('',(-0.707106781187,-0.707106781187,0.));
#327 = DIRECTION('',(-0.707106781187,0.707106781187,0.));
#328 = ADVANCED_FACE('',(#329),#340,.F.);
#329 = FACE_BOUND('',#330,.F.);
#330 = EDGE_LOOP('',(#331,#332,#333,#339));
#331 = ORIENTED_EDGE('',*,*,#127,.T.);
#332 = ORIENTED_EDGE('',*,*,#234,.T.);
#333 = ORIENTED_EDGE('',*,*,#334,.F.);
#334 = EDGE_CURVE('',#152,#235,#335,.T.);
#335 = LINE('',#336,#337);
#336 = CARTESIAN_POINT('',(-0.923,-0.635,0.));
#337 = VECTOR('',#338,1.);
#338 = DIRECTION('',(0.,0.,1.));
#339 = ORIENTED_EDGE('',*,*,#151,.F.);
#340 = PLANE('',#341);
#341 = AXIS2_PLACEMENT_3D('',#342,#343,#344);
#342 = CARTESIAN_POINT('',(-1.05,-0.508,0.));
#343 = DIRECTION('',(0.707106781187,0.707106781187,0.));
#344 = DIRECTION('',(0.707106781187,-0.707106781187,0.));
#345 = ADVANCED_FACE('',(#346),#357,.F.);
#346 = FACE_BOUND('',#347,.F.);
#347 = EDGE_LOOP('',(#348,#354,#355,#356));
#348 = ORIENTED_EDGE('',*,*,#349,.T.);
#349 = EDGE_CURVE('',#168,#251,#350,.T.);
#350 = LINE('',#351,#352);
#351 = CARTESIAN_POINT('',(1.05,-0.508,0.));
#352 = VECTOR('',#353,1.);
#353 = DIRECTION('',(0.,0.,1.));
#354 = ORIENTED_EDGE('',*,*,#258,.T.);
#355 = ORIENTED_EDGE('',*,*,#315,.F.);
#356 = ORIENTED_EDGE('',*,*,#175,.F.);
#357 = PLANE('',#358);
#358 = AXIS2_PLACEMENT_3D('',#359,#360,#361);
#359 = CARTESIAN_POINT('',(1.05,-0.508,0.));
#360 = DIRECTION('',(-1.,0.,0.));
#361 = DIRECTION('',(0.,1.,0.));
#362 = ADVANCED_FACE('',(#363),#374,.F.);
#363 = FACE_BOUND('',#364,.F.);
#364 = EDGE_LOOP('',(#365,#366,#367,#373));
#365 = ORIENTED_EDGE('',*,*,#334,.T.);
#366 = ORIENTED_EDGE('',*,*,#242,.T.);
#367 = ORIENTED_EDGE('',*,*,#368,.F.);
#368 = EDGE_CURVE('',#160,#243,#369,.T.);
#369 = LINE('',#370,#371);
#370 = CARTESIAN_POINT('',(0.923,-0.635,0.));
#371 = VECTOR('',#372,1.);
#372 = DIRECTION('',(0.,0.,1.));
#373 = ORIENTED_EDGE('',*,*,#159,.F.);
#374 = PLANE('',#375);
#375 = AXIS2_PLACEMENT_3D('',#376,#377,#378);
#376 = CARTESIAN_POINT('',(-0.923,-0.635,0.));
#377 = DIRECTION('',(0.,1.,0.));
#378 = DIRECTION('',(1.,0.,0.));
#379 = ADVANCED_FACE('',(#380),#386,.F.);
#380 = FACE_BOUND('',#381,.F.);
#381 = EDGE_LOOP('',(#382,#383,#384,#385));
#382 = ORIENTED_EDGE('',*,*,#368,.T.);
#383 = ORIENTED_EDGE('',*,*,#250,.T.);
#384 = ORIENTED_EDGE('',*,*,#349,.F.);
#385 = ORIENTED_EDGE('',*,*,#167,.F.);
#386 = PLANE('',#387);
#387 = AXIS2_PLACEMENT_3D('',#388,#389,#390);
#388 = CARTESIAN_POINT('',(0.923,-0.635,0.));
#389 = DIRECTION('',(-0.707106781187,0.707106781187,0.));
#390 = DIRECTION('',(0.707106781187,0.707106781187,0.));
#391 = ADVANCED_FACE('',(#392),#417,.F.);
#392 = FACE_BOUND('',#393,.F.);
#393 = EDGE_LOOP('',(#394,#402,#410,#416));
#394 = ORIENTED_EDGE('',*,*,#395,.F.);
#395 = EDGE_CURVE('',#396,#193,#398,.T.);
#396 = VERTEX_POINT('',#397);
#397 = CARTESIAN_POINT('',(0.2,-0.2,-2.2));
#398 = LINE('',#399,#400);
#399 = CARTESIAN_POINT('',(0.2,-0.2,-2.3));
#400 = VECTOR('',#401,1.);
#401 = DIRECTION('',(0.,0.,1.));
#402 = ORIENTED_EDGE('',*,*,#403,.F.);
#403 = EDGE_CURVE('',#404,#396,#406,.T.);
#404 = VERTEX_POINT('',#405);
#405 = CARTESIAN_POINT('',(-0.2,-0.2,-2.2));
#406 = LINE('',#407,#408);
#407 = CARTESIAN_POINT('',(-0.2,-0.2,-2.2));
#408 = VECTOR('',#409,1.);
#409 = DIRECTION('',(1.,0.,0.));
#410 = ORIENTED_EDGE('',*,*,#411,.T.);
#411 = EDGE_CURVE('',#404,#195,#412,.T.);
#412 = LINE('',#413,#414);
#413 = CARTESIAN_POINT('',(-0.2,-0.2,-2.3));
#414 = VECTOR('',#415,1.);
#415 = DIRECTION('',(0.,0.,1.));
#416 = ORIENTED_EDGE('',*,*,#192,.F.);
#417 = PLANE('',#418);
#418 = AXIS2_PLACEMENT_3D('',#419,#420,#421);
#419 = CARTESIAN_POINT('',(-0.2,-0.2,-2.3));
#420 = DIRECTION('',(0.,1.,0.));
#421 = DIRECTION('',(0.,-0.,1.));
#422 = ADVANCED_FACE('',(#423),#441,.T.);
#423 = FACE_BOUND('',#424,.T.);
#424 = EDGE_LOOP('',(#425,#426,#434,#440));
#425 = ORIENTED_EDGE('',*,*,#395,.F.);
#426 = ORIENTED_EDGE('',*,*,#427,.T.);
#427 = EDGE_CURVE('',#396,#428,#430,.T.);
#428 = VERTEX_POINT('',#429);
#429 = CARTESIAN_POINT('',(0.2,0.2,-2.2));
#430 = LINE('',#431,#432);
#431 = CARTESIAN_POINT('',(0.2,-0.2,-2.2));
#432 = VECTOR('',#433,1.);
#433 = DIRECTION('',(0.,1.,0.));
#434 = ORIENTED_EDGE('',*,*,#435,.T.);
#435 = EDGE_CURVE('',#428,#211,#436,.T.);
#436 = LINE('',#437,#438);
#437 = CARTESIAN_POINT('',(0.2,0.2,-2.3));
#438 = VECTOR('',#439,1.);
#439 = DIRECTION('',(0.,0.,1.));
#440 = ORIENTED_EDGE('',*,*,#218,.F.);
#441 = PLANE('',#442);
#442 = AXIS2_PLACEMENT_3D('',#443,#444,#445);
#443 = CARTESIAN_POINT('',(0.2,-0.2,-2.3));
#444 = DIRECTION('',(1.,0.,0.));
#445 = DIRECTION('',(0.,0.,1.));
#446 = ADVANCED_FACE('',(#447),#465,.T.);
#447 = FACE_BOUND('',#448,.T.);
#448 = EDGE_LOOP('',(#449,#450,#458,#464));
#449 = ORIENTED_EDGE('',*,*,#435,.F.);
#450 = ORIENTED_EDGE('',*,*,#451,.F.);
#451 = EDGE_CURVE('',#452,#428,#454,.T.);
#452 = VERTEX_POINT('',#453);
#453 = CARTESIAN_POINT('',(-0.2,0.2,-2.2));
#454 = LINE('',#455,#456);
#455 = CARTESIAN_POINT('',(-0.2,0.2,-2.2));
#456 = VECTOR('',#457,1.);
#457 = DIRECTION('',(1.,0.,0.));
#458 = ORIENTED_EDGE('',*,*,#459,.T.);
#459 = EDGE_CURVE('',#452,#203,#460,.T.);
#460 = LINE('',#461,#462);
#461 = CARTESIAN_POINT('',(-0.2,0.2,-2.3));
#462 = VECTOR('',#463,1.);
#463 = DIRECTION('',(0.,0.,1.));
#464 = ORIENTED_EDGE('',*,*,#210,.F.);
#465 = PLANE('',#466);
#466 = AXIS2_PLACEMENT_3D('',#467,#468,#469);
#467 = CARTESIAN_POINT('',(-0.2,0.2,-2.3));
#468 = DIRECTION('',(0.,1.,0.));
#469 = DIRECTION('',(0.,-0.,1.));
#470 = ADVANCED_FACE('',(#471),#482,.F.);
#471 = FACE_BOUND('',#472,.F.);
#472 = EDGE_LOOP('',(#473,#474,#480,#481));
#473 = ORIENTED_EDGE('',*,*,#411,.F.);
#474 = ORIENTED_EDGE('',*,*,#475,.T.);
#475 = EDGE_CURVE('',#404,#452,#476,.T.);
#476 = LINE('',#477,#478);
#477 = CARTESIAN_POINT('',(-0.2,-0.2,-2.2));
#478 = VECTOR('',#479,1.);
#479 = DIRECTION('',(0.,1.,0.));
#480 = ORIENTED_EDGE('',*,*,#459,.T.);
#481 = ORIENTED_EDGE('',*,*,#202,.F.);
#482 = PLANE('',#483);
#483 = AXIS2_PLACEMENT_3D('',#484,#485,#486);
#484 = CARTESIAN_POINT('',(-0.2,-0.2,-2.3));
#485 = DIRECTION('',(1.,0.,0.));
#486 = DIRECTION('',(0.,0.,1.));
#487 = ADVANCED_FACE('',(#488),#513,.F.);
#488 = FACE_BOUND('',#489,.F.);
#489 = EDGE_LOOP('',(#490,#498,#499,#507));
#490 = ORIENTED_EDGE('',*,*,#491,.F.);
#491 = EDGE_CURVE('',#276,#492,#494,.T.);
#492 = VERTEX_POINT('',#493);
#493 = CARTESIAN_POINT('',(0.2,-0.2,3.9));
#494 = LINE('',#495,#496);
#495 = CARTESIAN_POINT('',(0.2,-0.2,-2.3));
#496 = VECTOR('',#497,1.);
#497 = DIRECTION('',(0.,0.,1.));
#498 = ORIENTED_EDGE('',*,*,#275,.T.);
#499 = ORIENTED_EDGE('',*,*,#500,.T.);
#500 = EDGE_CURVE('',#278,#501,#503,.T.);
#501 = VERTEX_POINT('',#502);
#502 = CARTESIAN_POINT('',(-0.2,-0.2,3.9));
#503 = LINE('',#504,#505);
#504 = CARTESIAN_POINT('',(-0.2,-0.2,-2.3));
#505 = VECTOR('',#506,1.);
#506 = DIRECTION('',(0.,0.,1.));
#507 = ORIENTED_EDGE('',*,*,#508,.T.);
#508 = EDGE_CURVE('',#501,#492,#509,.T.);
#509 = LINE('',#510,#511);
#510 = CARTESIAN_POINT('',(-0.2,-0.2,3.9));
#511 = VECTOR('',#512,1.);
#512 = DIRECTION('',(1.,0.,0.));
#513 = PLANE('',#514);
#514 = AXIS2_PLACEMENT_3D('',#515,#516,#517);
#515 = CARTESIAN_POINT('',(-0.2,-0.2,-2.3));
#516 = DIRECTION('',(0.,1.,0.));
#517 = DIRECTION('',(0.,-0.,1.));
#518 = ADVANCED_FACE('',(#519),#537,.T.);
#519 = FACE_BOUND('',#520,.T.);
#520 = EDGE_LOOP('',(#521,#522,#523,#531));
#521 = ORIENTED_EDGE('',*,*,#491,.F.);
#522 = ORIENTED_EDGE('',*,*,#301,.T.);
#523 = ORIENTED_EDGE('',*,*,#524,.T.);
#524 = EDGE_CURVE('',#294,#525,#527,.T.);
#525 = VERTEX_POINT('',#526);
#526 = CARTESIAN_POINT('',(0.2,0.2,3.9));
#527 = LINE('',#528,#529);
#528 = CARTESIAN_POINT('',(0.2,0.2,-2.3));
#529 = VECTOR('',#530,1.);
#530 = DIRECTION('',(0.,0.,1.));
#531 = ORIENTED_EDGE('',*,*,#532,.F.);
#532 = EDGE_CURVE('',#492,#525,#533,.T.);
#533 = LINE('',#534,#535);
#534 = CARTESIAN_POINT('',(0.2,-0.2,3.9));
#535 = VECTOR('',#536,1.);
#536 = DIRECTION('',(0.,1.,0.));
#537 = PLANE('',#538);
#538 = AXIS2_PLACEMENT_3D('',#539,#540,#541);
#539 = CARTESIAN_POINT('',(0.2,-0.2,-2.3));
#540 = DIRECTION('',(1.,0.,0.));
#541 = DIRECTION('',(0.,0.,1.));
#542 = ADVANCED_FACE('',(#543),#561,.T.);
#543 = FACE_BOUND('',#544,.T.);
#544 = EDGE_LOOP('',(#545,#546,#547,#555));
#545 = ORIENTED_EDGE('',*,*,#524,.F.);
#546 = ORIENTED_EDGE('',*,*,#293,.T.);
#547 = ORIENTED_EDGE('',*,*,#548,.T.);
#548 = EDGE_CURVE('',#286,#549,#551,.T.);
#549 = VERTEX_POINT('',#550);
#550 = CARTESIAN_POINT('',(-0.2,0.2,3.9));
#551 = LINE('',#552,#553);
#552 = CARTESIAN_POINT('',(-0.2,0.2,-2.3));
#553 = VECTOR('',#554,1.);
#554 = DIRECTION('',(0.,0.,1.));
#555 = ORIENTED_EDGE('',*,*,#556,.T.);
#556 = EDGE_CURVE('',#549,#525,#557,.T.);
#557 = LINE('',#558,#559);
#558 = CARTESIAN_POINT('',(-0.2,0.2,3.9));
#559 = VECTOR('',#560,1.);
#560 = DIRECTION('',(1.,0.,0.));
#561 = PLANE('',#562);
#562 = AXIS2_PLACEMENT_3D('',#563,#564,#565);
#563 = CARTESIAN_POINT('',(-0.2,0.2,-2.3));
#564 = DIRECTION('',(0.,1.,0.));
#565 = DIRECTION('',(0.,-0.,1.));
#566 = ADVANCED_FACE('',(#567),#578,.F.);
#567 = FACE_BOUND('',#568,.F.);
#568 = EDGE_LOOP('',(#569,#570,#571,#572));
#569 = ORIENTED_EDGE('',*,*,#500,.F.);
#570 = ORIENTED_EDGE('',*,*,#285,.T.);
#571 = ORIENTED_EDGE('',*,*,#548,.T.);
#572 = ORIENTED_EDGE('',*,*,#573,.F.);
#573 = EDGE_CURVE('',#501,#549,#574,.T.);
#574 = LINE('',#575,#576);
#575 = CARTESIAN_POINT('',(-0.2,-0.2,3.9));
#576 = VECTOR('',#577,1.);
#577 = DIRECTION('',(0.,1.,0.));
#578 = PLANE('',#579);
#579 = AXIS2_PLACEMENT_3D('',#580,#581,#582);
#580 = CARTESIAN_POINT('',(-0.2,-0.2,-2.3));
#581 = DIRECTION('',(1.,0.,0.));
#582 = DIRECTION('',(0.,0.,1.));
#583 = ADVANCED_FACE('',(#584),#609,.T.);
#584 = FACE_BOUND('',#585,.F.);
#585 = EDGE_LOOP('',(#586,#594,#595,#603));
#586 = ORIENTED_EDGE('',*,*,#587,.F.);
#587 = EDGE_CURVE('',#404,#588,#590,.T.);
#588 = VERTEX_POINT('',#589);
#589 = CARTESIAN_POINT('',(-0.1,-0.1,-2.3));
#590 = LINE('',#591,#592);
#591 = CARTESIAN_POINT('',(-0.166666666667,-0.166666666667,
    -2.233333333333));
#592 = VECTOR('',#593,1.);
#593 = DIRECTION('',(0.57735026919,0.57735026919,-0.57735026919));
#594 = ORIENTED_EDGE('',*,*,#403,.T.);
#595 = ORIENTED_EDGE('',*,*,#596,.T.);
#596 = EDGE_CURVE('',#396,#597,#599,.T.);
#597 = VERTEX_POINT('',#598);
#598 = CARTESIAN_POINT('',(0.1,-0.1,-2.3));
#599 = LINE('',#600,#601);
#600 = CARTESIAN_POINT('',(0.1,-0.1,-2.3));
#601 = VECTOR('',#602,1.);
#602 = DIRECTION('',(-0.57735026919,0.57735026919,-0.57735026919));
#603 = ORIENTED_EDGE('',*,*,#604,.F.);
#604 = EDGE_CURVE('',#588,#597,#605,.T.);
#605 = LINE('',#606,#607);
#606 = CARTESIAN_POINT('',(-0.2,-0.1,-2.3));
#607 = VECTOR('',#608,1.);
#608 = DIRECTION('',(1.,0.,0.));
#609 = PLANE('',#610);
#610 = AXIS2_PLACEMENT_3D('',#611,#612,#613);
#611 = CARTESIAN_POINT('',(-0.2,-0.15,-2.25));
#612 = DIRECTION('',(1.734896939651E-18,-0.707106781187,-0.707106781187)
  );
#613 = DIRECTION('',(-1.,-1.226757390687E-18,-1.226757390687E-18));
#614 = ADVANCED_FACE('',(#615),#633,.F.);
#615 = FACE_BOUND('',#616,.F.);
#616 = EDGE_LOOP('',(#617,#618,#619,#627));
#617 = ORIENTED_EDGE('',*,*,#596,.F.);
#618 = ORIENTED_EDGE('',*,*,#427,.T.);
#619 = ORIENTED_EDGE('',*,*,#620,.T.);
#620 = EDGE_CURVE('',#428,#621,#623,.T.);
#621 = VERTEX_POINT('',#622);
#622 = CARTESIAN_POINT('',(0.1,0.1,-2.3));
#623 = LINE('',#624,#625);
#624 = CARTESIAN_POINT('',(3.333333333333E-02,3.333333333333E-02,
    -2.366666666667));
#625 = VECTOR('',#626,1.);
#626 = DIRECTION('',(-0.57735026919,-0.57735026919,-0.57735026919));
#627 = ORIENTED_EDGE('',*,*,#628,.F.);
#628 = EDGE_CURVE('',#597,#621,#629,.T.);
#629 = LINE('',#630,#631);
#630 = CARTESIAN_POINT('',(0.1,-0.2,-2.3));
#631 = VECTOR('',#632,1.);
#632 = DIRECTION('',(0.,1.,0.));
#633 = PLANE('',#634);
#634 = AXIS2_PLACEMENT_3D('',#635,#636,#637);
#635 = CARTESIAN_POINT('',(0.15,-0.2,-2.25));
#636 = DIRECTION('',(-0.707106781187,1.734896939651E-18,0.707106781187)
  );
#637 = DIRECTION('',(1.226757390687E-18,1.,-1.226757390687E-18));
#638 = ADVANCED_FACE('',(#639),#657,.F.);
#639 = FACE_BOUND('',#640,.T.);
#640 = EDGE_LOOP('',(#641,#649,#650,#651));
#641 = ORIENTED_EDGE('',*,*,#642,.F.);
#642 = EDGE_CURVE('',#452,#643,#645,.T.);
#643 = VERTEX_POINT('',#644);
#644 = CARTESIAN_POINT('',(-0.1,0.1,-2.3));
#645 = LINE('',#646,#647);
#646 = CARTESIAN_POINT('',(-0.1,0.1,-2.3));
#647 = VECTOR('',#648,1.);
#648 = DIRECTION('',(0.57735026919,-0.57735026919,-0.57735026919));
#649 = ORIENTED_EDGE('',*,*,#451,.T.);
#650 = ORIENTED_EDGE('',*,*,#620,.T.);
#651 = ORIENTED_EDGE('',*,*,#652,.F.);
#652 = EDGE_CURVE('',#643,#621,#653,.T.);
#653 = LINE('',#654,#655);
#654 = CARTESIAN_POINT('',(-0.2,0.1,-2.3));
#655 = VECTOR('',#656,1.);
#656 = DIRECTION('',(1.,0.,0.));
#657 = PLANE('',#658);
#658 = AXIS2_PLACEMENT_3D('',#659,#660,#661);
#659 = CARTESIAN_POINT('',(-0.2,0.15,-2.25));
#660 = DIRECTION('',(-1.734896939651E-18,-0.707106781187,0.707106781187)
  );
#661 = DIRECTION('',(-1.,1.226757390687E-18,-1.226757390687E-18));
#662 = ADVANCED_FACE('',(#663),#674,.T.);
#663 = FACE_BOUND('',#664,.T.);
#664 = EDGE_LOOP('',(#665,#666,#667,#668));
#665 = ORIENTED_EDGE('',*,*,#587,.F.);
#666 = ORIENTED_EDGE('',*,*,#475,.T.);
#667 = ORIENTED_EDGE('',*,*,#642,.T.);
#668 = ORIENTED_EDGE('',*,*,#669,.F.);
#669 = EDGE_CURVE('',#588,#643,#670,.T.);
#670 = LINE('',#671,#672);
#671 = CARTESIAN_POINT('',(-0.1,-0.2,-2.3));
#672 = VECTOR('',#673,1.);
#673 = DIRECTION('',(0.,1.,0.));
#674 = PLANE('',#675);
#675 = AXIS2_PLACEMENT_3D('',#676,#677,#678);
#676 = CARTESIAN_POINT('',(-0.15,-0.2,-2.25));
#677 = DIRECTION('',(-0.707106781187,-1.734896939651E-18,-0.707106781187
    ));
#678 = DIRECTION('',(-1.226757390687E-18,1.,-1.226757390687E-18));
#679 = ADVANCED_FACE('',(#680),#705,.F.);
#680 = FACE_BOUND('',#681,.T.);
#681 = EDGE_LOOP('',(#682,#690,#691,#699));
#682 = ORIENTED_EDGE('',*,*,#683,.F.);
#683 = EDGE_CURVE('',#501,#684,#686,.T.);
#684 = VERTEX_POINT('',#685);
#685 = CARTESIAN_POINT('',(-0.1,-0.1,4.));
#686 = LINE('',#687,#688);
#687 = CARTESIAN_POINT('',(-0.166666666667,-0.166666666667,
    3.933333333333));
#688 = VECTOR('',#689,1.);
#689 = DIRECTION('',(0.57735026919,0.57735026919,0.57735026919));
#690 = ORIENTED_EDGE('',*,*,#508,.T.);
#691 = ORIENTED_EDGE('',*,*,#692,.T.);
#692 = EDGE_CURVE('',#492,#693,#695,.T.);
#693 = VERTEX_POINT('',#694);
#694 = CARTESIAN_POINT('',(0.1,-0.1,4.));
#695 = LINE('',#696,#697);
#696 = CARTESIAN_POINT('',(0.1,-0.1,4.));
#697 = VECTOR('',#698,1.);
#698 = DIRECTION('',(-0.57735026919,0.57735026919,0.57735026919));
#699 = ORIENTED_EDGE('',*,*,#700,.F.);
#700 = EDGE_CURVE('',#684,#693,#701,.T.);
#701 = LINE('',#702,#703);
#702 = CARTESIAN_POINT('',(-0.2,-0.1,4.));
#703 = VECTOR('',#704,1.);
#704 = DIRECTION('',(1.,0.,0.));
#705 = PLANE('',#706);
#706 = AXIS2_PLACEMENT_3D('',#707,#708,#709);
#707 = CARTESIAN_POINT('',(-0.2,-0.15,3.95));
#708 = DIRECTION('',(-1.734896939651E-18,0.707106781187,-0.707106781187)
  );
#709 = DIRECTION('',(-1.,-1.226757390687E-18,1.226757390687E-18));
#710 = ADVANCED_FACE('',(#711),#729,.T.);
#711 = FACE_BOUND('',#712,.T.);
#712 = EDGE_LOOP('',(#713,#714,#715,#723));
#713 = ORIENTED_EDGE('',*,*,#692,.F.);
#714 = ORIENTED_EDGE('',*,*,#532,.T.);
#715 = ORIENTED_EDGE('',*,*,#716,.T.);
#716 = EDGE_CURVE('',#525,#717,#719,.T.);
#717 = VERTEX_POINT('',#718);
#718 = CARTESIAN_POINT('',(0.1,0.1,4.));
#719 = LINE('',#720,#721);
#720 = CARTESIAN_POINT('',(3.333333333333E-02,3.333333333333E-02,
    4.066666666667));
#721 = VECTOR('',#722,1.);
#722 = DIRECTION('',(-0.57735026919,-0.57735026919,0.57735026919));
#723 = ORIENTED_EDGE('',*,*,#724,.F.);
#724 = EDGE_CURVE('',#693,#717,#725,.T.);
#725 = LINE('',#726,#727);
#726 = CARTESIAN_POINT('',(0.1,-0.2,4.));
#727 = VECTOR('',#728,1.);
#728 = DIRECTION('',(0.,1.,0.));
#729 = PLANE('',#730);
#730 = AXIS2_PLACEMENT_3D('',#731,#732,#733);
#731 = CARTESIAN_POINT('',(0.15,-0.2,3.95));
#732 = DIRECTION('',(0.707106781187,-1.734896939651E-18,0.707106781187)
  );
#733 = DIRECTION('',(1.226757390687E-18,1.,1.226757390687E-18));
#734 = ADVANCED_FACE('',(#735),#753,.T.);
#735 = FACE_BOUND('',#736,.F.);
#736 = EDGE_LOOP('',(#737,#745,#746,#747));
#737 = ORIENTED_EDGE('',*,*,#738,.F.);
#738 = EDGE_CURVE('',#549,#739,#741,.T.);
#739 = VERTEX_POINT('',#740);
#740 = CARTESIAN_POINT('',(-0.1,0.1,4.));
#741 = LINE('',#742,#743);
#742 = CARTESIAN_POINT('',(-0.1,0.1,4.));
#743 = VECTOR('',#744,1.);
#744 = DIRECTION('',(0.57735026919,-0.57735026919,0.57735026919));
#745 = ORIENTED_EDGE('',*,*,#556,.T.);
#746 = ORIENTED_EDGE('',*,*,#716,.T.);
#747 = ORIENTED_EDGE('',*,*,#748,.F.);
#748 = EDGE_CURVE('',#739,#717,#749,.T.);
#749 = LINE('',#750,#751);
#750 = CARTESIAN_POINT('',(-0.2,0.1,4.));
#751 = VECTOR('',#752,1.);
#752 = DIRECTION('',(1.,0.,0.));
#753 = PLANE('',#754);
#754 = AXIS2_PLACEMENT_3D('',#755,#756,#757);
#755 = CARTESIAN_POINT('',(-0.2,0.15,3.95));
#756 = DIRECTION('',(1.734896939651E-18,0.707106781187,0.707106781187));
#757 = DIRECTION('',(-1.,1.226757390687E-18,1.226757390687E-18));
#758 = ADVANCED_FACE('',(#759),#770,.F.);
#759 = FACE_BOUND('',#760,.F.);
#760 = EDGE_LOOP('',(#761,#762,#763,#764));
#761 = ORIENTED_EDGE('',*,*,#683,.F.);
#762 = ORIENTED_EDGE('',*,*,#573,.T.);
#763 = ORIENTED_EDGE('',*,*,#738,.T.);
#764 = ORIENTED_EDGE('',*,*,#765,.F.);
#765 = EDGE_CURVE('',#684,#739,#766,.T.);
#766 = LINE('',#767,#768);
#767 = CARTESIAN_POINT('',(-0.1,-0.2,4.));
#768 = VECTOR('',#769,1.);
#769 = DIRECTION('',(0.,1.,0.));
#770 = PLANE('',#771);
#771 = AXIS2_PLACEMENT_3D('',#772,#773,#774);
#772 = CARTESIAN_POINT('',(-0.15,-0.2,3.95));
#773 = DIRECTION('',(0.707106781187,1.734896939651E-18,-0.707106781187)
  );
#774 = DIRECTION('',(-1.226757390687E-18,1.,1.226757390687E-18));
#775 = ADVANCED_FACE('',(#776),#782,.F.);
#776 = FACE_BOUND('',#777,.F.);
#777 = EDGE_LOOP('',(#778,#779,#780,#781));
#778 = ORIENTED_EDGE('',*,*,#669,.F.);
#779 = ORIENTED_EDGE('',*,*,#604,.T.);
#780 = ORIENTED_EDGE('',*,*,#628,.T.);
#781 = ORIENTED_EDGE('',*,*,#652,.F.);
#782 = PLANE('',#783);
#783 = AXIS2_PLACEMENT_3D('',#784,#785,#786);
#784 = CARTESIAN_POINT('',(-0.2,-0.2,-2.3));
#785 = DIRECTION('',(0.,0.,1.));
#786 = DIRECTION('',(1.,0.,-0.));
#787 = ADVANCED_FACE('',(#788),#794,.T.);
#788 = FACE_BOUND('',#789,.T.);
#789 = EDGE_LOOP('',(#790,#791,#792,#793));
#790 = ORIENTED_EDGE('',*,*,#700,.T.);
#791 = ORIENTED_EDGE('',*,*,#724,.T.);
#792 = ORIENTED_EDGE('',*,*,#748,.F.);
#793 = ORIENTED_EDGE('',*,*,#765,.F.);
#794 = PLANE('',#795);
#795 = AXIS2_PLACEMENT_3D('',#796,#797,#798);
#796 = CARTESIAN_POINT('',(-0.2,-0.2,4.));
#797 = DIRECTION('',(0.,0.,1.));
#798 = DIRECTION('',(1.,0.,-0.));
#799 = ( GEOMETRIC_REPRESENTATION_CONTEXT(3) 
GLOBAL_UNCERTAINTY_ASSIGNED_CONTEXT((#803)) GLOBAL_UNIT_ASSIGNED_CONTEXT
((#800,#801,#802)) REPRESENTATION_CONTEXT('Context #1',
  '3D Context with UNIT and UNCERTAINTY') );
#800 = ( LENGTH_UNIT() NAMED_UNIT(*) SI_UNIT(.MILLI.,.METRE.) );
#801 = ( NAMED_UNIT(*) PLANE_ANGLE_UNIT() SI_UNIT($,.RADIAN.) );
#802 = ( NAMED_UNIT(*) SI_UNIT($,.STERADIAN.) SOLID_ANGLE_UNIT() );
#803 = UNCERTAINTY_MEASURE_WITH_UNIT(LENGTH_MEASURE(1.E-07),#800,
  'distance_accuracy_value','confusion accuracy');
#804 = CONTEXT_DEPENDENT_SHAPE_REPRESENTATION(#805,#807);
#805 = ( REPRESENTATION_RELATIONSHIP('','',#40,#10) 
REPRESENTATION_RELATIONSHIP_WITH_TRANSFORMATION(#806) 
SHAPE_REPRESENTATION_RELATIONSHIP() );
#806 = ITEM_DEFINED_TRANSFORMATION('','',#11,#15);
#807 = PRODUCT_DEFINITION_SHAPE('Placement','Placement of an item',#808
  );
#808 = NEXT_ASSEMBLY_USAGE_OCCURRENCE('78','J5','',#5,#35,$);
#809 = PRODUCT_RELATED_PRODUCT_CATEGORY('part',$,(#37));
#810 = SHAPE_DEFINITION_REPRESENTATION(#811,#817);
#811 = PRODUCT_DEFINITION_SHAPE('','',#812);
#812 = PRODUCT_DEFINITION('design','',#813,#816);
#813 = PRODUCT_DEFINITION_FORMATION('','',#814);
#814 = PRODUCT('C41370707','C41370707','',(#815));
#815 = PRODUCT_CONTEXT('',#2,'mechanical');
#816 = PRODUCT_DEFINITION_CONTEXT('part definition',#2,'design');
#817 = SHAPE_REPRESENTATION('',(#11,#818,#822,#826,#830,#834,#838,#842,
    #846,#850,#854,#858,#862,#866,#870,#874,#878,#882,#886,#890,#894,
    #898,#902,#906,#910,#914,#918,#922),#926);
#818 = AXIS2_PLACEMENT_3D('',#819,#820,#821);
#819 = CARTESIAN_POINT('',(0.,0.,0.));
#820 = DIRECTION('',(0.,0.,1.));
#821 = DIRECTION('',(1.,0.,-0.));
#822 = AXIS2_PLACEMENT_3D('',#823,#824,#825);
#823 = CARTESIAN_POINT('',(0.,0.,0.));
#824 = DIRECTION('',(0.,0.,1.));
#825 = DIRECTION('',(1.,0.,-0.));
#826 = AXIS2_PLACEMENT_3D('',#827,#828,#829);
#827 = CARTESIAN_POINT('',(0.,0.,0.));
#828 = DIRECTION('',(0.,0.,1.));
#829 = DIRECTION('',(1.,0.,-0.));
#830 = AXIS2_PLACEMENT_3D('',#831,#832,#833);
#831 = CARTESIAN_POINT('',(0.,0.,0.));
#832 = DIRECTION('',(0.,0.,1.));
#833 = DIRECTION('',(1.,0.,-0.));
#834 = AXIS2_PLACEMENT_3D('',#835,#836,#837);
#835 = CARTESIAN_POINT('',(0.,0.,0.));
#836 = DIRECTION('',(0.,0.,1.));
#837 = DIRECTION('',(1.,0.,-0.));
#838 = AXIS2_PLACEMENT_3D('',#839,#840,#841);
#839 = CARTESIAN_POINT('',(0.,0.,0.));
#840 = DIRECTION('',(0.,0.,1.));
#841 = DIRECTION('',(1.,0.,-0.));
#842 = AXIS2_PLACEMENT_3D('',#843,#844,#845);
#843 = CARTESIAN_POINT('',(0.,0.,0.));
#844 = DIRECTION('',(0.,0.,1.));
#845 = DIRECTION('',(1.,0.,-0.));
#846 = AXIS2_PLACEMENT_3D('',#847,#848,#849);
#847 = CARTESIAN_POINT('',(0.,0.,0.));
#848 = DIRECTION('',(0.,0.,1.));
#849 = DIRECTION('',(1.,0.,-0.));
#850 = AXIS2_PLACEMENT_3D('',#851,#852,#853);
#851 = CARTESIAN_POINT('',(0.,0.,0.));
#852 = DIRECTION('',(0.,0.,1.));
#853 = DIRECTION('',(1.,0.,-0.));
#854 = AXIS2_PLACEMENT_3D('',#855,#856,#857);
#855 = CARTESIAN_POINT('',(0.,0.,0.));
#856 = DIRECTION('',(0.,0.,1.));
#857 = DIRECTION('',(1.,0.,-0.));
#858 = AXIS2_PLACEMENT_3D('',#859,#860,#861);
#859 = CARTESIAN_POINT('',(0.,0.,0.));
#860 = DIRECTION('',(0.,0.,1.));
#861 = DIRECTION('',(1.,0.,-0.));
#862 = AXIS2_PLACEMENT_3D('',#863,#864,#865);
#863 = CARTESIAN_POINT('',(0.,0.,0.));
#864 = DIRECTION('',(0.,0.,1.));
#865 = DIRECTION('',(1.,0.,-0.));
#866 = AXIS2_PLACEMENT_3D('',#867,#868,#869);
#867 = CARTESIAN_POINT('',(0.,0.,0.));
#868 = DIRECTION('',(0.,0.,1.));
#869 = DIRECTION('',(1.,0.,-0.));
#870 = AXIS2_PLACEMENT_3D('',#871,#872,#873);
#871 = CARTESIAN_POINT('',(0.,0.,0.));
#872 = DIRECTION('',(0.,0.,1.));
#873 = DIRECTION('',(1.,0.,-0.));
#874 = AXIS2_PLACEMENT_3D('',#875,#876,#877);
#875 = CARTESIAN_POINT('',(0.,0.,0.));
#876 = DIRECTION('',(0.,0.,1.));
#877 = DIRECTION('',(1.,0.,-0.));
#878 = AXIS2_PLACEMENT_3D('',#879,#880,#881);
#879 = CARTESIAN_POINT('',(0.,0.,0.));
#880 = DIRECTION('',(0.,0.,1.));
#881 = DIRECTION('',(1.,0.,-0.));
#882 = AXIS2_PLACEMENT_3D('',#883,#884,#885);
#883 = CARTESIAN_POINT('',(0.,0.,0.));
#884 = DIRECTION('',(0.,0.,1.));
#885 = DIRECTION('',(1.,0.,-0.));
#886 = AXIS2_PLACEMENT_3D('',#887,#888,#889);
#887 = CARTESIAN_POINT('',(0.,0.,0.));
#888 = DIRECTION('',(0.,0.,1.));
#889 = DIRECTION('',(1.,0.,-0.));
#890 = AXIS2_PLACEMENT_3D('',#891,#892,#893);
#891 = CARTESIAN_POINT('',(0.,0.,0.));
#892 = DIRECTION('',(0.,0.,1.));
#893 = DIRECTION('',(1.,0.,-0.));
#894 = AXIS2_PLACEMENT_3D('',#895,#896,#897);
#895 = CARTESIAN_POINT('',(0.,0.,0.));
#896 = DIRECTION('',(0.,0.,1.));
#897 = DIRECTION('',(1.,0.,-0.));
#898 = AXIS2_PLACEMENT_3D('',#899,#900,#901);
#899 = CARTESIAN_POINT('',(0.,0.,0.));
#900 = DIRECTION('',(0.,0.,1.));
#901 = DIRECTION('',(1.,0.,-0.));
#902 = AXIS2_PLACEMENT_3D('',#903,#904,#905);
#903 = CARTESIAN_POINT('',(0.,0.,0.));
#904 = DIRECTION('',(0.,0.,1.));
#905 = DIRECTION('',(1.,0.,-0.));
#906 = AXIS2_PLACEMENT_3D('',#907,#908,#909);
#907 = CARTESIAN_POINT('',(0.,0.,0.));
#908 = DIRECTION('',(0.,0.,1.));
#909 = DIRECTION('',(1.,0.,-0.));
#910 = AXIS2_PLACEMENT_3D('',#911,#912,#913);
#911 = CARTESIAN_POINT('',(0.,0.,0.));
#912 = DIRECTION('',(0.,0.,1.));
#913 = DIRECTION('',(1.,0.,-0.));
#914 = AXIS2_PLACEMENT_3D('',#915,#916,#917);
#915 = CARTESIAN_POINT('',(0.,0.,0.));
#916 = DIRECTION('',(0.,0.,1.));
#917 = DIRECTION('',(1.,0.,-0.));
#918 = AXIS2_PLACEMENT_3D('',#919,#920,#921);
#919 = CARTESIAN_POINT('',(0.,0.,0.));
#920 = DIRECTION('',(0.,0.,1.));
#921 = DIRECTION('',(1.,0.,-0.));
#922 = AXIS2_PLACEMENT_3D('',#923,#924,#925);
#923 = CARTESIAN_POINT('',(0.,0.,0.));
#924 = DIRECTION('',(0.,0.,1.));
#925 = DIRECTION('',(1.,0.,-0.));
#926 = ( GEOMETRIC_REPRESENTATION_CONTEXT(3) 
GLOBAL_UNCERTAINTY_ASSIGNED_CONTEXT((#930)) GLOBAL_UNIT_ASSIGNED_CONTEXT
((#927,#928,#929)) REPRESENTATION_CONTEXT('Context #1',
  '3D Context with UNIT and UNCERTAINTY') );
#927 = ( LENGTH_UNIT() NAMED_UNIT(*) SI_UNIT(.MILLI.,.METRE.) );
#928 = ( NAMED_UNIT(*) PLANE_ANGLE_UNIT() SI_UNIT($,.RADIAN.) );
#929 = ( NAMED_UNIT(*) SI_UNIT($,.STERADIAN.) SOLID_ANGLE_UNIT() );
#930 = UNCERTAINTY_MEASURE_WITH_UNIT(LENGTH_MEASURE(1.E-07),#927,
  'distance_accuracy_value','confusion accuracy');
#931 = CONTEXT_DEPENDENT_SHAPE_REPRESENTATION(#932,#934);
#932 = ( REPRESENTATION_RELATIONSHIP('','',#817,#10) 
REPRESENTATION_RELATIONSHIP_WITH_TRANSFORMATION(#933) 
SHAPE_REPRESENTATION_RELATIONSHIP() );
#933 = ITEM_DEFINED_TRANSFORMATION('','',#11,#19);
#934 = PRODUCT_DEFINITION_SHAPE('Placement','Placement of an item',#935
  );
#935 = NEXT_ASSEMBLY_USAGE_OCCURRENCE('106','H1','',#5,#812,$);
#936 = PRODUCT_RELATED_PRODUCT_CATEGORY('part',$,(#814));
#937 = SHAPE_DEFINITION_REPRESENTATION(#938,#944);
#938 = PRODUCT_DEFINITION_SHAPE('','',#939);
#939 = PRODUCT_DEFINITION('design','',#940,#943);
#940 = PRODUCT_DEFINITION_FORMATION('','',#941);
#941 = PRODUCT('Part 2','Part 2','',(#942));
#942 = PRODUCT_CONTEXT('',#2,'mechanical');
#943 = PRODUCT_DEFINITION_CONTEXT('part definition',#2,'design');
#944 = ADVANCED_BREP_SHAPE_REPRESENTATION('',(#11,#945),#1423);
#945 = MANIFOLD_SOLID_BREP('',#946);
#946 = CLOSED_SHELL('',(#947,#1021,#1095,#1135,#1157,#1174,#1191,#1231,
    #1253,#1270,#1287,#1309,#1326,#1343,#1355,#1377,#1394,#1411));
#947 = ADVANCED_FACE('',(#948),#1016,.F.);
#948 = FACE_BOUND('',#949,.T.);
#949 = EDGE_LOOP('',(#950,#960,#968,#976,#985,#993,#1001,#1009));
#950 = ORIENTED_EDGE('',*,*,#951,.T.);
#951 = EDGE_CURVE('',#952,#954,#956,.T.);
#952 = VERTEX_POINT('',#953);
#953 = CARTESIAN_POINT('',(-0.65,0.35,5.E-02));
#954 = VERTEX_POINT('',#955);
#955 = CARTESIAN_POINT('',(-0.65,0.35,2.9));
#956 = LINE('',#957,#958);
#957 = CARTESIAN_POINT('',(-0.65,0.35,1.525));
#958 = VECTOR('',#959,1.);
#959 = DIRECTION('',(0.,5.512892402469E-17,1.));
#960 = ORIENTED_EDGE('',*,*,#961,.T.);
#961 = EDGE_CURVE('',#954,#962,#964,.T.);
#962 = VERTEX_POINT('',#963);
#963 = CARTESIAN_POINT('',(-0.65,0.65,2.9));
#964 = LINE('',#965,#966);
#965 = CARTESIAN_POINT('',(-0.65,0.65,2.9));
#966 = VECTOR('',#967,1.);
#967 = DIRECTION('',(0.,1.,0.));
#968 = ORIENTED_EDGE('',*,*,#969,.T.);
#969 = EDGE_CURVE('',#962,#970,#972,.T.);
#970 = VERTEX_POINT('',#971);
#971 = CARTESIAN_POINT('',(-0.65,0.65,5.E-02));
#972 = LINE('',#973,#974);
#973 = CARTESIAN_POINT('',(-0.65,0.65,1.525));
#974 = VECTOR('',#975,1.);
#975 = DIRECTION('',(0.,-1.837630800823E-16,-1.));
#976 = ORIENTED_EDGE('',*,*,#977,.T.);
#977 = EDGE_CURVE('',#970,#978,#980,.T.);
#978 = VERTEX_POINT('',#979);
#979 = CARTESIAN_POINT('',(-0.65,0.8,-0.1));
#980 = CIRCLE('',#981,0.15);
#981 = AXIS2_PLACEMENT_3D('',#982,#983,#984);
#982 = CARTESIAN_POINT('',(-0.65,0.8,5.E-02));
#983 = DIRECTION('',(1.,0.,0.));
#984 = DIRECTION('',(0.,0.,-1.));
#985 = ORIENTED_EDGE('',*,*,#986,.T.);
#986 = EDGE_CURVE('',#978,#987,#989,.T.);
#987 = VERTEX_POINT('',#988);
#988 = CARTESIAN_POINT('',(-0.65,2.4,-0.1));
#989 = LINE('',#990,#991);
#990 = CARTESIAN_POINT('',(-0.65,1.65,-0.1));
#991 = VECTOR('',#992,1.);
#992 = DIRECTION('',(0.,1.,0.));
#993 = ORIENTED_EDGE('',*,*,#994,.T.);
#994 = EDGE_CURVE('',#987,#995,#997,.T.);
#995 = VERTEX_POINT('',#996);
#996 = CARTESIAN_POINT('',(-0.65,2.4,-0.4));
#997 = LINE('',#998,#999);
#998 = CARTESIAN_POINT('',(-0.65,2.4,-0.4));
#999 = VECTOR('',#1000,1.);
#1000 = DIRECTION('',(0.,0.,-1.));
#1001 = ORIENTED_EDGE('',*,*,#1002,.T.);
#1002 = EDGE_CURVE('',#995,#1003,#1005,.T.);
#1003 = VERTEX_POINT('',#1004);
#1004 = CARTESIAN_POINT('',(-0.65,0.8,-0.4));
#1005 = LINE('',#1006,#1007);
#1006 = CARTESIAN_POINT('',(-0.65,1.65,-0.4));
#1007 = VECTOR('',#1008,1.);
#1008 = DIRECTION('',(0.,-1.,1.27553196763E-16));
#1009 = ORIENTED_EDGE('',*,*,#1010,.F.);
#1010 = EDGE_CURVE('',#952,#1003,#1011,.T.);
#1011 = CIRCLE('',#1012,0.45);
#1012 = AXIS2_PLACEMENT_3D('',#1013,#1014,#1015);
#1013 = CARTESIAN_POINT('',(-0.65,0.8,5.E-02));
#1014 = DIRECTION('',(1.,0.,0.));
#1015 = DIRECTION('',(0.,0.,-1.));
#1016 = PLANE('',#1017);
#1017 = AXIS2_PLACEMENT_3D('',#1018,#1019,#1020);
#1018 = CARTESIAN_POINT('',(-0.65,0.5,1.));
#1019 = DIRECTION('',(1.,0.,0.));
#1020 = DIRECTION('',(0.,0.,-1.));
#1021 = ADVANCED_FACE('',(#1022),#1090,.F.);
#1022 = FACE_BOUND('',#1023,.T.);
#1023 = EDGE_LOOP('',(#1024,#1034,#1042,#1050,#1059,#1067,#1075,#1083));
#1024 = ORIENTED_EDGE('',*,*,#1025,.T.);
#1025 = EDGE_CURVE('',#1026,#1028,#1030,.T.);
#1026 = VERTEX_POINT('',#1027);
#1027 = CARTESIAN_POINT('',(-0.35,0.65,5.E-02));
#1028 = VERTEX_POINT('',#1029);
#1029 = CARTESIAN_POINT('',(-0.35,0.65,2.9));
#1030 = LINE('',#1031,#1032);
#1031 = CARTESIAN_POINT('',(-0.35,0.65,1.525));
#1032 = VECTOR('',#1033,1.);
#1033 = DIRECTION('',(0.,1.837630800823E-16,1.));
#1034 = ORIENTED_EDGE('',*,*,#1035,.T.);
#1035 = EDGE_CURVE('',#1028,#1036,#1038,.T.);
#1036 = VERTEX_POINT('',#1037);
#1037 = CARTESIAN_POINT('',(-0.35,0.35,2.9));
#1038 = LINE('',#1039,#1040);
#1039 = CARTESIAN_POINT('',(-0.35,0.35,2.9));
#1040 = VECTOR('',#1041,1.);
#1041 = DIRECTION('',(0.,-1.,0.));
#1042 = ORIENTED_EDGE('',*,*,#1043,.T.);
#1043 = EDGE_CURVE('',#1036,#1044,#1046,.T.);
#1044 = VERTEX_POINT('',#1045);
#1045 = CARTESIAN_POINT('',(-0.35,0.35,5.E-02));
#1046 = LINE('',#1047,#1048);
#1047 = CARTESIAN_POINT('',(-0.35,0.35,1.525));
#1048 = VECTOR('',#1049,1.);
#1049 = DIRECTION('',(0.,-5.512892402469E-17,-1.));
#1050 = ORIENTED_EDGE('',*,*,#1051,.F.);
#1051 = EDGE_CURVE('',#1052,#1044,#1054,.T.);
#1052 = VERTEX_POINT('',#1053);
#1053 = CARTESIAN_POINT('',(-0.35,0.8,-0.4));
#1054 = CIRCLE('',#1055,0.45);
#1055 = AXIS2_PLACEMENT_3D('',#1056,#1057,#1058);
#1056 = CARTESIAN_POINT('',(-0.35,0.8,5.E-02));
#1057 = DIRECTION('',(-1.,0.,0.));
#1058 = DIRECTION('',(0.,0.,1.));
#1059 = ORIENTED_EDGE('',*,*,#1060,.T.);
#1060 = EDGE_CURVE('',#1052,#1061,#1063,.T.);
#1061 = VERTEX_POINT('',#1062);
#1062 = CARTESIAN_POINT('',(-0.35,2.4,-0.4));
#1063 = LINE('',#1064,#1065);
#1064 = CARTESIAN_POINT('',(-0.35,1.65,-0.4));
#1065 = VECTOR('',#1066,1.);
#1066 = DIRECTION('',(0.,1.,-1.27553196763E-16));
#1067 = ORIENTED_EDGE('',*,*,#1068,.T.);
#1068 = EDGE_CURVE('',#1061,#1069,#1071,.T.);
#1069 = VERTEX_POINT('',#1070);
#1070 = CARTESIAN_POINT('',(-0.35,2.4,-0.1));
#1071 = LINE('',#1072,#1073);
#1072 = CARTESIAN_POINT('',(-0.35,2.4,-0.1));
#1073 = VECTOR('',#1074,1.);
#1074 = DIRECTION('',(0.,0.,1.));
#1075 = ORIENTED_EDGE('',*,*,#1076,.T.);
#1076 = EDGE_CURVE('',#1069,#1077,#1079,.T.);
#1077 = VERTEX_POINT('',#1078);
#1078 = CARTESIAN_POINT('',(-0.35,0.8,-0.1));
#1079 = LINE('',#1080,#1081);
#1080 = CARTESIAN_POINT('',(-0.35,1.65,-0.1));
#1081 = VECTOR('',#1082,1.);
#1082 = DIRECTION('',(0.,-1.,0.));
#1083 = ORIENTED_EDGE('',*,*,#1084,.T.);
#1084 = EDGE_CURVE('',#1077,#1026,#1085,.T.);
#1085 = CIRCLE('',#1086,0.15);
#1086 = AXIS2_PLACEMENT_3D('',#1087,#1088,#1089);
#1087 = CARTESIAN_POINT('',(-0.35,0.8,5.E-02));
#1088 = DIRECTION('',(-1.,0.,0.));
#1089 = DIRECTION('',(0.,0.,1.));
#1090 = PLANE('',#1091);
#1091 = AXIS2_PLACEMENT_3D('',#1092,#1093,#1094);
#1092 = CARTESIAN_POINT('',(-0.35,1.425,1.3));
#1093 = DIRECTION('',(-1.,0.,0.));
#1094 = DIRECTION('',(0.,-1.,0.));
#1095 = ADVANCED_FACE('',(#1096),#1130,.T.);
#1096 = FACE_BOUND('',#1097,.T.);
#1097 = EDGE_LOOP('',(#1098,#1108,#1116,#1124));
#1098 = ORIENTED_EDGE('',*,*,#1099,.T.);
#1099 = EDGE_CURVE('',#1100,#1102,#1104,.T.);
#1100 = VERTEX_POINT('',#1101);
#1101 = CARTESIAN_POINT('',(-0.45,0.55,3.));
#1102 = VERTEX_POINT('',#1103);
#1103 = CARTESIAN_POINT('',(-0.55,0.55,3.));
#1104 = LINE('',#1105,#1106);
#1105 = CARTESIAN_POINT('',(-0.652,0.55,3.));
#1106 = VECTOR('',#1107,1.);
#1107 = DIRECTION('',(-1.,0.,0.));
#1108 = ORIENTED_EDGE('',*,*,#1109,.T.);
#1109 = EDGE_CURVE('',#1102,#1110,#1112,.T.);
#1110 = VERTEX_POINT('',#1111);
#1111 = CARTESIAN_POINT('',(-0.55,0.45,3.));
#1112 = LINE('',#1113,#1114);
#1113 = CARTESIAN_POINT('',(-0.55,0.35,3.));
#1114 = VECTOR('',#1115,1.);
#1115 = DIRECTION('',(0.,-1.,0.));
#1116 = ORIENTED_EDGE('',*,*,#1117,.T.);
#1117 = EDGE_CURVE('',#1110,#1118,#1120,.T.);
#1118 = VERTEX_POINT('',#1119);
#1119 = CARTESIAN_POINT('',(-0.45,0.45,3.));
#1120 = LINE('',#1121,#1122);
#1121 = CARTESIAN_POINT('',(-0.652,0.45,3.));
#1122 = VECTOR('',#1123,1.);
#1123 = DIRECTION('',(1.,0.,0.));
#1124 = ORIENTED_EDGE('',*,*,#1125,.T.);
#1125 = EDGE_CURVE('',#1118,#1100,#1126,.T.);
#1126 = LINE('',#1127,#1128);
#1127 = CARTESIAN_POINT('',(-0.45,0.65,3.));
#1128 = VECTOR('',#1129,1.);
#1129 = DIRECTION('',(0.,1.,0.));
#1130 = PLANE('',#1131);
#1131 = AXIS2_PLACEMENT_3D('',#1132,#1133,#1134);
#1132 = CARTESIAN_POINT('',(-0.652,0.5,3.));
#1133 = DIRECTION('',(0.,0.,1.));
#1134 = DIRECTION('',(1.,0.,-0.));
#1135 = ADVANCED_FACE('',(#1136),#1152,.T.);
#1136 = FACE_BOUND('',#1137,.T.);
#1137 = EDGE_LOOP('',(#1138,#1139,#1145,#1146));
#1138 = ORIENTED_EDGE('',*,*,#1043,.F.);
#1139 = ORIENTED_EDGE('',*,*,#1140,.T.);
#1140 = EDGE_CURVE('',#1036,#954,#1141,.T.);
#1141 = LINE('',#1142,#1143);
#1142 = CARTESIAN_POINT('',(-0.652,0.35,2.9));
#1143 = VECTOR('',#1144,1.);
#1144 = DIRECTION('',(-1.,0.,0.));
#1145 = ORIENTED_EDGE('',*,*,#951,.F.);
#1146 = ORIENTED_EDGE('',*,*,#1147,.T.);
#1147 = EDGE_CURVE('',#952,#1044,#1148,.T.);
#1148 = LINE('',#1149,#1150);
#1149 = CARTESIAN_POINT('',(-0.652,0.35,5.E-02));
#1150 = VECTOR('',#1151,1.);
#1151 = DIRECTION('',(1.,0.,0.));
#1152 = PLANE('',#1153);
#1153 = AXIS2_PLACEMENT_3D('',#1154,#1155,#1156);
#1154 = CARTESIAN_POINT('',(-0.652,0.35,1.525));
#1155 = DIRECTION('',(0.,-1.,5.512892402469E-17));
#1156 = DIRECTION('',(0.,-5.512892402469E-17,-1.));
#1157 = ADVANCED_FACE('',(#1158),#1169,.T.);
#1158 = FACE_BOUND('',#1159,.T.);
#1159 = EDGE_LOOP('',(#1160,#1161,#1162,#1168));
#1160 = ORIENTED_EDGE('',*,*,#1147,.F.);
#1161 = ORIENTED_EDGE('',*,*,#1010,.T.);
#1162 = ORIENTED_EDGE('',*,*,#1163,.T.);
#1163 = EDGE_CURVE('',#1003,#1052,#1164,.T.);
#1164 = LINE('',#1165,#1166);
#1165 = CARTESIAN_POINT('',(-0.652,0.8,-0.4));
#1166 = VECTOR('',#1167,1.);
#1167 = DIRECTION('',(1.,0.,0.));
#1168 = ORIENTED_EDGE('',*,*,#1051,.T.);
#1169 = CYLINDRICAL_SURFACE('',#1170,0.45);
#1170 = AXIS2_PLACEMENT_3D('',#1171,#1172,#1173);
#1171 = CARTESIAN_POINT('',(-0.652,0.8,5.E-02));
#1172 = DIRECTION('',(1.,0.,0.));
#1173 = DIRECTION('',(0.,0.,-1.));
#1174 = ADVANCED_FACE('',(#1175),#1186,.T.);
#1175 = FACE_BOUND('',#1176,.T.);
#1176 = EDGE_LOOP('',(#1177,#1178,#1184,#1185));
#1177 = ORIENTED_EDGE('',*,*,#1002,.F.);
#1178 = ORIENTED_EDGE('',*,*,#1179,.T.);
#1179 = EDGE_CURVE('',#995,#1061,#1180,.T.);
#1180 = LINE('',#1181,#1182);
#1181 = CARTESIAN_POINT('',(-0.652,2.4,-0.4));
#1182 = VECTOR('',#1183,1.);
#1183 = DIRECTION('',(1.,0.,0.));
#1184 = ORIENTED_EDGE('',*,*,#1060,.F.);
#1185 = ORIENTED_EDGE('',*,*,#1163,.F.);
#1186 = PLANE('',#1187);
#1187 = AXIS2_PLACEMENT_3D('',#1188,#1189,#1190);
#1188 = CARTESIAN_POINT('',(-0.652,1.65,-0.4));
#1189 = DIRECTION('',(0.,-1.27553196763E-16,-1.));
#1190 = DIRECTION('',(0.,1.,-1.27553196763E-16));
#1191 = ADVANCED_FACE('',(#1192),#1226,.T.);
#1192 = FACE_BOUND('',#1193,.T.);
#1193 = EDGE_LOOP('',(#1194,#1204,#1212,#1220));
#1194 = ORIENTED_EDGE('',*,*,#1195,.T.);
#1195 = EDGE_CURVE('',#1196,#1198,#1200,.T.);
#1196 = VERTEX_POINT('',#1197);
#1197 = CARTESIAN_POINT('',(-0.45,2.5,-0.3));
#1198 = VERTEX_POINT('',#1199);
#1199 = CARTESIAN_POINT('',(-0.55,2.5,-0.3));
#1200 = LINE('',#1201,#1202);
#1201 = CARTESIAN_POINT('',(-0.652,2.5,-0.3));
#1202 = VECTOR('',#1203,1.);
#1203 = DIRECTION('',(-1.,0.,0.));
#1204 = ORIENTED_EDGE('',*,*,#1205,.T.);
#1205 = EDGE_CURVE('',#1198,#1206,#1208,.T.);
#1206 = VERTEX_POINT('',#1207);
#1207 = CARTESIAN_POINT('',(-0.55,2.5,-0.2));
#1208 = LINE('',#1209,#1210);
#1209 = CARTESIAN_POINT('',(-0.55,2.5,-0.1));
#1210 = VECTOR('',#1211,1.);
#1211 = DIRECTION('',(0.,0.,1.));
#1212 = ORIENTED_EDGE('',*,*,#1213,.T.);
#1213 = EDGE_CURVE('',#1206,#1214,#1216,.T.);
#1214 = VERTEX_POINT('',#1215);
#1215 = CARTESIAN_POINT('',(-0.45,2.5,-0.2));
#1216 = LINE('',#1217,#1218);
#1217 = CARTESIAN_POINT('',(-0.652,2.5,-0.2));
#1218 = VECTOR('',#1219,1.);
#1219 = DIRECTION('',(1.,0.,0.));
#1220 = ORIENTED_EDGE('',*,*,#1221,.T.);
#1221 = EDGE_CURVE('',#1214,#1196,#1222,.T.);
#1222 = LINE('',#1223,#1224);
#1223 = CARTESIAN_POINT('',(-0.45,2.5,-0.4));
#1224 = VECTOR('',#1225,1.);
#1225 = DIRECTION('',(0.,0.,-1.));
#1226 = PLANE('',#1227);
#1227 = AXIS2_PLACEMENT_3D('',#1228,#1229,#1230);
#1228 = CARTESIAN_POINT('',(-0.652,2.5,-0.25));
#1229 = DIRECTION('',(0.,1.,0.));
#1230 = DIRECTION('',(0.,-0.,1.));
#1231 = ADVANCED_FACE('',(#1232),#1248,.T.);
#1232 = FACE_BOUND('',#1233,.T.);
#1233 = EDGE_LOOP('',(#1234,#1235,#1241,#1242));
#1234 = ORIENTED_EDGE('',*,*,#1076,.F.);
#1235 = ORIENTED_EDGE('',*,*,#1236,.T.);
#1236 = EDGE_CURVE('',#1069,#987,#1237,.T.);
#1237 = LINE('',#1238,#1239);
#1238 = CARTESIAN_POINT('',(-0.652,2.4,-0.1));
#1239 = VECTOR('',#1240,1.);
#1240 = DIRECTION('',(-1.,0.,0.));
#1241 = ORIENTED_EDGE('',*,*,#986,.F.);
#1242 = ORIENTED_EDGE('',*,*,#1243,.T.);
#1243 = EDGE_CURVE('',#978,#1077,#1244,.T.);
#1244 = LINE('',#1245,#1246);
#1245 = CARTESIAN_POINT('',(-0.652,0.8,-0.1));
#1246 = VECTOR('',#1247,1.);
#1247 = DIRECTION('',(1.,0.,0.));
#1248 = PLANE('',#1249);
#1249 = AXIS2_PLACEMENT_3D('',#1250,#1251,#1252);
#1250 = CARTESIAN_POINT('',(-0.652,1.65,-0.1));
#1251 = DIRECTION('',(0.,0.,1.));
#1252 = DIRECTION('',(1.,0.,-0.));
#1253 = ADVANCED_FACE('',(#1254),#1265,.F.);
#1254 = FACE_BOUND('',#1255,.F.);
#1255 = EDGE_LOOP('',(#1256,#1257,#1258,#1264));
#1256 = ORIENTED_EDGE('',*,*,#1243,.T.);
#1257 = ORIENTED_EDGE('',*,*,#1084,.T.);
#1258 = ORIENTED_EDGE('',*,*,#1259,.F.);
#1259 = EDGE_CURVE('',#970,#1026,#1260,.T.);
#1260 = LINE('',#1261,#1262);
#1261 = CARTESIAN_POINT('',(-0.652,0.65,5.E-02));
#1262 = VECTOR('',#1263,1.);
#1263 = DIRECTION('',(1.,0.,0.));
#1264 = ORIENTED_EDGE('',*,*,#977,.T.);
#1265 = CYLINDRICAL_SURFACE('',#1266,0.15);
#1266 = AXIS2_PLACEMENT_3D('',#1267,#1268,#1269);
#1267 = CARTESIAN_POINT('',(-0.652,0.8,5.E-02));
#1268 = DIRECTION('',(1.,0.,0.));
#1269 = DIRECTION('',(0.,0.,-1.));
#1270 = ADVANCED_FACE('',(#1271),#1282,.T.);
#1271 = FACE_BOUND('',#1272,.T.);
#1272 = EDGE_LOOP('',(#1273,#1274,#1280,#1281));
#1273 = ORIENTED_EDGE('',*,*,#969,.F.);
#1274 = ORIENTED_EDGE('',*,*,#1275,.T.);
#1275 = EDGE_CURVE('',#962,#1028,#1276,.T.);
#1276 = LINE('',#1277,#1278);
#1277 = CARTESIAN_POINT('',(-0.652,0.65,2.9));
#1278 = VECTOR('',#1279,1.);
#1279 = DIRECTION('',(1.,0.,0.));
#1280 = ORIENTED_EDGE('',*,*,#1025,.F.);
#1281 = ORIENTED_EDGE('',*,*,#1259,.F.);
#1282 = PLANE('',#1283);
#1283 = AXIS2_PLACEMENT_3D('',#1284,#1285,#1286);
#1284 = CARTESIAN_POINT('',(-0.652,0.65,1.525));
#1285 = DIRECTION('',(0.,1.,-1.837630800823E-16));
#1286 = DIRECTION('',(0.,1.837630800823E-16,1.));
#1287 = ADVANCED_FACE('',(#1288),#1304,.T.);
#1288 = FACE_BOUND('',#1289,.T.);
#1289 = EDGE_LOOP('',(#1290,#1296,#1297,#1303));
#1290 = ORIENTED_EDGE('',*,*,#1291,.T.);
#1291 = EDGE_CURVE('',#1028,#1100,#1292,.T.);
#1292 = LINE('',#1293,#1294);
#1293 = CARTESIAN_POINT('',(-0.450666666667,0.549333333333,
    3.000666666667));
#1294 = VECTOR('',#1295,1.);
#1295 = DIRECTION('',(-0.57735026919,-0.57735026919,0.57735026919));
#1296 = ORIENTED_EDGE('',*,*,#1125,.F.);
#1297 = ORIENTED_EDGE('',*,*,#1298,.F.);
#1298 = EDGE_CURVE('',#1036,#1118,#1299,.T.);
#1299 = LINE('',#1300,#1301);
#1300 = CARTESIAN_POINT('',(-0.708333333333,0.708333333333,
    3.258333333333));
#1301 = VECTOR('',#1302,1.);
#1302 = DIRECTION('',(-0.57735026919,0.57735026919,0.57735026919));
#1303 = ORIENTED_EDGE('',*,*,#1035,.F.);
#1304 = PLANE('',#1305);
#1305 = AXIS2_PLACEMENT_3D('',#1306,#1307,#1308);
#1306 = CARTESIAN_POINT('',(-0.35,1.425,2.9));
#1307 = DIRECTION('',(0.707106781187,0.,0.707106781187));
#1308 = DIRECTION('',(-0.,1.,0.));
#1309 = ADVANCED_FACE('',(#1310),#1321,.F.);
#1310 = FACE_BOUND('',#1311,.T.);
#1311 = EDGE_LOOP('',(#1312,#1313,#1314,#1320));
#1312 = ORIENTED_EDGE('',*,*,#1298,.T.);
#1313 = ORIENTED_EDGE('',*,*,#1117,.F.);
#1314 = ORIENTED_EDGE('',*,*,#1315,.F.);
#1315 = EDGE_CURVE('',#954,#1110,#1316,.T.);
#1316 = LINE('',#1317,#1318);
#1317 = CARTESIAN_POINT('',(-0.584,0.416,2.966));
#1318 = VECTOR('',#1319,1.);
#1319 = DIRECTION('',(0.57735026919,0.57735026919,0.57735026919));
#1320 = ORIENTED_EDGE('',*,*,#1140,.F.);
#1321 = PLANE('',#1322);
#1322 = AXIS2_PLACEMENT_3D('',#1323,#1324,#1325);
#1323 = CARTESIAN_POINT('',(-0.652,0.45,3.));
#1324 = DIRECTION('',(0.,0.707106781187,-0.707106781187));
#1325 = DIRECTION('',(1.,0.,0.));
#1326 = ADVANCED_FACE('',(#1327),#1338,.F.);
#1327 = FACE_BOUND('',#1328,.T.);
#1328 = EDGE_LOOP('',(#1329,#1330,#1331,#1337));
#1329 = ORIENTED_EDGE('',*,*,#1291,.F.);
#1330 = ORIENTED_EDGE('',*,*,#1275,.F.);
#1331 = ORIENTED_EDGE('',*,*,#1332,.F.);
#1332 = EDGE_CURVE('',#1102,#962,#1333,.T.);
#1333 = LINE('',#1334,#1335);
#1334 = CARTESIAN_POINT('',(-0.650666666667,0.650666666667,
    2.899333333333));
#1335 = VECTOR('',#1336,1.);
#1336 = DIRECTION('',(-0.57735026919,0.57735026919,-0.57735026919));
#1337 = ORIENTED_EDGE('',*,*,#1099,.F.);
#1338 = PLANE('',#1339);
#1339 = AXIS2_PLACEMENT_3D('',#1340,#1341,#1342);
#1340 = CARTESIAN_POINT('',(-0.652,0.65,2.9));
#1341 = DIRECTION('',(0.,-0.707106781187,-0.707106781187));
#1342 = DIRECTION('',(1.,0.,0.));
#1343 = ADVANCED_FACE('',(#1344),#1350,.T.);
#1344 = FACE_BOUND('',#1345,.T.);
#1345 = EDGE_LOOP('',(#1346,#1347,#1348,#1349));
#1346 = ORIENTED_EDGE('',*,*,#1315,.T.);
#1347 = ORIENTED_EDGE('',*,*,#1109,.F.);
#1348 = ORIENTED_EDGE('',*,*,#1332,.T.);
#1349 = ORIENTED_EDGE('',*,*,#961,.F.);
#1350 = PLANE('',#1351);
#1351 = AXIS2_PLACEMENT_3D('',#1352,#1353,#1354);
#1352 = CARTESIAN_POINT('',(-0.65,0.5,2.9));
#1353 = DIRECTION('',(-0.707106781187,0.,0.707106781187));
#1354 = DIRECTION('',(0.,-1.,0.));
#1355 = ADVANCED_FACE('',(#1356),#1372,.T.);
#1356 = FACE_BOUND('',#1357,.T.);
#1357 = EDGE_LOOP('',(#1358,#1364,#1365,#1371));
#1358 = ORIENTED_EDGE('',*,*,#1359,.F.);
#1359 = EDGE_CURVE('',#1196,#1061,#1360,.T.);
#1360 = LINE('',#1361,#1362);
#1361 = CARTESIAN_POINT('',(-0.916666666667,2.966666666667,
    0.166666666667));
#1362 = VECTOR('',#1363,1.);
#1363 = DIRECTION('',(0.57735026919,-0.57735026919,-0.57735026919));
#1364 = ORIENTED_EDGE('',*,*,#1221,.F.);
#1365 = ORIENTED_EDGE('',*,*,#1366,.T.);
#1366 = EDGE_CURVE('',#1214,#1069,#1367,.T.);
#1367 = LINE('',#1368,#1369);
#1368 = CARTESIAN_POINT('',(-0.517333333333,2.567333333333,
    -0.267333333333));
#1369 = VECTOR('',#1370,1.);
#1370 = DIRECTION('',(0.57735026919,-0.57735026919,0.57735026919));
#1371 = ORIENTED_EDGE('',*,*,#1068,.F.);
#1372 = PLANE('',#1373);
#1373 = AXIS2_PLACEMENT_3D('',#1374,#1375,#1376);
#1374 = CARTESIAN_POINT('',(-0.35,2.4,1.3));
#1375 = DIRECTION('',(0.707106781187,0.707106781187,0.));
#1376 = DIRECTION('',(0.,0.,-1.));
#1377 = ADVANCED_FACE('',(#1378),#1389,.F.);
#1378 = FACE_BOUND('',#1379,.T.);
#1379 = EDGE_LOOP('',(#1380,#1381,#1382,#1388));
#1380 = ORIENTED_EDGE('',*,*,#1366,.F.);
#1381 = ORIENTED_EDGE('',*,*,#1213,.F.);
#1382 = ORIENTED_EDGE('',*,*,#1383,.F.);
#1383 = EDGE_CURVE('',#987,#1206,#1384,.T.);
#1384 = LINE('',#1385,#1386);
#1385 = CARTESIAN_POINT('',(-0.584,2.466,-0.166));
#1386 = VECTOR('',#1387,1.);
#1387 = DIRECTION('',(0.57735026919,0.57735026919,-0.57735026919));
#1388 = ORIENTED_EDGE('',*,*,#1236,.F.);
#1389 = PLANE('',#1390);
#1390 = AXIS2_PLACEMENT_3D('',#1391,#1392,#1393);
#1391 = CARTESIAN_POINT('',(-0.652,2.5,-0.2));
#1392 = DIRECTION('',(0.,-0.707106781187,-0.707106781187));
#1393 = DIRECTION('',(1.,0.,0.));
#1394 = ADVANCED_FACE('',(#1395),#1406,.F.);
#1395 = FACE_BOUND('',#1396,.T.);
#1396 = EDGE_LOOP('',(#1397,#1398,#1399,#1405));
#1397 = ORIENTED_EDGE('',*,*,#1359,.T.);
#1398 = ORIENTED_EDGE('',*,*,#1179,.F.);
#1399 = ORIENTED_EDGE('',*,*,#1400,.F.);
#1400 = EDGE_CURVE('',#1198,#995,#1401,.T.);
#1401 = LINE('',#1402,#1403);
#1402 = CARTESIAN_POINT('',(-0.650666666667,2.399333333333,
    -0.400666666667));
#1403 = VECTOR('',#1404,1.);
#1404 = DIRECTION('',(-0.57735026919,-0.57735026919,-0.57735026919));
#1405 = ORIENTED_EDGE('',*,*,#1195,.F.);
#1406 = PLANE('',#1407);
#1407 = AXIS2_PLACEMENT_3D('',#1408,#1409,#1410);
#1408 = CARTESIAN_POINT('',(-0.652,2.4,-0.4));
#1409 = DIRECTION('',(0.,-0.707106781187,0.707106781187));
#1410 = DIRECTION('',(1.,0.,0.));
#1411 = ADVANCED_FACE('',(#1412),#1418,.T.);
#1412 = FACE_BOUND('',#1413,.T.);
#1413 = EDGE_LOOP('',(#1414,#1415,#1416,#1417));
#1414 = ORIENTED_EDGE('',*,*,#1383,.T.);
#1415 = ORIENTED_EDGE('',*,*,#1205,.F.);
#1416 = ORIENTED_EDGE('',*,*,#1400,.T.);
#1417 = ORIENTED_EDGE('',*,*,#994,.F.);
#1418 = PLANE('',#1419);
#1419 = AXIS2_PLACEMENT_3D('',#1420,#1421,#1422);
#1420 = CARTESIAN_POINT('',(-0.65,2.4,1.));
#1421 = DIRECTION('',(-0.707106781187,0.707106781187,0.));
#1422 = DIRECTION('',(0.,0.,1.));
#1423 = ( GEOMETRIC_REPRESENTATION_CONTEXT(3) 
GLOBAL_UNCERTAINTY_ASSIGNED_CONTEXT((#1427)) 
GLOBAL_UNIT_ASSIGNED_CONTEXT((#1424,#1425,#1426)) REPRESENTATION_CONTEXT
('Context #1','3D Context with UNIT and UNCERTAINTY') );
#1424 = ( LENGTH_UNIT() NAMED_UNIT(*) SI_UNIT(.MILLI.,.METRE.) );
#1425 = ( NAMED_UNIT(*) PLANE_ANGLE_UNIT() SI_UNIT($,.RADIAN.) );
#1426 = ( NAMED_UNIT(*) SI_UNIT($,.STERADIAN.) SOLID_ANGLE_UNIT() );
#1427 = UNCERTAINTY_MEASURE_WITH_UNIT(LENGTH_MEASURE(1.E-07),#1424,
  'distance_accuracy_value','confusion accuracy');
#1428 = CONTEXT_DEPENDENT_SHAPE_REPRESENTATION(#1429,#1431);
#1429 = ( REPRESENTATION_RELATIONSHIP('','',#944,#817) 
REPRESENTATION_RELATIONSHIP_WITH_TRANSFORMATION(#1430) 
SHAPE_REPRESENTATION_RELATIONSHIP() );
#1430 = ITEM_DEFINED_TRANSFORMATION('','',#11,#818);
#1431 = PRODUCT_DEFINITION_SHAPE('Placement','Placement of an item',
  #1432);
#1432 = NEXT_ASSEMBLY_USAGE_OCCURRENCE('79','=>[0:1:1:4]','',#812,#939,$
  );
#1433 = PRODUCT_RELATED_PRODUCT_CATEGORY('part',$,(#941));
#1434 = SHAPE_DEFINITION_REPRESENTATION(#1435,#1441);
#1435 = PRODUCT_DEFINITION_SHAPE('','',#1436);
#1436 = PRODUCT_DEFINITION('design','',#1437,#1440);
#1437 = PRODUCT_DEFINITION_FORMATION('','',#1438);
#1438 = PRODUCT('Part 13','Part 13','',(#1439));
#1439 = PRODUCT_CONTEXT('',#2,'mechanical');
#1440 = PRODUCT_DEFINITION_CONTEXT('part definition',#2,'design');
#1441 = ADVANCED_BREP_SHAPE_REPRESENTATION('',(#11,#1442),#1920);
#1442 = MANIFOLD_SOLID_BREP('',#1443);
#1443 = CLOSED_SHELL('',(#1444,#1518,#1549,#1574,#1598,#1638,#1669,#1694
    ,#1718,#1758,#1784,#1806,#1823,#1840,#1852,#1874,#1891,#1908));
#1444 = ADVANCED_FACE('',(#1445),#1513,.F.);
#1445 = FACE_BOUND('',#1446,.T.);
#1446 = EDGE_LOOP('',(#1447,#1457,#1466,#1474,#1482,#1490,#1499,#1507));
#1447 = ORIENTED_EDGE('',*,*,#1448,.F.);
#1448 = EDGE_CURVE('',#1449,#1451,#1453,.T.);
#1449 = VERTEX_POINT('',#1450);
#1450 = CARTESIAN_POINT('',(4.35,-0.35,5.E-02));
#1451 = VERTEX_POINT('',#1452);
#1452 = CARTESIAN_POINT('',(4.35,-0.35,2.9));
#1453 = LINE('',#1454,#1455);
#1454 = CARTESIAN_POINT('',(4.35,-0.35,1.525));
#1455 = VECTOR('',#1456,1.);
#1456 = DIRECTION('',(0.,-5.512892402469E-17,1.));
#1457 = ORIENTED_EDGE('',*,*,#1458,.T.);
#1458 = EDGE_CURVE('',#1449,#1459,#1461,.T.);
#1459 = VERTEX_POINT('',#1460);
#1460 = CARTESIAN_POINT('',(4.35,-0.8,-0.4));
#1461 = CIRCLE('',#1462,0.45);
#1462 = AXIS2_PLACEMENT_3D('',#1463,#1464,#1465);
#1463 = CARTESIAN_POINT('',(4.35,-0.8,5.E-02));
#1464 = DIRECTION('',(-1.,0.,0.));
#1465 = DIRECTION('',(0.,0.,-1.));
#1466 = ORIENTED_EDGE('',*,*,#1467,.F.);
#1467 = EDGE_CURVE('',#1468,#1459,#1470,.T.);
#1468 = VERTEX_POINT('',#1469);
#1469 = CARTESIAN_POINT('',(4.35,-2.4,-0.4));
#1470 = LINE('',#1471,#1472);
#1471 = CARTESIAN_POINT('',(4.35,-1.65,-0.4));
#1472 = VECTOR('',#1473,1.);
#1473 = DIRECTION('',(0.,1.,1.27553196763E-16));
#1474 = ORIENTED_EDGE('',*,*,#1475,.F.);
#1475 = EDGE_CURVE('',#1476,#1468,#1478,.T.);
#1476 = VERTEX_POINT('',#1477);
#1477 = CARTESIAN_POINT('',(4.35,-2.4,-0.1));
#1478 = LINE('',#1479,#1480);
#1479 = CARTESIAN_POINT('',(4.35,-2.4,-0.4));
#1480 = VECTOR('',#1481,1.);
#1481 = DIRECTION('',(0.,0.,-1.));
#1482 = ORIENTED_EDGE('',*,*,#1483,.F.);
#1483 = EDGE_CURVE('',#1484,#1476,#1486,.T.);
#1484 = VERTEX_POINT('',#1485);
#1485 = CARTESIAN_POINT('',(4.35,-0.8,-0.1));
#1486 = LINE('',#1487,#1488);
#1487 = CARTESIAN_POINT('',(4.35,-1.65,-0.1));
#1488 = VECTOR('',#1489,1.);
#1489 = DIRECTION('',(0.,-1.,0.));
#1490 = ORIENTED_EDGE('',*,*,#1491,.F.);
#1491 = EDGE_CURVE('',#1492,#1484,#1494,.T.);
#1492 = VERTEX_POINT('',#1493);
#1493 = CARTESIAN_POINT('',(4.35,-0.65,5.E-02));
#1494 = CIRCLE('',#1495,0.15);
#1495 = AXIS2_PLACEMENT_3D('',#1496,#1497,#1498);
#1496 = CARTESIAN_POINT('',(4.35,-0.8,5.E-02));
#1497 = DIRECTION('',(-1.,0.,0.));
#1498 = DIRECTION('',(0.,0.,-1.));
#1499 = ORIENTED_EDGE('',*,*,#1500,.F.);
#1500 = EDGE_CURVE('',#1501,#1492,#1503,.T.);
#1501 = VERTEX_POINT('',#1502);
#1502 = CARTESIAN_POINT('',(4.35,-0.65,2.9));
#1503 = LINE('',#1504,#1505);
#1504 = CARTESIAN_POINT('',(4.35,-0.65,1.525));
#1505 = VECTOR('',#1506,1.);
#1506 = DIRECTION('',(0.,1.837630800823E-16,-1.));
#1507 = ORIENTED_EDGE('',*,*,#1508,.F.);
#1508 = EDGE_CURVE('',#1451,#1501,#1509,.T.);
#1509 = LINE('',#1510,#1511);
#1510 = CARTESIAN_POINT('',(4.35,-0.65,2.9));
#1511 = VECTOR('',#1512,1.);
#1512 = DIRECTION('',(0.,-1.,0.));
#1513 = PLANE('',#1514);
#1514 = AXIS2_PLACEMENT_3D('',#1515,#1516,#1517);
#1515 = CARTESIAN_POINT('',(4.35,-0.5,1.));
#1516 = DIRECTION('',(1.,0.,0.));
#1517 = DIRECTION('',(0.,0.,-1.));
#1518 = ADVANCED_FACE('',(#1519),#1544,.T.);
#1519 = FACE_BOUND('',#1520,.T.);
#1520 = EDGE_LOOP('',(#1521,#1522,#1530,#1538));
#1521 = ORIENTED_EDGE('',*,*,#1500,.T.);
#1522 = ORIENTED_EDGE('',*,*,#1523,.T.);
#1523 = EDGE_CURVE('',#1492,#1524,#1526,.T.);
#1524 = VERTEX_POINT('',#1525);
#1525 = CARTESIAN_POINT('',(4.65,-0.65,5.E-02));
#1526 = LINE('',#1527,#1528);
#1527 = CARTESIAN_POINT('',(4.348,-0.65,5.E-02));
#1528 = VECTOR('',#1529,1.);
#1529 = DIRECTION('',(1.,0.,0.));
#1530 = ORIENTED_EDGE('',*,*,#1531,.T.);
#1531 = EDGE_CURVE('',#1524,#1532,#1534,.T.);
#1532 = VERTEX_POINT('',#1533);
#1533 = CARTESIAN_POINT('',(4.65,-0.65,2.9));
#1534 = LINE('',#1535,#1536);
#1535 = CARTESIAN_POINT('',(4.65,-0.65,1.525));
#1536 = VECTOR('',#1537,1.);
#1537 = DIRECTION('',(0.,-1.837630800823E-16,1.));
#1538 = ORIENTED_EDGE('',*,*,#1539,.F.);
#1539 = EDGE_CURVE('',#1501,#1532,#1540,.T.);
#1540 = LINE('',#1541,#1542);
#1541 = CARTESIAN_POINT('',(4.348,-0.65,2.9));
#1542 = VECTOR('',#1543,1.);
#1543 = DIRECTION('',(1.,0.,0.));
#1544 = PLANE('',#1545);
#1545 = AXIS2_PLACEMENT_3D('',#1546,#1547,#1548);
#1546 = CARTESIAN_POINT('',(4.348,-0.65,1.525));
#1547 = DIRECTION('',(0.,-1.,-1.837630800823E-16));
#1548 = DIRECTION('',(0.,-1.837630800823E-16,1.));
#1549 = ADVANCED_FACE('',(#1550),#1569,.F.);
#1550 = FACE_BOUND('',#1551,.F.);
#1551 = EDGE_LOOP('',(#1552,#1553,#1562,#1568));
#1552 = ORIENTED_EDGE('',*,*,#1523,.T.);
#1553 = ORIENTED_EDGE('',*,*,#1554,.F.);
#1554 = EDGE_CURVE('',#1555,#1524,#1557,.T.);
#1555 = VERTEX_POINT('',#1556);
#1556 = CARTESIAN_POINT('',(4.65,-0.8,-0.1));
#1557 = CIRCLE('',#1558,0.15);
#1558 = AXIS2_PLACEMENT_3D('',#1559,#1560,#1561);
#1559 = CARTESIAN_POINT('',(4.65,-0.8,5.E-02));
#1560 = DIRECTION('',(1.,0.,-0.));
#1561 = DIRECTION('',(0.,0.,1.));
#1562 = ORIENTED_EDGE('',*,*,#1563,.F.);
#1563 = EDGE_CURVE('',#1484,#1555,#1564,.T.);
#1564 = LINE('',#1565,#1566);
#1565 = CARTESIAN_POINT('',(4.348,-0.8,-0.1));
#1566 = VECTOR('',#1567,1.);
#1567 = DIRECTION('',(1.,0.,0.));
#1568 = ORIENTED_EDGE('',*,*,#1491,.F.);
#1569 = CYLINDRICAL_SURFACE('',#1570,0.15);
#1570 = AXIS2_PLACEMENT_3D('',#1571,#1572,#1573);
#1571 = CARTESIAN_POINT('',(4.348,-0.8,5.E-02));
#1572 = DIRECTION('',(1.,0.,0.));
#1573 = DIRECTION('',(0.,0.,-1.));
#1574 = ADVANCED_FACE('',(#1575),#1593,.T.);
#1575 = FACE_BOUND('',#1576,.T.);
#1576 = EDGE_LOOP('',(#1577,#1585,#1586,#1587));
#1577 = ORIENTED_EDGE('',*,*,#1578,.T.);
#1578 = EDGE_CURVE('',#1579,#1555,#1581,.T.);
#1579 = VERTEX_POINT('',#1580);
#1580 = CARTESIAN_POINT('',(4.65,-2.4,-0.1));
#1581 = LINE('',#1582,#1583);
#1582 = CARTESIAN_POINT('',(4.65,-1.65,-0.1));
#1583 = VECTOR('',#1584,1.);
#1584 = DIRECTION('',(0.,1.,0.));
#1585 = ORIENTED_EDGE('',*,*,#1563,.F.);
#1586 = ORIENTED_EDGE('',*,*,#1483,.T.);
#1587 = ORIENTED_EDGE('',*,*,#1588,.F.);
#1588 = EDGE_CURVE('',#1579,#1476,#1589,.T.);
#1589 = LINE('',#1590,#1591);
#1590 = CARTESIAN_POINT('',(4.348,-2.4,-0.1));
#1591 = VECTOR('',#1592,1.);
#1592 = DIRECTION('',(-1.,0.,0.));
#1593 = PLANE('',#1594);
#1594 = AXIS2_PLACEMENT_3D('',#1595,#1596,#1597);
#1595 = CARTESIAN_POINT('',(4.348,-1.65,-0.1));
#1596 = DIRECTION('',(0.,0.,1.));
#1597 = DIRECTION('',(1.,0.,-0.));
#1598 = ADVANCED_FACE('',(#1599),#1633,.T.);
#1599 = FACE_BOUND('',#1600,.T.);
#1600 = EDGE_LOOP('',(#1601,#1611,#1619,#1627));
#1601 = ORIENTED_EDGE('',*,*,#1602,.F.);
#1602 = EDGE_CURVE('',#1603,#1605,#1607,.T.);
#1603 = VERTEX_POINT('',#1604);
#1604 = CARTESIAN_POINT('',(4.55,-2.5,-0.3));
#1605 = VERTEX_POINT('',#1606);
#1606 = CARTESIAN_POINT('',(4.45,-2.5,-0.3));
#1607 = LINE('',#1608,#1609);
#1608 = CARTESIAN_POINT('',(4.348,-2.5,-0.3));
#1609 = VECTOR('',#1610,1.);
#1610 = DIRECTION('',(-1.,0.,0.));
#1611 = ORIENTED_EDGE('',*,*,#1612,.F.);
#1612 = EDGE_CURVE('',#1613,#1603,#1615,.T.);
#1613 = VERTEX_POINT('',#1614);
#1614 = CARTESIAN_POINT('',(4.55,-2.5,-0.2));
#1615 = LINE('',#1616,#1617);
#1616 = CARTESIAN_POINT('',(4.55,-2.5,-0.4));
#1617 = VECTOR('',#1618,1.);
#1618 = DIRECTION('',(0.,0.,-1.));
#1619 = ORIENTED_EDGE('',*,*,#1620,.F.);
#1620 = EDGE_CURVE('',#1621,#1613,#1623,.T.);
#1621 = VERTEX_POINT('',#1622);
#1622 = CARTESIAN_POINT('',(4.45,-2.5,-0.2));
#1623 = LINE('',#1624,#1625);
#1624 = CARTESIAN_POINT('',(4.348,-2.5,-0.2));
#1625 = VECTOR('',#1626,1.);
#1626 = DIRECTION('',(1.,0.,0.));
#1627 = ORIENTED_EDGE('',*,*,#1628,.F.);
#1628 = EDGE_CURVE('',#1605,#1621,#1629,.T.);
#1629 = LINE('',#1630,#1631);
#1630 = CARTESIAN_POINT('',(4.45,-2.5,-0.1));
#1631 = VECTOR('',#1632,1.);
#1632 = DIRECTION('',(0.,0.,1.));
#1633 = PLANE('',#1634);
#1634 = AXIS2_PLACEMENT_3D('',#1635,#1636,#1637);
#1635 = CARTESIAN_POINT('',(4.348,-2.5,-0.25));
#1636 = DIRECTION('',(0.,-1.,0.));
#1637 = DIRECTION('',(0.,0.,1.));
#1638 = ADVANCED_FACE('',(#1639),#1664,.T.);
#1639 = FACE_BOUND('',#1640,.T.);
#1640 = EDGE_LOOP('',(#1641,#1642,#1650,#1658));
#1641 = ORIENTED_EDGE('',*,*,#1467,.T.);
#1642 = ORIENTED_EDGE('',*,*,#1643,.T.);
#1643 = EDGE_CURVE('',#1459,#1644,#1646,.T.);
#1644 = VERTEX_POINT('',#1645);
#1645 = CARTESIAN_POINT('',(4.65,-0.8,-0.4));
#1646 = LINE('',#1647,#1648);
#1647 = CARTESIAN_POINT('',(4.348,-0.8,-0.4));
#1648 = VECTOR('',#1649,1.);
#1649 = DIRECTION('',(1.,0.,0.));
#1650 = ORIENTED_EDGE('',*,*,#1651,.T.);
#1651 = EDGE_CURVE('',#1644,#1652,#1654,.T.);
#1652 = VERTEX_POINT('',#1653);
#1653 = CARTESIAN_POINT('',(4.65,-2.4,-0.4));
#1654 = LINE('',#1655,#1656);
#1655 = CARTESIAN_POINT('',(4.65,-1.65,-0.4));
#1656 = VECTOR('',#1657,1.);
#1657 = DIRECTION('',(0.,-1.,-1.27553196763E-16));
#1658 = ORIENTED_EDGE('',*,*,#1659,.F.);
#1659 = EDGE_CURVE('',#1468,#1652,#1660,.T.);
#1660 = LINE('',#1661,#1662);
#1661 = CARTESIAN_POINT('',(4.348,-2.4,-0.4));
#1662 = VECTOR('',#1663,1.);
#1663 = DIRECTION('',(1.,0.,0.));
#1664 = PLANE('',#1665);
#1665 = AXIS2_PLACEMENT_3D('',#1666,#1667,#1668);
#1666 = CARTESIAN_POINT('',(4.348,-1.65,-0.4));
#1667 = DIRECTION('',(0.,1.27553196763E-16,-1.));
#1668 = DIRECTION('',(0.,-1.,-1.27553196763E-16));
#1669 = ADVANCED_FACE('',(#1670),#1689,.T.);
#1670 = FACE_BOUND('',#1671,.T.);
#1671 = EDGE_LOOP('',(#1672,#1680,#1687,#1688));
#1672 = ORIENTED_EDGE('',*,*,#1673,.T.);
#1673 = EDGE_CURVE('',#1449,#1674,#1676,.T.);
#1674 = VERTEX_POINT('',#1675);
#1675 = CARTESIAN_POINT('',(4.65,-0.35,5.E-02));
#1676 = LINE('',#1677,#1678);
#1677 = CARTESIAN_POINT('',(4.348,-0.35,5.E-02));
#1678 = VECTOR('',#1679,1.);
#1679 = DIRECTION('',(1.,0.,0.));
#1680 = ORIENTED_EDGE('',*,*,#1681,.F.);
#1681 = EDGE_CURVE('',#1644,#1674,#1682,.T.);
#1682 = CIRCLE('',#1683,0.45);
#1683 = AXIS2_PLACEMENT_3D('',#1684,#1685,#1686);
#1684 = CARTESIAN_POINT('',(4.65,-0.8,5.E-02));
#1685 = DIRECTION('',(1.,0.,-0.));
#1686 = DIRECTION('',(0.,0.,1.));
#1687 = ORIENTED_EDGE('',*,*,#1643,.F.);
#1688 = ORIENTED_EDGE('',*,*,#1458,.F.);
#1689 = CYLINDRICAL_SURFACE('',#1690,0.45);
#1690 = AXIS2_PLACEMENT_3D('',#1691,#1692,#1693);
#1691 = CARTESIAN_POINT('',(4.348,-0.8,5.E-02));
#1692 = DIRECTION('',(1.,0.,0.));
#1693 = DIRECTION('',(0.,0.,-1.));
#1694 = ADVANCED_FACE('',(#1695),#1713,.T.);
#1695 = FACE_BOUND('',#1696,.T.);
#1696 = EDGE_LOOP('',(#1697,#1705,#1706,#1707));
#1697 = ORIENTED_EDGE('',*,*,#1698,.T.);
#1698 = EDGE_CURVE('',#1699,#1674,#1701,.T.);
#1699 = VERTEX_POINT('',#1700);
#1700 = CARTESIAN_POINT('',(4.65,-0.35,2.9));
#1701 = LINE('',#1702,#1703);
#1702 = CARTESIAN_POINT('',(4.65,-0.35,1.525));
#1703 = VECTOR('',#1704,1.);
#1704 = DIRECTION('',(0.,5.512892402469E-17,-1.));
#1705 = ORIENTED_EDGE('',*,*,#1673,.F.);
#1706 = ORIENTED_EDGE('',*,*,#1448,.T.);
#1707 = ORIENTED_EDGE('',*,*,#1708,.F.);
#1708 = EDGE_CURVE('',#1699,#1451,#1709,.T.);
#1709 = LINE('',#1710,#1711);
#1710 = CARTESIAN_POINT('',(4.348,-0.35,2.9));
#1711 = VECTOR('',#1712,1.);
#1712 = DIRECTION('',(-1.,0.,0.));
#1713 = PLANE('',#1714);
#1714 = AXIS2_PLACEMENT_3D('',#1715,#1716,#1717);
#1715 = CARTESIAN_POINT('',(4.348,-0.35,1.525));
#1716 = DIRECTION('',(0.,1.,5.512892402469E-17));
#1717 = DIRECTION('',(0.,5.512892402469E-17,-1.));
#1718 = ADVANCED_FACE('',(#1719),#1753,.T.);
#1719 = FACE_BOUND('',#1720,.T.);
#1720 = EDGE_LOOP('',(#1721,#1731,#1739,#1747));
#1721 = ORIENTED_EDGE('',*,*,#1722,.F.);
#1722 = EDGE_CURVE('',#1723,#1725,#1727,.T.);
#1723 = VERTEX_POINT('',#1724);
#1724 = CARTESIAN_POINT('',(4.55,-0.55,3.));
#1725 = VERTEX_POINT('',#1726);
#1726 = CARTESIAN_POINT('',(4.45,-0.55,3.));
#1727 = LINE('',#1728,#1729);
#1728 = CARTESIAN_POINT('',(4.348,-0.55,3.));
#1729 = VECTOR('',#1730,1.);
#1730 = DIRECTION('',(-1.,0.,0.));
#1731 = ORIENTED_EDGE('',*,*,#1732,.F.);
#1732 = EDGE_CURVE('',#1733,#1723,#1735,.T.);
#1733 = VERTEX_POINT('',#1734);
#1734 = CARTESIAN_POINT('',(4.55,-0.45,3.));
#1735 = LINE('',#1736,#1737);
#1736 = CARTESIAN_POINT('',(4.55,-0.65,3.));
#1737 = VECTOR('',#1738,1.);
#1738 = DIRECTION('',(0.,-1.,0.));
#1739 = ORIENTED_EDGE('',*,*,#1740,.F.);
#1740 = EDGE_CURVE('',#1741,#1733,#1743,.T.);
#1741 = VERTEX_POINT('',#1742);
#1742 = CARTESIAN_POINT('',(4.45,-0.45,3.));
#1743 = LINE('',#1744,#1745);
#1744 = CARTESIAN_POINT('',(4.348,-0.45,3.));
#1745 = VECTOR('',#1746,1.);
#1746 = DIRECTION('',(1.,0.,0.));
#1747 = ORIENTED_EDGE('',*,*,#1748,.F.);
#1748 = EDGE_CURVE('',#1725,#1741,#1749,.T.);
#1749 = LINE('',#1750,#1751);
#1750 = CARTESIAN_POINT('',(4.45,-0.35,3.));
#1751 = VECTOR('',#1752,1.);
#1752 = DIRECTION('',(0.,1.,0.));
#1753 = PLANE('',#1754);
#1754 = AXIS2_PLACEMENT_3D('',#1755,#1756,#1757);
#1755 = CARTESIAN_POINT('',(4.348,-0.5,3.));
#1756 = DIRECTION('',(0.,0.,1.));
#1757 = DIRECTION('',(1.,0.,-0.));
#1758 = ADVANCED_FACE('',(#1759),#1779,.F.);
#1759 = FACE_BOUND('',#1760,.T.);
#1760 = EDGE_LOOP('',(#1761,#1762,#1763,#1764,#1770,#1771,#1772,#1773));
#1761 = ORIENTED_EDGE('',*,*,#1531,.F.);
#1762 = ORIENTED_EDGE('',*,*,#1554,.F.);
#1763 = ORIENTED_EDGE('',*,*,#1578,.F.);
#1764 = ORIENTED_EDGE('',*,*,#1765,.F.);
#1765 = EDGE_CURVE('',#1652,#1579,#1766,.T.);
#1766 = LINE('',#1767,#1768);
#1767 = CARTESIAN_POINT('',(4.65,-2.4,-0.1));
#1768 = VECTOR('',#1769,1.);
#1769 = DIRECTION('',(0.,0.,1.));
#1770 = ORIENTED_EDGE('',*,*,#1651,.F.);
#1771 = ORIENTED_EDGE('',*,*,#1681,.T.);
#1772 = ORIENTED_EDGE('',*,*,#1698,.F.);
#1773 = ORIENTED_EDGE('',*,*,#1774,.F.);
#1774 = EDGE_CURVE('',#1532,#1699,#1775,.T.);
#1775 = LINE('',#1776,#1777);
#1776 = CARTESIAN_POINT('',(4.65,-0.35,2.9));
#1777 = VECTOR('',#1778,1.);
#1778 = DIRECTION('',(0.,1.,0.));
#1779 = PLANE('',#1780);
#1780 = AXIS2_PLACEMENT_3D('',#1781,#1782,#1783);
#1781 = CARTESIAN_POINT('',(4.65,-1.425,1.3));
#1782 = DIRECTION('',(-1.,0.,0.));
#1783 = DIRECTION('',(0.,1.,0.));
#1784 = ADVANCED_FACE('',(#1785),#1801,.T.);
#1785 = FACE_BOUND('',#1786,.T.);
#1786 = EDGE_LOOP('',(#1787,#1793,#1794,#1800));
#1787 = ORIENTED_EDGE('',*,*,#1788,.F.);
#1788 = EDGE_CURVE('',#1532,#1723,#1789,.T.);
#1789 = LINE('',#1790,#1791);
#1790 = CARTESIAN_POINT('',(4.549333333333,-0.549333333333,
    3.000666666667));
#1791 = VECTOR('',#1792,1.);
#1792 = DIRECTION('',(-0.57735026919,0.57735026919,0.57735026919));
#1793 = ORIENTED_EDGE('',*,*,#1774,.T.);
#1794 = ORIENTED_EDGE('',*,*,#1795,.T.);
#1795 = EDGE_CURVE('',#1699,#1733,#1796,.T.);
#1796 = LINE('',#1797,#1798);
#1797 = CARTESIAN_POINT('',(4.291666666667,-0.708333333333,
    3.258333333333));
#1798 = VECTOR('',#1799,1.);
#1799 = DIRECTION('',(-0.57735026919,-0.57735026919,0.57735026919));
#1800 = ORIENTED_EDGE('',*,*,#1732,.T.);
#1801 = PLANE('',#1802);
#1802 = AXIS2_PLACEMENT_3D('',#1803,#1804,#1805);
#1803 = CARTESIAN_POINT('',(4.65,-1.425,2.9));
#1804 = DIRECTION('',(0.707106781187,0.,0.707106781187));
#1805 = DIRECTION('',(0.,-1.,0.));
#1806 = ADVANCED_FACE('',(#1807),#1818,.F.);
#1807 = FACE_BOUND('',#1808,.T.);
#1808 = EDGE_LOOP('',(#1809,#1810,#1811,#1817));
#1809 = ORIENTED_EDGE('',*,*,#1795,.F.);
#1810 = ORIENTED_EDGE('',*,*,#1708,.T.);
#1811 = ORIENTED_EDGE('',*,*,#1812,.T.);
#1812 = EDGE_CURVE('',#1451,#1741,#1813,.T.);
#1813 = LINE('',#1814,#1815);
#1814 = CARTESIAN_POINT('',(4.416,-0.416,2.966));
#1815 = VECTOR('',#1816,1.);
#1816 = DIRECTION('',(0.57735026919,-0.57735026919,0.57735026919));
#1817 = ORIENTED_EDGE('',*,*,#1740,.T.);
#1818 = PLANE('',#1819);
#1819 = AXIS2_PLACEMENT_3D('',#1820,#1821,#1822);
#1820 = CARTESIAN_POINT('',(4.348,-0.45,3.));
#1821 = DIRECTION('',(0.,-0.707106781187,-0.707106781187));
#1822 = DIRECTION('',(1.,0.,0.));
#1823 = ADVANCED_FACE('',(#1824),#1835,.F.);
#1824 = FACE_BOUND('',#1825,.T.);
#1825 = EDGE_LOOP('',(#1826,#1827,#1828,#1834));
#1826 = ORIENTED_EDGE('',*,*,#1788,.T.);
#1827 = ORIENTED_EDGE('',*,*,#1722,.T.);
#1828 = ORIENTED_EDGE('',*,*,#1829,.T.);
#1829 = EDGE_CURVE('',#1725,#1501,#1830,.T.);
#1830 = LINE('',#1831,#1832);
#1831 = CARTESIAN_POINT('',(4.349333333333,-0.650666666667,
    2.899333333333));
#1832 = VECTOR('',#1833,1.);
#1833 = DIRECTION('',(-0.57735026919,-0.57735026919,-0.57735026919));
#1834 = ORIENTED_EDGE('',*,*,#1539,.T.);
#1835 = PLANE('',#1836);
#1836 = AXIS2_PLACEMENT_3D('',#1837,#1838,#1839);
#1837 = CARTESIAN_POINT('',(4.348,-0.65,2.9));
#1838 = DIRECTION('',(0.,0.707106781187,-0.707106781187));
#1839 = DIRECTION('',(1.,0.,0.));
#1840 = ADVANCED_FACE('',(#1841),#1847,.T.);
#1841 = FACE_BOUND('',#1842,.T.);
#1842 = EDGE_LOOP('',(#1843,#1844,#1845,#1846));
#1843 = ORIENTED_EDGE('',*,*,#1812,.F.);
#1844 = ORIENTED_EDGE('',*,*,#1508,.T.);
#1845 = ORIENTED_EDGE('',*,*,#1829,.F.);
#1846 = ORIENTED_EDGE('',*,*,#1748,.T.);
#1847 = PLANE('',#1848);
#1848 = AXIS2_PLACEMENT_3D('',#1849,#1850,#1851);
#1849 = CARTESIAN_POINT('',(4.35,-0.5,2.9));
#1850 = DIRECTION('',(-0.707106781187,0.,0.707106781187));
#1851 = DIRECTION('',(0.,1.,0.));
#1852 = ADVANCED_FACE('',(#1853),#1869,.T.);
#1853 = FACE_BOUND('',#1854,.T.);
#1854 = EDGE_LOOP('',(#1855,#1861,#1862,#1868));
#1855 = ORIENTED_EDGE('',*,*,#1856,.T.);
#1856 = EDGE_CURVE('',#1603,#1652,#1857,.T.);
#1857 = LINE('',#1858,#1859);
#1858 = CARTESIAN_POINT('',(4.083333333333,-2.966666666667,
    0.166666666667));
#1859 = VECTOR('',#1860,1.);
#1860 = DIRECTION('',(0.57735026919,0.57735026919,-0.57735026919));
#1861 = ORIENTED_EDGE('',*,*,#1765,.T.);
#1862 = ORIENTED_EDGE('',*,*,#1863,.F.);
#1863 = EDGE_CURVE('',#1613,#1579,#1864,.T.);
#1864 = LINE('',#1865,#1866);
#1865 = CARTESIAN_POINT('',(4.482666666667,-2.567333333333,
    -0.267333333333));
#1866 = VECTOR('',#1867,1.);
#1867 = DIRECTION('',(0.57735026919,0.57735026919,0.57735026919));
#1868 = ORIENTED_EDGE('',*,*,#1612,.T.);
#1869 = PLANE('',#1870);
#1870 = AXIS2_PLACEMENT_3D('',#1871,#1872,#1873);
#1871 = CARTESIAN_POINT('',(4.65,-2.4,1.3));
#1872 = DIRECTION('',(0.707106781187,-0.707106781187,0.));
#1873 = DIRECTION('',(0.,0.,-1.));
#1874 = ADVANCED_FACE('',(#1875),#1886,.F.);
#1875 = FACE_BOUND('',#1876,.T.);
#1876 = EDGE_LOOP('',(#1877,#1878,#1879,#1885));
#1877 = ORIENTED_EDGE('',*,*,#1863,.T.);
#1878 = ORIENTED_EDGE('',*,*,#1588,.T.);
#1879 = ORIENTED_EDGE('',*,*,#1880,.T.);
#1880 = EDGE_CURVE('',#1476,#1621,#1881,.T.);
#1881 = LINE('',#1882,#1883);
#1882 = CARTESIAN_POINT('',(4.416,-2.466,-0.166));
#1883 = VECTOR('',#1884,1.);
#1884 = DIRECTION('',(0.57735026919,-0.57735026919,-0.57735026919));
#1885 = ORIENTED_EDGE('',*,*,#1620,.T.);
#1886 = PLANE('',#1887);
#1887 = AXIS2_PLACEMENT_3D('',#1888,#1889,#1890);
#1888 = CARTESIAN_POINT('',(4.348,-2.5,-0.2));
#1889 = DIRECTION('',(0.,0.707106781187,-0.707106781187));
#1890 = DIRECTION('',(1.,0.,0.));
#1891 = ADVANCED_FACE('',(#1892),#1903,.F.);
#1892 = FACE_BOUND('',#1893,.T.);
#1893 = EDGE_LOOP('',(#1894,#1895,#1896,#1902));
#1894 = ORIENTED_EDGE('',*,*,#1856,.F.);
#1895 = ORIENTED_EDGE('',*,*,#1602,.T.);
#1896 = ORIENTED_EDGE('',*,*,#1897,.T.);
#1897 = EDGE_CURVE('',#1605,#1468,#1898,.T.);
#1898 = LINE('',#1899,#1900);
#1899 = CARTESIAN_POINT('',(4.349333333333,-2.399333333333,
    -0.400666666667));
#1900 = VECTOR('',#1901,1.);
#1901 = DIRECTION('',(-0.57735026919,0.57735026919,-0.57735026919));
#1902 = ORIENTED_EDGE('',*,*,#1659,.T.);
#1903 = PLANE('',#1904);
#1904 = AXIS2_PLACEMENT_3D('',#1905,#1906,#1907);
#1905 = CARTESIAN_POINT('',(4.348,-2.4,-0.4));
#1906 = DIRECTION('',(0.,0.707106781187,0.707106781187));
#1907 = DIRECTION('',(1.,0.,-0.));
#1908 = ADVANCED_FACE('',(#1909),#1915,.T.);
#1909 = FACE_BOUND('',#1910,.T.);
#1910 = EDGE_LOOP('',(#1911,#1912,#1913,#1914));
#1911 = ORIENTED_EDGE('',*,*,#1880,.F.);
#1912 = ORIENTED_EDGE('',*,*,#1475,.T.);
#1913 = ORIENTED_EDGE('',*,*,#1897,.F.);
#1914 = ORIENTED_EDGE('',*,*,#1628,.T.);
#1915 = PLANE('',#1916);
#1916 = AXIS2_PLACEMENT_3D('',#1917,#1918,#1919);
#1917 = CARTESIAN_POINT('',(4.35,-2.4,1.));
#1918 = DIRECTION('',(-0.707106781187,-0.707106781187,0.));
#1919 = DIRECTION('',(0.,0.,1.));
#1920 = ( GEOMETRIC_REPRESENTATION_CONTEXT(3) 
GLOBAL_UNCERTAINTY_ASSIGNED_CONTEXT((#1924)) 
GLOBAL_UNIT_ASSIGNED_CONTEXT((#1921,#1922,#1923)) REPRESENTATION_CONTEXT
('Context #1','3D Context with UNIT and UNCERTAINTY') );
#1921 = ( LENGTH_UNIT() NAMED_UNIT(*) SI_UNIT(.MILLI.,.METRE.) );
#1922 = ( NAMED_UNIT(*) PLANE_ANGLE_UNIT() SI_UNIT($,.RADIAN.) );
#1923 = ( NAMED_UNIT(*) SI_UNIT($,.STERADIAN.) SOLID_ANGLE_UNIT() );
#1924 = UNCERTAINTY_MEASURE_WITH_UNIT(LENGTH_MEASURE(1.E-07),#1921,
  'distance_accuracy_value','confusion accuracy');
#1925 = CONTEXT_DEPENDENT_SHAPE_REPRESENTATION(#1926,#1928);
#1926 = ( REPRESENTATION_RELATIONSHIP('','',#1441,#817) 
REPRESENTATION_RELATIONSHIP_WITH_TRANSFORMATION(#1927) 
SHAPE_REPRESENTATION_RELATIONSHIP() );
#1927 = ITEM_DEFINED_TRANSFORMATION('','',#11,#822);
#1928 = PRODUCT_DEFINITION_SHAPE('Placement','Placement of an item',
  #1929);
#1929 = NEXT_ASSEMBLY_USAGE_OCCURRENCE('80','=>[0:1:1:5]','',#812,#1436,
  $);
#1930 = PRODUCT_RELATED_PRODUCT_CATEGORY('part',$,(#1438));
#1931 = SHAPE_DEFINITION_REPRESENTATION(#1932,#1938);
#1932 = PRODUCT_DEFINITION_SHAPE('','',#1933);
#1933 = PRODUCT_DEFINITION('design','',#1934,#1937);
#1934 = PRODUCT_DEFINITION_FORMATION('','',#1935);
#1935 = PRODUCT('Part 22','Part 22','',(#1936));
#1936 = PRODUCT_CONTEXT('',#2,'mechanical');
#1937 = PRODUCT_DEFINITION_CONTEXT('part definition',#2,'design');
#1938 = ADVANCED_BREP_SHAPE_REPRESENTATION('',(#11,#1939),#2417);
#1939 = MANIFOLD_SOLID_BREP('',#1940);
#1940 = CLOSED_SHELL('',(#1941,#2015,#2089,#2129,#2151,#2168,#2185,#2225
    ,#2247,#2264,#2281,#2303,#2320,#2337,#2349,#2371,#2388,#2405));
#1941 = ADVANCED_FACE('',(#1942),#2010,.F.);
#1942 = FACE_BOUND('',#1943,.T.);
#1943 = EDGE_LOOP('',(#1944,#1954,#1962,#1970,#1979,#1987,#1995,#2003));
#1944 = ORIENTED_EDGE('',*,*,#1945,.T.);
#1945 = EDGE_CURVE('',#1946,#1948,#1950,.T.);
#1946 = VERTEX_POINT('',#1947);
#1947 = CARTESIAN_POINT('',(9.35,0.35,5.E-02));
#1948 = VERTEX_POINT('',#1949);
#1949 = CARTESIAN_POINT('',(9.35,0.35,2.9));
#1950 = LINE('',#1951,#1952);
#1951 = CARTESIAN_POINT('',(9.35,0.35,1.525));
#1952 = VECTOR('',#1953,1.);
#1953 = DIRECTION('',(0.,5.512892402469E-17,1.));
#1954 = ORIENTED_EDGE('',*,*,#1955,.T.);
#1955 = EDGE_CURVE('',#1948,#1956,#1958,.T.);
#1956 = VERTEX_POINT('',#1957);
#1957 = CARTESIAN_POINT('',(9.35,0.65,2.9));
#1958 = LINE('',#1959,#1960);
#1959 = CARTESIAN_POINT('',(9.35,0.65,2.9));
#1960 = VECTOR('',#1961,1.);
#1961 = DIRECTION('',(0.,1.,0.));
#1962 = ORIENTED_EDGE('',*,*,#1963,.T.);
#1963 = EDGE_CURVE('',#1956,#1964,#1966,.T.);
#1964 = VERTEX_POINT('',#1965);
#1965 = CARTESIAN_POINT('',(9.35,0.65,5.E-02));
#1966 = LINE('',#1967,#1968);
#1967 = CARTESIAN_POINT('',(9.35,0.65,1.525));
#1968 = VECTOR('',#1969,1.);
#1969 = DIRECTION('',(0.,-1.837630800823E-16,-1.));
#1970 = ORIENTED_EDGE('',*,*,#1971,.T.);
#1971 = EDGE_CURVE('',#1964,#1972,#1974,.T.);
#1972 = VERTEX_POINT('',#1973);
#1973 = CARTESIAN_POINT('',(9.35,0.8,-0.1));
#1974 = CIRCLE('',#1975,0.15);
#1975 = AXIS2_PLACEMENT_3D('',#1976,#1977,#1978);
#1976 = CARTESIAN_POINT('',(9.35,0.8,5.E-02));
#1977 = DIRECTION('',(1.,0.,0.));
#1978 = DIRECTION('',(0.,0.,-1.));
#1979 = ORIENTED_EDGE('',*,*,#1980,.T.);
#1980 = EDGE_CURVE('',#1972,#1981,#1983,.T.);
#1981 = VERTEX_POINT('',#1982);
#1982 = CARTESIAN_POINT('',(9.35,2.4,-0.1));
#1983 = LINE('',#1984,#1985);
#1984 = CARTESIAN_POINT('',(9.35,1.65,-0.1));
#1985 = VECTOR('',#1986,1.);
#1986 = DIRECTION('',(0.,1.,0.));
#1987 = ORIENTED_EDGE('',*,*,#1988,.T.);
#1988 = EDGE_CURVE('',#1981,#1989,#1991,.T.);
#1989 = VERTEX_POINT('',#1990);
#1990 = CARTESIAN_POINT('',(9.35,2.4,-0.4));
#1991 = LINE('',#1992,#1993);
#1992 = CARTESIAN_POINT('',(9.35,2.4,-0.4));
#1993 = VECTOR('',#1994,1.);
#1994 = DIRECTION('',(0.,0.,-1.));
#1995 = ORIENTED_EDGE('',*,*,#1996,.T.);
#1996 = EDGE_CURVE('',#1989,#1997,#1999,.T.);
#1997 = VERTEX_POINT('',#1998);
#1998 = CARTESIAN_POINT('',(9.35,0.8,-0.4));
#1999 = LINE('',#2000,#2001);
#2000 = CARTESIAN_POINT('',(9.35,1.65,-0.4));
#2001 = VECTOR('',#2002,1.);
#2002 = DIRECTION('',(0.,-1.,1.27553196763E-16));
#2003 = ORIENTED_EDGE('',*,*,#2004,.F.);
#2004 = EDGE_CURVE('',#1946,#1997,#2005,.T.);
#2005 = CIRCLE('',#2006,0.45);
#2006 = AXIS2_PLACEMENT_3D('',#2007,#2008,#2009);
#2007 = CARTESIAN_POINT('',(9.35,0.8,5.E-02));
#2008 = DIRECTION('',(1.,0.,0.));
#2009 = DIRECTION('',(0.,0.,-1.));
#2010 = PLANE('',#2011);
#2011 = AXIS2_PLACEMENT_3D('',#2012,#2013,#2014);
#2012 = CARTESIAN_POINT('',(9.35,0.5,1.));
#2013 = DIRECTION('',(1.,0.,0.));
#2014 = DIRECTION('',(0.,0.,-1.));
#2015 = ADVANCED_FACE('',(#2016),#2084,.F.);
#2016 = FACE_BOUND('',#2017,.T.);
#2017 = EDGE_LOOP('',(#2018,#2028,#2036,#2044,#2053,#2061,#2069,#2077));
#2018 = ORIENTED_EDGE('',*,*,#2019,.T.);
#2019 = EDGE_CURVE('',#2020,#2022,#2024,.T.);
#2020 = VERTEX_POINT('',#2021);
#2021 = CARTESIAN_POINT('',(9.65,0.65,5.E-02));
#2022 = VERTEX_POINT('',#2023);
#2023 = CARTESIAN_POINT('',(9.65,0.65,2.9));
#2024 = LINE('',#2025,#2026);
#2025 = CARTESIAN_POINT('',(9.65,0.65,1.525));
#2026 = VECTOR('',#2027,1.);
#2027 = DIRECTION('',(0.,1.837630800823E-16,1.));
#2028 = ORIENTED_EDGE('',*,*,#2029,.T.);
#2029 = EDGE_CURVE('',#2022,#2030,#2032,.T.);
#2030 = VERTEX_POINT('',#2031);
#2031 = CARTESIAN_POINT('',(9.65,0.35,2.9));
#2032 = LINE('',#2033,#2034);
#2033 = CARTESIAN_POINT('',(9.65,0.35,2.9));
#2034 = VECTOR('',#2035,1.);
#2035 = DIRECTION('',(0.,-1.,0.));
#2036 = ORIENTED_EDGE('',*,*,#2037,.T.);
#2037 = EDGE_CURVE('',#2030,#2038,#2040,.T.);
#2038 = VERTEX_POINT('',#2039);
#2039 = CARTESIAN_POINT('',(9.65,0.35,5.E-02));
#2040 = LINE('',#2041,#2042);
#2041 = CARTESIAN_POINT('',(9.65,0.35,1.525));
#2042 = VECTOR('',#2043,1.);
#2043 = DIRECTION('',(0.,-5.512892402469E-17,-1.));
#2044 = ORIENTED_EDGE('',*,*,#2045,.F.);
#2045 = EDGE_CURVE('',#2046,#2038,#2048,.T.);
#2046 = VERTEX_POINT('',#2047);
#2047 = CARTESIAN_POINT('',(9.65,0.8,-0.4));
#2048 = CIRCLE('',#2049,0.45);
#2049 = AXIS2_PLACEMENT_3D('',#2050,#2051,#2052);
#2050 = CARTESIAN_POINT('',(9.65,0.8,5.E-02));
#2051 = DIRECTION('',(-1.,0.,0.));
#2052 = DIRECTION('',(0.,0.,1.));
#2053 = ORIENTED_EDGE('',*,*,#2054,.T.);
#2054 = EDGE_CURVE('',#2046,#2055,#2057,.T.);
#2055 = VERTEX_POINT('',#2056);
#2056 = CARTESIAN_POINT('',(9.65,2.4,-0.4));
#2057 = LINE('',#2058,#2059);
#2058 = CARTESIAN_POINT('',(9.65,1.65,-0.4));
#2059 = VECTOR('',#2060,1.);
#2060 = DIRECTION('',(0.,1.,-1.27553196763E-16));
#2061 = ORIENTED_EDGE('',*,*,#2062,.T.);
#2062 = EDGE_CURVE('',#2055,#2063,#2065,.T.);
#2063 = VERTEX_POINT('',#2064);
#2064 = CARTESIAN_POINT('',(9.65,2.4,-0.1));
#2065 = LINE('',#2066,#2067);
#2066 = CARTESIAN_POINT('',(9.65,2.4,-0.1));
#2067 = VECTOR('',#2068,1.);
#2068 = DIRECTION('',(0.,0.,1.));
#2069 = ORIENTED_EDGE('',*,*,#2070,.T.);
#2070 = EDGE_CURVE('',#2063,#2071,#2073,.T.);
#2071 = VERTEX_POINT('',#2072);
#2072 = CARTESIAN_POINT('',(9.65,0.8,-0.1));
#2073 = LINE('',#2074,#2075);
#2074 = CARTESIAN_POINT('',(9.65,1.65,-0.1));
#2075 = VECTOR('',#2076,1.);
#2076 = DIRECTION('',(0.,-1.,0.));
#2077 = ORIENTED_EDGE('',*,*,#2078,.T.);
#2078 = EDGE_CURVE('',#2071,#2020,#2079,.T.);
#2079 = CIRCLE('',#2080,0.15);
#2080 = AXIS2_PLACEMENT_3D('',#2081,#2082,#2083);
#2081 = CARTESIAN_POINT('',(9.65,0.8,5.E-02));
#2082 = DIRECTION('',(-1.,0.,0.));
#2083 = DIRECTION('',(0.,0.,1.));
#2084 = PLANE('',#2085);
#2085 = AXIS2_PLACEMENT_3D('',#2086,#2087,#2088);
#2086 = CARTESIAN_POINT('',(9.65,1.425,1.3));
#2087 = DIRECTION('',(-1.,0.,0.));
#2088 = DIRECTION('',(0.,-1.,0.));
#2089 = ADVANCED_FACE('',(#2090),#2124,.T.);
#2090 = FACE_BOUND('',#2091,.T.);
#2091 = EDGE_LOOP('',(#2092,#2102,#2110,#2118));
#2092 = ORIENTED_EDGE('',*,*,#2093,.T.);
#2093 = EDGE_CURVE('',#2094,#2096,#2098,.T.);
#2094 = VERTEX_POINT('',#2095);
#2095 = CARTESIAN_POINT('',(9.55,0.55,3.));
#2096 = VERTEX_POINT('',#2097);
#2097 = CARTESIAN_POINT('',(9.45,0.55,3.));
#2098 = LINE('',#2099,#2100);
#2099 = CARTESIAN_POINT('',(9.348,0.55,3.));
#2100 = VECTOR('',#2101,1.);
#2101 = DIRECTION('',(-1.,0.,0.));
#2102 = ORIENTED_EDGE('',*,*,#2103,.T.);
#2103 = EDGE_CURVE('',#2096,#2104,#2106,.T.);
#2104 = VERTEX_POINT('',#2105);
#2105 = CARTESIAN_POINT('',(9.45,0.45,3.));
#2106 = LINE('',#2107,#2108);
#2107 = CARTESIAN_POINT('',(9.45,0.35,3.));
#2108 = VECTOR('',#2109,1.);
#2109 = DIRECTION('',(0.,-1.,0.));
#2110 = ORIENTED_EDGE('',*,*,#2111,.T.);
#2111 = EDGE_CURVE('',#2104,#2112,#2114,.T.);
#2112 = VERTEX_POINT('',#2113);
#2113 = CARTESIAN_POINT('',(9.55,0.45,3.));
#2114 = LINE('',#2115,#2116);
#2115 = CARTESIAN_POINT('',(9.348,0.45,3.));
#2116 = VECTOR('',#2117,1.);
#2117 = DIRECTION('',(1.,0.,0.));
#2118 = ORIENTED_EDGE('',*,*,#2119,.T.);
#2119 = EDGE_CURVE('',#2112,#2094,#2120,.T.);
#2120 = LINE('',#2121,#2122);
#2121 = CARTESIAN_POINT('',(9.55,0.65,3.));
#2122 = VECTOR('',#2123,1.);
#2123 = DIRECTION('',(0.,1.,0.));
#2124 = PLANE('',#2125);
#2125 = AXIS2_PLACEMENT_3D('',#2126,#2127,#2128);
#2126 = CARTESIAN_POINT('',(9.348,0.5,3.));
#2127 = DIRECTION('',(0.,0.,1.));
#2128 = DIRECTION('',(1.,0.,-0.));
#2129 = ADVANCED_FACE('',(#2130),#2146,.T.);
#2130 = FACE_BOUND('',#2131,.T.);
#2131 = EDGE_LOOP('',(#2132,#2133,#2139,#2140));
#2132 = ORIENTED_EDGE('',*,*,#2037,.F.);
#2133 = ORIENTED_EDGE('',*,*,#2134,.T.);
#2134 = EDGE_CURVE('',#2030,#1948,#2135,.T.);
#2135 = LINE('',#2136,#2137);
#2136 = CARTESIAN_POINT('',(9.348,0.35,2.9));
#2137 = VECTOR('',#2138,1.);
#2138 = DIRECTION('',(-1.,0.,0.));
#2139 = ORIENTED_EDGE('',*,*,#1945,.F.);
#2140 = ORIENTED_EDGE('',*,*,#2141,.T.);
#2141 = EDGE_CURVE('',#1946,#2038,#2142,.T.);
#2142 = LINE('',#2143,#2144);
#2143 = CARTESIAN_POINT('',(9.348,0.35,5.E-02));
#2144 = VECTOR('',#2145,1.);
#2145 = DIRECTION('',(1.,0.,0.));
#2146 = PLANE('',#2147);
#2147 = AXIS2_PLACEMENT_3D('',#2148,#2149,#2150);
#2148 = CARTESIAN_POINT('',(9.348,0.35,1.525));
#2149 = DIRECTION('',(0.,-1.,5.512892402469E-17));
#2150 = DIRECTION('',(0.,-5.512892402469E-17,-1.));
#2151 = ADVANCED_FACE('',(#2152),#2163,.T.);
#2152 = FACE_BOUND('',#2153,.T.);
#2153 = EDGE_LOOP('',(#2154,#2155,#2156,#2162));
#2154 = ORIENTED_EDGE('',*,*,#2141,.F.);
#2155 = ORIENTED_EDGE('',*,*,#2004,.T.);
#2156 = ORIENTED_EDGE('',*,*,#2157,.T.);
#2157 = EDGE_CURVE('',#1997,#2046,#2158,.T.);
#2158 = LINE('',#2159,#2160);
#2159 = CARTESIAN_POINT('',(9.348,0.8,-0.4));
#2160 = VECTOR('',#2161,1.);
#2161 = DIRECTION('',(1.,0.,0.));
#2162 = ORIENTED_EDGE('',*,*,#2045,.T.);
#2163 = CYLINDRICAL_SURFACE('',#2164,0.45);
#2164 = AXIS2_PLACEMENT_3D('',#2165,#2166,#2167);
#2165 = CARTESIAN_POINT('',(9.348,0.8,5.E-02));
#2166 = DIRECTION('',(1.,0.,0.));
#2167 = DIRECTION('',(0.,0.,-1.));
#2168 = ADVANCED_FACE('',(#2169),#2180,.T.);
#2169 = FACE_BOUND('',#2170,.T.);
#2170 = EDGE_LOOP('',(#2171,#2172,#2178,#2179));
#2171 = ORIENTED_EDGE('',*,*,#1996,.F.);
#2172 = ORIENTED_EDGE('',*,*,#2173,.T.);
#2173 = EDGE_CURVE('',#1989,#2055,#2174,.T.);
#2174 = LINE('',#2175,#2176);
#2175 = CARTESIAN_POINT('',(9.348,2.4,-0.4));
#2176 = VECTOR('',#2177,1.);
#2177 = DIRECTION('',(1.,0.,0.));
#2178 = ORIENTED_EDGE('',*,*,#2054,.F.);
#2179 = ORIENTED_EDGE('',*,*,#2157,.F.);
#2180 = PLANE('',#2181);
#2181 = AXIS2_PLACEMENT_3D('',#2182,#2183,#2184);
#2182 = CARTESIAN_POINT('',(9.348,1.65,-0.4));
#2183 = DIRECTION('',(0.,-1.27553196763E-16,-1.));
#2184 = DIRECTION('',(0.,1.,-1.27553196763E-16));
#2185 = ADVANCED_FACE('',(#2186),#2220,.T.);
#2186 = FACE_BOUND('',#2187,.T.);
#2187 = EDGE_LOOP('',(#2188,#2198,#2206,#2214));
#2188 = ORIENTED_EDGE('',*,*,#2189,.T.);
#2189 = EDGE_CURVE('',#2190,#2192,#2194,.T.);
#2190 = VERTEX_POINT('',#2191);
#2191 = CARTESIAN_POINT('',(9.55,2.5,-0.3));
#2192 = VERTEX_POINT('',#2193);
#2193 = CARTESIAN_POINT('',(9.45,2.5,-0.3));
#2194 = LINE('',#2195,#2196);
#2195 = CARTESIAN_POINT('',(9.348,2.5,-0.3));
#2196 = VECTOR('',#2197,1.);
#2197 = DIRECTION('',(-1.,0.,0.));
#2198 = ORIENTED_EDGE('',*,*,#2199,.T.);
#2199 = EDGE_CURVE('',#2192,#2200,#2202,.T.);
#2200 = VERTEX_POINT('',#2201);
#2201 = CARTESIAN_POINT('',(9.45,2.5,-0.2));
#2202 = LINE('',#2203,#2204);
#2203 = CARTESIAN_POINT('',(9.45,2.5,-0.1));
#2204 = VECTOR('',#2205,1.);
#2205 = DIRECTION('',(0.,0.,1.));
#2206 = ORIENTED_EDGE('',*,*,#2207,.T.);
#2207 = EDGE_CURVE('',#2200,#2208,#2210,.T.);
#2208 = VERTEX_POINT('',#2209);
#2209 = CARTESIAN_POINT('',(9.55,2.5,-0.2));
#2210 = LINE('',#2211,#2212);
#2211 = CARTESIAN_POINT('',(9.348,2.5,-0.2));
#2212 = VECTOR('',#2213,1.);
#2213 = DIRECTION('',(1.,0.,0.));
#2214 = ORIENTED_EDGE('',*,*,#2215,.T.);
#2215 = EDGE_CURVE('',#2208,#2190,#2216,.T.);
#2216 = LINE('',#2217,#2218);
#2217 = CARTESIAN_POINT('',(9.55,2.5,-0.4));
#2218 = VECTOR('',#2219,1.);
#2219 = DIRECTION('',(0.,0.,-1.));
#2220 = PLANE('',#2221);
#2221 = AXIS2_PLACEMENT_3D('',#2222,#2223,#2224);
#2222 = CARTESIAN_POINT('',(9.348,2.5,-0.25));
#2223 = DIRECTION('',(0.,1.,0.));
#2224 = DIRECTION('',(0.,-0.,1.));
#2225 = ADVANCED_FACE('',(#2226),#2242,.T.);
#2226 = FACE_BOUND('',#2227,.T.);
#2227 = EDGE_LOOP('',(#2228,#2229,#2235,#2236));
#2228 = ORIENTED_EDGE('',*,*,#2070,.F.);
#2229 = ORIENTED_EDGE('',*,*,#2230,.T.);
#2230 = EDGE_CURVE('',#2063,#1981,#2231,.T.);
#2231 = LINE('',#2232,#2233);
#2232 = CARTESIAN_POINT('',(9.348,2.4,-0.1));
#2233 = VECTOR('',#2234,1.);
#2234 = DIRECTION('',(-1.,0.,0.));
#2235 = ORIENTED_EDGE('',*,*,#1980,.F.);
#2236 = ORIENTED_EDGE('',*,*,#2237,.T.);
#2237 = EDGE_CURVE('',#1972,#2071,#2238,.T.);
#2238 = LINE('',#2239,#2240);
#2239 = CARTESIAN_POINT('',(9.348,0.8,-0.1));
#2240 = VECTOR('',#2241,1.);
#2241 = DIRECTION('',(1.,0.,0.));
#2242 = PLANE('',#2243);
#2243 = AXIS2_PLACEMENT_3D('',#2244,#2245,#2246);
#2244 = CARTESIAN_POINT('',(9.348,1.65,-0.1));
#2245 = DIRECTION('',(0.,0.,1.));
#2246 = DIRECTION('',(1.,0.,-0.));
#2247 = ADVANCED_FACE('',(#2248),#2259,.F.);
#2248 = FACE_BOUND('',#2249,.F.);
#2249 = EDGE_LOOP('',(#2250,#2251,#2252,#2258));
#2250 = ORIENTED_EDGE('',*,*,#2237,.T.);
#2251 = ORIENTED_EDGE('',*,*,#2078,.T.);
#2252 = ORIENTED_EDGE('',*,*,#2253,.F.);
#2253 = EDGE_CURVE('',#1964,#2020,#2254,.T.);
#2254 = LINE('',#2255,#2256);
#2255 = CARTESIAN_POINT('',(9.348,0.65,5.E-02));
#2256 = VECTOR('',#2257,1.);
#2257 = DIRECTION('',(1.,0.,0.));
#2258 = ORIENTED_EDGE('',*,*,#1971,.T.);
#2259 = CYLINDRICAL_SURFACE('',#2260,0.15);
#2260 = AXIS2_PLACEMENT_3D('',#2261,#2262,#2263);
#2261 = CARTESIAN_POINT('',(9.348,0.8,5.E-02));
#2262 = DIRECTION('',(1.,0.,0.));
#2263 = DIRECTION('',(0.,0.,-1.));
#2264 = ADVANCED_FACE('',(#2265),#2276,.T.);
#2265 = FACE_BOUND('',#2266,.T.);
#2266 = EDGE_LOOP('',(#2267,#2268,#2274,#2275));
#2267 = ORIENTED_EDGE('',*,*,#1963,.F.);
#2268 = ORIENTED_EDGE('',*,*,#2269,.T.);
#2269 = EDGE_CURVE('',#1956,#2022,#2270,.T.);
#2270 = LINE('',#2271,#2272);
#2271 = CARTESIAN_POINT('',(9.348,0.65,2.9));
#2272 = VECTOR('',#2273,1.);
#2273 = DIRECTION('',(1.,0.,0.));
#2274 = ORIENTED_EDGE('',*,*,#2019,.F.);
#2275 = ORIENTED_EDGE('',*,*,#2253,.F.);
#2276 = PLANE('',#2277);
#2277 = AXIS2_PLACEMENT_3D('',#2278,#2279,#2280);
#2278 = CARTESIAN_POINT('',(9.348,0.65,1.525));
#2279 = DIRECTION('',(0.,1.,-1.837630800823E-16));
#2280 = DIRECTION('',(0.,1.837630800823E-16,1.));
#2281 = ADVANCED_FACE('',(#2282),#2298,.T.);
#2282 = FACE_BOUND('',#2283,.T.);
#2283 = EDGE_LOOP('',(#2284,#2290,#2291,#2297));
#2284 = ORIENTED_EDGE('',*,*,#2285,.T.);
#2285 = EDGE_CURVE('',#2022,#2094,#2286,.T.);
#2286 = LINE('',#2287,#2288);
#2287 = CARTESIAN_POINT('',(9.549333333333,0.549333333333,3.000666666667
    ));
#2288 = VECTOR('',#2289,1.);
#2289 = DIRECTION('',(-0.57735026919,-0.57735026919,0.57735026919));
#2290 = ORIENTED_EDGE('',*,*,#2119,.F.);
#2291 = ORIENTED_EDGE('',*,*,#2292,.F.);
#2292 = EDGE_CURVE('',#2030,#2112,#2293,.T.);
#2293 = LINE('',#2294,#2295);
#2294 = CARTESIAN_POINT('',(9.291666666667,0.708333333333,3.258333333333
    ));
#2295 = VECTOR('',#2296,1.);
#2296 = DIRECTION('',(-0.57735026919,0.57735026919,0.57735026919));
#2297 = ORIENTED_EDGE('',*,*,#2029,.F.);
#2298 = PLANE('',#2299);
#2299 = AXIS2_PLACEMENT_3D('',#2300,#2301,#2302);
#2300 = CARTESIAN_POINT('',(9.65,1.425,2.9));
#2301 = DIRECTION('',(0.707106781187,0.,0.707106781187));
#2302 = DIRECTION('',(-0.,1.,0.));
#2303 = ADVANCED_FACE('',(#2304),#2315,.F.);
#2304 = FACE_BOUND('',#2305,.T.);
#2305 = EDGE_LOOP('',(#2306,#2307,#2308,#2314));
#2306 = ORIENTED_EDGE('',*,*,#2292,.T.);
#2307 = ORIENTED_EDGE('',*,*,#2111,.F.);
#2308 = ORIENTED_EDGE('',*,*,#2309,.F.);
#2309 = EDGE_CURVE('',#1948,#2104,#2310,.T.);
#2310 = LINE('',#2311,#2312);
#2311 = CARTESIAN_POINT('',(9.416,0.416,2.966));
#2312 = VECTOR('',#2313,1.);
#2313 = DIRECTION('',(0.57735026919,0.57735026919,0.57735026919));
#2314 = ORIENTED_EDGE('',*,*,#2134,.F.);
#2315 = PLANE('',#2316);
#2316 = AXIS2_PLACEMENT_3D('',#2317,#2318,#2319);
#2317 = CARTESIAN_POINT('',(9.348,0.45,3.));
#2318 = DIRECTION('',(0.,0.707106781187,-0.707106781187));
#2319 = DIRECTION('',(1.,0.,0.));
#2320 = ADVANCED_FACE('',(#2321),#2332,.F.);
#2321 = FACE_BOUND('',#2322,.T.);
#2322 = EDGE_LOOP('',(#2323,#2324,#2325,#2331));
#2323 = ORIENTED_EDGE('',*,*,#2285,.F.);
#2324 = ORIENTED_EDGE('',*,*,#2269,.F.);
#2325 = ORIENTED_EDGE('',*,*,#2326,.F.);
#2326 = EDGE_CURVE('',#2096,#1956,#2327,.T.);
#2327 = LINE('',#2328,#2329);
#2328 = CARTESIAN_POINT('',(9.349333333333,0.650666666667,2.899333333333
    ));
#2329 = VECTOR('',#2330,1.);
#2330 = DIRECTION('',(-0.57735026919,0.57735026919,-0.57735026919));
#2331 = ORIENTED_EDGE('',*,*,#2093,.F.);
#2332 = PLANE('',#2333);
#2333 = AXIS2_PLACEMENT_3D('',#2334,#2335,#2336);
#2334 = CARTESIAN_POINT('',(9.348,0.65,2.9));
#2335 = DIRECTION('',(0.,-0.707106781187,-0.707106781187));
#2336 = DIRECTION('',(1.,0.,0.));
#2337 = ADVANCED_FACE('',(#2338),#2344,.T.);
#2338 = FACE_BOUND('',#2339,.T.);
#2339 = EDGE_LOOP('',(#2340,#2341,#2342,#2343));
#2340 = ORIENTED_EDGE('',*,*,#2309,.T.);
#2341 = ORIENTED_EDGE('',*,*,#2103,.F.);
#2342 = ORIENTED_EDGE('',*,*,#2326,.T.);
#2343 = ORIENTED_EDGE('',*,*,#1955,.F.);
#2344 = PLANE('',#2345);
#2345 = AXIS2_PLACEMENT_3D('',#2346,#2347,#2348);
#2346 = CARTESIAN_POINT('',(9.35,0.5,2.9));
#2347 = DIRECTION('',(-0.707106781187,0.,0.707106781187));
#2348 = DIRECTION('',(0.,-1.,0.));
#2349 = ADVANCED_FACE('',(#2350),#2366,.T.);
#2350 = FACE_BOUND('',#2351,.T.);
#2351 = EDGE_LOOP('',(#2352,#2358,#2359,#2365));
#2352 = ORIENTED_EDGE('',*,*,#2353,.F.);
#2353 = EDGE_CURVE('',#2190,#2055,#2354,.T.);
#2354 = LINE('',#2355,#2356);
#2355 = CARTESIAN_POINT('',(9.083333333333,2.966666666667,0.166666666667
    ));
#2356 = VECTOR('',#2357,1.);
#2357 = DIRECTION('',(0.57735026919,-0.57735026919,-0.57735026919));
#2358 = ORIENTED_EDGE('',*,*,#2215,.F.);
#2359 = ORIENTED_EDGE('',*,*,#2360,.T.);
#2360 = EDGE_CURVE('',#2208,#2063,#2361,.T.);
#2361 = LINE('',#2362,#2363);
#2362 = CARTESIAN_POINT('',(9.482666666667,2.567333333333,
    -0.267333333333));
#2363 = VECTOR('',#2364,1.);
#2364 = DIRECTION('',(0.57735026919,-0.57735026919,0.57735026919));
#2365 = ORIENTED_EDGE('',*,*,#2062,.F.);
#2366 = PLANE('',#2367);
#2367 = AXIS2_PLACEMENT_3D('',#2368,#2369,#2370);
#2368 = CARTESIAN_POINT('',(9.65,2.4,1.3));
#2369 = DIRECTION('',(0.707106781187,0.707106781187,0.));
#2370 = DIRECTION('',(0.,0.,-1.));
#2371 = ADVANCED_FACE('',(#2372),#2383,.F.);
#2372 = FACE_BOUND('',#2373,.T.);
#2373 = EDGE_LOOP('',(#2374,#2375,#2376,#2382));
#2374 = ORIENTED_EDGE('',*,*,#2360,.F.);
#2375 = ORIENTED_EDGE('',*,*,#2207,.F.);
#2376 = ORIENTED_EDGE('',*,*,#2377,.F.);
#2377 = EDGE_CURVE('',#1981,#2200,#2378,.T.);
#2378 = LINE('',#2379,#2380);
#2379 = CARTESIAN_POINT('',(9.416,2.466,-0.166));
#2380 = VECTOR('',#2381,1.);
#2381 = DIRECTION('',(0.57735026919,0.57735026919,-0.57735026919));
#2382 = ORIENTED_EDGE('',*,*,#2230,.F.);
#2383 = PLANE('',#2384);
#2384 = AXIS2_PLACEMENT_3D('',#2385,#2386,#2387);
#2385 = CARTESIAN_POINT('',(9.348,2.5,-0.2));
#2386 = DIRECTION('',(0.,-0.707106781187,-0.707106781187));
#2387 = DIRECTION('',(1.,0.,0.));
#2388 = ADVANCED_FACE('',(#2389),#2400,.F.);
#2389 = FACE_BOUND('',#2390,.T.);
#2390 = EDGE_LOOP('',(#2391,#2392,#2393,#2399));
#2391 = ORIENTED_EDGE('',*,*,#2353,.T.);
#2392 = ORIENTED_EDGE('',*,*,#2173,.F.);
#2393 = ORIENTED_EDGE('',*,*,#2394,.F.);
#2394 = EDGE_CURVE('',#2192,#1989,#2395,.T.);
#2395 = LINE('',#2396,#2397);
#2396 = CARTESIAN_POINT('',(9.349333333333,2.399333333333,
    -0.400666666667));
#2397 = VECTOR('',#2398,1.);
#2398 = DIRECTION('',(-0.57735026919,-0.57735026919,-0.57735026919));
#2399 = ORIENTED_EDGE('',*,*,#2189,.F.);
#2400 = PLANE('',#2401);
#2401 = AXIS2_PLACEMENT_3D('',#2402,#2403,#2404);
#2402 = CARTESIAN_POINT('',(9.348,2.4,-0.4));
#2403 = DIRECTION('',(0.,-0.707106781187,0.707106781187));
#2404 = DIRECTION('',(1.,0.,0.));
#2405 = ADVANCED_FACE('',(#2406),#2412,.T.);
#2406 = FACE_BOUND('',#2407,.T.);
#2407 = EDGE_LOOP('',(#2408,#2409,#2410,#2411));
#2408 = ORIENTED_EDGE('',*,*,#2377,.T.);
#2409 = ORIENTED_EDGE('',*,*,#2199,.F.);
#2410 = ORIENTED_EDGE('',*,*,#2394,.T.);
#2411 = ORIENTED_EDGE('',*,*,#1988,.F.);
#2412 = PLANE('',#2413);
#2413 = AXIS2_PLACEMENT_3D('',#2414,#2415,#2416);
#2414 = CARTESIAN_POINT('',(9.35,2.4,1.));
#2415 = DIRECTION('',(-0.707106781187,0.707106781187,0.));
#2416 = DIRECTION('',(0.,0.,1.));
#2417 = ( GEOMETRIC_REPRESENTATION_CONTEXT(3) 
GLOBAL_UNCERTAINTY_ASSIGNED_CONTEXT((#2421)) 
GLOBAL_UNIT_ASSIGNED_CONTEXT((#2418,#2419,#2420)) REPRESENTATION_CONTEXT
('Context #1','3D Context with UNIT and UNCERTAINTY') );
#2418 = ( LENGTH_UNIT() NAMED_UNIT(*) SI_UNIT(.MILLI.,.METRE.) );
#2419 = ( NAMED_UNIT(*) PLANE_ANGLE_UNIT() SI_UNIT($,.RADIAN.) );
#2420 = ( NAMED_UNIT(*) SI_UNIT($,.STERADIAN.) SOLID_ANGLE_UNIT() );
#2421 = UNCERTAINTY_MEASURE_WITH_UNIT(LENGTH_MEASURE(1.E-07),#2418,
  'distance_accuracy_value','confusion accuracy');
#2422 = CONTEXT_DEPENDENT_SHAPE_REPRESENTATION(#2423,#2425);
#2423 = ( REPRESENTATION_RELATIONSHIP('','',#1938,#817) 
REPRESENTATION_RELATIONSHIP_WITH_TRANSFORMATION(#2424) 
SHAPE_REPRESENTATION_RELATIONSHIP() );
#2424 = ITEM_DEFINED_TRANSFORMATION('','',#11,#826);
#2425 = PRODUCT_DEFINITION_SHAPE('Placement','Placement of an item',
  #2426);
#2426 = NEXT_ASSEMBLY_USAGE_OCCURRENCE('81','=>[0:1:1:6]','',#812,#1933,
  $);
#2427 = PRODUCT_RELATED_PRODUCT_CATEGORY('part',$,(#1935));
#2428 = SHAPE_DEFINITION_REPRESENTATION(#2429,#2435);
#2429 = PRODUCT_DEFINITION_SHAPE('','',#2430);
#2430 = PRODUCT_DEFINITION('design','',#2431,#2434);
#2431 = PRODUCT_DEFINITION_FORMATION('','',#2432);
#2432 = PRODUCT('Part 19','Part 19','',(#2433));
#2433 = PRODUCT_CONTEXT('',#2,'mechanical');
#2434 = PRODUCT_DEFINITION_CONTEXT('part definition',#2,'design');
#2435 = ADVANCED_BREP_SHAPE_REPRESENTATION('',(#11,#2436),#2914);
#2436 = MANIFOLD_SOLID_BREP('',#2437);
#2437 = CLOSED_SHELL('',(#2438,#2512,#2543,#2568,#2592,#2632,#2663,#2688
    ,#2712,#2752,#2778,#2800,#2817,#2834,#2846,#2868,#2885,#2902));
#2438 = ADVANCED_FACE('',(#2439),#2507,.F.);
#2439 = FACE_BOUND('',#2440,.T.);
#2440 = EDGE_LOOP('',(#2441,#2451,#2460,#2468,#2476,#2484,#2493,#2501));
#2441 = ORIENTED_EDGE('',*,*,#2442,.F.);
#2442 = EDGE_CURVE('',#2443,#2445,#2447,.T.);
#2443 = VERTEX_POINT('',#2444);
#2444 = CARTESIAN_POINT('',(7.35,-0.35,5.E-02));
#2445 = VERTEX_POINT('',#2446);
#2446 = CARTESIAN_POINT('',(7.35,-0.35,2.9));
#2447 = LINE('',#2448,#2449);
#2448 = CARTESIAN_POINT('',(7.35,-0.35,1.525));
#2449 = VECTOR('',#2450,1.);
#2450 = DIRECTION('',(0.,-5.512892402469E-17,1.));
#2451 = ORIENTED_EDGE('',*,*,#2452,.T.);
#2452 = EDGE_CURVE('',#2443,#2453,#2455,.T.);
#2453 = VERTEX_POINT('',#2454);
#2454 = CARTESIAN_POINT('',(7.35,-0.8,-0.4));
#2455 = CIRCLE('',#2456,0.45);
#2456 = AXIS2_PLACEMENT_3D('',#2457,#2458,#2459);
#2457 = CARTESIAN_POINT('',(7.35,-0.8,5.E-02));
#2458 = DIRECTION('',(-1.,0.,0.));
#2459 = DIRECTION('',(0.,0.,-1.));
#2460 = ORIENTED_EDGE('',*,*,#2461,.F.);
#2461 = EDGE_CURVE('',#2462,#2453,#2464,.T.);
#2462 = VERTEX_POINT('',#2463);
#2463 = CARTESIAN_POINT('',(7.35,-2.4,-0.4));
#2464 = LINE('',#2465,#2466);
#2465 = CARTESIAN_POINT('',(7.35,-1.65,-0.4));
#2466 = VECTOR('',#2467,1.);
#2467 = DIRECTION('',(0.,1.,1.27553196763E-16));
#2468 = ORIENTED_EDGE('',*,*,#2469,.F.);
#2469 = EDGE_CURVE('',#2470,#2462,#2472,.T.);
#2470 = VERTEX_POINT('',#2471);
#2471 = CARTESIAN_POINT('',(7.35,-2.4,-0.1));
#2472 = LINE('',#2473,#2474);
#2473 = CARTESIAN_POINT('',(7.35,-2.4,-0.4));
#2474 = VECTOR('',#2475,1.);
#2475 = DIRECTION('',(0.,0.,-1.));
#2476 = ORIENTED_EDGE('',*,*,#2477,.F.);
#2477 = EDGE_CURVE('',#2478,#2470,#2480,.T.);
#2478 = VERTEX_POINT('',#2479);
#2479 = CARTESIAN_POINT('',(7.35,-0.8,-0.1));
#2480 = LINE('',#2481,#2482);
#2481 = CARTESIAN_POINT('',(7.35,-1.65,-0.1));
#2482 = VECTOR('',#2483,1.);
#2483 = DIRECTION('',(0.,-1.,0.));
#2484 = ORIENTED_EDGE('',*,*,#2485,.F.);
#2485 = EDGE_CURVE('',#2486,#2478,#2488,.T.);
#2486 = VERTEX_POINT('',#2487);
#2487 = CARTESIAN_POINT('',(7.35,-0.65,5.E-02));
#2488 = CIRCLE('',#2489,0.15);
#2489 = AXIS2_PLACEMENT_3D('',#2490,#2491,#2492);
#2490 = CARTESIAN_POINT('',(7.35,-0.8,5.E-02));
#2491 = DIRECTION('',(-1.,0.,0.));
#2492 = DIRECTION('',(0.,0.,-1.));
#2493 = ORIENTED_EDGE('',*,*,#2494,.F.);
#2494 = EDGE_CURVE('',#2495,#2486,#2497,.T.);
#2495 = VERTEX_POINT('',#2496);
#2496 = CARTESIAN_POINT('',(7.35,-0.65,2.9));
#2497 = LINE('',#2498,#2499);
#2498 = CARTESIAN_POINT('',(7.35,-0.65,1.525));
#2499 = VECTOR('',#2500,1.);
#2500 = DIRECTION('',(0.,1.837630800823E-16,-1.));
#2501 = ORIENTED_EDGE('',*,*,#2502,.F.);
#2502 = EDGE_CURVE('',#2445,#2495,#2503,.T.);
#2503 = LINE('',#2504,#2505);
#2504 = CARTESIAN_POINT('',(7.35,-0.65,2.9));
#2505 = VECTOR('',#2506,1.);
#2506 = DIRECTION('',(0.,-1.,0.));
#2507 = PLANE('',#2508);
#2508 = AXIS2_PLACEMENT_3D('',#2509,#2510,#2511);
#2509 = CARTESIAN_POINT('',(7.35,-0.5,1.));
#2510 = DIRECTION('',(1.,0.,0.));
#2511 = DIRECTION('',(0.,0.,-1.));
#2512 = ADVANCED_FACE('',(#2513),#2538,.T.);
#2513 = FACE_BOUND('',#2514,.T.);
#2514 = EDGE_LOOP('',(#2515,#2516,#2524,#2532));
#2515 = ORIENTED_EDGE('',*,*,#2494,.T.);
#2516 = ORIENTED_EDGE('',*,*,#2517,.T.);
#2517 = EDGE_CURVE('',#2486,#2518,#2520,.T.);
#2518 = VERTEX_POINT('',#2519);
#2519 = CARTESIAN_POINT('',(7.65,-0.65,5.E-02));
#2520 = LINE('',#2521,#2522);
#2521 = CARTESIAN_POINT('',(7.348,-0.65,5.E-02));
#2522 = VECTOR('',#2523,1.);
#2523 = DIRECTION('',(1.,0.,0.));
#2524 = ORIENTED_EDGE('',*,*,#2525,.T.);
#2525 = EDGE_CURVE('',#2518,#2526,#2528,.T.);
#2526 = VERTEX_POINT('',#2527);
#2527 = CARTESIAN_POINT('',(7.65,-0.65,2.9));
#2528 = LINE('',#2529,#2530);
#2529 = CARTESIAN_POINT('',(7.65,-0.65,1.525));
#2530 = VECTOR('',#2531,1.);
#2531 = DIRECTION('',(0.,-1.837630800823E-16,1.));
#2532 = ORIENTED_EDGE('',*,*,#2533,.F.);
#2533 = EDGE_CURVE('',#2495,#2526,#2534,.T.);
#2534 = LINE('',#2535,#2536);
#2535 = CARTESIAN_POINT('',(7.348,-0.65,2.9));
#2536 = VECTOR('',#2537,1.);
#2537 = DIRECTION('',(1.,0.,0.));
#2538 = PLANE('',#2539);
#2539 = AXIS2_PLACEMENT_3D('',#2540,#2541,#2542);
#2540 = CARTESIAN_POINT('',(7.348,-0.65,1.525));
#2541 = DIRECTION('',(0.,-1.,-1.837630800823E-16));
#2542 = DIRECTION('',(0.,-1.837630800823E-16,1.));
#2543 = ADVANCED_FACE('',(#2544),#2563,.F.);
#2544 = FACE_BOUND('',#2545,.F.);
#2545 = EDGE_LOOP('',(#2546,#2547,#2556,#2562));
#2546 = ORIENTED_EDGE('',*,*,#2517,.T.);
#2547 = ORIENTED_EDGE('',*,*,#2548,.F.);
#2548 = EDGE_CURVE('',#2549,#2518,#2551,.T.);
#2549 = VERTEX_POINT('',#2550);
#2550 = CARTESIAN_POINT('',(7.65,-0.8,-0.1));
#2551 = CIRCLE('',#2552,0.15);
#2552 = AXIS2_PLACEMENT_3D('',#2553,#2554,#2555);
#2553 = CARTESIAN_POINT('',(7.65,-0.8,5.E-02));
#2554 = DIRECTION('',(1.,0.,-0.));
#2555 = DIRECTION('',(0.,0.,1.));
#2556 = ORIENTED_EDGE('',*,*,#2557,.F.);
#2557 = EDGE_CURVE('',#2478,#2549,#2558,.T.);
#2558 = LINE('',#2559,#2560);
#2559 = CARTESIAN_POINT('',(7.348,-0.8,-0.1));
#2560 = VECTOR('',#2561,1.);
#2561 = DIRECTION('',(1.,0.,0.));
#2562 = ORIENTED_EDGE('',*,*,#2485,.F.);
#2563 = CYLINDRICAL_SURFACE('',#2564,0.15);
#2564 = AXIS2_PLACEMENT_3D('',#2565,#2566,#2567);
#2565 = CARTESIAN_POINT('',(7.348,-0.8,5.E-02));
#2566 = DIRECTION('',(1.,0.,0.));
#2567 = DIRECTION('',(0.,0.,-1.));
#2568 = ADVANCED_FACE('',(#2569),#2587,.T.);
#2569 = FACE_BOUND('',#2570,.T.);
#2570 = EDGE_LOOP('',(#2571,#2579,#2580,#2581));
#2571 = ORIENTED_EDGE('',*,*,#2572,.T.);
#2572 = EDGE_CURVE('',#2573,#2549,#2575,.T.);
#2573 = VERTEX_POINT('',#2574);
#2574 = CARTESIAN_POINT('',(7.65,-2.4,-0.1));
#2575 = LINE('',#2576,#2577);
#2576 = CARTESIAN_POINT('',(7.65,-1.65,-0.1));
#2577 = VECTOR('',#2578,1.);
#2578 = DIRECTION('',(0.,1.,0.));
#2579 = ORIENTED_EDGE('',*,*,#2557,.F.);
#2580 = ORIENTED_EDGE('',*,*,#2477,.T.);
#2581 = ORIENTED_EDGE('',*,*,#2582,.F.);
#2582 = EDGE_CURVE('',#2573,#2470,#2583,.T.);
#2583 = LINE('',#2584,#2585);
#2584 = CARTESIAN_POINT('',(7.348,-2.4,-0.1));
#2585 = VECTOR('',#2586,1.);
#2586 = DIRECTION('',(-1.,0.,0.));
#2587 = PLANE('',#2588);
#2588 = AXIS2_PLACEMENT_3D('',#2589,#2590,#2591);
#2589 = CARTESIAN_POINT('',(7.348,-1.65,-0.1));
#2590 = DIRECTION('',(0.,0.,1.));
#2591 = DIRECTION('',(1.,0.,-0.));
#2592 = ADVANCED_FACE('',(#2593),#2627,.T.);
#2593 = FACE_BOUND('',#2594,.T.);
#2594 = EDGE_LOOP('',(#2595,#2605,#2613,#2621));
#2595 = ORIENTED_EDGE('',*,*,#2596,.F.);
#2596 = EDGE_CURVE('',#2597,#2599,#2601,.T.);
#2597 = VERTEX_POINT('',#2598);
#2598 = CARTESIAN_POINT('',(7.55,-2.5,-0.3));
#2599 = VERTEX_POINT('',#2600);
#2600 = CARTESIAN_POINT('',(7.45,-2.5,-0.3));
#2601 = LINE('',#2602,#2603);
#2602 = CARTESIAN_POINT('',(7.348,-2.5,-0.3));
#2603 = VECTOR('',#2604,1.);
#2604 = DIRECTION('',(-1.,0.,0.));
#2605 = ORIENTED_EDGE('',*,*,#2606,.F.);
#2606 = EDGE_CURVE('',#2607,#2597,#2609,.T.);
#2607 = VERTEX_POINT('',#2608);
#2608 = CARTESIAN_POINT('',(7.55,-2.5,-0.2));
#2609 = LINE('',#2610,#2611);
#2610 = CARTESIAN_POINT('',(7.55,-2.5,-0.4));
#2611 = VECTOR('',#2612,1.);
#2612 = DIRECTION('',(0.,0.,-1.));
#2613 = ORIENTED_EDGE('',*,*,#2614,.F.);
#2614 = EDGE_CURVE('',#2615,#2607,#2617,.T.);
#2615 = VERTEX_POINT('',#2616);
#2616 = CARTESIAN_POINT('',(7.45,-2.5,-0.2));
#2617 = LINE('',#2618,#2619);
#2618 = CARTESIAN_POINT('',(7.348,-2.5,-0.2));
#2619 = VECTOR('',#2620,1.);
#2620 = DIRECTION('',(1.,0.,0.));
#2621 = ORIENTED_EDGE('',*,*,#2622,.F.);
#2622 = EDGE_CURVE('',#2599,#2615,#2623,.T.);
#2623 = LINE('',#2624,#2625);
#2624 = CARTESIAN_POINT('',(7.45,-2.5,-0.1));
#2625 = VECTOR('',#2626,1.);
#2626 = DIRECTION('',(0.,0.,1.));
#2627 = PLANE('',#2628);
#2628 = AXIS2_PLACEMENT_3D('',#2629,#2630,#2631);
#2629 = CARTESIAN_POINT('',(7.348,-2.5,-0.25));
#2630 = DIRECTION('',(0.,-1.,0.));
#2631 = DIRECTION('',(0.,0.,1.));
#2632 = ADVANCED_FACE('',(#2633),#2658,.T.);
#2633 = FACE_BOUND('',#2634,.T.);
#2634 = EDGE_LOOP('',(#2635,#2636,#2644,#2652));
#2635 = ORIENTED_EDGE('',*,*,#2461,.T.);
#2636 = ORIENTED_EDGE('',*,*,#2637,.T.);
#2637 = EDGE_CURVE('',#2453,#2638,#2640,.T.);
#2638 = VERTEX_POINT('',#2639);
#2639 = CARTESIAN_POINT('',(7.65,-0.8,-0.4));
#2640 = LINE('',#2641,#2642);
#2641 = CARTESIAN_POINT('',(7.348,-0.8,-0.4));
#2642 = VECTOR('',#2643,1.);
#2643 = DIRECTION('',(1.,0.,0.));
#2644 = ORIENTED_EDGE('',*,*,#2645,.T.);
#2645 = EDGE_CURVE('',#2638,#2646,#2648,.T.);
#2646 = VERTEX_POINT('',#2647);
#2647 = CARTESIAN_POINT('',(7.65,-2.4,-0.4));
#2648 = LINE('',#2649,#2650);
#2649 = CARTESIAN_POINT('',(7.65,-1.65,-0.4));
#2650 = VECTOR('',#2651,1.);
#2651 = DIRECTION('',(0.,-1.,-1.27553196763E-16));
#2652 = ORIENTED_EDGE('',*,*,#2653,.F.);
#2653 = EDGE_CURVE('',#2462,#2646,#2654,.T.);
#2654 = LINE('',#2655,#2656);
#2655 = CARTESIAN_POINT('',(7.348,-2.4,-0.4));
#2656 = VECTOR('',#2657,1.);
#2657 = DIRECTION('',(1.,0.,0.));
#2658 = PLANE('',#2659);
#2659 = AXIS2_PLACEMENT_3D('',#2660,#2661,#2662);
#2660 = CARTESIAN_POINT('',(7.348,-1.65,-0.4));
#2661 = DIRECTION('',(0.,1.27553196763E-16,-1.));
#2662 = DIRECTION('',(0.,-1.,-1.27553196763E-16));
#2663 = ADVANCED_FACE('',(#2664),#2683,.T.);
#2664 = FACE_BOUND('',#2665,.T.);
#2665 = EDGE_LOOP('',(#2666,#2674,#2681,#2682));
#2666 = ORIENTED_EDGE('',*,*,#2667,.T.);
#2667 = EDGE_CURVE('',#2443,#2668,#2670,.T.);
#2668 = VERTEX_POINT('',#2669);
#2669 = CARTESIAN_POINT('',(7.65,-0.35,5.E-02));
#2670 = LINE('',#2671,#2672);
#2671 = CARTESIAN_POINT('',(7.348,-0.35,5.E-02));
#2672 = VECTOR('',#2673,1.);
#2673 = DIRECTION('',(1.,0.,0.));
#2674 = ORIENTED_EDGE('',*,*,#2675,.F.);
#2675 = EDGE_CURVE('',#2638,#2668,#2676,.T.);
#2676 = CIRCLE('',#2677,0.45);
#2677 = AXIS2_PLACEMENT_3D('',#2678,#2679,#2680);
#2678 = CARTESIAN_POINT('',(7.65,-0.8,5.E-02));
#2679 = DIRECTION('',(1.,0.,-0.));
#2680 = DIRECTION('',(0.,0.,1.));
#2681 = ORIENTED_EDGE('',*,*,#2637,.F.);
#2682 = ORIENTED_EDGE('',*,*,#2452,.F.);
#2683 = CYLINDRICAL_SURFACE('',#2684,0.45);
#2684 = AXIS2_PLACEMENT_3D('',#2685,#2686,#2687);
#2685 = CARTESIAN_POINT('',(7.348,-0.8,5.E-02));
#2686 = DIRECTION('',(1.,0.,0.));
#2687 = DIRECTION('',(0.,0.,-1.));
#2688 = ADVANCED_FACE('',(#2689),#2707,.T.);
#2689 = FACE_BOUND('',#2690,.T.);
#2690 = EDGE_LOOP('',(#2691,#2699,#2700,#2701));
#2691 = ORIENTED_EDGE('',*,*,#2692,.T.);
#2692 = EDGE_CURVE('',#2693,#2668,#2695,.T.);
#2693 = VERTEX_POINT('',#2694);
#2694 = CARTESIAN_POINT('',(7.65,-0.35,2.9));
#2695 = LINE('',#2696,#2697);
#2696 = CARTESIAN_POINT('',(7.65,-0.35,1.525));
#2697 = VECTOR('',#2698,1.);
#2698 = DIRECTION('',(0.,5.512892402469E-17,-1.));
#2699 = ORIENTED_EDGE('',*,*,#2667,.F.);
#2700 = ORIENTED_EDGE('',*,*,#2442,.T.);
#2701 = ORIENTED_EDGE('',*,*,#2702,.F.);
#2702 = EDGE_CURVE('',#2693,#2445,#2703,.T.);
#2703 = LINE('',#2704,#2705);
#2704 = CARTESIAN_POINT('',(7.348,-0.35,2.9));
#2705 = VECTOR('',#2706,1.);
#2706 = DIRECTION('',(-1.,0.,0.));
#2707 = PLANE('',#2708);
#2708 = AXIS2_PLACEMENT_3D('',#2709,#2710,#2711);
#2709 = CARTESIAN_POINT('',(7.348,-0.35,1.525));
#2710 = DIRECTION('',(0.,1.,5.512892402469E-17));
#2711 = DIRECTION('',(0.,5.512892402469E-17,-1.));
#2712 = ADVANCED_FACE('',(#2713),#2747,.T.);
#2713 = FACE_BOUND('',#2714,.T.);
#2714 = EDGE_LOOP('',(#2715,#2725,#2733,#2741));
#2715 = ORIENTED_EDGE('',*,*,#2716,.F.);
#2716 = EDGE_CURVE('',#2717,#2719,#2721,.T.);
#2717 = VERTEX_POINT('',#2718);
#2718 = CARTESIAN_POINT('',(7.55,-0.55,3.));
#2719 = VERTEX_POINT('',#2720);
#2720 = CARTESIAN_POINT('',(7.45,-0.55,3.));
#2721 = LINE('',#2722,#2723);
#2722 = CARTESIAN_POINT('',(7.348,-0.55,3.));
#2723 = VECTOR('',#2724,1.);
#2724 = DIRECTION('',(-1.,0.,0.));
#2725 = ORIENTED_EDGE('',*,*,#2726,.F.);
#2726 = EDGE_CURVE('',#2727,#2717,#2729,.T.);
#2727 = VERTEX_POINT('',#2728);
#2728 = CARTESIAN_POINT('',(7.55,-0.45,3.));
#2729 = LINE('',#2730,#2731);
#2730 = CARTESIAN_POINT('',(7.55,-0.65,3.));
#2731 = VECTOR('',#2732,1.);
#2732 = DIRECTION('',(0.,-1.,0.));
#2733 = ORIENTED_EDGE('',*,*,#2734,.F.);
#2734 = EDGE_CURVE('',#2735,#2727,#2737,.T.);
#2735 = VERTEX_POINT('',#2736);
#2736 = CARTESIAN_POINT('',(7.45,-0.45,3.));
#2737 = LINE('',#2738,#2739);
#2738 = CARTESIAN_POINT('',(7.348,-0.45,3.));
#2739 = VECTOR('',#2740,1.);
#2740 = DIRECTION('',(1.,0.,0.));
#2741 = ORIENTED_EDGE('',*,*,#2742,.F.);
#2742 = EDGE_CURVE('',#2719,#2735,#2743,.T.);
#2743 = LINE('',#2744,#2745);
#2744 = CARTESIAN_POINT('',(7.45,-0.35,3.));
#2745 = VECTOR('',#2746,1.);
#2746 = DIRECTION('',(0.,1.,0.));
#2747 = PLANE('',#2748);
#2748 = AXIS2_PLACEMENT_3D('',#2749,#2750,#2751);
#2749 = CARTESIAN_POINT('',(7.348,-0.5,3.));
#2750 = DIRECTION('',(0.,0.,1.));
#2751 = DIRECTION('',(1.,0.,-0.));
#2752 = ADVANCED_FACE('',(#2753),#2773,.F.);
#2753 = FACE_BOUND('',#2754,.T.);
#2754 = EDGE_LOOP('',(#2755,#2756,#2757,#2758,#2764,#2765,#2766,#2767));
#2755 = ORIENTED_EDGE('',*,*,#2525,.F.);
#2756 = ORIENTED_EDGE('',*,*,#2548,.F.);
#2757 = ORIENTED_EDGE('',*,*,#2572,.F.);
#2758 = ORIENTED_EDGE('',*,*,#2759,.F.);
#2759 = EDGE_CURVE('',#2646,#2573,#2760,.T.);
#2760 = LINE('',#2761,#2762);
#2761 = CARTESIAN_POINT('',(7.65,-2.4,-0.1));
#2762 = VECTOR('',#2763,1.);
#2763 = DIRECTION('',(0.,0.,1.));
#2764 = ORIENTED_EDGE('',*,*,#2645,.F.);
#2765 = ORIENTED_EDGE('',*,*,#2675,.T.);
#2766 = ORIENTED_EDGE('',*,*,#2692,.F.);
#2767 = ORIENTED_EDGE('',*,*,#2768,.F.);
#2768 = EDGE_CURVE('',#2526,#2693,#2769,.T.);
#2769 = LINE('',#2770,#2771);
#2770 = CARTESIAN_POINT('',(7.65,-0.35,2.9));
#2771 = VECTOR('',#2772,1.);
#2772 = DIRECTION('',(0.,1.,0.));
#2773 = PLANE('',#2774);
#2774 = AXIS2_PLACEMENT_3D('',#2775,#2776,#2777);
#2775 = CARTESIAN_POINT('',(7.65,-1.425,1.3));
#2776 = DIRECTION('',(-1.,0.,0.));
#2777 = DIRECTION('',(0.,1.,0.));
#2778 = ADVANCED_FACE('',(#2779),#2795,.T.);
#2779 = FACE_BOUND('',#2780,.T.);
#2780 = EDGE_LOOP('',(#2781,#2787,#2788,#2794));
#2781 = ORIENTED_EDGE('',*,*,#2782,.F.);
#2782 = EDGE_CURVE('',#2526,#2717,#2783,.T.);
#2783 = LINE('',#2784,#2785);
#2784 = CARTESIAN_POINT('',(7.549333333333,-0.549333333333,
    3.000666666667));
#2785 = VECTOR('',#2786,1.);
#2786 = DIRECTION('',(-0.57735026919,0.57735026919,0.57735026919));
#2787 = ORIENTED_EDGE('',*,*,#2768,.T.);
#2788 = ORIENTED_EDGE('',*,*,#2789,.T.);
#2789 = EDGE_CURVE('',#2693,#2727,#2790,.T.);
#2790 = LINE('',#2791,#2792);
#2791 = CARTESIAN_POINT('',(7.291666666667,-0.708333333333,
    3.258333333333));
#2792 = VECTOR('',#2793,1.);
#2793 = DIRECTION('',(-0.57735026919,-0.57735026919,0.57735026919));
#2794 = ORIENTED_EDGE('',*,*,#2726,.T.);
#2795 = PLANE('',#2796);
#2796 = AXIS2_PLACEMENT_3D('',#2797,#2798,#2799);
#2797 = CARTESIAN_POINT('',(7.65,-1.425,2.9));
#2798 = DIRECTION('',(0.707106781187,0.,0.707106781187));
#2799 = DIRECTION('',(0.,-1.,0.));
#2800 = ADVANCED_FACE('',(#2801),#2812,.F.);
#2801 = FACE_BOUND('',#2802,.T.);
#2802 = EDGE_LOOP('',(#2803,#2804,#2805,#2811));
#2803 = ORIENTED_EDGE('',*,*,#2789,.F.);
#2804 = ORIENTED_EDGE('',*,*,#2702,.T.);
#2805 = ORIENTED_EDGE('',*,*,#2806,.T.);
#2806 = EDGE_CURVE('',#2445,#2735,#2807,.T.);
#2807 = LINE('',#2808,#2809);
#2808 = CARTESIAN_POINT('',(7.416,-0.416,2.966));
#2809 = VECTOR('',#2810,1.);
#2810 = DIRECTION('',(0.57735026919,-0.57735026919,0.57735026919));
#2811 = ORIENTED_EDGE('',*,*,#2734,.T.);
#2812 = PLANE('',#2813);
#2813 = AXIS2_PLACEMENT_3D('',#2814,#2815,#2816);
#2814 = CARTESIAN_POINT('',(7.348,-0.45,3.));
#2815 = DIRECTION('',(0.,-0.707106781187,-0.707106781187));
#2816 = DIRECTION('',(1.,0.,0.));
#2817 = ADVANCED_FACE('',(#2818),#2829,.F.);
#2818 = FACE_BOUND('',#2819,.T.);
#2819 = EDGE_LOOP('',(#2820,#2821,#2822,#2828));
#2820 = ORIENTED_EDGE('',*,*,#2782,.T.);
#2821 = ORIENTED_EDGE('',*,*,#2716,.T.);
#2822 = ORIENTED_EDGE('',*,*,#2823,.T.);
#2823 = EDGE_CURVE('',#2719,#2495,#2824,.T.);
#2824 = LINE('',#2825,#2826);
#2825 = CARTESIAN_POINT('',(7.349333333333,-0.650666666667,
    2.899333333333));
#2826 = VECTOR('',#2827,1.);
#2827 = DIRECTION('',(-0.57735026919,-0.57735026919,-0.57735026919));
#2828 = ORIENTED_EDGE('',*,*,#2533,.T.);
#2829 = PLANE('',#2830);
#2830 = AXIS2_PLACEMENT_3D('',#2831,#2832,#2833);
#2831 = CARTESIAN_POINT('',(7.348,-0.65,2.9));
#2832 = DIRECTION('',(0.,0.707106781187,-0.707106781187));
#2833 = DIRECTION('',(1.,0.,0.));
#2834 = ADVANCED_FACE('',(#2835),#2841,.T.);
#2835 = FACE_BOUND('',#2836,.T.);
#2836 = EDGE_LOOP('',(#2837,#2838,#2839,#2840));
#2837 = ORIENTED_EDGE('',*,*,#2806,.F.);
#2838 = ORIENTED_EDGE('',*,*,#2502,.T.);
#2839 = ORIENTED_EDGE('',*,*,#2823,.F.);
#2840 = ORIENTED_EDGE('',*,*,#2742,.T.);
#2841 = PLANE('',#2842);
#2842 = AXIS2_PLACEMENT_3D('',#2843,#2844,#2845);
#2843 = CARTESIAN_POINT('',(7.35,-0.5,2.9));
#2844 = DIRECTION('',(-0.707106781187,0.,0.707106781187));
#2845 = DIRECTION('',(0.,1.,0.));
#2846 = ADVANCED_FACE('',(#2847),#2863,.T.);
#2847 = FACE_BOUND('',#2848,.T.);
#2848 = EDGE_LOOP('',(#2849,#2855,#2856,#2862));
#2849 = ORIENTED_EDGE('',*,*,#2850,.T.);
#2850 = EDGE_CURVE('',#2597,#2646,#2851,.T.);
#2851 = LINE('',#2852,#2853);
#2852 = CARTESIAN_POINT('',(7.083333333333,-2.966666666667,
    0.166666666667));
#2853 = VECTOR('',#2854,1.);
#2854 = DIRECTION('',(0.57735026919,0.57735026919,-0.57735026919));
#2855 = ORIENTED_EDGE('',*,*,#2759,.T.);
#2856 = ORIENTED_EDGE('',*,*,#2857,.F.);
#2857 = EDGE_CURVE('',#2607,#2573,#2858,.T.);
#2858 = LINE('',#2859,#2860);
#2859 = CARTESIAN_POINT('',(7.482666666667,-2.567333333333,
    -0.267333333333));
#2860 = VECTOR('',#2861,1.);
#2861 = DIRECTION('',(0.57735026919,0.57735026919,0.57735026919));
#2862 = ORIENTED_EDGE('',*,*,#2606,.T.);
#2863 = PLANE('',#2864);
#2864 = AXIS2_PLACEMENT_3D('',#2865,#2866,#2867);
#2865 = CARTESIAN_POINT('',(7.65,-2.4,1.3));
#2866 = DIRECTION('',(0.707106781187,-0.707106781187,0.));
#2867 = DIRECTION('',(0.,0.,-1.));
#2868 = ADVANCED_FACE('',(#2869),#2880,.F.);
#2869 = FACE_BOUND('',#2870,.T.);
#2870 = EDGE_LOOP('',(#2871,#2872,#2873,#2879));
#2871 = ORIENTED_EDGE('',*,*,#2857,.T.);
#2872 = ORIENTED_EDGE('',*,*,#2582,.T.);
#2873 = ORIENTED_EDGE('',*,*,#2874,.T.);
#2874 = EDGE_CURVE('',#2470,#2615,#2875,.T.);
#2875 = LINE('',#2876,#2877);
#2876 = CARTESIAN_POINT('',(7.416,-2.466,-0.166));
#2877 = VECTOR('',#2878,1.);
#2878 = DIRECTION('',(0.57735026919,-0.57735026919,-0.57735026919));
#2879 = ORIENTED_EDGE('',*,*,#2614,.T.);
#2880 = PLANE('',#2881);
#2881 = AXIS2_PLACEMENT_3D('',#2882,#2883,#2884);
#2882 = CARTESIAN_POINT('',(7.348,-2.5,-0.2));
#2883 = DIRECTION('',(0.,0.707106781187,-0.707106781187));
#2884 = DIRECTION('',(1.,0.,0.));
#2885 = ADVANCED_FACE('',(#2886),#2897,.F.);
#2886 = FACE_BOUND('',#2887,.T.);
#2887 = EDGE_LOOP('',(#2888,#2889,#2890,#2896));
#2888 = ORIENTED_EDGE('',*,*,#2850,.F.);
#2889 = ORIENTED_EDGE('',*,*,#2596,.T.);
#2890 = ORIENTED_EDGE('',*,*,#2891,.T.);
#2891 = EDGE_CURVE('',#2599,#2462,#2892,.T.);
#2892 = LINE('',#2893,#2894);
#2893 = CARTESIAN_POINT('',(7.349333333333,-2.399333333333,
    -0.400666666667));
#2894 = VECTOR('',#2895,1.);
#2895 = DIRECTION('',(-0.57735026919,0.57735026919,-0.57735026919));
#2896 = ORIENTED_EDGE('',*,*,#2653,.T.);
#2897 = PLANE('',#2898);
#2898 = AXIS2_PLACEMENT_3D('',#2899,#2900,#2901);
#2899 = CARTESIAN_POINT('',(7.348,-2.4,-0.4));
#2900 = DIRECTION('',(0.,0.707106781187,0.707106781187));
#2901 = DIRECTION('',(1.,0.,-0.));
#2902 = ADVANCED_FACE('',(#2903),#2909,.T.);
#2903 = FACE_BOUND('',#2904,.T.);
#2904 = EDGE_LOOP('',(#2905,#2906,#2907,#2908));
#2905 = ORIENTED_EDGE('',*,*,#2874,.F.);
#2906 = ORIENTED_EDGE('',*,*,#2469,.T.);
#2907 = ORIENTED_EDGE('',*,*,#2891,.F.);
#2908 = ORIENTED_EDGE('',*,*,#2622,.T.);
#2909 = PLANE('',#2910);
#2910 = AXIS2_PLACEMENT_3D('',#2911,#2912,#2913);
#2911 = CARTESIAN_POINT('',(7.35,-2.4,1.));
#2912 = DIRECTION('',(-0.707106781187,-0.707106781187,0.));
#2913 = DIRECTION('',(0.,0.,1.));
#2914 = ( GEOMETRIC_REPRESENTATION_CONTEXT(3) 
GLOBAL_UNCERTAINTY_ASSIGNED_CONTEXT((#2918)) 
GLOBAL_UNIT_ASSIGNED_CONTEXT((#2915,#2916,#2917)) REPRESENTATION_CONTEXT
('Context #1','3D Context with UNIT and UNCERTAINTY') );
#2915 = ( LENGTH_UNIT() NAMED_UNIT(*) SI_UNIT(.MILLI.,.METRE.) );
#2916 = ( NAMED_UNIT(*) PLANE_ANGLE_UNIT() SI_UNIT($,.RADIAN.) );
#2917 = ( NAMED_UNIT(*) SI_UNIT($,.STERADIAN.) SOLID_ANGLE_UNIT() );
#2918 = UNCERTAINTY_MEASURE_WITH_UNIT(LENGTH_MEASURE(1.E-07),#2915,
  'distance_accuracy_value','confusion accuracy');
#2919 = CONTEXT_DEPENDENT_SHAPE_REPRESENTATION(#2920,#2922);
#2920 = ( REPRESENTATION_RELATIONSHIP('','',#2435,#817) 
REPRESENTATION_RELATIONSHIP_WITH_TRANSFORMATION(#2921) 
SHAPE_REPRESENTATION_RELATIONSHIP() );
#2921 = ITEM_DEFINED_TRANSFORMATION('','',#11,#830);
#2922 = PRODUCT_DEFINITION_SHAPE('Placement','Placement of an item',
  #2923);
#2923 = NEXT_ASSEMBLY_USAGE_OCCURRENCE('82','=>[0:1:1:7]','',#812,#2430,
  $);
#2924 = PRODUCT_RELATED_PRODUCT_CATEGORY('part',$,(#2432));
#2925 = SHAPE_DEFINITION_REPRESENTATION(#2926,#2932);
#2926 = PRODUCT_DEFINITION_SHAPE('','',#2927);
#2927 = PRODUCT_DEFINITION('design','',#2928,#2931);
#2928 = PRODUCT_DEFINITION_FORMATION('','',#2929);
#2929 = PRODUCT('Part 14','Part 14','',(#2930));
#2930 = PRODUCT_CONTEXT('',#2,'mechanical');
#2931 = PRODUCT_DEFINITION_CONTEXT('part definition',#2,'design');
#2932 = ADVANCED_BREP_SHAPE_REPRESENTATION('',(#11,#2933),#3411);
#2933 = MANIFOLD_SOLID_BREP('',#2934);
#2934 = CLOSED_SHELL('',(#2935,#3009,#3083,#3123,#3145,#3162,#3179,#3219
    ,#3241,#3258,#3275,#3297,#3314,#3331,#3343,#3365,#3382,#3399));
#2935 = ADVANCED_FACE('',(#2936),#3004,.F.);
#2936 = FACE_BOUND('',#2937,.T.);
#2937 = EDGE_LOOP('',(#2938,#2948,#2956,#2964,#2973,#2981,#2989,#2997));
#2938 = ORIENTED_EDGE('',*,*,#2939,.T.);
#2939 = EDGE_CURVE('',#2940,#2942,#2944,.T.);
#2940 = VERTEX_POINT('',#2941);
#2941 = CARTESIAN_POINT('',(5.35,0.35,5.E-02));
#2942 = VERTEX_POINT('',#2943);
#2943 = CARTESIAN_POINT('',(5.35,0.35,2.9));
#2944 = LINE('',#2945,#2946);
#2945 = CARTESIAN_POINT('',(5.35,0.35,1.525));
#2946 = VECTOR('',#2947,1.);
#2947 = DIRECTION('',(0.,5.512892402469E-17,1.));
#2948 = ORIENTED_EDGE('',*,*,#2949,.T.);
#2949 = EDGE_CURVE('',#2942,#2950,#2952,.T.);
#2950 = VERTEX_POINT('',#2951);
#2951 = CARTESIAN_POINT('',(5.35,0.65,2.9));
#2952 = LINE('',#2953,#2954);
#2953 = CARTESIAN_POINT('',(5.35,0.65,2.9));
#2954 = VECTOR('',#2955,1.);
#2955 = DIRECTION('',(0.,1.,0.));
#2956 = ORIENTED_EDGE('',*,*,#2957,.T.);
#2957 = EDGE_CURVE('',#2950,#2958,#2960,.T.);
#2958 = VERTEX_POINT('',#2959);
#2959 = CARTESIAN_POINT('',(5.35,0.65,5.E-02));
#2960 = LINE('',#2961,#2962);
#2961 = CARTESIAN_POINT('',(5.35,0.65,1.525));
#2962 = VECTOR('',#2963,1.);
#2963 = DIRECTION('',(0.,-1.837630800823E-16,-1.));
#2964 = ORIENTED_EDGE('',*,*,#2965,.T.);
#2965 = EDGE_CURVE('',#2958,#2966,#2968,.T.);
#2966 = VERTEX_POINT('',#2967);
#2967 = CARTESIAN_POINT('',(5.35,0.8,-0.1));
#2968 = CIRCLE('',#2969,0.15);
#2969 = AXIS2_PLACEMENT_3D('',#2970,#2971,#2972);
#2970 = CARTESIAN_POINT('',(5.35,0.8,5.E-02));
#2971 = DIRECTION('',(1.,0.,0.));
#2972 = DIRECTION('',(0.,0.,-1.));
#2973 = ORIENTED_EDGE('',*,*,#2974,.T.);
#2974 = EDGE_CURVE('',#2966,#2975,#2977,.T.);
#2975 = VERTEX_POINT('',#2976);
#2976 = CARTESIAN_POINT('',(5.35,2.4,-0.1));
#2977 = LINE('',#2978,#2979);
#2978 = CARTESIAN_POINT('',(5.35,1.65,-0.1));
#2979 = VECTOR('',#2980,1.);
#2980 = DIRECTION('',(0.,1.,0.));
#2981 = ORIENTED_EDGE('',*,*,#2982,.T.);
#2982 = EDGE_CURVE('',#2975,#2983,#2985,.T.);
#2983 = VERTEX_POINT('',#2984);
#2984 = CARTESIAN_POINT('',(5.35,2.4,-0.4));
#2985 = LINE('',#2986,#2987);
#2986 = CARTESIAN_POINT('',(5.35,2.4,-0.4));
#2987 = VECTOR('',#2988,1.);
#2988 = DIRECTION('',(0.,0.,-1.));
#2989 = ORIENTED_EDGE('',*,*,#2990,.T.);
#2990 = EDGE_CURVE('',#2983,#2991,#2993,.T.);
#2991 = VERTEX_POINT('',#2992);
#2992 = CARTESIAN_POINT('',(5.35,0.8,-0.4));
#2993 = LINE('',#2994,#2995);
#2994 = CARTESIAN_POINT('',(5.35,1.65,-0.4));
#2995 = VECTOR('',#2996,1.);
#2996 = DIRECTION('',(0.,-1.,1.27553196763E-16));
#2997 = ORIENTED_EDGE('',*,*,#2998,.F.);
#2998 = EDGE_CURVE('',#2940,#2991,#2999,.T.);
#2999 = CIRCLE('',#3000,0.45);
#3000 = AXIS2_PLACEMENT_3D('',#3001,#3002,#3003);
#3001 = CARTESIAN_POINT('',(5.35,0.8,5.E-02));
#3002 = DIRECTION('',(1.,0.,0.));
#3003 = DIRECTION('',(0.,0.,-1.));
#3004 = PLANE('',#3005);
#3005 = AXIS2_PLACEMENT_3D('',#3006,#3007,#3008);
#3006 = CARTESIAN_POINT('',(5.35,0.5,1.));
#3007 = DIRECTION('',(1.,0.,0.));
#3008 = DIRECTION('',(0.,0.,-1.));
#3009 = ADVANCED_FACE('',(#3010),#3078,.F.);
#3010 = FACE_BOUND('',#3011,.T.);
#3011 = EDGE_LOOP('',(#3012,#3022,#3030,#3038,#3047,#3055,#3063,#3071));
#3012 = ORIENTED_EDGE('',*,*,#3013,.T.);
#3013 = EDGE_CURVE('',#3014,#3016,#3018,.T.);
#3014 = VERTEX_POINT('',#3015);
#3015 = CARTESIAN_POINT('',(5.65,0.65,5.E-02));
#3016 = VERTEX_POINT('',#3017);
#3017 = CARTESIAN_POINT('',(5.65,0.65,2.9));
#3018 = LINE('',#3019,#3020);
#3019 = CARTESIAN_POINT('',(5.65,0.65,1.525));
#3020 = VECTOR('',#3021,1.);
#3021 = DIRECTION('',(0.,1.837630800823E-16,1.));
#3022 = ORIENTED_EDGE('',*,*,#3023,.T.);
#3023 = EDGE_CURVE('',#3016,#3024,#3026,.T.);
#3024 = VERTEX_POINT('',#3025);
#3025 = CARTESIAN_POINT('',(5.65,0.35,2.9));
#3026 = LINE('',#3027,#3028);
#3027 = CARTESIAN_POINT('',(5.65,0.35,2.9));
#3028 = VECTOR('',#3029,1.);
#3029 = DIRECTION('',(0.,-1.,0.));
#3030 = ORIENTED_EDGE('',*,*,#3031,.T.);
#3031 = EDGE_CURVE('',#3024,#3032,#3034,.T.);
#3032 = VERTEX_POINT('',#3033);
#3033 = CARTESIAN_POINT('',(5.65,0.35,5.E-02));
#3034 = LINE('',#3035,#3036);
#3035 = CARTESIAN_POINT('',(5.65,0.35,1.525));
#3036 = VECTOR('',#3037,1.);
#3037 = DIRECTION('',(0.,-5.512892402469E-17,-1.));
#3038 = ORIENTED_EDGE('',*,*,#3039,.F.);
#3039 = EDGE_CURVE('',#3040,#3032,#3042,.T.);
#3040 = VERTEX_POINT('',#3041);
#3041 = CARTESIAN_POINT('',(5.65,0.8,-0.4));
#3042 = CIRCLE('',#3043,0.45);
#3043 = AXIS2_PLACEMENT_3D('',#3044,#3045,#3046);
#3044 = CARTESIAN_POINT('',(5.65,0.8,5.E-02));
#3045 = DIRECTION('',(-1.,0.,0.));
#3046 = DIRECTION('',(0.,0.,1.));
#3047 = ORIENTED_EDGE('',*,*,#3048,.T.);
#3048 = EDGE_CURVE('',#3040,#3049,#3051,.T.);
#3049 = VERTEX_POINT('',#3050);
#3050 = CARTESIAN_POINT('',(5.65,2.4,-0.4));
#3051 = LINE('',#3052,#3053);
#3052 = CARTESIAN_POINT('',(5.65,1.65,-0.4));
#3053 = VECTOR('',#3054,1.);
#3054 = DIRECTION('',(0.,1.,-1.27553196763E-16));
#3055 = ORIENTED_EDGE('',*,*,#3056,.T.);
#3056 = EDGE_CURVE('',#3049,#3057,#3059,.T.);
#3057 = VERTEX_POINT('',#3058);
#3058 = CARTESIAN_POINT('',(5.65,2.4,-0.1));
#3059 = LINE('',#3060,#3061);
#3060 = CARTESIAN_POINT('',(5.65,2.4,-0.1));
#3061 = VECTOR('',#3062,1.);
#3062 = DIRECTION('',(0.,0.,1.));
#3063 = ORIENTED_EDGE('',*,*,#3064,.T.);
#3064 = EDGE_CURVE('',#3057,#3065,#3067,.T.);
#3065 = VERTEX_POINT('',#3066);
#3066 = CARTESIAN_POINT('',(5.65,0.8,-0.1));
#3067 = LINE('',#3068,#3069);
#3068 = CARTESIAN_POINT('',(5.65,1.65,-0.1));
#3069 = VECTOR('',#3070,1.);
#3070 = DIRECTION('',(0.,-1.,0.));
#3071 = ORIENTED_EDGE('',*,*,#3072,.T.);
#3072 = EDGE_CURVE('',#3065,#3014,#3073,.T.);
#3073 = CIRCLE('',#3074,0.15);
#3074 = AXIS2_PLACEMENT_3D('',#3075,#3076,#3077);
#3075 = CARTESIAN_POINT('',(5.65,0.8,5.E-02));
#3076 = DIRECTION('',(-1.,0.,0.));
#3077 = DIRECTION('',(0.,0.,1.));
#3078 = PLANE('',#3079);
#3079 = AXIS2_PLACEMENT_3D('',#3080,#3081,#3082);
#3080 = CARTESIAN_POINT('',(5.65,1.425,1.3));
#3081 = DIRECTION('',(-1.,0.,0.));
#3082 = DIRECTION('',(0.,-1.,0.));
#3083 = ADVANCED_FACE('',(#3084),#3118,.T.);
#3084 = FACE_BOUND('',#3085,.T.);
#3085 = EDGE_LOOP('',(#3086,#3096,#3104,#3112));
#3086 = ORIENTED_EDGE('',*,*,#3087,.T.);
#3087 = EDGE_CURVE('',#3088,#3090,#3092,.T.);
#3088 = VERTEX_POINT('',#3089);
#3089 = CARTESIAN_POINT('',(5.55,0.55,3.));
#3090 = VERTEX_POINT('',#3091);
#3091 = CARTESIAN_POINT('',(5.45,0.55,3.));
#3092 = LINE('',#3093,#3094);
#3093 = CARTESIAN_POINT('',(5.348,0.55,3.));
#3094 = VECTOR('',#3095,1.);
#3095 = DIRECTION('',(-1.,0.,0.));
#3096 = ORIENTED_EDGE('',*,*,#3097,.T.);
#3097 = EDGE_CURVE('',#3090,#3098,#3100,.T.);
#3098 = VERTEX_POINT('',#3099);
#3099 = CARTESIAN_POINT('',(5.45,0.45,3.));
#3100 = LINE('',#3101,#3102);
#3101 = CARTESIAN_POINT('',(5.45,0.35,3.));
#3102 = VECTOR('',#3103,1.);
#3103 = DIRECTION('',(0.,-1.,0.));
#3104 = ORIENTED_EDGE('',*,*,#3105,.T.);
#3105 = EDGE_CURVE('',#3098,#3106,#3108,.T.);
#3106 = VERTEX_POINT('',#3107);
#3107 = CARTESIAN_POINT('',(5.55,0.45,3.));
#3108 = LINE('',#3109,#3110);
#3109 = CARTESIAN_POINT('',(5.348,0.45,3.));
#3110 = VECTOR('',#3111,1.);
#3111 = DIRECTION('',(1.,0.,0.));
#3112 = ORIENTED_EDGE('',*,*,#3113,.T.);
#3113 = EDGE_CURVE('',#3106,#3088,#3114,.T.);
#3114 = LINE('',#3115,#3116);
#3115 = CARTESIAN_POINT('',(5.55,0.65,3.));
#3116 = VECTOR('',#3117,1.);
#3117 = DIRECTION('',(0.,1.,0.));
#3118 = PLANE('',#3119);
#3119 = AXIS2_PLACEMENT_3D('',#3120,#3121,#3122);
#3120 = CARTESIAN_POINT('',(5.348,0.5,3.));
#3121 = DIRECTION('',(0.,0.,1.));
#3122 = DIRECTION('',(1.,0.,-0.));
#3123 = ADVANCED_FACE('',(#3124),#3140,.T.);
#3124 = FACE_BOUND('',#3125,.T.);
#3125 = EDGE_LOOP('',(#3126,#3127,#3133,#3134));
#3126 = ORIENTED_EDGE('',*,*,#3031,.F.);
#3127 = ORIENTED_EDGE('',*,*,#3128,.T.);
#3128 = EDGE_CURVE('',#3024,#2942,#3129,.T.);
#3129 = LINE('',#3130,#3131);
#3130 = CARTESIAN_POINT('',(5.348,0.35,2.9));
#3131 = VECTOR('',#3132,1.);
#3132 = DIRECTION('',(-1.,0.,0.));
#3133 = ORIENTED_EDGE('',*,*,#2939,.F.);
#3134 = ORIENTED_EDGE('',*,*,#3135,.T.);
#3135 = EDGE_CURVE('',#2940,#3032,#3136,.T.);
#3136 = LINE('',#3137,#3138);
#3137 = CARTESIAN_POINT('',(5.348,0.35,5.E-02));
#3138 = VECTOR('',#3139,1.);
#3139 = DIRECTION('',(1.,0.,0.));
#3140 = PLANE('',#3141);
#3141 = AXIS2_PLACEMENT_3D('',#3142,#3143,#3144);
#3142 = CARTESIAN_POINT('',(5.348,0.35,1.525));
#3143 = DIRECTION('',(0.,-1.,5.512892402469E-17));
#3144 = DIRECTION('',(0.,-5.512892402469E-17,-1.));
#3145 = ADVANCED_FACE('',(#3146),#3157,.T.);
#3146 = FACE_BOUND('',#3147,.T.);
#3147 = EDGE_LOOP('',(#3148,#3149,#3150,#3156));
#3148 = ORIENTED_EDGE('',*,*,#3135,.F.);
#3149 = ORIENTED_EDGE('',*,*,#2998,.T.);
#3150 = ORIENTED_EDGE('',*,*,#3151,.T.);
#3151 = EDGE_CURVE('',#2991,#3040,#3152,.T.);
#3152 = LINE('',#3153,#3154);
#3153 = CARTESIAN_POINT('',(5.348,0.8,-0.4));
#3154 = VECTOR('',#3155,1.);
#3155 = DIRECTION('',(1.,0.,0.));
#3156 = ORIENTED_EDGE('',*,*,#3039,.T.);
#3157 = CYLINDRICAL_SURFACE('',#3158,0.45);
#3158 = AXIS2_PLACEMENT_3D('',#3159,#3160,#3161);
#3159 = CARTESIAN_POINT('',(5.348,0.8,5.E-02));
#3160 = DIRECTION('',(1.,0.,0.));
#3161 = DIRECTION('',(0.,0.,-1.));
#3162 = ADVANCED_FACE('',(#3163),#3174,.T.);
#3163 = FACE_BOUND('',#3164,.T.);
#3164 = EDGE_LOOP('',(#3165,#3166,#3172,#3173));
#3165 = ORIENTED_EDGE('',*,*,#2990,.F.);
#3166 = ORIENTED_EDGE('',*,*,#3167,.T.);
#3167 = EDGE_CURVE('',#2983,#3049,#3168,.T.);
#3168 = LINE('',#3169,#3170);
#3169 = CARTESIAN_POINT('',(5.348,2.4,-0.4));
#3170 = VECTOR('',#3171,1.);
#3171 = DIRECTION('',(1.,0.,0.));
#3172 = ORIENTED_EDGE('',*,*,#3048,.F.);
#3173 = ORIENTED_EDGE('',*,*,#3151,.F.);
#3174 = PLANE('',#3175);
#3175 = AXIS2_PLACEMENT_3D('',#3176,#3177,#3178);
#3176 = CARTESIAN_POINT('',(5.348,1.65,-0.4));
#3177 = DIRECTION('',(0.,-1.27553196763E-16,-1.));
#3178 = DIRECTION('',(0.,1.,-1.27553196763E-16));
#3179 = ADVANCED_FACE('',(#3180),#3214,.T.);
#3180 = FACE_BOUND('',#3181,.T.);
#3181 = EDGE_LOOP('',(#3182,#3192,#3200,#3208));
#3182 = ORIENTED_EDGE('',*,*,#3183,.T.);
#3183 = EDGE_CURVE('',#3184,#3186,#3188,.T.);
#3184 = VERTEX_POINT('',#3185);
#3185 = CARTESIAN_POINT('',(5.55,2.5,-0.3));
#3186 = VERTEX_POINT('',#3187);
#3187 = CARTESIAN_POINT('',(5.45,2.5,-0.3));
#3188 = LINE('',#3189,#3190);
#3189 = CARTESIAN_POINT('',(5.348,2.5,-0.3));
#3190 = VECTOR('',#3191,1.);
#3191 = DIRECTION('',(-1.,0.,0.));
#3192 = ORIENTED_EDGE('',*,*,#3193,.T.);
#3193 = EDGE_CURVE('',#3186,#3194,#3196,.T.);
#3194 = VERTEX_POINT('',#3195);
#3195 = CARTESIAN_POINT('',(5.45,2.5,-0.2));
#3196 = LINE('',#3197,#3198);
#3197 = CARTESIAN_POINT('',(5.45,2.5,-0.1));
#3198 = VECTOR('',#3199,1.);
#3199 = DIRECTION('',(0.,0.,1.));
#3200 = ORIENTED_EDGE('',*,*,#3201,.T.);
#3201 = EDGE_CURVE('',#3194,#3202,#3204,.T.);
#3202 = VERTEX_POINT('',#3203);
#3203 = CARTESIAN_POINT('',(5.55,2.5,-0.2));
#3204 = LINE('',#3205,#3206);
#3205 = CARTESIAN_POINT('',(5.348,2.5,-0.2));
#3206 = VECTOR('',#3207,1.);
#3207 = DIRECTION('',(1.,0.,0.));
#3208 = ORIENTED_EDGE('',*,*,#3209,.T.);
#3209 = EDGE_CURVE('',#3202,#3184,#3210,.T.);
#3210 = LINE('',#3211,#3212);
#3211 = CARTESIAN_POINT('',(5.55,2.5,-0.4));
#3212 = VECTOR('',#3213,1.);
#3213 = DIRECTION('',(0.,0.,-1.));
#3214 = PLANE('',#3215);
#3215 = AXIS2_PLACEMENT_3D('',#3216,#3217,#3218);
#3216 = CARTESIAN_POINT('',(5.348,2.5,-0.25));
#3217 = DIRECTION('',(0.,1.,0.));
#3218 = DIRECTION('',(0.,-0.,1.));
#3219 = ADVANCED_FACE('',(#3220),#3236,.T.);
#3220 = FACE_BOUND('',#3221,.T.);
#3221 = EDGE_LOOP('',(#3222,#3223,#3229,#3230));
#3222 = ORIENTED_EDGE('',*,*,#3064,.F.);
#3223 = ORIENTED_EDGE('',*,*,#3224,.T.);
#3224 = EDGE_CURVE('',#3057,#2975,#3225,.T.);
#3225 = LINE('',#3226,#3227);
#3226 = CARTESIAN_POINT('',(5.348,2.4,-0.1));
#3227 = VECTOR('',#3228,1.);
#3228 = DIRECTION('',(-1.,0.,0.));
#3229 = ORIENTED_EDGE('',*,*,#2974,.F.);
#3230 = ORIENTED_EDGE('',*,*,#3231,.T.);
#3231 = EDGE_CURVE('',#2966,#3065,#3232,.T.);
#3232 = LINE('',#3233,#3234);
#3233 = CARTESIAN_POINT('',(5.348,0.8,-0.1));
#3234 = VECTOR('',#3235,1.);
#3235 = DIRECTION('',(1.,0.,0.));
#3236 = PLANE('',#3237);
#3237 = AXIS2_PLACEMENT_3D('',#3238,#3239,#3240);
#3238 = CARTESIAN_POINT('',(5.348,1.65,-0.1));
#3239 = DIRECTION('',(0.,0.,1.));
#3240 = DIRECTION('',(1.,0.,-0.));
#3241 = ADVANCED_FACE('',(#3242),#3253,.F.);
#3242 = FACE_BOUND('',#3243,.F.);
#3243 = EDGE_LOOP('',(#3244,#3245,#3246,#3252));
#3244 = ORIENTED_EDGE('',*,*,#3231,.T.);
#3245 = ORIENTED_EDGE('',*,*,#3072,.T.);
#3246 = ORIENTED_EDGE('',*,*,#3247,.F.);
#3247 = EDGE_CURVE('',#2958,#3014,#3248,.T.);
#3248 = LINE('',#3249,#3250);
#3249 = CARTESIAN_POINT('',(5.348,0.65,5.E-02));
#3250 = VECTOR('',#3251,1.);
#3251 = DIRECTION('',(1.,0.,0.));
#3252 = ORIENTED_EDGE('',*,*,#2965,.T.);
#3253 = CYLINDRICAL_SURFACE('',#3254,0.15);
#3254 = AXIS2_PLACEMENT_3D('',#3255,#3256,#3257);
#3255 = CARTESIAN_POINT('',(5.348,0.8,5.E-02));
#3256 = DIRECTION('',(1.,0.,0.));
#3257 = DIRECTION('',(0.,0.,-1.));
#3258 = ADVANCED_FACE('',(#3259),#3270,.T.);
#3259 = FACE_BOUND('',#3260,.T.);
#3260 = EDGE_LOOP('',(#3261,#3262,#3268,#3269));
#3261 = ORIENTED_EDGE('',*,*,#2957,.F.);
#3262 = ORIENTED_EDGE('',*,*,#3263,.T.);
#3263 = EDGE_CURVE('',#2950,#3016,#3264,.T.);
#3264 = LINE('',#3265,#3266);
#3265 = CARTESIAN_POINT('',(5.348,0.65,2.9));
#3266 = VECTOR('',#3267,1.);
#3267 = DIRECTION('',(1.,0.,0.));
#3268 = ORIENTED_EDGE('',*,*,#3013,.F.);
#3269 = ORIENTED_EDGE('',*,*,#3247,.F.);
#3270 = PLANE('',#3271);
#3271 = AXIS2_PLACEMENT_3D('',#3272,#3273,#3274);
#3272 = CARTESIAN_POINT('',(5.348,0.65,1.525));
#3273 = DIRECTION('',(0.,1.,-1.837630800823E-16));
#3274 = DIRECTION('',(0.,1.837630800823E-16,1.));
#3275 = ADVANCED_FACE('',(#3276),#3292,.T.);
#3276 = FACE_BOUND('',#3277,.T.);
#3277 = EDGE_LOOP('',(#3278,#3284,#3285,#3291));
#3278 = ORIENTED_EDGE('',*,*,#3279,.T.);
#3279 = EDGE_CURVE('',#3016,#3088,#3280,.T.);
#3280 = LINE('',#3281,#3282);
#3281 = CARTESIAN_POINT('',(5.549333333333,0.549333333333,3.000666666667
    ));
#3282 = VECTOR('',#3283,1.);
#3283 = DIRECTION('',(-0.57735026919,-0.57735026919,0.57735026919));
#3284 = ORIENTED_EDGE('',*,*,#3113,.F.);
#3285 = ORIENTED_EDGE('',*,*,#3286,.F.);
#3286 = EDGE_CURVE('',#3024,#3106,#3287,.T.);
#3287 = LINE('',#3288,#3289);
#3288 = CARTESIAN_POINT('',(5.291666666667,0.708333333333,3.258333333333
    ));
#3289 = VECTOR('',#3290,1.);
#3290 = DIRECTION('',(-0.57735026919,0.57735026919,0.57735026919));
#3291 = ORIENTED_EDGE('',*,*,#3023,.F.);
#3292 = PLANE('',#3293);
#3293 = AXIS2_PLACEMENT_3D('',#3294,#3295,#3296);
#3294 = CARTESIAN_POINT('',(5.65,1.425,2.9));
#3295 = DIRECTION('',(0.707106781187,0.,0.707106781187));
#3296 = DIRECTION('',(-0.,1.,0.));
#3297 = ADVANCED_FACE('',(#3298),#3309,.F.);
#3298 = FACE_BOUND('',#3299,.T.);
#3299 = EDGE_LOOP('',(#3300,#3301,#3302,#3308));
#3300 = ORIENTED_EDGE('',*,*,#3286,.T.);
#3301 = ORIENTED_EDGE('',*,*,#3105,.F.);
#3302 = ORIENTED_EDGE('',*,*,#3303,.F.);
#3303 = EDGE_CURVE('',#2942,#3098,#3304,.T.);
#3304 = LINE('',#3305,#3306);
#3305 = CARTESIAN_POINT('',(5.416,0.416,2.966));
#3306 = VECTOR('',#3307,1.);
#3307 = DIRECTION('',(0.57735026919,0.57735026919,0.57735026919));
#3308 = ORIENTED_EDGE('',*,*,#3128,.F.);
#3309 = PLANE('',#3310);
#3310 = AXIS2_PLACEMENT_3D('',#3311,#3312,#3313);
#3311 = CARTESIAN_POINT('',(5.348,0.45,3.));
#3312 = DIRECTION('',(0.,0.707106781187,-0.707106781187));
#3313 = DIRECTION('',(1.,0.,0.));
#3314 = ADVANCED_FACE('',(#3315),#3326,.F.);
#3315 = FACE_BOUND('',#3316,.T.);
#3316 = EDGE_LOOP('',(#3317,#3318,#3319,#3325));
#3317 = ORIENTED_EDGE('',*,*,#3279,.F.);
#3318 = ORIENTED_EDGE('',*,*,#3263,.F.);
#3319 = ORIENTED_EDGE('',*,*,#3320,.F.);
#3320 = EDGE_CURVE('',#3090,#2950,#3321,.T.);
#3321 = LINE('',#3322,#3323);
#3322 = CARTESIAN_POINT('',(5.349333333333,0.650666666667,2.899333333333
    ));
#3323 = VECTOR('',#3324,1.);
#3324 = DIRECTION('',(-0.57735026919,0.57735026919,-0.57735026919));
#3325 = ORIENTED_EDGE('',*,*,#3087,.F.);
#3326 = PLANE('',#3327);
#3327 = AXIS2_PLACEMENT_3D('',#3328,#3329,#3330);
#3328 = CARTESIAN_POINT('',(5.348,0.65,2.9));
#3329 = DIRECTION('',(0.,-0.707106781187,-0.707106781187));
#3330 = DIRECTION('',(1.,0.,0.));
#3331 = ADVANCED_FACE('',(#3332),#3338,.T.);
#3332 = FACE_BOUND('',#3333,.T.);
#3333 = EDGE_LOOP('',(#3334,#3335,#3336,#3337));
#3334 = ORIENTED_EDGE('',*,*,#3303,.T.);
#3335 = ORIENTED_EDGE('',*,*,#3097,.F.);
#3336 = ORIENTED_EDGE('',*,*,#3320,.T.);
#3337 = ORIENTED_EDGE('',*,*,#2949,.F.);
#3338 = PLANE('',#3339);
#3339 = AXIS2_PLACEMENT_3D('',#3340,#3341,#3342);
#3340 = CARTESIAN_POINT('',(5.35,0.5,2.9));
#3341 = DIRECTION('',(-0.707106781187,0.,0.707106781187));
#3342 = DIRECTION('',(0.,-1.,0.));
#3343 = ADVANCED_FACE('',(#3344),#3360,.T.);
#3344 = FACE_BOUND('',#3345,.T.);
#3345 = EDGE_LOOP('',(#3346,#3352,#3353,#3359));
#3346 = ORIENTED_EDGE('',*,*,#3347,.F.);
#3347 = EDGE_CURVE('',#3184,#3049,#3348,.T.);
#3348 = LINE('',#3349,#3350);
#3349 = CARTESIAN_POINT('',(5.083333333333,2.966666666667,0.166666666667
    ));
#3350 = VECTOR('',#3351,1.);
#3351 = DIRECTION('',(0.57735026919,-0.57735026919,-0.57735026919));
#3352 = ORIENTED_EDGE('',*,*,#3209,.F.);
#3353 = ORIENTED_EDGE('',*,*,#3354,.T.);
#3354 = EDGE_CURVE('',#3202,#3057,#3355,.T.);
#3355 = LINE('',#3356,#3357);
#3356 = CARTESIAN_POINT('',(5.482666666667,2.567333333333,
    -0.267333333333));
#3357 = VECTOR('',#3358,1.);
#3358 = DIRECTION('',(0.57735026919,-0.57735026919,0.57735026919));
#3359 = ORIENTED_EDGE('',*,*,#3056,.F.);
#3360 = PLANE('',#3361);
#3361 = AXIS2_PLACEMENT_3D('',#3362,#3363,#3364);
#3362 = CARTESIAN_POINT('',(5.65,2.4,1.3));
#3363 = DIRECTION('',(0.707106781187,0.707106781187,0.));
#3364 = DIRECTION('',(0.,0.,-1.));
#3365 = ADVANCED_FACE('',(#3366),#3377,.F.);
#3366 = FACE_BOUND('',#3367,.T.);
#3367 = EDGE_LOOP('',(#3368,#3369,#3370,#3376));
#3368 = ORIENTED_EDGE('',*,*,#3354,.F.);
#3369 = ORIENTED_EDGE('',*,*,#3201,.F.);
#3370 = ORIENTED_EDGE('',*,*,#3371,.F.);
#3371 = EDGE_CURVE('',#2975,#3194,#3372,.T.);
#3372 = LINE('',#3373,#3374);
#3373 = CARTESIAN_POINT('',(5.416,2.466,-0.166));
#3374 = VECTOR('',#3375,1.);
#3375 = DIRECTION('',(0.57735026919,0.57735026919,-0.57735026919));
#3376 = ORIENTED_EDGE('',*,*,#3224,.F.);
#3377 = PLANE('',#3378);
#3378 = AXIS2_PLACEMENT_3D('',#3379,#3380,#3381);
#3379 = CARTESIAN_POINT('',(5.348,2.5,-0.2));
#3380 = DIRECTION('',(0.,-0.707106781187,-0.707106781187));
#3381 = DIRECTION('',(1.,0.,0.));
#3382 = ADVANCED_FACE('',(#3383),#3394,.F.);
#3383 = FACE_BOUND('',#3384,.T.);
#3384 = EDGE_LOOP('',(#3385,#3386,#3387,#3393));
#3385 = ORIENTED_EDGE('',*,*,#3347,.T.);
#3386 = ORIENTED_EDGE('',*,*,#3167,.F.);
#3387 = ORIENTED_EDGE('',*,*,#3388,.F.);
#3388 = EDGE_CURVE('',#3186,#2983,#3389,.T.);
#3389 = LINE('',#3390,#3391);
#3390 = CARTESIAN_POINT('',(5.349333333333,2.399333333333,
    -0.400666666667));
#3391 = VECTOR('',#3392,1.);
#3392 = DIRECTION('',(-0.57735026919,-0.57735026919,-0.57735026919));
#3393 = ORIENTED_EDGE('',*,*,#3183,.F.);
#3394 = PLANE('',#3395);
#3395 = AXIS2_PLACEMENT_3D('',#3396,#3397,#3398);
#3396 = CARTESIAN_POINT('',(5.348,2.4,-0.4));
#3397 = DIRECTION('',(0.,-0.707106781187,0.707106781187));
#3398 = DIRECTION('',(1.,0.,0.));
#3399 = ADVANCED_FACE('',(#3400),#3406,.T.);
#3400 = FACE_BOUND('',#3401,.T.);
#3401 = EDGE_LOOP('',(#3402,#3403,#3404,#3405));
#3402 = ORIENTED_EDGE('',*,*,#3371,.T.);
#3403 = ORIENTED_EDGE('',*,*,#3193,.F.);
#3404 = ORIENTED_EDGE('',*,*,#3388,.T.);
#3405 = ORIENTED_EDGE('',*,*,#2982,.F.);
#3406 = PLANE('',#3407);
#3407 = AXIS2_PLACEMENT_3D('',#3408,#3409,#3410);
#3408 = CARTESIAN_POINT('',(5.35,2.4,1.));
#3409 = DIRECTION('',(-0.707106781187,0.707106781187,0.));
#3410 = DIRECTION('',(0.,0.,1.));
#3411 = ( GEOMETRIC_REPRESENTATION_CONTEXT(3) 
GLOBAL_UNCERTAINTY_ASSIGNED_CONTEXT((#3415)) 
GLOBAL_UNIT_ASSIGNED_CONTEXT((#3412,#3413,#3414)) REPRESENTATION_CONTEXT
('Context #1','3D Context with UNIT and UNCERTAINTY') );
#3412 = ( LENGTH_UNIT() NAMED_UNIT(*) SI_UNIT(.MILLI.,.METRE.) );
#3413 = ( NAMED_UNIT(*) PLANE_ANGLE_UNIT() SI_UNIT($,.RADIAN.) );
#3414 = ( NAMED_UNIT(*) SI_UNIT($,.STERADIAN.) SOLID_ANGLE_UNIT() );
#3415 = UNCERTAINTY_MEASURE_WITH_UNIT(LENGTH_MEASURE(1.E-07),#3412,
  'distance_accuracy_value','confusion accuracy');
#3416 = CONTEXT_DEPENDENT_SHAPE_REPRESENTATION(#3417,#3419);
#3417 = ( REPRESENTATION_RELATIONSHIP('','',#2932,#817) 
REPRESENTATION_RELATIONSHIP_WITH_TRANSFORMATION(#3418) 
SHAPE_REPRESENTATION_RELATIONSHIP() );
#3418 = ITEM_DEFINED_TRANSFORMATION('','',#11,#834);
#3419 = PRODUCT_DEFINITION_SHAPE('Placement','Placement of an item',
  #3420);
#3420 = NEXT_ASSEMBLY_USAGE_OCCURRENCE('83','=>[0:1:1:8]','',#812,#2927,
  $);
#3421 = PRODUCT_RELATED_PRODUCT_CATEGORY('part',$,(#2929));
#3422 = SHAPE_DEFINITION_REPRESENTATION(#3423,#3429);
#3423 = PRODUCT_DEFINITION_SHAPE('','',#3424);
#3424 = PRODUCT_DEFINITION('design','',#3425,#3428);
#3425 = PRODUCT_DEFINITION_FORMATION('','',#3426);
#3426 = PRODUCT('Part 1','Part 1','',(#3427));
#3427 = PRODUCT_CONTEXT('',#2,'mechanical');
#3428 = PRODUCT_DEFINITION_CONTEXT('part definition',#2,'design');
#3429 = ADVANCED_BREP_SHAPE_REPRESENTATION('',(#11,#3430),#9624);
#3430 = MANIFOLD_SOLID_BREP('',#3431);
#3431 = CLOSED_SHELL('',(#3432,#3472,#3503,#3543,#3583,#3614,#3645,#3667
    ,#3689,#5163,#6637,#6654,#6676,#6698,#6715,#6732,#6744,#6756,#6773,
    #6795,#6817,#6834,#6851,#6863,#6875,#6892,#6914,#6936,#6953,#6970,
    #6982,#6994,#7011,#7033,#7055,#7072,#7089,#7101,#7113,#7130,#7152,
    #7174,#7191,#7208,#7220,#7232,#7249,#7271,#7293,#7310,#7327,#7339,
    #7351,#7368,#7390,#7412,#7429,#7446,#7458,#7470,#7487,#7509,#7531,
    #7548,#7565,#7577,#7589,#7606,#7628,#7650,#7667,#7684,#7696,#7708,
    #7725,#7747,#7769,#7786,#7803,#7815,#7827,#7844,#7866,#7888,#7905,
    #7922,#7934,#7946,#7963,#7985,#8007,#8024,#8041,#8053,#8065,#8082,
    #8104,#8126,#8143,#8160,#8172,#8184,#8201,#8223,#8245,#8262,#8279,
    #8291,#8303,#8320,#8342,#8364,#8381,#8398,#8410,#8422,#8439,#8461,
    #8483,#8500,#8517,#8529,#8541,#8558,#8580,#8602,#8619,#8636,#8648,
    #8660,#8677,#8699,#8721,#8738,#8755,#8767,#8779,#8796,#8818,#8840,
    #8857,#8874,#8886,#8898,#8915,#8937,#8959,#8976,#8993,#9005,#9017,
    #9034,#9056,#9078,#9095,#9112,#9124,#9136,#9153,#9175,#9197,#9214,
    #9231,#9243,#9255,#9272,#9294,#9316,#9333,#9350,#9362,#9374,#9391,
    #9413,#9430,#9452,#9469,#9486,#9498,#9510,#9527,#9544,#9566,#9583,
    #9600,#9612));
#3432 = ADVANCED_FACE('',(#3433),#3467,.T.);
#3433 = FACE_BOUND('',#3434,.T.);
#3434 = EDGE_LOOP('',(#3435,#3445,#3453,#3461));
#3435 = ORIENTED_EDGE('',*,*,#3436,.F.);
#3436 = EDGE_CURVE('',#3437,#3439,#3441,.T.);
#3437 = VERTEX_POINT('',#3438);
#3438 = CARTESIAN_POINT('',(-1.,0.8,0.));
#3439 = VERTEX_POINT('',#3440);
#3440 = CARTESIAN_POINT('',(-0.8,1.,0.));
#3441 = LINE('',#3442,#3443);
#3442 = CARTESIAN_POINT('',(-0.9,0.9,0.));
#3443 = VECTOR('',#3444,1.);
#3444 = DIRECTION('',(0.707106781187,0.707106781187,0.));
#3445 = ORIENTED_EDGE('',*,*,#3446,.F.);
#3446 = EDGE_CURVE('',#3447,#3437,#3449,.T.);
#3447 = VERTEX_POINT('',#3448);
#3448 = CARTESIAN_POINT('',(-1.,0.8,1.));
#3449 = LINE('',#3450,#3451);
#3450 = CARTESIAN_POINT('',(-1.,0.8,1.));
#3451 = VECTOR('',#3452,1.);
#3452 = DIRECTION('',(0.,0.,-1.));
#3453 = ORIENTED_EDGE('',*,*,#3454,.T.);
#3454 = EDGE_CURVE('',#3447,#3455,#3457,.T.);
#3455 = VERTEX_POINT('',#3456);
#3456 = CARTESIAN_POINT('',(-0.8,1.,1.));
#3457 = LINE('',#3458,#3459);
#3458 = CARTESIAN_POINT('',(-0.9,0.9,1.));
#3459 = VECTOR('',#3460,1.);
#3460 = DIRECTION('',(0.707106781187,0.707106781187,0.));
#3461 = ORIENTED_EDGE('',*,*,#3462,.T.);
#3462 = EDGE_CURVE('',#3455,#3439,#3463,.T.);
#3463 = LINE('',#3464,#3465);
#3464 = CARTESIAN_POINT('',(-0.8,1.,1.));
#3465 = VECTOR('',#3466,1.);
#3466 = DIRECTION('',(0.,0.,-1.));
#3467 = PLANE('',#3468);
#3468 = AXIS2_PLACEMENT_3D('',#3469,#3470,#3471);
#3469 = CARTESIAN_POINT('',(-0.9,0.9,1.));
#3470 = DIRECTION('',(-0.707106781187,0.707106781187,0.));
#3471 = DIRECTION('',(-0.707106781187,-0.707106781187,0.));
#3472 = ADVANCED_FACE('',(#3473),#3498,.F.);
#3473 = FACE_BOUND('',#3474,.T.);
#3474 = EDGE_LOOP('',(#3475,#3483,#3491,#3497));
#3475 = ORIENTED_EDGE('',*,*,#3476,.T.);
#3476 = EDGE_CURVE('',#3437,#3477,#3479,.T.);
#3477 = VERTEX_POINT('',#3478);
#3478 = CARTESIAN_POINT('',(-1.,-0.8,0.));
#3479 = LINE('',#3480,#3481);
#3480 = CARTESIAN_POINT('',(-1.,0.4,0.));
#3481 = VECTOR('',#3482,1.);
#3482 = DIRECTION('',(0.,-1.,0.));
#3483 = ORIENTED_EDGE('',*,*,#3484,.F.);
#3484 = EDGE_CURVE('',#3485,#3477,#3487,.T.);
#3485 = VERTEX_POINT('',#3486);
#3486 = CARTESIAN_POINT('',(-1.,-0.8,1.));
#3487 = LINE('',#3488,#3489);
#3488 = CARTESIAN_POINT('',(-1.,-0.8,1.));
#3489 = VECTOR('',#3490,1.);
#3490 = DIRECTION('',(0.,0.,-1.));
#3491 = ORIENTED_EDGE('',*,*,#3492,.F.);
#3492 = EDGE_CURVE('',#3447,#3485,#3493,.T.);
#3493 = LINE('',#3494,#3495);
#3494 = CARTESIAN_POINT('',(-1.,0.4,1.));
#3495 = VECTOR('',#3496,1.);
#3496 = DIRECTION('',(0.,-1.,0.));
#3497 = ORIENTED_EDGE('',*,*,#3446,.T.);
#3498 = PLANE('',#3499);
#3499 = AXIS2_PLACEMENT_3D('',#3500,#3501,#3502);
#3500 = CARTESIAN_POINT('',(-1.,0.4,1.));
#3501 = DIRECTION('',(1.,0.,0.));
#3502 = DIRECTION('',(0.,0.,-1.));
#3503 = ADVANCED_FACE('',(#3504),#3538,.T.);
#3504 = FACE_BOUND('',#3505,.T.);
#3505 = EDGE_LOOP('',(#3506,#3516,#3524,#3532));
#3506 = ORIENTED_EDGE('',*,*,#3507,.F.);
#3507 = EDGE_CURVE('',#3508,#3510,#3512,.T.);
#3508 = VERTEX_POINT('',#3509);
#3509 = CARTESIAN_POINT('',(-0.2,1.,0.));
#3510 = VERTEX_POINT('',#3511);
#3511 = CARTESIAN_POINT('',(0.,0.8,0.));
#3512 = LINE('',#3513,#3514);
#3513 = CARTESIAN_POINT('',(-0.1,0.9,0.));
#3514 = VECTOR('',#3515,1.);
#3515 = DIRECTION('',(0.707106781187,-0.707106781187,0.));
#3516 = ORIENTED_EDGE('',*,*,#3517,.F.);
#3517 = EDGE_CURVE('',#3518,#3508,#3520,.T.);
#3518 = VERTEX_POINT('',#3519);
#3519 = CARTESIAN_POINT('',(-0.2,1.,1.));
#3520 = LINE('',#3521,#3522);
#3521 = CARTESIAN_POINT('',(-0.2,1.,1.));
#3522 = VECTOR('',#3523,1.);
#3523 = DIRECTION('',(0.,0.,-1.));
#3524 = ORIENTED_EDGE('',*,*,#3525,.T.);
#3525 = EDGE_CURVE('',#3518,#3526,#3528,.T.);
#3526 = VERTEX_POINT('',#3527);
#3527 = CARTESIAN_POINT('',(0.,0.8,1.));
#3528 = LINE('',#3529,#3530);
#3529 = CARTESIAN_POINT('',(-0.1,0.9,1.));
#3530 = VECTOR('',#3531,1.);
#3531 = DIRECTION('',(0.707106781187,-0.707106781187,0.));
#3532 = ORIENTED_EDGE('',*,*,#3533,.T.);
#3533 = EDGE_CURVE('',#3526,#3510,#3534,.T.);
#3534 = LINE('',#3535,#3536);
#3535 = CARTESIAN_POINT('',(0.,0.8,1.));
#3536 = VECTOR('',#3537,1.);
#3537 = DIRECTION('',(0.,0.,-1.));
#3538 = PLANE('',#3539);
#3539 = AXIS2_PLACEMENT_3D('',#3540,#3541,#3542);
#3540 = CARTESIAN_POINT('',(-0.1,0.9,1.));
#3541 = DIRECTION('',(0.707106781187,0.707106781187,0.));
#3542 = DIRECTION('',(-0.707106781187,0.707106781187,0.));
#3543 = ADVANCED_FACE('',(#3544),#3578,.T.);
#3544 = FACE_BOUND('',#3545,.T.);
#3545 = EDGE_LOOP('',(#3546,#3556,#3564,#3572));
#3546 = ORIENTED_EDGE('',*,*,#3547,.F.);
#3547 = EDGE_CURVE('',#3548,#3550,#3552,.T.);
#3548 = VERTEX_POINT('',#3549);
#3549 = CARTESIAN_POINT('',(-0.65,0.65,0.));
#3550 = VERTEX_POINT('',#3551);
#3551 = CARTESIAN_POINT('',(-0.65,0.35,0.));
#3552 = LINE('',#3553,#3554);
#3553 = CARTESIAN_POINT('',(-0.65,0.5,0.));
#3554 = VECTOR('',#3555,1.);
#3555 = DIRECTION('',(0.,-1.,0.));
#3556 = ORIENTED_EDGE('',*,*,#3557,.F.);
#3557 = EDGE_CURVE('',#3558,#3548,#3560,.T.);
#3558 = VERTEX_POINT('',#3559);
#3559 = CARTESIAN_POINT('',(-0.65,0.65,1.));
#3560 = LINE('',#3561,#3562);
#3561 = CARTESIAN_POINT('',(-0.65,0.65,1.));
#3562 = VECTOR('',#3563,1.);
#3563 = DIRECTION('',(0.,0.,-1.));
#3564 = ORIENTED_EDGE('',*,*,#3565,.T.);
#3565 = EDGE_CURVE('',#3558,#3566,#3568,.T.);
#3566 = VERTEX_POINT('',#3567);
#3567 = CARTESIAN_POINT('',(-0.65,0.35,1.));
#3568 = LINE('',#3569,#3570);
#3569 = CARTESIAN_POINT('',(-0.65,0.5,1.));
#3570 = VECTOR('',#3571,1.);
#3571 = DIRECTION('',(0.,-1.,0.));
#3572 = ORIENTED_EDGE('',*,*,#3573,.T.);
#3573 = EDGE_CURVE('',#3566,#3550,#3574,.T.);
#3574 = LINE('',#3575,#3576);
#3575 = CARTESIAN_POINT('',(-0.65,0.35,1.));
#3576 = VECTOR('',#3577,1.);
#3577 = DIRECTION('',(0.,0.,-1.));
#3578 = PLANE('',#3579);
#3579 = AXIS2_PLACEMENT_3D('',#3580,#3581,#3582);
#3580 = CARTESIAN_POINT('',(-0.65,0.5,1.));
#3581 = DIRECTION('',(1.,0.,0.));
#3582 = DIRECTION('',(0.,0.,-1.));
#3583 = ADVANCED_FACE('',(#3584),#3609,.F.);
#3584 = FACE_BOUND('',#3585,.T.);
#3585 = EDGE_LOOP('',(#3586,#3594,#3602,#3608));
#3586 = ORIENTED_EDGE('',*,*,#3587,.T.);
#3587 = EDGE_CURVE('',#3548,#3588,#3590,.T.);
#3588 = VERTEX_POINT('',#3589);
#3589 = CARTESIAN_POINT('',(-0.35,0.65,0.));
#3590 = LINE('',#3591,#3592);
#3591 = CARTESIAN_POINT('',(-0.5,0.65,0.));
#3592 = VECTOR('',#3593,1.);
#3593 = DIRECTION('',(1.,0.,0.));
#3594 = ORIENTED_EDGE('',*,*,#3595,.F.);
#3595 = EDGE_CURVE('',#3596,#3588,#3598,.T.);
#3596 = VERTEX_POINT('',#3597);
#3597 = CARTESIAN_POINT('',(-0.35,0.65,1.));
#3598 = LINE('',#3599,#3600);
#3599 = CARTESIAN_POINT('',(-0.35,0.65,1.));
#3600 = VECTOR('',#3601,1.);
#3601 = DIRECTION('',(0.,0.,-1.));
#3602 = ORIENTED_EDGE('',*,*,#3603,.F.);
#3603 = EDGE_CURVE('',#3558,#3596,#3604,.T.);
#3604 = LINE('',#3605,#3606);
#3605 = CARTESIAN_POINT('',(-0.5,0.65,1.));
#3606 = VECTOR('',#3607,1.);
#3607 = DIRECTION('',(1.,0.,0.));
#3608 = ORIENTED_EDGE('',*,*,#3557,.T.);
#3609 = PLANE('',#3610);
#3610 = AXIS2_PLACEMENT_3D('',#3611,#3612,#3613);
#3611 = CARTESIAN_POINT('',(-0.5,0.65,1.));
#3612 = DIRECTION('',(0.,1.,0.));
#3613 = DIRECTION('',(0.,-0.,1.));
#3614 = ADVANCED_FACE('',(#3615),#3640,.F.);
#3615 = FACE_BOUND('',#3616,.T.);
#3616 = EDGE_LOOP('',(#3617,#3625,#3633,#3639));
#3617 = ORIENTED_EDGE('',*,*,#3618,.T.);
#3618 = EDGE_CURVE('',#3588,#3619,#3621,.T.);
#3619 = VERTEX_POINT('',#3620);
#3620 = CARTESIAN_POINT('',(-0.35,0.35,0.));
#3621 = LINE('',#3622,#3623);
#3622 = CARTESIAN_POINT('',(-0.35,0.5,0.));
#3623 = VECTOR('',#3624,1.);
#3624 = DIRECTION('',(0.,-1.,0.));
#3625 = ORIENTED_EDGE('',*,*,#3626,.F.);
#3626 = EDGE_CURVE('',#3627,#3619,#3629,.T.);
#3627 = VERTEX_POINT('',#3628);
#3628 = CARTESIAN_POINT('',(-0.35,0.35,1.));
#3629 = LINE('',#3630,#3631);
#3630 = CARTESIAN_POINT('',(-0.35,0.35,1.));
#3631 = VECTOR('',#3632,1.);
#3632 = DIRECTION('',(0.,0.,-1.));
#3633 = ORIENTED_EDGE('',*,*,#3634,.F.);
#3634 = EDGE_CURVE('',#3596,#3627,#3635,.T.);
#3635 = LINE('',#3636,#3637);
#3636 = CARTESIAN_POINT('',(-0.35,0.5,1.));
#3637 = VECTOR('',#3638,1.);
#3638 = DIRECTION('',(0.,-1.,0.));
#3639 = ORIENTED_EDGE('',*,*,#3595,.T.);
#3640 = PLANE('',#3641);
#3641 = AXIS2_PLACEMENT_3D('',#3642,#3643,#3644);
#3642 = CARTESIAN_POINT('',(-0.35,0.5,1.));
#3643 = DIRECTION('',(1.,0.,0.));
#3644 = DIRECTION('',(0.,0.,-1.));
#3645 = ADVANCED_FACE('',(#3646),#3662,.T.);
#3646 = FACE_BOUND('',#3647,.T.);
#3647 = EDGE_LOOP('',(#3648,#3654,#3655,#3661));
#3648 = ORIENTED_EDGE('',*,*,#3649,.F.);
#3649 = EDGE_CURVE('',#3550,#3619,#3650,.T.);
#3650 = LINE('',#3651,#3652);
#3651 = CARTESIAN_POINT('',(-0.5,0.35,0.));
#3652 = VECTOR('',#3653,1.);
#3653 = DIRECTION('',(1.,0.,0.));
#3654 = ORIENTED_EDGE('',*,*,#3573,.F.);
#3655 = ORIENTED_EDGE('',*,*,#3656,.T.);
#3656 = EDGE_CURVE('',#3566,#3627,#3657,.T.);
#3657 = LINE('',#3658,#3659);
#3658 = CARTESIAN_POINT('',(-0.5,0.35,1.));
#3659 = VECTOR('',#3660,1.);
#3660 = DIRECTION('',(1.,0.,0.));
#3661 = ORIENTED_EDGE('',*,*,#3626,.T.);
#3662 = PLANE('',#3663);
#3663 = AXIS2_PLACEMENT_3D('',#3664,#3665,#3666);
#3664 = CARTESIAN_POINT('',(-0.5,0.35,1.));
#3665 = DIRECTION('',(0.,1.,0.));
#3666 = DIRECTION('',(0.,-0.,1.));
#3667 = ADVANCED_FACE('',(#3668),#3684,.T.);
#3668 = FACE_BOUND('',#3669,.T.);
#3669 = EDGE_LOOP('',(#3670,#3676,#3677,#3683));
#3670 = ORIENTED_EDGE('',*,*,#3671,.F.);
#3671 = EDGE_CURVE('',#3439,#3508,#3672,.T.);
#3672 = LINE('',#3673,#3674);
#3673 = CARTESIAN_POINT('',(-0.5,1.,0.));
#3674 = VECTOR('',#3675,1.);
#3675 = DIRECTION('',(1.,0.,0.));
#3676 = ORIENTED_EDGE('',*,*,#3462,.F.);
#3677 = ORIENTED_EDGE('',*,*,#3678,.T.);
#3678 = EDGE_CURVE('',#3455,#3518,#3679,.T.);
#3679 = LINE('',#3680,#3681);
#3680 = CARTESIAN_POINT('',(-0.5,1.,1.));
#3681 = VECTOR('',#3682,1.);
#3682 = DIRECTION('',(1.,0.,0.));
#3683 = ORIENTED_EDGE('',*,*,#3517,.T.);
#3684 = PLANE('',#3685);
#3685 = AXIS2_PLACEMENT_3D('',#3686,#3687,#3688);
#3686 = CARTESIAN_POINT('',(-0.5,1.,1.));
#3687 = DIRECTION('',(0.,1.,0.));
#3688 = DIRECTION('',(0.,-0.,1.));
#3689 = ADVANCED_FACE('',(#3690,#3696,#4308,#4342,#4376,#4410,#4444,
    #4478,#4512,#4546,#4580,#4614,#4648,#4682,#4716,#4750,#4784,#4818,
    #4852,#4886,#4920,#4954,#4988,#5022,#5056,#5090,#5124),#5158,.T.);
#3690 = FACE_BOUND('',#3691,.T.);
#3691 = EDGE_LOOP('',(#3692,#3693,#3694,#3695));
#3692 = ORIENTED_EDGE('',*,*,#3565,.F.);
#3693 = ORIENTED_EDGE('',*,*,#3603,.T.);
#3694 = ORIENTED_EDGE('',*,*,#3634,.T.);
#3695 = ORIENTED_EDGE('',*,*,#3656,.F.);
#3696 = FACE_BOUND('',#3697,.T.);
#3697 = EDGE_LOOP('',(#3698,#3699,#3700,#3708,#3716,#3724,#3732,#3740,
    #3748,#3756,#3764,#3772,#3780,#3788,#3796,#3804,#3812,#3820,#3828,
    #3836,#3844,#3852,#3860,#3868,#3876,#3884,#3892,#3900,#3908,#3916,
    #3924,#3932,#3940,#3948,#3956,#3964,#3972,#3980,#3988,#3996,#4004,
    #4012,#4020,#4028,#4036,#4044,#4052,#4060,#4068,#4076,#4084,#4092,
    #4100,#4108,#4116,#4124,#4132,#4140,#4148,#4156,#4164,#4172,#4180,
    #4188,#4196,#4204,#4212,#4220,#4228,#4236,#4244,#4252,#4260,#4268,
    #4276,#4284,#4292,#4300,#4306,#4307));
#3698 = ORIENTED_EDGE('',*,*,#3454,.F.);
#3699 = ORIENTED_EDGE('',*,*,#3492,.T.);
#3700 = ORIENTED_EDGE('',*,*,#3701,.T.);
#3701 = EDGE_CURVE('',#3485,#3702,#3704,.T.);
#3702 = VERTEX_POINT('',#3703);
#3703 = CARTESIAN_POINT('',(-0.8,-1.,1.));
#3704 = LINE('',#3705,#3706);
#3705 = CARTESIAN_POINT('',(-0.9,-0.9,1.));
#3706 = VECTOR('',#3707,1.);
#3707 = DIRECTION('',(0.707106781187,-0.707106781187,0.));
#3708 = ORIENTED_EDGE('',*,*,#3709,.T.);
#3709 = EDGE_CURVE('',#3702,#3710,#3712,.T.);
#3710 = VERTEX_POINT('',#3711);
#3711 = CARTESIAN_POINT('',(-0.2,-1.,1.));
#3712 = LINE('',#3713,#3714);
#3713 = CARTESIAN_POINT('',(-0.5,-1.,1.));
#3714 = VECTOR('',#3715,1.);
#3715 = DIRECTION('',(1.,0.,0.));
#3716 = ORIENTED_EDGE('',*,*,#3717,.T.);
#3717 = EDGE_CURVE('',#3710,#3718,#3720,.T.);
#3718 = VERTEX_POINT('',#3719);
#3719 = CARTESIAN_POINT('',(0.,-0.8,1.));
#3720 = LINE('',#3721,#3722);
#3721 = CARTESIAN_POINT('',(-0.1,-0.9,1.));
#3722 = VECTOR('',#3723,1.);
#3723 = DIRECTION('',(0.707106781187,0.707106781187,0.));
#3724 = ORIENTED_EDGE('',*,*,#3725,.T.);
#3725 = EDGE_CURVE('',#3718,#3726,#3728,.T.);
#3726 = VERTEX_POINT('',#3727);
#3727 = CARTESIAN_POINT('',(0.2,-1.,1.));
#3728 = LINE('',#3729,#3730);
#3729 = CARTESIAN_POINT('',(0.1,-0.9,1.));
#3730 = VECTOR('',#3731,1.);
#3731 = DIRECTION('',(0.707106781187,-0.707106781187,0.));
#3732 = ORIENTED_EDGE('',*,*,#3733,.T.);
#3733 = EDGE_CURVE('',#3726,#3734,#3736,.T.);
#3734 = VERTEX_POINT('',#3735);
#3735 = CARTESIAN_POINT('',(0.8,-1.,1.));
#3736 = LINE('',#3737,#3738);
#3737 = CARTESIAN_POINT('',(0.5,-1.,1.));
#3738 = VECTOR('',#3739,1.);
#3739 = DIRECTION('',(1.,0.,0.));
#3740 = ORIENTED_EDGE('',*,*,#3741,.T.);
#3741 = EDGE_CURVE('',#3734,#3742,#3744,.T.);
#3742 = VERTEX_POINT('',#3743);
#3743 = CARTESIAN_POINT('',(1.,-0.8,1.));
#3744 = LINE('',#3745,#3746);
#3745 = CARTESIAN_POINT('',(0.9,-0.9,1.));
#3746 = VECTOR('',#3747,1.);
#3747 = DIRECTION('',(0.707106781187,0.707106781187,0.));
#3748 = ORIENTED_EDGE('',*,*,#3749,.T.);
#3749 = EDGE_CURVE('',#3742,#3750,#3752,.T.);
#3750 = VERTEX_POINT('',#3751);
#3751 = CARTESIAN_POINT('',(1.2,-1.,1.));
#3752 = LINE('',#3753,#3754);
#3753 = CARTESIAN_POINT('',(1.1,-0.9,1.));
#3754 = VECTOR('',#3755,1.);
#3755 = DIRECTION('',(0.707106781187,-0.707106781187,0.));
#3756 = ORIENTED_EDGE('',*,*,#3757,.T.);
#3757 = EDGE_CURVE('',#3750,#3758,#3760,.T.);
#3758 = VERTEX_POINT('',#3759);
#3759 = CARTESIAN_POINT('',(1.8,-1.,1.));
#3760 = LINE('',#3761,#3762);
#3761 = CARTESIAN_POINT('',(1.5,-1.,1.));
#3762 = VECTOR('',#3763,1.);
#3763 = DIRECTION('',(1.,0.,0.));
#3764 = ORIENTED_EDGE('',*,*,#3765,.T.);
#3765 = EDGE_CURVE('',#3758,#3766,#3768,.T.);
#3766 = VERTEX_POINT('',#3767);
#3767 = CARTESIAN_POINT('',(2.,-0.8,1.));
#3768 = LINE('',#3769,#3770);
#3769 = CARTESIAN_POINT('',(1.9,-0.9,1.));
#3770 = VECTOR('',#3771,1.);
#3771 = DIRECTION('',(0.707106781187,0.707106781187,0.));
#3772 = ORIENTED_EDGE('',*,*,#3773,.T.);
#3773 = EDGE_CURVE('',#3766,#3774,#3776,.T.);
#3774 = VERTEX_POINT('',#3775);
#3775 = CARTESIAN_POINT('',(2.2,-1.,1.));
#3776 = LINE('',#3777,#3778);
#3777 = CARTESIAN_POINT('',(2.1,-0.9,1.));
#3778 = VECTOR('',#3779,1.);
#3779 = DIRECTION('',(0.707106781187,-0.707106781187,0.));
#3780 = ORIENTED_EDGE('',*,*,#3781,.T.);
#3781 = EDGE_CURVE('',#3774,#3782,#3784,.T.);
#3782 = VERTEX_POINT('',#3783);
#3783 = CARTESIAN_POINT('',(2.8,-1.,1.));
#3784 = LINE('',#3785,#3786);
#3785 = CARTESIAN_POINT('',(2.5,-1.,1.));
#3786 = VECTOR('',#3787,1.);
#3787 = DIRECTION('',(1.,0.,0.));
#3788 = ORIENTED_EDGE('',*,*,#3789,.T.);
#3789 = EDGE_CURVE('',#3782,#3790,#3792,.T.);
#3790 = VERTEX_POINT('',#3791);
#3791 = CARTESIAN_POINT('',(3.,-0.8,1.));
#3792 = LINE('',#3793,#3794);
#3793 = CARTESIAN_POINT('',(2.9,-0.9,1.));
#3794 = VECTOR('',#3795,1.);
#3795 = DIRECTION('',(0.707106781187,0.707106781187,0.));
#3796 = ORIENTED_EDGE('',*,*,#3797,.T.);
#3797 = EDGE_CURVE('',#3790,#3798,#3800,.T.);
#3798 = VERTEX_POINT('',#3799);
#3799 = CARTESIAN_POINT('',(3.2,-1.,1.));
#3800 = LINE('',#3801,#3802);
#3801 = CARTESIAN_POINT('',(3.1,-0.9,1.));
#3802 = VECTOR('',#3803,1.);
#3803 = DIRECTION('',(0.707106781187,-0.707106781187,0.));
#3804 = ORIENTED_EDGE('',*,*,#3805,.T.);
#3805 = EDGE_CURVE('',#3798,#3806,#3808,.T.);
#3806 = VERTEX_POINT('',#3807);
#3807 = CARTESIAN_POINT('',(3.8,-1.,1.));
#3808 = LINE('',#3809,#3810);
#3809 = CARTESIAN_POINT('',(3.5,-1.,1.));
#3810 = VECTOR('',#3811,1.);
#3811 = DIRECTION('',(1.,0.,0.));
#3812 = ORIENTED_EDGE('',*,*,#3813,.T.);
#3813 = EDGE_CURVE('',#3806,#3814,#3816,.T.);
#3814 = VERTEX_POINT('',#3815);
#3815 = CARTESIAN_POINT('',(4.,-0.8,1.));
#3816 = LINE('',#3817,#3818);
#3817 = CARTESIAN_POINT('',(3.9,-0.9,1.));
#3818 = VECTOR('',#3819,1.);
#3819 = DIRECTION('',(0.707106781187,0.707106781187,0.));
#3820 = ORIENTED_EDGE('',*,*,#3821,.T.);
#3821 = EDGE_CURVE('',#3814,#3822,#3824,.T.);
#3822 = VERTEX_POINT('',#3823);
#3823 = CARTESIAN_POINT('',(4.2,-1.,1.));
#3824 = LINE('',#3825,#3826);
#3825 = CARTESIAN_POINT('',(4.1,-0.9,1.));
#3826 = VECTOR('',#3827,1.);
#3827 = DIRECTION('',(0.707106781187,-0.707106781187,0.));
#3828 = ORIENTED_EDGE('',*,*,#3829,.T.);
#3829 = EDGE_CURVE('',#3822,#3830,#3832,.T.);
#3830 = VERTEX_POINT('',#3831);
#3831 = CARTESIAN_POINT('',(4.8,-1.,1.));
#3832 = LINE('',#3833,#3834);
#3833 = CARTESIAN_POINT('',(4.5,-1.,1.));
#3834 = VECTOR('',#3835,1.);
#3835 = DIRECTION('',(1.,0.,0.));
#3836 = ORIENTED_EDGE('',*,*,#3837,.T.);
#3837 = EDGE_CURVE('',#3830,#3838,#3840,.T.);
#3838 = VERTEX_POINT('',#3839);
#3839 = CARTESIAN_POINT('',(5.,-0.8,1.));
#3840 = LINE('',#3841,#3842);
#3841 = CARTESIAN_POINT('',(4.9,-0.9,1.));
#3842 = VECTOR('',#3843,1.);
#3843 = DIRECTION('',(0.707106781187,0.707106781187,0.));
#3844 = ORIENTED_EDGE('',*,*,#3845,.T.);
#3845 = EDGE_CURVE('',#3838,#3846,#3848,.T.);
#3846 = VERTEX_POINT('',#3847);
#3847 = CARTESIAN_POINT('',(5.2,-1.,1.));
#3848 = LINE('',#3849,#3850);
#3849 = CARTESIAN_POINT('',(5.1,-0.9,1.));
#3850 = VECTOR('',#3851,1.);
#3851 = DIRECTION('',(0.707106781187,-0.707106781187,0.));
#3852 = ORIENTED_EDGE('',*,*,#3853,.T.);
#3853 = EDGE_CURVE('',#3846,#3854,#3856,.T.);
#3854 = VERTEX_POINT('',#3855);
#3855 = CARTESIAN_POINT('',(5.8,-1.,1.));
#3856 = LINE('',#3857,#3858);
#3857 = CARTESIAN_POINT('',(5.5,-1.,1.));
#3858 = VECTOR('',#3859,1.);
#3859 = DIRECTION('',(1.,0.,0.));
#3860 = ORIENTED_EDGE('',*,*,#3861,.T.);
#3861 = EDGE_CURVE('',#3854,#3862,#3864,.T.);
#3862 = VERTEX_POINT('',#3863);
#3863 = CARTESIAN_POINT('',(6.,-0.8,1.));
#3864 = LINE('',#3865,#3866);
#3865 = CARTESIAN_POINT('',(5.9,-0.9,1.));
#3866 = VECTOR('',#3867,1.);
#3867 = DIRECTION('',(0.707106781187,0.707106781187,0.));
#3868 = ORIENTED_EDGE('',*,*,#3869,.T.);
#3869 = EDGE_CURVE('',#3862,#3870,#3872,.T.);
#3870 = VERTEX_POINT('',#3871);
#3871 = CARTESIAN_POINT('',(6.2,-1.,1.));
#3872 = LINE('',#3873,#3874);
#3873 = CARTESIAN_POINT('',(6.1,-0.9,1.));
#3874 = VECTOR('',#3875,1.);
#3875 = DIRECTION('',(0.707106781187,-0.707106781187,0.));
#3876 = ORIENTED_EDGE('',*,*,#3877,.T.);
#3877 = EDGE_CURVE('',#3870,#3878,#3880,.T.);
#3878 = VERTEX_POINT('',#3879);
#3879 = CARTESIAN_POINT('',(6.8,-1.,1.));
#3880 = LINE('',#3881,#3882);
#3881 = CARTESIAN_POINT('',(6.5,-1.,1.));
#3882 = VECTOR('',#3883,1.);
#3883 = DIRECTION('',(1.,0.,0.));
#3884 = ORIENTED_EDGE('',*,*,#3885,.T.);
#3885 = EDGE_CURVE('',#3878,#3886,#3888,.T.);
#3886 = VERTEX_POINT('',#3887);
#3887 = CARTESIAN_POINT('',(7.,-0.8,1.));
#3888 = LINE('',#3889,#3890);
#3889 = CARTESIAN_POINT('',(6.9,-0.9,1.));
#3890 = VECTOR('',#3891,1.);
#3891 = DIRECTION('',(0.707106781187,0.707106781187,0.));
#3892 = ORIENTED_EDGE('',*,*,#3893,.T.);
#3893 = EDGE_CURVE('',#3886,#3894,#3896,.T.);
#3894 = VERTEX_POINT('',#3895);
#3895 = CARTESIAN_POINT('',(7.2,-1.,1.));
#3896 = LINE('',#3897,#3898);
#3897 = CARTESIAN_POINT('',(7.1,-0.9,1.));
#3898 = VECTOR('',#3899,1.);
#3899 = DIRECTION('',(0.707106781187,-0.707106781187,0.));
#3900 = ORIENTED_EDGE('',*,*,#3901,.T.);
#3901 = EDGE_CURVE('',#3894,#3902,#3904,.T.);
#3902 = VERTEX_POINT('',#3903);
#3903 = CARTESIAN_POINT('',(7.8,-1.,1.));
#3904 = LINE('',#3905,#3906);
#3905 = CARTESIAN_POINT('',(7.5,-1.,1.));
#3906 = VECTOR('',#3907,1.);
#3907 = DIRECTION('',(1.,0.,0.));
#3908 = ORIENTED_EDGE('',*,*,#3909,.T.);
#3909 = EDGE_CURVE('',#3902,#3910,#3912,.T.);
#3910 = VERTEX_POINT('',#3911);
#3911 = CARTESIAN_POINT('',(8.,-0.8,1.));
#3912 = LINE('',#3913,#3914);
#3913 = CARTESIAN_POINT('',(7.9,-0.9,1.));
#3914 = VECTOR('',#3915,1.);
#3915 = DIRECTION('',(0.707106781187,0.707106781187,0.));
#3916 = ORIENTED_EDGE('',*,*,#3917,.T.);
#3917 = EDGE_CURVE('',#3910,#3918,#3920,.T.);
#3918 = VERTEX_POINT('',#3919);
#3919 = CARTESIAN_POINT('',(8.2,-1.,1.));
#3920 = LINE('',#3921,#3922);
#3921 = CARTESIAN_POINT('',(8.1,-0.9,1.));
#3922 = VECTOR('',#3923,1.);
#3923 = DIRECTION('',(0.707106781187,-0.707106781187,0.));
#3924 = ORIENTED_EDGE('',*,*,#3925,.T.);
#3925 = EDGE_CURVE('',#3918,#3926,#3928,.T.);
#3926 = VERTEX_POINT('',#3927);
#3927 = CARTESIAN_POINT('',(8.8,-1.,1.));
#3928 = LINE('',#3929,#3930);
#3929 = CARTESIAN_POINT('',(8.5,-1.,1.));
#3930 = VECTOR('',#3931,1.);
#3931 = DIRECTION('',(1.,0.,0.));
#3932 = ORIENTED_EDGE('',*,*,#3933,.T.);
#3933 = EDGE_CURVE('',#3926,#3934,#3936,.T.);
#3934 = VERTEX_POINT('',#3935);
#3935 = CARTESIAN_POINT('',(9.,-0.8,1.));
#3936 = LINE('',#3937,#3938);
#3937 = CARTESIAN_POINT('',(8.9,-0.9,1.));
#3938 = VECTOR('',#3939,1.);
#3939 = DIRECTION('',(0.707106781187,0.707106781187,0.));
#3940 = ORIENTED_EDGE('',*,*,#3941,.T.);
#3941 = EDGE_CURVE('',#3934,#3942,#3944,.T.);
#3942 = VERTEX_POINT('',#3943);
#3943 = CARTESIAN_POINT('',(9.2,-1.,1.));
#3944 = LINE('',#3945,#3946);
#3945 = CARTESIAN_POINT('',(9.1,-0.9,1.));
#3946 = VECTOR('',#3947,1.);
#3947 = DIRECTION('',(0.707106781187,-0.707106781187,0.));
#3948 = ORIENTED_EDGE('',*,*,#3949,.T.);
#3949 = EDGE_CURVE('',#3942,#3950,#3952,.T.);
#3950 = VERTEX_POINT('',#3951);
#3951 = CARTESIAN_POINT('',(9.8,-1.,1.));
#3952 = LINE('',#3953,#3954);
#3953 = CARTESIAN_POINT('',(9.5,-1.,1.));
#3954 = VECTOR('',#3955,1.);
#3955 = DIRECTION('',(1.,0.,0.));
#3956 = ORIENTED_EDGE('',*,*,#3957,.T.);
#3957 = EDGE_CURVE('',#3950,#3958,#3960,.T.);
#3958 = VERTEX_POINT('',#3959);
#3959 = CARTESIAN_POINT('',(10.,-0.8,1.));
#3960 = LINE('',#3961,#3962);
#3961 = CARTESIAN_POINT('',(9.9,-0.9,1.));
#3962 = VECTOR('',#3963,1.);
#3963 = DIRECTION('',(0.707106781187,0.707106781187,0.));
#3964 = ORIENTED_EDGE('',*,*,#3965,.T.);
#3965 = EDGE_CURVE('',#3958,#3966,#3968,.T.);
#3966 = VERTEX_POINT('',#3967);
#3967 = CARTESIAN_POINT('',(10.2,-1.,1.));
#3968 = LINE('',#3969,#3970);
#3969 = CARTESIAN_POINT('',(10.1,-0.9,1.));
#3970 = VECTOR('',#3971,1.);
#3971 = DIRECTION('',(0.707106781187,-0.707106781187,0.));
#3972 = ORIENTED_EDGE('',*,*,#3973,.T.);
#3973 = EDGE_CURVE('',#3966,#3974,#3976,.T.);
#3974 = VERTEX_POINT('',#3975);
#3975 = CARTESIAN_POINT('',(10.8,-1.,1.));
#3976 = LINE('',#3977,#3978);
#3977 = CARTESIAN_POINT('',(10.5,-1.,1.));
#3978 = VECTOR('',#3979,1.);
#3979 = DIRECTION('',(1.,0.,0.));
#3980 = ORIENTED_EDGE('',*,*,#3981,.T.);
#3981 = EDGE_CURVE('',#3974,#3982,#3984,.T.);
#3982 = VERTEX_POINT('',#3983);
#3983 = CARTESIAN_POINT('',(11.,-0.8,1.));
#3984 = LINE('',#3985,#3986);
#3985 = CARTESIAN_POINT('',(10.9,-0.9,1.));
#3986 = VECTOR('',#3987,1.);
#3987 = DIRECTION('',(0.707106781187,0.707106781187,0.));
#3988 = ORIENTED_EDGE('',*,*,#3989,.T.);
#3989 = EDGE_CURVE('',#3982,#3990,#3992,.T.);
#3990 = VERTEX_POINT('',#3991);
#3991 = CARTESIAN_POINT('',(11.2,-1.,1.));
#3992 = LINE('',#3993,#3994);
#3993 = CARTESIAN_POINT('',(11.1,-0.9,1.));
#3994 = VECTOR('',#3995,1.);
#3995 = DIRECTION('',(0.707106781187,-0.707106781187,0.));
#3996 = ORIENTED_EDGE('',*,*,#3997,.T.);
#3997 = EDGE_CURVE('',#3990,#3998,#4000,.T.);
#3998 = VERTEX_POINT('',#3999);
#3999 = CARTESIAN_POINT('',(11.8,-1.,1.));
#4000 = LINE('',#4001,#4002);
#4001 = CARTESIAN_POINT('',(11.5,-1.,1.));
#4002 = VECTOR('',#4003,1.);
#4003 = DIRECTION('',(1.,0.,0.));
#4004 = ORIENTED_EDGE('',*,*,#4005,.T.);
#4005 = EDGE_CURVE('',#3998,#4006,#4008,.T.);
#4006 = VERTEX_POINT('',#4007);
#4007 = CARTESIAN_POINT('',(12.,-0.8,1.));
#4008 = LINE('',#4009,#4010);
#4009 = CARTESIAN_POINT('',(11.9,-0.9,1.));
#4010 = VECTOR('',#4011,1.);
#4011 = DIRECTION('',(0.707106781187,0.707106781187,0.));
#4012 = ORIENTED_EDGE('',*,*,#4013,.F.);
#4013 = EDGE_CURVE('',#4014,#4006,#4016,.T.);
#4014 = VERTEX_POINT('',#4015);
#4015 = CARTESIAN_POINT('',(12.,0.8,1.));
#4016 = LINE('',#4017,#4018);
#4017 = CARTESIAN_POINT('',(12.,0.4,1.));
#4018 = VECTOR('',#4019,1.);
#4019 = DIRECTION('',(1.836970198721E-16,-1.,0.));
#4020 = ORIENTED_EDGE('',*,*,#4021,.F.);
#4021 = EDGE_CURVE('',#4022,#4014,#4024,.T.);
#4022 = VERTEX_POINT('',#4023);
#4023 = CARTESIAN_POINT('',(11.8,1.,1.));
#4024 = LINE('',#4025,#4026);
#4025 = CARTESIAN_POINT('',(11.9,0.9,1.));
#4026 = VECTOR('',#4027,1.);
#4027 = DIRECTION('',(0.707106781187,-0.707106781187,0.));
#4028 = ORIENTED_EDGE('',*,*,#4029,.F.);
#4029 = EDGE_CURVE('',#4030,#4022,#4032,.T.);
#4030 = VERTEX_POINT('',#4031);
#4031 = CARTESIAN_POINT('',(11.2,1.,1.));
#4032 = LINE('',#4033,#4034);
#4033 = CARTESIAN_POINT('',(11.5,1.,1.));
#4034 = VECTOR('',#4035,1.);
#4035 = DIRECTION('',(1.,0.,0.));
#4036 = ORIENTED_EDGE('',*,*,#4037,.F.);
#4037 = EDGE_CURVE('',#4038,#4030,#4040,.T.);
#4038 = VERTEX_POINT('',#4039);
#4039 = CARTESIAN_POINT('',(11.,0.8,1.));
#4040 = LINE('',#4041,#4042);
#4041 = CARTESIAN_POINT('',(11.1,0.9,1.));
#4042 = VECTOR('',#4043,1.);
#4043 = DIRECTION('',(0.707106781187,0.707106781187,0.));
#4044 = ORIENTED_EDGE('',*,*,#4045,.F.);
#4045 = EDGE_CURVE('',#4046,#4038,#4048,.T.);
#4046 = VERTEX_POINT('',#4047);
#4047 = CARTESIAN_POINT('',(10.8,1.,1.));
#4048 = LINE('',#4049,#4050);
#4049 = CARTESIAN_POINT('',(10.9,0.9,1.));
#4050 = VECTOR('',#4051,1.);
#4051 = DIRECTION('',(0.707106781187,-0.707106781187,0.));
#4052 = ORIENTED_EDGE('',*,*,#4053,.F.);
#4053 = EDGE_CURVE('',#4054,#4046,#4056,.T.);
#4054 = VERTEX_POINT('',#4055);
#4055 = CARTESIAN_POINT('',(10.2,1.,1.));
#4056 = LINE('',#4057,#4058);
#4057 = CARTESIAN_POINT('',(10.5,1.,1.));
#4058 = VECTOR('',#4059,1.);
#4059 = DIRECTION('',(1.,0.,0.));
#4060 = ORIENTED_EDGE('',*,*,#4061,.F.);
#4061 = EDGE_CURVE('',#4062,#4054,#4064,.T.);
#4062 = VERTEX_POINT('',#4063);
#4063 = CARTESIAN_POINT('',(10.,0.8,1.));
#4064 = LINE('',#4065,#4066);
#4065 = CARTESIAN_POINT('',(10.1,0.9,1.));
#4066 = VECTOR('',#4067,1.);
#4067 = DIRECTION('',(0.707106781187,0.707106781187,0.));
#4068 = ORIENTED_EDGE('',*,*,#4069,.F.);
#4069 = EDGE_CURVE('',#4070,#4062,#4072,.T.);
#4070 = VERTEX_POINT('',#4071);
#4071 = CARTESIAN_POINT('',(9.8,1.,1.));
#4072 = LINE('',#4073,#4074);
#4073 = CARTESIAN_POINT('',(9.9,0.9,1.));
#4074 = VECTOR('',#4075,1.);
#4075 = DIRECTION('',(0.707106781187,-0.707106781187,0.));
#4076 = ORIENTED_EDGE('',*,*,#4077,.F.);
#4077 = EDGE_CURVE('',#4078,#4070,#4080,.T.);
#4078 = VERTEX_POINT('',#4079);
#4079 = CARTESIAN_POINT('',(9.2,1.,1.));
#4080 = LINE('',#4081,#4082);
#4081 = CARTESIAN_POINT('',(9.5,1.,1.));
#4082 = VECTOR('',#4083,1.);
#4083 = DIRECTION('',(1.,0.,0.));
#4084 = ORIENTED_EDGE('',*,*,#4085,.F.);
#4085 = EDGE_CURVE('',#4086,#4078,#4088,.T.);
#4086 = VERTEX_POINT('',#4087);
#4087 = CARTESIAN_POINT('',(9.,0.8,1.));
#4088 = LINE('',#4089,#4090);
#4089 = CARTESIAN_POINT('',(9.1,0.9,1.));
#4090 = VECTOR('',#4091,1.);
#4091 = DIRECTION('',(0.707106781187,0.707106781187,0.));
#4092 = ORIENTED_EDGE('',*,*,#4093,.F.);
#4093 = EDGE_CURVE('',#4094,#4086,#4096,.T.);
#4094 = VERTEX_POINT('',#4095);
#4095 = CARTESIAN_POINT('',(8.8,1.,1.));
#4096 = LINE('',#4097,#4098);
#4097 = CARTESIAN_POINT('',(8.9,0.9,1.));
#4098 = VECTOR('',#4099,1.);
#4099 = DIRECTION('',(0.707106781187,-0.707106781187,0.));
#4100 = ORIENTED_EDGE('',*,*,#4101,.F.);
#4101 = EDGE_CURVE('',#4102,#4094,#4104,.T.);
#4102 = VERTEX_POINT('',#4103);
#4103 = CARTESIAN_POINT('',(8.2,1.,1.));
#4104 = LINE('',#4105,#4106);
#4105 = CARTESIAN_POINT('',(8.5,1.,1.));
#4106 = VECTOR('',#4107,1.);
#4107 = DIRECTION('',(1.,0.,0.));
#4108 = ORIENTED_EDGE('',*,*,#4109,.F.);
#4109 = EDGE_CURVE('',#4110,#4102,#4112,.T.);
#4110 = VERTEX_POINT('',#4111);
#4111 = CARTESIAN_POINT('',(8.,0.8,1.));
#4112 = LINE('',#4113,#4114);
#4113 = CARTESIAN_POINT('',(8.1,0.9,1.));
#4114 = VECTOR('',#4115,1.);
#4115 = DIRECTION('',(0.707106781187,0.707106781187,0.));
#4116 = ORIENTED_EDGE('',*,*,#4117,.F.);
#4117 = EDGE_CURVE('',#4118,#4110,#4120,.T.);
#4118 = VERTEX_POINT('',#4119);
#4119 = CARTESIAN_POINT('',(7.8,1.,1.));
#4120 = LINE('',#4121,#4122);
#4121 = CARTESIAN_POINT('',(7.9,0.9,1.));
#4122 = VECTOR('',#4123,1.);
#4123 = DIRECTION('',(0.707106781187,-0.707106781187,0.));
#4124 = ORIENTED_EDGE('',*,*,#4125,.F.);
#4125 = EDGE_CURVE('',#4126,#4118,#4128,.T.);
#4126 = VERTEX_POINT('',#4127);
#4127 = CARTESIAN_POINT('',(7.2,1.,1.));
#4128 = LINE('',#4129,#4130);
#4129 = CARTESIAN_POINT('',(7.5,1.,1.));
#4130 = VECTOR('',#4131,1.);
#4131 = DIRECTION('',(1.,0.,0.));
#4132 = ORIENTED_EDGE('',*,*,#4133,.F.);
#4133 = EDGE_CURVE('',#4134,#4126,#4136,.T.);
#4134 = VERTEX_POINT('',#4135);
#4135 = CARTESIAN_POINT('',(7.,0.8,1.));
#4136 = LINE('',#4137,#4138);
#4137 = CARTESIAN_POINT('',(7.1,0.9,1.));
#4138 = VECTOR('',#4139,1.);
#4139 = DIRECTION('',(0.707106781187,0.707106781187,0.));
#4140 = ORIENTED_EDGE('',*,*,#4141,.F.);
#4141 = EDGE_CURVE('',#4142,#4134,#4144,.T.);
#4142 = VERTEX_POINT('',#4143);
#4143 = CARTESIAN_POINT('',(6.8,1.,1.));
#4144 = LINE('',#4145,#4146);
#4145 = CARTESIAN_POINT('',(6.9,0.9,1.));
#4146 = VECTOR('',#4147,1.);
#4147 = DIRECTION('',(0.707106781187,-0.707106781187,0.));
#4148 = ORIENTED_EDGE('',*,*,#4149,.F.);
#4149 = EDGE_CURVE('',#4150,#4142,#4152,.T.);
#4150 = VERTEX_POINT('',#4151);
#4151 = CARTESIAN_POINT('',(6.2,1.,1.));
#4152 = LINE('',#4153,#4154);
#4153 = CARTESIAN_POINT('',(6.5,1.,1.));
#4154 = VECTOR('',#4155,1.);
#4155 = DIRECTION('',(1.,0.,0.));
#4156 = ORIENTED_EDGE('',*,*,#4157,.F.);
#4157 = EDGE_CURVE('',#4158,#4150,#4160,.T.);
#4158 = VERTEX_POINT('',#4159);
#4159 = CARTESIAN_POINT('',(6.,0.8,1.));
#4160 = LINE('',#4161,#4162);
#4161 = CARTESIAN_POINT('',(6.1,0.9,1.));
#4162 = VECTOR('',#4163,1.);
#4163 = DIRECTION('',(0.707106781187,0.707106781187,0.));
#4164 = ORIENTED_EDGE('',*,*,#4165,.F.);
#4165 = EDGE_CURVE('',#4166,#4158,#4168,.T.);
#4166 = VERTEX_POINT('',#4167);
#4167 = CARTESIAN_POINT('',(5.8,1.,1.));
#4168 = LINE('',#4169,#4170);
#4169 = CARTESIAN_POINT('',(5.9,0.9,1.));
#4170 = VECTOR('',#4171,1.);
#4171 = DIRECTION('',(0.707106781187,-0.707106781187,0.));
#4172 = ORIENTED_EDGE('',*,*,#4173,.F.);
#4173 = EDGE_CURVE('',#4174,#4166,#4176,.T.);
#4174 = VERTEX_POINT('',#4175);
#4175 = CARTESIAN_POINT('',(5.2,1.,1.));
#4176 = LINE('',#4177,#4178);
#4177 = CARTESIAN_POINT('',(5.5,1.,1.));
#4178 = VECTOR('',#4179,1.);
#4179 = DIRECTION('',(1.,0.,0.));
#4180 = ORIENTED_EDGE('',*,*,#4181,.F.);
#4181 = EDGE_CURVE('',#4182,#4174,#4184,.T.);
#4182 = VERTEX_POINT('',#4183);
#4183 = CARTESIAN_POINT('',(5.,0.8,1.));
#4184 = LINE('',#4185,#4186);
#4185 = CARTESIAN_POINT('',(5.1,0.9,1.));
#4186 = VECTOR('',#4187,1.);
#4187 = DIRECTION('',(0.707106781187,0.707106781187,0.));
#4188 = ORIENTED_EDGE('',*,*,#4189,.F.);
#4189 = EDGE_CURVE('',#4190,#4182,#4192,.T.);
#4190 = VERTEX_POINT('',#4191);
#4191 = CARTESIAN_POINT('',(4.8,1.,1.));
#4192 = LINE('',#4193,#4194);
#4193 = CARTESIAN_POINT('',(4.9,0.9,1.));
#4194 = VECTOR('',#4195,1.);
#4195 = DIRECTION('',(0.707106781187,-0.707106781187,0.));
#4196 = ORIENTED_EDGE('',*,*,#4197,.F.);
#4197 = EDGE_CURVE('',#4198,#4190,#4200,.T.);
#4198 = VERTEX_POINT('',#4199);
#4199 = CARTESIAN_POINT('',(4.2,1.,1.));
#4200 = LINE('',#4201,#4202);
#4201 = CARTESIAN_POINT('',(4.5,1.,1.));
#4202 = VECTOR('',#4203,1.);
#4203 = DIRECTION('',(1.,0.,0.));
#4204 = ORIENTED_EDGE('',*,*,#4205,.F.);
#4205 = EDGE_CURVE('',#4206,#4198,#4208,.T.);
#4206 = VERTEX_POINT('',#4207);
#4207 = CARTESIAN_POINT('',(4.,0.8,1.));
#4208 = LINE('',#4209,#4210);
#4209 = CARTESIAN_POINT('',(4.1,0.9,1.));
#4210 = VECTOR('',#4211,1.);
#4211 = DIRECTION('',(0.707106781187,0.707106781187,0.));
#4212 = ORIENTED_EDGE('',*,*,#4213,.F.);
#4213 = EDGE_CURVE('',#4214,#4206,#4216,.T.);
#4214 = VERTEX_POINT('',#4215);
#4215 = CARTESIAN_POINT('',(3.8,1.,1.));
#4216 = LINE('',#4217,#4218);
#4217 = CARTESIAN_POINT('',(3.9,0.9,1.));
#4218 = VECTOR('',#4219,1.);
#4219 = DIRECTION('',(0.707106781187,-0.707106781187,0.));
#4220 = ORIENTED_EDGE('',*,*,#4221,.F.);
#4221 = EDGE_CURVE('',#4222,#4214,#4224,.T.);
#4222 = VERTEX_POINT('',#4223);
#4223 = CARTESIAN_POINT('',(3.2,1.,1.));
#4224 = LINE('',#4225,#4226);
#4225 = CARTESIAN_POINT('',(3.5,1.,1.));
#4226 = VECTOR('',#4227,1.);
#4227 = DIRECTION('',(1.,0.,0.));
#4228 = ORIENTED_EDGE('',*,*,#4229,.F.);
#4229 = EDGE_CURVE('',#4230,#4222,#4232,.T.);
#4230 = VERTEX_POINT('',#4231);
#4231 = CARTESIAN_POINT('',(3.,0.8,1.));
#4232 = LINE('',#4233,#4234);
#4233 = CARTESIAN_POINT('',(3.1,0.9,1.));
#4234 = VECTOR('',#4235,1.);
#4235 = DIRECTION('',(0.707106781187,0.707106781187,0.));
#4236 = ORIENTED_EDGE('',*,*,#4237,.F.);
#4237 = EDGE_CURVE('',#4238,#4230,#4240,.T.);
#4238 = VERTEX_POINT('',#4239);
#4239 = CARTESIAN_POINT('',(2.8,1.,1.));
#4240 = LINE('',#4241,#4242);
#4241 = CARTESIAN_POINT('',(2.9,0.9,1.));
#4242 = VECTOR('',#4243,1.);
#4243 = DIRECTION('',(0.707106781187,-0.707106781187,0.));
#4244 = ORIENTED_EDGE('',*,*,#4245,.F.);
#4245 = EDGE_CURVE('',#4246,#4238,#4248,.T.);
#4246 = VERTEX_POINT('',#4247);
#4247 = CARTESIAN_POINT('',(2.2,1.,1.));
#4248 = LINE('',#4249,#4250);
#4249 = CARTESIAN_POINT('',(2.5,1.,1.));
#4250 = VECTOR('',#4251,1.);
#4251 = DIRECTION('',(1.,0.,0.));
#4252 = ORIENTED_EDGE('',*,*,#4253,.F.);
#4253 = EDGE_CURVE('',#4254,#4246,#4256,.T.);
#4254 = VERTEX_POINT('',#4255);
#4255 = CARTESIAN_POINT('',(2.,0.8,1.));
#4256 = LINE('',#4257,#4258);
#4257 = CARTESIAN_POINT('',(2.1,0.9,1.));
#4258 = VECTOR('',#4259,1.);
#4259 = DIRECTION('',(0.707106781187,0.707106781187,0.));
#4260 = ORIENTED_EDGE('',*,*,#4261,.F.);
#4261 = EDGE_CURVE('',#4262,#4254,#4264,.T.);
#4262 = VERTEX_POINT('',#4263);
#4263 = CARTESIAN_POINT('',(1.8,1.,1.));
#4264 = LINE('',#4265,#4266);
#4265 = CARTESIAN_POINT('',(1.9,0.9,1.));
#4266 = VECTOR('',#4267,1.);
#4267 = DIRECTION('',(0.707106781187,-0.707106781187,0.));
#4268 = ORIENTED_EDGE('',*,*,#4269,.F.);
#4269 = EDGE_CURVE('',#4270,#4262,#4272,.T.);
#4270 = VERTEX_POINT('',#4271);
#4271 = CARTESIAN_POINT('',(1.2,1.,1.));
#4272 = LINE('',#4273,#4274);
#4273 = CARTESIAN_POINT('',(1.5,1.,1.));
#4274 = VECTOR('',#4275,1.);
#4275 = DIRECTION('',(1.,0.,0.));
#4276 = ORIENTED_EDGE('',*,*,#4277,.F.);
#4277 = EDGE_CURVE('',#4278,#4270,#4280,.T.);
#4278 = VERTEX_POINT('',#4279);
#4279 = CARTESIAN_POINT('',(1.,0.8,1.));
#4280 = LINE('',#4281,#4282);
#4281 = CARTESIAN_POINT('',(1.1,0.9,1.));
#4282 = VECTOR('',#4283,1.);
#4283 = DIRECTION('',(0.707106781187,0.707106781187,0.));
#4284 = ORIENTED_EDGE('',*,*,#4285,.F.);
#4285 = EDGE_CURVE('',#4286,#4278,#4288,.T.);
#4286 = VERTEX_POINT('',#4287);
#4287 = CARTESIAN_POINT('',(0.8,1.,1.));
#4288 = LINE('',#4289,#4290);
#4289 = CARTESIAN_POINT('',(0.9,0.9,1.));
#4290 = VECTOR('',#4291,1.);
#4291 = DIRECTION('',(0.707106781187,-0.707106781187,0.));
#4292 = ORIENTED_EDGE('',*,*,#4293,.F.);
#4293 = EDGE_CURVE('',#4294,#4286,#4296,.T.);
#4294 = VERTEX_POINT('',#4295);
#4295 = CARTESIAN_POINT('',(0.2,1.,1.));
#4296 = LINE('',#4297,#4298);
#4297 = CARTESIAN_POINT('',(0.5,1.,1.));
#4298 = VECTOR('',#4299,1.);
#4299 = DIRECTION('',(1.,0.,0.));
#4300 = ORIENTED_EDGE('',*,*,#4301,.F.);
#4301 = EDGE_CURVE('',#3526,#4294,#4302,.T.);
#4302 = LINE('',#4303,#4304);
#4303 = CARTESIAN_POINT('',(0.1,0.9,1.));
#4304 = VECTOR('',#4305,1.);
#4305 = DIRECTION('',(0.707106781187,0.707106781187,0.));
#4306 = ORIENTED_EDGE('',*,*,#3525,.F.);
#4307 = ORIENTED_EDGE('',*,*,#3678,.F.);
#4308 = FACE_BOUND('',#4309,.T.);
#4309 = EDGE_LOOP('',(#4310,#4320,#4328,#4336));
#4310 = ORIENTED_EDGE('',*,*,#4311,.T.);
#4311 = EDGE_CURVE('',#4312,#4314,#4316,.T.);
#4312 = VERTEX_POINT('',#4313);
#4313 = CARTESIAN_POINT('',(-0.65,-0.65,1.));
#4314 = VERTEX_POINT('',#4315);
#4315 = CARTESIAN_POINT('',(-0.65,-0.35,1.));
#4316 = LINE('',#4317,#4318);
#4317 = CARTESIAN_POINT('',(-0.65,-0.5,1.));
#4318 = VECTOR('',#4319,1.);
#4319 = DIRECTION('',(0.,1.,0.));
#4320 = ORIENTED_EDGE('',*,*,#4321,.T.);
#4321 = EDGE_CURVE('',#4314,#4322,#4324,.T.);
#4322 = VERTEX_POINT('',#4323);
#4323 = CARTESIAN_POINT('',(-0.35,-0.35,1.));
#4324 = LINE('',#4325,#4326);
#4325 = CARTESIAN_POINT('',(-0.5,-0.35,1.));
#4326 = VECTOR('',#4327,1.);
#4327 = DIRECTION('',(1.,0.,0.));
#4328 = ORIENTED_EDGE('',*,*,#4329,.F.);
#4329 = EDGE_CURVE('',#4330,#4322,#4332,.T.);
#4330 = VERTEX_POINT('',#4331);
#4331 = CARTESIAN_POINT('',(-0.35,-0.65,1.));
#4332 = LINE('',#4333,#4334);
#4333 = CARTESIAN_POINT('',(-0.35,-0.5,1.));
#4334 = VECTOR('',#4335,1.);
#4335 = DIRECTION('',(0.,1.,0.));
#4336 = ORIENTED_EDGE('',*,*,#4337,.F.);
#4337 = EDGE_CURVE('',#4312,#4330,#4338,.T.);
#4338 = LINE('',#4339,#4340);
#4339 = CARTESIAN_POINT('',(-0.5,-0.65,1.));
#4340 = VECTOR('',#4341,1.);
#4341 = DIRECTION('',(1.,0.,0.));
#4342 = FACE_BOUND('',#4343,.T.);
#4343 = EDGE_LOOP('',(#4344,#4354,#4362,#4370));
#4344 = ORIENTED_EDGE('',*,*,#4345,.F.);
#4345 = EDGE_CURVE('',#4346,#4348,#4350,.T.);
#4346 = VERTEX_POINT('',#4347);
#4347 = CARTESIAN_POINT('',(0.35,0.65,1.));
#4348 = VERTEX_POINT('',#4349);
#4349 = CARTESIAN_POINT('',(0.35,0.35,1.));
#4350 = LINE('',#4351,#4352);
#4351 = CARTESIAN_POINT('',(0.35,0.5,1.));
#4352 = VECTOR('',#4353,1.);
#4353 = DIRECTION('',(0.,-1.,0.));
#4354 = ORIENTED_EDGE('',*,*,#4355,.T.);
#4355 = EDGE_CURVE('',#4346,#4356,#4358,.T.);
#4356 = VERTEX_POINT('',#4357);
#4357 = CARTESIAN_POINT('',(0.65,0.65,1.));
#4358 = LINE('',#4359,#4360);
#4359 = CARTESIAN_POINT('',(0.5,0.65,1.));
#4360 = VECTOR('',#4361,1.);
#4361 = DIRECTION('',(1.,0.,0.));
#4362 = ORIENTED_EDGE('',*,*,#4363,.T.);
#4363 = EDGE_CURVE('',#4356,#4364,#4366,.T.);
#4364 = VERTEX_POINT('',#4365);
#4365 = CARTESIAN_POINT('',(0.65,0.35,1.));
#4366 = LINE('',#4367,#4368);
#4367 = CARTESIAN_POINT('',(0.65,0.5,1.));
#4368 = VECTOR('',#4369,1.);
#4369 = DIRECTION('',(0.,-1.,0.));
#4370 = ORIENTED_EDGE('',*,*,#4371,.F.);
#4371 = EDGE_CURVE('',#4348,#4364,#4372,.T.);
#4372 = LINE('',#4373,#4374);
#4373 = CARTESIAN_POINT('',(0.5,0.35,1.));
#4374 = VECTOR('',#4375,1.);
#4375 = DIRECTION('',(1.,0.,0.));
#4376 = FACE_BOUND('',#4377,.T.);
#4377 = EDGE_LOOP('',(#4378,#4388,#4396,#4404));
#4378 = ORIENTED_EDGE('',*,*,#4379,.T.);
#4379 = EDGE_CURVE('',#4380,#4382,#4384,.T.);
#4380 = VERTEX_POINT('',#4381);
#4381 = CARTESIAN_POINT('',(0.35,-0.65,1.));
#4382 = VERTEX_POINT('',#4383);
#4383 = CARTESIAN_POINT('',(0.35,-0.35,1.));
#4384 = LINE('',#4385,#4386);
#4385 = CARTESIAN_POINT('',(0.35,-0.5,1.));
#4386 = VECTOR('',#4387,1.);
#4387 = DIRECTION('',(0.,1.,0.));
#4388 = ORIENTED_EDGE('',*,*,#4389,.T.);
#4389 = EDGE_CURVE('',#4382,#4390,#4392,.T.);
#4390 = VERTEX_POINT('',#4391);
#4391 = CARTESIAN_POINT('',(0.65,-0.35,1.));
#4392 = LINE('',#4393,#4394);
#4393 = CARTESIAN_POINT('',(0.5,-0.35,1.));
#4394 = VECTOR('',#4395,1.);
#4395 = DIRECTION('',(1.,0.,0.));
#4396 = ORIENTED_EDGE('',*,*,#4397,.F.);
#4397 = EDGE_CURVE('',#4398,#4390,#4400,.T.);
#4398 = VERTEX_POINT('',#4399);
#4399 = CARTESIAN_POINT('',(0.65,-0.65,1.));
#4400 = LINE('',#4401,#4402);
#4401 = CARTESIAN_POINT('',(0.65,-0.5,1.));
#4402 = VECTOR('',#4403,1.);
#4403 = DIRECTION('',(0.,1.,0.));
#4404 = ORIENTED_EDGE('',*,*,#4405,.F.);
#4405 = EDGE_CURVE('',#4380,#4398,#4406,.T.);
#4406 = LINE('',#4407,#4408);
#4407 = CARTESIAN_POINT('',(0.5,-0.65,1.));
#4408 = VECTOR('',#4409,1.);
#4409 = DIRECTION('',(1.,0.,0.));
#4410 = FACE_BOUND('',#4411,.T.);
#4411 = EDGE_LOOP('',(#4412,#4422,#4430,#4438));
#4412 = ORIENTED_EDGE('',*,*,#4413,.F.);
#4413 = EDGE_CURVE('',#4414,#4416,#4418,.T.);
#4414 = VERTEX_POINT('',#4415);
#4415 = CARTESIAN_POINT('',(1.35,0.65,1.));
#4416 = VERTEX_POINT('',#4417);
#4417 = CARTESIAN_POINT('',(1.35,0.35,1.));
#4418 = LINE('',#4419,#4420);
#4419 = CARTESIAN_POINT('',(1.35,0.5,1.));
#4420 = VECTOR('',#4421,1.);
#4421 = DIRECTION('',(0.,-1.,0.));
#4422 = ORIENTED_EDGE('',*,*,#4423,.T.);
#4423 = EDGE_CURVE('',#4414,#4424,#4426,.T.);
#4424 = VERTEX_POINT('',#4425);
#4425 = CARTESIAN_POINT('',(1.65,0.65,1.));
#4426 = LINE('',#4427,#4428);
#4427 = CARTESIAN_POINT('',(1.5,0.65,1.));
#4428 = VECTOR('',#4429,1.);
#4429 = DIRECTION('',(1.,0.,0.));
#4430 = ORIENTED_EDGE('',*,*,#4431,.T.);
#4431 = EDGE_CURVE('',#4424,#4432,#4434,.T.);
#4432 = VERTEX_POINT('',#4433);
#4433 = CARTESIAN_POINT('',(1.65,0.35,1.));
#4434 = LINE('',#4435,#4436);
#4435 = CARTESIAN_POINT('',(1.65,0.5,1.));
#4436 = VECTOR('',#4437,1.);
#4437 = DIRECTION('',(0.,-1.,0.));
#4438 = ORIENTED_EDGE('',*,*,#4439,.F.);
#4439 = EDGE_CURVE('',#4416,#4432,#4440,.T.);
#4440 = LINE('',#4441,#4442);
#4441 = CARTESIAN_POINT('',(1.5,0.35,1.));
#4442 = VECTOR('',#4443,1.);
#4443 = DIRECTION('',(1.,0.,0.));
#4444 = FACE_BOUND('',#4445,.T.);
#4445 = EDGE_LOOP('',(#4446,#4456,#4464,#4472));
#4446 = ORIENTED_EDGE('',*,*,#4447,.T.);
#4447 = EDGE_CURVE('',#4448,#4450,#4452,.T.);
#4448 = VERTEX_POINT('',#4449);
#4449 = CARTESIAN_POINT('',(1.35,-0.65,1.));
#4450 = VERTEX_POINT('',#4451);
#4451 = CARTESIAN_POINT('',(1.35,-0.35,1.));
#4452 = LINE('',#4453,#4454);
#4453 = CARTESIAN_POINT('',(1.35,-0.5,1.));
#4454 = VECTOR('',#4455,1.);
#4455 = DIRECTION('',(0.,1.,0.));
#4456 = ORIENTED_EDGE('',*,*,#4457,.T.);
#4457 = EDGE_CURVE('',#4450,#4458,#4460,.T.);
#4458 = VERTEX_POINT('',#4459);
#4459 = CARTESIAN_POINT('',(1.65,-0.35,1.));
#4460 = LINE('',#4461,#4462);
#4461 = CARTESIAN_POINT('',(1.5,-0.35,1.));
#4462 = VECTOR('',#4463,1.);
#4463 = DIRECTION('',(1.,0.,0.));
#4464 = ORIENTED_EDGE('',*,*,#4465,.F.);
#4465 = EDGE_CURVE('',#4466,#4458,#4468,.T.);
#4466 = VERTEX_POINT('',#4467);
#4467 = CARTESIAN_POINT('',(1.65,-0.65,1.));
#4468 = LINE('',#4469,#4470);
#4469 = CARTESIAN_POINT('',(1.65,-0.5,1.));
#4470 = VECTOR('',#4471,1.);
#4471 = DIRECTION('',(0.,1.,0.));
#4472 = ORIENTED_EDGE('',*,*,#4473,.F.);
#4473 = EDGE_CURVE('',#4448,#4466,#4474,.T.);
#4474 = LINE('',#4475,#4476);
#4475 = CARTESIAN_POINT('',(1.5,-0.65,1.));
#4476 = VECTOR('',#4477,1.);
#4477 = DIRECTION('',(1.,0.,0.));
#4478 = FACE_BOUND('',#4479,.T.);
#4479 = EDGE_LOOP('',(#4480,#4490,#4498,#4506));
#4480 = ORIENTED_EDGE('',*,*,#4481,.F.);
#4481 = EDGE_CURVE('',#4482,#4484,#4486,.T.);
#4482 = VERTEX_POINT('',#4483);
#4483 = CARTESIAN_POINT('',(2.35,0.65,1.));
#4484 = VERTEX_POINT('',#4485);
#4485 = CARTESIAN_POINT('',(2.35,0.35,1.));
#4486 = LINE('',#4487,#4488);
#4487 = CARTESIAN_POINT('',(2.35,0.5,1.));
#4488 = VECTOR('',#4489,1.);
#4489 = DIRECTION('',(0.,-1.,0.));
#4490 = ORIENTED_EDGE('',*,*,#4491,.T.);
#4491 = EDGE_CURVE('',#4482,#4492,#4494,.T.);
#4492 = VERTEX_POINT('',#4493);
#4493 = CARTESIAN_POINT('',(2.65,0.65,1.));
#4494 = LINE('',#4495,#4496);
#4495 = CARTESIAN_POINT('',(2.5,0.65,1.));
#4496 = VECTOR('',#4497,1.);
#4497 = DIRECTION('',(1.,0.,0.));
#4498 = ORIENTED_EDGE('',*,*,#4499,.T.);
#4499 = EDGE_CURVE('',#4492,#4500,#4502,.T.);
#4500 = VERTEX_POINT('',#4501);
#4501 = CARTESIAN_POINT('',(2.65,0.35,1.));
#4502 = LINE('',#4503,#4504);
#4503 = CARTESIAN_POINT('',(2.65,0.5,1.));
#4504 = VECTOR('',#4505,1.);
#4505 = DIRECTION('',(0.,-1.,0.));
#4506 = ORIENTED_EDGE('',*,*,#4507,.F.);
#4507 = EDGE_CURVE('',#4484,#4500,#4508,.T.);
#4508 = LINE('',#4509,#4510);
#4509 = CARTESIAN_POINT('',(2.5,0.35,1.));
#4510 = VECTOR('',#4511,1.);
#4511 = DIRECTION('',(1.,0.,0.));
#4512 = FACE_BOUND('',#4513,.T.);
#4513 = EDGE_LOOP('',(#4514,#4524,#4532,#4540));
#4514 = ORIENTED_EDGE('',*,*,#4515,.T.);
#4515 = EDGE_CURVE('',#4516,#4518,#4520,.T.);
#4516 = VERTEX_POINT('',#4517);
#4517 = CARTESIAN_POINT('',(2.35,-0.65,1.));
#4518 = VERTEX_POINT('',#4519);
#4519 = CARTESIAN_POINT('',(2.35,-0.35,1.));
#4520 = LINE('',#4521,#4522);
#4521 = CARTESIAN_POINT('',(2.35,-0.5,1.));
#4522 = VECTOR('',#4523,1.);
#4523 = DIRECTION('',(0.,1.,0.));
#4524 = ORIENTED_EDGE('',*,*,#4525,.T.);
#4525 = EDGE_CURVE('',#4518,#4526,#4528,.T.);
#4526 = VERTEX_POINT('',#4527);
#4527 = CARTESIAN_POINT('',(2.65,-0.35,1.));
#4528 = LINE('',#4529,#4530);
#4529 = CARTESIAN_POINT('',(2.5,-0.35,1.));
#4530 = VECTOR('',#4531,1.);
#4531 = DIRECTION('',(1.,0.,0.));
#4532 = ORIENTED_EDGE('',*,*,#4533,.F.);
#4533 = EDGE_CURVE('',#4534,#4526,#4536,.T.);
#4534 = VERTEX_POINT('',#4535);
#4535 = CARTESIAN_POINT('',(2.65,-0.65,1.));
#4536 = LINE('',#4537,#4538);
#4537 = CARTESIAN_POINT('',(2.65,-0.5,1.));
#4538 = VECTOR('',#4539,1.);
#4539 = DIRECTION('',(0.,1.,0.));
#4540 = ORIENTED_EDGE('',*,*,#4541,.F.);
#4541 = EDGE_CURVE('',#4516,#4534,#4542,.T.);
#4542 = LINE('',#4543,#4544);
#4543 = CARTESIAN_POINT('',(2.5,-0.65,1.));
#4544 = VECTOR('',#4545,1.);
#4545 = DIRECTION('',(1.,0.,0.));
#4546 = FACE_BOUND('',#4547,.T.);
#4547 = EDGE_LOOP('',(#4548,#4558,#4566,#4574));
#4548 = ORIENTED_EDGE('',*,*,#4549,.F.);
#4549 = EDGE_CURVE('',#4550,#4552,#4554,.T.);
#4550 = VERTEX_POINT('',#4551);
#4551 = CARTESIAN_POINT('',(3.35,0.65,1.));
#4552 = VERTEX_POINT('',#4553);
#4553 = CARTESIAN_POINT('',(3.35,0.35,1.));
#4554 = LINE('',#4555,#4556);
#4555 = CARTESIAN_POINT('',(3.35,0.5,1.));
#4556 = VECTOR('',#4557,1.);
#4557 = DIRECTION('',(0.,-1.,0.));
#4558 = ORIENTED_EDGE('',*,*,#4559,.T.);
#4559 = EDGE_CURVE('',#4550,#4560,#4562,.T.);
#4560 = VERTEX_POINT('',#4561);
#4561 = CARTESIAN_POINT('',(3.65,0.65,1.));
#4562 = LINE('',#4563,#4564);
#4563 = CARTESIAN_POINT('',(3.5,0.65,1.));
#4564 = VECTOR('',#4565,1.);
#4565 = DIRECTION('',(1.,0.,0.));
#4566 = ORIENTED_EDGE('',*,*,#4567,.T.);
#4567 = EDGE_CURVE('',#4560,#4568,#4570,.T.);
#4568 = VERTEX_POINT('',#4569);
#4569 = CARTESIAN_POINT('',(3.65,0.35,1.));
#4570 = LINE('',#4571,#4572);
#4571 = CARTESIAN_POINT('',(3.65,0.5,1.));
#4572 = VECTOR('',#4573,1.);
#4573 = DIRECTION('',(0.,-1.,0.));
#4574 = ORIENTED_EDGE('',*,*,#4575,.F.);
#4575 = EDGE_CURVE('',#4552,#4568,#4576,.T.);
#4576 = LINE('',#4577,#4578);
#4577 = CARTESIAN_POINT('',(3.5,0.35,1.));
#4578 = VECTOR('',#4579,1.);
#4579 = DIRECTION('',(1.,0.,0.));
#4580 = FACE_BOUND('',#4581,.T.);
#4581 = EDGE_LOOP('',(#4582,#4592,#4600,#4608));
#4582 = ORIENTED_EDGE('',*,*,#4583,.T.);
#4583 = EDGE_CURVE('',#4584,#4586,#4588,.T.);
#4584 = VERTEX_POINT('',#4585);
#4585 = CARTESIAN_POINT('',(3.35,-0.65,1.));
#4586 = VERTEX_POINT('',#4587);
#4587 = CARTESIAN_POINT('',(3.35,-0.35,1.));
#4588 = LINE('',#4589,#4590);
#4589 = CARTESIAN_POINT('',(3.35,-0.5,1.));
#4590 = VECTOR('',#4591,1.);
#4591 = DIRECTION('',(0.,1.,0.));
#4592 = ORIENTED_EDGE('',*,*,#4593,.T.);
#4593 = EDGE_CURVE('',#4586,#4594,#4596,.T.);
#4594 = VERTEX_POINT('',#4595);
#4595 = CARTESIAN_POINT('',(3.65,-0.35,1.));
#4596 = LINE('',#4597,#4598);
#4597 = CARTESIAN_POINT('',(3.5,-0.35,1.));
#4598 = VECTOR('',#4599,1.);
#4599 = DIRECTION('',(1.,0.,0.));
#4600 = ORIENTED_EDGE('',*,*,#4601,.F.);
#4601 = EDGE_CURVE('',#4602,#4594,#4604,.T.);
#4602 = VERTEX_POINT('',#4603);
#4603 = CARTESIAN_POINT('',(3.65,-0.65,1.));
#4604 = LINE('',#4605,#4606);
#4605 = CARTESIAN_POINT('',(3.65,-0.5,1.));
#4606 = VECTOR('',#4607,1.);
#4607 = DIRECTION('',(0.,1.,0.));
#4608 = ORIENTED_EDGE('',*,*,#4609,.F.);
#4609 = EDGE_CURVE('',#4584,#4602,#4610,.T.);
#4610 = LINE('',#4611,#4612);
#4611 = CARTESIAN_POINT('',(3.5,-0.65,1.));
#4612 = VECTOR('',#4613,1.);
#4613 = DIRECTION('',(1.,0.,0.));
#4614 = FACE_BOUND('',#4615,.T.);
#4615 = EDGE_LOOP('',(#4616,#4626,#4634,#4642));
#4616 = ORIENTED_EDGE('',*,*,#4617,.F.);
#4617 = EDGE_CURVE('',#4618,#4620,#4622,.T.);
#4618 = VERTEX_POINT('',#4619);
#4619 = CARTESIAN_POINT('',(4.35,0.65,1.));
#4620 = VERTEX_POINT('',#4621);
#4621 = CARTESIAN_POINT('',(4.35,0.35,1.));
#4622 = LINE('',#4623,#4624);
#4623 = CARTESIAN_POINT('',(4.35,0.5,1.));
#4624 = VECTOR('',#4625,1.);
#4625 = DIRECTION('',(0.,-1.,0.));
#4626 = ORIENTED_EDGE('',*,*,#4627,.T.);
#4627 = EDGE_CURVE('',#4618,#4628,#4630,.T.);
#4628 = VERTEX_POINT('',#4629);
#4629 = CARTESIAN_POINT('',(4.65,0.65,1.));
#4630 = LINE('',#4631,#4632);
#4631 = CARTESIAN_POINT('',(4.5,0.65,1.));
#4632 = VECTOR('',#4633,1.);
#4633 = DIRECTION('',(1.,0.,0.));
#4634 = ORIENTED_EDGE('',*,*,#4635,.T.);
#4635 = EDGE_CURVE('',#4628,#4636,#4638,.T.);
#4636 = VERTEX_POINT('',#4637);
#4637 = CARTESIAN_POINT('',(4.65,0.35,1.));
#4638 = LINE('',#4639,#4640);
#4639 = CARTESIAN_POINT('',(4.65,0.5,1.));
#4640 = VECTOR('',#4641,1.);
#4641 = DIRECTION('',(0.,-1.,0.));
#4642 = ORIENTED_EDGE('',*,*,#4643,.F.);
#4643 = EDGE_CURVE('',#4620,#4636,#4644,.T.);
#4644 = LINE('',#4645,#4646);
#4645 = CARTESIAN_POINT('',(4.5,0.35,1.));
#4646 = VECTOR('',#4647,1.);
#4647 = DIRECTION('',(1.,0.,0.));
#4648 = FACE_BOUND('',#4649,.T.);
#4649 = EDGE_LOOP('',(#4650,#4660,#4668,#4676));
#4650 = ORIENTED_EDGE('',*,*,#4651,.T.);
#4651 = EDGE_CURVE('',#4652,#4654,#4656,.T.);
#4652 = VERTEX_POINT('',#4653);
#4653 = CARTESIAN_POINT('',(4.35,-0.65,1.));
#4654 = VERTEX_POINT('',#4655);
#4655 = CARTESIAN_POINT('',(4.35,-0.35,1.));
#4656 = LINE('',#4657,#4658);
#4657 = CARTESIAN_POINT('',(4.35,-0.5,1.));
#4658 = VECTOR('',#4659,1.);
#4659 = DIRECTION('',(0.,1.,0.));
#4660 = ORIENTED_EDGE('',*,*,#4661,.T.);
#4661 = EDGE_CURVE('',#4654,#4662,#4664,.T.);
#4662 = VERTEX_POINT('',#4663);
#4663 = CARTESIAN_POINT('',(4.65,-0.35,1.));
#4664 = LINE('',#4665,#4666);
#4665 = CARTESIAN_POINT('',(4.5,-0.35,1.));
#4666 = VECTOR('',#4667,1.);
#4667 = DIRECTION('',(1.,0.,0.));
#4668 = ORIENTED_EDGE('',*,*,#4669,.F.);
#4669 = EDGE_CURVE('',#4670,#4662,#4672,.T.);
#4670 = VERTEX_POINT('',#4671);
#4671 = CARTESIAN_POINT('',(4.65,-0.65,1.));
#4672 = LINE('',#4673,#4674);
#4673 = CARTESIAN_POINT('',(4.65,-0.5,1.));
#4674 = VECTOR('',#4675,1.);
#4675 = DIRECTION('',(0.,1.,0.));
#4676 = ORIENTED_EDGE('',*,*,#4677,.F.);
#4677 = EDGE_CURVE('',#4652,#4670,#4678,.T.);
#4678 = LINE('',#4679,#4680);
#4679 = CARTESIAN_POINT('',(4.5,-0.65,1.));
#4680 = VECTOR('',#4681,1.);
#4681 = DIRECTION('',(1.,0.,0.));
#4682 = FACE_BOUND('',#4683,.T.);
#4683 = EDGE_LOOP('',(#4684,#4694,#4702,#4710));
#4684 = ORIENTED_EDGE('',*,*,#4685,.F.);
#4685 = EDGE_CURVE('',#4686,#4688,#4690,.T.);
#4686 = VERTEX_POINT('',#4687);
#4687 = CARTESIAN_POINT('',(5.35,0.65,1.));
#4688 = VERTEX_POINT('',#4689);
#4689 = CARTESIAN_POINT('',(5.35,0.35,1.));
#4690 = LINE('',#4691,#4692);
#4691 = CARTESIAN_POINT('',(5.35,0.5,1.));
#4692 = VECTOR('',#4693,1.);
#4693 = DIRECTION('',(0.,-1.,0.));
#4694 = ORIENTED_EDGE('',*,*,#4695,.T.);
#4695 = EDGE_CURVE('',#4686,#4696,#4698,.T.);
#4696 = VERTEX_POINT('',#4697);
#4697 = CARTESIAN_POINT('',(5.65,0.65,1.));
#4698 = LINE('',#4699,#4700);
#4699 = CARTESIAN_POINT('',(5.5,0.65,1.));
#4700 = VECTOR('',#4701,1.);
#4701 = DIRECTION('',(1.,0.,0.));
#4702 = ORIENTED_EDGE('',*,*,#4703,.T.);
#4703 = EDGE_CURVE('',#4696,#4704,#4706,.T.);
#4704 = VERTEX_POINT('',#4705);
#4705 = CARTESIAN_POINT('',(5.65,0.35,1.));
#4706 = LINE('',#4707,#4708);
#4707 = CARTESIAN_POINT('',(5.65,0.5,1.));
#4708 = VECTOR('',#4709,1.);
#4709 = DIRECTION('',(0.,-1.,0.));
#4710 = ORIENTED_EDGE('',*,*,#4711,.F.);
#4711 = EDGE_CURVE('',#4688,#4704,#4712,.T.);
#4712 = LINE('',#4713,#4714);
#4713 = CARTESIAN_POINT('',(5.5,0.35,1.));
#4714 = VECTOR('',#4715,1.);
#4715 = DIRECTION('',(1.,0.,0.));
#4716 = FACE_BOUND('',#4717,.T.);
#4717 = EDGE_LOOP('',(#4718,#4728,#4736,#4744));
#4718 = ORIENTED_EDGE('',*,*,#4719,.T.);
#4719 = EDGE_CURVE('',#4720,#4722,#4724,.T.);
#4720 = VERTEX_POINT('',#4721);
#4721 = CARTESIAN_POINT('',(5.35,-0.65,1.));
#4722 = VERTEX_POINT('',#4723);
#4723 = CARTESIAN_POINT('',(5.35,-0.35,1.));
#4724 = LINE('',#4725,#4726);
#4725 = CARTESIAN_POINT('',(5.35,-0.5,1.));
#4726 = VECTOR('',#4727,1.);
#4727 = DIRECTION('',(0.,1.,0.));
#4728 = ORIENTED_EDGE('',*,*,#4729,.T.);
#4729 = EDGE_CURVE('',#4722,#4730,#4732,.T.);
#4730 = VERTEX_POINT('',#4731);
#4731 = CARTESIAN_POINT('',(5.65,-0.35,1.));
#4732 = LINE('',#4733,#4734);
#4733 = CARTESIAN_POINT('',(5.5,-0.35,1.));
#4734 = VECTOR('',#4735,1.);
#4735 = DIRECTION('',(1.,0.,0.));
#4736 = ORIENTED_EDGE('',*,*,#4737,.F.);
#4737 = EDGE_CURVE('',#4738,#4730,#4740,.T.);
#4738 = VERTEX_POINT('',#4739);
#4739 = CARTESIAN_POINT('',(5.65,-0.65,1.));
#4740 = LINE('',#4741,#4742);
#4741 = CARTESIAN_POINT('',(5.65,-0.5,1.));
#4742 = VECTOR('',#4743,1.);
#4743 = DIRECTION('',(0.,1.,0.));
#4744 = ORIENTED_EDGE('',*,*,#4745,.F.);
#4745 = EDGE_CURVE('',#4720,#4738,#4746,.T.);
#4746 = LINE('',#4747,#4748);
#4747 = CARTESIAN_POINT('',(5.5,-0.65,1.));
#4748 = VECTOR('',#4749,1.);
#4749 = DIRECTION('',(1.,0.,0.));
#4750 = FACE_BOUND('',#4751,.T.);
#4751 = EDGE_LOOP('',(#4752,#4762,#4770,#4778));
#4752 = ORIENTED_EDGE('',*,*,#4753,.F.);
#4753 = EDGE_CURVE('',#4754,#4756,#4758,.T.);
#4754 = VERTEX_POINT('',#4755);
#4755 = CARTESIAN_POINT('',(6.35,0.65,1.));
#4756 = VERTEX_POINT('',#4757);
#4757 = CARTESIAN_POINT('',(6.35,0.35,1.));
#4758 = LINE('',#4759,#4760);
#4759 = CARTESIAN_POINT('',(6.35,0.5,1.));
#4760 = VECTOR('',#4761,1.);
#4761 = DIRECTION('',(0.,-1.,0.));
#4762 = ORIENTED_EDGE('',*,*,#4763,.T.);
#4763 = EDGE_CURVE('',#4754,#4764,#4766,.T.);
#4764 = VERTEX_POINT('',#4765);
#4765 = CARTESIAN_POINT('',(6.65,0.65,1.));
#4766 = LINE('',#4767,#4768);
#4767 = CARTESIAN_POINT('',(6.5,0.65,1.));
#4768 = VECTOR('',#4769,1.);
#4769 = DIRECTION('',(1.,0.,0.));
#4770 = ORIENTED_EDGE('',*,*,#4771,.T.);
#4771 = EDGE_CURVE('',#4764,#4772,#4774,.T.);
#4772 = VERTEX_POINT('',#4773);
#4773 = CARTESIAN_POINT('',(6.65,0.35,1.));
#4774 = LINE('',#4775,#4776);
#4775 = CARTESIAN_POINT('',(6.65,0.5,1.));
#4776 = VECTOR('',#4777,1.);
#4777 = DIRECTION('',(0.,-1.,0.));
#4778 = ORIENTED_EDGE('',*,*,#4779,.F.);
#4779 = EDGE_CURVE('',#4756,#4772,#4780,.T.);
#4780 = LINE('',#4781,#4782);
#4781 = CARTESIAN_POINT('',(6.5,0.35,1.));
#4782 = VECTOR('',#4783,1.);
#4783 = DIRECTION('',(1.,0.,0.));
#4784 = FACE_BOUND('',#4785,.T.);
#4785 = EDGE_LOOP('',(#4786,#4796,#4804,#4812));
#4786 = ORIENTED_EDGE('',*,*,#4787,.T.);
#4787 = EDGE_CURVE('',#4788,#4790,#4792,.T.);
#4788 = VERTEX_POINT('',#4789);
#4789 = CARTESIAN_POINT('',(6.35,-0.65,1.));
#4790 = VERTEX_POINT('',#4791);
#4791 = CARTESIAN_POINT('',(6.35,-0.35,1.));
#4792 = LINE('',#4793,#4794);
#4793 = CARTESIAN_POINT('',(6.35,-0.5,1.));
#4794 = VECTOR('',#4795,1.);
#4795 = DIRECTION('',(0.,1.,0.));
#4796 = ORIENTED_EDGE('',*,*,#4797,.T.);
#4797 = EDGE_CURVE('',#4790,#4798,#4800,.T.);
#4798 = VERTEX_POINT('',#4799);
#4799 = CARTESIAN_POINT('',(6.65,-0.35,1.));
#4800 = LINE('',#4801,#4802);
#4801 = CARTESIAN_POINT('',(6.5,-0.35,1.));
#4802 = VECTOR('',#4803,1.);
#4803 = DIRECTION('',(1.,0.,0.));
#4804 = ORIENTED_EDGE('',*,*,#4805,.F.);
#4805 = EDGE_CURVE('',#4806,#4798,#4808,.T.);
#4806 = VERTEX_POINT('',#4807);
#4807 = CARTESIAN_POINT('',(6.65,-0.65,1.));
#4808 = LINE('',#4809,#4810);
#4809 = CARTESIAN_POINT('',(6.65,-0.5,1.));
#4810 = VECTOR('',#4811,1.);
#4811 = DIRECTION('',(0.,1.,0.));
#4812 = ORIENTED_EDGE('',*,*,#4813,.F.);
#4813 = EDGE_CURVE('',#4788,#4806,#4814,.T.);
#4814 = LINE('',#4815,#4816);
#4815 = CARTESIAN_POINT('',(6.5,-0.65,1.));
#4816 = VECTOR('',#4817,1.);
#4817 = DIRECTION('',(1.,0.,0.));
#4818 = FACE_BOUND('',#4819,.T.);
#4819 = EDGE_LOOP('',(#4820,#4830,#4838,#4846));
#4820 = ORIENTED_EDGE('',*,*,#4821,.F.);
#4821 = EDGE_CURVE('',#4822,#4824,#4826,.T.);
#4822 = VERTEX_POINT('',#4823);
#4823 = CARTESIAN_POINT('',(7.35,0.65,1.));
#4824 = VERTEX_POINT('',#4825);
#4825 = CARTESIAN_POINT('',(7.35,0.35,1.));
#4826 = LINE('',#4827,#4828);
#4827 = CARTESIAN_POINT('',(7.35,0.5,1.));
#4828 = VECTOR('',#4829,1.);
#4829 = DIRECTION('',(0.,-1.,0.));
#4830 = ORIENTED_EDGE('',*,*,#4831,.T.);
#4831 = EDGE_CURVE('',#4822,#4832,#4834,.T.);
#4832 = VERTEX_POINT('',#4833);
#4833 = CARTESIAN_POINT('',(7.65,0.65,1.));
#4834 = LINE('',#4835,#4836);
#4835 = CARTESIAN_POINT('',(7.5,0.65,1.));
#4836 = VECTOR('',#4837,1.);
#4837 = DIRECTION('',(1.,0.,0.));
#4838 = ORIENTED_EDGE('',*,*,#4839,.T.);
#4839 = EDGE_CURVE('',#4832,#4840,#4842,.T.);
#4840 = VERTEX_POINT('',#4841);
#4841 = CARTESIAN_POINT('',(7.65,0.35,1.));
#4842 = LINE('',#4843,#4844);
#4843 = CARTESIAN_POINT('',(7.65,0.5,1.));
#4844 = VECTOR('',#4845,1.);
#4845 = DIRECTION('',(0.,-1.,0.));
#4846 = ORIENTED_EDGE('',*,*,#4847,.F.);
#4847 = EDGE_CURVE('',#4824,#4840,#4848,.T.);
#4848 = LINE('',#4849,#4850);
#4849 = CARTESIAN_POINT('',(7.5,0.35,1.));
#4850 = VECTOR('',#4851,1.);
#4851 = DIRECTION('',(1.,0.,0.));
#4852 = FACE_BOUND('',#4853,.T.);
#4853 = EDGE_LOOP('',(#4854,#4864,#4872,#4880));
#4854 = ORIENTED_EDGE('',*,*,#4855,.T.);
#4855 = EDGE_CURVE('',#4856,#4858,#4860,.T.);
#4856 = VERTEX_POINT('',#4857);
#4857 = CARTESIAN_POINT('',(7.35,-0.65,1.));
#4858 = VERTEX_POINT('',#4859);
#4859 = CARTESIAN_POINT('',(7.35,-0.35,1.));
#4860 = LINE('',#4861,#4862);
#4861 = CARTESIAN_POINT('',(7.35,-0.5,1.));
#4862 = VECTOR('',#4863,1.);
#4863 = DIRECTION('',(0.,1.,0.));
#4864 = ORIENTED_EDGE('',*,*,#4865,.T.);
#4865 = EDGE_CURVE('',#4858,#4866,#4868,.T.);
#4866 = VERTEX_POINT('',#4867);
#4867 = CARTESIAN_POINT('',(7.65,-0.35,1.));
#4868 = LINE('',#4869,#4870);
#4869 = CARTESIAN_POINT('',(7.5,-0.35,1.));
#4870 = VECTOR('',#4871,1.);
#4871 = DIRECTION('',(1.,0.,0.));
#4872 = ORIENTED_EDGE('',*,*,#4873,.F.);
#4873 = EDGE_CURVE('',#4874,#4866,#4876,.T.);
#4874 = VERTEX_POINT('',#4875);
#4875 = CARTESIAN_POINT('',(7.65,-0.65,1.));
#4876 = LINE('',#4877,#4878);
#4877 = CARTESIAN_POINT('',(7.65,-0.5,1.));
#4878 = VECTOR('',#4879,1.);
#4879 = DIRECTION('',(0.,1.,0.));
#4880 = ORIENTED_EDGE('',*,*,#4881,.F.);
#4881 = EDGE_CURVE('',#4856,#4874,#4882,.T.);
#4882 = LINE('',#4883,#4884);
#4883 = CARTESIAN_POINT('',(7.5,-0.65,1.));
#4884 = VECTOR('',#4885,1.);
#4885 = DIRECTION('',(1.,0.,0.));
#4886 = FACE_BOUND('',#4887,.T.);
#4887 = EDGE_LOOP('',(#4888,#4898,#4906,#4914));
#4888 = ORIENTED_EDGE('',*,*,#4889,.F.);
#4889 = EDGE_CURVE('',#4890,#4892,#4894,.T.);
#4890 = VERTEX_POINT('',#4891);
#4891 = CARTESIAN_POINT('',(8.35,0.65,1.));
#4892 = VERTEX_POINT('',#4893);
#4893 = CARTESIAN_POINT('',(8.35,0.35,1.));
#4894 = LINE('',#4895,#4896);
#4895 = CARTESIAN_POINT('',(8.35,0.5,1.));
#4896 = VECTOR('',#4897,1.);
#4897 = DIRECTION('',(0.,-1.,0.));
#4898 = ORIENTED_EDGE('',*,*,#4899,.T.);
#4899 = EDGE_CURVE('',#4890,#4900,#4902,.T.);
#4900 = VERTEX_POINT('',#4901);
#4901 = CARTESIAN_POINT('',(8.65,0.65,1.));
#4902 = LINE('',#4903,#4904);
#4903 = CARTESIAN_POINT('',(8.5,0.65,1.));
#4904 = VECTOR('',#4905,1.);
#4905 = DIRECTION('',(1.,0.,0.));
#4906 = ORIENTED_EDGE('',*,*,#4907,.T.);
#4907 = EDGE_CURVE('',#4900,#4908,#4910,.T.);
#4908 = VERTEX_POINT('',#4909);
#4909 = CARTESIAN_POINT('',(8.65,0.35,1.));
#4910 = LINE('',#4911,#4912);
#4911 = CARTESIAN_POINT('',(8.65,0.5,1.));
#4912 = VECTOR('',#4913,1.);
#4913 = DIRECTION('',(0.,-1.,0.));
#4914 = ORIENTED_EDGE('',*,*,#4915,.F.);
#4915 = EDGE_CURVE('',#4892,#4908,#4916,.T.);
#4916 = LINE('',#4917,#4918);
#4917 = CARTESIAN_POINT('',(8.5,0.35,1.));
#4918 = VECTOR('',#4919,1.);
#4919 = DIRECTION('',(1.,0.,0.));
#4920 = FACE_BOUND('',#4921,.T.);
#4921 = EDGE_LOOP('',(#4922,#4932,#4940,#4948));
#4922 = ORIENTED_EDGE('',*,*,#4923,.T.);
#4923 = EDGE_CURVE('',#4924,#4926,#4928,.T.);
#4924 = VERTEX_POINT('',#4925);
#4925 = CARTESIAN_POINT('',(8.35,-0.65,1.));
#4926 = VERTEX_POINT('',#4927);
#4927 = CARTESIAN_POINT('',(8.35,-0.35,1.));
#4928 = LINE('',#4929,#4930);
#4929 = CARTESIAN_POINT('',(8.35,-0.5,1.));
#4930 = VECTOR('',#4931,1.);
#4931 = DIRECTION('',(0.,1.,0.));
#4932 = ORIENTED_EDGE('',*,*,#4933,.T.);
#4933 = EDGE_CURVE('',#4926,#4934,#4936,.T.);
#4934 = VERTEX_POINT('',#4935);
#4935 = CARTESIAN_POINT('',(8.65,-0.35,1.));
#4936 = LINE('',#4937,#4938);
#4937 = CARTESIAN_POINT('',(8.5,-0.35,1.));
#4938 = VECTOR('',#4939,1.);
#4939 = DIRECTION('',(1.,0.,0.));
#4940 = ORIENTED_EDGE('',*,*,#4941,.F.);
#4941 = EDGE_CURVE('',#4942,#4934,#4944,.T.);
#4942 = VERTEX_POINT('',#4943);
#4943 = CARTESIAN_POINT('',(8.65,-0.65,1.));
#4944 = LINE('',#4945,#4946);
#4945 = CARTESIAN_POINT('',(8.65,-0.5,1.));
#4946 = VECTOR('',#4947,1.);
#4947 = DIRECTION('',(0.,1.,0.));
#4948 = ORIENTED_EDGE('',*,*,#4949,.F.);
#4949 = EDGE_CURVE('',#4924,#4942,#4950,.T.);
#4950 = LINE('',#4951,#4952);
#4951 = CARTESIAN_POINT('',(8.5,-0.65,1.));
#4952 = VECTOR('',#4953,1.);
#4953 = DIRECTION('',(1.,0.,0.));
#4954 = FACE_BOUND('',#4955,.T.);
#4955 = EDGE_LOOP('',(#4956,#4966,#4974,#4982));
#4956 = ORIENTED_EDGE('',*,*,#4957,.F.);
#4957 = EDGE_CURVE('',#4958,#4960,#4962,.T.);
#4958 = VERTEX_POINT('',#4959);
#4959 = CARTESIAN_POINT('',(9.35,0.65,1.));
#4960 = VERTEX_POINT('',#4961);
#4961 = CARTESIAN_POINT('',(9.35,0.35,1.));
#4962 = LINE('',#4963,#4964);
#4963 = CARTESIAN_POINT('',(9.35,0.5,1.));
#4964 = VECTOR('',#4965,1.);
#4965 = DIRECTION('',(0.,-1.,0.));
#4966 = ORIENTED_EDGE('',*,*,#4967,.T.);
#4967 = EDGE_CURVE('',#4958,#4968,#4970,.T.);
#4968 = VERTEX_POINT('',#4969);
#4969 = CARTESIAN_POINT('',(9.65,0.65,1.));
#4970 = LINE('',#4971,#4972);
#4971 = CARTESIAN_POINT('',(9.5,0.65,1.));
#4972 = VECTOR('',#4973,1.);
#4973 = DIRECTION('',(1.,0.,0.));
#4974 = ORIENTED_EDGE('',*,*,#4975,.T.);
#4975 = EDGE_CURVE('',#4968,#4976,#4978,.T.);
#4976 = VERTEX_POINT('',#4977);
#4977 = CARTESIAN_POINT('',(9.65,0.35,1.));
#4978 = LINE('',#4979,#4980);
#4979 = CARTESIAN_POINT('',(9.65,0.5,1.));
#4980 = VECTOR('',#4981,1.);
#4981 = DIRECTION('',(0.,-1.,0.));
#4982 = ORIENTED_EDGE('',*,*,#4983,.F.);
#4983 = EDGE_CURVE('',#4960,#4976,#4984,.T.);
#4984 = LINE('',#4985,#4986);
#4985 = CARTESIAN_POINT('',(9.5,0.35,1.));
#4986 = VECTOR('',#4987,1.);
#4987 = DIRECTION('',(1.,0.,0.));
#4988 = FACE_BOUND('',#4989,.T.);
#4989 = EDGE_LOOP('',(#4990,#5000,#5008,#5016));
#4990 = ORIENTED_EDGE('',*,*,#4991,.T.);
#4991 = EDGE_CURVE('',#4992,#4994,#4996,.T.);
#4992 = VERTEX_POINT('',#4993);
#4993 = CARTESIAN_POINT('',(9.35,-0.65,1.));
#4994 = VERTEX_POINT('',#4995);
#4995 = CARTESIAN_POINT('',(9.35,-0.35,1.));
#4996 = LINE('',#4997,#4998);
#4997 = CARTESIAN_POINT('',(9.35,-0.5,1.));
#4998 = VECTOR('',#4999,1.);
#4999 = DIRECTION('',(0.,1.,0.));
#5000 = ORIENTED_EDGE('',*,*,#5001,.T.);
#5001 = EDGE_CURVE('',#4994,#5002,#5004,.T.);
#5002 = VERTEX_POINT('',#5003);
#5003 = CARTESIAN_POINT('',(9.65,-0.35,1.));
#5004 = LINE('',#5005,#5006);
#5005 = CARTESIAN_POINT('',(9.5,-0.35,1.));
#5006 = VECTOR('',#5007,1.);
#5007 = DIRECTION('',(1.,0.,0.));
#5008 = ORIENTED_EDGE('',*,*,#5009,.F.);
#5009 = EDGE_CURVE('',#5010,#5002,#5012,.T.);
#5010 = VERTEX_POINT('',#5011);
#5011 = CARTESIAN_POINT('',(9.65,-0.65,1.));
#5012 = LINE('',#5013,#5014);
#5013 = CARTESIAN_POINT('',(9.65,-0.5,1.));
#5014 = VECTOR('',#5015,1.);
#5015 = DIRECTION('',(0.,1.,0.));
#5016 = ORIENTED_EDGE('',*,*,#5017,.F.);
#5017 = EDGE_CURVE('',#4992,#5010,#5018,.T.);
#5018 = LINE('',#5019,#5020);
#5019 = CARTESIAN_POINT('',(9.5,-0.65,1.));
#5020 = VECTOR('',#5021,1.);
#5021 = DIRECTION('',(1.,0.,0.));
#5022 = FACE_BOUND('',#5023,.T.);
#5023 = EDGE_LOOP('',(#5024,#5034,#5042,#5050));
#5024 = ORIENTED_EDGE('',*,*,#5025,.F.);
#5025 = EDGE_CURVE('',#5026,#5028,#5030,.T.);
#5026 = VERTEX_POINT('',#5027);
#5027 = CARTESIAN_POINT('',(10.35,0.65,1.));
#5028 = VERTEX_POINT('',#5029);
#5029 = CARTESIAN_POINT('',(10.35,0.35,1.));
#5030 = LINE('',#5031,#5032);
#5031 = CARTESIAN_POINT('',(10.35,0.5,1.));
#5032 = VECTOR('',#5033,1.);
#5033 = DIRECTION('',(0.,-1.,0.));
#5034 = ORIENTED_EDGE('',*,*,#5035,.T.);
#5035 = EDGE_CURVE('',#5026,#5036,#5038,.T.);
#5036 = VERTEX_POINT('',#5037);
#5037 = CARTESIAN_POINT('',(10.65,0.65,1.));
#5038 = LINE('',#5039,#5040);
#5039 = CARTESIAN_POINT('',(10.5,0.65,1.));
#5040 = VECTOR('',#5041,1.);
#5041 = DIRECTION('',(1.,0.,0.));
#5042 = ORIENTED_EDGE('',*,*,#5043,.T.);
#5043 = EDGE_CURVE('',#5036,#5044,#5046,.T.);
#5044 = VERTEX_POINT('',#5045);
#5045 = CARTESIAN_POINT('',(10.65,0.35,1.));
#5046 = LINE('',#5047,#5048);
#5047 = CARTESIAN_POINT('',(10.65,0.5,1.));
#5048 = VECTOR('',#5049,1.);
#5049 = DIRECTION('',(0.,-1.,0.));
#5050 = ORIENTED_EDGE('',*,*,#5051,.F.);
#5051 = EDGE_CURVE('',#5028,#5044,#5052,.T.);
#5052 = LINE('',#5053,#5054);
#5053 = CARTESIAN_POINT('',(10.5,0.35,1.));
#5054 = VECTOR('',#5055,1.);
#5055 = DIRECTION('',(1.,0.,0.));
#5056 = FACE_BOUND('',#5057,.T.);
#5057 = EDGE_LOOP('',(#5058,#5068,#5076,#5084));
#5058 = ORIENTED_EDGE('',*,*,#5059,.T.);
#5059 = EDGE_CURVE('',#5060,#5062,#5064,.T.);
#5060 = VERTEX_POINT('',#5061);
#5061 = CARTESIAN_POINT('',(10.35,-0.65,1.));
#5062 = VERTEX_POINT('',#5063);
#5063 = CARTESIAN_POINT('',(10.35,-0.35,1.));
#5064 = LINE('',#5065,#5066);
#5065 = CARTESIAN_POINT('',(10.35,-0.5,1.));
#5066 = VECTOR('',#5067,1.);
#5067 = DIRECTION('',(0.,1.,0.));
#5068 = ORIENTED_EDGE('',*,*,#5069,.T.);
#5069 = EDGE_CURVE('',#5062,#5070,#5072,.T.);
#5070 = VERTEX_POINT('',#5071);
#5071 = CARTESIAN_POINT('',(10.65,-0.35,1.));
#5072 = LINE('',#5073,#5074);
#5073 = CARTESIAN_POINT('',(10.5,-0.35,1.));
#5074 = VECTOR('',#5075,1.);
#5075 = DIRECTION('',(1.,0.,0.));
#5076 = ORIENTED_EDGE('',*,*,#5077,.F.);
#5077 = EDGE_CURVE('',#5078,#5070,#5080,.T.);
#5078 = VERTEX_POINT('',#5079);
#5079 = CARTESIAN_POINT('',(10.65,-0.65,1.));
#5080 = LINE('',#5081,#5082);
#5081 = CARTESIAN_POINT('',(10.65,-0.5,1.));
#5082 = VECTOR('',#5083,1.);
#5083 = DIRECTION('',(0.,1.,0.));
#5084 = ORIENTED_EDGE('',*,*,#5085,.F.);
#5085 = EDGE_CURVE('',#5060,#5078,#5086,.T.);
#5086 = LINE('',#5087,#5088);
#5087 = CARTESIAN_POINT('',(10.5,-0.65,1.));
#5088 = VECTOR('',#5089,1.);
#5089 = DIRECTION('',(1.,0.,0.));
#5090 = FACE_BOUND('',#5091,.T.);
#5091 = EDGE_LOOP('',(#5092,#5102,#5110,#5118));
#5092 = ORIENTED_EDGE('',*,*,#5093,.F.);
#5093 = EDGE_CURVE('',#5094,#5096,#5098,.T.);
#5094 = VERTEX_POINT('',#5095);
#5095 = CARTESIAN_POINT('',(11.35,0.65,1.));
#5096 = VERTEX_POINT('',#5097);
#5097 = CARTESIAN_POINT('',(11.35,0.35,1.));
#5098 = LINE('',#5099,#5100);
#5099 = CARTESIAN_POINT('',(11.35,0.5,1.));
#5100 = VECTOR('',#5101,1.);
#5101 = DIRECTION('',(0.,-1.,0.));
#5102 = ORIENTED_EDGE('',*,*,#5103,.T.);
#5103 = EDGE_CURVE('',#5094,#5104,#5106,.T.);
#5104 = VERTEX_POINT('',#5105);
#5105 = CARTESIAN_POINT('',(11.65,0.65,1.));
#5106 = LINE('',#5107,#5108);
#5107 = CARTESIAN_POINT('',(11.5,0.65,1.));
#5108 = VECTOR('',#5109,1.);
#5109 = DIRECTION('',(1.,0.,0.));
#5110 = ORIENTED_EDGE('',*,*,#5111,.T.);
#5111 = EDGE_CURVE('',#5104,#5112,#5114,.T.);
#5112 = VERTEX_POINT('',#5113);
#5113 = CARTESIAN_POINT('',(11.65,0.35,1.));
#5114 = LINE('',#5115,#5116);
#5115 = CARTESIAN_POINT('',(11.65,0.5,1.));
#5116 = VECTOR('',#5117,1.);
#5117 = DIRECTION('',(0.,-1.,0.));
#5118 = ORIENTED_EDGE('',*,*,#5119,.F.);
#5119 = EDGE_CURVE('',#5096,#5112,#5120,.T.);
#5120 = LINE('',#5121,#5122);
#5121 = CARTESIAN_POINT('',(11.5,0.35,1.));
#5122 = VECTOR('',#5123,1.);
#5123 = DIRECTION('',(1.,0.,0.));
#5124 = FACE_BOUND('',#5125,.T.);
#5125 = EDGE_LOOP('',(#5126,#5136,#5144,#5152));
#5126 = ORIENTED_EDGE('',*,*,#5127,.T.);
#5127 = EDGE_CURVE('',#5128,#5130,#5132,.T.);
#5128 = VERTEX_POINT('',#5129);
#5129 = CARTESIAN_POINT('',(11.35,-0.65,1.));
#5130 = VERTEX_POINT('',#5131);
#5131 = CARTESIAN_POINT('',(11.35,-0.35,1.));
#5132 = LINE('',#5133,#5134);
#5133 = CARTESIAN_POINT('',(11.35,-0.5,1.));
#5134 = VECTOR('',#5135,1.);
#5135 = DIRECTION('',(0.,1.,0.));
#5136 = ORIENTED_EDGE('',*,*,#5137,.T.);
#5137 = EDGE_CURVE('',#5130,#5138,#5140,.T.);
#5138 = VERTEX_POINT('',#5139);
#5139 = CARTESIAN_POINT('',(11.65,-0.35,1.));
#5140 = LINE('',#5141,#5142);
#5141 = CARTESIAN_POINT('',(11.5,-0.35,1.));
#5142 = VECTOR('',#5143,1.);
#5143 = DIRECTION('',(1.,0.,0.));
#5144 = ORIENTED_EDGE('',*,*,#5145,.F.);
#5145 = EDGE_CURVE('',#5146,#5138,#5148,.T.);
#5146 = VERTEX_POINT('',#5147);
#5147 = CARTESIAN_POINT('',(11.65,-0.65,1.));
#5148 = LINE('',#5149,#5150);
#5149 = CARTESIAN_POINT('',(11.65,-0.5,1.));
#5150 = VECTOR('',#5151,1.);
#5151 = DIRECTION('',(0.,1.,0.));
#5152 = ORIENTED_EDGE('',*,*,#5153,.F.);
#5153 = EDGE_CURVE('',#5128,#5146,#5154,.T.);
#5154 = LINE('',#5155,#5156);
#5155 = CARTESIAN_POINT('',(11.5,-0.65,1.));
#5156 = VECTOR('',#5157,1.);
#5157 = DIRECTION('',(1.,0.,0.));
#5158 = PLANE('',#5159);
#5159 = AXIS2_PLACEMENT_3D('',#5160,#5161,#5162);
#5160 = CARTESIAN_POINT('',(-0.5,0.5,1.));
#5161 = DIRECTION('',(0.,0.,1.));
#5162 = DIRECTION('',(1.,0.,-0.));
#5163 = ADVANCED_FACE('',(#5164,#5170,#5782,#5816,#5850,#5884,#5918,
    #5952,#5986,#6020,#6054,#6088,#6122,#6156,#6190,#6224,#6258,#6292,
    #6326,#6360,#6394,#6428,#6462,#6496,#6530,#6564,#6598),#6632,.F.);
#5164 = FACE_BOUND('',#5165,.T.);
#5165 = EDGE_LOOP('',(#5166,#5167,#5168,#5169));
#5166 = ORIENTED_EDGE('',*,*,#3547,.T.);
#5167 = ORIENTED_EDGE('',*,*,#3649,.T.);
#5168 = ORIENTED_EDGE('',*,*,#3618,.F.);
#5169 = ORIENTED_EDGE('',*,*,#3587,.F.);
#5170 = FACE_BOUND('',#5171,.T.);
#5171 = EDGE_LOOP('',(#5172,#5173,#5174,#5175,#5183,#5191,#5199,#5207,
    #5215,#5223,#5231,#5239,#5247,#5255,#5263,#5271,#5279,#5287,#5295,
    #5303,#5311,#5319,#5327,#5335,#5343,#5351,#5359,#5367,#5375,#5383,
    #5391,#5399,#5407,#5415,#5423,#5431,#5439,#5447,#5455,#5463,#5471,
    #5479,#5487,#5495,#5503,#5511,#5519,#5527,#5535,#5543,#5551,#5559,
    #5567,#5575,#5583,#5591,#5599,#5607,#5615,#5623,#5631,#5639,#5647,
    #5655,#5663,#5671,#5679,#5687,#5695,#5703,#5711,#5719,#5727,#5735,
    #5743,#5751,#5759,#5767,#5775,#5781));
#5172 = ORIENTED_EDGE('',*,*,#3436,.T.);
#5173 = ORIENTED_EDGE('',*,*,#3671,.T.);
#5174 = ORIENTED_EDGE('',*,*,#3507,.T.);
#5175 = ORIENTED_EDGE('',*,*,#5176,.T.);
#5176 = EDGE_CURVE('',#3510,#5177,#5179,.T.);
#5177 = VERTEX_POINT('',#5178);
#5178 = CARTESIAN_POINT('',(0.2,1.,0.));
#5179 = LINE('',#5180,#5181);
#5180 = CARTESIAN_POINT('',(0.1,0.9,0.));
#5181 = VECTOR('',#5182,1.);
#5182 = DIRECTION('',(0.707106781187,0.707106781187,0.));
#5183 = ORIENTED_EDGE('',*,*,#5184,.T.);
#5184 = EDGE_CURVE('',#5177,#5185,#5187,.T.);
#5185 = VERTEX_POINT('',#5186);
#5186 = CARTESIAN_POINT('',(0.8,1.,0.));
#5187 = LINE('',#5188,#5189);
#5188 = CARTESIAN_POINT('',(0.5,1.,0.));
#5189 = VECTOR('',#5190,1.);
#5190 = DIRECTION('',(1.,0.,0.));
#5191 = ORIENTED_EDGE('',*,*,#5192,.T.);
#5192 = EDGE_CURVE('',#5185,#5193,#5195,.T.);
#5193 = VERTEX_POINT('',#5194);
#5194 = CARTESIAN_POINT('',(1.,0.8,0.));
#5195 = LINE('',#5196,#5197);
#5196 = CARTESIAN_POINT('',(0.9,0.9,0.));
#5197 = VECTOR('',#5198,1.);
#5198 = DIRECTION('',(0.707106781187,-0.707106781187,0.));
#5199 = ORIENTED_EDGE('',*,*,#5200,.T.);
#5200 = EDGE_CURVE('',#5193,#5201,#5203,.T.);
#5201 = VERTEX_POINT('',#5202);
#5202 = CARTESIAN_POINT('',(1.2,1.,0.));
#5203 = LINE('',#5204,#5205);
#5204 = CARTESIAN_POINT('',(1.1,0.9,0.));
#5205 = VECTOR('',#5206,1.);
#5206 = DIRECTION('',(0.707106781187,0.707106781187,0.));
#5207 = ORIENTED_EDGE('',*,*,#5208,.T.);
#5208 = EDGE_CURVE('',#5201,#5209,#5211,.T.);
#5209 = VERTEX_POINT('',#5210);
#5210 = CARTESIAN_POINT('',(1.8,1.,0.));
#5211 = LINE('',#5212,#5213);
#5212 = CARTESIAN_POINT('',(1.5,1.,0.));
#5213 = VECTOR('',#5214,1.);
#5214 = DIRECTION('',(1.,0.,0.));
#5215 = ORIENTED_EDGE('',*,*,#5216,.T.);
#5216 = EDGE_CURVE('',#5209,#5217,#5219,.T.);
#5217 = VERTEX_POINT('',#5218);
#5218 = CARTESIAN_POINT('',(2.,0.8,0.));
#5219 = LINE('',#5220,#5221);
#5220 = CARTESIAN_POINT('',(1.9,0.9,0.));
#5221 = VECTOR('',#5222,1.);
#5222 = DIRECTION('',(0.707106781187,-0.707106781187,0.));
#5223 = ORIENTED_EDGE('',*,*,#5224,.T.);
#5224 = EDGE_CURVE('',#5217,#5225,#5227,.T.);
#5225 = VERTEX_POINT('',#5226);
#5226 = CARTESIAN_POINT('',(2.2,1.,0.));
#5227 = LINE('',#5228,#5229);
#5228 = CARTESIAN_POINT('',(2.1,0.9,0.));
#5229 = VECTOR('',#5230,1.);
#5230 = DIRECTION('',(0.707106781187,0.707106781187,0.));
#5231 = ORIENTED_EDGE('',*,*,#5232,.T.);
#5232 = EDGE_CURVE('',#5225,#5233,#5235,.T.);
#5233 = VERTEX_POINT('',#5234);
#5234 = CARTESIAN_POINT('',(2.8,1.,0.));
#5235 = LINE('',#5236,#5237);
#5236 = CARTESIAN_POINT('',(2.5,1.,0.));
#5237 = VECTOR('',#5238,1.);
#5238 = DIRECTION('',(1.,0.,0.));
#5239 = ORIENTED_EDGE('',*,*,#5240,.T.);
#5240 = EDGE_CURVE('',#5233,#5241,#5243,.T.);
#5241 = VERTEX_POINT('',#5242);
#5242 = CARTESIAN_POINT('',(3.,0.8,0.));
#5243 = LINE('',#5244,#5245);
#5244 = CARTESIAN_POINT('',(2.9,0.9,0.));
#5245 = VECTOR('',#5246,1.);
#5246 = DIRECTION('',(0.707106781187,-0.707106781187,0.));
#5247 = ORIENTED_EDGE('',*,*,#5248,.T.);
#5248 = EDGE_CURVE('',#5241,#5249,#5251,.T.);
#5249 = VERTEX_POINT('',#5250);
#5250 = CARTESIAN_POINT('',(3.2,1.,0.));
#5251 = LINE('',#5252,#5253);
#5252 = CARTESIAN_POINT('',(3.1,0.9,0.));
#5253 = VECTOR('',#5254,1.);
#5254 = DIRECTION('',(0.707106781187,0.707106781187,0.));
#5255 = ORIENTED_EDGE('',*,*,#5256,.T.);
#5256 = EDGE_CURVE('',#5249,#5257,#5259,.T.);
#5257 = VERTEX_POINT('',#5258);
#5258 = CARTESIAN_POINT('',(3.8,1.,0.));
#5259 = LINE('',#5260,#5261);
#5260 = CARTESIAN_POINT('',(3.5,1.,0.));
#5261 = VECTOR('',#5262,1.);
#5262 = DIRECTION('',(1.,0.,0.));
#5263 = ORIENTED_EDGE('',*,*,#5264,.T.);
#5264 = EDGE_CURVE('',#5257,#5265,#5267,.T.);
#5265 = VERTEX_POINT('',#5266);
#5266 = CARTESIAN_POINT('',(4.,0.8,0.));
#5267 = LINE('',#5268,#5269);
#5268 = CARTESIAN_POINT('',(3.9,0.9,0.));
#5269 = VECTOR('',#5270,1.);
#5270 = DIRECTION('',(0.707106781187,-0.707106781187,0.));
#5271 = ORIENTED_EDGE('',*,*,#5272,.T.);
#5272 = EDGE_CURVE('',#5265,#5273,#5275,.T.);
#5273 = VERTEX_POINT('',#5274);
#5274 = CARTESIAN_POINT('',(4.2,1.,0.));
#5275 = LINE('',#5276,#5277);
#5276 = CARTESIAN_POINT('',(4.1,0.9,0.));
#5277 = VECTOR('',#5278,1.);
#5278 = DIRECTION('',(0.707106781187,0.707106781187,0.));
#5279 = ORIENTED_EDGE('',*,*,#5280,.T.);
#5280 = EDGE_CURVE('',#5273,#5281,#5283,.T.);
#5281 = VERTEX_POINT('',#5282);
#5282 = CARTESIAN_POINT('',(4.8,1.,0.));
#5283 = LINE('',#5284,#5285);
#5284 = CARTESIAN_POINT('',(4.5,1.,0.));
#5285 = VECTOR('',#5286,1.);
#5286 = DIRECTION('',(1.,0.,0.));
#5287 = ORIENTED_EDGE('',*,*,#5288,.T.);
#5288 = EDGE_CURVE('',#5281,#5289,#5291,.T.);
#5289 = VERTEX_POINT('',#5290);
#5290 = CARTESIAN_POINT('',(5.,0.8,0.));
#5291 = LINE('',#5292,#5293);
#5292 = CARTESIAN_POINT('',(4.9,0.9,0.));
#5293 = VECTOR('',#5294,1.);
#5294 = DIRECTION('',(0.707106781187,-0.707106781187,0.));
#5295 = ORIENTED_EDGE('',*,*,#5296,.T.);
#5296 = EDGE_CURVE('',#5289,#5297,#5299,.T.);
#5297 = VERTEX_POINT('',#5298);
#5298 = CARTESIAN_POINT('',(5.2,1.,0.));
#5299 = LINE('',#5300,#5301);
#5300 = CARTESIAN_POINT('',(5.1,0.9,0.));
#5301 = VECTOR('',#5302,1.);
#5302 = DIRECTION('',(0.707106781187,0.707106781187,0.));
#5303 = ORIENTED_EDGE('',*,*,#5304,.T.);
#5304 = EDGE_CURVE('',#5297,#5305,#5307,.T.);
#5305 = VERTEX_POINT('',#5306);
#5306 = CARTESIAN_POINT('',(5.8,1.,0.));
#5307 = LINE('',#5308,#5309);
#5308 = CARTESIAN_POINT('',(5.5,1.,0.));
#5309 = VECTOR('',#5310,1.);
#5310 = DIRECTION('',(1.,0.,0.));
#5311 = ORIENTED_EDGE('',*,*,#5312,.T.);
#5312 = EDGE_CURVE('',#5305,#5313,#5315,.T.);
#5313 = VERTEX_POINT('',#5314);
#5314 = CARTESIAN_POINT('',(6.,0.8,0.));
#5315 = LINE('',#5316,#5317);
#5316 = CARTESIAN_POINT('',(5.9,0.9,0.));
#5317 = VECTOR('',#5318,1.);
#5318 = DIRECTION('',(0.707106781187,-0.707106781187,0.));
#5319 = ORIENTED_EDGE('',*,*,#5320,.T.);
#5320 = EDGE_CURVE('',#5313,#5321,#5323,.T.);
#5321 = VERTEX_POINT('',#5322);
#5322 = CARTESIAN_POINT('',(6.2,1.,0.));
#5323 = LINE('',#5324,#5325);
#5324 = CARTESIAN_POINT('',(6.1,0.9,0.));
#5325 = VECTOR('',#5326,1.);
#5326 = DIRECTION('',(0.707106781187,0.707106781187,0.));
#5327 = ORIENTED_EDGE('',*,*,#5328,.T.);
#5328 = EDGE_CURVE('',#5321,#5329,#5331,.T.);
#5329 = VERTEX_POINT('',#5330);
#5330 = CARTESIAN_POINT('',(6.8,1.,0.));
#5331 = LINE('',#5332,#5333);
#5332 = CARTESIAN_POINT('',(6.5,1.,0.));
#5333 = VECTOR('',#5334,1.);
#5334 = DIRECTION('',(1.,0.,0.));
#5335 = ORIENTED_EDGE('',*,*,#5336,.T.);
#5336 = EDGE_CURVE('',#5329,#5337,#5339,.T.);
#5337 = VERTEX_POINT('',#5338);
#5338 = CARTESIAN_POINT('',(7.,0.8,0.));
#5339 = LINE('',#5340,#5341);
#5340 = CARTESIAN_POINT('',(6.9,0.9,0.));
#5341 = VECTOR('',#5342,1.);
#5342 = DIRECTION('',(0.707106781187,-0.707106781187,0.));
#5343 = ORIENTED_EDGE('',*,*,#5344,.T.);
#5344 = EDGE_CURVE('',#5337,#5345,#5347,.T.);
#5345 = VERTEX_POINT('',#5346);
#5346 = CARTESIAN_POINT('',(7.2,1.,0.));
#5347 = LINE('',#5348,#5349);
#5348 = CARTESIAN_POINT('',(7.1,0.9,0.));
#5349 = VECTOR('',#5350,1.);
#5350 = DIRECTION('',(0.707106781187,0.707106781187,0.));
#5351 = ORIENTED_EDGE('',*,*,#5352,.T.);
#5352 = EDGE_CURVE('',#5345,#5353,#5355,.T.);
#5353 = VERTEX_POINT('',#5354);
#5354 = CARTESIAN_POINT('',(7.8,1.,0.));
#5355 = LINE('',#5356,#5357);
#5356 = CARTESIAN_POINT('',(7.5,1.,0.));
#5357 = VECTOR('',#5358,1.);
#5358 = DIRECTION('',(1.,0.,0.));
#5359 = ORIENTED_EDGE('',*,*,#5360,.T.);
#5360 = EDGE_CURVE('',#5353,#5361,#5363,.T.);
#5361 = VERTEX_POINT('',#5362);
#5362 = CARTESIAN_POINT('',(8.,0.8,0.));
#5363 = LINE('',#5364,#5365);
#5364 = CARTESIAN_POINT('',(7.9,0.9,0.));
#5365 = VECTOR('',#5366,1.);
#5366 = DIRECTION('',(0.707106781187,-0.707106781187,0.));
#5367 = ORIENTED_EDGE('',*,*,#5368,.T.);
#5368 = EDGE_CURVE('',#5361,#5369,#5371,.T.);
#5369 = VERTEX_POINT('',#5370);
#5370 = CARTESIAN_POINT('',(8.2,1.,0.));
#5371 = LINE('',#5372,#5373);
#5372 = CARTESIAN_POINT('',(8.1,0.9,0.));
#5373 = VECTOR('',#5374,1.);
#5374 = DIRECTION('',(0.707106781187,0.707106781187,0.));
#5375 = ORIENTED_EDGE('',*,*,#5376,.T.);
#5376 = EDGE_CURVE('',#5369,#5377,#5379,.T.);
#5377 = VERTEX_POINT('',#5378);
#5378 = CARTESIAN_POINT('',(8.8,1.,0.));
#5379 = LINE('',#5380,#5381);
#5380 = CARTESIAN_POINT('',(8.5,1.,0.));
#5381 = VECTOR('',#5382,1.);
#5382 = DIRECTION('',(1.,0.,0.));
#5383 = ORIENTED_EDGE('',*,*,#5384,.T.);
#5384 = EDGE_CURVE('',#5377,#5385,#5387,.T.);
#5385 = VERTEX_POINT('',#5386);
#5386 = CARTESIAN_POINT('',(9.,0.8,0.));
#5387 = LINE('',#5388,#5389);
#5388 = CARTESIAN_POINT('',(8.9,0.9,0.));
#5389 = VECTOR('',#5390,1.);
#5390 = DIRECTION('',(0.707106781187,-0.707106781187,0.));
#5391 = ORIENTED_EDGE('',*,*,#5392,.T.);
#5392 = EDGE_CURVE('',#5385,#5393,#5395,.T.);
#5393 = VERTEX_POINT('',#5394);
#5394 = CARTESIAN_POINT('',(9.2,1.,0.));
#5395 = LINE('',#5396,#5397);
#5396 = CARTESIAN_POINT('',(9.1,0.9,0.));
#5397 = VECTOR('',#5398,1.);
#5398 = DIRECTION('',(0.707106781187,0.707106781187,0.));
#5399 = ORIENTED_EDGE('',*,*,#5400,.T.);
#5400 = EDGE_CURVE('',#5393,#5401,#5403,.T.);
#5401 = VERTEX_POINT('',#5402);
#5402 = CARTESIAN_POINT('',(9.8,1.,0.));
#5403 = LINE('',#5404,#5405);
#5404 = CARTESIAN_POINT('',(9.5,1.,0.));
#5405 = VECTOR('',#5406,1.);
#5406 = DIRECTION('',(1.,0.,0.));
#5407 = ORIENTED_EDGE('',*,*,#5408,.T.);
#5408 = EDGE_CURVE('',#5401,#5409,#5411,.T.);
#5409 = VERTEX_POINT('',#5410);
#5410 = CARTESIAN_POINT('',(10.,0.8,0.));
#5411 = LINE('',#5412,#5413);
#5412 = CARTESIAN_POINT('',(9.9,0.9,0.));
#5413 = VECTOR('',#5414,1.);
#5414 = DIRECTION('',(0.707106781187,-0.707106781187,0.));
#5415 = ORIENTED_EDGE('',*,*,#5416,.T.);
#5416 = EDGE_CURVE('',#5409,#5417,#5419,.T.);
#5417 = VERTEX_POINT('',#5418);
#5418 = CARTESIAN_POINT('',(10.2,1.,0.));
#5419 = LINE('',#5420,#5421);
#5420 = CARTESIAN_POINT('',(10.1,0.9,0.));
#5421 = VECTOR('',#5422,1.);
#5422 = DIRECTION('',(0.707106781187,0.707106781187,0.));
#5423 = ORIENTED_EDGE('',*,*,#5424,.T.);
#5424 = EDGE_CURVE('',#5417,#5425,#5427,.T.);
#5425 = VERTEX_POINT('',#5426);
#5426 = CARTESIAN_POINT('',(10.8,1.,0.));
#5427 = LINE('',#5428,#5429);
#5428 = CARTESIAN_POINT('',(10.5,1.,0.));
#5429 = VECTOR('',#5430,1.);
#5430 = DIRECTION('',(1.,0.,0.));
#5431 = ORIENTED_EDGE('',*,*,#5432,.T.);
#5432 = EDGE_CURVE('',#5425,#5433,#5435,.T.);
#5433 = VERTEX_POINT('',#5434);
#5434 = CARTESIAN_POINT('',(11.,0.8,0.));
#5435 = LINE('',#5436,#5437);
#5436 = CARTESIAN_POINT('',(10.9,0.9,0.));
#5437 = VECTOR('',#5438,1.);
#5438 = DIRECTION('',(0.707106781187,-0.707106781187,0.));
#5439 = ORIENTED_EDGE('',*,*,#5440,.T.);
#5440 = EDGE_CURVE('',#5433,#5441,#5443,.T.);
#5441 = VERTEX_POINT('',#5442);
#5442 = CARTESIAN_POINT('',(11.2,1.,0.));
#5443 = LINE('',#5444,#5445);
#5444 = CARTESIAN_POINT('',(11.1,0.9,0.));
#5445 = VECTOR('',#5446,1.);
#5446 = DIRECTION('',(0.707106781187,0.707106781187,0.));
#5447 = ORIENTED_EDGE('',*,*,#5448,.T.);
#5448 = EDGE_CURVE('',#5441,#5449,#5451,.T.);
#5449 = VERTEX_POINT('',#5450);
#5450 = CARTESIAN_POINT('',(11.8,1.,0.));
#5451 = LINE('',#5452,#5453);
#5452 = CARTESIAN_POINT('',(11.5,1.,0.));
#5453 = VECTOR('',#5454,1.);
#5454 = DIRECTION('',(1.,0.,0.));
#5455 = ORIENTED_EDGE('',*,*,#5456,.T.);
#5456 = EDGE_CURVE('',#5449,#5457,#5459,.T.);
#5457 = VERTEX_POINT('',#5458);
#5458 = CARTESIAN_POINT('',(12.,0.8,0.));
#5459 = LINE('',#5460,#5461);
#5460 = CARTESIAN_POINT('',(11.9,0.9,0.));
#5461 = VECTOR('',#5462,1.);
#5462 = DIRECTION('',(0.707106781187,-0.707106781187,0.));
#5463 = ORIENTED_EDGE('',*,*,#5464,.T.);
#5464 = EDGE_CURVE('',#5457,#5465,#5467,.T.);
#5465 = VERTEX_POINT('',#5466);
#5466 = CARTESIAN_POINT('',(12.,-0.8,0.));
#5467 = LINE('',#5468,#5469);
#5468 = CARTESIAN_POINT('',(12.,0.4,0.));
#5469 = VECTOR('',#5470,1.);
#5470 = DIRECTION('',(1.836970198721E-16,-1.,0.));
#5471 = ORIENTED_EDGE('',*,*,#5472,.F.);
#5472 = EDGE_CURVE('',#5473,#5465,#5475,.T.);
#5473 = VERTEX_POINT('',#5474);
#5474 = CARTESIAN_POINT('',(11.8,-1.,0.));
#5475 = LINE('',#5476,#5477);
#5476 = CARTESIAN_POINT('',(11.9,-0.9,0.));
#5477 = VECTOR('',#5478,1.);
#5478 = DIRECTION('',(0.707106781187,0.707106781187,0.));
#5479 = ORIENTED_EDGE('',*,*,#5480,.F.);
#5480 = EDGE_CURVE('',#5481,#5473,#5483,.T.);
#5481 = VERTEX_POINT('',#5482);
#5482 = CARTESIAN_POINT('',(11.2,-1.,0.));
#5483 = LINE('',#5484,#5485);
#5484 = CARTESIAN_POINT('',(11.5,-1.,0.));
#5485 = VECTOR('',#5486,1.);
#5486 = DIRECTION('',(1.,0.,0.));
#5487 = ORIENTED_EDGE('',*,*,#5488,.F.);
#5488 = EDGE_CURVE('',#5489,#5481,#5491,.T.);
#5489 = VERTEX_POINT('',#5490);
#5490 = CARTESIAN_POINT('',(11.,-0.8,0.));
#5491 = LINE('',#5492,#5493);
#5492 = CARTESIAN_POINT('',(11.1,-0.9,0.));
#5493 = VECTOR('',#5494,1.);
#5494 = DIRECTION('',(0.707106781187,-0.707106781187,0.));
#5495 = ORIENTED_EDGE('',*,*,#5496,.F.);
#5496 = EDGE_CURVE('',#5497,#5489,#5499,.T.);
#5497 = VERTEX_POINT('',#5498);
#5498 = CARTESIAN_POINT('',(10.8,-1.,0.));
#5499 = LINE('',#5500,#5501);
#5500 = CARTESIAN_POINT('',(10.9,-0.9,0.));
#5501 = VECTOR('',#5502,1.);
#5502 = DIRECTION('',(0.707106781187,0.707106781187,0.));
#5503 = ORIENTED_EDGE('',*,*,#5504,.F.);
#5504 = EDGE_CURVE('',#5505,#5497,#5507,.T.);
#5505 = VERTEX_POINT('',#5506);
#5506 = CARTESIAN_POINT('',(10.2,-1.,0.));
#5507 = LINE('',#5508,#5509);
#5508 = CARTESIAN_POINT('',(10.5,-1.,0.));
#5509 = VECTOR('',#5510,1.);
#5510 = DIRECTION('',(1.,0.,0.));
#5511 = ORIENTED_EDGE('',*,*,#5512,.F.);
#5512 = EDGE_CURVE('',#5513,#5505,#5515,.T.);
#5513 = VERTEX_POINT('',#5514);
#5514 = CARTESIAN_POINT('',(10.,-0.8,0.));
#5515 = LINE('',#5516,#5517);
#5516 = CARTESIAN_POINT('',(10.1,-0.9,0.));
#5517 = VECTOR('',#5518,1.);
#5518 = DIRECTION('',(0.707106781187,-0.707106781187,0.));
#5519 = ORIENTED_EDGE('',*,*,#5520,.F.);
#5520 = EDGE_CURVE('',#5521,#5513,#5523,.T.);
#5521 = VERTEX_POINT('',#5522);
#5522 = CARTESIAN_POINT('',(9.8,-1.,0.));
#5523 = LINE('',#5524,#5525);
#5524 = CARTESIAN_POINT('',(9.9,-0.9,0.));
#5525 = VECTOR('',#5526,1.);
#5526 = DIRECTION('',(0.707106781187,0.707106781187,0.));
#5527 = ORIENTED_EDGE('',*,*,#5528,.F.);
#5528 = EDGE_CURVE('',#5529,#5521,#5531,.T.);
#5529 = VERTEX_POINT('',#5530);
#5530 = CARTESIAN_POINT('',(9.2,-1.,0.));
#5531 = LINE('',#5532,#5533);
#5532 = CARTESIAN_POINT('',(9.5,-1.,0.));
#5533 = VECTOR('',#5534,1.);
#5534 = DIRECTION('',(1.,0.,0.));
#5535 = ORIENTED_EDGE('',*,*,#5536,.F.);
#5536 = EDGE_CURVE('',#5537,#5529,#5539,.T.);
#5537 = VERTEX_POINT('',#5538);
#5538 = CARTESIAN_POINT('',(9.,-0.8,0.));
#5539 = LINE('',#5540,#5541);
#5540 = CARTESIAN_POINT('',(9.1,-0.9,0.));
#5541 = VECTOR('',#5542,1.);
#5542 = DIRECTION('',(0.707106781187,-0.707106781187,0.));
#5543 = ORIENTED_EDGE('',*,*,#5544,.F.);
#5544 = EDGE_CURVE('',#5545,#5537,#5547,.T.);
#5545 = VERTEX_POINT('',#5546);
#5546 = CARTESIAN_POINT('',(8.8,-1.,0.));
#5547 = LINE('',#5548,#5549);
#5548 = CARTESIAN_POINT('',(8.9,-0.9,0.));
#5549 = VECTOR('',#5550,1.);
#5550 = DIRECTION('',(0.707106781187,0.707106781187,0.));
#5551 = ORIENTED_EDGE('',*,*,#5552,.F.);
#5552 = EDGE_CURVE('',#5553,#5545,#5555,.T.);
#5553 = VERTEX_POINT('',#5554);
#5554 = CARTESIAN_POINT('',(8.2,-1.,0.));
#5555 = LINE('',#5556,#5557);
#5556 = CARTESIAN_POINT('',(8.5,-1.,0.));
#5557 = VECTOR('',#5558,1.);
#5558 = DIRECTION('',(1.,0.,0.));
#5559 = ORIENTED_EDGE('',*,*,#5560,.F.);
#5560 = EDGE_CURVE('',#5561,#5553,#5563,.T.);
#5561 = VERTEX_POINT('',#5562);
#5562 = CARTESIAN_POINT('',(8.,-0.8,0.));
#5563 = LINE('',#5564,#5565);
#5564 = CARTESIAN_POINT('',(8.1,-0.9,0.));
#5565 = VECTOR('',#5566,1.);
#5566 = DIRECTION('',(0.707106781187,-0.707106781187,0.));
#5567 = ORIENTED_EDGE('',*,*,#5568,.F.);
#5568 = EDGE_CURVE('',#5569,#5561,#5571,.T.);
#5569 = VERTEX_POINT('',#5570);
#5570 = CARTESIAN_POINT('',(7.8,-1.,0.));
#5571 = LINE('',#5572,#5573);
#5572 = CARTESIAN_POINT('',(7.9,-0.9,0.));
#5573 = VECTOR('',#5574,1.);
#5574 = DIRECTION('',(0.707106781187,0.707106781187,0.));
#5575 = ORIENTED_EDGE('',*,*,#5576,.F.);
#5576 = EDGE_CURVE('',#5577,#5569,#5579,.T.);
#5577 = VERTEX_POINT('',#5578);
#5578 = CARTESIAN_POINT('',(7.2,-1.,0.));
#5579 = LINE('',#5580,#5581);
#5580 = CARTESIAN_POINT('',(7.5,-1.,0.));
#5581 = VECTOR('',#5582,1.);
#5582 = DIRECTION('',(1.,0.,0.));
#5583 = ORIENTED_EDGE('',*,*,#5584,.F.);
#5584 = EDGE_CURVE('',#5585,#5577,#5587,.T.);
#5585 = VERTEX_POINT('',#5586);
#5586 = CARTESIAN_POINT('',(7.,-0.8,0.));
#5587 = LINE('',#5588,#5589);
#5588 = CARTESIAN_POINT('',(7.1,-0.9,0.));
#5589 = VECTOR('',#5590,1.);
#5590 = DIRECTION('',(0.707106781187,-0.707106781187,0.));
#5591 = ORIENTED_EDGE('',*,*,#5592,.F.);
#5592 = EDGE_CURVE('',#5593,#5585,#5595,.T.);
#5593 = VERTEX_POINT('',#5594);
#5594 = CARTESIAN_POINT('',(6.8,-1.,0.));
#5595 = LINE('',#5596,#5597);
#5596 = CARTESIAN_POINT('',(6.9,-0.9,0.));
#5597 = VECTOR('',#5598,1.);
#5598 = DIRECTION('',(0.707106781187,0.707106781187,0.));
#5599 = ORIENTED_EDGE('',*,*,#5600,.F.);
#5600 = EDGE_CURVE('',#5601,#5593,#5603,.T.);
#5601 = VERTEX_POINT('',#5602);
#5602 = CARTESIAN_POINT('',(6.2,-1.,0.));
#5603 = LINE('',#5604,#5605);
#5604 = CARTESIAN_POINT('',(6.5,-1.,0.));
#5605 = VECTOR('',#5606,1.);
#5606 = DIRECTION('',(1.,0.,0.));
#5607 = ORIENTED_EDGE('',*,*,#5608,.F.);
#5608 = EDGE_CURVE('',#5609,#5601,#5611,.T.);
#5609 = VERTEX_POINT('',#5610);
#5610 = CARTESIAN_POINT('',(6.,-0.8,0.));
#5611 = LINE('',#5612,#5613);
#5612 = CARTESIAN_POINT('',(6.1,-0.9,0.));
#5613 = VECTOR('',#5614,1.);
#5614 = DIRECTION('',(0.707106781187,-0.707106781187,0.));
#5615 = ORIENTED_EDGE('',*,*,#5616,.F.);
#5616 = EDGE_CURVE('',#5617,#5609,#5619,.T.);
#5617 = VERTEX_POINT('',#5618);
#5618 = CARTESIAN_POINT('',(5.8,-1.,0.));
#5619 = LINE('',#5620,#5621);
#5620 = CARTESIAN_POINT('',(5.9,-0.9,0.));
#5621 = VECTOR('',#5622,1.);
#5622 = DIRECTION('',(0.707106781187,0.707106781187,0.));
#5623 = ORIENTED_EDGE('',*,*,#5624,.F.);
#5624 = EDGE_CURVE('',#5625,#5617,#5627,.T.);
#5625 = VERTEX_POINT('',#5626);
#5626 = CARTESIAN_POINT('',(5.2,-1.,0.));
#5627 = LINE('',#5628,#5629);
#5628 = CARTESIAN_POINT('',(5.5,-1.,0.));
#5629 = VECTOR('',#5630,1.);
#5630 = DIRECTION('',(1.,0.,0.));
#5631 = ORIENTED_EDGE('',*,*,#5632,.F.);
#5632 = EDGE_CURVE('',#5633,#5625,#5635,.T.);
#5633 = VERTEX_POINT('',#5634);
#5634 = CARTESIAN_POINT('',(5.,-0.8,0.));
#5635 = LINE('',#5636,#5637);
#5636 = CARTESIAN_POINT('',(5.1,-0.9,0.));
#5637 = VECTOR('',#5638,1.);
#5638 = DIRECTION('',(0.707106781187,-0.707106781187,0.));
#5639 = ORIENTED_EDGE('',*,*,#5640,.F.);
#5640 = EDGE_CURVE('',#5641,#5633,#5643,.T.);
#5641 = VERTEX_POINT('',#5642);
#5642 = CARTESIAN_POINT('',(4.8,-1.,0.));
#5643 = LINE('',#5644,#5645);
#5644 = CARTESIAN_POINT('',(4.9,-0.9,0.));
#5645 = VECTOR('',#5646,1.);
#5646 = DIRECTION('',(0.707106781187,0.707106781187,0.));
#5647 = ORIENTED_EDGE('',*,*,#5648,.F.);
#5648 = EDGE_CURVE('',#5649,#5641,#5651,.T.);
#5649 = VERTEX_POINT('',#5650);
#5650 = CARTESIAN_POINT('',(4.2,-1.,0.));
#5651 = LINE('',#5652,#5653);
#5652 = CARTESIAN_POINT('',(4.5,-1.,0.));
#5653 = VECTOR('',#5654,1.);
#5654 = DIRECTION('',(1.,0.,0.));
#5655 = ORIENTED_EDGE('',*,*,#5656,.F.);
#5656 = EDGE_CURVE('',#5657,#5649,#5659,.T.);
#5657 = VERTEX_POINT('',#5658);
#5658 = CARTESIAN_POINT('',(4.,-0.8,0.));
#5659 = LINE('',#5660,#5661);
#5660 = CARTESIAN_POINT('',(4.1,-0.9,0.));
#5661 = VECTOR('',#5662,1.);
#5662 = DIRECTION('',(0.707106781187,-0.707106781187,0.));
#5663 = ORIENTED_EDGE('',*,*,#5664,.F.);
#5664 = EDGE_CURVE('',#5665,#5657,#5667,.T.);
#5665 = VERTEX_POINT('',#5666);
#5666 = CARTESIAN_POINT('',(3.8,-1.,0.));
#5667 = LINE('',#5668,#5669);
#5668 = CARTESIAN_POINT('',(3.9,-0.9,0.));
#5669 = VECTOR('',#5670,1.);
#5670 = DIRECTION('',(0.707106781187,0.707106781187,0.));
#5671 = ORIENTED_EDGE('',*,*,#5672,.F.);
#5672 = EDGE_CURVE('',#5673,#5665,#5675,.T.);
#5673 = VERTEX_POINT('',#5674);
#5674 = CARTESIAN_POINT('',(3.2,-1.,0.));
#5675 = LINE('',#5676,#5677);
#5676 = CARTESIAN_POINT('',(3.5,-1.,0.));
#5677 = VECTOR('',#5678,1.);
#5678 = DIRECTION('',(1.,0.,0.));
#5679 = ORIENTED_EDGE('',*,*,#5680,.F.);
#5680 = EDGE_CURVE('',#5681,#5673,#5683,.T.);
#5681 = VERTEX_POINT('',#5682);
#5682 = CARTESIAN_POINT('',(3.,-0.8,0.));
#5683 = LINE('',#5684,#5685);
#5684 = CARTESIAN_POINT('',(3.1,-0.9,0.));
#5685 = VECTOR('',#5686,1.);
#5686 = DIRECTION('',(0.707106781187,-0.707106781187,0.));
#5687 = ORIENTED_EDGE('',*,*,#5688,.F.);
#5688 = EDGE_CURVE('',#5689,#5681,#5691,.T.);
#5689 = VERTEX_POINT('',#5690);
#5690 = CARTESIAN_POINT('',(2.8,-1.,0.));
#5691 = LINE('',#5692,#5693);
#5692 = CARTESIAN_POINT('',(2.9,-0.9,0.));
#5693 = VECTOR('',#5694,1.);
#5694 = DIRECTION('',(0.707106781187,0.707106781187,0.));
#5695 = ORIENTED_EDGE('',*,*,#5696,.F.);
#5696 = EDGE_CURVE('',#5697,#5689,#5699,.T.);
#5697 = VERTEX_POINT('',#5698);
#5698 = CARTESIAN_POINT('',(2.2,-1.,0.));
#5699 = LINE('',#5700,#5701);
#5700 = CARTESIAN_POINT('',(2.5,-1.,0.));
#5701 = VECTOR('',#5702,1.);
#5702 = DIRECTION('',(1.,0.,0.));
#5703 = ORIENTED_EDGE('',*,*,#5704,.F.);
#5704 = EDGE_CURVE('',#5705,#5697,#5707,.T.);
#5705 = VERTEX_POINT('',#5706);
#5706 = CARTESIAN_POINT('',(2.,-0.8,0.));
#5707 = LINE('',#5708,#5709);
#5708 = CARTESIAN_POINT('',(2.1,-0.9,0.));
#5709 = VECTOR('',#5710,1.);
#5710 = DIRECTION('',(0.707106781187,-0.707106781187,0.));
#5711 = ORIENTED_EDGE('',*,*,#5712,.F.);
#5712 = EDGE_CURVE('',#5713,#5705,#5715,.T.);
#5713 = VERTEX_POINT('',#5714);
#5714 = CARTESIAN_POINT('',(1.8,-1.,0.));
#5715 = LINE('',#5716,#5717);
#5716 = CARTESIAN_POINT('',(1.9,-0.9,0.));
#5717 = VECTOR('',#5718,1.);
#5718 = DIRECTION('',(0.707106781187,0.707106781187,0.));
#5719 = ORIENTED_EDGE('',*,*,#5720,.F.);
#5720 = EDGE_CURVE('',#5721,#5713,#5723,.T.);
#5721 = VERTEX_POINT('',#5722);
#5722 = CARTESIAN_POINT('',(1.2,-1.,0.));
#5723 = LINE('',#5724,#5725);
#5724 = CARTESIAN_POINT('',(1.5,-1.,0.));
#5725 = VECTOR('',#5726,1.);
#5726 = DIRECTION('',(1.,0.,0.));
#5727 = ORIENTED_EDGE('',*,*,#5728,.F.);
#5728 = EDGE_CURVE('',#5729,#5721,#5731,.T.);
#5729 = VERTEX_POINT('',#5730);
#5730 = CARTESIAN_POINT('',(1.,-0.8,0.));
#5731 = LINE('',#5732,#5733);
#5732 = CARTESIAN_POINT('',(1.1,-0.9,0.));
#5733 = VECTOR('',#5734,1.);
#5734 = DIRECTION('',(0.707106781187,-0.707106781187,0.));
#5735 = ORIENTED_EDGE('',*,*,#5736,.F.);
#5736 = EDGE_CURVE('',#5737,#5729,#5739,.T.);
#5737 = VERTEX_POINT('',#5738);
#5738 = CARTESIAN_POINT('',(0.8,-1.,0.));
#5739 = LINE('',#5740,#5741);
#5740 = CARTESIAN_POINT('',(0.9,-0.9,0.));
#5741 = VECTOR('',#5742,1.);
#5742 = DIRECTION('',(0.707106781187,0.707106781187,0.));
#5743 = ORIENTED_EDGE('',*,*,#5744,.F.);
#5744 = EDGE_CURVE('',#5745,#5737,#5747,.T.);
#5745 = VERTEX_POINT('',#5746);
#5746 = CARTESIAN_POINT('',(0.2,-1.,0.));
#5747 = LINE('',#5748,#5749);
#5748 = CARTESIAN_POINT('',(0.5,-1.,0.));
#5749 = VECTOR('',#5750,1.);
#5750 = DIRECTION('',(1.,0.,0.));
#5751 = ORIENTED_EDGE('',*,*,#5752,.F.);
#5752 = EDGE_CURVE('',#5753,#5745,#5755,.T.);
#5753 = VERTEX_POINT('',#5754);
#5754 = CARTESIAN_POINT('',(2.168404344971E-16,-0.8,0.));
#5755 = LINE('',#5756,#5757);
#5756 = CARTESIAN_POINT('',(0.1,-0.9,0.));
#5757 = VECTOR('',#5758,1.);
#5758 = DIRECTION('',(0.707106781187,-0.707106781187,0.));
#5759 = ORIENTED_EDGE('',*,*,#5760,.F.);
#5760 = EDGE_CURVE('',#5761,#5753,#5763,.T.);
#5761 = VERTEX_POINT('',#5762);
#5762 = CARTESIAN_POINT('',(-0.2,-1.,0.));
#5763 = LINE('',#5764,#5765);
#5764 = CARTESIAN_POINT('',(-0.1,-0.9,0.));
#5765 = VECTOR('',#5766,1.);
#5766 = DIRECTION('',(0.707106781187,0.707106781187,0.));
#5767 = ORIENTED_EDGE('',*,*,#5768,.F.);
#5768 = EDGE_CURVE('',#5769,#5761,#5771,.T.);
#5769 = VERTEX_POINT('',#5770);
#5770 = CARTESIAN_POINT('',(-0.8,-1.,0.));
#5771 = LINE('',#5772,#5773);
#5772 = CARTESIAN_POINT('',(-0.5,-1.,0.));
#5773 = VECTOR('',#5774,1.);
#5774 = DIRECTION('',(1.,0.,0.));
#5775 = ORIENTED_EDGE('',*,*,#5776,.F.);
#5776 = EDGE_CURVE('',#3477,#5769,#5777,.T.);
#5777 = LINE('',#5778,#5779);
#5778 = CARTESIAN_POINT('',(-0.9,-0.9,0.));
#5779 = VECTOR('',#5780,1.);
#5780 = DIRECTION('',(0.707106781187,-0.707106781187,0.));
#5781 = ORIENTED_EDGE('',*,*,#3476,.F.);
#5782 = FACE_BOUND('',#5783,.T.);
#5783 = EDGE_LOOP('',(#5784,#5794,#5802,#5810));
#5784 = ORIENTED_EDGE('',*,*,#5785,.F.);
#5785 = EDGE_CURVE('',#5786,#5788,#5790,.T.);
#5786 = VERTEX_POINT('',#5787);
#5787 = CARTESIAN_POINT('',(-0.65,-0.65,0.));
#5788 = VERTEX_POINT('',#5789);
#5789 = CARTESIAN_POINT('',(-0.65,-0.35,0.));
#5790 = LINE('',#5791,#5792);
#5791 = CARTESIAN_POINT('',(-0.65,-0.5,0.));
#5792 = VECTOR('',#5793,1.);
#5793 = DIRECTION('',(0.,1.,0.));
#5794 = ORIENTED_EDGE('',*,*,#5795,.T.);
#5795 = EDGE_CURVE('',#5786,#5796,#5798,.T.);
#5796 = VERTEX_POINT('',#5797);
#5797 = CARTESIAN_POINT('',(-0.35,-0.65,0.));
#5798 = LINE('',#5799,#5800);
#5799 = CARTESIAN_POINT('',(-0.5,-0.65,0.));
#5800 = VECTOR('',#5801,1.);
#5801 = DIRECTION('',(1.,0.,0.));
#5802 = ORIENTED_EDGE('',*,*,#5803,.T.);
#5803 = EDGE_CURVE('',#5796,#5804,#5806,.T.);
#5804 = VERTEX_POINT('',#5805);
#5805 = CARTESIAN_POINT('',(-0.35,-0.35,0.));
#5806 = LINE('',#5807,#5808);
#5807 = CARTESIAN_POINT('',(-0.35,-0.5,0.));
#5808 = VECTOR('',#5809,1.);
#5809 = DIRECTION('',(0.,1.,0.));
#5810 = ORIENTED_EDGE('',*,*,#5811,.F.);
#5811 = EDGE_CURVE('',#5788,#5804,#5812,.T.);
#5812 = LINE('',#5813,#5814);
#5813 = CARTESIAN_POINT('',(-0.5,-0.35,0.));
#5814 = VECTOR('',#5815,1.);
#5815 = DIRECTION('',(1.,0.,0.));
#5816 = FACE_BOUND('',#5817,.T.);
#5817 = EDGE_LOOP('',(#5818,#5828,#5836,#5844));
#5818 = ORIENTED_EDGE('',*,*,#5819,.T.);
#5819 = EDGE_CURVE('',#5820,#5822,#5824,.T.);
#5820 = VERTEX_POINT('',#5821);
#5821 = CARTESIAN_POINT('',(0.35,0.65,0.));
#5822 = VERTEX_POINT('',#5823);
#5823 = CARTESIAN_POINT('',(0.35,0.35,0.));
#5824 = LINE('',#5825,#5826);
#5825 = CARTESIAN_POINT('',(0.35,0.5,0.));
#5826 = VECTOR('',#5827,1.);
#5827 = DIRECTION('',(0.,-1.,0.));
#5828 = ORIENTED_EDGE('',*,*,#5829,.T.);
#5829 = EDGE_CURVE('',#5822,#5830,#5832,.T.);
#5830 = VERTEX_POINT('',#5831);
#5831 = CARTESIAN_POINT('',(0.65,0.35,0.));
#5832 = LINE('',#5833,#5834);
#5833 = CARTESIAN_POINT('',(0.5,0.35,0.));
#5834 = VECTOR('',#5835,1.);
#5835 = DIRECTION('',(1.,0.,0.));
#5836 = ORIENTED_EDGE('',*,*,#5837,.F.);
#5837 = EDGE_CURVE('',#5838,#5830,#5840,.T.);
#5838 = VERTEX_POINT('',#5839);
#5839 = CARTESIAN_POINT('',(0.65,0.65,0.));
#5840 = LINE('',#5841,#5842);
#5841 = CARTESIAN_POINT('',(0.65,0.5,0.));
#5842 = VECTOR('',#5843,1.);
#5843 = DIRECTION('',(0.,-1.,0.));
#5844 = ORIENTED_EDGE('',*,*,#5845,.F.);
#5845 = EDGE_CURVE('',#5820,#5838,#5846,.T.);
#5846 = LINE('',#5847,#5848);
#5847 = CARTESIAN_POINT('',(0.5,0.65,0.));
#5848 = VECTOR('',#5849,1.);
#5849 = DIRECTION('',(1.,0.,0.));
#5850 = FACE_BOUND('',#5851,.T.);
#5851 = EDGE_LOOP('',(#5852,#5862,#5870,#5878));
#5852 = ORIENTED_EDGE('',*,*,#5853,.F.);
#5853 = EDGE_CURVE('',#5854,#5856,#5858,.T.);
#5854 = VERTEX_POINT('',#5855);
#5855 = CARTESIAN_POINT('',(0.35,-0.65,0.));
#5856 = VERTEX_POINT('',#5857);
#5857 = CARTESIAN_POINT('',(0.35,-0.35,0.));
#5858 = LINE('',#5859,#5860);
#5859 = CARTESIAN_POINT('',(0.35,-0.5,0.));
#5860 = VECTOR('',#5861,1.);
#5861 = DIRECTION('',(0.,1.,0.));
#5862 = ORIENTED_EDGE('',*,*,#5863,.T.);
#5863 = EDGE_CURVE('',#5854,#5864,#5866,.T.);
#5864 = VERTEX_POINT('',#5865);
#5865 = CARTESIAN_POINT('',(0.65,-0.65,0.));
#5866 = LINE('',#5867,#5868);
#5867 = CARTESIAN_POINT('',(0.5,-0.65,0.));
#5868 = VECTOR('',#5869,1.);
#5869 = DIRECTION('',(1.,0.,0.));
#5870 = ORIENTED_EDGE('',*,*,#5871,.T.);
#5871 = EDGE_CURVE('',#5864,#5872,#5874,.T.);
#5872 = VERTEX_POINT('',#5873);
#5873 = CARTESIAN_POINT('',(0.65,-0.35,0.));
#5874 = LINE('',#5875,#5876);
#5875 = CARTESIAN_POINT('',(0.65,-0.5,0.));
#5876 = VECTOR('',#5877,1.);
#5877 = DIRECTION('',(0.,1.,0.));
#5878 = ORIENTED_EDGE('',*,*,#5879,.F.);
#5879 = EDGE_CURVE('',#5856,#5872,#5880,.T.);
#5880 = LINE('',#5881,#5882);
#5881 = CARTESIAN_POINT('',(0.5,-0.35,0.));
#5882 = VECTOR('',#5883,1.);
#5883 = DIRECTION('',(1.,0.,0.));
#5884 = FACE_BOUND('',#5885,.T.);
#5885 = EDGE_LOOP('',(#5886,#5896,#5904,#5912));
#5886 = ORIENTED_EDGE('',*,*,#5887,.T.);
#5887 = EDGE_CURVE('',#5888,#5890,#5892,.T.);
#5888 = VERTEX_POINT('',#5889);
#5889 = CARTESIAN_POINT('',(1.35,0.65,0.));
#5890 = VERTEX_POINT('',#5891);
#5891 = CARTESIAN_POINT('',(1.35,0.35,0.));
#5892 = LINE('',#5893,#5894);
#5893 = CARTESIAN_POINT('',(1.35,0.5,0.));
#5894 = VECTOR('',#5895,1.);
#5895 = DIRECTION('',(0.,-1.,0.));
#5896 = ORIENTED_EDGE('',*,*,#5897,.T.);
#5897 = EDGE_CURVE('',#5890,#5898,#5900,.T.);
#5898 = VERTEX_POINT('',#5899);
#5899 = CARTESIAN_POINT('',(1.65,0.35,0.));
#5900 = LINE('',#5901,#5902);
#5901 = CARTESIAN_POINT('',(1.5,0.35,0.));
#5902 = VECTOR('',#5903,1.);
#5903 = DIRECTION('',(1.,0.,0.));
#5904 = ORIENTED_EDGE('',*,*,#5905,.F.);
#5905 = EDGE_CURVE('',#5906,#5898,#5908,.T.);
#5906 = VERTEX_POINT('',#5907);
#5907 = CARTESIAN_POINT('',(1.65,0.65,0.));
#5908 = LINE('',#5909,#5910);
#5909 = CARTESIAN_POINT('',(1.65,0.5,0.));
#5910 = VECTOR('',#5911,1.);
#5911 = DIRECTION('',(0.,-1.,0.));
#5912 = ORIENTED_EDGE('',*,*,#5913,.F.);
#5913 = EDGE_CURVE('',#5888,#5906,#5914,.T.);
#5914 = LINE('',#5915,#5916);
#5915 = CARTESIAN_POINT('',(1.5,0.65,0.));
#5916 = VECTOR('',#5917,1.);
#5917 = DIRECTION('',(1.,0.,0.));
#5918 = FACE_BOUND('',#5919,.T.);
#5919 = EDGE_LOOP('',(#5920,#5930,#5938,#5946));
#5920 = ORIENTED_EDGE('',*,*,#5921,.F.);
#5921 = EDGE_CURVE('',#5922,#5924,#5926,.T.);
#5922 = VERTEX_POINT('',#5923);
#5923 = CARTESIAN_POINT('',(1.35,-0.65,0.));
#5924 = VERTEX_POINT('',#5925);
#5925 = CARTESIAN_POINT('',(1.35,-0.35,0.));
#5926 = LINE('',#5927,#5928);
#5927 = CARTESIAN_POINT('',(1.35,-0.5,0.));
#5928 = VECTOR('',#5929,1.);
#5929 = DIRECTION('',(0.,1.,0.));
#5930 = ORIENTED_EDGE('',*,*,#5931,.T.);
#5931 = EDGE_CURVE('',#5922,#5932,#5934,.T.);
#5932 = VERTEX_POINT('',#5933);
#5933 = CARTESIAN_POINT('',(1.65,-0.65,0.));
#5934 = LINE('',#5935,#5936);
#5935 = CARTESIAN_POINT('',(1.5,-0.65,0.));
#5936 = VECTOR('',#5937,1.);
#5937 = DIRECTION('',(1.,0.,0.));
#5938 = ORIENTED_EDGE('',*,*,#5939,.T.);
#5939 = EDGE_CURVE('',#5932,#5940,#5942,.T.);
#5940 = VERTEX_POINT('',#5941);
#5941 = CARTESIAN_POINT('',(1.65,-0.35,0.));
#5942 = LINE('',#5943,#5944);
#5943 = CARTESIAN_POINT('',(1.65,-0.5,0.));
#5944 = VECTOR('',#5945,1.);
#5945 = DIRECTION('',(0.,1.,0.));
#5946 = ORIENTED_EDGE('',*,*,#5947,.F.);
#5947 = EDGE_CURVE('',#5924,#5940,#5948,.T.);
#5948 = LINE('',#5949,#5950);
#5949 = CARTESIAN_POINT('',(1.5,-0.35,0.));
#5950 = VECTOR('',#5951,1.);
#5951 = DIRECTION('',(1.,0.,0.));
#5952 = FACE_BOUND('',#5953,.T.);
#5953 = EDGE_LOOP('',(#5954,#5964,#5972,#5980));
#5954 = ORIENTED_EDGE('',*,*,#5955,.T.);
#5955 = EDGE_CURVE('',#5956,#5958,#5960,.T.);
#5956 = VERTEX_POINT('',#5957);
#5957 = CARTESIAN_POINT('',(2.35,0.65,0.));
#5958 = VERTEX_POINT('',#5959);
#5959 = CARTESIAN_POINT('',(2.35,0.35,0.));
#5960 = LINE('',#5961,#5962);
#5961 = CARTESIAN_POINT('',(2.35,0.5,0.));
#5962 = VECTOR('',#5963,1.);
#5963 = DIRECTION('',(0.,-1.,0.));
#5964 = ORIENTED_EDGE('',*,*,#5965,.T.);
#5965 = EDGE_CURVE('',#5958,#5966,#5968,.T.);
#5966 = VERTEX_POINT('',#5967);
#5967 = CARTESIAN_POINT('',(2.65,0.35,0.));
#5968 = LINE('',#5969,#5970);
#5969 = CARTESIAN_POINT('',(2.5,0.35,0.));
#5970 = VECTOR('',#5971,1.);
#5971 = DIRECTION('',(1.,0.,0.));
#5972 = ORIENTED_EDGE('',*,*,#5973,.F.);
#5973 = EDGE_CURVE('',#5974,#5966,#5976,.T.);
#5974 = VERTEX_POINT('',#5975);
#5975 = CARTESIAN_POINT('',(2.65,0.65,0.));
#5976 = LINE('',#5977,#5978);
#5977 = CARTESIAN_POINT('',(2.65,0.5,0.));
#5978 = VECTOR('',#5979,1.);
#5979 = DIRECTION('',(0.,-1.,0.));
#5980 = ORIENTED_EDGE('',*,*,#5981,.F.);
#5981 = EDGE_CURVE('',#5956,#5974,#5982,.T.);
#5982 = LINE('',#5983,#5984);
#5983 = CARTESIAN_POINT('',(2.5,0.65,0.));
#5984 = VECTOR('',#5985,1.);
#5985 = DIRECTION('',(1.,0.,0.));
#5986 = FACE_BOUND('',#5987,.T.);
#5987 = EDGE_LOOP('',(#5988,#5998,#6006,#6014));
#5988 = ORIENTED_EDGE('',*,*,#5989,.F.);
#5989 = EDGE_CURVE('',#5990,#5992,#5994,.T.);
#5990 = VERTEX_POINT('',#5991);
#5991 = CARTESIAN_POINT('',(2.35,-0.65,0.));
#5992 = VERTEX_POINT('',#5993);
#5993 = CARTESIAN_POINT('',(2.35,-0.35,0.));
#5994 = LINE('',#5995,#5996);
#5995 = CARTESIAN_POINT('',(2.35,-0.5,0.));
#5996 = VECTOR('',#5997,1.);
#5997 = DIRECTION('',(0.,1.,0.));
#5998 = ORIENTED_EDGE('',*,*,#5999,.T.);
#5999 = EDGE_CURVE('',#5990,#6000,#6002,.T.);
#6000 = VERTEX_POINT('',#6001);
#6001 = CARTESIAN_POINT('',(2.65,-0.65,0.));
#6002 = LINE('',#6003,#6004);
#6003 = CARTESIAN_POINT('',(2.5,-0.65,0.));
#6004 = VECTOR('',#6005,1.);
#6005 = DIRECTION('',(1.,0.,0.));
#6006 = ORIENTED_EDGE('',*,*,#6007,.T.);
#6007 = EDGE_CURVE('',#6000,#6008,#6010,.T.);
#6008 = VERTEX_POINT('',#6009);
#6009 = CARTESIAN_POINT('',(2.65,-0.35,0.));
#6010 = LINE('',#6011,#6012);
#6011 = CARTESIAN_POINT('',(2.65,-0.5,0.));
#6012 = VECTOR('',#6013,1.);
#6013 = DIRECTION('',(0.,1.,0.));
#6014 = ORIENTED_EDGE('',*,*,#6015,.F.);
#6015 = EDGE_CURVE('',#5992,#6008,#6016,.T.);
#6016 = LINE('',#6017,#6018);
#6017 = CARTESIAN_POINT('',(2.5,-0.35,0.));
#6018 = VECTOR('',#6019,1.);
#6019 = DIRECTION('',(1.,0.,0.));
#6020 = FACE_BOUND('',#6021,.T.);
#6021 = EDGE_LOOP('',(#6022,#6032,#6040,#6048));
#6022 = ORIENTED_EDGE('',*,*,#6023,.T.);
#6023 = EDGE_CURVE('',#6024,#6026,#6028,.T.);
#6024 = VERTEX_POINT('',#6025);
#6025 = CARTESIAN_POINT('',(3.35,0.65,0.));
#6026 = VERTEX_POINT('',#6027);
#6027 = CARTESIAN_POINT('',(3.35,0.35,0.));
#6028 = LINE('',#6029,#6030);
#6029 = CARTESIAN_POINT('',(3.35,0.5,0.));
#6030 = VECTOR('',#6031,1.);
#6031 = DIRECTION('',(0.,-1.,0.));
#6032 = ORIENTED_EDGE('',*,*,#6033,.T.);
#6033 = EDGE_CURVE('',#6026,#6034,#6036,.T.);
#6034 = VERTEX_POINT('',#6035);
#6035 = CARTESIAN_POINT('',(3.65,0.35,0.));
#6036 = LINE('',#6037,#6038);
#6037 = CARTESIAN_POINT('',(3.5,0.35,0.));
#6038 = VECTOR('',#6039,1.);
#6039 = DIRECTION('',(1.,0.,0.));
#6040 = ORIENTED_EDGE('',*,*,#6041,.F.);
#6041 = EDGE_CURVE('',#6042,#6034,#6044,.T.);
#6042 = VERTEX_POINT('',#6043);
#6043 = CARTESIAN_POINT('',(3.65,0.65,0.));
#6044 = LINE('',#6045,#6046);
#6045 = CARTESIAN_POINT('',(3.65,0.5,0.));
#6046 = VECTOR('',#6047,1.);
#6047 = DIRECTION('',(0.,-1.,0.));
#6048 = ORIENTED_EDGE('',*,*,#6049,.F.);
#6049 = EDGE_CURVE('',#6024,#6042,#6050,.T.);
#6050 = LINE('',#6051,#6052);
#6051 = CARTESIAN_POINT('',(3.5,0.65,0.));
#6052 = VECTOR('',#6053,1.);
#6053 = DIRECTION('',(1.,0.,0.));
#6054 = FACE_BOUND('',#6055,.T.);
#6055 = EDGE_LOOP('',(#6056,#6066,#6074,#6082));
#6056 = ORIENTED_EDGE('',*,*,#6057,.F.);
#6057 = EDGE_CURVE('',#6058,#6060,#6062,.T.);
#6058 = VERTEX_POINT('',#6059);
#6059 = CARTESIAN_POINT('',(3.35,-0.65,0.));
#6060 = VERTEX_POINT('',#6061);
#6061 = CARTESIAN_POINT('',(3.35,-0.35,0.));
#6062 = LINE('',#6063,#6064);
#6063 = CARTESIAN_POINT('',(3.35,-0.5,0.));
#6064 = VECTOR('',#6065,1.);
#6065 = DIRECTION('',(0.,1.,0.));
#6066 = ORIENTED_EDGE('',*,*,#6067,.T.);
#6067 = EDGE_CURVE('',#6058,#6068,#6070,.T.);
#6068 = VERTEX_POINT('',#6069);
#6069 = CARTESIAN_POINT('',(3.65,-0.65,0.));
#6070 = LINE('',#6071,#6072);
#6071 = CARTESIAN_POINT('',(3.5,-0.65,0.));
#6072 = VECTOR('',#6073,1.);
#6073 = DIRECTION('',(1.,0.,0.));
#6074 = ORIENTED_EDGE('',*,*,#6075,.T.);
#6075 = EDGE_CURVE('',#6068,#6076,#6078,.T.);
#6076 = VERTEX_POINT('',#6077);
#6077 = CARTESIAN_POINT('',(3.65,-0.35,0.));
#6078 = LINE('',#6079,#6080);
#6079 = CARTESIAN_POINT('',(3.65,-0.5,0.));
#6080 = VECTOR('',#6081,1.);
#6081 = DIRECTION('',(0.,1.,0.));
#6082 = ORIENTED_EDGE('',*,*,#6083,.F.);
#6083 = EDGE_CURVE('',#6060,#6076,#6084,.T.);
#6084 = LINE('',#6085,#6086);
#6085 = CARTESIAN_POINT('',(3.5,-0.35,0.));
#6086 = VECTOR('',#6087,1.);
#6087 = DIRECTION('',(1.,0.,0.));
#6088 = FACE_BOUND('',#6089,.T.);
#6089 = EDGE_LOOP('',(#6090,#6100,#6108,#6116));
#6090 = ORIENTED_EDGE('',*,*,#6091,.T.);
#6091 = EDGE_CURVE('',#6092,#6094,#6096,.T.);
#6092 = VERTEX_POINT('',#6093);
#6093 = CARTESIAN_POINT('',(4.35,0.65,0.));
#6094 = VERTEX_POINT('',#6095);
#6095 = CARTESIAN_POINT('',(4.35,0.35,0.));
#6096 = LINE('',#6097,#6098);
#6097 = CARTESIAN_POINT('',(4.35,0.5,0.));
#6098 = VECTOR('',#6099,1.);
#6099 = DIRECTION('',(0.,-1.,0.));
#6100 = ORIENTED_EDGE('',*,*,#6101,.T.);
#6101 = EDGE_CURVE('',#6094,#6102,#6104,.T.);
#6102 = VERTEX_POINT('',#6103);
#6103 = CARTESIAN_POINT('',(4.65,0.35,0.));
#6104 = LINE('',#6105,#6106);
#6105 = CARTESIAN_POINT('',(4.5,0.35,0.));
#6106 = VECTOR('',#6107,1.);
#6107 = DIRECTION('',(1.,0.,0.));
#6108 = ORIENTED_EDGE('',*,*,#6109,.F.);
#6109 = EDGE_CURVE('',#6110,#6102,#6112,.T.);
#6110 = VERTEX_POINT('',#6111);
#6111 = CARTESIAN_POINT('',(4.65,0.65,0.));
#6112 = LINE('',#6113,#6114);
#6113 = CARTESIAN_POINT('',(4.65,0.5,0.));
#6114 = VECTOR('',#6115,1.);
#6115 = DIRECTION('',(0.,-1.,0.));
#6116 = ORIENTED_EDGE('',*,*,#6117,.F.);
#6117 = EDGE_CURVE('',#6092,#6110,#6118,.T.);
#6118 = LINE('',#6119,#6120);
#6119 = CARTESIAN_POINT('',(4.5,0.65,0.));
#6120 = VECTOR('',#6121,1.);
#6121 = DIRECTION('',(1.,0.,0.));
#6122 = FACE_BOUND('',#6123,.T.);
#6123 = EDGE_LOOP('',(#6124,#6134,#6142,#6150));
#6124 = ORIENTED_EDGE('',*,*,#6125,.F.);
#6125 = EDGE_CURVE('',#6126,#6128,#6130,.T.);
#6126 = VERTEX_POINT('',#6127);
#6127 = CARTESIAN_POINT('',(4.35,-0.65,0.));
#6128 = VERTEX_POINT('',#6129);
#6129 = CARTESIAN_POINT('',(4.35,-0.35,0.));
#6130 = LINE('',#6131,#6132);
#6131 = CARTESIAN_POINT('',(4.35,-0.5,0.));
#6132 = VECTOR('',#6133,1.);
#6133 = DIRECTION('',(0.,1.,0.));
#6134 = ORIENTED_EDGE('',*,*,#6135,.T.);
#6135 = EDGE_CURVE('',#6126,#6136,#6138,.T.);
#6136 = VERTEX_POINT('',#6137);
#6137 = CARTESIAN_POINT('',(4.65,-0.65,0.));
#6138 = LINE('',#6139,#6140);
#6139 = CARTESIAN_POINT('',(4.5,-0.65,0.));
#6140 = VECTOR('',#6141,1.);
#6141 = DIRECTION('',(1.,0.,0.));
#6142 = ORIENTED_EDGE('',*,*,#6143,.T.);
#6143 = EDGE_CURVE('',#6136,#6144,#6146,.T.);
#6144 = VERTEX_POINT('',#6145);
#6145 = CARTESIAN_POINT('',(4.65,-0.35,0.));
#6146 = LINE('',#6147,#6148);
#6147 = CARTESIAN_POINT('',(4.65,-0.5,0.));
#6148 = VECTOR('',#6149,1.);
#6149 = DIRECTION('',(0.,1.,0.));
#6150 = ORIENTED_EDGE('',*,*,#6151,.F.);
#6151 = EDGE_CURVE('',#6128,#6144,#6152,.T.);
#6152 = LINE('',#6153,#6154);
#6153 = CARTESIAN_POINT('',(4.5,-0.35,0.));
#6154 = VECTOR('',#6155,1.);
#6155 = DIRECTION('',(1.,0.,0.));
#6156 = FACE_BOUND('',#6157,.T.);
#6157 = EDGE_LOOP('',(#6158,#6168,#6176,#6184));
#6158 = ORIENTED_EDGE('',*,*,#6159,.T.);
#6159 = EDGE_CURVE('',#6160,#6162,#6164,.T.);
#6160 = VERTEX_POINT('',#6161);
#6161 = CARTESIAN_POINT('',(5.35,0.65,0.));
#6162 = VERTEX_POINT('',#6163);
#6163 = CARTESIAN_POINT('',(5.35,0.35,0.));
#6164 = LINE('',#6165,#6166);
#6165 = CARTESIAN_POINT('',(5.35,0.5,0.));
#6166 = VECTOR('',#6167,1.);
#6167 = DIRECTION('',(0.,-1.,0.));
#6168 = ORIENTED_EDGE('',*,*,#6169,.T.);
#6169 = EDGE_CURVE('',#6162,#6170,#6172,.T.);
#6170 = VERTEX_POINT('',#6171);
#6171 = CARTESIAN_POINT('',(5.65,0.35,0.));
#6172 = LINE('',#6173,#6174);
#6173 = CARTESIAN_POINT('',(5.5,0.35,0.));
#6174 = VECTOR('',#6175,1.);
#6175 = DIRECTION('',(1.,0.,0.));
#6176 = ORIENTED_EDGE('',*,*,#6177,.F.);
#6177 = EDGE_CURVE('',#6178,#6170,#6180,.T.);
#6178 = VERTEX_POINT('',#6179);
#6179 = CARTESIAN_POINT('',(5.65,0.65,0.));
#6180 = LINE('',#6181,#6182);
#6181 = CARTESIAN_POINT('',(5.65,0.5,0.));
#6182 = VECTOR('',#6183,1.);
#6183 = DIRECTION('',(0.,-1.,0.));
#6184 = ORIENTED_EDGE('',*,*,#6185,.F.);
#6185 = EDGE_CURVE('',#6160,#6178,#6186,.T.);
#6186 = LINE('',#6187,#6188);
#6187 = CARTESIAN_POINT('',(5.5,0.65,0.));
#6188 = VECTOR('',#6189,1.);
#6189 = DIRECTION('',(1.,0.,0.));
#6190 = FACE_BOUND('',#6191,.T.);
#6191 = EDGE_LOOP('',(#6192,#6202,#6210,#6218));
#6192 = ORIENTED_EDGE('',*,*,#6193,.F.);
#6193 = EDGE_CURVE('',#6194,#6196,#6198,.T.);
#6194 = VERTEX_POINT('',#6195);
#6195 = CARTESIAN_POINT('',(5.35,-0.65,0.));
#6196 = VERTEX_POINT('',#6197);
#6197 = CARTESIAN_POINT('',(5.35,-0.35,0.));
#6198 = LINE('',#6199,#6200);
#6199 = CARTESIAN_POINT('',(5.35,-0.5,0.));
#6200 = VECTOR('',#6201,1.);
#6201 = DIRECTION('',(0.,1.,0.));
#6202 = ORIENTED_EDGE('',*,*,#6203,.T.);
#6203 = EDGE_CURVE('',#6194,#6204,#6206,.T.);
#6204 = VERTEX_POINT('',#6205);
#6205 = CARTESIAN_POINT('',(5.65,-0.65,0.));
#6206 = LINE('',#6207,#6208);
#6207 = CARTESIAN_POINT('',(5.5,-0.65,0.));
#6208 = VECTOR('',#6209,1.);
#6209 = DIRECTION('',(1.,0.,0.));
#6210 = ORIENTED_EDGE('',*,*,#6211,.T.);
#6211 = EDGE_CURVE('',#6204,#6212,#6214,.T.);
#6212 = VERTEX_POINT('',#6213);
#6213 = CARTESIAN_POINT('',(5.65,-0.35,0.));
#6214 = LINE('',#6215,#6216);
#6215 = CARTESIAN_POINT('',(5.65,-0.5,0.));
#6216 = VECTOR('',#6217,1.);
#6217 = DIRECTION('',(0.,1.,0.));
#6218 = ORIENTED_EDGE('',*,*,#6219,.F.);
#6219 = EDGE_CURVE('',#6196,#6212,#6220,.T.);
#6220 = LINE('',#6221,#6222);
#6221 = CARTESIAN_POINT('',(5.5,-0.35,0.));
#6222 = VECTOR('',#6223,1.);
#6223 = DIRECTION('',(1.,0.,0.));
#6224 = FACE_BOUND('',#6225,.T.);
#6225 = EDGE_LOOP('',(#6226,#6236,#6244,#6252));
#6226 = ORIENTED_EDGE('',*,*,#6227,.T.);
#6227 = EDGE_CURVE('',#6228,#6230,#6232,.T.);
#6228 = VERTEX_POINT('',#6229);
#6229 = CARTESIAN_POINT('',(6.35,0.65,0.));
#6230 = VERTEX_POINT('',#6231);
#6231 = CARTESIAN_POINT('',(6.35,0.35,0.));
#6232 = LINE('',#6233,#6234);
#6233 = CARTESIAN_POINT('',(6.35,0.5,0.));
#6234 = VECTOR('',#6235,1.);
#6235 = DIRECTION('',(0.,-1.,0.));
#6236 = ORIENTED_EDGE('',*,*,#6237,.T.);
#6237 = EDGE_CURVE('',#6230,#6238,#6240,.T.);
#6238 = VERTEX_POINT('',#6239);
#6239 = CARTESIAN_POINT('',(6.65,0.35,0.));
#6240 = LINE('',#6241,#6242);
#6241 = CARTESIAN_POINT('',(6.5,0.35,0.));
#6242 = VECTOR('',#6243,1.);
#6243 = DIRECTION('',(1.,0.,0.));
#6244 = ORIENTED_EDGE('',*,*,#6245,.F.);
#6245 = EDGE_CURVE('',#6246,#6238,#6248,.T.);
#6246 = VERTEX_POINT('',#6247);
#6247 = CARTESIAN_POINT('',(6.65,0.65,0.));
#6248 = LINE('',#6249,#6250);
#6249 = CARTESIAN_POINT('',(6.65,0.5,0.));
#6250 = VECTOR('',#6251,1.);
#6251 = DIRECTION('',(0.,-1.,0.));
#6252 = ORIENTED_EDGE('',*,*,#6253,.F.);
#6253 = EDGE_CURVE('',#6228,#6246,#6254,.T.);
#6254 = LINE('',#6255,#6256);
#6255 = CARTESIAN_POINT('',(6.5,0.65,0.));
#6256 = VECTOR('',#6257,1.);
#6257 = DIRECTION('',(1.,0.,0.));
#6258 = FACE_BOUND('',#6259,.T.);
#6259 = EDGE_LOOP('',(#6260,#6270,#6278,#6286));
#6260 = ORIENTED_EDGE('',*,*,#6261,.F.);
#6261 = EDGE_CURVE('',#6262,#6264,#6266,.T.);
#6262 = VERTEX_POINT('',#6263);
#6263 = CARTESIAN_POINT('',(6.35,-0.65,0.));
#6264 = VERTEX_POINT('',#6265);
#6265 = CARTESIAN_POINT('',(6.35,-0.35,0.));
#6266 = LINE('',#6267,#6268);
#6267 = CARTESIAN_POINT('',(6.35,-0.5,0.));
#6268 = VECTOR('',#6269,1.);
#6269 = DIRECTION('',(0.,1.,0.));
#6270 = ORIENTED_EDGE('',*,*,#6271,.T.);
#6271 = EDGE_CURVE('',#6262,#6272,#6274,.T.);
#6272 = VERTEX_POINT('',#6273);
#6273 = CARTESIAN_POINT('',(6.65,-0.65,0.));
#6274 = LINE('',#6275,#6276);
#6275 = CARTESIAN_POINT('',(6.5,-0.65,0.));
#6276 = VECTOR('',#6277,1.);
#6277 = DIRECTION('',(1.,0.,0.));
#6278 = ORIENTED_EDGE('',*,*,#6279,.T.);
#6279 = EDGE_CURVE('',#6272,#6280,#6282,.T.);
#6280 = VERTEX_POINT('',#6281);
#6281 = CARTESIAN_POINT('',(6.65,-0.35,0.));
#6282 = LINE('',#6283,#6284);
#6283 = CARTESIAN_POINT('',(6.65,-0.5,0.));
#6284 = VECTOR('',#6285,1.);
#6285 = DIRECTION('',(0.,1.,0.));
#6286 = ORIENTED_EDGE('',*,*,#6287,.F.);
#6287 = EDGE_CURVE('',#6264,#6280,#6288,.T.);
#6288 = LINE('',#6289,#6290);
#6289 = CARTESIAN_POINT('',(6.5,-0.35,0.));
#6290 = VECTOR('',#6291,1.);
#6291 = DIRECTION('',(1.,0.,0.));
#6292 = FACE_BOUND('',#6293,.T.);
#6293 = EDGE_LOOP('',(#6294,#6304,#6312,#6320));
#6294 = ORIENTED_EDGE('',*,*,#6295,.T.);
#6295 = EDGE_CURVE('',#6296,#6298,#6300,.T.);
#6296 = VERTEX_POINT('',#6297);
#6297 = CARTESIAN_POINT('',(7.35,0.65,0.));
#6298 = VERTEX_POINT('',#6299);
#6299 = CARTESIAN_POINT('',(7.35,0.35,0.));
#6300 = LINE('',#6301,#6302);
#6301 = CARTESIAN_POINT('',(7.35,0.5,0.));
#6302 = VECTOR('',#6303,1.);
#6303 = DIRECTION('',(0.,-1.,0.));
#6304 = ORIENTED_EDGE('',*,*,#6305,.T.);
#6305 = EDGE_CURVE('',#6298,#6306,#6308,.T.);
#6306 = VERTEX_POINT('',#6307);
#6307 = CARTESIAN_POINT('',(7.65,0.35,0.));
#6308 = LINE('',#6309,#6310);
#6309 = CARTESIAN_POINT('',(7.5,0.35,0.));
#6310 = VECTOR('',#6311,1.);
#6311 = DIRECTION('',(1.,0.,0.));
#6312 = ORIENTED_EDGE('',*,*,#6313,.F.);
#6313 = EDGE_CURVE('',#6314,#6306,#6316,.T.);
#6314 = VERTEX_POINT('',#6315);
#6315 = CARTESIAN_POINT('',(7.65,0.65,0.));
#6316 = LINE('',#6317,#6318);
#6317 = CARTESIAN_POINT('',(7.65,0.5,0.));
#6318 = VECTOR('',#6319,1.);
#6319 = DIRECTION('',(0.,-1.,0.));
#6320 = ORIENTED_EDGE('',*,*,#6321,.F.);
#6321 = EDGE_CURVE('',#6296,#6314,#6322,.T.);
#6322 = LINE('',#6323,#6324);
#6323 = CARTESIAN_POINT('',(7.5,0.65,0.));
#6324 = VECTOR('',#6325,1.);
#6325 = DIRECTION('',(1.,0.,0.));
#6326 = FACE_BOUND('',#6327,.T.);
#6327 = EDGE_LOOP('',(#6328,#6338,#6346,#6354));
#6328 = ORIENTED_EDGE('',*,*,#6329,.F.);
#6329 = EDGE_CURVE('',#6330,#6332,#6334,.T.);
#6330 = VERTEX_POINT('',#6331);
#6331 = CARTESIAN_POINT('',(7.35,-0.65,0.));
#6332 = VERTEX_POINT('',#6333);
#6333 = CARTESIAN_POINT('',(7.35,-0.35,0.));
#6334 = LINE('',#6335,#6336);
#6335 = CARTESIAN_POINT('',(7.35,-0.5,0.));
#6336 = VECTOR('',#6337,1.);
#6337 = DIRECTION('',(0.,1.,0.));
#6338 = ORIENTED_EDGE('',*,*,#6339,.T.);
#6339 = EDGE_CURVE('',#6330,#6340,#6342,.T.);
#6340 = VERTEX_POINT('',#6341);
#6341 = CARTESIAN_POINT('',(7.65,-0.65,0.));
#6342 = LINE('',#6343,#6344);
#6343 = CARTESIAN_POINT('',(7.5,-0.65,0.));
#6344 = VECTOR('',#6345,1.);
#6345 = DIRECTION('',(1.,0.,0.));
#6346 = ORIENTED_EDGE('',*,*,#6347,.T.);
#6347 = EDGE_CURVE('',#6340,#6348,#6350,.T.);
#6348 = VERTEX_POINT('',#6349);
#6349 = CARTESIAN_POINT('',(7.65,-0.35,0.));
#6350 = LINE('',#6351,#6352);
#6351 = CARTESIAN_POINT('',(7.65,-0.5,0.));
#6352 = VECTOR('',#6353,1.);
#6353 = DIRECTION('',(0.,1.,0.));
#6354 = ORIENTED_EDGE('',*,*,#6355,.F.);
#6355 = EDGE_CURVE('',#6332,#6348,#6356,.T.);
#6356 = LINE('',#6357,#6358);
#6357 = CARTESIAN_POINT('',(7.5,-0.35,0.));
#6358 = VECTOR('',#6359,1.);
#6359 = DIRECTION('',(1.,0.,0.));
#6360 = FACE_BOUND('',#6361,.T.);
#6361 = EDGE_LOOP('',(#6362,#6372,#6380,#6388));
#6362 = ORIENTED_EDGE('',*,*,#6363,.T.);
#6363 = EDGE_CURVE('',#6364,#6366,#6368,.T.);
#6364 = VERTEX_POINT('',#6365);
#6365 = CARTESIAN_POINT('',(8.35,0.65,0.));
#6366 = VERTEX_POINT('',#6367);
#6367 = CARTESIAN_POINT('',(8.35,0.35,0.));
#6368 = LINE('',#6369,#6370);
#6369 = CARTESIAN_POINT('',(8.35,0.5,0.));
#6370 = VECTOR('',#6371,1.);
#6371 = DIRECTION('',(0.,-1.,0.));
#6372 = ORIENTED_EDGE('',*,*,#6373,.T.);
#6373 = EDGE_CURVE('',#6366,#6374,#6376,.T.);
#6374 = VERTEX_POINT('',#6375);
#6375 = CARTESIAN_POINT('',(8.65,0.35,0.));
#6376 = LINE('',#6377,#6378);
#6377 = CARTESIAN_POINT('',(8.5,0.35,0.));
#6378 = VECTOR('',#6379,1.);
#6379 = DIRECTION('',(1.,0.,0.));
#6380 = ORIENTED_EDGE('',*,*,#6381,.F.);
#6381 = EDGE_CURVE('',#6382,#6374,#6384,.T.);
#6382 = VERTEX_POINT('',#6383);
#6383 = CARTESIAN_POINT('',(8.65,0.65,0.));
#6384 = LINE('',#6385,#6386);
#6385 = CARTESIAN_POINT('',(8.65,0.5,0.));
#6386 = VECTOR('',#6387,1.);
#6387 = DIRECTION('',(0.,-1.,0.));
#6388 = ORIENTED_EDGE('',*,*,#6389,.F.);
#6389 = EDGE_CURVE('',#6364,#6382,#6390,.T.);
#6390 = LINE('',#6391,#6392);
#6391 = CARTESIAN_POINT('',(8.5,0.65,0.));
#6392 = VECTOR('',#6393,1.);
#6393 = DIRECTION('',(1.,0.,0.));
#6394 = FACE_BOUND('',#6395,.T.);
#6395 = EDGE_LOOP('',(#6396,#6406,#6414,#6422));
#6396 = ORIENTED_EDGE('',*,*,#6397,.F.);
#6397 = EDGE_CURVE('',#6398,#6400,#6402,.T.);
#6398 = VERTEX_POINT('',#6399);
#6399 = CARTESIAN_POINT('',(8.35,-0.65,0.));
#6400 = VERTEX_POINT('',#6401);
#6401 = CARTESIAN_POINT('',(8.35,-0.35,0.));
#6402 = LINE('',#6403,#6404);
#6403 = CARTESIAN_POINT('',(8.35,-0.5,0.));
#6404 = VECTOR('',#6405,1.);
#6405 = DIRECTION('',(0.,1.,0.));
#6406 = ORIENTED_EDGE('',*,*,#6407,.T.);
#6407 = EDGE_CURVE('',#6398,#6408,#6410,.T.);
#6408 = VERTEX_POINT('',#6409);
#6409 = CARTESIAN_POINT('',(8.65,-0.65,0.));
#6410 = LINE('',#6411,#6412);
#6411 = CARTESIAN_POINT('',(8.5,-0.65,0.));
#6412 = VECTOR('',#6413,1.);
#6413 = DIRECTION('',(1.,0.,0.));
#6414 = ORIENTED_EDGE('',*,*,#6415,.T.);
#6415 = EDGE_CURVE('',#6408,#6416,#6418,.T.);
#6416 = VERTEX_POINT('',#6417);
#6417 = CARTESIAN_POINT('',(8.65,-0.35,0.));
#6418 = LINE('',#6419,#6420);
#6419 = CARTESIAN_POINT('',(8.65,-0.5,0.));
#6420 = VECTOR('',#6421,1.);
#6421 = DIRECTION('',(0.,1.,0.));
#6422 = ORIENTED_EDGE('',*,*,#6423,.F.);
#6423 = EDGE_CURVE('',#6400,#6416,#6424,.T.);
#6424 = LINE('',#6425,#6426);
#6425 = CARTESIAN_POINT('',(8.5,-0.35,0.));
#6426 = VECTOR('',#6427,1.);
#6427 = DIRECTION('',(1.,0.,0.));
#6428 = FACE_BOUND('',#6429,.T.);
#6429 = EDGE_LOOP('',(#6430,#6440,#6448,#6456));
#6430 = ORIENTED_EDGE('',*,*,#6431,.T.);
#6431 = EDGE_CURVE('',#6432,#6434,#6436,.T.);
#6432 = VERTEX_POINT('',#6433);
#6433 = CARTESIAN_POINT('',(9.35,0.65,0.));
#6434 = VERTEX_POINT('',#6435);
#6435 = CARTESIAN_POINT('',(9.35,0.35,0.));
#6436 = LINE('',#6437,#6438);
#6437 = CARTESIAN_POINT('',(9.35,0.5,0.));
#6438 = VECTOR('',#6439,1.);
#6439 = DIRECTION('',(0.,-1.,0.));
#6440 = ORIENTED_EDGE('',*,*,#6441,.T.);
#6441 = EDGE_CURVE('',#6434,#6442,#6444,.T.);
#6442 = VERTEX_POINT('',#6443);
#6443 = CARTESIAN_POINT('',(9.65,0.35,0.));
#6444 = LINE('',#6445,#6446);
#6445 = CARTESIAN_POINT('',(9.5,0.35,0.));
#6446 = VECTOR('',#6447,1.);
#6447 = DIRECTION('',(1.,0.,0.));
#6448 = ORIENTED_EDGE('',*,*,#6449,.F.);
#6449 = EDGE_CURVE('',#6450,#6442,#6452,.T.);
#6450 = VERTEX_POINT('',#6451);
#6451 = CARTESIAN_POINT('',(9.65,0.65,0.));
#6452 = LINE('',#6453,#6454);
#6453 = CARTESIAN_POINT('',(9.65,0.5,0.));
#6454 = VECTOR('',#6455,1.);
#6455 = DIRECTION('',(0.,-1.,0.));
#6456 = ORIENTED_EDGE('',*,*,#6457,.F.);
#6457 = EDGE_CURVE('',#6432,#6450,#6458,.T.);
#6458 = LINE('',#6459,#6460);
#6459 = CARTESIAN_POINT('',(9.5,0.65,0.));
#6460 = VECTOR('',#6461,1.);
#6461 = DIRECTION('',(1.,0.,0.));
#6462 = FACE_BOUND('',#6463,.T.);
#6463 = EDGE_LOOP('',(#6464,#6474,#6482,#6490));
#6464 = ORIENTED_EDGE('',*,*,#6465,.F.);
#6465 = EDGE_CURVE('',#6466,#6468,#6470,.T.);
#6466 = VERTEX_POINT('',#6467);
#6467 = CARTESIAN_POINT('',(9.35,-0.65,0.));
#6468 = VERTEX_POINT('',#6469);
#6469 = CARTESIAN_POINT('',(9.35,-0.35,0.));
#6470 = LINE('',#6471,#6472);
#6471 = CARTESIAN_POINT('',(9.35,-0.5,0.));
#6472 = VECTOR('',#6473,1.);
#6473 = DIRECTION('',(0.,1.,0.));
#6474 = ORIENTED_EDGE('',*,*,#6475,.T.);
#6475 = EDGE_CURVE('',#6466,#6476,#6478,.T.);
#6476 = VERTEX_POINT('',#6477);
#6477 = CARTESIAN_POINT('',(9.65,-0.65,0.));
#6478 = LINE('',#6479,#6480);
#6479 = CARTESIAN_POINT('',(9.5,-0.65,0.));
#6480 = VECTOR('',#6481,1.);
#6481 = DIRECTION('',(1.,0.,0.));
#6482 = ORIENTED_EDGE('',*,*,#6483,.T.);
#6483 = EDGE_CURVE('',#6476,#6484,#6486,.T.);
#6484 = VERTEX_POINT('',#6485);
#6485 = CARTESIAN_POINT('',(9.65,-0.35,0.));
#6486 = LINE('',#6487,#6488);
#6487 = CARTESIAN_POINT('',(9.65,-0.5,0.));
#6488 = VECTOR('',#6489,1.);
#6489 = DIRECTION('',(0.,1.,0.));
#6490 = ORIENTED_EDGE('',*,*,#6491,.F.);
#6491 = EDGE_CURVE('',#6468,#6484,#6492,.T.);
#6492 = LINE('',#6493,#6494);
#6493 = CARTESIAN_POINT('',(9.5,-0.35,0.));
#6494 = VECTOR('',#6495,1.);
#6495 = DIRECTION('',(1.,0.,0.));
#6496 = FACE_BOUND('',#6497,.T.);
#6497 = EDGE_LOOP('',(#6498,#6508,#6516,#6524));
#6498 = ORIENTED_EDGE('',*,*,#6499,.T.);
#6499 = EDGE_CURVE('',#6500,#6502,#6504,.T.);
#6500 = VERTEX_POINT('',#6501);
#6501 = CARTESIAN_POINT('',(10.35,0.65,0.));
#6502 = VERTEX_POINT('',#6503);
#6503 = CARTESIAN_POINT('',(10.35,0.35,0.));
#6504 = LINE('',#6505,#6506);
#6505 = CARTESIAN_POINT('',(10.35,0.5,0.));
#6506 = VECTOR('',#6507,1.);
#6507 = DIRECTION('',(0.,-1.,0.));
#6508 = ORIENTED_EDGE('',*,*,#6509,.T.);
#6509 = EDGE_CURVE('',#6502,#6510,#6512,.T.);
#6510 = VERTEX_POINT('',#6511);
#6511 = CARTESIAN_POINT('',(10.65,0.35,0.));
#6512 = LINE('',#6513,#6514);
#6513 = CARTESIAN_POINT('',(10.5,0.35,0.));
#6514 = VECTOR('',#6515,1.);
#6515 = DIRECTION('',(1.,0.,0.));
#6516 = ORIENTED_EDGE('',*,*,#6517,.F.);
#6517 = EDGE_CURVE('',#6518,#6510,#6520,.T.);
#6518 = VERTEX_POINT('',#6519);
#6519 = CARTESIAN_POINT('',(10.65,0.65,0.));
#6520 = LINE('',#6521,#6522);
#6521 = CARTESIAN_POINT('',(10.65,0.5,0.));
#6522 = VECTOR('',#6523,1.);
#6523 = DIRECTION('',(0.,-1.,0.));
#6524 = ORIENTED_EDGE('',*,*,#6525,.F.);
#6525 = EDGE_CURVE('',#6500,#6518,#6526,.T.);
#6526 = LINE('',#6527,#6528);
#6527 = CARTESIAN_POINT('',(10.5,0.65,0.));
#6528 = VECTOR('',#6529,1.);
#6529 = DIRECTION('',(1.,0.,0.));
#6530 = FACE_BOUND('',#6531,.T.);
#6531 = EDGE_LOOP('',(#6532,#6542,#6550,#6558));
#6532 = ORIENTED_EDGE('',*,*,#6533,.F.);
#6533 = EDGE_CURVE('',#6534,#6536,#6538,.T.);
#6534 = VERTEX_POINT('',#6535);
#6535 = CARTESIAN_POINT('',(10.35,-0.65,0.));
#6536 = VERTEX_POINT('',#6537);
#6537 = CARTESIAN_POINT('',(10.35,-0.35,0.));
#6538 = LINE('',#6539,#6540);
#6539 = CARTESIAN_POINT('',(10.35,-0.5,0.));
#6540 = VECTOR('',#6541,1.);
#6541 = DIRECTION('',(0.,1.,0.));
#6542 = ORIENTED_EDGE('',*,*,#6543,.T.);
#6543 = EDGE_CURVE('',#6534,#6544,#6546,.T.);
#6544 = VERTEX_POINT('',#6545);
#6545 = CARTESIAN_POINT('',(10.65,-0.65,0.));
#6546 = LINE('',#6547,#6548);
#6547 = CARTESIAN_POINT('',(10.5,-0.65,0.));
#6548 = VECTOR('',#6549,1.);
#6549 = DIRECTION('',(1.,0.,0.));
#6550 = ORIENTED_EDGE('',*,*,#6551,.T.);
#6551 = EDGE_CURVE('',#6544,#6552,#6554,.T.);
#6552 = VERTEX_POINT('',#6553);
#6553 = CARTESIAN_POINT('',(10.65,-0.35,0.));
#6554 = LINE('',#6555,#6556);
#6555 = CARTESIAN_POINT('',(10.65,-0.5,0.));
#6556 = VECTOR('',#6557,1.);
#6557 = DIRECTION('',(0.,1.,0.));
#6558 = ORIENTED_EDGE('',*,*,#6559,.F.);
#6559 = EDGE_CURVE('',#6536,#6552,#6560,.T.);
#6560 = LINE('',#6561,#6562);
#6561 = CARTESIAN_POINT('',(10.5,-0.35,0.));
#6562 = VECTOR('',#6563,1.);
#6563 = DIRECTION('',(1.,0.,0.));
#6564 = FACE_BOUND('',#6565,.T.);
#6565 = EDGE_LOOP('',(#6566,#6576,#6584,#6592));
#6566 = ORIENTED_EDGE('',*,*,#6567,.T.);
#6567 = EDGE_CURVE('',#6568,#6570,#6572,.T.);
#6568 = VERTEX_POINT('',#6569);
#6569 = CARTESIAN_POINT('',(11.35,0.65,0.));
#6570 = VERTEX_POINT('',#6571);
#6571 = CARTESIAN_POINT('',(11.35,0.35,0.));
#6572 = LINE('',#6573,#6574);
#6573 = CARTESIAN_POINT('',(11.35,0.5,0.));
#6574 = VECTOR('',#6575,1.);
#6575 = DIRECTION('',(0.,-1.,0.));
#6576 = ORIENTED_EDGE('',*,*,#6577,.T.);
#6577 = EDGE_CURVE('',#6570,#6578,#6580,.T.);
#6578 = VERTEX_POINT('',#6579);
#6579 = CARTESIAN_POINT('',(11.65,0.35,0.));
#6580 = LINE('',#6581,#6582);
#6581 = CARTESIAN_POINT('',(11.5,0.35,0.));
#6582 = VECTOR('',#6583,1.);
#6583 = DIRECTION('',(1.,0.,0.));
#6584 = ORIENTED_EDGE('',*,*,#6585,.F.);
#6585 = EDGE_CURVE('',#6586,#6578,#6588,.T.);
#6586 = VERTEX_POINT('',#6587);
#6587 = CARTESIAN_POINT('',(11.65,0.65,0.));
#6588 = LINE('',#6589,#6590);
#6589 = CARTESIAN_POINT('',(11.65,0.5,0.));
#6590 = VECTOR('',#6591,1.);
#6591 = DIRECTION('',(0.,-1.,0.));
#6592 = ORIENTED_EDGE('',*,*,#6593,.F.);
#6593 = EDGE_CURVE('',#6568,#6586,#6594,.T.);
#6594 = LINE('',#6595,#6596);
#6595 = CARTESIAN_POINT('',(11.5,0.65,0.));
#6596 = VECTOR('',#6597,1.);
#6597 = DIRECTION('',(1.,0.,0.));
#6598 = FACE_BOUND('',#6599,.T.);
#6599 = EDGE_LOOP('',(#6600,#6610,#6618,#6626));
#6600 = ORIENTED_EDGE('',*,*,#6601,.F.);
#6601 = EDGE_CURVE('',#6602,#6604,#6606,.T.);
#6602 = VERTEX_POINT('',#6603);
#6603 = CARTESIAN_POINT('',(11.35,-0.65,0.));
#6604 = VERTEX_POINT('',#6605);
#6605 = CARTESIAN_POINT('',(11.35,-0.35,0.));
#6606 = LINE('',#6607,#6608);
#6607 = CARTESIAN_POINT('',(11.35,-0.5,0.));
#6608 = VECTOR('',#6609,1.);
#6609 = DIRECTION('',(0.,1.,0.));
#6610 = ORIENTED_EDGE('',*,*,#6611,.T.);
#6611 = EDGE_CURVE('',#6602,#6612,#6614,.T.);
#6612 = VERTEX_POINT('',#6613);
#6613 = CARTESIAN_POINT('',(11.65,-0.65,0.));
#6614 = LINE('',#6615,#6616);
#6615 = CARTESIAN_POINT('',(11.5,-0.65,0.));
#6616 = VECTOR('',#6617,1.);
#6617 = DIRECTION('',(1.,0.,0.));
#6618 = ORIENTED_EDGE('',*,*,#6619,.T.);
#6619 = EDGE_CURVE('',#6612,#6620,#6622,.T.);
#6620 = VERTEX_POINT('',#6621);
#6621 = CARTESIAN_POINT('',(11.65,-0.35,0.));
#6622 = LINE('',#6623,#6624);
#6623 = CARTESIAN_POINT('',(11.65,-0.5,0.));
#6624 = VECTOR('',#6625,1.);
#6625 = DIRECTION('',(0.,1.,0.));
#6626 = ORIENTED_EDGE('',*,*,#6627,.F.);
#6627 = EDGE_CURVE('',#6604,#6620,#6628,.T.);
#6628 = LINE('',#6629,#6630);
#6629 = CARTESIAN_POINT('',(11.5,-0.35,0.));
#6630 = VECTOR('',#6631,1.);
#6631 = DIRECTION('',(1.,0.,0.));
#6632 = PLANE('',#6633);
#6633 = AXIS2_PLACEMENT_3D('',#6634,#6635,#6636);
#6634 = CARTESIAN_POINT('',(-0.5,0.5,0.));
#6635 = DIRECTION('',(0.,0.,1.));
#6636 = DIRECTION('',(1.,0.,-0.));
#6637 = ADVANCED_FACE('',(#6638),#6649,.T.);
#6638 = FACE_BOUND('',#6639,.T.);
#6639 = EDGE_LOOP('',(#6640,#6641,#6647,#6648));
#6640 = ORIENTED_EDGE('',*,*,#5776,.T.);
#6641 = ORIENTED_EDGE('',*,*,#6642,.F.);
#6642 = EDGE_CURVE('',#3702,#5769,#6643,.T.);
#6643 = LINE('',#6644,#6645);
#6644 = CARTESIAN_POINT('',(-0.8,-1.,1.));
#6645 = VECTOR('',#6646,1.);
#6646 = DIRECTION('',(0.,0.,-1.));
#6647 = ORIENTED_EDGE('',*,*,#3701,.F.);
#6648 = ORIENTED_EDGE('',*,*,#3484,.T.);
#6649 = PLANE('',#6650);
#6650 = AXIS2_PLACEMENT_3D('',#6651,#6652,#6653);
#6651 = CARTESIAN_POINT('',(-0.9,-0.9,1.));
#6652 = DIRECTION('',(-0.707106781187,-0.707106781187,0.));
#6653 = DIRECTION('',(-0.707106781187,0.707106781187,0.));
#6654 = ADVANCED_FACE('',(#6655),#6671,.T.);
#6655 = FACE_BOUND('',#6656,.T.);
#6656 = EDGE_LOOP('',(#6657,#6658,#6664,#6665));
#6657 = ORIENTED_EDGE('',*,*,#5760,.T.);
#6658 = ORIENTED_EDGE('',*,*,#6659,.F.);
#6659 = EDGE_CURVE('',#3718,#5753,#6660,.T.);
#6660 = LINE('',#6661,#6662);
#6661 = CARTESIAN_POINT('',(0.,-0.8,1.));
#6662 = VECTOR('',#6663,1.);
#6663 = DIRECTION('',(0.,0.,-1.));
#6664 = ORIENTED_EDGE('',*,*,#3717,.F.);
#6665 = ORIENTED_EDGE('',*,*,#6666,.T.);
#6666 = EDGE_CURVE('',#3710,#5761,#6667,.T.);
#6667 = LINE('',#6668,#6669);
#6668 = CARTESIAN_POINT('',(-0.2,-1.,1.));
#6669 = VECTOR('',#6670,1.);
#6670 = DIRECTION('',(0.,0.,-1.));
#6671 = PLANE('',#6672);
#6672 = AXIS2_PLACEMENT_3D('',#6673,#6674,#6675);
#6673 = CARTESIAN_POINT('',(-0.1,-0.9,1.));
#6674 = DIRECTION('',(0.707106781187,-0.707106781187,0.));
#6675 = DIRECTION('',(-0.707106781187,-0.707106781187,0.));
#6676 = ADVANCED_FACE('',(#6677),#6693,.T.);
#6677 = FACE_BOUND('',#6678,.T.);
#6678 = EDGE_LOOP('',(#6679,#6680,#6686,#6687));
#6679 = ORIENTED_EDGE('',*,*,#5785,.T.);
#6680 = ORIENTED_EDGE('',*,*,#6681,.F.);
#6681 = EDGE_CURVE('',#4314,#5788,#6682,.T.);
#6682 = LINE('',#6683,#6684);
#6683 = CARTESIAN_POINT('',(-0.65,-0.35,1.));
#6684 = VECTOR('',#6685,1.);
#6685 = DIRECTION('',(0.,0.,-1.));
#6686 = ORIENTED_EDGE('',*,*,#4311,.F.);
#6687 = ORIENTED_EDGE('',*,*,#6688,.T.);
#6688 = EDGE_CURVE('',#4312,#5786,#6689,.T.);
#6689 = LINE('',#6690,#6691);
#6690 = CARTESIAN_POINT('',(-0.65,-0.65,1.));
#6691 = VECTOR('',#6692,1.);
#6692 = DIRECTION('',(0.,0.,-1.));
#6693 = PLANE('',#6694);
#6694 = AXIS2_PLACEMENT_3D('',#6695,#6696,#6697);
#6695 = CARTESIAN_POINT('',(-0.65,-0.5,1.));
#6696 = DIRECTION('',(1.,0.,0.));
#6697 = DIRECTION('',(0.,0.,-1.));
#6698 = ADVANCED_FACE('',(#6699),#6710,.F.);
#6699 = FACE_BOUND('',#6700,.T.);
#6700 = EDGE_LOOP('',(#6701,#6702,#6703,#6704));
#6701 = ORIENTED_EDGE('',*,*,#5795,.F.);
#6702 = ORIENTED_EDGE('',*,*,#6688,.F.);
#6703 = ORIENTED_EDGE('',*,*,#4337,.T.);
#6704 = ORIENTED_EDGE('',*,*,#6705,.T.);
#6705 = EDGE_CURVE('',#4330,#5796,#6706,.T.);
#6706 = LINE('',#6707,#6708);
#6707 = CARTESIAN_POINT('',(-0.35,-0.65,1.));
#6708 = VECTOR('',#6709,1.);
#6709 = DIRECTION('',(0.,0.,-1.));
#6710 = PLANE('',#6711);
#6711 = AXIS2_PLACEMENT_3D('',#6712,#6713,#6714);
#6712 = CARTESIAN_POINT('',(-0.5,-0.65,1.));
#6713 = DIRECTION('',(0.,-1.,0.));
#6714 = DIRECTION('',(0.,0.,1.));
#6715 = ADVANCED_FACE('',(#6716),#6727,.F.);
#6716 = FACE_BOUND('',#6717,.T.);
#6717 = EDGE_LOOP('',(#6718,#6719,#6720,#6721));
#6718 = ORIENTED_EDGE('',*,*,#5803,.F.);
#6719 = ORIENTED_EDGE('',*,*,#6705,.F.);
#6720 = ORIENTED_EDGE('',*,*,#4329,.T.);
#6721 = ORIENTED_EDGE('',*,*,#6722,.T.);
#6722 = EDGE_CURVE('',#4322,#5804,#6723,.T.);
#6723 = LINE('',#6724,#6725);
#6724 = CARTESIAN_POINT('',(-0.35,-0.35,1.));
#6725 = VECTOR('',#6726,1.);
#6726 = DIRECTION('',(0.,0.,-1.));
#6727 = PLANE('',#6728);
#6728 = AXIS2_PLACEMENT_3D('',#6729,#6730,#6731);
#6729 = CARTESIAN_POINT('',(-0.35,-0.5,1.));
#6730 = DIRECTION('',(1.,0.,0.));
#6731 = DIRECTION('',(0.,0.,-1.));
#6732 = ADVANCED_FACE('',(#6733),#6739,.T.);
#6733 = FACE_BOUND('',#6734,.T.);
#6734 = EDGE_LOOP('',(#6735,#6736,#6737,#6738));
#6735 = ORIENTED_EDGE('',*,*,#5811,.T.);
#6736 = ORIENTED_EDGE('',*,*,#6722,.F.);
#6737 = ORIENTED_EDGE('',*,*,#4321,.F.);
#6738 = ORIENTED_EDGE('',*,*,#6681,.T.);
#6739 = PLANE('',#6740);
#6740 = AXIS2_PLACEMENT_3D('',#6741,#6742,#6743);
#6741 = CARTESIAN_POINT('',(-0.5,-0.35,1.));
#6742 = DIRECTION('',(0.,-1.,0.));
#6743 = DIRECTION('',(0.,0.,1.));
#6744 = ADVANCED_FACE('',(#6745),#6751,.T.);
#6745 = FACE_BOUND('',#6746,.T.);
#6746 = EDGE_LOOP('',(#6747,#6748,#6749,#6750));
#6747 = ORIENTED_EDGE('',*,*,#5768,.T.);
#6748 = ORIENTED_EDGE('',*,*,#6666,.F.);
#6749 = ORIENTED_EDGE('',*,*,#3709,.F.);
#6750 = ORIENTED_EDGE('',*,*,#6642,.T.);
#6751 = PLANE('',#6752);
#6752 = AXIS2_PLACEMENT_3D('',#6753,#6754,#6755);
#6753 = CARTESIAN_POINT('',(-0.5,-1.,1.));
#6754 = DIRECTION('',(0.,-1.,0.));
#6755 = DIRECTION('',(0.,0.,1.));
#6756 = ADVANCED_FACE('',(#6757),#6768,.T.);
#6757 = FACE_BOUND('',#6758,.T.);
#6758 = EDGE_LOOP('',(#6759,#6760,#6761,#6762));
#6759 = ORIENTED_EDGE('',*,*,#5176,.F.);
#6760 = ORIENTED_EDGE('',*,*,#3533,.F.);
#6761 = ORIENTED_EDGE('',*,*,#4301,.T.);
#6762 = ORIENTED_EDGE('',*,*,#6763,.T.);
#6763 = EDGE_CURVE('',#4294,#5177,#6764,.T.);
#6764 = LINE('',#6765,#6766);
#6765 = CARTESIAN_POINT('',(0.2,1.,1.));
#6766 = VECTOR('',#6767,1.);
#6767 = DIRECTION('',(0.,0.,-1.));
#6768 = PLANE('',#6769);
#6769 = AXIS2_PLACEMENT_3D('',#6770,#6771,#6772);
#6770 = CARTESIAN_POINT('',(0.1,0.9,1.));
#6771 = DIRECTION('',(-0.707106781187,0.707106781187,0.));
#6772 = DIRECTION('',(-0.707106781187,-0.707106781187,0.));
#6773 = ADVANCED_FACE('',(#6774),#6790,.T.);
#6774 = FACE_BOUND('',#6775,.T.);
#6775 = EDGE_LOOP('',(#6776,#6777,#6783,#6784));
#6776 = ORIENTED_EDGE('',*,*,#5192,.F.);
#6777 = ORIENTED_EDGE('',*,*,#6778,.F.);
#6778 = EDGE_CURVE('',#4286,#5185,#6779,.T.);
#6779 = LINE('',#6780,#6781);
#6780 = CARTESIAN_POINT('',(0.8,1.,1.));
#6781 = VECTOR('',#6782,1.);
#6782 = DIRECTION('',(0.,0.,-1.));
#6783 = ORIENTED_EDGE('',*,*,#4285,.T.);
#6784 = ORIENTED_EDGE('',*,*,#6785,.T.);
#6785 = EDGE_CURVE('',#4278,#5193,#6786,.T.);
#6786 = LINE('',#6787,#6788);
#6787 = CARTESIAN_POINT('',(1.,0.8,1.));
#6788 = VECTOR('',#6789,1.);
#6789 = DIRECTION('',(0.,0.,-1.));
#6790 = PLANE('',#6791);
#6791 = AXIS2_PLACEMENT_3D('',#6792,#6793,#6794);
#6792 = CARTESIAN_POINT('',(0.9,0.9,1.));
#6793 = DIRECTION('',(0.707106781187,0.707106781187,0.));
#6794 = DIRECTION('',(-0.707106781187,0.707106781187,0.));
#6795 = ADVANCED_FACE('',(#6796),#6812,.T.);
#6796 = FACE_BOUND('',#6797,.T.);
#6797 = EDGE_LOOP('',(#6798,#6799,#6805,#6806));
#6798 = ORIENTED_EDGE('',*,*,#5819,.F.);
#6799 = ORIENTED_EDGE('',*,*,#6800,.F.);
#6800 = EDGE_CURVE('',#4346,#5820,#6801,.T.);
#6801 = LINE('',#6802,#6803);
#6802 = CARTESIAN_POINT('',(0.35,0.65,1.));
#6803 = VECTOR('',#6804,1.);
#6804 = DIRECTION('',(0.,0.,-1.));
#6805 = ORIENTED_EDGE('',*,*,#4345,.T.);
#6806 = ORIENTED_EDGE('',*,*,#6807,.T.);
#6807 = EDGE_CURVE('',#4348,#5822,#6808,.T.);
#6808 = LINE('',#6809,#6810);
#6809 = CARTESIAN_POINT('',(0.35,0.35,1.));
#6810 = VECTOR('',#6811,1.);
#6811 = DIRECTION('',(0.,0.,-1.));
#6812 = PLANE('',#6813);
#6813 = AXIS2_PLACEMENT_3D('',#6814,#6815,#6816);
#6814 = CARTESIAN_POINT('',(0.35,0.5,1.));
#6815 = DIRECTION('',(1.,0.,0.));
#6816 = DIRECTION('',(0.,0.,-1.));
#6817 = ADVANCED_FACE('',(#6818),#6829,.F.);
#6818 = FACE_BOUND('',#6819,.T.);
#6819 = EDGE_LOOP('',(#6820,#6821,#6827,#6828));
#6820 = ORIENTED_EDGE('',*,*,#5845,.T.);
#6821 = ORIENTED_EDGE('',*,*,#6822,.F.);
#6822 = EDGE_CURVE('',#4356,#5838,#6823,.T.);
#6823 = LINE('',#6824,#6825);
#6824 = CARTESIAN_POINT('',(0.65,0.65,1.));
#6825 = VECTOR('',#6826,1.);
#6826 = DIRECTION('',(0.,0.,-1.));
#6827 = ORIENTED_EDGE('',*,*,#4355,.F.);
#6828 = ORIENTED_EDGE('',*,*,#6800,.T.);
#6829 = PLANE('',#6830);
#6830 = AXIS2_PLACEMENT_3D('',#6831,#6832,#6833);
#6831 = CARTESIAN_POINT('',(0.5,0.65,1.));
#6832 = DIRECTION('',(0.,1.,0.));
#6833 = DIRECTION('',(0.,-0.,1.));
#6834 = ADVANCED_FACE('',(#6835),#6846,.F.);
#6835 = FACE_BOUND('',#6836,.T.);
#6836 = EDGE_LOOP('',(#6837,#6838,#6844,#6845));
#6837 = ORIENTED_EDGE('',*,*,#5837,.T.);
#6838 = ORIENTED_EDGE('',*,*,#6839,.F.);
#6839 = EDGE_CURVE('',#4364,#5830,#6840,.T.);
#6840 = LINE('',#6841,#6842);
#6841 = CARTESIAN_POINT('',(0.65,0.35,1.));
#6842 = VECTOR('',#6843,1.);
#6843 = DIRECTION('',(0.,0.,-1.));
#6844 = ORIENTED_EDGE('',*,*,#4363,.F.);
#6845 = ORIENTED_EDGE('',*,*,#6822,.T.);
#6846 = PLANE('',#6847);
#6847 = AXIS2_PLACEMENT_3D('',#6848,#6849,#6850);
#6848 = CARTESIAN_POINT('',(0.65,0.5,1.));
#6849 = DIRECTION('',(1.,0.,0.));
#6850 = DIRECTION('',(0.,0.,-1.));
#6851 = ADVANCED_FACE('',(#6852),#6858,.T.);
#6852 = FACE_BOUND('',#6853,.T.);
#6853 = EDGE_LOOP('',(#6854,#6855,#6856,#6857));
#6854 = ORIENTED_EDGE('',*,*,#5829,.F.);
#6855 = ORIENTED_EDGE('',*,*,#6807,.F.);
#6856 = ORIENTED_EDGE('',*,*,#4371,.T.);
#6857 = ORIENTED_EDGE('',*,*,#6839,.T.);
#6858 = PLANE('',#6859);
#6859 = AXIS2_PLACEMENT_3D('',#6860,#6861,#6862);
#6860 = CARTESIAN_POINT('',(0.5,0.35,1.));
#6861 = DIRECTION('',(0.,1.,0.));
#6862 = DIRECTION('',(0.,-0.,1.));
#6863 = ADVANCED_FACE('',(#6864),#6870,.T.);
#6864 = FACE_BOUND('',#6865,.T.);
#6865 = EDGE_LOOP('',(#6866,#6867,#6868,#6869));
#6866 = ORIENTED_EDGE('',*,*,#5184,.F.);
#6867 = ORIENTED_EDGE('',*,*,#6763,.F.);
#6868 = ORIENTED_EDGE('',*,*,#4293,.T.);
#6869 = ORIENTED_EDGE('',*,*,#6778,.T.);
#6870 = PLANE('',#6871);
#6871 = AXIS2_PLACEMENT_3D('',#6872,#6873,#6874);
#6872 = CARTESIAN_POINT('',(0.5,1.,1.));
#6873 = DIRECTION('',(0.,1.,0.));
#6874 = DIRECTION('',(0.,-0.,1.));
#6875 = ADVANCED_FACE('',(#6876),#6887,.T.);
#6876 = FACE_BOUND('',#6877,.T.);
#6877 = EDGE_LOOP('',(#6878,#6879,#6885,#6886));
#6878 = ORIENTED_EDGE('',*,*,#5752,.T.);
#6879 = ORIENTED_EDGE('',*,*,#6880,.F.);
#6880 = EDGE_CURVE('',#3726,#5745,#6881,.T.);
#6881 = LINE('',#6882,#6883);
#6882 = CARTESIAN_POINT('',(0.2,-1.,1.));
#6883 = VECTOR('',#6884,1.);
#6884 = DIRECTION('',(0.,0.,-1.));
#6885 = ORIENTED_EDGE('',*,*,#3725,.F.);
#6886 = ORIENTED_EDGE('',*,*,#6659,.T.);
#6887 = PLANE('',#6888);
#6888 = AXIS2_PLACEMENT_3D('',#6889,#6890,#6891);
#6889 = CARTESIAN_POINT('',(0.1,-0.9,1.));
#6890 = DIRECTION('',(-0.707106781187,-0.707106781187,0.));
#6891 = DIRECTION('',(-0.707106781187,0.707106781187,0.));
#6892 = ADVANCED_FACE('',(#6893),#6909,.T.);
#6893 = FACE_BOUND('',#6894,.T.);
#6894 = EDGE_LOOP('',(#6895,#6896,#6902,#6903));
#6895 = ORIENTED_EDGE('',*,*,#5736,.T.);
#6896 = ORIENTED_EDGE('',*,*,#6897,.F.);
#6897 = EDGE_CURVE('',#3742,#5729,#6898,.T.);
#6898 = LINE('',#6899,#6900);
#6899 = CARTESIAN_POINT('',(1.,-0.8,1.));
#6900 = VECTOR('',#6901,1.);
#6901 = DIRECTION('',(0.,0.,-1.));
#6902 = ORIENTED_EDGE('',*,*,#3741,.F.);
#6903 = ORIENTED_EDGE('',*,*,#6904,.T.);
#6904 = EDGE_CURVE('',#3734,#5737,#6905,.T.);
#6905 = LINE('',#6906,#6907);
#6906 = CARTESIAN_POINT('',(0.8,-1.,1.));
#6907 = VECTOR('',#6908,1.);
#6908 = DIRECTION('',(0.,0.,-1.));
#6909 = PLANE('',#6910);
#6910 = AXIS2_PLACEMENT_3D('',#6911,#6912,#6913);
#6911 = CARTESIAN_POINT('',(0.9,-0.9,1.));
#6912 = DIRECTION('',(0.707106781187,-0.707106781187,0.));
#6913 = DIRECTION('',(-0.707106781187,-0.707106781187,0.));
#6914 = ADVANCED_FACE('',(#6915),#6931,.T.);
#6915 = FACE_BOUND('',#6916,.T.);
#6916 = EDGE_LOOP('',(#6917,#6918,#6924,#6925));
#6917 = ORIENTED_EDGE('',*,*,#5853,.T.);
#6918 = ORIENTED_EDGE('',*,*,#6919,.F.);
#6919 = EDGE_CURVE('',#4382,#5856,#6920,.T.);
#6920 = LINE('',#6921,#6922);
#6921 = CARTESIAN_POINT('',(0.35,-0.35,1.));
#6922 = VECTOR('',#6923,1.);
#6923 = DIRECTION('',(0.,0.,-1.));
#6924 = ORIENTED_EDGE('',*,*,#4379,.F.);
#6925 = ORIENTED_EDGE('',*,*,#6926,.T.);
#6926 = EDGE_CURVE('',#4380,#5854,#6927,.T.);
#6927 = LINE('',#6928,#6929);
#6928 = CARTESIAN_POINT('',(0.35,-0.65,1.));
#6929 = VECTOR('',#6930,1.);
#6930 = DIRECTION('',(0.,0.,-1.));
#6931 = PLANE('',#6932);
#6932 = AXIS2_PLACEMENT_3D('',#6933,#6934,#6935);
#6933 = CARTESIAN_POINT('',(0.35,-0.5,1.));
#6934 = DIRECTION('',(1.,0.,0.));
#6935 = DIRECTION('',(0.,0.,-1.));
#6936 = ADVANCED_FACE('',(#6937),#6948,.F.);
#6937 = FACE_BOUND('',#6938,.T.);
#6938 = EDGE_LOOP('',(#6939,#6940,#6941,#6942));
#6939 = ORIENTED_EDGE('',*,*,#5863,.F.);
#6940 = ORIENTED_EDGE('',*,*,#6926,.F.);
#6941 = ORIENTED_EDGE('',*,*,#4405,.T.);
#6942 = ORIENTED_EDGE('',*,*,#6943,.T.);
#6943 = EDGE_CURVE('',#4398,#5864,#6944,.T.);
#6944 = LINE('',#6945,#6946);
#6945 = CARTESIAN_POINT('',(0.65,-0.65,1.));
#6946 = VECTOR('',#6947,1.);
#6947 = DIRECTION('',(0.,0.,-1.));
#6948 = PLANE('',#6949);
#6949 = AXIS2_PLACEMENT_3D('',#6950,#6951,#6952);
#6950 = CARTESIAN_POINT('',(0.5,-0.65,1.));
#6951 = DIRECTION('',(0.,-1.,0.));
#6952 = DIRECTION('',(0.,0.,1.));
#6953 = ADVANCED_FACE('',(#6954),#6965,.F.);
#6954 = FACE_BOUND('',#6955,.T.);
#6955 = EDGE_LOOP('',(#6956,#6957,#6958,#6959));
#6956 = ORIENTED_EDGE('',*,*,#5871,.F.);
#6957 = ORIENTED_EDGE('',*,*,#6943,.F.);
#6958 = ORIENTED_EDGE('',*,*,#4397,.T.);
#6959 = ORIENTED_EDGE('',*,*,#6960,.T.);
#6960 = EDGE_CURVE('',#4390,#5872,#6961,.T.);
#6961 = LINE('',#6962,#6963);
#6962 = CARTESIAN_POINT('',(0.65,-0.35,1.));
#6963 = VECTOR('',#6964,1.);
#6964 = DIRECTION('',(0.,0.,-1.));
#6965 = PLANE('',#6966);
#6966 = AXIS2_PLACEMENT_3D('',#6967,#6968,#6969);
#6967 = CARTESIAN_POINT('',(0.65,-0.5,1.));
#6968 = DIRECTION('',(1.,0.,0.));
#6969 = DIRECTION('',(0.,0.,-1.));
#6970 = ADVANCED_FACE('',(#6971),#6977,.T.);
#6971 = FACE_BOUND('',#6972,.T.);
#6972 = EDGE_LOOP('',(#6973,#6974,#6975,#6976));
#6973 = ORIENTED_EDGE('',*,*,#5879,.T.);
#6974 = ORIENTED_EDGE('',*,*,#6960,.F.);
#6975 = ORIENTED_EDGE('',*,*,#4389,.F.);
#6976 = ORIENTED_EDGE('',*,*,#6919,.T.);
#6977 = PLANE('',#6978);
#6978 = AXIS2_PLACEMENT_3D('',#6979,#6980,#6981);
#6979 = CARTESIAN_POINT('',(0.5,-0.35,1.));
#6980 = DIRECTION('',(0.,-1.,0.));
#6981 = DIRECTION('',(0.,0.,1.));
#6982 = ADVANCED_FACE('',(#6983),#6989,.T.);
#6983 = FACE_BOUND('',#6984,.T.);
#6984 = EDGE_LOOP('',(#6985,#6986,#6987,#6988));
#6985 = ORIENTED_EDGE('',*,*,#5744,.T.);
#6986 = ORIENTED_EDGE('',*,*,#6904,.F.);
#6987 = ORIENTED_EDGE('',*,*,#3733,.F.);
#6988 = ORIENTED_EDGE('',*,*,#6880,.T.);
#6989 = PLANE('',#6990);
#6990 = AXIS2_PLACEMENT_3D('',#6991,#6992,#6993);
#6991 = CARTESIAN_POINT('',(0.5,-1.,1.));
#6992 = DIRECTION('',(0.,-1.,0.));
#6993 = DIRECTION('',(0.,0.,1.));
#6994 = ADVANCED_FACE('',(#6995),#7006,.T.);
#6995 = FACE_BOUND('',#6996,.T.);
#6996 = EDGE_LOOP('',(#6997,#6998,#6999,#7000));
#6997 = ORIENTED_EDGE('',*,*,#5200,.F.);
#6998 = ORIENTED_EDGE('',*,*,#6785,.F.);
#6999 = ORIENTED_EDGE('',*,*,#4277,.T.);
#7000 = ORIENTED_EDGE('',*,*,#7001,.T.);
#7001 = EDGE_CURVE('',#4270,#5201,#7002,.T.);
#7002 = LINE('',#7003,#7004);
#7003 = CARTESIAN_POINT('',(1.2,1.,1.));
#7004 = VECTOR('',#7005,1.);
#7005 = DIRECTION('',(0.,0.,-1.));
#7006 = PLANE('',#7007);
#7007 = AXIS2_PLACEMENT_3D('',#7008,#7009,#7010);
#7008 = CARTESIAN_POINT('',(1.1,0.9,1.));
#7009 = DIRECTION('',(-0.707106781187,0.707106781187,0.));
#7010 = DIRECTION('',(-0.707106781187,-0.707106781187,0.));
#7011 = ADVANCED_FACE('',(#7012),#7028,.T.);
#7012 = FACE_BOUND('',#7013,.T.);
#7013 = EDGE_LOOP('',(#7014,#7015,#7021,#7022));
#7014 = ORIENTED_EDGE('',*,*,#5216,.F.);
#7015 = ORIENTED_EDGE('',*,*,#7016,.F.);
#7016 = EDGE_CURVE('',#4262,#5209,#7017,.T.);
#7017 = LINE('',#7018,#7019);
#7018 = CARTESIAN_POINT('',(1.8,1.,1.));
#7019 = VECTOR('',#7020,1.);
#7020 = DIRECTION('',(0.,0.,-1.));
#7021 = ORIENTED_EDGE('',*,*,#4261,.T.);
#7022 = ORIENTED_EDGE('',*,*,#7023,.T.);
#7023 = EDGE_CURVE('',#4254,#5217,#7024,.T.);
#7024 = LINE('',#7025,#7026);
#7025 = CARTESIAN_POINT('',(2.,0.8,1.));
#7026 = VECTOR('',#7027,1.);
#7027 = DIRECTION('',(0.,0.,-1.));
#7028 = PLANE('',#7029);
#7029 = AXIS2_PLACEMENT_3D('',#7030,#7031,#7032);
#7030 = CARTESIAN_POINT('',(1.9,0.9,1.));
#7031 = DIRECTION('',(0.707106781187,0.707106781187,0.));
#7032 = DIRECTION('',(-0.707106781187,0.707106781187,0.));
#7033 = ADVANCED_FACE('',(#7034),#7050,.T.);
#7034 = FACE_BOUND('',#7035,.T.);
#7035 = EDGE_LOOP('',(#7036,#7037,#7043,#7044));
#7036 = ORIENTED_EDGE('',*,*,#5887,.F.);
#7037 = ORIENTED_EDGE('',*,*,#7038,.F.);
#7038 = EDGE_CURVE('',#4414,#5888,#7039,.T.);
#7039 = LINE('',#7040,#7041);
#7040 = CARTESIAN_POINT('',(1.35,0.65,1.));
#7041 = VECTOR('',#7042,1.);
#7042 = DIRECTION('',(0.,0.,-1.));
#7043 = ORIENTED_EDGE('',*,*,#4413,.T.);
#7044 = ORIENTED_EDGE('',*,*,#7045,.T.);
#7045 = EDGE_CURVE('',#4416,#5890,#7046,.T.);
#7046 = LINE('',#7047,#7048);
#7047 = CARTESIAN_POINT('',(1.35,0.35,1.));
#7048 = VECTOR('',#7049,1.);
#7049 = DIRECTION('',(0.,0.,-1.));
#7050 = PLANE('',#7051);
#7051 = AXIS2_PLACEMENT_3D('',#7052,#7053,#7054);
#7052 = CARTESIAN_POINT('',(1.35,0.5,1.));
#7053 = DIRECTION('',(1.,0.,0.));
#7054 = DIRECTION('',(0.,0.,-1.));
#7055 = ADVANCED_FACE('',(#7056),#7067,.F.);
#7056 = FACE_BOUND('',#7057,.T.);
#7057 = EDGE_LOOP('',(#7058,#7059,#7065,#7066));
#7058 = ORIENTED_EDGE('',*,*,#5913,.T.);
#7059 = ORIENTED_EDGE('',*,*,#7060,.F.);
#7060 = EDGE_CURVE('',#4424,#5906,#7061,.T.);
#7061 = LINE('',#7062,#7063);
#7062 = CARTESIAN_POINT('',(1.65,0.65,1.));
#7063 = VECTOR('',#7064,1.);
#7064 = DIRECTION('',(0.,0.,-1.));
#7065 = ORIENTED_EDGE('',*,*,#4423,.F.);
#7066 = ORIENTED_EDGE('',*,*,#7038,.T.);
#7067 = PLANE('',#7068);
#7068 = AXIS2_PLACEMENT_3D('',#7069,#7070,#7071);
#7069 = CARTESIAN_POINT('',(1.5,0.65,1.));
#7070 = DIRECTION('',(0.,1.,0.));
#7071 = DIRECTION('',(0.,-0.,1.));
#7072 = ADVANCED_FACE('',(#7073),#7084,.F.);
#7073 = FACE_BOUND('',#7074,.T.);
#7074 = EDGE_LOOP('',(#7075,#7076,#7082,#7083));
#7075 = ORIENTED_EDGE('',*,*,#5905,.T.);
#7076 = ORIENTED_EDGE('',*,*,#7077,.F.);
#7077 = EDGE_CURVE('',#4432,#5898,#7078,.T.);
#7078 = LINE('',#7079,#7080);
#7079 = CARTESIAN_POINT('',(1.65,0.35,1.));
#7080 = VECTOR('',#7081,1.);
#7081 = DIRECTION('',(0.,0.,-1.));
#7082 = ORIENTED_EDGE('',*,*,#4431,.F.);
#7083 = ORIENTED_EDGE('',*,*,#7060,.T.);
#7084 = PLANE('',#7085);
#7085 = AXIS2_PLACEMENT_3D('',#7086,#7087,#7088);
#7086 = CARTESIAN_POINT('',(1.65,0.5,1.));
#7087 = DIRECTION('',(1.,0.,0.));
#7088 = DIRECTION('',(0.,0.,-1.));
#7089 = ADVANCED_FACE('',(#7090),#7096,.T.);
#7090 = FACE_BOUND('',#7091,.T.);
#7091 = EDGE_LOOP('',(#7092,#7093,#7094,#7095));
#7092 = ORIENTED_EDGE('',*,*,#5897,.F.);
#7093 = ORIENTED_EDGE('',*,*,#7045,.F.);
#7094 = ORIENTED_EDGE('',*,*,#4439,.T.);
#7095 = ORIENTED_EDGE('',*,*,#7077,.T.);
#7096 = PLANE('',#7097);
#7097 = AXIS2_PLACEMENT_3D('',#7098,#7099,#7100);
#7098 = CARTESIAN_POINT('',(1.5,0.35,1.));
#7099 = DIRECTION('',(0.,1.,0.));
#7100 = DIRECTION('',(0.,-0.,1.));
#7101 = ADVANCED_FACE('',(#7102),#7108,.T.);
#7102 = FACE_BOUND('',#7103,.T.);
#7103 = EDGE_LOOP('',(#7104,#7105,#7106,#7107));
#7104 = ORIENTED_EDGE('',*,*,#5208,.F.);
#7105 = ORIENTED_EDGE('',*,*,#7001,.F.);
#7106 = ORIENTED_EDGE('',*,*,#4269,.T.);
#7107 = ORIENTED_EDGE('',*,*,#7016,.T.);
#7108 = PLANE('',#7109);
#7109 = AXIS2_PLACEMENT_3D('',#7110,#7111,#7112);
#7110 = CARTESIAN_POINT('',(1.5,1.,1.));
#7111 = DIRECTION('',(0.,1.,0.));
#7112 = DIRECTION('',(0.,-0.,1.));
#7113 = ADVANCED_FACE('',(#7114),#7125,.T.);
#7114 = FACE_BOUND('',#7115,.T.);
#7115 = EDGE_LOOP('',(#7116,#7117,#7123,#7124));
#7116 = ORIENTED_EDGE('',*,*,#5728,.T.);
#7117 = ORIENTED_EDGE('',*,*,#7118,.F.);
#7118 = EDGE_CURVE('',#3750,#5721,#7119,.T.);
#7119 = LINE('',#7120,#7121);
#7120 = CARTESIAN_POINT('',(1.2,-1.,1.));
#7121 = VECTOR('',#7122,1.);
#7122 = DIRECTION('',(0.,0.,-1.));
#7123 = ORIENTED_EDGE('',*,*,#3749,.F.);
#7124 = ORIENTED_EDGE('',*,*,#6897,.T.);
#7125 = PLANE('',#7126);
#7126 = AXIS2_PLACEMENT_3D('',#7127,#7128,#7129);
#7127 = CARTESIAN_POINT('',(1.1,-0.9,1.));
#7128 = DIRECTION('',(-0.707106781187,-0.707106781187,0.));
#7129 = DIRECTION('',(-0.707106781187,0.707106781187,0.));
#7130 = ADVANCED_FACE('',(#7131),#7147,.T.);
#7131 = FACE_BOUND('',#7132,.T.);
#7132 = EDGE_LOOP('',(#7133,#7134,#7140,#7141));
#7133 = ORIENTED_EDGE('',*,*,#5712,.T.);
#7134 = ORIENTED_EDGE('',*,*,#7135,.F.);
#7135 = EDGE_CURVE('',#3766,#5705,#7136,.T.);
#7136 = LINE('',#7137,#7138);
#7137 = CARTESIAN_POINT('',(2.,-0.8,1.));
#7138 = VECTOR('',#7139,1.);
#7139 = DIRECTION('',(0.,0.,-1.));
#7140 = ORIENTED_EDGE('',*,*,#3765,.F.);
#7141 = ORIENTED_EDGE('',*,*,#7142,.T.);
#7142 = EDGE_CURVE('',#3758,#5713,#7143,.T.);
#7143 = LINE('',#7144,#7145);
#7144 = CARTESIAN_POINT('',(1.8,-1.,1.));
#7145 = VECTOR('',#7146,1.);
#7146 = DIRECTION('',(0.,0.,-1.));
#7147 = PLANE('',#7148);
#7148 = AXIS2_PLACEMENT_3D('',#7149,#7150,#7151);
#7149 = CARTESIAN_POINT('',(1.9,-0.9,1.));
#7150 = DIRECTION('',(0.707106781187,-0.707106781187,0.));
#7151 = DIRECTION('',(-0.707106781187,-0.707106781187,0.));
#7152 = ADVANCED_FACE('',(#7153),#7169,.T.);
#7153 = FACE_BOUND('',#7154,.T.);
#7154 = EDGE_LOOP('',(#7155,#7156,#7162,#7163));
#7155 = ORIENTED_EDGE('',*,*,#5921,.T.);
#7156 = ORIENTED_EDGE('',*,*,#7157,.F.);
#7157 = EDGE_CURVE('',#4450,#5924,#7158,.T.);
#7158 = LINE('',#7159,#7160);
#7159 = CARTESIAN_POINT('',(1.35,-0.35,1.));
#7160 = VECTOR('',#7161,1.);
#7161 = DIRECTION('',(0.,0.,-1.));
#7162 = ORIENTED_EDGE('',*,*,#4447,.F.);
#7163 = ORIENTED_EDGE('',*,*,#7164,.T.);
#7164 = EDGE_CURVE('',#4448,#5922,#7165,.T.);
#7165 = LINE('',#7166,#7167);
#7166 = CARTESIAN_POINT('',(1.35,-0.65,1.));
#7167 = VECTOR('',#7168,1.);
#7168 = DIRECTION('',(0.,0.,-1.));
#7169 = PLANE('',#7170);
#7170 = AXIS2_PLACEMENT_3D('',#7171,#7172,#7173);
#7171 = CARTESIAN_POINT('',(1.35,-0.5,1.));
#7172 = DIRECTION('',(1.,0.,0.));
#7173 = DIRECTION('',(0.,0.,-1.));
#7174 = ADVANCED_FACE('',(#7175),#7186,.F.);
#7175 = FACE_BOUND('',#7176,.T.);
#7176 = EDGE_LOOP('',(#7177,#7178,#7179,#7180));
#7177 = ORIENTED_EDGE('',*,*,#5931,.F.);
#7178 = ORIENTED_EDGE('',*,*,#7164,.F.);
#7179 = ORIENTED_EDGE('',*,*,#4473,.T.);
#7180 = ORIENTED_EDGE('',*,*,#7181,.T.);
#7181 = EDGE_CURVE('',#4466,#5932,#7182,.T.);
#7182 = LINE('',#7183,#7184);
#7183 = CARTESIAN_POINT('',(1.65,-0.65,1.));
#7184 = VECTOR('',#7185,1.);
#7185 = DIRECTION('',(0.,0.,-1.));
#7186 = PLANE('',#7187);
#7187 = AXIS2_PLACEMENT_3D('',#7188,#7189,#7190);
#7188 = CARTESIAN_POINT('',(1.5,-0.65,1.));
#7189 = DIRECTION('',(0.,-1.,0.));
#7190 = DIRECTION('',(0.,0.,1.));
#7191 = ADVANCED_FACE('',(#7192),#7203,.F.);
#7192 = FACE_BOUND('',#7193,.T.);
#7193 = EDGE_LOOP('',(#7194,#7195,#7196,#7197));
#7194 = ORIENTED_EDGE('',*,*,#5939,.F.);
#7195 = ORIENTED_EDGE('',*,*,#7181,.F.);
#7196 = ORIENTED_EDGE('',*,*,#4465,.T.);
#7197 = ORIENTED_EDGE('',*,*,#7198,.T.);
#7198 = EDGE_CURVE('',#4458,#5940,#7199,.T.);
#7199 = LINE('',#7200,#7201);
#7200 = CARTESIAN_POINT('',(1.65,-0.35,1.));
#7201 = VECTOR('',#7202,1.);
#7202 = DIRECTION('',(0.,0.,-1.));
#7203 = PLANE('',#7204);
#7204 = AXIS2_PLACEMENT_3D('',#7205,#7206,#7207);
#7205 = CARTESIAN_POINT('',(1.65,-0.5,1.));
#7206 = DIRECTION('',(1.,0.,0.));
#7207 = DIRECTION('',(0.,0.,-1.));
#7208 = ADVANCED_FACE('',(#7209),#7215,.T.);
#7209 = FACE_BOUND('',#7210,.T.);
#7210 = EDGE_LOOP('',(#7211,#7212,#7213,#7214));
#7211 = ORIENTED_EDGE('',*,*,#5947,.T.);
#7212 = ORIENTED_EDGE('',*,*,#7198,.F.);
#7213 = ORIENTED_EDGE('',*,*,#4457,.F.);
#7214 = ORIENTED_EDGE('',*,*,#7157,.T.);
#7215 = PLANE('',#7216);
#7216 = AXIS2_PLACEMENT_3D('',#7217,#7218,#7219);
#7217 = CARTESIAN_POINT('',(1.5,-0.35,1.));
#7218 = DIRECTION('',(0.,-1.,0.));
#7219 = DIRECTION('',(0.,0.,1.));
#7220 = ADVANCED_FACE('',(#7221),#7227,.T.);
#7221 = FACE_BOUND('',#7222,.T.);
#7222 = EDGE_LOOP('',(#7223,#7224,#7225,#7226));
#7223 = ORIENTED_EDGE('',*,*,#5720,.T.);
#7224 = ORIENTED_EDGE('',*,*,#7142,.F.);
#7225 = ORIENTED_EDGE('',*,*,#3757,.F.);
#7226 = ORIENTED_EDGE('',*,*,#7118,.T.);
#7227 = PLANE('',#7228);
#7228 = AXIS2_PLACEMENT_3D('',#7229,#7230,#7231);
#7229 = CARTESIAN_POINT('',(1.5,-1.,1.));
#7230 = DIRECTION('',(0.,-1.,0.));
#7231 = DIRECTION('',(0.,0.,1.));
#7232 = ADVANCED_FACE('',(#7233),#7244,.T.);
#7233 = FACE_BOUND('',#7234,.T.);
#7234 = EDGE_LOOP('',(#7235,#7236,#7237,#7238));
#7235 = ORIENTED_EDGE('',*,*,#5224,.F.);
#7236 = ORIENTED_EDGE('',*,*,#7023,.F.);
#7237 = ORIENTED_EDGE('',*,*,#4253,.T.);
#7238 = ORIENTED_EDGE('',*,*,#7239,.T.);
#7239 = EDGE_CURVE('',#4246,#5225,#7240,.T.);
#7240 = LINE('',#7241,#7242);
#7241 = CARTESIAN_POINT('',(2.2,1.,1.));
#7242 = VECTOR('',#7243,1.);
#7243 = DIRECTION('',(0.,0.,-1.));
#7244 = PLANE('',#7245);
#7245 = AXIS2_PLACEMENT_3D('',#7246,#7247,#7248);
#7246 = CARTESIAN_POINT('',(2.1,0.9,1.));
#7247 = DIRECTION('',(-0.707106781187,0.707106781187,0.));
#7248 = DIRECTION('',(-0.707106781187,-0.707106781187,0.));
#7249 = ADVANCED_FACE('',(#7250),#7266,.T.);
#7250 = FACE_BOUND('',#7251,.T.);
#7251 = EDGE_LOOP('',(#7252,#7253,#7259,#7260));
#7252 = ORIENTED_EDGE('',*,*,#5240,.F.);
#7253 = ORIENTED_EDGE('',*,*,#7254,.F.);
#7254 = EDGE_CURVE('',#4238,#5233,#7255,.T.);
#7255 = LINE('',#7256,#7257);
#7256 = CARTESIAN_POINT('',(2.8,1.,1.));
#7257 = VECTOR('',#7258,1.);
#7258 = DIRECTION('',(0.,0.,-1.));
#7259 = ORIENTED_EDGE('',*,*,#4237,.T.);
#7260 = ORIENTED_EDGE('',*,*,#7261,.T.);
#7261 = EDGE_CURVE('',#4230,#5241,#7262,.T.);
#7262 = LINE('',#7263,#7264);
#7263 = CARTESIAN_POINT('',(3.,0.8,1.));
#7264 = VECTOR('',#7265,1.);
#7265 = DIRECTION('',(0.,0.,-1.));
#7266 = PLANE('',#7267);
#7267 = AXIS2_PLACEMENT_3D('',#7268,#7269,#7270);
#7268 = CARTESIAN_POINT('',(2.9,0.9,1.));
#7269 = DIRECTION('',(0.707106781187,0.707106781187,0.));
#7270 = DIRECTION('',(-0.707106781187,0.707106781187,0.));
#7271 = ADVANCED_FACE('',(#7272),#7288,.T.);
#7272 = FACE_BOUND('',#7273,.T.);
#7273 = EDGE_LOOP('',(#7274,#7275,#7281,#7282));
#7274 = ORIENTED_EDGE('',*,*,#5955,.F.);
#7275 = ORIENTED_EDGE('',*,*,#7276,.F.);
#7276 = EDGE_CURVE('',#4482,#5956,#7277,.T.);
#7277 = LINE('',#7278,#7279);
#7278 = CARTESIAN_POINT('',(2.35,0.65,1.));
#7279 = VECTOR('',#7280,1.);
#7280 = DIRECTION('',(0.,0.,-1.));
#7281 = ORIENTED_EDGE('',*,*,#4481,.T.);
#7282 = ORIENTED_EDGE('',*,*,#7283,.T.);
#7283 = EDGE_CURVE('',#4484,#5958,#7284,.T.);
#7284 = LINE('',#7285,#7286);
#7285 = CARTESIAN_POINT('',(2.35,0.35,1.));
#7286 = VECTOR('',#7287,1.);
#7287 = DIRECTION('',(0.,0.,-1.));
#7288 = PLANE('',#7289);
#7289 = AXIS2_PLACEMENT_3D('',#7290,#7291,#7292);
#7290 = CARTESIAN_POINT('',(2.35,0.5,1.));
#7291 = DIRECTION('',(1.,0.,0.));
#7292 = DIRECTION('',(0.,0.,-1.));
#7293 = ADVANCED_FACE('',(#7294),#7305,.F.);
#7294 = FACE_BOUND('',#7295,.T.);
#7295 = EDGE_LOOP('',(#7296,#7297,#7303,#7304));
#7296 = ORIENTED_EDGE('',*,*,#5981,.T.);
#7297 = ORIENTED_EDGE('',*,*,#7298,.F.);
#7298 = EDGE_CURVE('',#4492,#5974,#7299,.T.);
#7299 = LINE('',#7300,#7301);
#7300 = CARTESIAN_POINT('',(2.65,0.65,1.));
#7301 = VECTOR('',#7302,1.);
#7302 = DIRECTION('',(0.,0.,-1.));
#7303 = ORIENTED_EDGE('',*,*,#4491,.F.);
#7304 = ORIENTED_EDGE('',*,*,#7276,.T.);
#7305 = PLANE('',#7306);
#7306 = AXIS2_PLACEMENT_3D('',#7307,#7308,#7309);
#7307 = CARTESIAN_POINT('',(2.5,0.65,1.));
#7308 = DIRECTION('',(0.,1.,0.));
#7309 = DIRECTION('',(0.,-0.,1.));
#7310 = ADVANCED_FACE('',(#7311),#7322,.F.);
#7311 = FACE_BOUND('',#7312,.T.);
#7312 = EDGE_LOOP('',(#7313,#7314,#7320,#7321));
#7313 = ORIENTED_EDGE('',*,*,#5973,.T.);
#7314 = ORIENTED_EDGE('',*,*,#7315,.F.);
#7315 = EDGE_CURVE('',#4500,#5966,#7316,.T.);
#7316 = LINE('',#7317,#7318);
#7317 = CARTESIAN_POINT('',(2.65,0.35,1.));
#7318 = VECTOR('',#7319,1.);
#7319 = DIRECTION('',(0.,0.,-1.));
#7320 = ORIENTED_EDGE('',*,*,#4499,.F.);
#7321 = ORIENTED_EDGE('',*,*,#7298,.T.);
#7322 = PLANE('',#7323);
#7323 = AXIS2_PLACEMENT_3D('',#7324,#7325,#7326);
#7324 = CARTESIAN_POINT('',(2.65,0.5,1.));
#7325 = DIRECTION('',(1.,0.,0.));
#7326 = DIRECTION('',(0.,0.,-1.));
#7327 = ADVANCED_FACE('',(#7328),#7334,.T.);
#7328 = FACE_BOUND('',#7329,.T.);
#7329 = EDGE_LOOP('',(#7330,#7331,#7332,#7333));
#7330 = ORIENTED_EDGE('',*,*,#5965,.F.);
#7331 = ORIENTED_EDGE('',*,*,#7283,.F.);
#7332 = ORIENTED_EDGE('',*,*,#4507,.T.);
#7333 = ORIENTED_EDGE('',*,*,#7315,.T.);
#7334 = PLANE('',#7335);
#7335 = AXIS2_PLACEMENT_3D('',#7336,#7337,#7338);
#7336 = CARTESIAN_POINT('',(2.5,0.35,1.));
#7337 = DIRECTION('',(0.,1.,0.));
#7338 = DIRECTION('',(0.,-0.,1.));
#7339 = ADVANCED_FACE('',(#7340),#7346,.T.);
#7340 = FACE_BOUND('',#7341,.T.);
#7341 = EDGE_LOOP('',(#7342,#7343,#7344,#7345));
#7342 = ORIENTED_EDGE('',*,*,#5232,.F.);
#7343 = ORIENTED_EDGE('',*,*,#7239,.F.);
#7344 = ORIENTED_EDGE('',*,*,#4245,.T.);
#7345 = ORIENTED_EDGE('',*,*,#7254,.T.);
#7346 = PLANE('',#7347);
#7347 = AXIS2_PLACEMENT_3D('',#7348,#7349,#7350);
#7348 = CARTESIAN_POINT('',(2.5,1.,1.));
#7349 = DIRECTION('',(0.,1.,0.));
#7350 = DIRECTION('',(0.,-0.,1.));
#7351 = ADVANCED_FACE('',(#7352),#7363,.T.);
#7352 = FACE_BOUND('',#7353,.T.);
#7353 = EDGE_LOOP('',(#7354,#7355,#7361,#7362));
#7354 = ORIENTED_EDGE('',*,*,#5704,.T.);
#7355 = ORIENTED_EDGE('',*,*,#7356,.F.);
#7356 = EDGE_CURVE('',#3774,#5697,#7357,.T.);
#7357 = LINE('',#7358,#7359);
#7358 = CARTESIAN_POINT('',(2.2,-1.,1.));
#7359 = VECTOR('',#7360,1.);
#7360 = DIRECTION('',(0.,0.,-1.));
#7361 = ORIENTED_EDGE('',*,*,#3773,.F.);
#7362 = ORIENTED_EDGE('',*,*,#7135,.T.);
#7363 = PLANE('',#7364);
#7364 = AXIS2_PLACEMENT_3D('',#7365,#7366,#7367);
#7365 = CARTESIAN_POINT('',(2.1,-0.9,1.));
#7366 = DIRECTION('',(-0.707106781187,-0.707106781187,0.));
#7367 = DIRECTION('',(-0.707106781187,0.707106781187,0.));
#7368 = ADVANCED_FACE('',(#7369),#7385,.T.);
#7369 = FACE_BOUND('',#7370,.T.);
#7370 = EDGE_LOOP('',(#7371,#7372,#7378,#7379));
#7371 = ORIENTED_EDGE('',*,*,#5688,.T.);
#7372 = ORIENTED_EDGE('',*,*,#7373,.F.);
#7373 = EDGE_CURVE('',#3790,#5681,#7374,.T.);
#7374 = LINE('',#7375,#7376);
#7375 = CARTESIAN_POINT('',(3.,-0.8,1.));
#7376 = VECTOR('',#7377,1.);
#7377 = DIRECTION('',(0.,0.,-1.));
#7378 = ORIENTED_EDGE('',*,*,#3789,.F.);
#7379 = ORIENTED_EDGE('',*,*,#7380,.T.);
#7380 = EDGE_CURVE('',#3782,#5689,#7381,.T.);
#7381 = LINE('',#7382,#7383);
#7382 = CARTESIAN_POINT('',(2.8,-1.,1.));
#7383 = VECTOR('',#7384,1.);
#7384 = DIRECTION('',(0.,0.,-1.));
#7385 = PLANE('',#7386);
#7386 = AXIS2_PLACEMENT_3D('',#7387,#7388,#7389);
#7387 = CARTESIAN_POINT('',(2.9,-0.9,1.));
#7388 = DIRECTION('',(0.707106781187,-0.707106781187,0.));
#7389 = DIRECTION('',(-0.707106781187,-0.707106781187,0.));
#7390 = ADVANCED_FACE('',(#7391),#7407,.T.);
#7391 = FACE_BOUND('',#7392,.T.);
#7392 = EDGE_LOOP('',(#7393,#7394,#7400,#7401));
#7393 = ORIENTED_EDGE('',*,*,#5989,.T.);
#7394 = ORIENTED_EDGE('',*,*,#7395,.F.);
#7395 = EDGE_CURVE('',#4518,#5992,#7396,.T.);
#7396 = LINE('',#7397,#7398);
#7397 = CARTESIAN_POINT('',(2.35,-0.35,1.));
#7398 = VECTOR('',#7399,1.);
#7399 = DIRECTION('',(0.,0.,-1.));
#7400 = ORIENTED_EDGE('',*,*,#4515,.F.);
#7401 = ORIENTED_EDGE('',*,*,#7402,.T.);
#7402 = EDGE_CURVE('',#4516,#5990,#7403,.T.);
#7403 = LINE('',#7404,#7405);
#7404 = CARTESIAN_POINT('',(2.35,-0.65,1.));
#7405 = VECTOR('',#7406,1.);
#7406 = DIRECTION('',(0.,0.,-1.));
#7407 = PLANE('',#7408);
#7408 = AXIS2_PLACEMENT_3D('',#7409,#7410,#7411);
#7409 = CARTESIAN_POINT('',(2.35,-0.5,1.));
#7410 = DIRECTION('',(1.,0.,0.));
#7411 = DIRECTION('',(0.,0.,-1.));
#7412 = ADVANCED_FACE('',(#7413),#7424,.F.);
#7413 = FACE_BOUND('',#7414,.T.);
#7414 = EDGE_LOOP('',(#7415,#7416,#7417,#7418));
#7415 = ORIENTED_EDGE('',*,*,#5999,.F.);
#7416 = ORIENTED_EDGE('',*,*,#7402,.F.);
#7417 = ORIENTED_EDGE('',*,*,#4541,.T.);
#7418 = ORIENTED_EDGE('',*,*,#7419,.T.);
#7419 = EDGE_CURVE('',#4534,#6000,#7420,.T.);
#7420 = LINE('',#7421,#7422);
#7421 = CARTESIAN_POINT('',(2.65,-0.65,1.));
#7422 = VECTOR('',#7423,1.);
#7423 = DIRECTION('',(0.,0.,-1.));
#7424 = PLANE('',#7425);
#7425 = AXIS2_PLACEMENT_3D('',#7426,#7427,#7428);
#7426 = CARTESIAN_POINT('',(2.5,-0.65,1.));
#7427 = DIRECTION('',(0.,-1.,0.));
#7428 = DIRECTION('',(0.,0.,1.));
#7429 = ADVANCED_FACE('',(#7430),#7441,.F.);
#7430 = FACE_BOUND('',#7431,.T.);
#7431 = EDGE_LOOP('',(#7432,#7433,#7434,#7435));
#7432 = ORIENTED_EDGE('',*,*,#6007,.F.);
#7433 = ORIENTED_EDGE('',*,*,#7419,.F.);
#7434 = ORIENTED_EDGE('',*,*,#4533,.T.);
#7435 = ORIENTED_EDGE('',*,*,#7436,.T.);
#7436 = EDGE_CURVE('',#4526,#6008,#7437,.T.);
#7437 = LINE('',#7438,#7439);
#7438 = CARTESIAN_POINT('',(2.65,-0.35,1.));
#7439 = VECTOR('',#7440,1.);
#7440 = DIRECTION('',(0.,0.,-1.));
#7441 = PLANE('',#7442);
#7442 = AXIS2_PLACEMENT_3D('',#7443,#7444,#7445);
#7443 = CARTESIAN_POINT('',(2.65,-0.5,1.));
#7444 = DIRECTION('',(1.,0.,0.));
#7445 = DIRECTION('',(0.,0.,-1.));
#7446 = ADVANCED_FACE('',(#7447),#7453,.T.);
#7447 = FACE_BOUND('',#7448,.T.);
#7448 = EDGE_LOOP('',(#7449,#7450,#7451,#7452));
#7449 = ORIENTED_EDGE('',*,*,#6015,.T.);
#7450 = ORIENTED_EDGE('',*,*,#7436,.F.);
#7451 = ORIENTED_EDGE('',*,*,#4525,.F.);
#7452 = ORIENTED_EDGE('',*,*,#7395,.T.);
#7453 = PLANE('',#7454);
#7454 = AXIS2_PLACEMENT_3D('',#7455,#7456,#7457);
#7455 = CARTESIAN_POINT('',(2.5,-0.35,1.));
#7456 = DIRECTION('',(0.,-1.,0.));
#7457 = DIRECTION('',(0.,0.,1.));
#7458 = ADVANCED_FACE('',(#7459),#7465,.T.);
#7459 = FACE_BOUND('',#7460,.T.);
#7460 = EDGE_LOOP('',(#7461,#7462,#7463,#7464));
#7461 = ORIENTED_EDGE('',*,*,#5696,.T.);
#7462 = ORIENTED_EDGE('',*,*,#7380,.F.);
#7463 = ORIENTED_EDGE('',*,*,#3781,.F.);
#7464 = ORIENTED_EDGE('',*,*,#7356,.T.);
#7465 = PLANE('',#7466);
#7466 = AXIS2_PLACEMENT_3D('',#7467,#7468,#7469);
#7467 = CARTESIAN_POINT('',(2.5,-1.,1.));
#7468 = DIRECTION('',(0.,-1.,0.));
#7469 = DIRECTION('',(0.,0.,1.));
#7470 = ADVANCED_FACE('',(#7471),#7482,.T.);
#7471 = FACE_BOUND('',#7472,.T.);
#7472 = EDGE_LOOP('',(#7473,#7474,#7475,#7476));
#7473 = ORIENTED_EDGE('',*,*,#5248,.F.);
#7474 = ORIENTED_EDGE('',*,*,#7261,.F.);
#7475 = ORIENTED_EDGE('',*,*,#4229,.T.);
#7476 = ORIENTED_EDGE('',*,*,#7477,.T.);
#7477 = EDGE_CURVE('',#4222,#5249,#7478,.T.);
#7478 = LINE('',#7479,#7480);
#7479 = CARTESIAN_POINT('',(3.2,1.,1.));
#7480 = VECTOR('',#7481,1.);
#7481 = DIRECTION('',(0.,0.,-1.));
#7482 = PLANE('',#7483);
#7483 = AXIS2_PLACEMENT_3D('',#7484,#7485,#7486);
#7484 = CARTESIAN_POINT('',(3.1,0.9,1.));
#7485 = DIRECTION('',(-0.707106781187,0.707106781187,0.));
#7486 = DIRECTION('',(-0.707106781187,-0.707106781187,0.));
#7487 = ADVANCED_FACE('',(#7488),#7504,.T.);
#7488 = FACE_BOUND('',#7489,.T.);
#7489 = EDGE_LOOP('',(#7490,#7491,#7497,#7498));
#7490 = ORIENTED_EDGE('',*,*,#5264,.F.);
#7491 = ORIENTED_EDGE('',*,*,#7492,.F.);
#7492 = EDGE_CURVE('',#4214,#5257,#7493,.T.);
#7493 = LINE('',#7494,#7495);
#7494 = CARTESIAN_POINT('',(3.8,1.,1.));
#7495 = VECTOR('',#7496,1.);
#7496 = DIRECTION('',(0.,0.,-1.));
#7497 = ORIENTED_EDGE('',*,*,#4213,.T.);
#7498 = ORIENTED_EDGE('',*,*,#7499,.T.);
#7499 = EDGE_CURVE('',#4206,#5265,#7500,.T.);
#7500 = LINE('',#7501,#7502);
#7501 = CARTESIAN_POINT('',(4.,0.8,1.));
#7502 = VECTOR('',#7503,1.);
#7503 = DIRECTION('',(0.,0.,-1.));
#7504 = PLANE('',#7505);
#7505 = AXIS2_PLACEMENT_3D('',#7506,#7507,#7508);
#7506 = CARTESIAN_POINT('',(3.9,0.9,1.));
#7507 = DIRECTION('',(0.707106781187,0.707106781187,0.));
#7508 = DIRECTION('',(-0.707106781187,0.707106781187,0.));
#7509 = ADVANCED_FACE('',(#7510),#7526,.T.);
#7510 = FACE_BOUND('',#7511,.T.);
#7511 = EDGE_LOOP('',(#7512,#7513,#7519,#7520));
#7512 = ORIENTED_EDGE('',*,*,#6023,.F.);
#7513 = ORIENTED_EDGE('',*,*,#7514,.F.);
#7514 = EDGE_CURVE('',#4550,#6024,#7515,.T.);
#7515 = LINE('',#7516,#7517);
#7516 = CARTESIAN_POINT('',(3.35,0.65,1.));
#7517 = VECTOR('',#7518,1.);
#7518 = DIRECTION('',(0.,0.,-1.));
#7519 = ORIENTED_EDGE('',*,*,#4549,.T.);
#7520 = ORIENTED_EDGE('',*,*,#7521,.T.);
#7521 = EDGE_CURVE('',#4552,#6026,#7522,.T.);
#7522 = LINE('',#7523,#7524);
#7523 = CARTESIAN_POINT('',(3.35,0.35,1.));
#7524 = VECTOR('',#7525,1.);
#7525 = DIRECTION('',(0.,0.,-1.));
#7526 = PLANE('',#7527);
#7527 = AXIS2_PLACEMENT_3D('',#7528,#7529,#7530);
#7528 = CARTESIAN_POINT('',(3.35,0.5,1.));
#7529 = DIRECTION('',(1.,0.,0.));
#7530 = DIRECTION('',(0.,0.,-1.));
#7531 = ADVANCED_FACE('',(#7532),#7543,.F.);
#7532 = FACE_BOUND('',#7533,.T.);
#7533 = EDGE_LOOP('',(#7534,#7535,#7541,#7542));
#7534 = ORIENTED_EDGE('',*,*,#6049,.T.);
#7535 = ORIENTED_EDGE('',*,*,#7536,.F.);
#7536 = EDGE_CURVE('',#4560,#6042,#7537,.T.);
#7537 = LINE('',#7538,#7539);
#7538 = CARTESIAN_POINT('',(3.65,0.65,1.));
#7539 = VECTOR('',#7540,1.);
#7540 = DIRECTION('',(0.,0.,-1.));
#7541 = ORIENTED_EDGE('',*,*,#4559,.F.);
#7542 = ORIENTED_EDGE('',*,*,#7514,.T.);
#7543 = PLANE('',#7544);
#7544 = AXIS2_PLACEMENT_3D('',#7545,#7546,#7547);
#7545 = CARTESIAN_POINT('',(3.5,0.65,1.));
#7546 = DIRECTION('',(0.,1.,0.));
#7547 = DIRECTION('',(0.,-0.,1.));
#7548 = ADVANCED_FACE('',(#7549),#7560,.F.);
#7549 = FACE_BOUND('',#7550,.T.);
#7550 = EDGE_LOOP('',(#7551,#7552,#7558,#7559));
#7551 = ORIENTED_EDGE('',*,*,#6041,.T.);
#7552 = ORIENTED_EDGE('',*,*,#7553,.F.);
#7553 = EDGE_CURVE('',#4568,#6034,#7554,.T.);
#7554 = LINE('',#7555,#7556);
#7555 = CARTESIAN_POINT('',(3.65,0.35,1.));
#7556 = VECTOR('',#7557,1.);
#7557 = DIRECTION('',(0.,0.,-1.));
#7558 = ORIENTED_EDGE('',*,*,#4567,.F.);
#7559 = ORIENTED_EDGE('',*,*,#7536,.T.);
#7560 = PLANE('',#7561);
#7561 = AXIS2_PLACEMENT_3D('',#7562,#7563,#7564);
#7562 = CARTESIAN_POINT('',(3.65,0.5,1.));
#7563 = DIRECTION('',(1.,0.,0.));
#7564 = DIRECTION('',(0.,0.,-1.));
#7565 = ADVANCED_FACE('',(#7566),#7572,.T.);
#7566 = FACE_BOUND('',#7567,.T.);
#7567 = EDGE_LOOP('',(#7568,#7569,#7570,#7571));
#7568 = ORIENTED_EDGE('',*,*,#6033,.F.);
#7569 = ORIENTED_EDGE('',*,*,#7521,.F.);
#7570 = ORIENTED_EDGE('',*,*,#4575,.T.);
#7571 = ORIENTED_EDGE('',*,*,#7553,.T.);
#7572 = PLANE('',#7573);
#7573 = AXIS2_PLACEMENT_3D('',#7574,#7575,#7576);
#7574 = CARTESIAN_POINT('',(3.5,0.35,1.));
#7575 = DIRECTION('',(0.,1.,0.));
#7576 = DIRECTION('',(0.,-0.,1.));
#7577 = ADVANCED_FACE('',(#7578),#7584,.T.);
#7578 = FACE_BOUND('',#7579,.T.);
#7579 = EDGE_LOOP('',(#7580,#7581,#7582,#7583));
#7580 = ORIENTED_EDGE('',*,*,#5256,.F.);
#7581 = ORIENTED_EDGE('',*,*,#7477,.F.);
#7582 = ORIENTED_EDGE('',*,*,#4221,.T.);
#7583 = ORIENTED_EDGE('',*,*,#7492,.T.);
#7584 = PLANE('',#7585);
#7585 = AXIS2_PLACEMENT_3D('',#7586,#7587,#7588);
#7586 = CARTESIAN_POINT('',(3.5,1.,1.));
#7587 = DIRECTION('',(0.,1.,0.));
#7588 = DIRECTION('',(0.,-0.,1.));
#7589 = ADVANCED_FACE('',(#7590),#7601,.T.);
#7590 = FACE_BOUND('',#7591,.T.);
#7591 = EDGE_LOOP('',(#7592,#7593,#7599,#7600));
#7592 = ORIENTED_EDGE('',*,*,#5680,.T.);
#7593 = ORIENTED_EDGE('',*,*,#7594,.F.);
#7594 = EDGE_CURVE('',#3798,#5673,#7595,.T.);
#7595 = LINE('',#7596,#7597);
#7596 = CARTESIAN_POINT('',(3.2,-1.,1.));
#7597 = VECTOR('',#7598,1.);
#7598 = DIRECTION('',(0.,0.,-1.));
#7599 = ORIENTED_EDGE('',*,*,#3797,.F.);
#7600 = ORIENTED_EDGE('',*,*,#7373,.T.);
#7601 = PLANE('',#7602);
#7602 = AXIS2_PLACEMENT_3D('',#7603,#7604,#7605);
#7603 = CARTESIAN_POINT('',(3.1,-0.9,1.));
#7604 = DIRECTION('',(-0.707106781187,-0.707106781187,0.));
#7605 = DIRECTION('',(-0.707106781187,0.707106781187,0.));
#7606 = ADVANCED_FACE('',(#7607),#7623,.T.);
#7607 = FACE_BOUND('',#7608,.T.);
#7608 = EDGE_LOOP('',(#7609,#7610,#7616,#7617));
#7609 = ORIENTED_EDGE('',*,*,#5664,.T.);
#7610 = ORIENTED_EDGE('',*,*,#7611,.F.);
#7611 = EDGE_CURVE('',#3814,#5657,#7612,.T.);
#7612 = LINE('',#7613,#7614);
#7613 = CARTESIAN_POINT('',(4.,-0.8,1.));
#7614 = VECTOR('',#7615,1.);
#7615 = DIRECTION('',(0.,0.,-1.));
#7616 = ORIENTED_EDGE('',*,*,#3813,.F.);
#7617 = ORIENTED_EDGE('',*,*,#7618,.T.);
#7618 = EDGE_CURVE('',#3806,#5665,#7619,.T.);
#7619 = LINE('',#7620,#7621);
#7620 = CARTESIAN_POINT('',(3.8,-1.,1.));
#7621 = VECTOR('',#7622,1.);
#7622 = DIRECTION('',(0.,0.,-1.));
#7623 = PLANE('',#7624);
#7624 = AXIS2_PLACEMENT_3D('',#7625,#7626,#7627);
#7625 = CARTESIAN_POINT('',(3.9,-0.9,1.));
#7626 = DIRECTION('',(0.707106781187,-0.707106781187,0.));
#7627 = DIRECTION('',(-0.707106781187,-0.707106781187,0.));
#7628 = ADVANCED_FACE('',(#7629),#7645,.T.);
#7629 = FACE_BOUND('',#7630,.T.);
#7630 = EDGE_LOOP('',(#7631,#7632,#7638,#7639));
#7631 = ORIENTED_EDGE('',*,*,#6057,.T.);
#7632 = ORIENTED_EDGE('',*,*,#7633,.F.);
#7633 = EDGE_CURVE('',#4586,#6060,#7634,.T.);
#7634 = LINE('',#7635,#7636);
#7635 = CARTESIAN_POINT('',(3.35,-0.35,1.));
#7636 = VECTOR('',#7637,1.);
#7637 = DIRECTION('',(0.,0.,-1.));
#7638 = ORIENTED_EDGE('',*,*,#4583,.F.);
#7639 = ORIENTED_EDGE('',*,*,#7640,.T.);
#7640 = EDGE_CURVE('',#4584,#6058,#7641,.T.);
#7641 = LINE('',#7642,#7643);
#7642 = CARTESIAN_POINT('',(3.35,-0.65,1.));
#7643 = VECTOR('',#7644,1.);
#7644 = DIRECTION('',(0.,0.,-1.));
#7645 = PLANE('',#7646);
#7646 = AXIS2_PLACEMENT_3D('',#7647,#7648,#7649);
#7647 = CARTESIAN_POINT('',(3.35,-0.5,1.));
#7648 = DIRECTION('',(1.,0.,0.));
#7649 = DIRECTION('',(0.,0.,-1.));
#7650 = ADVANCED_FACE('',(#7651),#7662,.F.);
#7651 = FACE_BOUND('',#7652,.T.);
#7652 = EDGE_LOOP('',(#7653,#7654,#7655,#7656));
#7653 = ORIENTED_EDGE('',*,*,#6067,.F.);
#7654 = ORIENTED_EDGE('',*,*,#7640,.F.);
#7655 = ORIENTED_EDGE('',*,*,#4609,.T.);
#7656 = ORIENTED_EDGE('',*,*,#7657,.T.);
#7657 = EDGE_CURVE('',#4602,#6068,#7658,.T.);
#7658 = LINE('',#7659,#7660);
#7659 = CARTESIAN_POINT('',(3.65,-0.65,1.));
#7660 = VECTOR('',#7661,1.);
#7661 = DIRECTION('',(0.,0.,-1.));
#7662 = PLANE('',#7663);
#7663 = AXIS2_PLACEMENT_3D('',#7664,#7665,#7666);
#7664 = CARTESIAN_POINT('',(3.5,-0.65,1.));
#7665 = DIRECTION('',(0.,-1.,0.));
#7666 = DIRECTION('',(0.,0.,1.));
#7667 = ADVANCED_FACE('',(#7668),#7679,.F.);
#7668 = FACE_BOUND('',#7669,.T.);
#7669 = EDGE_LOOP('',(#7670,#7671,#7672,#7673));
#7670 = ORIENTED_EDGE('',*,*,#6075,.F.);
#7671 = ORIENTED_EDGE('',*,*,#7657,.F.);
#7672 = ORIENTED_EDGE('',*,*,#4601,.T.);
#7673 = ORIENTED_EDGE('',*,*,#7674,.T.);
#7674 = EDGE_CURVE('',#4594,#6076,#7675,.T.);
#7675 = LINE('',#7676,#7677);
#7676 = CARTESIAN_POINT('',(3.65,-0.35,1.));
#7677 = VECTOR('',#7678,1.);
#7678 = DIRECTION('',(0.,0.,-1.));
#7679 = PLANE('',#7680);
#7680 = AXIS2_PLACEMENT_3D('',#7681,#7682,#7683);
#7681 = CARTESIAN_POINT('',(3.65,-0.5,1.));
#7682 = DIRECTION('',(1.,0.,0.));
#7683 = DIRECTION('',(0.,0.,-1.));
#7684 = ADVANCED_FACE('',(#7685),#7691,.T.);
#7685 = FACE_BOUND('',#7686,.T.);
#7686 = EDGE_LOOP('',(#7687,#7688,#7689,#7690));
#7687 = ORIENTED_EDGE('',*,*,#6083,.T.);
#7688 = ORIENTED_EDGE('',*,*,#7674,.F.);
#7689 = ORIENTED_EDGE('',*,*,#4593,.F.);
#7690 = ORIENTED_EDGE('',*,*,#7633,.T.);
#7691 = PLANE('',#7692);
#7692 = AXIS2_PLACEMENT_3D('',#7693,#7694,#7695);
#7693 = CARTESIAN_POINT('',(3.5,-0.35,1.));
#7694 = DIRECTION('',(0.,-1.,0.));
#7695 = DIRECTION('',(0.,0.,1.));
#7696 = ADVANCED_FACE('',(#7697),#7703,.T.);
#7697 = FACE_BOUND('',#7698,.T.);
#7698 = EDGE_LOOP('',(#7699,#7700,#7701,#7702));
#7699 = ORIENTED_EDGE('',*,*,#5672,.T.);
#7700 = ORIENTED_EDGE('',*,*,#7618,.F.);
#7701 = ORIENTED_EDGE('',*,*,#3805,.F.);
#7702 = ORIENTED_EDGE('',*,*,#7594,.T.);
#7703 = PLANE('',#7704);
#7704 = AXIS2_PLACEMENT_3D('',#7705,#7706,#7707);
#7705 = CARTESIAN_POINT('',(3.5,-1.,1.));
#7706 = DIRECTION('',(0.,-1.,0.));
#7707 = DIRECTION('',(0.,0.,1.));
#7708 = ADVANCED_FACE('',(#7709),#7720,.T.);
#7709 = FACE_BOUND('',#7710,.T.);
#7710 = EDGE_LOOP('',(#7711,#7712,#7713,#7714));
#7711 = ORIENTED_EDGE('',*,*,#5272,.F.);
#7712 = ORIENTED_EDGE('',*,*,#7499,.F.);
#7713 = ORIENTED_EDGE('',*,*,#4205,.T.);
#7714 = ORIENTED_EDGE('',*,*,#7715,.T.);
#7715 = EDGE_CURVE('',#4198,#5273,#7716,.T.);
#7716 = LINE('',#7717,#7718);
#7717 = CARTESIAN_POINT('',(4.2,1.,1.));
#7718 = VECTOR('',#7719,1.);
#7719 = DIRECTION('',(0.,0.,-1.));
#7720 = PLANE('',#7721);
#7721 = AXIS2_PLACEMENT_3D('',#7722,#7723,#7724);
#7722 = CARTESIAN_POINT('',(4.1,0.9,1.));
#7723 = DIRECTION('',(-0.707106781187,0.707106781187,0.));
#7724 = DIRECTION('',(-0.707106781187,-0.707106781187,0.));
#7725 = ADVANCED_FACE('',(#7726),#7742,.T.);
#7726 = FACE_BOUND('',#7727,.T.);
#7727 = EDGE_LOOP('',(#7728,#7729,#7735,#7736));
#7728 = ORIENTED_EDGE('',*,*,#5288,.F.);
#7729 = ORIENTED_EDGE('',*,*,#7730,.F.);
#7730 = EDGE_CURVE('',#4190,#5281,#7731,.T.);
#7731 = LINE('',#7732,#7733);
#7732 = CARTESIAN_POINT('',(4.8,1.,1.));
#7733 = VECTOR('',#7734,1.);
#7734 = DIRECTION('',(0.,0.,-1.));
#7735 = ORIENTED_EDGE('',*,*,#4189,.T.);
#7736 = ORIENTED_EDGE('',*,*,#7737,.T.);
#7737 = EDGE_CURVE('',#4182,#5289,#7738,.T.);
#7738 = LINE('',#7739,#7740);
#7739 = CARTESIAN_POINT('',(5.,0.8,1.));
#7740 = VECTOR('',#7741,1.);
#7741 = DIRECTION('',(0.,0.,-1.));
#7742 = PLANE('',#7743);
#7743 = AXIS2_PLACEMENT_3D('',#7744,#7745,#7746);
#7744 = CARTESIAN_POINT('',(4.9,0.9,1.));
#7745 = DIRECTION('',(0.707106781187,0.707106781187,0.));
#7746 = DIRECTION('',(-0.707106781187,0.707106781187,0.));
#7747 = ADVANCED_FACE('',(#7748),#7764,.T.);
#7748 = FACE_BOUND('',#7749,.T.);
#7749 = EDGE_LOOP('',(#7750,#7751,#7757,#7758));
#7750 = ORIENTED_EDGE('',*,*,#6091,.F.);
#7751 = ORIENTED_EDGE('',*,*,#7752,.F.);
#7752 = EDGE_CURVE('',#4618,#6092,#7753,.T.);
#7753 = LINE('',#7754,#7755);
#7754 = CARTESIAN_POINT('',(4.35,0.65,1.));
#7755 = VECTOR('',#7756,1.);
#7756 = DIRECTION('',(0.,0.,-1.));
#7757 = ORIENTED_EDGE('',*,*,#4617,.T.);
#7758 = ORIENTED_EDGE('',*,*,#7759,.T.);
#7759 = EDGE_CURVE('',#4620,#6094,#7760,.T.);
#7760 = LINE('',#7761,#7762);
#7761 = CARTESIAN_POINT('',(4.35,0.35,1.));
#7762 = VECTOR('',#7763,1.);
#7763 = DIRECTION('',(0.,0.,-1.));
#7764 = PLANE('',#7765);
#7765 = AXIS2_PLACEMENT_3D('',#7766,#7767,#7768);
#7766 = CARTESIAN_POINT('',(4.35,0.5,1.));
#7767 = DIRECTION('',(1.,0.,0.));
#7768 = DIRECTION('',(0.,0.,-1.));
#7769 = ADVANCED_FACE('',(#7770),#7781,.F.);
#7770 = FACE_BOUND('',#7771,.T.);
#7771 = EDGE_LOOP('',(#7772,#7773,#7779,#7780));
#7772 = ORIENTED_EDGE('',*,*,#6117,.T.);
#7773 = ORIENTED_EDGE('',*,*,#7774,.F.);
#7774 = EDGE_CURVE('',#4628,#6110,#7775,.T.);
#7775 = LINE('',#7776,#7777);
#7776 = CARTESIAN_POINT('',(4.65,0.65,1.));
#7777 = VECTOR('',#7778,1.);
#7778 = DIRECTION('',(0.,0.,-1.));
#7779 = ORIENTED_EDGE('',*,*,#4627,.F.);
#7780 = ORIENTED_EDGE('',*,*,#7752,.T.);
#7781 = PLANE('',#7782);
#7782 = AXIS2_PLACEMENT_3D('',#7783,#7784,#7785);
#7783 = CARTESIAN_POINT('',(4.5,0.65,1.));
#7784 = DIRECTION('',(0.,1.,0.));
#7785 = DIRECTION('',(0.,-0.,1.));
#7786 = ADVANCED_FACE('',(#7787),#7798,.F.);
#7787 = FACE_BOUND('',#7788,.T.);
#7788 = EDGE_LOOP('',(#7789,#7790,#7796,#7797));
#7789 = ORIENTED_EDGE('',*,*,#6109,.T.);
#7790 = ORIENTED_EDGE('',*,*,#7791,.F.);
#7791 = EDGE_CURVE('',#4636,#6102,#7792,.T.);
#7792 = LINE('',#7793,#7794);
#7793 = CARTESIAN_POINT('',(4.65,0.35,1.));
#7794 = VECTOR('',#7795,1.);
#7795 = DIRECTION('',(0.,0.,-1.));
#7796 = ORIENTED_EDGE('',*,*,#4635,.F.);
#7797 = ORIENTED_EDGE('',*,*,#7774,.T.);
#7798 = PLANE('',#7799);
#7799 = AXIS2_PLACEMENT_3D('',#7800,#7801,#7802);
#7800 = CARTESIAN_POINT('',(4.65,0.5,1.));
#7801 = DIRECTION('',(1.,0.,0.));
#7802 = DIRECTION('',(0.,0.,-1.));
#7803 = ADVANCED_FACE('',(#7804),#7810,.T.);
#7804 = FACE_BOUND('',#7805,.T.);
#7805 = EDGE_LOOP('',(#7806,#7807,#7808,#7809));
#7806 = ORIENTED_EDGE('',*,*,#6101,.F.);
#7807 = ORIENTED_EDGE('',*,*,#7759,.F.);
#7808 = ORIENTED_EDGE('',*,*,#4643,.T.);
#7809 = ORIENTED_EDGE('',*,*,#7791,.T.);
#7810 = PLANE('',#7811);
#7811 = AXIS2_PLACEMENT_3D('',#7812,#7813,#7814);
#7812 = CARTESIAN_POINT('',(4.5,0.35,1.));
#7813 = DIRECTION('',(0.,1.,0.));
#7814 = DIRECTION('',(0.,-0.,1.));
#7815 = ADVANCED_FACE('',(#7816),#7822,.T.);
#7816 = FACE_BOUND('',#7817,.T.);
#7817 = EDGE_LOOP('',(#7818,#7819,#7820,#7821));
#7818 = ORIENTED_EDGE('',*,*,#5280,.F.);
#7819 = ORIENTED_EDGE('',*,*,#7715,.F.);
#7820 = ORIENTED_EDGE('',*,*,#4197,.T.);
#7821 = ORIENTED_EDGE('',*,*,#7730,.T.);
#7822 = PLANE('',#7823);
#7823 = AXIS2_PLACEMENT_3D('',#7824,#7825,#7826);
#7824 = CARTESIAN_POINT('',(4.5,1.,1.));
#7825 = DIRECTION('',(0.,1.,0.));
#7826 = DIRECTION('',(0.,-0.,1.));
#7827 = ADVANCED_FACE('',(#7828),#7839,.T.);
#7828 = FACE_BOUND('',#7829,.T.);
#7829 = EDGE_LOOP('',(#7830,#7831,#7837,#7838));
#7830 = ORIENTED_EDGE('',*,*,#5656,.T.);
#7831 = ORIENTED_EDGE('',*,*,#7832,.F.);
#7832 = EDGE_CURVE('',#3822,#5649,#7833,.T.);
#7833 = LINE('',#7834,#7835);
#7834 = CARTESIAN_POINT('',(4.2,-1.,1.));
#7835 = VECTOR('',#7836,1.);
#7836 = DIRECTION('',(0.,0.,-1.));
#7837 = ORIENTED_EDGE('',*,*,#3821,.F.);
#7838 = ORIENTED_EDGE('',*,*,#7611,.T.);
#7839 = PLANE('',#7840);
#7840 = AXIS2_PLACEMENT_3D('',#7841,#7842,#7843);
#7841 = CARTESIAN_POINT('',(4.1,-0.9,1.));
#7842 = DIRECTION('',(-0.707106781187,-0.707106781187,0.));
#7843 = DIRECTION('',(-0.707106781187,0.707106781187,0.));
#7844 = ADVANCED_FACE('',(#7845),#7861,.T.);
#7845 = FACE_BOUND('',#7846,.T.);
#7846 = EDGE_LOOP('',(#7847,#7848,#7854,#7855));
#7847 = ORIENTED_EDGE('',*,*,#5640,.T.);
#7848 = ORIENTED_EDGE('',*,*,#7849,.F.);
#7849 = EDGE_CURVE('',#3838,#5633,#7850,.T.);
#7850 = LINE('',#7851,#7852);
#7851 = CARTESIAN_POINT('',(5.,-0.8,1.));
#7852 = VECTOR('',#7853,1.);
#7853 = DIRECTION('',(0.,0.,-1.));
#7854 = ORIENTED_EDGE('',*,*,#3837,.F.);
#7855 = ORIENTED_EDGE('',*,*,#7856,.T.);
#7856 = EDGE_CURVE('',#3830,#5641,#7857,.T.);
#7857 = LINE('',#7858,#7859);
#7858 = CARTESIAN_POINT('',(4.8,-1.,1.));
#7859 = VECTOR('',#7860,1.);
#7860 = DIRECTION('',(0.,0.,-1.));
#7861 = PLANE('',#7862);
#7862 = AXIS2_PLACEMENT_3D('',#7863,#7864,#7865);
#7863 = CARTESIAN_POINT('',(4.9,-0.9,1.));
#7864 = DIRECTION('',(0.707106781187,-0.707106781187,0.));
#7865 = DIRECTION('',(-0.707106781187,-0.707106781187,0.));
#7866 = ADVANCED_FACE('',(#7867),#7883,.T.);
#7867 = FACE_BOUND('',#7868,.T.);
#7868 = EDGE_LOOP('',(#7869,#7870,#7876,#7877));
#7869 = ORIENTED_EDGE('',*,*,#6125,.T.);
#7870 = ORIENTED_EDGE('',*,*,#7871,.F.);
#7871 = EDGE_CURVE('',#4654,#6128,#7872,.T.);
#7872 = LINE('',#7873,#7874);
#7873 = CARTESIAN_POINT('',(4.35,-0.35,1.));
#7874 = VECTOR('',#7875,1.);
#7875 = DIRECTION('',(0.,0.,-1.));
#7876 = ORIENTED_EDGE('',*,*,#4651,.F.);
#7877 = ORIENTED_EDGE('',*,*,#7878,.T.);
#7878 = EDGE_CURVE('',#4652,#6126,#7879,.T.);
#7879 = LINE('',#7880,#7881);
#7880 = CARTESIAN_POINT('',(4.35,-0.65,1.));
#7881 = VECTOR('',#7882,1.);
#7882 = DIRECTION('',(0.,0.,-1.));
#7883 = PLANE('',#7884);
#7884 = AXIS2_PLACEMENT_3D('',#7885,#7886,#7887);
#7885 = CARTESIAN_POINT('',(4.35,-0.5,1.));
#7886 = DIRECTION('',(1.,0.,0.));
#7887 = DIRECTION('',(0.,0.,-1.));
#7888 = ADVANCED_FACE('',(#7889),#7900,.F.);
#7889 = FACE_BOUND('',#7890,.T.);
#7890 = EDGE_LOOP('',(#7891,#7892,#7893,#7894));
#7891 = ORIENTED_EDGE('',*,*,#6135,.F.);
#7892 = ORIENTED_EDGE('',*,*,#7878,.F.);
#7893 = ORIENTED_EDGE('',*,*,#4677,.T.);
#7894 = ORIENTED_EDGE('',*,*,#7895,.T.);
#7895 = EDGE_CURVE('',#4670,#6136,#7896,.T.);
#7896 = LINE('',#7897,#7898);
#7897 = CARTESIAN_POINT('',(4.65,-0.65,1.));
#7898 = VECTOR('',#7899,1.);
#7899 = DIRECTION('',(0.,0.,-1.));
#7900 = PLANE('',#7901);
#7901 = AXIS2_PLACEMENT_3D('',#7902,#7903,#7904);
#7902 = CARTESIAN_POINT('',(4.5,-0.65,1.));
#7903 = DIRECTION('',(0.,-1.,0.));
#7904 = DIRECTION('',(0.,0.,1.));
#7905 = ADVANCED_FACE('',(#7906),#7917,.F.);
#7906 = FACE_BOUND('',#7907,.T.);
#7907 = EDGE_LOOP('',(#7908,#7909,#7910,#7911));
#7908 = ORIENTED_EDGE('',*,*,#6143,.F.);
#7909 = ORIENTED_EDGE('',*,*,#7895,.F.);
#7910 = ORIENTED_EDGE('',*,*,#4669,.T.);
#7911 = ORIENTED_EDGE('',*,*,#7912,.T.);
#7912 = EDGE_CURVE('',#4662,#6144,#7913,.T.);
#7913 = LINE('',#7914,#7915);
#7914 = CARTESIAN_POINT('',(4.65,-0.35,1.));
#7915 = VECTOR('',#7916,1.);
#7916 = DIRECTION('',(0.,0.,-1.));
#7917 = PLANE('',#7918);
#7918 = AXIS2_PLACEMENT_3D('',#7919,#7920,#7921);
#7919 = CARTESIAN_POINT('',(4.65,-0.5,1.));
#7920 = DIRECTION('',(1.,0.,0.));
#7921 = DIRECTION('',(0.,0.,-1.));
#7922 = ADVANCED_FACE('',(#7923),#7929,.T.);
#7923 = FACE_BOUND('',#7924,.T.);
#7924 = EDGE_LOOP('',(#7925,#7926,#7927,#7928));
#7925 = ORIENTED_EDGE('',*,*,#6151,.T.);
#7926 = ORIENTED_EDGE('',*,*,#7912,.F.);
#7927 = ORIENTED_EDGE('',*,*,#4661,.F.);
#7928 = ORIENTED_EDGE('',*,*,#7871,.T.);
#7929 = PLANE('',#7930);
#7930 = AXIS2_PLACEMENT_3D('',#7931,#7932,#7933);
#7931 = CARTESIAN_POINT('',(4.5,-0.35,1.));
#7932 = DIRECTION('',(0.,-1.,0.));
#7933 = DIRECTION('',(0.,0.,1.));
#7934 = ADVANCED_FACE('',(#7935),#7941,.T.);
#7935 = FACE_BOUND('',#7936,.T.);
#7936 = EDGE_LOOP('',(#7937,#7938,#7939,#7940));
#7937 = ORIENTED_EDGE('',*,*,#5648,.T.);
#7938 = ORIENTED_EDGE('',*,*,#7856,.F.);
#7939 = ORIENTED_EDGE('',*,*,#3829,.F.);
#7940 = ORIENTED_EDGE('',*,*,#7832,.T.);
#7941 = PLANE('',#7942);
#7942 = AXIS2_PLACEMENT_3D('',#7943,#7944,#7945);
#7943 = CARTESIAN_POINT('',(4.5,-1.,1.));
#7944 = DIRECTION('',(0.,-1.,0.));
#7945 = DIRECTION('',(0.,0.,1.));
#7946 = ADVANCED_FACE('',(#7947),#7958,.T.);
#7947 = FACE_BOUND('',#7948,.T.);
#7948 = EDGE_LOOP('',(#7949,#7950,#7951,#7952));
#7949 = ORIENTED_EDGE('',*,*,#5296,.F.);
#7950 = ORIENTED_EDGE('',*,*,#7737,.F.);
#7951 = ORIENTED_EDGE('',*,*,#4181,.T.);
#7952 = ORIENTED_EDGE('',*,*,#7953,.T.);
#7953 = EDGE_CURVE('',#4174,#5297,#7954,.T.);
#7954 = LINE('',#7955,#7956);
#7955 = CARTESIAN_POINT('',(5.2,1.,1.));
#7956 = VECTOR('',#7957,1.);
#7957 = DIRECTION('',(0.,0.,-1.));
#7958 = PLANE('',#7959);
#7959 = AXIS2_PLACEMENT_3D('',#7960,#7961,#7962);
#7960 = CARTESIAN_POINT('',(5.1,0.9,1.));
#7961 = DIRECTION('',(-0.707106781187,0.707106781187,0.));
#7962 = DIRECTION('',(-0.707106781187,-0.707106781187,0.));
#7963 = ADVANCED_FACE('',(#7964),#7980,.T.);
#7964 = FACE_BOUND('',#7965,.T.);
#7965 = EDGE_LOOP('',(#7966,#7967,#7973,#7974));
#7966 = ORIENTED_EDGE('',*,*,#5312,.F.);
#7967 = ORIENTED_EDGE('',*,*,#7968,.F.);
#7968 = EDGE_CURVE('',#4166,#5305,#7969,.T.);
#7969 = LINE('',#7970,#7971);
#7970 = CARTESIAN_POINT('',(5.8,1.,1.));
#7971 = VECTOR('',#7972,1.);
#7972 = DIRECTION('',(0.,0.,-1.));
#7973 = ORIENTED_EDGE('',*,*,#4165,.T.);
#7974 = ORIENTED_EDGE('',*,*,#7975,.T.);
#7975 = EDGE_CURVE('',#4158,#5313,#7976,.T.);
#7976 = LINE('',#7977,#7978);
#7977 = CARTESIAN_POINT('',(6.,0.8,1.));
#7978 = VECTOR('',#7979,1.);
#7979 = DIRECTION('',(0.,0.,-1.));
#7980 = PLANE('',#7981);
#7981 = AXIS2_PLACEMENT_3D('',#7982,#7983,#7984);
#7982 = CARTESIAN_POINT('',(5.9,0.9,1.));
#7983 = DIRECTION('',(0.707106781187,0.707106781187,0.));
#7984 = DIRECTION('',(-0.707106781187,0.707106781187,0.));
#7985 = ADVANCED_FACE('',(#7986),#8002,.T.);
#7986 = FACE_BOUND('',#7987,.T.);
#7987 = EDGE_LOOP('',(#7988,#7989,#7995,#7996));
#7988 = ORIENTED_EDGE('',*,*,#6159,.F.);
#7989 = ORIENTED_EDGE('',*,*,#7990,.F.);
#7990 = EDGE_CURVE('',#4686,#6160,#7991,.T.);
#7991 = LINE('',#7992,#7993);
#7992 = CARTESIAN_POINT('',(5.35,0.65,1.));
#7993 = VECTOR('',#7994,1.);
#7994 = DIRECTION('',(0.,0.,-1.));
#7995 = ORIENTED_EDGE('',*,*,#4685,.T.);
#7996 = ORIENTED_EDGE('',*,*,#7997,.T.);
#7997 = EDGE_CURVE('',#4688,#6162,#7998,.T.);
#7998 = LINE('',#7999,#8000);
#7999 = CARTESIAN_POINT('',(5.35,0.35,1.));
#8000 = VECTOR('',#8001,1.);
#8001 = DIRECTION('',(0.,0.,-1.));
#8002 = PLANE('',#8003);
#8003 = AXIS2_PLACEMENT_3D('',#8004,#8005,#8006);
#8004 = CARTESIAN_POINT('',(5.35,0.5,1.));
#8005 = DIRECTION('',(1.,0.,0.));
#8006 = DIRECTION('',(0.,0.,-1.));
#8007 = ADVANCED_FACE('',(#8008),#8019,.F.);
#8008 = FACE_BOUND('',#8009,.T.);
#8009 = EDGE_LOOP('',(#8010,#8011,#8017,#8018));
#8010 = ORIENTED_EDGE('',*,*,#6185,.T.);
#8011 = ORIENTED_EDGE('',*,*,#8012,.F.);
#8012 = EDGE_CURVE('',#4696,#6178,#8013,.T.);
#8013 = LINE('',#8014,#8015);
#8014 = CARTESIAN_POINT('',(5.65,0.65,1.));
#8015 = VECTOR('',#8016,1.);
#8016 = DIRECTION('',(0.,0.,-1.));
#8017 = ORIENTED_EDGE('',*,*,#4695,.F.);
#8018 = ORIENTED_EDGE('',*,*,#7990,.T.);
#8019 = PLANE('',#8020);
#8020 = AXIS2_PLACEMENT_3D('',#8021,#8022,#8023);
#8021 = CARTESIAN_POINT('',(5.5,0.65,1.));
#8022 = DIRECTION('',(0.,1.,0.));
#8023 = DIRECTION('',(0.,-0.,1.));
#8024 = ADVANCED_FACE('',(#8025),#8036,.F.);
#8025 = FACE_BOUND('',#8026,.T.);
#8026 = EDGE_LOOP('',(#8027,#8028,#8034,#8035));
#8027 = ORIENTED_EDGE('',*,*,#6177,.T.);
#8028 = ORIENTED_EDGE('',*,*,#8029,.F.);
#8029 = EDGE_CURVE('',#4704,#6170,#8030,.T.);
#8030 = LINE('',#8031,#8032);
#8031 = CARTESIAN_POINT('',(5.65,0.35,1.));
#8032 = VECTOR('',#8033,1.);
#8033 = DIRECTION('',(0.,0.,-1.));
#8034 = ORIENTED_EDGE('',*,*,#4703,.F.);
#8035 = ORIENTED_EDGE('',*,*,#8012,.T.);
#8036 = PLANE('',#8037);
#8037 = AXIS2_PLACEMENT_3D('',#8038,#8039,#8040);
#8038 = CARTESIAN_POINT('',(5.65,0.5,1.));
#8039 = DIRECTION('',(1.,0.,0.));
#8040 = DIRECTION('',(0.,0.,-1.));
#8041 = ADVANCED_FACE('',(#8042),#8048,.T.);
#8042 = FACE_BOUND('',#8043,.T.);
#8043 = EDGE_LOOP('',(#8044,#8045,#8046,#8047));
#8044 = ORIENTED_EDGE('',*,*,#6169,.F.);
#8045 = ORIENTED_EDGE('',*,*,#7997,.F.);
#8046 = ORIENTED_EDGE('',*,*,#4711,.T.);
#8047 = ORIENTED_EDGE('',*,*,#8029,.T.);
#8048 = PLANE('',#8049);
#8049 = AXIS2_PLACEMENT_3D('',#8050,#8051,#8052);
#8050 = CARTESIAN_POINT('',(5.5,0.35,1.));
#8051 = DIRECTION('',(0.,1.,0.));
#8052 = DIRECTION('',(0.,-0.,1.));
#8053 = ADVANCED_FACE('',(#8054),#8060,.T.);
#8054 = FACE_BOUND('',#8055,.T.);
#8055 = EDGE_LOOP('',(#8056,#8057,#8058,#8059));
#8056 = ORIENTED_EDGE('',*,*,#5304,.F.);
#8057 = ORIENTED_EDGE('',*,*,#7953,.F.);
#8058 = ORIENTED_EDGE('',*,*,#4173,.T.);
#8059 = ORIENTED_EDGE('',*,*,#7968,.T.);
#8060 = PLANE('',#8061);
#8061 = AXIS2_PLACEMENT_3D('',#8062,#8063,#8064);
#8062 = CARTESIAN_POINT('',(5.5,1.,1.));
#8063 = DIRECTION('',(0.,1.,0.));
#8064 = DIRECTION('',(0.,-0.,1.));
#8065 = ADVANCED_FACE('',(#8066),#8077,.T.);
#8066 = FACE_BOUND('',#8067,.T.);
#8067 = EDGE_LOOP('',(#8068,#8069,#8075,#8076));
#8068 = ORIENTED_EDGE('',*,*,#5632,.T.);
#8069 = ORIENTED_EDGE('',*,*,#8070,.F.);
#8070 = EDGE_CURVE('',#3846,#5625,#8071,.T.);
#8071 = LINE('',#8072,#8073);
#8072 = CARTESIAN_POINT('',(5.2,-1.,1.));
#8073 = VECTOR('',#8074,1.);
#8074 = DIRECTION('',(0.,0.,-1.));
#8075 = ORIENTED_EDGE('',*,*,#3845,.F.);
#8076 = ORIENTED_EDGE('',*,*,#7849,.T.);
#8077 = PLANE('',#8078);
#8078 = AXIS2_PLACEMENT_3D('',#8079,#8080,#8081);
#8079 = CARTESIAN_POINT('',(5.1,-0.9,1.));
#8080 = DIRECTION('',(-0.707106781187,-0.707106781187,0.));
#8081 = DIRECTION('',(-0.707106781187,0.707106781187,0.));
#8082 = ADVANCED_FACE('',(#8083),#8099,.T.);
#8083 = FACE_BOUND('',#8084,.T.);
#8084 = EDGE_LOOP('',(#8085,#8086,#8092,#8093));
#8085 = ORIENTED_EDGE('',*,*,#5616,.T.);
#8086 = ORIENTED_EDGE('',*,*,#8087,.F.);
#8087 = EDGE_CURVE('',#3862,#5609,#8088,.T.);
#8088 = LINE('',#8089,#8090);
#8089 = CARTESIAN_POINT('',(6.,-0.8,1.));
#8090 = VECTOR('',#8091,1.);
#8091 = DIRECTION('',(0.,0.,-1.));
#8092 = ORIENTED_EDGE('',*,*,#3861,.F.);
#8093 = ORIENTED_EDGE('',*,*,#8094,.T.);
#8094 = EDGE_CURVE('',#3854,#5617,#8095,.T.);
#8095 = LINE('',#8096,#8097);
#8096 = CARTESIAN_POINT('',(5.8,-1.,1.));
#8097 = VECTOR('',#8098,1.);
#8098 = DIRECTION('',(0.,0.,-1.));
#8099 = PLANE('',#8100);
#8100 = AXIS2_PLACEMENT_3D('',#8101,#8102,#8103);
#8101 = CARTESIAN_POINT('',(5.9,-0.9,1.));
#8102 = DIRECTION('',(0.707106781187,-0.707106781187,0.));
#8103 = DIRECTION('',(-0.707106781187,-0.707106781187,0.));
#8104 = ADVANCED_FACE('',(#8105),#8121,.T.);
#8105 = FACE_BOUND('',#8106,.T.);
#8106 = EDGE_LOOP('',(#8107,#8108,#8114,#8115));
#8107 = ORIENTED_EDGE('',*,*,#6193,.T.);
#8108 = ORIENTED_EDGE('',*,*,#8109,.F.);
#8109 = EDGE_CURVE('',#4722,#6196,#8110,.T.);
#8110 = LINE('',#8111,#8112);
#8111 = CARTESIAN_POINT('',(5.35,-0.35,1.));
#8112 = VECTOR('',#8113,1.);
#8113 = DIRECTION('',(0.,0.,-1.));
#8114 = ORIENTED_EDGE('',*,*,#4719,.F.);
#8115 = ORIENTED_EDGE('',*,*,#8116,.T.);
#8116 = EDGE_CURVE('',#4720,#6194,#8117,.T.);
#8117 = LINE('',#8118,#8119);
#8118 = CARTESIAN_POINT('',(5.35,-0.65,1.));
#8119 = VECTOR('',#8120,1.);
#8120 = DIRECTION('',(0.,0.,-1.));
#8121 = PLANE('',#8122);
#8122 = AXIS2_PLACEMENT_3D('',#8123,#8124,#8125);
#8123 = CARTESIAN_POINT('',(5.35,-0.5,1.));
#8124 = DIRECTION('',(1.,0.,0.));
#8125 = DIRECTION('',(0.,0.,-1.));
#8126 = ADVANCED_FACE('',(#8127),#8138,.F.);
#8127 = FACE_BOUND('',#8128,.T.);
#8128 = EDGE_LOOP('',(#8129,#8130,#8131,#8132));
#8129 = ORIENTED_EDGE('',*,*,#6203,.F.);
#8130 = ORIENTED_EDGE('',*,*,#8116,.F.);
#8131 = ORIENTED_EDGE('',*,*,#4745,.T.);
#8132 = ORIENTED_EDGE('',*,*,#8133,.T.);
#8133 = EDGE_CURVE('',#4738,#6204,#8134,.T.);
#8134 = LINE('',#8135,#8136);
#8135 = CARTESIAN_POINT('',(5.65,-0.65,1.));
#8136 = VECTOR('',#8137,1.);
#8137 = DIRECTION('',(0.,0.,-1.));
#8138 = PLANE('',#8139);
#8139 = AXIS2_PLACEMENT_3D('',#8140,#8141,#8142);
#8140 = CARTESIAN_POINT('',(5.5,-0.65,1.));
#8141 = DIRECTION('',(0.,-1.,0.));
#8142 = DIRECTION('',(0.,0.,1.));
#8143 = ADVANCED_FACE('',(#8144),#8155,.F.);
#8144 = FACE_BOUND('',#8145,.T.);
#8145 = EDGE_LOOP('',(#8146,#8147,#8148,#8149));
#8146 = ORIENTED_EDGE('',*,*,#6211,.F.);
#8147 = ORIENTED_EDGE('',*,*,#8133,.F.);
#8148 = ORIENTED_EDGE('',*,*,#4737,.T.);
#8149 = ORIENTED_EDGE('',*,*,#8150,.T.);
#8150 = EDGE_CURVE('',#4730,#6212,#8151,.T.);
#8151 = LINE('',#8152,#8153);
#8152 = CARTESIAN_POINT('',(5.65,-0.35,1.));
#8153 = VECTOR('',#8154,1.);
#8154 = DIRECTION('',(0.,0.,-1.));
#8155 = PLANE('',#8156);
#8156 = AXIS2_PLACEMENT_3D('',#8157,#8158,#8159);
#8157 = CARTESIAN_POINT('',(5.65,-0.5,1.));
#8158 = DIRECTION('',(1.,0.,0.));
#8159 = DIRECTION('',(0.,0.,-1.));
#8160 = ADVANCED_FACE('',(#8161),#8167,.T.);
#8161 = FACE_BOUND('',#8162,.T.);
#8162 = EDGE_LOOP('',(#8163,#8164,#8165,#8166));
#8163 = ORIENTED_EDGE('',*,*,#6219,.T.);
#8164 = ORIENTED_EDGE('',*,*,#8150,.F.);
#8165 = ORIENTED_EDGE('',*,*,#4729,.F.);
#8166 = ORIENTED_EDGE('',*,*,#8109,.T.);
#8167 = PLANE('',#8168);
#8168 = AXIS2_PLACEMENT_3D('',#8169,#8170,#8171);
#8169 = CARTESIAN_POINT('',(5.5,-0.35,1.));
#8170 = DIRECTION('',(0.,-1.,0.));
#8171 = DIRECTION('',(0.,0.,1.));
#8172 = ADVANCED_FACE('',(#8173),#8179,.T.);
#8173 = FACE_BOUND('',#8174,.T.);
#8174 = EDGE_LOOP('',(#8175,#8176,#8177,#8178));
#8175 = ORIENTED_EDGE('',*,*,#5624,.T.);
#8176 = ORIENTED_EDGE('',*,*,#8094,.F.);
#8177 = ORIENTED_EDGE('',*,*,#3853,.F.);
#8178 = ORIENTED_EDGE('',*,*,#8070,.T.);
#8179 = PLANE('',#8180);
#8180 = AXIS2_PLACEMENT_3D('',#8181,#8182,#8183);
#8181 = CARTESIAN_POINT('',(5.5,-1.,1.));
#8182 = DIRECTION('',(0.,-1.,0.));
#8183 = DIRECTION('',(0.,0.,1.));
#8184 = ADVANCED_FACE('',(#8185),#8196,.T.);
#8185 = FACE_BOUND('',#8186,.T.);
#8186 = EDGE_LOOP('',(#8187,#8188,#8189,#8190));
#8187 = ORIENTED_EDGE('',*,*,#5320,.F.);
#8188 = ORIENTED_EDGE('',*,*,#7975,.F.);
#8189 = ORIENTED_EDGE('',*,*,#4157,.T.);
#8190 = ORIENTED_EDGE('',*,*,#8191,.T.);
#8191 = EDGE_CURVE('',#4150,#5321,#8192,.T.);
#8192 = LINE('',#8193,#8194);
#8193 = CARTESIAN_POINT('',(6.2,1.,1.));
#8194 = VECTOR('',#8195,1.);
#8195 = DIRECTION('',(0.,0.,-1.));
#8196 = PLANE('',#8197);
#8197 = AXIS2_PLACEMENT_3D('',#8198,#8199,#8200);
#8198 = CARTESIAN_POINT('',(6.1,0.9,1.));
#8199 = DIRECTION('',(-0.707106781187,0.707106781187,0.));
#8200 = DIRECTION('',(-0.707106781187,-0.707106781187,0.));
#8201 = ADVANCED_FACE('',(#8202),#8218,.T.);
#8202 = FACE_BOUND('',#8203,.T.);
#8203 = EDGE_LOOP('',(#8204,#8205,#8211,#8212));
#8204 = ORIENTED_EDGE('',*,*,#5336,.F.);
#8205 = ORIENTED_EDGE('',*,*,#8206,.F.);
#8206 = EDGE_CURVE('',#4142,#5329,#8207,.T.);
#8207 = LINE('',#8208,#8209);
#8208 = CARTESIAN_POINT('',(6.8,1.,1.));
#8209 = VECTOR('',#8210,1.);
#8210 = DIRECTION('',(0.,0.,-1.));
#8211 = ORIENTED_EDGE('',*,*,#4141,.T.);
#8212 = ORIENTED_EDGE('',*,*,#8213,.T.);
#8213 = EDGE_CURVE('',#4134,#5337,#8214,.T.);
#8214 = LINE('',#8215,#8216);
#8215 = CARTESIAN_POINT('',(7.,0.8,1.));
#8216 = VECTOR('',#8217,1.);
#8217 = DIRECTION('',(0.,0.,-1.));
#8218 = PLANE('',#8219);
#8219 = AXIS2_PLACEMENT_3D('',#8220,#8221,#8222);
#8220 = CARTESIAN_POINT('',(6.9,0.9,1.));
#8221 = DIRECTION('',(0.707106781187,0.707106781187,0.));
#8222 = DIRECTION('',(-0.707106781187,0.707106781187,0.));
#8223 = ADVANCED_FACE('',(#8224),#8240,.T.);
#8224 = FACE_BOUND('',#8225,.T.);
#8225 = EDGE_LOOP('',(#8226,#8227,#8233,#8234));
#8226 = ORIENTED_EDGE('',*,*,#6227,.F.);
#8227 = ORIENTED_EDGE('',*,*,#8228,.F.);
#8228 = EDGE_CURVE('',#4754,#6228,#8229,.T.);
#8229 = LINE('',#8230,#8231);
#8230 = CARTESIAN_POINT('',(6.35,0.65,1.));
#8231 = VECTOR('',#8232,1.);
#8232 = DIRECTION('',(0.,0.,-1.));
#8233 = ORIENTED_EDGE('',*,*,#4753,.T.);
#8234 = ORIENTED_EDGE('',*,*,#8235,.T.);
#8235 = EDGE_CURVE('',#4756,#6230,#8236,.T.);
#8236 = LINE('',#8237,#8238);
#8237 = CARTESIAN_POINT('',(6.35,0.35,1.));
#8238 = VECTOR('',#8239,1.);
#8239 = DIRECTION('',(0.,0.,-1.));
#8240 = PLANE('',#8241);
#8241 = AXIS2_PLACEMENT_3D('',#8242,#8243,#8244);
#8242 = CARTESIAN_POINT('',(6.35,0.5,1.));
#8243 = DIRECTION('',(1.,0.,0.));
#8244 = DIRECTION('',(0.,0.,-1.));
#8245 = ADVANCED_FACE('',(#8246),#8257,.F.);
#8246 = FACE_BOUND('',#8247,.T.);
#8247 = EDGE_LOOP('',(#8248,#8249,#8255,#8256));
#8248 = ORIENTED_EDGE('',*,*,#6253,.T.);
#8249 = ORIENTED_EDGE('',*,*,#8250,.F.);
#8250 = EDGE_CURVE('',#4764,#6246,#8251,.T.);
#8251 = LINE('',#8252,#8253);
#8252 = CARTESIAN_POINT('',(6.65,0.65,1.));
#8253 = VECTOR('',#8254,1.);
#8254 = DIRECTION('',(0.,0.,-1.));
#8255 = ORIENTED_EDGE('',*,*,#4763,.F.);
#8256 = ORIENTED_EDGE('',*,*,#8228,.T.);
#8257 = PLANE('',#8258);
#8258 = AXIS2_PLACEMENT_3D('',#8259,#8260,#8261);
#8259 = CARTESIAN_POINT('',(6.5,0.65,1.));
#8260 = DIRECTION('',(0.,1.,0.));
#8261 = DIRECTION('',(0.,-0.,1.));
#8262 = ADVANCED_FACE('',(#8263),#8274,.F.);
#8263 = FACE_BOUND('',#8264,.T.);
#8264 = EDGE_LOOP('',(#8265,#8266,#8272,#8273));
#8265 = ORIENTED_EDGE('',*,*,#6245,.T.);
#8266 = ORIENTED_EDGE('',*,*,#8267,.F.);
#8267 = EDGE_CURVE('',#4772,#6238,#8268,.T.);
#8268 = LINE('',#8269,#8270);
#8269 = CARTESIAN_POINT('',(6.65,0.35,1.));
#8270 = VECTOR('',#8271,1.);
#8271 = DIRECTION('',(0.,0.,-1.));
#8272 = ORIENTED_EDGE('',*,*,#4771,.F.);
#8273 = ORIENTED_EDGE('',*,*,#8250,.T.);
#8274 = PLANE('',#8275);
#8275 = AXIS2_PLACEMENT_3D('',#8276,#8277,#8278);
#8276 = CARTESIAN_POINT('',(6.65,0.5,1.));
#8277 = DIRECTION('',(1.,0.,0.));
#8278 = DIRECTION('',(0.,0.,-1.));
#8279 = ADVANCED_FACE('',(#8280),#8286,.T.);
#8280 = FACE_BOUND('',#8281,.T.);
#8281 = EDGE_LOOP('',(#8282,#8283,#8284,#8285));
#8282 = ORIENTED_EDGE('',*,*,#6237,.F.);
#8283 = ORIENTED_EDGE('',*,*,#8235,.F.);
#8284 = ORIENTED_EDGE('',*,*,#4779,.T.);
#8285 = ORIENTED_EDGE('',*,*,#8267,.T.);
#8286 = PLANE('',#8287);
#8287 = AXIS2_PLACEMENT_3D('',#8288,#8289,#8290);
#8288 = CARTESIAN_POINT('',(6.5,0.35,1.));
#8289 = DIRECTION('',(0.,1.,0.));
#8290 = DIRECTION('',(0.,-0.,1.));
#8291 = ADVANCED_FACE('',(#8292),#8298,.T.);
#8292 = FACE_BOUND('',#8293,.T.);
#8293 = EDGE_LOOP('',(#8294,#8295,#8296,#8297));
#8294 = ORIENTED_EDGE('',*,*,#5328,.F.);
#8295 = ORIENTED_EDGE('',*,*,#8191,.F.);
#8296 = ORIENTED_EDGE('',*,*,#4149,.T.);
#8297 = ORIENTED_EDGE('',*,*,#8206,.T.);
#8298 = PLANE('',#8299);
#8299 = AXIS2_PLACEMENT_3D('',#8300,#8301,#8302);
#8300 = CARTESIAN_POINT('',(6.5,1.,1.));
#8301 = DIRECTION('',(0.,1.,0.));
#8302 = DIRECTION('',(0.,-0.,1.));
#8303 = ADVANCED_FACE('',(#8304),#8315,.T.);
#8304 = FACE_BOUND('',#8305,.T.);
#8305 = EDGE_LOOP('',(#8306,#8307,#8313,#8314));
#8306 = ORIENTED_EDGE('',*,*,#5608,.T.);
#8307 = ORIENTED_EDGE('',*,*,#8308,.F.);
#8308 = EDGE_CURVE('',#3870,#5601,#8309,.T.);
#8309 = LINE('',#8310,#8311);
#8310 = CARTESIAN_POINT('',(6.2,-1.,1.));
#8311 = VECTOR('',#8312,1.);
#8312 = DIRECTION('',(0.,0.,-1.));
#8313 = ORIENTED_EDGE('',*,*,#3869,.F.);
#8314 = ORIENTED_EDGE('',*,*,#8087,.T.);
#8315 = PLANE('',#8316);
#8316 = AXIS2_PLACEMENT_3D('',#8317,#8318,#8319);
#8317 = CARTESIAN_POINT('',(6.1,-0.9,1.));
#8318 = DIRECTION('',(-0.707106781187,-0.707106781187,0.));
#8319 = DIRECTION('',(-0.707106781187,0.707106781187,0.));
#8320 = ADVANCED_FACE('',(#8321),#8337,.T.);
#8321 = FACE_BOUND('',#8322,.T.);
#8322 = EDGE_LOOP('',(#8323,#8324,#8330,#8331));
#8323 = ORIENTED_EDGE('',*,*,#5592,.T.);
#8324 = ORIENTED_EDGE('',*,*,#8325,.F.);
#8325 = EDGE_CURVE('',#3886,#5585,#8326,.T.);
#8326 = LINE('',#8327,#8328);
#8327 = CARTESIAN_POINT('',(7.,-0.8,1.));
#8328 = VECTOR('',#8329,1.);
#8329 = DIRECTION('',(0.,0.,-1.));
#8330 = ORIENTED_EDGE('',*,*,#3885,.F.);
#8331 = ORIENTED_EDGE('',*,*,#8332,.T.);
#8332 = EDGE_CURVE('',#3878,#5593,#8333,.T.);
#8333 = LINE('',#8334,#8335);
#8334 = CARTESIAN_POINT('',(6.8,-1.,1.));
#8335 = VECTOR('',#8336,1.);
#8336 = DIRECTION('',(0.,0.,-1.));
#8337 = PLANE('',#8338);
#8338 = AXIS2_PLACEMENT_3D('',#8339,#8340,#8341);
#8339 = CARTESIAN_POINT('',(6.9,-0.9,1.));
#8340 = DIRECTION('',(0.707106781187,-0.707106781187,0.));
#8341 = DIRECTION('',(-0.707106781187,-0.707106781187,0.));
#8342 = ADVANCED_FACE('',(#8343),#8359,.T.);
#8343 = FACE_BOUND('',#8344,.T.);
#8344 = EDGE_LOOP('',(#8345,#8346,#8352,#8353));
#8345 = ORIENTED_EDGE('',*,*,#6261,.T.);
#8346 = ORIENTED_EDGE('',*,*,#8347,.F.);
#8347 = EDGE_CURVE('',#4790,#6264,#8348,.T.);
#8348 = LINE('',#8349,#8350);
#8349 = CARTESIAN_POINT('',(6.35,-0.35,1.));
#8350 = VECTOR('',#8351,1.);
#8351 = DIRECTION('',(0.,0.,-1.));
#8352 = ORIENTED_EDGE('',*,*,#4787,.F.);
#8353 = ORIENTED_EDGE('',*,*,#8354,.T.);
#8354 = EDGE_CURVE('',#4788,#6262,#8355,.T.);
#8355 = LINE('',#8356,#8357);
#8356 = CARTESIAN_POINT('',(6.35,-0.65,1.));
#8357 = VECTOR('',#8358,1.);
#8358 = DIRECTION('',(0.,0.,-1.));
#8359 = PLANE('',#8360);
#8360 = AXIS2_PLACEMENT_3D('',#8361,#8362,#8363);
#8361 = CARTESIAN_POINT('',(6.35,-0.5,1.));
#8362 = DIRECTION('',(1.,0.,0.));
#8363 = DIRECTION('',(0.,0.,-1.));
#8364 = ADVANCED_FACE('',(#8365),#8376,.F.);
#8365 = FACE_BOUND('',#8366,.T.);
#8366 = EDGE_LOOP('',(#8367,#8368,#8369,#8370));
#8367 = ORIENTED_EDGE('',*,*,#6271,.F.);
#8368 = ORIENTED_EDGE('',*,*,#8354,.F.);
#8369 = ORIENTED_EDGE('',*,*,#4813,.T.);
#8370 = ORIENTED_EDGE('',*,*,#8371,.T.);
#8371 = EDGE_CURVE('',#4806,#6272,#8372,.T.);
#8372 = LINE('',#8373,#8374);
#8373 = CARTESIAN_POINT('',(6.65,-0.65,1.));
#8374 = VECTOR('',#8375,1.);
#8375 = DIRECTION('',(0.,0.,-1.));
#8376 = PLANE('',#8377);
#8377 = AXIS2_PLACEMENT_3D('',#8378,#8379,#8380);
#8378 = CARTESIAN_POINT('',(6.5,-0.65,1.));
#8379 = DIRECTION('',(0.,-1.,0.));
#8380 = DIRECTION('',(0.,0.,1.));
#8381 = ADVANCED_FACE('',(#8382),#8393,.F.);
#8382 = FACE_BOUND('',#8383,.T.);
#8383 = EDGE_LOOP('',(#8384,#8385,#8386,#8387));
#8384 = ORIENTED_EDGE('',*,*,#6279,.F.);
#8385 = ORIENTED_EDGE('',*,*,#8371,.F.);
#8386 = ORIENTED_EDGE('',*,*,#4805,.T.);
#8387 = ORIENTED_EDGE('',*,*,#8388,.T.);
#8388 = EDGE_CURVE('',#4798,#6280,#8389,.T.);
#8389 = LINE('',#8390,#8391);
#8390 = CARTESIAN_POINT('',(6.65,-0.35,1.));
#8391 = VECTOR('',#8392,1.);
#8392 = DIRECTION('',(0.,0.,-1.));
#8393 = PLANE('',#8394);
#8394 = AXIS2_PLACEMENT_3D('',#8395,#8396,#8397);
#8395 = CARTESIAN_POINT('',(6.65,-0.5,1.));
#8396 = DIRECTION('',(1.,0.,0.));
#8397 = DIRECTION('',(0.,0.,-1.));
#8398 = ADVANCED_FACE('',(#8399),#8405,.T.);
#8399 = FACE_BOUND('',#8400,.T.);
#8400 = EDGE_LOOP('',(#8401,#8402,#8403,#8404));
#8401 = ORIENTED_EDGE('',*,*,#6287,.T.);
#8402 = ORIENTED_EDGE('',*,*,#8388,.F.);
#8403 = ORIENTED_EDGE('',*,*,#4797,.F.);
#8404 = ORIENTED_EDGE('',*,*,#8347,.T.);
#8405 = PLANE('',#8406);
#8406 = AXIS2_PLACEMENT_3D('',#8407,#8408,#8409);
#8407 = CARTESIAN_POINT('',(6.5,-0.35,1.));
#8408 = DIRECTION('',(0.,-1.,0.));
#8409 = DIRECTION('',(0.,0.,1.));
#8410 = ADVANCED_FACE('',(#8411),#8417,.T.);
#8411 = FACE_BOUND('',#8412,.T.);
#8412 = EDGE_LOOP('',(#8413,#8414,#8415,#8416));
#8413 = ORIENTED_EDGE('',*,*,#5600,.T.);
#8414 = ORIENTED_EDGE('',*,*,#8332,.F.);
#8415 = ORIENTED_EDGE('',*,*,#3877,.F.);
#8416 = ORIENTED_EDGE('',*,*,#8308,.T.);
#8417 = PLANE('',#8418);
#8418 = AXIS2_PLACEMENT_3D('',#8419,#8420,#8421);
#8419 = CARTESIAN_POINT('',(6.5,-1.,1.));
#8420 = DIRECTION('',(0.,-1.,0.));
#8421 = DIRECTION('',(0.,0.,1.));
#8422 = ADVANCED_FACE('',(#8423),#8434,.T.);
#8423 = FACE_BOUND('',#8424,.T.);
#8424 = EDGE_LOOP('',(#8425,#8426,#8427,#8428));
#8425 = ORIENTED_EDGE('',*,*,#5344,.F.);
#8426 = ORIENTED_EDGE('',*,*,#8213,.F.);
#8427 = ORIENTED_EDGE('',*,*,#4133,.T.);
#8428 = ORIENTED_EDGE('',*,*,#8429,.T.);
#8429 = EDGE_CURVE('',#4126,#5345,#8430,.T.);
#8430 = LINE('',#8431,#8432);
#8431 = CARTESIAN_POINT('',(7.2,1.,1.));
#8432 = VECTOR('',#8433,1.);
#8433 = DIRECTION('',(0.,0.,-1.));
#8434 = PLANE('',#8435);
#8435 = AXIS2_PLACEMENT_3D('',#8436,#8437,#8438);
#8436 = CARTESIAN_POINT('',(7.1,0.9,1.));
#8437 = DIRECTION('',(-0.707106781187,0.707106781187,0.));
#8438 = DIRECTION('',(-0.707106781187,-0.707106781187,0.));
#8439 = ADVANCED_FACE('',(#8440),#8456,.T.);
#8440 = FACE_BOUND('',#8441,.T.);
#8441 = EDGE_LOOP('',(#8442,#8443,#8449,#8450));
#8442 = ORIENTED_EDGE('',*,*,#5360,.F.);
#8443 = ORIENTED_EDGE('',*,*,#8444,.F.);
#8444 = EDGE_CURVE('',#4118,#5353,#8445,.T.);
#8445 = LINE('',#8446,#8447);
#8446 = CARTESIAN_POINT('',(7.8,1.,1.));
#8447 = VECTOR('',#8448,1.);
#8448 = DIRECTION('',(0.,0.,-1.));
#8449 = ORIENTED_EDGE('',*,*,#4117,.T.);
#8450 = ORIENTED_EDGE('',*,*,#8451,.T.);
#8451 = EDGE_CURVE('',#4110,#5361,#8452,.T.);
#8452 = LINE('',#8453,#8454);
#8453 = CARTESIAN_POINT('',(8.,0.8,1.));
#8454 = VECTOR('',#8455,1.);
#8455 = DIRECTION('',(0.,0.,-1.));
#8456 = PLANE('',#8457);
#8457 = AXIS2_PLACEMENT_3D('',#8458,#8459,#8460);
#8458 = CARTESIAN_POINT('',(7.9,0.9,1.));
#8459 = DIRECTION('',(0.707106781187,0.707106781187,0.));
#8460 = DIRECTION('',(-0.707106781187,0.707106781187,0.));
#8461 = ADVANCED_FACE('',(#8462),#8478,.T.);
#8462 = FACE_BOUND('',#8463,.T.);
#8463 = EDGE_LOOP('',(#8464,#8465,#8471,#8472));
#8464 = ORIENTED_EDGE('',*,*,#6295,.F.);
#8465 = ORIENTED_EDGE('',*,*,#8466,.F.);
#8466 = EDGE_CURVE('',#4822,#6296,#8467,.T.);
#8467 = LINE('',#8468,#8469);
#8468 = CARTESIAN_POINT('',(7.35,0.65,1.));
#8469 = VECTOR('',#8470,1.);
#8470 = DIRECTION('',(0.,0.,-1.));
#8471 = ORIENTED_EDGE('',*,*,#4821,.T.);
#8472 = ORIENTED_EDGE('',*,*,#8473,.T.);
#8473 = EDGE_CURVE('',#4824,#6298,#8474,.T.);
#8474 = LINE('',#8475,#8476);
#8475 = CARTESIAN_POINT('',(7.35,0.35,1.));
#8476 = VECTOR('',#8477,1.);
#8477 = DIRECTION('',(0.,0.,-1.));
#8478 = PLANE('',#8479);
#8479 = AXIS2_PLACEMENT_3D('',#8480,#8481,#8482);
#8480 = CARTESIAN_POINT('',(7.35,0.5,1.));
#8481 = DIRECTION('',(1.,0.,0.));
#8482 = DIRECTION('',(0.,0.,-1.));
#8483 = ADVANCED_FACE('',(#8484),#8495,.F.);
#8484 = FACE_BOUND('',#8485,.T.);
#8485 = EDGE_LOOP('',(#8486,#8487,#8493,#8494));
#8486 = ORIENTED_EDGE('',*,*,#6321,.T.);
#8487 = ORIENTED_EDGE('',*,*,#8488,.F.);
#8488 = EDGE_CURVE('',#4832,#6314,#8489,.T.);
#8489 = LINE('',#8490,#8491);
#8490 = CARTESIAN_POINT('',(7.65,0.65,1.));
#8491 = VECTOR('',#8492,1.);
#8492 = DIRECTION('',(0.,0.,-1.));
#8493 = ORIENTED_EDGE('',*,*,#4831,.F.);
#8494 = ORIENTED_EDGE('',*,*,#8466,.T.);
#8495 = PLANE('',#8496);
#8496 = AXIS2_PLACEMENT_3D('',#8497,#8498,#8499);
#8497 = CARTESIAN_POINT('',(7.5,0.65,1.));
#8498 = DIRECTION('',(0.,1.,0.));
#8499 = DIRECTION('',(0.,-0.,1.));
#8500 = ADVANCED_FACE('',(#8501),#8512,.F.);
#8501 = FACE_BOUND('',#8502,.T.);
#8502 = EDGE_LOOP('',(#8503,#8504,#8510,#8511));
#8503 = ORIENTED_EDGE('',*,*,#6313,.T.);
#8504 = ORIENTED_EDGE('',*,*,#8505,.F.);
#8505 = EDGE_CURVE('',#4840,#6306,#8506,.T.);
#8506 = LINE('',#8507,#8508);
#8507 = CARTESIAN_POINT('',(7.65,0.35,1.));
#8508 = VECTOR('',#8509,1.);
#8509 = DIRECTION('',(0.,0.,-1.));
#8510 = ORIENTED_EDGE('',*,*,#4839,.F.);
#8511 = ORIENTED_EDGE('',*,*,#8488,.T.);
#8512 = PLANE('',#8513);
#8513 = AXIS2_PLACEMENT_3D('',#8514,#8515,#8516);
#8514 = CARTESIAN_POINT('',(7.65,0.5,1.));
#8515 = DIRECTION('',(1.,0.,0.));
#8516 = DIRECTION('',(0.,0.,-1.));
#8517 = ADVANCED_FACE('',(#8518),#8524,.T.);
#8518 = FACE_BOUND('',#8519,.T.);
#8519 = EDGE_LOOP('',(#8520,#8521,#8522,#8523));
#8520 = ORIENTED_EDGE('',*,*,#6305,.F.);
#8521 = ORIENTED_EDGE('',*,*,#8473,.F.);
#8522 = ORIENTED_EDGE('',*,*,#4847,.T.);
#8523 = ORIENTED_EDGE('',*,*,#8505,.T.);
#8524 = PLANE('',#8525);
#8525 = AXIS2_PLACEMENT_3D('',#8526,#8527,#8528);
#8526 = CARTESIAN_POINT('',(7.5,0.35,1.));
#8527 = DIRECTION('',(0.,1.,0.));
#8528 = DIRECTION('',(0.,-0.,1.));
#8529 = ADVANCED_FACE('',(#8530),#8536,.T.);
#8530 = FACE_BOUND('',#8531,.T.);
#8531 = EDGE_LOOP('',(#8532,#8533,#8534,#8535));
#8532 = ORIENTED_EDGE('',*,*,#5352,.F.);
#8533 = ORIENTED_EDGE('',*,*,#8429,.F.);
#8534 = ORIENTED_EDGE('',*,*,#4125,.T.);
#8535 = ORIENTED_EDGE('',*,*,#8444,.T.);
#8536 = PLANE('',#8537);
#8537 = AXIS2_PLACEMENT_3D('',#8538,#8539,#8540);
#8538 = CARTESIAN_POINT('',(7.5,1.,1.));
#8539 = DIRECTION('',(0.,1.,0.));
#8540 = DIRECTION('',(0.,-0.,1.));
#8541 = ADVANCED_FACE('',(#8542),#8553,.T.);
#8542 = FACE_BOUND('',#8543,.T.);
#8543 = EDGE_LOOP('',(#8544,#8545,#8551,#8552));
#8544 = ORIENTED_EDGE('',*,*,#5584,.T.);
#8545 = ORIENTED_EDGE('',*,*,#8546,.F.);
#8546 = EDGE_CURVE('',#3894,#5577,#8547,.T.);
#8547 = LINE('',#8548,#8549);
#8548 = CARTESIAN_POINT('',(7.2,-1.,1.));
#8549 = VECTOR('',#8550,1.);
#8550 = DIRECTION('',(0.,0.,-1.));
#8551 = ORIENTED_EDGE('',*,*,#3893,.F.);
#8552 = ORIENTED_EDGE('',*,*,#8325,.T.);
#8553 = PLANE('',#8554);
#8554 = AXIS2_PLACEMENT_3D('',#8555,#8556,#8557);
#8555 = CARTESIAN_POINT('',(7.1,-0.9,1.));
#8556 = DIRECTION('',(-0.707106781187,-0.707106781187,0.));
#8557 = DIRECTION('',(-0.707106781187,0.707106781187,0.));
#8558 = ADVANCED_FACE('',(#8559),#8575,.T.);
#8559 = FACE_BOUND('',#8560,.T.);
#8560 = EDGE_LOOP('',(#8561,#8562,#8568,#8569));
#8561 = ORIENTED_EDGE('',*,*,#5568,.T.);
#8562 = ORIENTED_EDGE('',*,*,#8563,.F.);
#8563 = EDGE_CURVE('',#3910,#5561,#8564,.T.);
#8564 = LINE('',#8565,#8566);
#8565 = CARTESIAN_POINT('',(8.,-0.8,1.));
#8566 = VECTOR('',#8567,1.);
#8567 = DIRECTION('',(0.,0.,-1.));
#8568 = ORIENTED_EDGE('',*,*,#3909,.F.);
#8569 = ORIENTED_EDGE('',*,*,#8570,.T.);
#8570 = EDGE_CURVE('',#3902,#5569,#8571,.T.);
#8571 = LINE('',#8572,#8573);
#8572 = CARTESIAN_POINT('',(7.8,-1.,1.));
#8573 = VECTOR('',#8574,1.);
#8574 = DIRECTION('',(0.,0.,-1.));
#8575 = PLANE('',#8576);
#8576 = AXIS2_PLACEMENT_3D('',#8577,#8578,#8579);
#8577 = CARTESIAN_POINT('',(7.9,-0.9,1.));
#8578 = DIRECTION('',(0.707106781187,-0.707106781187,0.));
#8579 = DIRECTION('',(-0.707106781187,-0.707106781187,0.));
#8580 = ADVANCED_FACE('',(#8581),#8597,.T.);
#8581 = FACE_BOUND('',#8582,.T.);
#8582 = EDGE_LOOP('',(#8583,#8584,#8590,#8591));
#8583 = ORIENTED_EDGE('',*,*,#6329,.T.);
#8584 = ORIENTED_EDGE('',*,*,#8585,.F.);
#8585 = EDGE_CURVE('',#4858,#6332,#8586,.T.);
#8586 = LINE('',#8587,#8588);
#8587 = CARTESIAN_POINT('',(7.35,-0.35,1.));
#8588 = VECTOR('',#8589,1.);
#8589 = DIRECTION('',(0.,0.,-1.));
#8590 = ORIENTED_EDGE('',*,*,#4855,.F.);
#8591 = ORIENTED_EDGE('',*,*,#8592,.T.);
#8592 = EDGE_CURVE('',#4856,#6330,#8593,.T.);
#8593 = LINE('',#8594,#8595);
#8594 = CARTESIAN_POINT('',(7.35,-0.65,1.));
#8595 = VECTOR('',#8596,1.);
#8596 = DIRECTION('',(0.,0.,-1.));
#8597 = PLANE('',#8598);
#8598 = AXIS2_PLACEMENT_3D('',#8599,#8600,#8601);
#8599 = CARTESIAN_POINT('',(7.35,-0.5,1.));
#8600 = DIRECTION('',(1.,0.,0.));
#8601 = DIRECTION('',(0.,0.,-1.));
#8602 = ADVANCED_FACE('',(#8603),#8614,.F.);
#8603 = FACE_BOUND('',#8604,.T.);
#8604 = EDGE_LOOP('',(#8605,#8606,#8607,#8608));
#8605 = ORIENTED_EDGE('',*,*,#6339,.F.);
#8606 = ORIENTED_EDGE('',*,*,#8592,.F.);
#8607 = ORIENTED_EDGE('',*,*,#4881,.T.);
#8608 = ORIENTED_EDGE('',*,*,#8609,.T.);
#8609 = EDGE_CURVE('',#4874,#6340,#8610,.T.);
#8610 = LINE('',#8611,#8612);
#8611 = CARTESIAN_POINT('',(7.65,-0.65,1.));
#8612 = VECTOR('',#8613,1.);
#8613 = DIRECTION('',(0.,0.,-1.));
#8614 = PLANE('',#8615);
#8615 = AXIS2_PLACEMENT_3D('',#8616,#8617,#8618);
#8616 = CARTESIAN_POINT('',(7.5,-0.65,1.));
#8617 = DIRECTION('',(0.,-1.,0.));
#8618 = DIRECTION('',(0.,0.,1.));
#8619 = ADVANCED_FACE('',(#8620),#8631,.F.);
#8620 = FACE_BOUND('',#8621,.T.);
#8621 = EDGE_LOOP('',(#8622,#8623,#8624,#8625));
#8622 = ORIENTED_EDGE('',*,*,#6347,.F.);
#8623 = ORIENTED_EDGE('',*,*,#8609,.F.);
#8624 = ORIENTED_EDGE('',*,*,#4873,.T.);
#8625 = ORIENTED_EDGE('',*,*,#8626,.T.);
#8626 = EDGE_CURVE('',#4866,#6348,#8627,.T.);
#8627 = LINE('',#8628,#8629);
#8628 = CARTESIAN_POINT('',(7.65,-0.35,1.));
#8629 = VECTOR('',#8630,1.);
#8630 = DIRECTION('',(0.,0.,-1.));
#8631 = PLANE('',#8632);
#8632 = AXIS2_PLACEMENT_3D('',#8633,#8634,#8635);
#8633 = CARTESIAN_POINT('',(7.65,-0.5,1.));
#8634 = DIRECTION('',(1.,0.,0.));
#8635 = DIRECTION('',(0.,0.,-1.));
#8636 = ADVANCED_FACE('',(#8637),#8643,.T.);
#8637 = FACE_BOUND('',#8638,.T.);
#8638 = EDGE_LOOP('',(#8639,#8640,#8641,#8642));
#8639 = ORIENTED_EDGE('',*,*,#6355,.T.);
#8640 = ORIENTED_EDGE('',*,*,#8626,.F.);
#8641 = ORIENTED_EDGE('',*,*,#4865,.F.);
#8642 = ORIENTED_EDGE('',*,*,#8585,.T.);
#8643 = PLANE('',#8644);
#8644 = AXIS2_PLACEMENT_3D('',#8645,#8646,#8647);
#8645 = CARTESIAN_POINT('',(7.5,-0.35,1.));
#8646 = DIRECTION('',(0.,-1.,0.));
#8647 = DIRECTION('',(0.,0.,1.));
#8648 = ADVANCED_FACE('',(#8649),#8655,.T.);
#8649 = FACE_BOUND('',#8650,.T.);
#8650 = EDGE_LOOP('',(#8651,#8652,#8653,#8654));
#8651 = ORIENTED_EDGE('',*,*,#5576,.T.);
#8652 = ORIENTED_EDGE('',*,*,#8570,.F.);
#8653 = ORIENTED_EDGE('',*,*,#3901,.F.);
#8654 = ORIENTED_EDGE('',*,*,#8546,.T.);
#8655 = PLANE('',#8656);
#8656 = AXIS2_PLACEMENT_3D('',#8657,#8658,#8659);
#8657 = CARTESIAN_POINT('',(7.5,-1.,1.));
#8658 = DIRECTION('',(0.,-1.,0.));
#8659 = DIRECTION('',(0.,0.,1.));
#8660 = ADVANCED_FACE('',(#8661),#8672,.T.);
#8661 = FACE_BOUND('',#8662,.T.);
#8662 = EDGE_LOOP('',(#8663,#8664,#8665,#8666));
#8663 = ORIENTED_EDGE('',*,*,#5368,.F.);
#8664 = ORIENTED_EDGE('',*,*,#8451,.F.);
#8665 = ORIENTED_EDGE('',*,*,#4109,.T.);
#8666 = ORIENTED_EDGE('',*,*,#8667,.T.);
#8667 = EDGE_CURVE('',#4102,#5369,#8668,.T.);
#8668 = LINE('',#8669,#8670);
#8669 = CARTESIAN_POINT('',(8.2,1.,1.));
#8670 = VECTOR('',#8671,1.);
#8671 = DIRECTION('',(0.,0.,-1.));
#8672 = PLANE('',#8673);
#8673 = AXIS2_PLACEMENT_3D('',#8674,#8675,#8676);
#8674 = CARTESIAN_POINT('',(8.1,0.9,1.));
#8675 = DIRECTION('',(-0.707106781187,0.707106781187,0.));
#8676 = DIRECTION('',(-0.707106781187,-0.707106781187,0.));
#8677 = ADVANCED_FACE('',(#8678),#8694,.T.);
#8678 = FACE_BOUND('',#8679,.T.);
#8679 = EDGE_LOOP('',(#8680,#8681,#8687,#8688));
#8680 = ORIENTED_EDGE('',*,*,#5384,.F.);
#8681 = ORIENTED_EDGE('',*,*,#8682,.F.);
#8682 = EDGE_CURVE('',#4094,#5377,#8683,.T.);
#8683 = LINE('',#8684,#8685);
#8684 = CARTESIAN_POINT('',(8.8,1.,1.));
#8685 = VECTOR('',#8686,1.);
#8686 = DIRECTION('',(0.,0.,-1.));
#8687 = ORIENTED_EDGE('',*,*,#4093,.T.);
#8688 = ORIENTED_EDGE('',*,*,#8689,.T.);
#8689 = EDGE_CURVE('',#4086,#5385,#8690,.T.);
#8690 = LINE('',#8691,#8692);
#8691 = CARTESIAN_POINT('',(9.,0.8,1.));
#8692 = VECTOR('',#8693,1.);
#8693 = DIRECTION('',(0.,0.,-1.));
#8694 = PLANE('',#8695);
#8695 = AXIS2_PLACEMENT_3D('',#8696,#8697,#8698);
#8696 = CARTESIAN_POINT('',(8.9,0.9,1.));
#8697 = DIRECTION('',(0.707106781187,0.707106781187,0.));
#8698 = DIRECTION('',(-0.707106781187,0.707106781187,0.));
#8699 = ADVANCED_FACE('',(#8700),#8716,.T.);
#8700 = FACE_BOUND('',#8701,.T.);
#8701 = EDGE_LOOP('',(#8702,#8703,#8709,#8710));
#8702 = ORIENTED_EDGE('',*,*,#6363,.F.);
#8703 = ORIENTED_EDGE('',*,*,#8704,.F.);
#8704 = EDGE_CURVE('',#4890,#6364,#8705,.T.);
#8705 = LINE('',#8706,#8707);
#8706 = CARTESIAN_POINT('',(8.35,0.65,1.));
#8707 = VECTOR('',#8708,1.);
#8708 = DIRECTION('',(0.,0.,-1.));
#8709 = ORIENTED_EDGE('',*,*,#4889,.T.);
#8710 = ORIENTED_EDGE('',*,*,#8711,.T.);
#8711 = EDGE_CURVE('',#4892,#6366,#8712,.T.);
#8712 = LINE('',#8713,#8714);
#8713 = CARTESIAN_POINT('',(8.35,0.35,1.));
#8714 = VECTOR('',#8715,1.);
#8715 = DIRECTION('',(0.,0.,-1.));
#8716 = PLANE('',#8717);
#8717 = AXIS2_PLACEMENT_3D('',#8718,#8719,#8720);
#8718 = CARTESIAN_POINT('',(8.35,0.5,1.));
#8719 = DIRECTION('',(1.,0.,0.));
#8720 = DIRECTION('',(0.,0.,-1.));
#8721 = ADVANCED_FACE('',(#8722),#8733,.F.);
#8722 = FACE_BOUND('',#8723,.T.);
#8723 = EDGE_LOOP('',(#8724,#8725,#8731,#8732));
#8724 = ORIENTED_EDGE('',*,*,#6389,.T.);
#8725 = ORIENTED_EDGE('',*,*,#8726,.F.);
#8726 = EDGE_CURVE('',#4900,#6382,#8727,.T.);
#8727 = LINE('',#8728,#8729);
#8728 = CARTESIAN_POINT('',(8.65,0.65,1.));
#8729 = VECTOR('',#8730,1.);
#8730 = DIRECTION('',(0.,0.,-1.));
#8731 = ORIENTED_EDGE('',*,*,#4899,.F.);
#8732 = ORIENTED_EDGE('',*,*,#8704,.T.);
#8733 = PLANE('',#8734);
#8734 = AXIS2_PLACEMENT_3D('',#8735,#8736,#8737);
#8735 = CARTESIAN_POINT('',(8.5,0.65,1.));
#8736 = DIRECTION('',(0.,1.,0.));
#8737 = DIRECTION('',(0.,-0.,1.));
#8738 = ADVANCED_FACE('',(#8739),#8750,.F.);
#8739 = FACE_BOUND('',#8740,.T.);
#8740 = EDGE_LOOP('',(#8741,#8742,#8748,#8749));
#8741 = ORIENTED_EDGE('',*,*,#6381,.T.);
#8742 = ORIENTED_EDGE('',*,*,#8743,.F.);
#8743 = EDGE_CURVE('',#4908,#6374,#8744,.T.);
#8744 = LINE('',#8745,#8746);
#8745 = CARTESIAN_POINT('',(8.65,0.35,1.));
#8746 = VECTOR('',#8747,1.);
#8747 = DIRECTION('',(0.,0.,-1.));
#8748 = ORIENTED_EDGE('',*,*,#4907,.F.);
#8749 = ORIENTED_EDGE('',*,*,#8726,.T.);
#8750 = PLANE('',#8751);
#8751 = AXIS2_PLACEMENT_3D('',#8752,#8753,#8754);
#8752 = CARTESIAN_POINT('',(8.65,0.5,1.));
#8753 = DIRECTION('',(1.,0.,0.));
#8754 = DIRECTION('',(0.,0.,-1.));
#8755 = ADVANCED_FACE('',(#8756),#8762,.T.);
#8756 = FACE_BOUND('',#8757,.T.);
#8757 = EDGE_LOOP('',(#8758,#8759,#8760,#8761));
#8758 = ORIENTED_EDGE('',*,*,#6373,.F.);
#8759 = ORIENTED_EDGE('',*,*,#8711,.F.);
#8760 = ORIENTED_EDGE('',*,*,#4915,.T.);
#8761 = ORIENTED_EDGE('',*,*,#8743,.T.);
#8762 = PLANE('',#8763);
#8763 = AXIS2_PLACEMENT_3D('',#8764,#8765,#8766);
#8764 = CARTESIAN_POINT('',(8.5,0.35,1.));
#8765 = DIRECTION('',(0.,1.,0.));
#8766 = DIRECTION('',(0.,-0.,1.));
#8767 = ADVANCED_FACE('',(#8768),#8774,.T.);
#8768 = FACE_BOUND('',#8769,.T.);
#8769 = EDGE_LOOP('',(#8770,#8771,#8772,#8773));
#8770 = ORIENTED_EDGE('',*,*,#5376,.F.);
#8771 = ORIENTED_EDGE('',*,*,#8667,.F.);
#8772 = ORIENTED_EDGE('',*,*,#4101,.T.);
#8773 = ORIENTED_EDGE('',*,*,#8682,.T.);
#8774 = PLANE('',#8775);
#8775 = AXIS2_PLACEMENT_3D('',#8776,#8777,#8778);
#8776 = CARTESIAN_POINT('',(8.5,1.,1.));
#8777 = DIRECTION('',(0.,1.,0.));
#8778 = DIRECTION('',(0.,-0.,1.));
#8779 = ADVANCED_FACE('',(#8780),#8791,.T.);
#8780 = FACE_BOUND('',#8781,.T.);
#8781 = EDGE_LOOP('',(#8782,#8783,#8789,#8790));
#8782 = ORIENTED_EDGE('',*,*,#5560,.T.);
#8783 = ORIENTED_EDGE('',*,*,#8784,.F.);
#8784 = EDGE_CURVE('',#3918,#5553,#8785,.T.);
#8785 = LINE('',#8786,#8787);
#8786 = CARTESIAN_POINT('',(8.2,-1.,1.));
#8787 = VECTOR('',#8788,1.);
#8788 = DIRECTION('',(0.,0.,-1.));
#8789 = ORIENTED_EDGE('',*,*,#3917,.F.);
#8790 = ORIENTED_EDGE('',*,*,#8563,.T.);
#8791 = PLANE('',#8792);
#8792 = AXIS2_PLACEMENT_3D('',#8793,#8794,#8795);
#8793 = CARTESIAN_POINT('',(8.1,-0.9,1.));
#8794 = DIRECTION('',(-0.707106781187,-0.707106781187,0.));
#8795 = DIRECTION('',(-0.707106781187,0.707106781187,0.));
#8796 = ADVANCED_FACE('',(#8797),#8813,.T.);
#8797 = FACE_BOUND('',#8798,.T.);
#8798 = EDGE_LOOP('',(#8799,#8800,#8806,#8807));
#8799 = ORIENTED_EDGE('',*,*,#5544,.T.);
#8800 = ORIENTED_EDGE('',*,*,#8801,.F.);
#8801 = EDGE_CURVE('',#3934,#5537,#8802,.T.);
#8802 = LINE('',#8803,#8804);
#8803 = CARTESIAN_POINT('',(9.,-0.8,1.));
#8804 = VECTOR('',#8805,1.);
#8805 = DIRECTION('',(0.,0.,-1.));
#8806 = ORIENTED_EDGE('',*,*,#3933,.F.);
#8807 = ORIENTED_EDGE('',*,*,#8808,.T.);
#8808 = EDGE_CURVE('',#3926,#5545,#8809,.T.);
#8809 = LINE('',#8810,#8811);
#8810 = CARTESIAN_POINT('',(8.8,-1.,1.));
#8811 = VECTOR('',#8812,1.);
#8812 = DIRECTION('',(0.,0.,-1.));
#8813 = PLANE('',#8814);
#8814 = AXIS2_PLACEMENT_3D('',#8815,#8816,#8817);
#8815 = CARTESIAN_POINT('',(8.9,-0.9,1.));
#8816 = DIRECTION('',(0.707106781187,-0.707106781187,0.));
#8817 = DIRECTION('',(-0.707106781187,-0.707106781187,0.));
#8818 = ADVANCED_FACE('',(#8819),#8835,.T.);
#8819 = FACE_BOUND('',#8820,.T.);
#8820 = EDGE_LOOP('',(#8821,#8822,#8828,#8829));
#8821 = ORIENTED_EDGE('',*,*,#6397,.T.);
#8822 = ORIENTED_EDGE('',*,*,#8823,.F.);
#8823 = EDGE_CURVE('',#4926,#6400,#8824,.T.);
#8824 = LINE('',#8825,#8826);
#8825 = CARTESIAN_POINT('',(8.35,-0.35,1.));
#8826 = VECTOR('',#8827,1.);
#8827 = DIRECTION('',(0.,0.,-1.));
#8828 = ORIENTED_EDGE('',*,*,#4923,.F.);
#8829 = ORIENTED_EDGE('',*,*,#8830,.T.);
#8830 = EDGE_CURVE('',#4924,#6398,#8831,.T.);
#8831 = LINE('',#8832,#8833);
#8832 = CARTESIAN_POINT('',(8.35,-0.65,1.));
#8833 = VECTOR('',#8834,1.);
#8834 = DIRECTION('',(0.,0.,-1.));
#8835 = PLANE('',#8836);
#8836 = AXIS2_PLACEMENT_3D('',#8837,#8838,#8839);
#8837 = CARTESIAN_POINT('',(8.35,-0.5,1.));
#8838 = DIRECTION('',(1.,0.,0.));
#8839 = DIRECTION('',(0.,0.,-1.));
#8840 = ADVANCED_FACE('',(#8841),#8852,.F.);
#8841 = FACE_BOUND('',#8842,.T.);
#8842 = EDGE_LOOP('',(#8843,#8844,#8845,#8846));
#8843 = ORIENTED_EDGE('',*,*,#6407,.F.);
#8844 = ORIENTED_EDGE('',*,*,#8830,.F.);
#8845 = ORIENTED_EDGE('',*,*,#4949,.T.);
#8846 = ORIENTED_EDGE('',*,*,#8847,.T.);
#8847 = EDGE_CURVE('',#4942,#6408,#8848,.T.);
#8848 = LINE('',#8849,#8850);
#8849 = CARTESIAN_POINT('',(8.65,-0.65,1.));
#8850 = VECTOR('',#8851,1.);
#8851 = DIRECTION('',(0.,0.,-1.));
#8852 = PLANE('',#8853);
#8853 = AXIS2_PLACEMENT_3D('',#8854,#8855,#8856);
#8854 = CARTESIAN_POINT('',(8.5,-0.65,1.));
#8855 = DIRECTION('',(0.,-1.,0.));
#8856 = DIRECTION('',(0.,0.,1.));
#8857 = ADVANCED_FACE('',(#8858),#8869,.F.);
#8858 = FACE_BOUND('',#8859,.T.);
#8859 = EDGE_LOOP('',(#8860,#8861,#8862,#8863));
#8860 = ORIENTED_EDGE('',*,*,#6415,.F.);
#8861 = ORIENTED_EDGE('',*,*,#8847,.F.);
#8862 = ORIENTED_EDGE('',*,*,#4941,.T.);
#8863 = ORIENTED_EDGE('',*,*,#8864,.T.);
#8864 = EDGE_CURVE('',#4934,#6416,#8865,.T.);
#8865 = LINE('',#8866,#8867);
#8866 = CARTESIAN_POINT('',(8.65,-0.35,1.));
#8867 = VECTOR('',#8868,1.);
#8868 = DIRECTION('',(0.,0.,-1.));
#8869 = PLANE('',#8870);
#8870 = AXIS2_PLACEMENT_3D('',#8871,#8872,#8873);
#8871 = CARTESIAN_POINT('',(8.65,-0.5,1.));
#8872 = DIRECTION('',(1.,0.,0.));
#8873 = DIRECTION('',(0.,0.,-1.));
#8874 = ADVANCED_FACE('',(#8875),#8881,.T.);
#8875 = FACE_BOUND('',#8876,.T.);
#8876 = EDGE_LOOP('',(#8877,#8878,#8879,#8880));
#8877 = ORIENTED_EDGE('',*,*,#6423,.T.);
#8878 = ORIENTED_EDGE('',*,*,#8864,.F.);
#8879 = ORIENTED_EDGE('',*,*,#4933,.F.);
#8880 = ORIENTED_EDGE('',*,*,#8823,.T.);
#8881 = PLANE('',#8882);
#8882 = AXIS2_PLACEMENT_3D('',#8883,#8884,#8885);
#8883 = CARTESIAN_POINT('',(8.5,-0.35,1.));
#8884 = DIRECTION('',(0.,-1.,0.));
#8885 = DIRECTION('',(0.,0.,1.));
#8886 = ADVANCED_FACE('',(#8887),#8893,.T.);
#8887 = FACE_BOUND('',#8888,.T.);
#8888 = EDGE_LOOP('',(#8889,#8890,#8891,#8892));
#8889 = ORIENTED_EDGE('',*,*,#5552,.T.);
#8890 = ORIENTED_EDGE('',*,*,#8808,.F.);
#8891 = ORIENTED_EDGE('',*,*,#3925,.F.);
#8892 = ORIENTED_EDGE('',*,*,#8784,.T.);
#8893 = PLANE('',#8894);
#8894 = AXIS2_PLACEMENT_3D('',#8895,#8896,#8897);
#8895 = CARTESIAN_POINT('',(8.5,-1.,1.));
#8896 = DIRECTION('',(0.,-1.,0.));
#8897 = DIRECTION('',(0.,0.,1.));
#8898 = ADVANCED_FACE('',(#8899),#8910,.T.);
#8899 = FACE_BOUND('',#8900,.T.);
#8900 = EDGE_LOOP('',(#8901,#8902,#8903,#8904));
#8901 = ORIENTED_EDGE('',*,*,#5392,.F.);
#8902 = ORIENTED_EDGE('',*,*,#8689,.F.);
#8903 = ORIENTED_EDGE('',*,*,#4085,.T.);
#8904 = ORIENTED_EDGE('',*,*,#8905,.T.);
#8905 = EDGE_CURVE('',#4078,#5393,#8906,.T.);
#8906 = LINE('',#8907,#8908);
#8907 = CARTESIAN_POINT('',(9.2,1.,1.));
#8908 = VECTOR('',#8909,1.);
#8909 = DIRECTION('',(0.,0.,-1.));
#8910 = PLANE('',#8911);
#8911 = AXIS2_PLACEMENT_3D('',#8912,#8913,#8914);
#8912 = CARTESIAN_POINT('',(9.1,0.9,1.));
#8913 = DIRECTION('',(-0.707106781187,0.707106781187,0.));
#8914 = DIRECTION('',(-0.707106781187,-0.707106781187,0.));
#8915 = ADVANCED_FACE('',(#8916),#8932,.T.);
#8916 = FACE_BOUND('',#8917,.T.);
#8917 = EDGE_LOOP('',(#8918,#8919,#8925,#8926));
#8918 = ORIENTED_EDGE('',*,*,#5408,.F.);
#8919 = ORIENTED_EDGE('',*,*,#8920,.F.);
#8920 = EDGE_CURVE('',#4070,#5401,#8921,.T.);
#8921 = LINE('',#8922,#8923);
#8922 = CARTESIAN_POINT('',(9.8,1.,1.));
#8923 = VECTOR('',#8924,1.);
#8924 = DIRECTION('',(0.,0.,-1.));
#8925 = ORIENTED_EDGE('',*,*,#4069,.T.);
#8926 = ORIENTED_EDGE('',*,*,#8927,.T.);
#8927 = EDGE_CURVE('',#4062,#5409,#8928,.T.);
#8928 = LINE('',#8929,#8930);
#8929 = CARTESIAN_POINT('',(10.,0.8,1.));
#8930 = VECTOR('',#8931,1.);
#8931 = DIRECTION('',(0.,0.,-1.));
#8932 = PLANE('',#8933);
#8933 = AXIS2_PLACEMENT_3D('',#8934,#8935,#8936);
#8934 = CARTESIAN_POINT('',(9.9,0.9,1.));
#8935 = DIRECTION('',(0.707106781187,0.707106781187,0.));
#8936 = DIRECTION('',(-0.707106781187,0.707106781187,0.));
#8937 = ADVANCED_FACE('',(#8938),#8954,.T.);
#8938 = FACE_BOUND('',#8939,.T.);
#8939 = EDGE_LOOP('',(#8940,#8941,#8947,#8948));
#8940 = ORIENTED_EDGE('',*,*,#6431,.F.);
#8941 = ORIENTED_EDGE('',*,*,#8942,.F.);
#8942 = EDGE_CURVE('',#4958,#6432,#8943,.T.);
#8943 = LINE('',#8944,#8945);
#8944 = CARTESIAN_POINT('',(9.35,0.65,1.));
#8945 = VECTOR('',#8946,1.);
#8946 = DIRECTION('',(0.,0.,-1.));
#8947 = ORIENTED_EDGE('',*,*,#4957,.T.);
#8948 = ORIENTED_EDGE('',*,*,#8949,.T.);
#8949 = EDGE_CURVE('',#4960,#6434,#8950,.T.);
#8950 = LINE('',#8951,#8952);
#8951 = CARTESIAN_POINT('',(9.35,0.35,1.));
#8952 = VECTOR('',#8953,1.);
#8953 = DIRECTION('',(0.,0.,-1.));
#8954 = PLANE('',#8955);
#8955 = AXIS2_PLACEMENT_3D('',#8956,#8957,#8958);
#8956 = CARTESIAN_POINT('',(9.35,0.5,1.));
#8957 = DIRECTION('',(1.,0.,0.));
#8958 = DIRECTION('',(0.,0.,-1.));
#8959 = ADVANCED_FACE('',(#8960),#8971,.F.);
#8960 = FACE_BOUND('',#8961,.T.);
#8961 = EDGE_LOOP('',(#8962,#8963,#8969,#8970));
#8962 = ORIENTED_EDGE('',*,*,#6457,.T.);
#8963 = ORIENTED_EDGE('',*,*,#8964,.F.);
#8964 = EDGE_CURVE('',#4968,#6450,#8965,.T.);
#8965 = LINE('',#8966,#8967);
#8966 = CARTESIAN_POINT('',(9.65,0.65,1.));
#8967 = VECTOR('',#8968,1.);
#8968 = DIRECTION('',(0.,0.,-1.));
#8969 = ORIENTED_EDGE('',*,*,#4967,.F.);
#8970 = ORIENTED_EDGE('',*,*,#8942,.T.);
#8971 = PLANE('',#8972);
#8972 = AXIS2_PLACEMENT_3D('',#8973,#8974,#8975);
#8973 = CARTESIAN_POINT('',(9.5,0.65,1.));
#8974 = DIRECTION('',(0.,1.,0.));
#8975 = DIRECTION('',(0.,-0.,1.));
#8976 = ADVANCED_FACE('',(#8977),#8988,.F.);
#8977 = FACE_BOUND('',#8978,.T.);
#8978 = EDGE_LOOP('',(#8979,#8980,#8986,#8987));
#8979 = ORIENTED_EDGE('',*,*,#6449,.T.);
#8980 = ORIENTED_EDGE('',*,*,#8981,.F.);
#8981 = EDGE_CURVE('',#4976,#6442,#8982,.T.);
#8982 = LINE('',#8983,#8984);
#8983 = CARTESIAN_POINT('',(9.65,0.35,1.));
#8984 = VECTOR('',#8985,1.);
#8985 = DIRECTION('',(0.,0.,-1.));
#8986 = ORIENTED_EDGE('',*,*,#4975,.F.);
#8987 = ORIENTED_EDGE('',*,*,#8964,.T.);
#8988 = PLANE('',#8989);
#8989 = AXIS2_PLACEMENT_3D('',#8990,#8991,#8992);
#8990 = CARTESIAN_POINT('',(9.65,0.5,1.));
#8991 = DIRECTION('',(1.,0.,0.));
#8992 = DIRECTION('',(0.,0.,-1.));
#8993 = ADVANCED_FACE('',(#8994),#9000,.T.);
#8994 = FACE_BOUND('',#8995,.T.);
#8995 = EDGE_LOOP('',(#8996,#8997,#8998,#8999));
#8996 = ORIENTED_EDGE('',*,*,#6441,.F.);
#8997 = ORIENTED_EDGE('',*,*,#8949,.F.);
#8998 = ORIENTED_EDGE('',*,*,#4983,.T.);
#8999 = ORIENTED_EDGE('',*,*,#8981,.T.);
#9000 = PLANE('',#9001);
#9001 = AXIS2_PLACEMENT_3D('',#9002,#9003,#9004);
#9002 = CARTESIAN_POINT('',(9.5,0.35,1.));
#9003 = DIRECTION('',(0.,1.,0.));
#9004 = DIRECTION('',(0.,-0.,1.));
#9005 = ADVANCED_FACE('',(#9006),#9012,.T.);
#9006 = FACE_BOUND('',#9007,.T.);
#9007 = EDGE_LOOP('',(#9008,#9009,#9010,#9011));
#9008 = ORIENTED_EDGE('',*,*,#5400,.F.);
#9009 = ORIENTED_EDGE('',*,*,#8905,.F.);
#9010 = ORIENTED_EDGE('',*,*,#4077,.T.);
#9011 = ORIENTED_EDGE('',*,*,#8920,.T.);
#9012 = PLANE('',#9013);
#9013 = AXIS2_PLACEMENT_3D('',#9014,#9015,#9016);
#9014 = CARTESIAN_POINT('',(9.5,1.,1.));
#9015 = DIRECTION('',(0.,1.,0.));
#9016 = DIRECTION('',(0.,-0.,1.));
#9017 = ADVANCED_FACE('',(#9018),#9029,.T.);
#9018 = FACE_BOUND('',#9019,.T.);
#9019 = EDGE_LOOP('',(#9020,#9021,#9027,#9028));
#9020 = ORIENTED_EDGE('',*,*,#5536,.T.);
#9021 = ORIENTED_EDGE('',*,*,#9022,.F.);
#9022 = EDGE_CURVE('',#3942,#5529,#9023,.T.);
#9023 = LINE('',#9024,#9025);
#9024 = CARTESIAN_POINT('',(9.2,-1.,1.));
#9025 = VECTOR('',#9026,1.);
#9026 = DIRECTION('',(0.,0.,-1.));
#9027 = ORIENTED_EDGE('',*,*,#3941,.F.);
#9028 = ORIENTED_EDGE('',*,*,#8801,.T.);
#9029 = PLANE('',#9030);
#9030 = AXIS2_PLACEMENT_3D('',#9031,#9032,#9033);
#9031 = CARTESIAN_POINT('',(9.1,-0.9,1.));
#9032 = DIRECTION('',(-0.707106781187,-0.707106781187,0.));
#9033 = DIRECTION('',(-0.707106781187,0.707106781187,0.));
#9034 = ADVANCED_FACE('',(#9035),#9051,.T.);
#9035 = FACE_BOUND('',#9036,.T.);
#9036 = EDGE_LOOP('',(#9037,#9038,#9044,#9045));
#9037 = ORIENTED_EDGE('',*,*,#5520,.T.);
#9038 = ORIENTED_EDGE('',*,*,#9039,.F.);
#9039 = EDGE_CURVE('',#3958,#5513,#9040,.T.);
#9040 = LINE('',#9041,#9042);
#9041 = CARTESIAN_POINT('',(10.,-0.8,1.));
#9042 = VECTOR('',#9043,1.);
#9043 = DIRECTION('',(0.,0.,-1.));
#9044 = ORIENTED_EDGE('',*,*,#3957,.F.);
#9045 = ORIENTED_EDGE('',*,*,#9046,.T.);
#9046 = EDGE_CURVE('',#3950,#5521,#9047,.T.);
#9047 = LINE('',#9048,#9049);
#9048 = CARTESIAN_POINT('',(9.8,-1.,1.));
#9049 = VECTOR('',#9050,1.);
#9050 = DIRECTION('',(0.,0.,-1.));
#9051 = PLANE('',#9052);
#9052 = AXIS2_PLACEMENT_3D('',#9053,#9054,#9055);
#9053 = CARTESIAN_POINT('',(9.9,-0.9,1.));
#9054 = DIRECTION('',(0.707106781187,-0.707106781187,0.));
#9055 = DIRECTION('',(-0.707106781187,-0.707106781187,0.));
#9056 = ADVANCED_FACE('',(#9057),#9073,.T.);
#9057 = FACE_BOUND('',#9058,.T.);
#9058 = EDGE_LOOP('',(#9059,#9060,#9066,#9067));
#9059 = ORIENTED_EDGE('',*,*,#6465,.T.);
#9060 = ORIENTED_EDGE('',*,*,#9061,.F.);
#9061 = EDGE_CURVE('',#4994,#6468,#9062,.T.);
#9062 = LINE('',#9063,#9064);
#9063 = CARTESIAN_POINT('',(9.35,-0.35,1.));
#9064 = VECTOR('',#9065,1.);
#9065 = DIRECTION('',(0.,0.,-1.));
#9066 = ORIENTED_EDGE('',*,*,#4991,.F.);
#9067 = ORIENTED_EDGE('',*,*,#9068,.T.);
#9068 = EDGE_CURVE('',#4992,#6466,#9069,.T.);
#9069 = LINE('',#9070,#9071);
#9070 = CARTESIAN_POINT('',(9.35,-0.65,1.));
#9071 = VECTOR('',#9072,1.);
#9072 = DIRECTION('',(0.,0.,-1.));
#9073 = PLANE('',#9074);
#9074 = AXIS2_PLACEMENT_3D('',#9075,#9076,#9077);
#9075 = CARTESIAN_POINT('',(9.35,-0.5,1.));
#9076 = DIRECTION('',(1.,0.,0.));
#9077 = DIRECTION('',(0.,0.,-1.));
#9078 = ADVANCED_FACE('',(#9079),#9090,.F.);
#9079 = FACE_BOUND('',#9080,.T.);
#9080 = EDGE_LOOP('',(#9081,#9082,#9083,#9084));
#9081 = ORIENTED_EDGE('',*,*,#6475,.F.);
#9082 = ORIENTED_EDGE('',*,*,#9068,.F.);
#9083 = ORIENTED_EDGE('',*,*,#5017,.T.);
#9084 = ORIENTED_EDGE('',*,*,#9085,.T.);
#9085 = EDGE_CURVE('',#5010,#6476,#9086,.T.);
#9086 = LINE('',#9087,#9088);
#9087 = CARTESIAN_POINT('',(9.65,-0.65,1.));
#9088 = VECTOR('',#9089,1.);
#9089 = DIRECTION('',(0.,0.,-1.));
#9090 = PLANE('',#9091);
#9091 = AXIS2_PLACEMENT_3D('',#9092,#9093,#9094);
#9092 = CARTESIAN_POINT('',(9.5,-0.65,1.));
#9093 = DIRECTION('',(0.,-1.,0.));
#9094 = DIRECTION('',(0.,0.,1.));
#9095 = ADVANCED_FACE('',(#9096),#9107,.F.);
#9096 = FACE_BOUND('',#9097,.T.);
#9097 = EDGE_LOOP('',(#9098,#9099,#9100,#9101));
#9098 = ORIENTED_EDGE('',*,*,#6483,.F.);
#9099 = ORIENTED_EDGE('',*,*,#9085,.F.);
#9100 = ORIENTED_EDGE('',*,*,#5009,.T.);
#9101 = ORIENTED_EDGE('',*,*,#9102,.T.);
#9102 = EDGE_CURVE('',#5002,#6484,#9103,.T.);
#9103 = LINE('',#9104,#9105);
#9104 = CARTESIAN_POINT('',(9.65,-0.35,1.));
#9105 = VECTOR('',#9106,1.);
#9106 = DIRECTION('',(0.,0.,-1.));
#9107 = PLANE('',#9108);
#9108 = AXIS2_PLACEMENT_3D('',#9109,#9110,#9111);
#9109 = CARTESIAN_POINT('',(9.65,-0.5,1.));
#9110 = DIRECTION('',(1.,0.,0.));
#9111 = DIRECTION('',(0.,0.,-1.));
#9112 = ADVANCED_FACE('',(#9113),#9119,.T.);
#9113 = FACE_BOUND('',#9114,.T.);
#9114 = EDGE_LOOP('',(#9115,#9116,#9117,#9118));
#9115 = ORIENTED_EDGE('',*,*,#6491,.T.);
#9116 = ORIENTED_EDGE('',*,*,#9102,.F.);
#9117 = ORIENTED_EDGE('',*,*,#5001,.F.);
#9118 = ORIENTED_EDGE('',*,*,#9061,.T.);
#9119 = PLANE('',#9120);
#9120 = AXIS2_PLACEMENT_3D('',#9121,#9122,#9123);
#9121 = CARTESIAN_POINT('',(9.5,-0.35,1.));
#9122 = DIRECTION('',(0.,-1.,0.));
#9123 = DIRECTION('',(0.,0.,1.));
#9124 = ADVANCED_FACE('',(#9125),#9131,.T.);
#9125 = FACE_BOUND('',#9126,.T.);
#9126 = EDGE_LOOP('',(#9127,#9128,#9129,#9130));
#9127 = ORIENTED_EDGE('',*,*,#5528,.T.);
#9128 = ORIENTED_EDGE('',*,*,#9046,.F.);
#9129 = ORIENTED_EDGE('',*,*,#3949,.F.);
#9130 = ORIENTED_EDGE('',*,*,#9022,.T.);
#9131 = PLANE('',#9132);
#9132 = AXIS2_PLACEMENT_3D('',#9133,#9134,#9135);
#9133 = CARTESIAN_POINT('',(9.5,-1.,1.));
#9134 = DIRECTION('',(0.,-1.,0.));
#9135 = DIRECTION('',(0.,0.,1.));
#9136 = ADVANCED_FACE('',(#9137),#9148,.T.);
#9137 = FACE_BOUND('',#9138,.T.);
#9138 = EDGE_LOOP('',(#9139,#9140,#9141,#9142));
#9139 = ORIENTED_EDGE('',*,*,#5416,.F.);
#9140 = ORIENTED_EDGE('',*,*,#8927,.F.);
#9141 = ORIENTED_EDGE('',*,*,#4061,.T.);
#9142 = ORIENTED_EDGE('',*,*,#9143,.T.);
#9143 = EDGE_CURVE('',#4054,#5417,#9144,.T.);
#9144 = LINE('',#9145,#9146);
#9145 = CARTESIAN_POINT('',(10.2,1.,1.));
#9146 = VECTOR('',#9147,1.);
#9147 = DIRECTION('',(0.,0.,-1.));
#9148 = PLANE('',#9149);
#9149 = AXIS2_PLACEMENT_3D('',#9150,#9151,#9152);
#9150 = CARTESIAN_POINT('',(10.1,0.9,1.));
#9151 = DIRECTION('',(-0.707106781187,0.707106781187,0.));
#9152 = DIRECTION('',(-0.707106781187,-0.707106781187,0.));
#9153 = ADVANCED_FACE('',(#9154),#9170,.T.);
#9154 = FACE_BOUND('',#9155,.T.);
#9155 = EDGE_LOOP('',(#9156,#9157,#9163,#9164));
#9156 = ORIENTED_EDGE('',*,*,#5432,.F.);
#9157 = ORIENTED_EDGE('',*,*,#9158,.F.);
#9158 = EDGE_CURVE('',#4046,#5425,#9159,.T.);
#9159 = LINE('',#9160,#9161);
#9160 = CARTESIAN_POINT('',(10.8,1.,1.));
#9161 = VECTOR('',#9162,1.);
#9162 = DIRECTION('',(0.,0.,-1.));
#9163 = ORIENTED_EDGE('',*,*,#4045,.T.);
#9164 = ORIENTED_EDGE('',*,*,#9165,.T.);
#9165 = EDGE_CURVE('',#4038,#5433,#9166,.T.);
#9166 = LINE('',#9167,#9168);
#9167 = CARTESIAN_POINT('',(11.,0.8,1.));
#9168 = VECTOR('',#9169,1.);
#9169 = DIRECTION('',(0.,0.,-1.));
#9170 = PLANE('',#9171);
#9171 = AXIS2_PLACEMENT_3D('',#9172,#9173,#9174);
#9172 = CARTESIAN_POINT('',(10.9,0.9,1.));
#9173 = DIRECTION('',(0.707106781187,0.707106781187,0.));
#9174 = DIRECTION('',(-0.707106781187,0.707106781187,0.));
#9175 = ADVANCED_FACE('',(#9176),#9192,.T.);
#9176 = FACE_BOUND('',#9177,.T.);
#9177 = EDGE_LOOP('',(#9178,#9179,#9185,#9186));
#9178 = ORIENTED_EDGE('',*,*,#6499,.F.);
#9179 = ORIENTED_EDGE('',*,*,#9180,.F.);
#9180 = EDGE_CURVE('',#5026,#6500,#9181,.T.);
#9181 = LINE('',#9182,#9183);
#9182 = CARTESIAN_POINT('',(10.35,0.65,1.));
#9183 = VECTOR('',#9184,1.);
#9184 = DIRECTION('',(0.,0.,-1.));
#9185 = ORIENTED_EDGE('',*,*,#5025,.T.);
#9186 = ORIENTED_EDGE('',*,*,#9187,.T.);
#9187 = EDGE_CURVE('',#5028,#6502,#9188,.T.);
#9188 = LINE('',#9189,#9190);
#9189 = CARTESIAN_POINT('',(10.35,0.35,1.));
#9190 = VECTOR('',#9191,1.);
#9191 = DIRECTION('',(0.,0.,-1.));
#9192 = PLANE('',#9193);
#9193 = AXIS2_PLACEMENT_3D('',#9194,#9195,#9196);
#9194 = CARTESIAN_POINT('',(10.35,0.5,1.));
#9195 = DIRECTION('',(1.,0.,0.));
#9196 = DIRECTION('',(0.,0.,-1.));
#9197 = ADVANCED_FACE('',(#9198),#9209,.F.);
#9198 = FACE_BOUND('',#9199,.T.);
#9199 = EDGE_LOOP('',(#9200,#9201,#9207,#9208));
#9200 = ORIENTED_EDGE('',*,*,#6525,.T.);
#9201 = ORIENTED_EDGE('',*,*,#9202,.F.);
#9202 = EDGE_CURVE('',#5036,#6518,#9203,.T.);
#9203 = LINE('',#9204,#9205);
#9204 = CARTESIAN_POINT('',(10.65,0.65,1.));
#9205 = VECTOR('',#9206,1.);
#9206 = DIRECTION('',(0.,0.,-1.));
#9207 = ORIENTED_EDGE('',*,*,#5035,.F.);
#9208 = ORIENTED_EDGE('',*,*,#9180,.T.);
#9209 = PLANE('',#9210);
#9210 = AXIS2_PLACEMENT_3D('',#9211,#9212,#9213);
#9211 = CARTESIAN_POINT('',(10.5,0.65,1.));
#9212 = DIRECTION('',(0.,1.,0.));
#9213 = DIRECTION('',(0.,-0.,1.));
#9214 = ADVANCED_FACE('',(#9215),#9226,.F.);
#9215 = FACE_BOUND('',#9216,.T.);
#9216 = EDGE_LOOP('',(#9217,#9218,#9224,#9225));
#9217 = ORIENTED_EDGE('',*,*,#6517,.T.);
#9218 = ORIENTED_EDGE('',*,*,#9219,.F.);
#9219 = EDGE_CURVE('',#5044,#6510,#9220,.T.);
#9220 = LINE('',#9221,#9222);
#9221 = CARTESIAN_POINT('',(10.65,0.35,1.));
#9222 = VECTOR('',#9223,1.);
#9223 = DIRECTION('',(0.,0.,-1.));
#9224 = ORIENTED_EDGE('',*,*,#5043,.F.);
#9225 = ORIENTED_EDGE('',*,*,#9202,.T.);
#9226 = PLANE('',#9227);
#9227 = AXIS2_PLACEMENT_3D('',#9228,#9229,#9230);
#9228 = CARTESIAN_POINT('',(10.65,0.5,1.));
#9229 = DIRECTION('',(1.,0.,0.));
#9230 = DIRECTION('',(0.,0.,-1.));
#9231 = ADVANCED_FACE('',(#9232),#9238,.T.);
#9232 = FACE_BOUND('',#9233,.T.);
#9233 = EDGE_LOOP('',(#9234,#9235,#9236,#9237));
#9234 = ORIENTED_EDGE('',*,*,#6509,.F.);
#9235 = ORIENTED_EDGE('',*,*,#9187,.F.);
#9236 = ORIENTED_EDGE('',*,*,#5051,.T.);
#9237 = ORIENTED_EDGE('',*,*,#9219,.T.);
#9238 = PLANE('',#9239);
#9239 = AXIS2_PLACEMENT_3D('',#9240,#9241,#9242);
#9240 = CARTESIAN_POINT('',(10.5,0.35,1.));
#9241 = DIRECTION('',(0.,1.,0.));
#9242 = DIRECTION('',(0.,-0.,1.));
#9243 = ADVANCED_FACE('',(#9244),#9250,.T.);
#9244 = FACE_BOUND('',#9245,.T.);
#9245 = EDGE_LOOP('',(#9246,#9247,#9248,#9249));
#9246 = ORIENTED_EDGE('',*,*,#5424,.F.);
#9247 = ORIENTED_EDGE('',*,*,#9143,.F.);
#9248 = ORIENTED_EDGE('',*,*,#4053,.T.);
#9249 = ORIENTED_EDGE('',*,*,#9158,.T.);
#9250 = PLANE('',#9251);
#9251 = AXIS2_PLACEMENT_3D('',#9252,#9253,#9254);
#9252 = CARTESIAN_POINT('',(10.5,1.,1.));
#9253 = DIRECTION('',(0.,1.,0.));
#9254 = DIRECTION('',(0.,-0.,1.));
#9255 = ADVANCED_FACE('',(#9256),#9267,.T.);
#9256 = FACE_BOUND('',#9257,.T.);
#9257 = EDGE_LOOP('',(#9258,#9259,#9265,#9266));
#9258 = ORIENTED_EDGE('',*,*,#5512,.T.);
#9259 = ORIENTED_EDGE('',*,*,#9260,.F.);
#9260 = EDGE_CURVE('',#3966,#5505,#9261,.T.);
#9261 = LINE('',#9262,#9263);
#9262 = CARTESIAN_POINT('',(10.2,-1.,1.));
#9263 = VECTOR('',#9264,1.);
#9264 = DIRECTION('',(0.,0.,-1.));
#9265 = ORIENTED_EDGE('',*,*,#3965,.F.);
#9266 = ORIENTED_EDGE('',*,*,#9039,.T.);
#9267 = PLANE('',#9268);
#9268 = AXIS2_PLACEMENT_3D('',#9269,#9270,#9271);
#9269 = CARTESIAN_POINT('',(10.1,-0.9,1.));
#9270 = DIRECTION('',(-0.707106781187,-0.707106781187,0.));
#9271 = DIRECTION('',(-0.707106781187,0.707106781187,0.));
#9272 = ADVANCED_FACE('',(#9273),#9289,.T.);
#9273 = FACE_BOUND('',#9274,.T.);
#9274 = EDGE_LOOP('',(#9275,#9276,#9282,#9283));
#9275 = ORIENTED_EDGE('',*,*,#5496,.T.);
#9276 = ORIENTED_EDGE('',*,*,#9277,.F.);
#9277 = EDGE_CURVE('',#3982,#5489,#9278,.T.);
#9278 = LINE('',#9279,#9280);
#9279 = CARTESIAN_POINT('',(11.,-0.8,1.));
#9280 = VECTOR('',#9281,1.);
#9281 = DIRECTION('',(0.,0.,-1.));
#9282 = ORIENTED_EDGE('',*,*,#3981,.F.);
#9283 = ORIENTED_EDGE('',*,*,#9284,.T.);
#9284 = EDGE_CURVE('',#3974,#5497,#9285,.T.);
#9285 = LINE('',#9286,#9287);
#9286 = CARTESIAN_POINT('',(10.8,-1.,1.));
#9287 = VECTOR('',#9288,1.);
#9288 = DIRECTION('',(0.,0.,-1.));
#9289 = PLANE('',#9290);
#9290 = AXIS2_PLACEMENT_3D('',#9291,#9292,#9293);
#9291 = CARTESIAN_POINT('',(10.9,-0.9,1.));
#9292 = DIRECTION('',(0.707106781187,-0.707106781187,0.));
#9293 = DIRECTION('',(-0.707106781187,-0.707106781187,0.));
#9294 = ADVANCED_FACE('',(#9295),#9311,.T.);
#9295 = FACE_BOUND('',#9296,.T.);
#9296 = EDGE_LOOP('',(#9297,#9298,#9304,#9305));
#9297 = ORIENTED_EDGE('',*,*,#6533,.T.);
#9298 = ORIENTED_EDGE('',*,*,#9299,.F.);
#9299 = EDGE_CURVE('',#5062,#6536,#9300,.T.);
#9300 = LINE('',#9301,#9302);
#9301 = CARTESIAN_POINT('',(10.35,-0.35,1.));
#9302 = VECTOR('',#9303,1.);
#9303 = DIRECTION('',(0.,0.,-1.));
#9304 = ORIENTED_EDGE('',*,*,#5059,.F.);
#9305 = ORIENTED_EDGE('',*,*,#9306,.T.);
#9306 = EDGE_CURVE('',#5060,#6534,#9307,.T.);
#9307 = LINE('',#9308,#9309);
#9308 = CARTESIAN_POINT('',(10.35,-0.65,1.));
#9309 = VECTOR('',#9310,1.);
#9310 = DIRECTION('',(0.,0.,-1.));
#9311 = PLANE('',#9312);
#9312 = AXIS2_PLACEMENT_3D('',#9313,#9314,#9315);
#9313 = CARTESIAN_POINT('',(10.35,-0.5,1.));
#9314 = DIRECTION('',(1.,0.,0.));
#9315 = DIRECTION('',(0.,0.,-1.));
#9316 = ADVANCED_FACE('',(#9317),#9328,.F.);
#9317 = FACE_BOUND('',#9318,.T.);
#9318 = EDGE_LOOP('',(#9319,#9320,#9321,#9322));
#9319 = ORIENTED_EDGE('',*,*,#6543,.F.);
#9320 = ORIENTED_EDGE('',*,*,#9306,.F.);
#9321 = ORIENTED_EDGE('',*,*,#5085,.T.);
#9322 = ORIENTED_EDGE('',*,*,#9323,.T.);
#9323 = EDGE_CURVE('',#5078,#6544,#9324,.T.);
#9324 = LINE('',#9325,#9326);
#9325 = CARTESIAN_POINT('',(10.65,-0.65,1.));
#9326 = VECTOR('',#9327,1.);
#9327 = DIRECTION('',(0.,0.,-1.));
#9328 = PLANE('',#9329);
#9329 = AXIS2_PLACEMENT_3D('',#9330,#9331,#9332);
#9330 = CARTESIAN_POINT('',(10.5,-0.65,1.));
#9331 = DIRECTION('',(0.,-1.,0.));
#9332 = DIRECTION('',(0.,0.,1.));
#9333 = ADVANCED_FACE('',(#9334),#9345,.F.);
#9334 = FACE_BOUND('',#9335,.T.);
#9335 = EDGE_LOOP('',(#9336,#9337,#9338,#9339));
#9336 = ORIENTED_EDGE('',*,*,#6551,.F.);
#9337 = ORIENTED_EDGE('',*,*,#9323,.F.);
#9338 = ORIENTED_EDGE('',*,*,#5077,.T.);
#9339 = ORIENTED_EDGE('',*,*,#9340,.T.);
#9340 = EDGE_CURVE('',#5070,#6552,#9341,.T.);
#9341 = LINE('',#9342,#9343);
#9342 = CARTESIAN_POINT('',(10.65,-0.35,1.));
#9343 = VECTOR('',#9344,1.);
#9344 = DIRECTION('',(0.,0.,-1.));
#9345 = PLANE('',#9346);
#9346 = AXIS2_PLACEMENT_3D('',#9347,#9348,#9349);
#9347 = CARTESIAN_POINT('',(10.65,-0.5,1.));
#9348 = DIRECTION('',(1.,0.,0.));
#9349 = DIRECTION('',(0.,0.,-1.));
#9350 = ADVANCED_FACE('',(#9351),#9357,.T.);
#9351 = FACE_BOUND('',#9352,.T.);
#9352 = EDGE_LOOP('',(#9353,#9354,#9355,#9356));
#9353 = ORIENTED_EDGE('',*,*,#6559,.T.);
#9354 = ORIENTED_EDGE('',*,*,#9340,.F.);
#9355 = ORIENTED_EDGE('',*,*,#5069,.F.);
#9356 = ORIENTED_EDGE('',*,*,#9299,.T.);
#9357 = PLANE('',#9358);
#9358 = AXIS2_PLACEMENT_3D('',#9359,#9360,#9361);
#9359 = CARTESIAN_POINT('',(10.5,-0.35,1.));
#9360 = DIRECTION('',(0.,-1.,0.));
#9361 = DIRECTION('',(0.,0.,1.));
#9362 = ADVANCED_FACE('',(#9363),#9369,.T.);
#9363 = FACE_BOUND('',#9364,.T.);
#9364 = EDGE_LOOP('',(#9365,#9366,#9367,#9368));
#9365 = ORIENTED_EDGE('',*,*,#5504,.T.);
#9366 = ORIENTED_EDGE('',*,*,#9284,.F.);
#9367 = ORIENTED_EDGE('',*,*,#3973,.F.);
#9368 = ORIENTED_EDGE('',*,*,#9260,.T.);
#9369 = PLANE('',#9370);
#9370 = AXIS2_PLACEMENT_3D('',#9371,#9372,#9373);
#9371 = CARTESIAN_POINT('',(10.5,-1.,1.));
#9372 = DIRECTION('',(0.,-1.,0.));
#9373 = DIRECTION('',(0.,0.,1.));
#9374 = ADVANCED_FACE('',(#9375),#9386,.T.);
#9375 = FACE_BOUND('',#9376,.T.);
#9376 = EDGE_LOOP('',(#9377,#9378,#9379,#9380));
#9377 = ORIENTED_EDGE('',*,*,#5440,.F.);
#9378 = ORIENTED_EDGE('',*,*,#9165,.F.);
#9379 = ORIENTED_EDGE('',*,*,#4037,.T.);
#9380 = ORIENTED_EDGE('',*,*,#9381,.T.);
#9381 = EDGE_CURVE('',#4030,#5441,#9382,.T.);
#9382 = LINE('',#9383,#9384);
#9383 = CARTESIAN_POINT('',(11.2,1.,1.));
#9384 = VECTOR('',#9385,1.);
#9385 = DIRECTION('',(0.,0.,-1.));
#9386 = PLANE('',#9387);
#9387 = AXIS2_PLACEMENT_3D('',#9388,#9389,#9390);
#9388 = CARTESIAN_POINT('',(11.1,0.9,1.));
#9389 = DIRECTION('',(-0.707106781187,0.707106781187,0.));
#9390 = DIRECTION('',(-0.707106781187,-0.707106781187,0.));
#9391 = ADVANCED_FACE('',(#9392),#9408,.T.);
#9392 = FACE_BOUND('',#9393,.T.);
#9393 = EDGE_LOOP('',(#9394,#9395,#9401,#9402));
#9394 = ORIENTED_EDGE('',*,*,#5464,.F.);
#9395 = ORIENTED_EDGE('',*,*,#9396,.F.);
#9396 = EDGE_CURVE('',#4014,#5457,#9397,.T.);
#9397 = LINE('',#9398,#9399);
#9398 = CARTESIAN_POINT('',(12.,0.8,1.));
#9399 = VECTOR('',#9400,1.);
#9400 = DIRECTION('',(0.,0.,-1.));
#9401 = ORIENTED_EDGE('',*,*,#4013,.T.);
#9402 = ORIENTED_EDGE('',*,*,#9403,.T.);
#9403 = EDGE_CURVE('',#4006,#5465,#9404,.T.);
#9404 = LINE('',#9405,#9406);
#9405 = CARTESIAN_POINT('',(12.,-0.8,1.));
#9406 = VECTOR('',#9407,1.);
#9407 = DIRECTION('',(0.,0.,-1.));
#9408 = PLANE('',#9409);
#9409 = AXIS2_PLACEMENT_3D('',#9410,#9411,#9412);
#9410 = CARTESIAN_POINT('',(12.,0.4,1.));
#9411 = DIRECTION('',(1.,1.836970198721E-16,0.));
#9412 = DIRECTION('',(-1.836970198721E-16,1.,0.));
#9413 = ADVANCED_FACE('',(#9414),#9425,.T.);
#9414 = FACE_BOUND('',#9415,.T.);
#9415 = EDGE_LOOP('',(#9416,#9417,#9423,#9424));
#9416 = ORIENTED_EDGE('',*,*,#5456,.F.);
#9417 = ORIENTED_EDGE('',*,*,#9418,.F.);
#9418 = EDGE_CURVE('',#4022,#5449,#9419,.T.);
#9419 = LINE('',#9420,#9421);
#9420 = CARTESIAN_POINT('',(11.8,1.,1.));
#9421 = VECTOR('',#9422,1.);
#9422 = DIRECTION('',(0.,0.,-1.));
#9423 = ORIENTED_EDGE('',*,*,#4021,.T.);
#9424 = ORIENTED_EDGE('',*,*,#9396,.T.);
#9425 = PLANE('',#9426);
#9426 = AXIS2_PLACEMENT_3D('',#9427,#9428,#9429);
#9427 = CARTESIAN_POINT('',(11.9,0.9,1.));
#9428 = DIRECTION('',(0.707106781187,0.707106781187,0.));
#9429 = DIRECTION('',(-0.707106781187,0.707106781187,0.));
#9430 = ADVANCED_FACE('',(#9431),#9447,.T.);
#9431 = FACE_BOUND('',#9432,.T.);
#9432 = EDGE_LOOP('',(#9433,#9434,#9440,#9441));
#9433 = ORIENTED_EDGE('',*,*,#6567,.F.);
#9434 = ORIENTED_EDGE('',*,*,#9435,.F.);
#9435 = EDGE_CURVE('',#5094,#6568,#9436,.T.);
#9436 = LINE('',#9437,#9438);
#9437 = CARTESIAN_POINT('',(11.35,0.65,1.));
#9438 = VECTOR('',#9439,1.);
#9439 = DIRECTION('',(0.,0.,-1.));
#9440 = ORIENTED_EDGE('',*,*,#5093,.T.);
#9441 = ORIENTED_EDGE('',*,*,#9442,.T.);
#9442 = EDGE_CURVE('',#5096,#6570,#9443,.T.);
#9443 = LINE('',#9444,#9445);
#9444 = CARTESIAN_POINT('',(11.35,0.35,1.));
#9445 = VECTOR('',#9446,1.);
#9446 = DIRECTION('',(0.,0.,-1.));
#9447 = PLANE('',#9448);
#9448 = AXIS2_PLACEMENT_3D('',#9449,#9450,#9451);
#9449 = CARTESIAN_POINT('',(11.35,0.5,1.));
#9450 = DIRECTION('',(1.,0.,0.));
#9451 = DIRECTION('',(0.,0.,-1.));
#9452 = ADVANCED_FACE('',(#9453),#9464,.F.);
#9453 = FACE_BOUND('',#9454,.T.);
#9454 = EDGE_LOOP('',(#9455,#9456,#9462,#9463));
#9455 = ORIENTED_EDGE('',*,*,#6593,.T.);
#9456 = ORIENTED_EDGE('',*,*,#9457,.F.);
#9457 = EDGE_CURVE('',#5104,#6586,#9458,.T.);
#9458 = LINE('',#9459,#9460);
#9459 = CARTESIAN_POINT('',(11.65,0.65,1.));
#9460 = VECTOR('',#9461,1.);
#9461 = DIRECTION('',(0.,0.,-1.));
#9462 = ORIENTED_EDGE('',*,*,#5103,.F.);
#9463 = ORIENTED_EDGE('',*,*,#9435,.T.);
#9464 = PLANE('',#9465);
#9465 = AXIS2_PLACEMENT_3D('',#9466,#9467,#9468);
#9466 = CARTESIAN_POINT('',(11.5,0.65,1.));
#9467 = DIRECTION('',(0.,1.,0.));
#9468 = DIRECTION('',(0.,-0.,1.));
#9469 = ADVANCED_FACE('',(#9470),#9481,.F.);
#9470 = FACE_BOUND('',#9471,.T.);
#9471 = EDGE_LOOP('',(#9472,#9473,#9479,#9480));
#9472 = ORIENTED_EDGE('',*,*,#6585,.T.);
#9473 = ORIENTED_EDGE('',*,*,#9474,.F.);
#9474 = EDGE_CURVE('',#5112,#6578,#9475,.T.);
#9475 = LINE('',#9476,#9477);
#9476 = CARTESIAN_POINT('',(11.65,0.35,1.));
#9477 = VECTOR('',#9478,1.);
#9478 = DIRECTION('',(0.,0.,-1.));
#9479 = ORIENTED_EDGE('',*,*,#5111,.F.);
#9480 = ORIENTED_EDGE('',*,*,#9457,.T.);
#9481 = PLANE('',#9482);
#9482 = AXIS2_PLACEMENT_3D('',#9483,#9484,#9485);
#9483 = CARTESIAN_POINT('',(11.65,0.5,1.));
#9484 = DIRECTION('',(1.,0.,0.));
#9485 = DIRECTION('',(0.,0.,-1.));
#9486 = ADVANCED_FACE('',(#9487),#9493,.T.);
#9487 = FACE_BOUND('',#9488,.T.);
#9488 = EDGE_LOOP('',(#9489,#9490,#9491,#9492));
#9489 = ORIENTED_EDGE('',*,*,#6577,.F.);
#9490 = ORIENTED_EDGE('',*,*,#9442,.F.);
#9491 = ORIENTED_EDGE('',*,*,#5119,.T.);
#9492 = ORIENTED_EDGE('',*,*,#9474,.T.);
#9493 = PLANE('',#9494);
#9494 = AXIS2_PLACEMENT_3D('',#9495,#9496,#9497);
#9495 = CARTESIAN_POINT('',(11.5,0.35,1.));
#9496 = DIRECTION('',(0.,1.,0.));
#9497 = DIRECTION('',(0.,-0.,1.));
#9498 = ADVANCED_FACE('',(#9499),#9505,.T.);
#9499 = FACE_BOUND('',#9500,.T.);
#9500 = EDGE_LOOP('',(#9501,#9502,#9503,#9504));
#9501 = ORIENTED_EDGE('',*,*,#5448,.F.);
#9502 = ORIENTED_EDGE('',*,*,#9381,.F.);
#9503 = ORIENTED_EDGE('',*,*,#4029,.T.);
#9504 = ORIENTED_EDGE('',*,*,#9418,.T.);
#9505 = PLANE('',#9506);
#9506 = AXIS2_PLACEMENT_3D('',#9507,#9508,#9509);
#9507 = CARTESIAN_POINT('',(11.5,1.,1.));
#9508 = DIRECTION('',(0.,1.,0.));
#9509 = DIRECTION('',(0.,-0.,1.));
#9510 = ADVANCED_FACE('',(#9511),#9522,.T.);
#9511 = FACE_BOUND('',#9512,.T.);
#9512 = EDGE_LOOP('',(#9513,#9514,#9520,#9521));
#9513 = ORIENTED_EDGE('',*,*,#5488,.T.);
#9514 = ORIENTED_EDGE('',*,*,#9515,.F.);
#9515 = EDGE_CURVE('',#3990,#5481,#9516,.T.);
#9516 = LINE('',#9517,#9518);
#9517 = CARTESIAN_POINT('',(11.2,-1.,1.));
#9518 = VECTOR('',#9519,1.);
#9519 = DIRECTION('',(0.,0.,-1.));
#9520 = ORIENTED_EDGE('',*,*,#3989,.F.);
#9521 = ORIENTED_EDGE('',*,*,#9277,.T.);
#9522 = PLANE('',#9523);
#9523 = AXIS2_PLACEMENT_3D('',#9524,#9525,#9526);
#9524 = CARTESIAN_POINT('',(11.1,-0.9,1.));
#9525 = DIRECTION('',(-0.707106781187,-0.707106781187,0.));
#9526 = DIRECTION('',(-0.707106781187,0.707106781187,0.));
#9527 = ADVANCED_FACE('',(#9528),#9539,.T.);
#9528 = FACE_BOUND('',#9529,.T.);
#9529 = EDGE_LOOP('',(#9530,#9531,#9532,#9533));
#9530 = ORIENTED_EDGE('',*,*,#5472,.T.);
#9531 = ORIENTED_EDGE('',*,*,#9403,.F.);
#9532 = ORIENTED_EDGE('',*,*,#4005,.F.);
#9533 = ORIENTED_EDGE('',*,*,#9534,.T.);
#9534 = EDGE_CURVE('',#3998,#5473,#9535,.T.);
#9535 = LINE('',#9536,#9537);
#9536 = CARTESIAN_POINT('',(11.8,-1.,1.));
#9537 = VECTOR('',#9538,1.);
#9538 = DIRECTION('',(0.,0.,-1.));
#9539 = PLANE('',#9540);
#9540 = AXIS2_PLACEMENT_3D('',#9541,#9542,#9543);
#9541 = CARTESIAN_POINT('',(11.9,-0.9,1.));
#9542 = DIRECTION('',(0.707106781187,-0.707106781187,0.));
#9543 = DIRECTION('',(-0.707106781187,-0.707106781187,0.));
#9544 = ADVANCED_FACE('',(#9545),#9561,.T.);
#9545 = FACE_BOUND('',#9546,.T.);
#9546 = EDGE_LOOP('',(#9547,#9548,#9554,#9555));
#9547 = ORIENTED_EDGE('',*,*,#6601,.T.);
#9548 = ORIENTED_EDGE('',*,*,#9549,.F.);
#9549 = EDGE_CURVE('',#5130,#6604,#9550,.T.);
#9550 = LINE('',#9551,#9552);
#9551 = CARTESIAN_POINT('',(11.35,-0.35,1.));
#9552 = VECTOR('',#9553,1.);
#9553 = DIRECTION('',(0.,0.,-1.));
#9554 = ORIENTED_EDGE('',*,*,#5127,.F.);
#9555 = ORIENTED_EDGE('',*,*,#9556,.T.);
#9556 = EDGE_CURVE('',#5128,#6602,#9557,.T.);
#9557 = LINE('',#9558,#9559);
#9558 = CARTESIAN_POINT('',(11.35,-0.65,1.));
#9559 = VECTOR('',#9560,1.);
#9560 = DIRECTION('',(0.,0.,-1.));
#9561 = PLANE('',#9562);
#9562 = AXIS2_PLACEMENT_3D('',#9563,#9564,#9565);
#9563 = CARTESIAN_POINT('',(11.35,-0.5,1.));
#9564 = DIRECTION('',(1.,0.,0.));
#9565 = DIRECTION('',(0.,0.,-1.));
#9566 = ADVANCED_FACE('',(#9567),#9578,.F.);
#9567 = FACE_BOUND('',#9568,.T.);
#9568 = EDGE_LOOP('',(#9569,#9570,#9571,#9572));
#9569 = ORIENTED_EDGE('',*,*,#6611,.F.);
#9570 = ORIENTED_EDGE('',*,*,#9556,.F.);
#9571 = ORIENTED_EDGE('',*,*,#5153,.T.);
#9572 = ORIENTED_EDGE('',*,*,#9573,.T.);
#9573 = EDGE_CURVE('',#5146,#6612,#9574,.T.);
#9574 = LINE('',#9575,#9576);
#9575 = CARTESIAN_POINT('',(11.65,-0.65,1.));
#9576 = VECTOR('',#9577,1.);
#9577 = DIRECTION('',(0.,0.,-1.));
#9578 = PLANE('',#9579);
#9579 = AXIS2_PLACEMENT_3D('',#9580,#9581,#9582);
#9580 = CARTESIAN_POINT('',(11.5,-0.65,1.));
#9581 = DIRECTION('',(0.,-1.,0.));
#9582 = DIRECTION('',(0.,0.,1.));
#9583 = ADVANCED_FACE('',(#9584),#9595,.F.);
#9584 = FACE_BOUND('',#9585,.T.);
#9585 = EDGE_LOOP('',(#9586,#9587,#9588,#9589));
#9586 = ORIENTED_EDGE('',*,*,#6619,.F.);
#9587 = ORIENTED_EDGE('',*,*,#9573,.F.);
#9588 = ORIENTED_EDGE('',*,*,#5145,.T.);
#9589 = ORIENTED_EDGE('',*,*,#9590,.T.);
#9590 = EDGE_CURVE('',#5138,#6620,#9591,.T.);
#9591 = LINE('',#9592,#9593);
#9592 = CARTESIAN_POINT('',(11.65,-0.35,1.));
#9593 = VECTOR('',#9594,1.);
#9594 = DIRECTION('',(0.,0.,-1.));
#9595 = PLANE('',#9596);
#9596 = AXIS2_PLACEMENT_3D('',#9597,#9598,#9599);
#9597 = CARTESIAN_POINT('',(11.65,-0.5,1.));
#9598 = DIRECTION('',(1.,0.,0.));
#9599 = DIRECTION('',(0.,0.,-1.));
#9600 = ADVANCED_FACE('',(#9601),#9607,.T.);
#9601 = FACE_BOUND('',#9602,.T.);
#9602 = EDGE_LOOP('',(#9603,#9604,#9605,#9606));
#9603 = ORIENTED_EDGE('',*,*,#6627,.T.);
#9604 = ORIENTED_EDGE('',*,*,#9590,.F.);
#9605 = ORIENTED_EDGE('',*,*,#5137,.F.);
#9606 = ORIENTED_EDGE('',*,*,#9549,.T.);
#9607 = PLANE('',#9608);
#9608 = AXIS2_PLACEMENT_3D('',#9609,#9610,#9611);
#9609 = CARTESIAN_POINT('',(11.5,-0.35,1.));
#9610 = DIRECTION('',(0.,-1.,0.));
#9611 = DIRECTION('',(0.,0.,1.));
#9612 = ADVANCED_FACE('',(#9613),#9619,.T.);
#9613 = FACE_BOUND('',#9614,.T.);
#9614 = EDGE_LOOP('',(#9615,#9616,#9617,#9618));
#9615 = ORIENTED_EDGE('',*,*,#5480,.T.);
#9616 = ORIENTED_EDGE('',*,*,#9534,.F.);
#9617 = ORIENTED_EDGE('',*,*,#3997,.F.);
#9618 = ORIENTED_EDGE('',*,*,#9515,.T.);
#9619 = PLANE('',#9620);
#9620 = AXIS2_PLACEMENT_3D('',#9621,#9622,#9623);
#9621 = CARTESIAN_POINT('',(11.5,-1.,1.));
#9622 = DIRECTION('',(0.,-1.,0.));
#9623 = DIRECTION('',(0.,0.,1.));
#9624 = ( GEOMETRIC_REPRESENTATION_CONTEXT(3) 
GLOBAL_UNCERTAINTY_ASSIGNED_CONTEXT((#9628)) 
GLOBAL_UNIT_ASSIGNED_CONTEXT((#9625,#9626,#9627)) REPRESENTATION_CONTEXT
('Context #1','3D Context with UNIT and UNCERTAINTY') );
#9625 = ( LENGTH_UNIT() NAMED_UNIT(*) SI_UNIT(.MILLI.,.METRE.) );
#9626 = ( NAMED_UNIT(*) PLANE_ANGLE_UNIT() SI_UNIT($,.RADIAN.) );
#9627 = ( NAMED_UNIT(*) SI_UNIT($,.STERADIAN.) SOLID_ANGLE_UNIT() );
#9628 = UNCERTAINTY_MEASURE_WITH_UNIT(LENGTH_MEASURE(1.E-07),#9625,
  'distance_accuracy_value','confusion accuracy');
#9629 = CONTEXT_DEPENDENT_SHAPE_REPRESENTATION(#9630,#9632);
#9630 = ( REPRESENTATION_RELATIONSHIP('','',#3429,#817) 
REPRESENTATION_RELATIONSHIP_WITH_TRANSFORMATION(#9631) 
SHAPE_REPRESENTATION_RELATIONSHIP() );
#9631 = ITEM_DEFINED_TRANSFORMATION('','',#11,#838);
#9632 = PRODUCT_DEFINITION_SHAPE('Placement','Placement of an item',
  #9633);
#9633 = NEXT_ASSEMBLY_USAGE_OCCURRENCE('84','=>[0:1:1:9]','',#812,#3424,
  $);
#9634 = PRODUCT_RELATED_PRODUCT_CATEGORY('part',$,(#3426));
#9635 = SHAPE_DEFINITION_REPRESENTATION(#9636,#9642);
#9636 = PRODUCT_DEFINITION_SHAPE('','',#9637);
#9637 = PRODUCT_DEFINITION('design','',#9638,#9641);
#9638 = PRODUCT_DEFINITION_FORMATION('','',#9639);
#9639 = PRODUCT('Part 21','Part 21','',(#9640));
#9640 = PRODUCT_CONTEXT('',#2,'mechanical');
#9641 = PRODUCT_DEFINITION_CONTEXT('part definition',#2,'design');
#9642 = ADVANCED_BREP_SHAPE_REPRESENTATION('',(#11,#9643),#10121);
#9643 = MANIFOLD_SOLID_BREP('',#9644);
#9644 = CLOSED_SHELL('',(#9645,#9719,#9750,#9775,#9799,#9839,#9870,#9895
    ,#9919,#9959,#9985,#10007,#10024,#10041,#10053,#10075,#10092,#10109)
  );
#9645 = ADVANCED_FACE('',(#9646),#9714,.F.);
#9646 = FACE_BOUND('',#9647,.T.);
#9647 = EDGE_LOOP('',(#9648,#9658,#9667,#9675,#9683,#9691,#9700,#9708));
#9648 = ORIENTED_EDGE('',*,*,#9649,.F.);
#9649 = EDGE_CURVE('',#9650,#9652,#9654,.T.);
#9650 = VERTEX_POINT('',#9651);
#9651 = CARTESIAN_POINT('',(8.35,-0.35,5.E-02));
#9652 = VERTEX_POINT('',#9653);
#9653 = CARTESIAN_POINT('',(8.35,-0.35,2.9));
#9654 = LINE('',#9655,#9656);
#9655 = CARTESIAN_POINT('',(8.35,-0.35,1.525));
#9656 = VECTOR('',#9657,1.);
#9657 = DIRECTION('',(0.,-5.512892402469E-17,1.));
#9658 = ORIENTED_EDGE('',*,*,#9659,.T.);
#9659 = EDGE_CURVE('',#9650,#9660,#9662,.T.);
#9660 = VERTEX_POINT('',#9661);
#9661 = CARTESIAN_POINT('',(8.35,-0.8,-0.4));
#9662 = CIRCLE('',#9663,0.45);
#9663 = AXIS2_PLACEMENT_3D('',#9664,#9665,#9666);
#9664 = CARTESIAN_POINT('',(8.35,-0.8,5.E-02));
#9665 = DIRECTION('',(-1.,0.,0.));
#9666 = DIRECTION('',(0.,0.,-1.));
#9667 = ORIENTED_EDGE('',*,*,#9668,.F.);
#9668 = EDGE_CURVE('',#9669,#9660,#9671,.T.);
#9669 = VERTEX_POINT('',#9670);
#9670 = CARTESIAN_POINT('',(8.35,-2.4,-0.4));
#9671 = LINE('',#9672,#9673);
#9672 = CARTESIAN_POINT('',(8.35,-1.65,-0.4));
#9673 = VECTOR('',#9674,1.);
#9674 = DIRECTION('',(0.,1.,1.27553196763E-16));
#9675 = ORIENTED_EDGE('',*,*,#9676,.F.);
#9676 = EDGE_CURVE('',#9677,#9669,#9679,.T.);
#9677 = VERTEX_POINT('',#9678);
#9678 = CARTESIAN_POINT('',(8.35,-2.4,-0.1));
#9679 = LINE('',#9680,#9681);
#9680 = CARTESIAN_POINT('',(8.35,-2.4,-0.4));
#9681 = VECTOR('',#9682,1.);
#9682 = DIRECTION('',(0.,0.,-1.));
#9683 = ORIENTED_EDGE('',*,*,#9684,.F.);
#9684 = EDGE_CURVE('',#9685,#9677,#9687,.T.);
#9685 = VERTEX_POINT('',#9686);
#9686 = CARTESIAN_POINT('',(8.35,-0.8,-0.1));
#9687 = LINE('',#9688,#9689);
#9688 = CARTESIAN_POINT('',(8.35,-1.65,-0.1));
#9689 = VECTOR('',#9690,1.);
#9690 = DIRECTION('',(0.,-1.,0.));
#9691 = ORIENTED_EDGE('',*,*,#9692,.F.);
#9692 = EDGE_CURVE('',#9693,#9685,#9695,.T.);
#9693 = VERTEX_POINT('',#9694);
#9694 = CARTESIAN_POINT('',(8.35,-0.65,5.E-02));
#9695 = CIRCLE('',#9696,0.15);
#9696 = AXIS2_PLACEMENT_3D('',#9697,#9698,#9699);
#9697 = CARTESIAN_POINT('',(8.35,-0.8,5.E-02));
#9698 = DIRECTION('',(-1.,0.,0.));
#9699 = DIRECTION('',(0.,0.,-1.));
#9700 = ORIENTED_EDGE('',*,*,#9701,.F.);
#9701 = EDGE_CURVE('',#9702,#9693,#9704,.T.);
#9702 = VERTEX_POINT('',#9703);
#9703 = CARTESIAN_POINT('',(8.35,-0.65,2.9));
#9704 = LINE('',#9705,#9706);
#9705 = CARTESIAN_POINT('',(8.35,-0.65,1.525));
#9706 = VECTOR('',#9707,1.);
#9707 = DIRECTION('',(0.,1.837630800823E-16,-1.));
#9708 = ORIENTED_EDGE('',*,*,#9709,.F.);
#9709 = EDGE_CURVE('',#9652,#9702,#9710,.T.);
#9710 = LINE('',#9711,#9712);
#9711 = CARTESIAN_POINT('',(8.35,-0.65,2.9));
#9712 = VECTOR('',#9713,1.);
#9713 = DIRECTION('',(0.,-1.,0.));
#9714 = PLANE('',#9715);
#9715 = AXIS2_PLACEMENT_3D('',#9716,#9717,#9718);
#9716 = CARTESIAN_POINT('',(8.35,-0.5,1.));
#9717 = DIRECTION('',(1.,0.,0.));
#9718 = DIRECTION('',(0.,0.,-1.));
#9719 = ADVANCED_FACE('',(#9720),#9745,.T.);
#9720 = FACE_BOUND('',#9721,.T.);
#9721 = EDGE_LOOP('',(#9722,#9723,#9731,#9739));
#9722 = ORIENTED_EDGE('',*,*,#9701,.T.);
#9723 = ORIENTED_EDGE('',*,*,#9724,.T.);
#9724 = EDGE_CURVE('',#9693,#9725,#9727,.T.);
#9725 = VERTEX_POINT('',#9726);
#9726 = CARTESIAN_POINT('',(8.65,-0.65,5.E-02));
#9727 = LINE('',#9728,#9729);
#9728 = CARTESIAN_POINT('',(8.348,-0.65,5.E-02));
#9729 = VECTOR('',#9730,1.);
#9730 = DIRECTION('',(1.,0.,0.));
#9731 = ORIENTED_EDGE('',*,*,#9732,.T.);
#9732 = EDGE_CURVE('',#9725,#9733,#9735,.T.);
#9733 = VERTEX_POINT('',#9734);
#9734 = CARTESIAN_POINT('',(8.65,-0.65,2.9));
#9735 = LINE('',#9736,#9737);
#9736 = CARTESIAN_POINT('',(8.65,-0.65,1.525));
#9737 = VECTOR('',#9738,1.);
#9738 = DIRECTION('',(0.,-1.837630800823E-16,1.));
#9739 = ORIENTED_EDGE('',*,*,#9740,.F.);
#9740 = EDGE_CURVE('',#9702,#9733,#9741,.T.);
#9741 = LINE('',#9742,#9743);
#9742 = CARTESIAN_POINT('',(8.348,-0.65,2.9));
#9743 = VECTOR('',#9744,1.);
#9744 = DIRECTION('',(1.,0.,0.));
#9745 = PLANE('',#9746);
#9746 = AXIS2_PLACEMENT_3D('',#9747,#9748,#9749);
#9747 = CARTESIAN_POINT('',(8.348,-0.65,1.525));
#9748 = DIRECTION('',(0.,-1.,-1.837630800823E-16));
#9749 = DIRECTION('',(0.,-1.837630800823E-16,1.));
#9750 = ADVANCED_FACE('',(#9751),#9770,.F.);
#9751 = FACE_BOUND('',#9752,.F.);
#9752 = EDGE_LOOP('',(#9753,#9754,#9763,#9769));
#9753 = ORIENTED_EDGE('',*,*,#9724,.T.);
#9754 = ORIENTED_EDGE('',*,*,#9755,.F.);
#9755 = EDGE_CURVE('',#9756,#9725,#9758,.T.);
#9756 = VERTEX_POINT('',#9757);
#9757 = CARTESIAN_POINT('',(8.65,-0.8,-0.1));
#9758 = CIRCLE('',#9759,0.15);
#9759 = AXIS2_PLACEMENT_3D('',#9760,#9761,#9762);
#9760 = CARTESIAN_POINT('',(8.65,-0.8,5.E-02));
#9761 = DIRECTION('',(1.,0.,-0.));
#9762 = DIRECTION('',(0.,0.,1.));
#9763 = ORIENTED_EDGE('',*,*,#9764,.F.);
#9764 = EDGE_CURVE('',#9685,#9756,#9765,.T.);
#9765 = LINE('',#9766,#9767);
#9766 = CARTESIAN_POINT('',(8.348,-0.8,-0.1));
#9767 = VECTOR('',#9768,1.);
#9768 = DIRECTION('',(1.,0.,0.));
#9769 = ORIENTED_EDGE('',*,*,#9692,.F.);
#9770 = CYLINDRICAL_SURFACE('',#9771,0.15);
#9771 = AXIS2_PLACEMENT_3D('',#9772,#9773,#9774);
#9772 = CARTESIAN_POINT('',(8.348,-0.8,5.E-02));
#9773 = DIRECTION('',(1.,0.,0.));
#9774 = DIRECTION('',(0.,0.,-1.));
#9775 = ADVANCED_FACE('',(#9776),#9794,.T.);
#9776 = FACE_BOUND('',#9777,.T.);
#9777 = EDGE_LOOP('',(#9778,#9786,#9787,#9788));
#9778 = ORIENTED_EDGE('',*,*,#9779,.T.);
#9779 = EDGE_CURVE('',#9780,#9756,#9782,.T.);
#9780 = VERTEX_POINT('',#9781);
#9781 = CARTESIAN_POINT('',(8.65,-2.4,-0.1));
#9782 = LINE('',#9783,#9784);
#9783 = CARTESIAN_POINT('',(8.65,-1.65,-0.1));
#9784 = VECTOR('',#9785,1.);
#9785 = DIRECTION('',(0.,1.,0.));
#9786 = ORIENTED_EDGE('',*,*,#9764,.F.);
#9787 = ORIENTED_EDGE('',*,*,#9684,.T.);
#9788 = ORIENTED_EDGE('',*,*,#9789,.F.);
#9789 = EDGE_CURVE('',#9780,#9677,#9790,.T.);
#9790 = LINE('',#9791,#9792);
#9791 = CARTESIAN_POINT('',(8.348,-2.4,-0.1));
#9792 = VECTOR('',#9793,1.);
#9793 = DIRECTION('',(-1.,0.,0.));
#9794 = PLANE('',#9795);
#9795 = AXIS2_PLACEMENT_3D('',#9796,#9797,#9798);
#9796 = CARTESIAN_POINT('',(8.348,-1.65,-0.1));
#9797 = DIRECTION('',(0.,0.,1.));
#9798 = DIRECTION('',(1.,0.,-0.));
#9799 = ADVANCED_FACE('',(#9800),#9834,.T.);
#9800 = FACE_BOUND('',#9801,.T.);
#9801 = EDGE_LOOP('',(#9802,#9812,#9820,#9828));
#9802 = ORIENTED_EDGE('',*,*,#9803,.F.);
#9803 = EDGE_CURVE('',#9804,#9806,#9808,.T.);
#9804 = VERTEX_POINT('',#9805);
#9805 = CARTESIAN_POINT('',(8.55,-2.5,-0.3));
#9806 = VERTEX_POINT('',#9807);
#9807 = CARTESIAN_POINT('',(8.45,-2.5,-0.3));
#9808 = LINE('',#9809,#9810);
#9809 = CARTESIAN_POINT('',(8.348,-2.5,-0.3));
#9810 = VECTOR('',#9811,1.);
#9811 = DIRECTION('',(-1.,0.,0.));
#9812 = ORIENTED_EDGE('',*,*,#9813,.F.);
#9813 = EDGE_CURVE('',#9814,#9804,#9816,.T.);
#9814 = VERTEX_POINT('',#9815);
#9815 = CARTESIAN_POINT('',(8.55,-2.5,-0.2));
#9816 = LINE('',#9817,#9818);
#9817 = CARTESIAN_POINT('',(8.55,-2.5,-0.4));
#9818 = VECTOR('',#9819,1.);
#9819 = DIRECTION('',(0.,0.,-1.));
#9820 = ORIENTED_EDGE('',*,*,#9821,.F.);
#9821 = EDGE_CURVE('',#9822,#9814,#9824,.T.);
#9822 = VERTEX_POINT('',#9823);
#9823 = CARTESIAN_POINT('',(8.45,-2.5,-0.2));
#9824 = LINE('',#9825,#9826);
#9825 = CARTESIAN_POINT('',(8.348,-2.5,-0.2));
#9826 = VECTOR('',#9827,1.);
#9827 = DIRECTION('',(1.,0.,0.));
#9828 = ORIENTED_EDGE('',*,*,#9829,.F.);
#9829 = EDGE_CURVE('',#9806,#9822,#9830,.T.);
#9830 = LINE('',#9831,#9832);
#9831 = CARTESIAN_POINT('',(8.45,-2.5,-0.1));
#9832 = VECTOR('',#9833,1.);
#9833 = DIRECTION('',(0.,0.,1.));
#9834 = PLANE('',#9835);
#9835 = AXIS2_PLACEMENT_3D('',#9836,#9837,#9838);
#9836 = CARTESIAN_POINT('',(8.348,-2.5,-0.25));
#9837 = DIRECTION('',(0.,-1.,0.));
#9838 = DIRECTION('',(0.,0.,1.));
#9839 = ADVANCED_FACE('',(#9840),#9865,.T.);
#9840 = FACE_BOUND('',#9841,.T.);
#9841 = EDGE_LOOP('',(#9842,#9843,#9851,#9859));
#9842 = ORIENTED_EDGE('',*,*,#9668,.T.);
#9843 = ORIENTED_EDGE('',*,*,#9844,.T.);
#9844 = EDGE_CURVE('',#9660,#9845,#9847,.T.);
#9845 = VERTEX_POINT('',#9846);
#9846 = CARTESIAN_POINT('',(8.65,-0.8,-0.4));
#9847 = LINE('',#9848,#9849);
#9848 = CARTESIAN_POINT('',(8.348,-0.8,-0.4));
#9849 = VECTOR('',#9850,1.);
#9850 = DIRECTION('',(1.,0.,0.));
#9851 = ORIENTED_EDGE('',*,*,#9852,.T.);
#9852 = EDGE_CURVE('',#9845,#9853,#9855,.T.);
#9853 = VERTEX_POINT('',#9854);
#9854 = CARTESIAN_POINT('',(8.65,-2.4,-0.4));
#9855 = LINE('',#9856,#9857);
#9856 = CARTESIAN_POINT('',(8.65,-1.65,-0.4));
#9857 = VECTOR('',#9858,1.);
#9858 = DIRECTION('',(0.,-1.,-1.27553196763E-16));
#9859 = ORIENTED_EDGE('',*,*,#9860,.F.);
#9860 = EDGE_CURVE('',#9669,#9853,#9861,.T.);
#9861 = LINE('',#9862,#9863);
#9862 = CARTESIAN_POINT('',(8.348,-2.4,-0.4));
#9863 = VECTOR('',#9864,1.);
#9864 = DIRECTION('',(1.,0.,0.));
#9865 = PLANE('',#9866);
#9866 = AXIS2_PLACEMENT_3D('',#9867,#9868,#9869);
#9867 = CARTESIAN_POINT('',(8.348,-1.65,-0.4));
#9868 = DIRECTION('',(0.,1.27553196763E-16,-1.));
#9869 = DIRECTION('',(0.,-1.,-1.27553196763E-16));
#9870 = ADVANCED_FACE('',(#9871),#9890,.T.);
#9871 = FACE_BOUND('',#9872,.T.);
#9872 = EDGE_LOOP('',(#9873,#9881,#9888,#9889));
#9873 = ORIENTED_EDGE('',*,*,#9874,.T.);
#9874 = EDGE_CURVE('',#9650,#9875,#9877,.T.);
#9875 = VERTEX_POINT('',#9876);
#9876 = CARTESIAN_POINT('',(8.65,-0.35,5.E-02));
#9877 = LINE('',#9878,#9879);
#9878 = CARTESIAN_POINT('',(8.348,-0.35,5.E-02));
#9879 = VECTOR('',#9880,1.);
#9880 = DIRECTION('',(1.,0.,0.));
#9881 = ORIENTED_EDGE('',*,*,#9882,.F.);
#9882 = EDGE_CURVE('',#9845,#9875,#9883,.T.);
#9883 = CIRCLE('',#9884,0.45);
#9884 = AXIS2_PLACEMENT_3D('',#9885,#9886,#9887);
#9885 = CARTESIAN_POINT('',(8.65,-0.8,5.E-02));
#9886 = DIRECTION('',(1.,0.,-0.));
#9887 = DIRECTION('',(0.,0.,1.));
#9888 = ORIENTED_EDGE('',*,*,#9844,.F.);
#9889 = ORIENTED_EDGE('',*,*,#9659,.F.);
#9890 = CYLINDRICAL_SURFACE('',#9891,0.45);
#9891 = AXIS2_PLACEMENT_3D('',#9892,#9893,#9894);
#9892 = CARTESIAN_POINT('',(8.348,-0.8,5.E-02));
#9893 = DIRECTION('',(1.,0.,0.));
#9894 = DIRECTION('',(0.,0.,-1.));
#9895 = ADVANCED_FACE('',(#9896),#9914,.T.);
#9896 = FACE_BOUND('',#9897,.T.);
#9897 = EDGE_LOOP('',(#9898,#9906,#9907,#9908));
#9898 = ORIENTED_EDGE('',*,*,#9899,.T.);
#9899 = EDGE_CURVE('',#9900,#9875,#9902,.T.);
#9900 = VERTEX_POINT('',#9901);
#9901 = CARTESIAN_POINT('',(8.65,-0.35,2.9));
#9902 = LINE('',#9903,#9904);
#9903 = CARTESIAN_POINT('',(8.65,-0.35,1.525));
#9904 = VECTOR('',#9905,1.);
#9905 = DIRECTION('',(0.,5.512892402469E-17,-1.));
#9906 = ORIENTED_EDGE('',*,*,#9874,.F.);
#9907 = ORIENTED_EDGE('',*,*,#9649,.T.);
#9908 = ORIENTED_EDGE('',*,*,#9909,.F.);
#9909 = EDGE_CURVE('',#9900,#9652,#9910,.T.);
#9910 = LINE('',#9911,#9912);
#9911 = CARTESIAN_POINT('',(8.348,-0.35,2.9));
#9912 = VECTOR('',#9913,1.);
#9913 = DIRECTION('',(-1.,0.,0.));
#9914 = PLANE('',#9915);
#9915 = AXIS2_PLACEMENT_3D('',#9916,#9917,#9918);
#9916 = CARTESIAN_POINT('',(8.348,-0.35,1.525));
#9917 = DIRECTION('',(0.,1.,5.512892402469E-17));
#9918 = DIRECTION('',(0.,5.512892402469E-17,-1.));
#9919 = ADVANCED_FACE('',(#9920),#9954,.T.);
#9920 = FACE_BOUND('',#9921,.T.);
#9921 = EDGE_LOOP('',(#9922,#9932,#9940,#9948));
#9922 = ORIENTED_EDGE('',*,*,#9923,.F.);
#9923 = EDGE_CURVE('',#9924,#9926,#9928,.T.);
#9924 = VERTEX_POINT('',#9925);
#9925 = CARTESIAN_POINT('',(8.55,-0.55,3.));
#9926 = VERTEX_POINT('',#9927);
#9927 = CARTESIAN_POINT('',(8.45,-0.55,3.));
#9928 = LINE('',#9929,#9930);
#9929 = CARTESIAN_POINT('',(8.348,-0.55,3.));
#9930 = VECTOR('',#9931,1.);
#9931 = DIRECTION('',(-1.,0.,0.));
#9932 = ORIENTED_EDGE('',*,*,#9933,.F.);
#9933 = EDGE_CURVE('',#9934,#9924,#9936,.T.);
#9934 = VERTEX_POINT('',#9935);
#9935 = CARTESIAN_POINT('',(8.55,-0.45,3.));
#9936 = LINE('',#9937,#9938);
#9937 = CARTESIAN_POINT('',(8.55,-0.65,3.));
#9938 = VECTOR('',#9939,1.);
#9939 = DIRECTION('',(0.,-1.,0.));
#9940 = ORIENTED_EDGE('',*,*,#9941,.F.);
#9941 = EDGE_CURVE('',#9942,#9934,#9944,.T.);
#9942 = VERTEX_POINT('',#9943);
#9943 = CARTESIAN_POINT('',(8.45,-0.45,3.));
#9944 = LINE('',#9945,#9946);
#9945 = CARTESIAN_POINT('',(8.348,-0.45,3.));
#9946 = VECTOR('',#9947,1.);
#9947 = DIRECTION('',(1.,0.,0.));
#9948 = ORIENTED_EDGE('',*,*,#9949,.F.);
#9949 = EDGE_CURVE('',#9926,#9942,#9950,.T.);
#9950 = LINE('',#9951,#9952);
#9951 = CARTESIAN_POINT('',(8.45,-0.35,3.));
#9952 = VECTOR('',#9953,1.);
#9953 = DIRECTION('',(0.,1.,0.));
#9954 = PLANE('',#9955);
#9955 = AXIS2_PLACEMENT_3D('',#9956,#9957,#9958);
#9956 = CARTESIAN_POINT('',(8.348,-0.5,3.));
#9957 = DIRECTION('',(0.,0.,1.));
#9958 = DIRECTION('',(1.,0.,-0.));
#9959 = ADVANCED_FACE('',(#9960),#9980,.F.);
#9960 = FACE_BOUND('',#9961,.T.);
#9961 = EDGE_LOOP('',(#9962,#9963,#9964,#9965,#9971,#9972,#9973,#9974));
#9962 = ORIENTED_EDGE('',*,*,#9732,.F.);
#9963 = ORIENTED_EDGE('',*,*,#9755,.F.);
#9964 = ORIENTED_EDGE('',*,*,#9779,.F.);
#9965 = ORIENTED_EDGE('',*,*,#9966,.F.);
#9966 = EDGE_CURVE('',#9853,#9780,#9967,.T.);
#9967 = LINE('',#9968,#9969);
#9968 = CARTESIAN_POINT('',(8.65,-2.4,-0.1));
#9969 = VECTOR('',#9970,1.);
#9970 = DIRECTION('',(0.,0.,1.));
#9971 = ORIENTED_EDGE('',*,*,#9852,.F.);
#9972 = ORIENTED_EDGE('',*,*,#9882,.T.);
#9973 = ORIENTED_EDGE('',*,*,#9899,.F.);
#9974 = ORIENTED_EDGE('',*,*,#9975,.F.);
#9975 = EDGE_CURVE('',#9733,#9900,#9976,.T.);
#9976 = LINE('',#9977,#9978);
#9977 = CARTESIAN_POINT('',(8.65,-0.35,2.9));
#9978 = VECTOR('',#9979,1.);
#9979 = DIRECTION('',(0.,1.,0.));
#9980 = PLANE('',#9981);
#9981 = AXIS2_PLACEMENT_3D('',#9982,#9983,#9984);
#9982 = CARTESIAN_POINT('',(8.65,-1.425,1.3));
#9983 = DIRECTION('',(-1.,0.,0.));
#9984 = DIRECTION('',(0.,1.,0.));
#9985 = ADVANCED_FACE('',(#9986),#10002,.T.);
#9986 = FACE_BOUND('',#9987,.T.);
#9987 = EDGE_LOOP('',(#9988,#9994,#9995,#10001));
#9988 = ORIENTED_EDGE('',*,*,#9989,.F.);
#9989 = EDGE_CURVE('',#9733,#9924,#9990,.T.);
#9990 = LINE('',#9991,#9992);
#9991 = CARTESIAN_POINT('',(8.549333333333,-0.549333333333,
    3.000666666667));
#9992 = VECTOR('',#9993,1.);
#9993 = DIRECTION('',(-0.57735026919,0.57735026919,0.57735026919));
#9994 = ORIENTED_EDGE('',*,*,#9975,.T.);
#9995 = ORIENTED_EDGE('',*,*,#9996,.T.);
#9996 = EDGE_CURVE('',#9900,#9934,#9997,.T.);
#9997 = LINE('',#9998,#9999);
#9998 = CARTESIAN_POINT('',(8.291666666667,-0.708333333333,
    3.258333333333));
#9999 = VECTOR('',#10000,1.);
#10000 = DIRECTION('',(-0.57735026919,-0.57735026919,0.57735026919));
#10001 = ORIENTED_EDGE('',*,*,#9933,.T.);
#10002 = PLANE('',#10003);
#10003 = AXIS2_PLACEMENT_3D('',#10004,#10005,#10006);
#10004 = CARTESIAN_POINT('',(8.65,-1.425,2.9));
#10005 = DIRECTION('',(0.707106781187,0.,0.707106781187));
#10006 = DIRECTION('',(0.,-1.,0.));
#10007 = ADVANCED_FACE('',(#10008),#10019,.F.);
#10008 = FACE_BOUND('',#10009,.T.);
#10009 = EDGE_LOOP('',(#10010,#10011,#10012,#10018));
#10010 = ORIENTED_EDGE('',*,*,#9996,.F.);
#10011 = ORIENTED_EDGE('',*,*,#9909,.T.);
#10012 = ORIENTED_EDGE('',*,*,#10013,.T.);
#10013 = EDGE_CURVE('',#9652,#9942,#10014,.T.);
#10014 = LINE('',#10015,#10016);
#10015 = CARTESIAN_POINT('',(8.416,-0.416,2.966));
#10016 = VECTOR('',#10017,1.);
#10017 = DIRECTION('',(0.57735026919,-0.57735026919,0.57735026919));
#10018 = ORIENTED_EDGE('',*,*,#9941,.T.);
#10019 = PLANE('',#10020);
#10020 = AXIS2_PLACEMENT_3D('',#10021,#10022,#10023);
#10021 = CARTESIAN_POINT('',(8.348,-0.45,3.));
#10022 = DIRECTION('',(0.,-0.707106781187,-0.707106781187));
#10023 = DIRECTION('',(1.,0.,0.));
#10024 = ADVANCED_FACE('',(#10025),#10036,.F.);
#10025 = FACE_BOUND('',#10026,.T.);
#10026 = EDGE_LOOP('',(#10027,#10028,#10029,#10035));
#10027 = ORIENTED_EDGE('',*,*,#9989,.T.);
#10028 = ORIENTED_EDGE('',*,*,#9923,.T.);
#10029 = ORIENTED_EDGE('',*,*,#10030,.T.);
#10030 = EDGE_CURVE('',#9926,#9702,#10031,.T.);
#10031 = LINE('',#10032,#10033);
#10032 = CARTESIAN_POINT('',(8.349333333333,-0.650666666667,
    2.899333333333));
#10033 = VECTOR('',#10034,1.);
#10034 = DIRECTION('',(-0.57735026919,-0.57735026919,-0.57735026919));
#10035 = ORIENTED_EDGE('',*,*,#9740,.T.);
#10036 = PLANE('',#10037);
#10037 = AXIS2_PLACEMENT_3D('',#10038,#10039,#10040);
#10038 = CARTESIAN_POINT('',(8.348,-0.65,2.9));
#10039 = DIRECTION('',(0.,0.707106781187,-0.707106781187));
#10040 = DIRECTION('',(1.,0.,0.));
#10041 = ADVANCED_FACE('',(#10042),#10048,.T.);
#10042 = FACE_BOUND('',#10043,.T.);
#10043 = EDGE_LOOP('',(#10044,#10045,#10046,#10047));
#10044 = ORIENTED_EDGE('',*,*,#10013,.F.);
#10045 = ORIENTED_EDGE('',*,*,#9709,.T.);
#10046 = ORIENTED_EDGE('',*,*,#10030,.F.);
#10047 = ORIENTED_EDGE('',*,*,#9949,.T.);
#10048 = PLANE('',#10049);
#10049 = AXIS2_PLACEMENT_3D('',#10050,#10051,#10052);
#10050 = CARTESIAN_POINT('',(8.35,-0.5,2.9));
#10051 = DIRECTION('',(-0.707106781187,0.,0.707106781187));
#10052 = DIRECTION('',(0.,1.,0.));
#10053 = ADVANCED_FACE('',(#10054),#10070,.T.);
#10054 = FACE_BOUND('',#10055,.T.);
#10055 = EDGE_LOOP('',(#10056,#10062,#10063,#10069));
#10056 = ORIENTED_EDGE('',*,*,#10057,.T.);
#10057 = EDGE_CURVE('',#9804,#9853,#10058,.T.);
#10058 = LINE('',#10059,#10060);
#10059 = CARTESIAN_POINT('',(8.083333333333,-2.966666666667,
    0.166666666667));
#10060 = VECTOR('',#10061,1.);
#10061 = DIRECTION('',(0.57735026919,0.57735026919,-0.57735026919));
#10062 = ORIENTED_EDGE('',*,*,#9966,.T.);
#10063 = ORIENTED_EDGE('',*,*,#10064,.F.);
#10064 = EDGE_CURVE('',#9814,#9780,#10065,.T.);
#10065 = LINE('',#10066,#10067);
#10066 = CARTESIAN_POINT('',(8.482666666667,-2.567333333333,
    -0.267333333333));
#10067 = VECTOR('',#10068,1.);
#10068 = DIRECTION('',(0.57735026919,0.57735026919,0.57735026919));
#10069 = ORIENTED_EDGE('',*,*,#9813,.T.);
#10070 = PLANE('',#10071);
#10071 = AXIS2_PLACEMENT_3D('',#10072,#10073,#10074);
#10072 = CARTESIAN_POINT('',(8.65,-2.4,1.3));
#10073 = DIRECTION('',(0.707106781187,-0.707106781187,0.));
#10074 = DIRECTION('',(0.,0.,-1.));
#10075 = ADVANCED_FACE('',(#10076),#10087,.F.);
#10076 = FACE_BOUND('',#10077,.T.);
#10077 = EDGE_LOOP('',(#10078,#10079,#10080,#10086));
#10078 = ORIENTED_EDGE('',*,*,#10064,.T.);
#10079 = ORIENTED_EDGE('',*,*,#9789,.T.);
#10080 = ORIENTED_EDGE('',*,*,#10081,.T.);
#10081 = EDGE_CURVE('',#9677,#9822,#10082,.T.);
#10082 = LINE('',#10083,#10084);
#10083 = CARTESIAN_POINT('',(8.416,-2.466,-0.166));
#10084 = VECTOR('',#10085,1.);
#10085 = DIRECTION('',(0.57735026919,-0.57735026919,-0.57735026919));
#10086 = ORIENTED_EDGE('',*,*,#9821,.T.);
#10087 = PLANE('',#10088);
#10088 = AXIS2_PLACEMENT_3D('',#10089,#10090,#10091);
#10089 = CARTESIAN_POINT('',(8.348,-2.5,-0.2));
#10090 = DIRECTION('',(0.,0.707106781187,-0.707106781187));
#10091 = DIRECTION('',(1.,0.,0.));
#10092 = ADVANCED_FACE('',(#10093),#10104,.F.);
#10093 = FACE_BOUND('',#10094,.T.);
#10094 = EDGE_LOOP('',(#10095,#10096,#10097,#10103));
#10095 = ORIENTED_EDGE('',*,*,#10057,.F.);
#10096 = ORIENTED_EDGE('',*,*,#9803,.T.);
#10097 = ORIENTED_EDGE('',*,*,#10098,.T.);
#10098 = EDGE_CURVE('',#9806,#9669,#10099,.T.);
#10099 = LINE('',#10100,#10101);
#10100 = CARTESIAN_POINT('',(8.349333333333,-2.399333333333,
    -0.400666666667));
#10101 = VECTOR('',#10102,1.);
#10102 = DIRECTION('',(-0.57735026919,0.57735026919,-0.57735026919));
#10103 = ORIENTED_EDGE('',*,*,#9860,.T.);
#10104 = PLANE('',#10105);
#10105 = AXIS2_PLACEMENT_3D('',#10106,#10107,#10108);
#10106 = CARTESIAN_POINT('',(8.348,-2.4,-0.4));
#10107 = DIRECTION('',(0.,0.707106781187,0.707106781187));
#10108 = DIRECTION('',(1.,0.,-0.));
#10109 = ADVANCED_FACE('',(#10110),#10116,.T.);
#10110 = FACE_BOUND('',#10111,.T.);
#10111 = EDGE_LOOP('',(#10112,#10113,#10114,#10115));
#10112 = ORIENTED_EDGE('',*,*,#10081,.F.);
#10113 = ORIENTED_EDGE('',*,*,#9676,.T.);
#10114 = ORIENTED_EDGE('',*,*,#10098,.F.);
#10115 = ORIENTED_EDGE('',*,*,#9829,.T.);
#10116 = PLANE('',#10117);
#10117 = AXIS2_PLACEMENT_3D('',#10118,#10119,#10120);
#10118 = CARTESIAN_POINT('',(8.35,-2.4,1.));
#10119 = DIRECTION('',(-0.707106781187,-0.707106781187,0.));
#10120 = DIRECTION('',(0.,0.,1.));
#10121 = ( GEOMETRIC_REPRESENTATION_CONTEXT(3) 
GLOBAL_UNCERTAINTY_ASSIGNED_CONTEXT((#10125)) 
GLOBAL_UNIT_ASSIGNED_CONTEXT((#10122,#10123,#10124)) 
REPRESENTATION_CONTEXT('Context #1',
  '3D Context with UNIT and UNCERTAINTY') );
#10122 = ( LENGTH_UNIT() NAMED_UNIT(*) SI_UNIT(.MILLI.,.METRE.) );
#10123 = ( NAMED_UNIT(*) PLANE_ANGLE_UNIT() SI_UNIT($,.RADIAN.) );
#10124 = ( NAMED_UNIT(*) SI_UNIT($,.STERADIAN.) SOLID_ANGLE_UNIT() );
#10125 = UNCERTAINTY_MEASURE_WITH_UNIT(LENGTH_MEASURE(1.E-07),#10122,
  'distance_accuracy_value','confusion accuracy');
#10126 = CONTEXT_DEPENDENT_SHAPE_REPRESENTATION(#10127,#10129);
#10127 = ( REPRESENTATION_RELATIONSHIP('','',#9642,#817) 
REPRESENTATION_RELATIONSHIP_WITH_TRANSFORMATION(#10128) 
SHAPE_REPRESENTATION_RELATIONSHIP() );
#10128 = ITEM_DEFINED_TRANSFORMATION('','',#11,#842);
#10129 = PRODUCT_DEFINITION_SHAPE('Placement','Placement of an item',
  #10130);
#10130 = NEXT_ASSEMBLY_USAGE_OCCURRENCE('85','=>[0:1:1:10]','',#812,
  #9637,$);
#10131 = PRODUCT_RELATED_PRODUCT_CATEGORY('part',$,(#9639));
#10132 = SHAPE_DEFINITION_REPRESENTATION(#10133,#10139);
#10133 = PRODUCT_DEFINITION_SHAPE('','',#10134);
#10134 = PRODUCT_DEFINITION('design','',#10135,#10138);
#10135 = PRODUCT_DEFINITION_FORMATION('','',#10136);
#10136 = PRODUCT('Part 17','Part 17','',(#10137));
#10137 = PRODUCT_CONTEXT('',#2,'mechanical');
#10138 = PRODUCT_DEFINITION_CONTEXT('part definition',#2,'design');
#10139 = ADVANCED_BREP_SHAPE_REPRESENTATION('',(#11,#10140),#10618);
#10140 = MANIFOLD_SOLID_BREP('',#10141);
#10141 = CLOSED_SHELL('',(#10142,#10216,#10247,#10272,#10296,#10336,
    #10367,#10392,#10416,#10456,#10482,#10504,#10521,#10538,#10550,
    #10572,#10589,#10606));
#10142 = ADVANCED_FACE('',(#10143),#10211,.F.);
#10143 = FACE_BOUND('',#10144,.T.);
#10144 = EDGE_LOOP('',(#10145,#10155,#10164,#10172,#10180,#10188,#10197,
    #10205));
#10145 = ORIENTED_EDGE('',*,*,#10146,.F.);
#10146 = EDGE_CURVE('',#10147,#10149,#10151,.T.);
#10147 = VERTEX_POINT('',#10148);
#10148 = CARTESIAN_POINT('',(6.35,-0.35,5.E-02));
#10149 = VERTEX_POINT('',#10150);
#10150 = CARTESIAN_POINT('',(6.35,-0.35,2.9));
#10151 = LINE('',#10152,#10153);
#10152 = CARTESIAN_POINT('',(6.35,-0.35,1.525));
#10153 = VECTOR('',#10154,1.);
#10154 = DIRECTION('',(0.,-5.512892402469E-17,1.));
#10155 = ORIENTED_EDGE('',*,*,#10156,.T.);
#10156 = EDGE_CURVE('',#10147,#10157,#10159,.T.);
#10157 = VERTEX_POINT('',#10158);
#10158 = CARTESIAN_POINT('',(6.35,-0.8,-0.4));
#10159 = CIRCLE('',#10160,0.45);
#10160 = AXIS2_PLACEMENT_3D('',#10161,#10162,#10163);
#10161 = CARTESIAN_POINT('',(6.35,-0.8,5.E-02));
#10162 = DIRECTION('',(-1.,0.,0.));
#10163 = DIRECTION('',(0.,0.,-1.));
#10164 = ORIENTED_EDGE('',*,*,#10165,.F.);
#10165 = EDGE_CURVE('',#10166,#10157,#10168,.T.);
#10166 = VERTEX_POINT('',#10167);
#10167 = CARTESIAN_POINT('',(6.35,-2.4,-0.4));
#10168 = LINE('',#10169,#10170);
#10169 = CARTESIAN_POINT('',(6.35,-1.65,-0.4));
#10170 = VECTOR('',#10171,1.);
#10171 = DIRECTION('',(0.,1.,1.27553196763E-16));
#10172 = ORIENTED_EDGE('',*,*,#10173,.F.);
#10173 = EDGE_CURVE('',#10174,#10166,#10176,.T.);
#10174 = VERTEX_POINT('',#10175);
#10175 = CARTESIAN_POINT('',(6.35,-2.4,-0.1));
#10176 = LINE('',#10177,#10178);
#10177 = CARTESIAN_POINT('',(6.35,-2.4,-0.4));
#10178 = VECTOR('',#10179,1.);
#10179 = DIRECTION('',(0.,0.,-1.));
#10180 = ORIENTED_EDGE('',*,*,#10181,.F.);
#10181 = EDGE_CURVE('',#10182,#10174,#10184,.T.);
#10182 = VERTEX_POINT('',#10183);
#10183 = CARTESIAN_POINT('',(6.35,-0.8,-0.1));
#10184 = LINE('',#10185,#10186);
#10185 = CARTESIAN_POINT('',(6.35,-1.65,-0.1));
#10186 = VECTOR('',#10187,1.);
#10187 = DIRECTION('',(0.,-1.,0.));
#10188 = ORIENTED_EDGE('',*,*,#10189,.F.);
#10189 = EDGE_CURVE('',#10190,#10182,#10192,.T.);
#10190 = VERTEX_POINT('',#10191);
#10191 = CARTESIAN_POINT('',(6.35,-0.65,5.E-02));
#10192 = CIRCLE('',#10193,0.15);
#10193 = AXIS2_PLACEMENT_3D('',#10194,#10195,#10196);
#10194 = CARTESIAN_POINT('',(6.35,-0.8,5.E-02));
#10195 = DIRECTION('',(-1.,0.,0.));
#10196 = DIRECTION('',(0.,0.,-1.));
#10197 = ORIENTED_EDGE('',*,*,#10198,.F.);
#10198 = EDGE_CURVE('',#10199,#10190,#10201,.T.);
#10199 = VERTEX_POINT('',#10200);
#10200 = CARTESIAN_POINT('',(6.35,-0.65,2.9));
#10201 = LINE('',#10202,#10203);
#10202 = CARTESIAN_POINT('',(6.35,-0.65,1.525));
#10203 = VECTOR('',#10204,1.);
#10204 = DIRECTION('',(0.,1.837630800823E-16,-1.));
#10205 = ORIENTED_EDGE('',*,*,#10206,.F.);
#10206 = EDGE_CURVE('',#10149,#10199,#10207,.T.);
#10207 = LINE('',#10208,#10209);
#10208 = CARTESIAN_POINT('',(6.35,-0.65,2.9));
#10209 = VECTOR('',#10210,1.);
#10210 = DIRECTION('',(0.,-1.,0.));
#10211 = PLANE('',#10212);
#10212 = AXIS2_PLACEMENT_3D('',#10213,#10214,#10215);
#10213 = CARTESIAN_POINT('',(6.35,-0.5,1.));
#10214 = DIRECTION('',(1.,0.,0.));
#10215 = DIRECTION('',(0.,0.,-1.));
#10216 = ADVANCED_FACE('',(#10217),#10242,.T.);
#10217 = FACE_BOUND('',#10218,.T.);
#10218 = EDGE_LOOP('',(#10219,#10220,#10228,#10236));
#10219 = ORIENTED_EDGE('',*,*,#10198,.T.);
#10220 = ORIENTED_EDGE('',*,*,#10221,.T.);
#10221 = EDGE_CURVE('',#10190,#10222,#10224,.T.);
#10222 = VERTEX_POINT('',#10223);
#10223 = CARTESIAN_POINT('',(6.65,-0.65,5.E-02));
#10224 = LINE('',#10225,#10226);
#10225 = CARTESIAN_POINT('',(6.348,-0.65,5.E-02));
#10226 = VECTOR('',#10227,1.);
#10227 = DIRECTION('',(1.,0.,0.));
#10228 = ORIENTED_EDGE('',*,*,#10229,.T.);
#10229 = EDGE_CURVE('',#10222,#10230,#10232,.T.);
#10230 = VERTEX_POINT('',#10231);
#10231 = CARTESIAN_POINT('',(6.65,-0.65,2.9));
#10232 = LINE('',#10233,#10234);
#10233 = CARTESIAN_POINT('',(6.65,-0.65,1.525));
#10234 = VECTOR('',#10235,1.);
#10235 = DIRECTION('',(0.,-1.837630800823E-16,1.));
#10236 = ORIENTED_EDGE('',*,*,#10237,.F.);
#10237 = EDGE_CURVE('',#10199,#10230,#10238,.T.);
#10238 = LINE('',#10239,#10240);
#10239 = CARTESIAN_POINT('',(6.348,-0.65,2.9));
#10240 = VECTOR('',#10241,1.);
#10241 = DIRECTION('',(1.,0.,0.));
#10242 = PLANE('',#10243);
#10243 = AXIS2_PLACEMENT_3D('',#10244,#10245,#10246);
#10244 = CARTESIAN_POINT('',(6.348,-0.65,1.525));
#10245 = DIRECTION('',(0.,-1.,-1.837630800823E-16));
#10246 = DIRECTION('',(0.,-1.837630800823E-16,1.));
#10247 = ADVANCED_FACE('',(#10248),#10267,.F.);
#10248 = FACE_BOUND('',#10249,.F.);
#10249 = EDGE_LOOP('',(#10250,#10251,#10260,#10266));
#10250 = ORIENTED_EDGE('',*,*,#10221,.T.);
#10251 = ORIENTED_EDGE('',*,*,#10252,.F.);
#10252 = EDGE_CURVE('',#10253,#10222,#10255,.T.);
#10253 = VERTEX_POINT('',#10254);
#10254 = CARTESIAN_POINT('',(6.65,-0.8,-0.1));
#10255 = CIRCLE('',#10256,0.15);
#10256 = AXIS2_PLACEMENT_3D('',#10257,#10258,#10259);
#10257 = CARTESIAN_POINT('',(6.65,-0.8,5.E-02));
#10258 = DIRECTION('',(1.,0.,-0.));
#10259 = DIRECTION('',(0.,0.,1.));
#10260 = ORIENTED_EDGE('',*,*,#10261,.F.);
#10261 = EDGE_CURVE('',#10182,#10253,#10262,.T.);
#10262 = LINE('',#10263,#10264);
#10263 = CARTESIAN_POINT('',(6.348,-0.8,-0.1));
#10264 = VECTOR('',#10265,1.);
#10265 = DIRECTION('',(1.,0.,0.));
#10266 = ORIENTED_EDGE('',*,*,#10189,.F.);
#10267 = CYLINDRICAL_SURFACE('',#10268,0.15);
#10268 = AXIS2_PLACEMENT_3D('',#10269,#10270,#10271);
#10269 = CARTESIAN_POINT('',(6.348,-0.8,5.E-02));
#10270 = DIRECTION('',(1.,0.,0.));
#10271 = DIRECTION('',(0.,0.,-1.));
#10272 = ADVANCED_FACE('',(#10273),#10291,.T.);
#10273 = FACE_BOUND('',#10274,.T.);
#10274 = EDGE_LOOP('',(#10275,#10283,#10284,#10285));
#10275 = ORIENTED_EDGE('',*,*,#10276,.T.);
#10276 = EDGE_CURVE('',#10277,#10253,#10279,.T.);
#10277 = VERTEX_POINT('',#10278);
#10278 = CARTESIAN_POINT('',(6.65,-2.4,-0.1));
#10279 = LINE('',#10280,#10281);
#10280 = CARTESIAN_POINT('',(6.65,-1.65,-0.1));
#10281 = VECTOR('',#10282,1.);
#10282 = DIRECTION('',(0.,1.,0.));
#10283 = ORIENTED_EDGE('',*,*,#10261,.F.);
#10284 = ORIENTED_EDGE('',*,*,#10181,.T.);
#10285 = ORIENTED_EDGE('',*,*,#10286,.F.);
#10286 = EDGE_CURVE('',#10277,#10174,#10287,.T.);
#10287 = LINE('',#10288,#10289);
#10288 = CARTESIAN_POINT('',(6.348,-2.4,-0.1));
#10289 = VECTOR('',#10290,1.);
#10290 = DIRECTION('',(-1.,0.,0.));
#10291 = PLANE('',#10292);
#10292 = AXIS2_PLACEMENT_3D('',#10293,#10294,#10295);
#10293 = CARTESIAN_POINT('',(6.348,-1.65,-0.1));
#10294 = DIRECTION('',(0.,0.,1.));
#10295 = DIRECTION('',(1.,0.,-0.));
#10296 = ADVANCED_FACE('',(#10297),#10331,.T.);
#10297 = FACE_BOUND('',#10298,.T.);
#10298 = EDGE_LOOP('',(#10299,#10309,#10317,#10325));
#10299 = ORIENTED_EDGE('',*,*,#10300,.F.);
#10300 = EDGE_CURVE('',#10301,#10303,#10305,.T.);
#10301 = VERTEX_POINT('',#10302);
#10302 = CARTESIAN_POINT('',(6.55,-2.5,-0.3));
#10303 = VERTEX_POINT('',#10304);
#10304 = CARTESIAN_POINT('',(6.45,-2.5,-0.3));
#10305 = LINE('',#10306,#10307);
#10306 = CARTESIAN_POINT('',(6.348,-2.5,-0.3));
#10307 = VECTOR('',#10308,1.);
#10308 = DIRECTION('',(-1.,0.,0.));
#10309 = ORIENTED_EDGE('',*,*,#10310,.F.);
#10310 = EDGE_CURVE('',#10311,#10301,#10313,.T.);
#10311 = VERTEX_POINT('',#10312);
#10312 = CARTESIAN_POINT('',(6.55,-2.5,-0.2));
#10313 = LINE('',#10314,#10315);
#10314 = CARTESIAN_POINT('',(6.55,-2.5,-0.4));
#10315 = VECTOR('',#10316,1.);
#10316 = DIRECTION('',(0.,0.,-1.));
#10317 = ORIENTED_EDGE('',*,*,#10318,.F.);
#10318 = EDGE_CURVE('',#10319,#10311,#10321,.T.);
#10319 = VERTEX_POINT('',#10320);
#10320 = CARTESIAN_POINT('',(6.45,-2.5,-0.2));
#10321 = LINE('',#10322,#10323);
#10322 = CARTESIAN_POINT('',(6.348,-2.5,-0.2));
#10323 = VECTOR('',#10324,1.);
#10324 = DIRECTION('',(1.,0.,0.));
#10325 = ORIENTED_EDGE('',*,*,#10326,.F.);
#10326 = EDGE_CURVE('',#10303,#10319,#10327,.T.);
#10327 = LINE('',#10328,#10329);
#10328 = CARTESIAN_POINT('',(6.45,-2.5,-0.1));
#10329 = VECTOR('',#10330,1.);
#10330 = DIRECTION('',(0.,0.,1.));
#10331 = PLANE('',#10332);
#10332 = AXIS2_PLACEMENT_3D('',#10333,#10334,#10335);
#10333 = CARTESIAN_POINT('',(6.348,-2.5,-0.25));
#10334 = DIRECTION('',(0.,-1.,0.));
#10335 = DIRECTION('',(0.,0.,1.));
#10336 = ADVANCED_FACE('',(#10337),#10362,.T.);
#10337 = FACE_BOUND('',#10338,.T.);
#10338 = EDGE_LOOP('',(#10339,#10340,#10348,#10356));
#10339 = ORIENTED_EDGE('',*,*,#10165,.T.);
#10340 = ORIENTED_EDGE('',*,*,#10341,.T.);
#10341 = EDGE_CURVE('',#10157,#10342,#10344,.T.);
#10342 = VERTEX_POINT('',#10343);
#10343 = CARTESIAN_POINT('',(6.65,-0.8,-0.4));
#10344 = LINE('',#10345,#10346);
#10345 = CARTESIAN_POINT('',(6.348,-0.8,-0.4));
#10346 = VECTOR('',#10347,1.);
#10347 = DIRECTION('',(1.,0.,0.));
#10348 = ORIENTED_EDGE('',*,*,#10349,.T.);
#10349 = EDGE_CURVE('',#10342,#10350,#10352,.T.);
#10350 = VERTEX_POINT('',#10351);
#10351 = CARTESIAN_POINT('',(6.65,-2.4,-0.4));
#10352 = LINE('',#10353,#10354);
#10353 = CARTESIAN_POINT('',(6.65,-1.65,-0.4));
#10354 = VECTOR('',#10355,1.);
#10355 = DIRECTION('',(0.,-1.,-1.27553196763E-16));
#10356 = ORIENTED_EDGE('',*,*,#10357,.F.);
#10357 = EDGE_CURVE('',#10166,#10350,#10358,.T.);
#10358 = LINE('',#10359,#10360);
#10359 = CARTESIAN_POINT('',(6.348,-2.4,-0.4));
#10360 = VECTOR('',#10361,1.);
#10361 = DIRECTION('',(1.,0.,0.));
#10362 = PLANE('',#10363);
#10363 = AXIS2_PLACEMENT_3D('',#10364,#10365,#10366);
#10364 = CARTESIAN_POINT('',(6.348,-1.65,-0.4));
#10365 = DIRECTION('',(0.,1.27553196763E-16,-1.));
#10366 = DIRECTION('',(0.,-1.,-1.27553196763E-16));
#10367 = ADVANCED_FACE('',(#10368),#10387,.T.);
#10368 = FACE_BOUND('',#10369,.T.);
#10369 = EDGE_LOOP('',(#10370,#10378,#10385,#10386));
#10370 = ORIENTED_EDGE('',*,*,#10371,.T.);
#10371 = EDGE_CURVE('',#10147,#10372,#10374,.T.);
#10372 = VERTEX_POINT('',#10373);
#10373 = CARTESIAN_POINT('',(6.65,-0.35,5.E-02));
#10374 = LINE('',#10375,#10376);
#10375 = CARTESIAN_POINT('',(6.348,-0.35,5.E-02));
#10376 = VECTOR('',#10377,1.);
#10377 = DIRECTION('',(1.,0.,0.));
#10378 = ORIENTED_EDGE('',*,*,#10379,.F.);
#10379 = EDGE_CURVE('',#10342,#10372,#10380,.T.);
#10380 = CIRCLE('',#10381,0.45);
#10381 = AXIS2_PLACEMENT_3D('',#10382,#10383,#10384);
#10382 = CARTESIAN_POINT('',(6.65,-0.8,5.E-02));
#10383 = DIRECTION('',(1.,0.,-0.));
#10384 = DIRECTION('',(0.,0.,1.));
#10385 = ORIENTED_EDGE('',*,*,#10341,.F.);
#10386 = ORIENTED_EDGE('',*,*,#10156,.F.);
#10387 = CYLINDRICAL_SURFACE('',#10388,0.45);
#10388 = AXIS2_PLACEMENT_3D('',#10389,#10390,#10391);
#10389 = CARTESIAN_POINT('',(6.348,-0.8,5.E-02));
#10390 = DIRECTION('',(1.,0.,0.));
#10391 = DIRECTION('',(0.,0.,-1.));
#10392 = ADVANCED_FACE('',(#10393),#10411,.T.);
#10393 = FACE_BOUND('',#10394,.T.);
#10394 = EDGE_LOOP('',(#10395,#10403,#10404,#10405));
#10395 = ORIENTED_EDGE('',*,*,#10396,.T.);
#10396 = EDGE_CURVE('',#10397,#10372,#10399,.T.);
#10397 = VERTEX_POINT('',#10398);
#10398 = CARTESIAN_POINT('',(6.65,-0.35,2.9));
#10399 = LINE('',#10400,#10401);
#10400 = CARTESIAN_POINT('',(6.65,-0.35,1.525));
#10401 = VECTOR('',#10402,1.);
#10402 = DIRECTION('',(0.,5.512892402469E-17,-1.));
#10403 = ORIENTED_EDGE('',*,*,#10371,.F.);
#10404 = ORIENTED_EDGE('',*,*,#10146,.T.);
#10405 = ORIENTED_EDGE('',*,*,#10406,.F.);
#10406 = EDGE_CURVE('',#10397,#10149,#10407,.T.);
#10407 = LINE('',#10408,#10409);
#10408 = CARTESIAN_POINT('',(6.348,-0.35,2.9));
#10409 = VECTOR('',#10410,1.);
#10410 = DIRECTION('',(-1.,0.,0.));
#10411 = PLANE('',#10412);
#10412 = AXIS2_PLACEMENT_3D('',#10413,#10414,#10415);
#10413 = CARTESIAN_POINT('',(6.348,-0.35,1.525));
#10414 = DIRECTION('',(0.,1.,5.512892402469E-17));
#10415 = DIRECTION('',(0.,5.512892402469E-17,-1.));
#10416 = ADVANCED_FACE('',(#10417),#10451,.T.);
#10417 = FACE_BOUND('',#10418,.T.);
#10418 = EDGE_LOOP('',(#10419,#10429,#10437,#10445));
#10419 = ORIENTED_EDGE('',*,*,#10420,.F.);
#10420 = EDGE_CURVE('',#10421,#10423,#10425,.T.);
#10421 = VERTEX_POINT('',#10422);
#10422 = CARTESIAN_POINT('',(6.55,-0.55,3.));
#10423 = VERTEX_POINT('',#10424);
#10424 = CARTESIAN_POINT('',(6.45,-0.55,3.));
#10425 = LINE('',#10426,#10427);
#10426 = CARTESIAN_POINT('',(6.348,-0.55,3.));
#10427 = VECTOR('',#10428,1.);
#10428 = DIRECTION('',(-1.,0.,0.));
#10429 = ORIENTED_EDGE('',*,*,#10430,.F.);
#10430 = EDGE_CURVE('',#10431,#10421,#10433,.T.);
#10431 = VERTEX_POINT('',#10432);
#10432 = CARTESIAN_POINT('',(6.55,-0.45,3.));
#10433 = LINE('',#10434,#10435);
#10434 = CARTESIAN_POINT('',(6.55,-0.65,3.));
#10435 = VECTOR('',#10436,1.);
#10436 = DIRECTION('',(0.,-1.,0.));
#10437 = ORIENTED_EDGE('',*,*,#10438,.F.);
#10438 = EDGE_CURVE('',#10439,#10431,#10441,.T.);
#10439 = VERTEX_POINT('',#10440);
#10440 = CARTESIAN_POINT('',(6.45,-0.45,3.));
#10441 = LINE('',#10442,#10443);
#10442 = CARTESIAN_POINT('',(6.348,-0.45,3.));
#10443 = VECTOR('',#10444,1.);
#10444 = DIRECTION('',(1.,0.,0.));
#10445 = ORIENTED_EDGE('',*,*,#10446,.F.);
#10446 = EDGE_CURVE('',#10423,#10439,#10447,.T.);
#10447 = LINE('',#10448,#10449);
#10448 = CARTESIAN_POINT('',(6.45,-0.35,3.));
#10449 = VECTOR('',#10450,1.);
#10450 = DIRECTION('',(0.,1.,0.));
#10451 = PLANE('',#10452);
#10452 = AXIS2_PLACEMENT_3D('',#10453,#10454,#10455);
#10453 = CARTESIAN_POINT('',(6.348,-0.5,3.));
#10454 = DIRECTION('',(0.,0.,1.));
#10455 = DIRECTION('',(1.,0.,-0.));
#10456 = ADVANCED_FACE('',(#10457),#10477,.F.);
#10457 = FACE_BOUND('',#10458,.T.);
#10458 = EDGE_LOOP('',(#10459,#10460,#10461,#10462,#10468,#10469,#10470,
    #10471));
#10459 = ORIENTED_EDGE('',*,*,#10229,.F.);
#10460 = ORIENTED_EDGE('',*,*,#10252,.F.);
#10461 = ORIENTED_EDGE('',*,*,#10276,.F.);
#10462 = ORIENTED_EDGE('',*,*,#10463,.F.);
#10463 = EDGE_CURVE('',#10350,#10277,#10464,.T.);
#10464 = LINE('',#10465,#10466);
#10465 = CARTESIAN_POINT('',(6.65,-2.4,-0.1));
#10466 = VECTOR('',#10467,1.);
#10467 = DIRECTION('',(0.,0.,1.));
#10468 = ORIENTED_EDGE('',*,*,#10349,.F.);
#10469 = ORIENTED_EDGE('',*,*,#10379,.T.);
#10470 = ORIENTED_EDGE('',*,*,#10396,.F.);
#10471 = ORIENTED_EDGE('',*,*,#10472,.F.);
#10472 = EDGE_CURVE('',#10230,#10397,#10473,.T.);
#10473 = LINE('',#10474,#10475);
#10474 = CARTESIAN_POINT('',(6.65,-0.35,2.9));
#10475 = VECTOR('',#10476,1.);
#10476 = DIRECTION('',(0.,1.,0.));
#10477 = PLANE('',#10478);
#10478 = AXIS2_PLACEMENT_3D('',#10479,#10480,#10481);
#10479 = CARTESIAN_POINT('',(6.65,-1.425,1.3));
#10480 = DIRECTION('',(-1.,0.,0.));
#10481 = DIRECTION('',(0.,1.,0.));
#10482 = ADVANCED_FACE('',(#10483),#10499,.T.);
#10483 = FACE_BOUND('',#10484,.T.);
#10484 = EDGE_LOOP('',(#10485,#10491,#10492,#10498));
#10485 = ORIENTED_EDGE('',*,*,#10486,.F.);
#10486 = EDGE_CURVE('',#10230,#10421,#10487,.T.);
#10487 = LINE('',#10488,#10489);
#10488 = CARTESIAN_POINT('',(6.549333333333,-0.549333333333,
    3.000666666667));
#10489 = VECTOR('',#10490,1.);
#10490 = DIRECTION('',(-0.57735026919,0.57735026919,0.57735026919));
#10491 = ORIENTED_EDGE('',*,*,#10472,.T.);
#10492 = ORIENTED_EDGE('',*,*,#10493,.T.);
#10493 = EDGE_CURVE('',#10397,#10431,#10494,.T.);
#10494 = LINE('',#10495,#10496);
#10495 = CARTESIAN_POINT('',(6.291666666667,-0.708333333333,
    3.258333333333));
#10496 = VECTOR('',#10497,1.);
#10497 = DIRECTION('',(-0.57735026919,-0.57735026919,0.57735026919));
#10498 = ORIENTED_EDGE('',*,*,#10430,.T.);
#10499 = PLANE('',#10500);
#10500 = AXIS2_PLACEMENT_3D('',#10501,#10502,#10503);
#10501 = CARTESIAN_POINT('',(6.65,-1.425,2.9));
#10502 = DIRECTION('',(0.707106781187,0.,0.707106781187));
#10503 = DIRECTION('',(0.,-1.,0.));
#10504 = ADVANCED_FACE('',(#10505),#10516,.F.);
#10505 = FACE_BOUND('',#10506,.T.);
#10506 = EDGE_LOOP('',(#10507,#10508,#10509,#10515));
#10507 = ORIENTED_EDGE('',*,*,#10493,.F.);
#10508 = ORIENTED_EDGE('',*,*,#10406,.T.);
#10509 = ORIENTED_EDGE('',*,*,#10510,.T.);
#10510 = EDGE_CURVE('',#10149,#10439,#10511,.T.);
#10511 = LINE('',#10512,#10513);
#10512 = CARTESIAN_POINT('',(6.416,-0.416,2.966));
#10513 = VECTOR('',#10514,1.);
#10514 = DIRECTION('',(0.57735026919,-0.57735026919,0.57735026919));
#10515 = ORIENTED_EDGE('',*,*,#10438,.T.);
#10516 = PLANE('',#10517);
#10517 = AXIS2_PLACEMENT_3D('',#10518,#10519,#10520);
#10518 = CARTESIAN_POINT('',(6.348,-0.45,3.));
#10519 = DIRECTION('',(0.,-0.707106781187,-0.707106781187));
#10520 = DIRECTION('',(1.,0.,0.));
#10521 = ADVANCED_FACE('',(#10522),#10533,.F.);
#10522 = FACE_BOUND('',#10523,.T.);
#10523 = EDGE_LOOP('',(#10524,#10525,#10526,#10532));
#10524 = ORIENTED_EDGE('',*,*,#10486,.T.);
#10525 = ORIENTED_EDGE('',*,*,#10420,.T.);
#10526 = ORIENTED_EDGE('',*,*,#10527,.T.);
#10527 = EDGE_CURVE('',#10423,#10199,#10528,.T.);
#10528 = LINE('',#10529,#10530);
#10529 = CARTESIAN_POINT('',(6.349333333333,-0.650666666667,
    2.899333333333));
#10530 = VECTOR('',#10531,1.);
#10531 = DIRECTION('',(-0.57735026919,-0.57735026919,-0.57735026919));
#10532 = ORIENTED_EDGE('',*,*,#10237,.T.);
#10533 = PLANE('',#10534);
#10534 = AXIS2_PLACEMENT_3D('',#10535,#10536,#10537);
#10535 = CARTESIAN_POINT('',(6.348,-0.65,2.9));
#10536 = DIRECTION('',(0.,0.707106781187,-0.707106781187));
#10537 = DIRECTION('',(1.,0.,0.));
#10538 = ADVANCED_FACE('',(#10539),#10545,.T.);
#10539 = FACE_BOUND('',#10540,.T.);
#10540 = EDGE_LOOP('',(#10541,#10542,#10543,#10544));
#10541 = ORIENTED_EDGE('',*,*,#10510,.F.);
#10542 = ORIENTED_EDGE('',*,*,#10206,.T.);
#10543 = ORIENTED_EDGE('',*,*,#10527,.F.);
#10544 = ORIENTED_EDGE('',*,*,#10446,.T.);
#10545 = PLANE('',#10546);
#10546 = AXIS2_PLACEMENT_3D('',#10547,#10548,#10549);
#10547 = CARTESIAN_POINT('',(6.35,-0.5,2.9));
#10548 = DIRECTION('',(-0.707106781187,0.,0.707106781187));
#10549 = DIRECTION('',(0.,1.,0.));
#10550 = ADVANCED_FACE('',(#10551),#10567,.T.);
#10551 = FACE_BOUND('',#10552,.T.);
#10552 = EDGE_LOOP('',(#10553,#10559,#10560,#10566));
#10553 = ORIENTED_EDGE('',*,*,#10554,.T.);
#10554 = EDGE_CURVE('',#10301,#10350,#10555,.T.);
#10555 = LINE('',#10556,#10557);
#10556 = CARTESIAN_POINT('',(6.083333333333,-2.966666666667,
    0.166666666667));
#10557 = VECTOR('',#10558,1.);
#10558 = DIRECTION('',(0.57735026919,0.57735026919,-0.57735026919));
#10559 = ORIENTED_EDGE('',*,*,#10463,.T.);
#10560 = ORIENTED_EDGE('',*,*,#10561,.F.);
#10561 = EDGE_CURVE('',#10311,#10277,#10562,.T.);
#10562 = LINE('',#10563,#10564);
#10563 = CARTESIAN_POINT('',(6.482666666667,-2.567333333333,
    -0.267333333333));
#10564 = VECTOR('',#10565,1.);
#10565 = DIRECTION('',(0.57735026919,0.57735026919,0.57735026919));
#10566 = ORIENTED_EDGE('',*,*,#10310,.T.);
#10567 = PLANE('',#10568);
#10568 = AXIS2_PLACEMENT_3D('',#10569,#10570,#10571);
#10569 = CARTESIAN_POINT('',(6.65,-2.4,1.3));
#10570 = DIRECTION('',(0.707106781187,-0.707106781187,0.));
#10571 = DIRECTION('',(0.,0.,-1.));
#10572 = ADVANCED_FACE('',(#10573),#10584,.F.);
#10573 = FACE_BOUND('',#10574,.T.);
#10574 = EDGE_LOOP('',(#10575,#10576,#10577,#10583));
#10575 = ORIENTED_EDGE('',*,*,#10561,.T.);
#10576 = ORIENTED_EDGE('',*,*,#10286,.T.);
#10577 = ORIENTED_EDGE('',*,*,#10578,.T.);
#10578 = EDGE_CURVE('',#10174,#10319,#10579,.T.);
#10579 = LINE('',#10580,#10581);
#10580 = CARTESIAN_POINT('',(6.416,-2.466,-0.166));
#10581 = VECTOR('',#10582,1.);
#10582 = DIRECTION('',(0.57735026919,-0.57735026919,-0.57735026919));
#10583 = ORIENTED_EDGE('',*,*,#10318,.T.);
#10584 = PLANE('',#10585);
#10585 = AXIS2_PLACEMENT_3D('',#10586,#10587,#10588);
#10586 = CARTESIAN_POINT('',(6.348,-2.5,-0.2));
#10587 = DIRECTION('',(0.,0.707106781187,-0.707106781187));
#10588 = DIRECTION('',(1.,0.,0.));
#10589 = ADVANCED_FACE('',(#10590),#10601,.F.);
#10590 = FACE_BOUND('',#10591,.T.);
#10591 = EDGE_LOOP('',(#10592,#10593,#10594,#10600));
#10592 = ORIENTED_EDGE('',*,*,#10554,.F.);
#10593 = ORIENTED_EDGE('',*,*,#10300,.T.);
#10594 = ORIENTED_EDGE('',*,*,#10595,.T.);
#10595 = EDGE_CURVE('',#10303,#10166,#10596,.T.);
#10596 = LINE('',#10597,#10598);
#10597 = CARTESIAN_POINT('',(6.349333333333,-2.399333333333,
    -0.400666666667));
#10598 = VECTOR('',#10599,1.);
#10599 = DIRECTION('',(-0.57735026919,0.57735026919,-0.57735026919));
#10600 = ORIENTED_EDGE('',*,*,#10357,.T.);
#10601 = PLANE('',#10602);
#10602 = AXIS2_PLACEMENT_3D('',#10603,#10604,#10605);
#10603 = CARTESIAN_POINT('',(6.348,-2.4,-0.4));
#10604 = DIRECTION('',(0.,0.707106781187,0.707106781187));
#10605 = DIRECTION('',(1.,0.,-0.));
#10606 = ADVANCED_FACE('',(#10607),#10613,.T.);
#10607 = FACE_BOUND('',#10608,.T.);
#10608 = EDGE_LOOP('',(#10609,#10610,#10611,#10612));
#10609 = ORIENTED_EDGE('',*,*,#10578,.F.);
#10610 = ORIENTED_EDGE('',*,*,#10173,.T.);
#10611 = ORIENTED_EDGE('',*,*,#10595,.F.);
#10612 = ORIENTED_EDGE('',*,*,#10326,.T.);
#10613 = PLANE('',#10614);
#10614 = AXIS2_PLACEMENT_3D('',#10615,#10616,#10617);
#10615 = CARTESIAN_POINT('',(6.35,-2.4,1.));
#10616 = DIRECTION('',(-0.707106781187,-0.707106781187,0.));
#10617 = DIRECTION('',(0.,0.,1.));
#10618 = ( GEOMETRIC_REPRESENTATION_CONTEXT(3) 
GLOBAL_UNCERTAINTY_ASSIGNED_CONTEXT((#10622)) 
GLOBAL_UNIT_ASSIGNED_CONTEXT((#10619,#10620,#10621)) 
REPRESENTATION_CONTEXT('Context #1',
  '3D Context with UNIT and UNCERTAINTY') );
#10619 = ( LENGTH_UNIT() NAMED_UNIT(*) SI_UNIT(.MILLI.,.METRE.) );
#10620 = ( NAMED_UNIT(*) PLANE_ANGLE_UNIT() SI_UNIT($,.RADIAN.) );
#10621 = ( NAMED_UNIT(*) SI_UNIT($,.STERADIAN.) SOLID_ANGLE_UNIT() );
#10622 = UNCERTAINTY_MEASURE_WITH_UNIT(LENGTH_MEASURE(1.E-07),#10619,
  'distance_accuracy_value','confusion accuracy');
#10623 = CONTEXT_DEPENDENT_SHAPE_REPRESENTATION(#10624,#10626);
#10624 = ( REPRESENTATION_RELATIONSHIP('','',#10139,#817) 
REPRESENTATION_RELATIONSHIP_WITH_TRANSFORMATION(#10625) 
SHAPE_REPRESENTATION_RELATIONSHIP() );
#10625 = ITEM_DEFINED_TRANSFORMATION('','',#11,#846);
#10626 = PRODUCT_DEFINITION_SHAPE('Placement','Placement of an item',
  #10627);
#10627 = NEXT_ASSEMBLY_USAGE_OCCURRENCE('86','=>[0:1:1:11]','',#812,
  #10134,$);
#10628 = PRODUCT_RELATED_PRODUCT_CATEGORY('part',$,(#10136));
#10629 = SHAPE_DEFINITION_REPRESENTATION(#10630,#10636);
#10630 = PRODUCT_DEFINITION_SHAPE('','',#10631);
#10631 = PRODUCT_DEFINITION('design','',#10632,#10635);
#10632 = PRODUCT_DEFINITION_FORMATION('','',#10633);
#10633 = PRODUCT('Part 15','Part 15','',(#10634));
#10634 = PRODUCT_CONTEXT('',#2,'mechanical');
#10635 = PRODUCT_DEFINITION_CONTEXT('part definition',#2,'design');
#10636 = ADVANCED_BREP_SHAPE_REPRESENTATION('',(#11,#10637),#11115);
#10637 = MANIFOLD_SOLID_BREP('',#10638);
#10638 = CLOSED_SHELL('',(#10639,#10713,#10744,#10769,#10793,#10833,
    #10864,#10889,#10913,#10953,#10979,#11001,#11018,#11035,#11047,
    #11069,#11086,#11103));
#10639 = ADVANCED_FACE('',(#10640),#10708,.F.);
#10640 = FACE_BOUND('',#10641,.T.);
#10641 = EDGE_LOOP('',(#10642,#10652,#10661,#10669,#10677,#10685,#10694,
    #10702));
#10642 = ORIENTED_EDGE('',*,*,#10643,.F.);
#10643 = EDGE_CURVE('',#10644,#10646,#10648,.T.);
#10644 = VERTEX_POINT('',#10645);
#10645 = CARTESIAN_POINT('',(5.35,-0.35,5.E-02));
#10646 = VERTEX_POINT('',#10647);
#10647 = CARTESIAN_POINT('',(5.35,-0.35,2.9));
#10648 = LINE('',#10649,#10650);
#10649 = CARTESIAN_POINT('',(5.35,-0.35,1.525));
#10650 = VECTOR('',#10651,1.);
#10651 = DIRECTION('',(0.,-5.512892402469E-17,1.));
#10652 = ORIENTED_EDGE('',*,*,#10653,.T.);
#10653 = EDGE_CURVE('',#10644,#10654,#10656,.T.);
#10654 = VERTEX_POINT('',#10655);
#10655 = CARTESIAN_POINT('',(5.35,-0.8,-0.4));
#10656 = CIRCLE('',#10657,0.45);
#10657 = AXIS2_PLACEMENT_3D('',#10658,#10659,#10660);
#10658 = CARTESIAN_POINT('',(5.35,-0.8,5.E-02));
#10659 = DIRECTION('',(-1.,0.,0.));
#10660 = DIRECTION('',(0.,0.,-1.));
#10661 = ORIENTED_EDGE('',*,*,#10662,.F.);
#10662 = EDGE_CURVE('',#10663,#10654,#10665,.T.);
#10663 = VERTEX_POINT('',#10664);
#10664 = CARTESIAN_POINT('',(5.35,-2.4,-0.4));
#10665 = LINE('',#10666,#10667);
#10666 = CARTESIAN_POINT('',(5.35,-1.65,-0.4));
#10667 = VECTOR('',#10668,1.);
#10668 = DIRECTION('',(0.,1.,1.27553196763E-16));
#10669 = ORIENTED_EDGE('',*,*,#10670,.F.);
#10670 = EDGE_CURVE('',#10671,#10663,#10673,.T.);
#10671 = VERTEX_POINT('',#10672);
#10672 = CARTESIAN_POINT('',(5.35,-2.4,-0.1));
#10673 = LINE('',#10674,#10675);
#10674 = CARTESIAN_POINT('',(5.35,-2.4,-0.4));
#10675 = VECTOR('',#10676,1.);
#10676 = DIRECTION('',(0.,0.,-1.));
#10677 = ORIENTED_EDGE('',*,*,#10678,.F.);
#10678 = EDGE_CURVE('',#10679,#10671,#10681,.T.);
#10679 = VERTEX_POINT('',#10680);
#10680 = CARTESIAN_POINT('',(5.35,-0.8,-0.1));
#10681 = LINE('',#10682,#10683);
#10682 = CARTESIAN_POINT('',(5.35,-1.65,-0.1));
#10683 = VECTOR('',#10684,1.);
#10684 = DIRECTION('',(0.,-1.,0.));
#10685 = ORIENTED_EDGE('',*,*,#10686,.F.);
#10686 = EDGE_CURVE('',#10687,#10679,#10689,.T.);
#10687 = VERTEX_POINT('',#10688);
#10688 = CARTESIAN_POINT('',(5.35,-0.65,5.E-02));
#10689 = CIRCLE('',#10690,0.15);
#10690 = AXIS2_PLACEMENT_3D('',#10691,#10692,#10693);
#10691 = CARTESIAN_POINT('',(5.35,-0.8,5.E-02));
#10692 = DIRECTION('',(-1.,0.,0.));
#10693 = DIRECTION('',(0.,0.,-1.));
#10694 = ORIENTED_EDGE('',*,*,#10695,.F.);
#10695 = EDGE_CURVE('',#10696,#10687,#10698,.T.);
#10696 = VERTEX_POINT('',#10697);
#10697 = CARTESIAN_POINT('',(5.35,-0.65,2.9));
#10698 = LINE('',#10699,#10700);
#10699 = CARTESIAN_POINT('',(5.35,-0.65,1.525));
#10700 = VECTOR('',#10701,1.);
#10701 = DIRECTION('',(0.,1.837630800823E-16,-1.));
#10702 = ORIENTED_EDGE('',*,*,#10703,.F.);
#10703 = EDGE_CURVE('',#10646,#10696,#10704,.T.);
#10704 = LINE('',#10705,#10706);
#10705 = CARTESIAN_POINT('',(5.35,-0.65,2.9));
#10706 = VECTOR('',#10707,1.);
#10707 = DIRECTION('',(0.,-1.,0.));
#10708 = PLANE('',#10709);
#10709 = AXIS2_PLACEMENT_3D('',#10710,#10711,#10712);
#10710 = CARTESIAN_POINT('',(5.35,-0.5,1.));
#10711 = DIRECTION('',(1.,0.,0.));
#10712 = DIRECTION('',(0.,0.,-1.));
#10713 = ADVANCED_FACE('',(#10714),#10739,.T.);
#10714 = FACE_BOUND('',#10715,.T.);
#10715 = EDGE_LOOP('',(#10716,#10717,#10725,#10733));
#10716 = ORIENTED_EDGE('',*,*,#10695,.T.);
#10717 = ORIENTED_EDGE('',*,*,#10718,.T.);
#10718 = EDGE_CURVE('',#10687,#10719,#10721,.T.);
#10719 = VERTEX_POINT('',#10720);
#10720 = CARTESIAN_POINT('',(5.65,-0.65,5.E-02));
#10721 = LINE('',#10722,#10723);
#10722 = CARTESIAN_POINT('',(5.348,-0.65,5.E-02));
#10723 = VECTOR('',#10724,1.);
#10724 = DIRECTION('',(1.,0.,0.));
#10725 = ORIENTED_EDGE('',*,*,#10726,.T.);
#10726 = EDGE_CURVE('',#10719,#10727,#10729,.T.);
#10727 = VERTEX_POINT('',#10728);
#10728 = CARTESIAN_POINT('',(5.65,-0.65,2.9));
#10729 = LINE('',#10730,#10731);
#10730 = CARTESIAN_POINT('',(5.65,-0.65,1.525));
#10731 = VECTOR('',#10732,1.);
#10732 = DIRECTION('',(0.,-1.837630800823E-16,1.));
#10733 = ORIENTED_EDGE('',*,*,#10734,.F.);
#10734 = EDGE_CURVE('',#10696,#10727,#10735,.T.);
#10735 = LINE('',#10736,#10737);
#10736 = CARTESIAN_POINT('',(5.348,-0.65,2.9));
#10737 = VECTOR('',#10738,1.);
#10738 = DIRECTION('',(1.,0.,0.));
#10739 = PLANE('',#10740);
#10740 = AXIS2_PLACEMENT_3D('',#10741,#10742,#10743);
#10741 = CARTESIAN_POINT('',(5.348,-0.65,1.525));
#10742 = DIRECTION('',(0.,-1.,-1.837630800823E-16));
#10743 = DIRECTION('',(0.,-1.837630800823E-16,1.));
#10744 = ADVANCED_FACE('',(#10745),#10764,.F.);
#10745 = FACE_BOUND('',#10746,.F.);
#10746 = EDGE_LOOP('',(#10747,#10748,#10757,#10763));
#10747 = ORIENTED_EDGE('',*,*,#10718,.T.);
#10748 = ORIENTED_EDGE('',*,*,#10749,.F.);
#10749 = EDGE_CURVE('',#10750,#10719,#10752,.T.);
#10750 = VERTEX_POINT('',#10751);
#10751 = CARTESIAN_POINT('',(5.65,-0.8,-0.1));
#10752 = CIRCLE('',#10753,0.15);
#10753 = AXIS2_PLACEMENT_3D('',#10754,#10755,#10756);
#10754 = CARTESIAN_POINT('',(5.65,-0.8,5.E-02));
#10755 = DIRECTION('',(1.,0.,-0.));
#10756 = DIRECTION('',(0.,0.,1.));
#10757 = ORIENTED_EDGE('',*,*,#10758,.F.);
#10758 = EDGE_CURVE('',#10679,#10750,#10759,.T.);
#10759 = LINE('',#10760,#10761);
#10760 = CARTESIAN_POINT('',(5.348,-0.8,-0.1));
#10761 = VECTOR('',#10762,1.);
#10762 = DIRECTION('',(1.,0.,0.));
#10763 = ORIENTED_EDGE('',*,*,#10686,.F.);
#10764 = CYLINDRICAL_SURFACE('',#10765,0.15);
#10765 = AXIS2_PLACEMENT_3D('',#10766,#10767,#10768);
#10766 = CARTESIAN_POINT('',(5.348,-0.8,5.E-02));
#10767 = DIRECTION('',(1.,0.,0.));
#10768 = DIRECTION('',(0.,0.,-1.));
#10769 = ADVANCED_FACE('',(#10770),#10788,.T.);
#10770 = FACE_BOUND('',#10771,.T.);
#10771 = EDGE_LOOP('',(#10772,#10780,#10781,#10782));
#10772 = ORIENTED_EDGE('',*,*,#10773,.T.);
#10773 = EDGE_CURVE('',#10774,#10750,#10776,.T.);
#10774 = VERTEX_POINT('',#10775);
#10775 = CARTESIAN_POINT('',(5.65,-2.4,-0.1));
#10776 = LINE('',#10777,#10778);
#10777 = CARTESIAN_POINT('',(5.65,-1.65,-0.1));
#10778 = VECTOR('',#10779,1.);
#10779 = DIRECTION('',(0.,1.,0.));
#10780 = ORIENTED_EDGE('',*,*,#10758,.F.);
#10781 = ORIENTED_EDGE('',*,*,#10678,.T.);
#10782 = ORIENTED_EDGE('',*,*,#10783,.F.);
#10783 = EDGE_CURVE('',#10774,#10671,#10784,.T.);
#10784 = LINE('',#10785,#10786);
#10785 = CARTESIAN_POINT('',(5.348,-2.4,-0.1));
#10786 = VECTOR('',#10787,1.);
#10787 = DIRECTION('',(-1.,0.,0.));
#10788 = PLANE('',#10789);
#10789 = AXIS2_PLACEMENT_3D('',#10790,#10791,#10792);
#10790 = CARTESIAN_POINT('',(5.348,-1.65,-0.1));
#10791 = DIRECTION('',(0.,0.,1.));
#10792 = DIRECTION('',(1.,0.,-0.));
#10793 = ADVANCED_FACE('',(#10794),#10828,.T.);
#10794 = FACE_BOUND('',#10795,.T.);
#10795 = EDGE_LOOP('',(#10796,#10806,#10814,#10822));
#10796 = ORIENTED_EDGE('',*,*,#10797,.F.);
#10797 = EDGE_CURVE('',#10798,#10800,#10802,.T.);
#10798 = VERTEX_POINT('',#10799);
#10799 = CARTESIAN_POINT('',(5.55,-2.5,-0.3));
#10800 = VERTEX_POINT('',#10801);
#10801 = CARTESIAN_POINT('',(5.45,-2.5,-0.3));
#10802 = LINE('',#10803,#10804);
#10803 = CARTESIAN_POINT('',(5.348,-2.5,-0.3));
#10804 = VECTOR('',#10805,1.);
#10805 = DIRECTION('',(-1.,0.,0.));
#10806 = ORIENTED_EDGE('',*,*,#10807,.F.);
#10807 = EDGE_CURVE('',#10808,#10798,#10810,.T.);
#10808 = VERTEX_POINT('',#10809);
#10809 = CARTESIAN_POINT('',(5.55,-2.5,-0.2));
#10810 = LINE('',#10811,#10812);
#10811 = CARTESIAN_POINT('',(5.55,-2.5,-0.4));
#10812 = VECTOR('',#10813,1.);
#10813 = DIRECTION('',(0.,0.,-1.));
#10814 = ORIENTED_EDGE('',*,*,#10815,.F.);
#10815 = EDGE_CURVE('',#10816,#10808,#10818,.T.);
#10816 = VERTEX_POINT('',#10817);
#10817 = CARTESIAN_POINT('',(5.45,-2.5,-0.2));
#10818 = LINE('',#10819,#10820);
#10819 = CARTESIAN_POINT('',(5.348,-2.5,-0.2));
#10820 = VECTOR('',#10821,1.);
#10821 = DIRECTION('',(1.,0.,0.));
#10822 = ORIENTED_EDGE('',*,*,#10823,.F.);
#10823 = EDGE_CURVE('',#10800,#10816,#10824,.T.);
#10824 = LINE('',#10825,#10826);
#10825 = CARTESIAN_POINT('',(5.45,-2.5,-0.1));
#10826 = VECTOR('',#10827,1.);
#10827 = DIRECTION('',(0.,0.,1.));
#10828 = PLANE('',#10829);
#10829 = AXIS2_PLACEMENT_3D('',#10830,#10831,#10832);
#10830 = CARTESIAN_POINT('',(5.348,-2.5,-0.25));
#10831 = DIRECTION('',(0.,-1.,0.));
#10832 = DIRECTION('',(0.,0.,1.));
#10833 = ADVANCED_FACE('',(#10834),#10859,.T.);
#10834 = FACE_BOUND('',#10835,.T.);
#10835 = EDGE_LOOP('',(#10836,#10837,#10845,#10853));
#10836 = ORIENTED_EDGE('',*,*,#10662,.T.);
#10837 = ORIENTED_EDGE('',*,*,#10838,.T.);
#10838 = EDGE_CURVE('',#10654,#10839,#10841,.T.);
#10839 = VERTEX_POINT('',#10840);
#10840 = CARTESIAN_POINT('',(5.65,-0.8,-0.4));
#10841 = LINE('',#10842,#10843);
#10842 = CARTESIAN_POINT('',(5.348,-0.8,-0.4));
#10843 = VECTOR('',#10844,1.);
#10844 = DIRECTION('',(1.,0.,0.));
#10845 = ORIENTED_EDGE('',*,*,#10846,.T.);
#10846 = EDGE_CURVE('',#10839,#10847,#10849,.T.);
#10847 = VERTEX_POINT('',#10848);
#10848 = CARTESIAN_POINT('',(5.65,-2.4,-0.4));
#10849 = LINE('',#10850,#10851);
#10850 = CARTESIAN_POINT('',(5.65,-1.65,-0.4));
#10851 = VECTOR('',#10852,1.);
#10852 = DIRECTION('',(0.,-1.,-1.27553196763E-16));
#10853 = ORIENTED_EDGE('',*,*,#10854,.F.);
#10854 = EDGE_CURVE('',#10663,#10847,#10855,.T.);
#10855 = LINE('',#10856,#10857);
#10856 = CARTESIAN_POINT('',(5.348,-2.4,-0.4));
#10857 = VECTOR('',#10858,1.);
#10858 = DIRECTION('',(1.,0.,0.));
#10859 = PLANE('',#10860);
#10860 = AXIS2_PLACEMENT_3D('',#10861,#10862,#10863);
#10861 = CARTESIAN_POINT('',(5.348,-1.65,-0.4));
#10862 = DIRECTION('',(0.,1.27553196763E-16,-1.));
#10863 = DIRECTION('',(0.,-1.,-1.27553196763E-16));
#10864 = ADVANCED_FACE('',(#10865),#10884,.T.);
#10865 = FACE_BOUND('',#10866,.T.);
#10866 = EDGE_LOOP('',(#10867,#10875,#10882,#10883));
#10867 = ORIENTED_EDGE('',*,*,#10868,.T.);
#10868 = EDGE_CURVE('',#10644,#10869,#10871,.T.);
#10869 = VERTEX_POINT('',#10870);
#10870 = CARTESIAN_POINT('',(5.65,-0.35,5.E-02));
#10871 = LINE('',#10872,#10873);
#10872 = CARTESIAN_POINT('',(5.348,-0.35,5.E-02));
#10873 = VECTOR('',#10874,1.);
#10874 = DIRECTION('',(1.,0.,0.));
#10875 = ORIENTED_EDGE('',*,*,#10876,.F.);
#10876 = EDGE_CURVE('',#10839,#10869,#10877,.T.);
#10877 = CIRCLE('',#10878,0.45);
#10878 = AXIS2_PLACEMENT_3D('',#10879,#10880,#10881);
#10879 = CARTESIAN_POINT('',(5.65,-0.8,5.E-02));
#10880 = DIRECTION('',(1.,0.,-0.));
#10881 = DIRECTION('',(0.,0.,1.));
#10882 = ORIENTED_EDGE('',*,*,#10838,.F.);
#10883 = ORIENTED_EDGE('',*,*,#10653,.F.);
#10884 = CYLINDRICAL_SURFACE('',#10885,0.45);
#10885 = AXIS2_PLACEMENT_3D('',#10886,#10887,#10888);
#10886 = CARTESIAN_POINT('',(5.348,-0.8,5.E-02));
#10887 = DIRECTION('',(1.,0.,0.));
#10888 = DIRECTION('',(0.,0.,-1.));
#10889 = ADVANCED_FACE('',(#10890),#10908,.T.);
#10890 = FACE_BOUND('',#10891,.T.);
#10891 = EDGE_LOOP('',(#10892,#10900,#10901,#10902));
#10892 = ORIENTED_EDGE('',*,*,#10893,.T.);
#10893 = EDGE_CURVE('',#10894,#10869,#10896,.T.);
#10894 = VERTEX_POINT('',#10895);
#10895 = CARTESIAN_POINT('',(5.65,-0.35,2.9));
#10896 = LINE('',#10897,#10898);
#10897 = CARTESIAN_POINT('',(5.65,-0.35,1.525));
#10898 = VECTOR('',#10899,1.);
#10899 = DIRECTION('',(0.,5.512892402469E-17,-1.));
#10900 = ORIENTED_EDGE('',*,*,#10868,.F.);
#10901 = ORIENTED_EDGE('',*,*,#10643,.T.);
#10902 = ORIENTED_EDGE('',*,*,#10903,.F.);
#10903 = EDGE_CURVE('',#10894,#10646,#10904,.T.);
#10904 = LINE('',#10905,#10906);
#10905 = CARTESIAN_POINT('',(5.348,-0.35,2.9));
#10906 = VECTOR('',#10907,1.);
#10907 = DIRECTION('',(-1.,0.,0.));
#10908 = PLANE('',#10909);
#10909 = AXIS2_PLACEMENT_3D('',#10910,#10911,#10912);
#10910 = CARTESIAN_POINT('',(5.348,-0.35,1.525));
#10911 = DIRECTION('',(0.,1.,5.512892402469E-17));
#10912 = DIRECTION('',(0.,5.512892402469E-17,-1.));
#10913 = ADVANCED_FACE('',(#10914),#10948,.T.);
#10914 = FACE_BOUND('',#10915,.T.);
#10915 = EDGE_LOOP('',(#10916,#10926,#10934,#10942));
#10916 = ORIENTED_EDGE('',*,*,#10917,.F.);
#10917 = EDGE_CURVE('',#10918,#10920,#10922,.T.);
#10918 = VERTEX_POINT('',#10919);
#10919 = CARTESIAN_POINT('',(5.55,-0.55,3.));
#10920 = VERTEX_POINT('',#10921);
#10921 = CARTESIAN_POINT('',(5.45,-0.55,3.));
#10922 = LINE('',#10923,#10924);
#10923 = CARTESIAN_POINT('',(5.348,-0.55,3.));
#10924 = VECTOR('',#10925,1.);
#10925 = DIRECTION('',(-1.,0.,0.));
#10926 = ORIENTED_EDGE('',*,*,#10927,.F.);
#10927 = EDGE_CURVE('',#10928,#10918,#10930,.T.);
#10928 = VERTEX_POINT('',#10929);
#10929 = CARTESIAN_POINT('',(5.55,-0.45,3.));
#10930 = LINE('',#10931,#10932);
#10931 = CARTESIAN_POINT('',(5.55,-0.65,3.));
#10932 = VECTOR('',#10933,1.);
#10933 = DIRECTION('',(0.,-1.,0.));
#10934 = ORIENTED_EDGE('',*,*,#10935,.F.);
#10935 = EDGE_CURVE('',#10936,#10928,#10938,.T.);
#10936 = VERTEX_POINT('',#10937);
#10937 = CARTESIAN_POINT('',(5.45,-0.45,3.));
#10938 = LINE('',#10939,#10940);
#10939 = CARTESIAN_POINT('',(5.348,-0.45,3.));
#10940 = VECTOR('',#10941,1.);
#10941 = DIRECTION('',(1.,0.,0.));
#10942 = ORIENTED_EDGE('',*,*,#10943,.F.);
#10943 = EDGE_CURVE('',#10920,#10936,#10944,.T.);
#10944 = LINE('',#10945,#10946);
#10945 = CARTESIAN_POINT('',(5.45,-0.35,3.));
#10946 = VECTOR('',#10947,1.);
#10947 = DIRECTION('',(0.,1.,0.));
#10948 = PLANE('',#10949);
#10949 = AXIS2_PLACEMENT_3D('',#10950,#10951,#10952);
#10950 = CARTESIAN_POINT('',(5.348,-0.5,3.));
#10951 = DIRECTION('',(0.,0.,1.));
#10952 = DIRECTION('',(1.,0.,-0.));
#10953 = ADVANCED_FACE('',(#10954),#10974,.F.);
#10954 = FACE_BOUND('',#10955,.T.);
#10955 = EDGE_LOOP('',(#10956,#10957,#10958,#10959,#10965,#10966,#10967,
    #10968));
#10956 = ORIENTED_EDGE('',*,*,#10726,.F.);
#10957 = ORIENTED_EDGE('',*,*,#10749,.F.);
#10958 = ORIENTED_EDGE('',*,*,#10773,.F.);
#10959 = ORIENTED_EDGE('',*,*,#10960,.F.);
#10960 = EDGE_CURVE('',#10847,#10774,#10961,.T.);
#10961 = LINE('',#10962,#10963);
#10962 = CARTESIAN_POINT('',(5.65,-2.4,-0.1));
#10963 = VECTOR('',#10964,1.);
#10964 = DIRECTION('',(0.,0.,1.));
#10965 = ORIENTED_EDGE('',*,*,#10846,.F.);
#10966 = ORIENTED_EDGE('',*,*,#10876,.T.);
#10967 = ORIENTED_EDGE('',*,*,#10893,.F.);
#10968 = ORIENTED_EDGE('',*,*,#10969,.F.);
#10969 = EDGE_CURVE('',#10727,#10894,#10970,.T.);
#10970 = LINE('',#10971,#10972);
#10971 = CARTESIAN_POINT('',(5.65,-0.35,2.9));
#10972 = VECTOR('',#10973,1.);
#10973 = DIRECTION('',(0.,1.,0.));
#10974 = PLANE('',#10975);
#10975 = AXIS2_PLACEMENT_3D('',#10976,#10977,#10978);
#10976 = CARTESIAN_POINT('',(5.65,-1.425,1.3));
#10977 = DIRECTION('',(-1.,0.,0.));
#10978 = DIRECTION('',(0.,1.,0.));
#10979 = ADVANCED_FACE('',(#10980),#10996,.T.);
#10980 = FACE_BOUND('',#10981,.T.);
#10981 = EDGE_LOOP('',(#10982,#10988,#10989,#10995));
#10982 = ORIENTED_EDGE('',*,*,#10983,.F.);
#10983 = EDGE_CURVE('',#10727,#10918,#10984,.T.);
#10984 = LINE('',#10985,#10986);
#10985 = CARTESIAN_POINT('',(5.549333333333,-0.549333333333,
    3.000666666667));
#10986 = VECTOR('',#10987,1.);
#10987 = DIRECTION('',(-0.57735026919,0.57735026919,0.57735026919));
#10988 = ORIENTED_EDGE('',*,*,#10969,.T.);
#10989 = ORIENTED_EDGE('',*,*,#10990,.T.);
#10990 = EDGE_CURVE('',#10894,#10928,#10991,.T.);
#10991 = LINE('',#10992,#10993);
#10992 = CARTESIAN_POINT('',(5.291666666667,-0.708333333333,
    3.258333333333));
#10993 = VECTOR('',#10994,1.);
#10994 = DIRECTION('',(-0.57735026919,-0.57735026919,0.57735026919));
#10995 = ORIENTED_EDGE('',*,*,#10927,.T.);
#10996 = PLANE('',#10997);
#10997 = AXIS2_PLACEMENT_3D('',#10998,#10999,#11000);
#10998 = CARTESIAN_POINT('',(5.65,-1.425,2.9));
#10999 = DIRECTION('',(0.707106781187,0.,0.707106781187));
#11000 = DIRECTION('',(0.,-1.,0.));
#11001 = ADVANCED_FACE('',(#11002),#11013,.F.);
#11002 = FACE_BOUND('',#11003,.T.);
#11003 = EDGE_LOOP('',(#11004,#11005,#11006,#11012));
#11004 = ORIENTED_EDGE('',*,*,#10990,.F.);
#11005 = ORIENTED_EDGE('',*,*,#10903,.T.);
#11006 = ORIENTED_EDGE('',*,*,#11007,.T.);
#11007 = EDGE_CURVE('',#10646,#10936,#11008,.T.);
#11008 = LINE('',#11009,#11010);
#11009 = CARTESIAN_POINT('',(5.416,-0.416,2.966));
#11010 = VECTOR('',#11011,1.);
#11011 = DIRECTION('',(0.57735026919,-0.57735026919,0.57735026919));
#11012 = ORIENTED_EDGE('',*,*,#10935,.T.);
#11013 = PLANE('',#11014);
#11014 = AXIS2_PLACEMENT_3D('',#11015,#11016,#11017);
#11015 = CARTESIAN_POINT('',(5.348,-0.45,3.));
#11016 = DIRECTION('',(0.,-0.707106781187,-0.707106781187));
#11017 = DIRECTION('',(1.,0.,0.));
#11018 = ADVANCED_FACE('',(#11019),#11030,.F.);
#11019 = FACE_BOUND('',#11020,.T.);
#11020 = EDGE_LOOP('',(#11021,#11022,#11023,#11029));
#11021 = ORIENTED_EDGE('',*,*,#10983,.T.);
#11022 = ORIENTED_EDGE('',*,*,#10917,.T.);
#11023 = ORIENTED_EDGE('',*,*,#11024,.T.);
#11024 = EDGE_CURVE('',#10920,#10696,#11025,.T.);
#11025 = LINE('',#11026,#11027);
#11026 = CARTESIAN_POINT('',(5.349333333333,-0.650666666667,
    2.899333333333));
#11027 = VECTOR('',#11028,1.);
#11028 = DIRECTION('',(-0.57735026919,-0.57735026919,-0.57735026919));
#11029 = ORIENTED_EDGE('',*,*,#10734,.T.);
#11030 = PLANE('',#11031);
#11031 = AXIS2_PLACEMENT_3D('',#11032,#11033,#11034);
#11032 = CARTESIAN_POINT('',(5.348,-0.65,2.9));
#11033 = DIRECTION('',(0.,0.707106781187,-0.707106781187));
#11034 = DIRECTION('',(1.,0.,0.));
#11035 = ADVANCED_FACE('',(#11036),#11042,.T.);
#11036 = FACE_BOUND('',#11037,.T.);
#11037 = EDGE_LOOP('',(#11038,#11039,#11040,#11041));
#11038 = ORIENTED_EDGE('',*,*,#11007,.F.);
#11039 = ORIENTED_EDGE('',*,*,#10703,.T.);
#11040 = ORIENTED_EDGE('',*,*,#11024,.F.);
#11041 = ORIENTED_EDGE('',*,*,#10943,.T.);
#11042 = PLANE('',#11043);
#11043 = AXIS2_PLACEMENT_3D('',#11044,#11045,#11046);
#11044 = CARTESIAN_POINT('',(5.35,-0.5,2.9));
#11045 = DIRECTION('',(-0.707106781187,0.,0.707106781187));
#11046 = DIRECTION('',(0.,1.,0.));
#11047 = ADVANCED_FACE('',(#11048),#11064,.T.);
#11048 = FACE_BOUND('',#11049,.T.);
#11049 = EDGE_LOOP('',(#11050,#11056,#11057,#11063));
#11050 = ORIENTED_EDGE('',*,*,#11051,.T.);
#11051 = EDGE_CURVE('',#10798,#10847,#11052,.T.);
#11052 = LINE('',#11053,#11054);
#11053 = CARTESIAN_POINT('',(5.083333333333,-2.966666666667,
    0.166666666667));
#11054 = VECTOR('',#11055,1.);
#11055 = DIRECTION('',(0.57735026919,0.57735026919,-0.57735026919));
#11056 = ORIENTED_EDGE('',*,*,#10960,.T.);
#11057 = ORIENTED_EDGE('',*,*,#11058,.F.);
#11058 = EDGE_CURVE('',#10808,#10774,#11059,.T.);
#11059 = LINE('',#11060,#11061);
#11060 = CARTESIAN_POINT('',(5.482666666667,-2.567333333333,
    -0.267333333333));
#11061 = VECTOR('',#11062,1.);
#11062 = DIRECTION('',(0.57735026919,0.57735026919,0.57735026919));
#11063 = ORIENTED_EDGE('',*,*,#10807,.T.);
#11064 = PLANE('',#11065);
#11065 = AXIS2_PLACEMENT_3D('',#11066,#11067,#11068);
#11066 = CARTESIAN_POINT('',(5.65,-2.4,1.3));
#11067 = DIRECTION('',(0.707106781187,-0.707106781187,0.));
#11068 = DIRECTION('',(0.,0.,-1.));
#11069 = ADVANCED_FACE('',(#11070),#11081,.F.);
#11070 = FACE_BOUND('',#11071,.T.);
#11071 = EDGE_LOOP('',(#11072,#11073,#11074,#11080));
#11072 = ORIENTED_EDGE('',*,*,#11058,.T.);
#11073 = ORIENTED_EDGE('',*,*,#10783,.T.);
#11074 = ORIENTED_EDGE('',*,*,#11075,.T.);
#11075 = EDGE_CURVE('',#10671,#10816,#11076,.T.);
#11076 = LINE('',#11077,#11078);
#11077 = CARTESIAN_POINT('',(5.416,-2.466,-0.166));
#11078 = VECTOR('',#11079,1.);
#11079 = DIRECTION('',(0.57735026919,-0.57735026919,-0.57735026919));
#11080 = ORIENTED_EDGE('',*,*,#10815,.T.);
#11081 = PLANE('',#11082);
#11082 = AXIS2_PLACEMENT_3D('',#11083,#11084,#11085);
#11083 = CARTESIAN_POINT('',(5.348,-2.5,-0.2));
#11084 = DIRECTION('',(0.,0.707106781187,-0.707106781187));
#11085 = DIRECTION('',(1.,0.,0.));
#11086 = ADVANCED_FACE('',(#11087),#11098,.F.);
#11087 = FACE_BOUND('',#11088,.T.);
#11088 = EDGE_LOOP('',(#11089,#11090,#11091,#11097));
#11089 = ORIENTED_EDGE('',*,*,#11051,.F.);
#11090 = ORIENTED_EDGE('',*,*,#10797,.T.);
#11091 = ORIENTED_EDGE('',*,*,#11092,.T.);
#11092 = EDGE_CURVE('',#10800,#10663,#11093,.T.);
#11093 = LINE('',#11094,#11095);
#11094 = CARTESIAN_POINT('',(5.349333333333,-2.399333333333,
    -0.400666666667));
#11095 = VECTOR('',#11096,1.);
#11096 = DIRECTION('',(-0.57735026919,0.57735026919,-0.57735026919));
#11097 = ORIENTED_EDGE('',*,*,#10854,.T.);
#11098 = PLANE('',#11099);
#11099 = AXIS2_PLACEMENT_3D('',#11100,#11101,#11102);
#11100 = CARTESIAN_POINT('',(5.348,-2.4,-0.4));
#11101 = DIRECTION('',(0.,0.707106781187,0.707106781187));
#11102 = DIRECTION('',(1.,0.,-0.));
#11103 = ADVANCED_FACE('',(#11104),#11110,.T.);
#11104 = FACE_BOUND('',#11105,.T.);
#11105 = EDGE_LOOP('',(#11106,#11107,#11108,#11109));
#11106 = ORIENTED_EDGE('',*,*,#11075,.F.);
#11107 = ORIENTED_EDGE('',*,*,#10670,.T.);
#11108 = ORIENTED_EDGE('',*,*,#11092,.F.);
#11109 = ORIENTED_EDGE('',*,*,#10823,.T.);
#11110 = PLANE('',#11111);
#11111 = AXIS2_PLACEMENT_3D('',#11112,#11113,#11114);
#11112 = CARTESIAN_POINT('',(5.35,-2.4,1.));
#11113 = DIRECTION('',(-0.707106781187,-0.707106781187,0.));
#11114 = DIRECTION('',(0.,0.,1.));
#11115 = ( GEOMETRIC_REPRESENTATION_CONTEXT(3) 
GLOBAL_UNCERTAINTY_ASSIGNED_CONTEXT((#11119)) 
GLOBAL_UNIT_ASSIGNED_CONTEXT((#11116,#11117,#11118)) 
REPRESENTATION_CONTEXT('Context #1',
  '3D Context with UNIT and UNCERTAINTY') );
#11116 = ( LENGTH_UNIT() NAMED_UNIT(*) SI_UNIT(.MILLI.,.METRE.) );
#11117 = ( NAMED_UNIT(*) PLANE_ANGLE_UNIT() SI_UNIT($,.RADIAN.) );
#11118 = ( NAMED_UNIT(*) SI_UNIT($,.STERADIAN.) SOLID_ANGLE_UNIT() );
#11119 = UNCERTAINTY_MEASURE_WITH_UNIT(LENGTH_MEASURE(1.E-07),#11116,
  'distance_accuracy_value','confusion accuracy');
#11120 = CONTEXT_DEPENDENT_SHAPE_REPRESENTATION(#11121,#11123);
#11121 = ( REPRESENTATION_RELATIONSHIP('','',#10636,#817) 
REPRESENTATION_RELATIONSHIP_WITH_TRANSFORMATION(#11122) 
SHAPE_REPRESENTATION_RELATIONSHIP() );
#11122 = ITEM_DEFINED_TRANSFORMATION('','',#11,#850);
#11123 = PRODUCT_DEFINITION_SHAPE('Placement','Placement of an item',
  #11124);
#11124 = NEXT_ASSEMBLY_USAGE_OCCURRENCE('87','=>[0:1:1:12]','',#812,
  #10631,$);
#11125 = PRODUCT_RELATED_PRODUCT_CATEGORY('part',$,(#10633));
#11126 = SHAPE_DEFINITION_REPRESENTATION(#11127,#11133);
#11127 = PRODUCT_DEFINITION_SHAPE('','',#11128);
#11128 = PRODUCT_DEFINITION('design','',#11129,#11132);
#11129 = PRODUCT_DEFINITION_FORMATION('','',#11130);
#11130 = PRODUCT('Part 20','Part 20','',(#11131));
#11131 = PRODUCT_CONTEXT('',#2,'mechanical');
#11132 = PRODUCT_DEFINITION_CONTEXT('part definition',#2,'design');
#11133 = ADVANCED_BREP_SHAPE_REPRESENTATION('',(#11,#11134),#11612);
#11134 = MANIFOLD_SOLID_BREP('',#11135);
#11135 = CLOSED_SHELL('',(#11136,#11210,#11284,#11324,#11346,#11363,
    #11380,#11420,#11442,#11459,#11476,#11498,#11515,#11532,#11544,
    #11566,#11583,#11600));
#11136 = ADVANCED_FACE('',(#11137),#11205,.F.);
#11137 = FACE_BOUND('',#11138,.T.);
#11138 = EDGE_LOOP('',(#11139,#11149,#11157,#11165,#11174,#11182,#11190,
    #11198));
#11139 = ORIENTED_EDGE('',*,*,#11140,.T.);
#11140 = EDGE_CURVE('',#11141,#11143,#11145,.T.);
#11141 = VERTEX_POINT('',#11142);
#11142 = CARTESIAN_POINT('',(8.35,0.35,5.E-02));
#11143 = VERTEX_POINT('',#11144);
#11144 = CARTESIAN_POINT('',(8.35,0.35,2.9));
#11145 = LINE('',#11146,#11147);
#11146 = CARTESIAN_POINT('',(8.35,0.35,1.525));
#11147 = VECTOR('',#11148,1.);
#11148 = DIRECTION('',(0.,5.512892402469E-17,1.));
#11149 = ORIENTED_EDGE('',*,*,#11150,.T.);
#11150 = EDGE_CURVE('',#11143,#11151,#11153,.T.);
#11151 = VERTEX_POINT('',#11152);
#11152 = CARTESIAN_POINT('',(8.35,0.65,2.9));
#11153 = LINE('',#11154,#11155);
#11154 = CARTESIAN_POINT('',(8.35,0.65,2.9));
#11155 = VECTOR('',#11156,1.);
#11156 = DIRECTION('',(0.,1.,0.));
#11157 = ORIENTED_EDGE('',*,*,#11158,.T.);
#11158 = EDGE_CURVE('',#11151,#11159,#11161,.T.);
#11159 = VERTEX_POINT('',#11160);
#11160 = CARTESIAN_POINT('',(8.35,0.65,5.E-02));
#11161 = LINE('',#11162,#11163);
#11162 = CARTESIAN_POINT('',(8.35,0.65,1.525));
#11163 = VECTOR('',#11164,1.);
#11164 = DIRECTION('',(0.,-1.837630800823E-16,-1.));
#11165 = ORIENTED_EDGE('',*,*,#11166,.T.);
#11166 = EDGE_CURVE('',#11159,#11167,#11169,.T.);
#11167 = VERTEX_POINT('',#11168);
#11168 = CARTESIAN_POINT('',(8.35,0.8,-0.1));
#11169 = CIRCLE('',#11170,0.15);
#11170 = AXIS2_PLACEMENT_3D('',#11171,#11172,#11173);
#11171 = CARTESIAN_POINT('',(8.35,0.8,5.E-02));
#11172 = DIRECTION('',(1.,0.,0.));
#11173 = DIRECTION('',(0.,0.,-1.));
#11174 = ORIENTED_EDGE('',*,*,#11175,.T.);
#11175 = EDGE_CURVE('',#11167,#11176,#11178,.T.);
#11176 = VERTEX_POINT('',#11177);
#11177 = CARTESIAN_POINT('',(8.35,2.4,-0.1));
#11178 = LINE('',#11179,#11180);
#11179 = CARTESIAN_POINT('',(8.35,1.65,-0.1));
#11180 = VECTOR('',#11181,1.);
#11181 = DIRECTION('',(0.,1.,0.));
#11182 = ORIENTED_EDGE('',*,*,#11183,.T.);
#11183 = EDGE_CURVE('',#11176,#11184,#11186,.T.);
#11184 = VERTEX_POINT('',#11185);
#11185 = CARTESIAN_POINT('',(8.35,2.4,-0.4));
#11186 = LINE('',#11187,#11188);
#11187 = CARTESIAN_POINT('',(8.35,2.4,-0.4));
#11188 = VECTOR('',#11189,1.);
#11189 = DIRECTION('',(0.,0.,-1.));
#11190 = ORIENTED_EDGE('',*,*,#11191,.T.);
#11191 = EDGE_CURVE('',#11184,#11192,#11194,.T.);
#11192 = VERTEX_POINT('',#11193);
#11193 = CARTESIAN_POINT('',(8.35,0.8,-0.4));
#11194 = LINE('',#11195,#11196);
#11195 = CARTESIAN_POINT('',(8.35,1.65,-0.4));
#11196 = VECTOR('',#11197,1.);
#11197 = DIRECTION('',(0.,-1.,1.27553196763E-16));
#11198 = ORIENTED_EDGE('',*,*,#11199,.F.);
#11199 = EDGE_CURVE('',#11141,#11192,#11200,.T.);
#11200 = CIRCLE('',#11201,0.45);
#11201 = AXIS2_PLACEMENT_3D('',#11202,#11203,#11204);
#11202 = CARTESIAN_POINT('',(8.35,0.8,5.E-02));
#11203 = DIRECTION('',(1.,0.,0.));
#11204 = DIRECTION('',(0.,0.,-1.));
#11205 = PLANE('',#11206);
#11206 = AXIS2_PLACEMENT_3D('',#11207,#11208,#11209);
#11207 = CARTESIAN_POINT('',(8.35,0.5,1.));
#11208 = DIRECTION('',(1.,0.,0.));
#11209 = DIRECTION('',(0.,0.,-1.));
#11210 = ADVANCED_FACE('',(#11211),#11279,.F.);
#11211 = FACE_BOUND('',#11212,.T.);
#11212 = EDGE_LOOP('',(#11213,#11223,#11231,#11239,#11248,#11256,#11264,
    #11272));
#11213 = ORIENTED_EDGE('',*,*,#11214,.T.);
#11214 = EDGE_CURVE('',#11215,#11217,#11219,.T.);
#11215 = VERTEX_POINT('',#11216);
#11216 = CARTESIAN_POINT('',(8.65,0.65,5.E-02));
#11217 = VERTEX_POINT('',#11218);
#11218 = CARTESIAN_POINT('',(8.65,0.65,2.9));
#11219 = LINE('',#11220,#11221);
#11220 = CARTESIAN_POINT('',(8.65,0.65,1.525));
#11221 = VECTOR('',#11222,1.);
#11222 = DIRECTION('',(0.,1.837630800823E-16,1.));
#11223 = ORIENTED_EDGE('',*,*,#11224,.T.);
#11224 = EDGE_CURVE('',#11217,#11225,#11227,.T.);
#11225 = VERTEX_POINT('',#11226);
#11226 = CARTESIAN_POINT('',(8.65,0.35,2.9));
#11227 = LINE('',#11228,#11229);
#11228 = CARTESIAN_POINT('',(8.65,0.35,2.9));
#11229 = VECTOR('',#11230,1.);
#11230 = DIRECTION('',(0.,-1.,0.));
#11231 = ORIENTED_EDGE('',*,*,#11232,.T.);
#11232 = EDGE_CURVE('',#11225,#11233,#11235,.T.);
#11233 = VERTEX_POINT('',#11234);
#11234 = CARTESIAN_POINT('',(8.65,0.35,5.E-02));
#11235 = LINE('',#11236,#11237);
#11236 = CARTESIAN_POINT('',(8.65,0.35,1.525));
#11237 = VECTOR('',#11238,1.);
#11238 = DIRECTION('',(0.,-5.512892402469E-17,-1.));
#11239 = ORIENTED_EDGE('',*,*,#11240,.F.);
#11240 = EDGE_CURVE('',#11241,#11233,#11243,.T.);
#11241 = VERTEX_POINT('',#11242);
#11242 = CARTESIAN_POINT('',(8.65,0.8,-0.4));
#11243 = CIRCLE('',#11244,0.45);
#11244 = AXIS2_PLACEMENT_3D('',#11245,#11246,#11247);
#11245 = CARTESIAN_POINT('',(8.65,0.8,5.E-02));
#11246 = DIRECTION('',(-1.,0.,0.));
#11247 = DIRECTION('',(0.,0.,1.));
#11248 = ORIENTED_EDGE('',*,*,#11249,.T.);
#11249 = EDGE_CURVE('',#11241,#11250,#11252,.T.);
#11250 = VERTEX_POINT('',#11251);
#11251 = CARTESIAN_POINT('',(8.65,2.4,-0.4));
#11252 = LINE('',#11253,#11254);
#11253 = CARTESIAN_POINT('',(8.65,1.65,-0.4));
#11254 = VECTOR('',#11255,1.);
#11255 = DIRECTION('',(0.,1.,-1.27553196763E-16));
#11256 = ORIENTED_EDGE('',*,*,#11257,.T.);
#11257 = EDGE_CURVE('',#11250,#11258,#11260,.T.);
#11258 = VERTEX_POINT('',#11259);
#11259 = CARTESIAN_POINT('',(8.65,2.4,-0.1));
#11260 = LINE('',#11261,#11262);
#11261 = CARTESIAN_POINT('',(8.65,2.4,-0.1));
#11262 = VECTOR('',#11263,1.);
#11263 = DIRECTION('',(0.,0.,1.));
#11264 = ORIENTED_EDGE('',*,*,#11265,.T.);
#11265 = EDGE_CURVE('',#11258,#11266,#11268,.T.);
#11266 = VERTEX_POINT('',#11267);
#11267 = CARTESIAN_POINT('',(8.65,0.8,-0.1));
#11268 = LINE('',#11269,#11270);
#11269 = CARTESIAN_POINT('',(8.65,1.65,-0.1));
#11270 = VECTOR('',#11271,1.);
#11271 = DIRECTION('',(0.,-1.,0.));
#11272 = ORIENTED_EDGE('',*,*,#11273,.T.);
#11273 = EDGE_CURVE('',#11266,#11215,#11274,.T.);
#11274 = CIRCLE('',#11275,0.15);
#11275 = AXIS2_PLACEMENT_3D('',#11276,#11277,#11278);
#11276 = CARTESIAN_POINT('',(8.65,0.8,5.E-02));
#11277 = DIRECTION('',(-1.,0.,0.));
#11278 = DIRECTION('',(0.,0.,1.));
#11279 = PLANE('',#11280);
#11280 = AXIS2_PLACEMENT_3D('',#11281,#11282,#11283);
#11281 = CARTESIAN_POINT('',(8.65,1.425,1.3));
#11282 = DIRECTION('',(-1.,0.,0.));
#11283 = DIRECTION('',(0.,-1.,0.));
#11284 = ADVANCED_FACE('',(#11285),#11319,.T.);
#11285 = FACE_BOUND('',#11286,.T.);
#11286 = EDGE_LOOP('',(#11287,#11297,#11305,#11313));
#11287 = ORIENTED_EDGE('',*,*,#11288,.T.);
#11288 = EDGE_CURVE('',#11289,#11291,#11293,.T.);
#11289 = VERTEX_POINT('',#11290);
#11290 = CARTESIAN_POINT('',(8.55,0.55,3.));
#11291 = VERTEX_POINT('',#11292);
#11292 = CARTESIAN_POINT('',(8.45,0.55,3.));
#11293 = LINE('',#11294,#11295);
#11294 = CARTESIAN_POINT('',(8.348,0.55,3.));
#11295 = VECTOR('',#11296,1.);
#11296 = DIRECTION('',(-1.,0.,0.));
#11297 = ORIENTED_EDGE('',*,*,#11298,.T.);
#11298 = EDGE_CURVE('',#11291,#11299,#11301,.T.);
#11299 = VERTEX_POINT('',#11300);
#11300 = CARTESIAN_POINT('',(8.45,0.45,3.));
#11301 = LINE('',#11302,#11303);
#11302 = CARTESIAN_POINT('',(8.45,0.35,3.));
#11303 = VECTOR('',#11304,1.);
#11304 = DIRECTION('',(0.,-1.,0.));
#11305 = ORIENTED_EDGE('',*,*,#11306,.T.);
#11306 = EDGE_CURVE('',#11299,#11307,#11309,.T.);
#11307 = VERTEX_POINT('',#11308);
#11308 = CARTESIAN_POINT('',(8.55,0.45,3.));
#11309 = LINE('',#11310,#11311);
#11310 = CARTESIAN_POINT('',(8.348,0.45,3.));
#11311 = VECTOR('',#11312,1.);
#11312 = DIRECTION('',(1.,0.,0.));
#11313 = ORIENTED_EDGE('',*,*,#11314,.T.);
#11314 = EDGE_CURVE('',#11307,#11289,#11315,.T.);
#11315 = LINE('',#11316,#11317);
#11316 = CARTESIAN_POINT('',(8.55,0.65,3.));
#11317 = VECTOR('',#11318,1.);
#11318 = DIRECTION('',(0.,1.,0.));
#11319 = PLANE('',#11320);
#11320 = AXIS2_PLACEMENT_3D('',#11321,#11322,#11323);
#11321 = CARTESIAN_POINT('',(8.348,0.5,3.));
#11322 = DIRECTION('',(0.,0.,1.));
#11323 = DIRECTION('',(1.,0.,-0.));
#11324 = ADVANCED_FACE('',(#11325),#11341,.T.);
#11325 = FACE_BOUND('',#11326,.T.);
#11326 = EDGE_LOOP('',(#11327,#11328,#11334,#11335));
#11327 = ORIENTED_EDGE('',*,*,#11232,.F.);
#11328 = ORIENTED_EDGE('',*,*,#11329,.T.);
#11329 = EDGE_CURVE('',#11225,#11143,#11330,.T.);
#11330 = LINE('',#11331,#11332);
#11331 = CARTESIAN_POINT('',(8.348,0.35,2.9));
#11332 = VECTOR('',#11333,1.);
#11333 = DIRECTION('',(-1.,0.,0.));
#11334 = ORIENTED_EDGE('',*,*,#11140,.F.);
#11335 = ORIENTED_EDGE('',*,*,#11336,.T.);
#11336 = EDGE_CURVE('',#11141,#11233,#11337,.T.);
#11337 = LINE('',#11338,#11339);
#11338 = CARTESIAN_POINT('',(8.348,0.35,5.E-02));
#11339 = VECTOR('',#11340,1.);
#11340 = DIRECTION('',(1.,0.,0.));
#11341 = PLANE('',#11342);
#11342 = AXIS2_PLACEMENT_3D('',#11343,#11344,#11345);
#11343 = CARTESIAN_POINT('',(8.348,0.35,1.525));
#11344 = DIRECTION('',(0.,-1.,5.512892402469E-17));
#11345 = DIRECTION('',(0.,-5.512892402469E-17,-1.));
#11346 = ADVANCED_FACE('',(#11347),#11358,.T.);
#11347 = FACE_BOUND('',#11348,.T.);
#11348 = EDGE_LOOP('',(#11349,#11350,#11351,#11357));
#11349 = ORIENTED_EDGE('',*,*,#11336,.F.);
#11350 = ORIENTED_EDGE('',*,*,#11199,.T.);
#11351 = ORIENTED_EDGE('',*,*,#11352,.T.);
#11352 = EDGE_CURVE('',#11192,#11241,#11353,.T.);
#11353 = LINE('',#11354,#11355);
#11354 = CARTESIAN_POINT('',(8.348,0.8,-0.4));
#11355 = VECTOR('',#11356,1.);
#11356 = DIRECTION('',(1.,0.,0.));
#11357 = ORIENTED_EDGE('',*,*,#11240,.T.);
#11358 = CYLINDRICAL_SURFACE('',#11359,0.45);
#11359 = AXIS2_PLACEMENT_3D('',#11360,#11361,#11362);
#11360 = CARTESIAN_POINT('',(8.348,0.8,5.E-02));
#11361 = DIRECTION('',(1.,0.,0.));
#11362 = DIRECTION('',(0.,0.,-1.));
#11363 = ADVANCED_FACE('',(#11364),#11375,.T.);
#11364 = FACE_BOUND('',#11365,.T.);
#11365 = EDGE_LOOP('',(#11366,#11367,#11373,#11374));
#11366 = ORIENTED_EDGE('',*,*,#11191,.F.);
#11367 = ORIENTED_EDGE('',*,*,#11368,.T.);
#11368 = EDGE_CURVE('',#11184,#11250,#11369,.T.);
#11369 = LINE('',#11370,#11371);
#11370 = CARTESIAN_POINT('',(8.348,2.4,-0.4));
#11371 = VECTOR('',#11372,1.);
#11372 = DIRECTION('',(1.,0.,0.));
#11373 = ORIENTED_EDGE('',*,*,#11249,.F.);
#11374 = ORIENTED_EDGE('',*,*,#11352,.F.);
#11375 = PLANE('',#11376);
#11376 = AXIS2_PLACEMENT_3D('',#11377,#11378,#11379);
#11377 = CARTESIAN_POINT('',(8.348,1.65,-0.4));
#11378 = DIRECTION('',(0.,-1.27553196763E-16,-1.));
#11379 = DIRECTION('',(0.,1.,-1.27553196763E-16));
#11380 = ADVANCED_FACE('',(#11381),#11415,.T.);
#11381 = FACE_BOUND('',#11382,.T.);
#11382 = EDGE_LOOP('',(#11383,#11393,#11401,#11409));
#11383 = ORIENTED_EDGE('',*,*,#11384,.T.);
#11384 = EDGE_CURVE('',#11385,#11387,#11389,.T.);
#11385 = VERTEX_POINT('',#11386);
#11386 = CARTESIAN_POINT('',(8.55,2.5,-0.3));
#11387 = VERTEX_POINT('',#11388);
#11388 = CARTESIAN_POINT('',(8.45,2.5,-0.3));
#11389 = LINE('',#11390,#11391);
#11390 = CARTESIAN_POINT('',(8.348,2.5,-0.3));
#11391 = VECTOR('',#11392,1.);
#11392 = DIRECTION('',(-1.,0.,0.));
#11393 = ORIENTED_EDGE('',*,*,#11394,.T.);
#11394 = EDGE_CURVE('',#11387,#11395,#11397,.T.);
#11395 = VERTEX_POINT('',#11396);
#11396 = CARTESIAN_POINT('',(8.45,2.5,-0.2));
#11397 = LINE('',#11398,#11399);
#11398 = CARTESIAN_POINT('',(8.45,2.5,-0.1));
#11399 = VECTOR('',#11400,1.);
#11400 = DIRECTION('',(0.,0.,1.));
#11401 = ORIENTED_EDGE('',*,*,#11402,.T.);
#11402 = EDGE_CURVE('',#11395,#11403,#11405,.T.);
#11403 = VERTEX_POINT('',#11404);
#11404 = CARTESIAN_POINT('',(8.55,2.5,-0.2));
#11405 = LINE('',#11406,#11407);
#11406 = CARTESIAN_POINT('',(8.348,2.5,-0.2));
#11407 = VECTOR('',#11408,1.);
#11408 = DIRECTION('',(1.,0.,0.));
#11409 = ORIENTED_EDGE('',*,*,#11410,.T.);
#11410 = EDGE_CURVE('',#11403,#11385,#11411,.T.);
#11411 = LINE('',#11412,#11413);
#11412 = CARTESIAN_POINT('',(8.55,2.5,-0.4));
#11413 = VECTOR('',#11414,1.);
#11414 = DIRECTION('',(0.,0.,-1.));
#11415 = PLANE('',#11416);
#11416 = AXIS2_PLACEMENT_3D('',#11417,#11418,#11419);
#11417 = CARTESIAN_POINT('',(8.348,2.5,-0.25));
#11418 = DIRECTION('',(0.,1.,0.));
#11419 = DIRECTION('',(0.,-0.,1.));
#11420 = ADVANCED_FACE('',(#11421),#11437,.T.);
#11421 = FACE_BOUND('',#11422,.T.);
#11422 = EDGE_LOOP('',(#11423,#11424,#11430,#11431));
#11423 = ORIENTED_EDGE('',*,*,#11265,.F.);
#11424 = ORIENTED_EDGE('',*,*,#11425,.T.);
#11425 = EDGE_CURVE('',#11258,#11176,#11426,.T.);
#11426 = LINE('',#11427,#11428);
#11427 = CARTESIAN_POINT('',(8.348,2.4,-0.1));
#11428 = VECTOR('',#11429,1.);
#11429 = DIRECTION('',(-1.,0.,0.));
#11430 = ORIENTED_EDGE('',*,*,#11175,.F.);
#11431 = ORIENTED_EDGE('',*,*,#11432,.T.);
#11432 = EDGE_CURVE('',#11167,#11266,#11433,.T.);
#11433 = LINE('',#11434,#11435);
#11434 = CARTESIAN_POINT('',(8.348,0.8,-0.1));
#11435 = VECTOR('',#11436,1.);
#11436 = DIRECTION('',(1.,0.,0.));
#11437 = PLANE('',#11438);
#11438 = AXIS2_PLACEMENT_3D('',#11439,#11440,#11441);
#11439 = CARTESIAN_POINT('',(8.348,1.65,-0.1));
#11440 = DIRECTION('',(0.,0.,1.));
#11441 = DIRECTION('',(1.,0.,-0.));
#11442 = ADVANCED_FACE('',(#11443),#11454,.F.);
#11443 = FACE_BOUND('',#11444,.F.);
#11444 = EDGE_LOOP('',(#11445,#11446,#11447,#11453));
#11445 = ORIENTED_EDGE('',*,*,#11432,.T.);
#11446 = ORIENTED_EDGE('',*,*,#11273,.T.);
#11447 = ORIENTED_EDGE('',*,*,#11448,.F.);
#11448 = EDGE_CURVE('',#11159,#11215,#11449,.T.);
#11449 = LINE('',#11450,#11451);
#11450 = CARTESIAN_POINT('',(8.348,0.65,5.E-02));
#11451 = VECTOR('',#11452,1.);
#11452 = DIRECTION('',(1.,0.,0.));
#11453 = ORIENTED_EDGE('',*,*,#11166,.T.);
#11454 = CYLINDRICAL_SURFACE('',#11455,0.15);
#11455 = AXIS2_PLACEMENT_3D('',#11456,#11457,#11458);
#11456 = CARTESIAN_POINT('',(8.348,0.8,5.E-02));
#11457 = DIRECTION('',(1.,0.,0.));
#11458 = DIRECTION('',(0.,0.,-1.));
#11459 = ADVANCED_FACE('',(#11460),#11471,.T.);
#11460 = FACE_BOUND('',#11461,.T.);
#11461 = EDGE_LOOP('',(#11462,#11463,#11469,#11470));
#11462 = ORIENTED_EDGE('',*,*,#11158,.F.);
#11463 = ORIENTED_EDGE('',*,*,#11464,.T.);
#11464 = EDGE_CURVE('',#11151,#11217,#11465,.T.);
#11465 = LINE('',#11466,#11467);
#11466 = CARTESIAN_POINT('',(8.348,0.65,2.9));
#11467 = VECTOR('',#11468,1.);
#11468 = DIRECTION('',(1.,0.,0.));
#11469 = ORIENTED_EDGE('',*,*,#11214,.F.);
#11470 = ORIENTED_EDGE('',*,*,#11448,.F.);
#11471 = PLANE('',#11472);
#11472 = AXIS2_PLACEMENT_3D('',#11473,#11474,#11475);
#11473 = CARTESIAN_POINT('',(8.348,0.65,1.525));
#11474 = DIRECTION('',(0.,1.,-1.837630800823E-16));
#11475 = DIRECTION('',(0.,1.837630800823E-16,1.));
#11476 = ADVANCED_FACE('',(#11477),#11493,.T.);
#11477 = FACE_BOUND('',#11478,.T.);
#11478 = EDGE_LOOP('',(#11479,#11485,#11486,#11492));
#11479 = ORIENTED_EDGE('',*,*,#11480,.T.);
#11480 = EDGE_CURVE('',#11217,#11289,#11481,.T.);
#11481 = LINE('',#11482,#11483);
#11482 = CARTESIAN_POINT('',(8.549333333333,0.549333333333,
    3.000666666667));
#11483 = VECTOR('',#11484,1.);
#11484 = DIRECTION('',(-0.57735026919,-0.57735026919,0.57735026919));
#11485 = ORIENTED_EDGE('',*,*,#11314,.F.);
#11486 = ORIENTED_EDGE('',*,*,#11487,.F.);
#11487 = EDGE_CURVE('',#11225,#11307,#11488,.T.);
#11488 = LINE('',#11489,#11490);
#11489 = CARTESIAN_POINT('',(8.291666666667,0.708333333333,
    3.258333333333));
#11490 = VECTOR('',#11491,1.);
#11491 = DIRECTION('',(-0.57735026919,0.57735026919,0.57735026919));
#11492 = ORIENTED_EDGE('',*,*,#11224,.F.);
#11493 = PLANE('',#11494);
#11494 = AXIS2_PLACEMENT_3D('',#11495,#11496,#11497);
#11495 = CARTESIAN_POINT('',(8.65,1.425,2.9));
#11496 = DIRECTION('',(0.707106781187,0.,0.707106781187));
#11497 = DIRECTION('',(-0.,1.,0.));
#11498 = ADVANCED_FACE('',(#11499),#11510,.F.);
#11499 = FACE_BOUND('',#11500,.T.);
#11500 = EDGE_LOOP('',(#11501,#11502,#11503,#11509));
#11501 = ORIENTED_EDGE('',*,*,#11487,.T.);
#11502 = ORIENTED_EDGE('',*,*,#11306,.F.);
#11503 = ORIENTED_EDGE('',*,*,#11504,.F.);
#11504 = EDGE_CURVE('',#11143,#11299,#11505,.T.);
#11505 = LINE('',#11506,#11507);
#11506 = CARTESIAN_POINT('',(8.416,0.416,2.966));
#11507 = VECTOR('',#11508,1.);
#11508 = DIRECTION('',(0.57735026919,0.57735026919,0.57735026919));
#11509 = ORIENTED_EDGE('',*,*,#11329,.F.);
#11510 = PLANE('',#11511);
#11511 = AXIS2_PLACEMENT_3D('',#11512,#11513,#11514);
#11512 = CARTESIAN_POINT('',(8.348,0.45,3.));
#11513 = DIRECTION('',(0.,0.707106781187,-0.707106781187));
#11514 = DIRECTION('',(1.,0.,0.));
#11515 = ADVANCED_FACE('',(#11516),#11527,.F.);
#11516 = FACE_BOUND('',#11517,.T.);
#11517 = EDGE_LOOP('',(#11518,#11519,#11520,#11526));
#11518 = ORIENTED_EDGE('',*,*,#11480,.F.);
#11519 = ORIENTED_EDGE('',*,*,#11464,.F.);
#11520 = ORIENTED_EDGE('',*,*,#11521,.F.);
#11521 = EDGE_CURVE('',#11291,#11151,#11522,.T.);
#11522 = LINE('',#11523,#11524);
#11523 = CARTESIAN_POINT('',(8.349333333333,0.650666666667,
    2.899333333333));
#11524 = VECTOR('',#11525,1.);
#11525 = DIRECTION('',(-0.57735026919,0.57735026919,-0.57735026919));
#11526 = ORIENTED_EDGE('',*,*,#11288,.F.);
#11527 = PLANE('',#11528);
#11528 = AXIS2_PLACEMENT_3D('',#11529,#11530,#11531);
#11529 = CARTESIAN_POINT('',(8.348,0.65,2.9));
#11530 = DIRECTION('',(0.,-0.707106781187,-0.707106781187));
#11531 = DIRECTION('',(1.,0.,0.));
#11532 = ADVANCED_FACE('',(#11533),#11539,.T.);
#11533 = FACE_BOUND('',#11534,.T.);
#11534 = EDGE_LOOP('',(#11535,#11536,#11537,#11538));
#11535 = ORIENTED_EDGE('',*,*,#11504,.T.);
#11536 = ORIENTED_EDGE('',*,*,#11298,.F.);
#11537 = ORIENTED_EDGE('',*,*,#11521,.T.);
#11538 = ORIENTED_EDGE('',*,*,#11150,.F.);
#11539 = PLANE('',#11540);
#11540 = AXIS2_PLACEMENT_3D('',#11541,#11542,#11543);
#11541 = CARTESIAN_POINT('',(8.35,0.5,2.9));
#11542 = DIRECTION('',(-0.707106781187,0.,0.707106781187));
#11543 = DIRECTION('',(0.,-1.,0.));
#11544 = ADVANCED_FACE('',(#11545),#11561,.T.);
#11545 = FACE_BOUND('',#11546,.T.);
#11546 = EDGE_LOOP('',(#11547,#11553,#11554,#11560));
#11547 = ORIENTED_EDGE('',*,*,#11548,.F.);
#11548 = EDGE_CURVE('',#11385,#11250,#11549,.T.);
#11549 = LINE('',#11550,#11551);
#11550 = CARTESIAN_POINT('',(8.083333333333,2.966666666667,
    0.166666666667));
#11551 = VECTOR('',#11552,1.);
#11552 = DIRECTION('',(0.57735026919,-0.57735026919,-0.57735026919));
#11553 = ORIENTED_EDGE('',*,*,#11410,.F.);
#11554 = ORIENTED_EDGE('',*,*,#11555,.T.);
#11555 = EDGE_CURVE('',#11403,#11258,#11556,.T.);
#11556 = LINE('',#11557,#11558);
#11557 = CARTESIAN_POINT('',(8.482666666667,2.567333333333,
    -0.267333333333));
#11558 = VECTOR('',#11559,1.);
#11559 = DIRECTION('',(0.57735026919,-0.57735026919,0.57735026919));
#11560 = ORIENTED_EDGE('',*,*,#11257,.F.);
#11561 = PLANE('',#11562);
#11562 = AXIS2_PLACEMENT_3D('',#11563,#11564,#11565);
#11563 = CARTESIAN_POINT('',(8.65,2.4,1.3));
#11564 = DIRECTION('',(0.707106781187,0.707106781187,0.));
#11565 = DIRECTION('',(0.,0.,-1.));
#11566 = ADVANCED_FACE('',(#11567),#11578,.F.);
#11567 = FACE_BOUND('',#11568,.T.);
#11568 = EDGE_LOOP('',(#11569,#11570,#11571,#11577));
#11569 = ORIENTED_EDGE('',*,*,#11555,.F.);
#11570 = ORIENTED_EDGE('',*,*,#11402,.F.);
#11571 = ORIENTED_EDGE('',*,*,#11572,.F.);
#11572 = EDGE_CURVE('',#11176,#11395,#11573,.T.);
#11573 = LINE('',#11574,#11575);
#11574 = CARTESIAN_POINT('',(8.416,2.466,-0.166));
#11575 = VECTOR('',#11576,1.);
#11576 = DIRECTION('',(0.57735026919,0.57735026919,-0.57735026919));
#11577 = ORIENTED_EDGE('',*,*,#11425,.F.);
#11578 = PLANE('',#11579);
#11579 = AXIS2_PLACEMENT_3D('',#11580,#11581,#11582);
#11580 = CARTESIAN_POINT('',(8.348,2.5,-0.2));
#11581 = DIRECTION('',(0.,-0.707106781187,-0.707106781187));
#11582 = DIRECTION('',(1.,0.,0.));
#11583 = ADVANCED_FACE('',(#11584),#11595,.F.);
#11584 = FACE_BOUND('',#11585,.T.);
#11585 = EDGE_LOOP('',(#11586,#11587,#11588,#11594));
#11586 = ORIENTED_EDGE('',*,*,#11548,.T.);
#11587 = ORIENTED_EDGE('',*,*,#11368,.F.);
#11588 = ORIENTED_EDGE('',*,*,#11589,.F.);
#11589 = EDGE_CURVE('',#11387,#11184,#11590,.T.);
#11590 = LINE('',#11591,#11592);
#11591 = CARTESIAN_POINT('',(8.349333333333,2.399333333333,
    -0.400666666667));
#11592 = VECTOR('',#11593,1.);
#11593 = DIRECTION('',(-0.57735026919,-0.57735026919,-0.57735026919));
#11594 = ORIENTED_EDGE('',*,*,#11384,.F.);
#11595 = PLANE('',#11596);
#11596 = AXIS2_PLACEMENT_3D('',#11597,#11598,#11599);
#11597 = CARTESIAN_POINT('',(8.348,2.4,-0.4));
#11598 = DIRECTION('',(0.,-0.707106781187,0.707106781187));
#11599 = DIRECTION('',(1.,0.,0.));
#11600 = ADVANCED_FACE('',(#11601),#11607,.T.);
#11601 = FACE_BOUND('',#11602,.T.);
#11602 = EDGE_LOOP('',(#11603,#11604,#11605,#11606));
#11603 = ORIENTED_EDGE('',*,*,#11572,.T.);
#11604 = ORIENTED_EDGE('',*,*,#11394,.F.);
#11605 = ORIENTED_EDGE('',*,*,#11589,.T.);
#11606 = ORIENTED_EDGE('',*,*,#11183,.F.);
#11607 = PLANE('',#11608);
#11608 = AXIS2_PLACEMENT_3D('',#11609,#11610,#11611);
#11609 = CARTESIAN_POINT('',(8.35,2.4,1.));
#11610 = DIRECTION('',(-0.707106781187,0.707106781187,0.));
#11611 = DIRECTION('',(0.,0.,1.));
#11612 = ( GEOMETRIC_REPRESENTATION_CONTEXT(3) 
GLOBAL_UNCERTAINTY_ASSIGNED_CONTEXT((#11616)) 
GLOBAL_UNIT_ASSIGNED_CONTEXT((#11613,#11614,#11615)) 
REPRESENTATION_CONTEXT('Context #1',
  '3D Context with UNIT and UNCERTAINTY') );
#11613 = ( LENGTH_UNIT() NAMED_UNIT(*) SI_UNIT(.MILLI.,.METRE.) );
#11614 = ( NAMED_UNIT(*) PLANE_ANGLE_UNIT() SI_UNIT($,.RADIAN.) );
#11615 = ( NAMED_UNIT(*) SI_UNIT($,.STERADIAN.) SOLID_ANGLE_UNIT() );
#11616 = UNCERTAINTY_MEASURE_WITH_UNIT(LENGTH_MEASURE(1.E-07),#11613,
  'distance_accuracy_value','confusion accuracy');
#11617 = CONTEXT_DEPENDENT_SHAPE_REPRESENTATION(#11618,#11620);
#11618 = ( REPRESENTATION_RELATIONSHIP('','',#11133,#817) 
REPRESENTATION_RELATIONSHIP_WITH_TRANSFORMATION(#11619) 
SHAPE_REPRESENTATION_RELATIONSHIP() );
#11619 = ITEM_DEFINED_TRANSFORMATION('','',#11,#854);
#11620 = PRODUCT_DEFINITION_SHAPE('Placement','Placement of an item',
  #11621);
#11621 = NEXT_ASSEMBLY_USAGE_OCCURRENCE('88','=>[0:1:1:13]','',#812,
  #11128,$);
#11622 = PRODUCT_RELATED_PRODUCT_CATEGORY('part',$,(#11130));
#11623 = SHAPE_DEFINITION_REPRESENTATION(#11624,#11630);
#11624 = PRODUCT_DEFINITION_SHAPE('','',#11625);
#11625 = PRODUCT_DEFINITION('design','',#11626,#11629);
#11626 = PRODUCT_DEFINITION_FORMATION('','',#11627);
#11627 = PRODUCT('Part 18','Part 18','',(#11628));
#11628 = PRODUCT_CONTEXT('',#2,'mechanical');
#11629 = PRODUCT_DEFINITION_CONTEXT('part definition',#2,'design');
#11630 = ADVANCED_BREP_SHAPE_REPRESENTATION('',(#11,#11631),#12109);
#11631 = MANIFOLD_SOLID_BREP('',#11632);
#11632 = CLOSED_SHELL('',(#11633,#11707,#11781,#11821,#11843,#11860,
    #11877,#11917,#11939,#11956,#11973,#11995,#12012,#12029,#12041,
    #12063,#12080,#12097));
#11633 = ADVANCED_FACE('',(#11634),#11702,.F.);
#11634 = FACE_BOUND('',#11635,.T.);
#11635 = EDGE_LOOP('',(#11636,#11646,#11654,#11662,#11671,#11679,#11687,
    #11695));
#11636 = ORIENTED_EDGE('',*,*,#11637,.T.);
#11637 = EDGE_CURVE('',#11638,#11640,#11642,.T.);
#11638 = VERTEX_POINT('',#11639);
#11639 = CARTESIAN_POINT('',(7.35,0.35,5.E-02));
#11640 = VERTEX_POINT('',#11641);
#11641 = CARTESIAN_POINT('',(7.35,0.35,2.9));
#11642 = LINE('',#11643,#11644);
#11643 = CARTESIAN_POINT('',(7.35,0.35,1.525));
#11644 = VECTOR('',#11645,1.);
#11645 = DIRECTION('',(0.,5.512892402469E-17,1.));
#11646 = ORIENTED_EDGE('',*,*,#11647,.T.);
#11647 = EDGE_CURVE('',#11640,#11648,#11650,.T.);
#11648 = VERTEX_POINT('',#11649);
#11649 = CARTESIAN_POINT('',(7.35,0.65,2.9));
#11650 = LINE('',#11651,#11652);
#11651 = CARTESIAN_POINT('',(7.35,0.65,2.9));
#11652 = VECTOR('',#11653,1.);
#11653 = DIRECTION('',(0.,1.,0.));
#11654 = ORIENTED_EDGE('',*,*,#11655,.T.);
#11655 = EDGE_CURVE('',#11648,#11656,#11658,.T.);
#11656 = VERTEX_POINT('',#11657);
#11657 = CARTESIAN_POINT('',(7.35,0.65,5.E-02));
#11658 = LINE('',#11659,#11660);
#11659 = CARTESIAN_POINT('',(7.35,0.65,1.525));
#11660 = VECTOR('',#11661,1.);
#11661 = DIRECTION('',(0.,-1.837630800823E-16,-1.));
#11662 = ORIENTED_EDGE('',*,*,#11663,.T.);
#11663 = EDGE_CURVE('',#11656,#11664,#11666,.T.);
#11664 = VERTEX_POINT('',#11665);
#11665 = CARTESIAN_POINT('',(7.35,0.8,-0.1));
#11666 = CIRCLE('',#11667,0.15);
#11667 = AXIS2_PLACEMENT_3D('',#11668,#11669,#11670);
#11668 = CARTESIAN_POINT('',(7.35,0.8,5.E-02));
#11669 = DIRECTION('',(1.,0.,0.));
#11670 = DIRECTION('',(0.,0.,-1.));
#11671 = ORIENTED_EDGE('',*,*,#11672,.T.);
#11672 = EDGE_CURVE('',#11664,#11673,#11675,.T.);
#11673 = VERTEX_POINT('',#11674);
#11674 = CARTESIAN_POINT('',(7.35,2.4,-0.1));
#11675 = LINE('',#11676,#11677);
#11676 = CARTESIAN_POINT('',(7.35,1.65,-0.1));
#11677 = VECTOR('',#11678,1.);
#11678 = DIRECTION('',(0.,1.,0.));
#11679 = ORIENTED_EDGE('',*,*,#11680,.T.);
#11680 = EDGE_CURVE('',#11673,#11681,#11683,.T.);
#11681 = VERTEX_POINT('',#11682);
#11682 = CARTESIAN_POINT('',(7.35,2.4,-0.4));
#11683 = LINE('',#11684,#11685);
#11684 = CARTESIAN_POINT('',(7.35,2.4,-0.4));
#11685 = VECTOR('',#11686,1.);
#11686 = DIRECTION('',(0.,0.,-1.));
#11687 = ORIENTED_EDGE('',*,*,#11688,.T.);
#11688 = EDGE_CURVE('',#11681,#11689,#11691,.T.);
#11689 = VERTEX_POINT('',#11690);
#11690 = CARTESIAN_POINT('',(7.35,0.8,-0.4));
#11691 = LINE('',#11692,#11693);
#11692 = CARTESIAN_POINT('',(7.35,1.65,-0.4));
#11693 = VECTOR('',#11694,1.);
#11694 = DIRECTION('',(0.,-1.,1.27553196763E-16));
#11695 = ORIENTED_EDGE('',*,*,#11696,.F.);
#11696 = EDGE_CURVE('',#11638,#11689,#11697,.T.);
#11697 = CIRCLE('',#11698,0.45);
#11698 = AXIS2_PLACEMENT_3D('',#11699,#11700,#11701);
#11699 = CARTESIAN_POINT('',(7.35,0.8,5.E-02));
#11700 = DIRECTION('',(1.,0.,0.));
#11701 = DIRECTION('',(0.,0.,-1.));
#11702 = PLANE('',#11703);
#11703 = AXIS2_PLACEMENT_3D('',#11704,#11705,#11706);
#11704 = CARTESIAN_POINT('',(7.35,0.5,1.));
#11705 = DIRECTION('',(1.,0.,0.));
#11706 = DIRECTION('',(0.,0.,-1.));
#11707 = ADVANCED_FACE('',(#11708),#11776,.F.);
#11708 = FACE_BOUND('',#11709,.T.);
#11709 = EDGE_LOOP('',(#11710,#11720,#11728,#11736,#11745,#11753,#11761,
    #11769));
#11710 = ORIENTED_EDGE('',*,*,#11711,.T.);
#11711 = EDGE_CURVE('',#11712,#11714,#11716,.T.);
#11712 = VERTEX_POINT('',#11713);
#11713 = CARTESIAN_POINT('',(7.65,0.65,5.E-02));
#11714 = VERTEX_POINT('',#11715);
#11715 = CARTESIAN_POINT('',(7.65,0.65,2.9));
#11716 = LINE('',#11717,#11718);
#11717 = CARTESIAN_POINT('',(7.65,0.65,1.525));
#11718 = VECTOR('',#11719,1.);
#11719 = DIRECTION('',(0.,1.837630800823E-16,1.));
#11720 = ORIENTED_EDGE('',*,*,#11721,.T.);
#11721 = EDGE_CURVE('',#11714,#11722,#11724,.T.);
#11722 = VERTEX_POINT('',#11723);
#11723 = CARTESIAN_POINT('',(7.65,0.35,2.9));
#11724 = LINE('',#11725,#11726);
#11725 = CARTESIAN_POINT('',(7.65,0.35,2.9));
#11726 = VECTOR('',#11727,1.);
#11727 = DIRECTION('',(0.,-1.,0.));
#11728 = ORIENTED_EDGE('',*,*,#11729,.T.);
#11729 = EDGE_CURVE('',#11722,#11730,#11732,.T.);
#11730 = VERTEX_POINT('',#11731);
#11731 = CARTESIAN_POINT('',(7.65,0.35,5.E-02));
#11732 = LINE('',#11733,#11734);
#11733 = CARTESIAN_POINT('',(7.65,0.35,1.525));
#11734 = VECTOR('',#11735,1.);
#11735 = DIRECTION('',(0.,-5.512892402469E-17,-1.));
#11736 = ORIENTED_EDGE('',*,*,#11737,.F.);
#11737 = EDGE_CURVE('',#11738,#11730,#11740,.T.);
#11738 = VERTEX_POINT('',#11739);
#11739 = CARTESIAN_POINT('',(7.65,0.8,-0.4));
#11740 = CIRCLE('',#11741,0.45);
#11741 = AXIS2_PLACEMENT_3D('',#11742,#11743,#11744);
#11742 = CARTESIAN_POINT('',(7.65,0.8,5.E-02));
#11743 = DIRECTION('',(-1.,0.,0.));
#11744 = DIRECTION('',(0.,0.,1.));
#11745 = ORIENTED_EDGE('',*,*,#11746,.T.);
#11746 = EDGE_CURVE('',#11738,#11747,#11749,.T.);
#11747 = VERTEX_POINT('',#11748);
#11748 = CARTESIAN_POINT('',(7.65,2.4,-0.4));
#11749 = LINE('',#11750,#11751);
#11750 = CARTESIAN_POINT('',(7.65,1.65,-0.4));
#11751 = VECTOR('',#11752,1.);
#11752 = DIRECTION('',(0.,1.,-1.27553196763E-16));
#11753 = ORIENTED_EDGE('',*,*,#11754,.T.);
#11754 = EDGE_CURVE('',#11747,#11755,#11757,.T.);
#11755 = VERTEX_POINT('',#11756);
#11756 = CARTESIAN_POINT('',(7.65,2.4,-0.1));
#11757 = LINE('',#11758,#11759);
#11758 = CARTESIAN_POINT('',(7.65,2.4,-0.1));
#11759 = VECTOR('',#11760,1.);
#11760 = DIRECTION('',(0.,0.,1.));
#11761 = ORIENTED_EDGE('',*,*,#11762,.T.);
#11762 = EDGE_CURVE('',#11755,#11763,#11765,.T.);
#11763 = VERTEX_POINT('',#11764);
#11764 = CARTESIAN_POINT('',(7.65,0.8,-0.1));
#11765 = LINE('',#11766,#11767);
#11766 = CARTESIAN_POINT('',(7.65,1.65,-0.1));
#11767 = VECTOR('',#11768,1.);
#11768 = DIRECTION('',(0.,-1.,0.));
#11769 = ORIENTED_EDGE('',*,*,#11770,.T.);
#11770 = EDGE_CURVE('',#11763,#11712,#11771,.T.);
#11771 = CIRCLE('',#11772,0.15);
#11772 = AXIS2_PLACEMENT_3D('',#11773,#11774,#11775);
#11773 = CARTESIAN_POINT('',(7.65,0.8,5.E-02));
#11774 = DIRECTION('',(-1.,0.,0.));
#11775 = DIRECTION('',(0.,0.,1.));
#11776 = PLANE('',#11777);
#11777 = AXIS2_PLACEMENT_3D('',#11778,#11779,#11780);
#11778 = CARTESIAN_POINT('',(7.65,1.425,1.3));
#11779 = DIRECTION('',(-1.,0.,0.));
#11780 = DIRECTION('',(0.,-1.,0.));
#11781 = ADVANCED_FACE('',(#11782),#11816,.T.);
#11782 = FACE_BOUND('',#11783,.T.);
#11783 = EDGE_LOOP('',(#11784,#11794,#11802,#11810));
#11784 = ORIENTED_EDGE('',*,*,#11785,.T.);
#11785 = EDGE_CURVE('',#11786,#11788,#11790,.T.);
#11786 = VERTEX_POINT('',#11787);
#11787 = CARTESIAN_POINT('',(7.55,0.55,3.));
#11788 = VERTEX_POINT('',#11789);
#11789 = CARTESIAN_POINT('',(7.45,0.55,3.));
#11790 = LINE('',#11791,#11792);
#11791 = CARTESIAN_POINT('',(7.348,0.55,3.));
#11792 = VECTOR('',#11793,1.);
#11793 = DIRECTION('',(-1.,0.,0.));
#11794 = ORIENTED_EDGE('',*,*,#11795,.T.);
#11795 = EDGE_CURVE('',#11788,#11796,#11798,.T.);
#11796 = VERTEX_POINT('',#11797);
#11797 = CARTESIAN_POINT('',(7.45,0.45,3.));
#11798 = LINE('',#11799,#11800);
#11799 = CARTESIAN_POINT('',(7.45,0.35,3.));
#11800 = VECTOR('',#11801,1.);
#11801 = DIRECTION('',(0.,-1.,0.));
#11802 = ORIENTED_EDGE('',*,*,#11803,.T.);
#11803 = EDGE_CURVE('',#11796,#11804,#11806,.T.);
#11804 = VERTEX_POINT('',#11805);
#11805 = CARTESIAN_POINT('',(7.55,0.45,3.));
#11806 = LINE('',#11807,#11808);
#11807 = CARTESIAN_POINT('',(7.348,0.45,3.));
#11808 = VECTOR('',#11809,1.);
#11809 = DIRECTION('',(1.,0.,0.));
#11810 = ORIENTED_EDGE('',*,*,#11811,.T.);
#11811 = EDGE_CURVE('',#11804,#11786,#11812,.T.);
#11812 = LINE('',#11813,#11814);
#11813 = CARTESIAN_POINT('',(7.55,0.65,3.));
#11814 = VECTOR('',#11815,1.);
#11815 = DIRECTION('',(0.,1.,0.));
#11816 = PLANE('',#11817);
#11817 = AXIS2_PLACEMENT_3D('',#11818,#11819,#11820);
#11818 = CARTESIAN_POINT('',(7.348,0.5,3.));
#11819 = DIRECTION('',(0.,0.,1.));
#11820 = DIRECTION('',(1.,0.,-0.));
#11821 = ADVANCED_FACE('',(#11822),#11838,.T.);
#11822 = FACE_BOUND('',#11823,.T.);
#11823 = EDGE_LOOP('',(#11824,#11825,#11831,#11832));
#11824 = ORIENTED_EDGE('',*,*,#11729,.F.);
#11825 = ORIENTED_EDGE('',*,*,#11826,.T.);
#11826 = EDGE_CURVE('',#11722,#11640,#11827,.T.);
#11827 = LINE('',#11828,#11829);
#11828 = CARTESIAN_POINT('',(7.348,0.35,2.9));
#11829 = VECTOR('',#11830,1.);
#11830 = DIRECTION('',(-1.,0.,0.));
#11831 = ORIENTED_EDGE('',*,*,#11637,.F.);
#11832 = ORIENTED_EDGE('',*,*,#11833,.T.);
#11833 = EDGE_CURVE('',#11638,#11730,#11834,.T.);
#11834 = LINE('',#11835,#11836);
#11835 = CARTESIAN_POINT('',(7.348,0.35,5.E-02));
#11836 = VECTOR('',#11837,1.);
#11837 = DIRECTION('',(1.,0.,0.));
#11838 = PLANE('',#11839);
#11839 = AXIS2_PLACEMENT_3D('',#11840,#11841,#11842);
#11840 = CARTESIAN_POINT('',(7.348,0.35,1.525));
#11841 = DIRECTION('',(0.,-1.,5.512892402469E-17));
#11842 = DIRECTION('',(0.,-5.512892402469E-17,-1.));
#11843 = ADVANCED_FACE('',(#11844),#11855,.T.);
#11844 = FACE_BOUND('',#11845,.T.);
#11845 = EDGE_LOOP('',(#11846,#11847,#11848,#11854));
#11846 = ORIENTED_EDGE('',*,*,#11833,.F.);
#11847 = ORIENTED_EDGE('',*,*,#11696,.T.);
#11848 = ORIENTED_EDGE('',*,*,#11849,.T.);
#11849 = EDGE_CURVE('',#11689,#11738,#11850,.T.);
#11850 = LINE('',#11851,#11852);
#11851 = CARTESIAN_POINT('',(7.348,0.8,-0.4));
#11852 = VECTOR('',#11853,1.);
#11853 = DIRECTION('',(1.,0.,0.));
#11854 = ORIENTED_EDGE('',*,*,#11737,.T.);
#11855 = CYLINDRICAL_SURFACE('',#11856,0.45);
#11856 = AXIS2_PLACEMENT_3D('',#11857,#11858,#11859);
#11857 = CARTESIAN_POINT('',(7.348,0.8,5.E-02));
#11858 = DIRECTION('',(1.,0.,0.));
#11859 = DIRECTION('',(0.,0.,-1.));
#11860 = ADVANCED_FACE('',(#11861),#11872,.T.);
#11861 = FACE_BOUND('',#11862,.T.);
#11862 = EDGE_LOOP('',(#11863,#11864,#11870,#11871));
#11863 = ORIENTED_EDGE('',*,*,#11688,.F.);
#11864 = ORIENTED_EDGE('',*,*,#11865,.T.);
#11865 = EDGE_CURVE('',#11681,#11747,#11866,.T.);
#11866 = LINE('',#11867,#11868);
#11867 = CARTESIAN_POINT('',(7.348,2.4,-0.4));
#11868 = VECTOR('',#11869,1.);
#11869 = DIRECTION('',(1.,0.,0.));
#11870 = ORIENTED_EDGE('',*,*,#11746,.F.);
#11871 = ORIENTED_EDGE('',*,*,#11849,.F.);
#11872 = PLANE('',#11873);
#11873 = AXIS2_PLACEMENT_3D('',#11874,#11875,#11876);
#11874 = CARTESIAN_POINT('',(7.348,1.65,-0.4));
#11875 = DIRECTION('',(0.,-1.27553196763E-16,-1.));
#11876 = DIRECTION('',(0.,1.,-1.27553196763E-16));
#11877 = ADVANCED_FACE('',(#11878),#11912,.T.);
#11878 = FACE_BOUND('',#11879,.T.);
#11879 = EDGE_LOOP('',(#11880,#11890,#11898,#11906));
#11880 = ORIENTED_EDGE('',*,*,#11881,.T.);
#11881 = EDGE_CURVE('',#11882,#11884,#11886,.T.);
#11882 = VERTEX_POINT('',#11883);
#11883 = CARTESIAN_POINT('',(7.55,2.5,-0.3));
#11884 = VERTEX_POINT('',#11885);
#11885 = CARTESIAN_POINT('',(7.45,2.5,-0.3));
#11886 = LINE('',#11887,#11888);
#11887 = CARTESIAN_POINT('',(7.348,2.5,-0.3));
#11888 = VECTOR('',#11889,1.);
#11889 = DIRECTION('',(-1.,0.,0.));
#11890 = ORIENTED_EDGE('',*,*,#11891,.T.);
#11891 = EDGE_CURVE('',#11884,#11892,#11894,.T.);
#11892 = VERTEX_POINT('',#11893);
#11893 = CARTESIAN_POINT('',(7.45,2.5,-0.2));
#11894 = LINE('',#11895,#11896);
#11895 = CARTESIAN_POINT('',(7.45,2.5,-0.1));
#11896 = VECTOR('',#11897,1.);
#11897 = DIRECTION('',(0.,0.,1.));
#11898 = ORIENTED_EDGE('',*,*,#11899,.T.);
#11899 = EDGE_CURVE('',#11892,#11900,#11902,.T.);
#11900 = VERTEX_POINT('',#11901);
#11901 = CARTESIAN_POINT('',(7.55,2.5,-0.2));
#11902 = LINE('',#11903,#11904);
#11903 = CARTESIAN_POINT('',(7.348,2.5,-0.2));
#11904 = VECTOR('',#11905,1.);
#11905 = DIRECTION('',(1.,0.,0.));
#11906 = ORIENTED_EDGE('',*,*,#11907,.T.);
#11907 = EDGE_CURVE('',#11900,#11882,#11908,.T.);
#11908 = LINE('',#11909,#11910);
#11909 = CARTESIAN_POINT('',(7.55,2.5,-0.4));
#11910 = VECTOR('',#11911,1.);
#11911 = DIRECTION('',(0.,0.,-1.));
#11912 = PLANE('',#11913);
#11913 = AXIS2_PLACEMENT_3D('',#11914,#11915,#11916);
#11914 = CARTESIAN_POINT('',(7.348,2.5,-0.25));
#11915 = DIRECTION('',(0.,1.,0.));
#11916 = DIRECTION('',(0.,-0.,1.));
#11917 = ADVANCED_FACE('',(#11918),#11934,.T.);
#11918 = FACE_BOUND('',#11919,.T.);
#11919 = EDGE_LOOP('',(#11920,#11921,#11927,#11928));
#11920 = ORIENTED_EDGE('',*,*,#11762,.F.);
#11921 = ORIENTED_EDGE('',*,*,#11922,.T.);
#11922 = EDGE_CURVE('',#11755,#11673,#11923,.T.);
#11923 = LINE('',#11924,#11925);
#11924 = CARTESIAN_POINT('',(7.348,2.4,-0.1));
#11925 = VECTOR('',#11926,1.);
#11926 = DIRECTION('',(-1.,0.,0.));
#11927 = ORIENTED_EDGE('',*,*,#11672,.F.);
#11928 = ORIENTED_EDGE('',*,*,#11929,.T.);
#11929 = EDGE_CURVE('',#11664,#11763,#11930,.T.);
#11930 = LINE('',#11931,#11932);
#11931 = CARTESIAN_POINT('',(7.348,0.8,-0.1));
#11932 = VECTOR('',#11933,1.);
#11933 = DIRECTION('',(1.,0.,0.));
#11934 = PLANE('',#11935);
#11935 = AXIS2_PLACEMENT_3D('',#11936,#11937,#11938);
#11936 = CARTESIAN_POINT('',(7.348,1.65,-0.1));
#11937 = DIRECTION('',(0.,0.,1.));
#11938 = DIRECTION('',(1.,0.,-0.));
#11939 = ADVANCED_FACE('',(#11940),#11951,.F.);
#11940 = FACE_BOUND('',#11941,.F.);
#11941 = EDGE_LOOP('',(#11942,#11943,#11944,#11950));
#11942 = ORIENTED_EDGE('',*,*,#11929,.T.);
#11943 = ORIENTED_EDGE('',*,*,#11770,.T.);
#11944 = ORIENTED_EDGE('',*,*,#11945,.F.);
#11945 = EDGE_CURVE('',#11656,#11712,#11946,.T.);
#11946 = LINE('',#11947,#11948);
#11947 = CARTESIAN_POINT('',(7.348,0.65,5.E-02));
#11948 = VECTOR('',#11949,1.);
#11949 = DIRECTION('',(1.,0.,0.));
#11950 = ORIENTED_EDGE('',*,*,#11663,.T.);
#11951 = CYLINDRICAL_SURFACE('',#11952,0.15);
#11952 = AXIS2_PLACEMENT_3D('',#11953,#11954,#11955);
#11953 = CARTESIAN_POINT('',(7.348,0.8,5.E-02));
#11954 = DIRECTION('',(1.,0.,0.));
#11955 = DIRECTION('',(0.,0.,-1.));
#11956 = ADVANCED_FACE('',(#11957),#11968,.T.);
#11957 = FACE_BOUND('',#11958,.T.);
#11958 = EDGE_LOOP('',(#11959,#11960,#11966,#11967));
#11959 = ORIENTED_EDGE('',*,*,#11655,.F.);
#11960 = ORIENTED_EDGE('',*,*,#11961,.T.);
#11961 = EDGE_CURVE('',#11648,#11714,#11962,.T.);
#11962 = LINE('',#11963,#11964);
#11963 = CARTESIAN_POINT('',(7.348,0.65,2.9));
#11964 = VECTOR('',#11965,1.);
#11965 = DIRECTION('',(1.,0.,0.));
#11966 = ORIENTED_EDGE('',*,*,#11711,.F.);
#11967 = ORIENTED_EDGE('',*,*,#11945,.F.);
#11968 = PLANE('',#11969);
#11969 = AXIS2_PLACEMENT_3D('',#11970,#11971,#11972);
#11970 = CARTESIAN_POINT('',(7.348,0.65,1.525));
#11971 = DIRECTION('',(0.,1.,-1.837630800823E-16));
#11972 = DIRECTION('',(0.,1.837630800823E-16,1.));
#11973 = ADVANCED_FACE('',(#11974),#11990,.T.);
#11974 = FACE_BOUND('',#11975,.T.);
#11975 = EDGE_LOOP('',(#11976,#11982,#11983,#11989));
#11976 = ORIENTED_EDGE('',*,*,#11977,.T.);
#11977 = EDGE_CURVE('',#11714,#11786,#11978,.T.);
#11978 = LINE('',#11979,#11980);
#11979 = CARTESIAN_POINT('',(7.549333333333,0.549333333333,
    3.000666666667));
#11980 = VECTOR('',#11981,1.);
#11981 = DIRECTION('',(-0.57735026919,-0.57735026919,0.57735026919));
#11982 = ORIENTED_EDGE('',*,*,#11811,.F.);
#11983 = ORIENTED_EDGE('',*,*,#11984,.F.);
#11984 = EDGE_CURVE('',#11722,#11804,#11985,.T.);
#11985 = LINE('',#11986,#11987);
#11986 = CARTESIAN_POINT('',(7.291666666667,0.708333333333,
    3.258333333333));
#11987 = VECTOR('',#11988,1.);
#11988 = DIRECTION('',(-0.57735026919,0.57735026919,0.57735026919));
#11989 = ORIENTED_EDGE('',*,*,#11721,.F.);
#11990 = PLANE('',#11991);
#11991 = AXIS2_PLACEMENT_3D('',#11992,#11993,#11994);
#11992 = CARTESIAN_POINT('',(7.65,1.425,2.9));
#11993 = DIRECTION('',(0.707106781187,0.,0.707106781187));
#11994 = DIRECTION('',(-0.,1.,0.));
#11995 = ADVANCED_FACE('',(#11996),#12007,.F.);
#11996 = FACE_BOUND('',#11997,.T.);
#11997 = EDGE_LOOP('',(#11998,#11999,#12000,#12006));
#11998 = ORIENTED_EDGE('',*,*,#11984,.T.);
#11999 = ORIENTED_EDGE('',*,*,#11803,.F.);
#12000 = ORIENTED_EDGE('',*,*,#12001,.F.);
#12001 = EDGE_CURVE('',#11640,#11796,#12002,.T.);
#12002 = LINE('',#12003,#12004);
#12003 = CARTESIAN_POINT('',(7.416,0.416,2.966));
#12004 = VECTOR('',#12005,1.);
#12005 = DIRECTION('',(0.57735026919,0.57735026919,0.57735026919));
#12006 = ORIENTED_EDGE('',*,*,#11826,.F.);
#12007 = PLANE('',#12008);
#12008 = AXIS2_PLACEMENT_3D('',#12009,#12010,#12011);
#12009 = CARTESIAN_POINT('',(7.348,0.45,3.));
#12010 = DIRECTION('',(0.,0.707106781187,-0.707106781187));
#12011 = DIRECTION('',(1.,0.,0.));
#12012 = ADVANCED_FACE('',(#12013),#12024,.F.);
#12013 = FACE_BOUND('',#12014,.T.);
#12014 = EDGE_LOOP('',(#12015,#12016,#12017,#12023));
#12015 = ORIENTED_EDGE('',*,*,#11977,.F.);
#12016 = ORIENTED_EDGE('',*,*,#11961,.F.);
#12017 = ORIENTED_EDGE('',*,*,#12018,.F.);
#12018 = EDGE_CURVE('',#11788,#11648,#12019,.T.);
#12019 = LINE('',#12020,#12021);
#12020 = CARTESIAN_POINT('',(7.349333333333,0.650666666667,
    2.899333333333));
#12021 = VECTOR('',#12022,1.);
#12022 = DIRECTION('',(-0.57735026919,0.57735026919,-0.57735026919));
#12023 = ORIENTED_EDGE('',*,*,#11785,.F.);
#12024 = PLANE('',#12025);
#12025 = AXIS2_PLACEMENT_3D('',#12026,#12027,#12028);
#12026 = CARTESIAN_POINT('',(7.348,0.65,2.9));
#12027 = DIRECTION('',(0.,-0.707106781187,-0.707106781187));
#12028 = DIRECTION('',(1.,0.,0.));
#12029 = ADVANCED_FACE('',(#12030),#12036,.T.);
#12030 = FACE_BOUND('',#12031,.T.);
#12031 = EDGE_LOOP('',(#12032,#12033,#12034,#12035));
#12032 = ORIENTED_EDGE('',*,*,#12001,.T.);
#12033 = ORIENTED_EDGE('',*,*,#11795,.F.);
#12034 = ORIENTED_EDGE('',*,*,#12018,.T.);
#12035 = ORIENTED_EDGE('',*,*,#11647,.F.);
#12036 = PLANE('',#12037);
#12037 = AXIS2_PLACEMENT_3D('',#12038,#12039,#12040);
#12038 = CARTESIAN_POINT('',(7.35,0.5,2.9));
#12039 = DIRECTION('',(-0.707106781187,0.,0.707106781187));
#12040 = DIRECTION('',(0.,-1.,0.));
#12041 = ADVANCED_FACE('',(#12042),#12058,.T.);
#12042 = FACE_BOUND('',#12043,.T.);
#12043 = EDGE_LOOP('',(#12044,#12050,#12051,#12057));
#12044 = ORIENTED_EDGE('',*,*,#12045,.F.);
#12045 = EDGE_CURVE('',#11882,#11747,#12046,.T.);
#12046 = LINE('',#12047,#12048);
#12047 = CARTESIAN_POINT('',(7.083333333333,2.966666666667,
    0.166666666667));
#12048 = VECTOR('',#12049,1.);
#12049 = DIRECTION('',(0.57735026919,-0.57735026919,-0.57735026919));
#12050 = ORIENTED_EDGE('',*,*,#11907,.F.);
#12051 = ORIENTED_EDGE('',*,*,#12052,.T.);
#12052 = EDGE_CURVE('',#11900,#11755,#12053,.T.);
#12053 = LINE('',#12054,#12055);
#12054 = CARTESIAN_POINT('',(7.482666666667,2.567333333333,
    -0.267333333333));
#12055 = VECTOR('',#12056,1.);
#12056 = DIRECTION('',(0.57735026919,-0.57735026919,0.57735026919));
#12057 = ORIENTED_EDGE('',*,*,#11754,.F.);
#12058 = PLANE('',#12059);
#12059 = AXIS2_PLACEMENT_3D('',#12060,#12061,#12062);
#12060 = CARTESIAN_POINT('',(7.65,2.4,1.3));
#12061 = DIRECTION('',(0.707106781187,0.707106781187,0.));
#12062 = DIRECTION('',(0.,0.,-1.));
#12063 = ADVANCED_FACE('',(#12064),#12075,.F.);
#12064 = FACE_BOUND('',#12065,.T.);
#12065 = EDGE_LOOP('',(#12066,#12067,#12068,#12074));
#12066 = ORIENTED_EDGE('',*,*,#12052,.F.);
#12067 = ORIENTED_EDGE('',*,*,#11899,.F.);
#12068 = ORIENTED_EDGE('',*,*,#12069,.F.);
#12069 = EDGE_CURVE('',#11673,#11892,#12070,.T.);
#12070 = LINE('',#12071,#12072);
#12071 = CARTESIAN_POINT('',(7.416,2.466,-0.166));
#12072 = VECTOR('',#12073,1.);
#12073 = DIRECTION('',(0.57735026919,0.57735026919,-0.57735026919));
#12074 = ORIENTED_EDGE('',*,*,#11922,.F.);
#12075 = PLANE('',#12076);
#12076 = AXIS2_PLACEMENT_3D('',#12077,#12078,#12079);
#12077 = CARTESIAN_POINT('',(7.348,2.5,-0.2));
#12078 = DIRECTION('',(0.,-0.707106781187,-0.707106781187));
#12079 = DIRECTION('',(1.,0.,0.));
#12080 = ADVANCED_FACE('',(#12081),#12092,.F.);
#12081 = FACE_BOUND('',#12082,.T.);
#12082 = EDGE_LOOP('',(#12083,#12084,#12085,#12091));
#12083 = ORIENTED_EDGE('',*,*,#12045,.T.);
#12084 = ORIENTED_EDGE('',*,*,#11865,.F.);
#12085 = ORIENTED_EDGE('',*,*,#12086,.F.);
#12086 = EDGE_CURVE('',#11884,#11681,#12087,.T.);
#12087 = LINE('',#12088,#12089);
#12088 = CARTESIAN_POINT('',(7.349333333333,2.399333333333,
    -0.400666666667));
#12089 = VECTOR('',#12090,1.);
#12090 = DIRECTION('',(-0.57735026919,-0.57735026919,-0.57735026919));
#12091 = ORIENTED_EDGE('',*,*,#11881,.F.);
#12092 = PLANE('',#12093);
#12093 = AXIS2_PLACEMENT_3D('',#12094,#12095,#12096);
#12094 = CARTESIAN_POINT('',(7.348,2.4,-0.4));
#12095 = DIRECTION('',(0.,-0.707106781187,0.707106781187));
#12096 = DIRECTION('',(1.,0.,0.));
#12097 = ADVANCED_FACE('',(#12098),#12104,.T.);
#12098 = FACE_BOUND('',#12099,.T.);
#12099 = EDGE_LOOP('',(#12100,#12101,#12102,#12103));
#12100 = ORIENTED_EDGE('',*,*,#12069,.T.);
#12101 = ORIENTED_EDGE('',*,*,#11891,.F.);
#12102 = ORIENTED_EDGE('',*,*,#12086,.T.);
#12103 = ORIENTED_EDGE('',*,*,#11680,.F.);
#12104 = PLANE('',#12105);
#12105 = AXIS2_PLACEMENT_3D('',#12106,#12107,#12108);
#12106 = CARTESIAN_POINT('',(7.35,2.4,1.));
#12107 = DIRECTION('',(-0.707106781187,0.707106781187,0.));
#12108 = DIRECTION('',(0.,0.,1.));
#12109 = ( GEOMETRIC_REPRESENTATION_CONTEXT(3) 
GLOBAL_UNCERTAINTY_ASSIGNED_CONTEXT((#12113)) 
GLOBAL_UNIT_ASSIGNED_CONTEXT((#12110,#12111,#12112)) 
REPRESENTATION_CONTEXT('Context #1',
  '3D Context with UNIT and UNCERTAINTY') );
#12110 = ( LENGTH_UNIT() NAMED_UNIT(*) SI_UNIT(.MILLI.,.METRE.) );
#12111 = ( NAMED_UNIT(*) PLANE_ANGLE_UNIT() SI_UNIT($,.RADIAN.) );
#12112 = ( NAMED_UNIT(*) SI_UNIT($,.STERADIAN.) SOLID_ANGLE_UNIT() );
#12113 = UNCERTAINTY_MEASURE_WITH_UNIT(LENGTH_MEASURE(1.E-07),#12110,
  'distance_accuracy_value','confusion accuracy');
#12114 = CONTEXT_DEPENDENT_SHAPE_REPRESENTATION(#12115,#12117);
#12115 = ( REPRESENTATION_RELATIONSHIP('','',#11630,#817) 
REPRESENTATION_RELATIONSHIP_WITH_TRANSFORMATION(#12116) 
SHAPE_REPRESENTATION_RELATIONSHIP() );
#12116 = ITEM_DEFINED_TRANSFORMATION('','',#11,#858);
#12117 = PRODUCT_DEFINITION_SHAPE('Placement','Placement of an item',
  #12118);
#12118 = NEXT_ASSEMBLY_USAGE_OCCURRENCE('89','=>[0:1:1:14]','',#812,
  #11625,$);
#12119 = PRODUCT_RELATED_PRODUCT_CATEGORY('part',$,(#11627));
#12120 = SHAPE_DEFINITION_REPRESENTATION(#12121,#12127);
#12121 = PRODUCT_DEFINITION_SHAPE('','',#12122);
#12122 = PRODUCT_DEFINITION('design','',#12123,#12126);
#12123 = PRODUCT_DEFINITION_FORMATION('','',#12124);
#12124 = PRODUCT('Part 16','Part 16','',(#12125));
#12125 = PRODUCT_CONTEXT('',#2,'mechanical');
#12126 = PRODUCT_DEFINITION_CONTEXT('part definition',#2,'design');
#12127 = ADVANCED_BREP_SHAPE_REPRESENTATION('',(#11,#12128),#12606);
#12128 = MANIFOLD_SOLID_BREP('',#12129);
#12129 = CLOSED_SHELL('',(#12130,#12204,#12278,#12318,#12340,#12357,
    #12374,#12414,#12436,#12453,#12470,#12492,#12509,#12526,#12538,
    #12560,#12577,#12594));
#12130 = ADVANCED_FACE('',(#12131),#12199,.F.);
#12131 = FACE_BOUND('',#12132,.T.);
#12132 = EDGE_LOOP('',(#12133,#12143,#12151,#12159,#12168,#12176,#12184,
    #12192));
#12133 = ORIENTED_EDGE('',*,*,#12134,.T.);
#12134 = EDGE_CURVE('',#12135,#12137,#12139,.T.);
#12135 = VERTEX_POINT('',#12136);
#12136 = CARTESIAN_POINT('',(6.35,0.35,5.E-02));
#12137 = VERTEX_POINT('',#12138);
#12138 = CARTESIAN_POINT('',(6.35,0.35,2.9));
#12139 = LINE('',#12140,#12141);
#12140 = CARTESIAN_POINT('',(6.35,0.35,1.525));
#12141 = VECTOR('',#12142,1.);
#12142 = DIRECTION('',(0.,5.512892402469E-17,1.));
#12143 = ORIENTED_EDGE('',*,*,#12144,.T.);
#12144 = EDGE_CURVE('',#12137,#12145,#12147,.T.);
#12145 = VERTEX_POINT('',#12146);
#12146 = CARTESIAN_POINT('',(6.35,0.65,2.9));
#12147 = LINE('',#12148,#12149);
#12148 = CARTESIAN_POINT('',(6.35,0.65,2.9));
#12149 = VECTOR('',#12150,1.);
#12150 = DIRECTION('',(0.,1.,0.));
#12151 = ORIENTED_EDGE('',*,*,#12152,.T.);
#12152 = EDGE_CURVE('',#12145,#12153,#12155,.T.);
#12153 = VERTEX_POINT('',#12154);
#12154 = CARTESIAN_POINT('',(6.35,0.65,5.E-02));
#12155 = LINE('',#12156,#12157);
#12156 = CARTESIAN_POINT('',(6.35,0.65,1.525));
#12157 = VECTOR('',#12158,1.);
#12158 = DIRECTION('',(0.,-1.837630800823E-16,-1.));
#12159 = ORIENTED_EDGE('',*,*,#12160,.T.);
#12160 = EDGE_CURVE('',#12153,#12161,#12163,.T.);
#12161 = VERTEX_POINT('',#12162);
#12162 = CARTESIAN_POINT('',(6.35,0.8,-0.1));
#12163 = CIRCLE('',#12164,0.15);
#12164 = AXIS2_PLACEMENT_3D('',#12165,#12166,#12167);
#12165 = CARTESIAN_POINT('',(6.35,0.8,5.E-02));
#12166 = DIRECTION('',(1.,0.,0.));
#12167 = DIRECTION('',(0.,0.,-1.));
#12168 = ORIENTED_EDGE('',*,*,#12169,.T.);
#12169 = EDGE_CURVE('',#12161,#12170,#12172,.T.);
#12170 = VERTEX_POINT('',#12171);
#12171 = CARTESIAN_POINT('',(6.35,2.4,-0.1));
#12172 = LINE('',#12173,#12174);
#12173 = CARTESIAN_POINT('',(6.35,1.65,-0.1));
#12174 = VECTOR('',#12175,1.);
#12175 = DIRECTION('',(0.,1.,0.));
#12176 = ORIENTED_EDGE('',*,*,#12177,.T.);
#12177 = EDGE_CURVE('',#12170,#12178,#12180,.T.);
#12178 = VERTEX_POINT('',#12179);
#12179 = CARTESIAN_POINT('',(6.35,2.4,-0.4));
#12180 = LINE('',#12181,#12182);
#12181 = CARTESIAN_POINT('',(6.35,2.4,-0.4));
#12182 = VECTOR('',#12183,1.);
#12183 = DIRECTION('',(0.,0.,-1.));
#12184 = ORIENTED_EDGE('',*,*,#12185,.T.);
#12185 = EDGE_CURVE('',#12178,#12186,#12188,.T.);
#12186 = VERTEX_POINT('',#12187);
#12187 = CARTESIAN_POINT('',(6.35,0.8,-0.4));
#12188 = LINE('',#12189,#12190);
#12189 = CARTESIAN_POINT('',(6.35,1.65,-0.4));
#12190 = VECTOR('',#12191,1.);
#12191 = DIRECTION('',(0.,-1.,1.27553196763E-16));
#12192 = ORIENTED_EDGE('',*,*,#12193,.F.);
#12193 = EDGE_CURVE('',#12135,#12186,#12194,.T.);
#12194 = CIRCLE('',#12195,0.45);
#12195 = AXIS2_PLACEMENT_3D('',#12196,#12197,#12198);
#12196 = CARTESIAN_POINT('',(6.35,0.8,5.E-02));
#12197 = DIRECTION('',(1.,0.,0.));
#12198 = DIRECTION('',(0.,0.,-1.));
#12199 = PLANE('',#12200);
#12200 = AXIS2_PLACEMENT_3D('',#12201,#12202,#12203);
#12201 = CARTESIAN_POINT('',(6.35,0.5,1.));
#12202 = DIRECTION('',(1.,0.,0.));
#12203 = DIRECTION('',(0.,0.,-1.));
#12204 = ADVANCED_FACE('',(#12205),#12273,.F.);
#12205 = FACE_BOUND('',#12206,.T.);
#12206 = EDGE_LOOP('',(#12207,#12217,#12225,#12233,#12242,#12250,#12258,
    #12266));
#12207 = ORIENTED_EDGE('',*,*,#12208,.T.);
#12208 = EDGE_CURVE('',#12209,#12211,#12213,.T.);
#12209 = VERTEX_POINT('',#12210);
#12210 = CARTESIAN_POINT('',(6.65,0.65,5.E-02));
#12211 = VERTEX_POINT('',#12212);
#12212 = CARTESIAN_POINT('',(6.65,0.65,2.9));
#12213 = LINE('',#12214,#12215);
#12214 = CARTESIAN_POINT('',(6.65,0.65,1.525));
#12215 = VECTOR('',#12216,1.);
#12216 = DIRECTION('',(0.,1.837630800823E-16,1.));
#12217 = ORIENTED_EDGE('',*,*,#12218,.T.);
#12218 = EDGE_CURVE('',#12211,#12219,#12221,.T.);
#12219 = VERTEX_POINT('',#12220);
#12220 = CARTESIAN_POINT('',(6.65,0.35,2.9));
#12221 = LINE('',#12222,#12223);
#12222 = CARTESIAN_POINT('',(6.65,0.35,2.9));
#12223 = VECTOR('',#12224,1.);
#12224 = DIRECTION('',(0.,-1.,0.));
#12225 = ORIENTED_EDGE('',*,*,#12226,.T.);
#12226 = EDGE_CURVE('',#12219,#12227,#12229,.T.);
#12227 = VERTEX_POINT('',#12228);
#12228 = CARTESIAN_POINT('',(6.65,0.35,5.E-02));
#12229 = LINE('',#12230,#12231);
#12230 = CARTESIAN_POINT('',(6.65,0.35,1.525));
#12231 = VECTOR('',#12232,1.);
#12232 = DIRECTION('',(0.,-5.512892402469E-17,-1.));
#12233 = ORIENTED_EDGE('',*,*,#12234,.F.);
#12234 = EDGE_CURVE('',#12235,#12227,#12237,.T.);
#12235 = VERTEX_POINT('',#12236);
#12236 = CARTESIAN_POINT('',(6.65,0.8,-0.4));
#12237 = CIRCLE('',#12238,0.45);
#12238 = AXIS2_PLACEMENT_3D('',#12239,#12240,#12241);
#12239 = CARTESIAN_POINT('',(6.65,0.8,5.E-02));
#12240 = DIRECTION('',(-1.,0.,0.));
#12241 = DIRECTION('',(0.,0.,1.));
#12242 = ORIENTED_EDGE('',*,*,#12243,.T.);
#12243 = EDGE_CURVE('',#12235,#12244,#12246,.T.);
#12244 = VERTEX_POINT('',#12245);
#12245 = CARTESIAN_POINT('',(6.65,2.4,-0.4));
#12246 = LINE('',#12247,#12248);
#12247 = CARTESIAN_POINT('',(6.65,1.65,-0.4));
#12248 = VECTOR('',#12249,1.);
#12249 = DIRECTION('',(0.,1.,-1.27553196763E-16));
#12250 = ORIENTED_EDGE('',*,*,#12251,.T.);
#12251 = EDGE_CURVE('',#12244,#12252,#12254,.T.);
#12252 = VERTEX_POINT('',#12253);
#12253 = CARTESIAN_POINT('',(6.65,2.4,-0.1));
#12254 = LINE('',#12255,#12256);
#12255 = CARTESIAN_POINT('',(6.65,2.4,-0.1));
#12256 = VECTOR('',#12257,1.);
#12257 = DIRECTION('',(0.,0.,1.));
#12258 = ORIENTED_EDGE('',*,*,#12259,.T.);
#12259 = EDGE_CURVE('',#12252,#12260,#12262,.T.);
#12260 = VERTEX_POINT('',#12261);
#12261 = CARTESIAN_POINT('',(6.65,0.8,-0.1));
#12262 = LINE('',#12263,#12264);
#12263 = CARTESIAN_POINT('',(6.65,1.65,-0.1));
#12264 = VECTOR('',#12265,1.);
#12265 = DIRECTION('',(0.,-1.,0.));
#12266 = ORIENTED_EDGE('',*,*,#12267,.T.);
#12267 = EDGE_CURVE('',#12260,#12209,#12268,.T.);
#12268 = CIRCLE('',#12269,0.15);
#12269 = AXIS2_PLACEMENT_3D('',#12270,#12271,#12272);
#12270 = CARTESIAN_POINT('',(6.65,0.8,5.E-02));
#12271 = DIRECTION('',(-1.,0.,0.));
#12272 = DIRECTION('',(0.,0.,1.));
#12273 = PLANE('',#12274);
#12274 = AXIS2_PLACEMENT_3D('',#12275,#12276,#12277);
#12275 = CARTESIAN_POINT('',(6.65,1.425,1.3));
#12276 = DIRECTION('',(-1.,0.,0.));
#12277 = DIRECTION('',(0.,-1.,0.));
#12278 = ADVANCED_FACE('',(#12279),#12313,.T.);
#12279 = FACE_BOUND('',#12280,.T.);
#12280 = EDGE_LOOP('',(#12281,#12291,#12299,#12307));
#12281 = ORIENTED_EDGE('',*,*,#12282,.T.);
#12282 = EDGE_CURVE('',#12283,#12285,#12287,.T.);
#12283 = VERTEX_POINT('',#12284);
#12284 = CARTESIAN_POINT('',(6.55,0.55,3.));
#12285 = VERTEX_POINT('',#12286);
#12286 = CARTESIAN_POINT('',(6.45,0.55,3.));
#12287 = LINE('',#12288,#12289);
#12288 = CARTESIAN_POINT('',(6.348,0.55,3.));
#12289 = VECTOR('',#12290,1.);
#12290 = DIRECTION('',(-1.,0.,0.));
#12291 = ORIENTED_EDGE('',*,*,#12292,.T.);
#12292 = EDGE_CURVE('',#12285,#12293,#12295,.T.);
#12293 = VERTEX_POINT('',#12294);
#12294 = CARTESIAN_POINT('',(6.45,0.45,3.));
#12295 = LINE('',#12296,#12297);
#12296 = CARTESIAN_POINT('',(6.45,0.35,3.));
#12297 = VECTOR('',#12298,1.);
#12298 = DIRECTION('',(0.,-1.,0.));
#12299 = ORIENTED_EDGE('',*,*,#12300,.T.);
#12300 = EDGE_CURVE('',#12293,#12301,#12303,.T.);
#12301 = VERTEX_POINT('',#12302);
#12302 = CARTESIAN_POINT('',(6.55,0.45,3.));
#12303 = LINE('',#12304,#12305);
#12304 = CARTESIAN_POINT('',(6.348,0.45,3.));
#12305 = VECTOR('',#12306,1.);
#12306 = DIRECTION('',(1.,0.,0.));
#12307 = ORIENTED_EDGE('',*,*,#12308,.T.);
#12308 = EDGE_CURVE('',#12301,#12283,#12309,.T.);
#12309 = LINE('',#12310,#12311);
#12310 = CARTESIAN_POINT('',(6.55,0.65,3.));
#12311 = VECTOR('',#12312,1.);
#12312 = DIRECTION('',(0.,1.,0.));
#12313 = PLANE('',#12314);
#12314 = AXIS2_PLACEMENT_3D('',#12315,#12316,#12317);
#12315 = CARTESIAN_POINT('',(6.348,0.5,3.));
#12316 = DIRECTION('',(0.,0.,1.));
#12317 = DIRECTION('',(1.,0.,-0.));
#12318 = ADVANCED_FACE('',(#12319),#12335,.T.);
#12319 = FACE_BOUND('',#12320,.T.);
#12320 = EDGE_LOOP('',(#12321,#12322,#12328,#12329));
#12321 = ORIENTED_EDGE('',*,*,#12226,.F.);
#12322 = ORIENTED_EDGE('',*,*,#12323,.T.);
#12323 = EDGE_CURVE('',#12219,#12137,#12324,.T.);
#12324 = LINE('',#12325,#12326);
#12325 = CARTESIAN_POINT('',(6.348,0.35,2.9));
#12326 = VECTOR('',#12327,1.);
#12327 = DIRECTION('',(-1.,0.,0.));
#12328 = ORIENTED_EDGE('',*,*,#12134,.F.);
#12329 = ORIENTED_EDGE('',*,*,#12330,.T.);
#12330 = EDGE_CURVE('',#12135,#12227,#12331,.T.);
#12331 = LINE('',#12332,#12333);
#12332 = CARTESIAN_POINT('',(6.348,0.35,5.E-02));
#12333 = VECTOR('',#12334,1.);
#12334 = DIRECTION('',(1.,0.,0.));
#12335 = PLANE('',#12336);
#12336 = AXIS2_PLACEMENT_3D('',#12337,#12338,#12339);
#12337 = CARTESIAN_POINT('',(6.348,0.35,1.525));
#12338 = DIRECTION('',(0.,-1.,5.512892402469E-17));
#12339 = DIRECTION('',(0.,-5.512892402469E-17,-1.));
#12340 = ADVANCED_FACE('',(#12341),#12352,.T.);
#12341 = FACE_BOUND('',#12342,.T.);
#12342 = EDGE_LOOP('',(#12343,#12344,#12345,#12351));
#12343 = ORIENTED_EDGE('',*,*,#12330,.F.);
#12344 = ORIENTED_EDGE('',*,*,#12193,.T.);
#12345 = ORIENTED_EDGE('',*,*,#12346,.T.);
#12346 = EDGE_CURVE('',#12186,#12235,#12347,.T.);
#12347 = LINE('',#12348,#12349);
#12348 = CARTESIAN_POINT('',(6.348,0.8,-0.4));
#12349 = VECTOR('',#12350,1.);
#12350 = DIRECTION('',(1.,0.,0.));
#12351 = ORIENTED_EDGE('',*,*,#12234,.T.);
#12352 = CYLINDRICAL_SURFACE('',#12353,0.45);
#12353 = AXIS2_PLACEMENT_3D('',#12354,#12355,#12356);
#12354 = CARTESIAN_POINT('',(6.348,0.8,5.E-02));
#12355 = DIRECTION('',(1.,0.,0.));
#12356 = DIRECTION('',(0.,0.,-1.));
#12357 = ADVANCED_FACE('',(#12358),#12369,.T.);
#12358 = FACE_BOUND('',#12359,.T.);
#12359 = EDGE_LOOP('',(#12360,#12361,#12367,#12368));
#12360 = ORIENTED_EDGE('',*,*,#12185,.F.);
#12361 = ORIENTED_EDGE('',*,*,#12362,.T.);
#12362 = EDGE_CURVE('',#12178,#12244,#12363,.T.);
#12363 = LINE('',#12364,#12365);
#12364 = CARTESIAN_POINT('',(6.348,2.4,-0.4));
#12365 = VECTOR('',#12366,1.);
#12366 = DIRECTION('',(1.,0.,0.));
#12367 = ORIENTED_EDGE('',*,*,#12243,.F.);
#12368 = ORIENTED_EDGE('',*,*,#12346,.F.);
#12369 = PLANE('',#12370);
#12370 = AXIS2_PLACEMENT_3D('',#12371,#12372,#12373);
#12371 = CARTESIAN_POINT('',(6.348,1.65,-0.4));
#12372 = DIRECTION('',(0.,-1.27553196763E-16,-1.));
#12373 = DIRECTION('',(0.,1.,-1.27553196763E-16));
#12374 = ADVANCED_FACE('',(#12375),#12409,.T.);
#12375 = FACE_BOUND('',#12376,.T.);
#12376 = EDGE_LOOP('',(#12377,#12387,#12395,#12403));
#12377 = ORIENTED_EDGE('',*,*,#12378,.T.);
#12378 = EDGE_CURVE('',#12379,#12381,#12383,.T.);
#12379 = VERTEX_POINT('',#12380);
#12380 = CARTESIAN_POINT('',(6.55,2.5,-0.3));
#12381 = VERTEX_POINT('',#12382);
#12382 = CARTESIAN_POINT('',(6.45,2.5,-0.3));
#12383 = LINE('',#12384,#12385);
#12384 = CARTESIAN_POINT('',(6.348,2.5,-0.3));
#12385 = VECTOR('',#12386,1.);
#12386 = DIRECTION('',(-1.,0.,0.));
#12387 = ORIENTED_EDGE('',*,*,#12388,.T.);
#12388 = EDGE_CURVE('',#12381,#12389,#12391,.T.);
#12389 = VERTEX_POINT('',#12390);
#12390 = CARTESIAN_POINT('',(6.45,2.5,-0.2));
#12391 = LINE('',#12392,#12393);
#12392 = CARTESIAN_POINT('',(6.45,2.5,-0.1));
#12393 = VECTOR('',#12394,1.);
#12394 = DIRECTION('',(0.,0.,1.));
#12395 = ORIENTED_EDGE('',*,*,#12396,.T.);
#12396 = EDGE_CURVE('',#12389,#12397,#12399,.T.);
#12397 = VERTEX_POINT('',#12398);
#12398 = CARTESIAN_POINT('',(6.55,2.5,-0.2));
#12399 = LINE('',#12400,#12401);
#12400 = CARTESIAN_POINT('',(6.348,2.5,-0.2));
#12401 = VECTOR('',#12402,1.);
#12402 = DIRECTION('',(1.,0.,0.));
#12403 = ORIENTED_EDGE('',*,*,#12404,.T.);
#12404 = EDGE_CURVE('',#12397,#12379,#12405,.T.);
#12405 = LINE('',#12406,#12407);
#12406 = CARTESIAN_POINT('',(6.55,2.5,-0.4));
#12407 = VECTOR('',#12408,1.);
#12408 = DIRECTION('',(0.,0.,-1.));
#12409 = PLANE('',#12410);
#12410 = AXIS2_PLACEMENT_3D('',#12411,#12412,#12413);
#12411 = CARTESIAN_POINT('',(6.348,2.5,-0.25));
#12412 = DIRECTION('',(0.,1.,0.));
#12413 = DIRECTION('',(0.,-0.,1.));
#12414 = ADVANCED_FACE('',(#12415),#12431,.T.);
#12415 = FACE_BOUND('',#12416,.T.);
#12416 = EDGE_LOOP('',(#12417,#12418,#12424,#12425));
#12417 = ORIENTED_EDGE('',*,*,#12259,.F.);
#12418 = ORIENTED_EDGE('',*,*,#12419,.T.);
#12419 = EDGE_CURVE('',#12252,#12170,#12420,.T.);
#12420 = LINE('',#12421,#12422);
#12421 = CARTESIAN_POINT('',(6.348,2.4,-0.1));
#12422 = VECTOR('',#12423,1.);
#12423 = DIRECTION('',(-1.,0.,0.));
#12424 = ORIENTED_EDGE('',*,*,#12169,.F.);
#12425 = ORIENTED_EDGE('',*,*,#12426,.T.);
#12426 = EDGE_CURVE('',#12161,#12260,#12427,.T.);
#12427 = LINE('',#12428,#12429);
#12428 = CARTESIAN_POINT('',(6.348,0.8,-0.1));
#12429 = VECTOR('',#12430,1.);
#12430 = DIRECTION('',(1.,0.,0.));
#12431 = PLANE('',#12432);
#12432 = AXIS2_PLACEMENT_3D('',#12433,#12434,#12435);
#12433 = CARTESIAN_POINT('',(6.348,1.65,-0.1));
#12434 = DIRECTION('',(0.,0.,1.));
#12435 = DIRECTION('',(1.,0.,-0.));
#12436 = ADVANCED_FACE('',(#12437),#12448,.F.);
#12437 = FACE_BOUND('',#12438,.F.);
#12438 = EDGE_LOOP('',(#12439,#12440,#12441,#12447));
#12439 = ORIENTED_EDGE('',*,*,#12426,.T.);
#12440 = ORIENTED_EDGE('',*,*,#12267,.T.);
#12441 = ORIENTED_EDGE('',*,*,#12442,.F.);
#12442 = EDGE_CURVE('',#12153,#12209,#12443,.T.);
#12443 = LINE('',#12444,#12445);
#12444 = CARTESIAN_POINT('',(6.348,0.65,5.E-02));
#12445 = VECTOR('',#12446,1.);
#12446 = DIRECTION('',(1.,0.,0.));
#12447 = ORIENTED_EDGE('',*,*,#12160,.T.);
#12448 = CYLINDRICAL_SURFACE('',#12449,0.15);
#12449 = AXIS2_PLACEMENT_3D('',#12450,#12451,#12452);
#12450 = CARTESIAN_POINT('',(6.348,0.8,5.E-02));
#12451 = DIRECTION('',(1.,0.,0.));
#12452 = DIRECTION('',(0.,0.,-1.));
#12453 = ADVANCED_FACE('',(#12454),#12465,.T.);
#12454 = FACE_BOUND('',#12455,.T.);
#12455 = EDGE_LOOP('',(#12456,#12457,#12463,#12464));
#12456 = ORIENTED_EDGE('',*,*,#12152,.F.);
#12457 = ORIENTED_EDGE('',*,*,#12458,.T.);
#12458 = EDGE_CURVE('',#12145,#12211,#12459,.T.);
#12459 = LINE('',#12460,#12461);
#12460 = CARTESIAN_POINT('',(6.348,0.65,2.9));
#12461 = VECTOR('',#12462,1.);
#12462 = DIRECTION('',(1.,0.,0.));
#12463 = ORIENTED_EDGE('',*,*,#12208,.F.);
#12464 = ORIENTED_EDGE('',*,*,#12442,.F.);
#12465 = PLANE('',#12466);
#12466 = AXIS2_PLACEMENT_3D('',#12467,#12468,#12469);
#12467 = CARTESIAN_POINT('',(6.348,0.65,1.525));
#12468 = DIRECTION('',(0.,1.,-1.837630800823E-16));
#12469 = DIRECTION('',(0.,1.837630800823E-16,1.));
#12470 = ADVANCED_FACE('',(#12471),#12487,.T.);
#12471 = FACE_BOUND('',#12472,.T.);
#12472 = EDGE_LOOP('',(#12473,#12479,#12480,#12486));
#12473 = ORIENTED_EDGE('',*,*,#12474,.T.);
#12474 = EDGE_CURVE('',#12211,#12283,#12475,.T.);
#12475 = LINE('',#12476,#12477);
#12476 = CARTESIAN_POINT('',(6.549333333333,0.549333333333,
    3.000666666667));
#12477 = VECTOR('',#12478,1.);
#12478 = DIRECTION('',(-0.57735026919,-0.57735026919,0.57735026919));
#12479 = ORIENTED_EDGE('',*,*,#12308,.F.);
#12480 = ORIENTED_EDGE('',*,*,#12481,.F.);
#12481 = EDGE_CURVE('',#12219,#12301,#12482,.T.);
#12482 = LINE('',#12483,#12484);
#12483 = CARTESIAN_POINT('',(6.291666666667,0.708333333333,
    3.258333333333));
#12484 = VECTOR('',#12485,1.);
#12485 = DIRECTION('',(-0.57735026919,0.57735026919,0.57735026919));
#12486 = ORIENTED_EDGE('',*,*,#12218,.F.);
#12487 = PLANE('',#12488);
#12488 = AXIS2_PLACEMENT_3D('',#12489,#12490,#12491);
#12489 = CARTESIAN_POINT('',(6.65,1.425,2.9));
#12490 = DIRECTION('',(0.707106781187,0.,0.707106781187));
#12491 = DIRECTION('',(-0.,1.,0.));
#12492 = ADVANCED_FACE('',(#12493),#12504,.F.);
#12493 = FACE_BOUND('',#12494,.T.);
#12494 = EDGE_LOOP('',(#12495,#12496,#12497,#12503));
#12495 = ORIENTED_EDGE('',*,*,#12481,.T.);
#12496 = ORIENTED_EDGE('',*,*,#12300,.F.);
#12497 = ORIENTED_EDGE('',*,*,#12498,.F.);
#12498 = EDGE_CURVE('',#12137,#12293,#12499,.T.);
#12499 = LINE('',#12500,#12501);
#12500 = CARTESIAN_POINT('',(6.416,0.416,2.966));
#12501 = VECTOR('',#12502,1.);
#12502 = DIRECTION('',(0.57735026919,0.57735026919,0.57735026919));
#12503 = ORIENTED_EDGE('',*,*,#12323,.F.);
#12504 = PLANE('',#12505);
#12505 = AXIS2_PLACEMENT_3D('',#12506,#12507,#12508);
#12506 = CARTESIAN_POINT('',(6.348,0.45,3.));
#12507 = DIRECTION('',(0.,0.707106781187,-0.707106781187));
#12508 = DIRECTION('',(1.,0.,0.));
#12509 = ADVANCED_FACE('',(#12510),#12521,.F.);
#12510 = FACE_BOUND('',#12511,.T.);
#12511 = EDGE_LOOP('',(#12512,#12513,#12514,#12520));
#12512 = ORIENTED_EDGE('',*,*,#12474,.F.);
#12513 = ORIENTED_EDGE('',*,*,#12458,.F.);
#12514 = ORIENTED_EDGE('',*,*,#12515,.F.);
#12515 = EDGE_CURVE('',#12285,#12145,#12516,.T.);
#12516 = LINE('',#12517,#12518);
#12517 = CARTESIAN_POINT('',(6.349333333333,0.650666666667,
    2.899333333333));
#12518 = VECTOR('',#12519,1.);
#12519 = DIRECTION('',(-0.57735026919,0.57735026919,-0.57735026919));
#12520 = ORIENTED_EDGE('',*,*,#12282,.F.);
#12521 = PLANE('',#12522);
#12522 = AXIS2_PLACEMENT_3D('',#12523,#12524,#12525);
#12523 = CARTESIAN_POINT('',(6.348,0.65,2.9));
#12524 = DIRECTION('',(0.,-0.707106781187,-0.707106781187));
#12525 = DIRECTION('',(1.,0.,0.));
#12526 = ADVANCED_FACE('',(#12527),#12533,.T.);
#12527 = FACE_BOUND('',#12528,.T.);
#12528 = EDGE_LOOP('',(#12529,#12530,#12531,#12532));
#12529 = ORIENTED_EDGE('',*,*,#12498,.T.);
#12530 = ORIENTED_EDGE('',*,*,#12292,.F.);
#12531 = ORIENTED_EDGE('',*,*,#12515,.T.);
#12532 = ORIENTED_EDGE('',*,*,#12144,.F.);
#12533 = PLANE('',#12534);
#12534 = AXIS2_PLACEMENT_3D('',#12535,#12536,#12537);
#12535 = CARTESIAN_POINT('',(6.35,0.5,2.9));
#12536 = DIRECTION('',(-0.707106781187,0.,0.707106781187));
#12537 = DIRECTION('',(0.,-1.,0.));
#12538 = ADVANCED_FACE('',(#12539),#12555,.T.);
#12539 = FACE_BOUND('',#12540,.T.);
#12540 = EDGE_LOOP('',(#12541,#12547,#12548,#12554));
#12541 = ORIENTED_EDGE('',*,*,#12542,.F.);
#12542 = EDGE_CURVE('',#12379,#12244,#12543,.T.);
#12543 = LINE('',#12544,#12545);
#12544 = CARTESIAN_POINT('',(6.083333333333,2.966666666667,
    0.166666666667));
#12545 = VECTOR('',#12546,1.);
#12546 = DIRECTION('',(0.57735026919,-0.57735026919,-0.57735026919));
#12547 = ORIENTED_EDGE('',*,*,#12404,.F.);
#12548 = ORIENTED_EDGE('',*,*,#12549,.T.);
#12549 = EDGE_CURVE('',#12397,#12252,#12550,.T.);
#12550 = LINE('',#12551,#12552);
#12551 = CARTESIAN_POINT('',(6.482666666667,2.567333333333,
    -0.267333333333));
#12552 = VECTOR('',#12553,1.);
#12553 = DIRECTION('',(0.57735026919,-0.57735026919,0.57735026919));
#12554 = ORIENTED_EDGE('',*,*,#12251,.F.);
#12555 = PLANE('',#12556);
#12556 = AXIS2_PLACEMENT_3D('',#12557,#12558,#12559);
#12557 = CARTESIAN_POINT('',(6.65,2.4,1.3));
#12558 = DIRECTION('',(0.707106781187,0.707106781187,0.));
#12559 = DIRECTION('',(0.,0.,-1.));
#12560 = ADVANCED_FACE('',(#12561),#12572,.F.);
#12561 = FACE_BOUND('',#12562,.T.);
#12562 = EDGE_LOOP('',(#12563,#12564,#12565,#12571));
#12563 = ORIENTED_EDGE('',*,*,#12549,.F.);
#12564 = ORIENTED_EDGE('',*,*,#12396,.F.);
#12565 = ORIENTED_EDGE('',*,*,#12566,.F.);
#12566 = EDGE_CURVE('',#12170,#12389,#12567,.T.);
#12567 = LINE('',#12568,#12569);
#12568 = CARTESIAN_POINT('',(6.416,2.466,-0.166));
#12569 = VECTOR('',#12570,1.);
#12570 = DIRECTION('',(0.57735026919,0.57735026919,-0.57735026919));
#12571 = ORIENTED_EDGE('',*,*,#12419,.F.);
#12572 = PLANE('',#12573);
#12573 = AXIS2_PLACEMENT_3D('',#12574,#12575,#12576);
#12574 = CARTESIAN_POINT('',(6.348,2.5,-0.2));
#12575 = DIRECTION('',(0.,-0.707106781187,-0.707106781187));
#12576 = DIRECTION('',(1.,0.,0.));
#12577 = ADVANCED_FACE('',(#12578),#12589,.F.);
#12578 = FACE_BOUND('',#12579,.T.);
#12579 = EDGE_LOOP('',(#12580,#12581,#12582,#12588));
#12580 = ORIENTED_EDGE('',*,*,#12542,.T.);
#12581 = ORIENTED_EDGE('',*,*,#12362,.F.);
#12582 = ORIENTED_EDGE('',*,*,#12583,.F.);
#12583 = EDGE_CURVE('',#12381,#12178,#12584,.T.);
#12584 = LINE('',#12585,#12586);
#12585 = CARTESIAN_POINT('',(6.349333333333,2.399333333333,
    -0.400666666667));
#12586 = VECTOR('',#12587,1.);
#12587 = DIRECTION('',(-0.57735026919,-0.57735026919,-0.57735026919));
#12588 = ORIENTED_EDGE('',*,*,#12378,.F.);
#12589 = PLANE('',#12590);
#12590 = AXIS2_PLACEMENT_3D('',#12591,#12592,#12593);
#12591 = CARTESIAN_POINT('',(6.348,2.4,-0.4));
#12592 = DIRECTION('',(0.,-0.707106781187,0.707106781187));
#12593 = DIRECTION('',(1.,0.,0.));
#12594 = ADVANCED_FACE('',(#12595),#12601,.T.);
#12595 = FACE_BOUND('',#12596,.T.);
#12596 = EDGE_LOOP('',(#12597,#12598,#12599,#12600));
#12597 = ORIENTED_EDGE('',*,*,#12566,.T.);
#12598 = ORIENTED_EDGE('',*,*,#12388,.F.);
#12599 = ORIENTED_EDGE('',*,*,#12583,.T.);
#12600 = ORIENTED_EDGE('',*,*,#12177,.F.);
#12601 = PLANE('',#12602);
#12602 = AXIS2_PLACEMENT_3D('',#12603,#12604,#12605);
#12603 = CARTESIAN_POINT('',(6.35,2.4,1.));
#12604 = DIRECTION('',(-0.707106781187,0.707106781187,0.));
#12605 = DIRECTION('',(0.,0.,1.));
#12606 = ( GEOMETRIC_REPRESENTATION_CONTEXT(3) 
GLOBAL_UNCERTAINTY_ASSIGNED_CONTEXT((#12610)) 
GLOBAL_UNIT_ASSIGNED_CONTEXT((#12607,#12608,#12609)) 
REPRESENTATION_CONTEXT('Context #1',
  '3D Context with UNIT and UNCERTAINTY') );
#12607 = ( LENGTH_UNIT() NAMED_UNIT(*) SI_UNIT(.MILLI.,.METRE.) );
#12608 = ( NAMED_UNIT(*) PLANE_ANGLE_UNIT() SI_UNIT($,.RADIAN.) );
#12609 = ( NAMED_UNIT(*) SI_UNIT($,.STERADIAN.) SOLID_ANGLE_UNIT() );
#12610 = UNCERTAINTY_MEASURE_WITH_UNIT(LENGTH_MEASURE(1.E-07),#12607,
  'distance_accuracy_value','confusion accuracy');
#12611 = CONTEXT_DEPENDENT_SHAPE_REPRESENTATION(#12612,#12614);
#12612 = ( REPRESENTATION_RELATIONSHIP('','',#12127,#817) 
REPRESENTATION_RELATIONSHIP_WITH_TRANSFORMATION(#12613) 
SHAPE_REPRESENTATION_RELATIONSHIP() );
#12613 = ITEM_DEFINED_TRANSFORMATION('','',#11,#862);
#12614 = PRODUCT_DEFINITION_SHAPE('Placement','Placement of an item',
  #12615);
#12615 = NEXT_ASSEMBLY_USAGE_OCCURRENCE('90','=>[0:1:1:15]','',#812,
  #12122,$);
#12616 = PRODUCT_RELATED_PRODUCT_CATEGORY('part',$,(#12124));
#12617 = SHAPE_DEFINITION_REPRESENTATION(#12618,#12624);
#12618 = PRODUCT_DEFINITION_SHAPE('','',#12619);
#12619 = PRODUCT_DEFINITION('design','',#12620,#12623);
#12620 = PRODUCT_DEFINITION_FORMATION('','',#12621);
#12621 = PRODUCT('Part 4','Part 4','',(#12622));
#12622 = PRODUCT_CONTEXT('',#2,'mechanical');
#12623 = PRODUCT_DEFINITION_CONTEXT('part definition',#2,'design');
#12624 = ADVANCED_BREP_SHAPE_REPRESENTATION('',(#11,#12625),#13103);
#12625 = MANIFOLD_SOLID_BREP('',#12626);
#12626 = CLOSED_SHELL('',(#12627,#12701,#12775,#12815,#12837,#12854,
    #12871,#12911,#12933,#12950,#12967,#12989,#13006,#13023,#13035,
    #13057,#13074,#13091));
#12627 = ADVANCED_FACE('',(#12628),#12696,.F.);
#12628 = FACE_BOUND('',#12629,.T.);
#12629 = EDGE_LOOP('',(#12630,#12640,#12648,#12656,#12665,#12673,#12681,
    #12689));
#12630 = ORIENTED_EDGE('',*,*,#12631,.T.);
#12631 = EDGE_CURVE('',#12632,#12634,#12636,.T.);
#12632 = VERTEX_POINT('',#12633);
#12633 = CARTESIAN_POINT('',(0.35,0.35,5.E-02));
#12634 = VERTEX_POINT('',#12635);
#12635 = CARTESIAN_POINT('',(0.35,0.35,2.9));
#12636 = LINE('',#12637,#12638);
#12637 = CARTESIAN_POINT('',(0.35,0.35,1.525));
#12638 = VECTOR('',#12639,1.);
#12639 = DIRECTION('',(0.,5.512892402469E-17,1.));
#12640 = ORIENTED_EDGE('',*,*,#12641,.T.);
#12641 = EDGE_CURVE('',#12634,#12642,#12644,.T.);
#12642 = VERTEX_POINT('',#12643);
#12643 = CARTESIAN_POINT('',(0.35,0.65,2.9));
#12644 = LINE('',#12645,#12646);
#12645 = CARTESIAN_POINT('',(0.35,0.65,2.9));
#12646 = VECTOR('',#12647,1.);
#12647 = DIRECTION('',(0.,1.,0.));
#12648 = ORIENTED_EDGE('',*,*,#12649,.T.);
#12649 = EDGE_CURVE('',#12642,#12650,#12652,.T.);
#12650 = VERTEX_POINT('',#12651);
#12651 = CARTESIAN_POINT('',(0.35,0.65,5.E-02));
#12652 = LINE('',#12653,#12654);
#12653 = CARTESIAN_POINT('',(0.35,0.65,1.525));
#12654 = VECTOR('',#12655,1.);
#12655 = DIRECTION('',(0.,-1.837630800823E-16,-1.));
#12656 = ORIENTED_EDGE('',*,*,#12657,.T.);
#12657 = EDGE_CURVE('',#12650,#12658,#12660,.T.);
#12658 = VERTEX_POINT('',#12659);
#12659 = CARTESIAN_POINT('',(0.35,0.8,-0.1));
#12660 = CIRCLE('',#12661,0.15);
#12661 = AXIS2_PLACEMENT_3D('',#12662,#12663,#12664);
#12662 = CARTESIAN_POINT('',(0.35,0.8,5.E-02));
#12663 = DIRECTION('',(1.,0.,0.));
#12664 = DIRECTION('',(0.,0.,-1.));
#12665 = ORIENTED_EDGE('',*,*,#12666,.T.);
#12666 = EDGE_CURVE('',#12658,#12667,#12669,.T.);
#12667 = VERTEX_POINT('',#12668);
#12668 = CARTESIAN_POINT('',(0.35,2.4,-0.1));
#12669 = LINE('',#12670,#12671);
#12670 = CARTESIAN_POINT('',(0.35,1.65,-0.1));
#12671 = VECTOR('',#12672,1.);
#12672 = DIRECTION('',(0.,1.,0.));
#12673 = ORIENTED_EDGE('',*,*,#12674,.T.);
#12674 = EDGE_CURVE('',#12667,#12675,#12677,.T.);
#12675 = VERTEX_POINT('',#12676);
#12676 = CARTESIAN_POINT('',(0.35,2.4,-0.4));
#12677 = LINE('',#12678,#12679);
#12678 = CARTESIAN_POINT('',(0.35,2.4,-0.4));
#12679 = VECTOR('',#12680,1.);
#12680 = DIRECTION('',(0.,0.,-1.));
#12681 = ORIENTED_EDGE('',*,*,#12682,.T.);
#12682 = EDGE_CURVE('',#12675,#12683,#12685,.T.);
#12683 = VERTEX_POINT('',#12684);
#12684 = CARTESIAN_POINT('',(0.35,0.8,-0.4));
#12685 = LINE('',#12686,#12687);
#12686 = CARTESIAN_POINT('',(0.35,1.65,-0.4));
#12687 = VECTOR('',#12688,1.);
#12688 = DIRECTION('',(0.,-1.,1.27553196763E-16));
#12689 = ORIENTED_EDGE('',*,*,#12690,.F.);
#12690 = EDGE_CURVE('',#12632,#12683,#12691,.T.);
#12691 = CIRCLE('',#12692,0.45);
#12692 = AXIS2_PLACEMENT_3D('',#12693,#12694,#12695);
#12693 = CARTESIAN_POINT('',(0.35,0.8,5.E-02));
#12694 = DIRECTION('',(1.,0.,0.));
#12695 = DIRECTION('',(0.,0.,-1.));
#12696 = PLANE('',#12697);
#12697 = AXIS2_PLACEMENT_3D('',#12698,#12699,#12700);
#12698 = CARTESIAN_POINT('',(0.35,0.5,1.));
#12699 = DIRECTION('',(1.,0.,0.));
#12700 = DIRECTION('',(0.,0.,-1.));
#12701 = ADVANCED_FACE('',(#12702),#12770,.F.);
#12702 = FACE_BOUND('',#12703,.T.);
#12703 = EDGE_LOOP('',(#12704,#12714,#12722,#12730,#12739,#12747,#12755,
    #12763));
#12704 = ORIENTED_EDGE('',*,*,#12705,.T.);
#12705 = EDGE_CURVE('',#12706,#12708,#12710,.T.);
#12706 = VERTEX_POINT('',#12707);
#12707 = CARTESIAN_POINT('',(0.65,0.65,5.E-02));
#12708 = VERTEX_POINT('',#12709);
#12709 = CARTESIAN_POINT('',(0.65,0.65,2.9));
#12710 = LINE('',#12711,#12712);
#12711 = CARTESIAN_POINT('',(0.65,0.65,1.525));
#12712 = VECTOR('',#12713,1.);
#12713 = DIRECTION('',(0.,1.837630800823E-16,1.));
#12714 = ORIENTED_EDGE('',*,*,#12715,.T.);
#12715 = EDGE_CURVE('',#12708,#12716,#12718,.T.);
#12716 = VERTEX_POINT('',#12717);
#12717 = CARTESIAN_POINT('',(0.65,0.35,2.9));
#12718 = LINE('',#12719,#12720);
#12719 = CARTESIAN_POINT('',(0.65,0.35,2.9));
#12720 = VECTOR('',#12721,1.);
#12721 = DIRECTION('',(0.,-1.,0.));
#12722 = ORIENTED_EDGE('',*,*,#12723,.T.);
#12723 = EDGE_CURVE('',#12716,#12724,#12726,.T.);
#12724 = VERTEX_POINT('',#12725);
#12725 = CARTESIAN_POINT('',(0.65,0.35,5.E-02));
#12726 = LINE('',#12727,#12728);
#12727 = CARTESIAN_POINT('',(0.65,0.35,1.525));
#12728 = VECTOR('',#12729,1.);
#12729 = DIRECTION('',(0.,-5.512892402469E-17,-1.));
#12730 = ORIENTED_EDGE('',*,*,#12731,.F.);
#12731 = EDGE_CURVE('',#12732,#12724,#12734,.T.);
#12732 = VERTEX_POINT('',#12733);
#12733 = CARTESIAN_POINT('',(0.65,0.8,-0.4));
#12734 = CIRCLE('',#12735,0.45);
#12735 = AXIS2_PLACEMENT_3D('',#12736,#12737,#12738);
#12736 = CARTESIAN_POINT('',(0.65,0.8,5.E-02));
#12737 = DIRECTION('',(-1.,0.,0.));
#12738 = DIRECTION('',(0.,0.,1.));
#12739 = ORIENTED_EDGE('',*,*,#12740,.T.);
#12740 = EDGE_CURVE('',#12732,#12741,#12743,.T.);
#12741 = VERTEX_POINT('',#12742);
#12742 = CARTESIAN_POINT('',(0.65,2.4,-0.4));
#12743 = LINE('',#12744,#12745);
#12744 = CARTESIAN_POINT('',(0.65,1.65,-0.4));
#12745 = VECTOR('',#12746,1.);
#12746 = DIRECTION('',(0.,1.,-1.27553196763E-16));
#12747 = ORIENTED_EDGE('',*,*,#12748,.T.);
#12748 = EDGE_CURVE('',#12741,#12749,#12751,.T.);
#12749 = VERTEX_POINT('',#12750);
#12750 = CARTESIAN_POINT('',(0.65,2.4,-0.1));
#12751 = LINE('',#12752,#12753);
#12752 = CARTESIAN_POINT('',(0.65,2.4,-0.1));
#12753 = VECTOR('',#12754,1.);
#12754 = DIRECTION('',(0.,0.,1.));
#12755 = ORIENTED_EDGE('',*,*,#12756,.T.);
#12756 = EDGE_CURVE('',#12749,#12757,#12759,.T.);
#12757 = VERTEX_POINT('',#12758);
#12758 = CARTESIAN_POINT('',(0.65,0.8,-0.1));
#12759 = LINE('',#12760,#12761);
#12760 = CARTESIAN_POINT('',(0.65,1.65,-0.1));
#12761 = VECTOR('',#12762,1.);
#12762 = DIRECTION('',(0.,-1.,0.));
#12763 = ORIENTED_EDGE('',*,*,#12764,.T.);
#12764 = EDGE_CURVE('',#12757,#12706,#12765,.T.);
#12765 = CIRCLE('',#12766,0.15);
#12766 = AXIS2_PLACEMENT_3D('',#12767,#12768,#12769);
#12767 = CARTESIAN_POINT('',(0.65,0.8,5.E-02));
#12768 = DIRECTION('',(-1.,0.,0.));
#12769 = DIRECTION('',(0.,0.,1.));
#12770 = PLANE('',#12771);
#12771 = AXIS2_PLACEMENT_3D('',#12772,#12773,#12774);
#12772 = CARTESIAN_POINT('',(0.65,1.425,1.3));
#12773 = DIRECTION('',(-1.,0.,0.));
#12774 = DIRECTION('',(0.,-1.,0.));
#12775 = ADVANCED_FACE('',(#12776),#12810,.T.);
#12776 = FACE_BOUND('',#12777,.T.);
#12777 = EDGE_LOOP('',(#12778,#12788,#12796,#12804));
#12778 = ORIENTED_EDGE('',*,*,#12779,.T.);
#12779 = EDGE_CURVE('',#12780,#12782,#12784,.T.);
#12780 = VERTEX_POINT('',#12781);
#12781 = CARTESIAN_POINT('',(0.55,0.55,3.));
#12782 = VERTEX_POINT('',#12783);
#12783 = CARTESIAN_POINT('',(0.45,0.55,3.));
#12784 = LINE('',#12785,#12786);
#12785 = CARTESIAN_POINT('',(0.348,0.55,3.));
#12786 = VECTOR('',#12787,1.);
#12787 = DIRECTION('',(-1.,0.,0.));
#12788 = ORIENTED_EDGE('',*,*,#12789,.T.);
#12789 = EDGE_CURVE('',#12782,#12790,#12792,.T.);
#12790 = VERTEX_POINT('',#12791);
#12791 = CARTESIAN_POINT('',(0.45,0.45,3.));
#12792 = LINE('',#12793,#12794);
#12793 = CARTESIAN_POINT('',(0.45,0.35,3.));
#12794 = VECTOR('',#12795,1.);
#12795 = DIRECTION('',(0.,-1.,0.));
#12796 = ORIENTED_EDGE('',*,*,#12797,.T.);
#12797 = EDGE_CURVE('',#12790,#12798,#12800,.T.);
#12798 = VERTEX_POINT('',#12799);
#12799 = CARTESIAN_POINT('',(0.55,0.45,3.));
#12800 = LINE('',#12801,#12802);
#12801 = CARTESIAN_POINT('',(0.348,0.45,3.));
#12802 = VECTOR('',#12803,1.);
#12803 = DIRECTION('',(1.,0.,0.));
#12804 = ORIENTED_EDGE('',*,*,#12805,.T.);
#12805 = EDGE_CURVE('',#12798,#12780,#12806,.T.);
#12806 = LINE('',#12807,#12808);
#12807 = CARTESIAN_POINT('',(0.55,0.65,3.));
#12808 = VECTOR('',#12809,1.);
#12809 = DIRECTION('',(0.,1.,0.));
#12810 = PLANE('',#12811);
#12811 = AXIS2_PLACEMENT_3D('',#12812,#12813,#12814);
#12812 = CARTESIAN_POINT('',(0.348,0.5,3.));
#12813 = DIRECTION('',(0.,0.,1.));
#12814 = DIRECTION('',(1.,0.,-0.));
#12815 = ADVANCED_FACE('',(#12816),#12832,.T.);
#12816 = FACE_BOUND('',#12817,.T.);
#12817 = EDGE_LOOP('',(#12818,#12819,#12825,#12826));
#12818 = ORIENTED_EDGE('',*,*,#12723,.F.);
#12819 = ORIENTED_EDGE('',*,*,#12820,.T.);
#12820 = EDGE_CURVE('',#12716,#12634,#12821,.T.);
#12821 = LINE('',#12822,#12823);
#12822 = CARTESIAN_POINT('',(0.348,0.35,2.9));
#12823 = VECTOR('',#12824,1.);
#12824 = DIRECTION('',(-1.,0.,0.));
#12825 = ORIENTED_EDGE('',*,*,#12631,.F.);
#12826 = ORIENTED_EDGE('',*,*,#12827,.T.);
#12827 = EDGE_CURVE('',#12632,#12724,#12828,.T.);
#12828 = LINE('',#12829,#12830);
#12829 = CARTESIAN_POINT('',(0.348,0.35,5.E-02));
#12830 = VECTOR('',#12831,1.);
#12831 = DIRECTION('',(1.,0.,0.));
#12832 = PLANE('',#12833);
#12833 = AXIS2_PLACEMENT_3D('',#12834,#12835,#12836);
#12834 = CARTESIAN_POINT('',(0.348,0.35,1.525));
#12835 = DIRECTION('',(0.,-1.,5.512892402469E-17));
#12836 = DIRECTION('',(0.,-5.512892402469E-17,-1.));
#12837 = ADVANCED_FACE('',(#12838),#12849,.T.);
#12838 = FACE_BOUND('',#12839,.T.);
#12839 = EDGE_LOOP('',(#12840,#12841,#12842,#12848));
#12840 = ORIENTED_EDGE('',*,*,#12827,.F.);
#12841 = ORIENTED_EDGE('',*,*,#12690,.T.);
#12842 = ORIENTED_EDGE('',*,*,#12843,.T.);
#12843 = EDGE_CURVE('',#12683,#12732,#12844,.T.);
#12844 = LINE('',#12845,#12846);
#12845 = CARTESIAN_POINT('',(0.348,0.8,-0.4));
#12846 = VECTOR('',#12847,1.);
#12847 = DIRECTION('',(1.,0.,0.));
#12848 = ORIENTED_EDGE('',*,*,#12731,.T.);
#12849 = CYLINDRICAL_SURFACE('',#12850,0.45);
#12850 = AXIS2_PLACEMENT_3D('',#12851,#12852,#12853);
#12851 = CARTESIAN_POINT('',(0.348,0.8,5.E-02));
#12852 = DIRECTION('',(1.,0.,0.));
#12853 = DIRECTION('',(0.,0.,-1.));
#12854 = ADVANCED_FACE('',(#12855),#12866,.T.);
#12855 = FACE_BOUND('',#12856,.T.);
#12856 = EDGE_LOOP('',(#12857,#12858,#12864,#12865));
#12857 = ORIENTED_EDGE('',*,*,#12682,.F.);
#12858 = ORIENTED_EDGE('',*,*,#12859,.T.);
#12859 = EDGE_CURVE('',#12675,#12741,#12860,.T.);
#12860 = LINE('',#12861,#12862);
#12861 = CARTESIAN_POINT('',(0.348,2.4,-0.4));
#12862 = VECTOR('',#12863,1.);
#12863 = DIRECTION('',(1.,0.,0.));
#12864 = ORIENTED_EDGE('',*,*,#12740,.F.);
#12865 = ORIENTED_EDGE('',*,*,#12843,.F.);
#12866 = PLANE('',#12867);
#12867 = AXIS2_PLACEMENT_3D('',#12868,#12869,#12870);
#12868 = CARTESIAN_POINT('',(0.348,1.65,-0.4));
#12869 = DIRECTION('',(0.,-1.27553196763E-16,-1.));
#12870 = DIRECTION('',(0.,1.,-1.27553196763E-16));
#12871 = ADVANCED_FACE('',(#12872),#12906,.T.);
#12872 = FACE_BOUND('',#12873,.T.);
#12873 = EDGE_LOOP('',(#12874,#12884,#12892,#12900));
#12874 = ORIENTED_EDGE('',*,*,#12875,.T.);
#12875 = EDGE_CURVE('',#12876,#12878,#12880,.T.);
#12876 = VERTEX_POINT('',#12877);
#12877 = CARTESIAN_POINT('',(0.55,2.5,-0.3));
#12878 = VERTEX_POINT('',#12879);
#12879 = CARTESIAN_POINT('',(0.45,2.5,-0.3));
#12880 = LINE('',#12881,#12882);
#12881 = CARTESIAN_POINT('',(0.348,2.5,-0.3));
#12882 = VECTOR('',#12883,1.);
#12883 = DIRECTION('',(-1.,0.,0.));
#12884 = ORIENTED_EDGE('',*,*,#12885,.T.);
#12885 = EDGE_CURVE('',#12878,#12886,#12888,.T.);
#12886 = VERTEX_POINT('',#12887);
#12887 = CARTESIAN_POINT('',(0.45,2.5,-0.2));
#12888 = LINE('',#12889,#12890);
#12889 = CARTESIAN_POINT('',(0.45,2.5,-0.1));
#12890 = VECTOR('',#12891,1.);
#12891 = DIRECTION('',(0.,0.,1.));
#12892 = ORIENTED_EDGE('',*,*,#12893,.T.);
#12893 = EDGE_CURVE('',#12886,#12894,#12896,.T.);
#12894 = VERTEX_POINT('',#12895);
#12895 = CARTESIAN_POINT('',(0.55,2.5,-0.2));
#12896 = LINE('',#12897,#12898);
#12897 = CARTESIAN_POINT('',(0.348,2.5,-0.2));
#12898 = VECTOR('',#12899,1.);
#12899 = DIRECTION('',(1.,0.,0.));
#12900 = ORIENTED_EDGE('',*,*,#12901,.T.);
#12901 = EDGE_CURVE('',#12894,#12876,#12902,.T.);
#12902 = LINE('',#12903,#12904);
#12903 = CARTESIAN_POINT('',(0.55,2.5,-0.4));
#12904 = VECTOR('',#12905,1.);
#12905 = DIRECTION('',(0.,0.,-1.));
#12906 = PLANE('',#12907);
#12907 = AXIS2_PLACEMENT_3D('',#12908,#12909,#12910);
#12908 = CARTESIAN_POINT('',(0.348,2.5,-0.25));
#12909 = DIRECTION('',(0.,1.,0.));
#12910 = DIRECTION('',(0.,-0.,1.));
#12911 = ADVANCED_FACE('',(#12912),#12928,.T.);
#12912 = FACE_BOUND('',#12913,.T.);
#12913 = EDGE_LOOP('',(#12914,#12915,#12921,#12922));
#12914 = ORIENTED_EDGE('',*,*,#12756,.F.);
#12915 = ORIENTED_EDGE('',*,*,#12916,.T.);
#12916 = EDGE_CURVE('',#12749,#12667,#12917,.T.);
#12917 = LINE('',#12918,#12919);
#12918 = CARTESIAN_POINT('',(0.348,2.4,-0.1));
#12919 = VECTOR('',#12920,1.);
#12920 = DIRECTION('',(-1.,0.,0.));
#12921 = ORIENTED_EDGE('',*,*,#12666,.F.);
#12922 = ORIENTED_EDGE('',*,*,#12923,.T.);
#12923 = EDGE_CURVE('',#12658,#12757,#12924,.T.);
#12924 = LINE('',#12925,#12926);
#12925 = CARTESIAN_POINT('',(0.348,0.8,-0.1));
#12926 = VECTOR('',#12927,1.);
#12927 = DIRECTION('',(1.,0.,0.));
#12928 = PLANE('',#12929);
#12929 = AXIS2_PLACEMENT_3D('',#12930,#12931,#12932);
#12930 = CARTESIAN_POINT('',(0.348,1.65,-0.1));
#12931 = DIRECTION('',(0.,0.,1.));
#12932 = DIRECTION('',(1.,0.,-0.));
#12933 = ADVANCED_FACE('',(#12934),#12945,.F.);
#12934 = FACE_BOUND('',#12935,.F.);
#12935 = EDGE_LOOP('',(#12936,#12937,#12938,#12944));
#12936 = ORIENTED_EDGE('',*,*,#12923,.T.);
#12937 = ORIENTED_EDGE('',*,*,#12764,.T.);
#12938 = ORIENTED_EDGE('',*,*,#12939,.F.);
#12939 = EDGE_CURVE('',#12650,#12706,#12940,.T.);
#12940 = LINE('',#12941,#12942);
#12941 = CARTESIAN_POINT('',(0.348,0.65,5.E-02));
#12942 = VECTOR('',#12943,1.);
#12943 = DIRECTION('',(1.,0.,0.));
#12944 = ORIENTED_EDGE('',*,*,#12657,.T.);
#12945 = CYLINDRICAL_SURFACE('',#12946,0.15);
#12946 = AXIS2_PLACEMENT_3D('',#12947,#12948,#12949);
#12947 = CARTESIAN_POINT('',(0.348,0.8,5.E-02));
#12948 = DIRECTION('',(1.,0.,0.));
#12949 = DIRECTION('',(0.,0.,-1.));
#12950 = ADVANCED_FACE('',(#12951),#12962,.T.);
#12951 = FACE_BOUND('',#12952,.T.);
#12952 = EDGE_LOOP('',(#12953,#12954,#12960,#12961));
#12953 = ORIENTED_EDGE('',*,*,#12649,.F.);
#12954 = ORIENTED_EDGE('',*,*,#12955,.T.);
#12955 = EDGE_CURVE('',#12642,#12708,#12956,.T.);
#12956 = LINE('',#12957,#12958);
#12957 = CARTESIAN_POINT('',(0.348,0.65,2.9));
#12958 = VECTOR('',#12959,1.);
#12959 = DIRECTION('',(1.,0.,0.));
#12960 = ORIENTED_EDGE('',*,*,#12705,.F.);
#12961 = ORIENTED_EDGE('',*,*,#12939,.F.);
#12962 = PLANE('',#12963);
#12963 = AXIS2_PLACEMENT_3D('',#12964,#12965,#12966);
#12964 = CARTESIAN_POINT('',(0.348,0.65,1.525));
#12965 = DIRECTION('',(0.,1.,-1.837630800823E-16));
#12966 = DIRECTION('',(0.,1.837630800823E-16,1.));
#12967 = ADVANCED_FACE('',(#12968),#12984,.T.);
#12968 = FACE_BOUND('',#12969,.T.);
#12969 = EDGE_LOOP('',(#12970,#12976,#12977,#12983));
#12970 = ORIENTED_EDGE('',*,*,#12971,.T.);
#12971 = EDGE_CURVE('',#12708,#12780,#12972,.T.);
#12972 = LINE('',#12973,#12974);
#12973 = CARTESIAN_POINT('',(0.549333333333,0.549333333333,
    3.000666666667));
#12974 = VECTOR('',#12975,1.);
#12975 = DIRECTION('',(-0.57735026919,-0.57735026919,0.57735026919));
#12976 = ORIENTED_EDGE('',*,*,#12805,.F.);
#12977 = ORIENTED_EDGE('',*,*,#12978,.F.);
#12978 = EDGE_CURVE('',#12716,#12798,#12979,.T.);
#12979 = LINE('',#12980,#12981);
#12980 = CARTESIAN_POINT('',(0.291666666667,0.708333333333,
    3.258333333333));
#12981 = VECTOR('',#12982,1.);
#12982 = DIRECTION('',(-0.57735026919,0.57735026919,0.57735026919));
#12983 = ORIENTED_EDGE('',*,*,#12715,.F.);
#12984 = PLANE('',#12985);
#12985 = AXIS2_PLACEMENT_3D('',#12986,#12987,#12988);
#12986 = CARTESIAN_POINT('',(0.65,1.425,2.9));
#12987 = DIRECTION('',(0.707106781187,0.,0.707106781187));
#12988 = DIRECTION('',(-0.,1.,0.));
#12989 = ADVANCED_FACE('',(#12990),#13001,.F.);
#12990 = FACE_BOUND('',#12991,.T.);
#12991 = EDGE_LOOP('',(#12992,#12993,#12994,#13000));
#12992 = ORIENTED_EDGE('',*,*,#12978,.T.);
#12993 = ORIENTED_EDGE('',*,*,#12797,.F.);
#12994 = ORIENTED_EDGE('',*,*,#12995,.F.);
#12995 = EDGE_CURVE('',#12634,#12790,#12996,.T.);
#12996 = LINE('',#12997,#12998);
#12997 = CARTESIAN_POINT('',(0.416,0.416,2.966));
#12998 = VECTOR('',#12999,1.);
#12999 = DIRECTION('',(0.57735026919,0.57735026919,0.57735026919));
#13000 = ORIENTED_EDGE('',*,*,#12820,.F.);
#13001 = PLANE('',#13002);
#13002 = AXIS2_PLACEMENT_3D('',#13003,#13004,#13005);
#13003 = CARTESIAN_POINT('',(0.348,0.45,3.));
#13004 = DIRECTION('',(0.,0.707106781187,-0.707106781187));
#13005 = DIRECTION('',(1.,0.,0.));
#13006 = ADVANCED_FACE('',(#13007),#13018,.F.);
#13007 = FACE_BOUND('',#13008,.T.);
#13008 = EDGE_LOOP('',(#13009,#13010,#13011,#13017));
#13009 = ORIENTED_EDGE('',*,*,#12971,.F.);
#13010 = ORIENTED_EDGE('',*,*,#12955,.F.);
#13011 = ORIENTED_EDGE('',*,*,#13012,.F.);
#13012 = EDGE_CURVE('',#12782,#12642,#13013,.T.);
#13013 = LINE('',#13014,#13015);
#13014 = CARTESIAN_POINT('',(0.349333333333,0.650666666667,
    2.899333333333));
#13015 = VECTOR('',#13016,1.);
#13016 = DIRECTION('',(-0.57735026919,0.57735026919,-0.57735026919));
#13017 = ORIENTED_EDGE('',*,*,#12779,.F.);
#13018 = PLANE('',#13019);
#13019 = AXIS2_PLACEMENT_3D('',#13020,#13021,#13022);
#13020 = CARTESIAN_POINT('',(0.348,0.65,2.9));
#13021 = DIRECTION('',(0.,-0.707106781187,-0.707106781187));
#13022 = DIRECTION('',(1.,0.,0.));
#13023 = ADVANCED_FACE('',(#13024),#13030,.T.);
#13024 = FACE_BOUND('',#13025,.T.);
#13025 = EDGE_LOOP('',(#13026,#13027,#13028,#13029));
#13026 = ORIENTED_EDGE('',*,*,#12995,.T.);
#13027 = ORIENTED_EDGE('',*,*,#12789,.F.);
#13028 = ORIENTED_EDGE('',*,*,#13012,.T.);
#13029 = ORIENTED_EDGE('',*,*,#12641,.F.);
#13030 = PLANE('',#13031);
#13031 = AXIS2_PLACEMENT_3D('',#13032,#13033,#13034);
#13032 = CARTESIAN_POINT('',(0.35,0.5,2.9));
#13033 = DIRECTION('',(-0.707106781187,0.,0.707106781187));
#13034 = DIRECTION('',(0.,-1.,0.));
#13035 = ADVANCED_FACE('',(#13036),#13052,.T.);
#13036 = FACE_BOUND('',#13037,.T.);
#13037 = EDGE_LOOP('',(#13038,#13044,#13045,#13051));
#13038 = ORIENTED_EDGE('',*,*,#13039,.F.);
#13039 = EDGE_CURVE('',#12876,#12741,#13040,.T.);
#13040 = LINE('',#13041,#13042);
#13041 = CARTESIAN_POINT('',(8.333333333333E-02,2.966666666667,
    0.166666666667));
#13042 = VECTOR('',#13043,1.);
#13043 = DIRECTION('',(0.57735026919,-0.57735026919,-0.57735026919));
#13044 = ORIENTED_EDGE('',*,*,#12901,.F.);
#13045 = ORIENTED_EDGE('',*,*,#13046,.T.);
#13046 = EDGE_CURVE('',#12894,#12749,#13047,.T.);
#13047 = LINE('',#13048,#13049);
#13048 = CARTESIAN_POINT('',(0.482666666667,2.567333333333,
    -0.267333333333));
#13049 = VECTOR('',#13050,1.);
#13050 = DIRECTION('',(0.57735026919,-0.57735026919,0.57735026919));
#13051 = ORIENTED_EDGE('',*,*,#12748,.F.);
#13052 = PLANE('',#13053);
#13053 = AXIS2_PLACEMENT_3D('',#13054,#13055,#13056);
#13054 = CARTESIAN_POINT('',(0.65,2.4,1.3));
#13055 = DIRECTION('',(0.707106781187,0.707106781187,0.));
#13056 = DIRECTION('',(0.,0.,-1.));
#13057 = ADVANCED_FACE('',(#13058),#13069,.F.);
#13058 = FACE_BOUND('',#13059,.T.);
#13059 = EDGE_LOOP('',(#13060,#13061,#13062,#13068));
#13060 = ORIENTED_EDGE('',*,*,#13046,.F.);
#13061 = ORIENTED_EDGE('',*,*,#12893,.F.);
#13062 = ORIENTED_EDGE('',*,*,#13063,.F.);
#13063 = EDGE_CURVE('',#12667,#12886,#13064,.T.);
#13064 = LINE('',#13065,#13066);
#13065 = CARTESIAN_POINT('',(0.416,2.466,-0.166));
#13066 = VECTOR('',#13067,1.);
#13067 = DIRECTION('',(0.57735026919,0.57735026919,-0.57735026919));
#13068 = ORIENTED_EDGE('',*,*,#12916,.F.);
#13069 = PLANE('',#13070);
#13070 = AXIS2_PLACEMENT_3D('',#13071,#13072,#13073);
#13071 = CARTESIAN_POINT('',(0.348,2.5,-0.2));
#13072 = DIRECTION('',(0.,-0.707106781187,-0.707106781187));
#13073 = DIRECTION('',(1.,0.,0.));
#13074 = ADVANCED_FACE('',(#13075),#13086,.F.);
#13075 = FACE_BOUND('',#13076,.T.);
#13076 = EDGE_LOOP('',(#13077,#13078,#13079,#13085));
#13077 = ORIENTED_EDGE('',*,*,#13039,.T.);
#13078 = ORIENTED_EDGE('',*,*,#12859,.F.);
#13079 = ORIENTED_EDGE('',*,*,#13080,.F.);
#13080 = EDGE_CURVE('',#12878,#12675,#13081,.T.);
#13081 = LINE('',#13082,#13083);
#13082 = CARTESIAN_POINT('',(0.349333333333,2.399333333333,
    -0.400666666667));
#13083 = VECTOR('',#13084,1.);
#13084 = DIRECTION('',(-0.57735026919,-0.57735026919,-0.57735026919));
#13085 = ORIENTED_EDGE('',*,*,#12875,.F.);
#13086 = PLANE('',#13087);
#13087 = AXIS2_PLACEMENT_3D('',#13088,#13089,#13090);
#13088 = CARTESIAN_POINT('',(0.348,2.4,-0.4));
#13089 = DIRECTION('',(0.,-0.707106781187,0.707106781187));
#13090 = DIRECTION('',(1.,0.,0.));
#13091 = ADVANCED_FACE('',(#13092),#13098,.T.);
#13092 = FACE_BOUND('',#13093,.T.);
#13093 = EDGE_LOOP('',(#13094,#13095,#13096,#13097));
#13094 = ORIENTED_EDGE('',*,*,#13063,.T.);
#13095 = ORIENTED_EDGE('',*,*,#12885,.F.);
#13096 = ORIENTED_EDGE('',*,*,#13080,.T.);
#13097 = ORIENTED_EDGE('',*,*,#12674,.F.);
#13098 = PLANE('',#13099);
#13099 = AXIS2_PLACEMENT_3D('',#13100,#13101,#13102);
#13100 = CARTESIAN_POINT('',(0.35,2.4,1.));
#13101 = DIRECTION('',(-0.707106781187,0.707106781187,0.));
#13102 = DIRECTION('',(0.,0.,1.));
#13103 = ( GEOMETRIC_REPRESENTATION_CONTEXT(3) 
GLOBAL_UNCERTAINTY_ASSIGNED_CONTEXT((#13107)) 
GLOBAL_UNIT_ASSIGNED_CONTEXT((#13104,#13105,#13106)) 
REPRESENTATION_CONTEXT('Context #1',
  '3D Context with UNIT and UNCERTAINTY') );
#13104 = ( LENGTH_UNIT() NAMED_UNIT(*) SI_UNIT(.MILLI.,.METRE.) );
#13105 = ( NAMED_UNIT(*) PLANE_ANGLE_UNIT() SI_UNIT($,.RADIAN.) );
#13106 = ( NAMED_UNIT(*) SI_UNIT($,.STERADIAN.) SOLID_ANGLE_UNIT() );
#13107 = UNCERTAINTY_MEASURE_WITH_UNIT(LENGTH_MEASURE(1.E-07),#13104,
  'distance_accuracy_value','confusion accuracy');
#13108 = CONTEXT_DEPENDENT_SHAPE_REPRESENTATION(#13109,#13111);
#13109 = ( REPRESENTATION_RELATIONSHIP('','',#12624,#817) 
REPRESENTATION_RELATIONSHIP_WITH_TRANSFORMATION(#13110) 
SHAPE_REPRESENTATION_RELATIONSHIP() );
#13110 = ITEM_DEFINED_TRANSFORMATION('','',#11,#866);
#13111 = PRODUCT_DEFINITION_SHAPE('Placement','Placement of an item',
  #13112);
#13112 = NEXT_ASSEMBLY_USAGE_OCCURRENCE('91','=>[0:1:1:16]','',#812,
  #12619,$);
#13113 = PRODUCT_RELATED_PRODUCT_CATEGORY('part',$,(#12621));
#13114 = SHAPE_DEFINITION_REPRESENTATION(#13115,#13121);
#13115 = PRODUCT_DEFINITION_SHAPE('','',#13116);
#13116 = PRODUCT_DEFINITION('design','',#13117,#13120);
#13117 = PRODUCT_DEFINITION_FORMATION('','',#13118);
#13118 = PRODUCT('Part 5','Part 5','',(#13119));
#13119 = PRODUCT_CONTEXT('',#2,'mechanical');
#13120 = PRODUCT_DEFINITION_CONTEXT('part definition',#2,'design');
#13121 = ADVANCED_BREP_SHAPE_REPRESENTATION('',(#11,#13122),#13600);
#13122 = MANIFOLD_SOLID_BREP('',#13123);
#13123 = CLOSED_SHELL('',(#13124,#13198,#13229,#13254,#13278,#13318,
    #13349,#13374,#13398,#13438,#13464,#13486,#13503,#13520,#13532,
    #13554,#13571,#13588));
#13124 = ADVANCED_FACE('',(#13125),#13193,.F.);
#13125 = FACE_BOUND('',#13126,.T.);
#13126 = EDGE_LOOP('',(#13127,#13137,#13146,#13154,#13162,#13170,#13179,
    #13187));
#13127 = ORIENTED_EDGE('',*,*,#13128,.F.);
#13128 = EDGE_CURVE('',#13129,#13131,#13133,.T.);
#13129 = VERTEX_POINT('',#13130);
#13130 = CARTESIAN_POINT('',(0.35,-0.35,5.E-02));
#13131 = VERTEX_POINT('',#13132);
#13132 = CARTESIAN_POINT('',(0.35,-0.35,2.9));
#13133 = LINE('',#13134,#13135);
#13134 = CARTESIAN_POINT('',(0.35,-0.35,1.525));
#13135 = VECTOR('',#13136,1.);
#13136 = DIRECTION('',(0.,-5.512892402469E-17,1.));
#13137 = ORIENTED_EDGE('',*,*,#13138,.T.);
#13138 = EDGE_CURVE('',#13129,#13139,#13141,.T.);
#13139 = VERTEX_POINT('',#13140);
#13140 = CARTESIAN_POINT('',(0.35,-0.8,-0.4));
#13141 = CIRCLE('',#13142,0.45);
#13142 = AXIS2_PLACEMENT_3D('',#13143,#13144,#13145);
#13143 = CARTESIAN_POINT('',(0.35,-0.8,5.E-02));
#13144 = DIRECTION('',(-1.,0.,0.));
#13145 = DIRECTION('',(0.,0.,-1.));
#13146 = ORIENTED_EDGE('',*,*,#13147,.F.);
#13147 = EDGE_CURVE('',#13148,#13139,#13150,.T.);
#13148 = VERTEX_POINT('',#13149);
#13149 = CARTESIAN_POINT('',(0.35,-2.4,-0.4));
#13150 = LINE('',#13151,#13152);
#13151 = CARTESIAN_POINT('',(0.35,-1.65,-0.4));
#13152 = VECTOR('',#13153,1.);
#13153 = DIRECTION('',(0.,1.,1.27553196763E-16));
#13154 = ORIENTED_EDGE('',*,*,#13155,.F.);
#13155 = EDGE_CURVE('',#13156,#13148,#13158,.T.);
#13156 = VERTEX_POINT('',#13157);
#13157 = CARTESIAN_POINT('',(0.35,-2.4,-0.1));
#13158 = LINE('',#13159,#13160);
#13159 = CARTESIAN_POINT('',(0.35,-2.4,-0.4));
#13160 = VECTOR('',#13161,1.);
#13161 = DIRECTION('',(0.,0.,-1.));
#13162 = ORIENTED_EDGE('',*,*,#13163,.F.);
#13163 = EDGE_CURVE('',#13164,#13156,#13166,.T.);
#13164 = VERTEX_POINT('',#13165);
#13165 = CARTESIAN_POINT('',(0.35,-0.8,-0.1));
#13166 = LINE('',#13167,#13168);
#13167 = CARTESIAN_POINT('',(0.35,-1.65,-0.1));
#13168 = VECTOR('',#13169,1.);
#13169 = DIRECTION('',(0.,-1.,0.));
#13170 = ORIENTED_EDGE('',*,*,#13171,.F.);
#13171 = EDGE_CURVE('',#13172,#13164,#13174,.T.);
#13172 = VERTEX_POINT('',#13173);
#13173 = CARTESIAN_POINT('',(0.35,-0.65,5.E-02));
#13174 = CIRCLE('',#13175,0.15);
#13175 = AXIS2_PLACEMENT_3D('',#13176,#13177,#13178);
#13176 = CARTESIAN_POINT('',(0.35,-0.8,5.E-02));
#13177 = DIRECTION('',(-1.,0.,0.));
#13178 = DIRECTION('',(0.,0.,-1.));
#13179 = ORIENTED_EDGE('',*,*,#13180,.F.);
#13180 = EDGE_CURVE('',#13181,#13172,#13183,.T.);
#13181 = VERTEX_POINT('',#13182);
#13182 = CARTESIAN_POINT('',(0.35,-0.65,2.9));
#13183 = LINE('',#13184,#13185);
#13184 = CARTESIAN_POINT('',(0.35,-0.65,1.525));
#13185 = VECTOR('',#13186,1.);
#13186 = DIRECTION('',(0.,1.837630800823E-16,-1.));
#13187 = ORIENTED_EDGE('',*,*,#13188,.F.);
#13188 = EDGE_CURVE('',#13131,#13181,#13189,.T.);
#13189 = LINE('',#13190,#13191);
#13190 = CARTESIAN_POINT('',(0.35,-0.65,2.9));
#13191 = VECTOR('',#13192,1.);
#13192 = DIRECTION('',(0.,-1.,0.));
#13193 = PLANE('',#13194);
#13194 = AXIS2_PLACEMENT_3D('',#13195,#13196,#13197);
#13195 = CARTESIAN_POINT('',(0.35,-0.5,1.));
#13196 = DIRECTION('',(1.,0.,0.));
#13197 = DIRECTION('',(0.,0.,-1.));
#13198 = ADVANCED_FACE('',(#13199),#13224,.T.);
#13199 = FACE_BOUND('',#13200,.T.);
#13200 = EDGE_LOOP('',(#13201,#13202,#13210,#13218));
#13201 = ORIENTED_EDGE('',*,*,#13180,.T.);
#13202 = ORIENTED_EDGE('',*,*,#13203,.T.);
#13203 = EDGE_CURVE('',#13172,#13204,#13206,.T.);
#13204 = VERTEX_POINT('',#13205);
#13205 = CARTESIAN_POINT('',(0.65,-0.65,5.E-02));
#13206 = LINE('',#13207,#13208);
#13207 = CARTESIAN_POINT('',(0.348,-0.65,5.E-02));
#13208 = VECTOR('',#13209,1.);
#13209 = DIRECTION('',(1.,0.,0.));
#13210 = ORIENTED_EDGE('',*,*,#13211,.T.);
#13211 = EDGE_CURVE('',#13204,#13212,#13214,.T.);
#13212 = VERTEX_POINT('',#13213);
#13213 = CARTESIAN_POINT('',(0.65,-0.65,2.9));
#13214 = LINE('',#13215,#13216);
#13215 = CARTESIAN_POINT('',(0.65,-0.65,1.525));
#13216 = VECTOR('',#13217,1.);
#13217 = DIRECTION('',(0.,-1.837630800823E-16,1.));
#13218 = ORIENTED_EDGE('',*,*,#13219,.F.);
#13219 = EDGE_CURVE('',#13181,#13212,#13220,.T.);
#13220 = LINE('',#13221,#13222);
#13221 = CARTESIAN_POINT('',(0.348,-0.65,2.9));
#13222 = VECTOR('',#13223,1.);
#13223 = DIRECTION('',(1.,0.,0.));
#13224 = PLANE('',#13225);
#13225 = AXIS2_PLACEMENT_3D('',#13226,#13227,#13228);
#13226 = CARTESIAN_POINT('',(0.348,-0.65,1.525));
#13227 = DIRECTION('',(0.,-1.,-1.837630800823E-16));
#13228 = DIRECTION('',(0.,-1.837630800823E-16,1.));
#13229 = ADVANCED_FACE('',(#13230),#13249,.F.);
#13230 = FACE_BOUND('',#13231,.F.);
#13231 = EDGE_LOOP('',(#13232,#13233,#13242,#13248));
#13232 = ORIENTED_EDGE('',*,*,#13203,.T.);
#13233 = ORIENTED_EDGE('',*,*,#13234,.F.);
#13234 = EDGE_CURVE('',#13235,#13204,#13237,.T.);
#13235 = VERTEX_POINT('',#13236);
#13236 = CARTESIAN_POINT('',(0.65,-0.8,-0.1));
#13237 = CIRCLE('',#13238,0.15);
#13238 = AXIS2_PLACEMENT_3D('',#13239,#13240,#13241);
#13239 = CARTESIAN_POINT('',(0.65,-0.8,5.E-02));
#13240 = DIRECTION('',(1.,0.,-0.));
#13241 = DIRECTION('',(0.,0.,1.));
#13242 = ORIENTED_EDGE('',*,*,#13243,.F.);
#13243 = EDGE_CURVE('',#13164,#13235,#13244,.T.);
#13244 = LINE('',#13245,#13246);
#13245 = CARTESIAN_POINT('',(0.348,-0.8,-0.1));
#13246 = VECTOR('',#13247,1.);
#13247 = DIRECTION('',(1.,0.,0.));
#13248 = ORIENTED_EDGE('',*,*,#13171,.F.);
#13249 = CYLINDRICAL_SURFACE('',#13250,0.15);
#13250 = AXIS2_PLACEMENT_3D('',#13251,#13252,#13253);
#13251 = CARTESIAN_POINT('',(0.348,-0.8,5.E-02));
#13252 = DIRECTION('',(1.,0.,0.));
#13253 = DIRECTION('',(0.,0.,-1.));
#13254 = ADVANCED_FACE('',(#13255),#13273,.T.);
#13255 = FACE_BOUND('',#13256,.T.);
#13256 = EDGE_LOOP('',(#13257,#13265,#13266,#13267));
#13257 = ORIENTED_EDGE('',*,*,#13258,.T.);
#13258 = EDGE_CURVE('',#13259,#13235,#13261,.T.);
#13259 = VERTEX_POINT('',#13260);
#13260 = CARTESIAN_POINT('',(0.65,-2.4,-0.1));
#13261 = LINE('',#13262,#13263);
#13262 = CARTESIAN_POINT('',(0.65,-1.65,-0.1));
#13263 = VECTOR('',#13264,1.);
#13264 = DIRECTION('',(0.,1.,0.));
#13265 = ORIENTED_EDGE('',*,*,#13243,.F.);
#13266 = ORIENTED_EDGE('',*,*,#13163,.T.);
#13267 = ORIENTED_EDGE('',*,*,#13268,.F.);
#13268 = EDGE_CURVE('',#13259,#13156,#13269,.T.);
#13269 = LINE('',#13270,#13271);
#13270 = CARTESIAN_POINT('',(0.348,-2.4,-0.1));
#13271 = VECTOR('',#13272,1.);
#13272 = DIRECTION('',(-1.,0.,0.));
#13273 = PLANE('',#13274);
#13274 = AXIS2_PLACEMENT_3D('',#13275,#13276,#13277);
#13275 = CARTESIAN_POINT('',(0.348,-1.65,-0.1));
#13276 = DIRECTION('',(0.,0.,1.));
#13277 = DIRECTION('',(1.,0.,-0.));
#13278 = ADVANCED_FACE('',(#13279),#13313,.T.);
#13279 = FACE_BOUND('',#13280,.T.);
#13280 = EDGE_LOOP('',(#13281,#13291,#13299,#13307));
#13281 = ORIENTED_EDGE('',*,*,#13282,.F.);
#13282 = EDGE_CURVE('',#13283,#13285,#13287,.T.);
#13283 = VERTEX_POINT('',#13284);
#13284 = CARTESIAN_POINT('',(0.55,-2.5,-0.3));
#13285 = VERTEX_POINT('',#13286);
#13286 = CARTESIAN_POINT('',(0.45,-2.5,-0.3));
#13287 = LINE('',#13288,#13289);
#13288 = CARTESIAN_POINT('',(0.348,-2.5,-0.3));
#13289 = VECTOR('',#13290,1.);
#13290 = DIRECTION('',(-1.,0.,0.));
#13291 = ORIENTED_EDGE('',*,*,#13292,.F.);
#13292 = EDGE_CURVE('',#13293,#13283,#13295,.T.);
#13293 = VERTEX_POINT('',#13294);
#13294 = CARTESIAN_POINT('',(0.55,-2.5,-0.2));
#13295 = LINE('',#13296,#13297);
#13296 = CARTESIAN_POINT('',(0.55,-2.5,-0.4));
#13297 = VECTOR('',#13298,1.);
#13298 = DIRECTION('',(0.,0.,-1.));
#13299 = ORIENTED_EDGE('',*,*,#13300,.F.);
#13300 = EDGE_CURVE('',#13301,#13293,#13303,.T.);
#13301 = VERTEX_POINT('',#13302);
#13302 = CARTESIAN_POINT('',(0.45,-2.5,-0.2));
#13303 = LINE('',#13304,#13305);
#13304 = CARTESIAN_POINT('',(0.348,-2.5,-0.2));
#13305 = VECTOR('',#13306,1.);
#13306 = DIRECTION('',(1.,0.,0.));
#13307 = ORIENTED_EDGE('',*,*,#13308,.F.);
#13308 = EDGE_CURVE('',#13285,#13301,#13309,.T.);
#13309 = LINE('',#13310,#13311);
#13310 = CARTESIAN_POINT('',(0.45,-2.5,-0.1));
#13311 = VECTOR('',#13312,1.);
#13312 = DIRECTION('',(0.,0.,1.));
#13313 = PLANE('',#13314);
#13314 = AXIS2_PLACEMENT_3D('',#13315,#13316,#13317);
#13315 = CARTESIAN_POINT('',(0.348,-2.5,-0.25));
#13316 = DIRECTION('',(0.,-1.,0.));
#13317 = DIRECTION('',(0.,0.,1.));
#13318 = ADVANCED_FACE('',(#13319),#13344,.T.);
#13319 = FACE_BOUND('',#13320,.T.);
#13320 = EDGE_LOOP('',(#13321,#13322,#13330,#13338));
#13321 = ORIENTED_EDGE('',*,*,#13147,.T.);
#13322 = ORIENTED_EDGE('',*,*,#13323,.T.);
#13323 = EDGE_CURVE('',#13139,#13324,#13326,.T.);
#13324 = VERTEX_POINT('',#13325);
#13325 = CARTESIAN_POINT('',(0.65,-0.8,-0.4));
#13326 = LINE('',#13327,#13328);
#13327 = CARTESIAN_POINT('',(0.348,-0.8,-0.4));
#13328 = VECTOR('',#13329,1.);
#13329 = DIRECTION('',(1.,0.,0.));
#13330 = ORIENTED_EDGE('',*,*,#13331,.T.);
#13331 = EDGE_CURVE('',#13324,#13332,#13334,.T.);
#13332 = VERTEX_POINT('',#13333);
#13333 = CARTESIAN_POINT('',(0.65,-2.4,-0.4));
#13334 = LINE('',#13335,#13336);
#13335 = CARTESIAN_POINT('',(0.65,-1.65,-0.4));
#13336 = VECTOR('',#13337,1.);
#13337 = DIRECTION('',(0.,-1.,-1.27553196763E-16));
#13338 = ORIENTED_EDGE('',*,*,#13339,.F.);
#13339 = EDGE_CURVE('',#13148,#13332,#13340,.T.);
#13340 = LINE('',#13341,#13342);
#13341 = CARTESIAN_POINT('',(0.348,-2.4,-0.4));
#13342 = VECTOR('',#13343,1.);
#13343 = DIRECTION('',(1.,0.,0.));
#13344 = PLANE('',#13345);
#13345 = AXIS2_PLACEMENT_3D('',#13346,#13347,#13348);
#13346 = CARTESIAN_POINT('',(0.348,-1.65,-0.4));
#13347 = DIRECTION('',(0.,1.27553196763E-16,-1.));
#13348 = DIRECTION('',(0.,-1.,-1.27553196763E-16));
#13349 = ADVANCED_FACE('',(#13350),#13369,.T.);
#13350 = FACE_BOUND('',#13351,.T.);
#13351 = EDGE_LOOP('',(#13352,#13360,#13367,#13368));
#13352 = ORIENTED_EDGE('',*,*,#13353,.T.);
#13353 = EDGE_CURVE('',#13129,#13354,#13356,.T.);
#13354 = VERTEX_POINT('',#13355);
#13355 = CARTESIAN_POINT('',(0.65,-0.35,5.E-02));
#13356 = LINE('',#13357,#13358);
#13357 = CARTESIAN_POINT('',(0.348,-0.35,5.E-02));
#13358 = VECTOR('',#13359,1.);
#13359 = DIRECTION('',(1.,0.,0.));
#13360 = ORIENTED_EDGE('',*,*,#13361,.F.);
#13361 = EDGE_CURVE('',#13324,#13354,#13362,.T.);
#13362 = CIRCLE('',#13363,0.45);
#13363 = AXIS2_PLACEMENT_3D('',#13364,#13365,#13366);
#13364 = CARTESIAN_POINT('',(0.65,-0.8,5.E-02));
#13365 = DIRECTION('',(1.,0.,-0.));
#13366 = DIRECTION('',(0.,0.,1.));
#13367 = ORIENTED_EDGE('',*,*,#13323,.F.);
#13368 = ORIENTED_EDGE('',*,*,#13138,.F.);
#13369 = CYLINDRICAL_SURFACE('',#13370,0.45);
#13370 = AXIS2_PLACEMENT_3D('',#13371,#13372,#13373);
#13371 = CARTESIAN_POINT('',(0.348,-0.8,5.E-02));
#13372 = DIRECTION('',(1.,0.,0.));
#13373 = DIRECTION('',(0.,0.,-1.));
#13374 = ADVANCED_FACE('',(#13375),#13393,.T.);
#13375 = FACE_BOUND('',#13376,.T.);
#13376 = EDGE_LOOP('',(#13377,#13385,#13386,#13387));
#13377 = ORIENTED_EDGE('',*,*,#13378,.T.);
#13378 = EDGE_CURVE('',#13379,#13354,#13381,.T.);
#13379 = VERTEX_POINT('',#13380);
#13380 = CARTESIAN_POINT('',(0.65,-0.35,2.9));
#13381 = LINE('',#13382,#13383);
#13382 = CARTESIAN_POINT('',(0.65,-0.35,1.525));
#13383 = VECTOR('',#13384,1.);
#13384 = DIRECTION('',(0.,5.512892402469E-17,-1.));
#13385 = ORIENTED_EDGE('',*,*,#13353,.F.);
#13386 = ORIENTED_EDGE('',*,*,#13128,.T.);
#13387 = ORIENTED_EDGE('',*,*,#13388,.F.);
#13388 = EDGE_CURVE('',#13379,#13131,#13389,.T.);
#13389 = LINE('',#13390,#13391);
#13390 = CARTESIAN_POINT('',(0.348,-0.35,2.9));
#13391 = VECTOR('',#13392,1.);
#13392 = DIRECTION('',(-1.,0.,0.));
#13393 = PLANE('',#13394);
#13394 = AXIS2_PLACEMENT_3D('',#13395,#13396,#13397);
#13395 = CARTESIAN_POINT('',(0.348,-0.35,1.525));
#13396 = DIRECTION('',(0.,1.,5.512892402469E-17));
#13397 = DIRECTION('',(0.,5.512892402469E-17,-1.));
#13398 = ADVANCED_FACE('',(#13399),#13433,.T.);
#13399 = FACE_BOUND('',#13400,.T.);
#13400 = EDGE_LOOP('',(#13401,#13411,#13419,#13427));
#13401 = ORIENTED_EDGE('',*,*,#13402,.F.);
#13402 = EDGE_CURVE('',#13403,#13405,#13407,.T.);
#13403 = VERTEX_POINT('',#13404);
#13404 = CARTESIAN_POINT('',(0.55,-0.55,3.));
#13405 = VERTEX_POINT('',#13406);
#13406 = CARTESIAN_POINT('',(0.45,-0.55,3.));
#13407 = LINE('',#13408,#13409);
#13408 = CARTESIAN_POINT('',(0.348,-0.55,3.));
#13409 = VECTOR('',#13410,1.);
#13410 = DIRECTION('',(-1.,0.,0.));
#13411 = ORIENTED_EDGE('',*,*,#13412,.F.);
#13412 = EDGE_CURVE('',#13413,#13403,#13415,.T.);
#13413 = VERTEX_POINT('',#13414);
#13414 = CARTESIAN_POINT('',(0.55,-0.45,3.));
#13415 = LINE('',#13416,#13417);
#13416 = CARTESIAN_POINT('',(0.55,-0.65,3.));
#13417 = VECTOR('',#13418,1.);
#13418 = DIRECTION('',(0.,-1.,0.));
#13419 = ORIENTED_EDGE('',*,*,#13420,.F.);
#13420 = EDGE_CURVE('',#13421,#13413,#13423,.T.);
#13421 = VERTEX_POINT('',#13422);
#13422 = CARTESIAN_POINT('',(0.45,-0.45,3.));
#13423 = LINE('',#13424,#13425);
#13424 = CARTESIAN_POINT('',(0.348,-0.45,3.));
#13425 = VECTOR('',#13426,1.);
#13426 = DIRECTION('',(1.,0.,0.));
#13427 = ORIENTED_EDGE('',*,*,#13428,.F.);
#13428 = EDGE_CURVE('',#13405,#13421,#13429,.T.);
#13429 = LINE('',#13430,#13431);
#13430 = CARTESIAN_POINT('',(0.45,-0.35,3.));
#13431 = VECTOR('',#13432,1.);
#13432 = DIRECTION('',(0.,1.,0.));
#13433 = PLANE('',#13434);
#13434 = AXIS2_PLACEMENT_3D('',#13435,#13436,#13437);
#13435 = CARTESIAN_POINT('',(0.348,-0.5,3.));
#13436 = DIRECTION('',(0.,0.,1.));
#13437 = DIRECTION('',(1.,0.,-0.));
#13438 = ADVANCED_FACE('',(#13439),#13459,.F.);
#13439 = FACE_BOUND('',#13440,.T.);
#13440 = EDGE_LOOP('',(#13441,#13442,#13443,#13444,#13450,#13451,#13452,
    #13453));
#13441 = ORIENTED_EDGE('',*,*,#13211,.F.);
#13442 = ORIENTED_EDGE('',*,*,#13234,.F.);
#13443 = ORIENTED_EDGE('',*,*,#13258,.F.);
#13444 = ORIENTED_EDGE('',*,*,#13445,.F.);
#13445 = EDGE_CURVE('',#13332,#13259,#13446,.T.);
#13446 = LINE('',#13447,#13448);
#13447 = CARTESIAN_POINT('',(0.65,-2.4,-0.1));
#13448 = VECTOR('',#13449,1.);
#13449 = DIRECTION('',(0.,0.,1.));
#13450 = ORIENTED_EDGE('',*,*,#13331,.F.);
#13451 = ORIENTED_EDGE('',*,*,#13361,.T.);
#13452 = ORIENTED_EDGE('',*,*,#13378,.F.);
#13453 = ORIENTED_EDGE('',*,*,#13454,.F.);
#13454 = EDGE_CURVE('',#13212,#13379,#13455,.T.);
#13455 = LINE('',#13456,#13457);
#13456 = CARTESIAN_POINT('',(0.65,-0.35,2.9));
#13457 = VECTOR('',#13458,1.);
#13458 = DIRECTION('',(0.,1.,0.));
#13459 = PLANE('',#13460);
#13460 = AXIS2_PLACEMENT_3D('',#13461,#13462,#13463);
#13461 = CARTESIAN_POINT('',(0.65,-1.425,1.3));
#13462 = DIRECTION('',(-1.,0.,0.));
#13463 = DIRECTION('',(0.,1.,0.));
#13464 = ADVANCED_FACE('',(#13465),#13481,.T.);
#13465 = FACE_BOUND('',#13466,.T.);
#13466 = EDGE_LOOP('',(#13467,#13473,#13474,#13480));
#13467 = ORIENTED_EDGE('',*,*,#13468,.F.);
#13468 = EDGE_CURVE('',#13212,#13403,#13469,.T.);
#13469 = LINE('',#13470,#13471);
#13470 = CARTESIAN_POINT('',(0.549333333333,-0.549333333333,
    3.000666666667));
#13471 = VECTOR('',#13472,1.);
#13472 = DIRECTION('',(-0.57735026919,0.57735026919,0.57735026919));
#13473 = ORIENTED_EDGE('',*,*,#13454,.T.);
#13474 = ORIENTED_EDGE('',*,*,#13475,.T.);
#13475 = EDGE_CURVE('',#13379,#13413,#13476,.T.);
#13476 = LINE('',#13477,#13478);
#13477 = CARTESIAN_POINT('',(0.291666666667,-0.708333333333,
    3.258333333333));
#13478 = VECTOR('',#13479,1.);
#13479 = DIRECTION('',(-0.57735026919,-0.57735026919,0.57735026919));
#13480 = ORIENTED_EDGE('',*,*,#13412,.T.);
#13481 = PLANE('',#13482);
#13482 = AXIS2_PLACEMENT_3D('',#13483,#13484,#13485);
#13483 = CARTESIAN_POINT('',(0.65,-1.425,2.9));
#13484 = DIRECTION('',(0.707106781187,0.,0.707106781187));
#13485 = DIRECTION('',(0.,-1.,0.));
#13486 = ADVANCED_FACE('',(#13487),#13498,.F.);
#13487 = FACE_BOUND('',#13488,.T.);
#13488 = EDGE_LOOP('',(#13489,#13490,#13491,#13497));
#13489 = ORIENTED_EDGE('',*,*,#13475,.F.);
#13490 = ORIENTED_EDGE('',*,*,#13388,.T.);
#13491 = ORIENTED_EDGE('',*,*,#13492,.T.);
#13492 = EDGE_CURVE('',#13131,#13421,#13493,.T.);
#13493 = LINE('',#13494,#13495);
#13494 = CARTESIAN_POINT('',(0.416,-0.416,2.966));
#13495 = VECTOR('',#13496,1.);
#13496 = DIRECTION('',(0.57735026919,-0.57735026919,0.57735026919));
#13497 = ORIENTED_EDGE('',*,*,#13420,.T.);
#13498 = PLANE('',#13499);
#13499 = AXIS2_PLACEMENT_3D('',#13500,#13501,#13502);
#13500 = CARTESIAN_POINT('',(0.348,-0.45,3.));
#13501 = DIRECTION('',(0.,-0.707106781187,-0.707106781187));
#13502 = DIRECTION('',(1.,0.,0.));
#13503 = ADVANCED_FACE('',(#13504),#13515,.F.);
#13504 = FACE_BOUND('',#13505,.T.);
#13505 = EDGE_LOOP('',(#13506,#13507,#13508,#13514));
#13506 = ORIENTED_EDGE('',*,*,#13468,.T.);
#13507 = ORIENTED_EDGE('',*,*,#13402,.T.);
#13508 = ORIENTED_EDGE('',*,*,#13509,.T.);
#13509 = EDGE_CURVE('',#13405,#13181,#13510,.T.);
#13510 = LINE('',#13511,#13512);
#13511 = CARTESIAN_POINT('',(0.349333333333,-0.650666666667,
    2.899333333333));
#13512 = VECTOR('',#13513,1.);
#13513 = DIRECTION('',(-0.57735026919,-0.57735026919,-0.57735026919));
#13514 = ORIENTED_EDGE('',*,*,#13219,.T.);
#13515 = PLANE('',#13516);
#13516 = AXIS2_PLACEMENT_3D('',#13517,#13518,#13519);
#13517 = CARTESIAN_POINT('',(0.348,-0.65,2.9));
#13518 = DIRECTION('',(0.,0.707106781187,-0.707106781187));
#13519 = DIRECTION('',(1.,0.,0.));
#13520 = ADVANCED_FACE('',(#13521),#13527,.T.);
#13521 = FACE_BOUND('',#13522,.T.);
#13522 = EDGE_LOOP('',(#13523,#13524,#13525,#13526));
#13523 = ORIENTED_EDGE('',*,*,#13492,.F.);
#13524 = ORIENTED_EDGE('',*,*,#13188,.T.);
#13525 = ORIENTED_EDGE('',*,*,#13509,.F.);
#13526 = ORIENTED_EDGE('',*,*,#13428,.T.);
#13527 = PLANE('',#13528);
#13528 = AXIS2_PLACEMENT_3D('',#13529,#13530,#13531);
#13529 = CARTESIAN_POINT('',(0.35,-0.5,2.9));
#13530 = DIRECTION('',(-0.707106781187,0.,0.707106781187));
#13531 = DIRECTION('',(0.,1.,0.));
#13532 = ADVANCED_FACE('',(#13533),#13549,.T.);
#13533 = FACE_BOUND('',#13534,.T.);
#13534 = EDGE_LOOP('',(#13535,#13541,#13542,#13548));
#13535 = ORIENTED_EDGE('',*,*,#13536,.T.);
#13536 = EDGE_CURVE('',#13283,#13332,#13537,.T.);
#13537 = LINE('',#13538,#13539);
#13538 = CARTESIAN_POINT('',(8.333333333333E-02,-2.966666666667,
    0.166666666667));
#13539 = VECTOR('',#13540,1.);
#13540 = DIRECTION('',(0.57735026919,0.57735026919,-0.57735026919));
#13541 = ORIENTED_EDGE('',*,*,#13445,.T.);
#13542 = ORIENTED_EDGE('',*,*,#13543,.F.);
#13543 = EDGE_CURVE('',#13293,#13259,#13544,.T.);
#13544 = LINE('',#13545,#13546);
#13545 = CARTESIAN_POINT('',(0.482666666667,-2.567333333333,
    -0.267333333333));
#13546 = VECTOR('',#13547,1.);
#13547 = DIRECTION('',(0.57735026919,0.57735026919,0.57735026919));
#13548 = ORIENTED_EDGE('',*,*,#13292,.T.);
#13549 = PLANE('',#13550);
#13550 = AXIS2_PLACEMENT_3D('',#13551,#13552,#13553);
#13551 = CARTESIAN_POINT('',(0.65,-2.4,1.3));
#13552 = DIRECTION('',(0.707106781187,-0.707106781187,0.));
#13553 = DIRECTION('',(0.,0.,-1.));
#13554 = ADVANCED_FACE('',(#13555),#13566,.F.);
#13555 = FACE_BOUND('',#13556,.T.);
#13556 = EDGE_LOOP('',(#13557,#13558,#13559,#13565));
#13557 = ORIENTED_EDGE('',*,*,#13543,.T.);
#13558 = ORIENTED_EDGE('',*,*,#13268,.T.);
#13559 = ORIENTED_EDGE('',*,*,#13560,.T.);
#13560 = EDGE_CURVE('',#13156,#13301,#13561,.T.);
#13561 = LINE('',#13562,#13563);
#13562 = CARTESIAN_POINT('',(0.416,-2.466,-0.166));
#13563 = VECTOR('',#13564,1.);
#13564 = DIRECTION('',(0.57735026919,-0.57735026919,-0.57735026919));
#13565 = ORIENTED_EDGE('',*,*,#13300,.T.);
#13566 = PLANE('',#13567);
#13567 = AXIS2_PLACEMENT_3D('',#13568,#13569,#13570);
#13568 = CARTESIAN_POINT('',(0.348,-2.5,-0.2));
#13569 = DIRECTION('',(0.,0.707106781187,-0.707106781187));
#13570 = DIRECTION('',(1.,0.,0.));
#13571 = ADVANCED_FACE('',(#13572),#13583,.F.);
#13572 = FACE_BOUND('',#13573,.T.);
#13573 = EDGE_LOOP('',(#13574,#13575,#13576,#13582));
#13574 = ORIENTED_EDGE('',*,*,#13536,.F.);
#13575 = ORIENTED_EDGE('',*,*,#13282,.T.);
#13576 = ORIENTED_EDGE('',*,*,#13577,.T.);
#13577 = EDGE_CURVE('',#13285,#13148,#13578,.T.);
#13578 = LINE('',#13579,#13580);
#13579 = CARTESIAN_POINT('',(0.349333333333,-2.399333333333,
    -0.400666666667));
#13580 = VECTOR('',#13581,1.);
#13581 = DIRECTION('',(-0.57735026919,0.57735026919,-0.57735026919));
#13582 = ORIENTED_EDGE('',*,*,#13339,.T.);
#13583 = PLANE('',#13584);
#13584 = AXIS2_PLACEMENT_3D('',#13585,#13586,#13587);
#13585 = CARTESIAN_POINT('',(0.348,-2.4,-0.4));
#13586 = DIRECTION('',(0.,0.707106781187,0.707106781187));
#13587 = DIRECTION('',(1.,0.,-0.));
#13588 = ADVANCED_FACE('',(#13589),#13595,.T.);
#13589 = FACE_BOUND('',#13590,.T.);
#13590 = EDGE_LOOP('',(#13591,#13592,#13593,#13594));
#13591 = ORIENTED_EDGE('',*,*,#13560,.F.);
#13592 = ORIENTED_EDGE('',*,*,#13155,.T.);
#13593 = ORIENTED_EDGE('',*,*,#13577,.F.);
#13594 = ORIENTED_EDGE('',*,*,#13308,.T.);
#13595 = PLANE('',#13596);
#13596 = AXIS2_PLACEMENT_3D('',#13597,#13598,#13599);
#13597 = CARTESIAN_POINT('',(0.35,-2.4,1.));
#13598 = DIRECTION('',(-0.707106781187,-0.707106781187,0.));
#13599 = DIRECTION('',(0.,0.,1.));
#13600 = ( GEOMETRIC_REPRESENTATION_CONTEXT(3) 
GLOBAL_UNCERTAINTY_ASSIGNED_CONTEXT((#13604)) 
GLOBAL_UNIT_ASSIGNED_CONTEXT((#13601,#13602,#13603)) 
REPRESENTATION_CONTEXT('Context #1',
  '3D Context with UNIT and UNCERTAINTY') );
#13601 = ( LENGTH_UNIT() NAMED_UNIT(*) SI_UNIT(.MILLI.,.METRE.) );
#13602 = ( NAMED_UNIT(*) PLANE_ANGLE_UNIT() SI_UNIT($,.RADIAN.) );
#13603 = ( NAMED_UNIT(*) SI_UNIT($,.STERADIAN.) SOLID_ANGLE_UNIT() );
#13604 = UNCERTAINTY_MEASURE_WITH_UNIT(LENGTH_MEASURE(1.E-07),#13601,
  'distance_accuracy_value','confusion accuracy');
#13605 = CONTEXT_DEPENDENT_SHAPE_REPRESENTATION(#13606,#13608);
#13606 = ( REPRESENTATION_RELATIONSHIP('','',#13121,#817) 
REPRESENTATION_RELATIONSHIP_WITH_TRANSFORMATION(#13607) 
SHAPE_REPRESENTATION_RELATIONSHIP() );
#13607 = ITEM_DEFINED_TRANSFORMATION('','',#11,#870);
#13608 = PRODUCT_DEFINITION_SHAPE('Placement','Placement of an item',
  #13609);
#13609 = NEXT_ASSEMBLY_USAGE_OCCURRENCE('92','=>[0:1:1:17]','',#812,
  #13116,$);
#13610 = PRODUCT_RELATED_PRODUCT_CATEGORY('part',$,(#13118));
#13611 = SHAPE_DEFINITION_REPRESENTATION(#13612,#13618);
#13612 = PRODUCT_DEFINITION_SHAPE('','',#13613);
#13613 = PRODUCT_DEFINITION('design','',#13614,#13617);
#13614 = PRODUCT_DEFINITION_FORMATION('','',#13615);
#13615 = PRODUCT('Part 6','Part 6','',(#13616));
#13616 = PRODUCT_CONTEXT('',#2,'mechanical');
#13617 = PRODUCT_DEFINITION_CONTEXT('part definition',#2,'design');
#13618 = ADVANCED_BREP_SHAPE_REPRESENTATION('',(#11,#13619),#14097);
#13619 = MANIFOLD_SOLID_BREP('',#13620);
#13620 = CLOSED_SHELL('',(#13621,#13695,#13769,#13809,#13831,#13848,
    #13865,#13905,#13927,#13944,#13961,#13983,#14000,#14017,#14029,
    #14051,#14068,#14085));
#13621 = ADVANCED_FACE('',(#13622),#13690,.F.);
#13622 = FACE_BOUND('',#13623,.T.);
#13623 = EDGE_LOOP('',(#13624,#13634,#13642,#13650,#13659,#13667,#13675,
    #13683));
#13624 = ORIENTED_EDGE('',*,*,#13625,.T.);
#13625 = EDGE_CURVE('',#13626,#13628,#13630,.T.);
#13626 = VERTEX_POINT('',#13627);
#13627 = CARTESIAN_POINT('',(1.35,0.35,5.E-02));
#13628 = VERTEX_POINT('',#13629);
#13629 = CARTESIAN_POINT('',(1.35,0.35,2.9));
#13630 = LINE('',#13631,#13632);
#13631 = CARTESIAN_POINT('',(1.35,0.35,1.525));
#13632 = VECTOR('',#13633,1.);
#13633 = DIRECTION('',(0.,5.512892402469E-17,1.));
#13634 = ORIENTED_EDGE('',*,*,#13635,.T.);
#13635 = EDGE_CURVE('',#13628,#13636,#13638,.T.);
#13636 = VERTEX_POINT('',#13637);
#13637 = CARTESIAN_POINT('',(1.35,0.65,2.9));
#13638 = LINE('',#13639,#13640);
#13639 = CARTESIAN_POINT('',(1.35,0.65,2.9));
#13640 = VECTOR('',#13641,1.);
#13641 = DIRECTION('',(0.,1.,0.));
#13642 = ORIENTED_EDGE('',*,*,#13643,.T.);
#13643 = EDGE_CURVE('',#13636,#13644,#13646,.T.);
#13644 = VERTEX_POINT('',#13645);
#13645 = CARTESIAN_POINT('',(1.35,0.65,5.E-02));
#13646 = LINE('',#13647,#13648);
#13647 = CARTESIAN_POINT('',(1.35,0.65,1.525));
#13648 = VECTOR('',#13649,1.);
#13649 = DIRECTION('',(0.,-1.837630800823E-16,-1.));
#13650 = ORIENTED_EDGE('',*,*,#13651,.T.);
#13651 = EDGE_CURVE('',#13644,#13652,#13654,.T.);
#13652 = VERTEX_POINT('',#13653);
#13653 = CARTESIAN_POINT('',(1.35,0.8,-0.1));
#13654 = CIRCLE('',#13655,0.15);
#13655 = AXIS2_PLACEMENT_3D('',#13656,#13657,#13658);
#13656 = CARTESIAN_POINT('',(1.35,0.8,5.E-02));
#13657 = DIRECTION('',(1.,0.,0.));
#13658 = DIRECTION('',(0.,0.,-1.));
#13659 = ORIENTED_EDGE('',*,*,#13660,.T.);
#13660 = EDGE_CURVE('',#13652,#13661,#13663,.T.);
#13661 = VERTEX_POINT('',#13662);
#13662 = CARTESIAN_POINT('',(1.35,2.4,-0.1));
#13663 = LINE('',#13664,#13665);
#13664 = CARTESIAN_POINT('',(1.35,1.65,-0.1));
#13665 = VECTOR('',#13666,1.);
#13666 = DIRECTION('',(0.,1.,0.));
#13667 = ORIENTED_EDGE('',*,*,#13668,.T.);
#13668 = EDGE_CURVE('',#13661,#13669,#13671,.T.);
#13669 = VERTEX_POINT('',#13670);
#13670 = CARTESIAN_POINT('',(1.35,2.4,-0.4));
#13671 = LINE('',#13672,#13673);
#13672 = CARTESIAN_POINT('',(1.35,2.4,-0.4));
#13673 = VECTOR('',#13674,1.);
#13674 = DIRECTION('',(0.,0.,-1.));
#13675 = ORIENTED_EDGE('',*,*,#13676,.T.);
#13676 = EDGE_CURVE('',#13669,#13677,#13679,.T.);
#13677 = VERTEX_POINT('',#13678);
#13678 = CARTESIAN_POINT('',(1.35,0.8,-0.4));
#13679 = LINE('',#13680,#13681);
#13680 = CARTESIAN_POINT('',(1.35,1.65,-0.4));
#13681 = VECTOR('',#13682,1.);
#13682 = DIRECTION('',(0.,-1.,1.27553196763E-16));
#13683 = ORIENTED_EDGE('',*,*,#13684,.F.);
#13684 = EDGE_CURVE('',#13626,#13677,#13685,.T.);
#13685 = CIRCLE('',#13686,0.45);
#13686 = AXIS2_PLACEMENT_3D('',#13687,#13688,#13689);
#13687 = CARTESIAN_POINT('',(1.35,0.8,5.E-02));
#13688 = DIRECTION('',(1.,0.,0.));
#13689 = DIRECTION('',(0.,0.,-1.));
#13690 = PLANE('',#13691);
#13691 = AXIS2_PLACEMENT_3D('',#13692,#13693,#13694);
#13692 = CARTESIAN_POINT('',(1.35,0.5,1.));
#13693 = DIRECTION('',(1.,0.,0.));
#13694 = DIRECTION('',(0.,0.,-1.));
#13695 = ADVANCED_FACE('',(#13696),#13764,.F.);
#13696 = FACE_BOUND('',#13697,.T.);
#13697 = EDGE_LOOP('',(#13698,#13708,#13716,#13724,#13733,#13741,#13749,
    #13757));
#13698 = ORIENTED_EDGE('',*,*,#13699,.T.);
#13699 = EDGE_CURVE('',#13700,#13702,#13704,.T.);
#13700 = VERTEX_POINT('',#13701);
#13701 = CARTESIAN_POINT('',(1.65,0.65,5.E-02));
#13702 = VERTEX_POINT('',#13703);
#13703 = CARTESIAN_POINT('',(1.65,0.65,2.9));
#13704 = LINE('',#13705,#13706);
#13705 = CARTESIAN_POINT('',(1.65,0.65,1.525));
#13706 = VECTOR('',#13707,1.);
#13707 = DIRECTION('',(0.,1.837630800823E-16,1.));
#13708 = ORIENTED_EDGE('',*,*,#13709,.T.);
#13709 = EDGE_CURVE('',#13702,#13710,#13712,.T.);
#13710 = VERTEX_POINT('',#13711);
#13711 = CARTESIAN_POINT('',(1.65,0.35,2.9));
#13712 = LINE('',#13713,#13714);
#13713 = CARTESIAN_POINT('',(1.65,0.35,2.9));
#13714 = VECTOR('',#13715,1.);
#13715 = DIRECTION('',(0.,-1.,0.));
#13716 = ORIENTED_EDGE('',*,*,#13717,.T.);
#13717 = EDGE_CURVE('',#13710,#13718,#13720,.T.);
#13718 = VERTEX_POINT('',#13719);
#13719 = CARTESIAN_POINT('',(1.65,0.35,5.E-02));
#13720 = LINE('',#13721,#13722);
#13721 = CARTESIAN_POINT('',(1.65,0.35,1.525));
#13722 = VECTOR('',#13723,1.);
#13723 = DIRECTION('',(0.,-5.512892402469E-17,-1.));
#13724 = ORIENTED_EDGE('',*,*,#13725,.F.);
#13725 = EDGE_CURVE('',#13726,#13718,#13728,.T.);
#13726 = VERTEX_POINT('',#13727);
#13727 = CARTESIAN_POINT('',(1.65,0.8,-0.4));
#13728 = CIRCLE('',#13729,0.45);
#13729 = AXIS2_PLACEMENT_3D('',#13730,#13731,#13732);
#13730 = CARTESIAN_POINT('',(1.65,0.8,5.E-02));
#13731 = DIRECTION('',(-1.,0.,0.));
#13732 = DIRECTION('',(0.,0.,1.));
#13733 = ORIENTED_EDGE('',*,*,#13734,.T.);
#13734 = EDGE_CURVE('',#13726,#13735,#13737,.T.);
#13735 = VERTEX_POINT('',#13736);
#13736 = CARTESIAN_POINT('',(1.65,2.4,-0.4));
#13737 = LINE('',#13738,#13739);
#13738 = CARTESIAN_POINT('',(1.65,1.65,-0.4));
#13739 = VECTOR('',#13740,1.);
#13740 = DIRECTION('',(0.,1.,-1.27553196763E-16));
#13741 = ORIENTED_EDGE('',*,*,#13742,.T.);
#13742 = EDGE_CURVE('',#13735,#13743,#13745,.T.);
#13743 = VERTEX_POINT('',#13744);
#13744 = CARTESIAN_POINT('',(1.65,2.4,-0.1));
#13745 = LINE('',#13746,#13747);
#13746 = CARTESIAN_POINT('',(1.65,2.4,-0.1));
#13747 = VECTOR('',#13748,1.);
#13748 = DIRECTION('',(0.,0.,1.));
#13749 = ORIENTED_EDGE('',*,*,#13750,.T.);
#13750 = EDGE_CURVE('',#13743,#13751,#13753,.T.);
#13751 = VERTEX_POINT('',#13752);
#13752 = CARTESIAN_POINT('',(1.65,0.8,-0.1));
#13753 = LINE('',#13754,#13755);
#13754 = CARTESIAN_POINT('',(1.65,1.65,-0.1));
#13755 = VECTOR('',#13756,1.);
#13756 = DIRECTION('',(0.,-1.,0.));
#13757 = ORIENTED_EDGE('',*,*,#13758,.T.);
#13758 = EDGE_CURVE('',#13751,#13700,#13759,.T.);
#13759 = CIRCLE('',#13760,0.15);
#13760 = AXIS2_PLACEMENT_3D('',#13761,#13762,#13763);
#13761 = CARTESIAN_POINT('',(1.65,0.8,5.E-02));
#13762 = DIRECTION('',(-1.,0.,0.));
#13763 = DIRECTION('',(0.,0.,1.));
#13764 = PLANE('',#13765);
#13765 = AXIS2_PLACEMENT_3D('',#13766,#13767,#13768);
#13766 = CARTESIAN_POINT('',(1.65,1.425,1.3));
#13767 = DIRECTION('',(-1.,0.,0.));
#13768 = DIRECTION('',(0.,-1.,0.));
#13769 = ADVANCED_FACE('',(#13770),#13804,.T.);
#13770 = FACE_BOUND('',#13771,.T.);
#13771 = EDGE_LOOP('',(#13772,#13782,#13790,#13798));
#13772 = ORIENTED_EDGE('',*,*,#13773,.T.);
#13773 = EDGE_CURVE('',#13774,#13776,#13778,.T.);
#13774 = VERTEX_POINT('',#13775);
#13775 = CARTESIAN_POINT('',(1.55,0.55,3.));
#13776 = VERTEX_POINT('',#13777);
#13777 = CARTESIAN_POINT('',(1.45,0.55,3.));
#13778 = LINE('',#13779,#13780);
#13779 = CARTESIAN_POINT('',(1.348,0.55,3.));
#13780 = VECTOR('',#13781,1.);
#13781 = DIRECTION('',(-1.,0.,0.));
#13782 = ORIENTED_EDGE('',*,*,#13783,.T.);
#13783 = EDGE_CURVE('',#13776,#13784,#13786,.T.);
#13784 = VERTEX_POINT('',#13785);
#13785 = CARTESIAN_POINT('',(1.45,0.45,3.));
#13786 = LINE('',#13787,#13788);
#13787 = CARTESIAN_POINT('',(1.45,0.35,3.));
#13788 = VECTOR('',#13789,1.);
#13789 = DIRECTION('',(0.,-1.,0.));
#13790 = ORIENTED_EDGE('',*,*,#13791,.T.);
#13791 = EDGE_CURVE('',#13784,#13792,#13794,.T.);
#13792 = VERTEX_POINT('',#13793);
#13793 = CARTESIAN_POINT('',(1.55,0.45,3.));
#13794 = LINE('',#13795,#13796);
#13795 = CARTESIAN_POINT('',(1.348,0.45,3.));
#13796 = VECTOR('',#13797,1.);
#13797 = DIRECTION('',(1.,0.,0.));
#13798 = ORIENTED_EDGE('',*,*,#13799,.T.);
#13799 = EDGE_CURVE('',#13792,#13774,#13800,.T.);
#13800 = LINE('',#13801,#13802);
#13801 = CARTESIAN_POINT('',(1.55,0.65,3.));
#13802 = VECTOR('',#13803,1.);
#13803 = DIRECTION('',(0.,1.,0.));
#13804 = PLANE('',#13805);
#13805 = AXIS2_PLACEMENT_3D('',#13806,#13807,#13808);
#13806 = CARTESIAN_POINT('',(1.348,0.5,3.));
#13807 = DIRECTION('',(0.,0.,1.));
#13808 = DIRECTION('',(1.,0.,-0.));
#13809 = ADVANCED_FACE('',(#13810),#13826,.T.);
#13810 = FACE_BOUND('',#13811,.T.);
#13811 = EDGE_LOOP('',(#13812,#13813,#13819,#13820));
#13812 = ORIENTED_EDGE('',*,*,#13717,.F.);
#13813 = ORIENTED_EDGE('',*,*,#13814,.T.);
#13814 = EDGE_CURVE('',#13710,#13628,#13815,.T.);
#13815 = LINE('',#13816,#13817);
#13816 = CARTESIAN_POINT('',(1.348,0.35,2.9));
#13817 = VECTOR('',#13818,1.);
#13818 = DIRECTION('',(-1.,0.,0.));
#13819 = ORIENTED_EDGE('',*,*,#13625,.F.);
#13820 = ORIENTED_EDGE('',*,*,#13821,.T.);
#13821 = EDGE_CURVE('',#13626,#13718,#13822,.T.);
#13822 = LINE('',#13823,#13824);
#13823 = CARTESIAN_POINT('',(1.348,0.35,5.E-02));
#13824 = VECTOR('',#13825,1.);
#13825 = DIRECTION('',(1.,0.,0.));
#13826 = PLANE('',#13827);
#13827 = AXIS2_PLACEMENT_3D('',#13828,#13829,#13830);
#13828 = CARTESIAN_POINT('',(1.348,0.35,1.525));
#13829 = DIRECTION('',(0.,-1.,5.512892402469E-17));
#13830 = DIRECTION('',(0.,-5.512892402469E-17,-1.));
#13831 = ADVANCED_FACE('',(#13832),#13843,.T.);
#13832 = FACE_BOUND('',#13833,.T.);
#13833 = EDGE_LOOP('',(#13834,#13835,#13836,#13842));
#13834 = ORIENTED_EDGE('',*,*,#13821,.F.);
#13835 = ORIENTED_EDGE('',*,*,#13684,.T.);
#13836 = ORIENTED_EDGE('',*,*,#13837,.T.);
#13837 = EDGE_CURVE('',#13677,#13726,#13838,.T.);
#13838 = LINE('',#13839,#13840);
#13839 = CARTESIAN_POINT('',(1.348,0.8,-0.4));
#13840 = VECTOR('',#13841,1.);
#13841 = DIRECTION('',(1.,0.,0.));
#13842 = ORIENTED_EDGE('',*,*,#13725,.T.);
#13843 = CYLINDRICAL_SURFACE('',#13844,0.45);
#13844 = AXIS2_PLACEMENT_3D('',#13845,#13846,#13847);
#13845 = CARTESIAN_POINT('',(1.348,0.8,5.E-02));
#13846 = DIRECTION('',(1.,0.,0.));
#13847 = DIRECTION('',(0.,0.,-1.));
#13848 = ADVANCED_FACE('',(#13849),#13860,.T.);
#13849 = FACE_BOUND('',#13850,.T.);
#13850 = EDGE_LOOP('',(#13851,#13852,#13858,#13859));
#13851 = ORIENTED_EDGE('',*,*,#13676,.F.);
#13852 = ORIENTED_EDGE('',*,*,#13853,.T.);
#13853 = EDGE_CURVE('',#13669,#13735,#13854,.T.);
#13854 = LINE('',#13855,#13856);
#13855 = CARTESIAN_POINT('',(1.348,2.4,-0.4));
#13856 = VECTOR('',#13857,1.);
#13857 = DIRECTION('',(1.,0.,0.));
#13858 = ORIENTED_EDGE('',*,*,#13734,.F.);
#13859 = ORIENTED_EDGE('',*,*,#13837,.F.);
#13860 = PLANE('',#13861);
#13861 = AXIS2_PLACEMENT_3D('',#13862,#13863,#13864);
#13862 = CARTESIAN_POINT('',(1.348,1.65,-0.4));
#13863 = DIRECTION('',(0.,-1.27553196763E-16,-1.));
#13864 = DIRECTION('',(0.,1.,-1.27553196763E-16));
#13865 = ADVANCED_FACE('',(#13866),#13900,.T.);
#13866 = FACE_BOUND('',#13867,.T.);
#13867 = EDGE_LOOP('',(#13868,#13878,#13886,#13894));
#13868 = ORIENTED_EDGE('',*,*,#13869,.T.);
#13869 = EDGE_CURVE('',#13870,#13872,#13874,.T.);
#13870 = VERTEX_POINT('',#13871);
#13871 = CARTESIAN_POINT('',(1.55,2.5,-0.3));
#13872 = VERTEX_POINT('',#13873);
#13873 = CARTESIAN_POINT('',(1.45,2.5,-0.3));
#13874 = LINE('',#13875,#13876);
#13875 = CARTESIAN_POINT('',(1.348,2.5,-0.3));
#13876 = VECTOR('',#13877,1.);
#13877 = DIRECTION('',(-1.,0.,0.));
#13878 = ORIENTED_EDGE('',*,*,#13879,.T.);
#13879 = EDGE_CURVE('',#13872,#13880,#13882,.T.);
#13880 = VERTEX_POINT('',#13881);
#13881 = CARTESIAN_POINT('',(1.45,2.5,-0.2));
#13882 = LINE('',#13883,#13884);
#13883 = CARTESIAN_POINT('',(1.45,2.5,-0.1));
#13884 = VECTOR('',#13885,1.);
#13885 = DIRECTION('',(0.,0.,1.));
#13886 = ORIENTED_EDGE('',*,*,#13887,.T.);
#13887 = EDGE_CURVE('',#13880,#13888,#13890,.T.);
#13888 = VERTEX_POINT('',#13889);
#13889 = CARTESIAN_POINT('',(1.55,2.5,-0.2));
#13890 = LINE('',#13891,#13892);
#13891 = CARTESIAN_POINT('',(1.348,2.5,-0.2));
#13892 = VECTOR('',#13893,1.);
#13893 = DIRECTION('',(1.,0.,0.));
#13894 = ORIENTED_EDGE('',*,*,#13895,.T.);
#13895 = EDGE_CURVE('',#13888,#13870,#13896,.T.);
#13896 = LINE('',#13897,#13898);
#13897 = CARTESIAN_POINT('',(1.55,2.5,-0.4));
#13898 = VECTOR('',#13899,1.);
#13899 = DIRECTION('',(0.,0.,-1.));
#13900 = PLANE('',#13901);
#13901 = AXIS2_PLACEMENT_3D('',#13902,#13903,#13904);
#13902 = CARTESIAN_POINT('',(1.348,2.5,-0.25));
#13903 = DIRECTION('',(0.,1.,0.));
#13904 = DIRECTION('',(0.,-0.,1.));
#13905 = ADVANCED_FACE('',(#13906),#13922,.T.);
#13906 = FACE_BOUND('',#13907,.T.);
#13907 = EDGE_LOOP('',(#13908,#13909,#13915,#13916));
#13908 = ORIENTED_EDGE('',*,*,#13750,.F.);
#13909 = ORIENTED_EDGE('',*,*,#13910,.T.);
#13910 = EDGE_CURVE('',#13743,#13661,#13911,.T.);
#13911 = LINE('',#13912,#13913);
#13912 = CARTESIAN_POINT('',(1.348,2.4,-0.1));
#13913 = VECTOR('',#13914,1.);
#13914 = DIRECTION('',(-1.,0.,0.));
#13915 = ORIENTED_EDGE('',*,*,#13660,.F.);
#13916 = ORIENTED_EDGE('',*,*,#13917,.T.);
#13917 = EDGE_CURVE('',#13652,#13751,#13918,.T.);
#13918 = LINE('',#13919,#13920);
#13919 = CARTESIAN_POINT('',(1.348,0.8,-0.1));
#13920 = VECTOR('',#13921,1.);
#13921 = DIRECTION('',(1.,0.,0.));
#13922 = PLANE('',#13923);
#13923 = AXIS2_PLACEMENT_3D('',#13924,#13925,#13926);
#13924 = CARTESIAN_POINT('',(1.348,1.65,-0.1));
#13925 = DIRECTION('',(0.,0.,1.));
#13926 = DIRECTION('',(1.,0.,-0.));
#13927 = ADVANCED_FACE('',(#13928),#13939,.F.);
#13928 = FACE_BOUND('',#13929,.F.);
#13929 = EDGE_LOOP('',(#13930,#13931,#13932,#13938));
#13930 = ORIENTED_EDGE('',*,*,#13917,.T.);
#13931 = ORIENTED_EDGE('',*,*,#13758,.T.);
#13932 = ORIENTED_EDGE('',*,*,#13933,.F.);
#13933 = EDGE_CURVE('',#13644,#13700,#13934,.T.);
#13934 = LINE('',#13935,#13936);
#13935 = CARTESIAN_POINT('',(1.348,0.65,5.E-02));
#13936 = VECTOR('',#13937,1.);
#13937 = DIRECTION('',(1.,0.,0.));
#13938 = ORIENTED_EDGE('',*,*,#13651,.T.);
#13939 = CYLINDRICAL_SURFACE('',#13940,0.15);
#13940 = AXIS2_PLACEMENT_3D('',#13941,#13942,#13943);
#13941 = CARTESIAN_POINT('',(1.348,0.8,5.E-02));
#13942 = DIRECTION('',(1.,0.,0.));
#13943 = DIRECTION('',(0.,0.,-1.));
#13944 = ADVANCED_FACE('',(#13945),#13956,.T.);
#13945 = FACE_BOUND('',#13946,.T.);
#13946 = EDGE_LOOP('',(#13947,#13948,#13954,#13955));
#13947 = ORIENTED_EDGE('',*,*,#13643,.F.);
#13948 = ORIENTED_EDGE('',*,*,#13949,.T.);
#13949 = EDGE_CURVE('',#13636,#13702,#13950,.T.);
#13950 = LINE('',#13951,#13952);
#13951 = CARTESIAN_POINT('',(1.348,0.65,2.9));
#13952 = VECTOR('',#13953,1.);
#13953 = DIRECTION('',(1.,0.,0.));
#13954 = ORIENTED_EDGE('',*,*,#13699,.F.);
#13955 = ORIENTED_EDGE('',*,*,#13933,.F.);
#13956 = PLANE('',#13957);
#13957 = AXIS2_PLACEMENT_3D('',#13958,#13959,#13960);
#13958 = CARTESIAN_POINT('',(1.348,0.65,1.525));
#13959 = DIRECTION('',(0.,1.,-1.837630800823E-16));
#13960 = DIRECTION('',(0.,1.837630800823E-16,1.));
#13961 = ADVANCED_FACE('',(#13962),#13978,.T.);
#13962 = FACE_BOUND('',#13963,.T.);
#13963 = EDGE_LOOP('',(#13964,#13970,#13971,#13977));
#13964 = ORIENTED_EDGE('',*,*,#13965,.T.);
#13965 = EDGE_CURVE('',#13702,#13774,#13966,.T.);
#13966 = LINE('',#13967,#13968);
#13967 = CARTESIAN_POINT('',(1.549333333333,0.549333333333,
    3.000666666667));
#13968 = VECTOR('',#13969,1.);
#13969 = DIRECTION('',(-0.57735026919,-0.57735026919,0.57735026919));
#13970 = ORIENTED_EDGE('',*,*,#13799,.F.);
#13971 = ORIENTED_EDGE('',*,*,#13972,.F.);
#13972 = EDGE_CURVE('',#13710,#13792,#13973,.T.);
#13973 = LINE('',#13974,#13975);
#13974 = CARTESIAN_POINT('',(1.291666666667,0.708333333333,
    3.258333333333));
#13975 = VECTOR('',#13976,1.);
#13976 = DIRECTION('',(-0.57735026919,0.57735026919,0.57735026919));
#13977 = ORIENTED_EDGE('',*,*,#13709,.F.);
#13978 = PLANE('',#13979);
#13979 = AXIS2_PLACEMENT_3D('',#13980,#13981,#13982);
#13980 = CARTESIAN_POINT('',(1.65,1.425,2.9));
#13981 = DIRECTION('',(0.707106781187,0.,0.707106781187));
#13982 = DIRECTION('',(-0.,1.,0.));
#13983 = ADVANCED_FACE('',(#13984),#13995,.F.);
#13984 = FACE_BOUND('',#13985,.T.);
#13985 = EDGE_LOOP('',(#13986,#13987,#13988,#13994));
#13986 = ORIENTED_EDGE('',*,*,#13972,.T.);
#13987 = ORIENTED_EDGE('',*,*,#13791,.F.);
#13988 = ORIENTED_EDGE('',*,*,#13989,.F.);
#13989 = EDGE_CURVE('',#13628,#13784,#13990,.T.);
#13990 = LINE('',#13991,#13992);
#13991 = CARTESIAN_POINT('',(1.416,0.416,2.966));
#13992 = VECTOR('',#13993,1.);
#13993 = DIRECTION('',(0.57735026919,0.57735026919,0.57735026919));
#13994 = ORIENTED_EDGE('',*,*,#13814,.F.);
#13995 = PLANE('',#13996);
#13996 = AXIS2_PLACEMENT_3D('',#13997,#13998,#13999);
#13997 = CARTESIAN_POINT('',(1.348,0.45,3.));
#13998 = DIRECTION('',(0.,0.707106781187,-0.707106781187));
#13999 = DIRECTION('',(1.,0.,0.));
#14000 = ADVANCED_FACE('',(#14001),#14012,.F.);
#14001 = FACE_BOUND('',#14002,.T.);
#14002 = EDGE_LOOP('',(#14003,#14004,#14005,#14011));
#14003 = ORIENTED_EDGE('',*,*,#13965,.F.);
#14004 = ORIENTED_EDGE('',*,*,#13949,.F.);
#14005 = ORIENTED_EDGE('',*,*,#14006,.F.);
#14006 = EDGE_CURVE('',#13776,#13636,#14007,.T.);
#14007 = LINE('',#14008,#14009);
#14008 = CARTESIAN_POINT('',(1.349333333333,0.650666666667,
    2.899333333333));
#14009 = VECTOR('',#14010,1.);
#14010 = DIRECTION('',(-0.57735026919,0.57735026919,-0.57735026919));
#14011 = ORIENTED_EDGE('',*,*,#13773,.F.);
#14012 = PLANE('',#14013);
#14013 = AXIS2_PLACEMENT_3D('',#14014,#14015,#14016);
#14014 = CARTESIAN_POINT('',(1.348,0.65,2.9));
#14015 = DIRECTION('',(0.,-0.707106781187,-0.707106781187));
#14016 = DIRECTION('',(1.,0.,0.));
#14017 = ADVANCED_FACE('',(#14018),#14024,.T.);
#14018 = FACE_BOUND('',#14019,.T.);
#14019 = EDGE_LOOP('',(#14020,#14021,#14022,#14023));
#14020 = ORIENTED_EDGE('',*,*,#13989,.T.);
#14021 = ORIENTED_EDGE('',*,*,#13783,.F.);
#14022 = ORIENTED_EDGE('',*,*,#14006,.T.);
#14023 = ORIENTED_EDGE('',*,*,#13635,.F.);
#14024 = PLANE('',#14025);
#14025 = AXIS2_PLACEMENT_3D('',#14026,#14027,#14028);
#14026 = CARTESIAN_POINT('',(1.35,0.5,2.9));
#14027 = DIRECTION('',(-0.707106781187,0.,0.707106781187));
#14028 = DIRECTION('',(0.,-1.,0.));
#14029 = ADVANCED_FACE('',(#14030),#14046,.T.);
#14030 = FACE_BOUND('',#14031,.T.);
#14031 = EDGE_LOOP('',(#14032,#14038,#14039,#14045));
#14032 = ORIENTED_EDGE('',*,*,#14033,.F.);
#14033 = EDGE_CURVE('',#13870,#13735,#14034,.T.);
#14034 = LINE('',#14035,#14036);
#14035 = CARTESIAN_POINT('',(1.083333333333,2.966666666667,
    0.166666666667));
#14036 = VECTOR('',#14037,1.);
#14037 = DIRECTION('',(0.57735026919,-0.57735026919,-0.57735026919));
#14038 = ORIENTED_EDGE('',*,*,#13895,.F.);
#14039 = ORIENTED_EDGE('',*,*,#14040,.T.);
#14040 = EDGE_CURVE('',#13888,#13743,#14041,.T.);
#14041 = LINE('',#14042,#14043);
#14042 = CARTESIAN_POINT('',(1.482666666667,2.567333333333,
    -0.267333333333));
#14043 = VECTOR('',#14044,1.);
#14044 = DIRECTION('',(0.57735026919,-0.57735026919,0.57735026919));
#14045 = ORIENTED_EDGE('',*,*,#13742,.F.);
#14046 = PLANE('',#14047);
#14047 = AXIS2_PLACEMENT_3D('',#14048,#14049,#14050);
#14048 = CARTESIAN_POINT('',(1.65,2.4,1.3));
#14049 = DIRECTION('',(0.707106781187,0.707106781187,0.));
#14050 = DIRECTION('',(0.,0.,-1.));
#14051 = ADVANCED_FACE('',(#14052),#14063,.F.);
#14052 = FACE_BOUND('',#14053,.T.);
#14053 = EDGE_LOOP('',(#14054,#14055,#14056,#14062));
#14054 = ORIENTED_EDGE('',*,*,#14040,.F.);
#14055 = ORIENTED_EDGE('',*,*,#13887,.F.);
#14056 = ORIENTED_EDGE('',*,*,#14057,.F.);
#14057 = EDGE_CURVE('',#13661,#13880,#14058,.T.);
#14058 = LINE('',#14059,#14060);
#14059 = CARTESIAN_POINT('',(1.416,2.466,-0.166));
#14060 = VECTOR('',#14061,1.);
#14061 = DIRECTION('',(0.57735026919,0.57735026919,-0.57735026919));
#14062 = ORIENTED_EDGE('',*,*,#13910,.F.);
#14063 = PLANE('',#14064);
#14064 = AXIS2_PLACEMENT_3D('',#14065,#14066,#14067);
#14065 = CARTESIAN_POINT('',(1.348,2.5,-0.2));
#14066 = DIRECTION('',(0.,-0.707106781187,-0.707106781187));
#14067 = DIRECTION('',(1.,0.,0.));
#14068 = ADVANCED_FACE('',(#14069),#14080,.F.);
#14069 = FACE_BOUND('',#14070,.T.);
#14070 = EDGE_LOOP('',(#14071,#14072,#14073,#14079));
#14071 = ORIENTED_EDGE('',*,*,#14033,.T.);
#14072 = ORIENTED_EDGE('',*,*,#13853,.F.);
#14073 = ORIENTED_EDGE('',*,*,#14074,.F.);
#14074 = EDGE_CURVE('',#13872,#13669,#14075,.T.);
#14075 = LINE('',#14076,#14077);
#14076 = CARTESIAN_POINT('',(1.349333333333,2.399333333333,
    -0.400666666667));
#14077 = VECTOR('',#14078,1.);
#14078 = DIRECTION('',(-0.57735026919,-0.57735026919,-0.57735026919));
#14079 = ORIENTED_EDGE('',*,*,#13869,.F.);
#14080 = PLANE('',#14081);
#14081 = AXIS2_PLACEMENT_3D('',#14082,#14083,#14084);
#14082 = CARTESIAN_POINT('',(1.348,2.4,-0.4));
#14083 = DIRECTION('',(0.,-0.707106781187,0.707106781187));
#14084 = DIRECTION('',(1.,0.,0.));
#14085 = ADVANCED_FACE('',(#14086),#14092,.T.);
#14086 = FACE_BOUND('',#14087,.T.);
#14087 = EDGE_LOOP('',(#14088,#14089,#14090,#14091));
#14088 = ORIENTED_EDGE('',*,*,#14057,.T.);
#14089 = ORIENTED_EDGE('',*,*,#13879,.F.);
#14090 = ORIENTED_EDGE('',*,*,#14074,.T.);
#14091 = ORIENTED_EDGE('',*,*,#13668,.F.);
#14092 = PLANE('',#14093);
#14093 = AXIS2_PLACEMENT_3D('',#14094,#14095,#14096);
#14094 = CARTESIAN_POINT('',(1.35,2.4,1.));
#14095 = DIRECTION('',(-0.707106781187,0.707106781187,0.));
#14096 = DIRECTION('',(0.,0.,1.));
#14097 = ( GEOMETRIC_REPRESENTATION_CONTEXT(3) 
GLOBAL_UNCERTAINTY_ASSIGNED_CONTEXT((#14101)) 
GLOBAL_UNIT_ASSIGNED_CONTEXT((#14098,#14099,#14100)) 
REPRESENTATION_CONTEXT('Context #1',
  '3D Context with UNIT and UNCERTAINTY') );
#14098 = ( LENGTH_UNIT() NAMED_UNIT(*) SI_UNIT(.MILLI.,.METRE.) );
#14099 = ( NAMED_UNIT(*) PLANE_ANGLE_UNIT() SI_UNIT($,.RADIAN.) );
#14100 = ( NAMED_UNIT(*) SI_UNIT($,.STERADIAN.) SOLID_ANGLE_UNIT() );
#14101 = UNCERTAINTY_MEASURE_WITH_UNIT(LENGTH_MEASURE(1.E-07),#14098,
  'distance_accuracy_value','confusion accuracy');
#14102 = CONTEXT_DEPENDENT_SHAPE_REPRESENTATION(#14103,#14105);
#14103 = ( REPRESENTATION_RELATIONSHIP('','',#13618,#817) 
REPRESENTATION_RELATIONSHIP_WITH_TRANSFORMATION(#14104) 
SHAPE_REPRESENTATION_RELATIONSHIP() );
#14104 = ITEM_DEFINED_TRANSFORMATION('','',#11,#874);
#14105 = PRODUCT_DEFINITION_SHAPE('Placement','Placement of an item',
  #14106);
#14106 = NEXT_ASSEMBLY_USAGE_OCCURRENCE('93','=>[0:1:1:18]','',#812,
  #13613,$);
#14107 = PRODUCT_RELATED_PRODUCT_CATEGORY('part',$,(#13615));
#14108 = SHAPE_DEFINITION_REPRESENTATION(#14109,#14115);
#14109 = PRODUCT_DEFINITION_SHAPE('','',#14110);
#14110 = PRODUCT_DEFINITION('design','',#14111,#14114);
#14111 = PRODUCT_DEFINITION_FORMATION('','',#14112);
#14112 = PRODUCT('Part 7','Part 7','',(#14113));
#14113 = PRODUCT_CONTEXT('',#2,'mechanical');
#14114 = PRODUCT_DEFINITION_CONTEXT('part definition',#2,'design');
#14115 = ADVANCED_BREP_SHAPE_REPRESENTATION('',(#11,#14116),#14594);
#14116 = MANIFOLD_SOLID_BREP('',#14117);
#14117 = CLOSED_SHELL('',(#14118,#14192,#14223,#14248,#14272,#14312,
    #14343,#14368,#14392,#14432,#14458,#14480,#14497,#14514,#14526,
    #14548,#14565,#14582));
#14118 = ADVANCED_FACE('',(#14119),#14187,.F.);
#14119 = FACE_BOUND('',#14120,.T.);
#14120 = EDGE_LOOP('',(#14121,#14131,#14140,#14148,#14156,#14164,#14173,
    #14181));
#14121 = ORIENTED_EDGE('',*,*,#14122,.F.);
#14122 = EDGE_CURVE('',#14123,#14125,#14127,.T.);
#14123 = VERTEX_POINT('',#14124);
#14124 = CARTESIAN_POINT('',(1.35,-0.35,5.E-02));
#14125 = VERTEX_POINT('',#14126);
#14126 = CARTESIAN_POINT('',(1.35,-0.35,2.9));
#14127 = LINE('',#14128,#14129);
#14128 = CARTESIAN_POINT('',(1.35,-0.35,1.525));
#14129 = VECTOR('',#14130,1.);
#14130 = DIRECTION('',(0.,-5.512892402469E-17,1.));
#14131 = ORIENTED_EDGE('',*,*,#14132,.T.);
#14132 = EDGE_CURVE('',#14123,#14133,#14135,.T.);
#14133 = VERTEX_POINT('',#14134);
#14134 = CARTESIAN_POINT('',(1.35,-0.8,-0.4));
#14135 = CIRCLE('',#14136,0.45);
#14136 = AXIS2_PLACEMENT_3D('',#14137,#14138,#14139);
#14137 = CARTESIAN_POINT('',(1.35,-0.8,5.E-02));
#14138 = DIRECTION('',(-1.,0.,0.));
#14139 = DIRECTION('',(0.,0.,-1.));
#14140 = ORIENTED_EDGE('',*,*,#14141,.F.);
#14141 = EDGE_CURVE('',#14142,#14133,#14144,.T.);
#14142 = VERTEX_POINT('',#14143);
#14143 = CARTESIAN_POINT('',(1.35,-2.4,-0.4));
#14144 = LINE('',#14145,#14146);
#14145 = CARTESIAN_POINT('',(1.35,-1.65,-0.4));
#14146 = VECTOR('',#14147,1.);
#14147 = DIRECTION('',(0.,1.,1.27553196763E-16));
#14148 = ORIENTED_EDGE('',*,*,#14149,.F.);
#14149 = EDGE_CURVE('',#14150,#14142,#14152,.T.);
#14150 = VERTEX_POINT('',#14151);
#14151 = CARTESIAN_POINT('',(1.35,-2.4,-0.1));
#14152 = LINE('',#14153,#14154);
#14153 = CARTESIAN_POINT('',(1.35,-2.4,-0.4));
#14154 = VECTOR('',#14155,1.);
#14155 = DIRECTION('',(0.,0.,-1.));
#14156 = ORIENTED_EDGE('',*,*,#14157,.F.);
#14157 = EDGE_CURVE('',#14158,#14150,#14160,.T.);
#14158 = VERTEX_POINT('',#14159);
#14159 = CARTESIAN_POINT('',(1.35,-0.8,-0.1));
#14160 = LINE('',#14161,#14162);
#14161 = CARTESIAN_POINT('',(1.35,-1.65,-0.1));
#14162 = VECTOR('',#14163,1.);
#14163 = DIRECTION('',(0.,-1.,0.));
#14164 = ORIENTED_EDGE('',*,*,#14165,.F.);
#14165 = EDGE_CURVE('',#14166,#14158,#14168,.T.);
#14166 = VERTEX_POINT('',#14167);
#14167 = CARTESIAN_POINT('',(1.35,-0.65,5.E-02));
#14168 = CIRCLE('',#14169,0.15);
#14169 = AXIS2_PLACEMENT_3D('',#14170,#14171,#14172);
#14170 = CARTESIAN_POINT('',(1.35,-0.8,5.E-02));
#14171 = DIRECTION('',(-1.,0.,0.));
#14172 = DIRECTION('',(0.,0.,-1.));
#14173 = ORIENTED_EDGE('',*,*,#14174,.F.);
#14174 = EDGE_CURVE('',#14175,#14166,#14177,.T.);
#14175 = VERTEX_POINT('',#14176);
#14176 = CARTESIAN_POINT('',(1.35,-0.65,2.9));
#14177 = LINE('',#14178,#14179);
#14178 = CARTESIAN_POINT('',(1.35,-0.65,1.525));
#14179 = VECTOR('',#14180,1.);
#14180 = DIRECTION('',(0.,1.837630800823E-16,-1.));
#14181 = ORIENTED_EDGE('',*,*,#14182,.F.);
#14182 = EDGE_CURVE('',#14125,#14175,#14183,.T.);
#14183 = LINE('',#14184,#14185);
#14184 = CARTESIAN_POINT('',(1.35,-0.65,2.9));
#14185 = VECTOR('',#14186,1.);
#14186 = DIRECTION('',(0.,-1.,0.));
#14187 = PLANE('',#14188);
#14188 = AXIS2_PLACEMENT_3D('',#14189,#14190,#14191);
#14189 = CARTESIAN_POINT('',(1.35,-0.5,1.));
#14190 = DIRECTION('',(1.,0.,0.));
#14191 = DIRECTION('',(0.,0.,-1.));
#14192 = ADVANCED_FACE('',(#14193),#14218,.T.);
#14193 = FACE_BOUND('',#14194,.T.);
#14194 = EDGE_LOOP('',(#14195,#14196,#14204,#14212));
#14195 = ORIENTED_EDGE('',*,*,#14174,.T.);
#14196 = ORIENTED_EDGE('',*,*,#14197,.T.);
#14197 = EDGE_CURVE('',#14166,#14198,#14200,.T.);
#14198 = VERTEX_POINT('',#14199);
#14199 = CARTESIAN_POINT('',(1.65,-0.65,5.E-02));
#14200 = LINE('',#14201,#14202);
#14201 = CARTESIAN_POINT('',(1.348,-0.65,5.E-02));
#14202 = VECTOR('',#14203,1.);
#14203 = DIRECTION('',(1.,0.,0.));
#14204 = ORIENTED_EDGE('',*,*,#14205,.T.);
#14205 = EDGE_CURVE('',#14198,#14206,#14208,.T.);
#14206 = VERTEX_POINT('',#14207);
#14207 = CARTESIAN_POINT('',(1.65,-0.65,2.9));
#14208 = LINE('',#14209,#14210);
#14209 = CARTESIAN_POINT('',(1.65,-0.65,1.525));
#14210 = VECTOR('',#14211,1.);
#14211 = DIRECTION('',(0.,-1.837630800823E-16,1.));
#14212 = ORIENTED_EDGE('',*,*,#14213,.F.);
#14213 = EDGE_CURVE('',#14175,#14206,#14214,.T.);
#14214 = LINE('',#14215,#14216);
#14215 = CARTESIAN_POINT('',(1.348,-0.65,2.9));
#14216 = VECTOR('',#14217,1.);
#14217 = DIRECTION('',(1.,0.,0.));
#14218 = PLANE('',#14219);
#14219 = AXIS2_PLACEMENT_3D('',#14220,#14221,#14222);
#14220 = CARTESIAN_POINT('',(1.348,-0.65,1.525));
#14221 = DIRECTION('',(0.,-1.,-1.837630800823E-16));
#14222 = DIRECTION('',(0.,-1.837630800823E-16,1.));
#14223 = ADVANCED_FACE('',(#14224),#14243,.F.);
#14224 = FACE_BOUND('',#14225,.F.);
#14225 = EDGE_LOOP('',(#14226,#14227,#14236,#14242));
#14226 = ORIENTED_EDGE('',*,*,#14197,.T.);
#14227 = ORIENTED_EDGE('',*,*,#14228,.F.);
#14228 = EDGE_CURVE('',#14229,#14198,#14231,.T.);
#14229 = VERTEX_POINT('',#14230);
#14230 = CARTESIAN_POINT('',(1.65,-0.8,-0.1));
#14231 = CIRCLE('',#14232,0.15);
#14232 = AXIS2_PLACEMENT_3D('',#14233,#14234,#14235);
#14233 = CARTESIAN_POINT('',(1.65,-0.8,5.E-02));
#14234 = DIRECTION('',(1.,0.,-0.));
#14235 = DIRECTION('',(0.,0.,1.));
#14236 = ORIENTED_EDGE('',*,*,#14237,.F.);
#14237 = EDGE_CURVE('',#14158,#14229,#14238,.T.);
#14238 = LINE('',#14239,#14240);
#14239 = CARTESIAN_POINT('',(1.348,-0.8,-0.1));
#14240 = VECTOR('',#14241,1.);
#14241 = DIRECTION('',(1.,0.,0.));
#14242 = ORIENTED_EDGE('',*,*,#14165,.F.);
#14243 = CYLINDRICAL_SURFACE('',#14244,0.15);
#14244 = AXIS2_PLACEMENT_3D('',#14245,#14246,#14247);
#14245 = CARTESIAN_POINT('',(1.348,-0.8,5.E-02));
#14246 = DIRECTION('',(1.,0.,0.));
#14247 = DIRECTION('',(0.,0.,-1.));
#14248 = ADVANCED_FACE('',(#14249),#14267,.T.);
#14249 = FACE_BOUND('',#14250,.T.);
#14250 = EDGE_LOOP('',(#14251,#14259,#14260,#14261));
#14251 = ORIENTED_EDGE('',*,*,#14252,.T.);
#14252 = EDGE_CURVE('',#14253,#14229,#14255,.T.);
#14253 = VERTEX_POINT('',#14254);
#14254 = CARTESIAN_POINT('',(1.65,-2.4,-0.1));
#14255 = LINE('',#14256,#14257);
#14256 = CARTESIAN_POINT('',(1.65,-1.65,-0.1));
#14257 = VECTOR('',#14258,1.);
#14258 = DIRECTION('',(0.,1.,0.));
#14259 = ORIENTED_EDGE('',*,*,#14237,.F.);
#14260 = ORIENTED_EDGE('',*,*,#14157,.T.);
#14261 = ORIENTED_EDGE('',*,*,#14262,.F.);
#14262 = EDGE_CURVE('',#14253,#14150,#14263,.T.);
#14263 = LINE('',#14264,#14265);
#14264 = CARTESIAN_POINT('',(1.348,-2.4,-0.1));
#14265 = VECTOR('',#14266,1.);
#14266 = DIRECTION('',(-1.,0.,0.));
#14267 = PLANE('',#14268);
#14268 = AXIS2_PLACEMENT_3D('',#14269,#14270,#14271);
#14269 = CARTESIAN_POINT('',(1.348,-1.65,-0.1));
#14270 = DIRECTION('',(0.,0.,1.));
#14271 = DIRECTION('',(1.,0.,-0.));
#14272 = ADVANCED_FACE('',(#14273),#14307,.T.);
#14273 = FACE_BOUND('',#14274,.T.);
#14274 = EDGE_LOOP('',(#14275,#14285,#14293,#14301));
#14275 = ORIENTED_EDGE('',*,*,#14276,.F.);
#14276 = EDGE_CURVE('',#14277,#14279,#14281,.T.);
#14277 = VERTEX_POINT('',#14278);
#14278 = CARTESIAN_POINT('',(1.55,-2.5,-0.3));
#14279 = VERTEX_POINT('',#14280);
#14280 = CARTESIAN_POINT('',(1.45,-2.5,-0.3));
#14281 = LINE('',#14282,#14283);
#14282 = CARTESIAN_POINT('',(1.348,-2.5,-0.3));
#14283 = VECTOR('',#14284,1.);
#14284 = DIRECTION('',(-1.,0.,0.));
#14285 = ORIENTED_EDGE('',*,*,#14286,.F.);
#14286 = EDGE_CURVE('',#14287,#14277,#14289,.T.);
#14287 = VERTEX_POINT('',#14288);
#14288 = CARTESIAN_POINT('',(1.55,-2.5,-0.2));
#14289 = LINE('',#14290,#14291);
#14290 = CARTESIAN_POINT('',(1.55,-2.5,-0.4));
#14291 = VECTOR('',#14292,1.);
#14292 = DIRECTION('',(0.,0.,-1.));
#14293 = ORIENTED_EDGE('',*,*,#14294,.F.);
#14294 = EDGE_CURVE('',#14295,#14287,#14297,.T.);
#14295 = VERTEX_POINT('',#14296);
#14296 = CARTESIAN_POINT('',(1.45,-2.5,-0.2));
#14297 = LINE('',#14298,#14299);
#14298 = CARTESIAN_POINT('',(1.348,-2.5,-0.2));
#14299 = VECTOR('',#14300,1.);
#14300 = DIRECTION('',(1.,0.,0.));
#14301 = ORIENTED_EDGE('',*,*,#14302,.F.);
#14302 = EDGE_CURVE('',#14279,#14295,#14303,.T.);
#14303 = LINE('',#14304,#14305);
#14304 = CARTESIAN_POINT('',(1.45,-2.5,-0.1));
#14305 = VECTOR('',#14306,1.);
#14306 = DIRECTION('',(0.,0.,1.));
#14307 = PLANE('',#14308);
#14308 = AXIS2_PLACEMENT_3D('',#14309,#14310,#14311);
#14309 = CARTESIAN_POINT('',(1.348,-2.5,-0.25));
#14310 = DIRECTION('',(0.,-1.,0.));
#14311 = DIRECTION('',(0.,0.,1.));
#14312 = ADVANCED_FACE('',(#14313),#14338,.T.);
#14313 = FACE_BOUND('',#14314,.T.);
#14314 = EDGE_LOOP('',(#14315,#14316,#14324,#14332));
#14315 = ORIENTED_EDGE('',*,*,#14141,.T.);
#14316 = ORIENTED_EDGE('',*,*,#14317,.T.);
#14317 = EDGE_CURVE('',#14133,#14318,#14320,.T.);
#14318 = VERTEX_POINT('',#14319);
#14319 = CARTESIAN_POINT('',(1.65,-0.8,-0.4));
#14320 = LINE('',#14321,#14322);
#14321 = CARTESIAN_POINT('',(1.348,-0.8,-0.4));
#14322 = VECTOR('',#14323,1.);
#14323 = DIRECTION('',(1.,0.,0.));
#14324 = ORIENTED_EDGE('',*,*,#14325,.T.);
#14325 = EDGE_CURVE('',#14318,#14326,#14328,.T.);
#14326 = VERTEX_POINT('',#14327);
#14327 = CARTESIAN_POINT('',(1.65,-2.4,-0.4));
#14328 = LINE('',#14329,#14330);
#14329 = CARTESIAN_POINT('',(1.65,-1.65,-0.4));
#14330 = VECTOR('',#14331,1.);
#14331 = DIRECTION('',(0.,-1.,-1.27553196763E-16));
#14332 = ORIENTED_EDGE('',*,*,#14333,.F.);
#14333 = EDGE_CURVE('',#14142,#14326,#14334,.T.);
#14334 = LINE('',#14335,#14336);
#14335 = CARTESIAN_POINT('',(1.348,-2.4,-0.4));
#14336 = VECTOR('',#14337,1.);
#14337 = DIRECTION('',(1.,0.,0.));
#14338 = PLANE('',#14339);
#14339 = AXIS2_PLACEMENT_3D('',#14340,#14341,#14342);
#14340 = CARTESIAN_POINT('',(1.348,-1.65,-0.4));
#14341 = DIRECTION('',(0.,1.27553196763E-16,-1.));
#14342 = DIRECTION('',(0.,-1.,-1.27553196763E-16));
#14343 = ADVANCED_FACE('',(#14344),#14363,.T.);
#14344 = FACE_BOUND('',#14345,.T.);
#14345 = EDGE_LOOP('',(#14346,#14354,#14361,#14362));
#14346 = ORIENTED_EDGE('',*,*,#14347,.T.);
#14347 = EDGE_CURVE('',#14123,#14348,#14350,.T.);
#14348 = VERTEX_POINT('',#14349);
#14349 = CARTESIAN_POINT('',(1.65,-0.35,5.E-02));
#14350 = LINE('',#14351,#14352);
#14351 = CARTESIAN_POINT('',(1.348,-0.35,5.E-02));
#14352 = VECTOR('',#14353,1.);
#14353 = DIRECTION('',(1.,0.,0.));
#14354 = ORIENTED_EDGE('',*,*,#14355,.F.);
#14355 = EDGE_CURVE('',#14318,#14348,#14356,.T.);
#14356 = CIRCLE('',#14357,0.45);
#14357 = AXIS2_PLACEMENT_3D('',#14358,#14359,#14360);
#14358 = CARTESIAN_POINT('',(1.65,-0.8,5.E-02));
#14359 = DIRECTION('',(1.,0.,-0.));
#14360 = DIRECTION('',(0.,0.,1.));
#14361 = ORIENTED_EDGE('',*,*,#14317,.F.);
#14362 = ORIENTED_EDGE('',*,*,#14132,.F.);
#14363 = CYLINDRICAL_SURFACE('',#14364,0.45);
#14364 = AXIS2_PLACEMENT_3D('',#14365,#14366,#14367);
#14365 = CARTESIAN_POINT('',(1.348,-0.8,5.E-02));
#14366 = DIRECTION('',(1.,0.,0.));
#14367 = DIRECTION('',(0.,0.,-1.));
#14368 = ADVANCED_FACE('',(#14369),#14387,.T.);
#14369 = FACE_BOUND('',#14370,.T.);
#14370 = EDGE_LOOP('',(#14371,#14379,#14380,#14381));
#14371 = ORIENTED_EDGE('',*,*,#14372,.T.);
#14372 = EDGE_CURVE('',#14373,#14348,#14375,.T.);
#14373 = VERTEX_POINT('',#14374);
#14374 = CARTESIAN_POINT('',(1.65,-0.35,2.9));
#14375 = LINE('',#14376,#14377);
#14376 = CARTESIAN_POINT('',(1.65,-0.35,1.525));
#14377 = VECTOR('',#14378,1.);
#14378 = DIRECTION('',(0.,5.512892402469E-17,-1.));
#14379 = ORIENTED_EDGE('',*,*,#14347,.F.);
#14380 = ORIENTED_EDGE('',*,*,#14122,.T.);
#14381 = ORIENTED_EDGE('',*,*,#14382,.F.);
#14382 = EDGE_CURVE('',#14373,#14125,#14383,.T.);
#14383 = LINE('',#14384,#14385);
#14384 = CARTESIAN_POINT('',(1.348,-0.35,2.9));
#14385 = VECTOR('',#14386,1.);
#14386 = DIRECTION('',(-1.,0.,0.));
#14387 = PLANE('',#14388);
#14388 = AXIS2_PLACEMENT_3D('',#14389,#14390,#14391);
#14389 = CARTESIAN_POINT('',(1.348,-0.35,1.525));
#14390 = DIRECTION('',(0.,1.,5.512892402469E-17));
#14391 = DIRECTION('',(0.,5.512892402469E-17,-1.));
#14392 = ADVANCED_FACE('',(#14393),#14427,.T.);
#14393 = FACE_BOUND('',#14394,.T.);
#14394 = EDGE_LOOP('',(#14395,#14405,#14413,#14421));
#14395 = ORIENTED_EDGE('',*,*,#14396,.F.);
#14396 = EDGE_CURVE('',#14397,#14399,#14401,.T.);
#14397 = VERTEX_POINT('',#14398);
#14398 = CARTESIAN_POINT('',(1.55,-0.55,3.));
#14399 = VERTEX_POINT('',#14400);
#14400 = CARTESIAN_POINT('',(1.45,-0.55,3.));
#14401 = LINE('',#14402,#14403);
#14402 = CARTESIAN_POINT('',(1.348,-0.55,3.));
#14403 = VECTOR('',#14404,1.);
#14404 = DIRECTION('',(-1.,0.,0.));
#14405 = ORIENTED_EDGE('',*,*,#14406,.F.);
#14406 = EDGE_CURVE('',#14407,#14397,#14409,.T.);
#14407 = VERTEX_POINT('',#14408);
#14408 = CARTESIAN_POINT('',(1.55,-0.45,3.));
#14409 = LINE('',#14410,#14411);
#14410 = CARTESIAN_POINT('',(1.55,-0.65,3.));
#14411 = VECTOR('',#14412,1.);
#14412 = DIRECTION('',(0.,-1.,0.));
#14413 = ORIENTED_EDGE('',*,*,#14414,.F.);
#14414 = EDGE_CURVE('',#14415,#14407,#14417,.T.);
#14415 = VERTEX_POINT('',#14416);
#14416 = CARTESIAN_POINT('',(1.45,-0.45,3.));
#14417 = LINE('',#14418,#14419);
#14418 = CARTESIAN_POINT('',(1.348,-0.45,3.));
#14419 = VECTOR('',#14420,1.);
#14420 = DIRECTION('',(1.,0.,0.));
#14421 = ORIENTED_EDGE('',*,*,#14422,.F.);
#14422 = EDGE_CURVE('',#14399,#14415,#14423,.T.);
#14423 = LINE('',#14424,#14425);
#14424 = CARTESIAN_POINT('',(1.45,-0.35,3.));
#14425 = VECTOR('',#14426,1.);
#14426 = DIRECTION('',(0.,1.,0.));
#14427 = PLANE('',#14428);
#14428 = AXIS2_PLACEMENT_3D('',#14429,#14430,#14431);
#14429 = CARTESIAN_POINT('',(1.348,-0.5,3.));
#14430 = DIRECTION('',(0.,0.,1.));
#14431 = DIRECTION('',(1.,0.,-0.));
#14432 = ADVANCED_FACE('',(#14433),#14453,.F.);
#14433 = FACE_BOUND('',#14434,.T.);
#14434 = EDGE_LOOP('',(#14435,#14436,#14437,#14438,#14444,#14445,#14446,
    #14447));
#14435 = ORIENTED_EDGE('',*,*,#14205,.F.);
#14436 = ORIENTED_EDGE('',*,*,#14228,.F.);
#14437 = ORIENTED_EDGE('',*,*,#14252,.F.);
#14438 = ORIENTED_EDGE('',*,*,#14439,.F.);
#14439 = EDGE_CURVE('',#14326,#14253,#14440,.T.);
#14440 = LINE('',#14441,#14442);
#14441 = CARTESIAN_POINT('',(1.65,-2.4,-0.1));
#14442 = VECTOR('',#14443,1.);
#14443 = DIRECTION('',(0.,0.,1.));
#14444 = ORIENTED_EDGE('',*,*,#14325,.F.);
#14445 = ORIENTED_EDGE('',*,*,#14355,.T.);
#14446 = ORIENTED_EDGE('',*,*,#14372,.F.);
#14447 = ORIENTED_EDGE('',*,*,#14448,.F.);
#14448 = EDGE_CURVE('',#14206,#14373,#14449,.T.);
#14449 = LINE('',#14450,#14451);
#14450 = CARTESIAN_POINT('',(1.65,-0.35,2.9));
#14451 = VECTOR('',#14452,1.);
#14452 = DIRECTION('',(0.,1.,0.));
#14453 = PLANE('',#14454);
#14454 = AXIS2_PLACEMENT_3D('',#14455,#14456,#14457);
#14455 = CARTESIAN_POINT('',(1.65,-1.425,1.3));
#14456 = DIRECTION('',(-1.,0.,0.));
#14457 = DIRECTION('',(0.,1.,0.));
#14458 = ADVANCED_FACE('',(#14459),#14475,.T.);
#14459 = FACE_BOUND('',#14460,.T.);
#14460 = EDGE_LOOP('',(#14461,#14467,#14468,#14474));
#14461 = ORIENTED_EDGE('',*,*,#14462,.F.);
#14462 = EDGE_CURVE('',#14206,#14397,#14463,.T.);
#14463 = LINE('',#14464,#14465);
#14464 = CARTESIAN_POINT('',(1.549333333333,-0.549333333333,
    3.000666666667));
#14465 = VECTOR('',#14466,1.);
#14466 = DIRECTION('',(-0.57735026919,0.57735026919,0.57735026919));
#14467 = ORIENTED_EDGE('',*,*,#14448,.T.);
#14468 = ORIENTED_EDGE('',*,*,#14469,.T.);
#14469 = EDGE_CURVE('',#14373,#14407,#14470,.T.);
#14470 = LINE('',#14471,#14472);
#14471 = CARTESIAN_POINT('',(1.291666666667,-0.708333333333,
    3.258333333333));
#14472 = VECTOR('',#14473,1.);
#14473 = DIRECTION('',(-0.57735026919,-0.57735026919,0.57735026919));
#14474 = ORIENTED_EDGE('',*,*,#14406,.T.);
#14475 = PLANE('',#14476);
#14476 = AXIS2_PLACEMENT_3D('',#14477,#14478,#14479);
#14477 = CARTESIAN_POINT('',(1.65,-1.425,2.9));
#14478 = DIRECTION('',(0.707106781187,0.,0.707106781187));
#14479 = DIRECTION('',(0.,-1.,0.));
#14480 = ADVANCED_FACE('',(#14481),#14492,.F.);
#14481 = FACE_BOUND('',#14482,.T.);
#14482 = EDGE_LOOP('',(#14483,#14484,#14485,#14491));
#14483 = ORIENTED_EDGE('',*,*,#14469,.F.);
#14484 = ORIENTED_EDGE('',*,*,#14382,.T.);
#14485 = ORIENTED_EDGE('',*,*,#14486,.T.);
#14486 = EDGE_CURVE('',#14125,#14415,#14487,.T.);
#14487 = LINE('',#14488,#14489);
#14488 = CARTESIAN_POINT('',(1.416,-0.416,2.966));
#14489 = VECTOR('',#14490,1.);
#14490 = DIRECTION('',(0.57735026919,-0.57735026919,0.57735026919));
#14491 = ORIENTED_EDGE('',*,*,#14414,.T.);
#14492 = PLANE('',#14493);
#14493 = AXIS2_PLACEMENT_3D('',#14494,#14495,#14496);
#14494 = CARTESIAN_POINT('',(1.348,-0.45,3.));
#14495 = DIRECTION('',(0.,-0.707106781187,-0.707106781187));
#14496 = DIRECTION('',(1.,0.,0.));
#14497 = ADVANCED_FACE('',(#14498),#14509,.F.);
#14498 = FACE_BOUND('',#14499,.T.);
#14499 = EDGE_LOOP('',(#14500,#14501,#14502,#14508));
#14500 = ORIENTED_EDGE('',*,*,#14462,.T.);
#14501 = ORIENTED_EDGE('',*,*,#14396,.T.);
#14502 = ORIENTED_EDGE('',*,*,#14503,.T.);
#14503 = EDGE_CURVE('',#14399,#14175,#14504,.T.);
#14504 = LINE('',#14505,#14506);
#14505 = CARTESIAN_POINT('',(1.349333333333,-0.650666666667,
    2.899333333333));
#14506 = VECTOR('',#14507,1.);
#14507 = DIRECTION('',(-0.57735026919,-0.57735026919,-0.57735026919));
#14508 = ORIENTED_EDGE('',*,*,#14213,.T.);
#14509 = PLANE('',#14510);
#14510 = AXIS2_PLACEMENT_3D('',#14511,#14512,#14513);
#14511 = CARTESIAN_POINT('',(1.348,-0.65,2.9));
#14512 = DIRECTION('',(0.,0.707106781187,-0.707106781187));
#14513 = DIRECTION('',(1.,0.,0.));
#14514 = ADVANCED_FACE('',(#14515),#14521,.T.);
#14515 = FACE_BOUND('',#14516,.T.);
#14516 = EDGE_LOOP('',(#14517,#14518,#14519,#14520));
#14517 = ORIENTED_EDGE('',*,*,#14486,.F.);
#14518 = ORIENTED_EDGE('',*,*,#14182,.T.);
#14519 = ORIENTED_EDGE('',*,*,#14503,.F.);
#14520 = ORIENTED_EDGE('',*,*,#14422,.T.);
#14521 = PLANE('',#14522);
#14522 = AXIS2_PLACEMENT_3D('',#14523,#14524,#14525);
#14523 = CARTESIAN_POINT('',(1.35,-0.5,2.9));
#14524 = DIRECTION('',(-0.707106781187,0.,0.707106781187));
#14525 = DIRECTION('',(0.,1.,0.));
#14526 = ADVANCED_FACE('',(#14527),#14543,.T.);
#14527 = FACE_BOUND('',#14528,.T.);
#14528 = EDGE_LOOP('',(#14529,#14535,#14536,#14542));
#14529 = ORIENTED_EDGE('',*,*,#14530,.T.);
#14530 = EDGE_CURVE('',#14277,#14326,#14531,.T.);
#14531 = LINE('',#14532,#14533);
#14532 = CARTESIAN_POINT('',(1.083333333333,-2.966666666667,
    0.166666666667));
#14533 = VECTOR('',#14534,1.);
#14534 = DIRECTION('',(0.57735026919,0.57735026919,-0.57735026919));
#14535 = ORIENTED_EDGE('',*,*,#14439,.T.);
#14536 = ORIENTED_EDGE('',*,*,#14537,.F.);
#14537 = EDGE_CURVE('',#14287,#14253,#14538,.T.);
#14538 = LINE('',#14539,#14540);
#14539 = CARTESIAN_POINT('',(1.482666666667,-2.567333333333,
    -0.267333333333));
#14540 = VECTOR('',#14541,1.);
#14541 = DIRECTION('',(0.57735026919,0.57735026919,0.57735026919));
#14542 = ORIENTED_EDGE('',*,*,#14286,.T.);
#14543 = PLANE('',#14544);
#14544 = AXIS2_PLACEMENT_3D('',#14545,#14546,#14547);
#14545 = CARTESIAN_POINT('',(1.65,-2.4,1.3));
#14546 = DIRECTION('',(0.707106781187,-0.707106781187,0.));
#14547 = DIRECTION('',(0.,0.,-1.));
#14548 = ADVANCED_FACE('',(#14549),#14560,.F.);
#14549 = FACE_BOUND('',#14550,.T.);
#14550 = EDGE_LOOP('',(#14551,#14552,#14553,#14559));
#14551 = ORIENTED_EDGE('',*,*,#14537,.T.);
#14552 = ORIENTED_EDGE('',*,*,#14262,.T.);
#14553 = ORIENTED_EDGE('',*,*,#14554,.T.);
#14554 = EDGE_CURVE('',#14150,#14295,#14555,.T.);
#14555 = LINE('',#14556,#14557);
#14556 = CARTESIAN_POINT('',(1.416,-2.466,-0.166));
#14557 = VECTOR('',#14558,1.);
#14558 = DIRECTION('',(0.57735026919,-0.57735026919,-0.57735026919));
#14559 = ORIENTED_EDGE('',*,*,#14294,.T.);
#14560 = PLANE('',#14561);
#14561 = AXIS2_PLACEMENT_3D('',#14562,#14563,#14564);
#14562 = CARTESIAN_POINT('',(1.348,-2.5,-0.2));
#14563 = DIRECTION('',(0.,0.707106781187,-0.707106781187));
#14564 = DIRECTION('',(1.,0.,0.));
#14565 = ADVANCED_FACE('',(#14566),#14577,.F.);
#14566 = FACE_BOUND('',#14567,.T.);
#14567 = EDGE_LOOP('',(#14568,#14569,#14570,#14576));
#14568 = ORIENTED_EDGE('',*,*,#14530,.F.);
#14569 = ORIENTED_EDGE('',*,*,#14276,.T.);
#14570 = ORIENTED_EDGE('',*,*,#14571,.T.);
#14571 = EDGE_CURVE('',#14279,#14142,#14572,.T.);
#14572 = LINE('',#14573,#14574);
#14573 = CARTESIAN_POINT('',(1.349333333333,-2.399333333333,
    -0.400666666667));
#14574 = VECTOR('',#14575,1.);
#14575 = DIRECTION('',(-0.57735026919,0.57735026919,-0.57735026919));
#14576 = ORIENTED_EDGE('',*,*,#14333,.T.);
#14577 = PLANE('',#14578);
#14578 = AXIS2_PLACEMENT_3D('',#14579,#14580,#14581);
#14579 = CARTESIAN_POINT('',(1.348,-2.4,-0.4));
#14580 = DIRECTION('',(0.,0.707106781187,0.707106781187));
#14581 = DIRECTION('',(1.,0.,-0.));
#14582 = ADVANCED_FACE('',(#14583),#14589,.T.);
#14583 = FACE_BOUND('',#14584,.T.);
#14584 = EDGE_LOOP('',(#14585,#14586,#14587,#14588));
#14585 = ORIENTED_EDGE('',*,*,#14554,.F.);
#14586 = ORIENTED_EDGE('',*,*,#14149,.T.);
#14587 = ORIENTED_EDGE('',*,*,#14571,.F.);
#14588 = ORIENTED_EDGE('',*,*,#14302,.T.);
#14589 = PLANE('',#14590);
#14590 = AXIS2_PLACEMENT_3D('',#14591,#14592,#14593);
#14591 = CARTESIAN_POINT('',(1.35,-2.4,1.));
#14592 = DIRECTION('',(-0.707106781187,-0.707106781187,0.));
#14593 = DIRECTION('',(0.,0.,1.));
#14594 = ( GEOMETRIC_REPRESENTATION_CONTEXT(3) 
GLOBAL_UNCERTAINTY_ASSIGNED_CONTEXT((#14598)) 
GLOBAL_UNIT_ASSIGNED_CONTEXT((#14595,#14596,#14597)) 
REPRESENTATION_CONTEXT('Context #1',
  '3D Context with UNIT and UNCERTAINTY') );
#14595 = ( LENGTH_UNIT() NAMED_UNIT(*) SI_UNIT(.MILLI.,.METRE.) );
#14596 = ( NAMED_UNIT(*) PLANE_ANGLE_UNIT() SI_UNIT($,.RADIAN.) );
#14597 = ( NAMED_UNIT(*) SI_UNIT($,.STERADIAN.) SOLID_ANGLE_UNIT() );
#14598 = UNCERTAINTY_MEASURE_WITH_UNIT(LENGTH_MEASURE(1.E-07),#14595,
  'distance_accuracy_value','confusion accuracy');
#14599 = CONTEXT_DEPENDENT_SHAPE_REPRESENTATION(#14600,#14602);
#14600 = ( REPRESENTATION_RELATIONSHIP('','',#14115,#817) 
REPRESENTATION_RELATIONSHIP_WITH_TRANSFORMATION(#14601) 
SHAPE_REPRESENTATION_RELATIONSHIP() );
#14601 = ITEM_DEFINED_TRANSFORMATION('','',#11,#878);
#14602 = PRODUCT_DEFINITION_SHAPE('Placement','Placement of an item',
  #14603);
#14603 = NEXT_ASSEMBLY_USAGE_OCCURRENCE('94','=>[0:1:1:19]','',#812,
  #14110,$);
#14604 = PRODUCT_RELATED_PRODUCT_CATEGORY('part',$,(#14112));
#14605 = SHAPE_DEFINITION_REPRESENTATION(#14606,#14612);
#14606 = PRODUCT_DEFINITION_SHAPE('','',#14607);
#14607 = PRODUCT_DEFINITION('design','',#14608,#14611);
#14608 = PRODUCT_DEFINITION_FORMATION('','',#14609);
#14609 = PRODUCT('Part 27','Part 27','',(#14610));
#14610 = PRODUCT_CONTEXT('',#2,'mechanical');
#14611 = PRODUCT_DEFINITION_CONTEXT('part definition',#2,'design');
#14612 = ADVANCED_BREP_SHAPE_REPRESENTATION('',(#11,#14613),#15091);
#14613 = MANIFOLD_SOLID_BREP('',#14614);
#14614 = CLOSED_SHELL('',(#14615,#14689,#14720,#14745,#14769,#14809,
    #14840,#14865,#14889,#14929,#14955,#14977,#14994,#15011,#15023,
    #15045,#15062,#15079));
#14615 = ADVANCED_FACE('',(#14616),#14684,.F.);
#14616 = FACE_BOUND('',#14617,.T.);
#14617 = EDGE_LOOP('',(#14618,#14628,#14637,#14645,#14653,#14661,#14670,
    #14678));
#14618 = ORIENTED_EDGE('',*,*,#14619,.F.);
#14619 = EDGE_CURVE('',#14620,#14622,#14624,.T.);
#14620 = VERTEX_POINT('',#14621);
#14621 = CARTESIAN_POINT('',(11.35,-0.35,5.E-02));
#14622 = VERTEX_POINT('',#14623);
#14623 = CARTESIAN_POINT('',(11.35,-0.35,2.9));
#14624 = LINE('',#14625,#14626);
#14625 = CARTESIAN_POINT('',(11.35,-0.35,1.525));
#14626 = VECTOR('',#14627,1.);
#14627 = DIRECTION('',(0.,-5.512892402469E-17,1.));
#14628 = ORIENTED_EDGE('',*,*,#14629,.T.);
#14629 = EDGE_CURVE('',#14620,#14630,#14632,.T.);
#14630 = VERTEX_POINT('',#14631);
#14631 = CARTESIAN_POINT('',(11.35,-0.8,-0.4));
#14632 = CIRCLE('',#14633,0.45);
#14633 = AXIS2_PLACEMENT_3D('',#14634,#14635,#14636);
#14634 = CARTESIAN_POINT('',(11.35,-0.8,5.E-02));
#14635 = DIRECTION('',(-1.,0.,0.));
#14636 = DIRECTION('',(0.,0.,-1.));
#14637 = ORIENTED_EDGE('',*,*,#14638,.F.);
#14638 = EDGE_CURVE('',#14639,#14630,#14641,.T.);
#14639 = VERTEX_POINT('',#14640);
#14640 = CARTESIAN_POINT('',(11.35,-2.4,-0.4));
#14641 = LINE('',#14642,#14643);
#14642 = CARTESIAN_POINT('',(11.35,-1.65,-0.4));
#14643 = VECTOR('',#14644,1.);
#14644 = DIRECTION('',(0.,1.,1.27553196763E-16));
#14645 = ORIENTED_EDGE('',*,*,#14646,.F.);
#14646 = EDGE_CURVE('',#14647,#14639,#14649,.T.);
#14647 = VERTEX_POINT('',#14648);
#14648 = CARTESIAN_POINT('',(11.35,-2.4,-0.1));
#14649 = LINE('',#14650,#14651);
#14650 = CARTESIAN_POINT('',(11.35,-2.4,-0.4));
#14651 = VECTOR('',#14652,1.);
#14652 = DIRECTION('',(0.,0.,-1.));
#14653 = ORIENTED_EDGE('',*,*,#14654,.F.);
#14654 = EDGE_CURVE('',#14655,#14647,#14657,.T.);
#14655 = VERTEX_POINT('',#14656);
#14656 = CARTESIAN_POINT('',(11.35,-0.8,-0.1));
#14657 = LINE('',#14658,#14659);
#14658 = CARTESIAN_POINT('',(11.35,-1.65,-0.1));
#14659 = VECTOR('',#14660,1.);
#14660 = DIRECTION('',(0.,-1.,0.));
#14661 = ORIENTED_EDGE('',*,*,#14662,.F.);
#14662 = EDGE_CURVE('',#14663,#14655,#14665,.T.);
#14663 = VERTEX_POINT('',#14664);
#14664 = CARTESIAN_POINT('',(11.35,-0.65,5.E-02));
#14665 = CIRCLE('',#14666,0.15);
#14666 = AXIS2_PLACEMENT_3D('',#14667,#14668,#14669);
#14667 = CARTESIAN_POINT('',(11.35,-0.8,5.E-02));
#14668 = DIRECTION('',(-1.,0.,0.));
#14669 = DIRECTION('',(0.,0.,-1.));
#14670 = ORIENTED_EDGE('',*,*,#14671,.F.);
#14671 = EDGE_CURVE('',#14672,#14663,#14674,.T.);
#14672 = VERTEX_POINT('',#14673);
#14673 = CARTESIAN_POINT('',(11.35,-0.65,2.9));
#14674 = LINE('',#14675,#14676);
#14675 = CARTESIAN_POINT('',(11.35,-0.65,1.525));
#14676 = VECTOR('',#14677,1.);
#14677 = DIRECTION('',(0.,1.837630800823E-16,-1.));
#14678 = ORIENTED_EDGE('',*,*,#14679,.F.);
#14679 = EDGE_CURVE('',#14622,#14672,#14680,.T.);
#14680 = LINE('',#14681,#14682);
#14681 = CARTESIAN_POINT('',(11.35,-0.65,2.9));
#14682 = VECTOR('',#14683,1.);
#14683 = DIRECTION('',(0.,-1.,0.));
#14684 = PLANE('',#14685);
#14685 = AXIS2_PLACEMENT_3D('',#14686,#14687,#14688);
#14686 = CARTESIAN_POINT('',(11.35,-0.5,1.));
#14687 = DIRECTION('',(1.,0.,0.));
#14688 = DIRECTION('',(0.,0.,-1.));
#14689 = ADVANCED_FACE('',(#14690),#14715,.T.);
#14690 = FACE_BOUND('',#14691,.T.);
#14691 = EDGE_LOOP('',(#14692,#14693,#14701,#14709));
#14692 = ORIENTED_EDGE('',*,*,#14671,.T.);
#14693 = ORIENTED_EDGE('',*,*,#14694,.T.);
#14694 = EDGE_CURVE('',#14663,#14695,#14697,.T.);
#14695 = VERTEX_POINT('',#14696);
#14696 = CARTESIAN_POINT('',(11.65,-0.65,5.E-02));
#14697 = LINE('',#14698,#14699);
#14698 = CARTESIAN_POINT('',(11.348,-0.65,5.E-02));
#14699 = VECTOR('',#14700,1.);
#14700 = DIRECTION('',(1.,0.,0.));
#14701 = ORIENTED_EDGE('',*,*,#14702,.T.);
#14702 = EDGE_CURVE('',#14695,#14703,#14705,.T.);
#14703 = VERTEX_POINT('',#14704);
#14704 = CARTESIAN_POINT('',(11.65,-0.65,2.9));
#14705 = LINE('',#14706,#14707);
#14706 = CARTESIAN_POINT('',(11.65,-0.65,1.525));
#14707 = VECTOR('',#14708,1.);
#14708 = DIRECTION('',(0.,-1.837630800823E-16,1.));
#14709 = ORIENTED_EDGE('',*,*,#14710,.F.);
#14710 = EDGE_CURVE('',#14672,#14703,#14711,.T.);
#14711 = LINE('',#14712,#14713);
#14712 = CARTESIAN_POINT('',(11.348,-0.65,2.9));
#14713 = VECTOR('',#14714,1.);
#14714 = DIRECTION('',(1.,0.,0.));
#14715 = PLANE('',#14716);
#14716 = AXIS2_PLACEMENT_3D('',#14717,#14718,#14719);
#14717 = CARTESIAN_POINT('',(11.348,-0.65,1.525));
#14718 = DIRECTION('',(0.,-1.,-1.837630800823E-16));
#14719 = DIRECTION('',(0.,-1.837630800823E-16,1.));
#14720 = ADVANCED_FACE('',(#14721),#14740,.F.);
#14721 = FACE_BOUND('',#14722,.F.);
#14722 = EDGE_LOOP('',(#14723,#14724,#14733,#14739));
#14723 = ORIENTED_EDGE('',*,*,#14694,.T.);
#14724 = ORIENTED_EDGE('',*,*,#14725,.F.);
#14725 = EDGE_CURVE('',#14726,#14695,#14728,.T.);
#14726 = VERTEX_POINT('',#14727);
#14727 = CARTESIAN_POINT('',(11.65,-0.8,-0.1));
#14728 = CIRCLE('',#14729,0.15);
#14729 = AXIS2_PLACEMENT_3D('',#14730,#14731,#14732);
#14730 = CARTESIAN_POINT('',(11.65,-0.8,5.E-02));
#14731 = DIRECTION('',(1.,0.,-0.));
#14732 = DIRECTION('',(0.,0.,1.));
#14733 = ORIENTED_EDGE('',*,*,#14734,.F.);
#14734 = EDGE_CURVE('',#14655,#14726,#14735,.T.);
#14735 = LINE('',#14736,#14737);
#14736 = CARTESIAN_POINT('',(11.348,-0.8,-0.1));
#14737 = VECTOR('',#14738,1.);
#14738 = DIRECTION('',(1.,0.,0.));
#14739 = ORIENTED_EDGE('',*,*,#14662,.F.);
#14740 = CYLINDRICAL_SURFACE('',#14741,0.15);
#14741 = AXIS2_PLACEMENT_3D('',#14742,#14743,#14744);
#14742 = CARTESIAN_POINT('',(11.348,-0.8,5.E-02));
#14743 = DIRECTION('',(1.,0.,0.));
#14744 = DIRECTION('',(0.,0.,-1.));
#14745 = ADVANCED_FACE('',(#14746),#14764,.T.);
#14746 = FACE_BOUND('',#14747,.T.);
#14747 = EDGE_LOOP('',(#14748,#14756,#14757,#14758));
#14748 = ORIENTED_EDGE('',*,*,#14749,.T.);
#14749 = EDGE_CURVE('',#14750,#14726,#14752,.T.);
#14750 = VERTEX_POINT('',#14751);
#14751 = CARTESIAN_POINT('',(11.65,-2.4,-0.1));
#14752 = LINE('',#14753,#14754);
#14753 = CARTESIAN_POINT('',(11.65,-1.65,-0.1));
#14754 = VECTOR('',#14755,1.);
#14755 = DIRECTION('',(0.,1.,0.));
#14756 = ORIENTED_EDGE('',*,*,#14734,.F.);
#14757 = ORIENTED_EDGE('',*,*,#14654,.T.);
#14758 = ORIENTED_EDGE('',*,*,#14759,.F.);
#14759 = EDGE_CURVE('',#14750,#14647,#14760,.T.);
#14760 = LINE('',#14761,#14762);
#14761 = CARTESIAN_POINT('',(11.348,-2.4,-0.1));
#14762 = VECTOR('',#14763,1.);
#14763 = DIRECTION('',(-1.,0.,0.));
#14764 = PLANE('',#14765);
#14765 = AXIS2_PLACEMENT_3D('',#14766,#14767,#14768);
#14766 = CARTESIAN_POINT('',(11.348,-1.65,-0.1));
#14767 = DIRECTION('',(0.,0.,1.));
#14768 = DIRECTION('',(1.,0.,-0.));
#14769 = ADVANCED_FACE('',(#14770),#14804,.T.);
#14770 = FACE_BOUND('',#14771,.T.);
#14771 = EDGE_LOOP('',(#14772,#14782,#14790,#14798));
#14772 = ORIENTED_EDGE('',*,*,#14773,.F.);
#14773 = EDGE_CURVE('',#14774,#14776,#14778,.T.);
#14774 = VERTEX_POINT('',#14775);
#14775 = CARTESIAN_POINT('',(11.55,-2.5,-0.3));
#14776 = VERTEX_POINT('',#14777);
#14777 = CARTESIAN_POINT('',(11.45,-2.5,-0.3));
#14778 = LINE('',#14779,#14780);
#14779 = CARTESIAN_POINT('',(11.348,-2.5,-0.3));
#14780 = VECTOR('',#14781,1.);
#14781 = DIRECTION('',(-1.,0.,0.));
#14782 = ORIENTED_EDGE('',*,*,#14783,.F.);
#14783 = EDGE_CURVE('',#14784,#14774,#14786,.T.);
#14784 = VERTEX_POINT('',#14785);
#14785 = CARTESIAN_POINT('',(11.55,-2.5,-0.2));
#14786 = LINE('',#14787,#14788);
#14787 = CARTESIAN_POINT('',(11.55,-2.5,-0.4));
#14788 = VECTOR('',#14789,1.);
#14789 = DIRECTION('',(0.,0.,-1.));
#14790 = ORIENTED_EDGE('',*,*,#14791,.F.);
#14791 = EDGE_CURVE('',#14792,#14784,#14794,.T.);
#14792 = VERTEX_POINT('',#14793);
#14793 = CARTESIAN_POINT('',(11.45,-2.5,-0.2));
#14794 = LINE('',#14795,#14796);
#14795 = CARTESIAN_POINT('',(11.348,-2.5,-0.2));
#14796 = VECTOR('',#14797,1.);
#14797 = DIRECTION('',(1.,0.,0.));
#14798 = ORIENTED_EDGE('',*,*,#14799,.F.);
#14799 = EDGE_CURVE('',#14776,#14792,#14800,.T.);
#14800 = LINE('',#14801,#14802);
#14801 = CARTESIAN_POINT('',(11.45,-2.5,-0.1));
#14802 = VECTOR('',#14803,1.);
#14803 = DIRECTION('',(0.,0.,1.));
#14804 = PLANE('',#14805);
#14805 = AXIS2_PLACEMENT_3D('',#14806,#14807,#14808);
#14806 = CARTESIAN_POINT('',(11.348,-2.5,-0.25));
#14807 = DIRECTION('',(0.,-1.,0.));
#14808 = DIRECTION('',(0.,0.,1.));
#14809 = ADVANCED_FACE('',(#14810),#14835,.T.);
#14810 = FACE_BOUND('',#14811,.T.);
#14811 = EDGE_LOOP('',(#14812,#14813,#14821,#14829));
#14812 = ORIENTED_EDGE('',*,*,#14638,.T.);
#14813 = ORIENTED_EDGE('',*,*,#14814,.T.);
#14814 = EDGE_CURVE('',#14630,#14815,#14817,.T.);
#14815 = VERTEX_POINT('',#14816);
#14816 = CARTESIAN_POINT('',(11.65,-0.8,-0.4));
#14817 = LINE('',#14818,#14819);
#14818 = CARTESIAN_POINT('',(11.348,-0.8,-0.4));
#14819 = VECTOR('',#14820,1.);
#14820 = DIRECTION('',(1.,0.,0.));
#14821 = ORIENTED_EDGE('',*,*,#14822,.T.);
#14822 = EDGE_CURVE('',#14815,#14823,#14825,.T.);
#14823 = VERTEX_POINT('',#14824);
#14824 = CARTESIAN_POINT('',(11.65,-2.4,-0.4));
#14825 = LINE('',#14826,#14827);
#14826 = CARTESIAN_POINT('',(11.65,-1.65,-0.4));
#14827 = VECTOR('',#14828,1.);
#14828 = DIRECTION('',(0.,-1.,-1.27553196763E-16));
#14829 = ORIENTED_EDGE('',*,*,#14830,.F.);
#14830 = EDGE_CURVE('',#14639,#14823,#14831,.T.);
#14831 = LINE('',#14832,#14833);
#14832 = CARTESIAN_POINT('',(11.348,-2.4,-0.4));
#14833 = VECTOR('',#14834,1.);
#14834 = DIRECTION('',(1.,0.,0.));
#14835 = PLANE('',#14836);
#14836 = AXIS2_PLACEMENT_3D('',#14837,#14838,#14839);
#14837 = CARTESIAN_POINT('',(11.348,-1.65,-0.4));
#14838 = DIRECTION('',(0.,1.27553196763E-16,-1.));
#14839 = DIRECTION('',(0.,-1.,-1.27553196763E-16));
#14840 = ADVANCED_FACE('',(#14841),#14860,.T.);
#14841 = FACE_BOUND('',#14842,.T.);
#14842 = EDGE_LOOP('',(#14843,#14851,#14858,#14859));
#14843 = ORIENTED_EDGE('',*,*,#14844,.T.);
#14844 = EDGE_CURVE('',#14620,#14845,#14847,.T.);
#14845 = VERTEX_POINT('',#14846);
#14846 = CARTESIAN_POINT('',(11.65,-0.35,5.E-02));
#14847 = LINE('',#14848,#14849);
#14848 = CARTESIAN_POINT('',(11.348,-0.35,5.E-02));
#14849 = VECTOR('',#14850,1.);
#14850 = DIRECTION('',(1.,0.,0.));
#14851 = ORIENTED_EDGE('',*,*,#14852,.F.);
#14852 = EDGE_CURVE('',#14815,#14845,#14853,.T.);
#14853 = CIRCLE('',#14854,0.45);
#14854 = AXIS2_PLACEMENT_3D('',#14855,#14856,#14857);
#14855 = CARTESIAN_POINT('',(11.65,-0.8,5.E-02));
#14856 = DIRECTION('',(1.,0.,-0.));
#14857 = DIRECTION('',(0.,0.,1.));
#14858 = ORIENTED_EDGE('',*,*,#14814,.F.);
#14859 = ORIENTED_EDGE('',*,*,#14629,.F.);
#14860 = CYLINDRICAL_SURFACE('',#14861,0.45);
#14861 = AXIS2_PLACEMENT_3D('',#14862,#14863,#14864);
#14862 = CARTESIAN_POINT('',(11.348,-0.8,5.E-02));
#14863 = DIRECTION('',(1.,0.,0.));
#14864 = DIRECTION('',(0.,0.,-1.));
#14865 = ADVANCED_FACE('',(#14866),#14884,.T.);
#14866 = FACE_BOUND('',#14867,.T.);
#14867 = EDGE_LOOP('',(#14868,#14876,#14877,#14878));
#14868 = ORIENTED_EDGE('',*,*,#14869,.T.);
#14869 = EDGE_CURVE('',#14870,#14845,#14872,.T.);
#14870 = VERTEX_POINT('',#14871);
#14871 = CARTESIAN_POINT('',(11.65,-0.35,2.9));
#14872 = LINE('',#14873,#14874);
#14873 = CARTESIAN_POINT('',(11.65,-0.35,1.525));
#14874 = VECTOR('',#14875,1.);
#14875 = DIRECTION('',(0.,5.512892402469E-17,-1.));
#14876 = ORIENTED_EDGE('',*,*,#14844,.F.);
#14877 = ORIENTED_EDGE('',*,*,#14619,.T.);
#14878 = ORIENTED_EDGE('',*,*,#14879,.F.);
#14879 = EDGE_CURVE('',#14870,#14622,#14880,.T.);
#14880 = LINE('',#14881,#14882);
#14881 = CARTESIAN_POINT('',(11.348,-0.35,2.9));
#14882 = VECTOR('',#14883,1.);
#14883 = DIRECTION('',(-1.,0.,0.));
#14884 = PLANE('',#14885);
#14885 = AXIS2_PLACEMENT_3D('',#14886,#14887,#14888);
#14886 = CARTESIAN_POINT('',(11.348,-0.35,1.525));
#14887 = DIRECTION('',(0.,1.,5.512892402469E-17));
#14888 = DIRECTION('',(0.,5.512892402469E-17,-1.));
#14889 = ADVANCED_FACE('',(#14890),#14924,.T.);
#14890 = FACE_BOUND('',#14891,.T.);
#14891 = EDGE_LOOP('',(#14892,#14902,#14910,#14918));
#14892 = ORIENTED_EDGE('',*,*,#14893,.F.);
#14893 = EDGE_CURVE('',#14894,#14896,#14898,.T.);
#14894 = VERTEX_POINT('',#14895);
#14895 = CARTESIAN_POINT('',(11.55,-0.55,3.));
#14896 = VERTEX_POINT('',#14897);
#14897 = CARTESIAN_POINT('',(11.45,-0.55,3.));
#14898 = LINE('',#14899,#14900);
#14899 = CARTESIAN_POINT('',(11.348,-0.55,3.));
#14900 = VECTOR('',#14901,1.);
#14901 = DIRECTION('',(-1.,0.,0.));
#14902 = ORIENTED_EDGE('',*,*,#14903,.F.);
#14903 = EDGE_CURVE('',#14904,#14894,#14906,.T.);
#14904 = VERTEX_POINT('',#14905);
#14905 = CARTESIAN_POINT('',(11.55,-0.45,3.));
#14906 = LINE('',#14907,#14908);
#14907 = CARTESIAN_POINT('',(11.55,-0.65,3.));
#14908 = VECTOR('',#14909,1.);
#14909 = DIRECTION('',(0.,-1.,0.));
#14910 = ORIENTED_EDGE('',*,*,#14911,.F.);
#14911 = EDGE_CURVE('',#14912,#14904,#14914,.T.);
#14912 = VERTEX_POINT('',#14913);
#14913 = CARTESIAN_POINT('',(11.45,-0.45,3.));
#14914 = LINE('',#14915,#14916);
#14915 = CARTESIAN_POINT('',(11.348,-0.45,3.));
#14916 = VECTOR('',#14917,1.);
#14917 = DIRECTION('',(1.,0.,0.));
#14918 = ORIENTED_EDGE('',*,*,#14919,.F.);
#14919 = EDGE_CURVE('',#14896,#14912,#14920,.T.);
#14920 = LINE('',#14921,#14922);
#14921 = CARTESIAN_POINT('',(11.45,-0.35,3.));
#14922 = VECTOR('',#14923,1.);
#14923 = DIRECTION('',(0.,1.,0.));
#14924 = PLANE('',#14925);
#14925 = AXIS2_PLACEMENT_3D('',#14926,#14927,#14928);
#14926 = CARTESIAN_POINT('',(11.348,-0.5,3.));
#14927 = DIRECTION('',(0.,0.,1.));
#14928 = DIRECTION('',(1.,0.,-0.));
#14929 = ADVANCED_FACE('',(#14930),#14950,.F.);
#14930 = FACE_BOUND('',#14931,.T.);
#14931 = EDGE_LOOP('',(#14932,#14933,#14934,#14935,#14941,#14942,#14943,
    #14944));
#14932 = ORIENTED_EDGE('',*,*,#14702,.F.);
#14933 = ORIENTED_EDGE('',*,*,#14725,.F.);
#14934 = ORIENTED_EDGE('',*,*,#14749,.F.);
#14935 = ORIENTED_EDGE('',*,*,#14936,.F.);
#14936 = EDGE_CURVE('',#14823,#14750,#14937,.T.);
#14937 = LINE('',#14938,#14939);
#14938 = CARTESIAN_POINT('',(11.65,-2.4,-0.1));
#14939 = VECTOR('',#14940,1.);
#14940 = DIRECTION('',(0.,0.,1.));
#14941 = ORIENTED_EDGE('',*,*,#14822,.F.);
#14942 = ORIENTED_EDGE('',*,*,#14852,.T.);
#14943 = ORIENTED_EDGE('',*,*,#14869,.F.);
#14944 = ORIENTED_EDGE('',*,*,#14945,.F.);
#14945 = EDGE_CURVE('',#14703,#14870,#14946,.T.);
#14946 = LINE('',#14947,#14948);
#14947 = CARTESIAN_POINT('',(11.65,-0.35,2.9));
#14948 = VECTOR('',#14949,1.);
#14949 = DIRECTION('',(0.,1.,0.));
#14950 = PLANE('',#14951);
#14951 = AXIS2_PLACEMENT_3D('',#14952,#14953,#14954);
#14952 = CARTESIAN_POINT('',(11.65,-1.425,1.3));
#14953 = DIRECTION('',(-1.,0.,0.));
#14954 = DIRECTION('',(0.,1.,0.));
#14955 = ADVANCED_FACE('',(#14956),#14972,.T.);
#14956 = FACE_BOUND('',#14957,.T.);
#14957 = EDGE_LOOP('',(#14958,#14964,#14965,#14971));
#14958 = ORIENTED_EDGE('',*,*,#14959,.F.);
#14959 = EDGE_CURVE('',#14703,#14894,#14960,.T.);
#14960 = LINE('',#14961,#14962);
#14961 = CARTESIAN_POINT('',(11.549333333333,-0.549333333333,
    3.000666666667));
#14962 = VECTOR('',#14963,1.);
#14963 = DIRECTION('',(-0.57735026919,0.57735026919,0.57735026919));
#14964 = ORIENTED_EDGE('',*,*,#14945,.T.);
#14965 = ORIENTED_EDGE('',*,*,#14966,.T.);
#14966 = EDGE_CURVE('',#14870,#14904,#14967,.T.);
#14967 = LINE('',#14968,#14969);
#14968 = CARTESIAN_POINT('',(11.291666666667,-0.708333333333,
    3.258333333333));
#14969 = VECTOR('',#14970,1.);
#14970 = DIRECTION('',(-0.57735026919,-0.57735026919,0.57735026919));
#14971 = ORIENTED_EDGE('',*,*,#14903,.T.);
#14972 = PLANE('',#14973);
#14973 = AXIS2_PLACEMENT_3D('',#14974,#14975,#14976);
#14974 = CARTESIAN_POINT('',(11.65,-1.425,2.9));
#14975 = DIRECTION('',(0.707106781187,0.,0.707106781187));
#14976 = DIRECTION('',(0.,-1.,0.));
#14977 = ADVANCED_FACE('',(#14978),#14989,.F.);
#14978 = FACE_BOUND('',#14979,.T.);
#14979 = EDGE_LOOP('',(#14980,#14981,#14982,#14988));
#14980 = ORIENTED_EDGE('',*,*,#14966,.F.);
#14981 = ORIENTED_EDGE('',*,*,#14879,.T.);
#14982 = ORIENTED_EDGE('',*,*,#14983,.T.);
#14983 = EDGE_CURVE('',#14622,#14912,#14984,.T.);
#14984 = LINE('',#14985,#14986);
#14985 = CARTESIAN_POINT('',(11.416,-0.416,2.966));
#14986 = VECTOR('',#14987,1.);
#14987 = DIRECTION('',(0.57735026919,-0.57735026919,0.57735026919));
#14988 = ORIENTED_EDGE('',*,*,#14911,.T.);
#14989 = PLANE('',#14990);
#14990 = AXIS2_PLACEMENT_3D('',#14991,#14992,#14993);
#14991 = CARTESIAN_POINT('',(11.348,-0.45,3.));
#14992 = DIRECTION('',(0.,-0.707106781187,-0.707106781187));
#14993 = DIRECTION('',(1.,0.,0.));
#14994 = ADVANCED_FACE('',(#14995),#15006,.F.);
#14995 = FACE_BOUND('',#14996,.T.);
#14996 = EDGE_LOOP('',(#14997,#14998,#14999,#15005));
#14997 = ORIENTED_EDGE('',*,*,#14959,.T.);
#14998 = ORIENTED_EDGE('',*,*,#14893,.T.);
#14999 = ORIENTED_EDGE('',*,*,#15000,.T.);
#15000 = EDGE_CURVE('',#14896,#14672,#15001,.T.);
#15001 = LINE('',#15002,#15003);
#15002 = CARTESIAN_POINT('',(11.349333333333,-0.650666666667,
    2.899333333333));
#15003 = VECTOR('',#15004,1.);
#15004 = DIRECTION('',(-0.57735026919,-0.57735026919,-0.57735026919));
#15005 = ORIENTED_EDGE('',*,*,#14710,.T.);
#15006 = PLANE('',#15007);
#15007 = AXIS2_PLACEMENT_3D('',#15008,#15009,#15010);
#15008 = CARTESIAN_POINT('',(11.348,-0.65,2.9));
#15009 = DIRECTION('',(0.,0.707106781187,-0.707106781187));
#15010 = DIRECTION('',(1.,0.,0.));
#15011 = ADVANCED_FACE('',(#15012),#15018,.T.);
#15012 = FACE_BOUND('',#15013,.T.);
#15013 = EDGE_LOOP('',(#15014,#15015,#15016,#15017));
#15014 = ORIENTED_EDGE('',*,*,#14983,.F.);
#15015 = ORIENTED_EDGE('',*,*,#14679,.T.);
#15016 = ORIENTED_EDGE('',*,*,#15000,.F.);
#15017 = ORIENTED_EDGE('',*,*,#14919,.T.);
#15018 = PLANE('',#15019);
#15019 = AXIS2_PLACEMENT_3D('',#15020,#15021,#15022);
#15020 = CARTESIAN_POINT('',(11.35,-0.5,2.9));
#15021 = DIRECTION('',(-0.707106781187,0.,0.707106781187));
#15022 = DIRECTION('',(0.,1.,0.));
#15023 = ADVANCED_FACE('',(#15024),#15040,.T.);
#15024 = FACE_BOUND('',#15025,.T.);
#15025 = EDGE_LOOP('',(#15026,#15032,#15033,#15039));
#15026 = ORIENTED_EDGE('',*,*,#15027,.T.);
#15027 = EDGE_CURVE('',#14774,#14823,#15028,.T.);
#15028 = LINE('',#15029,#15030);
#15029 = CARTESIAN_POINT('',(11.083333333333,-2.966666666667,
    0.166666666667));
#15030 = VECTOR('',#15031,1.);
#15031 = DIRECTION('',(0.57735026919,0.57735026919,-0.57735026919));
#15032 = ORIENTED_EDGE('',*,*,#14936,.T.);
#15033 = ORIENTED_EDGE('',*,*,#15034,.F.);
#15034 = EDGE_CURVE('',#14784,#14750,#15035,.T.);
#15035 = LINE('',#15036,#15037);
#15036 = CARTESIAN_POINT('',(11.482666666667,-2.567333333333,
    -0.267333333333));
#15037 = VECTOR('',#15038,1.);
#15038 = DIRECTION('',(0.57735026919,0.57735026919,0.57735026919));
#15039 = ORIENTED_EDGE('',*,*,#14783,.T.);
#15040 = PLANE('',#15041);
#15041 = AXIS2_PLACEMENT_3D('',#15042,#15043,#15044);
#15042 = CARTESIAN_POINT('',(11.65,-2.4,1.3));
#15043 = DIRECTION('',(0.707106781187,-0.707106781187,0.));
#15044 = DIRECTION('',(0.,0.,-1.));
#15045 = ADVANCED_FACE('',(#15046),#15057,.F.);
#15046 = FACE_BOUND('',#15047,.T.);
#15047 = EDGE_LOOP('',(#15048,#15049,#15050,#15056));
#15048 = ORIENTED_EDGE('',*,*,#15034,.T.);
#15049 = ORIENTED_EDGE('',*,*,#14759,.T.);
#15050 = ORIENTED_EDGE('',*,*,#15051,.T.);
#15051 = EDGE_CURVE('',#14647,#14792,#15052,.T.);
#15052 = LINE('',#15053,#15054);
#15053 = CARTESIAN_POINT('',(11.416,-2.466,-0.166));
#15054 = VECTOR('',#15055,1.);
#15055 = DIRECTION('',(0.57735026919,-0.57735026919,-0.57735026919));
#15056 = ORIENTED_EDGE('',*,*,#14791,.T.);
#15057 = PLANE('',#15058);
#15058 = AXIS2_PLACEMENT_3D('',#15059,#15060,#15061);
#15059 = CARTESIAN_POINT('',(11.348,-2.5,-0.2));
#15060 = DIRECTION('',(0.,0.707106781187,-0.707106781187));
#15061 = DIRECTION('',(1.,0.,0.));
#15062 = ADVANCED_FACE('',(#15063),#15074,.F.);
#15063 = FACE_BOUND('',#15064,.T.);
#15064 = EDGE_LOOP('',(#15065,#15066,#15067,#15073));
#15065 = ORIENTED_EDGE('',*,*,#15027,.F.);
#15066 = ORIENTED_EDGE('',*,*,#14773,.T.);
#15067 = ORIENTED_EDGE('',*,*,#15068,.T.);
#15068 = EDGE_CURVE('',#14776,#14639,#15069,.T.);
#15069 = LINE('',#15070,#15071);
#15070 = CARTESIAN_POINT('',(11.349333333333,-2.399333333333,
    -0.400666666667));
#15071 = VECTOR('',#15072,1.);
#15072 = DIRECTION('',(-0.57735026919,0.57735026919,-0.57735026919));
#15073 = ORIENTED_EDGE('',*,*,#14830,.T.);
#15074 = PLANE('',#15075);
#15075 = AXIS2_PLACEMENT_3D('',#15076,#15077,#15078);
#15076 = CARTESIAN_POINT('',(11.348,-2.4,-0.4));
#15077 = DIRECTION('',(0.,0.707106781187,0.707106781187));
#15078 = DIRECTION('',(1.,0.,-0.));
#15079 = ADVANCED_FACE('',(#15080),#15086,.T.);
#15080 = FACE_BOUND('',#15081,.T.);
#15081 = EDGE_LOOP('',(#15082,#15083,#15084,#15085));
#15082 = ORIENTED_EDGE('',*,*,#15051,.F.);
#15083 = ORIENTED_EDGE('',*,*,#14646,.T.);
#15084 = ORIENTED_EDGE('',*,*,#15068,.F.);
#15085 = ORIENTED_EDGE('',*,*,#14799,.T.);
#15086 = PLANE('',#15087);
#15087 = AXIS2_PLACEMENT_3D('',#15088,#15089,#15090);
#15088 = CARTESIAN_POINT('',(11.35,-2.4,1.));
#15089 = DIRECTION('',(-0.707106781187,-0.707106781187,0.));
#15090 = DIRECTION('',(0.,0.,1.));
#15091 = ( GEOMETRIC_REPRESENTATION_CONTEXT(3) 
GLOBAL_UNCERTAINTY_ASSIGNED_CONTEXT((#15095)) 
GLOBAL_UNIT_ASSIGNED_CONTEXT((#15092,#15093,#15094)) 
REPRESENTATION_CONTEXT('Context #1',
  '3D Context with UNIT and UNCERTAINTY') );
#15092 = ( LENGTH_UNIT() NAMED_UNIT(*) SI_UNIT(.MILLI.,.METRE.) );
#15093 = ( NAMED_UNIT(*) PLANE_ANGLE_UNIT() SI_UNIT($,.RADIAN.) );
#15094 = ( NAMED_UNIT(*) SI_UNIT($,.STERADIAN.) SOLID_ANGLE_UNIT() );
#15095 = UNCERTAINTY_MEASURE_WITH_UNIT(LENGTH_MEASURE(1.E-07),#15092,
  'distance_accuracy_value','confusion accuracy');
#15096 = CONTEXT_DEPENDENT_SHAPE_REPRESENTATION(#15097,#15099);
#15097 = ( REPRESENTATION_RELATIONSHIP('','',#14612,#817) 
REPRESENTATION_RELATIONSHIP_WITH_TRANSFORMATION(#15098) 
SHAPE_REPRESENTATION_RELATIONSHIP() );
#15098 = ITEM_DEFINED_TRANSFORMATION('','',#11,#882);
#15099 = PRODUCT_DEFINITION_SHAPE('Placement','Placement of an item',
  #15100);
#15100 = NEXT_ASSEMBLY_USAGE_OCCURRENCE('95','=>[0:1:1:20]','',#812,
  #14607,$);
#15101 = PRODUCT_RELATED_PRODUCT_CATEGORY('part',$,(#14609));
#15102 = SHAPE_DEFINITION_REPRESENTATION(#15103,#15109);
#15103 = PRODUCT_DEFINITION_SHAPE('','',#15104);
#15104 = PRODUCT_DEFINITION('design','',#15105,#15108);
#15105 = PRODUCT_DEFINITION_FORMATION('','',#15106);
#15106 = PRODUCT('Part 8','Part 8','',(#15107));
#15107 = PRODUCT_CONTEXT('',#2,'mechanical');
#15108 = PRODUCT_DEFINITION_CONTEXT('part definition',#2,'design');
#15109 = ADVANCED_BREP_SHAPE_REPRESENTATION('',(#11,#15110),#15588);
#15110 = MANIFOLD_SOLID_BREP('',#15111);
#15111 = CLOSED_SHELL('',(#15112,#15186,#15260,#15300,#15322,#15339,
    #15356,#15396,#15418,#15435,#15452,#15474,#15491,#15508,#15520,
    #15542,#15559,#15576));
#15112 = ADVANCED_FACE('',(#15113),#15181,.F.);
#15113 = FACE_BOUND('',#15114,.T.);
#15114 = EDGE_LOOP('',(#15115,#15125,#15133,#15141,#15150,#15158,#15166,
    #15174));
#15115 = ORIENTED_EDGE('',*,*,#15116,.T.);
#15116 = EDGE_CURVE('',#15117,#15119,#15121,.T.);
#15117 = VERTEX_POINT('',#15118);
#15118 = CARTESIAN_POINT('',(2.35,0.35,5.E-02));
#15119 = VERTEX_POINT('',#15120);
#15120 = CARTESIAN_POINT('',(2.35,0.35,2.9));
#15121 = LINE('',#15122,#15123);
#15122 = CARTESIAN_POINT('',(2.35,0.35,1.525));
#15123 = VECTOR('',#15124,1.);
#15124 = DIRECTION('',(0.,5.512892402469E-17,1.));
#15125 = ORIENTED_EDGE('',*,*,#15126,.T.);
#15126 = EDGE_CURVE('',#15119,#15127,#15129,.T.);
#15127 = VERTEX_POINT('',#15128);
#15128 = CARTESIAN_POINT('',(2.35,0.65,2.9));
#15129 = LINE('',#15130,#15131);
#15130 = CARTESIAN_POINT('',(2.35,0.65,2.9));
#15131 = VECTOR('',#15132,1.);
#15132 = DIRECTION('',(0.,1.,0.));
#15133 = ORIENTED_EDGE('',*,*,#15134,.T.);
#15134 = EDGE_CURVE('',#15127,#15135,#15137,.T.);
#15135 = VERTEX_POINT('',#15136);
#15136 = CARTESIAN_POINT('',(2.35,0.65,5.E-02));
#15137 = LINE('',#15138,#15139);
#15138 = CARTESIAN_POINT('',(2.35,0.65,1.525));
#15139 = VECTOR('',#15140,1.);
#15140 = DIRECTION('',(0.,-1.837630800823E-16,-1.));
#15141 = ORIENTED_EDGE('',*,*,#15142,.T.);
#15142 = EDGE_CURVE('',#15135,#15143,#15145,.T.);
#15143 = VERTEX_POINT('',#15144);
#15144 = CARTESIAN_POINT('',(2.35,0.8,-0.1));
#15145 = CIRCLE('',#15146,0.15);
#15146 = AXIS2_PLACEMENT_3D('',#15147,#15148,#15149);
#15147 = CARTESIAN_POINT('',(2.35,0.8,5.E-02));
#15148 = DIRECTION('',(1.,0.,0.));
#15149 = DIRECTION('',(0.,0.,-1.));
#15150 = ORIENTED_EDGE('',*,*,#15151,.T.);
#15151 = EDGE_CURVE('',#15143,#15152,#15154,.T.);
#15152 = VERTEX_POINT('',#15153);
#15153 = CARTESIAN_POINT('',(2.35,2.4,-0.1));
#15154 = LINE('',#15155,#15156);
#15155 = CARTESIAN_POINT('',(2.35,1.65,-0.1));
#15156 = VECTOR('',#15157,1.);
#15157 = DIRECTION('',(0.,1.,0.));
#15158 = ORIENTED_EDGE('',*,*,#15159,.T.);
#15159 = EDGE_CURVE('',#15152,#15160,#15162,.T.);
#15160 = VERTEX_POINT('',#15161);
#15161 = CARTESIAN_POINT('',(2.35,2.4,-0.4));
#15162 = LINE('',#15163,#15164);
#15163 = CARTESIAN_POINT('',(2.35,2.4,-0.4));
#15164 = VECTOR('',#15165,1.);
#15165 = DIRECTION('',(0.,0.,-1.));
#15166 = ORIENTED_EDGE('',*,*,#15167,.T.);
#15167 = EDGE_CURVE('',#15160,#15168,#15170,.T.);
#15168 = VERTEX_POINT('',#15169);
#15169 = CARTESIAN_POINT('',(2.35,0.8,-0.4));
#15170 = LINE('',#15171,#15172);
#15171 = CARTESIAN_POINT('',(2.35,1.65,-0.4));
#15172 = VECTOR('',#15173,1.);
#15173 = DIRECTION('',(0.,-1.,1.27553196763E-16));
#15174 = ORIENTED_EDGE('',*,*,#15175,.F.);
#15175 = EDGE_CURVE('',#15117,#15168,#15176,.T.);
#15176 = CIRCLE('',#15177,0.45);
#15177 = AXIS2_PLACEMENT_3D('',#15178,#15179,#15180);
#15178 = CARTESIAN_POINT('',(2.35,0.8,5.E-02));
#15179 = DIRECTION('',(1.,0.,0.));
#15180 = DIRECTION('',(0.,0.,-1.));
#15181 = PLANE('',#15182);
#15182 = AXIS2_PLACEMENT_3D('',#15183,#15184,#15185);
#15183 = CARTESIAN_POINT('',(2.35,0.5,1.));
#15184 = DIRECTION('',(1.,0.,0.));
#15185 = DIRECTION('',(0.,0.,-1.));
#15186 = ADVANCED_FACE('',(#15187),#15255,.F.);
#15187 = FACE_BOUND('',#15188,.T.);
#15188 = EDGE_LOOP('',(#15189,#15199,#15207,#15215,#15224,#15232,#15240,
    #15248));
#15189 = ORIENTED_EDGE('',*,*,#15190,.T.);
#15190 = EDGE_CURVE('',#15191,#15193,#15195,.T.);
#15191 = VERTEX_POINT('',#15192);
#15192 = CARTESIAN_POINT('',(2.65,0.65,5.E-02));
#15193 = VERTEX_POINT('',#15194);
#15194 = CARTESIAN_POINT('',(2.65,0.65,2.9));
#15195 = LINE('',#15196,#15197);
#15196 = CARTESIAN_POINT('',(2.65,0.65,1.525));
#15197 = VECTOR('',#15198,1.);
#15198 = DIRECTION('',(0.,1.837630800823E-16,1.));
#15199 = ORIENTED_EDGE('',*,*,#15200,.T.);
#15200 = EDGE_CURVE('',#15193,#15201,#15203,.T.);
#15201 = VERTEX_POINT('',#15202);
#15202 = CARTESIAN_POINT('',(2.65,0.35,2.9));
#15203 = LINE('',#15204,#15205);
#15204 = CARTESIAN_POINT('',(2.65,0.35,2.9));
#15205 = VECTOR('',#15206,1.);
#15206 = DIRECTION('',(0.,-1.,0.));
#15207 = ORIENTED_EDGE('',*,*,#15208,.T.);
#15208 = EDGE_CURVE('',#15201,#15209,#15211,.T.);
#15209 = VERTEX_POINT('',#15210);
#15210 = CARTESIAN_POINT('',(2.65,0.35,5.E-02));
#15211 = LINE('',#15212,#15213);
#15212 = CARTESIAN_POINT('',(2.65,0.35,1.525));
#15213 = VECTOR('',#15214,1.);
#15214 = DIRECTION('',(0.,-5.512892402469E-17,-1.));
#15215 = ORIENTED_EDGE('',*,*,#15216,.F.);
#15216 = EDGE_CURVE('',#15217,#15209,#15219,.T.);
#15217 = VERTEX_POINT('',#15218);
#15218 = CARTESIAN_POINT('',(2.65,0.8,-0.4));
#15219 = CIRCLE('',#15220,0.45);
#15220 = AXIS2_PLACEMENT_3D('',#15221,#15222,#15223);
#15221 = CARTESIAN_POINT('',(2.65,0.8,5.E-02));
#15222 = DIRECTION('',(-1.,0.,0.));
#15223 = DIRECTION('',(0.,0.,1.));
#15224 = ORIENTED_EDGE('',*,*,#15225,.T.);
#15225 = EDGE_CURVE('',#15217,#15226,#15228,.T.);
#15226 = VERTEX_POINT('',#15227);
#15227 = CARTESIAN_POINT('',(2.65,2.4,-0.4));
#15228 = LINE('',#15229,#15230);
#15229 = CARTESIAN_POINT('',(2.65,1.65,-0.4));
#15230 = VECTOR('',#15231,1.);
#15231 = DIRECTION('',(0.,1.,-1.27553196763E-16));
#15232 = ORIENTED_EDGE('',*,*,#15233,.T.);
#15233 = EDGE_CURVE('',#15226,#15234,#15236,.T.);
#15234 = VERTEX_POINT('',#15235);
#15235 = CARTESIAN_POINT('',(2.65,2.4,-0.1));
#15236 = LINE('',#15237,#15238);
#15237 = CARTESIAN_POINT('',(2.65,2.4,-0.1));
#15238 = VECTOR('',#15239,1.);
#15239 = DIRECTION('',(0.,0.,1.));
#15240 = ORIENTED_EDGE('',*,*,#15241,.T.);
#15241 = EDGE_CURVE('',#15234,#15242,#15244,.T.);
#15242 = VERTEX_POINT('',#15243);
#15243 = CARTESIAN_POINT('',(2.65,0.8,-0.1));
#15244 = LINE('',#15245,#15246);
#15245 = CARTESIAN_POINT('',(2.65,1.65,-0.1));
#15246 = VECTOR('',#15247,1.);
#15247 = DIRECTION('',(0.,-1.,0.));
#15248 = ORIENTED_EDGE('',*,*,#15249,.T.);
#15249 = EDGE_CURVE('',#15242,#15191,#15250,.T.);
#15250 = CIRCLE('',#15251,0.15);
#15251 = AXIS2_PLACEMENT_3D('',#15252,#15253,#15254);
#15252 = CARTESIAN_POINT('',(2.65,0.8,5.E-02));
#15253 = DIRECTION('',(-1.,0.,0.));
#15254 = DIRECTION('',(0.,0.,1.));
#15255 = PLANE('',#15256);
#15256 = AXIS2_PLACEMENT_3D('',#15257,#15258,#15259);
#15257 = CARTESIAN_POINT('',(2.65,1.425,1.3));
#15258 = DIRECTION('',(-1.,0.,0.));
#15259 = DIRECTION('',(0.,-1.,0.));
#15260 = ADVANCED_FACE('',(#15261),#15295,.T.);
#15261 = FACE_BOUND('',#15262,.T.);
#15262 = EDGE_LOOP('',(#15263,#15273,#15281,#15289));
#15263 = ORIENTED_EDGE('',*,*,#15264,.T.);
#15264 = EDGE_CURVE('',#15265,#15267,#15269,.T.);
#15265 = VERTEX_POINT('',#15266);
#15266 = CARTESIAN_POINT('',(2.55,0.55,3.));
#15267 = VERTEX_POINT('',#15268);
#15268 = CARTESIAN_POINT('',(2.45,0.55,3.));
#15269 = LINE('',#15270,#15271);
#15270 = CARTESIAN_POINT('',(2.348,0.55,3.));
#15271 = VECTOR('',#15272,1.);
#15272 = DIRECTION('',(-1.,0.,0.));
#15273 = ORIENTED_EDGE('',*,*,#15274,.T.);
#15274 = EDGE_CURVE('',#15267,#15275,#15277,.T.);
#15275 = VERTEX_POINT('',#15276);
#15276 = CARTESIAN_POINT('',(2.45,0.45,3.));
#15277 = LINE('',#15278,#15279);
#15278 = CARTESIAN_POINT('',(2.45,0.35,3.));
#15279 = VECTOR('',#15280,1.);
#15280 = DIRECTION('',(0.,-1.,0.));
#15281 = ORIENTED_EDGE('',*,*,#15282,.T.);
#15282 = EDGE_CURVE('',#15275,#15283,#15285,.T.);
#15283 = VERTEX_POINT('',#15284);
#15284 = CARTESIAN_POINT('',(2.55,0.45,3.));
#15285 = LINE('',#15286,#15287);
#15286 = CARTESIAN_POINT('',(2.348,0.45,3.));
#15287 = VECTOR('',#15288,1.);
#15288 = DIRECTION('',(1.,0.,0.));
#15289 = ORIENTED_EDGE('',*,*,#15290,.T.);
#15290 = EDGE_CURVE('',#15283,#15265,#15291,.T.);
#15291 = LINE('',#15292,#15293);
#15292 = CARTESIAN_POINT('',(2.55,0.65,3.));
#15293 = VECTOR('',#15294,1.);
#15294 = DIRECTION('',(0.,1.,0.));
#15295 = PLANE('',#15296);
#15296 = AXIS2_PLACEMENT_3D('',#15297,#15298,#15299);
#15297 = CARTESIAN_POINT('',(2.348,0.5,3.));
#15298 = DIRECTION('',(0.,0.,1.));
#15299 = DIRECTION('',(1.,0.,-0.));
#15300 = ADVANCED_FACE('',(#15301),#15317,.T.);
#15301 = FACE_BOUND('',#15302,.T.);
#15302 = EDGE_LOOP('',(#15303,#15304,#15310,#15311));
#15303 = ORIENTED_EDGE('',*,*,#15208,.F.);
#15304 = ORIENTED_EDGE('',*,*,#15305,.T.);
#15305 = EDGE_CURVE('',#15201,#15119,#15306,.T.);
#15306 = LINE('',#15307,#15308);
#15307 = CARTESIAN_POINT('',(2.348,0.35,2.9));
#15308 = VECTOR('',#15309,1.);
#15309 = DIRECTION('',(-1.,0.,0.));
#15310 = ORIENTED_EDGE('',*,*,#15116,.F.);
#15311 = ORIENTED_EDGE('',*,*,#15312,.T.);
#15312 = EDGE_CURVE('',#15117,#15209,#15313,.T.);
#15313 = LINE('',#15314,#15315);
#15314 = CARTESIAN_POINT('',(2.348,0.35,5.E-02));
#15315 = VECTOR('',#15316,1.);
#15316 = DIRECTION('',(1.,0.,0.));
#15317 = PLANE('',#15318);
#15318 = AXIS2_PLACEMENT_3D('',#15319,#15320,#15321);
#15319 = CARTESIAN_POINT('',(2.348,0.35,1.525));
#15320 = DIRECTION('',(0.,-1.,5.512892402469E-17));
#15321 = DIRECTION('',(0.,-5.512892402469E-17,-1.));
#15322 = ADVANCED_FACE('',(#15323),#15334,.T.);
#15323 = FACE_BOUND('',#15324,.T.);
#15324 = EDGE_LOOP('',(#15325,#15326,#15327,#15333));
#15325 = ORIENTED_EDGE('',*,*,#15312,.F.);
#15326 = ORIENTED_EDGE('',*,*,#15175,.T.);
#15327 = ORIENTED_EDGE('',*,*,#15328,.T.);
#15328 = EDGE_CURVE('',#15168,#15217,#15329,.T.);
#15329 = LINE('',#15330,#15331);
#15330 = CARTESIAN_POINT('',(2.348,0.8,-0.4));
#15331 = VECTOR('',#15332,1.);
#15332 = DIRECTION('',(1.,0.,0.));
#15333 = ORIENTED_EDGE('',*,*,#15216,.T.);
#15334 = CYLINDRICAL_SURFACE('',#15335,0.45);
#15335 = AXIS2_PLACEMENT_3D('',#15336,#15337,#15338);
#15336 = CARTESIAN_POINT('',(2.348,0.8,5.E-02));
#15337 = DIRECTION('',(1.,0.,0.));
#15338 = DIRECTION('',(0.,0.,-1.));
#15339 = ADVANCED_FACE('',(#15340),#15351,.T.);
#15340 = FACE_BOUND('',#15341,.T.);
#15341 = EDGE_LOOP('',(#15342,#15343,#15349,#15350));
#15342 = ORIENTED_EDGE('',*,*,#15167,.F.);
#15343 = ORIENTED_EDGE('',*,*,#15344,.T.);
#15344 = EDGE_CURVE('',#15160,#15226,#15345,.T.);
#15345 = LINE('',#15346,#15347);
#15346 = CARTESIAN_POINT('',(2.348,2.4,-0.4));
#15347 = VECTOR('',#15348,1.);
#15348 = DIRECTION('',(1.,0.,0.));
#15349 = ORIENTED_EDGE('',*,*,#15225,.F.);
#15350 = ORIENTED_EDGE('',*,*,#15328,.F.);
#15351 = PLANE('',#15352);
#15352 = AXIS2_PLACEMENT_3D('',#15353,#15354,#15355);
#15353 = CARTESIAN_POINT('',(2.348,1.65,-0.4));
#15354 = DIRECTION('',(0.,-1.27553196763E-16,-1.));
#15355 = DIRECTION('',(0.,1.,-1.27553196763E-16));
#15356 = ADVANCED_FACE('',(#15357),#15391,.T.);
#15357 = FACE_BOUND('',#15358,.T.);
#15358 = EDGE_LOOP('',(#15359,#15369,#15377,#15385));
#15359 = ORIENTED_EDGE('',*,*,#15360,.T.);
#15360 = EDGE_CURVE('',#15361,#15363,#15365,.T.);
#15361 = VERTEX_POINT('',#15362);
#15362 = CARTESIAN_POINT('',(2.55,2.5,-0.3));
#15363 = VERTEX_POINT('',#15364);
#15364 = CARTESIAN_POINT('',(2.45,2.5,-0.3));
#15365 = LINE('',#15366,#15367);
#15366 = CARTESIAN_POINT('',(2.348,2.5,-0.3));
#15367 = VECTOR('',#15368,1.);
#15368 = DIRECTION('',(-1.,0.,0.));
#15369 = ORIENTED_EDGE('',*,*,#15370,.T.);
#15370 = EDGE_CURVE('',#15363,#15371,#15373,.T.);
#15371 = VERTEX_POINT('',#15372);
#15372 = CARTESIAN_POINT('',(2.45,2.5,-0.2));
#15373 = LINE('',#15374,#15375);
#15374 = CARTESIAN_POINT('',(2.45,2.5,-0.1));
#15375 = VECTOR('',#15376,1.);
#15376 = DIRECTION('',(0.,0.,1.));
#15377 = ORIENTED_EDGE('',*,*,#15378,.T.);
#15378 = EDGE_CURVE('',#15371,#15379,#15381,.T.);
#15379 = VERTEX_POINT('',#15380);
#15380 = CARTESIAN_POINT('',(2.55,2.5,-0.2));
#15381 = LINE('',#15382,#15383);
#15382 = CARTESIAN_POINT('',(2.348,2.5,-0.2));
#15383 = VECTOR('',#15384,1.);
#15384 = DIRECTION('',(1.,0.,0.));
#15385 = ORIENTED_EDGE('',*,*,#15386,.T.);
#15386 = EDGE_CURVE('',#15379,#15361,#15387,.T.);
#15387 = LINE('',#15388,#15389);
#15388 = CARTESIAN_POINT('',(2.55,2.5,-0.4));
#15389 = VECTOR('',#15390,1.);
#15390 = DIRECTION('',(0.,0.,-1.));
#15391 = PLANE('',#15392);
#15392 = AXIS2_PLACEMENT_3D('',#15393,#15394,#15395);
#15393 = CARTESIAN_POINT('',(2.348,2.5,-0.25));
#15394 = DIRECTION('',(0.,1.,0.));
#15395 = DIRECTION('',(0.,-0.,1.));
#15396 = ADVANCED_FACE('',(#15397),#15413,.T.);
#15397 = FACE_BOUND('',#15398,.T.);
#15398 = EDGE_LOOP('',(#15399,#15400,#15406,#15407));
#15399 = ORIENTED_EDGE('',*,*,#15241,.F.);
#15400 = ORIENTED_EDGE('',*,*,#15401,.T.);
#15401 = EDGE_CURVE('',#15234,#15152,#15402,.T.);
#15402 = LINE('',#15403,#15404);
#15403 = CARTESIAN_POINT('',(2.348,2.4,-0.1));
#15404 = VECTOR('',#15405,1.);
#15405 = DIRECTION('',(-1.,0.,0.));
#15406 = ORIENTED_EDGE('',*,*,#15151,.F.);
#15407 = ORIENTED_EDGE('',*,*,#15408,.T.);
#15408 = EDGE_CURVE('',#15143,#15242,#15409,.T.);
#15409 = LINE('',#15410,#15411);
#15410 = CARTESIAN_POINT('',(2.348,0.8,-0.1));
#15411 = VECTOR('',#15412,1.);
#15412 = DIRECTION('',(1.,0.,0.));
#15413 = PLANE('',#15414);
#15414 = AXIS2_PLACEMENT_3D('',#15415,#15416,#15417);
#15415 = CARTESIAN_POINT('',(2.348,1.65,-0.1));
#15416 = DIRECTION('',(0.,0.,1.));
#15417 = DIRECTION('',(1.,0.,-0.));
#15418 = ADVANCED_FACE('',(#15419),#15430,.F.);
#15419 = FACE_BOUND('',#15420,.F.);
#15420 = EDGE_LOOP('',(#15421,#15422,#15423,#15429));
#15421 = ORIENTED_EDGE('',*,*,#15408,.T.);
#15422 = ORIENTED_EDGE('',*,*,#15249,.T.);
#15423 = ORIENTED_EDGE('',*,*,#15424,.F.);
#15424 = EDGE_CURVE('',#15135,#15191,#15425,.T.);
#15425 = LINE('',#15426,#15427);
#15426 = CARTESIAN_POINT('',(2.348,0.65,5.E-02));
#15427 = VECTOR('',#15428,1.);
#15428 = DIRECTION('',(1.,0.,0.));
#15429 = ORIENTED_EDGE('',*,*,#15142,.T.);
#15430 = CYLINDRICAL_SURFACE('',#15431,0.15);
#15431 = AXIS2_PLACEMENT_3D('',#15432,#15433,#15434);
#15432 = CARTESIAN_POINT('',(2.348,0.8,5.E-02));
#15433 = DIRECTION('',(1.,0.,0.));
#15434 = DIRECTION('',(0.,0.,-1.));
#15435 = ADVANCED_FACE('',(#15436),#15447,.T.);
#15436 = FACE_BOUND('',#15437,.T.);
#15437 = EDGE_LOOP('',(#15438,#15439,#15445,#15446));
#15438 = ORIENTED_EDGE('',*,*,#15134,.F.);
#15439 = ORIENTED_EDGE('',*,*,#15440,.T.);
#15440 = EDGE_CURVE('',#15127,#15193,#15441,.T.);
#15441 = LINE('',#15442,#15443);
#15442 = CARTESIAN_POINT('',(2.348,0.65,2.9));
#15443 = VECTOR('',#15444,1.);
#15444 = DIRECTION('',(1.,0.,0.));
#15445 = ORIENTED_EDGE('',*,*,#15190,.F.);
#15446 = ORIENTED_EDGE('',*,*,#15424,.F.);
#15447 = PLANE('',#15448);
#15448 = AXIS2_PLACEMENT_3D('',#15449,#15450,#15451);
#15449 = CARTESIAN_POINT('',(2.348,0.65,1.525));
#15450 = DIRECTION('',(0.,1.,-1.837630800823E-16));
#15451 = DIRECTION('',(0.,1.837630800823E-16,1.));
#15452 = ADVANCED_FACE('',(#15453),#15469,.T.);
#15453 = FACE_BOUND('',#15454,.T.);
#15454 = EDGE_LOOP('',(#15455,#15461,#15462,#15468));
#15455 = ORIENTED_EDGE('',*,*,#15456,.T.);
#15456 = EDGE_CURVE('',#15193,#15265,#15457,.T.);
#15457 = LINE('',#15458,#15459);
#15458 = CARTESIAN_POINT('',(2.549333333333,0.549333333333,
    3.000666666667));
#15459 = VECTOR('',#15460,1.);
#15460 = DIRECTION('',(-0.57735026919,-0.57735026919,0.57735026919));
#15461 = ORIENTED_EDGE('',*,*,#15290,.F.);
#15462 = ORIENTED_EDGE('',*,*,#15463,.F.);
#15463 = EDGE_CURVE('',#15201,#15283,#15464,.T.);
#15464 = LINE('',#15465,#15466);
#15465 = CARTESIAN_POINT('',(2.291666666667,0.708333333333,
    3.258333333333));
#15466 = VECTOR('',#15467,1.);
#15467 = DIRECTION('',(-0.57735026919,0.57735026919,0.57735026919));
#15468 = ORIENTED_EDGE('',*,*,#15200,.F.);
#15469 = PLANE('',#15470);
#15470 = AXIS2_PLACEMENT_3D('',#15471,#15472,#15473);
#15471 = CARTESIAN_POINT('',(2.65,1.425,2.9));
#15472 = DIRECTION('',(0.707106781187,0.,0.707106781187));
#15473 = DIRECTION('',(-0.,1.,0.));
#15474 = ADVANCED_FACE('',(#15475),#15486,.F.);
#15475 = FACE_BOUND('',#15476,.T.);
#15476 = EDGE_LOOP('',(#15477,#15478,#15479,#15485));
#15477 = ORIENTED_EDGE('',*,*,#15463,.T.);
#15478 = ORIENTED_EDGE('',*,*,#15282,.F.);
#15479 = ORIENTED_EDGE('',*,*,#15480,.F.);
#15480 = EDGE_CURVE('',#15119,#15275,#15481,.T.);
#15481 = LINE('',#15482,#15483);
#15482 = CARTESIAN_POINT('',(2.416,0.416,2.966));
#15483 = VECTOR('',#15484,1.);
#15484 = DIRECTION('',(0.57735026919,0.57735026919,0.57735026919));
#15485 = ORIENTED_EDGE('',*,*,#15305,.F.);
#15486 = PLANE('',#15487);
#15487 = AXIS2_PLACEMENT_3D('',#15488,#15489,#15490);
#15488 = CARTESIAN_POINT('',(2.348,0.45,3.));
#15489 = DIRECTION('',(0.,0.707106781187,-0.707106781187));
#15490 = DIRECTION('',(1.,0.,0.));
#15491 = ADVANCED_FACE('',(#15492),#15503,.F.);
#15492 = FACE_BOUND('',#15493,.T.);
#15493 = EDGE_LOOP('',(#15494,#15495,#15496,#15502));
#15494 = ORIENTED_EDGE('',*,*,#15456,.F.);
#15495 = ORIENTED_EDGE('',*,*,#15440,.F.);
#15496 = ORIENTED_EDGE('',*,*,#15497,.F.);
#15497 = EDGE_CURVE('',#15267,#15127,#15498,.T.);
#15498 = LINE('',#15499,#15500);
#15499 = CARTESIAN_POINT('',(2.349333333333,0.650666666667,
    2.899333333333));
#15500 = VECTOR('',#15501,1.);
#15501 = DIRECTION('',(-0.57735026919,0.57735026919,-0.57735026919));
#15502 = ORIENTED_EDGE('',*,*,#15264,.F.);
#15503 = PLANE('',#15504);
#15504 = AXIS2_PLACEMENT_3D('',#15505,#15506,#15507);
#15505 = CARTESIAN_POINT('',(2.348,0.65,2.9));
#15506 = DIRECTION('',(0.,-0.707106781187,-0.707106781187));
#15507 = DIRECTION('',(1.,0.,0.));
#15508 = ADVANCED_FACE('',(#15509),#15515,.T.);
#15509 = FACE_BOUND('',#15510,.T.);
#15510 = EDGE_LOOP('',(#15511,#15512,#15513,#15514));
#15511 = ORIENTED_EDGE('',*,*,#15480,.T.);
#15512 = ORIENTED_EDGE('',*,*,#15274,.F.);
#15513 = ORIENTED_EDGE('',*,*,#15497,.T.);
#15514 = ORIENTED_EDGE('',*,*,#15126,.F.);
#15515 = PLANE('',#15516);
#15516 = AXIS2_PLACEMENT_3D('',#15517,#15518,#15519);
#15517 = CARTESIAN_POINT('',(2.35,0.5,2.9));
#15518 = DIRECTION('',(-0.707106781187,0.,0.707106781187));
#15519 = DIRECTION('',(0.,-1.,0.));
#15520 = ADVANCED_FACE('',(#15521),#15537,.T.);
#15521 = FACE_BOUND('',#15522,.T.);
#15522 = EDGE_LOOP('',(#15523,#15529,#15530,#15536));
#15523 = ORIENTED_EDGE('',*,*,#15524,.F.);
#15524 = EDGE_CURVE('',#15361,#15226,#15525,.T.);
#15525 = LINE('',#15526,#15527);
#15526 = CARTESIAN_POINT('',(2.083333333333,2.966666666667,
    0.166666666667));
#15527 = VECTOR('',#15528,1.);
#15528 = DIRECTION('',(0.57735026919,-0.57735026919,-0.57735026919));
#15529 = ORIENTED_EDGE('',*,*,#15386,.F.);
#15530 = ORIENTED_EDGE('',*,*,#15531,.T.);
#15531 = EDGE_CURVE('',#15379,#15234,#15532,.T.);
#15532 = LINE('',#15533,#15534);
#15533 = CARTESIAN_POINT('',(2.482666666667,2.567333333333,
    -0.267333333333));
#15534 = VECTOR('',#15535,1.);
#15535 = DIRECTION('',(0.57735026919,-0.57735026919,0.57735026919));
#15536 = ORIENTED_EDGE('',*,*,#15233,.F.);
#15537 = PLANE('',#15538);
#15538 = AXIS2_PLACEMENT_3D('',#15539,#15540,#15541);
#15539 = CARTESIAN_POINT('',(2.65,2.4,1.3));
#15540 = DIRECTION('',(0.707106781187,0.707106781187,0.));
#15541 = DIRECTION('',(0.,0.,-1.));
#15542 = ADVANCED_FACE('',(#15543),#15554,.F.);
#15543 = FACE_BOUND('',#15544,.T.);
#15544 = EDGE_LOOP('',(#15545,#15546,#15547,#15553));
#15545 = ORIENTED_EDGE('',*,*,#15531,.F.);
#15546 = ORIENTED_EDGE('',*,*,#15378,.F.);
#15547 = ORIENTED_EDGE('',*,*,#15548,.F.);
#15548 = EDGE_CURVE('',#15152,#15371,#15549,.T.);
#15549 = LINE('',#15550,#15551);
#15550 = CARTESIAN_POINT('',(2.416,2.466,-0.166));
#15551 = VECTOR('',#15552,1.);
#15552 = DIRECTION('',(0.57735026919,0.57735026919,-0.57735026919));
#15553 = ORIENTED_EDGE('',*,*,#15401,.F.);
#15554 = PLANE('',#15555);
#15555 = AXIS2_PLACEMENT_3D('',#15556,#15557,#15558);
#15556 = CARTESIAN_POINT('',(2.348,2.5,-0.2));
#15557 = DIRECTION('',(0.,-0.707106781187,-0.707106781187));
#15558 = DIRECTION('',(1.,0.,0.));
#15559 = ADVANCED_FACE('',(#15560),#15571,.F.);
#15560 = FACE_BOUND('',#15561,.T.);
#15561 = EDGE_LOOP('',(#15562,#15563,#15564,#15570));
#15562 = ORIENTED_EDGE('',*,*,#15524,.T.);
#15563 = ORIENTED_EDGE('',*,*,#15344,.F.);
#15564 = ORIENTED_EDGE('',*,*,#15565,.F.);
#15565 = EDGE_CURVE('',#15363,#15160,#15566,.T.);
#15566 = LINE('',#15567,#15568);
#15567 = CARTESIAN_POINT('',(2.349333333333,2.399333333333,
    -0.400666666667));
#15568 = VECTOR('',#15569,1.);
#15569 = DIRECTION('',(-0.57735026919,-0.57735026919,-0.57735026919));
#15570 = ORIENTED_EDGE('',*,*,#15360,.F.);
#15571 = PLANE('',#15572);
#15572 = AXIS2_PLACEMENT_3D('',#15573,#15574,#15575);
#15573 = CARTESIAN_POINT('',(2.348,2.4,-0.4));
#15574 = DIRECTION('',(0.,-0.707106781187,0.707106781187));
#15575 = DIRECTION('',(1.,0.,0.));
#15576 = ADVANCED_FACE('',(#15577),#15583,.T.);
#15577 = FACE_BOUND('',#15578,.T.);
#15578 = EDGE_LOOP('',(#15579,#15580,#15581,#15582));
#15579 = ORIENTED_EDGE('',*,*,#15548,.T.);
#15580 = ORIENTED_EDGE('',*,*,#15370,.F.);
#15581 = ORIENTED_EDGE('',*,*,#15565,.T.);
#15582 = ORIENTED_EDGE('',*,*,#15159,.F.);
#15583 = PLANE('',#15584);
#15584 = AXIS2_PLACEMENT_3D('',#15585,#15586,#15587);
#15585 = CARTESIAN_POINT('',(2.35,2.4,1.));
#15586 = DIRECTION('',(-0.707106781187,0.707106781187,0.));
#15587 = DIRECTION('',(0.,0.,1.));
#15588 = ( GEOMETRIC_REPRESENTATION_CONTEXT(3) 
GLOBAL_UNCERTAINTY_ASSIGNED_CONTEXT((#15592)) 
GLOBAL_UNIT_ASSIGNED_CONTEXT((#15589,#15590,#15591)) 
REPRESENTATION_CONTEXT('Context #1',
  '3D Context with UNIT and UNCERTAINTY') );
#15589 = ( LENGTH_UNIT() NAMED_UNIT(*) SI_UNIT(.MILLI.,.METRE.) );
#15590 = ( NAMED_UNIT(*) PLANE_ANGLE_UNIT() SI_UNIT($,.RADIAN.) );
#15591 = ( NAMED_UNIT(*) SI_UNIT($,.STERADIAN.) SOLID_ANGLE_UNIT() );
#15592 = UNCERTAINTY_MEASURE_WITH_UNIT(LENGTH_MEASURE(1.E-07),#15589,
  'distance_accuracy_value','confusion accuracy');
#15593 = CONTEXT_DEPENDENT_SHAPE_REPRESENTATION(#15594,#15596);
#15594 = ( REPRESENTATION_RELATIONSHIP('','',#15109,#817) 
REPRESENTATION_RELATIONSHIP_WITH_TRANSFORMATION(#15595) 
SHAPE_REPRESENTATION_RELATIONSHIP() );
#15595 = ITEM_DEFINED_TRANSFORMATION('','',#11,#886);
#15596 = PRODUCT_DEFINITION_SHAPE('Placement','Placement of an item',
  #15597);
#15597 = NEXT_ASSEMBLY_USAGE_OCCURRENCE('96','=>[0:1:1:21]','',#812,
  #15104,$);
#15598 = PRODUCT_RELATED_PRODUCT_CATEGORY('part',$,(#15106));
#15599 = SHAPE_DEFINITION_REPRESENTATION(#15600,#15606);
#15600 = PRODUCT_DEFINITION_SHAPE('','',#15601);
#15601 = PRODUCT_DEFINITION('design','',#15602,#15605);
#15602 = PRODUCT_DEFINITION_FORMATION('','',#15603);
#15603 = PRODUCT('Part 26','Part 26','',(#15604));
#15604 = PRODUCT_CONTEXT('',#2,'mechanical');
#15605 = PRODUCT_DEFINITION_CONTEXT('part definition',#2,'design');
#15606 = ADVANCED_BREP_SHAPE_REPRESENTATION('',(#11,#15607),#16085);
#15607 = MANIFOLD_SOLID_BREP('',#15608);
#15608 = CLOSED_SHELL('',(#15609,#15683,#15757,#15797,#15819,#15836,
    #15853,#15893,#15915,#15932,#15949,#15971,#15988,#16005,#16017,
    #16039,#16056,#16073));
#15609 = ADVANCED_FACE('',(#15610),#15678,.F.);
#15610 = FACE_BOUND('',#15611,.T.);
#15611 = EDGE_LOOP('',(#15612,#15622,#15630,#15638,#15647,#15655,#15663,
    #15671));
#15612 = ORIENTED_EDGE('',*,*,#15613,.T.);
#15613 = EDGE_CURVE('',#15614,#15616,#15618,.T.);
#15614 = VERTEX_POINT('',#15615);
#15615 = CARTESIAN_POINT('',(11.35,0.35,5.E-02));
#15616 = VERTEX_POINT('',#15617);
#15617 = CARTESIAN_POINT('',(11.35,0.35,2.9));
#15618 = LINE('',#15619,#15620);
#15619 = CARTESIAN_POINT('',(11.35,0.35,1.525));
#15620 = VECTOR('',#15621,1.);
#15621 = DIRECTION('',(0.,5.512892402469E-17,1.));
#15622 = ORIENTED_EDGE('',*,*,#15623,.T.);
#15623 = EDGE_CURVE('',#15616,#15624,#15626,.T.);
#15624 = VERTEX_POINT('',#15625);
#15625 = CARTESIAN_POINT('',(11.35,0.65,2.9));
#15626 = LINE('',#15627,#15628);
#15627 = CARTESIAN_POINT('',(11.35,0.65,2.9));
#15628 = VECTOR('',#15629,1.);
#15629 = DIRECTION('',(0.,1.,0.));
#15630 = ORIENTED_EDGE('',*,*,#15631,.T.);
#15631 = EDGE_CURVE('',#15624,#15632,#15634,.T.);
#15632 = VERTEX_POINT('',#15633);
#15633 = CARTESIAN_POINT('',(11.35,0.65,5.E-02));
#15634 = LINE('',#15635,#15636);
#15635 = CARTESIAN_POINT('',(11.35,0.65,1.525));
#15636 = VECTOR('',#15637,1.);
#15637 = DIRECTION('',(0.,-1.837630800823E-16,-1.));
#15638 = ORIENTED_EDGE('',*,*,#15639,.T.);
#15639 = EDGE_CURVE('',#15632,#15640,#15642,.T.);
#15640 = VERTEX_POINT('',#15641);
#15641 = CARTESIAN_POINT('',(11.35,0.8,-0.1));
#15642 = CIRCLE('',#15643,0.15);
#15643 = AXIS2_PLACEMENT_3D('',#15644,#15645,#15646);
#15644 = CARTESIAN_POINT('',(11.35,0.8,5.E-02));
#15645 = DIRECTION('',(1.,0.,0.));
#15646 = DIRECTION('',(0.,0.,-1.));
#15647 = ORIENTED_EDGE('',*,*,#15648,.T.);
#15648 = EDGE_CURVE('',#15640,#15649,#15651,.T.);
#15649 = VERTEX_POINT('',#15650);
#15650 = CARTESIAN_POINT('',(11.35,2.4,-0.1));
#15651 = LINE('',#15652,#15653);
#15652 = CARTESIAN_POINT('',(11.35,1.65,-0.1));
#15653 = VECTOR('',#15654,1.);
#15654 = DIRECTION('',(0.,1.,0.));
#15655 = ORIENTED_EDGE('',*,*,#15656,.T.);
#15656 = EDGE_CURVE('',#15649,#15657,#15659,.T.);
#15657 = VERTEX_POINT('',#15658);
#15658 = CARTESIAN_POINT('',(11.35,2.4,-0.4));
#15659 = LINE('',#15660,#15661);
#15660 = CARTESIAN_POINT('',(11.35,2.4,-0.4));
#15661 = VECTOR('',#15662,1.);
#15662 = DIRECTION('',(0.,0.,-1.));
#15663 = ORIENTED_EDGE('',*,*,#15664,.T.);
#15664 = EDGE_CURVE('',#15657,#15665,#15667,.T.);
#15665 = VERTEX_POINT('',#15666);
#15666 = CARTESIAN_POINT('',(11.35,0.8,-0.4));
#15667 = LINE('',#15668,#15669);
#15668 = CARTESIAN_POINT('',(11.35,1.65,-0.4));
#15669 = VECTOR('',#15670,1.);
#15670 = DIRECTION('',(0.,-1.,1.27553196763E-16));
#15671 = ORIENTED_EDGE('',*,*,#15672,.F.);
#15672 = EDGE_CURVE('',#15614,#15665,#15673,.T.);
#15673 = CIRCLE('',#15674,0.45);
#15674 = AXIS2_PLACEMENT_3D('',#15675,#15676,#15677);
#15675 = CARTESIAN_POINT('',(11.35,0.8,5.E-02));
#15676 = DIRECTION('',(1.,0.,0.));
#15677 = DIRECTION('',(0.,0.,-1.));
#15678 = PLANE('',#15679);
#15679 = AXIS2_PLACEMENT_3D('',#15680,#15681,#15682);
#15680 = CARTESIAN_POINT('',(11.35,0.5,1.));
#15681 = DIRECTION('',(1.,0.,0.));
#15682 = DIRECTION('',(0.,0.,-1.));
#15683 = ADVANCED_FACE('',(#15684),#15752,.F.);
#15684 = FACE_BOUND('',#15685,.T.);
#15685 = EDGE_LOOP('',(#15686,#15696,#15704,#15712,#15721,#15729,#15737,
    #15745));
#15686 = ORIENTED_EDGE('',*,*,#15687,.T.);
#15687 = EDGE_CURVE('',#15688,#15690,#15692,.T.);
#15688 = VERTEX_POINT('',#15689);
#15689 = CARTESIAN_POINT('',(11.65,0.65,5.E-02));
#15690 = VERTEX_POINT('',#15691);
#15691 = CARTESIAN_POINT('',(11.65,0.65,2.9));
#15692 = LINE('',#15693,#15694);
#15693 = CARTESIAN_POINT('',(11.65,0.65,1.525));
#15694 = VECTOR('',#15695,1.);
#15695 = DIRECTION('',(0.,1.837630800823E-16,1.));
#15696 = ORIENTED_EDGE('',*,*,#15697,.T.);
#15697 = EDGE_CURVE('',#15690,#15698,#15700,.T.);
#15698 = VERTEX_POINT('',#15699);
#15699 = CARTESIAN_POINT('',(11.65,0.35,2.9));
#15700 = LINE('',#15701,#15702);
#15701 = CARTESIAN_POINT('',(11.65,0.35,2.9));
#15702 = VECTOR('',#15703,1.);
#15703 = DIRECTION('',(0.,-1.,0.));
#15704 = ORIENTED_EDGE('',*,*,#15705,.T.);
#15705 = EDGE_CURVE('',#15698,#15706,#15708,.T.);
#15706 = VERTEX_POINT('',#15707);
#15707 = CARTESIAN_POINT('',(11.65,0.35,5.E-02));
#15708 = LINE('',#15709,#15710);
#15709 = CARTESIAN_POINT('',(11.65,0.35,1.525));
#15710 = VECTOR('',#15711,1.);
#15711 = DIRECTION('',(0.,-5.512892402469E-17,-1.));
#15712 = ORIENTED_EDGE('',*,*,#15713,.F.);
#15713 = EDGE_CURVE('',#15714,#15706,#15716,.T.);
#15714 = VERTEX_POINT('',#15715);
#15715 = CARTESIAN_POINT('',(11.65,0.8,-0.4));
#15716 = CIRCLE('',#15717,0.45);
#15717 = AXIS2_PLACEMENT_3D('',#15718,#15719,#15720);
#15718 = CARTESIAN_POINT('',(11.65,0.8,5.E-02));
#15719 = DIRECTION('',(-1.,0.,0.));
#15720 = DIRECTION('',(0.,0.,1.));
#15721 = ORIENTED_EDGE('',*,*,#15722,.T.);
#15722 = EDGE_CURVE('',#15714,#15723,#15725,.T.);
#15723 = VERTEX_POINT('',#15724);
#15724 = CARTESIAN_POINT('',(11.65,2.4,-0.4));
#15725 = LINE('',#15726,#15727);
#15726 = CARTESIAN_POINT('',(11.65,1.65,-0.4));
#15727 = VECTOR('',#15728,1.);
#15728 = DIRECTION('',(0.,1.,-1.27553196763E-16));
#15729 = ORIENTED_EDGE('',*,*,#15730,.T.);
#15730 = EDGE_CURVE('',#15723,#15731,#15733,.T.);
#15731 = VERTEX_POINT('',#15732);
#15732 = CARTESIAN_POINT('',(11.65,2.4,-0.1));
#15733 = LINE('',#15734,#15735);
#15734 = CARTESIAN_POINT('',(11.65,2.4,-0.1));
#15735 = VECTOR('',#15736,1.);
#15736 = DIRECTION('',(0.,0.,1.));
#15737 = ORIENTED_EDGE('',*,*,#15738,.T.);
#15738 = EDGE_CURVE('',#15731,#15739,#15741,.T.);
#15739 = VERTEX_POINT('',#15740);
#15740 = CARTESIAN_POINT('',(11.65,0.8,-0.1));
#15741 = LINE('',#15742,#15743);
#15742 = CARTESIAN_POINT('',(11.65,1.65,-0.1));
#15743 = VECTOR('',#15744,1.);
#15744 = DIRECTION('',(0.,-1.,0.));
#15745 = ORIENTED_EDGE('',*,*,#15746,.T.);
#15746 = EDGE_CURVE('',#15739,#15688,#15747,.T.);
#15747 = CIRCLE('',#15748,0.15);
#15748 = AXIS2_PLACEMENT_3D('',#15749,#15750,#15751);
#15749 = CARTESIAN_POINT('',(11.65,0.8,5.E-02));
#15750 = DIRECTION('',(-1.,0.,0.));
#15751 = DIRECTION('',(0.,0.,1.));
#15752 = PLANE('',#15753);
#15753 = AXIS2_PLACEMENT_3D('',#15754,#15755,#15756);
#15754 = CARTESIAN_POINT('',(11.65,1.425,1.3));
#15755 = DIRECTION('',(-1.,0.,0.));
#15756 = DIRECTION('',(0.,-1.,0.));
#15757 = ADVANCED_FACE('',(#15758),#15792,.T.);
#15758 = FACE_BOUND('',#15759,.T.);
#15759 = EDGE_LOOP('',(#15760,#15770,#15778,#15786));
#15760 = ORIENTED_EDGE('',*,*,#15761,.T.);
#15761 = EDGE_CURVE('',#15762,#15764,#15766,.T.);
#15762 = VERTEX_POINT('',#15763);
#15763 = CARTESIAN_POINT('',(11.55,0.55,3.));
#15764 = VERTEX_POINT('',#15765);
#15765 = CARTESIAN_POINT('',(11.45,0.55,3.));
#15766 = LINE('',#15767,#15768);
#15767 = CARTESIAN_POINT('',(11.348,0.55,3.));
#15768 = VECTOR('',#15769,1.);
#15769 = DIRECTION('',(-1.,0.,0.));
#15770 = ORIENTED_EDGE('',*,*,#15771,.T.);
#15771 = EDGE_CURVE('',#15764,#15772,#15774,.T.);
#15772 = VERTEX_POINT('',#15773);
#15773 = CARTESIAN_POINT('',(11.45,0.45,3.));
#15774 = LINE('',#15775,#15776);
#15775 = CARTESIAN_POINT('',(11.45,0.35,3.));
#15776 = VECTOR('',#15777,1.);
#15777 = DIRECTION('',(0.,-1.,0.));
#15778 = ORIENTED_EDGE('',*,*,#15779,.T.);
#15779 = EDGE_CURVE('',#15772,#15780,#15782,.T.);
#15780 = VERTEX_POINT('',#15781);
#15781 = CARTESIAN_POINT('',(11.55,0.45,3.));
#15782 = LINE('',#15783,#15784);
#15783 = CARTESIAN_POINT('',(11.348,0.45,3.));
#15784 = VECTOR('',#15785,1.);
#15785 = DIRECTION('',(1.,0.,0.));
#15786 = ORIENTED_EDGE('',*,*,#15787,.T.);
#15787 = EDGE_CURVE('',#15780,#15762,#15788,.T.);
#15788 = LINE('',#15789,#15790);
#15789 = CARTESIAN_POINT('',(11.55,0.65,3.));
#15790 = VECTOR('',#15791,1.);
#15791 = DIRECTION('',(0.,1.,0.));
#15792 = PLANE('',#15793);
#15793 = AXIS2_PLACEMENT_3D('',#15794,#15795,#15796);
#15794 = CARTESIAN_POINT('',(11.348,0.5,3.));
#15795 = DIRECTION('',(0.,0.,1.));
#15796 = DIRECTION('',(1.,0.,-0.));
#15797 = ADVANCED_FACE('',(#15798),#15814,.T.);
#15798 = FACE_BOUND('',#15799,.T.);
#15799 = EDGE_LOOP('',(#15800,#15801,#15807,#15808));
#15800 = ORIENTED_EDGE('',*,*,#15705,.F.);
#15801 = ORIENTED_EDGE('',*,*,#15802,.T.);
#15802 = EDGE_CURVE('',#15698,#15616,#15803,.T.);
#15803 = LINE('',#15804,#15805);
#15804 = CARTESIAN_POINT('',(11.348,0.35,2.9));
#15805 = VECTOR('',#15806,1.);
#15806 = DIRECTION('',(-1.,0.,0.));
#15807 = ORIENTED_EDGE('',*,*,#15613,.F.);
#15808 = ORIENTED_EDGE('',*,*,#15809,.T.);
#15809 = EDGE_CURVE('',#15614,#15706,#15810,.T.);
#15810 = LINE('',#15811,#15812);
#15811 = CARTESIAN_POINT('',(11.348,0.35,5.E-02));
#15812 = VECTOR('',#15813,1.);
#15813 = DIRECTION('',(1.,0.,0.));
#15814 = PLANE('',#15815);
#15815 = AXIS2_PLACEMENT_3D('',#15816,#15817,#15818);
#15816 = CARTESIAN_POINT('',(11.348,0.35,1.525));
#15817 = DIRECTION('',(0.,-1.,5.512892402469E-17));
#15818 = DIRECTION('',(0.,-5.512892402469E-17,-1.));
#15819 = ADVANCED_FACE('',(#15820),#15831,.T.);
#15820 = FACE_BOUND('',#15821,.T.);
#15821 = EDGE_LOOP('',(#15822,#15823,#15824,#15830));
#15822 = ORIENTED_EDGE('',*,*,#15809,.F.);
#15823 = ORIENTED_EDGE('',*,*,#15672,.T.);
#15824 = ORIENTED_EDGE('',*,*,#15825,.T.);
#15825 = EDGE_CURVE('',#15665,#15714,#15826,.T.);
#15826 = LINE('',#15827,#15828);
#15827 = CARTESIAN_POINT('',(11.348,0.8,-0.4));
#15828 = VECTOR('',#15829,1.);
#15829 = DIRECTION('',(1.,0.,0.));
#15830 = ORIENTED_EDGE('',*,*,#15713,.T.);
#15831 = CYLINDRICAL_SURFACE('',#15832,0.45);
#15832 = AXIS2_PLACEMENT_3D('',#15833,#15834,#15835);
#15833 = CARTESIAN_POINT('',(11.348,0.8,5.E-02));
#15834 = DIRECTION('',(1.,0.,0.));
#15835 = DIRECTION('',(0.,0.,-1.));
#15836 = ADVANCED_FACE('',(#15837),#15848,.T.);
#15837 = FACE_BOUND('',#15838,.T.);
#15838 = EDGE_LOOP('',(#15839,#15840,#15846,#15847));
#15839 = ORIENTED_EDGE('',*,*,#15664,.F.);
#15840 = ORIENTED_EDGE('',*,*,#15841,.T.);
#15841 = EDGE_CURVE('',#15657,#15723,#15842,.T.);
#15842 = LINE('',#15843,#15844);
#15843 = CARTESIAN_POINT('',(11.348,2.4,-0.4));
#15844 = VECTOR('',#15845,1.);
#15845 = DIRECTION('',(1.,0.,0.));
#15846 = ORIENTED_EDGE('',*,*,#15722,.F.);
#15847 = ORIENTED_EDGE('',*,*,#15825,.F.);
#15848 = PLANE('',#15849);
#15849 = AXIS2_PLACEMENT_3D('',#15850,#15851,#15852);
#15850 = CARTESIAN_POINT('',(11.348,1.65,-0.4));
#15851 = DIRECTION('',(0.,-1.27553196763E-16,-1.));
#15852 = DIRECTION('',(0.,1.,-1.27553196763E-16));
#15853 = ADVANCED_FACE('',(#15854),#15888,.T.);
#15854 = FACE_BOUND('',#15855,.T.);
#15855 = EDGE_LOOP('',(#15856,#15866,#15874,#15882));
#15856 = ORIENTED_EDGE('',*,*,#15857,.T.);
#15857 = EDGE_CURVE('',#15858,#15860,#15862,.T.);
#15858 = VERTEX_POINT('',#15859);
#15859 = CARTESIAN_POINT('',(11.55,2.5,-0.3));
#15860 = VERTEX_POINT('',#15861);
#15861 = CARTESIAN_POINT('',(11.45,2.5,-0.3));
#15862 = LINE('',#15863,#15864);
#15863 = CARTESIAN_POINT('',(11.348,2.5,-0.3));
#15864 = VECTOR('',#15865,1.);
#15865 = DIRECTION('',(-1.,0.,0.));
#15866 = ORIENTED_EDGE('',*,*,#15867,.T.);
#15867 = EDGE_CURVE('',#15860,#15868,#15870,.T.);
#15868 = VERTEX_POINT('',#15869);
#15869 = CARTESIAN_POINT('',(11.45,2.5,-0.2));
#15870 = LINE('',#15871,#15872);
#15871 = CARTESIAN_POINT('',(11.45,2.5,-0.1));
#15872 = VECTOR('',#15873,1.);
#15873 = DIRECTION('',(0.,0.,1.));
#15874 = ORIENTED_EDGE('',*,*,#15875,.T.);
#15875 = EDGE_CURVE('',#15868,#15876,#15878,.T.);
#15876 = VERTEX_POINT('',#15877);
#15877 = CARTESIAN_POINT('',(11.55,2.5,-0.2));
#15878 = LINE('',#15879,#15880);
#15879 = CARTESIAN_POINT('',(11.348,2.5,-0.2));
#15880 = VECTOR('',#15881,1.);
#15881 = DIRECTION('',(1.,0.,0.));
#15882 = ORIENTED_EDGE('',*,*,#15883,.T.);
#15883 = EDGE_CURVE('',#15876,#15858,#15884,.T.);
#15884 = LINE('',#15885,#15886);
#15885 = CARTESIAN_POINT('',(11.55,2.5,-0.4));
#15886 = VECTOR('',#15887,1.);
#15887 = DIRECTION('',(0.,0.,-1.));
#15888 = PLANE('',#15889);
#15889 = AXIS2_PLACEMENT_3D('',#15890,#15891,#15892);
#15890 = CARTESIAN_POINT('',(11.348,2.5,-0.25));
#15891 = DIRECTION('',(0.,1.,0.));
#15892 = DIRECTION('',(0.,-0.,1.));
#15893 = ADVANCED_FACE('',(#15894),#15910,.T.);
#15894 = FACE_BOUND('',#15895,.T.);
#15895 = EDGE_LOOP('',(#15896,#15897,#15903,#15904));
#15896 = ORIENTED_EDGE('',*,*,#15738,.F.);
#15897 = ORIENTED_EDGE('',*,*,#15898,.T.);
#15898 = EDGE_CURVE('',#15731,#15649,#15899,.T.);
#15899 = LINE('',#15900,#15901);
#15900 = CARTESIAN_POINT('',(11.348,2.4,-0.1));
#15901 = VECTOR('',#15902,1.);
#15902 = DIRECTION('',(-1.,0.,0.));
#15903 = ORIENTED_EDGE('',*,*,#15648,.F.);
#15904 = ORIENTED_EDGE('',*,*,#15905,.T.);
#15905 = EDGE_CURVE('',#15640,#15739,#15906,.T.);
#15906 = LINE('',#15907,#15908);
#15907 = CARTESIAN_POINT('',(11.348,0.8,-0.1));
#15908 = VECTOR('',#15909,1.);
#15909 = DIRECTION('',(1.,0.,0.));
#15910 = PLANE('',#15911);
#15911 = AXIS2_PLACEMENT_3D('',#15912,#15913,#15914);
#15912 = CARTESIAN_POINT('',(11.348,1.65,-0.1));
#15913 = DIRECTION('',(0.,0.,1.));
#15914 = DIRECTION('',(1.,0.,-0.));
#15915 = ADVANCED_FACE('',(#15916),#15927,.F.);
#15916 = FACE_BOUND('',#15917,.F.);
#15917 = EDGE_LOOP('',(#15918,#15919,#15920,#15926));
#15918 = ORIENTED_EDGE('',*,*,#15905,.T.);
#15919 = ORIENTED_EDGE('',*,*,#15746,.T.);
#15920 = ORIENTED_EDGE('',*,*,#15921,.F.);
#15921 = EDGE_CURVE('',#15632,#15688,#15922,.T.);
#15922 = LINE('',#15923,#15924);
#15923 = CARTESIAN_POINT('',(11.348,0.65,5.E-02));
#15924 = VECTOR('',#15925,1.);
#15925 = DIRECTION('',(1.,0.,0.));
#15926 = ORIENTED_EDGE('',*,*,#15639,.T.);
#15927 = CYLINDRICAL_SURFACE('',#15928,0.15);
#15928 = AXIS2_PLACEMENT_3D('',#15929,#15930,#15931);
#15929 = CARTESIAN_POINT('',(11.348,0.8,5.E-02));
#15930 = DIRECTION('',(1.,0.,0.));
#15931 = DIRECTION('',(0.,0.,-1.));
#15932 = ADVANCED_FACE('',(#15933),#15944,.T.);
#15933 = FACE_BOUND('',#15934,.T.);
#15934 = EDGE_LOOP('',(#15935,#15936,#15942,#15943));
#15935 = ORIENTED_EDGE('',*,*,#15631,.F.);
#15936 = ORIENTED_EDGE('',*,*,#15937,.T.);
#15937 = EDGE_CURVE('',#15624,#15690,#15938,.T.);
#15938 = LINE('',#15939,#15940);
#15939 = CARTESIAN_POINT('',(11.348,0.65,2.9));
#15940 = VECTOR('',#15941,1.);
#15941 = DIRECTION('',(1.,0.,0.));
#15942 = ORIENTED_EDGE('',*,*,#15687,.F.);
#15943 = ORIENTED_EDGE('',*,*,#15921,.F.);
#15944 = PLANE('',#15945);
#15945 = AXIS2_PLACEMENT_3D('',#15946,#15947,#15948);
#15946 = CARTESIAN_POINT('',(11.348,0.65,1.525));
#15947 = DIRECTION('',(0.,1.,-1.837630800823E-16));
#15948 = DIRECTION('',(0.,1.837630800823E-16,1.));
#15949 = ADVANCED_FACE('',(#15950),#15966,.T.);
#15950 = FACE_BOUND('',#15951,.T.);
#15951 = EDGE_LOOP('',(#15952,#15958,#15959,#15965));
#15952 = ORIENTED_EDGE('',*,*,#15953,.T.);
#15953 = EDGE_CURVE('',#15690,#15762,#15954,.T.);
#15954 = LINE('',#15955,#15956);
#15955 = CARTESIAN_POINT('',(11.549333333333,0.549333333333,
    3.000666666667));
#15956 = VECTOR('',#15957,1.);
#15957 = DIRECTION('',(-0.57735026919,-0.57735026919,0.57735026919));
#15958 = ORIENTED_EDGE('',*,*,#15787,.F.);
#15959 = ORIENTED_EDGE('',*,*,#15960,.F.);
#15960 = EDGE_CURVE('',#15698,#15780,#15961,.T.);
#15961 = LINE('',#15962,#15963);
#15962 = CARTESIAN_POINT('',(11.291666666667,0.708333333333,
    3.258333333333));
#15963 = VECTOR('',#15964,1.);
#15964 = DIRECTION('',(-0.57735026919,0.57735026919,0.57735026919));
#15965 = ORIENTED_EDGE('',*,*,#15697,.F.);
#15966 = PLANE('',#15967);
#15967 = AXIS2_PLACEMENT_3D('',#15968,#15969,#15970);
#15968 = CARTESIAN_POINT('',(11.65,1.425,2.9));
#15969 = DIRECTION('',(0.707106781187,0.,0.707106781187));
#15970 = DIRECTION('',(-0.,1.,0.));
#15971 = ADVANCED_FACE('',(#15972),#15983,.F.);
#15972 = FACE_BOUND('',#15973,.T.);
#15973 = EDGE_LOOP('',(#15974,#15975,#15976,#15982));
#15974 = ORIENTED_EDGE('',*,*,#15960,.T.);
#15975 = ORIENTED_EDGE('',*,*,#15779,.F.);
#15976 = ORIENTED_EDGE('',*,*,#15977,.F.);
#15977 = EDGE_CURVE('',#15616,#15772,#15978,.T.);
#15978 = LINE('',#15979,#15980);
#15979 = CARTESIAN_POINT('',(11.416,0.416,2.966));
#15980 = VECTOR('',#15981,1.);
#15981 = DIRECTION('',(0.57735026919,0.57735026919,0.57735026919));
#15982 = ORIENTED_EDGE('',*,*,#15802,.F.);
#15983 = PLANE('',#15984);
#15984 = AXIS2_PLACEMENT_3D('',#15985,#15986,#15987);
#15985 = CARTESIAN_POINT('',(11.348,0.45,3.));
#15986 = DIRECTION('',(0.,0.707106781187,-0.707106781187));
#15987 = DIRECTION('',(1.,0.,0.));
#15988 = ADVANCED_FACE('',(#15989),#16000,.F.);
#15989 = FACE_BOUND('',#15990,.T.);
#15990 = EDGE_LOOP('',(#15991,#15992,#15993,#15999));
#15991 = ORIENTED_EDGE('',*,*,#15953,.F.);
#15992 = ORIENTED_EDGE('',*,*,#15937,.F.);
#15993 = ORIENTED_EDGE('',*,*,#15994,.F.);
#15994 = EDGE_CURVE('',#15764,#15624,#15995,.T.);
#15995 = LINE('',#15996,#15997);
#15996 = CARTESIAN_POINT('',(11.349333333333,0.650666666667,
    2.899333333333));
#15997 = VECTOR('',#15998,1.);
#15998 = DIRECTION('',(-0.57735026919,0.57735026919,-0.57735026919));
#15999 = ORIENTED_EDGE('',*,*,#15761,.F.);
#16000 = PLANE('',#16001);
#16001 = AXIS2_PLACEMENT_3D('',#16002,#16003,#16004);
#16002 = CARTESIAN_POINT('',(11.348,0.65,2.9));
#16003 = DIRECTION('',(0.,-0.707106781187,-0.707106781187));
#16004 = DIRECTION('',(1.,0.,0.));
#16005 = ADVANCED_FACE('',(#16006),#16012,.T.);
#16006 = FACE_BOUND('',#16007,.T.);
#16007 = EDGE_LOOP('',(#16008,#16009,#16010,#16011));
#16008 = ORIENTED_EDGE('',*,*,#15977,.T.);
#16009 = ORIENTED_EDGE('',*,*,#15771,.F.);
#16010 = ORIENTED_EDGE('',*,*,#15994,.T.);
#16011 = ORIENTED_EDGE('',*,*,#15623,.F.);
#16012 = PLANE('',#16013);
#16013 = AXIS2_PLACEMENT_3D('',#16014,#16015,#16016);
#16014 = CARTESIAN_POINT('',(11.35,0.5,2.9));
#16015 = DIRECTION('',(-0.707106781187,0.,0.707106781187));
#16016 = DIRECTION('',(0.,-1.,0.));
#16017 = ADVANCED_FACE('',(#16018),#16034,.T.);
#16018 = FACE_BOUND('',#16019,.T.);
#16019 = EDGE_LOOP('',(#16020,#16026,#16027,#16033));
#16020 = ORIENTED_EDGE('',*,*,#16021,.F.);
#16021 = EDGE_CURVE('',#15858,#15723,#16022,.T.);
#16022 = LINE('',#16023,#16024);
#16023 = CARTESIAN_POINT('',(11.083333333333,2.966666666667,
    0.166666666667));
#16024 = VECTOR('',#16025,1.);
#16025 = DIRECTION('',(0.57735026919,-0.57735026919,-0.57735026919));
#16026 = ORIENTED_EDGE('',*,*,#15883,.F.);
#16027 = ORIENTED_EDGE('',*,*,#16028,.T.);
#16028 = EDGE_CURVE('',#15876,#15731,#16029,.T.);
#16029 = LINE('',#16030,#16031);
#16030 = CARTESIAN_POINT('',(11.482666666667,2.567333333333,
    -0.267333333333));
#16031 = VECTOR('',#16032,1.);
#16032 = DIRECTION('',(0.57735026919,-0.57735026919,0.57735026919));
#16033 = ORIENTED_EDGE('',*,*,#15730,.F.);
#16034 = PLANE('',#16035);
#16035 = AXIS2_PLACEMENT_3D('',#16036,#16037,#16038);
#16036 = CARTESIAN_POINT('',(11.65,2.4,1.3));
#16037 = DIRECTION('',(0.707106781187,0.707106781187,0.));
#16038 = DIRECTION('',(0.,0.,-1.));
#16039 = ADVANCED_FACE('',(#16040),#16051,.F.);
#16040 = FACE_BOUND('',#16041,.T.);
#16041 = EDGE_LOOP('',(#16042,#16043,#16044,#16050));
#16042 = ORIENTED_EDGE('',*,*,#16028,.F.);
#16043 = ORIENTED_EDGE('',*,*,#15875,.F.);
#16044 = ORIENTED_EDGE('',*,*,#16045,.F.);
#16045 = EDGE_CURVE('',#15649,#15868,#16046,.T.);
#16046 = LINE('',#16047,#16048);
#16047 = CARTESIAN_POINT('',(11.416,2.466,-0.166));
#16048 = VECTOR('',#16049,1.);
#16049 = DIRECTION('',(0.57735026919,0.57735026919,-0.57735026919));
#16050 = ORIENTED_EDGE('',*,*,#15898,.F.);
#16051 = PLANE('',#16052);
#16052 = AXIS2_PLACEMENT_3D('',#16053,#16054,#16055);
#16053 = CARTESIAN_POINT('',(11.348,2.5,-0.2));
#16054 = DIRECTION('',(0.,-0.707106781187,-0.707106781187));
#16055 = DIRECTION('',(1.,0.,0.));
#16056 = ADVANCED_FACE('',(#16057),#16068,.F.);
#16057 = FACE_BOUND('',#16058,.T.);
#16058 = EDGE_LOOP('',(#16059,#16060,#16061,#16067));
#16059 = ORIENTED_EDGE('',*,*,#16021,.T.);
#16060 = ORIENTED_EDGE('',*,*,#15841,.F.);
#16061 = ORIENTED_EDGE('',*,*,#16062,.F.);
#16062 = EDGE_CURVE('',#15860,#15657,#16063,.T.);
#16063 = LINE('',#16064,#16065);
#16064 = CARTESIAN_POINT('',(11.349333333333,2.399333333333,
    -0.400666666667));
#16065 = VECTOR('',#16066,1.);
#16066 = DIRECTION('',(-0.57735026919,-0.57735026919,-0.57735026919));
#16067 = ORIENTED_EDGE('',*,*,#15857,.F.);
#16068 = PLANE('',#16069);
#16069 = AXIS2_PLACEMENT_3D('',#16070,#16071,#16072);
#16070 = CARTESIAN_POINT('',(11.348,2.4,-0.4));
#16071 = DIRECTION('',(0.,-0.707106781187,0.707106781187));
#16072 = DIRECTION('',(1.,0.,0.));
#16073 = ADVANCED_FACE('',(#16074),#16080,.T.);
#16074 = FACE_BOUND('',#16075,.T.);
#16075 = EDGE_LOOP('',(#16076,#16077,#16078,#16079));
#16076 = ORIENTED_EDGE('',*,*,#16045,.T.);
#16077 = ORIENTED_EDGE('',*,*,#15867,.F.);
#16078 = ORIENTED_EDGE('',*,*,#16062,.T.);
#16079 = ORIENTED_EDGE('',*,*,#15656,.F.);
#16080 = PLANE('',#16081);
#16081 = AXIS2_PLACEMENT_3D('',#16082,#16083,#16084);
#16082 = CARTESIAN_POINT('',(11.35,2.4,1.));
#16083 = DIRECTION('',(-0.707106781187,0.707106781187,0.));
#16084 = DIRECTION('',(0.,0.,1.));
#16085 = ( GEOMETRIC_REPRESENTATION_CONTEXT(3) 
GLOBAL_UNCERTAINTY_ASSIGNED_CONTEXT((#16089)) 
GLOBAL_UNIT_ASSIGNED_CONTEXT((#16086,#16087,#16088)) 
REPRESENTATION_CONTEXT('Context #1',
  '3D Context with UNIT and UNCERTAINTY') );
#16086 = ( LENGTH_UNIT() NAMED_UNIT(*) SI_UNIT(.MILLI.,.METRE.) );
#16087 = ( NAMED_UNIT(*) PLANE_ANGLE_UNIT() SI_UNIT($,.RADIAN.) );
#16088 = ( NAMED_UNIT(*) SI_UNIT($,.STERADIAN.) SOLID_ANGLE_UNIT() );
#16089 = UNCERTAINTY_MEASURE_WITH_UNIT(LENGTH_MEASURE(1.E-07),#16086,
  'distance_accuracy_value','confusion accuracy');
#16090 = CONTEXT_DEPENDENT_SHAPE_REPRESENTATION(#16091,#16093);
#16091 = ( REPRESENTATION_RELATIONSHIP('','',#15606,#817) 
REPRESENTATION_RELATIONSHIP_WITH_TRANSFORMATION(#16092) 
SHAPE_REPRESENTATION_RELATIONSHIP() );
#16092 = ITEM_DEFINED_TRANSFORMATION('','',#11,#890);
#16093 = PRODUCT_DEFINITION_SHAPE('Placement','Placement of an item',
  #16094);
#16094 = NEXT_ASSEMBLY_USAGE_OCCURRENCE('97','=>[0:1:1:22]','',#812,
  #15601,$);
#16095 = PRODUCT_RELATED_PRODUCT_CATEGORY('part',$,(#15603));
#16096 = SHAPE_DEFINITION_REPRESENTATION(#16097,#16103);
#16097 = PRODUCT_DEFINITION_SHAPE('','',#16098);
#16098 = PRODUCT_DEFINITION('design','',#16099,#16102);
#16099 = PRODUCT_DEFINITION_FORMATION('','',#16100);
#16100 = PRODUCT('Part 9','Part 9','',(#16101));
#16101 = PRODUCT_CONTEXT('',#2,'mechanical');
#16102 = PRODUCT_DEFINITION_CONTEXT('part definition',#2,'design');
#16103 = ADVANCED_BREP_SHAPE_REPRESENTATION('',(#11,#16104),#16582);
#16104 = MANIFOLD_SOLID_BREP('',#16105);
#16105 = CLOSED_SHELL('',(#16106,#16180,#16211,#16236,#16260,#16300,
    #16331,#16356,#16380,#16420,#16446,#16468,#16485,#16502,#16514,
    #16536,#16553,#16570));
#16106 = ADVANCED_FACE('',(#16107),#16175,.F.);
#16107 = FACE_BOUND('',#16108,.T.);
#16108 = EDGE_LOOP('',(#16109,#16119,#16128,#16136,#16144,#16152,#16161,
    #16169));
#16109 = ORIENTED_EDGE('',*,*,#16110,.F.);
#16110 = EDGE_CURVE('',#16111,#16113,#16115,.T.);
#16111 = VERTEX_POINT('',#16112);
#16112 = CARTESIAN_POINT('',(2.35,-0.35,5.E-02));
#16113 = VERTEX_POINT('',#16114);
#16114 = CARTESIAN_POINT('',(2.35,-0.35,2.9));
#16115 = LINE('',#16116,#16117);
#16116 = CARTESIAN_POINT('',(2.35,-0.35,1.525));
#16117 = VECTOR('',#16118,1.);
#16118 = DIRECTION('',(0.,-5.512892402469E-17,1.));
#16119 = ORIENTED_EDGE('',*,*,#16120,.T.);
#16120 = EDGE_CURVE('',#16111,#16121,#16123,.T.);
#16121 = VERTEX_POINT('',#16122);
#16122 = CARTESIAN_POINT('',(2.35,-0.8,-0.4));
#16123 = CIRCLE('',#16124,0.45);
#16124 = AXIS2_PLACEMENT_3D('',#16125,#16126,#16127);
#16125 = CARTESIAN_POINT('',(2.35,-0.8,5.E-02));
#16126 = DIRECTION('',(-1.,0.,0.));
#16127 = DIRECTION('',(0.,0.,-1.));
#16128 = ORIENTED_EDGE('',*,*,#16129,.F.);
#16129 = EDGE_CURVE('',#16130,#16121,#16132,.T.);
#16130 = VERTEX_POINT('',#16131);
#16131 = CARTESIAN_POINT('',(2.35,-2.4,-0.4));
#16132 = LINE('',#16133,#16134);
#16133 = CARTESIAN_POINT('',(2.35,-1.65,-0.4));
#16134 = VECTOR('',#16135,1.);
#16135 = DIRECTION('',(0.,1.,1.27553196763E-16));
#16136 = ORIENTED_EDGE('',*,*,#16137,.F.);
#16137 = EDGE_CURVE('',#16138,#16130,#16140,.T.);
#16138 = VERTEX_POINT('',#16139);
#16139 = CARTESIAN_POINT('',(2.35,-2.4,-0.1));
#16140 = LINE('',#16141,#16142);
#16141 = CARTESIAN_POINT('',(2.35,-2.4,-0.4));
#16142 = VECTOR('',#16143,1.);
#16143 = DIRECTION('',(0.,0.,-1.));
#16144 = ORIENTED_EDGE('',*,*,#16145,.F.);
#16145 = EDGE_CURVE('',#16146,#16138,#16148,.T.);
#16146 = VERTEX_POINT('',#16147);
#16147 = CARTESIAN_POINT('',(2.35,-0.8,-0.1));
#16148 = LINE('',#16149,#16150);
#16149 = CARTESIAN_POINT('',(2.35,-1.65,-0.1));
#16150 = VECTOR('',#16151,1.);
#16151 = DIRECTION('',(0.,-1.,0.));
#16152 = ORIENTED_EDGE('',*,*,#16153,.F.);
#16153 = EDGE_CURVE('',#16154,#16146,#16156,.T.);
#16154 = VERTEX_POINT('',#16155);
#16155 = CARTESIAN_POINT('',(2.35,-0.65,5.E-02));
#16156 = CIRCLE('',#16157,0.15);
#16157 = AXIS2_PLACEMENT_3D('',#16158,#16159,#16160);
#16158 = CARTESIAN_POINT('',(2.35,-0.8,5.E-02));
#16159 = DIRECTION('',(-1.,0.,0.));
#16160 = DIRECTION('',(0.,0.,-1.));
#16161 = ORIENTED_EDGE('',*,*,#16162,.F.);
#16162 = EDGE_CURVE('',#16163,#16154,#16165,.T.);
#16163 = VERTEX_POINT('',#16164);
#16164 = CARTESIAN_POINT('',(2.35,-0.65,2.9));
#16165 = LINE('',#16166,#16167);
#16166 = CARTESIAN_POINT('',(2.35,-0.65,1.525));
#16167 = VECTOR('',#16168,1.);
#16168 = DIRECTION('',(0.,1.837630800823E-16,-1.));
#16169 = ORIENTED_EDGE('',*,*,#16170,.F.);
#16170 = EDGE_CURVE('',#16113,#16163,#16171,.T.);
#16171 = LINE('',#16172,#16173);
#16172 = CARTESIAN_POINT('',(2.35,-0.65,2.9));
#16173 = VECTOR('',#16174,1.);
#16174 = DIRECTION('',(0.,-1.,0.));
#16175 = PLANE('',#16176);
#16176 = AXIS2_PLACEMENT_3D('',#16177,#16178,#16179);
#16177 = CARTESIAN_POINT('',(2.35,-0.5,1.));
#16178 = DIRECTION('',(1.,0.,0.));
#16179 = DIRECTION('',(0.,0.,-1.));
#16180 = ADVANCED_FACE('',(#16181),#16206,.T.);
#16181 = FACE_BOUND('',#16182,.T.);
#16182 = EDGE_LOOP('',(#16183,#16184,#16192,#16200));
#16183 = ORIENTED_EDGE('',*,*,#16162,.T.);
#16184 = ORIENTED_EDGE('',*,*,#16185,.T.);
#16185 = EDGE_CURVE('',#16154,#16186,#16188,.T.);
#16186 = VERTEX_POINT('',#16187);
#16187 = CARTESIAN_POINT('',(2.65,-0.65,5.E-02));
#16188 = LINE('',#16189,#16190);
#16189 = CARTESIAN_POINT('',(2.348,-0.65,5.E-02));
#16190 = VECTOR('',#16191,1.);
#16191 = DIRECTION('',(1.,0.,0.));
#16192 = ORIENTED_EDGE('',*,*,#16193,.T.);
#16193 = EDGE_CURVE('',#16186,#16194,#16196,.T.);
#16194 = VERTEX_POINT('',#16195);
#16195 = CARTESIAN_POINT('',(2.65,-0.65,2.9));
#16196 = LINE('',#16197,#16198);
#16197 = CARTESIAN_POINT('',(2.65,-0.65,1.525));
#16198 = VECTOR('',#16199,1.);
#16199 = DIRECTION('',(0.,-1.837630800823E-16,1.));
#16200 = ORIENTED_EDGE('',*,*,#16201,.F.);
#16201 = EDGE_CURVE('',#16163,#16194,#16202,.T.);
#16202 = LINE('',#16203,#16204);
#16203 = CARTESIAN_POINT('',(2.348,-0.65,2.9));
#16204 = VECTOR('',#16205,1.);
#16205 = DIRECTION('',(1.,0.,0.));
#16206 = PLANE('',#16207);
#16207 = AXIS2_PLACEMENT_3D('',#16208,#16209,#16210);
#16208 = CARTESIAN_POINT('',(2.348,-0.65,1.525));
#16209 = DIRECTION('',(0.,-1.,-1.837630800823E-16));
#16210 = DIRECTION('',(0.,-1.837630800823E-16,1.));
#16211 = ADVANCED_FACE('',(#16212),#16231,.F.);
#16212 = FACE_BOUND('',#16213,.F.);
#16213 = EDGE_LOOP('',(#16214,#16215,#16224,#16230));
#16214 = ORIENTED_EDGE('',*,*,#16185,.T.);
#16215 = ORIENTED_EDGE('',*,*,#16216,.F.);
#16216 = EDGE_CURVE('',#16217,#16186,#16219,.T.);
#16217 = VERTEX_POINT('',#16218);
#16218 = CARTESIAN_POINT('',(2.65,-0.8,-0.1));
#16219 = CIRCLE('',#16220,0.15);
#16220 = AXIS2_PLACEMENT_3D('',#16221,#16222,#16223);
#16221 = CARTESIAN_POINT('',(2.65,-0.8,5.E-02));
#16222 = DIRECTION('',(1.,0.,-0.));
#16223 = DIRECTION('',(0.,0.,1.));
#16224 = ORIENTED_EDGE('',*,*,#16225,.F.);
#16225 = EDGE_CURVE('',#16146,#16217,#16226,.T.);
#16226 = LINE('',#16227,#16228);
#16227 = CARTESIAN_POINT('',(2.348,-0.8,-0.1));
#16228 = VECTOR('',#16229,1.);
#16229 = DIRECTION('',(1.,0.,0.));
#16230 = ORIENTED_EDGE('',*,*,#16153,.F.);
#16231 = CYLINDRICAL_SURFACE('',#16232,0.15);
#16232 = AXIS2_PLACEMENT_3D('',#16233,#16234,#16235);
#16233 = CARTESIAN_POINT('',(2.348,-0.8,5.E-02));
#16234 = DIRECTION('',(1.,0.,0.));
#16235 = DIRECTION('',(0.,0.,-1.));
#16236 = ADVANCED_FACE('',(#16237),#16255,.T.);
#16237 = FACE_BOUND('',#16238,.T.);
#16238 = EDGE_LOOP('',(#16239,#16247,#16248,#16249));
#16239 = ORIENTED_EDGE('',*,*,#16240,.T.);
#16240 = EDGE_CURVE('',#16241,#16217,#16243,.T.);
#16241 = VERTEX_POINT('',#16242);
#16242 = CARTESIAN_POINT('',(2.65,-2.4,-0.1));
#16243 = LINE('',#16244,#16245);
#16244 = CARTESIAN_POINT('',(2.65,-1.65,-0.1));
#16245 = VECTOR('',#16246,1.);
#16246 = DIRECTION('',(0.,1.,0.));
#16247 = ORIENTED_EDGE('',*,*,#16225,.F.);
#16248 = ORIENTED_EDGE('',*,*,#16145,.T.);
#16249 = ORIENTED_EDGE('',*,*,#16250,.F.);
#16250 = EDGE_CURVE('',#16241,#16138,#16251,.T.);
#16251 = LINE('',#16252,#16253);
#16252 = CARTESIAN_POINT('',(2.348,-2.4,-0.1));
#16253 = VECTOR('',#16254,1.);
#16254 = DIRECTION('',(-1.,0.,0.));
#16255 = PLANE('',#16256);
#16256 = AXIS2_PLACEMENT_3D('',#16257,#16258,#16259);
#16257 = CARTESIAN_POINT('',(2.348,-1.65,-0.1));
#16258 = DIRECTION('',(0.,0.,1.));
#16259 = DIRECTION('',(1.,0.,-0.));
#16260 = ADVANCED_FACE('',(#16261),#16295,.T.);
#16261 = FACE_BOUND('',#16262,.T.);
#16262 = EDGE_LOOP('',(#16263,#16273,#16281,#16289));
#16263 = ORIENTED_EDGE('',*,*,#16264,.F.);
#16264 = EDGE_CURVE('',#16265,#16267,#16269,.T.);
#16265 = VERTEX_POINT('',#16266);
#16266 = CARTESIAN_POINT('',(2.55,-2.5,-0.3));
#16267 = VERTEX_POINT('',#16268);
#16268 = CARTESIAN_POINT('',(2.45,-2.5,-0.3));
#16269 = LINE('',#16270,#16271);
#16270 = CARTESIAN_POINT('',(2.348,-2.5,-0.3));
#16271 = VECTOR('',#16272,1.);
#16272 = DIRECTION('',(-1.,0.,0.));
#16273 = ORIENTED_EDGE('',*,*,#16274,.F.);
#16274 = EDGE_CURVE('',#16275,#16265,#16277,.T.);
#16275 = VERTEX_POINT('',#16276);
#16276 = CARTESIAN_POINT('',(2.55,-2.5,-0.2));
#16277 = LINE('',#16278,#16279);
#16278 = CARTESIAN_POINT('',(2.55,-2.5,-0.4));
#16279 = VECTOR('',#16280,1.);
#16280 = DIRECTION('',(0.,0.,-1.));
#16281 = ORIENTED_EDGE('',*,*,#16282,.F.);
#16282 = EDGE_CURVE('',#16283,#16275,#16285,.T.);
#16283 = VERTEX_POINT('',#16284);
#16284 = CARTESIAN_POINT('',(2.45,-2.5,-0.2));
#16285 = LINE('',#16286,#16287);
#16286 = CARTESIAN_POINT('',(2.348,-2.5,-0.2));
#16287 = VECTOR('',#16288,1.);
#16288 = DIRECTION('',(1.,0.,0.));
#16289 = ORIENTED_EDGE('',*,*,#16290,.F.);
#16290 = EDGE_CURVE('',#16267,#16283,#16291,.T.);
#16291 = LINE('',#16292,#16293);
#16292 = CARTESIAN_POINT('',(2.45,-2.5,-0.1));
#16293 = VECTOR('',#16294,1.);
#16294 = DIRECTION('',(0.,0.,1.));
#16295 = PLANE('',#16296);
#16296 = AXIS2_PLACEMENT_3D('',#16297,#16298,#16299);
#16297 = CARTESIAN_POINT('',(2.348,-2.5,-0.25));
#16298 = DIRECTION('',(0.,-1.,0.));
#16299 = DIRECTION('',(0.,0.,1.));
#16300 = ADVANCED_FACE('',(#16301),#16326,.T.);
#16301 = FACE_BOUND('',#16302,.T.);
#16302 = EDGE_LOOP('',(#16303,#16304,#16312,#16320));
#16303 = ORIENTED_EDGE('',*,*,#16129,.T.);
#16304 = ORIENTED_EDGE('',*,*,#16305,.T.);
#16305 = EDGE_CURVE('',#16121,#16306,#16308,.T.);
#16306 = VERTEX_POINT('',#16307);
#16307 = CARTESIAN_POINT('',(2.65,-0.8,-0.4));
#16308 = LINE('',#16309,#16310);
#16309 = CARTESIAN_POINT('',(2.348,-0.8,-0.4));
#16310 = VECTOR('',#16311,1.);
#16311 = DIRECTION('',(1.,0.,0.));
#16312 = ORIENTED_EDGE('',*,*,#16313,.T.);
#16313 = EDGE_CURVE('',#16306,#16314,#16316,.T.);
#16314 = VERTEX_POINT('',#16315);
#16315 = CARTESIAN_POINT('',(2.65,-2.4,-0.4));
#16316 = LINE('',#16317,#16318);
#16317 = CARTESIAN_POINT('',(2.65,-1.65,-0.4));
#16318 = VECTOR('',#16319,1.);
#16319 = DIRECTION('',(0.,-1.,-1.27553196763E-16));
#16320 = ORIENTED_EDGE('',*,*,#16321,.F.);
#16321 = EDGE_CURVE('',#16130,#16314,#16322,.T.);
#16322 = LINE('',#16323,#16324);
#16323 = CARTESIAN_POINT('',(2.348,-2.4,-0.4));
#16324 = VECTOR('',#16325,1.);
#16325 = DIRECTION('',(1.,0.,0.));
#16326 = PLANE('',#16327);
#16327 = AXIS2_PLACEMENT_3D('',#16328,#16329,#16330);
#16328 = CARTESIAN_POINT('',(2.348,-1.65,-0.4));
#16329 = DIRECTION('',(0.,1.27553196763E-16,-1.));
#16330 = DIRECTION('',(0.,-1.,-1.27553196763E-16));
#16331 = ADVANCED_FACE('',(#16332),#16351,.T.);
#16332 = FACE_BOUND('',#16333,.T.);
#16333 = EDGE_LOOP('',(#16334,#16342,#16349,#16350));
#16334 = ORIENTED_EDGE('',*,*,#16335,.T.);
#16335 = EDGE_CURVE('',#16111,#16336,#16338,.T.);
#16336 = VERTEX_POINT('',#16337);
#16337 = CARTESIAN_POINT('',(2.65,-0.35,5.E-02));
#16338 = LINE('',#16339,#16340);
#16339 = CARTESIAN_POINT('',(2.348,-0.35,5.E-02));
#16340 = VECTOR('',#16341,1.);
#16341 = DIRECTION('',(1.,0.,0.));
#16342 = ORIENTED_EDGE('',*,*,#16343,.F.);
#16343 = EDGE_CURVE('',#16306,#16336,#16344,.T.);
#16344 = CIRCLE('',#16345,0.45);
#16345 = AXIS2_PLACEMENT_3D('',#16346,#16347,#16348);
#16346 = CARTESIAN_POINT('',(2.65,-0.8,5.E-02));
#16347 = DIRECTION('',(1.,0.,-0.));
#16348 = DIRECTION('',(0.,0.,1.));
#16349 = ORIENTED_EDGE('',*,*,#16305,.F.);
#16350 = ORIENTED_EDGE('',*,*,#16120,.F.);
#16351 = CYLINDRICAL_SURFACE('',#16352,0.45);
#16352 = AXIS2_PLACEMENT_3D('',#16353,#16354,#16355);
#16353 = CARTESIAN_POINT('',(2.348,-0.8,5.E-02));
#16354 = DIRECTION('',(1.,0.,0.));
#16355 = DIRECTION('',(0.,0.,-1.));
#16356 = ADVANCED_FACE('',(#16357),#16375,.T.);
#16357 = FACE_BOUND('',#16358,.T.);
#16358 = EDGE_LOOP('',(#16359,#16367,#16368,#16369));
#16359 = ORIENTED_EDGE('',*,*,#16360,.T.);
#16360 = EDGE_CURVE('',#16361,#16336,#16363,.T.);
#16361 = VERTEX_POINT('',#16362);
#16362 = CARTESIAN_POINT('',(2.65,-0.35,2.9));
#16363 = LINE('',#16364,#16365);
#16364 = CARTESIAN_POINT('',(2.65,-0.35,1.525));
#16365 = VECTOR('',#16366,1.);
#16366 = DIRECTION('',(0.,5.512892402469E-17,-1.));
#16367 = ORIENTED_EDGE('',*,*,#16335,.F.);
#16368 = ORIENTED_EDGE('',*,*,#16110,.T.);
#16369 = ORIENTED_EDGE('',*,*,#16370,.F.);
#16370 = EDGE_CURVE('',#16361,#16113,#16371,.T.);
#16371 = LINE('',#16372,#16373);
#16372 = CARTESIAN_POINT('',(2.348,-0.35,2.9));
#16373 = VECTOR('',#16374,1.);
#16374 = DIRECTION('',(-1.,0.,0.));
#16375 = PLANE('',#16376);
#16376 = AXIS2_PLACEMENT_3D('',#16377,#16378,#16379);
#16377 = CARTESIAN_POINT('',(2.348,-0.35,1.525));
#16378 = DIRECTION('',(0.,1.,5.512892402469E-17));
#16379 = DIRECTION('',(0.,5.512892402469E-17,-1.));
#16380 = ADVANCED_FACE('',(#16381),#16415,.T.);
#16381 = FACE_BOUND('',#16382,.T.);
#16382 = EDGE_LOOP('',(#16383,#16393,#16401,#16409));
#16383 = ORIENTED_EDGE('',*,*,#16384,.F.);
#16384 = EDGE_CURVE('',#16385,#16387,#16389,.T.);
#16385 = VERTEX_POINT('',#16386);
#16386 = CARTESIAN_POINT('',(2.55,-0.55,3.));
#16387 = VERTEX_POINT('',#16388);
#16388 = CARTESIAN_POINT('',(2.45,-0.55,3.));
#16389 = LINE('',#16390,#16391);
#16390 = CARTESIAN_POINT('',(2.348,-0.55,3.));
#16391 = VECTOR('',#16392,1.);
#16392 = DIRECTION('',(-1.,0.,0.));
#16393 = ORIENTED_EDGE('',*,*,#16394,.F.);
#16394 = EDGE_CURVE('',#16395,#16385,#16397,.T.);
#16395 = VERTEX_POINT('',#16396);
#16396 = CARTESIAN_POINT('',(2.55,-0.45,3.));
#16397 = LINE('',#16398,#16399);
#16398 = CARTESIAN_POINT('',(2.55,-0.65,3.));
#16399 = VECTOR('',#16400,1.);
#16400 = DIRECTION('',(0.,-1.,0.));
#16401 = ORIENTED_EDGE('',*,*,#16402,.F.);
#16402 = EDGE_CURVE('',#16403,#16395,#16405,.T.);
#16403 = VERTEX_POINT('',#16404);
#16404 = CARTESIAN_POINT('',(2.45,-0.45,3.));
#16405 = LINE('',#16406,#16407);
#16406 = CARTESIAN_POINT('',(2.348,-0.45,3.));
#16407 = VECTOR('',#16408,1.);
#16408 = DIRECTION('',(1.,0.,0.));
#16409 = ORIENTED_EDGE('',*,*,#16410,.F.);
#16410 = EDGE_CURVE('',#16387,#16403,#16411,.T.);
#16411 = LINE('',#16412,#16413);
#16412 = CARTESIAN_POINT('',(2.45,-0.35,3.));
#16413 = VECTOR('',#16414,1.);
#16414 = DIRECTION('',(0.,1.,0.));
#16415 = PLANE('',#16416);
#16416 = AXIS2_PLACEMENT_3D('',#16417,#16418,#16419);
#16417 = CARTESIAN_POINT('',(2.348,-0.5,3.));
#16418 = DIRECTION('',(0.,0.,1.));
#16419 = DIRECTION('',(1.,0.,-0.));
#16420 = ADVANCED_FACE('',(#16421),#16441,.F.);
#16421 = FACE_BOUND('',#16422,.T.);
#16422 = EDGE_LOOP('',(#16423,#16424,#16425,#16426,#16432,#16433,#16434,
    #16435));
#16423 = ORIENTED_EDGE('',*,*,#16193,.F.);
#16424 = ORIENTED_EDGE('',*,*,#16216,.F.);
#16425 = ORIENTED_EDGE('',*,*,#16240,.F.);
#16426 = ORIENTED_EDGE('',*,*,#16427,.F.);
#16427 = EDGE_CURVE('',#16314,#16241,#16428,.T.);
#16428 = LINE('',#16429,#16430);
#16429 = CARTESIAN_POINT('',(2.65,-2.4,-0.1));
#16430 = VECTOR('',#16431,1.);
#16431 = DIRECTION('',(0.,0.,1.));
#16432 = ORIENTED_EDGE('',*,*,#16313,.F.);
#16433 = ORIENTED_EDGE('',*,*,#16343,.T.);
#16434 = ORIENTED_EDGE('',*,*,#16360,.F.);
#16435 = ORIENTED_EDGE('',*,*,#16436,.F.);
#16436 = EDGE_CURVE('',#16194,#16361,#16437,.T.);
#16437 = LINE('',#16438,#16439);
#16438 = CARTESIAN_POINT('',(2.65,-0.35,2.9));
#16439 = VECTOR('',#16440,1.);
#16440 = DIRECTION('',(0.,1.,0.));
#16441 = PLANE('',#16442);
#16442 = AXIS2_PLACEMENT_3D('',#16443,#16444,#16445);
#16443 = CARTESIAN_POINT('',(2.65,-1.425,1.3));
#16444 = DIRECTION('',(-1.,0.,0.));
#16445 = DIRECTION('',(0.,1.,0.));
#16446 = ADVANCED_FACE('',(#16447),#16463,.T.);
#16447 = FACE_BOUND('',#16448,.T.);
#16448 = EDGE_LOOP('',(#16449,#16455,#16456,#16462));
#16449 = ORIENTED_EDGE('',*,*,#16450,.F.);
#16450 = EDGE_CURVE('',#16194,#16385,#16451,.T.);
#16451 = LINE('',#16452,#16453);
#16452 = CARTESIAN_POINT('',(2.549333333333,-0.549333333333,
    3.000666666667));
#16453 = VECTOR('',#16454,1.);
#16454 = DIRECTION('',(-0.57735026919,0.57735026919,0.57735026919));
#16455 = ORIENTED_EDGE('',*,*,#16436,.T.);
#16456 = ORIENTED_EDGE('',*,*,#16457,.T.);
#16457 = EDGE_CURVE('',#16361,#16395,#16458,.T.);
#16458 = LINE('',#16459,#16460);
#16459 = CARTESIAN_POINT('',(2.291666666667,-0.708333333333,
    3.258333333333));
#16460 = VECTOR('',#16461,1.);
#16461 = DIRECTION('',(-0.57735026919,-0.57735026919,0.57735026919));
#16462 = ORIENTED_EDGE('',*,*,#16394,.T.);
#16463 = PLANE('',#16464);
#16464 = AXIS2_PLACEMENT_3D('',#16465,#16466,#16467);
#16465 = CARTESIAN_POINT('',(2.65,-1.425,2.9));
#16466 = DIRECTION('',(0.707106781187,0.,0.707106781187));
#16467 = DIRECTION('',(0.,-1.,0.));
#16468 = ADVANCED_FACE('',(#16469),#16480,.F.);
#16469 = FACE_BOUND('',#16470,.T.);
#16470 = EDGE_LOOP('',(#16471,#16472,#16473,#16479));
#16471 = ORIENTED_EDGE('',*,*,#16457,.F.);
#16472 = ORIENTED_EDGE('',*,*,#16370,.T.);
#16473 = ORIENTED_EDGE('',*,*,#16474,.T.);
#16474 = EDGE_CURVE('',#16113,#16403,#16475,.T.);
#16475 = LINE('',#16476,#16477);
#16476 = CARTESIAN_POINT('',(2.416,-0.416,2.966));
#16477 = VECTOR('',#16478,1.);
#16478 = DIRECTION('',(0.57735026919,-0.57735026919,0.57735026919));
#16479 = ORIENTED_EDGE('',*,*,#16402,.T.);
#16480 = PLANE('',#16481);
#16481 = AXIS2_PLACEMENT_3D('',#16482,#16483,#16484);
#16482 = CARTESIAN_POINT('',(2.348,-0.45,3.));
#16483 = DIRECTION('',(0.,-0.707106781187,-0.707106781187));
#16484 = DIRECTION('',(1.,0.,0.));
#16485 = ADVANCED_FACE('',(#16486),#16497,.F.);
#16486 = FACE_BOUND('',#16487,.T.);
#16487 = EDGE_LOOP('',(#16488,#16489,#16490,#16496));
#16488 = ORIENTED_EDGE('',*,*,#16450,.T.);
#16489 = ORIENTED_EDGE('',*,*,#16384,.T.);
#16490 = ORIENTED_EDGE('',*,*,#16491,.T.);
#16491 = EDGE_CURVE('',#16387,#16163,#16492,.T.);
#16492 = LINE('',#16493,#16494);
#16493 = CARTESIAN_POINT('',(2.349333333333,-0.650666666667,
    2.899333333333));
#16494 = VECTOR('',#16495,1.);
#16495 = DIRECTION('',(-0.57735026919,-0.57735026919,-0.57735026919));
#16496 = ORIENTED_EDGE('',*,*,#16201,.T.);
#16497 = PLANE('',#16498);
#16498 = AXIS2_PLACEMENT_3D('',#16499,#16500,#16501);
#16499 = CARTESIAN_POINT('',(2.348,-0.65,2.9));
#16500 = DIRECTION('',(0.,0.707106781187,-0.707106781187));
#16501 = DIRECTION('',(1.,0.,0.));
#16502 = ADVANCED_FACE('',(#16503),#16509,.T.);
#16503 = FACE_BOUND('',#16504,.T.);
#16504 = EDGE_LOOP('',(#16505,#16506,#16507,#16508));
#16505 = ORIENTED_EDGE('',*,*,#16474,.F.);
#16506 = ORIENTED_EDGE('',*,*,#16170,.T.);
#16507 = ORIENTED_EDGE('',*,*,#16491,.F.);
#16508 = ORIENTED_EDGE('',*,*,#16410,.T.);
#16509 = PLANE('',#16510);
#16510 = AXIS2_PLACEMENT_3D('',#16511,#16512,#16513);
#16511 = CARTESIAN_POINT('',(2.35,-0.5,2.9));
#16512 = DIRECTION('',(-0.707106781187,0.,0.707106781187));
#16513 = DIRECTION('',(0.,1.,0.));
#16514 = ADVANCED_FACE('',(#16515),#16531,.T.);
#16515 = FACE_BOUND('',#16516,.T.);
#16516 = EDGE_LOOP('',(#16517,#16523,#16524,#16530));
#16517 = ORIENTED_EDGE('',*,*,#16518,.T.);
#16518 = EDGE_CURVE('',#16265,#16314,#16519,.T.);
#16519 = LINE('',#16520,#16521);
#16520 = CARTESIAN_POINT('',(2.083333333333,-2.966666666667,
    0.166666666667));
#16521 = VECTOR('',#16522,1.);
#16522 = DIRECTION('',(0.57735026919,0.57735026919,-0.57735026919));
#16523 = ORIENTED_EDGE('',*,*,#16427,.T.);
#16524 = ORIENTED_EDGE('',*,*,#16525,.F.);
#16525 = EDGE_CURVE('',#16275,#16241,#16526,.T.);
#16526 = LINE('',#16527,#16528);
#16527 = CARTESIAN_POINT('',(2.482666666667,-2.567333333333,
    -0.267333333333));
#16528 = VECTOR('',#16529,1.);
#16529 = DIRECTION('',(0.57735026919,0.57735026919,0.57735026919));
#16530 = ORIENTED_EDGE('',*,*,#16274,.T.);
#16531 = PLANE('',#16532);
#16532 = AXIS2_PLACEMENT_3D('',#16533,#16534,#16535);
#16533 = CARTESIAN_POINT('',(2.65,-2.4,1.3));
#16534 = DIRECTION('',(0.707106781187,-0.707106781187,0.));
#16535 = DIRECTION('',(0.,0.,-1.));
#16536 = ADVANCED_FACE('',(#16537),#16548,.F.);
#16537 = FACE_BOUND('',#16538,.T.);
#16538 = EDGE_LOOP('',(#16539,#16540,#16541,#16547));
#16539 = ORIENTED_EDGE('',*,*,#16525,.T.);
#16540 = ORIENTED_EDGE('',*,*,#16250,.T.);
#16541 = ORIENTED_EDGE('',*,*,#16542,.T.);
#16542 = EDGE_CURVE('',#16138,#16283,#16543,.T.);
#16543 = LINE('',#16544,#16545);
#16544 = CARTESIAN_POINT('',(2.416,-2.466,-0.166));
#16545 = VECTOR('',#16546,1.);
#16546 = DIRECTION('',(0.57735026919,-0.57735026919,-0.57735026919));
#16547 = ORIENTED_EDGE('',*,*,#16282,.T.);
#16548 = PLANE('',#16549);
#16549 = AXIS2_PLACEMENT_3D('',#16550,#16551,#16552);
#16550 = CARTESIAN_POINT('',(2.348,-2.5,-0.2));
#16551 = DIRECTION('',(0.,0.707106781187,-0.707106781187));
#16552 = DIRECTION('',(1.,0.,0.));
#16553 = ADVANCED_FACE('',(#16554),#16565,.F.);
#16554 = FACE_BOUND('',#16555,.T.);
#16555 = EDGE_LOOP('',(#16556,#16557,#16558,#16564));
#16556 = ORIENTED_EDGE('',*,*,#16518,.F.);
#16557 = ORIENTED_EDGE('',*,*,#16264,.T.);
#16558 = ORIENTED_EDGE('',*,*,#16559,.T.);
#16559 = EDGE_CURVE('',#16267,#16130,#16560,.T.);
#16560 = LINE('',#16561,#16562);
#16561 = CARTESIAN_POINT('',(2.349333333333,-2.399333333333,
    -0.400666666667));
#16562 = VECTOR('',#16563,1.);
#16563 = DIRECTION('',(-0.57735026919,0.57735026919,-0.57735026919));
#16564 = ORIENTED_EDGE('',*,*,#16321,.T.);
#16565 = PLANE('',#16566);
#16566 = AXIS2_PLACEMENT_3D('',#16567,#16568,#16569);
#16567 = CARTESIAN_POINT('',(2.348,-2.4,-0.4));
#16568 = DIRECTION('',(0.,0.707106781187,0.707106781187));
#16569 = DIRECTION('',(1.,0.,-0.));
#16570 = ADVANCED_FACE('',(#16571),#16577,.T.);
#16571 = FACE_BOUND('',#16572,.T.);
#16572 = EDGE_LOOP('',(#16573,#16574,#16575,#16576));
#16573 = ORIENTED_EDGE('',*,*,#16542,.F.);
#16574 = ORIENTED_EDGE('',*,*,#16137,.T.);
#16575 = ORIENTED_EDGE('',*,*,#16559,.F.);
#16576 = ORIENTED_EDGE('',*,*,#16290,.T.);
#16577 = PLANE('',#16578);
#16578 = AXIS2_PLACEMENT_3D('',#16579,#16580,#16581);
#16579 = CARTESIAN_POINT('',(2.35,-2.4,1.));
#16580 = DIRECTION('',(-0.707106781187,-0.707106781187,0.));
#16581 = DIRECTION('',(0.,0.,1.));
#16582 = ( GEOMETRIC_REPRESENTATION_CONTEXT(3) 
GLOBAL_UNCERTAINTY_ASSIGNED_CONTEXT((#16586)) 
GLOBAL_UNIT_ASSIGNED_CONTEXT((#16583,#16584,#16585)) 
REPRESENTATION_CONTEXT('Context #1',
  '3D Context with UNIT and UNCERTAINTY') );
#16583 = ( LENGTH_UNIT() NAMED_UNIT(*) SI_UNIT(.MILLI.,.METRE.) );
#16584 = ( NAMED_UNIT(*) PLANE_ANGLE_UNIT() SI_UNIT($,.RADIAN.) );
#16585 = ( NAMED_UNIT(*) SI_UNIT($,.STERADIAN.) SOLID_ANGLE_UNIT() );
#16586 = UNCERTAINTY_MEASURE_WITH_UNIT(LENGTH_MEASURE(1.E-07),#16583,
  'distance_accuracy_value','confusion accuracy');
#16587 = CONTEXT_DEPENDENT_SHAPE_REPRESENTATION(#16588,#16590);
#16588 = ( REPRESENTATION_RELATIONSHIP('','',#16103,#817) 
REPRESENTATION_RELATIONSHIP_WITH_TRANSFORMATION(#16589) 
SHAPE_REPRESENTATION_RELATIONSHIP() );
#16589 = ITEM_DEFINED_TRANSFORMATION('','',#11,#894);
#16590 = PRODUCT_DEFINITION_SHAPE('Placement','Placement of an item',
  #16591);
#16591 = NEXT_ASSEMBLY_USAGE_OCCURRENCE('98','=>[0:1:1:23]','',#812,
  #16098,$);
#16592 = PRODUCT_RELATED_PRODUCT_CATEGORY('part',$,(#16100));
#16593 = SHAPE_DEFINITION_REPRESENTATION(#16594,#16600);
#16594 = PRODUCT_DEFINITION_SHAPE('','',#16595);
#16595 = PRODUCT_DEFINITION('design','',#16596,#16599);
#16596 = PRODUCT_DEFINITION_FORMATION('','',#16597);
#16597 = PRODUCT('Part 10','Part 10','',(#16598));
#16598 = PRODUCT_CONTEXT('',#2,'mechanical');
#16599 = PRODUCT_DEFINITION_CONTEXT('part definition',#2,'design');
#16600 = ADVANCED_BREP_SHAPE_REPRESENTATION('',(#11,#16601),#17079);
#16601 = MANIFOLD_SOLID_BREP('',#16602);
#16602 = CLOSED_SHELL('',(#16603,#16677,#16751,#16791,#16813,#16830,
    #16847,#16887,#16909,#16926,#16943,#16965,#16982,#16999,#17011,
    #17033,#17050,#17067));
#16603 = ADVANCED_FACE('',(#16604),#16672,.F.);
#16604 = FACE_BOUND('',#16605,.T.);
#16605 = EDGE_LOOP('',(#16606,#16616,#16624,#16632,#16641,#16649,#16657,
    #16665));
#16606 = ORIENTED_EDGE('',*,*,#16607,.T.);
#16607 = EDGE_CURVE('',#16608,#16610,#16612,.T.);
#16608 = VERTEX_POINT('',#16609);
#16609 = CARTESIAN_POINT('',(3.35,0.35,5.E-02));
#16610 = VERTEX_POINT('',#16611);
#16611 = CARTESIAN_POINT('',(3.35,0.35,2.9));
#16612 = LINE('',#16613,#16614);
#16613 = CARTESIAN_POINT('',(3.35,0.35,1.525));
#16614 = VECTOR('',#16615,1.);
#16615 = DIRECTION('',(0.,5.512892402469E-17,1.));
#16616 = ORIENTED_EDGE('',*,*,#16617,.T.);
#16617 = EDGE_CURVE('',#16610,#16618,#16620,.T.);
#16618 = VERTEX_POINT('',#16619);
#16619 = CARTESIAN_POINT('',(3.35,0.65,2.9));
#16620 = LINE('',#16621,#16622);
#16621 = CARTESIAN_POINT('',(3.35,0.65,2.9));
#16622 = VECTOR('',#16623,1.);
#16623 = DIRECTION('',(0.,1.,0.));
#16624 = ORIENTED_EDGE('',*,*,#16625,.T.);
#16625 = EDGE_CURVE('',#16618,#16626,#16628,.T.);
#16626 = VERTEX_POINT('',#16627);
#16627 = CARTESIAN_POINT('',(3.35,0.65,5.E-02));
#16628 = LINE('',#16629,#16630);
#16629 = CARTESIAN_POINT('',(3.35,0.65,1.525));
#16630 = VECTOR('',#16631,1.);
#16631 = DIRECTION('',(0.,-1.837630800823E-16,-1.));
#16632 = ORIENTED_EDGE('',*,*,#16633,.T.);
#16633 = EDGE_CURVE('',#16626,#16634,#16636,.T.);
#16634 = VERTEX_POINT('',#16635);
#16635 = CARTESIAN_POINT('',(3.35,0.8,-0.1));
#16636 = CIRCLE('',#16637,0.15);
#16637 = AXIS2_PLACEMENT_3D('',#16638,#16639,#16640);
#16638 = CARTESIAN_POINT('',(3.35,0.8,5.E-02));
#16639 = DIRECTION('',(1.,0.,0.));
#16640 = DIRECTION('',(0.,0.,-1.));
#16641 = ORIENTED_EDGE('',*,*,#16642,.T.);
#16642 = EDGE_CURVE('',#16634,#16643,#16645,.T.);
#16643 = VERTEX_POINT('',#16644);
#16644 = CARTESIAN_POINT('',(3.35,2.4,-0.1));
#16645 = LINE('',#16646,#16647);
#16646 = CARTESIAN_POINT('',(3.35,1.65,-0.1));
#16647 = VECTOR('',#16648,1.);
#16648 = DIRECTION('',(0.,1.,0.));
#16649 = ORIENTED_EDGE('',*,*,#16650,.T.);
#16650 = EDGE_CURVE('',#16643,#16651,#16653,.T.);
#16651 = VERTEX_POINT('',#16652);
#16652 = CARTESIAN_POINT('',(3.35,2.4,-0.4));
#16653 = LINE('',#16654,#16655);
#16654 = CARTESIAN_POINT('',(3.35,2.4,-0.4));
#16655 = VECTOR('',#16656,1.);
#16656 = DIRECTION('',(0.,0.,-1.));
#16657 = ORIENTED_EDGE('',*,*,#16658,.T.);
#16658 = EDGE_CURVE('',#16651,#16659,#16661,.T.);
#16659 = VERTEX_POINT('',#16660);
#16660 = CARTESIAN_POINT('',(3.35,0.8,-0.4));
#16661 = LINE('',#16662,#16663);
#16662 = CARTESIAN_POINT('',(3.35,1.65,-0.4));
#16663 = VECTOR('',#16664,1.);
#16664 = DIRECTION('',(0.,-1.,1.27553196763E-16));
#16665 = ORIENTED_EDGE('',*,*,#16666,.F.);
#16666 = EDGE_CURVE('',#16608,#16659,#16667,.T.);
#16667 = CIRCLE('',#16668,0.45);
#16668 = AXIS2_PLACEMENT_3D('',#16669,#16670,#16671);
#16669 = CARTESIAN_POINT('',(3.35,0.8,5.E-02));
#16670 = DIRECTION('',(1.,0.,0.));
#16671 = DIRECTION('',(0.,0.,-1.));
#16672 = PLANE('',#16673);
#16673 = AXIS2_PLACEMENT_3D('',#16674,#16675,#16676);
#16674 = CARTESIAN_POINT('',(3.35,0.5,1.));
#16675 = DIRECTION('',(1.,0.,0.));
#16676 = DIRECTION('',(0.,0.,-1.));
#16677 = ADVANCED_FACE('',(#16678),#16746,.F.);
#16678 = FACE_BOUND('',#16679,.T.);
#16679 = EDGE_LOOP('',(#16680,#16690,#16698,#16706,#16715,#16723,#16731,
    #16739));
#16680 = ORIENTED_EDGE('',*,*,#16681,.T.);
#16681 = EDGE_CURVE('',#16682,#16684,#16686,.T.);
#16682 = VERTEX_POINT('',#16683);
#16683 = CARTESIAN_POINT('',(3.65,0.65,5.E-02));
#16684 = VERTEX_POINT('',#16685);
#16685 = CARTESIAN_POINT('',(3.65,0.65,2.9));
#16686 = LINE('',#16687,#16688);
#16687 = CARTESIAN_POINT('',(3.65,0.65,1.525));
#16688 = VECTOR('',#16689,1.);
#16689 = DIRECTION('',(0.,1.837630800823E-16,1.));
#16690 = ORIENTED_EDGE('',*,*,#16691,.T.);
#16691 = EDGE_CURVE('',#16684,#16692,#16694,.T.);
#16692 = VERTEX_POINT('',#16693);
#16693 = CARTESIAN_POINT('',(3.65,0.35,2.9));
#16694 = LINE('',#16695,#16696);
#16695 = CARTESIAN_POINT('',(3.65,0.35,2.9));
#16696 = VECTOR('',#16697,1.);
#16697 = DIRECTION('',(0.,-1.,0.));
#16698 = ORIENTED_EDGE('',*,*,#16699,.T.);
#16699 = EDGE_CURVE('',#16692,#16700,#16702,.T.);
#16700 = VERTEX_POINT('',#16701);
#16701 = CARTESIAN_POINT('',(3.65,0.35,5.E-02));
#16702 = LINE('',#16703,#16704);
#16703 = CARTESIAN_POINT('',(3.65,0.35,1.525));
#16704 = VECTOR('',#16705,1.);
#16705 = DIRECTION('',(0.,-5.512892402469E-17,-1.));
#16706 = ORIENTED_EDGE('',*,*,#16707,.F.);
#16707 = EDGE_CURVE('',#16708,#16700,#16710,.T.);
#16708 = VERTEX_POINT('',#16709);
#16709 = CARTESIAN_POINT('',(3.65,0.8,-0.4));
#16710 = CIRCLE('',#16711,0.45);
#16711 = AXIS2_PLACEMENT_3D('',#16712,#16713,#16714);
#16712 = CARTESIAN_POINT('',(3.65,0.8,5.E-02));
#16713 = DIRECTION('',(-1.,0.,0.));
#16714 = DIRECTION('',(0.,0.,1.));
#16715 = ORIENTED_EDGE('',*,*,#16716,.T.);
#16716 = EDGE_CURVE('',#16708,#16717,#16719,.T.);
#16717 = VERTEX_POINT('',#16718);
#16718 = CARTESIAN_POINT('',(3.65,2.4,-0.4));
#16719 = LINE('',#16720,#16721);
#16720 = CARTESIAN_POINT('',(3.65,1.65,-0.4));
#16721 = VECTOR('',#16722,1.);
#16722 = DIRECTION('',(0.,1.,-1.27553196763E-16));
#16723 = ORIENTED_EDGE('',*,*,#16724,.T.);
#16724 = EDGE_CURVE('',#16717,#16725,#16727,.T.);
#16725 = VERTEX_POINT('',#16726);
#16726 = CARTESIAN_POINT('',(3.65,2.4,-0.1));
#16727 = LINE('',#16728,#16729);
#16728 = CARTESIAN_POINT('',(3.65,2.4,-0.1));
#16729 = VECTOR('',#16730,1.);
#16730 = DIRECTION('',(0.,0.,1.));
#16731 = ORIENTED_EDGE('',*,*,#16732,.T.);
#16732 = EDGE_CURVE('',#16725,#16733,#16735,.T.);
#16733 = VERTEX_POINT('',#16734);
#16734 = CARTESIAN_POINT('',(3.65,0.8,-0.1));
#16735 = LINE('',#16736,#16737);
#16736 = CARTESIAN_POINT('',(3.65,1.65,-0.1));
#16737 = VECTOR('',#16738,1.);
#16738 = DIRECTION('',(0.,-1.,0.));
#16739 = ORIENTED_EDGE('',*,*,#16740,.T.);
#16740 = EDGE_CURVE('',#16733,#16682,#16741,.T.);
#16741 = CIRCLE('',#16742,0.15);
#16742 = AXIS2_PLACEMENT_3D('',#16743,#16744,#16745);
#16743 = CARTESIAN_POINT('',(3.65,0.8,5.E-02));
#16744 = DIRECTION('',(-1.,0.,0.));
#16745 = DIRECTION('',(0.,0.,1.));
#16746 = PLANE('',#16747);
#16747 = AXIS2_PLACEMENT_3D('',#16748,#16749,#16750);
#16748 = CARTESIAN_POINT('',(3.65,1.425,1.3));
#16749 = DIRECTION('',(-1.,0.,0.));
#16750 = DIRECTION('',(0.,-1.,0.));
#16751 = ADVANCED_FACE('',(#16752),#16786,.T.);
#16752 = FACE_BOUND('',#16753,.T.);
#16753 = EDGE_LOOP('',(#16754,#16764,#16772,#16780));
#16754 = ORIENTED_EDGE('',*,*,#16755,.T.);
#16755 = EDGE_CURVE('',#16756,#16758,#16760,.T.);
#16756 = VERTEX_POINT('',#16757);
#16757 = CARTESIAN_POINT('',(3.55,0.55,3.));
#16758 = VERTEX_POINT('',#16759);
#16759 = CARTESIAN_POINT('',(3.45,0.55,3.));
#16760 = LINE('',#16761,#16762);
#16761 = CARTESIAN_POINT('',(3.348,0.55,3.));
#16762 = VECTOR('',#16763,1.);
#16763 = DIRECTION('',(-1.,0.,0.));
#16764 = ORIENTED_EDGE('',*,*,#16765,.T.);
#16765 = EDGE_CURVE('',#16758,#16766,#16768,.T.);
#16766 = VERTEX_POINT('',#16767);
#16767 = CARTESIAN_POINT('',(3.45,0.45,3.));
#16768 = LINE('',#16769,#16770);
#16769 = CARTESIAN_POINT('',(3.45,0.35,3.));
#16770 = VECTOR('',#16771,1.);
#16771 = DIRECTION('',(0.,-1.,0.));
#16772 = ORIENTED_EDGE('',*,*,#16773,.T.);
#16773 = EDGE_CURVE('',#16766,#16774,#16776,.T.);
#16774 = VERTEX_POINT('',#16775);
#16775 = CARTESIAN_POINT('',(3.55,0.45,3.));
#16776 = LINE('',#16777,#16778);
#16777 = CARTESIAN_POINT('',(3.348,0.45,3.));
#16778 = VECTOR('',#16779,1.);
#16779 = DIRECTION('',(1.,0.,0.));
#16780 = ORIENTED_EDGE('',*,*,#16781,.T.);
#16781 = EDGE_CURVE('',#16774,#16756,#16782,.T.);
#16782 = LINE('',#16783,#16784);
#16783 = CARTESIAN_POINT('',(3.55,0.65,3.));
#16784 = VECTOR('',#16785,1.);
#16785 = DIRECTION('',(0.,1.,0.));
#16786 = PLANE('',#16787);
#16787 = AXIS2_PLACEMENT_3D('',#16788,#16789,#16790);
#16788 = CARTESIAN_POINT('',(3.348,0.5,3.));
#16789 = DIRECTION('',(0.,0.,1.));
#16790 = DIRECTION('',(1.,0.,-0.));
#16791 = ADVANCED_FACE('',(#16792),#16808,.T.);
#16792 = FACE_BOUND('',#16793,.T.);
#16793 = EDGE_LOOP('',(#16794,#16795,#16801,#16802));
#16794 = ORIENTED_EDGE('',*,*,#16699,.F.);
#16795 = ORIENTED_EDGE('',*,*,#16796,.T.);
#16796 = EDGE_CURVE('',#16692,#16610,#16797,.T.);
#16797 = LINE('',#16798,#16799);
#16798 = CARTESIAN_POINT('',(3.348,0.35,2.9));
#16799 = VECTOR('',#16800,1.);
#16800 = DIRECTION('',(-1.,0.,0.));
#16801 = ORIENTED_EDGE('',*,*,#16607,.F.);
#16802 = ORIENTED_EDGE('',*,*,#16803,.T.);
#16803 = EDGE_CURVE('',#16608,#16700,#16804,.T.);
#16804 = LINE('',#16805,#16806);
#16805 = CARTESIAN_POINT('',(3.348,0.35,5.E-02));
#16806 = VECTOR('',#16807,1.);
#16807 = DIRECTION('',(1.,0.,0.));
#16808 = PLANE('',#16809);
#16809 = AXIS2_PLACEMENT_3D('',#16810,#16811,#16812);
#16810 = CARTESIAN_POINT('',(3.348,0.35,1.525));
#16811 = DIRECTION('',(0.,-1.,5.512892402469E-17));
#16812 = DIRECTION('',(0.,-5.512892402469E-17,-1.));
#16813 = ADVANCED_FACE('',(#16814),#16825,.T.);
#16814 = FACE_BOUND('',#16815,.T.);
#16815 = EDGE_LOOP('',(#16816,#16817,#16818,#16824));
#16816 = ORIENTED_EDGE('',*,*,#16803,.F.);
#16817 = ORIENTED_EDGE('',*,*,#16666,.T.);
#16818 = ORIENTED_EDGE('',*,*,#16819,.T.);
#16819 = EDGE_CURVE('',#16659,#16708,#16820,.T.);
#16820 = LINE('',#16821,#16822);
#16821 = CARTESIAN_POINT('',(3.348,0.8,-0.4));
#16822 = VECTOR('',#16823,1.);
#16823 = DIRECTION('',(1.,0.,0.));
#16824 = ORIENTED_EDGE('',*,*,#16707,.T.);
#16825 = CYLINDRICAL_SURFACE('',#16826,0.45);
#16826 = AXIS2_PLACEMENT_3D('',#16827,#16828,#16829);
#16827 = CARTESIAN_POINT('',(3.348,0.8,5.E-02));
#16828 = DIRECTION('',(1.,0.,0.));
#16829 = DIRECTION('',(0.,0.,-1.));
#16830 = ADVANCED_FACE('',(#16831),#16842,.T.);
#16831 = FACE_BOUND('',#16832,.T.);
#16832 = EDGE_LOOP('',(#16833,#16834,#16840,#16841));
#16833 = ORIENTED_EDGE('',*,*,#16658,.F.);
#16834 = ORIENTED_EDGE('',*,*,#16835,.T.);
#16835 = EDGE_CURVE('',#16651,#16717,#16836,.T.);
#16836 = LINE('',#16837,#16838);
#16837 = CARTESIAN_POINT('',(3.348,2.4,-0.4));
#16838 = VECTOR('',#16839,1.);
#16839 = DIRECTION('',(1.,0.,0.));
#16840 = ORIENTED_EDGE('',*,*,#16716,.F.);
#16841 = ORIENTED_EDGE('',*,*,#16819,.F.);
#16842 = PLANE('',#16843);
#16843 = AXIS2_PLACEMENT_3D('',#16844,#16845,#16846);
#16844 = CARTESIAN_POINT('',(3.348,1.65,-0.4));
#16845 = DIRECTION('',(0.,-1.27553196763E-16,-1.));
#16846 = DIRECTION('',(0.,1.,-1.27553196763E-16));
#16847 = ADVANCED_FACE('',(#16848),#16882,.T.);
#16848 = FACE_BOUND('',#16849,.T.);
#16849 = EDGE_LOOP('',(#16850,#16860,#16868,#16876));
#16850 = ORIENTED_EDGE('',*,*,#16851,.T.);
#16851 = EDGE_CURVE('',#16852,#16854,#16856,.T.);
#16852 = VERTEX_POINT('',#16853);
#16853 = CARTESIAN_POINT('',(3.55,2.5,-0.3));
#16854 = VERTEX_POINT('',#16855);
#16855 = CARTESIAN_POINT('',(3.45,2.5,-0.3));
#16856 = LINE('',#16857,#16858);
#16857 = CARTESIAN_POINT('',(3.348,2.5,-0.3));
#16858 = VECTOR('',#16859,1.);
#16859 = DIRECTION('',(-1.,0.,0.));
#16860 = ORIENTED_EDGE('',*,*,#16861,.T.);
#16861 = EDGE_CURVE('',#16854,#16862,#16864,.T.);
#16862 = VERTEX_POINT('',#16863);
#16863 = CARTESIAN_POINT('',(3.45,2.5,-0.2));
#16864 = LINE('',#16865,#16866);
#16865 = CARTESIAN_POINT('',(3.45,2.5,-0.1));
#16866 = VECTOR('',#16867,1.);
#16867 = DIRECTION('',(0.,0.,1.));
#16868 = ORIENTED_EDGE('',*,*,#16869,.T.);
#16869 = EDGE_CURVE('',#16862,#16870,#16872,.T.);
#16870 = VERTEX_POINT('',#16871);
#16871 = CARTESIAN_POINT('',(3.55,2.5,-0.2));
#16872 = LINE('',#16873,#16874);
#16873 = CARTESIAN_POINT('',(3.348,2.5,-0.2));
#16874 = VECTOR('',#16875,1.);
#16875 = DIRECTION('',(1.,0.,0.));
#16876 = ORIENTED_EDGE('',*,*,#16877,.T.);
#16877 = EDGE_CURVE('',#16870,#16852,#16878,.T.);
#16878 = LINE('',#16879,#16880);
#16879 = CARTESIAN_POINT('',(3.55,2.5,-0.4));
#16880 = VECTOR('',#16881,1.);
#16881 = DIRECTION('',(0.,0.,-1.));
#16882 = PLANE('',#16883);
#16883 = AXIS2_PLACEMENT_3D('',#16884,#16885,#16886);
#16884 = CARTESIAN_POINT('',(3.348,2.5,-0.25));
#16885 = DIRECTION('',(0.,1.,0.));
#16886 = DIRECTION('',(0.,-0.,1.));
#16887 = ADVANCED_FACE('',(#16888),#16904,.T.);
#16888 = FACE_BOUND('',#16889,.T.);
#16889 = EDGE_LOOP('',(#16890,#16891,#16897,#16898));
#16890 = ORIENTED_EDGE('',*,*,#16732,.F.);
#16891 = ORIENTED_EDGE('',*,*,#16892,.T.);
#16892 = EDGE_CURVE('',#16725,#16643,#16893,.T.);
#16893 = LINE('',#16894,#16895);
#16894 = CARTESIAN_POINT('',(3.348,2.4,-0.1));
#16895 = VECTOR('',#16896,1.);
#16896 = DIRECTION('',(-1.,0.,0.));
#16897 = ORIENTED_EDGE('',*,*,#16642,.F.);
#16898 = ORIENTED_EDGE('',*,*,#16899,.T.);
#16899 = EDGE_CURVE('',#16634,#16733,#16900,.T.);
#16900 = LINE('',#16901,#16902);
#16901 = CARTESIAN_POINT('',(3.348,0.8,-0.1));
#16902 = VECTOR('',#16903,1.);
#16903 = DIRECTION('',(1.,0.,0.));
#16904 = PLANE('',#16905);
#16905 = AXIS2_PLACEMENT_3D('',#16906,#16907,#16908);
#16906 = CARTESIAN_POINT('',(3.348,1.65,-0.1));
#16907 = DIRECTION('',(0.,0.,1.));
#16908 = DIRECTION('',(1.,0.,-0.));
#16909 = ADVANCED_FACE('',(#16910),#16921,.F.);
#16910 = FACE_BOUND('',#16911,.F.);
#16911 = EDGE_LOOP('',(#16912,#16913,#16914,#16920));
#16912 = ORIENTED_EDGE('',*,*,#16899,.T.);
#16913 = ORIENTED_EDGE('',*,*,#16740,.T.);
#16914 = ORIENTED_EDGE('',*,*,#16915,.F.);
#16915 = EDGE_CURVE('',#16626,#16682,#16916,.T.);
#16916 = LINE('',#16917,#16918);
#16917 = CARTESIAN_POINT('',(3.348,0.65,5.E-02));
#16918 = VECTOR('',#16919,1.);
#16919 = DIRECTION('',(1.,0.,0.));
#16920 = ORIENTED_EDGE('',*,*,#16633,.T.);
#16921 = CYLINDRICAL_SURFACE('',#16922,0.15);
#16922 = AXIS2_PLACEMENT_3D('',#16923,#16924,#16925);
#16923 = CARTESIAN_POINT('',(3.348,0.8,5.E-02));
#16924 = DIRECTION('',(1.,0.,0.));
#16925 = DIRECTION('',(0.,0.,-1.));
#16926 = ADVANCED_FACE('',(#16927),#16938,.T.);
#16927 = FACE_BOUND('',#16928,.T.);
#16928 = EDGE_LOOP('',(#16929,#16930,#16936,#16937));
#16929 = ORIENTED_EDGE('',*,*,#16625,.F.);
#16930 = ORIENTED_EDGE('',*,*,#16931,.T.);
#16931 = EDGE_CURVE('',#16618,#16684,#16932,.T.);
#16932 = LINE('',#16933,#16934);
#16933 = CARTESIAN_POINT('',(3.348,0.65,2.9));
#16934 = VECTOR('',#16935,1.);
#16935 = DIRECTION('',(1.,0.,0.));
#16936 = ORIENTED_EDGE('',*,*,#16681,.F.);
#16937 = ORIENTED_EDGE('',*,*,#16915,.F.);
#16938 = PLANE('',#16939);
#16939 = AXIS2_PLACEMENT_3D('',#16940,#16941,#16942);
#16940 = CARTESIAN_POINT('',(3.348,0.65,1.525));
#16941 = DIRECTION('',(0.,1.,-1.837630800823E-16));
#16942 = DIRECTION('',(0.,1.837630800823E-16,1.));
#16943 = ADVANCED_FACE('',(#16944),#16960,.T.);
#16944 = FACE_BOUND('',#16945,.T.);
#16945 = EDGE_LOOP('',(#16946,#16952,#16953,#16959));
#16946 = ORIENTED_EDGE('',*,*,#16947,.T.);
#16947 = EDGE_CURVE('',#16684,#16756,#16948,.T.);
#16948 = LINE('',#16949,#16950);
#16949 = CARTESIAN_POINT('',(3.549333333333,0.549333333333,
    3.000666666667));
#16950 = VECTOR('',#16951,1.);
#16951 = DIRECTION('',(-0.57735026919,-0.57735026919,0.57735026919));
#16952 = ORIENTED_EDGE('',*,*,#16781,.F.);
#16953 = ORIENTED_EDGE('',*,*,#16954,.F.);
#16954 = EDGE_CURVE('',#16692,#16774,#16955,.T.);
#16955 = LINE('',#16956,#16957);
#16956 = CARTESIAN_POINT('',(3.291666666667,0.708333333333,
    3.258333333333));
#16957 = VECTOR('',#16958,1.);
#16958 = DIRECTION('',(-0.57735026919,0.57735026919,0.57735026919));
#16959 = ORIENTED_EDGE('',*,*,#16691,.F.);
#16960 = PLANE('',#16961);
#16961 = AXIS2_PLACEMENT_3D('',#16962,#16963,#16964);
#16962 = CARTESIAN_POINT('',(3.65,1.425,2.9));
#16963 = DIRECTION('',(0.707106781187,0.,0.707106781187));
#16964 = DIRECTION('',(-0.,1.,0.));
#16965 = ADVANCED_FACE('',(#16966),#16977,.F.);
#16966 = FACE_BOUND('',#16967,.T.);
#16967 = EDGE_LOOP('',(#16968,#16969,#16970,#16976));
#16968 = ORIENTED_EDGE('',*,*,#16954,.T.);
#16969 = ORIENTED_EDGE('',*,*,#16773,.F.);
#16970 = ORIENTED_EDGE('',*,*,#16971,.F.);
#16971 = EDGE_CURVE('',#16610,#16766,#16972,.T.);
#16972 = LINE('',#16973,#16974);
#16973 = CARTESIAN_POINT('',(3.416,0.416,2.966));
#16974 = VECTOR('',#16975,1.);
#16975 = DIRECTION('',(0.57735026919,0.57735026919,0.57735026919));
#16976 = ORIENTED_EDGE('',*,*,#16796,.F.);
#16977 = PLANE('',#16978);
#16978 = AXIS2_PLACEMENT_3D('',#16979,#16980,#16981);
#16979 = CARTESIAN_POINT('',(3.348,0.45,3.));
#16980 = DIRECTION('',(0.,0.707106781187,-0.707106781187));
#16981 = DIRECTION('',(1.,0.,0.));
#16982 = ADVANCED_FACE('',(#16983),#16994,.F.);
#16983 = FACE_BOUND('',#16984,.T.);
#16984 = EDGE_LOOP('',(#16985,#16986,#16987,#16993));
#16985 = ORIENTED_EDGE('',*,*,#16947,.F.);
#16986 = ORIENTED_EDGE('',*,*,#16931,.F.);
#16987 = ORIENTED_EDGE('',*,*,#16988,.F.);
#16988 = EDGE_CURVE('',#16758,#16618,#16989,.T.);
#16989 = LINE('',#16990,#16991);
#16990 = CARTESIAN_POINT('',(3.349333333333,0.650666666667,
    2.899333333333));
#16991 = VECTOR('',#16992,1.);
#16992 = DIRECTION('',(-0.57735026919,0.57735026919,-0.57735026919));
#16993 = ORIENTED_EDGE('',*,*,#16755,.F.);
#16994 = PLANE('',#16995);
#16995 = AXIS2_PLACEMENT_3D('',#16996,#16997,#16998);
#16996 = CARTESIAN_POINT('',(3.348,0.65,2.9));
#16997 = DIRECTION('',(0.,-0.707106781187,-0.707106781187));
#16998 = DIRECTION('',(1.,0.,0.));
#16999 = ADVANCED_FACE('',(#17000),#17006,.T.);
#17000 = FACE_BOUND('',#17001,.T.);
#17001 = EDGE_LOOP('',(#17002,#17003,#17004,#17005));
#17002 = ORIENTED_EDGE('',*,*,#16971,.T.);
#17003 = ORIENTED_EDGE('',*,*,#16765,.F.);
#17004 = ORIENTED_EDGE('',*,*,#16988,.T.);
#17005 = ORIENTED_EDGE('',*,*,#16617,.F.);
#17006 = PLANE('',#17007);
#17007 = AXIS2_PLACEMENT_3D('',#17008,#17009,#17010);
#17008 = CARTESIAN_POINT('',(3.35,0.5,2.9));
#17009 = DIRECTION('',(-0.707106781187,0.,0.707106781187));
#17010 = DIRECTION('',(0.,-1.,0.));
#17011 = ADVANCED_FACE('',(#17012),#17028,.T.);
#17012 = FACE_BOUND('',#17013,.T.);
#17013 = EDGE_LOOP('',(#17014,#17020,#17021,#17027));
#17014 = ORIENTED_EDGE('',*,*,#17015,.F.);
#17015 = EDGE_CURVE('',#16852,#16717,#17016,.T.);
#17016 = LINE('',#17017,#17018);
#17017 = CARTESIAN_POINT('',(3.083333333333,2.966666666667,
    0.166666666667));
#17018 = VECTOR('',#17019,1.);
#17019 = DIRECTION('',(0.57735026919,-0.57735026919,-0.57735026919));
#17020 = ORIENTED_EDGE('',*,*,#16877,.F.);
#17021 = ORIENTED_EDGE('',*,*,#17022,.T.);
#17022 = EDGE_CURVE('',#16870,#16725,#17023,.T.);
#17023 = LINE('',#17024,#17025);
#17024 = CARTESIAN_POINT('',(3.482666666667,2.567333333333,
    -0.267333333333));
#17025 = VECTOR('',#17026,1.);
#17026 = DIRECTION('',(0.57735026919,-0.57735026919,0.57735026919));
#17027 = ORIENTED_EDGE('',*,*,#16724,.F.);
#17028 = PLANE('',#17029);
#17029 = AXIS2_PLACEMENT_3D('',#17030,#17031,#17032);
#17030 = CARTESIAN_POINT('',(3.65,2.4,1.3));
#17031 = DIRECTION('',(0.707106781187,0.707106781187,0.));
#17032 = DIRECTION('',(0.,0.,-1.));
#17033 = ADVANCED_FACE('',(#17034),#17045,.F.);
#17034 = FACE_BOUND('',#17035,.T.);
#17035 = EDGE_LOOP('',(#17036,#17037,#17038,#17044));
#17036 = ORIENTED_EDGE('',*,*,#17022,.F.);
#17037 = ORIENTED_EDGE('',*,*,#16869,.F.);
#17038 = ORIENTED_EDGE('',*,*,#17039,.F.);
#17039 = EDGE_CURVE('',#16643,#16862,#17040,.T.);
#17040 = LINE('',#17041,#17042);
#17041 = CARTESIAN_POINT('',(3.416,2.466,-0.166));
#17042 = VECTOR('',#17043,1.);
#17043 = DIRECTION('',(0.57735026919,0.57735026919,-0.57735026919));
#17044 = ORIENTED_EDGE('',*,*,#16892,.F.);
#17045 = PLANE('',#17046);
#17046 = AXIS2_PLACEMENT_3D('',#17047,#17048,#17049);
#17047 = CARTESIAN_POINT('',(3.348,2.5,-0.2));
#17048 = DIRECTION('',(0.,-0.707106781187,-0.707106781187));
#17049 = DIRECTION('',(1.,0.,0.));
#17050 = ADVANCED_FACE('',(#17051),#17062,.F.);
#17051 = FACE_BOUND('',#17052,.T.);
#17052 = EDGE_LOOP('',(#17053,#17054,#17055,#17061));
#17053 = ORIENTED_EDGE('',*,*,#17015,.T.);
#17054 = ORIENTED_EDGE('',*,*,#16835,.F.);
#17055 = ORIENTED_EDGE('',*,*,#17056,.F.);
#17056 = EDGE_CURVE('',#16854,#16651,#17057,.T.);
#17057 = LINE('',#17058,#17059);
#17058 = CARTESIAN_POINT('',(3.349333333333,2.399333333333,
    -0.400666666667));
#17059 = VECTOR('',#17060,1.);
#17060 = DIRECTION('',(-0.57735026919,-0.57735026919,-0.57735026919));
#17061 = ORIENTED_EDGE('',*,*,#16851,.F.);
#17062 = PLANE('',#17063);
#17063 = AXIS2_PLACEMENT_3D('',#17064,#17065,#17066);
#17064 = CARTESIAN_POINT('',(3.348,2.4,-0.4));
#17065 = DIRECTION('',(0.,-0.707106781187,0.707106781187));
#17066 = DIRECTION('',(1.,0.,0.));
#17067 = ADVANCED_FACE('',(#17068),#17074,.T.);
#17068 = FACE_BOUND('',#17069,.T.);
#17069 = EDGE_LOOP('',(#17070,#17071,#17072,#17073));
#17070 = ORIENTED_EDGE('',*,*,#17039,.T.);
#17071 = ORIENTED_EDGE('',*,*,#16861,.F.);
#17072 = ORIENTED_EDGE('',*,*,#17056,.T.);
#17073 = ORIENTED_EDGE('',*,*,#16650,.F.);
#17074 = PLANE('',#17075);
#17075 = AXIS2_PLACEMENT_3D('',#17076,#17077,#17078);
#17076 = CARTESIAN_POINT('',(3.35,2.4,1.));
#17077 = DIRECTION('',(-0.707106781187,0.707106781187,0.));
#17078 = DIRECTION('',(0.,0.,1.));
#17079 = ( GEOMETRIC_REPRESENTATION_CONTEXT(3) 
GLOBAL_UNCERTAINTY_ASSIGNED_CONTEXT((#17083)) 
GLOBAL_UNIT_ASSIGNED_CONTEXT((#17080,#17081,#17082)) 
REPRESENTATION_CONTEXT('Context #1',
  '3D Context with UNIT and UNCERTAINTY') );
#17080 = ( LENGTH_UNIT() NAMED_UNIT(*) SI_UNIT(.MILLI.,.METRE.) );
#17081 = ( NAMED_UNIT(*) PLANE_ANGLE_UNIT() SI_UNIT($,.RADIAN.) );
#17082 = ( NAMED_UNIT(*) SI_UNIT($,.STERADIAN.) SOLID_ANGLE_UNIT() );
#17083 = UNCERTAINTY_MEASURE_WITH_UNIT(LENGTH_MEASURE(1.E-07),#17080,
  'distance_accuracy_value','confusion accuracy');
#17084 = CONTEXT_DEPENDENT_SHAPE_REPRESENTATION(#17085,#17087);
#17085 = ( REPRESENTATION_RELATIONSHIP('','',#16600,#817) 
REPRESENTATION_RELATIONSHIP_WITH_TRANSFORMATION(#17086) 
SHAPE_REPRESENTATION_RELATIONSHIP() );
#17086 = ITEM_DEFINED_TRANSFORMATION('','',#11,#898);
#17087 = PRODUCT_DEFINITION_SHAPE('Placement','Placement of an item',
  #17088);
#17088 = NEXT_ASSEMBLY_USAGE_OCCURRENCE('99','=>[0:1:1:24]','',#812,
  #16595,$);
#17089 = PRODUCT_RELATED_PRODUCT_CATEGORY('part',$,(#16597));
#17090 = SHAPE_DEFINITION_REPRESENTATION(#17091,#17097);
#17091 = PRODUCT_DEFINITION_SHAPE('','',#17092);
#17092 = PRODUCT_DEFINITION('design','',#17093,#17096);
#17093 = PRODUCT_DEFINITION_FORMATION('','',#17094);
#17094 = PRODUCT('Part 25','Part 25','',(#17095));
#17095 = PRODUCT_CONTEXT('',#2,'mechanical');
#17096 = PRODUCT_DEFINITION_CONTEXT('part definition',#2,'design');
#17097 = ADVANCED_BREP_SHAPE_REPRESENTATION('',(#11,#17098),#17576);
#17098 = MANIFOLD_SOLID_BREP('',#17099);
#17099 = CLOSED_SHELL('',(#17100,#17174,#17205,#17230,#17254,#17294,
    #17325,#17350,#17374,#17414,#17440,#17462,#17479,#17496,#17508,
    #17530,#17547,#17564));
#17100 = ADVANCED_FACE('',(#17101),#17169,.F.);
#17101 = FACE_BOUND('',#17102,.T.);
#17102 = EDGE_LOOP('',(#17103,#17113,#17122,#17130,#17138,#17146,#17155,
    #17163));
#17103 = ORIENTED_EDGE('',*,*,#17104,.F.);
#17104 = EDGE_CURVE('',#17105,#17107,#17109,.T.);
#17105 = VERTEX_POINT('',#17106);
#17106 = CARTESIAN_POINT('',(10.35,-0.35,5.E-02));
#17107 = VERTEX_POINT('',#17108);
#17108 = CARTESIAN_POINT('',(10.35,-0.35,2.9));
#17109 = LINE('',#17110,#17111);
#17110 = CARTESIAN_POINT('',(10.35,-0.35,1.525));
#17111 = VECTOR('',#17112,1.);
#17112 = DIRECTION('',(0.,-5.512892402469E-17,1.));
#17113 = ORIENTED_EDGE('',*,*,#17114,.T.);
#17114 = EDGE_CURVE('',#17105,#17115,#17117,.T.);
#17115 = VERTEX_POINT('',#17116);
#17116 = CARTESIAN_POINT('',(10.35,-0.8,-0.4));
#17117 = CIRCLE('',#17118,0.45);
#17118 = AXIS2_PLACEMENT_3D('',#17119,#17120,#17121);
#17119 = CARTESIAN_POINT('',(10.35,-0.8,5.E-02));
#17120 = DIRECTION('',(-1.,0.,0.));
#17121 = DIRECTION('',(0.,0.,-1.));
#17122 = ORIENTED_EDGE('',*,*,#17123,.F.);
#17123 = EDGE_CURVE('',#17124,#17115,#17126,.T.);
#17124 = VERTEX_POINT('',#17125);
#17125 = CARTESIAN_POINT('',(10.35,-2.4,-0.4));
#17126 = LINE('',#17127,#17128);
#17127 = CARTESIAN_POINT('',(10.35,-1.65,-0.4));
#17128 = VECTOR('',#17129,1.);
#17129 = DIRECTION('',(0.,1.,1.27553196763E-16));
#17130 = ORIENTED_EDGE('',*,*,#17131,.F.);
#17131 = EDGE_CURVE('',#17132,#17124,#17134,.T.);
#17132 = VERTEX_POINT('',#17133);
#17133 = CARTESIAN_POINT('',(10.35,-2.4,-0.1));
#17134 = LINE('',#17135,#17136);
#17135 = CARTESIAN_POINT('',(10.35,-2.4,-0.4));
#17136 = VECTOR('',#17137,1.);
#17137 = DIRECTION('',(0.,0.,-1.));
#17138 = ORIENTED_EDGE('',*,*,#17139,.F.);
#17139 = EDGE_CURVE('',#17140,#17132,#17142,.T.);
#17140 = VERTEX_POINT('',#17141);
#17141 = CARTESIAN_POINT('',(10.35,-0.8,-0.1));
#17142 = LINE('',#17143,#17144);
#17143 = CARTESIAN_POINT('',(10.35,-1.65,-0.1));
#17144 = VECTOR('',#17145,1.);
#17145 = DIRECTION('',(0.,-1.,0.));
#17146 = ORIENTED_EDGE('',*,*,#17147,.F.);
#17147 = EDGE_CURVE('',#17148,#17140,#17150,.T.);
#17148 = VERTEX_POINT('',#17149);
#17149 = CARTESIAN_POINT('',(10.35,-0.65,5.E-02));
#17150 = CIRCLE('',#17151,0.15);
#17151 = AXIS2_PLACEMENT_3D('',#17152,#17153,#17154);
#17152 = CARTESIAN_POINT('',(10.35,-0.8,5.E-02));
#17153 = DIRECTION('',(-1.,0.,0.));
#17154 = DIRECTION('',(0.,0.,-1.));
#17155 = ORIENTED_EDGE('',*,*,#17156,.F.);
#17156 = EDGE_CURVE('',#17157,#17148,#17159,.T.);
#17157 = VERTEX_POINT('',#17158);
#17158 = CARTESIAN_POINT('',(10.35,-0.65,2.9));
#17159 = LINE('',#17160,#17161);
#17160 = CARTESIAN_POINT('',(10.35,-0.65,1.525));
#17161 = VECTOR('',#17162,1.);
#17162 = DIRECTION('',(0.,1.837630800823E-16,-1.));
#17163 = ORIENTED_EDGE('',*,*,#17164,.F.);
#17164 = EDGE_CURVE('',#17107,#17157,#17165,.T.);
#17165 = LINE('',#17166,#17167);
#17166 = CARTESIAN_POINT('',(10.35,-0.65,2.9));
#17167 = VECTOR('',#17168,1.);
#17168 = DIRECTION('',(0.,-1.,0.));
#17169 = PLANE('',#17170);
#17170 = AXIS2_PLACEMENT_3D('',#17171,#17172,#17173);
#17171 = CARTESIAN_POINT('',(10.35,-0.5,1.));
#17172 = DIRECTION('',(1.,0.,0.));
#17173 = DIRECTION('',(0.,0.,-1.));
#17174 = ADVANCED_FACE('',(#17175),#17200,.T.);
#17175 = FACE_BOUND('',#17176,.T.);
#17176 = EDGE_LOOP('',(#17177,#17178,#17186,#17194));
#17177 = ORIENTED_EDGE('',*,*,#17156,.T.);
#17178 = ORIENTED_EDGE('',*,*,#17179,.T.);
#17179 = EDGE_CURVE('',#17148,#17180,#17182,.T.);
#17180 = VERTEX_POINT('',#17181);
#17181 = CARTESIAN_POINT('',(10.65,-0.65,5.E-02));
#17182 = LINE('',#17183,#17184);
#17183 = CARTESIAN_POINT('',(10.348,-0.65,5.E-02));
#17184 = VECTOR('',#17185,1.);
#17185 = DIRECTION('',(1.,0.,0.));
#17186 = ORIENTED_EDGE('',*,*,#17187,.T.);
#17187 = EDGE_CURVE('',#17180,#17188,#17190,.T.);
#17188 = VERTEX_POINT('',#17189);
#17189 = CARTESIAN_POINT('',(10.65,-0.65,2.9));
#17190 = LINE('',#17191,#17192);
#17191 = CARTESIAN_POINT('',(10.65,-0.65,1.525));
#17192 = VECTOR('',#17193,1.);
#17193 = DIRECTION('',(0.,-1.837630800823E-16,1.));
#17194 = ORIENTED_EDGE('',*,*,#17195,.F.);
#17195 = EDGE_CURVE('',#17157,#17188,#17196,.T.);
#17196 = LINE('',#17197,#17198);
#17197 = CARTESIAN_POINT('',(10.348,-0.65,2.9));
#17198 = VECTOR('',#17199,1.);
#17199 = DIRECTION('',(1.,0.,0.));
#17200 = PLANE('',#17201);
#17201 = AXIS2_PLACEMENT_3D('',#17202,#17203,#17204);
#17202 = CARTESIAN_POINT('',(10.348,-0.65,1.525));
#17203 = DIRECTION('',(0.,-1.,-1.837630800823E-16));
#17204 = DIRECTION('',(0.,-1.837630800823E-16,1.));
#17205 = ADVANCED_FACE('',(#17206),#17225,.F.);
#17206 = FACE_BOUND('',#17207,.F.);
#17207 = EDGE_LOOP('',(#17208,#17209,#17218,#17224));
#17208 = ORIENTED_EDGE('',*,*,#17179,.T.);
#17209 = ORIENTED_EDGE('',*,*,#17210,.F.);
#17210 = EDGE_CURVE('',#17211,#17180,#17213,.T.);
#17211 = VERTEX_POINT('',#17212);
#17212 = CARTESIAN_POINT('',(10.65,-0.8,-0.1));
#17213 = CIRCLE('',#17214,0.15);
#17214 = AXIS2_PLACEMENT_3D('',#17215,#17216,#17217);
#17215 = CARTESIAN_POINT('',(10.65,-0.8,5.E-02));
#17216 = DIRECTION('',(1.,0.,-0.));
#17217 = DIRECTION('',(0.,0.,1.));
#17218 = ORIENTED_EDGE('',*,*,#17219,.F.);
#17219 = EDGE_CURVE('',#17140,#17211,#17220,.T.);
#17220 = LINE('',#17221,#17222);
#17221 = CARTESIAN_POINT('',(10.348,-0.8,-0.1));
#17222 = VECTOR('',#17223,1.);
#17223 = DIRECTION('',(1.,0.,0.));
#17224 = ORIENTED_EDGE('',*,*,#17147,.F.);
#17225 = CYLINDRICAL_SURFACE('',#17226,0.15);
#17226 = AXIS2_PLACEMENT_3D('',#17227,#17228,#17229);
#17227 = CARTESIAN_POINT('',(10.348,-0.8,5.E-02));
#17228 = DIRECTION('',(1.,0.,0.));
#17229 = DIRECTION('',(0.,0.,-1.));
#17230 = ADVANCED_FACE('',(#17231),#17249,.T.);
#17231 = FACE_BOUND('',#17232,.T.);
#17232 = EDGE_LOOP('',(#17233,#17241,#17242,#17243));
#17233 = ORIENTED_EDGE('',*,*,#17234,.T.);
#17234 = EDGE_CURVE('',#17235,#17211,#17237,.T.);
#17235 = VERTEX_POINT('',#17236);
#17236 = CARTESIAN_POINT('',(10.65,-2.4,-0.1));
#17237 = LINE('',#17238,#17239);
#17238 = CARTESIAN_POINT('',(10.65,-1.65,-0.1));
#17239 = VECTOR('',#17240,1.);
#17240 = DIRECTION('',(0.,1.,0.));
#17241 = ORIENTED_EDGE('',*,*,#17219,.F.);
#17242 = ORIENTED_EDGE('',*,*,#17139,.T.);
#17243 = ORIENTED_EDGE('',*,*,#17244,.F.);
#17244 = EDGE_CURVE('',#17235,#17132,#17245,.T.);
#17245 = LINE('',#17246,#17247);
#17246 = CARTESIAN_POINT('',(10.348,-2.4,-0.1));
#17247 = VECTOR('',#17248,1.);
#17248 = DIRECTION('',(-1.,0.,0.));
#17249 = PLANE('',#17250);
#17250 = AXIS2_PLACEMENT_3D('',#17251,#17252,#17253);
#17251 = CARTESIAN_POINT('',(10.348,-1.65,-0.1));
#17252 = DIRECTION('',(0.,0.,1.));
#17253 = DIRECTION('',(1.,0.,-0.));
#17254 = ADVANCED_FACE('',(#17255),#17289,.T.);
#17255 = FACE_BOUND('',#17256,.T.);
#17256 = EDGE_LOOP('',(#17257,#17267,#17275,#17283));
#17257 = ORIENTED_EDGE('',*,*,#17258,.F.);
#17258 = EDGE_CURVE('',#17259,#17261,#17263,.T.);
#17259 = VERTEX_POINT('',#17260);
#17260 = CARTESIAN_POINT('',(10.55,-2.5,-0.3));
#17261 = VERTEX_POINT('',#17262);
#17262 = CARTESIAN_POINT('',(10.45,-2.5,-0.3));
#17263 = LINE('',#17264,#17265);
#17264 = CARTESIAN_POINT('',(10.348,-2.5,-0.3));
#17265 = VECTOR('',#17266,1.);
#17266 = DIRECTION('',(-1.,0.,0.));
#17267 = ORIENTED_EDGE('',*,*,#17268,.F.);
#17268 = EDGE_CURVE('',#17269,#17259,#17271,.T.);
#17269 = VERTEX_POINT('',#17270);
#17270 = CARTESIAN_POINT('',(10.55,-2.5,-0.2));
#17271 = LINE('',#17272,#17273);
#17272 = CARTESIAN_POINT('',(10.55,-2.5,-0.4));
#17273 = VECTOR('',#17274,1.);
#17274 = DIRECTION('',(0.,0.,-1.));
#17275 = ORIENTED_EDGE('',*,*,#17276,.F.);
#17276 = EDGE_CURVE('',#17277,#17269,#17279,.T.);
#17277 = VERTEX_POINT('',#17278);
#17278 = CARTESIAN_POINT('',(10.45,-2.5,-0.2));
#17279 = LINE('',#17280,#17281);
#17280 = CARTESIAN_POINT('',(10.348,-2.5,-0.2));
#17281 = VECTOR('',#17282,1.);
#17282 = DIRECTION('',(1.,0.,0.));
#17283 = ORIENTED_EDGE('',*,*,#17284,.F.);
#17284 = EDGE_CURVE('',#17261,#17277,#17285,.T.);
#17285 = LINE('',#17286,#17287);
#17286 = CARTESIAN_POINT('',(10.45,-2.5,-0.1));
#17287 = VECTOR('',#17288,1.);
#17288 = DIRECTION('',(0.,0.,1.));
#17289 = PLANE('',#17290);
#17290 = AXIS2_PLACEMENT_3D('',#17291,#17292,#17293);
#17291 = CARTESIAN_POINT('',(10.348,-2.5,-0.25));
#17292 = DIRECTION('',(0.,-1.,0.));
#17293 = DIRECTION('',(0.,0.,1.));
#17294 = ADVANCED_FACE('',(#17295),#17320,.T.);
#17295 = FACE_BOUND('',#17296,.T.);
#17296 = EDGE_LOOP('',(#17297,#17298,#17306,#17314));
#17297 = ORIENTED_EDGE('',*,*,#17123,.T.);
#17298 = ORIENTED_EDGE('',*,*,#17299,.T.);
#17299 = EDGE_CURVE('',#17115,#17300,#17302,.T.);
#17300 = VERTEX_POINT('',#17301);
#17301 = CARTESIAN_POINT('',(10.65,-0.8,-0.4));
#17302 = LINE('',#17303,#17304);
#17303 = CARTESIAN_POINT('',(10.348,-0.8,-0.4));
#17304 = VECTOR('',#17305,1.);
#17305 = DIRECTION('',(1.,0.,0.));
#17306 = ORIENTED_EDGE('',*,*,#17307,.T.);
#17307 = EDGE_CURVE('',#17300,#17308,#17310,.T.);
#17308 = VERTEX_POINT('',#17309);
#17309 = CARTESIAN_POINT('',(10.65,-2.4,-0.4));
#17310 = LINE('',#17311,#17312);
#17311 = CARTESIAN_POINT('',(10.65,-1.65,-0.4));
#17312 = VECTOR('',#17313,1.);
#17313 = DIRECTION('',(0.,-1.,-1.27553196763E-16));
#17314 = ORIENTED_EDGE('',*,*,#17315,.F.);
#17315 = EDGE_CURVE('',#17124,#17308,#17316,.T.);
#17316 = LINE('',#17317,#17318);
#17317 = CARTESIAN_POINT('',(10.348,-2.4,-0.4));
#17318 = VECTOR('',#17319,1.);
#17319 = DIRECTION('',(1.,0.,0.));
#17320 = PLANE('',#17321);
#17321 = AXIS2_PLACEMENT_3D('',#17322,#17323,#17324);
#17322 = CARTESIAN_POINT('',(10.348,-1.65,-0.4));
#17323 = DIRECTION('',(0.,1.27553196763E-16,-1.));
#17324 = DIRECTION('',(0.,-1.,-1.27553196763E-16));
#17325 = ADVANCED_FACE('',(#17326),#17345,.T.);
#17326 = FACE_BOUND('',#17327,.T.);
#17327 = EDGE_LOOP('',(#17328,#17336,#17343,#17344));
#17328 = ORIENTED_EDGE('',*,*,#17329,.T.);
#17329 = EDGE_CURVE('',#17105,#17330,#17332,.T.);
#17330 = VERTEX_POINT('',#17331);
#17331 = CARTESIAN_POINT('',(10.65,-0.35,5.E-02));
#17332 = LINE('',#17333,#17334);
#17333 = CARTESIAN_POINT('',(10.348,-0.35,5.E-02));
#17334 = VECTOR('',#17335,1.);
#17335 = DIRECTION('',(1.,0.,0.));
#17336 = ORIENTED_EDGE('',*,*,#17337,.F.);
#17337 = EDGE_CURVE('',#17300,#17330,#17338,.T.);
#17338 = CIRCLE('',#17339,0.45);
#17339 = AXIS2_PLACEMENT_3D('',#17340,#17341,#17342);
#17340 = CARTESIAN_POINT('',(10.65,-0.8,5.E-02));
#17341 = DIRECTION('',(1.,0.,-0.));
#17342 = DIRECTION('',(0.,0.,1.));
#17343 = ORIENTED_EDGE('',*,*,#17299,.F.);
#17344 = ORIENTED_EDGE('',*,*,#17114,.F.);
#17345 = CYLINDRICAL_SURFACE('',#17346,0.45);
#17346 = AXIS2_PLACEMENT_3D('',#17347,#17348,#17349);
#17347 = CARTESIAN_POINT('',(10.348,-0.8,5.E-02));
#17348 = DIRECTION('',(1.,0.,0.));
#17349 = DIRECTION('',(0.,0.,-1.));
#17350 = ADVANCED_FACE('',(#17351),#17369,.T.);
#17351 = FACE_BOUND('',#17352,.T.);
#17352 = EDGE_LOOP('',(#17353,#17361,#17362,#17363));
#17353 = ORIENTED_EDGE('',*,*,#17354,.T.);
#17354 = EDGE_CURVE('',#17355,#17330,#17357,.T.);
#17355 = VERTEX_POINT('',#17356);
#17356 = CARTESIAN_POINT('',(10.65,-0.35,2.9));
#17357 = LINE('',#17358,#17359);
#17358 = CARTESIAN_POINT('',(10.65,-0.35,1.525));
#17359 = VECTOR('',#17360,1.);
#17360 = DIRECTION('',(0.,5.512892402469E-17,-1.));
#17361 = ORIENTED_EDGE('',*,*,#17329,.F.);
#17362 = ORIENTED_EDGE('',*,*,#17104,.T.);
#17363 = ORIENTED_EDGE('',*,*,#17364,.F.);
#17364 = EDGE_CURVE('',#17355,#17107,#17365,.T.);
#17365 = LINE('',#17366,#17367);
#17366 = CARTESIAN_POINT('',(10.348,-0.35,2.9));
#17367 = VECTOR('',#17368,1.);
#17368 = DIRECTION('',(-1.,0.,0.));
#17369 = PLANE('',#17370);
#17370 = AXIS2_PLACEMENT_3D('',#17371,#17372,#17373);
#17371 = CARTESIAN_POINT('',(10.348,-0.35,1.525));
#17372 = DIRECTION('',(0.,1.,5.512892402469E-17));
#17373 = DIRECTION('',(0.,5.512892402469E-17,-1.));
#17374 = ADVANCED_FACE('',(#17375),#17409,.T.);
#17375 = FACE_BOUND('',#17376,.T.);
#17376 = EDGE_LOOP('',(#17377,#17387,#17395,#17403));
#17377 = ORIENTED_EDGE('',*,*,#17378,.F.);
#17378 = EDGE_CURVE('',#17379,#17381,#17383,.T.);
#17379 = VERTEX_POINT('',#17380);
#17380 = CARTESIAN_POINT('',(10.55,-0.55,3.));
#17381 = VERTEX_POINT('',#17382);
#17382 = CARTESIAN_POINT('',(10.45,-0.55,3.));
#17383 = LINE('',#17384,#17385);
#17384 = CARTESIAN_POINT('',(10.348,-0.55,3.));
#17385 = VECTOR('',#17386,1.);
#17386 = DIRECTION('',(-1.,0.,0.));
#17387 = ORIENTED_EDGE('',*,*,#17388,.F.);
#17388 = EDGE_CURVE('',#17389,#17379,#17391,.T.);
#17389 = VERTEX_POINT('',#17390);
#17390 = CARTESIAN_POINT('',(10.55,-0.45,3.));
#17391 = LINE('',#17392,#17393);
#17392 = CARTESIAN_POINT('',(10.55,-0.65,3.));
#17393 = VECTOR('',#17394,1.);
#17394 = DIRECTION('',(0.,-1.,0.));
#17395 = ORIENTED_EDGE('',*,*,#17396,.F.);
#17396 = EDGE_CURVE('',#17397,#17389,#17399,.T.);
#17397 = VERTEX_POINT('',#17398);
#17398 = CARTESIAN_POINT('',(10.45,-0.45,3.));
#17399 = LINE('',#17400,#17401);
#17400 = CARTESIAN_POINT('',(10.348,-0.45,3.));
#17401 = VECTOR('',#17402,1.);
#17402 = DIRECTION('',(1.,0.,0.));
#17403 = ORIENTED_EDGE('',*,*,#17404,.F.);
#17404 = EDGE_CURVE('',#17381,#17397,#17405,.T.);
#17405 = LINE('',#17406,#17407);
#17406 = CARTESIAN_POINT('',(10.45,-0.35,3.));
#17407 = VECTOR('',#17408,1.);
#17408 = DIRECTION('',(0.,1.,0.));
#17409 = PLANE('',#17410);
#17410 = AXIS2_PLACEMENT_3D('',#17411,#17412,#17413);
#17411 = CARTESIAN_POINT('',(10.348,-0.5,3.));
#17412 = DIRECTION('',(0.,0.,1.));
#17413 = DIRECTION('',(1.,0.,-0.));
#17414 = ADVANCED_FACE('',(#17415),#17435,.F.);
#17415 = FACE_BOUND('',#17416,.T.);
#17416 = EDGE_LOOP('',(#17417,#17418,#17419,#17420,#17426,#17427,#17428,
    #17429));
#17417 = ORIENTED_EDGE('',*,*,#17187,.F.);
#17418 = ORIENTED_EDGE('',*,*,#17210,.F.);
#17419 = ORIENTED_EDGE('',*,*,#17234,.F.);
#17420 = ORIENTED_EDGE('',*,*,#17421,.F.);
#17421 = EDGE_CURVE('',#17308,#17235,#17422,.T.);
#17422 = LINE('',#17423,#17424);
#17423 = CARTESIAN_POINT('',(10.65,-2.4,-0.1));
#17424 = VECTOR('',#17425,1.);
#17425 = DIRECTION('',(0.,0.,1.));
#17426 = ORIENTED_EDGE('',*,*,#17307,.F.);
#17427 = ORIENTED_EDGE('',*,*,#17337,.T.);
#17428 = ORIENTED_EDGE('',*,*,#17354,.F.);
#17429 = ORIENTED_EDGE('',*,*,#17430,.F.);
#17430 = EDGE_CURVE('',#17188,#17355,#17431,.T.);
#17431 = LINE('',#17432,#17433);
#17432 = CARTESIAN_POINT('',(10.65,-0.35,2.9));
#17433 = VECTOR('',#17434,1.);
#17434 = DIRECTION('',(0.,1.,0.));
#17435 = PLANE('',#17436);
#17436 = AXIS2_PLACEMENT_3D('',#17437,#17438,#17439);
#17437 = CARTESIAN_POINT('',(10.65,-1.425,1.3));
#17438 = DIRECTION('',(-1.,0.,0.));
#17439 = DIRECTION('',(0.,1.,0.));
#17440 = ADVANCED_FACE('',(#17441),#17457,.T.);
#17441 = FACE_BOUND('',#17442,.T.);
#17442 = EDGE_LOOP('',(#17443,#17449,#17450,#17456));
#17443 = ORIENTED_EDGE('',*,*,#17444,.F.);
#17444 = EDGE_CURVE('',#17188,#17379,#17445,.T.);
#17445 = LINE('',#17446,#17447);
#17446 = CARTESIAN_POINT('',(10.549333333333,-0.549333333333,
    3.000666666667));
#17447 = VECTOR('',#17448,1.);
#17448 = DIRECTION('',(-0.57735026919,0.57735026919,0.57735026919));
#17449 = ORIENTED_EDGE('',*,*,#17430,.T.);
#17450 = ORIENTED_EDGE('',*,*,#17451,.T.);
#17451 = EDGE_CURVE('',#17355,#17389,#17452,.T.);
#17452 = LINE('',#17453,#17454);
#17453 = CARTESIAN_POINT('',(10.291666666667,-0.708333333333,
    3.258333333333));
#17454 = VECTOR('',#17455,1.);
#17455 = DIRECTION('',(-0.57735026919,-0.57735026919,0.57735026919));
#17456 = ORIENTED_EDGE('',*,*,#17388,.T.);
#17457 = PLANE('',#17458);
#17458 = AXIS2_PLACEMENT_3D('',#17459,#17460,#17461);
#17459 = CARTESIAN_POINT('',(10.65,-1.425,2.9));
#17460 = DIRECTION('',(0.707106781187,0.,0.707106781187));
#17461 = DIRECTION('',(0.,-1.,0.));
#17462 = ADVANCED_FACE('',(#17463),#17474,.F.);
#17463 = FACE_BOUND('',#17464,.T.);
#17464 = EDGE_LOOP('',(#17465,#17466,#17467,#17473));
#17465 = ORIENTED_EDGE('',*,*,#17451,.F.);
#17466 = ORIENTED_EDGE('',*,*,#17364,.T.);
#17467 = ORIENTED_EDGE('',*,*,#17468,.T.);
#17468 = EDGE_CURVE('',#17107,#17397,#17469,.T.);
#17469 = LINE('',#17470,#17471);
#17470 = CARTESIAN_POINT('',(10.416,-0.416,2.966));
#17471 = VECTOR('',#17472,1.);
#17472 = DIRECTION('',(0.57735026919,-0.57735026919,0.57735026919));
#17473 = ORIENTED_EDGE('',*,*,#17396,.T.);
#17474 = PLANE('',#17475);
#17475 = AXIS2_PLACEMENT_3D('',#17476,#17477,#17478);
#17476 = CARTESIAN_POINT('',(10.348,-0.45,3.));
#17477 = DIRECTION('',(0.,-0.707106781187,-0.707106781187));
#17478 = DIRECTION('',(1.,0.,0.));
#17479 = ADVANCED_FACE('',(#17480),#17491,.F.);
#17480 = FACE_BOUND('',#17481,.T.);
#17481 = EDGE_LOOP('',(#17482,#17483,#17484,#17490));
#17482 = ORIENTED_EDGE('',*,*,#17444,.T.);
#17483 = ORIENTED_EDGE('',*,*,#17378,.T.);
#17484 = ORIENTED_EDGE('',*,*,#17485,.T.);
#17485 = EDGE_CURVE('',#17381,#17157,#17486,.T.);
#17486 = LINE('',#17487,#17488);
#17487 = CARTESIAN_POINT('',(10.349333333333,-0.650666666667,
    2.899333333333));
#17488 = VECTOR('',#17489,1.);
#17489 = DIRECTION('',(-0.57735026919,-0.57735026919,-0.57735026919));
#17490 = ORIENTED_EDGE('',*,*,#17195,.T.);
#17491 = PLANE('',#17492);
#17492 = AXIS2_PLACEMENT_3D('',#17493,#17494,#17495);
#17493 = CARTESIAN_POINT('',(10.348,-0.65,2.9));
#17494 = DIRECTION('',(0.,0.707106781187,-0.707106781187));
#17495 = DIRECTION('',(1.,0.,0.));
#17496 = ADVANCED_FACE('',(#17497),#17503,.T.);
#17497 = FACE_BOUND('',#17498,.T.);
#17498 = EDGE_LOOP('',(#17499,#17500,#17501,#17502));
#17499 = ORIENTED_EDGE('',*,*,#17468,.F.);
#17500 = ORIENTED_EDGE('',*,*,#17164,.T.);
#17501 = ORIENTED_EDGE('',*,*,#17485,.F.);
#17502 = ORIENTED_EDGE('',*,*,#17404,.T.);
#17503 = PLANE('',#17504);
#17504 = AXIS2_PLACEMENT_3D('',#17505,#17506,#17507);
#17505 = CARTESIAN_POINT('',(10.35,-0.5,2.9));
#17506 = DIRECTION('',(-0.707106781187,0.,0.707106781187));
#17507 = DIRECTION('',(0.,1.,0.));
#17508 = ADVANCED_FACE('',(#17509),#17525,.T.);
#17509 = FACE_BOUND('',#17510,.T.);
#17510 = EDGE_LOOP('',(#17511,#17517,#17518,#17524));
#17511 = ORIENTED_EDGE('',*,*,#17512,.T.);
#17512 = EDGE_CURVE('',#17259,#17308,#17513,.T.);
#17513 = LINE('',#17514,#17515);
#17514 = CARTESIAN_POINT('',(10.083333333333,-2.966666666667,
    0.166666666667));
#17515 = VECTOR('',#17516,1.);
#17516 = DIRECTION('',(0.57735026919,0.57735026919,-0.57735026919));
#17517 = ORIENTED_EDGE('',*,*,#17421,.T.);
#17518 = ORIENTED_EDGE('',*,*,#17519,.F.);
#17519 = EDGE_CURVE('',#17269,#17235,#17520,.T.);
#17520 = LINE('',#17521,#17522);
#17521 = CARTESIAN_POINT('',(10.482666666667,-2.567333333333,
    -0.267333333333));
#17522 = VECTOR('',#17523,1.);
#17523 = DIRECTION('',(0.57735026919,0.57735026919,0.57735026919));
#17524 = ORIENTED_EDGE('',*,*,#17268,.T.);
#17525 = PLANE('',#17526);
#17526 = AXIS2_PLACEMENT_3D('',#17527,#17528,#17529);
#17527 = CARTESIAN_POINT('',(10.65,-2.4,1.3));
#17528 = DIRECTION('',(0.707106781187,-0.707106781187,0.));
#17529 = DIRECTION('',(0.,0.,-1.));
#17530 = ADVANCED_FACE('',(#17531),#17542,.F.);
#17531 = FACE_BOUND('',#17532,.T.);
#17532 = EDGE_LOOP('',(#17533,#17534,#17535,#17541));
#17533 = ORIENTED_EDGE('',*,*,#17519,.T.);
#17534 = ORIENTED_EDGE('',*,*,#17244,.T.);
#17535 = ORIENTED_EDGE('',*,*,#17536,.T.);
#17536 = EDGE_CURVE('',#17132,#17277,#17537,.T.);
#17537 = LINE('',#17538,#17539);
#17538 = CARTESIAN_POINT('',(10.416,-2.466,-0.166));
#17539 = VECTOR('',#17540,1.);
#17540 = DIRECTION('',(0.57735026919,-0.57735026919,-0.57735026919));
#17541 = ORIENTED_EDGE('',*,*,#17276,.T.);
#17542 = PLANE('',#17543);
#17543 = AXIS2_PLACEMENT_3D('',#17544,#17545,#17546);
#17544 = CARTESIAN_POINT('',(10.348,-2.5,-0.2));
#17545 = DIRECTION('',(0.,0.707106781187,-0.707106781187));
#17546 = DIRECTION('',(1.,0.,0.));
#17547 = ADVANCED_FACE('',(#17548),#17559,.F.);
#17548 = FACE_BOUND('',#17549,.T.);
#17549 = EDGE_LOOP('',(#17550,#17551,#17552,#17558));
#17550 = ORIENTED_EDGE('',*,*,#17512,.F.);
#17551 = ORIENTED_EDGE('',*,*,#17258,.T.);
#17552 = ORIENTED_EDGE('',*,*,#17553,.T.);
#17553 = EDGE_CURVE('',#17261,#17124,#17554,.T.);
#17554 = LINE('',#17555,#17556);
#17555 = CARTESIAN_POINT('',(10.349333333333,-2.399333333333,
    -0.400666666667));
#17556 = VECTOR('',#17557,1.);
#17557 = DIRECTION('',(-0.57735026919,0.57735026919,-0.57735026919));
#17558 = ORIENTED_EDGE('',*,*,#17315,.T.);
#17559 = PLANE('',#17560);
#17560 = AXIS2_PLACEMENT_3D('',#17561,#17562,#17563);
#17561 = CARTESIAN_POINT('',(10.348,-2.4,-0.4));
#17562 = DIRECTION('',(0.,0.707106781187,0.707106781187));
#17563 = DIRECTION('',(1.,0.,-0.));
#17564 = ADVANCED_FACE('',(#17565),#17571,.T.);
#17565 = FACE_BOUND('',#17566,.T.);
#17566 = EDGE_LOOP('',(#17567,#17568,#17569,#17570));
#17567 = ORIENTED_EDGE('',*,*,#17536,.F.);
#17568 = ORIENTED_EDGE('',*,*,#17131,.T.);
#17569 = ORIENTED_EDGE('',*,*,#17553,.F.);
#17570 = ORIENTED_EDGE('',*,*,#17284,.T.);
#17571 = PLANE('',#17572);
#17572 = AXIS2_PLACEMENT_3D('',#17573,#17574,#17575);
#17573 = CARTESIAN_POINT('',(10.35,-2.4,1.));
#17574 = DIRECTION('',(-0.707106781187,-0.707106781187,0.));
#17575 = DIRECTION('',(0.,0.,1.));
#17576 = ( GEOMETRIC_REPRESENTATION_CONTEXT(3) 
GLOBAL_UNCERTAINTY_ASSIGNED_CONTEXT((#17580)) 
GLOBAL_UNIT_ASSIGNED_CONTEXT((#17577,#17578,#17579)) 
REPRESENTATION_CONTEXT('Context #1',
  '3D Context with UNIT and UNCERTAINTY') );
#17577 = ( LENGTH_UNIT() NAMED_UNIT(*) SI_UNIT(.MILLI.,.METRE.) );
#17578 = ( NAMED_UNIT(*) PLANE_ANGLE_UNIT() SI_UNIT($,.RADIAN.) );
#17579 = ( NAMED_UNIT(*) SI_UNIT($,.STERADIAN.) SOLID_ANGLE_UNIT() );
#17580 = UNCERTAINTY_MEASURE_WITH_UNIT(LENGTH_MEASURE(1.E-07),#17577,
  'distance_accuracy_value','confusion accuracy');
#17581 = CONTEXT_DEPENDENT_SHAPE_REPRESENTATION(#17582,#17584);
#17582 = ( REPRESENTATION_RELATIONSHIP('','',#17097,#817) 
REPRESENTATION_RELATIONSHIP_WITH_TRANSFORMATION(#17583) 
SHAPE_REPRESENTATION_RELATIONSHIP() );
#17583 = ITEM_DEFINED_TRANSFORMATION('','',#11,#902);
#17584 = PRODUCT_DEFINITION_SHAPE('Placement','Placement of an item',
  #17585);
#17585 = NEXT_ASSEMBLY_USAGE_OCCURRENCE('100','=>[0:1:1:25]','',#812,
  #17092,$);
#17586 = PRODUCT_RELATED_PRODUCT_CATEGORY('part',$,(#17094));
#17587 = SHAPE_DEFINITION_REPRESENTATION(#17588,#17594);
#17588 = PRODUCT_DEFINITION_SHAPE('','',#17589);
#17589 = PRODUCT_DEFINITION('design','',#17590,#17593);
#17590 = PRODUCT_DEFINITION_FORMATION('','',#17591);
#17591 = PRODUCT('Part 11','Part 11','',(#17592));
#17592 = PRODUCT_CONTEXT('',#2,'mechanical');
#17593 = PRODUCT_DEFINITION_CONTEXT('part definition',#2,'design');
#17594 = ADVANCED_BREP_SHAPE_REPRESENTATION('',(#11,#17595),#18073);
#17595 = MANIFOLD_SOLID_BREP('',#17596);
#17596 = CLOSED_SHELL('',(#17597,#17671,#17702,#17727,#17751,#17791,
    #17822,#17847,#17871,#17911,#17937,#17959,#17976,#17993,#18005,
    #18027,#18044,#18061));
#17597 = ADVANCED_FACE('',(#17598),#17666,.F.);
#17598 = FACE_BOUND('',#17599,.T.);
#17599 = EDGE_LOOP('',(#17600,#17610,#17619,#17627,#17635,#17643,#17652,
    #17660));
#17600 = ORIENTED_EDGE('',*,*,#17601,.F.);
#17601 = EDGE_CURVE('',#17602,#17604,#17606,.T.);
#17602 = VERTEX_POINT('',#17603);
#17603 = CARTESIAN_POINT('',(3.35,-0.35,5.E-02));
#17604 = VERTEX_POINT('',#17605);
#17605 = CARTESIAN_POINT('',(3.35,-0.35,2.9));
#17606 = LINE('',#17607,#17608);
#17607 = CARTESIAN_POINT('',(3.35,-0.35,1.525));
#17608 = VECTOR('',#17609,1.);
#17609 = DIRECTION('',(0.,-5.512892402469E-17,1.));
#17610 = ORIENTED_EDGE('',*,*,#17611,.T.);
#17611 = EDGE_CURVE('',#17602,#17612,#17614,.T.);
#17612 = VERTEX_POINT('',#17613);
#17613 = CARTESIAN_POINT('',(3.35,-0.8,-0.4));
#17614 = CIRCLE('',#17615,0.45);
#17615 = AXIS2_PLACEMENT_3D('',#17616,#17617,#17618);
#17616 = CARTESIAN_POINT('',(3.35,-0.8,5.E-02));
#17617 = DIRECTION('',(-1.,0.,0.));
#17618 = DIRECTION('',(0.,0.,-1.));
#17619 = ORIENTED_EDGE('',*,*,#17620,.F.);
#17620 = EDGE_CURVE('',#17621,#17612,#17623,.T.);
#17621 = VERTEX_POINT('',#17622);
#17622 = CARTESIAN_POINT('',(3.35,-2.4,-0.4));
#17623 = LINE('',#17624,#17625);
#17624 = CARTESIAN_POINT('',(3.35,-1.65,-0.4));
#17625 = VECTOR('',#17626,1.);
#17626 = DIRECTION('',(0.,1.,1.27553196763E-16));
#17627 = ORIENTED_EDGE('',*,*,#17628,.F.);
#17628 = EDGE_CURVE('',#17629,#17621,#17631,.T.);
#17629 = VERTEX_POINT('',#17630);
#17630 = CARTESIAN_POINT('',(3.35,-2.4,-0.1));
#17631 = LINE('',#17632,#17633);
#17632 = CARTESIAN_POINT('',(3.35,-2.4,-0.4));
#17633 = VECTOR('',#17634,1.);
#17634 = DIRECTION('',(0.,0.,-1.));
#17635 = ORIENTED_EDGE('',*,*,#17636,.F.);
#17636 = EDGE_CURVE('',#17637,#17629,#17639,.T.);
#17637 = VERTEX_POINT('',#17638);
#17638 = CARTESIAN_POINT('',(3.35,-0.8,-0.1));
#17639 = LINE('',#17640,#17641);
#17640 = CARTESIAN_POINT('',(3.35,-1.65,-0.1));
#17641 = VECTOR('',#17642,1.);
#17642 = DIRECTION('',(0.,-1.,0.));
#17643 = ORIENTED_EDGE('',*,*,#17644,.F.);
#17644 = EDGE_CURVE('',#17645,#17637,#17647,.T.);
#17645 = VERTEX_POINT('',#17646);
#17646 = CARTESIAN_POINT('',(3.35,-0.65,5.E-02));
#17647 = CIRCLE('',#17648,0.15);
#17648 = AXIS2_PLACEMENT_3D('',#17649,#17650,#17651);
#17649 = CARTESIAN_POINT('',(3.35,-0.8,5.E-02));
#17650 = DIRECTION('',(-1.,0.,0.));
#17651 = DIRECTION('',(0.,0.,-1.));
#17652 = ORIENTED_EDGE('',*,*,#17653,.F.);
#17653 = EDGE_CURVE('',#17654,#17645,#17656,.T.);
#17654 = VERTEX_POINT('',#17655);
#17655 = CARTESIAN_POINT('',(3.35,-0.65,2.9));
#17656 = LINE('',#17657,#17658);
#17657 = CARTESIAN_POINT('',(3.35,-0.65,1.525));
#17658 = VECTOR('',#17659,1.);
#17659 = DIRECTION('',(0.,1.837630800823E-16,-1.));
#17660 = ORIENTED_EDGE('',*,*,#17661,.F.);
#17661 = EDGE_CURVE('',#17604,#17654,#17662,.T.);
#17662 = LINE('',#17663,#17664);
#17663 = CARTESIAN_POINT('',(3.35,-0.65,2.9));
#17664 = VECTOR('',#17665,1.);
#17665 = DIRECTION('',(0.,-1.,0.));
#17666 = PLANE('',#17667);
#17667 = AXIS2_PLACEMENT_3D('',#17668,#17669,#17670);
#17668 = CARTESIAN_POINT('',(3.35,-0.5,1.));
#17669 = DIRECTION('',(1.,0.,0.));
#17670 = DIRECTION('',(0.,0.,-1.));
#17671 = ADVANCED_FACE('',(#17672),#17697,.T.);
#17672 = FACE_BOUND('',#17673,.T.);
#17673 = EDGE_LOOP('',(#17674,#17675,#17683,#17691));
#17674 = ORIENTED_EDGE('',*,*,#17653,.T.);
#17675 = ORIENTED_EDGE('',*,*,#17676,.T.);
#17676 = EDGE_CURVE('',#17645,#17677,#17679,.T.);
#17677 = VERTEX_POINT('',#17678);
#17678 = CARTESIAN_POINT('',(3.65,-0.65,5.E-02));
#17679 = LINE('',#17680,#17681);
#17680 = CARTESIAN_POINT('',(3.348,-0.65,5.E-02));
#17681 = VECTOR('',#17682,1.);
#17682 = DIRECTION('',(1.,0.,0.));
#17683 = ORIENTED_EDGE('',*,*,#17684,.T.);
#17684 = EDGE_CURVE('',#17677,#17685,#17687,.T.);
#17685 = VERTEX_POINT('',#17686);
#17686 = CARTESIAN_POINT('',(3.65,-0.65,2.9));
#17687 = LINE('',#17688,#17689);
#17688 = CARTESIAN_POINT('',(3.65,-0.65,1.525));
#17689 = VECTOR('',#17690,1.);
#17690 = DIRECTION('',(0.,-1.837630800823E-16,1.));
#17691 = ORIENTED_EDGE('',*,*,#17692,.F.);
#17692 = EDGE_CURVE('',#17654,#17685,#17693,.T.);
#17693 = LINE('',#17694,#17695);
#17694 = CARTESIAN_POINT('',(3.348,-0.65,2.9));
#17695 = VECTOR('',#17696,1.);
#17696 = DIRECTION('',(1.,0.,0.));
#17697 = PLANE('',#17698);
#17698 = AXIS2_PLACEMENT_3D('',#17699,#17700,#17701);
#17699 = CARTESIAN_POINT('',(3.348,-0.65,1.525));
#17700 = DIRECTION('',(0.,-1.,-1.837630800823E-16));
#17701 = DIRECTION('',(0.,-1.837630800823E-16,1.));
#17702 = ADVANCED_FACE('',(#17703),#17722,.F.);
#17703 = FACE_BOUND('',#17704,.F.);
#17704 = EDGE_LOOP('',(#17705,#17706,#17715,#17721));
#17705 = ORIENTED_EDGE('',*,*,#17676,.T.);
#17706 = ORIENTED_EDGE('',*,*,#17707,.F.);
#17707 = EDGE_CURVE('',#17708,#17677,#17710,.T.);
#17708 = VERTEX_POINT('',#17709);
#17709 = CARTESIAN_POINT('',(3.65,-0.8,-0.1));
#17710 = CIRCLE('',#17711,0.15);
#17711 = AXIS2_PLACEMENT_3D('',#17712,#17713,#17714);
#17712 = CARTESIAN_POINT('',(3.65,-0.8,5.E-02));
#17713 = DIRECTION('',(1.,0.,-0.));
#17714 = DIRECTION('',(0.,0.,1.));
#17715 = ORIENTED_EDGE('',*,*,#17716,.F.);
#17716 = EDGE_CURVE('',#17637,#17708,#17717,.T.);
#17717 = LINE('',#17718,#17719);
#17718 = CARTESIAN_POINT('',(3.348,-0.8,-0.1));
#17719 = VECTOR('',#17720,1.);
#17720 = DIRECTION('',(1.,0.,0.));
#17721 = ORIENTED_EDGE('',*,*,#17644,.F.);
#17722 = CYLINDRICAL_SURFACE('',#17723,0.15);
#17723 = AXIS2_PLACEMENT_3D('',#17724,#17725,#17726);
#17724 = CARTESIAN_POINT('',(3.348,-0.8,5.E-02));
#17725 = DIRECTION('',(1.,0.,0.));
#17726 = DIRECTION('',(0.,0.,-1.));
#17727 = ADVANCED_FACE('',(#17728),#17746,.T.);
#17728 = FACE_BOUND('',#17729,.T.);
#17729 = EDGE_LOOP('',(#17730,#17738,#17739,#17740));
#17730 = ORIENTED_EDGE('',*,*,#17731,.T.);
#17731 = EDGE_CURVE('',#17732,#17708,#17734,.T.);
#17732 = VERTEX_POINT('',#17733);
#17733 = CARTESIAN_POINT('',(3.65,-2.4,-0.1));
#17734 = LINE('',#17735,#17736);
#17735 = CARTESIAN_POINT('',(3.65,-1.65,-0.1));
#17736 = VECTOR('',#17737,1.);
#17737 = DIRECTION('',(0.,1.,0.));
#17738 = ORIENTED_EDGE('',*,*,#17716,.F.);
#17739 = ORIENTED_EDGE('',*,*,#17636,.T.);
#17740 = ORIENTED_EDGE('',*,*,#17741,.F.);
#17741 = EDGE_CURVE('',#17732,#17629,#17742,.T.);
#17742 = LINE('',#17743,#17744);
#17743 = CARTESIAN_POINT('',(3.348,-2.4,-0.1));
#17744 = VECTOR('',#17745,1.);
#17745 = DIRECTION('',(-1.,0.,0.));
#17746 = PLANE('',#17747);
#17747 = AXIS2_PLACEMENT_3D('',#17748,#17749,#17750);
#17748 = CARTESIAN_POINT('',(3.348,-1.65,-0.1));
#17749 = DIRECTION('',(0.,0.,1.));
#17750 = DIRECTION('',(1.,0.,-0.));
#17751 = ADVANCED_FACE('',(#17752),#17786,.T.);
#17752 = FACE_BOUND('',#17753,.T.);
#17753 = EDGE_LOOP('',(#17754,#17764,#17772,#17780));
#17754 = ORIENTED_EDGE('',*,*,#17755,.F.);
#17755 = EDGE_CURVE('',#17756,#17758,#17760,.T.);
#17756 = VERTEX_POINT('',#17757);
#17757 = CARTESIAN_POINT('',(3.55,-2.5,-0.3));
#17758 = VERTEX_POINT('',#17759);
#17759 = CARTESIAN_POINT('',(3.45,-2.5,-0.3));
#17760 = LINE('',#17761,#17762);
#17761 = CARTESIAN_POINT('',(3.348,-2.5,-0.3));
#17762 = VECTOR('',#17763,1.);
#17763 = DIRECTION('',(-1.,0.,0.));
#17764 = ORIENTED_EDGE('',*,*,#17765,.F.);
#17765 = EDGE_CURVE('',#17766,#17756,#17768,.T.);
#17766 = VERTEX_POINT('',#17767);
#17767 = CARTESIAN_POINT('',(3.55,-2.5,-0.2));
#17768 = LINE('',#17769,#17770);
#17769 = CARTESIAN_POINT('',(3.55,-2.5,-0.4));
#17770 = VECTOR('',#17771,1.);
#17771 = DIRECTION('',(0.,0.,-1.));
#17772 = ORIENTED_EDGE('',*,*,#17773,.F.);
#17773 = EDGE_CURVE('',#17774,#17766,#17776,.T.);
#17774 = VERTEX_POINT('',#17775);
#17775 = CARTESIAN_POINT('',(3.45,-2.5,-0.2));
#17776 = LINE('',#17777,#17778);
#17777 = CARTESIAN_POINT('',(3.348,-2.5,-0.2));
#17778 = VECTOR('',#17779,1.);
#17779 = DIRECTION('',(1.,0.,0.));
#17780 = ORIENTED_EDGE('',*,*,#17781,.F.);
#17781 = EDGE_CURVE('',#17758,#17774,#17782,.T.);
#17782 = LINE('',#17783,#17784);
#17783 = CARTESIAN_POINT('',(3.45,-2.5,-0.1));
#17784 = VECTOR('',#17785,1.);
#17785 = DIRECTION('',(0.,0.,1.));
#17786 = PLANE('',#17787);
#17787 = AXIS2_PLACEMENT_3D('',#17788,#17789,#17790);
#17788 = CARTESIAN_POINT('',(3.348,-2.5,-0.25));
#17789 = DIRECTION('',(0.,-1.,0.));
#17790 = DIRECTION('',(0.,0.,1.));
#17791 = ADVANCED_FACE('',(#17792),#17817,.T.);
#17792 = FACE_BOUND('',#17793,.T.);
#17793 = EDGE_LOOP('',(#17794,#17795,#17803,#17811));
#17794 = ORIENTED_EDGE('',*,*,#17620,.T.);
#17795 = ORIENTED_EDGE('',*,*,#17796,.T.);
#17796 = EDGE_CURVE('',#17612,#17797,#17799,.T.);
#17797 = VERTEX_POINT('',#17798);
#17798 = CARTESIAN_POINT('',(3.65,-0.8,-0.4));
#17799 = LINE('',#17800,#17801);
#17800 = CARTESIAN_POINT('',(3.348,-0.8,-0.4));
#17801 = VECTOR('',#17802,1.);
#17802 = DIRECTION('',(1.,0.,0.));
#17803 = ORIENTED_EDGE('',*,*,#17804,.T.);
#17804 = EDGE_CURVE('',#17797,#17805,#17807,.T.);
#17805 = VERTEX_POINT('',#17806);
#17806 = CARTESIAN_POINT('',(3.65,-2.4,-0.4));
#17807 = LINE('',#17808,#17809);
#17808 = CARTESIAN_POINT('',(3.65,-1.65,-0.4));
#17809 = VECTOR('',#17810,1.);
#17810 = DIRECTION('',(0.,-1.,-1.27553196763E-16));
#17811 = ORIENTED_EDGE('',*,*,#17812,.F.);
#17812 = EDGE_CURVE('',#17621,#17805,#17813,.T.);
#17813 = LINE('',#17814,#17815);
#17814 = CARTESIAN_POINT('',(3.348,-2.4,-0.4));
#17815 = VECTOR('',#17816,1.);
#17816 = DIRECTION('',(1.,0.,0.));
#17817 = PLANE('',#17818);
#17818 = AXIS2_PLACEMENT_3D('',#17819,#17820,#17821);
#17819 = CARTESIAN_POINT('',(3.348,-1.65,-0.4));
#17820 = DIRECTION('',(0.,1.27553196763E-16,-1.));
#17821 = DIRECTION('',(0.,-1.,-1.27553196763E-16));
#17822 = ADVANCED_FACE('',(#17823),#17842,.T.);
#17823 = FACE_BOUND('',#17824,.T.);
#17824 = EDGE_LOOP('',(#17825,#17833,#17840,#17841));
#17825 = ORIENTED_EDGE('',*,*,#17826,.T.);
#17826 = EDGE_CURVE('',#17602,#17827,#17829,.T.);
#17827 = VERTEX_POINT('',#17828);
#17828 = CARTESIAN_POINT('',(3.65,-0.35,5.E-02));
#17829 = LINE('',#17830,#17831);
#17830 = CARTESIAN_POINT('',(3.348,-0.35,5.E-02));
#17831 = VECTOR('',#17832,1.);
#17832 = DIRECTION('',(1.,0.,0.));
#17833 = ORIENTED_EDGE('',*,*,#17834,.F.);
#17834 = EDGE_CURVE('',#17797,#17827,#17835,.T.);
#17835 = CIRCLE('',#17836,0.45);
#17836 = AXIS2_PLACEMENT_3D('',#17837,#17838,#17839);
#17837 = CARTESIAN_POINT('',(3.65,-0.8,5.E-02));
#17838 = DIRECTION('',(1.,0.,-0.));
#17839 = DIRECTION('',(0.,0.,1.));
#17840 = ORIENTED_EDGE('',*,*,#17796,.F.);
#17841 = ORIENTED_EDGE('',*,*,#17611,.F.);
#17842 = CYLINDRICAL_SURFACE('',#17843,0.45);
#17843 = AXIS2_PLACEMENT_3D('',#17844,#17845,#17846);
#17844 = CARTESIAN_POINT('',(3.348,-0.8,5.E-02));
#17845 = DIRECTION('',(1.,0.,0.));
#17846 = DIRECTION('',(0.,0.,-1.));
#17847 = ADVANCED_FACE('',(#17848),#17866,.T.);
#17848 = FACE_BOUND('',#17849,.T.);
#17849 = EDGE_LOOP('',(#17850,#17858,#17859,#17860));
#17850 = ORIENTED_EDGE('',*,*,#17851,.T.);
#17851 = EDGE_CURVE('',#17852,#17827,#17854,.T.);
#17852 = VERTEX_POINT('',#17853);
#17853 = CARTESIAN_POINT('',(3.65,-0.35,2.9));
#17854 = LINE('',#17855,#17856);
#17855 = CARTESIAN_POINT('',(3.65,-0.35,1.525));
#17856 = VECTOR('',#17857,1.);
#17857 = DIRECTION('',(0.,5.512892402469E-17,-1.));
#17858 = ORIENTED_EDGE('',*,*,#17826,.F.);
#17859 = ORIENTED_EDGE('',*,*,#17601,.T.);
#17860 = ORIENTED_EDGE('',*,*,#17861,.F.);
#17861 = EDGE_CURVE('',#17852,#17604,#17862,.T.);
#17862 = LINE('',#17863,#17864);
#17863 = CARTESIAN_POINT('',(3.348,-0.35,2.9));
#17864 = VECTOR('',#17865,1.);
#17865 = DIRECTION('',(-1.,0.,0.));
#17866 = PLANE('',#17867);
#17867 = AXIS2_PLACEMENT_3D('',#17868,#17869,#17870);
#17868 = CARTESIAN_POINT('',(3.348,-0.35,1.525));
#17869 = DIRECTION('',(0.,1.,5.512892402469E-17));
#17870 = DIRECTION('',(0.,5.512892402469E-17,-1.));
#17871 = ADVANCED_FACE('',(#17872),#17906,.T.);
#17872 = FACE_BOUND('',#17873,.T.);
#17873 = EDGE_LOOP('',(#17874,#17884,#17892,#17900));
#17874 = ORIENTED_EDGE('',*,*,#17875,.F.);
#17875 = EDGE_CURVE('',#17876,#17878,#17880,.T.);
#17876 = VERTEX_POINT('',#17877);
#17877 = CARTESIAN_POINT('',(3.55,-0.55,3.));
#17878 = VERTEX_POINT('',#17879);
#17879 = CARTESIAN_POINT('',(3.45,-0.55,3.));
#17880 = LINE('',#17881,#17882);
#17881 = CARTESIAN_POINT('',(3.348,-0.55,3.));
#17882 = VECTOR('',#17883,1.);
#17883 = DIRECTION('',(-1.,0.,0.));
#17884 = ORIENTED_EDGE('',*,*,#17885,.F.);
#17885 = EDGE_CURVE('',#17886,#17876,#17888,.T.);
#17886 = VERTEX_POINT('',#17887);
#17887 = CARTESIAN_POINT('',(3.55,-0.45,3.));
#17888 = LINE('',#17889,#17890);
#17889 = CARTESIAN_POINT('',(3.55,-0.65,3.));
#17890 = VECTOR('',#17891,1.);
#17891 = DIRECTION('',(0.,-1.,0.));
#17892 = ORIENTED_EDGE('',*,*,#17893,.F.);
#17893 = EDGE_CURVE('',#17894,#17886,#17896,.T.);
#17894 = VERTEX_POINT('',#17895);
#17895 = CARTESIAN_POINT('',(3.45,-0.45,3.));
#17896 = LINE('',#17897,#17898);
#17897 = CARTESIAN_POINT('',(3.348,-0.45,3.));
#17898 = VECTOR('',#17899,1.);
#17899 = DIRECTION('',(1.,0.,0.));
#17900 = ORIENTED_EDGE('',*,*,#17901,.F.);
#17901 = EDGE_CURVE('',#17878,#17894,#17902,.T.);
#17902 = LINE('',#17903,#17904);
#17903 = CARTESIAN_POINT('',(3.45,-0.35,3.));
#17904 = VECTOR('',#17905,1.);
#17905 = DIRECTION('',(0.,1.,0.));
#17906 = PLANE('',#17907);
#17907 = AXIS2_PLACEMENT_3D('',#17908,#17909,#17910);
#17908 = CARTESIAN_POINT('',(3.348,-0.5,3.));
#17909 = DIRECTION('',(0.,0.,1.));
#17910 = DIRECTION('',(1.,0.,-0.));
#17911 = ADVANCED_FACE('',(#17912),#17932,.F.);
#17912 = FACE_BOUND('',#17913,.T.);
#17913 = EDGE_LOOP('',(#17914,#17915,#17916,#17917,#17923,#17924,#17925,
    #17926));
#17914 = ORIENTED_EDGE('',*,*,#17684,.F.);
#17915 = ORIENTED_EDGE('',*,*,#17707,.F.);
#17916 = ORIENTED_EDGE('',*,*,#17731,.F.);
#17917 = ORIENTED_EDGE('',*,*,#17918,.F.);
#17918 = EDGE_CURVE('',#17805,#17732,#17919,.T.);
#17919 = LINE('',#17920,#17921);
#17920 = CARTESIAN_POINT('',(3.65,-2.4,-0.1));
#17921 = VECTOR('',#17922,1.);
#17922 = DIRECTION('',(0.,0.,1.));
#17923 = ORIENTED_EDGE('',*,*,#17804,.F.);
#17924 = ORIENTED_EDGE('',*,*,#17834,.T.);
#17925 = ORIENTED_EDGE('',*,*,#17851,.F.);
#17926 = ORIENTED_EDGE('',*,*,#17927,.F.);
#17927 = EDGE_CURVE('',#17685,#17852,#17928,.T.);
#17928 = LINE('',#17929,#17930);
#17929 = CARTESIAN_POINT('',(3.65,-0.35,2.9));
#17930 = VECTOR('',#17931,1.);
#17931 = DIRECTION('',(0.,1.,0.));
#17932 = PLANE('',#17933);
#17933 = AXIS2_PLACEMENT_3D('',#17934,#17935,#17936);
#17934 = CARTESIAN_POINT('',(3.65,-1.425,1.3));
#17935 = DIRECTION('',(-1.,0.,0.));
#17936 = DIRECTION('',(0.,1.,0.));
#17937 = ADVANCED_FACE('',(#17938),#17954,.T.);
#17938 = FACE_BOUND('',#17939,.T.);
#17939 = EDGE_LOOP('',(#17940,#17946,#17947,#17953));
#17940 = ORIENTED_EDGE('',*,*,#17941,.F.);
#17941 = EDGE_CURVE('',#17685,#17876,#17942,.T.);
#17942 = LINE('',#17943,#17944);
#17943 = CARTESIAN_POINT('',(3.549333333333,-0.549333333333,
    3.000666666667));
#17944 = VECTOR('',#17945,1.);
#17945 = DIRECTION('',(-0.57735026919,0.57735026919,0.57735026919));
#17946 = ORIENTED_EDGE('',*,*,#17927,.T.);
#17947 = ORIENTED_EDGE('',*,*,#17948,.T.);
#17948 = EDGE_CURVE('',#17852,#17886,#17949,.T.);
#17949 = LINE('',#17950,#17951);
#17950 = CARTESIAN_POINT('',(3.291666666667,-0.708333333333,
    3.258333333333));
#17951 = VECTOR('',#17952,1.);
#17952 = DIRECTION('',(-0.57735026919,-0.57735026919,0.57735026919));
#17953 = ORIENTED_EDGE('',*,*,#17885,.T.);
#17954 = PLANE('',#17955);
#17955 = AXIS2_PLACEMENT_3D('',#17956,#17957,#17958);
#17956 = CARTESIAN_POINT('',(3.65,-1.425,2.9));
#17957 = DIRECTION('',(0.707106781187,0.,0.707106781187));
#17958 = DIRECTION('',(0.,-1.,0.));
#17959 = ADVANCED_FACE('',(#17960),#17971,.F.);
#17960 = FACE_BOUND('',#17961,.T.);
#17961 = EDGE_LOOP('',(#17962,#17963,#17964,#17970));
#17962 = ORIENTED_EDGE('',*,*,#17948,.F.);
#17963 = ORIENTED_EDGE('',*,*,#17861,.T.);
#17964 = ORIENTED_EDGE('',*,*,#17965,.T.);
#17965 = EDGE_CURVE('',#17604,#17894,#17966,.T.);
#17966 = LINE('',#17967,#17968);
#17967 = CARTESIAN_POINT('',(3.416,-0.416,2.966));
#17968 = VECTOR('',#17969,1.);
#17969 = DIRECTION('',(0.57735026919,-0.57735026919,0.57735026919));
#17970 = ORIENTED_EDGE('',*,*,#17893,.T.);
#17971 = PLANE('',#17972);
#17972 = AXIS2_PLACEMENT_3D('',#17973,#17974,#17975);
#17973 = CARTESIAN_POINT('',(3.348,-0.45,3.));
#17974 = DIRECTION('',(0.,-0.707106781187,-0.707106781187));
#17975 = DIRECTION('',(1.,0.,0.));
#17976 = ADVANCED_FACE('',(#17977),#17988,.F.);
#17977 = FACE_BOUND('',#17978,.T.);
#17978 = EDGE_LOOP('',(#17979,#17980,#17981,#17987));
#17979 = ORIENTED_EDGE('',*,*,#17941,.T.);
#17980 = ORIENTED_EDGE('',*,*,#17875,.T.);
#17981 = ORIENTED_EDGE('',*,*,#17982,.T.);
#17982 = EDGE_CURVE('',#17878,#17654,#17983,.T.);
#17983 = LINE('',#17984,#17985);
#17984 = CARTESIAN_POINT('',(3.349333333333,-0.650666666667,
    2.899333333333));
#17985 = VECTOR('',#17986,1.);
#17986 = DIRECTION('',(-0.57735026919,-0.57735026919,-0.57735026919));
#17987 = ORIENTED_EDGE('',*,*,#17692,.T.);
#17988 = PLANE('',#17989);
#17989 = AXIS2_PLACEMENT_3D('',#17990,#17991,#17992);
#17990 = CARTESIAN_POINT('',(3.348,-0.65,2.9));
#17991 = DIRECTION('',(0.,0.707106781187,-0.707106781187));
#17992 = DIRECTION('',(1.,0.,0.));
#17993 = ADVANCED_FACE('',(#17994),#18000,.T.);
#17994 = FACE_BOUND('',#17995,.T.);
#17995 = EDGE_LOOP('',(#17996,#17997,#17998,#17999));
#17996 = ORIENTED_EDGE('',*,*,#17965,.F.);
#17997 = ORIENTED_EDGE('',*,*,#17661,.T.);
#17998 = ORIENTED_EDGE('',*,*,#17982,.F.);
#17999 = ORIENTED_EDGE('',*,*,#17901,.T.);
#18000 = PLANE('',#18001);
#18001 = AXIS2_PLACEMENT_3D('',#18002,#18003,#18004);
#18002 = CARTESIAN_POINT('',(3.35,-0.5,2.9));
#18003 = DIRECTION('',(-0.707106781187,0.,0.707106781187));
#18004 = DIRECTION('',(0.,1.,0.));
#18005 = ADVANCED_FACE('',(#18006),#18022,.T.);
#18006 = FACE_BOUND('',#18007,.T.);
#18007 = EDGE_LOOP('',(#18008,#18014,#18015,#18021));
#18008 = ORIENTED_EDGE('',*,*,#18009,.T.);
#18009 = EDGE_CURVE('',#17756,#17805,#18010,.T.);
#18010 = LINE('',#18011,#18012);
#18011 = CARTESIAN_POINT('',(3.083333333333,-2.966666666667,
    0.166666666667));
#18012 = VECTOR('',#18013,1.);
#18013 = DIRECTION('',(0.57735026919,0.57735026919,-0.57735026919));
#18014 = ORIENTED_EDGE('',*,*,#17918,.T.);
#18015 = ORIENTED_EDGE('',*,*,#18016,.F.);
#18016 = EDGE_CURVE('',#17766,#17732,#18017,.T.);
#18017 = LINE('',#18018,#18019);
#18018 = CARTESIAN_POINT('',(3.482666666667,-2.567333333333,
    -0.267333333333));
#18019 = VECTOR('',#18020,1.);
#18020 = DIRECTION('',(0.57735026919,0.57735026919,0.57735026919));
#18021 = ORIENTED_EDGE('',*,*,#17765,.T.);
#18022 = PLANE('',#18023);
#18023 = AXIS2_PLACEMENT_3D('',#18024,#18025,#18026);
#18024 = CARTESIAN_POINT('',(3.65,-2.4,1.3));
#18025 = DIRECTION('',(0.707106781187,-0.707106781187,0.));
#18026 = DIRECTION('',(0.,0.,-1.));
#18027 = ADVANCED_FACE('',(#18028),#18039,.F.);
#18028 = FACE_BOUND('',#18029,.T.);
#18029 = EDGE_LOOP('',(#18030,#18031,#18032,#18038));
#18030 = ORIENTED_EDGE('',*,*,#18016,.T.);
#18031 = ORIENTED_EDGE('',*,*,#17741,.T.);
#18032 = ORIENTED_EDGE('',*,*,#18033,.T.);
#18033 = EDGE_CURVE('',#17629,#17774,#18034,.T.);
#18034 = LINE('',#18035,#18036);
#18035 = CARTESIAN_POINT('',(3.416,-2.466,-0.166));
#18036 = VECTOR('',#18037,1.);
#18037 = DIRECTION('',(0.57735026919,-0.57735026919,-0.57735026919));
#18038 = ORIENTED_EDGE('',*,*,#17773,.T.);
#18039 = PLANE('',#18040);
#18040 = AXIS2_PLACEMENT_3D('',#18041,#18042,#18043);
#18041 = CARTESIAN_POINT('',(3.348,-2.5,-0.2));
#18042 = DIRECTION('',(0.,0.707106781187,-0.707106781187));
#18043 = DIRECTION('',(1.,0.,0.));
#18044 = ADVANCED_FACE('',(#18045),#18056,.F.);
#18045 = FACE_BOUND('',#18046,.T.);
#18046 = EDGE_LOOP('',(#18047,#18048,#18049,#18055));
#18047 = ORIENTED_EDGE('',*,*,#18009,.F.);
#18048 = ORIENTED_EDGE('',*,*,#17755,.T.);
#18049 = ORIENTED_EDGE('',*,*,#18050,.T.);
#18050 = EDGE_CURVE('',#17758,#17621,#18051,.T.);
#18051 = LINE('',#18052,#18053);
#18052 = CARTESIAN_POINT('',(3.349333333333,-2.399333333333,
    -0.400666666667));
#18053 = VECTOR('',#18054,1.);
#18054 = DIRECTION('',(-0.57735026919,0.57735026919,-0.57735026919));
#18055 = ORIENTED_EDGE('',*,*,#17812,.T.);
#18056 = PLANE('',#18057);
#18057 = AXIS2_PLACEMENT_3D('',#18058,#18059,#18060);
#18058 = CARTESIAN_POINT('',(3.348,-2.4,-0.4));
#18059 = DIRECTION('',(0.,0.707106781187,0.707106781187));
#18060 = DIRECTION('',(1.,0.,-0.));
#18061 = ADVANCED_FACE('',(#18062),#18068,.T.);
#18062 = FACE_BOUND('',#18063,.T.);
#18063 = EDGE_LOOP('',(#18064,#18065,#18066,#18067));
#18064 = ORIENTED_EDGE('',*,*,#18033,.F.);
#18065 = ORIENTED_EDGE('',*,*,#17628,.T.);
#18066 = ORIENTED_EDGE('',*,*,#18050,.F.);
#18067 = ORIENTED_EDGE('',*,*,#17781,.T.);
#18068 = PLANE('',#18069);
#18069 = AXIS2_PLACEMENT_3D('',#18070,#18071,#18072);
#18070 = CARTESIAN_POINT('',(3.35,-2.4,1.));
#18071 = DIRECTION('',(-0.707106781187,-0.707106781187,0.));
#18072 = DIRECTION('',(0.,0.,1.));
#18073 = ( GEOMETRIC_REPRESENTATION_CONTEXT(3) 
GLOBAL_UNCERTAINTY_ASSIGNED_CONTEXT((#18077)) 
GLOBAL_UNIT_ASSIGNED_CONTEXT((#18074,#18075,#18076)) 
REPRESENTATION_CONTEXT('Context #1',
  '3D Context with UNIT and UNCERTAINTY') );
#18074 = ( LENGTH_UNIT() NAMED_UNIT(*) SI_UNIT(.MILLI.,.METRE.) );
#18075 = ( NAMED_UNIT(*) PLANE_ANGLE_UNIT() SI_UNIT($,.RADIAN.) );
#18076 = ( NAMED_UNIT(*) SI_UNIT($,.STERADIAN.) SOLID_ANGLE_UNIT() );
#18077 = UNCERTAINTY_MEASURE_WITH_UNIT(LENGTH_MEASURE(1.E-07),#18074,
  'distance_accuracy_value','confusion accuracy');
#18078 = CONTEXT_DEPENDENT_SHAPE_REPRESENTATION(#18079,#18081);
#18079 = ( REPRESENTATION_RELATIONSHIP('','',#17594,#817) 
REPRESENTATION_RELATIONSHIP_WITH_TRANSFORMATION(#18080) 
SHAPE_REPRESENTATION_RELATIONSHIP() );
#18080 = ITEM_DEFINED_TRANSFORMATION('','',#11,#906);
#18081 = PRODUCT_DEFINITION_SHAPE('Placement','Placement of an item',
  #18082);
#18082 = NEXT_ASSEMBLY_USAGE_OCCURRENCE('101','=>[0:1:1:26]','',#812,
  #17589,$);
#18083 = PRODUCT_RELATED_PRODUCT_CATEGORY('part',$,(#17591));
#18084 = SHAPE_DEFINITION_REPRESENTATION(#18085,#18091);
#18085 = PRODUCT_DEFINITION_SHAPE('','',#18086);
#18086 = PRODUCT_DEFINITION('design','',#18087,#18090);
#18087 = PRODUCT_DEFINITION_FORMATION('','',#18088);
#18088 = PRODUCT('Part 24','Part 24','',(#18089));
#18089 = PRODUCT_CONTEXT('',#2,'mechanical');
#18090 = PRODUCT_DEFINITION_CONTEXT('part definition',#2,'design');
#18091 = ADVANCED_BREP_SHAPE_REPRESENTATION('',(#11,#18092),#18570);
#18092 = MANIFOLD_SOLID_BREP('',#18093);
#18093 = CLOSED_SHELL('',(#18094,#18168,#18242,#18282,#18304,#18321,
    #18338,#18378,#18400,#18417,#18434,#18456,#18473,#18490,#18502,
    #18524,#18541,#18558));
#18094 = ADVANCED_FACE('',(#18095),#18163,.F.);
#18095 = FACE_BOUND('',#18096,.T.);
#18096 = EDGE_LOOP('',(#18097,#18107,#18115,#18123,#18132,#18140,#18148,
    #18156));
#18097 = ORIENTED_EDGE('',*,*,#18098,.T.);
#18098 = EDGE_CURVE('',#18099,#18101,#18103,.T.);
#18099 = VERTEX_POINT('',#18100);
#18100 = CARTESIAN_POINT('',(10.35,0.35,5.E-02));
#18101 = VERTEX_POINT('',#18102);
#18102 = CARTESIAN_POINT('',(10.35,0.35,2.9));
#18103 = LINE('',#18104,#18105);
#18104 = CARTESIAN_POINT('',(10.35,0.35,1.525));
#18105 = VECTOR('',#18106,1.);
#18106 = DIRECTION('',(0.,5.512892402469E-17,1.));
#18107 = ORIENTED_EDGE('',*,*,#18108,.T.);
#18108 = EDGE_CURVE('',#18101,#18109,#18111,.T.);
#18109 = VERTEX_POINT('',#18110);
#18110 = CARTESIAN_POINT('',(10.35,0.65,2.9));
#18111 = LINE('',#18112,#18113);
#18112 = CARTESIAN_POINT('',(10.35,0.65,2.9));
#18113 = VECTOR('',#18114,1.);
#18114 = DIRECTION('',(0.,1.,0.));
#18115 = ORIENTED_EDGE('',*,*,#18116,.T.);
#18116 = EDGE_CURVE('',#18109,#18117,#18119,.T.);
#18117 = VERTEX_POINT('',#18118);
#18118 = CARTESIAN_POINT('',(10.35,0.65,5.E-02));
#18119 = LINE('',#18120,#18121);
#18120 = CARTESIAN_POINT('',(10.35,0.65,1.525));
#18121 = VECTOR('',#18122,1.);
#18122 = DIRECTION('',(0.,-1.837630800823E-16,-1.));
#18123 = ORIENTED_EDGE('',*,*,#18124,.T.);
#18124 = EDGE_CURVE('',#18117,#18125,#18127,.T.);
#18125 = VERTEX_POINT('',#18126);
#18126 = CARTESIAN_POINT('',(10.35,0.8,-0.1));
#18127 = CIRCLE('',#18128,0.15);
#18128 = AXIS2_PLACEMENT_3D('',#18129,#18130,#18131);
#18129 = CARTESIAN_POINT('',(10.35,0.8,5.E-02));
#18130 = DIRECTION('',(1.,0.,0.));
#18131 = DIRECTION('',(0.,0.,-1.));
#18132 = ORIENTED_EDGE('',*,*,#18133,.T.);
#18133 = EDGE_CURVE('',#18125,#18134,#18136,.T.);
#18134 = VERTEX_POINT('',#18135);
#18135 = CARTESIAN_POINT('',(10.35,2.4,-0.1));
#18136 = LINE('',#18137,#18138);
#18137 = CARTESIAN_POINT('',(10.35,1.65,-0.1));
#18138 = VECTOR('',#18139,1.);
#18139 = DIRECTION('',(0.,1.,0.));
#18140 = ORIENTED_EDGE('',*,*,#18141,.T.);
#18141 = EDGE_CURVE('',#18134,#18142,#18144,.T.);
#18142 = VERTEX_POINT('',#18143);
#18143 = CARTESIAN_POINT('',(10.35,2.4,-0.4));
#18144 = LINE('',#18145,#18146);
#18145 = CARTESIAN_POINT('',(10.35,2.4,-0.4));
#18146 = VECTOR('',#18147,1.);
#18147 = DIRECTION('',(0.,0.,-1.));
#18148 = ORIENTED_EDGE('',*,*,#18149,.T.);
#18149 = EDGE_CURVE('',#18142,#18150,#18152,.T.);
#18150 = VERTEX_POINT('',#18151);
#18151 = CARTESIAN_POINT('',(10.35,0.8,-0.4));
#18152 = LINE('',#18153,#18154);
#18153 = CARTESIAN_POINT('',(10.35,1.65,-0.4));
#18154 = VECTOR('',#18155,1.);
#18155 = DIRECTION('',(0.,-1.,1.27553196763E-16));
#18156 = ORIENTED_EDGE('',*,*,#18157,.F.);
#18157 = EDGE_CURVE('',#18099,#18150,#18158,.T.);
#18158 = CIRCLE('',#18159,0.45);
#18159 = AXIS2_PLACEMENT_3D('',#18160,#18161,#18162);
#18160 = CARTESIAN_POINT('',(10.35,0.8,5.E-02));
#18161 = DIRECTION('',(1.,0.,0.));
#18162 = DIRECTION('',(0.,0.,-1.));
#18163 = PLANE('',#18164);
#18164 = AXIS2_PLACEMENT_3D('',#18165,#18166,#18167);
#18165 = CARTESIAN_POINT('',(10.35,0.5,1.));
#18166 = DIRECTION('',(1.,0.,0.));
#18167 = DIRECTION('',(0.,0.,-1.));
#18168 = ADVANCED_FACE('',(#18169),#18237,.F.);
#18169 = FACE_BOUND('',#18170,.T.);
#18170 = EDGE_LOOP('',(#18171,#18181,#18189,#18197,#18206,#18214,#18222,
    #18230));
#18171 = ORIENTED_EDGE('',*,*,#18172,.T.);
#18172 = EDGE_CURVE('',#18173,#18175,#18177,.T.);
#18173 = VERTEX_POINT('',#18174);
#18174 = CARTESIAN_POINT('',(10.65,0.65,5.E-02));
#18175 = VERTEX_POINT('',#18176);
#18176 = CARTESIAN_POINT('',(10.65,0.65,2.9));
#18177 = LINE('',#18178,#18179);
#18178 = CARTESIAN_POINT('',(10.65,0.65,1.525));
#18179 = VECTOR('',#18180,1.);
#18180 = DIRECTION('',(0.,1.837630800823E-16,1.));
#18181 = ORIENTED_EDGE('',*,*,#18182,.T.);
#18182 = EDGE_CURVE('',#18175,#18183,#18185,.T.);
#18183 = VERTEX_POINT('',#18184);
#18184 = CARTESIAN_POINT('',(10.65,0.35,2.9));
#18185 = LINE('',#18186,#18187);
#18186 = CARTESIAN_POINT('',(10.65,0.35,2.9));
#18187 = VECTOR('',#18188,1.);
#18188 = DIRECTION('',(0.,-1.,0.));
#18189 = ORIENTED_EDGE('',*,*,#18190,.T.);
#18190 = EDGE_CURVE('',#18183,#18191,#18193,.T.);
#18191 = VERTEX_POINT('',#18192);
#18192 = CARTESIAN_POINT('',(10.65,0.35,5.E-02));
#18193 = LINE('',#18194,#18195);
#18194 = CARTESIAN_POINT('',(10.65,0.35,1.525));
#18195 = VECTOR('',#18196,1.);
#18196 = DIRECTION('',(0.,-5.512892402469E-17,-1.));
#18197 = ORIENTED_EDGE('',*,*,#18198,.F.);
#18198 = EDGE_CURVE('',#18199,#18191,#18201,.T.);
#18199 = VERTEX_POINT('',#18200);
#18200 = CARTESIAN_POINT('',(10.65,0.8,-0.4));
#18201 = CIRCLE('',#18202,0.45);
#18202 = AXIS2_PLACEMENT_3D('',#18203,#18204,#18205);
#18203 = CARTESIAN_POINT('',(10.65,0.8,5.E-02));
#18204 = DIRECTION('',(-1.,0.,0.));
#18205 = DIRECTION('',(0.,0.,1.));
#18206 = ORIENTED_EDGE('',*,*,#18207,.T.);
#18207 = EDGE_CURVE('',#18199,#18208,#18210,.T.);
#18208 = VERTEX_POINT('',#18209);
#18209 = CARTESIAN_POINT('',(10.65,2.4,-0.4));
#18210 = LINE('',#18211,#18212);
#18211 = CARTESIAN_POINT('',(10.65,1.65,-0.4));
#18212 = VECTOR('',#18213,1.);
#18213 = DIRECTION('',(0.,1.,-1.27553196763E-16));
#18214 = ORIENTED_EDGE('',*,*,#18215,.T.);
#18215 = EDGE_CURVE('',#18208,#18216,#18218,.T.);
#18216 = VERTEX_POINT('',#18217);
#18217 = CARTESIAN_POINT('',(10.65,2.4,-0.1));
#18218 = LINE('',#18219,#18220);
#18219 = CARTESIAN_POINT('',(10.65,2.4,-0.1));
#18220 = VECTOR('',#18221,1.);
#18221 = DIRECTION('',(0.,0.,1.));
#18222 = ORIENTED_EDGE('',*,*,#18223,.T.);
#18223 = EDGE_CURVE('',#18216,#18224,#18226,.T.);
#18224 = VERTEX_POINT('',#18225);
#18225 = CARTESIAN_POINT('',(10.65,0.8,-0.1));
#18226 = LINE('',#18227,#18228);
#18227 = CARTESIAN_POINT('',(10.65,1.65,-0.1));
#18228 = VECTOR('',#18229,1.);
#18229 = DIRECTION('',(0.,-1.,0.));
#18230 = ORIENTED_EDGE('',*,*,#18231,.T.);
#18231 = EDGE_CURVE('',#18224,#18173,#18232,.T.);
#18232 = CIRCLE('',#18233,0.15);
#18233 = AXIS2_PLACEMENT_3D('',#18234,#18235,#18236);
#18234 = CARTESIAN_POINT('',(10.65,0.8,5.E-02));
#18235 = DIRECTION('',(-1.,0.,0.));
#18236 = DIRECTION('',(0.,0.,1.));
#18237 = PLANE('',#18238);
#18238 = AXIS2_PLACEMENT_3D('',#18239,#18240,#18241);
#18239 = CARTESIAN_POINT('',(10.65,1.425,1.3));
#18240 = DIRECTION('',(-1.,0.,0.));
#18241 = DIRECTION('',(0.,-1.,0.));
#18242 = ADVANCED_FACE('',(#18243),#18277,.T.);
#18243 = FACE_BOUND('',#18244,.T.);
#18244 = EDGE_LOOP('',(#18245,#18255,#18263,#18271));
#18245 = ORIENTED_EDGE('',*,*,#18246,.T.);
#18246 = EDGE_CURVE('',#18247,#18249,#18251,.T.);
#18247 = VERTEX_POINT('',#18248);
#18248 = CARTESIAN_POINT('',(10.55,0.55,3.));
#18249 = VERTEX_POINT('',#18250);
#18250 = CARTESIAN_POINT('',(10.45,0.55,3.));
#18251 = LINE('',#18252,#18253);
#18252 = CARTESIAN_POINT('',(10.348,0.55,3.));
#18253 = VECTOR('',#18254,1.);
#18254 = DIRECTION('',(-1.,0.,0.));
#18255 = ORIENTED_EDGE('',*,*,#18256,.T.);
#18256 = EDGE_CURVE('',#18249,#18257,#18259,.T.);
#18257 = VERTEX_POINT('',#18258);
#18258 = CARTESIAN_POINT('',(10.45,0.45,3.));
#18259 = LINE('',#18260,#18261);
#18260 = CARTESIAN_POINT('',(10.45,0.35,3.));
#18261 = VECTOR('',#18262,1.);
#18262 = DIRECTION('',(0.,-1.,0.));
#18263 = ORIENTED_EDGE('',*,*,#18264,.T.);
#18264 = EDGE_CURVE('',#18257,#18265,#18267,.T.);
#18265 = VERTEX_POINT('',#18266);
#18266 = CARTESIAN_POINT('',(10.55,0.45,3.));
#18267 = LINE('',#18268,#18269);
#18268 = CARTESIAN_POINT('',(10.348,0.45,3.));
#18269 = VECTOR('',#18270,1.);
#18270 = DIRECTION('',(1.,0.,0.));
#18271 = ORIENTED_EDGE('',*,*,#18272,.T.);
#18272 = EDGE_CURVE('',#18265,#18247,#18273,.T.);
#18273 = LINE('',#18274,#18275);
#18274 = CARTESIAN_POINT('',(10.55,0.65,3.));
#18275 = VECTOR('',#18276,1.);
#18276 = DIRECTION('',(0.,1.,0.));
#18277 = PLANE('',#18278);
#18278 = AXIS2_PLACEMENT_3D('',#18279,#18280,#18281);
#18279 = CARTESIAN_POINT('',(10.348,0.5,3.));
#18280 = DIRECTION('',(0.,0.,1.));
#18281 = DIRECTION('',(1.,0.,-0.));
#18282 = ADVANCED_FACE('',(#18283),#18299,.T.);
#18283 = FACE_BOUND('',#18284,.T.);
#18284 = EDGE_LOOP('',(#18285,#18286,#18292,#18293));
#18285 = ORIENTED_EDGE('',*,*,#18190,.F.);
#18286 = ORIENTED_EDGE('',*,*,#18287,.T.);
#18287 = EDGE_CURVE('',#18183,#18101,#18288,.T.);
#18288 = LINE('',#18289,#18290);
#18289 = CARTESIAN_POINT('',(10.348,0.35,2.9));
#18290 = VECTOR('',#18291,1.);
#18291 = DIRECTION('',(-1.,0.,0.));
#18292 = ORIENTED_EDGE('',*,*,#18098,.F.);
#18293 = ORIENTED_EDGE('',*,*,#18294,.T.);
#18294 = EDGE_CURVE('',#18099,#18191,#18295,.T.);
#18295 = LINE('',#18296,#18297);
#18296 = CARTESIAN_POINT('',(10.348,0.35,5.E-02));
#18297 = VECTOR('',#18298,1.);
#18298 = DIRECTION('',(1.,0.,0.));
#18299 = PLANE('',#18300);
#18300 = AXIS2_PLACEMENT_3D('',#18301,#18302,#18303);
#18301 = CARTESIAN_POINT('',(10.348,0.35,1.525));
#18302 = DIRECTION('',(0.,-1.,5.512892402469E-17));
#18303 = DIRECTION('',(0.,-5.512892402469E-17,-1.));
#18304 = ADVANCED_FACE('',(#18305),#18316,.T.);
#18305 = FACE_BOUND('',#18306,.T.);
#18306 = EDGE_LOOP('',(#18307,#18308,#18309,#18315));
#18307 = ORIENTED_EDGE('',*,*,#18294,.F.);
#18308 = ORIENTED_EDGE('',*,*,#18157,.T.);
#18309 = ORIENTED_EDGE('',*,*,#18310,.T.);
#18310 = EDGE_CURVE('',#18150,#18199,#18311,.T.);
#18311 = LINE('',#18312,#18313);
#18312 = CARTESIAN_POINT('',(10.348,0.8,-0.4));
#18313 = VECTOR('',#18314,1.);
#18314 = DIRECTION('',(1.,0.,0.));
#18315 = ORIENTED_EDGE('',*,*,#18198,.T.);
#18316 = CYLINDRICAL_SURFACE('',#18317,0.45);
#18317 = AXIS2_PLACEMENT_3D('',#18318,#18319,#18320);
#18318 = CARTESIAN_POINT('',(10.348,0.8,5.E-02));
#18319 = DIRECTION('',(1.,0.,0.));
#18320 = DIRECTION('',(0.,0.,-1.));
#18321 = ADVANCED_FACE('',(#18322),#18333,.T.);
#18322 = FACE_BOUND('',#18323,.T.);
#18323 = EDGE_LOOP('',(#18324,#18325,#18331,#18332));
#18324 = ORIENTED_EDGE('',*,*,#18149,.F.);
#18325 = ORIENTED_EDGE('',*,*,#18326,.T.);
#18326 = EDGE_CURVE('',#18142,#18208,#18327,.T.);
#18327 = LINE('',#18328,#18329);
#18328 = CARTESIAN_POINT('',(10.348,2.4,-0.4));
#18329 = VECTOR('',#18330,1.);
#18330 = DIRECTION('',(1.,0.,0.));
#18331 = ORIENTED_EDGE('',*,*,#18207,.F.);
#18332 = ORIENTED_EDGE('',*,*,#18310,.F.);
#18333 = PLANE('',#18334);
#18334 = AXIS2_PLACEMENT_3D('',#18335,#18336,#18337);
#18335 = CARTESIAN_POINT('',(10.348,1.65,-0.4));
#18336 = DIRECTION('',(0.,-1.27553196763E-16,-1.));
#18337 = DIRECTION('',(0.,1.,-1.27553196763E-16));
#18338 = ADVANCED_FACE('',(#18339),#18373,.T.);
#18339 = FACE_BOUND('',#18340,.T.);
#18340 = EDGE_LOOP('',(#18341,#18351,#18359,#18367));
#18341 = ORIENTED_EDGE('',*,*,#18342,.T.);
#18342 = EDGE_CURVE('',#18343,#18345,#18347,.T.);
#18343 = VERTEX_POINT('',#18344);
#18344 = CARTESIAN_POINT('',(10.55,2.5,-0.3));
#18345 = VERTEX_POINT('',#18346);
#18346 = CARTESIAN_POINT('',(10.45,2.5,-0.3));
#18347 = LINE('',#18348,#18349);
#18348 = CARTESIAN_POINT('',(10.348,2.5,-0.3));
#18349 = VECTOR('',#18350,1.);
#18350 = DIRECTION('',(-1.,0.,0.));
#18351 = ORIENTED_EDGE('',*,*,#18352,.T.);
#18352 = EDGE_CURVE('',#18345,#18353,#18355,.T.);
#18353 = VERTEX_POINT('',#18354);
#18354 = CARTESIAN_POINT('',(10.45,2.5,-0.2));
#18355 = LINE('',#18356,#18357);
#18356 = CARTESIAN_POINT('',(10.45,2.5,-0.1));
#18357 = VECTOR('',#18358,1.);
#18358 = DIRECTION('',(0.,0.,1.));
#18359 = ORIENTED_EDGE('',*,*,#18360,.T.);
#18360 = EDGE_CURVE('',#18353,#18361,#18363,.T.);
#18361 = VERTEX_POINT('',#18362);
#18362 = CARTESIAN_POINT('',(10.55,2.5,-0.2));
#18363 = LINE('',#18364,#18365);
#18364 = CARTESIAN_POINT('',(10.348,2.5,-0.2));
#18365 = VECTOR('',#18366,1.);
#18366 = DIRECTION('',(1.,0.,0.));
#18367 = ORIENTED_EDGE('',*,*,#18368,.T.);
#18368 = EDGE_CURVE('',#18361,#18343,#18369,.T.);
#18369 = LINE('',#18370,#18371);
#18370 = CARTESIAN_POINT('',(10.55,2.5,-0.4));
#18371 = VECTOR('',#18372,1.);
#18372 = DIRECTION('',(0.,0.,-1.));
#18373 = PLANE('',#18374);
#18374 = AXIS2_PLACEMENT_3D('',#18375,#18376,#18377);
#18375 = CARTESIAN_POINT('',(10.348,2.5,-0.25));
#18376 = DIRECTION('',(0.,1.,0.));
#18377 = DIRECTION('',(0.,-0.,1.));
#18378 = ADVANCED_FACE('',(#18379),#18395,.T.);
#18379 = FACE_BOUND('',#18380,.T.);
#18380 = EDGE_LOOP('',(#18381,#18382,#18388,#18389));
#18381 = ORIENTED_EDGE('',*,*,#18223,.F.);
#18382 = ORIENTED_EDGE('',*,*,#18383,.T.);
#18383 = EDGE_CURVE('',#18216,#18134,#18384,.T.);
#18384 = LINE('',#18385,#18386);
#18385 = CARTESIAN_POINT('',(10.348,2.4,-0.1));
#18386 = VECTOR('',#18387,1.);
#18387 = DIRECTION('',(-1.,0.,0.));
#18388 = ORIENTED_EDGE('',*,*,#18133,.F.);
#18389 = ORIENTED_EDGE('',*,*,#18390,.T.);
#18390 = EDGE_CURVE('',#18125,#18224,#18391,.T.);
#18391 = LINE('',#18392,#18393);
#18392 = CARTESIAN_POINT('',(10.348,0.8,-0.1));
#18393 = VECTOR('',#18394,1.);
#18394 = DIRECTION('',(1.,0.,0.));
#18395 = PLANE('',#18396);
#18396 = AXIS2_PLACEMENT_3D('',#18397,#18398,#18399);
#18397 = CARTESIAN_POINT('',(10.348,1.65,-0.1));
#18398 = DIRECTION('',(0.,0.,1.));
#18399 = DIRECTION('',(1.,0.,-0.));
#18400 = ADVANCED_FACE('',(#18401),#18412,.F.);
#18401 = FACE_BOUND('',#18402,.F.);
#18402 = EDGE_LOOP('',(#18403,#18404,#18405,#18411));
#18403 = ORIENTED_EDGE('',*,*,#18390,.T.);
#18404 = ORIENTED_EDGE('',*,*,#18231,.T.);
#18405 = ORIENTED_EDGE('',*,*,#18406,.F.);
#18406 = EDGE_CURVE('',#18117,#18173,#18407,.T.);
#18407 = LINE('',#18408,#18409);
#18408 = CARTESIAN_POINT('',(10.348,0.65,5.E-02));
#18409 = VECTOR('',#18410,1.);
#18410 = DIRECTION('',(1.,0.,0.));
#18411 = ORIENTED_EDGE('',*,*,#18124,.T.);
#18412 = CYLINDRICAL_SURFACE('',#18413,0.15);
#18413 = AXIS2_PLACEMENT_3D('',#18414,#18415,#18416);
#18414 = CARTESIAN_POINT('',(10.348,0.8,5.E-02));
#18415 = DIRECTION('',(1.,0.,0.));
#18416 = DIRECTION('',(0.,0.,-1.));
#18417 = ADVANCED_FACE('',(#18418),#18429,.T.);
#18418 = FACE_BOUND('',#18419,.T.);
#18419 = EDGE_LOOP('',(#18420,#18421,#18427,#18428));
#18420 = ORIENTED_EDGE('',*,*,#18116,.F.);
#18421 = ORIENTED_EDGE('',*,*,#18422,.T.);
#18422 = EDGE_CURVE('',#18109,#18175,#18423,.T.);
#18423 = LINE('',#18424,#18425);
#18424 = CARTESIAN_POINT('',(10.348,0.65,2.9));
#18425 = VECTOR('',#18426,1.);
#18426 = DIRECTION('',(1.,0.,0.));
#18427 = ORIENTED_EDGE('',*,*,#18172,.F.);
#18428 = ORIENTED_EDGE('',*,*,#18406,.F.);
#18429 = PLANE('',#18430);
#18430 = AXIS2_PLACEMENT_3D('',#18431,#18432,#18433);
#18431 = CARTESIAN_POINT('',(10.348,0.65,1.525));
#18432 = DIRECTION('',(0.,1.,-1.837630800823E-16));
#18433 = DIRECTION('',(0.,1.837630800823E-16,1.));
#18434 = ADVANCED_FACE('',(#18435),#18451,.T.);
#18435 = FACE_BOUND('',#18436,.T.);
#18436 = EDGE_LOOP('',(#18437,#18443,#18444,#18450));
#18437 = ORIENTED_EDGE('',*,*,#18438,.T.);
#18438 = EDGE_CURVE('',#18175,#18247,#18439,.T.);
#18439 = LINE('',#18440,#18441);
#18440 = CARTESIAN_POINT('',(10.549333333333,0.549333333333,
    3.000666666667));
#18441 = VECTOR('',#18442,1.);
#18442 = DIRECTION('',(-0.57735026919,-0.57735026919,0.57735026919));
#18443 = ORIENTED_EDGE('',*,*,#18272,.F.);
#18444 = ORIENTED_EDGE('',*,*,#18445,.F.);
#18445 = EDGE_CURVE('',#18183,#18265,#18446,.T.);
#18446 = LINE('',#18447,#18448);
#18447 = CARTESIAN_POINT('',(10.291666666667,0.708333333333,
    3.258333333333));
#18448 = VECTOR('',#18449,1.);
#18449 = DIRECTION('',(-0.57735026919,0.57735026919,0.57735026919));
#18450 = ORIENTED_EDGE('',*,*,#18182,.F.);
#18451 = PLANE('',#18452);
#18452 = AXIS2_PLACEMENT_3D('',#18453,#18454,#18455);
#18453 = CARTESIAN_POINT('',(10.65,1.425,2.9));
#18454 = DIRECTION('',(0.707106781187,0.,0.707106781187));
#18455 = DIRECTION('',(-0.,1.,0.));
#18456 = ADVANCED_FACE('',(#18457),#18468,.F.);
#18457 = FACE_BOUND('',#18458,.T.);
#18458 = EDGE_LOOP('',(#18459,#18460,#18461,#18467));
#18459 = ORIENTED_EDGE('',*,*,#18445,.T.);
#18460 = ORIENTED_EDGE('',*,*,#18264,.F.);
#18461 = ORIENTED_EDGE('',*,*,#18462,.F.);
#18462 = EDGE_CURVE('',#18101,#18257,#18463,.T.);
#18463 = LINE('',#18464,#18465);
#18464 = CARTESIAN_POINT('',(10.416,0.416,2.966));
#18465 = VECTOR('',#18466,1.);
#18466 = DIRECTION('',(0.57735026919,0.57735026919,0.57735026919));
#18467 = ORIENTED_EDGE('',*,*,#18287,.F.);
#18468 = PLANE('',#18469);
#18469 = AXIS2_PLACEMENT_3D('',#18470,#18471,#18472);
#18470 = CARTESIAN_POINT('',(10.348,0.45,3.));
#18471 = DIRECTION('',(0.,0.707106781187,-0.707106781187));
#18472 = DIRECTION('',(1.,0.,0.));
#18473 = ADVANCED_FACE('',(#18474),#18485,.F.);
#18474 = FACE_BOUND('',#18475,.T.);
#18475 = EDGE_LOOP('',(#18476,#18477,#18478,#18484));
#18476 = ORIENTED_EDGE('',*,*,#18438,.F.);
#18477 = ORIENTED_EDGE('',*,*,#18422,.F.);
#18478 = ORIENTED_EDGE('',*,*,#18479,.F.);
#18479 = EDGE_CURVE('',#18249,#18109,#18480,.T.);
#18480 = LINE('',#18481,#18482);
#18481 = CARTESIAN_POINT('',(10.349333333333,0.650666666667,
    2.899333333333));
#18482 = VECTOR('',#18483,1.);
#18483 = DIRECTION('',(-0.57735026919,0.57735026919,-0.57735026919));
#18484 = ORIENTED_EDGE('',*,*,#18246,.F.);
#18485 = PLANE('',#18486);
#18486 = AXIS2_PLACEMENT_3D('',#18487,#18488,#18489);
#18487 = CARTESIAN_POINT('',(10.348,0.65,2.9));
#18488 = DIRECTION('',(0.,-0.707106781187,-0.707106781187));
#18489 = DIRECTION('',(1.,0.,0.));
#18490 = ADVANCED_FACE('',(#18491),#18497,.T.);
#18491 = FACE_BOUND('',#18492,.T.);
#18492 = EDGE_LOOP('',(#18493,#18494,#18495,#18496));
#18493 = ORIENTED_EDGE('',*,*,#18462,.T.);
#18494 = ORIENTED_EDGE('',*,*,#18256,.F.);
#18495 = ORIENTED_EDGE('',*,*,#18479,.T.);
#18496 = ORIENTED_EDGE('',*,*,#18108,.F.);
#18497 = PLANE('',#18498);
#18498 = AXIS2_PLACEMENT_3D('',#18499,#18500,#18501);
#18499 = CARTESIAN_POINT('',(10.35,0.5,2.9));
#18500 = DIRECTION('',(-0.707106781187,0.,0.707106781187));
#18501 = DIRECTION('',(0.,-1.,0.));
#18502 = ADVANCED_FACE('',(#18503),#18519,.T.);
#18503 = FACE_BOUND('',#18504,.T.);
#18504 = EDGE_LOOP('',(#18505,#18511,#18512,#18518));
#18505 = ORIENTED_EDGE('',*,*,#18506,.F.);
#18506 = EDGE_CURVE('',#18343,#18208,#18507,.T.);
#18507 = LINE('',#18508,#18509);
#18508 = CARTESIAN_POINT('',(10.083333333333,2.966666666667,
    0.166666666667));
#18509 = VECTOR('',#18510,1.);
#18510 = DIRECTION('',(0.57735026919,-0.57735026919,-0.57735026919));
#18511 = ORIENTED_EDGE('',*,*,#18368,.F.);
#18512 = ORIENTED_EDGE('',*,*,#18513,.T.);
#18513 = EDGE_CURVE('',#18361,#18216,#18514,.T.);
#18514 = LINE('',#18515,#18516);
#18515 = CARTESIAN_POINT('',(10.482666666667,2.567333333333,
    -0.267333333333));
#18516 = VECTOR('',#18517,1.);
#18517 = DIRECTION('',(0.57735026919,-0.57735026919,0.57735026919));
#18518 = ORIENTED_EDGE('',*,*,#18215,.F.);
#18519 = PLANE('',#18520);
#18520 = AXIS2_PLACEMENT_3D('',#18521,#18522,#18523);
#18521 = CARTESIAN_POINT('',(10.65,2.4,1.3));
#18522 = DIRECTION('',(0.707106781187,0.707106781187,0.));
#18523 = DIRECTION('',(0.,0.,-1.));
#18524 = ADVANCED_FACE('',(#18525),#18536,.F.);
#18525 = FACE_BOUND('',#18526,.T.);
#18526 = EDGE_LOOP('',(#18527,#18528,#18529,#18535));
#18527 = ORIENTED_EDGE('',*,*,#18513,.F.);
#18528 = ORIENTED_EDGE('',*,*,#18360,.F.);
#18529 = ORIENTED_EDGE('',*,*,#18530,.F.);
#18530 = EDGE_CURVE('',#18134,#18353,#18531,.T.);
#18531 = LINE('',#18532,#18533);
#18532 = CARTESIAN_POINT('',(10.416,2.466,-0.166));
#18533 = VECTOR('',#18534,1.);
#18534 = DIRECTION('',(0.57735026919,0.57735026919,-0.57735026919));
#18535 = ORIENTED_EDGE('',*,*,#18383,.F.);
#18536 = PLANE('',#18537);
#18537 = AXIS2_PLACEMENT_3D('',#18538,#18539,#18540);
#18538 = CARTESIAN_POINT('',(10.348,2.5,-0.2));
#18539 = DIRECTION('',(0.,-0.707106781187,-0.707106781187));
#18540 = DIRECTION('',(1.,0.,0.));
#18541 = ADVANCED_FACE('',(#18542),#18553,.F.);
#18542 = FACE_BOUND('',#18543,.T.);
#18543 = EDGE_LOOP('',(#18544,#18545,#18546,#18552));
#18544 = ORIENTED_EDGE('',*,*,#18506,.T.);
#18545 = ORIENTED_EDGE('',*,*,#18326,.F.);
#18546 = ORIENTED_EDGE('',*,*,#18547,.F.);
#18547 = EDGE_CURVE('',#18345,#18142,#18548,.T.);
#18548 = LINE('',#18549,#18550);
#18549 = CARTESIAN_POINT('',(10.349333333333,2.399333333333,
    -0.400666666667));
#18550 = VECTOR('',#18551,1.);
#18551 = DIRECTION('',(-0.57735026919,-0.57735026919,-0.57735026919));
#18552 = ORIENTED_EDGE('',*,*,#18342,.F.);
#18553 = PLANE('',#18554);
#18554 = AXIS2_PLACEMENT_3D('',#18555,#18556,#18557);
#18555 = CARTESIAN_POINT('',(10.348,2.4,-0.4));
#18556 = DIRECTION('',(0.,-0.707106781187,0.707106781187));
#18557 = DIRECTION('',(1.,0.,0.));
#18558 = ADVANCED_FACE('',(#18559),#18565,.T.);
#18559 = FACE_BOUND('',#18560,.T.);
#18560 = EDGE_LOOP('',(#18561,#18562,#18563,#18564));
#18561 = ORIENTED_EDGE('',*,*,#18530,.T.);
#18562 = ORIENTED_EDGE('',*,*,#18352,.F.);
#18563 = ORIENTED_EDGE('',*,*,#18547,.T.);
#18564 = ORIENTED_EDGE('',*,*,#18141,.F.);
#18565 = PLANE('',#18566);
#18566 = AXIS2_PLACEMENT_3D('',#18567,#18568,#18569);
#18567 = CARTESIAN_POINT('',(10.35,2.4,1.));
#18568 = DIRECTION('',(-0.707106781187,0.707106781187,0.));
#18569 = DIRECTION('',(0.,0.,1.));
#18570 = ( GEOMETRIC_REPRESENTATION_CONTEXT(3) 
GLOBAL_UNCERTAINTY_ASSIGNED_CONTEXT((#18574)) 
GLOBAL_UNIT_ASSIGNED_CONTEXT((#18571,#18572,#18573)) 
REPRESENTATION_CONTEXT('Context #1',
  '3D Context with UNIT and UNCERTAINTY') );
#18571 = ( LENGTH_UNIT() NAMED_UNIT(*) SI_UNIT(.MILLI.,.METRE.) );
#18572 = ( NAMED_UNIT(*) PLANE_ANGLE_UNIT() SI_UNIT($,.RADIAN.) );
#18573 = ( NAMED_UNIT(*) SI_UNIT($,.STERADIAN.) SOLID_ANGLE_UNIT() );
#18574 = UNCERTAINTY_MEASURE_WITH_UNIT(LENGTH_MEASURE(1.E-07),#18571,
  'distance_accuracy_value','confusion accuracy');
#18575 = CONTEXT_DEPENDENT_SHAPE_REPRESENTATION(#18576,#18578);
#18576 = ( REPRESENTATION_RELATIONSHIP('','',#18091,#817) 
REPRESENTATION_RELATIONSHIP_WITH_TRANSFORMATION(#18577) 
SHAPE_REPRESENTATION_RELATIONSHIP() );
#18577 = ITEM_DEFINED_TRANSFORMATION('','',#11,#910);
#18578 = PRODUCT_DEFINITION_SHAPE('Placement','Placement of an item',
  #18579);
#18579 = NEXT_ASSEMBLY_USAGE_OCCURRENCE('102','=>[0:1:1:27]','',#812,
  #18086,$);
#18580 = PRODUCT_RELATED_PRODUCT_CATEGORY('part',$,(#18088));
#18581 = SHAPE_DEFINITION_REPRESENTATION(#18582,#18588);
#18582 = PRODUCT_DEFINITION_SHAPE('','',#18583);
#18583 = PRODUCT_DEFINITION('design','',#18584,#18587);
#18584 = PRODUCT_DEFINITION_FORMATION('','',#18585);
#18585 = PRODUCT('Part 3','Part 3','',(#18586));
#18586 = PRODUCT_CONTEXT('',#2,'mechanical');
#18587 = PRODUCT_DEFINITION_CONTEXT('part definition',#2,'design');
#18588 = ADVANCED_BREP_SHAPE_REPRESENTATION('',(#11,#18589),#19067);
#18589 = MANIFOLD_SOLID_BREP('',#18590);
#18590 = CLOSED_SHELL('',(#18591,#18665,#18696,#18721,#18745,#18785,
    #18816,#18841,#18865,#18905,#18931,#18953,#18970,#18987,#18999,
    #19021,#19038,#19055));
#18591 = ADVANCED_FACE('',(#18592),#18660,.F.);
#18592 = FACE_BOUND('',#18593,.T.);
#18593 = EDGE_LOOP('',(#18594,#18604,#18613,#18621,#18629,#18637,#18646,
    #18654));
#18594 = ORIENTED_EDGE('',*,*,#18595,.F.);
#18595 = EDGE_CURVE('',#18596,#18598,#18600,.T.);
#18596 = VERTEX_POINT('',#18597);
#18597 = CARTESIAN_POINT('',(-0.65,-0.35,5.E-02));
#18598 = VERTEX_POINT('',#18599);
#18599 = CARTESIAN_POINT('',(-0.65,-0.35,2.9));
#18600 = LINE('',#18601,#18602);
#18601 = CARTESIAN_POINT('',(-0.65,-0.35,1.525));
#18602 = VECTOR('',#18603,1.);
#18603 = DIRECTION('',(0.,-5.512892402469E-17,1.));
#18604 = ORIENTED_EDGE('',*,*,#18605,.T.);
#18605 = EDGE_CURVE('',#18596,#18606,#18608,.T.);
#18606 = VERTEX_POINT('',#18607);
#18607 = CARTESIAN_POINT('',(-0.65,-0.8,-0.4));
#18608 = CIRCLE('',#18609,0.45);
#18609 = AXIS2_PLACEMENT_3D('',#18610,#18611,#18612);
#18610 = CARTESIAN_POINT('',(-0.65,-0.8,5.E-02));
#18611 = DIRECTION('',(-1.,0.,0.));
#18612 = DIRECTION('',(0.,0.,-1.));
#18613 = ORIENTED_EDGE('',*,*,#18614,.F.);
#18614 = EDGE_CURVE('',#18615,#18606,#18617,.T.);
#18615 = VERTEX_POINT('',#18616);
#18616 = CARTESIAN_POINT('',(-0.65,-2.4,-0.4));
#18617 = LINE('',#18618,#18619);
#18618 = CARTESIAN_POINT('',(-0.65,-1.65,-0.4));
#18619 = VECTOR('',#18620,1.);
#18620 = DIRECTION('',(0.,1.,1.27553196763E-16));
#18621 = ORIENTED_EDGE('',*,*,#18622,.F.);
#18622 = EDGE_CURVE('',#18623,#18615,#18625,.T.);
#18623 = VERTEX_POINT('',#18624);
#18624 = CARTESIAN_POINT('',(-0.65,-2.4,-0.1));
#18625 = LINE('',#18626,#18627);
#18626 = CARTESIAN_POINT('',(-0.65,-2.4,-0.4));
#18627 = VECTOR('',#18628,1.);
#18628 = DIRECTION('',(0.,0.,-1.));
#18629 = ORIENTED_EDGE('',*,*,#18630,.F.);
#18630 = EDGE_CURVE('',#18631,#18623,#18633,.T.);
#18631 = VERTEX_POINT('',#18632);
#18632 = CARTESIAN_POINT('',(-0.65,-0.8,-0.1));
#18633 = LINE('',#18634,#18635);
#18634 = CARTESIAN_POINT('',(-0.65,-1.65,-0.1));
#18635 = VECTOR('',#18636,1.);
#18636 = DIRECTION('',(0.,-1.,0.));
#18637 = ORIENTED_EDGE('',*,*,#18638,.F.);
#18638 = EDGE_CURVE('',#18639,#18631,#18641,.T.);
#18639 = VERTEX_POINT('',#18640);
#18640 = CARTESIAN_POINT('',(-0.65,-0.65,5.E-02));
#18641 = CIRCLE('',#18642,0.15);
#18642 = AXIS2_PLACEMENT_3D('',#18643,#18644,#18645);
#18643 = CARTESIAN_POINT('',(-0.65,-0.8,5.E-02));
#18644 = DIRECTION('',(-1.,0.,0.));
#18645 = DIRECTION('',(0.,0.,-1.));
#18646 = ORIENTED_EDGE('',*,*,#18647,.F.);
#18647 = EDGE_CURVE('',#18648,#18639,#18650,.T.);
#18648 = VERTEX_POINT('',#18649);
#18649 = CARTESIAN_POINT('',(-0.65,-0.65,2.9));
#18650 = LINE('',#18651,#18652);
#18651 = CARTESIAN_POINT('',(-0.65,-0.65,1.525));
#18652 = VECTOR('',#18653,1.);
#18653 = DIRECTION('',(0.,1.837630800823E-16,-1.));
#18654 = ORIENTED_EDGE('',*,*,#18655,.F.);
#18655 = EDGE_CURVE('',#18598,#18648,#18656,.T.);
#18656 = LINE('',#18657,#18658);
#18657 = CARTESIAN_POINT('',(-0.65,-0.65,2.9));
#18658 = VECTOR('',#18659,1.);
#18659 = DIRECTION('',(0.,-1.,0.));
#18660 = PLANE('',#18661);
#18661 = AXIS2_PLACEMENT_3D('',#18662,#18663,#18664);
#18662 = CARTESIAN_POINT('',(-0.65,-0.5,1.));
#18663 = DIRECTION('',(1.,0.,0.));
#18664 = DIRECTION('',(0.,0.,-1.));
#18665 = ADVANCED_FACE('',(#18666),#18691,.T.);
#18666 = FACE_BOUND('',#18667,.T.);
#18667 = EDGE_LOOP('',(#18668,#18669,#18677,#18685));
#18668 = ORIENTED_EDGE('',*,*,#18647,.T.);
#18669 = ORIENTED_EDGE('',*,*,#18670,.T.);
#18670 = EDGE_CURVE('',#18639,#18671,#18673,.T.);
#18671 = VERTEX_POINT('',#18672);
#18672 = CARTESIAN_POINT('',(-0.35,-0.65,5.E-02));
#18673 = LINE('',#18674,#18675);
#18674 = CARTESIAN_POINT('',(-0.652,-0.65,5.E-02));
#18675 = VECTOR('',#18676,1.);
#18676 = DIRECTION('',(1.,0.,0.));
#18677 = ORIENTED_EDGE('',*,*,#18678,.T.);
#18678 = EDGE_CURVE('',#18671,#18679,#18681,.T.);
#18679 = VERTEX_POINT('',#18680);
#18680 = CARTESIAN_POINT('',(-0.35,-0.65,2.9));
#18681 = LINE('',#18682,#18683);
#18682 = CARTESIAN_POINT('',(-0.35,-0.65,1.525));
#18683 = VECTOR('',#18684,1.);
#18684 = DIRECTION('',(0.,-1.837630800823E-16,1.));
#18685 = ORIENTED_EDGE('',*,*,#18686,.F.);
#18686 = EDGE_CURVE('',#18648,#18679,#18687,.T.);
#18687 = LINE('',#18688,#18689);
#18688 = CARTESIAN_POINT('',(-0.652,-0.65,2.9));
#18689 = VECTOR('',#18690,1.);
#18690 = DIRECTION('',(1.,0.,0.));
#18691 = PLANE('',#18692);
#18692 = AXIS2_PLACEMENT_3D('',#18693,#18694,#18695);
#18693 = CARTESIAN_POINT('',(-0.652,-0.65,1.525));
#18694 = DIRECTION('',(0.,-1.,-1.837630800823E-16));
#18695 = DIRECTION('',(0.,-1.837630800823E-16,1.));
#18696 = ADVANCED_FACE('',(#18697),#18716,.F.);
#18697 = FACE_BOUND('',#18698,.F.);
#18698 = EDGE_LOOP('',(#18699,#18700,#18709,#18715));
#18699 = ORIENTED_EDGE('',*,*,#18670,.T.);
#18700 = ORIENTED_EDGE('',*,*,#18701,.F.);
#18701 = EDGE_CURVE('',#18702,#18671,#18704,.T.);
#18702 = VERTEX_POINT('',#18703);
#18703 = CARTESIAN_POINT('',(-0.35,-0.8,-0.1));
#18704 = CIRCLE('',#18705,0.15);
#18705 = AXIS2_PLACEMENT_3D('',#18706,#18707,#18708);
#18706 = CARTESIAN_POINT('',(-0.35,-0.8,5.E-02));
#18707 = DIRECTION('',(1.,0.,-0.));
#18708 = DIRECTION('',(0.,0.,1.));
#18709 = ORIENTED_EDGE('',*,*,#18710,.F.);
#18710 = EDGE_CURVE('',#18631,#18702,#18711,.T.);
#18711 = LINE('',#18712,#18713);
#18712 = CARTESIAN_POINT('',(-0.652,-0.8,-0.1));
#18713 = VECTOR('',#18714,1.);
#18714 = DIRECTION('',(1.,0.,0.));
#18715 = ORIENTED_EDGE('',*,*,#18638,.F.);
#18716 = CYLINDRICAL_SURFACE('',#18717,0.15);
#18717 = AXIS2_PLACEMENT_3D('',#18718,#18719,#18720);
#18718 = CARTESIAN_POINT('',(-0.652,-0.8,5.E-02));
#18719 = DIRECTION('',(1.,0.,0.));
#18720 = DIRECTION('',(0.,0.,-1.));
#18721 = ADVANCED_FACE('',(#18722),#18740,.T.);
#18722 = FACE_BOUND('',#18723,.T.);
#18723 = EDGE_LOOP('',(#18724,#18732,#18733,#18734));
#18724 = ORIENTED_EDGE('',*,*,#18725,.T.);
#18725 = EDGE_CURVE('',#18726,#18702,#18728,.T.);
#18726 = VERTEX_POINT('',#18727);
#18727 = CARTESIAN_POINT('',(-0.35,-2.4,-0.1));
#18728 = LINE('',#18729,#18730);
#18729 = CARTESIAN_POINT('',(-0.35,-1.65,-0.1));
#18730 = VECTOR('',#18731,1.);
#18731 = DIRECTION('',(0.,1.,0.));
#18732 = ORIENTED_EDGE('',*,*,#18710,.F.);
#18733 = ORIENTED_EDGE('',*,*,#18630,.T.);
#18734 = ORIENTED_EDGE('',*,*,#18735,.F.);
#18735 = EDGE_CURVE('',#18726,#18623,#18736,.T.);
#18736 = LINE('',#18737,#18738);
#18737 = CARTESIAN_POINT('',(-0.652,-2.4,-0.1));
#18738 = VECTOR('',#18739,1.);
#18739 = DIRECTION('',(-1.,0.,0.));
#18740 = PLANE('',#18741);
#18741 = AXIS2_PLACEMENT_3D('',#18742,#18743,#18744);
#18742 = CARTESIAN_POINT('',(-0.652,-1.65,-0.1));
#18743 = DIRECTION('',(0.,0.,1.));
#18744 = DIRECTION('',(1.,0.,-0.));
#18745 = ADVANCED_FACE('',(#18746),#18780,.T.);
#18746 = FACE_BOUND('',#18747,.T.);
#18747 = EDGE_LOOP('',(#18748,#18758,#18766,#18774));
#18748 = ORIENTED_EDGE('',*,*,#18749,.F.);
#18749 = EDGE_CURVE('',#18750,#18752,#18754,.T.);
#18750 = VERTEX_POINT('',#18751);
#18751 = CARTESIAN_POINT('',(-0.45,-2.5,-0.3));
#18752 = VERTEX_POINT('',#18753);
#18753 = CARTESIAN_POINT('',(-0.55,-2.5,-0.3));
#18754 = LINE('',#18755,#18756);
#18755 = CARTESIAN_POINT('',(-0.652,-2.5,-0.3));
#18756 = VECTOR('',#18757,1.);
#18757 = DIRECTION('',(-1.,0.,0.));
#18758 = ORIENTED_EDGE('',*,*,#18759,.F.);
#18759 = EDGE_CURVE('',#18760,#18750,#18762,.T.);
#18760 = VERTEX_POINT('',#18761);
#18761 = CARTESIAN_POINT('',(-0.45,-2.5,-0.2));
#18762 = LINE('',#18763,#18764);
#18763 = CARTESIAN_POINT('',(-0.45,-2.5,-0.4));
#18764 = VECTOR('',#18765,1.);
#18765 = DIRECTION('',(0.,0.,-1.));
#18766 = ORIENTED_EDGE('',*,*,#18767,.F.);
#18767 = EDGE_CURVE('',#18768,#18760,#18770,.T.);
#18768 = VERTEX_POINT('',#18769);
#18769 = CARTESIAN_POINT('',(-0.55,-2.5,-0.2));
#18770 = LINE('',#18771,#18772);
#18771 = CARTESIAN_POINT('',(-0.652,-2.5,-0.2));
#18772 = VECTOR('',#18773,1.);
#18773 = DIRECTION('',(1.,0.,0.));
#18774 = ORIENTED_EDGE('',*,*,#18775,.F.);
#18775 = EDGE_CURVE('',#18752,#18768,#18776,.T.);
#18776 = LINE('',#18777,#18778);
#18777 = CARTESIAN_POINT('',(-0.55,-2.5,-0.1));
#18778 = VECTOR('',#18779,1.);
#18779 = DIRECTION('',(0.,0.,1.));
#18780 = PLANE('',#18781);
#18781 = AXIS2_PLACEMENT_3D('',#18782,#18783,#18784);
#18782 = CARTESIAN_POINT('',(-0.652,-2.5,-0.25));
#18783 = DIRECTION('',(0.,-1.,0.));
#18784 = DIRECTION('',(0.,0.,1.));
#18785 = ADVANCED_FACE('',(#18786),#18811,.T.);
#18786 = FACE_BOUND('',#18787,.T.);
#18787 = EDGE_LOOP('',(#18788,#18789,#18797,#18805));
#18788 = ORIENTED_EDGE('',*,*,#18614,.T.);
#18789 = ORIENTED_EDGE('',*,*,#18790,.T.);
#18790 = EDGE_CURVE('',#18606,#18791,#18793,.T.);
#18791 = VERTEX_POINT('',#18792);
#18792 = CARTESIAN_POINT('',(-0.35,-0.8,-0.4));
#18793 = LINE('',#18794,#18795);
#18794 = CARTESIAN_POINT('',(-0.652,-0.8,-0.4));
#18795 = VECTOR('',#18796,1.);
#18796 = DIRECTION('',(1.,0.,0.));
#18797 = ORIENTED_EDGE('',*,*,#18798,.T.);
#18798 = EDGE_CURVE('',#18791,#18799,#18801,.T.);
#18799 = VERTEX_POINT('',#18800);
#18800 = CARTESIAN_POINT('',(-0.35,-2.4,-0.4));
#18801 = LINE('',#18802,#18803);
#18802 = CARTESIAN_POINT('',(-0.35,-1.65,-0.4));
#18803 = VECTOR('',#18804,1.);
#18804 = DIRECTION('',(0.,-1.,-1.27553196763E-16));
#18805 = ORIENTED_EDGE('',*,*,#18806,.F.);
#18806 = EDGE_CURVE('',#18615,#18799,#18807,.T.);
#18807 = LINE('',#18808,#18809);
#18808 = CARTESIAN_POINT('',(-0.652,-2.4,-0.4));
#18809 = VECTOR('',#18810,1.);
#18810 = DIRECTION('',(1.,0.,0.));
#18811 = PLANE('',#18812);
#18812 = AXIS2_PLACEMENT_3D('',#18813,#18814,#18815);
#18813 = CARTESIAN_POINT('',(-0.652,-1.65,-0.4));
#18814 = DIRECTION('',(0.,1.27553196763E-16,-1.));
#18815 = DIRECTION('',(0.,-1.,-1.27553196763E-16));
#18816 = ADVANCED_FACE('',(#18817),#18836,.T.);
#18817 = FACE_BOUND('',#18818,.T.);
#18818 = EDGE_LOOP('',(#18819,#18827,#18834,#18835));
#18819 = ORIENTED_EDGE('',*,*,#18820,.T.);
#18820 = EDGE_CURVE('',#18596,#18821,#18823,.T.);
#18821 = VERTEX_POINT('',#18822);
#18822 = CARTESIAN_POINT('',(-0.35,-0.35,5.E-02));
#18823 = LINE('',#18824,#18825);
#18824 = CARTESIAN_POINT('',(-0.652,-0.35,5.E-02));
#18825 = VECTOR('',#18826,1.);
#18826 = DIRECTION('',(1.,0.,0.));
#18827 = ORIENTED_EDGE('',*,*,#18828,.F.);
#18828 = EDGE_CURVE('',#18791,#18821,#18829,.T.);
#18829 = CIRCLE('',#18830,0.45);
#18830 = AXIS2_PLACEMENT_3D('',#18831,#18832,#18833);
#18831 = CARTESIAN_POINT('',(-0.35,-0.8,5.E-02));
#18832 = DIRECTION('',(1.,0.,-0.));
#18833 = DIRECTION('',(0.,0.,1.));
#18834 = ORIENTED_EDGE('',*,*,#18790,.F.);
#18835 = ORIENTED_EDGE('',*,*,#18605,.F.);
#18836 = CYLINDRICAL_SURFACE('',#18837,0.45);
#18837 = AXIS2_PLACEMENT_3D('',#18838,#18839,#18840);
#18838 = CARTESIAN_POINT('',(-0.652,-0.8,5.E-02));
#18839 = DIRECTION('',(1.,0.,0.));
#18840 = DIRECTION('',(0.,0.,-1.));
#18841 = ADVANCED_FACE('',(#18842),#18860,.T.);
#18842 = FACE_BOUND('',#18843,.T.);
#18843 = EDGE_LOOP('',(#18844,#18852,#18853,#18854));
#18844 = ORIENTED_EDGE('',*,*,#18845,.T.);
#18845 = EDGE_CURVE('',#18846,#18821,#18848,.T.);
#18846 = VERTEX_POINT('',#18847);
#18847 = CARTESIAN_POINT('',(-0.35,-0.35,2.9));
#18848 = LINE('',#18849,#18850);
#18849 = CARTESIAN_POINT('',(-0.35,-0.35,1.525));
#18850 = VECTOR('',#18851,1.);
#18851 = DIRECTION('',(0.,5.512892402469E-17,-1.));
#18852 = ORIENTED_EDGE('',*,*,#18820,.F.);
#18853 = ORIENTED_EDGE('',*,*,#18595,.T.);
#18854 = ORIENTED_EDGE('',*,*,#18855,.F.);
#18855 = EDGE_CURVE('',#18846,#18598,#18856,.T.);
#18856 = LINE('',#18857,#18858);
#18857 = CARTESIAN_POINT('',(-0.652,-0.35,2.9));
#18858 = VECTOR('',#18859,1.);
#18859 = DIRECTION('',(-1.,0.,0.));
#18860 = PLANE('',#18861);
#18861 = AXIS2_PLACEMENT_3D('',#18862,#18863,#18864);
#18862 = CARTESIAN_POINT('',(-0.652,-0.35,1.525));
#18863 = DIRECTION('',(0.,1.,5.512892402469E-17));
#18864 = DIRECTION('',(0.,5.512892402469E-17,-1.));
#18865 = ADVANCED_FACE('',(#18866),#18900,.T.);
#18866 = FACE_BOUND('',#18867,.T.);
#18867 = EDGE_LOOP('',(#18868,#18878,#18886,#18894));
#18868 = ORIENTED_EDGE('',*,*,#18869,.F.);
#18869 = EDGE_CURVE('',#18870,#18872,#18874,.T.);
#18870 = VERTEX_POINT('',#18871);
#18871 = CARTESIAN_POINT('',(-0.45,-0.55,3.));
#18872 = VERTEX_POINT('',#18873);
#18873 = CARTESIAN_POINT('',(-0.55,-0.55,3.));
#18874 = LINE('',#18875,#18876);
#18875 = CARTESIAN_POINT('',(-0.652,-0.55,3.));
#18876 = VECTOR('',#18877,1.);
#18877 = DIRECTION('',(-1.,0.,0.));
#18878 = ORIENTED_EDGE('',*,*,#18879,.F.);
#18879 = EDGE_CURVE('',#18880,#18870,#18882,.T.);
#18880 = VERTEX_POINT('',#18881);
#18881 = CARTESIAN_POINT('',(-0.45,-0.45,3.));
#18882 = LINE('',#18883,#18884);
#18883 = CARTESIAN_POINT('',(-0.45,-0.65,3.));
#18884 = VECTOR('',#18885,1.);
#18885 = DIRECTION('',(0.,-1.,0.));
#18886 = ORIENTED_EDGE('',*,*,#18887,.F.);
#18887 = EDGE_CURVE('',#18888,#18880,#18890,.T.);
#18888 = VERTEX_POINT('',#18889);
#18889 = CARTESIAN_POINT('',(-0.55,-0.45,3.));
#18890 = LINE('',#18891,#18892);
#18891 = CARTESIAN_POINT('',(-0.652,-0.45,3.));
#18892 = VECTOR('',#18893,1.);
#18893 = DIRECTION('',(1.,0.,0.));
#18894 = ORIENTED_EDGE('',*,*,#18895,.F.);
#18895 = EDGE_CURVE('',#18872,#18888,#18896,.T.);
#18896 = LINE('',#18897,#18898);
#18897 = CARTESIAN_POINT('',(-0.55,-0.35,3.));
#18898 = VECTOR('',#18899,1.);
#18899 = DIRECTION('',(0.,1.,0.));
#18900 = PLANE('',#18901);
#18901 = AXIS2_PLACEMENT_3D('',#18902,#18903,#18904);
#18902 = CARTESIAN_POINT('',(-0.652,-0.5,3.));
#18903 = DIRECTION('',(0.,0.,1.));
#18904 = DIRECTION('',(1.,0.,-0.));
#18905 = ADVANCED_FACE('',(#18906),#18926,.F.);
#18906 = FACE_BOUND('',#18907,.T.);
#18907 = EDGE_LOOP('',(#18908,#18909,#18910,#18911,#18917,#18918,#18919,
    #18920));
#18908 = ORIENTED_EDGE('',*,*,#18678,.F.);
#18909 = ORIENTED_EDGE('',*,*,#18701,.F.);
#18910 = ORIENTED_EDGE('',*,*,#18725,.F.);
#18911 = ORIENTED_EDGE('',*,*,#18912,.F.);
#18912 = EDGE_CURVE('',#18799,#18726,#18913,.T.);
#18913 = LINE('',#18914,#18915);
#18914 = CARTESIAN_POINT('',(-0.35,-2.4,-0.1));
#18915 = VECTOR('',#18916,1.);
#18916 = DIRECTION('',(0.,0.,1.));
#18917 = ORIENTED_EDGE('',*,*,#18798,.F.);
#18918 = ORIENTED_EDGE('',*,*,#18828,.T.);
#18919 = ORIENTED_EDGE('',*,*,#18845,.F.);
#18920 = ORIENTED_EDGE('',*,*,#18921,.F.);
#18921 = EDGE_CURVE('',#18679,#18846,#18922,.T.);
#18922 = LINE('',#18923,#18924);
#18923 = CARTESIAN_POINT('',(-0.35,-0.35,2.9));
#18924 = VECTOR('',#18925,1.);
#18925 = DIRECTION('',(0.,1.,0.));
#18926 = PLANE('',#18927);
#18927 = AXIS2_PLACEMENT_3D('',#18928,#18929,#18930);
#18928 = CARTESIAN_POINT('',(-0.35,-1.425,1.3));
#18929 = DIRECTION('',(-1.,0.,0.));
#18930 = DIRECTION('',(0.,1.,0.));
#18931 = ADVANCED_FACE('',(#18932),#18948,.T.);
#18932 = FACE_BOUND('',#18933,.T.);
#18933 = EDGE_LOOP('',(#18934,#18940,#18941,#18947));
#18934 = ORIENTED_EDGE('',*,*,#18935,.F.);
#18935 = EDGE_CURVE('',#18679,#18870,#18936,.T.);
#18936 = LINE('',#18937,#18938);
#18937 = CARTESIAN_POINT('',(-0.450666666667,-0.549333333333,
    3.000666666667));
#18938 = VECTOR('',#18939,1.);
#18939 = DIRECTION('',(-0.57735026919,0.57735026919,0.57735026919));
#18940 = ORIENTED_EDGE('',*,*,#18921,.T.);
#18941 = ORIENTED_EDGE('',*,*,#18942,.T.);
#18942 = EDGE_CURVE('',#18846,#18880,#18943,.T.);
#18943 = LINE('',#18944,#18945);
#18944 = CARTESIAN_POINT('',(-0.708333333333,-0.708333333333,
    3.258333333333));
#18945 = VECTOR('',#18946,1.);
#18946 = DIRECTION('',(-0.57735026919,-0.57735026919,0.57735026919));
#18947 = ORIENTED_EDGE('',*,*,#18879,.T.);
#18948 = PLANE('',#18949);
#18949 = AXIS2_PLACEMENT_3D('',#18950,#18951,#18952);
#18950 = CARTESIAN_POINT('',(-0.35,-1.425,2.9));
#18951 = DIRECTION('',(0.707106781187,0.,0.707106781187));
#18952 = DIRECTION('',(0.,-1.,0.));
#18953 = ADVANCED_FACE('',(#18954),#18965,.F.);
#18954 = FACE_BOUND('',#18955,.T.);
#18955 = EDGE_LOOP('',(#18956,#18957,#18958,#18964));
#18956 = ORIENTED_EDGE('',*,*,#18942,.F.);
#18957 = ORIENTED_EDGE('',*,*,#18855,.T.);
#18958 = ORIENTED_EDGE('',*,*,#18959,.T.);
#18959 = EDGE_CURVE('',#18598,#18888,#18960,.T.);
#18960 = LINE('',#18961,#18962);
#18961 = CARTESIAN_POINT('',(-0.584,-0.416,2.966));
#18962 = VECTOR('',#18963,1.);
#18963 = DIRECTION('',(0.57735026919,-0.57735026919,0.57735026919));
#18964 = ORIENTED_EDGE('',*,*,#18887,.T.);
#18965 = PLANE('',#18966);
#18966 = AXIS2_PLACEMENT_3D('',#18967,#18968,#18969);
#18967 = CARTESIAN_POINT('',(-0.652,-0.45,3.));
#18968 = DIRECTION('',(0.,-0.707106781187,-0.707106781187));
#18969 = DIRECTION('',(1.,0.,0.));
#18970 = ADVANCED_FACE('',(#18971),#18982,.F.);
#18971 = FACE_BOUND('',#18972,.T.);
#18972 = EDGE_LOOP('',(#18973,#18974,#18975,#18981));
#18973 = ORIENTED_EDGE('',*,*,#18935,.T.);
#18974 = ORIENTED_EDGE('',*,*,#18869,.T.);
#18975 = ORIENTED_EDGE('',*,*,#18976,.T.);
#18976 = EDGE_CURVE('',#18872,#18648,#18977,.T.);
#18977 = LINE('',#18978,#18979);
#18978 = CARTESIAN_POINT('',(-0.650666666667,-0.650666666667,
    2.899333333333));
#18979 = VECTOR('',#18980,1.);
#18980 = DIRECTION('',(-0.57735026919,-0.57735026919,-0.57735026919));
#18981 = ORIENTED_EDGE('',*,*,#18686,.T.);
#18982 = PLANE('',#18983);
#18983 = AXIS2_PLACEMENT_3D('',#18984,#18985,#18986);
#18984 = CARTESIAN_POINT('',(-0.652,-0.65,2.9));
#18985 = DIRECTION('',(0.,0.707106781187,-0.707106781187));
#18986 = DIRECTION('',(1.,0.,0.));
#18987 = ADVANCED_FACE('',(#18988),#18994,.T.);
#18988 = FACE_BOUND('',#18989,.T.);
#18989 = EDGE_LOOP('',(#18990,#18991,#18992,#18993));
#18990 = ORIENTED_EDGE('',*,*,#18959,.F.);
#18991 = ORIENTED_EDGE('',*,*,#18655,.T.);
#18992 = ORIENTED_EDGE('',*,*,#18976,.F.);
#18993 = ORIENTED_EDGE('',*,*,#18895,.T.);
#18994 = PLANE('',#18995);
#18995 = AXIS2_PLACEMENT_3D('',#18996,#18997,#18998);
#18996 = CARTESIAN_POINT('',(-0.65,-0.5,2.9));
#18997 = DIRECTION('',(-0.707106781187,0.,0.707106781187));
#18998 = DIRECTION('',(0.,1.,0.));
#18999 = ADVANCED_FACE('',(#19000),#19016,.T.);
#19000 = FACE_BOUND('',#19001,.T.);
#19001 = EDGE_LOOP('',(#19002,#19008,#19009,#19015));
#19002 = ORIENTED_EDGE('',*,*,#19003,.T.);
#19003 = EDGE_CURVE('',#18750,#18799,#19004,.T.);
#19004 = LINE('',#19005,#19006);
#19005 = CARTESIAN_POINT('',(-0.916666666667,-2.966666666667,
    0.166666666667));
#19006 = VECTOR('',#19007,1.);
#19007 = DIRECTION('',(0.57735026919,0.57735026919,-0.57735026919));
#19008 = ORIENTED_EDGE('',*,*,#18912,.T.);
#19009 = ORIENTED_EDGE('',*,*,#19010,.F.);
#19010 = EDGE_CURVE('',#18760,#18726,#19011,.T.);
#19011 = LINE('',#19012,#19013);
#19012 = CARTESIAN_POINT('',(-0.517333333333,-2.567333333333,
    -0.267333333333));
#19013 = VECTOR('',#19014,1.);
#19014 = DIRECTION('',(0.57735026919,0.57735026919,0.57735026919));
#19015 = ORIENTED_EDGE('',*,*,#18759,.T.);
#19016 = PLANE('',#19017);
#19017 = AXIS2_PLACEMENT_3D('',#19018,#19019,#19020);
#19018 = CARTESIAN_POINT('',(-0.35,-2.4,1.3));
#19019 = DIRECTION('',(0.707106781187,-0.707106781187,0.));
#19020 = DIRECTION('',(0.,0.,-1.));
#19021 = ADVANCED_FACE('',(#19022),#19033,.F.);
#19022 = FACE_BOUND('',#19023,.T.);
#19023 = EDGE_LOOP('',(#19024,#19025,#19026,#19032));
#19024 = ORIENTED_EDGE('',*,*,#19010,.T.);
#19025 = ORIENTED_EDGE('',*,*,#18735,.T.);
#19026 = ORIENTED_EDGE('',*,*,#19027,.T.);
#19027 = EDGE_CURVE('',#18623,#18768,#19028,.T.);
#19028 = LINE('',#19029,#19030);
#19029 = CARTESIAN_POINT('',(-0.584,-2.466,-0.166));
#19030 = VECTOR('',#19031,1.);
#19031 = DIRECTION('',(0.57735026919,-0.57735026919,-0.57735026919));
#19032 = ORIENTED_EDGE('',*,*,#18767,.T.);
#19033 = PLANE('',#19034);
#19034 = AXIS2_PLACEMENT_3D('',#19035,#19036,#19037);
#19035 = CARTESIAN_POINT('',(-0.652,-2.5,-0.2));
#19036 = DIRECTION('',(0.,0.707106781187,-0.707106781187));
#19037 = DIRECTION('',(1.,0.,0.));
#19038 = ADVANCED_FACE('',(#19039),#19050,.F.);
#19039 = FACE_BOUND('',#19040,.T.);
#19040 = EDGE_LOOP('',(#19041,#19042,#19043,#19049));
#19041 = ORIENTED_EDGE('',*,*,#19003,.F.);
#19042 = ORIENTED_EDGE('',*,*,#18749,.T.);
#19043 = ORIENTED_EDGE('',*,*,#19044,.T.);
#19044 = EDGE_CURVE('',#18752,#18615,#19045,.T.);
#19045 = LINE('',#19046,#19047);
#19046 = CARTESIAN_POINT('',(-0.650666666667,-2.399333333333,
    -0.400666666667));
#19047 = VECTOR('',#19048,1.);
#19048 = DIRECTION('',(-0.57735026919,0.57735026919,-0.57735026919));
#19049 = ORIENTED_EDGE('',*,*,#18806,.T.);
#19050 = PLANE('',#19051);
#19051 = AXIS2_PLACEMENT_3D('',#19052,#19053,#19054);
#19052 = CARTESIAN_POINT('',(-0.652,-2.4,-0.4));
#19053 = DIRECTION('',(0.,0.707106781187,0.707106781187));
#19054 = DIRECTION('',(1.,0.,-0.));
#19055 = ADVANCED_FACE('',(#19056),#19062,.T.);
#19056 = FACE_BOUND('',#19057,.T.);
#19057 = EDGE_LOOP('',(#19058,#19059,#19060,#19061));
#19058 = ORIENTED_EDGE('',*,*,#19027,.F.);
#19059 = ORIENTED_EDGE('',*,*,#18622,.T.);
#19060 = ORIENTED_EDGE('',*,*,#19044,.F.);
#19061 = ORIENTED_EDGE('',*,*,#18775,.T.);
#19062 = PLANE('',#19063);
#19063 = AXIS2_PLACEMENT_3D('',#19064,#19065,#19066);
#19064 = CARTESIAN_POINT('',(-0.65,-2.4,1.));
#19065 = DIRECTION('',(-0.707106781187,-0.707106781187,0.));
#19066 = DIRECTION('',(0.,0.,1.));
#19067 = ( GEOMETRIC_REPRESENTATION_CONTEXT(3) 
GLOBAL_UNCERTAINTY_ASSIGNED_CONTEXT((#19071)) 
GLOBAL_UNIT_ASSIGNED_CONTEXT((#19068,#19069,#19070)) 
REPRESENTATION_CONTEXT('Context #1',
  '3D Context with UNIT and UNCERTAINTY') );
#19068 = ( LENGTH_UNIT() NAMED_UNIT(*) SI_UNIT(.MILLI.,.METRE.) );
#19069 = ( NAMED_UNIT(*) PLANE_ANGLE_UNIT() SI_UNIT($,.RADIAN.) );
#19070 = ( NAMED_UNIT(*) SI_UNIT($,.STERADIAN.) SOLID_ANGLE_UNIT() );
#19071 = UNCERTAINTY_MEASURE_WITH_UNIT(LENGTH_MEASURE(1.E-07),#19068,
  'distance_accuracy_value','confusion accuracy');
#19072 = CONTEXT_DEPENDENT_SHAPE_REPRESENTATION(#19073,#19075);
#19073 = ( REPRESENTATION_RELATIONSHIP('','',#18588,#817) 
REPRESENTATION_RELATIONSHIP_WITH_TRANSFORMATION(#19074) 
SHAPE_REPRESENTATION_RELATIONSHIP() );
#19074 = ITEM_DEFINED_TRANSFORMATION('','',#11,#914);
#19075 = PRODUCT_DEFINITION_SHAPE('Placement','Placement of an item',
  #19076);
#19076 = NEXT_ASSEMBLY_USAGE_OCCURRENCE('103','=>[0:1:1:28]','',#812,
  #18583,$);
#19077 = PRODUCT_RELATED_PRODUCT_CATEGORY('part',$,(#18585));
#19078 = SHAPE_DEFINITION_REPRESENTATION(#19079,#19085);
#19079 = PRODUCT_DEFINITION_SHAPE('','',#19080);
#19080 = PRODUCT_DEFINITION('design','',#19081,#19084);
#19081 = PRODUCT_DEFINITION_FORMATION('','',#19082);
#19082 = PRODUCT('Part 12','Part 12','',(#19083));
#19083 = PRODUCT_CONTEXT('',#2,'mechanical');
#19084 = PRODUCT_DEFINITION_CONTEXT('part definition',#2,'design');
#19085 = ADVANCED_BREP_SHAPE_REPRESENTATION('',(#11,#19086),#19564);
#19086 = MANIFOLD_SOLID_BREP('',#19087);
#19087 = CLOSED_SHELL('',(#19088,#19162,#19236,#19276,#19298,#19315,
    #19332,#19372,#19394,#19411,#19428,#19450,#19467,#19484,#19496,
    #19518,#19535,#19552));
#19088 = ADVANCED_FACE('',(#19089),#19157,.F.);
#19089 = FACE_BOUND('',#19090,.T.);
#19090 = EDGE_LOOP('',(#19091,#19101,#19109,#19117,#19126,#19134,#19142,
    #19150));
#19091 = ORIENTED_EDGE('',*,*,#19092,.T.);
#19092 = EDGE_CURVE('',#19093,#19095,#19097,.T.);
#19093 = VERTEX_POINT('',#19094);
#19094 = CARTESIAN_POINT('',(4.35,0.35,5.E-02));
#19095 = VERTEX_POINT('',#19096);
#19096 = CARTESIAN_POINT('',(4.35,0.35,2.9));
#19097 = LINE('',#19098,#19099);
#19098 = CARTESIAN_POINT('',(4.35,0.35,1.525));
#19099 = VECTOR('',#19100,1.);
#19100 = DIRECTION('',(0.,5.512892402469E-17,1.));
#19101 = ORIENTED_EDGE('',*,*,#19102,.T.);
#19102 = EDGE_CURVE('',#19095,#19103,#19105,.T.);
#19103 = VERTEX_POINT('',#19104);
#19104 = CARTESIAN_POINT('',(4.35,0.65,2.9));
#19105 = LINE('',#19106,#19107);
#19106 = CARTESIAN_POINT('',(4.35,0.65,2.9));
#19107 = VECTOR('',#19108,1.);
#19108 = DIRECTION('',(0.,1.,0.));
#19109 = ORIENTED_EDGE('',*,*,#19110,.T.);
#19110 = EDGE_CURVE('',#19103,#19111,#19113,.T.);
#19111 = VERTEX_POINT('',#19112);
#19112 = CARTESIAN_POINT('',(4.35,0.65,5.E-02));
#19113 = LINE('',#19114,#19115);
#19114 = CARTESIAN_POINT('',(4.35,0.65,1.525));
#19115 = VECTOR('',#19116,1.);
#19116 = DIRECTION('',(0.,-1.837630800823E-16,-1.));
#19117 = ORIENTED_EDGE('',*,*,#19118,.T.);
#19118 = EDGE_CURVE('',#19111,#19119,#19121,.T.);
#19119 = VERTEX_POINT('',#19120);
#19120 = CARTESIAN_POINT('',(4.35,0.8,-0.1));
#19121 = CIRCLE('',#19122,0.15);
#19122 = AXIS2_PLACEMENT_3D('',#19123,#19124,#19125);
#19123 = CARTESIAN_POINT('',(4.35,0.8,5.E-02));
#19124 = DIRECTION('',(1.,0.,0.));
#19125 = DIRECTION('',(0.,0.,-1.));
#19126 = ORIENTED_EDGE('',*,*,#19127,.T.);
#19127 = EDGE_CURVE('',#19119,#19128,#19130,.T.);
#19128 = VERTEX_POINT('',#19129);
#19129 = CARTESIAN_POINT('',(4.35,2.4,-0.1));
#19130 = LINE('',#19131,#19132);
#19131 = CARTESIAN_POINT('',(4.35,1.65,-0.1));
#19132 = VECTOR('',#19133,1.);
#19133 = DIRECTION('',(0.,1.,0.));
#19134 = ORIENTED_EDGE('',*,*,#19135,.T.);
#19135 = EDGE_CURVE('',#19128,#19136,#19138,.T.);
#19136 = VERTEX_POINT('',#19137);
#19137 = CARTESIAN_POINT('',(4.35,2.4,-0.4));
#19138 = LINE('',#19139,#19140);
#19139 = CARTESIAN_POINT('',(4.35,2.4,-0.4));
#19140 = VECTOR('',#19141,1.);
#19141 = DIRECTION('',(0.,0.,-1.));
#19142 = ORIENTED_EDGE('',*,*,#19143,.T.);
#19143 = EDGE_CURVE('',#19136,#19144,#19146,.T.);
#19144 = VERTEX_POINT('',#19145);
#19145 = CARTESIAN_POINT('',(4.35,0.8,-0.4));
#19146 = LINE('',#19147,#19148);
#19147 = CARTESIAN_POINT('',(4.35,1.65,-0.4));
#19148 = VECTOR('',#19149,1.);
#19149 = DIRECTION('',(0.,-1.,1.27553196763E-16));
#19150 = ORIENTED_EDGE('',*,*,#19151,.F.);
#19151 = EDGE_CURVE('',#19093,#19144,#19152,.T.);
#19152 = CIRCLE('',#19153,0.45);
#19153 = AXIS2_PLACEMENT_3D('',#19154,#19155,#19156);
#19154 = CARTESIAN_POINT('',(4.35,0.8,5.E-02));
#19155 = DIRECTION('',(1.,0.,0.));
#19156 = DIRECTION('',(0.,0.,-1.));
#19157 = PLANE('',#19158);
#19158 = AXIS2_PLACEMENT_3D('',#19159,#19160,#19161);
#19159 = CARTESIAN_POINT('',(4.35,0.5,1.));
#19160 = DIRECTION('',(1.,0.,0.));
#19161 = DIRECTION('',(0.,0.,-1.));
#19162 = ADVANCED_FACE('',(#19163),#19231,.F.);
#19163 = FACE_BOUND('',#19164,.T.);
#19164 = EDGE_LOOP('',(#19165,#19175,#19183,#19191,#19200,#19208,#19216,
    #19224));
#19165 = ORIENTED_EDGE('',*,*,#19166,.T.);
#19166 = EDGE_CURVE('',#19167,#19169,#19171,.T.);
#19167 = VERTEX_POINT('',#19168);
#19168 = CARTESIAN_POINT('',(4.65,0.65,5.E-02));
#19169 = VERTEX_POINT('',#19170);
#19170 = CARTESIAN_POINT('',(4.65,0.65,2.9));
#19171 = LINE('',#19172,#19173);
#19172 = CARTESIAN_POINT('',(4.65,0.65,1.525));
#19173 = VECTOR('',#19174,1.);
#19174 = DIRECTION('',(0.,1.837630800823E-16,1.));
#19175 = ORIENTED_EDGE('',*,*,#19176,.T.);
#19176 = EDGE_CURVE('',#19169,#19177,#19179,.T.);
#19177 = VERTEX_POINT('',#19178);
#19178 = CARTESIAN_POINT('',(4.65,0.35,2.9));
#19179 = LINE('',#19180,#19181);
#19180 = CARTESIAN_POINT('',(4.65,0.35,2.9));
#19181 = VECTOR('',#19182,1.);
#19182 = DIRECTION('',(0.,-1.,0.));
#19183 = ORIENTED_EDGE('',*,*,#19184,.T.);
#19184 = EDGE_CURVE('',#19177,#19185,#19187,.T.);
#19185 = VERTEX_POINT('',#19186);
#19186 = CARTESIAN_POINT('',(4.65,0.35,5.E-02));
#19187 = LINE('',#19188,#19189);
#19188 = CARTESIAN_POINT('',(4.65,0.35,1.525));
#19189 = VECTOR('',#19190,1.);
#19190 = DIRECTION('',(0.,-5.512892402469E-17,-1.));
#19191 = ORIENTED_EDGE('',*,*,#19192,.F.);
#19192 = EDGE_CURVE('',#19193,#19185,#19195,.T.);
#19193 = VERTEX_POINT('',#19194);
#19194 = CARTESIAN_POINT('',(4.65,0.8,-0.4));
#19195 = CIRCLE('',#19196,0.45);
#19196 = AXIS2_PLACEMENT_3D('',#19197,#19198,#19199);
#19197 = CARTESIAN_POINT('',(4.65,0.8,5.E-02));
#19198 = DIRECTION('',(-1.,0.,0.));
#19199 = DIRECTION('',(0.,0.,1.));
#19200 = ORIENTED_EDGE('',*,*,#19201,.T.);
#19201 = EDGE_CURVE('',#19193,#19202,#19204,.T.);
#19202 = VERTEX_POINT('',#19203);
#19203 = CARTESIAN_POINT('',(4.65,2.4,-0.4));
#19204 = LINE('',#19205,#19206);
#19205 = CARTESIAN_POINT('',(4.65,1.65,-0.4));
#19206 = VECTOR('',#19207,1.);
#19207 = DIRECTION('',(0.,1.,-1.27553196763E-16));
#19208 = ORIENTED_EDGE('',*,*,#19209,.T.);
#19209 = EDGE_CURVE('',#19202,#19210,#19212,.T.);
#19210 = VERTEX_POINT('',#19211);
#19211 = CARTESIAN_POINT('',(4.65,2.4,-0.1));
#19212 = LINE('',#19213,#19214);
#19213 = CARTESIAN_POINT('',(4.65,2.4,-0.1));
#19214 = VECTOR('',#19215,1.);
#19215 = DIRECTION('',(0.,0.,1.));
#19216 = ORIENTED_EDGE('',*,*,#19217,.T.);
#19217 = EDGE_CURVE('',#19210,#19218,#19220,.T.);
#19218 = VERTEX_POINT('',#19219);
#19219 = CARTESIAN_POINT('',(4.65,0.8,-0.1));
#19220 = LINE('',#19221,#19222);
#19221 = CARTESIAN_POINT('',(4.65,1.65,-0.1));
#19222 = VECTOR('',#19223,1.);
#19223 = DIRECTION('',(0.,-1.,0.));
#19224 = ORIENTED_EDGE('',*,*,#19225,.T.);
#19225 = EDGE_CURVE('',#19218,#19167,#19226,.T.);
#19226 = CIRCLE('',#19227,0.15);
#19227 = AXIS2_PLACEMENT_3D('',#19228,#19229,#19230);
#19228 = CARTESIAN_POINT('',(4.65,0.8,5.E-02));
#19229 = DIRECTION('',(-1.,0.,0.));
#19230 = DIRECTION('',(0.,0.,1.));
#19231 = PLANE('',#19232);
#19232 = AXIS2_PLACEMENT_3D('',#19233,#19234,#19235);
#19233 = CARTESIAN_POINT('',(4.65,1.425,1.3));
#19234 = DIRECTION('',(-1.,0.,0.));
#19235 = DIRECTION('',(0.,-1.,0.));
#19236 = ADVANCED_FACE('',(#19237),#19271,.T.);
#19237 = FACE_BOUND('',#19238,.T.);
#19238 = EDGE_LOOP('',(#19239,#19249,#19257,#19265));
#19239 = ORIENTED_EDGE('',*,*,#19240,.T.);
#19240 = EDGE_CURVE('',#19241,#19243,#19245,.T.);
#19241 = VERTEX_POINT('',#19242);
#19242 = CARTESIAN_POINT('',(4.55,0.55,3.));
#19243 = VERTEX_POINT('',#19244);
#19244 = CARTESIAN_POINT('',(4.45,0.55,3.));
#19245 = LINE('',#19246,#19247);
#19246 = CARTESIAN_POINT('',(4.348,0.55,3.));
#19247 = VECTOR('',#19248,1.);
#19248 = DIRECTION('',(-1.,0.,0.));
#19249 = ORIENTED_EDGE('',*,*,#19250,.T.);
#19250 = EDGE_CURVE('',#19243,#19251,#19253,.T.);
#19251 = VERTEX_POINT('',#19252);
#19252 = CARTESIAN_POINT('',(4.45,0.45,3.));
#19253 = LINE('',#19254,#19255);
#19254 = CARTESIAN_POINT('',(4.45,0.35,3.));
#19255 = VECTOR('',#19256,1.);
#19256 = DIRECTION('',(0.,-1.,0.));
#19257 = ORIENTED_EDGE('',*,*,#19258,.T.);
#19258 = EDGE_CURVE('',#19251,#19259,#19261,.T.);
#19259 = VERTEX_POINT('',#19260);
#19260 = CARTESIAN_POINT('',(4.55,0.45,3.));
#19261 = LINE('',#19262,#19263);
#19262 = CARTESIAN_POINT('',(4.348,0.45,3.));
#19263 = VECTOR('',#19264,1.);
#19264 = DIRECTION('',(1.,0.,0.));
#19265 = ORIENTED_EDGE('',*,*,#19266,.T.);
#19266 = EDGE_CURVE('',#19259,#19241,#19267,.T.);
#19267 = LINE('',#19268,#19269);
#19268 = CARTESIAN_POINT('',(4.55,0.65,3.));
#19269 = VECTOR('',#19270,1.);
#19270 = DIRECTION('',(0.,1.,0.));
#19271 = PLANE('',#19272);
#19272 = AXIS2_PLACEMENT_3D('',#19273,#19274,#19275);
#19273 = CARTESIAN_POINT('',(4.348,0.5,3.));
#19274 = DIRECTION('',(0.,0.,1.));
#19275 = DIRECTION('',(1.,0.,-0.));
#19276 = ADVANCED_FACE('',(#19277),#19293,.T.);
#19277 = FACE_BOUND('',#19278,.T.);
#19278 = EDGE_LOOP('',(#19279,#19280,#19286,#19287));
#19279 = ORIENTED_EDGE('',*,*,#19184,.F.);
#19280 = ORIENTED_EDGE('',*,*,#19281,.T.);
#19281 = EDGE_CURVE('',#19177,#19095,#19282,.T.);
#19282 = LINE('',#19283,#19284);
#19283 = CARTESIAN_POINT('',(4.348,0.35,2.9));
#19284 = VECTOR('',#19285,1.);
#19285 = DIRECTION('',(-1.,0.,0.));
#19286 = ORIENTED_EDGE('',*,*,#19092,.F.);
#19287 = ORIENTED_EDGE('',*,*,#19288,.T.);
#19288 = EDGE_CURVE('',#19093,#19185,#19289,.T.);
#19289 = LINE('',#19290,#19291);
#19290 = CARTESIAN_POINT('',(4.348,0.35,5.E-02));
#19291 = VECTOR('',#19292,1.);
#19292 = DIRECTION('',(1.,0.,0.));
#19293 = PLANE('',#19294);
#19294 = AXIS2_PLACEMENT_3D('',#19295,#19296,#19297);
#19295 = CARTESIAN_POINT('',(4.348,0.35,1.525));
#19296 = DIRECTION('',(0.,-1.,5.512892402469E-17));
#19297 = DIRECTION('',(0.,-5.512892402469E-17,-1.));
#19298 = ADVANCED_FACE('',(#19299),#19310,.T.);
#19299 = FACE_BOUND('',#19300,.T.);
#19300 = EDGE_LOOP('',(#19301,#19302,#19303,#19309));
#19301 = ORIENTED_EDGE('',*,*,#19288,.F.);
#19302 = ORIENTED_EDGE('',*,*,#19151,.T.);
#19303 = ORIENTED_EDGE('',*,*,#19304,.T.);
#19304 = EDGE_CURVE('',#19144,#19193,#19305,.T.);
#19305 = LINE('',#19306,#19307);
#19306 = CARTESIAN_POINT('',(4.348,0.8,-0.4));
#19307 = VECTOR('',#19308,1.);
#19308 = DIRECTION('',(1.,0.,0.));
#19309 = ORIENTED_EDGE('',*,*,#19192,.T.);
#19310 = CYLINDRICAL_SURFACE('',#19311,0.45);
#19311 = AXIS2_PLACEMENT_3D('',#19312,#19313,#19314);
#19312 = CARTESIAN_POINT('',(4.348,0.8,5.E-02));
#19313 = DIRECTION('',(1.,0.,0.));
#19314 = DIRECTION('',(0.,0.,-1.));
#19315 = ADVANCED_FACE('',(#19316),#19327,.T.);
#19316 = FACE_BOUND('',#19317,.T.);
#19317 = EDGE_LOOP('',(#19318,#19319,#19325,#19326));
#19318 = ORIENTED_EDGE('',*,*,#19143,.F.);
#19319 = ORIENTED_EDGE('',*,*,#19320,.T.);
#19320 = EDGE_CURVE('',#19136,#19202,#19321,.T.);
#19321 = LINE('',#19322,#19323);
#19322 = CARTESIAN_POINT('',(4.348,2.4,-0.4));
#19323 = VECTOR('',#19324,1.);
#19324 = DIRECTION('',(1.,0.,0.));
#19325 = ORIENTED_EDGE('',*,*,#19201,.F.);
#19326 = ORIENTED_EDGE('',*,*,#19304,.F.);
#19327 = PLANE('',#19328);
#19328 = AXIS2_PLACEMENT_3D('',#19329,#19330,#19331);
#19329 = CARTESIAN_POINT('',(4.348,1.65,-0.4));
#19330 = DIRECTION('',(0.,-1.27553196763E-16,-1.));
#19331 = DIRECTION('',(0.,1.,-1.27553196763E-16));
#19332 = ADVANCED_FACE('',(#19333),#19367,.T.);
#19333 = FACE_BOUND('',#19334,.T.);
#19334 = EDGE_LOOP('',(#19335,#19345,#19353,#19361));
#19335 = ORIENTED_EDGE('',*,*,#19336,.T.);
#19336 = EDGE_CURVE('',#19337,#19339,#19341,.T.);
#19337 = VERTEX_POINT('',#19338);
#19338 = CARTESIAN_POINT('',(4.55,2.5,-0.3));
#19339 = VERTEX_POINT('',#19340);
#19340 = CARTESIAN_POINT('',(4.45,2.5,-0.3));
#19341 = LINE('',#19342,#19343);
#19342 = CARTESIAN_POINT('',(4.348,2.5,-0.3));
#19343 = VECTOR('',#19344,1.);
#19344 = DIRECTION('',(-1.,0.,0.));
#19345 = ORIENTED_EDGE('',*,*,#19346,.T.);
#19346 = EDGE_CURVE('',#19339,#19347,#19349,.T.);
#19347 = VERTEX_POINT('',#19348);
#19348 = CARTESIAN_POINT('',(4.45,2.5,-0.2));
#19349 = LINE('',#19350,#19351);
#19350 = CARTESIAN_POINT('',(4.45,2.5,-0.1));
#19351 = VECTOR('',#19352,1.);
#19352 = DIRECTION('',(0.,0.,1.));
#19353 = ORIENTED_EDGE('',*,*,#19354,.T.);
#19354 = EDGE_CURVE('',#19347,#19355,#19357,.T.);
#19355 = VERTEX_POINT('',#19356);
#19356 = CARTESIAN_POINT('',(4.55,2.5,-0.2));
#19357 = LINE('',#19358,#19359);
#19358 = CARTESIAN_POINT('',(4.348,2.5,-0.2));
#19359 = VECTOR('',#19360,1.);
#19360 = DIRECTION('',(1.,0.,0.));
#19361 = ORIENTED_EDGE('',*,*,#19362,.T.);
#19362 = EDGE_CURVE('',#19355,#19337,#19363,.T.);
#19363 = LINE('',#19364,#19365);
#19364 = CARTESIAN_POINT('',(4.55,2.5,-0.4));
#19365 = VECTOR('',#19366,1.);
#19366 = DIRECTION('',(0.,0.,-1.));
#19367 = PLANE('',#19368);
#19368 = AXIS2_PLACEMENT_3D('',#19369,#19370,#19371);
#19369 = CARTESIAN_POINT('',(4.348,2.5,-0.25));
#19370 = DIRECTION('',(0.,1.,0.));
#19371 = DIRECTION('',(0.,-0.,1.));
#19372 = ADVANCED_FACE('',(#19373),#19389,.T.);
#19373 = FACE_BOUND('',#19374,.T.);
#19374 = EDGE_LOOP('',(#19375,#19376,#19382,#19383));
#19375 = ORIENTED_EDGE('',*,*,#19217,.F.);
#19376 = ORIENTED_EDGE('',*,*,#19377,.T.);
#19377 = EDGE_CURVE('',#19210,#19128,#19378,.T.);
#19378 = LINE('',#19379,#19380);
#19379 = CARTESIAN_POINT('',(4.348,2.4,-0.1));
#19380 = VECTOR('',#19381,1.);
#19381 = DIRECTION('',(-1.,0.,0.));
#19382 = ORIENTED_EDGE('',*,*,#19127,.F.);
#19383 = ORIENTED_EDGE('',*,*,#19384,.T.);
#19384 = EDGE_CURVE('',#19119,#19218,#19385,.T.);
#19385 = LINE('',#19386,#19387);
#19386 = CARTESIAN_POINT('',(4.348,0.8,-0.1));
#19387 = VECTOR('',#19388,1.);
#19388 = DIRECTION('',(1.,0.,0.));
#19389 = PLANE('',#19390);
#19390 = AXIS2_PLACEMENT_3D('',#19391,#19392,#19393);
#19391 = CARTESIAN_POINT('',(4.348,1.65,-0.1));
#19392 = DIRECTION('',(0.,0.,1.));
#19393 = DIRECTION('',(1.,0.,-0.));
#19394 = ADVANCED_FACE('',(#19395),#19406,.F.);
#19395 = FACE_BOUND('',#19396,.F.);
#19396 = EDGE_LOOP('',(#19397,#19398,#19399,#19405));
#19397 = ORIENTED_EDGE('',*,*,#19384,.T.);
#19398 = ORIENTED_EDGE('',*,*,#19225,.T.);
#19399 = ORIENTED_EDGE('',*,*,#19400,.F.);
#19400 = EDGE_CURVE('',#19111,#19167,#19401,.T.);
#19401 = LINE('',#19402,#19403);
#19402 = CARTESIAN_POINT('',(4.348,0.65,5.E-02));
#19403 = VECTOR('',#19404,1.);
#19404 = DIRECTION('',(1.,0.,0.));
#19405 = ORIENTED_EDGE('',*,*,#19118,.T.);
#19406 = CYLINDRICAL_SURFACE('',#19407,0.15);
#19407 = AXIS2_PLACEMENT_3D('',#19408,#19409,#19410);
#19408 = CARTESIAN_POINT('',(4.348,0.8,5.E-02));
#19409 = DIRECTION('',(1.,0.,0.));
#19410 = DIRECTION('',(0.,0.,-1.));
#19411 = ADVANCED_FACE('',(#19412),#19423,.T.);
#19412 = FACE_BOUND('',#19413,.T.);
#19413 = EDGE_LOOP('',(#19414,#19415,#19421,#19422));
#19414 = ORIENTED_EDGE('',*,*,#19110,.F.);
#19415 = ORIENTED_EDGE('',*,*,#19416,.T.);
#19416 = EDGE_CURVE('',#19103,#19169,#19417,.T.);
#19417 = LINE('',#19418,#19419);
#19418 = CARTESIAN_POINT('',(4.348,0.65,2.9));
#19419 = VECTOR('',#19420,1.);
#19420 = DIRECTION('',(1.,0.,0.));
#19421 = ORIENTED_EDGE('',*,*,#19166,.F.);
#19422 = ORIENTED_EDGE('',*,*,#19400,.F.);
#19423 = PLANE('',#19424);
#19424 = AXIS2_PLACEMENT_3D('',#19425,#19426,#19427);
#19425 = CARTESIAN_POINT('',(4.348,0.65,1.525));
#19426 = DIRECTION('',(0.,1.,-1.837630800823E-16));
#19427 = DIRECTION('',(0.,1.837630800823E-16,1.));
#19428 = ADVANCED_FACE('',(#19429),#19445,.T.);
#19429 = FACE_BOUND('',#19430,.T.);
#19430 = EDGE_LOOP('',(#19431,#19437,#19438,#19444));
#19431 = ORIENTED_EDGE('',*,*,#19432,.T.);
#19432 = EDGE_CURVE('',#19169,#19241,#19433,.T.);
#19433 = LINE('',#19434,#19435);
#19434 = CARTESIAN_POINT('',(4.549333333333,0.549333333333,
    3.000666666667));
#19435 = VECTOR('',#19436,1.);
#19436 = DIRECTION('',(-0.57735026919,-0.57735026919,0.57735026919));
#19437 = ORIENTED_EDGE('',*,*,#19266,.F.);
#19438 = ORIENTED_EDGE('',*,*,#19439,.F.);
#19439 = EDGE_CURVE('',#19177,#19259,#19440,.T.);
#19440 = LINE('',#19441,#19442);
#19441 = CARTESIAN_POINT('',(4.291666666667,0.708333333333,
    3.258333333333));
#19442 = VECTOR('',#19443,1.);
#19443 = DIRECTION('',(-0.57735026919,0.57735026919,0.57735026919));
#19444 = ORIENTED_EDGE('',*,*,#19176,.F.);
#19445 = PLANE('',#19446);
#19446 = AXIS2_PLACEMENT_3D('',#19447,#19448,#19449);
#19447 = CARTESIAN_POINT('',(4.65,1.425,2.9));
#19448 = DIRECTION('',(0.707106781187,0.,0.707106781187));
#19449 = DIRECTION('',(-0.,1.,0.));
#19450 = ADVANCED_FACE('',(#19451),#19462,.F.);
#19451 = FACE_BOUND('',#19452,.T.);
#19452 = EDGE_LOOP('',(#19453,#19454,#19455,#19461));
#19453 = ORIENTED_EDGE('',*,*,#19439,.T.);
#19454 = ORIENTED_EDGE('',*,*,#19258,.F.);
#19455 = ORIENTED_EDGE('',*,*,#19456,.F.);
#19456 = EDGE_CURVE('',#19095,#19251,#19457,.T.);
#19457 = LINE('',#19458,#19459);
#19458 = CARTESIAN_POINT('',(4.416,0.416,2.966));
#19459 = VECTOR('',#19460,1.);
#19460 = DIRECTION('',(0.57735026919,0.57735026919,0.57735026919));
#19461 = ORIENTED_EDGE('',*,*,#19281,.F.);
#19462 = PLANE('',#19463);
#19463 = AXIS2_PLACEMENT_3D('',#19464,#19465,#19466);
#19464 = CARTESIAN_POINT('',(4.348,0.45,3.));
#19465 = DIRECTION('',(0.,0.707106781187,-0.707106781187));
#19466 = DIRECTION('',(1.,0.,0.));
#19467 = ADVANCED_FACE('',(#19468),#19479,.F.);
#19468 = FACE_BOUND('',#19469,.T.);
#19469 = EDGE_LOOP('',(#19470,#19471,#19472,#19478));
#19470 = ORIENTED_EDGE('',*,*,#19432,.F.);
#19471 = ORIENTED_EDGE('',*,*,#19416,.F.);
#19472 = ORIENTED_EDGE('',*,*,#19473,.F.);
#19473 = EDGE_CURVE('',#19243,#19103,#19474,.T.);
#19474 = LINE('',#19475,#19476);
#19475 = CARTESIAN_POINT('',(4.349333333333,0.650666666667,
    2.899333333333));
#19476 = VECTOR('',#19477,1.);
#19477 = DIRECTION('',(-0.57735026919,0.57735026919,-0.57735026919));
#19478 = ORIENTED_EDGE('',*,*,#19240,.F.);
#19479 = PLANE('',#19480);
#19480 = AXIS2_PLACEMENT_3D('',#19481,#19482,#19483);
#19481 = CARTESIAN_POINT('',(4.348,0.65,2.9));
#19482 = DIRECTION('',(0.,-0.707106781187,-0.707106781187));
#19483 = DIRECTION('',(1.,0.,0.));
#19484 = ADVANCED_FACE('',(#19485),#19491,.T.);
#19485 = FACE_BOUND('',#19486,.T.);
#19486 = EDGE_LOOP('',(#19487,#19488,#19489,#19490));
#19487 = ORIENTED_EDGE('',*,*,#19456,.T.);
#19488 = ORIENTED_EDGE('',*,*,#19250,.F.);
#19489 = ORIENTED_EDGE('',*,*,#19473,.T.);
#19490 = ORIENTED_EDGE('',*,*,#19102,.F.);
#19491 = PLANE('',#19492);
#19492 = AXIS2_PLACEMENT_3D('',#19493,#19494,#19495);
#19493 = CARTESIAN_POINT('',(4.35,0.5,2.9));
#19494 = DIRECTION('',(-0.707106781187,0.,0.707106781187));
#19495 = DIRECTION('',(0.,-1.,0.));
#19496 = ADVANCED_FACE('',(#19497),#19513,.T.);
#19497 = FACE_BOUND('',#19498,.T.);
#19498 = EDGE_LOOP('',(#19499,#19505,#19506,#19512));
#19499 = ORIENTED_EDGE('',*,*,#19500,.F.);
#19500 = EDGE_CURVE('',#19337,#19202,#19501,.T.);
#19501 = LINE('',#19502,#19503);
#19502 = CARTESIAN_POINT('',(4.083333333333,2.966666666667,
    0.166666666667));
#19503 = VECTOR('',#19504,1.);
#19504 = DIRECTION('',(0.57735026919,-0.57735026919,-0.57735026919));
#19505 = ORIENTED_EDGE('',*,*,#19362,.F.);
#19506 = ORIENTED_EDGE('',*,*,#19507,.T.);
#19507 = EDGE_CURVE('',#19355,#19210,#19508,.T.);
#19508 = LINE('',#19509,#19510);
#19509 = CARTESIAN_POINT('',(4.482666666667,2.567333333333,
    -0.267333333333));
#19510 = VECTOR('',#19511,1.);
#19511 = DIRECTION('',(0.57735026919,-0.57735026919,0.57735026919));
#19512 = ORIENTED_EDGE('',*,*,#19209,.F.);
#19513 = PLANE('',#19514);
#19514 = AXIS2_PLACEMENT_3D('',#19515,#19516,#19517);
#19515 = CARTESIAN_POINT('',(4.65,2.4,1.3));
#19516 = DIRECTION('',(0.707106781187,0.707106781187,0.));
#19517 = DIRECTION('',(0.,0.,-1.));
#19518 = ADVANCED_FACE('',(#19519),#19530,.F.);
#19519 = FACE_BOUND('',#19520,.T.);
#19520 = EDGE_LOOP('',(#19521,#19522,#19523,#19529));
#19521 = ORIENTED_EDGE('',*,*,#19507,.F.);
#19522 = ORIENTED_EDGE('',*,*,#19354,.F.);
#19523 = ORIENTED_EDGE('',*,*,#19524,.F.);
#19524 = EDGE_CURVE('',#19128,#19347,#19525,.T.);
#19525 = LINE('',#19526,#19527);
#19526 = CARTESIAN_POINT('',(4.416,2.466,-0.166));
#19527 = VECTOR('',#19528,1.);
#19528 = DIRECTION('',(0.57735026919,0.57735026919,-0.57735026919));
#19529 = ORIENTED_EDGE('',*,*,#19377,.F.);
#19530 = PLANE('',#19531);
#19531 = AXIS2_PLACEMENT_3D('',#19532,#19533,#19534);
#19532 = CARTESIAN_POINT('',(4.348,2.5,-0.2));
#19533 = DIRECTION('',(0.,-0.707106781187,-0.707106781187));
#19534 = DIRECTION('',(1.,0.,0.));
#19535 = ADVANCED_FACE('',(#19536),#19547,.F.);
#19536 = FACE_BOUND('',#19537,.T.);
#19537 = EDGE_LOOP('',(#19538,#19539,#19540,#19546));
#19538 = ORIENTED_EDGE('',*,*,#19500,.T.);
#19539 = ORIENTED_EDGE('',*,*,#19320,.F.);
#19540 = ORIENTED_EDGE('',*,*,#19541,.F.);
#19541 = EDGE_CURVE('',#19339,#19136,#19542,.T.);
#19542 = LINE('',#19543,#19544);
#19543 = CARTESIAN_POINT('',(4.349333333333,2.399333333333,
    -0.400666666667));
#19544 = VECTOR('',#19545,1.);
#19545 = DIRECTION('',(-0.57735026919,-0.57735026919,-0.57735026919));
#19546 = ORIENTED_EDGE('',*,*,#19336,.F.);
#19547 = PLANE('',#19548);
#19548 = AXIS2_PLACEMENT_3D('',#19549,#19550,#19551);
#19549 = CARTESIAN_POINT('',(4.348,2.4,-0.4));
#19550 = DIRECTION('',(0.,-0.707106781187,0.707106781187));
#19551 = DIRECTION('',(1.,0.,0.));
#19552 = ADVANCED_FACE('',(#19553),#19559,.T.);
#19553 = FACE_BOUND('',#19554,.T.);
#19554 = EDGE_LOOP('',(#19555,#19556,#19557,#19558));
#19555 = ORIENTED_EDGE('',*,*,#19524,.T.);
#19556 = ORIENTED_EDGE('',*,*,#19346,.F.);
#19557 = ORIENTED_EDGE('',*,*,#19541,.T.);
#19558 = ORIENTED_EDGE('',*,*,#19135,.F.);
#19559 = PLANE('',#19560);
#19560 = AXIS2_PLACEMENT_3D('',#19561,#19562,#19563);
#19561 = CARTESIAN_POINT('',(4.35,2.4,1.));
#19562 = DIRECTION('',(-0.707106781187,0.707106781187,0.));
#19563 = DIRECTION('',(0.,0.,1.));
#19564 = ( GEOMETRIC_REPRESENTATION_CONTEXT(3) 
GLOBAL_UNCERTAINTY_ASSIGNED_CONTEXT((#19568)) 
GLOBAL_UNIT_ASSIGNED_CONTEXT((#19565,#19566,#19567)) 
REPRESENTATION_CONTEXT('Context #1',
  '3D Context with UNIT and UNCERTAINTY') );
#19565 = ( LENGTH_UNIT() NAMED_UNIT(*) SI_UNIT(.MILLI.,.METRE.) );
#19566 = ( NAMED_UNIT(*) PLANE_ANGLE_UNIT() SI_UNIT($,.RADIAN.) );
#19567 = ( NAMED_UNIT(*) SI_UNIT($,.STERADIAN.) SOLID_ANGLE_UNIT() );
#19568 = UNCERTAINTY_MEASURE_WITH_UNIT(LENGTH_MEASURE(1.E-07),#19565,
  'distance_accuracy_value','confusion accuracy');
#19569 = CONTEXT_DEPENDENT_SHAPE_REPRESENTATION(#19570,#19572);
#19570 = ( REPRESENTATION_RELATIONSHIP('','',#19085,#817) 
REPRESENTATION_RELATIONSHIP_WITH_TRANSFORMATION(#19571) 
SHAPE_REPRESENTATION_RELATIONSHIP() );
#19571 = ITEM_DEFINED_TRANSFORMATION('','',#11,#918);
#19572 = PRODUCT_DEFINITION_SHAPE('Placement','Placement of an item',
  #19573);
#19573 = NEXT_ASSEMBLY_USAGE_OCCURRENCE('104','=>[0:1:1:29]','',#812,
  #19080,$);
#19574 = PRODUCT_RELATED_PRODUCT_CATEGORY('part',$,(#19082));
#19575 = SHAPE_DEFINITION_REPRESENTATION(#19576,#19582);
#19576 = PRODUCT_DEFINITION_SHAPE('','',#19577);
#19577 = PRODUCT_DEFINITION('design','',#19578,#19581);
#19578 = PRODUCT_DEFINITION_FORMATION('','',#19579);
#19579 = PRODUCT('Part 23','Part 23','',(#19580));
#19580 = PRODUCT_CONTEXT('',#2,'mechanical');
#19581 = PRODUCT_DEFINITION_CONTEXT('part definition',#2,'design');
#19582 = ADVANCED_BREP_SHAPE_REPRESENTATION('',(#11,#19583),#20061);
#19583 = MANIFOLD_SOLID_BREP('',#19584);
#19584 = CLOSED_SHELL('',(#19585,#19659,#19690,#19715,#19739,#19779,
    #19810,#19835,#19859,#19899,#19925,#19947,#19964,#19981,#19993,
    #20015,#20032,#20049));
#19585 = ADVANCED_FACE('',(#19586),#19654,.F.);
#19586 = FACE_BOUND('',#19587,.T.);
#19587 = EDGE_LOOP('',(#19588,#19598,#19607,#19615,#19623,#19631,#19640,
    #19648));
#19588 = ORIENTED_EDGE('',*,*,#19589,.F.);
#19589 = EDGE_CURVE('',#19590,#19592,#19594,.T.);
#19590 = VERTEX_POINT('',#19591);
#19591 = CARTESIAN_POINT('',(9.35,-0.35,5.E-02));
#19592 = VERTEX_POINT('',#19593);
#19593 = CARTESIAN_POINT('',(9.35,-0.35,2.9));
#19594 = LINE('',#19595,#19596);
#19595 = CARTESIAN_POINT('',(9.35,-0.35,1.525));
#19596 = VECTOR('',#19597,1.);
#19597 = DIRECTION('',(0.,-5.512892402469E-17,1.));
#19598 = ORIENTED_EDGE('',*,*,#19599,.T.);
#19599 = EDGE_CURVE('',#19590,#19600,#19602,.T.);
#19600 = VERTEX_POINT('',#19601);
#19601 = CARTESIAN_POINT('',(9.35,-0.8,-0.4));
#19602 = CIRCLE('',#19603,0.45);
#19603 = AXIS2_PLACEMENT_3D('',#19604,#19605,#19606);
#19604 = CARTESIAN_POINT('',(9.35,-0.8,5.E-02));
#19605 = DIRECTION('',(-1.,0.,0.));
#19606 = DIRECTION('',(0.,0.,-1.));
#19607 = ORIENTED_EDGE('',*,*,#19608,.F.);
#19608 = EDGE_CURVE('',#19609,#19600,#19611,.T.);
#19609 = VERTEX_POINT('',#19610);
#19610 = CARTESIAN_POINT('',(9.35,-2.4,-0.4));
#19611 = LINE('',#19612,#19613);
#19612 = CARTESIAN_POINT('',(9.35,-1.65,-0.4));
#19613 = VECTOR('',#19614,1.);
#19614 = DIRECTION('',(0.,1.,1.27553196763E-16));
#19615 = ORIENTED_EDGE('',*,*,#19616,.F.);
#19616 = EDGE_CURVE('',#19617,#19609,#19619,.T.);
#19617 = VERTEX_POINT('',#19618);
#19618 = CARTESIAN_POINT('',(9.35,-2.4,-0.1));
#19619 = LINE('',#19620,#19621);
#19620 = CARTESIAN_POINT('',(9.35,-2.4,-0.4));
#19621 = VECTOR('',#19622,1.);
#19622 = DIRECTION('',(0.,0.,-1.));
#19623 = ORIENTED_EDGE('',*,*,#19624,.F.);
#19624 = EDGE_CURVE('',#19625,#19617,#19627,.T.);
#19625 = VERTEX_POINT('',#19626);
#19626 = CARTESIAN_POINT('',(9.35,-0.8,-0.1));
#19627 = LINE('',#19628,#19629);
#19628 = CARTESIAN_POINT('',(9.35,-1.65,-0.1));
#19629 = VECTOR('',#19630,1.);
#19630 = DIRECTION('',(0.,-1.,0.));
#19631 = ORIENTED_EDGE('',*,*,#19632,.F.);
#19632 = EDGE_CURVE('',#19633,#19625,#19635,.T.);
#19633 = VERTEX_POINT('',#19634);
#19634 = CARTESIAN_POINT('',(9.35,-0.65,5.E-02));
#19635 = CIRCLE('',#19636,0.15);
#19636 = AXIS2_PLACEMENT_3D('',#19637,#19638,#19639);
#19637 = CARTESIAN_POINT('',(9.35,-0.8,5.E-02));
#19638 = DIRECTION('',(-1.,0.,0.));
#19639 = DIRECTION('',(0.,0.,-1.));
#19640 = ORIENTED_EDGE('',*,*,#19641,.F.);
#19641 = EDGE_CURVE('',#19642,#19633,#19644,.T.);
#19642 = VERTEX_POINT('',#19643);
#19643 = CARTESIAN_POINT('',(9.35,-0.65,2.9));
#19644 = LINE('',#19645,#19646);
#19645 = CARTESIAN_POINT('',(9.35,-0.65,1.525));
#19646 = VECTOR('',#19647,1.);
#19647 = DIRECTION('',(0.,1.837630800823E-16,-1.));
#19648 = ORIENTED_EDGE('',*,*,#19649,.F.);
#19649 = EDGE_CURVE('',#19592,#19642,#19650,.T.);
#19650 = LINE('',#19651,#19652);
#19651 = CARTESIAN_POINT('',(9.35,-0.65,2.9));
#19652 = VECTOR('',#19653,1.);
#19653 = DIRECTION('',(0.,-1.,0.));
#19654 = PLANE('',#19655);
#19655 = AXIS2_PLACEMENT_3D('',#19656,#19657,#19658);
#19656 = CARTESIAN_POINT('',(9.35,-0.5,1.));
#19657 = DIRECTION('',(1.,0.,0.));
#19658 = DIRECTION('',(0.,0.,-1.));
#19659 = ADVANCED_FACE('',(#19660),#19685,.T.);
#19660 = FACE_BOUND('',#19661,.T.);
#19661 = EDGE_LOOP('',(#19662,#19663,#19671,#19679));
#19662 = ORIENTED_EDGE('',*,*,#19641,.T.);
#19663 = ORIENTED_EDGE('',*,*,#19664,.T.);
#19664 = EDGE_CURVE('',#19633,#19665,#19667,.T.);
#19665 = VERTEX_POINT('',#19666);
#19666 = CARTESIAN_POINT('',(9.65,-0.65,5.E-02));
#19667 = LINE('',#19668,#19669);
#19668 = CARTESIAN_POINT('',(9.348,-0.65,5.E-02));
#19669 = VECTOR('',#19670,1.);
#19670 = DIRECTION('',(1.,0.,0.));
#19671 = ORIENTED_EDGE('',*,*,#19672,.T.);
#19672 = EDGE_CURVE('',#19665,#19673,#19675,.T.);
#19673 = VERTEX_POINT('',#19674);
#19674 = CARTESIAN_POINT('',(9.65,-0.65,2.9));
#19675 = LINE('',#19676,#19677);
#19676 = CARTESIAN_POINT('',(9.65,-0.65,1.525));
#19677 = VECTOR('',#19678,1.);
#19678 = DIRECTION('',(0.,-1.837630800823E-16,1.));
#19679 = ORIENTED_EDGE('',*,*,#19680,.F.);
#19680 = EDGE_CURVE('',#19642,#19673,#19681,.T.);
#19681 = LINE('',#19682,#19683);
#19682 = CARTESIAN_POINT('',(9.348,-0.65,2.9));
#19683 = VECTOR('',#19684,1.);
#19684 = DIRECTION('',(1.,0.,0.));
#19685 = PLANE('',#19686);
#19686 = AXIS2_PLACEMENT_3D('',#19687,#19688,#19689);
#19687 = CARTESIAN_POINT('',(9.348,-0.65,1.525));
#19688 = DIRECTION('',(0.,-1.,-1.837630800823E-16));
#19689 = DIRECTION('',(0.,-1.837630800823E-16,1.));
#19690 = ADVANCED_FACE('',(#19691),#19710,.F.);
#19691 = FACE_BOUND('',#19692,.F.);
#19692 = EDGE_LOOP('',(#19693,#19694,#19703,#19709));
#19693 = ORIENTED_EDGE('',*,*,#19664,.T.);
#19694 = ORIENTED_EDGE('',*,*,#19695,.F.);
#19695 = EDGE_CURVE('',#19696,#19665,#19698,.T.);
#19696 = VERTEX_POINT('',#19697);
#19697 = CARTESIAN_POINT('',(9.65,-0.8,-0.1));
#19698 = CIRCLE('',#19699,0.15);
#19699 = AXIS2_PLACEMENT_3D('',#19700,#19701,#19702);
#19700 = CARTESIAN_POINT('',(9.65,-0.8,5.E-02));
#19701 = DIRECTION('',(1.,0.,-0.));
#19702 = DIRECTION('',(0.,0.,1.));
#19703 = ORIENTED_EDGE('',*,*,#19704,.F.);
#19704 = EDGE_CURVE('',#19625,#19696,#19705,.T.);
#19705 = LINE('',#19706,#19707);
#19706 = CARTESIAN_POINT('',(9.348,-0.8,-0.1));
#19707 = VECTOR('',#19708,1.);
#19708 = DIRECTION('',(1.,0.,0.));
#19709 = ORIENTED_EDGE('',*,*,#19632,.F.);
#19710 = CYLINDRICAL_SURFACE('',#19711,0.15);
#19711 = AXIS2_PLACEMENT_3D('',#19712,#19713,#19714);
#19712 = CARTESIAN_POINT('',(9.348,-0.8,5.E-02));
#19713 = DIRECTION('',(1.,0.,0.));
#19714 = DIRECTION('',(0.,0.,-1.));
#19715 = ADVANCED_FACE('',(#19716),#19734,.T.);
#19716 = FACE_BOUND('',#19717,.T.);
#19717 = EDGE_LOOP('',(#19718,#19726,#19727,#19728));
#19718 = ORIENTED_EDGE('',*,*,#19719,.T.);
#19719 = EDGE_CURVE('',#19720,#19696,#19722,.T.);
#19720 = VERTEX_POINT('',#19721);
#19721 = CARTESIAN_POINT('',(9.65,-2.4,-0.1));
#19722 = LINE('',#19723,#19724);
#19723 = CARTESIAN_POINT('',(9.65,-1.65,-0.1));
#19724 = VECTOR('',#19725,1.);
#19725 = DIRECTION('',(0.,1.,0.));
#19726 = ORIENTED_EDGE('',*,*,#19704,.F.);
#19727 = ORIENTED_EDGE('',*,*,#19624,.T.);
#19728 = ORIENTED_EDGE('',*,*,#19729,.F.);
#19729 = EDGE_CURVE('',#19720,#19617,#19730,.T.);
#19730 = LINE('',#19731,#19732);
#19731 = CARTESIAN_POINT('',(9.348,-2.4,-0.1));
#19732 = VECTOR('',#19733,1.);
#19733 = DIRECTION('',(-1.,0.,0.));
#19734 = PLANE('',#19735);
#19735 = AXIS2_PLACEMENT_3D('',#19736,#19737,#19738);
#19736 = CARTESIAN_POINT('',(9.348,-1.65,-0.1));
#19737 = DIRECTION('',(0.,0.,1.));
#19738 = DIRECTION('',(1.,0.,-0.));
#19739 = ADVANCED_FACE('',(#19740),#19774,.T.);
#19740 = FACE_BOUND('',#19741,.T.);
#19741 = EDGE_LOOP('',(#19742,#19752,#19760,#19768));
#19742 = ORIENTED_EDGE('',*,*,#19743,.F.);
#19743 = EDGE_CURVE('',#19744,#19746,#19748,.T.);
#19744 = VERTEX_POINT('',#19745);
#19745 = CARTESIAN_POINT('',(9.55,-2.5,-0.3));
#19746 = VERTEX_POINT('',#19747);
#19747 = CARTESIAN_POINT('',(9.45,-2.5,-0.3));
#19748 = LINE('',#19749,#19750);
#19749 = CARTESIAN_POINT('',(9.348,-2.5,-0.3));
#19750 = VECTOR('',#19751,1.);
#19751 = DIRECTION('',(-1.,0.,0.));
#19752 = ORIENTED_EDGE('',*,*,#19753,.F.);
#19753 = EDGE_CURVE('',#19754,#19744,#19756,.T.);
#19754 = VERTEX_POINT('',#19755);
#19755 = CARTESIAN_POINT('',(9.55,-2.5,-0.2));
#19756 = LINE('',#19757,#19758);
#19757 = CARTESIAN_POINT('',(9.55,-2.5,-0.4));
#19758 = VECTOR('',#19759,1.);
#19759 = DIRECTION('',(0.,0.,-1.));
#19760 = ORIENTED_EDGE('',*,*,#19761,.F.);
#19761 = EDGE_CURVE('',#19762,#19754,#19764,.T.);
#19762 = VERTEX_POINT('',#19763);
#19763 = CARTESIAN_POINT('',(9.45,-2.5,-0.2));
#19764 = LINE('',#19765,#19766);
#19765 = CARTESIAN_POINT('',(9.348,-2.5,-0.2));
#19766 = VECTOR('',#19767,1.);
#19767 = DIRECTION('',(1.,0.,0.));
#19768 = ORIENTED_EDGE('',*,*,#19769,.F.);
#19769 = EDGE_CURVE('',#19746,#19762,#19770,.T.);
#19770 = LINE('',#19771,#19772);
#19771 = CARTESIAN_POINT('',(9.45,-2.5,-0.1));
#19772 = VECTOR('',#19773,1.);
#19773 = DIRECTION('',(0.,0.,1.));
#19774 = PLANE('',#19775);
#19775 = AXIS2_PLACEMENT_3D('',#19776,#19777,#19778);
#19776 = CARTESIAN_POINT('',(9.348,-2.5,-0.25));
#19777 = DIRECTION('',(0.,-1.,0.));
#19778 = DIRECTION('',(0.,0.,1.));
#19779 = ADVANCED_FACE('',(#19780),#19805,.T.);
#19780 = FACE_BOUND('',#19781,.T.);
#19781 = EDGE_LOOP('',(#19782,#19783,#19791,#19799));
#19782 = ORIENTED_EDGE('',*,*,#19608,.T.);
#19783 = ORIENTED_EDGE('',*,*,#19784,.T.);
#19784 = EDGE_CURVE('',#19600,#19785,#19787,.T.);
#19785 = VERTEX_POINT('',#19786);
#19786 = CARTESIAN_POINT('',(9.65,-0.8,-0.4));
#19787 = LINE('',#19788,#19789);
#19788 = CARTESIAN_POINT('',(9.348,-0.8,-0.4));
#19789 = VECTOR('',#19790,1.);
#19790 = DIRECTION('',(1.,0.,0.));
#19791 = ORIENTED_EDGE('',*,*,#19792,.T.);
#19792 = EDGE_CURVE('',#19785,#19793,#19795,.T.);
#19793 = VERTEX_POINT('',#19794);
#19794 = CARTESIAN_POINT('',(9.65,-2.4,-0.4));
#19795 = LINE('',#19796,#19797);
#19796 = CARTESIAN_POINT('',(9.65,-1.65,-0.4));
#19797 = VECTOR('',#19798,1.);
#19798 = DIRECTION('',(0.,-1.,-1.27553196763E-16));
#19799 = ORIENTED_EDGE('',*,*,#19800,.F.);
#19800 = EDGE_CURVE('',#19609,#19793,#19801,.T.);
#19801 = LINE('',#19802,#19803);
#19802 = CARTESIAN_POINT('',(9.348,-2.4,-0.4));
#19803 = VECTOR('',#19804,1.);
#19804 = DIRECTION('',(1.,0.,0.));
#19805 = PLANE('',#19806);
#19806 = AXIS2_PLACEMENT_3D('',#19807,#19808,#19809);
#19807 = CARTESIAN_POINT('',(9.348,-1.65,-0.4));
#19808 = DIRECTION('',(0.,1.27553196763E-16,-1.));
#19809 = DIRECTION('',(0.,-1.,-1.27553196763E-16));
#19810 = ADVANCED_FACE('',(#19811),#19830,.T.);
#19811 = FACE_BOUND('',#19812,.T.);
#19812 = EDGE_LOOP('',(#19813,#19821,#19828,#19829));
#19813 = ORIENTED_EDGE('',*,*,#19814,.T.);
#19814 = EDGE_CURVE('',#19590,#19815,#19817,.T.);
#19815 = VERTEX_POINT('',#19816);
#19816 = CARTESIAN_POINT('',(9.65,-0.35,5.E-02));
#19817 = LINE('',#19818,#19819);
#19818 = CARTESIAN_POINT('',(9.348,-0.35,5.E-02));
#19819 = VECTOR('',#19820,1.);
#19820 = DIRECTION('',(1.,0.,0.));
#19821 = ORIENTED_EDGE('',*,*,#19822,.F.);
#19822 = EDGE_CURVE('',#19785,#19815,#19823,.T.);
#19823 = CIRCLE('',#19824,0.45);
#19824 = AXIS2_PLACEMENT_3D('',#19825,#19826,#19827);
#19825 = CARTESIAN_POINT('',(9.65,-0.8,5.E-02));
#19826 = DIRECTION('',(1.,0.,-0.));
#19827 = DIRECTION('',(0.,0.,1.));
#19828 = ORIENTED_EDGE('',*,*,#19784,.F.);
#19829 = ORIENTED_EDGE('',*,*,#19599,.F.);
#19830 = CYLINDRICAL_SURFACE('',#19831,0.45);
#19831 = AXIS2_PLACEMENT_3D('',#19832,#19833,#19834);
#19832 = CARTESIAN_POINT('',(9.348,-0.8,5.E-02));
#19833 = DIRECTION('',(1.,0.,0.));
#19834 = DIRECTION('',(0.,0.,-1.));
#19835 = ADVANCED_FACE('',(#19836),#19854,.T.);
#19836 = FACE_BOUND('',#19837,.T.);
#19837 = EDGE_LOOP('',(#19838,#19846,#19847,#19848));
#19838 = ORIENTED_EDGE('',*,*,#19839,.T.);
#19839 = EDGE_CURVE('',#19840,#19815,#19842,.T.);
#19840 = VERTEX_POINT('',#19841);
#19841 = CARTESIAN_POINT('',(9.65,-0.35,2.9));
#19842 = LINE('',#19843,#19844);
#19843 = CARTESIAN_POINT('',(9.65,-0.35,1.525));
#19844 = VECTOR('',#19845,1.);
#19845 = DIRECTION('',(0.,5.512892402469E-17,-1.));
#19846 = ORIENTED_EDGE('',*,*,#19814,.F.);
#19847 = ORIENTED_EDGE('',*,*,#19589,.T.);
#19848 = ORIENTED_EDGE('',*,*,#19849,.F.);
#19849 = EDGE_CURVE('',#19840,#19592,#19850,.T.);
#19850 = LINE('',#19851,#19852);
#19851 = CARTESIAN_POINT('',(9.348,-0.35,2.9));
#19852 = VECTOR('',#19853,1.);
#19853 = DIRECTION('',(-1.,0.,0.));
#19854 = PLANE('',#19855);
#19855 = AXIS2_PLACEMENT_3D('',#19856,#19857,#19858);
#19856 = CARTESIAN_POINT('',(9.348,-0.35,1.525));
#19857 = DIRECTION('',(0.,1.,5.512892402469E-17));
#19858 = DIRECTION('',(0.,5.512892402469E-17,-1.));
#19859 = ADVANCED_FACE('',(#19860),#19894,.T.);
#19860 = FACE_BOUND('',#19861,.T.);
#19861 = EDGE_LOOP('',(#19862,#19872,#19880,#19888));
#19862 = ORIENTED_EDGE('',*,*,#19863,.F.);
#19863 = EDGE_CURVE('',#19864,#19866,#19868,.T.);
#19864 = VERTEX_POINT('',#19865);
#19865 = CARTESIAN_POINT('',(9.55,-0.55,3.));
#19866 = VERTEX_POINT('',#19867);
#19867 = CARTESIAN_POINT('',(9.45,-0.55,3.));
#19868 = LINE('',#19869,#19870);
#19869 = CARTESIAN_POINT('',(9.348,-0.55,3.));
#19870 = VECTOR('',#19871,1.);
#19871 = DIRECTION('',(-1.,0.,0.));
#19872 = ORIENTED_EDGE('',*,*,#19873,.F.);
#19873 = EDGE_CURVE('',#19874,#19864,#19876,.T.);
#19874 = VERTEX_POINT('',#19875);
#19875 = CARTESIAN_POINT('',(9.55,-0.45,3.));
#19876 = LINE('',#19877,#19878);
#19877 = CARTESIAN_POINT('',(9.55,-0.65,3.));
#19878 = VECTOR('',#19879,1.);
#19879 = DIRECTION('',(0.,-1.,0.));
#19880 = ORIENTED_EDGE('',*,*,#19881,.F.);
#19881 = EDGE_CURVE('',#19882,#19874,#19884,.T.);
#19882 = VERTEX_POINT('',#19883);
#19883 = CARTESIAN_POINT('',(9.45,-0.45,3.));
#19884 = LINE('',#19885,#19886);
#19885 = CARTESIAN_POINT('',(9.348,-0.45,3.));
#19886 = VECTOR('',#19887,1.);
#19887 = DIRECTION('',(1.,0.,0.));
#19888 = ORIENTED_EDGE('',*,*,#19889,.F.);
#19889 = EDGE_CURVE('',#19866,#19882,#19890,.T.);
#19890 = LINE('',#19891,#19892);
#19891 = CARTESIAN_POINT('',(9.45,-0.35,3.));
#19892 = VECTOR('',#19893,1.);
#19893 = DIRECTION('',(0.,1.,0.));
#19894 = PLANE('',#19895);
#19895 = AXIS2_PLACEMENT_3D('',#19896,#19897,#19898);
#19896 = CARTESIAN_POINT('',(9.348,-0.5,3.));
#19897 = DIRECTION('',(0.,0.,1.));
#19898 = DIRECTION('',(1.,0.,-0.));
#19899 = ADVANCED_FACE('',(#19900),#19920,.F.);
#19900 = FACE_BOUND('',#19901,.T.);
#19901 = EDGE_LOOP('',(#19902,#19903,#19904,#19905,#19911,#19912,#19913,
    #19914));
#19902 = ORIENTED_EDGE('',*,*,#19672,.F.);
#19903 = ORIENTED_EDGE('',*,*,#19695,.F.);
#19904 = ORIENTED_EDGE('',*,*,#19719,.F.);
#19905 = ORIENTED_EDGE('',*,*,#19906,.F.);
#19906 = EDGE_CURVE('',#19793,#19720,#19907,.T.);
#19907 = LINE('',#19908,#19909);
#19908 = CARTESIAN_POINT('',(9.65,-2.4,-0.1));
#19909 = VECTOR('',#19910,1.);
#19910 = DIRECTION('',(0.,0.,1.));
#19911 = ORIENTED_EDGE('',*,*,#19792,.F.);
#19912 = ORIENTED_EDGE('',*,*,#19822,.T.);
#19913 = ORIENTED_EDGE('',*,*,#19839,.F.);
#19914 = ORIENTED_EDGE('',*,*,#19915,.F.);
#19915 = EDGE_CURVE('',#19673,#19840,#19916,.T.);
#19916 = LINE('',#19917,#19918);
#19917 = CARTESIAN_POINT('',(9.65,-0.35,2.9));
#19918 = VECTOR('',#19919,1.);
#19919 = DIRECTION('',(0.,1.,0.));
#19920 = PLANE('',#19921);
#19921 = AXIS2_PLACEMENT_3D('',#19922,#19923,#19924);
#19922 = CARTESIAN_POINT('',(9.65,-1.425,1.3));
#19923 = DIRECTION('',(-1.,0.,0.));
#19924 = DIRECTION('',(0.,1.,0.));
#19925 = ADVANCED_FACE('',(#19926),#19942,.T.);
#19926 = FACE_BOUND('',#19927,.T.);
#19927 = EDGE_LOOP('',(#19928,#19934,#19935,#19941));
#19928 = ORIENTED_EDGE('',*,*,#19929,.F.);
#19929 = EDGE_CURVE('',#19673,#19864,#19930,.T.);
#19930 = LINE('',#19931,#19932);
#19931 = CARTESIAN_POINT('',(9.549333333333,-0.549333333333,
    3.000666666667));
#19932 = VECTOR('',#19933,1.);
#19933 = DIRECTION('',(-0.57735026919,0.57735026919,0.57735026919));
#19934 = ORIENTED_EDGE('',*,*,#19915,.T.);
#19935 = ORIENTED_EDGE('',*,*,#19936,.T.);
#19936 = EDGE_CURVE('',#19840,#19874,#19937,.T.);
#19937 = LINE('',#19938,#19939);
#19938 = CARTESIAN_POINT('',(9.291666666667,-0.708333333333,
    3.258333333333));
#19939 = VECTOR('',#19940,1.);
#19940 = DIRECTION('',(-0.57735026919,-0.57735026919,0.57735026919));
#19941 = ORIENTED_EDGE('',*,*,#19873,.T.);
#19942 = PLANE('',#19943);
#19943 = AXIS2_PLACEMENT_3D('',#19944,#19945,#19946);
#19944 = CARTESIAN_POINT('',(9.65,-1.425,2.9));
#19945 = DIRECTION('',(0.707106781187,0.,0.707106781187));
#19946 = DIRECTION('',(0.,-1.,0.));
#19947 = ADVANCED_FACE('',(#19948),#19959,.F.);
#19948 = FACE_BOUND('',#19949,.T.);
#19949 = EDGE_LOOP('',(#19950,#19951,#19952,#19958));
#19950 = ORIENTED_EDGE('',*,*,#19936,.F.);
#19951 = ORIENTED_EDGE('',*,*,#19849,.T.);
#19952 = ORIENTED_EDGE('',*,*,#19953,.T.);
#19953 = EDGE_CURVE('',#19592,#19882,#19954,.T.);
#19954 = LINE('',#19955,#19956);
#19955 = CARTESIAN_POINT('',(9.416,-0.416,2.966));
#19956 = VECTOR('',#19957,1.);
#19957 = DIRECTION('',(0.57735026919,-0.57735026919,0.57735026919));
#19958 = ORIENTED_EDGE('',*,*,#19881,.T.);
#19959 = PLANE('',#19960);
#19960 = AXIS2_PLACEMENT_3D('',#19961,#19962,#19963);
#19961 = CARTESIAN_POINT('',(9.348,-0.45,3.));
#19962 = DIRECTION('',(0.,-0.707106781187,-0.707106781187));
#19963 = DIRECTION('',(1.,0.,0.));
#19964 = ADVANCED_FACE('',(#19965),#19976,.F.);
#19965 = FACE_BOUND('',#19966,.T.);
#19966 = EDGE_LOOP('',(#19967,#19968,#19969,#19975));
#19967 = ORIENTED_EDGE('',*,*,#19929,.T.);
#19968 = ORIENTED_EDGE('',*,*,#19863,.T.);
#19969 = ORIENTED_EDGE('',*,*,#19970,.T.);
#19970 = EDGE_CURVE('',#19866,#19642,#19971,.T.);
#19971 = LINE('',#19972,#19973);
#19972 = CARTESIAN_POINT('',(9.349333333333,-0.650666666667,
    2.899333333333));
#19973 = VECTOR('',#19974,1.);
#19974 = DIRECTION('',(-0.57735026919,-0.57735026919,-0.57735026919));
#19975 = ORIENTED_EDGE('',*,*,#19680,.T.);
#19976 = PLANE('',#19977);
#19977 = AXIS2_PLACEMENT_3D('',#19978,#19979,#19980);
#19978 = CARTESIAN_POINT('',(9.348,-0.65,2.9));
#19979 = DIRECTION('',(0.,0.707106781187,-0.707106781187));
#19980 = DIRECTION('',(1.,0.,0.));
#19981 = ADVANCED_FACE('',(#19982),#19988,.T.);
#19982 = FACE_BOUND('',#19983,.T.);
#19983 = EDGE_LOOP('',(#19984,#19985,#19986,#19987));
#19984 = ORIENTED_EDGE('',*,*,#19953,.F.);
#19985 = ORIENTED_EDGE('',*,*,#19649,.T.);
#19986 = ORIENTED_EDGE('',*,*,#19970,.F.);
#19987 = ORIENTED_EDGE('',*,*,#19889,.T.);
#19988 = PLANE('',#19989);
#19989 = AXIS2_PLACEMENT_3D('',#19990,#19991,#19992);
#19990 = CARTESIAN_POINT('',(9.35,-0.5,2.9));
#19991 = DIRECTION('',(-0.707106781187,0.,0.707106781187));
#19992 = DIRECTION('',(0.,1.,0.));
#19993 = ADVANCED_FACE('',(#19994),#20010,.T.);
#19994 = FACE_BOUND('',#19995,.T.);
#19995 = EDGE_LOOP('',(#19996,#20002,#20003,#20009));
#19996 = ORIENTED_EDGE('',*,*,#19997,.T.);
#19997 = EDGE_CURVE('',#19744,#19793,#19998,.T.);
#19998 = LINE('',#19999,#20000);
#19999 = CARTESIAN_POINT('',(9.083333333333,-2.966666666667,
    0.166666666667));
#20000 = VECTOR('',#20001,1.);
#20001 = DIRECTION('',(0.57735026919,0.57735026919,-0.57735026919));
#20002 = ORIENTED_EDGE('',*,*,#19906,.T.);
#20003 = ORIENTED_EDGE('',*,*,#20004,.F.);
#20004 = EDGE_CURVE('',#19754,#19720,#20005,.T.);
#20005 = LINE('',#20006,#20007);
#20006 = CARTESIAN_POINT('',(9.482666666667,-2.567333333333,
    -0.267333333333));
#20007 = VECTOR('',#20008,1.);
#20008 = DIRECTION('',(0.57735026919,0.57735026919,0.57735026919));
#20009 = ORIENTED_EDGE('',*,*,#19753,.T.);
#20010 = PLANE('',#20011);
#20011 = AXIS2_PLACEMENT_3D('',#20012,#20013,#20014);
#20012 = CARTESIAN_POINT('',(9.65,-2.4,1.3));
#20013 = DIRECTION('',(0.707106781187,-0.707106781187,0.));
#20014 = DIRECTION('',(0.,0.,-1.));
#20015 = ADVANCED_FACE('',(#20016),#20027,.F.);
#20016 = FACE_BOUND('',#20017,.T.);
#20017 = EDGE_LOOP('',(#20018,#20019,#20020,#20026));
#20018 = ORIENTED_EDGE('',*,*,#20004,.T.);
#20019 = ORIENTED_EDGE('',*,*,#19729,.T.);
#20020 = ORIENTED_EDGE('',*,*,#20021,.T.);
#20021 = EDGE_CURVE('',#19617,#19762,#20022,.T.);
#20022 = LINE('',#20023,#20024);
#20023 = CARTESIAN_POINT('',(9.416,-2.466,-0.166));
#20024 = VECTOR('',#20025,1.);
#20025 = DIRECTION('',(0.57735026919,-0.57735026919,-0.57735026919));
#20026 = ORIENTED_EDGE('',*,*,#19761,.T.);
#20027 = PLANE('',#20028);
#20028 = AXIS2_PLACEMENT_3D('',#20029,#20030,#20031);
#20029 = CARTESIAN_POINT('',(9.348,-2.5,-0.2));
#20030 = DIRECTION('',(0.,0.707106781187,-0.707106781187));
#20031 = DIRECTION('',(1.,0.,0.));
#20032 = ADVANCED_FACE('',(#20033),#20044,.F.);
#20033 = FACE_BOUND('',#20034,.T.);
#20034 = EDGE_LOOP('',(#20035,#20036,#20037,#20043));
#20035 = ORIENTED_EDGE('',*,*,#19997,.F.);
#20036 = ORIENTED_EDGE('',*,*,#19743,.T.);
#20037 = ORIENTED_EDGE('',*,*,#20038,.T.);
#20038 = EDGE_CURVE('',#19746,#19609,#20039,.T.);
#20039 = LINE('',#20040,#20041);
#20040 = CARTESIAN_POINT('',(9.349333333333,-2.399333333333,
    -0.400666666667));
#20041 = VECTOR('',#20042,1.);
#20042 = DIRECTION('',(-0.57735026919,0.57735026919,-0.57735026919));
#20043 = ORIENTED_EDGE('',*,*,#19800,.T.);
#20044 = PLANE('',#20045);
#20045 = AXIS2_PLACEMENT_3D('',#20046,#20047,#20048);
#20046 = CARTESIAN_POINT('',(9.348,-2.4,-0.4));
#20047 = DIRECTION('',(0.,0.707106781187,0.707106781187));
#20048 = DIRECTION('',(1.,0.,-0.));
#20049 = ADVANCED_FACE('',(#20050),#20056,.T.);
#20050 = FACE_BOUND('',#20051,.T.);
#20051 = EDGE_LOOP('',(#20052,#20053,#20054,#20055));
#20052 = ORIENTED_EDGE('',*,*,#20021,.F.);
#20053 = ORIENTED_EDGE('',*,*,#19616,.T.);
#20054 = ORIENTED_EDGE('',*,*,#20038,.F.);
#20055 = ORIENTED_EDGE('',*,*,#19769,.T.);
#20056 = PLANE('',#20057);
#20057 = AXIS2_PLACEMENT_3D('',#20058,#20059,#20060);
#20058 = CARTESIAN_POINT('',(9.35,-2.4,1.));
#20059 = DIRECTION('',(-0.707106781187,-0.707106781187,0.));
#20060 = DIRECTION('',(0.,0.,1.));
#20061 = ( GEOMETRIC_REPRESENTATION_CONTEXT(3) 
GLOBAL_UNCERTAINTY_ASSIGNED_CONTEXT((#20065)) 
GLOBAL_UNIT_ASSIGNED_CONTEXT((#20062,#20063,#20064)) 
REPRESENTATION_CONTEXT('Context #1',
  '3D Context with UNIT and UNCERTAINTY') );
#20062 = ( LENGTH_UNIT() NAMED_UNIT(*) SI_UNIT(.MILLI.,.METRE.) );
#20063 = ( NAMED_UNIT(*) PLANE_ANGLE_UNIT() SI_UNIT($,.RADIAN.) );
#20064 = ( NAMED_UNIT(*) SI_UNIT($,.STERADIAN.) SOLID_ANGLE_UNIT() );
#20065 = UNCERTAINTY_MEASURE_WITH_UNIT(LENGTH_MEASURE(1.E-07),#20062,
  'distance_accuracy_value','confusion accuracy');
#20066 = CONTEXT_DEPENDENT_SHAPE_REPRESENTATION(#20067,#20069);
#20067 = ( REPRESENTATION_RELATIONSHIP('','',#19582,#817) 
REPRESENTATION_RELATIONSHIP_WITH_TRANSFORMATION(#20068) 
SHAPE_REPRESENTATION_RELATIONSHIP() );
#20068 = ITEM_DEFINED_TRANSFORMATION('','',#11,#922);
#20069 = PRODUCT_DEFINITION_SHAPE('Placement','Placement of an item',
  #20070);
#20070 = NEXT_ASSEMBLY_USAGE_OCCURRENCE('105','=>[0:1:1:30]','',#812,
  #19577,$);
#20071 = PRODUCT_RELATED_PRODUCT_CATEGORY('part',$,(#19579));
#20072 = SHAPE_DEFINITION_REPRESENTATION(#20073,#20079);
#20073 = PRODUCT_DEFINITION_SHAPE('','',#20074);
#20074 = PRODUCT_DEFINITION('design','',#20075,#20078);
#20075 = PRODUCT_DEFINITION_FORMATION('','',#20076);
#20076 = PRODUCT('XIAO_ADAPTER_PCB','XIAO_ADAPTER_PCB','',(#20077));
#20077 = PRODUCT_CONTEXT('',#2,'mechanical');
#20078 = PRODUCT_DEFINITION_CONTEXT('part definition',#2,'design');
#20079 = ADVANCED_BREP_SHAPE_REPRESENTATION('',(#11,#20080),#21227);
#20080 = MANIFOLD_SOLID_BREP('',#20081);
#20081 = CLOSED_SHELL('',(#20082,#20124,#20155,#20186,#20471,#20756,
    #20773,#20790,#20807,#20824,#20841,#20858,#20875,#20892,#20909,
    #20926,#20943,#20960,#20972,#20989,#21006,#21023,#21040,#21057,
    #21074,#21091,#21108,#21125,#21142,#21159,#21176,#21193,#21210));
#20082 = ADVANCED_FACE('',(#20083),#20119,.T.);
#20083 = FACE_BOUND('',#20084,.T.);
#20084 = EDGE_LOOP('',(#20085,#20095,#20104,#20112));
#20085 = ORIENTED_EDGE('',*,*,#20086,.T.);
#20086 = EDGE_CURVE('',#20087,#20089,#20091,.T.);
#20087 = VERTEX_POINT('',#20088);
#20088 = CARTESIAN_POINT('',(100.599892,-99.99991,0.));
#20089 = VERTEX_POINT('',#20090);
#20090 = CARTESIAN_POINT('',(100.599892,-99.99991,0.71));
#20091 = LINE('',#20092,#20093);
#20092 = CARTESIAN_POINT('',(100.599892,-99.99991,0.));
#20093 = VECTOR('',#20094,1.);
#20094 = DIRECTION('',(0.,0.,1.));
#20095 = ORIENTED_EDGE('',*,*,#20096,.T.);
#20096 = EDGE_CURVE('',#20089,#20097,#20099,.T.);
#20097 = VERTEX_POINT('',#20098);
#20098 = CARTESIAN_POINT('',(101.599892,-100.99991,0.71));
#20099 = CIRCLE('',#20100,0.99993609681);
#20100 = AXIS2_PLACEMENT_3D('',#20101,#20102,#20103);
#20101 = CARTESIAN_POINT('',(100.59995590523,-100.9998460947,0.71));
#20102 = DIRECTION('',(0.,0.,-1.));
#20103 = DIRECTION('',(-6.390931657451E-05,0.999999997958,0.));
#20104 = ORIENTED_EDGE('',*,*,#20105,.F.);
#20105 = EDGE_CURVE('',#20106,#20097,#20108,.T.);
#20106 = VERTEX_POINT('',#20107);
#20107 = CARTESIAN_POINT('',(101.599892,-100.99991,0.));
#20108 = LINE('',#20109,#20110);
#20109 = CARTESIAN_POINT('',(101.599892,-100.99991,0.));
#20110 = VECTOR('',#20111,1.);
#20111 = DIRECTION('',(0.,0.,1.));
#20112 = ORIENTED_EDGE('',*,*,#20113,.F.);
#20113 = EDGE_CURVE('',#20087,#20106,#20114,.T.);
#20114 = CIRCLE('',#20115,0.99993609681);
#20115 = AXIS2_PLACEMENT_3D('',#20116,#20117,#20118);
#20116 = CARTESIAN_POINT('',(100.59995590523,-100.9998460947,0.));
#20117 = DIRECTION('',(0.,0.,-1.));
#20118 = DIRECTION('',(-6.390931657451E-05,0.999999997958,0.));
#20119 = CYLINDRICAL_SURFACE('',#20120,0.99993609681);
#20120 = AXIS2_PLACEMENT_3D('',#20121,#20122,#20123);
#20121 = CARTESIAN_POINT('',(100.59995590523,-100.9998460947,0.));
#20122 = DIRECTION('',(0.,0.,-1.));
#20123 = DIRECTION('',(-6.390931657451E-05,0.999999997958,0.));
#20124 = ADVANCED_FACE('',(#20125),#20150,.T.);
#20125 = FACE_BOUND('',#20126,.T.);
#20126 = EDGE_LOOP('',(#20127,#20137,#20143,#20144));
#20127 = ORIENTED_EDGE('',*,*,#20128,.T.);
#20128 = EDGE_CURVE('',#20129,#20131,#20133,.T.);
#20129 = VERTEX_POINT('',#20130);
#20130 = CARTESIAN_POINT('',(99.999892,-99.99991,0.));
#20131 = VERTEX_POINT('',#20132);
#20132 = CARTESIAN_POINT('',(99.999892,-99.99991,0.71));
#20133 = LINE('',#20134,#20135);
#20134 = CARTESIAN_POINT('',(99.999892,-99.99991,0.));
#20135 = VECTOR('',#20136,1.);
#20136 = DIRECTION('',(0.,0.,1.));
#20137 = ORIENTED_EDGE('',*,*,#20138,.T.);
#20138 = EDGE_CURVE('',#20131,#20089,#20139,.T.);
#20139 = LINE('',#20140,#20141);
#20140 = CARTESIAN_POINT('',(99.999892,-99.99991,0.71));
#20141 = VECTOR('',#20142,1.);
#20142 = DIRECTION('',(1.,0.,0.));
#20143 = ORIENTED_EDGE('',*,*,#20086,.F.);
#20144 = ORIENTED_EDGE('',*,*,#20145,.F.);
#20145 = EDGE_CURVE('',#20129,#20087,#20146,.T.);
#20146 = LINE('',#20147,#20148);
#20147 = CARTESIAN_POINT('',(99.999892,-99.99991,0.));
#20148 = VECTOR('',#20149,1.);
#20149 = DIRECTION('',(1.,0.,0.));
#20150 = PLANE('',#20151);
#20151 = AXIS2_PLACEMENT_3D('',#20152,#20153,#20154);
#20152 = CARTESIAN_POINT('',(99.999892,-99.99991,0.));
#20153 = DIRECTION('',(0.,1.,0.));
#20154 = DIRECTION('',(1.,0.,0.));
#20155 = ADVANCED_FACE('',(#20156),#20181,.T.);
#20156 = FACE_BOUND('',#20157,.T.);
#20157 = EDGE_LOOP('',(#20158,#20159,#20167,#20175));
#20158 = ORIENTED_EDGE('',*,*,#20105,.T.);
#20159 = ORIENTED_EDGE('',*,*,#20160,.T.);
#20160 = EDGE_CURVE('',#20097,#20161,#20163,.T.);
#20161 = VERTEX_POINT('',#20162);
#20162 = CARTESIAN_POINT('',(101.599893,-109.29991,0.71));
#20163 = LINE('',#20164,#20165);
#20164 = CARTESIAN_POINT('',(101.599892,-100.99991,0.71));
#20165 = VECTOR('',#20166,1.);
#20166 = DIRECTION('',(1.204819274067E-07,-1.,0.));
#20167 = ORIENTED_EDGE('',*,*,#20168,.F.);
#20168 = EDGE_CURVE('',#20169,#20161,#20171,.T.);
#20169 = VERTEX_POINT('',#20170);
#20170 = CARTESIAN_POINT('',(101.599893,-109.29991,0.));
#20171 = LINE('',#20172,#20173);
#20172 = CARTESIAN_POINT('',(101.599893,-109.29991,0.));
#20173 = VECTOR('',#20174,1.);
#20174 = DIRECTION('',(0.,0.,1.));
#20175 = ORIENTED_EDGE('',*,*,#20176,.F.);
#20176 = EDGE_CURVE('',#20106,#20169,#20177,.T.);
#20177 = LINE('',#20178,#20179);
#20178 = CARTESIAN_POINT('',(101.599892,-100.99991,0.));
#20179 = VECTOR('',#20180,1.);
#20180 = DIRECTION('',(1.204819274067E-07,-1.,0.));
#20181 = PLANE('',#20182);
#20182 = AXIS2_PLACEMENT_3D('',#20183,#20184,#20185);
#20183 = CARTESIAN_POINT('',(101.599892,-100.99991,0.));
#20184 = DIRECTION('',(1.,1.204819274067E-07,-0.));
#20185 = DIRECTION('',(1.204819274067E-07,-1.,0.));
#20186 = ADVANCED_FACE('',(#20187,#20301,#20312,#20323,#20334,#20345,
    #20356,#20367,#20378,#20389,#20400,#20411,#20422,#20433,#20444,
    #20455),#20466,.F.);
#20187 = FACE_BOUND('',#20188,.F.);
#20188 = EDGE_LOOP('',(#20189,#20190,#20191,#20200,#20208,#20217,#20225,
    #20234,#20242,#20251,#20259,#20268,#20276,#20285,#20293,#20300));
#20189 = ORIENTED_EDGE('',*,*,#20113,.F.);
#20190 = ORIENTED_EDGE('',*,*,#20145,.F.);
#20191 = ORIENTED_EDGE('',*,*,#20192,.F.);
#20192 = EDGE_CURVE('',#20193,#20129,#20195,.T.);
#20193 = VERTEX_POINT('',#20194);
#20194 = CARTESIAN_POINT('',(98.999892,-100.99991,0.));
#20195 = CIRCLE('',#20196,0.999936096809);
#20196 = AXIS2_PLACEMENT_3D('',#20197,#20198,#20199);
#20197 = CARTESIAN_POINT('',(99.999828094767,-100.9998460947,0.));
#20198 = DIRECTION('',(0.,0.,-1.));
#20199 = DIRECTION('',(-0.999999997958,-6.390931660293E-05,-0.));
#20200 = ORIENTED_EDGE('',*,*,#20201,.F.);
#20201 = EDGE_CURVE('',#20202,#20193,#20204,.T.);
#20202 = VERTEX_POINT('',#20203);
#20203 = CARTESIAN_POINT('',(98.999892,-118.59991,0.));
#20204 = LINE('',#20205,#20206);
#20205 = CARTESIAN_POINT('',(98.999892,-118.59991,0.));
#20206 = VECTOR('',#20207,1.);
#20207 = DIRECTION('',(0.,1.,0.));
#20208 = ORIENTED_EDGE('',*,*,#20209,.F.);
#20209 = EDGE_CURVE('',#20210,#20202,#20212,.T.);
#20210 = VERTEX_POINT('',#20211);
#20211 = CARTESIAN_POINT('',(99.999892,-119.59991,0.));
#20212 = CIRCLE('',#20213,0.999999252925);
#20213 = AXIS2_PLACEMENT_3D('',#20214,#20215,#20216);
#20214 = CARTESIAN_POINT('',(99.999891252925,-118.599910747,0.));
#20215 = DIRECTION('',(0.,0.,-1.));
#20216 = DIRECTION('',(7.470757633756E-07,-1.,0.));
#20217 = ORIENTED_EDGE('',*,*,#20218,.F.);
#20218 = EDGE_CURVE('',#20219,#20210,#20221,.T.);
#20219 = VERTEX_POINT('',#20220);
#20220 = CARTESIAN_POINT('',(115.799892,-119.59991,0.));
#20221 = LINE('',#20222,#20223);
#20222 = CARTESIAN_POINT('',(115.799892,-119.59991,0.));
#20223 = VECTOR('',#20224,1.);
#20224 = DIRECTION('',(-1.,0.,0.));
#20225 = ORIENTED_EDGE('',*,*,#20226,.F.);
#20226 = EDGE_CURVE('',#20227,#20219,#20229,.T.);
#20227 = VERTEX_POINT('',#20228);
#20228 = CARTESIAN_POINT('',(116.799892,-118.59991,0.));
#20229 = CIRCLE('',#20230,0.999999252925);
#20230 = AXIS2_PLACEMENT_3D('',#20231,#20232,#20233);
#20231 = CARTESIAN_POINT('',(115.79989274707,-118.599910747,0.));
#20232 = DIRECTION('',(0.,0.,-1.));
#20233 = DIRECTION('',(1.,7.470757491648E-07,0.));
#20234 = ORIENTED_EDGE('',*,*,#20235,.F.);
#20235 = EDGE_CURVE('',#20236,#20227,#20238,.T.);
#20236 = VERTEX_POINT('',#20237);
#20237 = CARTESIAN_POINT('',(116.799892,-100.99991,0.));
#20238 = LINE('',#20239,#20240);
#20239 = CARTESIAN_POINT('',(116.799892,-100.99991,0.));
#20240 = VECTOR('',#20241,1.);
#20241 = DIRECTION('',(0.,-1.,0.));
#20242 = ORIENTED_EDGE('',*,*,#20243,.F.);
#20243 = EDGE_CURVE('',#20244,#20236,#20246,.T.);
#20244 = VERTEX_POINT('',#20245);
#20245 = CARTESIAN_POINT('',(115.799893,-99.99991,0.));
#20246 = CIRCLE('',#20247,0.99993438995);
#20247 = AXIS2_PLACEMENT_3D('',#20248,#20249,#20250);
#20248 = CARTESIAN_POINT('',(115.7999576122,-100.9998443878,0.));
#20249 = DIRECTION('',(0.,0.,-1.));
#20250 = DIRECTION('',(-6.461644181064E-05,0.999999997912,0.));
#20251 = ORIENTED_EDGE('',*,*,#20252,.F.);
#20252 = EDGE_CURVE('',#20253,#20244,#20255,.T.);
#20253 = VERTEX_POINT('',#20254);
#20254 = CARTESIAN_POINT('',(115.199893,-99.99991,0.));
#20255 = LINE('',#20256,#20257);
#20256 = CARTESIAN_POINT('',(115.199893,-99.99991,0.));
#20257 = VECTOR('',#20258,1.);
#20258 = DIRECTION('',(1.,0.,0.));
#20259 = ORIENTED_EDGE('',*,*,#20260,.F.);
#20260 = EDGE_CURVE('',#20261,#20253,#20263,.T.);
#20261 = VERTEX_POINT('',#20262);
#20262 = CARTESIAN_POINT('',(114.199893,-100.99991,0.));
#20263 = CIRCLE('',#20264,0.999936096809);
#20264 = AXIS2_PLACEMENT_3D('',#20265,#20266,#20267);
#20265 = CARTESIAN_POINT('',(115.19982909476,-100.9998460947,0.));
#20266 = DIRECTION('',(0.,0.,-1.));
#20267 = DIRECTION('',(-0.999999997958,-6.390931660293E-05,-0.));
#20268 = ORIENTED_EDGE('',*,*,#20269,.F.);
#20269 = EDGE_CURVE('',#20270,#20261,#20272,.T.);
#20270 = VERTEX_POINT('',#20271);
#20271 = CARTESIAN_POINT('',(114.199893,-109.29991,0.));
#20272 = LINE('',#20273,#20274);
#20273 = CARTESIAN_POINT('',(114.199893,-109.29991,0.));
#20274 = VECTOR('',#20275,1.);
#20275 = DIRECTION('',(0.,1.,0.));
#20276 = ORIENTED_EDGE('',*,*,#20277,.F.);
#20277 = EDGE_CURVE('',#20278,#20270,#20280,.T.);
#20278 = VERTEX_POINT('',#20279);
#20279 = CARTESIAN_POINT('',(113.199894,-110.299909,0.));
#20280 = CIRCLE('',#20281,0.999934389839);
#20281 = AXIS2_PLACEMENT_3D('',#20282,#20283,#20284);
#20282 = CARTESIAN_POINT('',(113.19995861224,-109.2999746122,0.));
#20283 = DIRECTION('',(0.,0.,1.));
#20284 = DIRECTION('',(-6.46164878498E-05,-0.999999997912,0.));
#20285 = ORIENTED_EDGE('',*,*,#20286,.F.);
#20286 = EDGE_CURVE('',#20287,#20278,#20289,.T.);
#20287 = VERTEX_POINT('',#20288);
#20288 = CARTESIAN_POINT('',(102.599892,-110.29991,0.));
#20289 = LINE('',#20290,#20291);
#20290 = CARTESIAN_POINT('',(102.599892,-110.29991,0.));
#20291 = VECTOR('',#20292,1.);
#20292 = DIRECTION('',(1.,9.43396046034E-08,0.));
#20293 = ORIENTED_EDGE('',*,*,#20294,.F.);
#20294 = EDGE_CURVE('',#20169,#20287,#20295,.T.);
#20295 = CIRCLE('',#20296,0.99993438995);
#20296 = AXIS2_PLACEMENT_3D('',#20297,#20298,#20299);
#20297 = CARTESIAN_POINT('',(102.59982738779,-109.2999756121,0.));
#20298 = DIRECTION('',(0.,0.,1.));
#20299 = DIRECTION('',(-0.999999997847,6.561644233248E-05,0.));
#20300 = ORIENTED_EDGE('',*,*,#20176,.F.);
#20301 = FACE_BOUND('',#20302,.F.);
#20302 = EDGE_LOOP('',(#20303));
#20303 = ORIENTED_EDGE('',*,*,#20304,.T.);
#20304 = EDGE_CURVE('',#20305,#20305,#20307,.T.);
#20305 = VERTEX_POINT('',#20306);
#20306 = CARTESIAN_POINT('',(100.279892,-116.76441,0.));
#20307 = CIRCLE('',#20308,0.4445);
#20308 = AXIS2_PLACEMENT_3D('',#20309,#20310,#20311);
#20309 = CARTESIAN_POINT('',(100.279892,-116.31991,0.));
#20310 = DIRECTION('',(-0.,0.,-1.));
#20311 = DIRECTION('',(3.197042680585E-14,-1.,-0.));
#20312 = FACE_BOUND('',#20313,.F.);
#20313 = EDGE_LOOP('',(#20314));
#20314 = ORIENTED_EDGE('',*,*,#20315,.T.);
#20315 = EDGE_CURVE('',#20316,#20316,#20318,.T.);
#20316 = VERTEX_POINT('',#20317);
#20317 = CARTESIAN_POINT('',(100.279892,-114.22441,0.));
#20318 = CIRCLE('',#20319,0.4445);
#20319 = AXIS2_PLACEMENT_3D('',#20320,#20321,#20322);
#20320 = CARTESIAN_POINT('',(100.279892,-113.77991,0.));
#20321 = DIRECTION('',(-0.,0.,-1.));
#20322 = DIRECTION('',(3.197042680585E-14,-1.,-0.));
#20323 = FACE_BOUND('',#20324,.F.);
#20324 = EDGE_LOOP('',(#20325));
#20325 = ORIENTED_EDGE('',*,*,#20326,.T.);
#20326 = EDGE_CURVE('',#20327,#20327,#20329,.T.);
#20327 = VERTEX_POINT('',#20328);
#20328 = CARTESIAN_POINT('',(100.279892,-111.68441,0.));
#20329 = CIRCLE('',#20330,0.4445);
#20330 = AXIS2_PLACEMENT_3D('',#20331,#20332,#20333);
#20331 = CARTESIAN_POINT('',(100.279892,-111.23991,0.));
#20332 = DIRECTION('',(-0.,0.,-1.));
#20333 = DIRECTION('',(3.197042680585E-14,-1.,-0.));
#20334 = FACE_BOUND('',#20335,.F.);
#20335 = EDGE_LOOP('',(#20336));
#20336 = ORIENTED_EDGE('',*,*,#20337,.T.);
#20337 = EDGE_CURVE('',#20338,#20338,#20340,.T.);
#20338 = VERTEX_POINT('',#20339);
#20339 = CARTESIAN_POINT('',(107.599892,-111.82491,0.));
#20340 = CIRCLE('',#20341,0.325);
#20341 = AXIS2_PLACEMENT_3D('',#20342,#20343,#20344);
#20342 = CARTESIAN_POINT('',(107.599892,-111.49991,0.));
#20343 = DIRECTION('',(-0.,0.,-1.));
#20344 = DIRECTION('',(-0.,-1.,0.));
#20345 = FACE_BOUND('',#20346,.F.);
#20346 = EDGE_LOOP('',(#20347));
#20347 = ORIENTED_EDGE('',*,*,#20348,.T.);
#20348 = EDGE_CURVE('',#20349,#20349,#20351,.T.);
#20349 = VERTEX_POINT('',#20350);
#20350 = CARTESIAN_POINT('',(115.519892,-116.76441,0.));
#20351 = CIRCLE('',#20352,0.4445);
#20352 = AXIS2_PLACEMENT_3D('',#20353,#20354,#20355);
#20353 = CARTESIAN_POINT('',(115.519892,-116.31991,0.));
#20354 = DIRECTION('',(-0.,0.,-1.));
#20355 = DIRECTION('',(-0.,-1.,0.));
#20356 = FACE_BOUND('',#20357,.F.);
#20357 = EDGE_LOOP('',(#20358));
#20358 = ORIENTED_EDGE('',*,*,#20359,.T.);
#20359 = EDGE_CURVE('',#20360,#20360,#20362,.T.);
#20360 = VERTEX_POINT('',#20361);
#20361 = CARTESIAN_POINT('',(115.519892,-114.22441,0.));
#20362 = CIRCLE('',#20363,0.4445);
#20363 = AXIS2_PLACEMENT_3D('',#20364,#20365,#20366);
#20364 = CARTESIAN_POINT('',(115.519892,-113.77991,0.));
#20365 = DIRECTION('',(-0.,0.,-1.));
#20366 = DIRECTION('',(-0.,-1.,0.));
#20367 = FACE_BOUND('',#20368,.F.);
#20368 = EDGE_LOOP('',(#20369));
#20369 = ORIENTED_EDGE('',*,*,#20370,.T.);
#20370 = EDGE_CURVE('',#20371,#20371,#20373,.T.);
#20371 = VERTEX_POINT('',#20372);
#20372 = CARTESIAN_POINT('',(115.519892,-111.68441,0.));
#20373 = CIRCLE('',#20374,0.4445);
#20374 = AXIS2_PLACEMENT_3D('',#20375,#20376,#20377);
#20375 = CARTESIAN_POINT('',(115.519892,-111.23991,0.));
#20376 = DIRECTION('',(-0.,0.,-1.));
#20377 = DIRECTION('',(-0.,-1.,0.));
#20378 = FACE_BOUND('',#20379,.F.);
#20379 = EDGE_LOOP('',(#20380));
#20380 = ORIENTED_EDGE('',*,*,#20381,.T.);
#20381 = EDGE_CURVE('',#20382,#20382,#20384,.T.);
#20382 = VERTEX_POINT('',#20383);
#20383 = CARTESIAN_POINT('',(100.279892,-109.14441,0.));
#20384 = CIRCLE('',#20385,0.4445);
#20385 = AXIS2_PLACEMENT_3D('',#20386,#20387,#20388);
#20386 = CARTESIAN_POINT('',(100.279892,-108.69991,0.));
#20387 = DIRECTION('',(-0.,0.,-1.));
#20388 = DIRECTION('',(3.197042680585E-14,-1.,-0.));
#20389 = FACE_BOUND('',#20390,.F.);
#20390 = EDGE_LOOP('',(#20391));
#20391 = ORIENTED_EDGE('',*,*,#20392,.T.);
#20392 = EDGE_CURVE('',#20393,#20393,#20395,.T.);
#20393 = VERTEX_POINT('',#20394);
#20394 = CARTESIAN_POINT('',(100.279892,-106.60441,0.));
#20395 = CIRCLE('',#20396,0.4445);
#20396 = AXIS2_PLACEMENT_3D('',#20397,#20398,#20399);
#20397 = CARTESIAN_POINT('',(100.279892,-106.15991,0.));
#20398 = DIRECTION('',(-0.,0.,-1.));
#20399 = DIRECTION('',(3.197042680585E-14,-1.,-0.));
#20400 = FACE_BOUND('',#20401,.F.);
#20401 = EDGE_LOOP('',(#20402));
#20402 = ORIENTED_EDGE('',*,*,#20403,.T.);
#20403 = EDGE_CURVE('',#20404,#20404,#20406,.T.);
#20404 = VERTEX_POINT('',#20405);
#20405 = CARTESIAN_POINT('',(100.279892,-104.06441,0.));
#20406 = CIRCLE('',#20407,0.4445);
#20407 = AXIS2_PLACEMENT_3D('',#20408,#20409,#20410);
#20408 = CARTESIAN_POINT('',(100.279892,-103.61991,0.));
#20409 = DIRECTION('',(-0.,0.,-1.));
#20410 = DIRECTION('',(3.197042680585E-14,-1.,-0.));
#20411 = FACE_BOUND('',#20412,.F.);
#20412 = EDGE_LOOP('',(#20413));
#20413 = ORIENTED_EDGE('',*,*,#20414,.T.);
#20414 = EDGE_CURVE('',#20415,#20415,#20417,.T.);
#20415 = VERTEX_POINT('',#20416);
#20416 = CARTESIAN_POINT('',(100.279892,-101.52441,0.));
#20417 = CIRCLE('',#20418,0.4445);
#20418 = AXIS2_PLACEMENT_3D('',#20419,#20420,#20421);
#20419 = CARTESIAN_POINT('',(100.279892,-101.07991,0.));
#20420 = DIRECTION('',(-0.,0.,-1.));
#20421 = DIRECTION('',(3.197042680585E-14,-1.,-0.));
#20422 = FACE_BOUND('',#20423,.F.);
#20423 = EDGE_LOOP('',(#20424));
#20424 = ORIENTED_EDGE('',*,*,#20425,.T.);
#20425 = EDGE_CURVE('',#20426,#20426,#20428,.T.);
#20426 = VERTEX_POINT('',#20427);
#20427 = CARTESIAN_POINT('',(115.519892,-109.14441,0.));
#20428 = CIRCLE('',#20429,0.4445);
#20429 = AXIS2_PLACEMENT_3D('',#20430,#20431,#20432);
#20430 = CARTESIAN_POINT('',(115.519892,-108.69991,0.));
#20431 = DIRECTION('',(-0.,0.,-1.));
#20432 = DIRECTION('',(-0.,-1.,0.));
#20433 = FACE_BOUND('',#20434,.F.);
#20434 = EDGE_LOOP('',(#20435));
#20435 = ORIENTED_EDGE('',*,*,#20436,.T.);
#20436 = EDGE_CURVE('',#20437,#20437,#20439,.T.);
#20437 = VERTEX_POINT('',#20438);
#20438 = CARTESIAN_POINT('',(115.519892,-106.60441,0.));
#20439 = CIRCLE('',#20440,0.4445);
#20440 = AXIS2_PLACEMENT_3D('',#20441,#20442,#20443);
#20441 = CARTESIAN_POINT('',(115.519892,-106.15991,0.));
#20442 = DIRECTION('',(-0.,0.,-1.));
#20443 = DIRECTION('',(-0.,-1.,0.));
#20444 = FACE_BOUND('',#20445,.F.);
#20445 = EDGE_LOOP('',(#20446));
#20446 = ORIENTED_EDGE('',*,*,#20447,.T.);
#20447 = EDGE_CURVE('',#20448,#20448,#20450,.T.);
#20448 = VERTEX_POINT('',#20449);
#20449 = CARTESIAN_POINT('',(115.519892,-104.06441,0.));
#20450 = CIRCLE('',#20451,0.4445);
#20451 = AXIS2_PLACEMENT_3D('',#20452,#20453,#20454);
#20452 = CARTESIAN_POINT('',(115.519892,-103.61991,0.));
#20453 = DIRECTION('',(-0.,0.,-1.));
#20454 = DIRECTION('',(-0.,-1.,0.));
#20455 = FACE_BOUND('',#20456,.F.);
#20456 = EDGE_LOOP('',(#20457));
#20457 = ORIENTED_EDGE('',*,*,#20458,.T.);
#20458 = EDGE_CURVE('',#20459,#20459,#20461,.T.);
#20459 = VERTEX_POINT('',#20460);
#20460 = CARTESIAN_POINT('',(115.519892,-101.52441,0.));
#20461 = CIRCLE('',#20462,0.4445);
#20462 = AXIS2_PLACEMENT_3D('',#20463,#20464,#20465);
#20463 = CARTESIAN_POINT('',(115.519892,-101.07991,0.));
#20464 = DIRECTION('',(-0.,0.,-1.));
#20465 = DIRECTION('',(-0.,-1.,0.));
#20466 = PLANE('',#20467);
#20467 = AXIS2_PLACEMENT_3D('',#20468,#20469,#20470);
#20468 = CARTESIAN_POINT('',(0.,0.,0.));
#20469 = DIRECTION('',(0.,0.,1.));
#20470 = DIRECTION('',(1.,0.,-0.));
#20471 = ADVANCED_FACE('',(#20472,#20586,#20597,#20608,#20619,#20630,
    #20641,#20652,#20663,#20674,#20685,#20696,#20707,#20718,#20729,
    #20740),#20751,.T.);
#20472 = FACE_BOUND('',#20473,.T.);
#20473 = EDGE_LOOP('',(#20474,#20475,#20476,#20485,#20493,#20502,#20510,
    #20519,#20527,#20536,#20544,#20553,#20561,#20570,#20578,#20585));
#20474 = ORIENTED_EDGE('',*,*,#20096,.F.);
#20475 = ORIENTED_EDGE('',*,*,#20138,.F.);
#20476 = ORIENTED_EDGE('',*,*,#20477,.F.);
#20477 = EDGE_CURVE('',#20478,#20131,#20480,.T.);
#20478 = VERTEX_POINT('',#20479);
#20479 = CARTESIAN_POINT('',(98.999892,-100.99991,0.71));
#20480 = CIRCLE('',#20481,0.999936096809);
#20481 = AXIS2_PLACEMENT_3D('',#20482,#20483,#20484);
#20482 = CARTESIAN_POINT('',(99.999828094767,-100.9998460947,0.71));
#20483 = DIRECTION('',(0.,0.,-1.));
#20484 = DIRECTION('',(-0.999999997958,-6.390931660293E-05,-0.));
#20485 = ORIENTED_EDGE('',*,*,#20486,.F.);
#20486 = EDGE_CURVE('',#20487,#20478,#20489,.T.);
#20487 = VERTEX_POINT('',#20488);
#20488 = CARTESIAN_POINT('',(98.999892,-118.59991,0.71));
#20489 = LINE('',#20490,#20491);
#20490 = CARTESIAN_POINT('',(98.999892,-118.59991,0.71));
#20491 = VECTOR('',#20492,1.);
#20492 = DIRECTION('',(0.,1.,0.));
#20493 = ORIENTED_EDGE('',*,*,#20494,.F.);
#20494 = EDGE_CURVE('',#20495,#20487,#20497,.T.);
#20495 = VERTEX_POINT('',#20496);
#20496 = CARTESIAN_POINT('',(99.999892,-119.59991,0.71));
#20497 = CIRCLE('',#20498,0.999999252925);
#20498 = AXIS2_PLACEMENT_3D('',#20499,#20500,#20501);
#20499 = CARTESIAN_POINT('',(99.999891252925,-118.599910747,0.71));
#20500 = DIRECTION('',(0.,0.,-1.));
#20501 = DIRECTION('',(7.470757633756E-07,-1.,0.));
#20502 = ORIENTED_EDGE('',*,*,#20503,.F.);
#20503 = EDGE_CURVE('',#20504,#20495,#20506,.T.);
#20504 = VERTEX_POINT('',#20505);
#20505 = CARTESIAN_POINT('',(115.799892,-119.59991,0.71));
#20506 = LINE('',#20507,#20508);
#20507 = CARTESIAN_POINT('',(115.799892,-119.59991,0.71));
#20508 = VECTOR('',#20509,1.);
#20509 = DIRECTION('',(-1.,0.,0.));
#20510 = ORIENTED_EDGE('',*,*,#20511,.F.);
#20511 = EDGE_CURVE('',#20512,#20504,#20514,.T.);
#20512 = VERTEX_POINT('',#20513);
#20513 = CARTESIAN_POINT('',(116.799892,-118.59991,0.71));
#20514 = CIRCLE('',#20515,0.999999252925);
#20515 = AXIS2_PLACEMENT_3D('',#20516,#20517,#20518);
#20516 = CARTESIAN_POINT('',(115.79989274707,-118.599910747,0.71));
#20517 = DIRECTION('',(0.,0.,-1.));
#20518 = DIRECTION('',(1.,7.470757491648E-07,0.));
#20519 = ORIENTED_EDGE('',*,*,#20520,.F.);
#20520 = EDGE_CURVE('',#20521,#20512,#20523,.T.);
#20521 = VERTEX_POINT('',#20522);
#20522 = CARTESIAN_POINT('',(116.799892,-100.99991,0.71));
#20523 = LINE('',#20524,#20525);
#20524 = CARTESIAN_POINT('',(116.799892,-100.99991,0.71));
#20525 = VECTOR('',#20526,1.);
#20526 = DIRECTION('',(0.,-1.,0.));
#20527 = ORIENTED_EDGE('',*,*,#20528,.F.);
#20528 = EDGE_CURVE('',#20529,#20521,#20531,.T.);
#20529 = VERTEX_POINT('',#20530);
#20530 = CARTESIAN_POINT('',(115.799893,-99.99991,0.71));
#20531 = CIRCLE('',#20532,0.99993438995);
#20532 = AXIS2_PLACEMENT_3D('',#20533,#20534,#20535);
#20533 = CARTESIAN_POINT('',(115.7999576122,-100.9998443878,0.71));
#20534 = DIRECTION('',(0.,0.,-1.));
#20535 = DIRECTION('',(-6.461644181064E-05,0.999999997912,0.));
#20536 = ORIENTED_EDGE('',*,*,#20537,.F.);
#20537 = EDGE_CURVE('',#20538,#20529,#20540,.T.);
#20538 = VERTEX_POINT('',#20539);
#20539 = CARTESIAN_POINT('',(115.199893,-99.99991,0.71));
#20540 = LINE('',#20541,#20542);
#20541 = CARTESIAN_POINT('',(115.199893,-99.99991,0.71));
#20542 = VECTOR('',#20543,1.);
#20543 = DIRECTION('',(1.,0.,0.));
#20544 = ORIENTED_EDGE('',*,*,#20545,.F.);
#20545 = EDGE_CURVE('',#20546,#20538,#20548,.T.);
#20546 = VERTEX_POINT('',#20547);
#20547 = CARTESIAN_POINT('',(114.199893,-100.99991,0.71));
#20548 = CIRCLE('',#20549,0.999936096809);
#20549 = AXIS2_PLACEMENT_3D('',#20550,#20551,#20552);
#20550 = CARTESIAN_POINT('',(115.19982909476,-100.9998460947,0.71));
#20551 = DIRECTION('',(0.,0.,-1.));
#20552 = DIRECTION('',(-0.999999997958,-6.390931660293E-05,-0.));
#20553 = ORIENTED_EDGE('',*,*,#20554,.F.);
#20554 = EDGE_CURVE('',#20555,#20546,#20557,.T.);
#20555 = VERTEX_POINT('',#20556);
#20556 = CARTESIAN_POINT('',(114.199893,-109.29991,0.71));
#20557 = LINE('',#20558,#20559);
#20558 = CARTESIAN_POINT('',(114.199893,-109.29991,0.71));
#20559 = VECTOR('',#20560,1.);
#20560 = DIRECTION('',(0.,1.,0.));
#20561 = ORIENTED_EDGE('',*,*,#20562,.F.);
#20562 = EDGE_CURVE('',#20563,#20555,#20565,.T.);
#20563 = VERTEX_POINT('',#20564);
#20564 = CARTESIAN_POINT('',(113.199894,-110.299909,0.71));
#20565 = CIRCLE('',#20566,0.999934389839);
#20566 = AXIS2_PLACEMENT_3D('',#20567,#20568,#20569);
#20567 = CARTESIAN_POINT('',(113.19995861224,-109.2999746122,0.71));
#20568 = DIRECTION('',(0.,0.,1.));
#20569 = DIRECTION('',(-6.46164878498E-05,-0.999999997912,0.));
#20570 = ORIENTED_EDGE('',*,*,#20571,.F.);
#20571 = EDGE_CURVE('',#20572,#20563,#20574,.T.);
#20572 = VERTEX_POINT('',#20573);
#20573 = CARTESIAN_POINT('',(102.599892,-110.29991,0.71));
#20574 = LINE('',#20575,#20576);
#20575 = CARTESIAN_POINT('',(102.599892,-110.29991,0.71));
#20576 = VECTOR('',#20577,1.);
#20577 = DIRECTION('',(1.,9.43396046034E-08,0.));
#20578 = ORIENTED_EDGE('',*,*,#20579,.F.);
#20579 = EDGE_CURVE('',#20161,#20572,#20580,.T.);
#20580 = CIRCLE('',#20581,0.99993438995);
#20581 = AXIS2_PLACEMENT_3D('',#20582,#20583,#20584);
#20582 = CARTESIAN_POINT('',(102.59982738779,-109.2999756121,0.71));
#20583 = DIRECTION('',(0.,0.,1.));
#20584 = DIRECTION('',(-0.999999997847,6.561644233248E-05,0.));
#20585 = ORIENTED_EDGE('',*,*,#20160,.F.);
#20586 = FACE_BOUND('',#20587,.T.);
#20587 = EDGE_LOOP('',(#20588));
#20588 = ORIENTED_EDGE('',*,*,#20589,.T.);
#20589 = EDGE_CURVE('',#20590,#20590,#20592,.T.);
#20590 = VERTEX_POINT('',#20591);
#20591 = CARTESIAN_POINT('',(100.279892,-116.76441,0.71));
#20592 = CIRCLE('',#20593,0.4445);
#20593 = AXIS2_PLACEMENT_3D('',#20594,#20595,#20596);
#20594 = CARTESIAN_POINT('',(100.279892,-116.31991,0.71));
#20595 = DIRECTION('',(-0.,0.,-1.));
#20596 = DIRECTION('',(3.197042680585E-14,-1.,-0.));
#20597 = FACE_BOUND('',#20598,.T.);
#20598 = EDGE_LOOP('',(#20599));
#20599 = ORIENTED_EDGE('',*,*,#20600,.T.);
#20600 = EDGE_CURVE('',#20601,#20601,#20603,.T.);
#20601 = VERTEX_POINT('',#20602);
#20602 = CARTESIAN_POINT('',(100.279892,-114.22441,0.71));
#20603 = CIRCLE('',#20604,0.4445);
#20604 = AXIS2_PLACEMENT_3D('',#20605,#20606,#20607);
#20605 = CARTESIAN_POINT('',(100.279892,-113.77991,0.71));
#20606 = DIRECTION('',(-0.,0.,-1.));
#20607 = DIRECTION('',(3.197042680585E-14,-1.,-0.));
#20608 = FACE_BOUND('',#20609,.T.);
#20609 = EDGE_LOOP('',(#20610));
#20610 = ORIENTED_EDGE('',*,*,#20611,.T.);
#20611 = EDGE_CURVE('',#20612,#20612,#20614,.T.);
#20612 = VERTEX_POINT('',#20613);
#20613 = CARTESIAN_POINT('',(100.279892,-111.68441,0.71));
#20614 = CIRCLE('',#20615,0.4445);
#20615 = AXIS2_PLACEMENT_3D('',#20616,#20617,#20618);
#20616 = CARTESIAN_POINT('',(100.279892,-111.23991,0.71));
#20617 = DIRECTION('',(-0.,0.,-1.));
#20618 = DIRECTION('',(3.197042680585E-14,-1.,-0.));
#20619 = FACE_BOUND('',#20620,.T.);
#20620 = EDGE_LOOP('',(#20621));
#20621 = ORIENTED_EDGE('',*,*,#20622,.T.);
#20622 = EDGE_CURVE('',#20623,#20623,#20625,.T.);
#20623 = VERTEX_POINT('',#20624);
#20624 = CARTESIAN_POINT('',(107.599892,-111.82491,0.71));
#20625 = CIRCLE('',#20626,0.325);
#20626 = AXIS2_PLACEMENT_3D('',#20627,#20628,#20629);
#20627 = CARTESIAN_POINT('',(107.599892,-111.49991,0.71));
#20628 = DIRECTION('',(-0.,0.,-1.));
#20629 = DIRECTION('',(-0.,-1.,0.));
#20630 = FACE_BOUND('',#20631,.T.);
#20631 = EDGE_LOOP('',(#20632));
#20632 = ORIENTED_EDGE('',*,*,#20633,.T.);
#20633 = EDGE_CURVE('',#20634,#20634,#20636,.T.);
#20634 = VERTEX_POINT('',#20635);
#20635 = CARTESIAN_POINT('',(115.519892,-116.76441,0.71));
#20636 = CIRCLE('',#20637,0.4445);
#20637 = AXIS2_PLACEMENT_3D('',#20638,#20639,#20640);
#20638 = CARTESIAN_POINT('',(115.519892,-116.31991,0.71));
#20639 = DIRECTION('',(-0.,0.,-1.));
#20640 = DIRECTION('',(-0.,-1.,0.));
#20641 = FACE_BOUND('',#20642,.T.);
#20642 = EDGE_LOOP('',(#20643));
#20643 = ORIENTED_EDGE('',*,*,#20644,.T.);
#20644 = EDGE_CURVE('',#20645,#20645,#20647,.T.);
#20645 = VERTEX_POINT('',#20646);
#20646 = CARTESIAN_POINT('',(115.519892,-114.22441,0.71));
#20647 = CIRCLE('',#20648,0.4445);
#20648 = AXIS2_PLACEMENT_3D('',#20649,#20650,#20651);
#20649 = CARTESIAN_POINT('',(115.519892,-113.77991,0.71));
#20650 = DIRECTION('',(-0.,0.,-1.));
#20651 = DIRECTION('',(-0.,-1.,0.));
#20652 = FACE_BOUND('',#20653,.T.);
#20653 = EDGE_LOOP('',(#20654));
#20654 = ORIENTED_EDGE('',*,*,#20655,.T.);
#20655 = EDGE_CURVE('',#20656,#20656,#20658,.T.);
#20656 = VERTEX_POINT('',#20657);
#20657 = CARTESIAN_POINT('',(115.519892,-111.68441,0.71));
#20658 = CIRCLE('',#20659,0.4445);
#20659 = AXIS2_PLACEMENT_3D('',#20660,#20661,#20662);
#20660 = CARTESIAN_POINT('',(115.519892,-111.23991,0.71));
#20661 = DIRECTION('',(-0.,0.,-1.));
#20662 = DIRECTION('',(-0.,-1.,0.));
#20663 = FACE_BOUND('',#20664,.T.);
#20664 = EDGE_LOOP('',(#20665));
#20665 = ORIENTED_EDGE('',*,*,#20666,.T.);
#20666 = EDGE_CURVE('',#20667,#20667,#20669,.T.);
#20667 = VERTEX_POINT('',#20668);
#20668 = CARTESIAN_POINT('',(100.279892,-109.14441,0.71));
#20669 = CIRCLE('',#20670,0.4445);
#20670 = AXIS2_PLACEMENT_3D('',#20671,#20672,#20673);
#20671 = CARTESIAN_POINT('',(100.279892,-108.69991,0.71));
#20672 = DIRECTION('',(-0.,0.,-1.));
#20673 = DIRECTION('',(3.197042680585E-14,-1.,-0.));
#20674 = FACE_BOUND('',#20675,.T.);
#20675 = EDGE_LOOP('',(#20676));
#20676 = ORIENTED_EDGE('',*,*,#20677,.T.);
#20677 = EDGE_CURVE('',#20678,#20678,#20680,.T.);
#20678 = VERTEX_POINT('',#20679);
#20679 = CARTESIAN_POINT('',(100.279892,-106.60441,0.71));
#20680 = CIRCLE('',#20681,0.4445);
#20681 = AXIS2_PLACEMENT_3D('',#20682,#20683,#20684);
#20682 = CARTESIAN_POINT('',(100.279892,-106.15991,0.71));
#20683 = DIRECTION('',(-0.,0.,-1.));
#20684 = DIRECTION('',(3.197042680585E-14,-1.,-0.));
#20685 = FACE_BOUND('',#20686,.T.);
#20686 = EDGE_LOOP('',(#20687));
#20687 = ORIENTED_EDGE('',*,*,#20688,.T.);
#20688 = EDGE_CURVE('',#20689,#20689,#20691,.T.);
#20689 = VERTEX_POINT('',#20690);
#20690 = CARTESIAN_POINT('',(100.279892,-104.06441,0.71));
#20691 = CIRCLE('',#20692,0.4445);
#20692 = AXIS2_PLACEMENT_3D('',#20693,#20694,#20695);
#20693 = CARTESIAN_POINT('',(100.279892,-103.61991,0.71));
#20694 = DIRECTION('',(-0.,0.,-1.));
#20695 = DIRECTION('',(3.197042680585E-14,-1.,-0.));
#20696 = FACE_BOUND('',#20697,.T.);
#20697 = EDGE_LOOP('',(#20698));
#20698 = ORIENTED_EDGE('',*,*,#20699,.T.);
#20699 = EDGE_CURVE('',#20700,#20700,#20702,.T.);
#20700 = VERTEX_POINT('',#20701);
#20701 = CARTESIAN_POINT('',(100.279892,-101.52441,0.71));
#20702 = CIRCLE('',#20703,0.4445);
#20703 = AXIS2_PLACEMENT_3D('',#20704,#20705,#20706);
#20704 = CARTESIAN_POINT('',(100.279892,-101.07991,0.71));
#20705 = DIRECTION('',(-0.,0.,-1.));
#20706 = DIRECTION('',(3.197042680585E-14,-1.,-0.));
#20707 = FACE_BOUND('',#20708,.T.);
#20708 = EDGE_LOOP('',(#20709));
#20709 = ORIENTED_EDGE('',*,*,#20710,.T.);
#20710 = EDGE_CURVE('',#20711,#20711,#20713,.T.);
#20711 = VERTEX_POINT('',#20712);
#20712 = CARTESIAN_POINT('',(115.519892,-109.14441,0.71));
#20713 = CIRCLE('',#20714,0.4445);
#20714 = AXIS2_PLACEMENT_3D('',#20715,#20716,#20717);
#20715 = CARTESIAN_POINT('',(115.519892,-108.69991,0.71));
#20716 = DIRECTION('',(-0.,0.,-1.));
#20717 = DIRECTION('',(-0.,-1.,0.));
#20718 = FACE_BOUND('',#20719,.T.);
#20719 = EDGE_LOOP('',(#20720));
#20720 = ORIENTED_EDGE('',*,*,#20721,.T.);
#20721 = EDGE_CURVE('',#20722,#20722,#20724,.T.);
#20722 = VERTEX_POINT('',#20723);
#20723 = CARTESIAN_POINT('',(115.519892,-106.60441,0.71));
#20724 = CIRCLE('',#20725,0.4445);
#20725 = AXIS2_PLACEMENT_3D('',#20726,#20727,#20728);
#20726 = CARTESIAN_POINT('',(115.519892,-106.15991,0.71));
#20727 = DIRECTION('',(-0.,0.,-1.));
#20728 = DIRECTION('',(-0.,-1.,0.));
#20729 = FACE_BOUND('',#20730,.T.);
#20730 = EDGE_LOOP('',(#20731));
#20731 = ORIENTED_EDGE('',*,*,#20732,.T.);
#20732 = EDGE_CURVE('',#20733,#20733,#20735,.T.);
#20733 = VERTEX_POINT('',#20734);
#20734 = CARTESIAN_POINT('',(115.519892,-104.06441,0.71));
#20735 = CIRCLE('',#20736,0.4445);
#20736 = AXIS2_PLACEMENT_3D('',#20737,#20738,#20739);
#20737 = CARTESIAN_POINT('',(115.519892,-103.61991,0.71));
#20738 = DIRECTION('',(-0.,0.,-1.));
#20739 = DIRECTION('',(-0.,-1.,0.));
#20740 = FACE_BOUND('',#20741,.T.);
#20741 = EDGE_LOOP('',(#20742));
#20742 = ORIENTED_EDGE('',*,*,#20743,.T.);
#20743 = EDGE_CURVE('',#20744,#20744,#20746,.T.);
#20744 = VERTEX_POINT('',#20745);
#20745 = CARTESIAN_POINT('',(115.519892,-101.52441,0.71));
#20746 = CIRCLE('',#20747,0.4445);
#20747 = AXIS2_PLACEMENT_3D('',#20748,#20749,#20750);
#20748 = CARTESIAN_POINT('',(115.519892,-101.07991,0.71));
#20749 = DIRECTION('',(-0.,0.,-1.));
#20750 = DIRECTION('',(-0.,-1.,0.));
#20751 = PLANE('',#20752);
#20752 = AXIS2_PLACEMENT_3D('',#20753,#20754,#20755);
#20753 = CARTESIAN_POINT('',(0.,0.,0.71));
#20754 = DIRECTION('',(0.,0.,1.));
#20755 = DIRECTION('',(1.,0.,-0.));
#20756 = ADVANCED_FACE('',(#20757),#20768,.T.);
#20757 = FACE_BOUND('',#20758,.T.);
#20758 = EDGE_LOOP('',(#20759,#20765,#20766,#20767));
#20759 = ORIENTED_EDGE('',*,*,#20760,.T.);
#20760 = EDGE_CURVE('',#20193,#20478,#20761,.T.);
#20761 = LINE('',#20762,#20763);
#20762 = CARTESIAN_POINT('',(98.999892,-100.99991,0.));
#20763 = VECTOR('',#20764,1.);
#20764 = DIRECTION('',(0.,0.,1.));
#20765 = ORIENTED_EDGE('',*,*,#20477,.T.);
#20766 = ORIENTED_EDGE('',*,*,#20128,.F.);
#20767 = ORIENTED_EDGE('',*,*,#20192,.F.);
#20768 = CYLINDRICAL_SURFACE('',#20769,0.999936096809);
#20769 = AXIS2_PLACEMENT_3D('',#20770,#20771,#20772);
#20770 = CARTESIAN_POINT('',(99.999828094767,-100.9998460947,0.));
#20771 = DIRECTION('',(0.,0.,-1.));
#20772 = DIRECTION('',(-0.999999997958,-6.390931660293E-05,-0.));
#20773 = ADVANCED_FACE('',(#20774),#20785,.F.);
#20774 = FACE_BOUND('',#20775,.T.);
#20775 = EDGE_LOOP('',(#20776,#20777,#20778,#20784));
#20776 = ORIENTED_EDGE('',*,*,#20168,.T.);
#20777 = ORIENTED_EDGE('',*,*,#20579,.T.);
#20778 = ORIENTED_EDGE('',*,*,#20779,.F.);
#20779 = EDGE_CURVE('',#20287,#20572,#20780,.T.);
#20780 = LINE('',#20781,#20782);
#20781 = CARTESIAN_POINT('',(102.599892,-110.29991,0.));
#20782 = VECTOR('',#20783,1.);
#20783 = DIRECTION('',(0.,0.,1.));
#20784 = ORIENTED_EDGE('',*,*,#20294,.F.);
#20785 = CYLINDRICAL_SURFACE('',#20786,0.99993438995);
#20786 = AXIS2_PLACEMENT_3D('',#20787,#20788,#20789);
#20787 = CARTESIAN_POINT('',(102.59982738779,-109.2999756121,0.));
#20788 = DIRECTION('',(-0.,-0.,-1.));
#20789 = DIRECTION('',(-0.999999997847,6.561644233248E-05,0.));
#20790 = ADVANCED_FACE('',(#20791),#20802,.T.);
#20791 = FACE_BOUND('',#20792,.T.);
#20792 = EDGE_LOOP('',(#20793,#20799,#20800,#20801));
#20793 = ORIENTED_EDGE('',*,*,#20794,.T.);
#20794 = EDGE_CURVE('',#20202,#20487,#20795,.T.);
#20795 = LINE('',#20796,#20797);
#20796 = CARTESIAN_POINT('',(98.999892,-118.59991,0.));
#20797 = VECTOR('',#20798,1.);
#20798 = DIRECTION('',(0.,0.,1.));
#20799 = ORIENTED_EDGE('',*,*,#20486,.T.);
#20800 = ORIENTED_EDGE('',*,*,#20760,.F.);
#20801 = ORIENTED_EDGE('',*,*,#20201,.F.);
#20802 = PLANE('',#20803);
#20803 = AXIS2_PLACEMENT_3D('',#20804,#20805,#20806);
#20804 = CARTESIAN_POINT('',(98.999892,-118.59991,0.));
#20805 = DIRECTION('',(-1.,0.,0.));
#20806 = DIRECTION('',(0.,1.,0.));
#20807 = ADVANCED_FACE('',(#20808),#20819,.T.);
#20808 = FACE_BOUND('',#20809,.T.);
#20809 = EDGE_LOOP('',(#20810,#20811,#20812,#20818));
#20810 = ORIENTED_EDGE('',*,*,#20779,.T.);
#20811 = ORIENTED_EDGE('',*,*,#20571,.T.);
#20812 = ORIENTED_EDGE('',*,*,#20813,.F.);
#20813 = EDGE_CURVE('',#20278,#20563,#20814,.T.);
#20814 = LINE('',#20815,#20816);
#20815 = CARTESIAN_POINT('',(113.199894,-110.299909,0.));
#20816 = VECTOR('',#20817,1.);
#20817 = DIRECTION('',(0.,0.,1.));
#20818 = ORIENTED_EDGE('',*,*,#20286,.F.);
#20819 = PLANE('',#20820);
#20820 = AXIS2_PLACEMENT_3D('',#20821,#20822,#20823);
#20821 = CARTESIAN_POINT('',(102.599892,-110.29991,0.));
#20822 = DIRECTION('',(-9.43396046034E-08,1.,0.));
#20823 = DIRECTION('',(1.,9.43396046034E-08,0.));
#20824 = ADVANCED_FACE('',(#20825),#20836,.T.);
#20825 = FACE_BOUND('',#20826,.T.);
#20826 = EDGE_LOOP('',(#20827,#20833,#20834,#20835));
#20827 = ORIENTED_EDGE('',*,*,#20828,.T.);
#20828 = EDGE_CURVE('',#20210,#20495,#20829,.T.);
#20829 = LINE('',#20830,#20831);
#20830 = CARTESIAN_POINT('',(99.999892,-119.59991,0.));
#20831 = VECTOR('',#20832,1.);
#20832 = DIRECTION('',(0.,0.,1.));
#20833 = ORIENTED_EDGE('',*,*,#20494,.T.);
#20834 = ORIENTED_EDGE('',*,*,#20794,.F.);
#20835 = ORIENTED_EDGE('',*,*,#20209,.F.);
#20836 = CYLINDRICAL_SURFACE('',#20837,0.999999252925);
#20837 = AXIS2_PLACEMENT_3D('',#20838,#20839,#20840);
#20838 = CARTESIAN_POINT('',(99.999891252925,-118.599910747,0.));
#20839 = DIRECTION('',(0.,0.,-1.));
#20840 = DIRECTION('',(7.470757633756E-07,-1.,0.));
#20841 = ADVANCED_FACE('',(#20842),#20853,.F.);
#20842 = FACE_BOUND('',#20843,.T.);
#20843 = EDGE_LOOP('',(#20844,#20845,#20846,#20852));
#20844 = ORIENTED_EDGE('',*,*,#20813,.T.);
#20845 = ORIENTED_EDGE('',*,*,#20562,.T.);
#20846 = ORIENTED_EDGE('',*,*,#20847,.F.);
#20847 = EDGE_CURVE('',#20270,#20555,#20848,.T.);
#20848 = LINE('',#20849,#20850);
#20849 = CARTESIAN_POINT('',(114.199893,-109.29991,0.));
#20850 = VECTOR('',#20851,1.);
#20851 = DIRECTION('',(0.,0.,1.));
#20852 = ORIENTED_EDGE('',*,*,#20277,.F.);
#20853 = CYLINDRICAL_SURFACE('',#20854,0.999934389839);
#20854 = AXIS2_PLACEMENT_3D('',#20855,#20856,#20857);
#20855 = CARTESIAN_POINT('',(113.19995861224,-109.2999746122,0.));
#20856 = DIRECTION('',(-0.,-0.,-1.));
#20857 = DIRECTION('',(-6.46164878498E-05,-0.999999997912,0.));
#20858 = ADVANCED_FACE('',(#20859),#20870,.T.);
#20859 = FACE_BOUND('',#20860,.T.);
#20860 = EDGE_LOOP('',(#20861,#20867,#20868,#20869));
#20861 = ORIENTED_EDGE('',*,*,#20862,.T.);
#20862 = EDGE_CURVE('',#20219,#20504,#20863,.T.);
#20863 = LINE('',#20864,#20865);
#20864 = CARTESIAN_POINT('',(115.799892,-119.59991,0.));
#20865 = VECTOR('',#20866,1.);
#20866 = DIRECTION('',(0.,0.,1.));
#20867 = ORIENTED_EDGE('',*,*,#20503,.T.);
#20868 = ORIENTED_EDGE('',*,*,#20828,.F.);
#20869 = ORIENTED_EDGE('',*,*,#20218,.F.);
#20870 = PLANE('',#20871);
#20871 = AXIS2_PLACEMENT_3D('',#20872,#20873,#20874);
#20872 = CARTESIAN_POINT('',(115.799892,-119.59991,0.));
#20873 = DIRECTION('',(0.,-1.,0.));
#20874 = DIRECTION('',(-1.,0.,0.));
#20875 = ADVANCED_FACE('',(#20876),#20887,.T.);
#20876 = FACE_BOUND('',#20877,.T.);
#20877 = EDGE_LOOP('',(#20878,#20879,#20880,#20886));
#20878 = ORIENTED_EDGE('',*,*,#20847,.T.);
#20879 = ORIENTED_EDGE('',*,*,#20554,.T.);
#20880 = ORIENTED_EDGE('',*,*,#20881,.F.);
#20881 = EDGE_CURVE('',#20261,#20546,#20882,.T.);
#20882 = LINE('',#20883,#20884);
#20883 = CARTESIAN_POINT('',(114.199893,-100.99991,0.));
#20884 = VECTOR('',#20885,1.);
#20885 = DIRECTION('',(0.,0.,1.));
#20886 = ORIENTED_EDGE('',*,*,#20269,.F.);
#20887 = PLANE('',#20888);
#20888 = AXIS2_PLACEMENT_3D('',#20889,#20890,#20891);
#20889 = CARTESIAN_POINT('',(114.199893,-109.29991,0.));
#20890 = DIRECTION('',(-1.,0.,0.));
#20891 = DIRECTION('',(0.,1.,0.));
#20892 = ADVANCED_FACE('',(#20893),#20904,.T.);
#20893 = FACE_BOUND('',#20894,.T.);
#20894 = EDGE_LOOP('',(#20895,#20901,#20902,#20903));
#20895 = ORIENTED_EDGE('',*,*,#20896,.T.);
#20896 = EDGE_CURVE('',#20227,#20512,#20897,.T.);
#20897 = LINE('',#20898,#20899);
#20898 = CARTESIAN_POINT('',(116.799892,-118.59991,0.));
#20899 = VECTOR('',#20900,1.);
#20900 = DIRECTION('',(0.,0.,1.));
#20901 = ORIENTED_EDGE('',*,*,#20511,.T.);
#20902 = ORIENTED_EDGE('',*,*,#20862,.F.);
#20903 = ORIENTED_EDGE('',*,*,#20226,.F.);
#20904 = CYLINDRICAL_SURFACE('',#20905,0.999999252925);
#20905 = AXIS2_PLACEMENT_3D('',#20906,#20907,#20908);
#20906 = CARTESIAN_POINT('',(115.79989274707,-118.599910747,0.));
#20907 = DIRECTION('',(0.,0.,-1.));
#20908 = DIRECTION('',(1.,7.470757491648E-07,0.));
#20909 = ADVANCED_FACE('',(#20910),#20921,.T.);
#20910 = FACE_BOUND('',#20911,.T.);
#20911 = EDGE_LOOP('',(#20912,#20913,#20914,#20920));
#20912 = ORIENTED_EDGE('',*,*,#20881,.T.);
#20913 = ORIENTED_EDGE('',*,*,#20545,.T.);
#20914 = ORIENTED_EDGE('',*,*,#20915,.F.);
#20915 = EDGE_CURVE('',#20253,#20538,#20916,.T.);
#20916 = LINE('',#20917,#20918);
#20917 = CARTESIAN_POINT('',(115.199893,-99.99991,0.));
#20918 = VECTOR('',#20919,1.);
#20919 = DIRECTION('',(0.,0.,1.));
#20920 = ORIENTED_EDGE('',*,*,#20260,.F.);
#20921 = CYLINDRICAL_SURFACE('',#20922,0.999936096809);
#20922 = AXIS2_PLACEMENT_3D('',#20923,#20924,#20925);
#20923 = CARTESIAN_POINT('',(115.19982909476,-100.9998460947,0.));
#20924 = DIRECTION('',(0.,0.,-1.));
#20925 = DIRECTION('',(-0.999999997958,-6.390931660293E-05,-0.));
#20926 = ADVANCED_FACE('',(#20927),#20938,.T.);
#20927 = FACE_BOUND('',#20928,.T.);
#20928 = EDGE_LOOP('',(#20929,#20935,#20936,#20937));
#20929 = ORIENTED_EDGE('',*,*,#20930,.T.);
#20930 = EDGE_CURVE('',#20236,#20521,#20931,.T.);
#20931 = LINE('',#20932,#20933);
#20932 = CARTESIAN_POINT('',(116.799892,-100.99991,0.));
#20933 = VECTOR('',#20934,1.);
#20934 = DIRECTION('',(0.,0.,1.));
#20935 = ORIENTED_EDGE('',*,*,#20520,.T.);
#20936 = ORIENTED_EDGE('',*,*,#20896,.F.);
#20937 = ORIENTED_EDGE('',*,*,#20235,.F.);
#20938 = PLANE('',#20939);
#20939 = AXIS2_PLACEMENT_3D('',#20940,#20941,#20942);
#20940 = CARTESIAN_POINT('',(116.799892,-100.99991,0.));
#20941 = DIRECTION('',(1.,0.,-0.));
#20942 = DIRECTION('',(0.,-1.,0.));
#20943 = ADVANCED_FACE('',(#20944),#20955,.T.);
#20944 = FACE_BOUND('',#20945,.T.);
#20945 = EDGE_LOOP('',(#20946,#20947,#20948,#20954));
#20946 = ORIENTED_EDGE('',*,*,#20915,.T.);
#20947 = ORIENTED_EDGE('',*,*,#20537,.T.);
#20948 = ORIENTED_EDGE('',*,*,#20949,.F.);
#20949 = EDGE_CURVE('',#20244,#20529,#20950,.T.);
#20950 = LINE('',#20951,#20952);
#20951 = CARTESIAN_POINT('',(115.799893,-99.99991,0.));
#20952 = VECTOR('',#20953,1.);
#20953 = DIRECTION('',(0.,0.,1.));
#20954 = ORIENTED_EDGE('',*,*,#20252,.F.);
#20955 = PLANE('',#20956);
#20956 = AXIS2_PLACEMENT_3D('',#20957,#20958,#20959);
#20957 = CARTESIAN_POINT('',(115.199893,-99.99991,0.));
#20958 = DIRECTION('',(0.,1.,0.));
#20959 = DIRECTION('',(1.,0.,0.));
#20960 = ADVANCED_FACE('',(#20961),#20967,.T.);
#20961 = FACE_BOUND('',#20962,.T.);
#20962 = EDGE_LOOP('',(#20963,#20964,#20965,#20966));
#20963 = ORIENTED_EDGE('',*,*,#20949,.T.);
#20964 = ORIENTED_EDGE('',*,*,#20528,.T.);
#20965 = ORIENTED_EDGE('',*,*,#20930,.F.);
#20966 = ORIENTED_EDGE('',*,*,#20243,.F.);
#20967 = CYLINDRICAL_SURFACE('',#20968,0.99993438995);
#20968 = AXIS2_PLACEMENT_3D('',#20969,#20970,#20971);
#20969 = CARTESIAN_POINT('',(115.7999576122,-100.9998443878,0.));
#20970 = DIRECTION('',(0.,0.,-1.));
#20971 = DIRECTION('',(-6.461644181064E-05,0.999999997912,0.));
#20972 = ADVANCED_FACE('',(#20973),#20984,.F.);
#20973 = FACE_BOUND('',#20974,.T.);
#20974 = EDGE_LOOP('',(#20975,#20976,#20982,#20983));
#20975 = ORIENTED_EDGE('',*,*,#20304,.T.);
#20976 = ORIENTED_EDGE('',*,*,#20977,.T.);
#20977 = EDGE_CURVE('',#20305,#20590,#20978,.T.);
#20978 = LINE('',#20979,#20980);
#20979 = CARTESIAN_POINT('',(100.279892,-116.76441,-4.6E-02));
#20980 = VECTOR('',#20981,1.);
#20981 = DIRECTION('',(0.,0.,1.));
#20982 = ORIENTED_EDGE('',*,*,#20589,.F.);
#20983 = ORIENTED_EDGE('',*,*,#20977,.F.);
#20984 = CYLINDRICAL_SURFACE('',#20985,0.4445);
#20985 = AXIS2_PLACEMENT_3D('',#20986,#20987,#20988);
#20986 = CARTESIAN_POINT('',(100.279892,-116.31991,-4.6E-02));
#20987 = DIRECTION('',(-0.,0.,-1.));
#20988 = DIRECTION('',(3.197042680585E-14,-1.,-0.));
#20989 = ADVANCED_FACE('',(#20990),#21001,.F.);
#20990 = FACE_BOUND('',#20991,.T.);
#20991 = EDGE_LOOP('',(#20992,#20993,#20999,#21000));
#20992 = ORIENTED_EDGE('',*,*,#20315,.T.);
#20993 = ORIENTED_EDGE('',*,*,#20994,.T.);
#20994 = EDGE_CURVE('',#20316,#20601,#20995,.T.);
#20995 = LINE('',#20996,#20997);
#20996 = CARTESIAN_POINT('',(100.279892,-114.22441,-4.6E-02));
#20997 = VECTOR('',#20998,1.);
#20998 = DIRECTION('',(0.,0.,1.));
#20999 = ORIENTED_EDGE('',*,*,#20600,.F.);
#21000 = ORIENTED_EDGE('',*,*,#20994,.F.);
#21001 = CYLINDRICAL_SURFACE('',#21002,0.4445);
#21002 = AXIS2_PLACEMENT_3D('',#21003,#21004,#21005);
#21003 = CARTESIAN_POINT('',(100.279892,-113.77991,-4.6E-02));
#21004 = DIRECTION('',(-0.,0.,-1.));
#21005 = DIRECTION('',(3.197042680585E-14,-1.,-0.));
#21006 = ADVANCED_FACE('',(#21007),#21018,.F.);
#21007 = FACE_BOUND('',#21008,.T.);
#21008 = EDGE_LOOP('',(#21009,#21010,#21016,#21017));
#21009 = ORIENTED_EDGE('',*,*,#20326,.T.);
#21010 = ORIENTED_EDGE('',*,*,#21011,.T.);
#21011 = EDGE_CURVE('',#20327,#20612,#21012,.T.);
#21012 = LINE('',#21013,#21014);
#21013 = CARTESIAN_POINT('',(100.279892,-111.68441,-4.6E-02));
#21014 = VECTOR('',#21015,1.);
#21015 = DIRECTION('',(0.,0.,1.));
#21016 = ORIENTED_EDGE('',*,*,#20611,.F.);
#21017 = ORIENTED_EDGE('',*,*,#21011,.F.);
#21018 = CYLINDRICAL_SURFACE('',#21019,0.4445);
#21019 = AXIS2_PLACEMENT_3D('',#21020,#21021,#21022);
#21020 = CARTESIAN_POINT('',(100.279892,-111.23991,-4.6E-02));
#21021 = DIRECTION('',(-0.,0.,-1.));
#21022 = DIRECTION('',(3.197042680585E-14,-1.,-0.));
#21023 = ADVANCED_FACE('',(#21024),#21035,.F.);
#21024 = FACE_BOUND('',#21025,.T.);
#21025 = EDGE_LOOP('',(#21026,#21027,#21033,#21034));
#21026 = ORIENTED_EDGE('',*,*,#20337,.T.);
#21027 = ORIENTED_EDGE('',*,*,#21028,.T.);
#21028 = EDGE_CURVE('',#20338,#20623,#21029,.T.);
#21029 = LINE('',#21030,#21031);
#21030 = CARTESIAN_POINT('',(107.599892,-111.82491,-4.6E-02));
#21031 = VECTOR('',#21032,1.);
#21032 = DIRECTION('',(0.,0.,1.));
#21033 = ORIENTED_EDGE('',*,*,#20622,.F.);
#21034 = ORIENTED_EDGE('',*,*,#21028,.F.);
#21035 = CYLINDRICAL_SURFACE('',#21036,0.325);
#21036 = AXIS2_PLACEMENT_3D('',#21037,#21038,#21039);
#21037 = CARTESIAN_POINT('',(107.599892,-111.49991,-4.6E-02));
#21038 = DIRECTION('',(-0.,-0.,-1.));
#21039 = DIRECTION('',(-0.,-1.,0.));
#21040 = ADVANCED_FACE('',(#21041),#21052,.F.);
#21041 = FACE_BOUND('',#21042,.T.);
#21042 = EDGE_LOOP('',(#21043,#21044,#21050,#21051));
#21043 = ORIENTED_EDGE('',*,*,#20348,.T.);
#21044 = ORIENTED_EDGE('',*,*,#21045,.T.);
#21045 = EDGE_CURVE('',#20349,#20634,#21046,.T.);
#21046 = LINE('',#21047,#21048);
#21047 = CARTESIAN_POINT('',(115.519892,-116.76441,-4.6E-02));
#21048 = VECTOR('',#21049,1.);
#21049 = DIRECTION('',(0.,0.,1.));
#21050 = ORIENTED_EDGE('',*,*,#20633,.F.);
#21051 = ORIENTED_EDGE('',*,*,#21045,.F.);
#21052 = CYLINDRICAL_SURFACE('',#21053,0.4445);
#21053 = AXIS2_PLACEMENT_3D('',#21054,#21055,#21056);
#21054 = CARTESIAN_POINT('',(115.519892,-116.31991,-4.6E-02));
#21055 = DIRECTION('',(-0.,-0.,-1.));
#21056 = DIRECTION('',(-0.,-1.,0.));
#21057 = ADVANCED_FACE('',(#21058),#21069,.F.);
#21058 = FACE_BOUND('',#21059,.T.);
#21059 = EDGE_LOOP('',(#21060,#21061,#21067,#21068));
#21060 = ORIENTED_EDGE('',*,*,#20359,.T.);
#21061 = ORIENTED_EDGE('',*,*,#21062,.T.);
#21062 = EDGE_CURVE('',#20360,#20645,#21063,.T.);
#21063 = LINE('',#21064,#21065);
#21064 = CARTESIAN_POINT('',(115.519892,-114.22441,-4.6E-02));
#21065 = VECTOR('',#21066,1.);
#21066 = DIRECTION('',(0.,0.,1.));
#21067 = ORIENTED_EDGE('',*,*,#20644,.F.);
#21068 = ORIENTED_EDGE('',*,*,#21062,.F.);
#21069 = CYLINDRICAL_SURFACE('',#21070,0.4445);
#21070 = AXIS2_PLACEMENT_3D('',#21071,#21072,#21073);
#21071 = CARTESIAN_POINT('',(115.519892,-113.77991,-4.6E-02));
#21072 = DIRECTION('',(-0.,-0.,-1.));
#21073 = DIRECTION('',(-0.,-1.,0.));
#21074 = ADVANCED_FACE('',(#21075),#21086,.F.);
#21075 = FACE_BOUND('',#21076,.T.);
#21076 = EDGE_LOOP('',(#21077,#21078,#21084,#21085));
#21077 = ORIENTED_EDGE('',*,*,#20370,.T.);
#21078 = ORIENTED_EDGE('',*,*,#21079,.T.);
#21079 = EDGE_CURVE('',#20371,#20656,#21080,.T.);
#21080 = LINE('',#21081,#21082);
#21081 = CARTESIAN_POINT('',(115.519892,-111.68441,-4.6E-02));
#21082 = VECTOR('',#21083,1.);
#21083 = DIRECTION('',(0.,0.,1.));
#21084 = ORIENTED_EDGE('',*,*,#20655,.F.);
#21085 = ORIENTED_EDGE('',*,*,#21079,.F.);
#21086 = CYLINDRICAL_SURFACE('',#21087,0.4445);
#21087 = AXIS2_PLACEMENT_3D('',#21088,#21089,#21090);
#21088 = CARTESIAN_POINT('',(115.519892,-111.23991,-4.6E-02));
#21089 = DIRECTION('',(-0.,-0.,-1.));
#21090 = DIRECTION('',(-0.,-1.,0.));
#21091 = ADVANCED_FACE('',(#21092),#21103,.F.);
#21092 = FACE_BOUND('',#21093,.T.);
#21093 = EDGE_LOOP('',(#21094,#21095,#21101,#21102));
#21094 = ORIENTED_EDGE('',*,*,#20381,.T.);
#21095 = ORIENTED_EDGE('',*,*,#21096,.T.);
#21096 = EDGE_CURVE('',#20382,#20667,#21097,.T.);
#21097 = LINE('',#21098,#21099);
#21098 = CARTESIAN_POINT('',(100.279892,-109.14441,-4.6E-02));
#21099 = VECTOR('',#21100,1.);
#21100 = DIRECTION('',(0.,0.,1.));
#21101 = ORIENTED_EDGE('',*,*,#20666,.F.);
#21102 = ORIENTED_EDGE('',*,*,#21096,.F.);
#21103 = CYLINDRICAL_SURFACE('',#21104,0.4445);
#21104 = AXIS2_PLACEMENT_3D('',#21105,#21106,#21107);
#21105 = CARTESIAN_POINT('',(100.279892,-108.69991,-4.6E-02));
#21106 = DIRECTION('',(-0.,0.,-1.));
#21107 = DIRECTION('',(3.197042680585E-14,-1.,-0.));
#21108 = ADVANCED_FACE('',(#21109),#21120,.F.);
#21109 = FACE_BOUND('',#21110,.T.);
#21110 = EDGE_LOOP('',(#21111,#21112,#21118,#21119));
#21111 = ORIENTED_EDGE('',*,*,#20392,.T.);
#21112 = ORIENTED_EDGE('',*,*,#21113,.T.);
#21113 = EDGE_CURVE('',#20393,#20678,#21114,.T.);
#21114 = LINE('',#21115,#21116);
#21115 = CARTESIAN_POINT('',(100.279892,-106.60441,-4.6E-02));
#21116 = VECTOR('',#21117,1.);
#21117 = DIRECTION('',(0.,0.,1.));
#21118 = ORIENTED_EDGE('',*,*,#20677,.F.);
#21119 = ORIENTED_EDGE('',*,*,#21113,.F.);
#21120 = CYLINDRICAL_SURFACE('',#21121,0.4445);
#21121 = AXIS2_PLACEMENT_3D('',#21122,#21123,#21124);
#21122 = CARTESIAN_POINT('',(100.279892,-106.15991,-4.6E-02));
#21123 = DIRECTION('',(-0.,0.,-1.));
#21124 = DIRECTION('',(3.197042680585E-14,-1.,-0.));
#21125 = ADVANCED_FACE('',(#21126),#21137,.F.);
#21126 = FACE_BOUND('',#21127,.T.);
#21127 = EDGE_LOOP('',(#21128,#21129,#21135,#21136));
#21128 = ORIENTED_EDGE('',*,*,#20403,.T.);
#21129 = ORIENTED_EDGE('',*,*,#21130,.T.);
#21130 = EDGE_CURVE('',#20404,#20689,#21131,.T.);
#21131 = LINE('',#21132,#21133);
#21132 = CARTESIAN_POINT('',(100.279892,-104.06441,-4.6E-02));
#21133 = VECTOR('',#21134,1.);
#21134 = DIRECTION('',(0.,0.,1.));
#21135 = ORIENTED_EDGE('',*,*,#20688,.F.);
#21136 = ORIENTED_EDGE('',*,*,#21130,.F.);
#21137 = CYLINDRICAL_SURFACE('',#21138,0.4445);
#21138 = AXIS2_PLACEMENT_3D('',#21139,#21140,#21141);
#21139 = CARTESIAN_POINT('',(100.279892,-103.61991,-4.6E-02));
#21140 = DIRECTION('',(-0.,0.,-1.));
#21141 = DIRECTION('',(3.197042680585E-14,-1.,-0.));
#21142 = ADVANCED_FACE('',(#21143),#21154,.F.);
#21143 = FACE_BOUND('',#21144,.T.);
#21144 = EDGE_LOOP('',(#21145,#21146,#21152,#21153));
#21145 = ORIENTED_EDGE('',*,*,#20414,.T.);
#21146 = ORIENTED_EDGE('',*,*,#21147,.T.);
#21147 = EDGE_CURVE('',#20415,#20700,#21148,.T.);
#21148 = LINE('',#21149,#21150);
#21149 = CARTESIAN_POINT('',(100.279892,-101.52441,-4.6E-02));
#21150 = VECTOR('',#21151,1.);
#21151 = DIRECTION('',(0.,0.,1.));
#21152 = ORIENTED_EDGE('',*,*,#20699,.F.);
#21153 = ORIENTED_EDGE('',*,*,#21147,.F.);
#21154 = CYLINDRICAL_SURFACE('',#21155,0.4445);
#21155 = AXIS2_PLACEMENT_3D('',#21156,#21157,#21158);
#21156 = CARTESIAN_POINT('',(100.279892,-101.07991,-4.6E-02));
#21157 = DIRECTION('',(-0.,0.,-1.));
#21158 = DIRECTION('',(3.197042680585E-14,-1.,-0.));
#21159 = ADVANCED_FACE('',(#21160),#21171,.F.);
#21160 = FACE_BOUND('',#21161,.T.);
#21161 = EDGE_LOOP('',(#21162,#21163,#21169,#21170));
#21162 = ORIENTED_EDGE('',*,*,#20425,.T.);
#21163 = ORIENTED_EDGE('',*,*,#21164,.T.);
#21164 = EDGE_CURVE('',#20426,#20711,#21165,.T.);
#21165 = LINE('',#21166,#21167);
#21166 = CARTESIAN_POINT('',(115.519892,-109.14441,-4.6E-02));
#21167 = VECTOR('',#21168,1.);
#21168 = DIRECTION('',(0.,0.,1.));
#21169 = ORIENTED_EDGE('',*,*,#20710,.F.);
#21170 = ORIENTED_EDGE('',*,*,#21164,.F.);
#21171 = CYLINDRICAL_SURFACE('',#21172,0.4445);
#21172 = AXIS2_PLACEMENT_3D('',#21173,#21174,#21175);
#21173 = CARTESIAN_POINT('',(115.519892,-108.69991,-4.6E-02));
#21174 = DIRECTION('',(-0.,-0.,-1.));
#21175 = DIRECTION('',(-0.,-1.,0.));
#21176 = ADVANCED_FACE('',(#21177),#21188,.F.);
#21177 = FACE_BOUND('',#21178,.T.);
#21178 = EDGE_LOOP('',(#21179,#21180,#21186,#21187));
#21179 = ORIENTED_EDGE('',*,*,#20436,.T.);
#21180 = ORIENTED_EDGE('',*,*,#21181,.T.);
#21181 = EDGE_CURVE('',#20437,#20722,#21182,.T.);
#21182 = LINE('',#21183,#21184);
#21183 = CARTESIAN_POINT('',(115.519892,-106.60441,-4.6E-02));
#21184 = VECTOR('',#21185,1.);
#21185 = DIRECTION('',(0.,0.,1.));
#21186 = ORIENTED_EDGE('',*,*,#20721,.F.);
#21187 = ORIENTED_EDGE('',*,*,#21181,.F.);
#21188 = CYLINDRICAL_SURFACE('',#21189,0.4445);
#21189 = AXIS2_PLACEMENT_3D('',#21190,#21191,#21192);
#21190 = CARTESIAN_POINT('',(115.519892,-106.15991,-4.6E-02));
#21191 = DIRECTION('',(-0.,-0.,-1.));
#21192 = DIRECTION('',(-0.,-1.,0.));
#21193 = ADVANCED_FACE('',(#21194),#21205,.F.);
#21194 = FACE_BOUND('',#21195,.T.);
#21195 = EDGE_LOOP('',(#21196,#21197,#21203,#21204));
#21196 = ORIENTED_EDGE('',*,*,#20447,.T.);
#21197 = ORIENTED_EDGE('',*,*,#21198,.T.);
#21198 = EDGE_CURVE('',#20448,#20733,#21199,.T.);
#21199 = LINE('',#21200,#21201);
#21200 = CARTESIAN_POINT('',(115.519892,-104.06441,-4.6E-02));
#21201 = VECTOR('',#21202,1.);
#21202 = DIRECTION('',(0.,0.,1.));
#21203 = ORIENTED_EDGE('',*,*,#20732,.F.);
#21204 = ORIENTED_EDGE('',*,*,#21198,.F.);
#21205 = CYLINDRICAL_SURFACE('',#21206,0.4445);
#21206 = AXIS2_PLACEMENT_3D('',#21207,#21208,#21209);
#21207 = CARTESIAN_POINT('',(115.519892,-103.61991,-4.6E-02));
#21208 = DIRECTION('',(-0.,-0.,-1.));
#21209 = DIRECTION('',(-0.,-1.,0.));
#21210 = ADVANCED_FACE('',(#21211),#21222,.F.);
#21211 = FACE_BOUND('',#21212,.T.);
#21212 = EDGE_LOOP('',(#21213,#21214,#21220,#21221));
#21213 = ORIENTED_EDGE('',*,*,#20458,.T.);
#21214 = ORIENTED_EDGE('',*,*,#21215,.T.);
#21215 = EDGE_CURVE('',#20459,#20744,#21216,.T.);
#21216 = LINE('',#21217,#21218);
#21217 = CARTESIAN_POINT('',(115.519892,-101.52441,-4.6E-02));
#21218 = VECTOR('',#21219,1.);
#21219 = DIRECTION('',(0.,0.,1.));
#21220 = ORIENTED_EDGE('',*,*,#20743,.F.);
#21221 = ORIENTED_EDGE('',*,*,#21215,.F.);
#21222 = CYLINDRICAL_SURFACE('',#21223,0.4445);
#21223 = AXIS2_PLACEMENT_3D('',#21224,#21225,#21226);
#21224 = CARTESIAN_POINT('',(115.519892,-101.07991,-4.6E-02));
#21225 = DIRECTION('',(-0.,-0.,-1.));
#21226 = DIRECTION('',(-0.,-1.,0.));
#21227 = ( GEOMETRIC_REPRESENTATION_CONTEXT(3) 
GLOBAL_UNCERTAINTY_ASSIGNED_CONTEXT((#21231)) 
GLOBAL_UNIT_ASSIGNED_CONTEXT((#21228,#21229,#21230)) 
REPRESENTATION_CONTEXT('Context #1',
  '3D Context with UNIT and UNCERTAINTY') );
#21228 = ( LENGTH_UNIT() NAMED_UNIT(*) SI_UNIT(.MILLI.,.METRE.) );
#21229 = ( NAMED_UNIT(*) PLANE_ANGLE_UNIT() SI_UNIT($,.RADIAN.) );
#21230 = ( NAMED_UNIT(*) SI_UNIT($,.STERADIAN.) SOLID_ANGLE_UNIT() );
#21231 = UNCERTAINTY_MEASURE_WITH_UNIT(LENGTH_MEASURE(1.E-07),#21228,
  'distance_accuracy_value','confusion accuracy');
#21232 = CONTEXT_DEPENDENT_SHAPE_REPRESENTATION(#21233,#21235);
#21233 = ( REPRESENTATION_RELATIONSHIP('','',#20079,#10) 
REPRESENTATION_RELATIONSHIP_WITH_TRANSFORMATION(#21234) 
SHAPE_REPRESENTATION_RELATIONSHIP() );
#21234 = ITEM_DEFINED_TRANSFORMATION('','',#11,#23);
#21235 = PRODUCT_DEFINITION_SHAPE('Placement','Placement of an item',
  #21236);
#21236 = NEXT_ASSEMBLY_USAGE_OCCURRENCE('107','=>[0:1:1:31]','',#5,
  #20074,$);
#21237 = PRODUCT_RELATED_PRODUCT_CATEGORY('part',$,(#20076));
#21238 = MECHANICAL_DESIGN_GEOMETRIC_PRESENTATION_REPRESENTATION('',(
    #21239),#21227);
#21239 = STYLED_ITEM('color',(#21240),#20080);
#21240 = PRESENTATION_STYLE_ASSIGNMENT((#21241));
#21241 = SURFACE_STYLE_USAGE(.BOTH.,#21242);
#21242 = SURFACE_SIDE_STYLE('',(#21243));
#21243 = SURFACE_STYLE_FILL_AREA(#21244);
#21244 = FILL_AREA_STYLE('',(#21245));
#21245 = FILL_AREA_STYLE_COLOUR('',#21246);
#21246 = COLOUR_RGB('',0.313304153717,0.484529207832,0.410020903123);
ENDSEC;
END-ISO-10303-21;
