ISO-10303-21;
HEADER;
FILE_DESCRIPTION(('KiCad electronic assembly'),'2;1');
FILE_NAME('EMG_DAQ_ADS1298.step','2026-01-03T15:52:08',('Pcbnew'),(
    'Kicad'),'Open CASCADE STEP processor 7.6','KiCad to STEP converter'
  ,'Unknown');
FILE_SCHEMA(('AUTOMOTIVE_DESIGN { 1 0 10303 214 1 1 1 1 }'));
ENDSEC;
DATA;
#1 = APPLICATION_PROTOCOL_DEFINITION('international standard',
  'automotive_design',2000,#2);
#2 = APPLICATION_CONTEXT(
  'core data for automotive mechanical design processes');
#3 = SHAPE_DEFINITION_REPRESENTATION(#4,#10);
#4 = PRODUCT_DEFINITION_SHAPE('','',#5);
#5 = PRODUCT_DEFINITION('design','',#6,#9);
#6 = PRODUCT_DEFINITION_FORMATION('','',#7);
#7 = PRODUCT('EMG_DAQ_ADS1298 12','EMG_DAQ_ADS1298 12','',(#8));
#8 = PRODUCT_CONTEXT('',#2,'mechanical');
#9 = PRODUCT_DEFINITION_CONTEXT('part definition',#2,'design');
#10 = SHAPE_REPRESENTATION('',(#11,#15,#19,#23,#27,#31,#35,#39,#43,#47,
    #51,#55,#59,#63,#67,#71,#75,#79,#83,#87,#91,#95,#99,#103,#107,#111,
    #115,#119,#123,#127,#131),#135);
#11 = AXIS2_PLACEMENT_3D('',#12,#13,#14);
#12 = CARTESIAN_POINT('',(0.,0.,0.));
#13 = DIRECTION('',(0.,0.,1.));
#14 = DIRECTION('',(1.,0.,-0.));
#15 = AXIS2_PLACEMENT_3D('',#16,#17,#18);
#16 = CARTESIAN_POINT('',(25.554892,-23.99991,0.795));
#17 = DIRECTION('',(0.,0.,1.));
#18 = DIRECTION('',(1.,0.,0.));
#19 = AXIS2_PLACEMENT_3D('',#20,#21,#22);
#20 = CARTESIAN_POINT('',(35.999892,-29.24991,0.795));
#21 = DIRECTION('',(-0.,0.,1.));
#22 = DIRECTION('',(1.110223024625E-16,-1.,0.));
#23 = AXIS2_PLACEMENT_3D('',#24,#25,#26);
#24 = CARTESIAN_POINT('',(30.634892,-23.99991,0.795));
#25 = DIRECTION('',(0.,0.,1.));
#26 = DIRECTION('',(1.,0.,0.));
#27 = AXIS2_PLACEMENT_3D('',#28,#29,#30);
#28 = CARTESIAN_POINT('',(29.999892,-28.74991,0.795));
#29 = DIRECTION('',(0.,-0.,1.));
#30 = DIRECTION('',(1.110223024625E-16,1.,0.));
#31 = AXIS2_PLACEMENT_3D('',#32,#33,#34);
#32 = CARTESIAN_POINT('',(29.364892,-23.99991,0.795));
#33 = DIRECTION('',(0.,0.,1.));
#34 = DIRECTION('',(1.,0.,0.));
#35 = AXIS2_PLACEMENT_3D('',#36,#37,#38);
#36 = CARTESIAN_POINT('',(35.549892,-25.79991,0.795));
#37 = DIRECTION('',(0.,0.,1.));
#38 = DIRECTION('',(-1.,1.224646799147E-16,0.));
#39 = AXIS2_PLACEMENT_3D('',#40,#41,#42);
#40 = CARTESIAN_POINT('',(34.444892,-23.99991,0.795));
#41 = DIRECTION('',(0.,0.,1.));
#42 = DIRECTION('',(1.,0.,0.));
#43 = AXIS2_PLACEMENT_3D('',#44,#45,#46);
#44 = CARTESIAN_POINT('',(33.174892,-23.99991,0.795));
#45 = DIRECTION('',(0.,0.,1.));
#46 = DIRECTION('',(-1.,1.224646799147E-16,0.));
#47 = AXIS2_PLACEMENT_3D('',#48,#49,#50);
#48 = CARTESIAN_POINT('',(24.199892,-31.99991,0.795));
#49 = DIRECTION('',(0.,0.,1.));
#50 = DIRECTION('',(1.,0.,0.));
#51 = AXIS2_PLACEMENT_3D('',#52,#53,#54);
#52 = CARTESIAN_POINT('',(24.199892,-30.72991,0.795));
#53 = DIRECTION('',(0.,0.,1.));
#54 = DIRECTION('',(1.,0.,0.));
#55 = AXIS2_PLACEMENT_3D('',#56,#57,#58);
#56 = CARTESIAN_POINT('',(26.824892,-23.99991,0.795));
#57 = DIRECTION('',(0.,0.,1.));
#58 = DIRECTION('',(1.,0.,0.));
#59 = AXIS2_PLACEMENT_3D('',#60,#61,#62);
#60 = CARTESIAN_POINT('',(31.904892,-23.99991,0.795));
#61 = DIRECTION('',(0.,0.,1.));
#62 = DIRECTION('',(1.,0.,0.));
#63 = AXIS2_PLACEMENT_3D('',#64,#65,#66);
#64 = CARTESIAN_POINT('',(28.094892,-23.99991,0.795));
#65 = DIRECTION('',(0.,0.,1.));
#66 = DIRECTION('',(1.,0.,0.));
#67 = AXIS2_PLACEMENT_3D('',#68,#69,#70);
#68 = CARTESIAN_POINT('',(24.399892,-25.49991,0.795));
#69 = DIRECTION('',(0.,0.,1.));
#70 = DIRECTION('',(1.,0.,0.));
#71 = AXIS2_PLACEMENT_3D('',#72,#73,#74);
#72 = CARTESIAN_POINT('',(31.899892,-28.39991,-8.5E-02));
#73 = DIRECTION('',(1.224646799147E-16,-1.359631073447E-32,-1.));
#74 = DIRECTION('',(1.110223024625E-16,1.,0.));
#75 = AXIS2_PLACEMENT_3D('',#76,#77,#78);
#76 = CARTESIAN_POINT('',(32.499892,-30.24991,-8.5E-02));
#77 = DIRECTION('',(1.499759782662E-32,1.224646799147E-16,-1.));
#78 = DIRECTION('',(-1.,1.224646799147E-16,0.));
#79 = AXIS2_PLACEMENT_3D('',#80,#81,#82);
#80 = CARTESIAN_POINT('',(32.499892,-31.34991,-8.5E-02));
#81 = DIRECTION('',(1.499759782662E-32,1.224646799147E-16,-1.));
#82 = DIRECTION('',(-1.,1.224646799147E-16,0.));
#83 = AXIS2_PLACEMENT_3D('',#84,#85,#86);
#84 = CARTESIAN_POINT('',(25.019892,-25.44991,-8.5E-02));
#85 = DIRECTION('',(1.499759782662E-32,1.224646799147E-16,-1.));
#86 = DIRECTION('',(-1.,1.224646799147E-16,0.));
#87 = AXIS2_PLACEMENT_3D('',#88,#89,#90);
#88 = CARTESIAN_POINT('',(29.549892,-25.79991,-8.5E-02));
#89 = DIRECTION('',(0.,-1.224646799147E-16,-1.));
#90 = DIRECTION('',(1.,0.,0.));
#91 = AXIS2_PLACEMENT_3D('',#92,#93,#94);
#92 = CARTESIAN_POINT('',(30.599892,-31.29991,-8.5E-02));
#93 = DIRECTION('',(0.,-1.224646799147E-16,-1.));
#94 = DIRECTION('',(1.,0.,0.));
#95 = AXIS2_PLACEMENT_3D('',#96,#97,#98);
#96 = CARTESIAN_POINT('',(29.699892,-28.29991,-8.5E-02));
#97 = DIRECTION('',(-1.224646799147E-16,-1.359631073447E-32,-1.));
#98 = DIRECTION('',(1.110223024625E-16,-1.,0.));
#99 = AXIS2_PLACEMENT_3D('',#100,#101,#102);
#100 = CARTESIAN_POINT('',(27.849892,-31.64991,-8.5E-02));
#101 = DIRECTION('',(0.,-1.224646799147E-16,-1.));
#102 = DIRECTION('',(1.,0.,0.));
#103 = AXIS2_PLACEMENT_3D('',#104,#105,#106);
#104 = CARTESIAN_POINT('',(27.849892,-30.44991,-8.5E-02));
#105 = DIRECTION('',(1.499759782662E-32,1.224646799147E-16,-1.));
#106 = DIRECTION('',(-1.,1.224646799147E-16,0.));
#107 = AXIS2_PLACEMENT_3D('',#108,#109,#110);
#108 = CARTESIAN_POINT('',(29.549892,-26.79991,-8.5E-02));
#109 = DIRECTION('',(0.,-1.224646799147E-16,-1.));
#110 = DIRECTION('',(1.,0.,0.));
#111 = AXIS2_PLACEMENT_3D('',#112,#113,#114);
#112 = CARTESIAN_POINT('',(27.788105,-27.915078,-8.5E-02));
#113 = DIRECTION('',(1.499759782662E-32,1.224646799147E-16,-1.));
#114 = DIRECTION('',(-1.,1.224646799147E-16,0.));
#115 = AXIS2_PLACEMENT_3D('',#116,#117,#118);
#116 = CARTESIAN_POINT('',(32.999892,-28.39991,-8.5E-02));
#117 = DIRECTION('',(-1.224646799147E-16,-1.359631073447E-32,-1.));
#118 = DIRECTION('',(1.110223024625E-16,-1.,0.));
#119 = AXIS2_PLACEMENT_3D('',#120,#121,#122);
#120 = CARTESIAN_POINT('',(27.788105,-28.915078,-8.5E-02));
#121 = DIRECTION('',(1.499759782662E-32,1.224646799147E-16,-1.));
#122 = DIRECTION('',(-1.,1.224646799147E-16,0.));
#123 = AXIS2_PLACEMENT_3D('',#124,#125,#126);
#124 = CARTESIAN_POINT('',(32.399892,-26.59991,-8.5E-02));
#125 = DIRECTION('',(1.499759782662E-32,1.224646799147E-16,-1.));
#126 = DIRECTION('',(-1.,1.224646799147E-16,0.));
#127 = AXIS2_PLACEMENT_3D('',#128,#129,#130);
#128 = CARTESIAN_POINT('',(30.699892,-28.29991,-8.5E-02));
#129 = DIRECTION('',(-1.224646799147E-16,-1.359631073447E-32,-1.));
#130 = DIRECTION('',(1.110223024625E-16,-1.,0.));
#131 = AXIS2_PLACEMENT_3D('',#132,#133,#134);
#132 = CARTESIAN_POINT('',(0.,0.,0.));
#133 = DIRECTION('',(0.,0.,1.));
#134 = DIRECTION('',(1.,0.,-0.));
#135 = ( GEOMETRIC_REPRESENTATION_CONTEXT(3) 
GLOBAL_UNCERTAINTY_ASSIGNED_CONTEXT((#139)) GLOBAL_UNIT_ASSIGNED_CONTEXT
((#136,#137,#138)) REPRESENTATION_CONTEXT('Context #1',
  '3D Context with UNIT and UNCERTAINTY') );
#136 = ( LENGTH_UNIT() NAMED_UNIT(*) SI_UNIT(.MILLI.,.METRE.) );
#137 = ( NAMED_UNIT(*) PLANE_ANGLE_UNIT() SI_UNIT($,.RADIAN.) );
#138 = ( NAMED_UNIT(*) SI_UNIT($,.STERADIAN.) SOLID_ANGLE_UNIT() );
#139 = UNCERTAINTY_MEASURE_WITH_UNIT(LENGTH_MEASURE(1.E-07),#136,
  'distance_accuracy_value','confusion accuracy');
#140 = PRODUCT_RELATED_PRODUCT_CATEGORY('part',$,(#7));
#141 = SHAPE_DEFINITION_REPRESENTATION(#142,#148);
#142 = PRODUCT_DEFINITION_SHAPE('','',#143);
#143 = PRODUCT_DEFINITION('design','',#144,#147);
#144 = PRODUCT_DEFINITION_FORMATION('','',#145);
#145 = PRODUCT('PinHeader_1x01_P1.27mm_Vertical',
  'PinHeader_1x01_P1.27mm_Vertical','',(#146));
#146 = PRODUCT_CONTEXT('',#2,'mechanical');
#147 = PRODUCT_DEFINITION_CONTEXT('part definition',#2,'design');
#148 = ADVANCED_BREP_SHAPE_REPRESENTATION('',(#11,#149),#907);
#149 = MANIFOLD_SOLID_BREP('',#150);
#150 = CLOSED_SHELL('',(#151,#191,#222,#253,#336,#419,#436,#453,#470,
    #487,#499,#530,#554,#578,#595,#626,#650,#674,#691,#722,#746,#770,
    #787,#818,#842,#866,#883,#895));
#151 = ADVANCED_FACE('',(#152),#186,.F.);
#152 = FACE_BOUND('',#153,.F.);
#153 = EDGE_LOOP('',(#154,#164,#172,#180));
#154 = ORIENTED_EDGE('',*,*,#155,.T.);
#155 = EDGE_CURVE('',#156,#158,#160,.T.);
#156 = VERTEX_POINT('',#157);
#157 = CARTESIAN_POINT('',(-0.923,0.635,0.));
#158 = VERTEX_POINT('',#159);
#159 = CARTESIAN_POINT('',(-0.923,0.635,1.));
#160 = LINE('',#161,#162);
#161 = CARTESIAN_POINT('',(-0.923,0.635,0.));
#162 = VECTOR('',#163,1.);
#163 = DIRECTION('',(0.,0.,1.));
#164 = ORIENTED_EDGE('',*,*,#165,.T.);
#165 = EDGE_CURVE('',#158,#166,#168,.T.);
#166 = VERTEX_POINT('',#167);
#167 = CARTESIAN_POINT('',(-1.05,0.508,1.));
#168 = LINE('',#169,#170);
#169 = CARTESIAN_POINT('',(-0.923,0.635,1.));
#170 = VECTOR('',#171,1.);
#171 = DIRECTION('',(-0.707106781187,-0.707106781187,0.));
#172 = ORIENTED_EDGE('',*,*,#173,.F.);
#173 = EDGE_CURVE('',#174,#166,#176,.T.);
#174 = VERTEX_POINT('',#175);
#175 = CARTESIAN_POINT('',(-1.05,0.508,0.));
#176 = LINE('',#177,#178);
#177 = CARTESIAN_POINT('',(-1.05,0.508,0.));
#178 = VECTOR('',#179,1.);
#179 = DIRECTION('',(0.,0.,1.));
#180 = ORIENTED_EDGE('',*,*,#181,.F.);
#181 = EDGE_CURVE('',#156,#174,#182,.T.);
#182 = LINE('',#183,#184);
#183 = CARTESIAN_POINT('',(-0.923,0.635,0.));
#184 = VECTOR('',#185,1.);
#185 = DIRECTION('',(-0.707106781187,-0.707106781187,0.));
#186 = PLANE('',#187);
#187 = AXIS2_PLACEMENT_3D('',#188,#189,#190);
#188 = CARTESIAN_POINT('',(-0.923,0.635,0.));
#189 = DIRECTION('',(0.707106781187,-0.707106781187,0.));
#190 = DIRECTION('',(-0.707106781187,-0.707106781187,0.));
#191 = ADVANCED_FACE('',(#192),#217,.F.);
#192 = FACE_BOUND('',#193,.F.);
#193 = EDGE_LOOP('',(#194,#204,#210,#211));
#194 = ORIENTED_EDGE('',*,*,#195,.T.);
#195 = EDGE_CURVE('',#196,#198,#200,.T.);
#196 = VERTEX_POINT('',#197);
#197 = CARTESIAN_POINT('',(0.923,0.635,0.));
#198 = VERTEX_POINT('',#199);
#199 = CARTESIAN_POINT('',(0.923,0.635,1.));
#200 = LINE('',#201,#202);
#201 = CARTESIAN_POINT('',(0.923,0.635,0.));
#202 = VECTOR('',#203,1.);
#203 = DIRECTION('',(0.,0.,1.));
#204 = ORIENTED_EDGE('',*,*,#205,.T.);
#205 = EDGE_CURVE('',#198,#158,#206,.T.);
#206 = LINE('',#207,#208);
#207 = CARTESIAN_POINT('',(0.923,0.635,1.));
#208 = VECTOR('',#209,1.);
#209 = DIRECTION('',(-1.,0.,0.));
#210 = ORIENTED_EDGE('',*,*,#155,.F.);
#211 = ORIENTED_EDGE('',*,*,#212,.F.);
#212 = EDGE_CURVE('',#196,#156,#213,.T.);
#213 = LINE('',#214,#215);
#214 = CARTESIAN_POINT('',(0.923,0.635,0.));
#215 = VECTOR('',#216,1.);
#216 = DIRECTION('',(-1.,0.,0.));
#217 = PLANE('',#218);
#218 = AXIS2_PLACEMENT_3D('',#219,#220,#221);
#219 = CARTESIAN_POINT('',(0.923,0.635,0.));
#220 = DIRECTION('',(0.,-1.,0.));
#221 = DIRECTION('',(-1.,0.,0.));
#222 = ADVANCED_FACE('',(#223),#248,.F.);
#223 = FACE_BOUND('',#224,.F.);
#224 = EDGE_LOOP('',(#225,#226,#234,#242));
#225 = ORIENTED_EDGE('',*,*,#173,.T.);
#226 = ORIENTED_EDGE('',*,*,#227,.T.);
#227 = EDGE_CURVE('',#166,#228,#230,.T.);
#228 = VERTEX_POINT('',#229);
#229 = CARTESIAN_POINT('',(-1.05,-0.508,1.));
#230 = LINE('',#231,#232);
#231 = CARTESIAN_POINT('',(-1.05,0.508,1.));
#232 = VECTOR('',#233,1.);
#233 = DIRECTION('',(0.,-1.,0.));
#234 = ORIENTED_EDGE('',*,*,#235,.F.);
#235 = EDGE_CURVE('',#236,#228,#238,.T.);
#236 = VERTEX_POINT('',#237);
#237 = CARTESIAN_POINT('',(-1.05,-0.508,0.));
#238 = LINE('',#239,#240);
#239 = CARTESIAN_POINT('',(-1.05,-0.508,0.));
#240 = VECTOR('',#241,1.);
#241 = DIRECTION('',(0.,0.,1.));
#242 = ORIENTED_EDGE('',*,*,#243,.F.);
#243 = EDGE_CURVE('',#174,#236,#244,.T.);
#244 = LINE('',#245,#246);
#245 = CARTESIAN_POINT('',(-1.05,0.508,0.));
#246 = VECTOR('',#247,1.);
#247 = DIRECTION('',(0.,-1.,0.));
#248 = PLANE('',#249);
#249 = AXIS2_PLACEMENT_3D('',#250,#251,#252);
#250 = CARTESIAN_POINT('',(-1.05,0.508,0.));
#251 = DIRECTION('',(1.,0.,0.));
#252 = DIRECTION('',(0.,-1.,0.));
#253 = ADVANCED_FACE('',(#254,#297),#331,.F.);
#254 = FACE_BOUND('',#255,.F.);
#255 = EDGE_LOOP('',(#256,#257,#258,#266,#274,#282,#290,#296));
#256 = ORIENTED_EDGE('',*,*,#181,.T.);
#257 = ORIENTED_EDGE('',*,*,#243,.T.);
#258 = ORIENTED_EDGE('',*,*,#259,.T.);
#259 = EDGE_CURVE('',#236,#260,#262,.T.);
#260 = VERTEX_POINT('',#261);
#261 = CARTESIAN_POINT('',(-0.923,-0.635,0.));
#262 = LINE('',#263,#264);
#263 = CARTESIAN_POINT('',(-1.05,-0.508,0.));
#264 = VECTOR('',#265,1.);
#265 = DIRECTION('',(0.707106781187,-0.707106781187,0.));
#266 = ORIENTED_EDGE('',*,*,#267,.T.);
#267 = EDGE_CURVE('',#260,#268,#270,.T.);
#268 = VERTEX_POINT('',#269);
#269 = CARTESIAN_POINT('',(0.923,-0.635,0.));
#270 = LINE('',#271,#272);
#271 = CARTESIAN_POINT('',(-0.923,-0.635,0.));
#272 = VECTOR('',#273,1.);
#273 = DIRECTION('',(1.,0.,0.));
#274 = ORIENTED_EDGE('',*,*,#275,.T.);
#275 = EDGE_CURVE('',#268,#276,#278,.T.);
#276 = VERTEX_POINT('',#277);
#277 = CARTESIAN_POINT('',(1.05,-0.508,0.));
#278 = LINE('',#279,#280);
#279 = CARTESIAN_POINT('',(0.923,-0.635,0.));
#280 = VECTOR('',#281,1.);
#281 = DIRECTION('',(0.707106781187,0.707106781187,0.));
#282 = ORIENTED_EDGE('',*,*,#283,.T.);
#283 = EDGE_CURVE('',#276,#284,#286,.T.);
#284 = VERTEX_POINT('',#285);
#285 = CARTESIAN_POINT('',(1.05,0.508,0.));
#286 = LINE('',#287,#288);
#287 = CARTESIAN_POINT('',(1.05,-0.508,0.));
#288 = VECTOR('',#289,1.);
#289 = DIRECTION('',(0.,1.,0.));
#290 = ORIENTED_EDGE('',*,*,#291,.T.);
#291 = EDGE_CURVE('',#284,#196,#292,.T.);
#292 = LINE('',#293,#294);
#293 = CARTESIAN_POINT('',(1.05,0.508,0.));
#294 = VECTOR('',#295,1.);
#295 = DIRECTION('',(-0.707106781187,0.707106781187,0.));
#296 = ORIENTED_EDGE('',*,*,#212,.T.);
#297 = FACE_BOUND('',#298,.F.);
#298 = EDGE_LOOP('',(#299,#309,#317,#325));
#299 = ORIENTED_EDGE('',*,*,#300,.T.);
#300 = EDGE_CURVE('',#301,#303,#305,.T.);
#301 = VERTEX_POINT('',#302);
#302 = CARTESIAN_POINT('',(0.2,-0.2,0.));
#303 = VERTEX_POINT('',#304);
#304 = CARTESIAN_POINT('',(-0.2,-0.2,0.));
#305 = LINE('',#306,#307);
#306 = CARTESIAN_POINT('',(-0.1,-0.2,0.));
#307 = VECTOR('',#308,1.);
#308 = DIRECTION('',(-1.,0.,0.));
#309 = ORIENTED_EDGE('',*,*,#310,.T.);
#310 = EDGE_CURVE('',#303,#311,#313,.T.);
#311 = VERTEX_POINT('',#312);
#312 = CARTESIAN_POINT('',(-0.2,0.2,0.));
#313 = LINE('',#314,#315);
#314 = CARTESIAN_POINT('',(-0.2,-0.1,0.));
#315 = VECTOR('',#316,1.);
#316 = DIRECTION('',(0.,1.,0.));
#317 = ORIENTED_EDGE('',*,*,#318,.F.);
#318 = EDGE_CURVE('',#319,#311,#321,.T.);
#319 = VERTEX_POINT('',#320);
#320 = CARTESIAN_POINT('',(0.2,0.2,0.));
#321 = LINE('',#322,#323);
#322 = CARTESIAN_POINT('',(-0.1,0.2,0.));
#323 = VECTOR('',#324,1.);
#324 = DIRECTION('',(-1.,0.,0.));
#325 = ORIENTED_EDGE('',*,*,#326,.F.);
#326 = EDGE_CURVE('',#301,#319,#327,.T.);
#327 = LINE('',#328,#329);
#328 = CARTESIAN_POINT('',(0.2,-0.1,0.));
#329 = VECTOR('',#330,1.);
#330 = DIRECTION('',(0.,1.,0.));
#331 = PLANE('',#332);
#332 = AXIS2_PLACEMENT_3D('',#333,#334,#335);
#333 = CARTESIAN_POINT('',(1.72330108909E-17,0.,0.));
#334 = DIRECTION('',(0.,0.,1.));
#335 = DIRECTION('',(1.,0.,-0.));
#336 = ADVANCED_FACE('',(#337,#380),#414,.T.);
#337 = FACE_BOUND('',#338,.T.);
#338 = EDGE_LOOP('',(#339,#340,#341,#349,#357,#365,#373,#379));
#339 = ORIENTED_EDGE('',*,*,#165,.T.);
#340 = ORIENTED_EDGE('',*,*,#227,.T.);
#341 = ORIENTED_EDGE('',*,*,#342,.T.);
#342 = EDGE_CURVE('',#228,#343,#345,.T.);
#343 = VERTEX_POINT('',#344);
#344 = CARTESIAN_POINT('',(-0.923,-0.635,1.));
#345 = LINE('',#346,#347);
#346 = CARTESIAN_POINT('',(-1.05,-0.508,1.));
#347 = VECTOR('',#348,1.);
#348 = DIRECTION('',(0.707106781187,-0.707106781187,0.));
#349 = ORIENTED_EDGE('',*,*,#350,.T.);
#350 = EDGE_CURVE('',#343,#351,#353,.T.);
#351 = VERTEX_POINT('',#352);
#352 = CARTESIAN_POINT('',(0.923,-0.635,1.));
#353 = LINE('',#354,#355);
#354 = CARTESIAN_POINT('',(-0.923,-0.635,1.));
#355 = VECTOR('',#356,1.);
#356 = DIRECTION('',(1.,0.,0.));
#357 = ORIENTED_EDGE('',*,*,#358,.T.);
#358 = EDGE_CURVE('',#351,#359,#361,.T.);
#359 = VERTEX_POINT('',#360);
#360 = CARTESIAN_POINT('',(1.05,-0.508,1.));
#361 = LINE('',#362,#363);
#362 = CARTESIAN_POINT('',(0.923,-0.635,1.));
#363 = VECTOR('',#364,1.);
#364 = DIRECTION('',(0.707106781187,0.707106781187,0.));
#365 = ORIENTED_EDGE('',*,*,#366,.T.);
#366 = EDGE_CURVE('',#359,#367,#369,.T.);
#367 = VERTEX_POINT('',#368);
#368 = CARTESIAN_POINT('',(1.05,0.508,1.));
#369 = LINE('',#370,#371);
#370 = CARTESIAN_POINT('',(1.05,-0.508,1.));
#371 = VECTOR('',#372,1.);
#372 = DIRECTION('',(0.,1.,0.));
#373 = ORIENTED_EDGE('',*,*,#374,.T.);
#374 = EDGE_CURVE('',#367,#198,#375,.T.);
#375 = LINE('',#376,#377);
#376 = CARTESIAN_POINT('',(1.05,0.508,1.));
#377 = VECTOR('',#378,1.);
#378 = DIRECTION('',(-0.707106781187,0.707106781187,0.));
#379 = ORIENTED_EDGE('',*,*,#205,.T.);
#380 = FACE_BOUND('',#381,.T.);
#381 = EDGE_LOOP('',(#382,#392,#400,#408));
#382 = ORIENTED_EDGE('',*,*,#383,.T.);
#383 = EDGE_CURVE('',#384,#386,#388,.T.);
#384 = VERTEX_POINT('',#385);
#385 = CARTESIAN_POINT('',(0.2,-0.2,1.));
#386 = VERTEX_POINT('',#387);
#387 = CARTESIAN_POINT('',(-0.2,-0.2,1.));
#388 = LINE('',#389,#390);
#389 = CARTESIAN_POINT('',(-0.1,-0.2,1.));
#390 = VECTOR('',#391,1.);
#391 = DIRECTION('',(-1.,0.,0.));
#392 = ORIENTED_EDGE('',*,*,#393,.T.);
#393 = EDGE_CURVE('',#386,#394,#396,.T.);
#394 = VERTEX_POINT('',#395);
#395 = CARTESIAN_POINT('',(-0.2,0.2,1.));
#396 = LINE('',#397,#398);
#397 = CARTESIAN_POINT('',(-0.2,-0.1,1.));
#398 = VECTOR('',#399,1.);
#399 = DIRECTION('',(0.,1.,0.));
#400 = ORIENTED_EDGE('',*,*,#401,.F.);
#401 = EDGE_CURVE('',#402,#394,#404,.T.);
#402 = VERTEX_POINT('',#403);
#403 = CARTESIAN_POINT('',(0.2,0.2,1.));
#404 = LINE('',#405,#406);
#405 = CARTESIAN_POINT('',(-0.1,0.2,1.));
#406 = VECTOR('',#407,1.);
#407 = DIRECTION('',(-1.,0.,0.));
#408 = ORIENTED_EDGE('',*,*,#409,.F.);
#409 = EDGE_CURVE('',#384,#402,#410,.T.);
#410 = LINE('',#411,#412);
#411 = CARTESIAN_POINT('',(0.2,-0.1,1.));
#412 = VECTOR('',#413,1.);
#413 = DIRECTION('',(0.,1.,0.));
#414 = PLANE('',#415);
#415 = AXIS2_PLACEMENT_3D('',#416,#417,#418);
#416 = CARTESIAN_POINT('',(1.72330108909E-17,0.,1.));
#417 = DIRECTION('',(0.,0.,1.));
#418 = DIRECTION('',(1.,0.,-0.));
#419 = ADVANCED_FACE('',(#420),#431,.F.);
#420 = FACE_BOUND('',#421,.F.);
#421 = EDGE_LOOP('',(#422,#428,#429,#430));
#422 = ORIENTED_EDGE('',*,*,#423,.T.);
#423 = EDGE_CURVE('',#284,#367,#424,.T.);
#424 = LINE('',#425,#426);
#425 = CARTESIAN_POINT('',(1.05,0.508,0.));
#426 = VECTOR('',#427,1.);
#427 = DIRECTION('',(0.,0.,1.));
#428 = ORIENTED_EDGE('',*,*,#374,.T.);
#429 = ORIENTED_EDGE('',*,*,#195,.F.);
#430 = ORIENTED_EDGE('',*,*,#291,.F.);
#431 = PLANE('',#432);
#432 = AXIS2_PLACEMENT_3D('',#433,#434,#435);
#433 = CARTESIAN_POINT('',(1.05,0.508,0.));
#434 = DIRECTION('',(-0.707106781187,-0.707106781187,0.));
#435 = DIRECTION('',(-0.707106781187,0.707106781187,0.));
#436 = ADVANCED_FACE('',(#437),#448,.F.);
#437 = FACE_BOUND('',#438,.F.);
#438 = EDGE_LOOP('',(#439,#440,#441,#447));
#439 = ORIENTED_EDGE('',*,*,#235,.T.);
#440 = ORIENTED_EDGE('',*,*,#342,.T.);
#441 = ORIENTED_EDGE('',*,*,#442,.F.);
#442 = EDGE_CURVE('',#260,#343,#443,.T.);
#443 = LINE('',#444,#445);
#444 = CARTESIAN_POINT('',(-0.923,-0.635,0.));
#445 = VECTOR('',#446,1.);
#446 = DIRECTION('',(0.,0.,1.));
#447 = ORIENTED_EDGE('',*,*,#259,.F.);
#448 = PLANE('',#449);
#449 = AXIS2_PLACEMENT_3D('',#450,#451,#452);
#450 = CARTESIAN_POINT('',(-1.05,-0.508,0.));
#451 = DIRECTION('',(0.707106781187,0.707106781187,0.));
#452 = DIRECTION('',(0.707106781187,-0.707106781187,0.));
#453 = ADVANCED_FACE('',(#454),#465,.F.);
#454 = FACE_BOUND('',#455,.F.);
#455 = EDGE_LOOP('',(#456,#462,#463,#464));
#456 = ORIENTED_EDGE('',*,*,#457,.T.);
#457 = EDGE_CURVE('',#276,#359,#458,.T.);
#458 = LINE('',#459,#460);
#459 = CARTESIAN_POINT('',(1.05,-0.508,0.));
#460 = VECTOR('',#461,1.);
#461 = DIRECTION('',(0.,0.,1.));
#462 = ORIENTED_EDGE('',*,*,#366,.T.);
#463 = ORIENTED_EDGE('',*,*,#423,.F.);
#464 = ORIENTED_EDGE('',*,*,#283,.F.);
#465 = PLANE('',#466);
#466 = AXIS2_PLACEMENT_3D('',#467,#468,#469);
#467 = CARTESIAN_POINT('',(1.05,-0.508,0.));
#468 = DIRECTION('',(-1.,0.,0.));
#469 = DIRECTION('',(0.,1.,0.));
#470 = ADVANCED_FACE('',(#471),#482,.F.);
#471 = FACE_BOUND('',#472,.F.);
#472 = EDGE_LOOP('',(#473,#474,#475,#481));
#473 = ORIENTED_EDGE('',*,*,#442,.T.);
#474 = ORIENTED_EDGE('',*,*,#350,.T.);
#475 = ORIENTED_EDGE('',*,*,#476,.F.);
#476 = EDGE_CURVE('',#268,#351,#477,.T.);
#477 = LINE('',#478,#479);
#478 = CARTESIAN_POINT('',(0.923,-0.635,0.));
#479 = VECTOR('',#480,1.);
#480 = DIRECTION('',(0.,0.,1.));
#481 = ORIENTED_EDGE('',*,*,#267,.F.);
#482 = PLANE('',#483);
#483 = AXIS2_PLACEMENT_3D('',#484,#485,#486);
#484 = CARTESIAN_POINT('',(-0.923,-0.635,0.));
#485 = DIRECTION('',(0.,1.,0.));
#486 = DIRECTION('',(1.,0.,0.));
#487 = ADVANCED_FACE('',(#488),#494,.F.);
#488 = FACE_BOUND('',#489,.F.);
#489 = EDGE_LOOP('',(#490,#491,#492,#493));
#490 = ORIENTED_EDGE('',*,*,#476,.T.);
#491 = ORIENTED_EDGE('',*,*,#358,.T.);
#492 = ORIENTED_EDGE('',*,*,#457,.F.);
#493 = ORIENTED_EDGE('',*,*,#275,.F.);
#494 = PLANE('',#495);
#495 = AXIS2_PLACEMENT_3D('',#496,#497,#498);
#496 = CARTESIAN_POINT('',(0.923,-0.635,0.));
#497 = DIRECTION('',(-0.707106781187,0.707106781187,0.));
#498 = DIRECTION('',(0.707106781187,0.707106781187,0.));
#499 = ADVANCED_FACE('',(#500),#525,.F.);
#500 = FACE_BOUND('',#501,.F.);
#501 = EDGE_LOOP('',(#502,#510,#518,#524));
#502 = ORIENTED_EDGE('',*,*,#503,.F.);
#503 = EDGE_CURVE('',#504,#301,#506,.T.);
#504 = VERTEX_POINT('',#505);
#505 = CARTESIAN_POINT('',(0.2,-0.2,-2.2));
#506 = LINE('',#507,#508);
#507 = CARTESIAN_POINT('',(0.2,-0.2,-2.3));
#508 = VECTOR('',#509,1.);
#509 = DIRECTION('',(0.,0.,1.));
#510 = ORIENTED_EDGE('',*,*,#511,.F.);
#511 = EDGE_CURVE('',#512,#504,#514,.T.);
#512 = VERTEX_POINT('',#513);
#513 = CARTESIAN_POINT('',(-0.2,-0.2,-2.2));
#514 = LINE('',#515,#516);
#515 = CARTESIAN_POINT('',(-0.2,-0.2,-2.2));
#516 = VECTOR('',#517,1.);
#517 = DIRECTION('',(1.,0.,0.));
#518 = ORIENTED_EDGE('',*,*,#519,.T.);
#519 = EDGE_CURVE('',#512,#303,#520,.T.);
#520 = LINE('',#521,#522);
#521 = CARTESIAN_POINT('',(-0.2,-0.2,-2.3));
#522 = VECTOR('',#523,1.);
#523 = DIRECTION('',(0.,0.,1.));
#524 = ORIENTED_EDGE('',*,*,#300,.F.);
#525 = PLANE('',#526);
#526 = AXIS2_PLACEMENT_3D('',#527,#528,#529);
#527 = CARTESIAN_POINT('',(-0.2,-0.2,-2.3));
#528 = DIRECTION('',(0.,1.,0.));
#529 = DIRECTION('',(0.,-0.,1.));
#530 = ADVANCED_FACE('',(#531),#549,.T.);
#531 = FACE_BOUND('',#532,.T.);
#532 = EDGE_LOOP('',(#533,#534,#542,#548));
#533 = ORIENTED_EDGE('',*,*,#503,.F.);
#534 = ORIENTED_EDGE('',*,*,#535,.T.);
#535 = EDGE_CURVE('',#504,#536,#538,.T.);
#536 = VERTEX_POINT('',#537);
#537 = CARTESIAN_POINT('',(0.2,0.2,-2.2));
#538 = LINE('',#539,#540);
#539 = CARTESIAN_POINT('',(0.2,-0.2,-2.2));
#540 = VECTOR('',#541,1.);
#541 = DIRECTION('',(0.,1.,0.));
#542 = ORIENTED_EDGE('',*,*,#543,.T.);
#543 = EDGE_CURVE('',#536,#319,#544,.T.);
#544 = LINE('',#545,#546);
#545 = CARTESIAN_POINT('',(0.2,0.2,-2.3));
#546 = VECTOR('',#547,1.);
#547 = DIRECTION('',(0.,0.,1.));
#548 = ORIENTED_EDGE('',*,*,#326,.F.);
#549 = PLANE('',#550);
#550 = AXIS2_PLACEMENT_3D('',#551,#552,#553);
#551 = CARTESIAN_POINT('',(0.2,-0.2,-2.3));
#552 = DIRECTION('',(1.,0.,0.));
#553 = DIRECTION('',(0.,0.,1.));
#554 = ADVANCED_FACE('',(#555),#573,.T.);
#555 = FACE_BOUND('',#556,.T.);
#556 = EDGE_LOOP('',(#557,#558,#566,#572));
#557 = ORIENTED_EDGE('',*,*,#543,.F.);
#558 = ORIENTED_EDGE('',*,*,#559,.F.);
#559 = EDGE_CURVE('',#560,#536,#562,.T.);
#560 = VERTEX_POINT('',#561);
#561 = CARTESIAN_POINT('',(-0.2,0.2,-2.2));
#562 = LINE('',#563,#564);
#563 = CARTESIAN_POINT('',(-0.2,0.2,-2.2));
#564 = VECTOR('',#565,1.);
#565 = DIRECTION('',(1.,0.,0.));
#566 = ORIENTED_EDGE('',*,*,#567,.T.);
#567 = EDGE_CURVE('',#560,#311,#568,.T.);
#568 = LINE('',#569,#570);
#569 = CARTESIAN_POINT('',(-0.2,0.2,-2.3));
#570 = VECTOR('',#571,1.);
#571 = DIRECTION('',(0.,0.,1.));
#572 = ORIENTED_EDGE('',*,*,#318,.F.);
#573 = PLANE('',#574);
#574 = AXIS2_PLACEMENT_3D('',#575,#576,#577);
#575 = CARTESIAN_POINT('',(-0.2,0.2,-2.3));
#576 = DIRECTION('',(0.,1.,0.));
#577 = DIRECTION('',(0.,-0.,1.));
#578 = ADVANCED_FACE('',(#579),#590,.F.);
#579 = FACE_BOUND('',#580,.F.);
#580 = EDGE_LOOP('',(#581,#582,#588,#589));
#581 = ORIENTED_EDGE('',*,*,#519,.F.);
#582 = ORIENTED_EDGE('',*,*,#583,.T.);
#583 = EDGE_CURVE('',#512,#560,#584,.T.);
#584 = LINE('',#585,#586);
#585 = CARTESIAN_POINT('',(-0.2,-0.2,-2.2));
#586 = VECTOR('',#587,1.);
#587 = DIRECTION('',(0.,1.,0.));
#588 = ORIENTED_EDGE('',*,*,#567,.T.);
#589 = ORIENTED_EDGE('',*,*,#310,.F.);
#590 = PLANE('',#591);
#591 = AXIS2_PLACEMENT_3D('',#592,#593,#594);
#592 = CARTESIAN_POINT('',(-0.2,-0.2,-2.3));
#593 = DIRECTION('',(1.,0.,0.));
#594 = DIRECTION('',(0.,0.,1.));
#595 = ADVANCED_FACE('',(#596),#621,.F.);
#596 = FACE_BOUND('',#597,.F.);
#597 = EDGE_LOOP('',(#598,#606,#607,#615));
#598 = ORIENTED_EDGE('',*,*,#599,.F.);
#599 = EDGE_CURVE('',#384,#600,#602,.T.);
#600 = VERTEX_POINT('',#601);
#601 = CARTESIAN_POINT('',(0.2,-0.2,3.9));
#602 = LINE('',#603,#604);
#603 = CARTESIAN_POINT('',(0.2,-0.2,-2.3));
#604 = VECTOR('',#605,1.);
#605 = DIRECTION('',(0.,0.,1.));
#606 = ORIENTED_EDGE('',*,*,#383,.T.);
#607 = ORIENTED_EDGE('',*,*,#608,.T.);
#608 = EDGE_CURVE('',#386,#609,#611,.T.);
#609 = VERTEX_POINT('',#610);
#610 = CARTESIAN_POINT('',(-0.2,-0.2,3.9));
#611 = LINE('',#612,#613);
#612 = CARTESIAN_POINT('',(-0.2,-0.2,-2.3));
#613 = VECTOR('',#614,1.);
#614 = DIRECTION('',(0.,0.,1.));
#615 = ORIENTED_EDGE('',*,*,#616,.T.);
#616 = EDGE_CURVE('',#609,#600,#617,.T.);
#617 = LINE('',#618,#619);
#618 = CARTESIAN_POINT('',(-0.2,-0.2,3.9));
#619 = VECTOR('',#620,1.);
#620 = DIRECTION('',(1.,0.,0.));
#621 = PLANE('',#622);
#622 = AXIS2_PLACEMENT_3D('',#623,#624,#625);
#623 = CARTESIAN_POINT('',(-0.2,-0.2,-2.3));
#624 = DIRECTION('',(0.,1.,0.));
#625 = DIRECTION('',(0.,-0.,1.));
#626 = ADVANCED_FACE('',(#627),#645,.T.);
#627 = FACE_BOUND('',#628,.T.);
#628 = EDGE_LOOP('',(#629,#630,#631,#639));
#629 = ORIENTED_EDGE('',*,*,#599,.F.);
#630 = ORIENTED_EDGE('',*,*,#409,.T.);
#631 = ORIENTED_EDGE('',*,*,#632,.T.);
#632 = EDGE_CURVE('',#402,#633,#635,.T.);
#633 = VERTEX_POINT('',#634);
#634 = CARTESIAN_POINT('',(0.2,0.2,3.9));
#635 = LINE('',#636,#637);
#636 = CARTESIAN_POINT('',(0.2,0.2,-2.3));
#637 = VECTOR('',#638,1.);
#638 = DIRECTION('',(0.,0.,1.));
#639 = ORIENTED_EDGE('',*,*,#640,.F.);
#640 = EDGE_CURVE('',#600,#633,#641,.T.);
#641 = LINE('',#642,#643);
#642 = CARTESIAN_POINT('',(0.2,-0.2,3.9));
#643 = VECTOR('',#644,1.);
#644 = DIRECTION('',(0.,1.,0.));
#645 = PLANE('',#646);
#646 = AXIS2_PLACEMENT_3D('',#647,#648,#649);
#647 = CARTESIAN_POINT('',(0.2,-0.2,-2.3));
#648 = DIRECTION('',(1.,0.,0.));
#649 = DIRECTION('',(0.,0.,1.));
#650 = ADVANCED_FACE('',(#651),#669,.T.);
#651 = FACE_BOUND('',#652,.T.);
#652 = EDGE_LOOP('',(#653,#654,#655,#663));
#653 = ORIENTED_EDGE('',*,*,#632,.F.);
#654 = ORIENTED_EDGE('',*,*,#401,.T.);
#655 = ORIENTED_EDGE('',*,*,#656,.T.);
#656 = EDGE_CURVE('',#394,#657,#659,.T.);
#657 = VERTEX_POINT('',#658);
#658 = CARTESIAN_POINT('',(-0.2,0.2,3.9));
#659 = LINE('',#660,#661);
#660 = CARTESIAN_POINT('',(-0.2,0.2,-2.3));
#661 = VECTOR('',#662,1.);
#662 = DIRECTION('',(0.,0.,1.));
#663 = ORIENTED_EDGE('',*,*,#664,.T.);
#664 = EDGE_CURVE('',#657,#633,#665,.T.);
#665 = LINE('',#666,#667);
#666 = CARTESIAN_POINT('',(-0.2,0.2,3.9));
#667 = VECTOR('',#668,1.);
#668 = DIRECTION('',(1.,0.,0.));
#669 = PLANE('',#670);
#670 = AXIS2_PLACEMENT_3D('',#671,#672,#673);
#671 = CARTESIAN_POINT('',(-0.2,0.2,-2.3));
#672 = DIRECTION('',(0.,1.,0.));
#673 = DIRECTION('',(0.,-0.,1.));
#674 = ADVANCED_FACE('',(#675),#686,.F.);
#675 = FACE_BOUND('',#676,.F.);
#676 = EDGE_LOOP('',(#677,#678,#679,#680));
#677 = ORIENTED_EDGE('',*,*,#608,.F.);
#678 = ORIENTED_EDGE('',*,*,#393,.T.);
#679 = ORIENTED_EDGE('',*,*,#656,.T.);
#680 = ORIENTED_EDGE('',*,*,#681,.F.);
#681 = EDGE_CURVE('',#609,#657,#682,.T.);
#682 = LINE('',#683,#684);
#683 = CARTESIAN_POINT('',(-0.2,-0.2,3.9));
#684 = VECTOR('',#685,1.);
#685 = DIRECTION('',(0.,1.,0.));
#686 = PLANE('',#687);
#687 = AXIS2_PLACEMENT_3D('',#688,#689,#690);
#688 = CARTESIAN_POINT('',(-0.2,-0.2,-2.3));
#689 = DIRECTION('',(1.,0.,0.));
#690 = DIRECTION('',(0.,0.,1.));
#691 = ADVANCED_FACE('',(#692),#717,.T.);
#692 = FACE_BOUND('',#693,.F.);
#693 = EDGE_LOOP('',(#694,#702,#703,#711));
#694 = ORIENTED_EDGE('',*,*,#695,.F.);
#695 = EDGE_CURVE('',#512,#696,#698,.T.);
#696 = VERTEX_POINT('',#697);
#697 = CARTESIAN_POINT('',(-0.1,-0.1,-2.3));
#698 = LINE('',#699,#700);
#699 = CARTESIAN_POINT('',(-0.166666666667,-0.166666666667,
    -2.233333333333));
#700 = VECTOR('',#701,1.);
#701 = DIRECTION('',(0.57735026919,0.57735026919,-0.57735026919));
#702 = ORIENTED_EDGE('',*,*,#511,.T.);
#703 = ORIENTED_EDGE('',*,*,#704,.T.);
#704 = EDGE_CURVE('',#504,#705,#707,.T.);
#705 = VERTEX_POINT('',#706);
#706 = CARTESIAN_POINT('',(0.1,-0.1,-2.3));
#707 = LINE('',#708,#709);
#708 = CARTESIAN_POINT('',(0.1,-0.1,-2.3));
#709 = VECTOR('',#710,1.);
#710 = DIRECTION('',(-0.57735026919,0.57735026919,-0.57735026919));
#711 = ORIENTED_EDGE('',*,*,#712,.F.);
#712 = EDGE_CURVE('',#696,#705,#713,.T.);
#713 = LINE('',#714,#715);
#714 = CARTESIAN_POINT('',(-0.2,-0.1,-2.3));
#715 = VECTOR('',#716,1.);
#716 = DIRECTION('',(1.,0.,0.));
#717 = PLANE('',#718);
#718 = AXIS2_PLACEMENT_3D('',#719,#720,#721);
#719 = CARTESIAN_POINT('',(-0.2,-0.15,-2.25));
#720 = DIRECTION('',(1.734896939651E-18,-0.707106781187,-0.707106781187)
  );
#721 = DIRECTION('',(-1.,-1.226757390687E-18,-1.226757390687E-18));
#722 = ADVANCED_FACE('',(#723),#741,.F.);
#723 = FACE_BOUND('',#724,.F.);
#724 = EDGE_LOOP('',(#725,#726,#727,#735));
#725 = ORIENTED_EDGE('',*,*,#704,.F.);
#726 = ORIENTED_EDGE('',*,*,#535,.T.);
#727 = ORIENTED_EDGE('',*,*,#728,.T.);
#728 = EDGE_CURVE('',#536,#729,#731,.T.);
#729 = VERTEX_POINT('',#730);
#730 = CARTESIAN_POINT('',(0.1,0.1,-2.3));
#731 = LINE('',#732,#733);
#732 = CARTESIAN_POINT('',(3.333333333333E-02,3.333333333333E-02,
    -2.366666666667));
#733 = VECTOR('',#734,1.);
#734 = DIRECTION('',(-0.57735026919,-0.57735026919,-0.57735026919));
#735 = ORIENTED_EDGE('',*,*,#736,.F.);
#736 = EDGE_CURVE('',#705,#729,#737,.T.);
#737 = LINE('',#738,#739);
#738 = CARTESIAN_POINT('',(0.1,-0.2,-2.3));
#739 = VECTOR('',#740,1.);
#740 = DIRECTION('',(0.,1.,0.));
#741 = PLANE('',#742);
#742 = AXIS2_PLACEMENT_3D('',#743,#744,#745);
#743 = CARTESIAN_POINT('',(0.15,-0.2,-2.25));
#744 = DIRECTION('',(-0.707106781187,1.734896939651E-18,0.707106781187)
  );
#745 = DIRECTION('',(1.226757390687E-18,1.,-1.226757390687E-18));
#746 = ADVANCED_FACE('',(#747),#765,.F.);
#747 = FACE_BOUND('',#748,.T.);
#748 = EDGE_LOOP('',(#749,#757,#758,#759));
#749 = ORIENTED_EDGE('',*,*,#750,.F.);
#750 = EDGE_CURVE('',#560,#751,#753,.T.);
#751 = VERTEX_POINT('',#752);
#752 = CARTESIAN_POINT('',(-0.1,0.1,-2.3));
#753 = LINE('',#754,#755);
#754 = CARTESIAN_POINT('',(-0.1,0.1,-2.3));
#755 = VECTOR('',#756,1.);
#756 = DIRECTION('',(0.57735026919,-0.57735026919,-0.57735026919));
#757 = ORIENTED_EDGE('',*,*,#559,.T.);
#758 = ORIENTED_EDGE('',*,*,#728,.T.);
#759 = ORIENTED_EDGE('',*,*,#760,.F.);
#760 = EDGE_CURVE('',#751,#729,#761,.T.);
#761 = LINE('',#762,#763);
#762 = CARTESIAN_POINT('',(-0.2,0.1,-2.3));
#763 = VECTOR('',#764,1.);
#764 = DIRECTION('',(1.,0.,0.));
#765 = PLANE('',#766);
#766 = AXIS2_PLACEMENT_3D('',#767,#768,#769);
#767 = CARTESIAN_POINT('',(-0.2,0.15,-2.25));
#768 = DIRECTION('',(-1.734896939651E-18,-0.707106781187,0.707106781187)
  );
#769 = DIRECTION('',(-1.,1.226757390687E-18,-1.226757390687E-18));
#770 = ADVANCED_FACE('',(#771),#782,.T.);
#771 = FACE_BOUND('',#772,.T.);
#772 = EDGE_LOOP('',(#773,#774,#775,#776));
#773 = ORIENTED_EDGE('',*,*,#695,.F.);
#774 = ORIENTED_EDGE('',*,*,#583,.T.);
#775 = ORIENTED_EDGE('',*,*,#750,.T.);
#776 = ORIENTED_EDGE('',*,*,#777,.F.);
#777 = EDGE_CURVE('',#696,#751,#778,.T.);
#778 = LINE('',#779,#780);
#779 = CARTESIAN_POINT('',(-0.1,-0.2,-2.3));
#780 = VECTOR('',#781,1.);
#781 = DIRECTION('',(0.,1.,0.));
#782 = PLANE('',#783);
#783 = AXIS2_PLACEMENT_3D('',#784,#785,#786);
#784 = CARTESIAN_POINT('',(-0.15,-0.2,-2.25));
#785 = DIRECTION('',(-0.707106781187,-1.734896939651E-18,-0.707106781187
    ));
#786 = DIRECTION('',(-1.226757390687E-18,1.,-1.226757390687E-18));
#787 = ADVANCED_FACE('',(#788),#813,.F.);
#788 = FACE_BOUND('',#789,.T.);
#789 = EDGE_LOOP('',(#790,#798,#799,#807));
#790 = ORIENTED_EDGE('',*,*,#791,.F.);
#791 = EDGE_CURVE('',#609,#792,#794,.T.);
#792 = VERTEX_POINT('',#793);
#793 = CARTESIAN_POINT('',(-0.1,-0.1,4.));
#794 = LINE('',#795,#796);
#795 = CARTESIAN_POINT('',(-0.166666666667,-0.166666666667,
    3.933333333333));
#796 = VECTOR('',#797,1.);
#797 = DIRECTION('',(0.57735026919,0.57735026919,0.57735026919));
#798 = ORIENTED_EDGE('',*,*,#616,.T.);
#799 = ORIENTED_EDGE('',*,*,#800,.T.);
#800 = EDGE_CURVE('',#600,#801,#803,.T.);
#801 = VERTEX_POINT('',#802);
#802 = CARTESIAN_POINT('',(0.1,-0.1,4.));
#803 = LINE('',#804,#805);
#804 = CARTESIAN_POINT('',(0.1,-0.1,4.));
#805 = VECTOR('',#806,1.);
#806 = DIRECTION('',(-0.57735026919,0.57735026919,0.57735026919));
#807 = ORIENTED_EDGE('',*,*,#808,.F.);
#808 = EDGE_CURVE('',#792,#801,#809,.T.);
#809 = LINE('',#810,#811);
#810 = CARTESIAN_POINT('',(-0.2,-0.1,4.));
#811 = VECTOR('',#812,1.);
#812 = DIRECTION('',(1.,0.,0.));
#813 = PLANE('',#814);
#814 = AXIS2_PLACEMENT_3D('',#815,#816,#817);
#815 = CARTESIAN_POINT('',(-0.2,-0.15,3.95));
#816 = DIRECTION('',(-1.734896939651E-18,0.707106781187,-0.707106781187)
  );
#817 = DIRECTION('',(-1.,-1.226757390687E-18,1.226757390687E-18));
#818 = ADVANCED_FACE('',(#819),#837,.T.);
#819 = FACE_BOUND('',#820,.T.);
#820 = EDGE_LOOP('',(#821,#822,#823,#831));
#821 = ORIENTED_EDGE('',*,*,#800,.F.);
#822 = ORIENTED_EDGE('',*,*,#640,.T.);
#823 = ORIENTED_EDGE('',*,*,#824,.T.);
#824 = EDGE_CURVE('',#633,#825,#827,.T.);
#825 = VERTEX_POINT('',#826);
#826 = CARTESIAN_POINT('',(0.1,0.1,4.));
#827 = LINE('',#828,#829);
#828 = CARTESIAN_POINT('',(3.333333333333E-02,3.333333333333E-02,
    4.066666666667));
#829 = VECTOR('',#830,1.);
#830 = DIRECTION('',(-0.57735026919,-0.57735026919,0.57735026919));
#831 = ORIENTED_EDGE('',*,*,#832,.F.);
#832 = EDGE_CURVE('',#801,#825,#833,.T.);
#833 = LINE('',#834,#835);
#834 = CARTESIAN_POINT('',(0.1,-0.2,4.));
#835 = VECTOR('',#836,1.);
#836 = DIRECTION('',(0.,1.,0.));
#837 = PLANE('',#838);
#838 = AXIS2_PLACEMENT_3D('',#839,#840,#841);
#839 = CARTESIAN_POINT('',(0.15,-0.2,3.95));
#840 = DIRECTION('',(0.707106781187,-1.734896939651E-18,0.707106781187)
  );
#841 = DIRECTION('',(1.226757390687E-18,1.,1.226757390687E-18));
#842 = ADVANCED_FACE('',(#843),#861,.T.);
#843 = FACE_BOUND('',#844,.F.);
#844 = EDGE_LOOP('',(#845,#853,#854,#855));
#845 = ORIENTED_EDGE('',*,*,#846,.F.);
#846 = EDGE_CURVE('',#657,#847,#849,.T.);
#847 = VERTEX_POINT('',#848);
#848 = CARTESIAN_POINT('',(-0.1,0.1,4.));
#849 = LINE('',#850,#851);
#850 = CARTESIAN_POINT('',(-0.1,0.1,4.));
#851 = VECTOR('',#852,1.);
#852 = DIRECTION('',(0.57735026919,-0.57735026919,0.57735026919));
#853 = ORIENTED_EDGE('',*,*,#664,.T.);
#854 = ORIENTED_EDGE('',*,*,#824,.T.);
#855 = ORIENTED_EDGE('',*,*,#856,.F.);
#856 = EDGE_CURVE('',#847,#825,#857,.T.);
#857 = LINE('',#858,#859);
#858 = CARTESIAN_POINT('',(-0.2,0.1,4.));
#859 = VECTOR('',#860,1.);
#860 = DIRECTION('',(1.,0.,0.));
#861 = PLANE('',#862);
#862 = AXIS2_PLACEMENT_3D('',#863,#864,#865);
#863 = CARTESIAN_POINT('',(-0.2,0.15,3.95));
#864 = DIRECTION('',(1.734896939651E-18,0.707106781187,0.707106781187));
#865 = DIRECTION('',(-1.,1.226757390687E-18,1.226757390687E-18));
#866 = ADVANCED_FACE('',(#867),#878,.F.);
#867 = FACE_BOUND('',#868,.F.);
#868 = EDGE_LOOP('',(#869,#870,#871,#872));
#869 = ORIENTED_EDGE('',*,*,#791,.F.);
#870 = ORIENTED_EDGE('',*,*,#681,.T.);
#871 = ORIENTED_EDGE('',*,*,#846,.T.);
#872 = ORIENTED_EDGE('',*,*,#873,.F.);
#873 = EDGE_CURVE('',#792,#847,#874,.T.);
#874 = LINE('',#875,#876);
#875 = CARTESIAN_POINT('',(-0.1,-0.2,4.));
#876 = VECTOR('',#877,1.);
#877 = DIRECTION('',(0.,1.,0.));
#878 = PLANE('',#879);
#879 = AXIS2_PLACEMENT_3D('',#880,#881,#882);
#880 = CARTESIAN_POINT('',(-0.15,-0.2,3.95));
#881 = DIRECTION('',(0.707106781187,1.734896939651E-18,-0.707106781187)
  );
#882 = DIRECTION('',(-1.226757390687E-18,1.,1.226757390687E-18));
#883 = ADVANCED_FACE('',(#884),#890,.F.);
#884 = FACE_BOUND('',#885,.F.);
#885 = EDGE_LOOP('',(#886,#887,#888,#889));
#886 = ORIENTED_EDGE('',*,*,#777,.F.);
#887 = ORIENTED_EDGE('',*,*,#712,.T.);
#888 = ORIENTED_EDGE('',*,*,#736,.T.);
#889 = ORIENTED_EDGE('',*,*,#760,.F.);
#890 = PLANE('',#891);
#891 = AXIS2_PLACEMENT_3D('',#892,#893,#894);
#892 = CARTESIAN_POINT('',(-0.2,-0.2,-2.3));
#893 = DIRECTION('',(0.,0.,1.));
#894 = DIRECTION('',(1.,0.,-0.));
#895 = ADVANCED_FACE('',(#896),#902,.T.);
#896 = FACE_BOUND('',#897,.T.);
#897 = EDGE_LOOP('',(#898,#899,#900,#901));
#898 = ORIENTED_EDGE('',*,*,#808,.T.);
#899 = ORIENTED_EDGE('',*,*,#832,.T.);
#900 = ORIENTED_EDGE('',*,*,#856,.F.);
#901 = ORIENTED_EDGE('',*,*,#873,.F.);
#902 = PLANE('',#903);
#903 = AXIS2_PLACEMENT_3D('',#904,#905,#906);
#904 = CARTESIAN_POINT('',(-0.2,-0.2,4.));
#905 = DIRECTION('',(0.,0.,1.));
#906 = DIRECTION('',(1.,0.,-0.));
#907 = ( GEOMETRIC_REPRESENTATION_CONTEXT(3) 
GLOBAL_UNCERTAINTY_ASSIGNED_CONTEXT((#911)) GLOBAL_UNIT_ASSIGNED_CONTEXT
((#908,#909,#910)) REPRESENTATION_CONTEXT('Context #1',
  '3D Context with UNIT and UNCERTAINTY') );
#908 = ( LENGTH_UNIT() NAMED_UNIT(*) SI_UNIT(.MILLI.,.METRE.) );
#909 = ( NAMED_UNIT(*) PLANE_ANGLE_UNIT() SI_UNIT($,.RADIAN.) );
#910 = ( NAMED_UNIT(*) SI_UNIT($,.STERADIAN.) SOLID_ANGLE_UNIT() );
#911 = UNCERTAINTY_MEASURE_WITH_UNIT(LENGTH_MEASURE(1.E-07),#908,
  'distance_accuracy_value','confusion accuracy');
#912 = CONTEXT_DEPENDENT_SHAPE_REPRESENTATION(#913,#915);
#913 = ( REPRESENTATION_RELATIONSHIP('','',#148,#10) 
REPRESENTATION_RELATIONSHIP_WITH_TRANSFORMATION(#914) 
SHAPE_REPRESENTATION_RELATIONSHIP() );
#914 = ITEM_DEFINED_TRANSFORMATION('','',#11,#15);
#915 = PRODUCT_DEFINITION_SHAPE('Placement','Placement of an item',#916
  );
#916 = NEXT_ASSEMBLY_USAGE_OCCURRENCE('298','J1','',#5,#143,$);
#917 = PRODUCT_RELATED_PRODUCT_CATEGORY('part',$,(#145));
#918 = SHAPE_DEFINITION_REPRESENTATION(#919,#925);
#919 = PRODUCT_DEFINITION_SHAPE('','',#920);
#920 = PRODUCT_DEFINITION('design','',#921,#924);
#921 = PRODUCT_DEFINITION_FORMATION('','',#922);
#922 = PRODUCT('SW-SMD_L3.9-W2.9-H2.0-LS4.8',
  'SW-SMD_L3.9-W2.9-H2.0-LS4.8','',(#923));
#923 = PRODUCT_CONTEXT('',#2,'mechanical');
#924 = PRODUCT_DEFINITION_CONTEXT('part definition',#2,'design');
#925 = SHAPE_REPRESENTATION('',(#11),#926);
#926 = ( GEOMETRIC_REPRESENTATION_CONTEXT(3) 
GLOBAL_UNCERTAINTY_ASSIGNED_CONTEXT((#930)) GLOBAL_UNIT_ASSIGNED_CONTEXT
((#927,#928,#929)) REPRESENTATION_CONTEXT('Context #1',
  '3D Context with UNIT and UNCERTAINTY') );
#927 = ( LENGTH_UNIT() NAMED_UNIT(*) SI_UNIT(.MILLI.,.METRE.) );
#928 = ( NAMED_UNIT(*) PLANE_ANGLE_UNIT() SI_UNIT($,.RADIAN.) );
#929 = ( NAMED_UNIT(*) SI_UNIT($,.STERADIAN.) SOLID_ANGLE_UNIT() );
#930 = UNCERTAINTY_MEASURE_WITH_UNIT(LENGTH_MEASURE(1.E-07),#927,
  'distance_accuracy_value','confusion accuracy');
#931 = CONTEXT_DEPENDENT_SHAPE_REPRESENTATION(#932,#934);
#932 = ( REPRESENTATION_RELATIONSHIP('','',#925,#10) 
REPRESENTATION_RELATIONSHIP_WITH_TRANSFORMATION(#933) 
SHAPE_REPRESENTATION_RELATIONSHIP() );
#933 = ITEM_DEFINED_TRANSFORMATION('','',#11,#19);
#934 = PRODUCT_DEFINITION_SHAPE('Placement','Placement of an item',#935
  );
#935 = NEXT_ASSEMBLY_USAGE_OCCURRENCE('299','SW1','',#5,#920,$);
#936 = PRODUCT_RELATED_PRODUCT_CATEGORY('part',$,(#922));
#937 = CONTEXT_DEPENDENT_SHAPE_REPRESENTATION(#938,#940);
#938 = ( REPRESENTATION_RELATIONSHIP('','',#148,#10) 
REPRESENTATION_RELATIONSHIP_WITH_TRANSFORMATION(#939) 
SHAPE_REPRESENTATION_RELATIONSHIP() );
#939 = ITEM_DEFINED_TRANSFORMATION('','',#11,#23);
#940 = PRODUCT_DEFINITION_SHAPE('Placement','Placement of an item',#941
  );
#941 = NEXT_ASSEMBLY_USAGE_OCCURRENCE('300','J5','',#5,#143,$);
#942 = SHAPE_DEFINITION_REPRESENTATION(#943,#949);
#943 = PRODUCT_DEFINITION_SHAPE('','',#944);
#944 = PRODUCT_DEFINITION('design','',#945,#948);
#945 = PRODUCT_DEFINITION_FORMATION('','',#946);
#946 = PRODUCT('NFBGA-64_L8.0-W8.0-R8-C8-P0.80-TL',
  'NFBGA-64_L8.0-W8.0-R8-C8-P0.80-TL','',(#947));
#947 = PRODUCT_CONTEXT('',#2,'mechanical');
#948 = PRODUCT_DEFINITION_CONTEXT('part definition',#2,'design');
#949 = SHAPE_REPRESENTATION('',(#11),#950);
#950 = ( GEOMETRIC_REPRESENTATION_CONTEXT(3) 
GLOBAL_UNCERTAINTY_ASSIGNED_CONTEXT((#954)) GLOBAL_UNIT_ASSIGNED_CONTEXT
((#951,#952,#953)) REPRESENTATION_CONTEXT('Context #1',
  '3D Context with UNIT and UNCERTAINTY') );
#951 = ( LENGTH_UNIT() NAMED_UNIT(*) SI_UNIT(.MILLI.,.METRE.) );
#952 = ( NAMED_UNIT(*) PLANE_ANGLE_UNIT() SI_UNIT($,.RADIAN.) );
#953 = ( NAMED_UNIT(*) SI_UNIT($,.STERADIAN.) SOLID_ANGLE_UNIT() );
#954 = UNCERTAINTY_MEASURE_WITH_UNIT(LENGTH_MEASURE(1.E-07),#951,
  'distance_accuracy_value','confusion accuracy');
#955 = CONTEXT_DEPENDENT_SHAPE_REPRESENTATION(#956,#958);
#956 = ( REPRESENTATION_RELATIONSHIP('','',#949,#10) 
REPRESENTATION_RELATIONSHIP_WITH_TRANSFORMATION(#957) 
SHAPE_REPRESENTATION_RELATIONSHIP() );
#957 = ITEM_DEFINED_TRANSFORMATION('','',#11,#27);
#958 = PRODUCT_DEFINITION_SHAPE('Placement','Placement of an item',#959
  );
#959 = NEXT_ASSEMBLY_USAGE_OCCURRENCE('301','U2','',#5,#944,$);
#960 = PRODUCT_RELATED_PRODUCT_CATEGORY('part',$,(#946));
#961 = CONTEXT_DEPENDENT_SHAPE_REPRESENTATION(#962,#964);
#962 = ( REPRESENTATION_RELATIONSHIP('','',#148,#10) 
REPRESENTATION_RELATIONSHIP_WITH_TRANSFORMATION(#963) 
SHAPE_REPRESENTATION_RELATIONSHIP() );
#963 = ITEM_DEFINED_TRANSFORMATION('','',#11,#31);
#964 = PRODUCT_DEFINITION_SHAPE('Placement','Placement of an item',#965
  );
#965 = NEXT_ASSEMBLY_USAGE_OCCURRENCE('302','J4','',#5,#143,$);
#966 = SHAPE_DEFINITION_REPRESENTATION(#967,#973);
#967 = PRODUCT_DEFINITION_SHAPE('','',#968);
#968 = PRODUCT_DEFINITION('design','',#969,#972);
#969 = PRODUCT_DEFINITION_FORMATION('','',#970);
#970 = PRODUCT('C_0402_1005Metric','C_0402_1005Metric','',(#971));
#971 = PRODUCT_CONTEXT('',#2,'mechanical');
#972 = PRODUCT_DEFINITION_CONTEXT('part definition',#2,'design');
#973 = ADVANCED_BREP_SHAPE_REPRESENTATION('',(#11,#974),#1828);
#974 = MANIFOLD_SOLID_BREP('',#975);
#975 = CLOSED_SHELL('',(#976,#1052,#1083,#1108,#1133,#1157,#1181,#1206,
    #1231,#1248,#1334,#1366,#1390,#1415,#1439,#1464,#1488,#1513,#1530,
    #1616,#1647,#1672,#1697,#1721,#1745,#1770,#1795,#1812));
#976 = ADVANCED_FACE('',(#977),#1047,.F.);
#977 = FACE_BOUND('',#978,.F.);
#978 = EDGE_LOOP('',(#979,#989,#998,#1006,#1015,#1023,#1032,#1040));
#979 = ORIENTED_EDGE('',*,*,#980,.F.);
#980 = EDGE_CURVE('',#981,#983,#985,.T.);
#981 = VERTEX_POINT('',#982);
#982 = CARTESIAN_POINT('',(-0.5,-0.25,2.E-02));
#983 = VERTEX_POINT('',#984);
#984 = CARTESIAN_POINT('',(-0.5,-0.25,0.48));
#985 = LINE('',#986,#987);
#986 = CARTESIAN_POINT('',(-0.5,-0.25,0.));
#987 = VECTOR('',#988,1.);
#988 = DIRECTION('',(0.,0.,1.));
#989 = ORIENTED_EDGE('',*,*,#990,.T.);
#990 = EDGE_CURVE('',#981,#991,#993,.T.);
#991 = VERTEX_POINT('',#992);
#992 = CARTESIAN_POINT('',(-0.5,-0.23,0.));
#993 = CIRCLE('',#994,2.E-02);
#994 = AXIS2_PLACEMENT_3D('',#995,#996,#997);
#995 = CARTESIAN_POINT('',(-0.5,-0.23,2.E-02));
#996 = DIRECTION('',(1.,0.,-0.));
#997 = DIRECTION('',(0.,0.,1.));
#998 = ORIENTED_EDGE('',*,*,#999,.T.);
#999 = EDGE_CURVE('',#991,#1000,#1002,.T.);
#1000 = VERTEX_POINT('',#1001);
#1001 = CARTESIAN_POINT('',(-0.5,0.23,0.));
#1002 = LINE('',#1003,#1004);
#1003 = CARTESIAN_POINT('',(-0.5,-0.25,0.));
#1004 = VECTOR('',#1005,1.);
#1005 = DIRECTION('',(0.,1.,0.));
#1006 = ORIENTED_EDGE('',*,*,#1007,.F.);
#1007 = EDGE_CURVE('',#1008,#1000,#1010,.T.);
#1008 = VERTEX_POINT('',#1009);
#1009 = CARTESIAN_POINT('',(-0.5,0.25,2.E-02));
#1010 = CIRCLE('',#1011,2.E-02);
#1011 = AXIS2_PLACEMENT_3D('',#1012,#1013,#1014);
#1012 = CARTESIAN_POINT('',(-0.5,0.23,2.E-02));
#1013 = DIRECTION('',(-1.,0.,0.));
#1014 = DIRECTION('',(0.,0.,1.));
#1015 = ORIENTED_EDGE('',*,*,#1016,.T.);
#1016 = EDGE_CURVE('',#1008,#1017,#1019,.T.);
#1017 = VERTEX_POINT('',#1018);
#1018 = CARTESIAN_POINT('',(-0.5,0.25,0.48));
#1019 = LINE('',#1020,#1021);
#1020 = CARTESIAN_POINT('',(-0.5,0.25,0.));
#1021 = VECTOR('',#1022,1.);
#1022 = DIRECTION('',(0.,0.,1.));
#1023 = ORIENTED_EDGE('',*,*,#1024,.T.);
#1024 = EDGE_CURVE('',#1017,#1025,#1027,.T.);
#1025 = VERTEX_POINT('',#1026);
#1026 = CARTESIAN_POINT('',(-0.5,0.23,0.5));
#1027 = CIRCLE('',#1028,2.E-02);
#1028 = AXIS2_PLACEMENT_3D('',#1029,#1030,#1031);
#1029 = CARTESIAN_POINT('',(-0.5,0.23,0.48));
#1030 = DIRECTION('',(1.,0.,-0.));
#1031 = DIRECTION('',(0.,0.,1.));
#1032 = ORIENTED_EDGE('',*,*,#1033,.F.);
#1033 = EDGE_CURVE('',#1034,#1025,#1036,.T.);
#1034 = VERTEX_POINT('',#1035);
#1035 = CARTESIAN_POINT('',(-0.5,-0.23,0.5));
#1036 = LINE('',#1037,#1038);
#1037 = CARTESIAN_POINT('',(-0.5,-0.25,0.5));
#1038 = VECTOR('',#1039,1.);
#1039 = DIRECTION('',(0.,1.,0.));
#1040 = ORIENTED_EDGE('',*,*,#1041,.F.);
#1041 = EDGE_CURVE('',#983,#1034,#1042,.T.);
#1042 = CIRCLE('',#1043,2.E-02);
#1043 = AXIS2_PLACEMENT_3D('',#1044,#1045,#1046);
#1044 = CARTESIAN_POINT('',(-0.5,-0.23,0.48));
#1045 = DIRECTION('',(-1.,0.,0.));
#1046 = DIRECTION('',(0.,0.,1.));
#1047 = PLANE('',#1048);
#1048 = AXIS2_PLACEMENT_3D('',#1049,#1050,#1051);
#1049 = CARTESIAN_POINT('',(-0.5,-0.25,0.));
#1050 = DIRECTION('',(1.,0.,0.));
#1051 = DIRECTION('',(0.,0.,1.));
#1052 = ADVANCED_FACE('',(#1053),#1078,.F.);
#1053 = FACE_BOUND('',#1054,.F.);
#1054 = EDGE_LOOP('',(#1055,#1065,#1071,#1072));
#1055 = ORIENTED_EDGE('',*,*,#1056,.F.);
#1056 = EDGE_CURVE('',#1057,#1059,#1061,.T.);
#1057 = VERTEX_POINT('',#1058);
#1058 = CARTESIAN_POINT('',(-0.3,-0.25,2.E-02));
#1059 = VERTEX_POINT('',#1060);
#1060 = CARTESIAN_POINT('',(-0.3,-0.25,0.48));
#1061 = LINE('',#1062,#1063);
#1062 = CARTESIAN_POINT('',(-0.3,-0.25,0.));
#1063 = VECTOR('',#1064,1.);
#1064 = DIRECTION('',(0.,0.,1.));
#1065 = ORIENTED_EDGE('',*,*,#1066,.F.);
#1066 = EDGE_CURVE('',#981,#1057,#1067,.T.);
#1067 = LINE('',#1068,#1069);
#1068 = CARTESIAN_POINT('',(-0.5,-0.25,2.E-02));
#1069 = VECTOR('',#1070,1.);
#1070 = DIRECTION('',(1.,0.,0.));
#1071 = ORIENTED_EDGE('',*,*,#980,.T.);
#1072 = ORIENTED_EDGE('',*,*,#1073,.T.);
#1073 = EDGE_CURVE('',#983,#1059,#1074,.T.);
#1074 = LINE('',#1075,#1076);
#1075 = CARTESIAN_POINT('',(-0.5,-0.25,0.48));
#1076 = VECTOR('',#1077,1.);
#1077 = DIRECTION('',(1.,0.,0.));
#1078 = PLANE('',#1079);
#1079 = AXIS2_PLACEMENT_3D('',#1080,#1081,#1082);
#1080 = CARTESIAN_POINT('',(-0.5,-0.25,0.));
#1081 = DIRECTION('',(0.,1.,0.));
#1082 = DIRECTION('',(0.,-0.,1.));
#1083 = ADVANCED_FACE('',(#1084),#1103,.T.);
#1084 = FACE_BOUND('',#1085,.T.);
#1085 = EDGE_LOOP('',(#1086,#1087,#1095,#1102));
#1086 = ORIENTED_EDGE('',*,*,#990,.T.);
#1087 = ORIENTED_EDGE('',*,*,#1088,.T.);
#1088 = EDGE_CURVE('',#991,#1089,#1091,.T.);
#1089 = VERTEX_POINT('',#1090);
#1090 = CARTESIAN_POINT('',(-0.3,-0.23,0.));
#1091 = LINE('',#1092,#1093);
#1092 = CARTESIAN_POINT('',(-0.5,-0.23,0.));
#1093 = VECTOR('',#1094,1.);
#1094 = DIRECTION('',(1.,0.,0.));
#1095 = ORIENTED_EDGE('',*,*,#1096,.F.);
#1096 = EDGE_CURVE('',#1057,#1089,#1097,.T.);
#1097 = CIRCLE('',#1098,2.E-02);
#1098 = AXIS2_PLACEMENT_3D('',#1099,#1100,#1101);
#1099 = CARTESIAN_POINT('',(-0.3,-0.23,2.E-02));
#1100 = DIRECTION('',(1.,0.,-0.));
#1101 = DIRECTION('',(0.,0.,1.));
#1102 = ORIENTED_EDGE('',*,*,#1066,.F.);
#1103 = CYLINDRICAL_SURFACE('',#1104,2.E-02);
#1104 = AXIS2_PLACEMENT_3D('',#1105,#1106,#1107);
#1105 = CARTESIAN_POINT('',(-0.5,-0.23,2.E-02));
#1106 = DIRECTION('',(1.,0.,0.));
#1107 = DIRECTION('',(0.,-1.,0.));
#1108 = ADVANCED_FACE('',(#1109),#1128,.T.);
#1109 = FACE_BOUND('',#1110,.T.);
#1110 = EDGE_LOOP('',(#1111,#1112,#1121,#1127));
#1111 = ORIENTED_EDGE('',*,*,#1073,.T.);
#1112 = ORIENTED_EDGE('',*,*,#1113,.T.);
#1113 = EDGE_CURVE('',#1059,#1114,#1116,.T.);
#1114 = VERTEX_POINT('',#1115);
#1115 = CARTESIAN_POINT('',(-0.3,-0.23,0.5));
#1116 = CIRCLE('',#1117,2.E-02);
#1117 = AXIS2_PLACEMENT_3D('',#1118,#1119,#1120);
#1118 = CARTESIAN_POINT('',(-0.3,-0.23,0.48));
#1119 = DIRECTION('',(-1.,0.,0.));
#1120 = DIRECTION('',(0.,0.,1.));
#1121 = ORIENTED_EDGE('',*,*,#1122,.F.);
#1122 = EDGE_CURVE('',#1034,#1114,#1123,.T.);
#1123 = LINE('',#1124,#1125);
#1124 = CARTESIAN_POINT('',(-0.5,-0.23,0.5));
#1125 = VECTOR('',#1126,1.);
#1126 = DIRECTION('',(1.,0.,0.));
#1127 = ORIENTED_EDGE('',*,*,#1041,.F.);
#1128 = CYLINDRICAL_SURFACE('',#1129,2.E-02);
#1129 = AXIS2_PLACEMENT_3D('',#1130,#1131,#1132);
#1130 = CARTESIAN_POINT('',(-0.5,-0.23,0.48));
#1131 = DIRECTION('',(1.,0.,0.));
#1132 = DIRECTION('',(0.,-1.,0.));
#1133 = ADVANCED_FACE('',(#1134),#1152,.F.);
#1134 = FACE_BOUND('',#1135,.F.);
#1135 = EDGE_LOOP('',(#1136,#1137,#1138,#1146));
#1136 = ORIENTED_EDGE('',*,*,#999,.F.);
#1137 = ORIENTED_EDGE('',*,*,#1088,.T.);
#1138 = ORIENTED_EDGE('',*,*,#1139,.T.);
#1139 = EDGE_CURVE('',#1089,#1140,#1142,.T.);
#1140 = VERTEX_POINT('',#1141);
#1141 = CARTESIAN_POINT('',(-0.3,0.23,0.));
#1142 = LINE('',#1143,#1144);
#1143 = CARTESIAN_POINT('',(-0.3,-0.25,0.));
#1144 = VECTOR('',#1145,1.);
#1145 = DIRECTION('',(0.,1.,0.));
#1146 = ORIENTED_EDGE('',*,*,#1147,.F.);
#1147 = EDGE_CURVE('',#1000,#1140,#1148,.T.);
#1148 = LINE('',#1149,#1150);
#1149 = CARTESIAN_POINT('',(-0.5,0.23,0.));
#1150 = VECTOR('',#1151,1.);
#1151 = DIRECTION('',(1.,0.,0.));
#1152 = PLANE('',#1153);
#1153 = AXIS2_PLACEMENT_3D('',#1154,#1155,#1156);
#1154 = CARTESIAN_POINT('',(-0.5,-0.25,0.));
#1155 = DIRECTION('',(0.,0.,1.));
#1156 = DIRECTION('',(1.,0.,-0.));
#1157 = ADVANCED_FACE('',(#1158),#1176,.T.);
#1158 = FACE_BOUND('',#1159,.T.);
#1159 = EDGE_LOOP('',(#1160,#1161,#1162,#1170));
#1160 = ORIENTED_EDGE('',*,*,#1033,.F.);
#1161 = ORIENTED_EDGE('',*,*,#1122,.T.);
#1162 = ORIENTED_EDGE('',*,*,#1163,.T.);
#1163 = EDGE_CURVE('',#1114,#1164,#1166,.T.);
#1164 = VERTEX_POINT('',#1165);
#1165 = CARTESIAN_POINT('',(-0.3,0.23,0.5));
#1166 = LINE('',#1167,#1168);
#1167 = CARTESIAN_POINT('',(-0.3,-0.25,0.5));
#1168 = VECTOR('',#1169,1.);
#1169 = DIRECTION('',(0.,1.,0.));
#1170 = ORIENTED_EDGE('',*,*,#1171,.F.);
#1171 = EDGE_CURVE('',#1025,#1164,#1172,.T.);
#1172 = LINE('',#1173,#1174);
#1173 = CARTESIAN_POINT('',(-0.5,0.23,0.5));
#1174 = VECTOR('',#1175,1.);
#1175 = DIRECTION('',(1.,0.,0.));
#1176 = PLANE('',#1177);
#1177 = AXIS2_PLACEMENT_3D('',#1178,#1179,#1180);
#1178 = CARTESIAN_POINT('',(-0.5,-0.25,0.5));
#1179 = DIRECTION('',(0.,0.,1.));
#1180 = DIRECTION('',(1.,0.,-0.));
#1181 = ADVANCED_FACE('',(#1182),#1201,.T.);
#1182 = FACE_BOUND('',#1183,.T.);
#1183 = EDGE_LOOP('',(#1184,#1192,#1199,#1200));
#1184 = ORIENTED_EDGE('',*,*,#1185,.T.);
#1185 = EDGE_CURVE('',#1008,#1186,#1188,.T.);
#1186 = VERTEX_POINT('',#1187);
#1187 = CARTESIAN_POINT('',(-0.3,0.25,2.E-02));
#1188 = LINE('',#1189,#1190);
#1189 = CARTESIAN_POINT('',(-0.5,0.25,2.E-02));
#1190 = VECTOR('',#1191,1.);
#1191 = DIRECTION('',(1.,0.,0.));
#1192 = ORIENTED_EDGE('',*,*,#1193,.T.);
#1193 = EDGE_CURVE('',#1186,#1140,#1194,.T.);
#1194 = CIRCLE('',#1195,2.E-02);
#1195 = AXIS2_PLACEMENT_3D('',#1196,#1197,#1198);
#1196 = CARTESIAN_POINT('',(-0.3,0.23,2.E-02));
#1197 = DIRECTION('',(-1.,0.,0.));
#1198 = DIRECTION('',(0.,0.,1.));
#1199 = ORIENTED_EDGE('',*,*,#1147,.F.);
#1200 = ORIENTED_EDGE('',*,*,#1007,.F.);
#1201 = CYLINDRICAL_SURFACE('',#1202,2.E-02);
#1202 = AXIS2_PLACEMENT_3D('',#1203,#1204,#1205);
#1203 = CARTESIAN_POINT('',(-0.5,0.23,2.E-02));
#1204 = DIRECTION('',(1.,0.,0.));
#1205 = DIRECTION('',(-0.,1.,0.));
#1206 = ADVANCED_FACE('',(#1207),#1226,.T.);
#1207 = FACE_BOUND('',#1208,.T.);
#1208 = EDGE_LOOP('',(#1209,#1210,#1211,#1220));
#1209 = ORIENTED_EDGE('',*,*,#1024,.T.);
#1210 = ORIENTED_EDGE('',*,*,#1171,.T.);
#1211 = ORIENTED_EDGE('',*,*,#1212,.F.);
#1212 = EDGE_CURVE('',#1213,#1164,#1215,.T.);
#1213 = VERTEX_POINT('',#1214);
#1214 = CARTESIAN_POINT('',(-0.3,0.25,0.48));
#1215 = CIRCLE('',#1216,2.E-02);
#1216 = AXIS2_PLACEMENT_3D('',#1217,#1218,#1219);
#1217 = CARTESIAN_POINT('',(-0.3,0.23,0.48));
#1218 = DIRECTION('',(1.,0.,-0.));
#1219 = DIRECTION('',(0.,0.,1.));
#1220 = ORIENTED_EDGE('',*,*,#1221,.F.);
#1221 = EDGE_CURVE('',#1017,#1213,#1222,.T.);
#1222 = LINE('',#1223,#1224);
#1223 = CARTESIAN_POINT('',(-0.5,0.25,0.48));
#1224 = VECTOR('',#1225,1.);
#1225 = DIRECTION('',(1.,0.,0.));
#1226 = CYLINDRICAL_SURFACE('',#1227,2.E-02);
#1227 = AXIS2_PLACEMENT_3D('',#1228,#1229,#1230);
#1228 = CARTESIAN_POINT('',(-0.5,0.23,0.48));
#1229 = DIRECTION('',(1.,0.,0.));
#1230 = DIRECTION('',(-0.,1.,0.));
#1231 = ADVANCED_FACE('',(#1232),#1243,.T.);
#1232 = FACE_BOUND('',#1233,.T.);
#1233 = EDGE_LOOP('',(#1234,#1240,#1241,#1242));
#1234 = ORIENTED_EDGE('',*,*,#1235,.F.);
#1235 = EDGE_CURVE('',#1186,#1213,#1236,.T.);
#1236 = LINE('',#1237,#1238);
#1237 = CARTESIAN_POINT('',(-0.3,0.25,0.));
#1238 = VECTOR('',#1239,1.);
#1239 = DIRECTION('',(0.,0.,1.));
#1240 = ORIENTED_EDGE('',*,*,#1185,.F.);
#1241 = ORIENTED_EDGE('',*,*,#1016,.T.);
#1242 = ORIENTED_EDGE('',*,*,#1221,.T.);
#1243 = PLANE('',#1244);
#1244 = AXIS2_PLACEMENT_3D('',#1245,#1246,#1247);
#1245 = CARTESIAN_POINT('',(-0.5,0.25,0.));
#1246 = DIRECTION('',(0.,1.,0.));
#1247 = DIRECTION('',(0.,-0.,1.));
#1248 = ADVANCED_FACE('',(#1249,#1259),#1329,.T.);
#1249 = FACE_BOUND('',#1250,.T.);
#1250 = EDGE_LOOP('',(#1251,#1252,#1253,#1254,#1255,#1256,#1257,#1258));
#1251 = ORIENTED_EDGE('',*,*,#1056,.F.);
#1252 = ORIENTED_EDGE('',*,*,#1096,.T.);
#1253 = ORIENTED_EDGE('',*,*,#1139,.T.);
#1254 = ORIENTED_EDGE('',*,*,#1193,.F.);
#1255 = ORIENTED_EDGE('',*,*,#1235,.T.);
#1256 = ORIENTED_EDGE('',*,*,#1212,.T.);
#1257 = ORIENTED_EDGE('',*,*,#1163,.F.);
#1258 = ORIENTED_EDGE('',*,*,#1113,.F.);
#1259 = FACE_BOUND('',#1260,.T.);
#1260 = EDGE_LOOP('',(#1261,#1272,#1280,#1289,#1297,#1306,#1314,#1323));
#1261 = ORIENTED_EDGE('',*,*,#1262,.F.);
#1262 = EDGE_CURVE('',#1263,#1265,#1267,.T.);
#1263 = VERTEX_POINT('',#1264);
#1264 = CARTESIAN_POINT('',(-0.3,-0.23,4.E-02));
#1265 = VERTEX_POINT('',#1266);
#1266 = CARTESIAN_POINT('',(-0.3,-0.21,2.E-02));
#1267 = CIRCLE('',#1268,2.E-02);
#1268 = AXIS2_PLACEMENT_3D('',#1269,#1270,#1271);
#1269 = CARTESIAN_POINT('',(-0.3,-0.21,4.E-02));
#1270 = DIRECTION('',(1.,0.,-0.));
#1271 = DIRECTION('',(0.,0.,1.));
#1272 = ORIENTED_EDGE('',*,*,#1273,.T.);
#1273 = EDGE_CURVE('',#1263,#1274,#1276,.T.);
#1274 = VERTEX_POINT('',#1275);
#1275 = CARTESIAN_POINT('',(-0.3,-0.23,0.46));
#1276 = LINE('',#1277,#1278);
#1277 = CARTESIAN_POINT('',(-0.3,-0.23,2.E-02));
#1278 = VECTOR('',#1279,1.);
#1279 = DIRECTION('',(0.,0.,1.));
#1280 = ORIENTED_EDGE('',*,*,#1281,.T.);
#1281 = EDGE_CURVE('',#1274,#1282,#1284,.T.);
#1282 = VERTEX_POINT('',#1283);
#1283 = CARTESIAN_POINT('',(-0.3,-0.21,0.48));
#1284 = CIRCLE('',#1285,2.E-02);
#1285 = AXIS2_PLACEMENT_3D('',#1286,#1287,#1288);
#1286 = CARTESIAN_POINT('',(-0.3,-0.21,0.46));
#1287 = DIRECTION('',(-1.,0.,0.));
#1288 = DIRECTION('',(0.,0.,1.));
#1289 = ORIENTED_EDGE('',*,*,#1290,.T.);
#1290 = EDGE_CURVE('',#1282,#1291,#1293,.T.);
#1291 = VERTEX_POINT('',#1292);
#1292 = CARTESIAN_POINT('',(-0.3,0.21,0.48));
#1293 = LINE('',#1294,#1295);
#1294 = CARTESIAN_POINT('',(-0.3,-0.23,0.48));
#1295 = VECTOR('',#1296,1.);
#1296 = DIRECTION('',(0.,1.,0.));
#1297 = ORIENTED_EDGE('',*,*,#1298,.F.);
#1298 = EDGE_CURVE('',#1299,#1291,#1301,.T.);
#1299 = VERTEX_POINT('',#1300);
#1300 = CARTESIAN_POINT('',(-0.3,0.23,0.46));
#1301 = CIRCLE('',#1302,2.E-02);
#1302 = AXIS2_PLACEMENT_3D('',#1303,#1304,#1305);
#1303 = CARTESIAN_POINT('',(-0.3,0.21,0.46));
#1304 = DIRECTION('',(1.,0.,-0.));
#1305 = DIRECTION('',(0.,0.,1.));
#1306 = ORIENTED_EDGE('',*,*,#1307,.F.);
#1307 = EDGE_CURVE('',#1308,#1299,#1310,.T.);
#1308 = VERTEX_POINT('',#1309);
#1309 = CARTESIAN_POINT('',(-0.3,0.23,4.E-02));
#1310 = LINE('',#1311,#1312);
#1311 = CARTESIAN_POINT('',(-0.3,0.23,2.E-02));
#1312 = VECTOR('',#1313,1.);
#1313 = DIRECTION('',(0.,0.,1.));
#1314 = ORIENTED_EDGE('',*,*,#1315,.T.);
#1315 = EDGE_CURVE('',#1308,#1316,#1318,.T.);
#1316 = VERTEX_POINT('',#1317);
#1317 = CARTESIAN_POINT('',(-0.3,0.21,2.E-02));
#1318 = CIRCLE('',#1319,2.E-02);
#1319 = AXIS2_PLACEMENT_3D('',#1320,#1321,#1322);
#1320 = CARTESIAN_POINT('',(-0.3,0.21,4.E-02));
#1321 = DIRECTION('',(-1.,0.,0.));
#1322 = DIRECTION('',(0.,0.,1.));
#1323 = ORIENTED_EDGE('',*,*,#1324,.F.);
#1324 = EDGE_CURVE('',#1265,#1316,#1325,.T.);
#1325 = LINE('',#1326,#1327);
#1326 = CARTESIAN_POINT('',(-0.3,-0.23,2.E-02));
#1327 = VECTOR('',#1328,1.);
#1328 = DIRECTION('',(0.,1.,0.));
#1329 = PLANE('',#1330);
#1330 = AXIS2_PLACEMENT_3D('',#1331,#1332,#1333);
#1331 = CARTESIAN_POINT('',(-0.3,-0.25,0.));
#1332 = DIRECTION('',(1.,0.,0.));
#1333 = DIRECTION('',(0.,0.,1.));
#1334 = ADVANCED_FACE('',(#1335),#1361,.T.);
#1335 = FACE_BOUND('',#1336,.T.);
#1336 = EDGE_LOOP('',(#1337,#1338,#1346,#1355));
#1337 = ORIENTED_EDGE('',*,*,#1262,.T.);
#1338 = ORIENTED_EDGE('',*,*,#1339,.T.);
#1339 = EDGE_CURVE('',#1265,#1340,#1342,.T.);
#1340 = VERTEX_POINT('',#1341);
#1341 = CARTESIAN_POINT('',(0.3,-0.21,2.E-02));
#1342 = LINE('',#1343,#1344);
#1343 = CARTESIAN_POINT('',(-0.3,-0.21,2.E-02));
#1344 = VECTOR('',#1345,1.);
#1345 = DIRECTION('',(1.,0.,0.));
#1346 = ORIENTED_EDGE('',*,*,#1347,.F.);
#1347 = EDGE_CURVE('',#1348,#1340,#1350,.T.);
#1348 = VERTEX_POINT('',#1349);
#1349 = CARTESIAN_POINT('',(0.3,-0.23,4.E-02));
#1350 = CIRCLE('',#1351,2.E-02);
#1351 = AXIS2_PLACEMENT_3D('',#1352,#1353,#1354);
#1352 = CARTESIAN_POINT('',(0.3,-0.21,4.E-02));
#1353 = DIRECTION('',(1.,0.,-0.));
#1354 = DIRECTION('',(0.,0.,1.));
#1355 = ORIENTED_EDGE('',*,*,#1356,.F.);
#1356 = EDGE_CURVE('',#1263,#1348,#1357,.T.);
#1357 = LINE('',#1358,#1359);
#1358 = CARTESIAN_POINT('',(-0.3,-0.23,4.E-02));
#1359 = VECTOR('',#1360,1.);
#1360 = DIRECTION('',(1.,0.,0.));
#1361 = CYLINDRICAL_SURFACE('',#1362,2.E-02);
#1362 = AXIS2_PLACEMENT_3D('',#1363,#1364,#1365);
#1363 = CARTESIAN_POINT('',(-0.3,-0.21,4.E-02));
#1364 = DIRECTION('',(1.,0.,0.));
#1365 = DIRECTION('',(0.,-1.,0.));
#1366 = ADVANCED_FACE('',(#1367),#1385,.F.);
#1367 = FACE_BOUND('',#1368,.F.);
#1368 = EDGE_LOOP('',(#1369,#1370,#1371,#1379));
#1369 = ORIENTED_EDGE('',*,*,#1324,.F.);
#1370 = ORIENTED_EDGE('',*,*,#1339,.T.);
#1371 = ORIENTED_EDGE('',*,*,#1372,.T.);
#1372 = EDGE_CURVE('',#1340,#1373,#1375,.T.);
#1373 = VERTEX_POINT('',#1374);
#1374 = CARTESIAN_POINT('',(0.3,0.21,2.E-02));
#1375 = LINE('',#1376,#1377);
#1376 = CARTESIAN_POINT('',(0.3,-0.23,2.E-02));
#1377 = VECTOR('',#1378,1.);
#1378 = DIRECTION('',(0.,1.,0.));
#1379 = ORIENTED_EDGE('',*,*,#1380,.F.);
#1380 = EDGE_CURVE('',#1316,#1373,#1381,.T.);
#1381 = LINE('',#1382,#1383);
#1382 = CARTESIAN_POINT('',(-0.3,0.21,2.E-02));
#1383 = VECTOR('',#1384,1.);
#1384 = DIRECTION('',(1.,0.,0.));
#1385 = PLANE('',#1386);
#1386 = AXIS2_PLACEMENT_3D('',#1387,#1388,#1389);
#1387 = CARTESIAN_POINT('',(-0.3,-0.23,2.E-02));
#1388 = DIRECTION('',(0.,0.,1.));
#1389 = DIRECTION('',(1.,0.,-0.));
#1390 = ADVANCED_FACE('',(#1391),#1410,.T.);
#1391 = FACE_BOUND('',#1392,.T.);
#1392 = EDGE_LOOP('',(#1393,#1401,#1408,#1409));
#1393 = ORIENTED_EDGE('',*,*,#1394,.T.);
#1394 = EDGE_CURVE('',#1308,#1395,#1397,.T.);
#1395 = VERTEX_POINT('',#1396);
#1396 = CARTESIAN_POINT('',(0.3,0.23,4.E-02));
#1397 = LINE('',#1398,#1399);
#1398 = CARTESIAN_POINT('',(-0.3,0.23,4.E-02));
#1399 = VECTOR('',#1400,1.);
#1400 = DIRECTION('',(1.,0.,0.));
#1401 = ORIENTED_EDGE('',*,*,#1402,.T.);
#1402 = EDGE_CURVE('',#1395,#1373,#1403,.T.);
#1403 = CIRCLE('',#1404,2.E-02);
#1404 = AXIS2_PLACEMENT_3D('',#1405,#1406,#1407);
#1405 = CARTESIAN_POINT('',(0.3,0.21,4.E-02));
#1406 = DIRECTION('',(-1.,0.,0.));
#1407 = DIRECTION('',(0.,0.,1.));
#1408 = ORIENTED_EDGE('',*,*,#1380,.F.);
#1409 = ORIENTED_EDGE('',*,*,#1315,.F.);
#1410 = CYLINDRICAL_SURFACE('',#1411,2.E-02);
#1411 = AXIS2_PLACEMENT_3D('',#1412,#1413,#1414);
#1412 = CARTESIAN_POINT('',(-0.3,0.21,4.E-02));
#1413 = DIRECTION('',(1.,0.,0.));
#1414 = DIRECTION('',(-0.,1.,0.));
#1415 = ADVANCED_FACE('',(#1416),#1434,.T.);
#1416 = FACE_BOUND('',#1417,.T.);
#1417 = EDGE_LOOP('',(#1418,#1426,#1427,#1428));
#1418 = ORIENTED_EDGE('',*,*,#1419,.F.);
#1419 = EDGE_CURVE('',#1395,#1420,#1422,.T.);
#1420 = VERTEX_POINT('',#1421);
#1421 = CARTESIAN_POINT('',(0.3,0.23,0.46));
#1422 = LINE('',#1423,#1424);
#1423 = CARTESIAN_POINT('',(0.3,0.23,2.E-02));
#1424 = VECTOR('',#1425,1.);
#1425 = DIRECTION('',(0.,0.,1.));
#1426 = ORIENTED_EDGE('',*,*,#1394,.F.);
#1427 = ORIENTED_EDGE('',*,*,#1307,.T.);
#1428 = ORIENTED_EDGE('',*,*,#1429,.T.);
#1429 = EDGE_CURVE('',#1299,#1420,#1430,.T.);
#1430 = LINE('',#1431,#1432);
#1431 = CARTESIAN_POINT('',(-0.3,0.23,0.46));
#1432 = VECTOR('',#1433,1.);
#1433 = DIRECTION('',(1.,0.,0.));
#1434 = PLANE('',#1435);
#1435 = AXIS2_PLACEMENT_3D('',#1436,#1437,#1438);
#1436 = CARTESIAN_POINT('',(-0.3,0.23,2.E-02));
#1437 = DIRECTION('',(0.,1.,0.));
#1438 = DIRECTION('',(0.,-0.,1.));
#1439 = ADVANCED_FACE('',(#1440),#1459,.T.);
#1440 = FACE_BOUND('',#1441,.T.);
#1441 = EDGE_LOOP('',(#1442,#1443,#1451,#1458));
#1442 = ORIENTED_EDGE('',*,*,#1298,.T.);
#1443 = ORIENTED_EDGE('',*,*,#1444,.T.);
#1444 = EDGE_CURVE('',#1291,#1445,#1447,.T.);
#1445 = VERTEX_POINT('',#1446);
#1446 = CARTESIAN_POINT('',(0.3,0.21,0.48));
#1447 = LINE('',#1448,#1449);
#1448 = CARTESIAN_POINT('',(-0.3,0.21,0.48));
#1449 = VECTOR('',#1450,1.);
#1450 = DIRECTION('',(1.,0.,0.));
#1451 = ORIENTED_EDGE('',*,*,#1452,.F.);
#1452 = EDGE_CURVE('',#1420,#1445,#1453,.T.);
#1453 = CIRCLE('',#1454,2.E-02);
#1454 = AXIS2_PLACEMENT_3D('',#1455,#1456,#1457);
#1455 = CARTESIAN_POINT('',(0.3,0.21,0.46));
#1456 = DIRECTION('',(1.,0.,-0.));
#1457 = DIRECTION('',(0.,0.,1.));
#1458 = ORIENTED_EDGE('',*,*,#1429,.F.);
#1459 = CYLINDRICAL_SURFACE('',#1460,2.E-02);
#1460 = AXIS2_PLACEMENT_3D('',#1461,#1462,#1463);
#1461 = CARTESIAN_POINT('',(-0.3,0.21,0.46));
#1462 = DIRECTION('',(1.,0.,0.));
#1463 = DIRECTION('',(-0.,1.,0.));
#1464 = ADVANCED_FACE('',(#1465),#1483,.T.);
#1465 = FACE_BOUND('',#1466,.T.);
#1466 = EDGE_LOOP('',(#1467,#1468,#1476,#1482));
#1467 = ORIENTED_EDGE('',*,*,#1290,.F.);
#1468 = ORIENTED_EDGE('',*,*,#1469,.T.);
#1469 = EDGE_CURVE('',#1282,#1470,#1472,.T.);
#1470 = VERTEX_POINT('',#1471);
#1471 = CARTESIAN_POINT('',(0.3,-0.21,0.48));
#1472 = LINE('',#1473,#1474);
#1473 = CARTESIAN_POINT('',(-0.3,-0.21,0.48));
#1474 = VECTOR('',#1475,1.);
#1475 = DIRECTION('',(1.,0.,0.));
#1476 = ORIENTED_EDGE('',*,*,#1477,.T.);
#1477 = EDGE_CURVE('',#1470,#1445,#1478,.T.);
#1478 = LINE('',#1479,#1480);
#1479 = CARTESIAN_POINT('',(0.3,-0.23,0.48));
#1480 = VECTOR('',#1481,1.);
#1481 = DIRECTION('',(0.,1.,0.));
#1482 = ORIENTED_EDGE('',*,*,#1444,.F.);
#1483 = PLANE('',#1484);
#1484 = AXIS2_PLACEMENT_3D('',#1485,#1486,#1487);
#1485 = CARTESIAN_POINT('',(-0.3,-0.23,0.48));
#1486 = DIRECTION('',(0.,0.,1.));
#1487 = DIRECTION('',(1.,0.,-0.));
#1488 = ADVANCED_FACE('',(#1489),#1508,.T.);
#1489 = FACE_BOUND('',#1490,.T.);
#1490 = EDGE_LOOP('',(#1491,#1499,#1506,#1507));
#1491 = ORIENTED_EDGE('',*,*,#1492,.T.);
#1492 = EDGE_CURVE('',#1274,#1493,#1495,.T.);
#1493 = VERTEX_POINT('',#1494);
#1494 = CARTESIAN_POINT('',(0.3,-0.23,0.46));
#1495 = LINE('',#1496,#1497);
#1496 = CARTESIAN_POINT('',(-0.3,-0.23,0.46));
#1497 = VECTOR('',#1498,1.);
#1498 = DIRECTION('',(1.,0.,0.));
#1499 = ORIENTED_EDGE('',*,*,#1500,.T.);
#1500 = EDGE_CURVE('',#1493,#1470,#1501,.T.);
#1501 = CIRCLE('',#1502,2.E-02);
#1502 = AXIS2_PLACEMENT_3D('',#1503,#1504,#1505);
#1503 = CARTESIAN_POINT('',(0.3,-0.21,0.46));
#1504 = DIRECTION('',(-1.,0.,0.));
#1505 = DIRECTION('',(0.,0.,1.));
#1506 = ORIENTED_EDGE('',*,*,#1469,.F.);
#1507 = ORIENTED_EDGE('',*,*,#1281,.F.);
#1508 = CYLINDRICAL_SURFACE('',#1509,2.E-02);
#1509 = AXIS2_PLACEMENT_3D('',#1510,#1511,#1512);
#1510 = CARTESIAN_POINT('',(-0.3,-0.21,0.46));
#1511 = DIRECTION('',(1.,0.,0.));
#1512 = DIRECTION('',(0.,-1.,0.));
#1513 = ADVANCED_FACE('',(#1514),#1525,.F.);
#1514 = FACE_BOUND('',#1515,.F.);
#1515 = EDGE_LOOP('',(#1516,#1522,#1523,#1524));
#1516 = ORIENTED_EDGE('',*,*,#1517,.F.);
#1517 = EDGE_CURVE('',#1348,#1493,#1518,.T.);
#1518 = LINE('',#1519,#1520);
#1519 = CARTESIAN_POINT('',(0.3,-0.23,2.E-02));
#1520 = VECTOR('',#1521,1.);
#1521 = DIRECTION('',(0.,0.,1.));
#1522 = ORIENTED_EDGE('',*,*,#1356,.F.);
#1523 = ORIENTED_EDGE('',*,*,#1273,.T.);
#1524 = ORIENTED_EDGE('',*,*,#1492,.T.);
#1525 = PLANE('',#1526);
#1526 = AXIS2_PLACEMENT_3D('',#1527,#1528,#1529);
#1527 = CARTESIAN_POINT('',(-0.3,-0.23,2.E-02));
#1528 = DIRECTION('',(0.,1.,0.));
#1529 = DIRECTION('',(0.,-0.,1.));
#1530 = ADVANCED_FACE('',(#1531,#1601),#1611,.F.);
#1531 = FACE_BOUND('',#1532,.F.);
#1532 = EDGE_LOOP('',(#1533,#1543,#1552,#1560,#1569,#1577,#1586,#1594));
#1533 = ORIENTED_EDGE('',*,*,#1534,.F.);
#1534 = EDGE_CURVE('',#1535,#1537,#1539,.T.);
#1535 = VERTEX_POINT('',#1536);
#1536 = CARTESIAN_POINT('',(0.3,-0.25,2.E-02));
#1537 = VERTEX_POINT('',#1538);
#1538 = CARTESIAN_POINT('',(0.3,-0.25,0.48));
#1539 = LINE('',#1540,#1541);
#1540 = CARTESIAN_POINT('',(0.3,-0.25,0.));
#1541 = VECTOR('',#1542,1.);
#1542 = DIRECTION('',(0.,0.,1.));
#1543 = ORIENTED_EDGE('',*,*,#1544,.T.);
#1544 = EDGE_CURVE('',#1535,#1545,#1547,.T.);
#1545 = VERTEX_POINT('',#1546);
#1546 = CARTESIAN_POINT('',(0.3,-0.23,0.));
#1547 = CIRCLE('',#1548,2.E-02);
#1548 = AXIS2_PLACEMENT_3D('',#1549,#1550,#1551);
#1549 = CARTESIAN_POINT('',(0.3,-0.23,2.E-02));
#1550 = DIRECTION('',(1.,0.,-0.));
#1551 = DIRECTION('',(0.,0.,1.));
#1552 = ORIENTED_EDGE('',*,*,#1553,.T.);
#1553 = EDGE_CURVE('',#1545,#1554,#1556,.T.);
#1554 = VERTEX_POINT('',#1555);
#1555 = CARTESIAN_POINT('',(0.3,0.23,0.));
#1556 = LINE('',#1557,#1558);
#1557 = CARTESIAN_POINT('',(0.3,-0.25,0.));
#1558 = VECTOR('',#1559,1.);
#1559 = DIRECTION('',(0.,1.,0.));
#1560 = ORIENTED_EDGE('',*,*,#1561,.F.);
#1561 = EDGE_CURVE('',#1562,#1554,#1564,.T.);
#1562 = VERTEX_POINT('',#1563);
#1563 = CARTESIAN_POINT('',(0.3,0.25,2.E-02));
#1564 = CIRCLE('',#1565,2.E-02);
#1565 = AXIS2_PLACEMENT_3D('',#1566,#1567,#1568);
#1566 = CARTESIAN_POINT('',(0.3,0.23,2.E-02));
#1567 = DIRECTION('',(-1.,0.,0.));
#1568 = DIRECTION('',(0.,0.,1.));
#1569 = ORIENTED_EDGE('',*,*,#1570,.T.);
#1570 = EDGE_CURVE('',#1562,#1571,#1573,.T.);
#1571 = VERTEX_POINT('',#1572);
#1572 = CARTESIAN_POINT('',(0.3,0.25,0.48));
#1573 = LINE('',#1574,#1575);
#1574 = CARTESIAN_POINT('',(0.3,0.25,0.));
#1575 = VECTOR('',#1576,1.);
#1576 = DIRECTION('',(0.,0.,1.));
#1577 = ORIENTED_EDGE('',*,*,#1578,.T.);
#1578 = EDGE_CURVE('',#1571,#1579,#1581,.T.);
#1579 = VERTEX_POINT('',#1580);
#1580 = CARTESIAN_POINT('',(0.3,0.23,0.5));
#1581 = CIRCLE('',#1582,2.E-02);
#1582 = AXIS2_PLACEMENT_3D('',#1583,#1584,#1585);
#1583 = CARTESIAN_POINT('',(0.3,0.23,0.48));
#1584 = DIRECTION('',(1.,0.,-0.));
#1585 = DIRECTION('',(0.,0.,1.));
#1586 = ORIENTED_EDGE('',*,*,#1587,.F.);
#1587 = EDGE_CURVE('',#1588,#1579,#1590,.T.);
#1588 = VERTEX_POINT('',#1589);
#1589 = CARTESIAN_POINT('',(0.3,-0.23,0.5));
#1590 = LINE('',#1591,#1592);
#1591 = CARTESIAN_POINT('',(0.3,-0.25,0.5));
#1592 = VECTOR('',#1593,1.);
#1593 = DIRECTION('',(0.,1.,0.));
#1594 = ORIENTED_EDGE('',*,*,#1595,.F.);
#1595 = EDGE_CURVE('',#1537,#1588,#1596,.T.);
#1596 = CIRCLE('',#1597,2.E-02);
#1597 = AXIS2_PLACEMENT_3D('',#1598,#1599,#1600);
#1598 = CARTESIAN_POINT('',(0.3,-0.23,0.48));
#1599 = DIRECTION('',(-1.,0.,0.));
#1600 = DIRECTION('',(0.,0.,1.));
#1601 = FACE_BOUND('',#1602,.F.);
#1602 = EDGE_LOOP('',(#1603,#1604,#1605,#1606,#1607,#1608,#1609,#1610));
#1603 = ORIENTED_EDGE('',*,*,#1347,.F.);
#1604 = ORIENTED_EDGE('',*,*,#1517,.T.);
#1605 = ORIENTED_EDGE('',*,*,#1500,.T.);
#1606 = ORIENTED_EDGE('',*,*,#1477,.T.);
#1607 = ORIENTED_EDGE('',*,*,#1452,.F.);
#1608 = ORIENTED_EDGE('',*,*,#1419,.F.);
#1609 = ORIENTED_EDGE('',*,*,#1402,.T.);
#1610 = ORIENTED_EDGE('',*,*,#1372,.F.);
#1611 = PLANE('',#1612);
#1612 = AXIS2_PLACEMENT_3D('',#1613,#1614,#1615);
#1613 = CARTESIAN_POINT('',(0.3,-0.25,0.));
#1614 = DIRECTION('',(1.,0.,0.));
#1615 = DIRECTION('',(0.,0.,1.));
#1616 = ADVANCED_FACE('',(#1617),#1642,.F.);
#1617 = FACE_BOUND('',#1618,.F.);
#1618 = EDGE_LOOP('',(#1619,#1629,#1635,#1636));
#1619 = ORIENTED_EDGE('',*,*,#1620,.F.);
#1620 = EDGE_CURVE('',#1621,#1623,#1625,.T.);
#1621 = VERTEX_POINT('',#1622);
#1622 = CARTESIAN_POINT('',(0.5,-0.25,2.E-02));
#1623 = VERTEX_POINT('',#1624);
#1624 = CARTESIAN_POINT('',(0.5,-0.25,0.48));
#1625 = LINE('',#1626,#1627);
#1626 = CARTESIAN_POINT('',(0.5,-0.25,0.));
#1627 = VECTOR('',#1628,1.);
#1628 = DIRECTION('',(0.,0.,1.));
#1629 = ORIENTED_EDGE('',*,*,#1630,.F.);
#1630 = EDGE_CURVE('',#1535,#1621,#1631,.T.);
#1631 = LINE('',#1632,#1633);
#1632 = CARTESIAN_POINT('',(0.3,-0.25,2.E-02));
#1633 = VECTOR('',#1634,1.);
#1634 = DIRECTION('',(1.,0.,0.));
#1635 = ORIENTED_EDGE('',*,*,#1534,.T.);
#1636 = ORIENTED_EDGE('',*,*,#1637,.T.);
#1637 = EDGE_CURVE('',#1537,#1623,#1638,.T.);
#1638 = LINE('',#1639,#1640);
#1639 = CARTESIAN_POINT('',(0.3,-0.25,0.48));
#1640 = VECTOR('',#1641,1.);
#1641 = DIRECTION('',(1.,0.,0.));
#1642 = PLANE('',#1643);
#1643 = AXIS2_PLACEMENT_3D('',#1644,#1645,#1646);
#1644 = CARTESIAN_POINT('',(0.3,-0.25,0.));
#1645 = DIRECTION('',(0.,1.,0.));
#1646 = DIRECTION('',(0.,-0.,1.));
#1647 = ADVANCED_FACE('',(#1648),#1667,.T.);
#1648 = FACE_BOUND('',#1649,.T.);
#1649 = EDGE_LOOP('',(#1650,#1651,#1659,#1666));
#1650 = ORIENTED_EDGE('',*,*,#1544,.T.);
#1651 = ORIENTED_EDGE('',*,*,#1652,.T.);
#1652 = EDGE_CURVE('',#1545,#1653,#1655,.T.);
#1653 = VERTEX_POINT('',#1654);
#1654 = CARTESIAN_POINT('',(0.5,-0.23,0.));
#1655 = LINE('',#1656,#1657);
#1656 = CARTESIAN_POINT('',(0.3,-0.23,0.));
#1657 = VECTOR('',#1658,1.);
#1658 = DIRECTION('',(1.,0.,0.));
#1659 = ORIENTED_EDGE('',*,*,#1660,.F.);
#1660 = EDGE_CURVE('',#1621,#1653,#1661,.T.);
#1661 = CIRCLE('',#1662,2.E-02);
#1662 = AXIS2_PLACEMENT_3D('',#1663,#1664,#1665);
#1663 = CARTESIAN_POINT('',(0.5,-0.23,2.E-02));
#1664 = DIRECTION('',(1.,0.,-0.));
#1665 = DIRECTION('',(0.,0.,1.));
#1666 = ORIENTED_EDGE('',*,*,#1630,.F.);
#1667 = CYLINDRICAL_SURFACE('',#1668,2.E-02);
#1668 = AXIS2_PLACEMENT_3D('',#1669,#1670,#1671);
#1669 = CARTESIAN_POINT('',(0.3,-0.23,2.E-02));
#1670 = DIRECTION('',(1.,0.,0.));
#1671 = DIRECTION('',(0.,-1.,0.));
#1672 = ADVANCED_FACE('',(#1673),#1692,.T.);
#1673 = FACE_BOUND('',#1674,.T.);
#1674 = EDGE_LOOP('',(#1675,#1676,#1685,#1691));
#1675 = ORIENTED_EDGE('',*,*,#1637,.T.);
#1676 = ORIENTED_EDGE('',*,*,#1677,.T.);
#1677 = EDGE_CURVE('',#1623,#1678,#1680,.T.);
#1678 = VERTEX_POINT('',#1679);
#1679 = CARTESIAN_POINT('',(0.5,-0.23,0.5));
#1680 = CIRCLE('',#1681,2.E-02);
#1681 = AXIS2_PLACEMENT_3D('',#1682,#1683,#1684);
#1682 = CARTESIAN_POINT('',(0.5,-0.23,0.48));
#1683 = DIRECTION('',(-1.,0.,0.));
#1684 = DIRECTION('',(0.,0.,1.));
#1685 = ORIENTED_EDGE('',*,*,#1686,.F.);
#1686 = EDGE_CURVE('',#1588,#1678,#1687,.T.);
#1687 = LINE('',#1688,#1689);
#1688 = CARTESIAN_POINT('',(0.3,-0.23,0.5));
#1689 = VECTOR('',#1690,1.);
#1690 = DIRECTION('',(1.,0.,0.));
#1691 = ORIENTED_EDGE('',*,*,#1595,.F.);
#1692 = CYLINDRICAL_SURFACE('',#1693,2.E-02);
#1693 = AXIS2_PLACEMENT_3D('',#1694,#1695,#1696);
#1694 = CARTESIAN_POINT('',(0.3,-0.23,0.48));
#1695 = DIRECTION('',(1.,0.,0.));
#1696 = DIRECTION('',(0.,-1.,0.));
#1697 = ADVANCED_FACE('',(#1698),#1716,.F.);
#1698 = FACE_BOUND('',#1699,.F.);
#1699 = EDGE_LOOP('',(#1700,#1701,#1702,#1710));
#1700 = ORIENTED_EDGE('',*,*,#1553,.F.);
#1701 = ORIENTED_EDGE('',*,*,#1652,.T.);
#1702 = ORIENTED_EDGE('',*,*,#1703,.T.);
#1703 = EDGE_CURVE('',#1653,#1704,#1706,.T.);
#1704 = VERTEX_POINT('',#1705);
#1705 = CARTESIAN_POINT('',(0.5,0.23,0.));
#1706 = LINE('',#1707,#1708);
#1707 = CARTESIAN_POINT('',(0.5,-0.25,0.));
#1708 = VECTOR('',#1709,1.);
#1709 = DIRECTION('',(0.,1.,0.));
#1710 = ORIENTED_EDGE('',*,*,#1711,.F.);
#1711 = EDGE_CURVE('',#1554,#1704,#1712,.T.);
#1712 = LINE('',#1713,#1714);
#1713 = CARTESIAN_POINT('',(0.3,0.23,0.));
#1714 = VECTOR('',#1715,1.);
#1715 = DIRECTION('',(1.,0.,0.));
#1716 = PLANE('',#1717);
#1717 = AXIS2_PLACEMENT_3D('',#1718,#1719,#1720);
#1718 = CARTESIAN_POINT('',(0.3,-0.25,0.));
#1719 = DIRECTION('',(0.,0.,1.));
#1720 = DIRECTION('',(1.,0.,-0.));
#1721 = ADVANCED_FACE('',(#1722),#1740,.T.);
#1722 = FACE_BOUND('',#1723,.T.);
#1723 = EDGE_LOOP('',(#1724,#1725,#1726,#1734));
#1724 = ORIENTED_EDGE('',*,*,#1587,.F.);
#1725 = ORIENTED_EDGE('',*,*,#1686,.T.);
#1726 = ORIENTED_EDGE('',*,*,#1727,.T.);
#1727 = EDGE_CURVE('',#1678,#1728,#1730,.T.);
#1728 = VERTEX_POINT('',#1729);
#1729 = CARTESIAN_POINT('',(0.5,0.23,0.5));
#1730 = LINE('',#1731,#1732);
#1731 = CARTESIAN_POINT('',(0.5,-0.25,0.5));
#1732 = VECTOR('',#1733,1.);
#1733 = DIRECTION('',(0.,1.,0.));
#1734 = ORIENTED_EDGE('',*,*,#1735,.F.);
#1735 = EDGE_CURVE('',#1579,#1728,#1736,.T.);
#1736 = LINE('',#1737,#1738);
#1737 = CARTESIAN_POINT('',(0.3,0.23,0.5));
#1738 = VECTOR('',#1739,1.);
#1739 = DIRECTION('',(1.,0.,0.));
#1740 = PLANE('',#1741);
#1741 = AXIS2_PLACEMENT_3D('',#1742,#1743,#1744);
#1742 = CARTESIAN_POINT('',(0.3,-0.25,0.5));
#1743 = DIRECTION('',(0.,0.,1.));
#1744 = DIRECTION('',(1.,0.,-0.));
#1745 = ADVANCED_FACE('',(#1746),#1765,.T.);
#1746 = FACE_BOUND('',#1747,.T.);
#1747 = EDGE_LOOP('',(#1748,#1756,#1763,#1764));
#1748 = ORIENTED_EDGE('',*,*,#1749,.T.);
#1749 = EDGE_CURVE('',#1562,#1750,#1752,.T.);
#1750 = VERTEX_POINT('',#1751);
#1751 = CARTESIAN_POINT('',(0.5,0.25,2.E-02));
#1752 = LINE('',#1753,#1754);
#1753 = CARTESIAN_POINT('',(0.3,0.25,2.E-02));
#1754 = VECTOR('',#1755,1.);
#1755 = DIRECTION('',(1.,0.,0.));
#1756 = ORIENTED_EDGE('',*,*,#1757,.T.);
#1757 = EDGE_CURVE('',#1750,#1704,#1758,.T.);
#1758 = CIRCLE('',#1759,2.E-02);
#1759 = AXIS2_PLACEMENT_3D('',#1760,#1761,#1762);
#1760 = CARTESIAN_POINT('',(0.5,0.23,2.E-02));
#1761 = DIRECTION('',(-1.,0.,0.));
#1762 = DIRECTION('',(0.,0.,1.));
#1763 = ORIENTED_EDGE('',*,*,#1711,.F.);
#1764 = ORIENTED_EDGE('',*,*,#1561,.F.);
#1765 = CYLINDRICAL_SURFACE('',#1766,2.E-02);
#1766 = AXIS2_PLACEMENT_3D('',#1767,#1768,#1769);
#1767 = CARTESIAN_POINT('',(0.3,0.23,2.E-02));
#1768 = DIRECTION('',(1.,0.,0.));
#1769 = DIRECTION('',(-0.,1.,0.));
#1770 = ADVANCED_FACE('',(#1771),#1790,.T.);
#1771 = FACE_BOUND('',#1772,.T.);
#1772 = EDGE_LOOP('',(#1773,#1774,#1775,#1784));
#1773 = ORIENTED_EDGE('',*,*,#1578,.T.);
#1774 = ORIENTED_EDGE('',*,*,#1735,.T.);
#1775 = ORIENTED_EDGE('',*,*,#1776,.F.);
#1776 = EDGE_CURVE('',#1777,#1728,#1779,.T.);
#1777 = VERTEX_POINT('',#1778);
#1778 = CARTESIAN_POINT('',(0.5,0.25,0.48));
#1779 = CIRCLE('',#1780,2.E-02);
#1780 = AXIS2_PLACEMENT_3D('',#1781,#1782,#1783);
#1781 = CARTESIAN_POINT('',(0.5,0.23,0.48));
#1782 = DIRECTION('',(1.,0.,-0.));
#1783 = DIRECTION('',(0.,0.,1.));
#1784 = ORIENTED_EDGE('',*,*,#1785,.F.);
#1785 = EDGE_CURVE('',#1571,#1777,#1786,.T.);
#1786 = LINE('',#1787,#1788);
#1787 = CARTESIAN_POINT('',(0.3,0.25,0.48));
#1788 = VECTOR('',#1789,1.);
#1789 = DIRECTION('',(1.,0.,0.));
#1790 = CYLINDRICAL_SURFACE('',#1791,2.E-02);
#1791 = AXIS2_PLACEMENT_3D('',#1792,#1793,#1794);
#1792 = CARTESIAN_POINT('',(0.3,0.23,0.48));
#1793 = DIRECTION('',(1.,0.,0.));
#1794 = DIRECTION('',(-0.,1.,0.));
#1795 = ADVANCED_FACE('',(#1796),#1807,.T.);
#1796 = FACE_BOUND('',#1797,.T.);
#1797 = EDGE_LOOP('',(#1798,#1804,#1805,#1806));
#1798 = ORIENTED_EDGE('',*,*,#1799,.F.);
#1799 = EDGE_CURVE('',#1750,#1777,#1800,.T.);
#1800 = LINE('',#1801,#1802);
#1801 = CARTESIAN_POINT('',(0.5,0.25,0.));
#1802 = VECTOR('',#1803,1.);
#1803 = DIRECTION('',(0.,0.,1.));
#1804 = ORIENTED_EDGE('',*,*,#1749,.F.);
#1805 = ORIENTED_EDGE('',*,*,#1570,.T.);
#1806 = ORIENTED_EDGE('',*,*,#1785,.T.);
#1807 = PLANE('',#1808);
#1808 = AXIS2_PLACEMENT_3D('',#1809,#1810,#1811);
#1809 = CARTESIAN_POINT('',(0.3,0.25,0.));
#1810 = DIRECTION('',(0.,1.,0.));
#1811 = DIRECTION('',(0.,-0.,1.));
#1812 = ADVANCED_FACE('',(#1813),#1823,.T.);
#1813 = FACE_BOUND('',#1814,.T.);
#1814 = EDGE_LOOP('',(#1815,#1816,#1817,#1818,#1819,#1820,#1821,#1822));
#1815 = ORIENTED_EDGE('',*,*,#1620,.F.);
#1816 = ORIENTED_EDGE('',*,*,#1660,.T.);
#1817 = ORIENTED_EDGE('',*,*,#1703,.T.);
#1818 = ORIENTED_EDGE('',*,*,#1757,.F.);
#1819 = ORIENTED_EDGE('',*,*,#1799,.T.);
#1820 = ORIENTED_EDGE('',*,*,#1776,.T.);
#1821 = ORIENTED_EDGE('',*,*,#1727,.F.);
#1822 = ORIENTED_EDGE('',*,*,#1677,.F.);
#1823 = PLANE('',#1824);
#1824 = AXIS2_PLACEMENT_3D('',#1825,#1826,#1827);
#1825 = CARTESIAN_POINT('',(0.5,-0.25,0.));
#1826 = DIRECTION('',(1.,0.,0.));
#1827 = DIRECTION('',(0.,0.,1.));
#1828 = ( GEOMETRIC_REPRESENTATION_CONTEXT(3) 
GLOBAL_UNCERTAINTY_ASSIGNED_CONTEXT((#1832)) 
GLOBAL_UNIT_ASSIGNED_CONTEXT((#1829,#1830,#1831)) REPRESENTATION_CONTEXT
('Context #1','3D Context with UNIT and UNCERTAINTY') );
#1829 = ( LENGTH_UNIT() NAMED_UNIT(*) SI_UNIT(.MILLI.,.METRE.) );
#1830 = ( NAMED_UNIT(*) PLANE_ANGLE_UNIT() SI_UNIT($,.RADIAN.) );
#1831 = ( NAMED_UNIT(*) SI_UNIT($,.STERADIAN.) SOLID_ANGLE_UNIT() );
#1832 = UNCERTAINTY_MEASURE_WITH_UNIT(LENGTH_MEASURE(1.E-07),#1829,
  'distance_accuracy_value','confusion accuracy');
#1833 = CONTEXT_DEPENDENT_SHAPE_REPRESENTATION(#1834,#1836);
#1834 = ( REPRESENTATION_RELATIONSHIP('','',#973,#10) 
REPRESENTATION_RELATIONSHIP_WITH_TRANSFORMATION(#1835) 
SHAPE_REPRESENTATION_RELATIONSHIP() );
#1835 = ITEM_DEFINED_TRANSFORMATION('','',#11,#35);
#1836 = PRODUCT_DEFINITION_SHAPE('Placement','Placement of an item',
  #1837);
#1837 = NEXT_ASSEMBLY_USAGE_OCCURRENCE('303','R2','',#5,#968,$);
#1838 = PRODUCT_RELATED_PRODUCT_CATEGORY('part',$,(#970));
#1839 = CONTEXT_DEPENDENT_SHAPE_REPRESENTATION(#1840,#1842);
#1840 = ( REPRESENTATION_RELATIONSHIP('','',#148,#10) 
REPRESENTATION_RELATIONSHIP_WITH_TRANSFORMATION(#1841) 
SHAPE_REPRESENTATION_RELATIONSHIP() );
#1841 = ITEM_DEFINED_TRANSFORMATION('','',#11,#39);
#1842 = PRODUCT_DEFINITION_SHAPE('Placement','Placement of an item',
  #1843);
#1843 = NEXT_ASSEMBLY_USAGE_OCCURRENCE('304','J8','',#5,#143,$);
#1844 = CONTEXT_DEPENDENT_SHAPE_REPRESENTATION(#1845,#1847);
#1845 = ( REPRESENTATION_RELATIONSHIP('','',#148,#10) 
REPRESENTATION_RELATIONSHIP_WITH_TRANSFORMATION(#1846) 
SHAPE_REPRESENTATION_RELATIONSHIP() );
#1846 = ITEM_DEFINED_TRANSFORMATION('','',#11,#43);
#1847 = PRODUCT_DEFINITION_SHAPE('Placement','Placement of an item',
  #1848);
#1848 = NEXT_ASSEMBLY_USAGE_OCCURRENCE('305','J7','',#5,#143,$);
#1849 = CONTEXT_DEPENDENT_SHAPE_REPRESENTATION(#1850,#1852);
#1850 = ( REPRESENTATION_RELATIONSHIP('','',#148,#10) 
REPRESENTATION_RELATIONSHIP_WITH_TRANSFORMATION(#1851) 
SHAPE_REPRESENTATION_RELATIONSHIP() );
#1851 = ITEM_DEFINED_TRANSFORMATION('','',#11,#47);
#1852 = PRODUCT_DEFINITION_SHAPE('Placement','Placement of an item',
  #1853);
#1853 = NEXT_ASSEMBLY_USAGE_OCCURRENCE('306','J25','',#5,#143,$);
#1854 = CONTEXT_DEPENDENT_SHAPE_REPRESENTATION(#1855,#1857);
#1855 = ( REPRESENTATION_RELATIONSHIP('','',#148,#10) 
REPRESENTATION_RELATIONSHIP_WITH_TRANSFORMATION(#1856) 
SHAPE_REPRESENTATION_RELATIONSHIP() );
#1856 = ITEM_DEFINED_TRANSFORMATION('','',#11,#51);
#1857 = PRODUCT_DEFINITION_SHAPE('Placement','Placement of an item',
  #1858);
#1858 = NEXT_ASSEMBLY_USAGE_OCCURRENCE('307','J26','',#5,#143,$);
#1859 = CONTEXT_DEPENDENT_SHAPE_REPRESENTATION(#1860,#1862);
#1860 = ( REPRESENTATION_RELATIONSHIP('','',#148,#10) 
REPRESENTATION_RELATIONSHIP_WITH_TRANSFORMATION(#1861) 
SHAPE_REPRESENTATION_RELATIONSHIP() );
#1861 = ITEM_DEFINED_TRANSFORMATION('','',#11,#55);
#1862 = PRODUCT_DEFINITION_SHAPE('Placement','Placement of an item',
  #1863);
#1863 = NEXT_ASSEMBLY_USAGE_OCCURRENCE('308','J2','',#5,#143,$);
#1864 = CONTEXT_DEPENDENT_SHAPE_REPRESENTATION(#1865,#1867);
#1865 = ( REPRESENTATION_RELATIONSHIP('','',#148,#10) 
REPRESENTATION_RELATIONSHIP_WITH_TRANSFORMATION(#1866) 
SHAPE_REPRESENTATION_RELATIONSHIP() );
#1866 = ITEM_DEFINED_TRANSFORMATION('','',#11,#59);
#1867 = PRODUCT_DEFINITION_SHAPE('Placement','Placement of an item',
  #1868);
#1868 = NEXT_ASSEMBLY_USAGE_OCCURRENCE('309','J6','',#5,#143,$);
#1869 = CONTEXT_DEPENDENT_SHAPE_REPRESENTATION(#1870,#1872);
#1870 = ( REPRESENTATION_RELATIONSHIP('','',#148,#10) 
REPRESENTATION_RELATIONSHIP_WITH_TRANSFORMATION(#1871) 
SHAPE_REPRESENTATION_RELATIONSHIP() );
#1871 = ITEM_DEFINED_TRANSFORMATION('','',#11,#63);
#1872 = PRODUCT_DEFINITION_SHAPE('Placement','Placement of an item',
  #1873);
#1873 = NEXT_ASSEMBLY_USAGE_OCCURRENCE('310','J3','',#5,#143,$);
#1874 = CONTEXT_DEPENDENT_SHAPE_REPRESENTATION(#1875,#1877);
#1875 = ( REPRESENTATION_RELATIONSHIP('','',#973,#10) 
REPRESENTATION_RELATIONSHIP_WITH_TRANSFORMATION(#1876) 
SHAPE_REPRESENTATION_RELATIONSHIP() );
#1876 = ITEM_DEFINED_TRANSFORMATION('','',#11,#67);
#1877 = PRODUCT_DEFINITION_SHAPE('Placement','Placement of an item',
  #1878);
#1878 = NEXT_ASSEMBLY_USAGE_OCCURRENCE('311','C2','',#5,#968,$);
#1879 = CONTEXT_DEPENDENT_SHAPE_REPRESENTATION(#1880,#1882);
#1880 = ( REPRESENTATION_RELATIONSHIP('','',#973,#10) 
REPRESENTATION_RELATIONSHIP_WITH_TRANSFORMATION(#1881) 
SHAPE_REPRESENTATION_RELATIONSHIP() );
#1881 = ITEM_DEFINED_TRANSFORMATION('','',#11,#71);
#1882 = PRODUCT_DEFINITION_SHAPE('Placement','Placement of an item',
  #1883);
#1883 = NEXT_ASSEMBLY_USAGE_OCCURRENCE('312','C11','',#5,#968,$);
#1884 = CONTEXT_DEPENDENT_SHAPE_REPRESENTATION(#1885,#1887);
#1885 = ( REPRESENTATION_RELATIONSHIP('','',#973,#10) 
REPRESENTATION_RELATIONSHIP_WITH_TRANSFORMATION(#1886) 
SHAPE_REPRESENTATION_RELATIONSHIP() );
#1886 = ITEM_DEFINED_TRANSFORMATION('','',#11,#75);
#1887 = PRODUCT_DEFINITION_SHAPE('Placement','Placement of an item',
  #1888);
#1888 = NEXT_ASSEMBLY_USAGE_OCCURRENCE('313','C13','',#5,#968,$);
#1889 = CONTEXT_DEPENDENT_SHAPE_REPRESENTATION(#1890,#1892);
#1890 = ( REPRESENTATION_RELATIONSHIP('','',#973,#10) 
REPRESENTATION_RELATIONSHIP_WITH_TRANSFORMATION(#1891) 
SHAPE_REPRESENTATION_RELATIONSHIP() );
#1891 = ITEM_DEFINED_TRANSFORMATION('','',#11,#79);
#1892 = PRODUCT_DEFINITION_SHAPE('Placement','Placement of an item',
  #1893);
#1893 = NEXT_ASSEMBLY_USAGE_OCCURRENCE('314','C14','',#5,#968,$);
#1894 = CONTEXT_DEPENDENT_SHAPE_REPRESENTATION(#1895,#1897);
#1895 = ( REPRESENTATION_RELATIONSHIP('','',#973,#10) 
REPRESENTATION_RELATIONSHIP_WITH_TRANSFORMATION(#1896) 
SHAPE_REPRESENTATION_RELATIONSHIP() );
#1896 = ITEM_DEFINED_TRANSFORMATION('','',#11,#83);
#1897 = PRODUCT_DEFINITION_SHAPE('Placement','Placement of an item',
  #1898);
#1898 = NEXT_ASSEMBLY_USAGE_OCCURRENCE('315','C1','',#5,#968,$);
#1899 = CONTEXT_DEPENDENT_SHAPE_REPRESENTATION(#1900,#1902);
#1900 = ( REPRESENTATION_RELATIONSHIP('','',#973,#10) 
REPRESENTATION_RELATIONSHIP_WITH_TRANSFORMATION(#1901) 
SHAPE_REPRESENTATION_RELATIONSHIP() );
#1901 = ITEM_DEFINED_TRANSFORMATION('','',#11,#87);
#1902 = PRODUCT_DEFINITION_SHAPE('Placement','Placement of an item',
  #1903);
#1903 = NEXT_ASSEMBLY_USAGE_OCCURRENCE('316','C3','',#5,#968,$);
#1904 = CONTEXT_DEPENDENT_SHAPE_REPRESENTATION(#1905,#1907);
#1905 = ( REPRESENTATION_RELATIONSHIP('','',#973,#10) 
REPRESENTATION_RELATIONSHIP_WITH_TRANSFORMATION(#1906) 
SHAPE_REPRESENTATION_RELATIONSHIP() );
#1906 = ITEM_DEFINED_TRANSFORMATION('','',#11,#91);
#1907 = PRODUCT_DEFINITION_SHAPE('Placement','Placement of an item',
  #1908);
#1908 = NEXT_ASSEMBLY_USAGE_OCCURRENCE('317','C10','',#5,#968,$);
#1909 = CONTEXT_DEPENDENT_SHAPE_REPRESENTATION(#1910,#1912);
#1910 = ( REPRESENTATION_RELATIONSHIP('','',#973,#10) 
REPRESENTATION_RELATIONSHIP_WITH_TRANSFORMATION(#1911) 
SHAPE_REPRESENTATION_RELATIONSHIP() );
#1911 = ITEM_DEFINED_TRANSFORMATION('','',#11,#95);
#1912 = PRODUCT_DEFINITION_SHAPE('Placement','Placement of an item',
  #1913);
#1913 = NEXT_ASSEMBLY_USAGE_OCCURRENCE('318','C5','',#5,#968,$);
#1914 = CONTEXT_DEPENDENT_SHAPE_REPRESENTATION(#1915,#1917);
#1915 = ( REPRESENTATION_RELATIONSHIP('','',#973,#10) 
REPRESENTATION_RELATIONSHIP_WITH_TRANSFORMATION(#1916) 
SHAPE_REPRESENTATION_RELATIONSHIP() );
#1916 = ITEM_DEFINED_TRANSFORMATION('','',#11,#99);
#1917 = PRODUCT_DEFINITION_SHAPE('Placement','Placement of an item',
  #1918);
#1918 = NEXT_ASSEMBLY_USAGE_OCCURRENCE('319','C7','',#5,#968,$);
#1919 = CONTEXT_DEPENDENT_SHAPE_REPRESENTATION(#1920,#1922);
#1920 = ( REPRESENTATION_RELATIONSHIP('','',#973,#10) 
REPRESENTATION_RELATIONSHIP_WITH_TRANSFORMATION(#1921) 
SHAPE_REPRESENTATION_RELATIONSHIP() );
#1921 = ITEM_DEFINED_TRANSFORMATION('','',#11,#103);
#1922 = PRODUCT_DEFINITION_SHAPE('Placement','Placement of an item',
  #1923);
#1923 = NEXT_ASSEMBLY_USAGE_OCCURRENCE('320','R1','',#5,#968,$);
#1924 = CONTEXT_DEPENDENT_SHAPE_REPRESENTATION(#1925,#1927);
#1925 = ( REPRESENTATION_RELATIONSHIP('','',#973,#10) 
REPRESENTATION_RELATIONSHIP_WITH_TRANSFORMATION(#1926) 
SHAPE_REPRESENTATION_RELATIONSHIP() );
#1926 = ITEM_DEFINED_TRANSFORMATION('','',#11,#107);
#1927 = PRODUCT_DEFINITION_SHAPE('Placement','Placement of an item',
  #1928);
#1928 = NEXT_ASSEMBLY_USAGE_OCCURRENCE('321','C4','',#5,#968,$);
#1929 = CONTEXT_DEPENDENT_SHAPE_REPRESENTATION(#1930,#1932);
#1930 = ( REPRESENTATION_RELATIONSHIP('','',#973,#10) 
REPRESENTATION_RELATIONSHIP_WITH_TRANSFORMATION(#1931) 
SHAPE_REPRESENTATION_RELATIONSHIP() );
#1931 = ITEM_DEFINED_TRANSFORMATION('','',#11,#111);
#1932 = PRODUCT_DEFINITION_SHAPE('Placement','Placement of an item',
  #1933);
#1933 = NEXT_ASSEMBLY_USAGE_OCCURRENCE('322','C8','',#5,#968,$);
#1934 = CONTEXT_DEPENDENT_SHAPE_REPRESENTATION(#1935,#1937);
#1935 = ( REPRESENTATION_RELATIONSHIP('','',#973,#10) 
REPRESENTATION_RELATIONSHIP_WITH_TRANSFORMATION(#1936) 
SHAPE_REPRESENTATION_RELATIONSHIP() );
#1936 = ITEM_DEFINED_TRANSFORMATION('','',#11,#115);
#1937 = PRODUCT_DEFINITION_SHAPE('Placement','Placement of an item',
  #1938);
#1938 = NEXT_ASSEMBLY_USAGE_OCCURRENCE('323','C15','',#5,#968,$);
#1939 = CONTEXT_DEPENDENT_SHAPE_REPRESENTATION(#1940,#1942);
#1940 = ( REPRESENTATION_RELATIONSHIP('','',#973,#10) 
REPRESENTATION_RELATIONSHIP_WITH_TRANSFORMATION(#1941) 
SHAPE_REPRESENTATION_RELATIONSHIP() );
#1941 = ITEM_DEFINED_TRANSFORMATION('','',#11,#119);
#1942 = PRODUCT_DEFINITION_SHAPE('Placement','Placement of an item',
  #1943);
#1943 = NEXT_ASSEMBLY_USAGE_OCCURRENCE('324','C9','',#5,#968,$);
#1944 = CONTEXT_DEPENDENT_SHAPE_REPRESENTATION(#1945,#1947);
#1945 = ( REPRESENTATION_RELATIONSHIP('','',#973,#10) 
REPRESENTATION_RELATIONSHIP_WITH_TRANSFORMATION(#1946) 
SHAPE_REPRESENTATION_RELATIONSHIP() );
#1946 = ITEM_DEFINED_TRANSFORMATION('','',#11,#123);
#1947 = PRODUCT_DEFINITION_SHAPE('Placement','Placement of an item',
  #1948);
#1948 = NEXT_ASSEMBLY_USAGE_OCCURRENCE('325','C12','',#5,#968,$);
#1949 = CONTEXT_DEPENDENT_SHAPE_REPRESENTATION(#1950,#1952);
#1950 = ( REPRESENTATION_RELATIONSHIP('','',#973,#10) 
REPRESENTATION_RELATIONSHIP_WITH_TRANSFORMATION(#1951) 
SHAPE_REPRESENTATION_RELATIONSHIP() );
#1951 = ITEM_DEFINED_TRANSFORMATION('','',#11,#127);
#1952 = PRODUCT_DEFINITION_SHAPE('Placement','Placement of an item',
  #1953);
#1953 = NEXT_ASSEMBLY_USAGE_OCCURRENCE('326','C6','',#5,#968,$);
#1954 = SHAPE_DEFINITION_REPRESENTATION(#1955,#1961);
#1955 = PRODUCT_DEFINITION_SHAPE('','',#1956);
#1956 = PRODUCT_DEFINITION('design','',#1957,#1960);
#1957 = PRODUCT_DEFINITION_FORMATION('','',#1958);
#1958 = PRODUCT('EMG_DAQ_ADS1298_PCB','EMG_DAQ_ADS1298_PCB','',(#1959));
#1959 = PRODUCT_CONTEXT('',#2,'mechanical');
#1960 = PRODUCT_DEFINITION_CONTEXT('part definition',#2,'design');
#1961 = ADVANCED_BREP_SHAPE_REPRESENTATION('',(#11,#1962),#2720);
#1962 = MANIFOLD_SOLID_BREP('',#1963);
#1963 = CLOSED_SHELL('',(#1964,#2006,#2037,#2068,#2252,#2436,#2453,#2470
    ,#2487,#2504,#2516,#2533,#2550,#2567,#2584,#2601,#2618,#2635,#2652,
    #2669,#2686,#2703));
#1964 = ADVANCED_FACE('',(#1965),#2001,.T.);
#1965 = FACE_BOUND('',#1966,.T.);
#1966 = EDGE_LOOP('',(#1967,#1977,#1986,#1994));
#1967 = ORIENTED_EDGE('',*,*,#1968,.T.);
#1968 = EDGE_CURVE('',#1969,#1971,#1973,.T.);
#1969 = VERTEX_POINT('',#1970);
#1970 = CARTESIAN_POINT('',(36.749892,-22.999909,0.));
#1971 = VERTEX_POINT('',#1972);
#1972 = CARTESIAN_POINT('',(36.749892,-22.999909,0.71));
#1973 = LINE('',#1974,#1975);
#1974 = CARTESIAN_POINT('',(36.749892,-22.999909,0.));
#1975 = VECTOR('',#1976,1.);
#1976 = DIRECTION('',(0.,0.,1.));
#1977 = ORIENTED_EDGE('',*,*,#1978,.T.);
#1978 = EDGE_CURVE('',#1971,#1979,#1981,.T.);
#1979 = VERTEX_POINT('',#1980);
#1980 = CARTESIAN_POINT('',(37.499892,-23.749909,0.71));
#1981 = CIRCLE('',#1982,0.750000293247);
#1982 = AXIS2_PLACEMENT_3D('',#1983,#1984,#1985);
#1983 = CARTESIAN_POINT('',(36.749891706753,-23.74990929324,0.71));
#1984 = DIRECTION('',(0.,0.,-1.));
#1985 = DIRECTION('',(3.909953710804E-07,1.,0.));
#1986 = ORIENTED_EDGE('',*,*,#1987,.F.);
#1987 = EDGE_CURVE('',#1988,#1979,#1990,.T.);
#1988 = VERTEX_POINT('',#1989);
#1989 = CARTESIAN_POINT('',(37.499892,-23.749909,0.));
#1990 = LINE('',#1991,#1992);
#1991 = CARTESIAN_POINT('',(37.499892,-23.749909,0.));
#1992 = VECTOR('',#1993,1.);
#1993 = DIRECTION('',(0.,0.,1.));
#1994 = ORIENTED_EDGE('',*,*,#1995,.F.);
#1995 = EDGE_CURVE('',#1969,#1988,#1996,.T.);
#1996 = CIRCLE('',#1997,0.750000293247);
#1997 = AXIS2_PLACEMENT_3D('',#1998,#1999,#2000);
#1998 = CARTESIAN_POINT('',(36.749891706753,-23.74990929324,0.));
#1999 = DIRECTION('',(0.,0.,-1.));
#2000 = DIRECTION('',(3.909953710804E-07,1.,0.));
#2001 = CYLINDRICAL_SURFACE('',#2002,0.750000293247);
#2002 = AXIS2_PLACEMENT_3D('',#2003,#2004,#2005);
#2003 = CARTESIAN_POINT('',(36.749891706753,-23.74990929324,0.));
#2004 = DIRECTION('',(0.,0.,-1.));
#2005 = DIRECTION('',(3.909953710804E-07,1.,0.));
#2006 = ADVANCED_FACE('',(#2007),#2032,.T.);
#2007 = FACE_BOUND('',#2008,.T.);
#2008 = EDGE_LOOP('',(#2009,#2019,#2025,#2026));
#2009 = ORIENTED_EDGE('',*,*,#2010,.T.);
#2010 = EDGE_CURVE('',#2011,#2013,#2015,.T.);
#2011 = VERTEX_POINT('',#2012);
#2012 = CARTESIAN_POINT('',(23.249892,-22.99991,0.));
#2013 = VERTEX_POINT('',#2014);
#2014 = CARTESIAN_POINT('',(23.249892,-22.99991,0.71));
#2015 = LINE('',#2016,#2017);
#2016 = CARTESIAN_POINT('',(23.249892,-22.99991,0.));
#2017 = VECTOR('',#2018,1.);
#2018 = DIRECTION('',(0.,0.,1.));
#2019 = ORIENTED_EDGE('',*,*,#2020,.T.);
#2020 = EDGE_CURVE('',#2013,#1971,#2021,.T.);
#2021 = LINE('',#2022,#2023);
#2022 = CARTESIAN_POINT('',(23.249892,-22.99991,0.71));
#2023 = VECTOR('',#2024,1.);
#2024 = DIRECTION('',(1.,7.407407415022E-08,0.));
#2025 = ORIENTED_EDGE('',*,*,#1968,.F.);
#2026 = ORIENTED_EDGE('',*,*,#2027,.F.);
#2027 = EDGE_CURVE('',#2011,#1969,#2028,.T.);
#2028 = LINE('',#2029,#2030);
#2029 = CARTESIAN_POINT('',(23.249892,-22.99991,0.));
#2030 = VECTOR('',#2031,1.);
#2031 = DIRECTION('',(1.,7.407407415022E-08,0.));
#2032 = PLANE('',#2033);
#2033 = AXIS2_PLACEMENT_3D('',#2034,#2035,#2036);
#2034 = CARTESIAN_POINT('',(23.249892,-22.99991,0.));
#2035 = DIRECTION('',(-7.407407415022E-08,1.,0.));
#2036 = DIRECTION('',(1.,7.407407415022E-08,0.));
#2037 = ADVANCED_FACE('',(#2038),#2063,.T.);
#2038 = FACE_BOUND('',#2039,.T.);
#2039 = EDGE_LOOP('',(#2040,#2041,#2049,#2057));
#2040 = ORIENTED_EDGE('',*,*,#1987,.T.);
#2041 = ORIENTED_EDGE('',*,*,#2042,.T.);
#2042 = EDGE_CURVE('',#1979,#2043,#2045,.T.);
#2043 = VERTEX_POINT('',#2044);
#2044 = CARTESIAN_POINT('',(37.499892,-33.249909,0.71));
#2045 = LINE('',#2046,#2047);
#2046 = CARTESIAN_POINT('',(37.499892,-23.749909,0.71));
#2047 = VECTOR('',#2048,1.);
#2048 = DIRECTION('',(0.,-1.,0.));
#2049 = ORIENTED_EDGE('',*,*,#2050,.F.);
#2050 = EDGE_CURVE('',#2051,#2043,#2053,.T.);
#2051 = VERTEX_POINT('',#2052);
#2052 = CARTESIAN_POINT('',(37.499892,-33.249909,0.));
#2053 = LINE('',#2054,#2055);
#2054 = CARTESIAN_POINT('',(37.499892,-33.249909,0.));
#2055 = VECTOR('',#2056,1.);
#2056 = DIRECTION('',(0.,0.,1.));
#2057 = ORIENTED_EDGE('',*,*,#2058,.F.);
#2058 = EDGE_CURVE('',#1988,#2051,#2059,.T.);
#2059 = LINE('',#2060,#2061);
#2060 = CARTESIAN_POINT('',(37.499892,-23.749909,0.));
#2061 = VECTOR('',#2062,1.);
#2062 = DIRECTION('',(0.,-1.,0.));
#2063 = PLANE('',#2064);
#2064 = AXIS2_PLACEMENT_3D('',#2065,#2066,#2067);
#2065 = CARTESIAN_POINT('',(37.499892,-23.749909,0.));
#2066 = DIRECTION('',(1.,0.,-0.));
#2067 = DIRECTION('',(0.,-1.,0.));
#2068 = ADVANCED_FACE('',(#2069,#2115,#2126,#2137,#2148,#2159,#2170,
    #2181,#2192,#2203,#2214,#2225,#2236),#2247,.F.);
#2069 = FACE_BOUND('',#2070,.F.);
#2070 = EDGE_LOOP('',(#2071,#2072,#2073,#2082,#2090,#2099,#2107,#2114));
#2071 = ORIENTED_EDGE('',*,*,#1995,.F.);
#2072 = ORIENTED_EDGE('',*,*,#2027,.F.);
#2073 = ORIENTED_EDGE('',*,*,#2074,.F.);
#2074 = EDGE_CURVE('',#2075,#2011,#2077,.T.);
#2075 = VERTEX_POINT('',#2076);
#2076 = CARTESIAN_POINT('',(22.499892,-23.74991,0.));
#2077 = CIRCLE('',#2078,0.750000293247);
#2078 = AXIS2_PLACEMENT_3D('',#2079,#2080,#2081);
#2079 = CARTESIAN_POINT('',(23.249892293247,-23.74991029324,0.));
#2080 = DIRECTION('',(0.,0.,-1.));
#2081 = DIRECTION('',(-1.,3.909953663434E-07,0.));
#2082 = ORIENTED_EDGE('',*,*,#2083,.F.);
#2083 = EDGE_CURVE('',#2084,#2075,#2086,.T.);
#2084 = VERTEX_POINT('',#2085);
#2085 = CARTESIAN_POINT('',(22.499892,-33.24991,0.));
#2086 = LINE('',#2087,#2088);
#2087 = CARTESIAN_POINT('',(22.499892,-33.24991,0.));
#2088 = VECTOR('',#2089,1.);
#2089 = DIRECTION('',(0.,1.,0.));
#2090 = ORIENTED_EDGE('',*,*,#2091,.F.);
#2091 = EDGE_CURVE('',#2092,#2084,#2094,.T.);
#2092 = VERTEX_POINT('',#2093);
#2093 = CARTESIAN_POINT('',(23.249892,-33.99991,0.));
#2094 = CIRCLE('',#2095,0.750000293247);
#2095 = AXIS2_PLACEMENT_3D('',#2096,#2097,#2098);
#2096 = CARTESIAN_POINT('',(23.249892293247,-33.24990970675,0.));
#2097 = DIRECTION('',(0.,0.,-1.));
#2098 = DIRECTION('',(-3.909953663434E-07,-1.,-0.));
#2099 = ORIENTED_EDGE('',*,*,#2100,.F.);
#2100 = EDGE_CURVE('',#2101,#2092,#2103,.T.);
#2101 = VERTEX_POINT('',#2102);
#2102 = CARTESIAN_POINT('',(36.749892,-33.999909,0.));
#2103 = LINE('',#2104,#2105);
#2104 = CARTESIAN_POINT('',(36.749892,-33.999909,0.));
#2105 = VECTOR('',#2106,1.);
#2106 = DIRECTION('',(-1.,-7.407407388705E-08,0.));
#2107 = ORIENTED_EDGE('',*,*,#2108,.F.);
#2108 = EDGE_CURVE('',#2051,#2101,#2109,.T.);
#2109 = CIRCLE('',#2110,0.749998586143);
#2110 = AXIS2_PLACEMENT_3D('',#2111,#2112,#2113);
#2111 = CARTESIAN_POINT('',(36.749893413858,-33.24991041385,0.));
#2112 = DIRECTION('',(0.,0.,-1.));
#2113 = DIRECTION('',(0.999999999998,1.885147366082E-06,0.));
#2114 = ORIENTED_EDGE('',*,*,#2058,.F.);
#2115 = FACE_BOUND('',#2116,.F.);
#2116 = EDGE_LOOP('',(#2117));
#2117 = ORIENTED_EDGE('',*,*,#2118,.T.);
#2118 = EDGE_CURVE('',#2119,#2119,#2121,.T.);
#2119 = VERTEX_POINT('',#2120);
#2120 = CARTESIAN_POINT('',(24.199892,-32.32491,0.));
#2121 = CIRCLE('',#2122,0.325);
#2122 = AXIS2_PLACEMENT_3D('',#2123,#2124,#2125);
#2123 = CARTESIAN_POINT('',(24.199892,-31.99991,0.));
#2124 = DIRECTION('',(-0.,0.,-1.));
#2125 = DIRECTION('',(-0.,-1.,0.));
#2126 = FACE_BOUND('',#2127,.F.);
#2127 = EDGE_LOOP('',(#2128));
#2128 = ORIENTED_EDGE('',*,*,#2129,.T.);
#2129 = EDGE_CURVE('',#2130,#2130,#2132,.T.);
#2130 = VERTEX_POINT('',#2131);
#2131 = CARTESIAN_POINT('',(24.199892,-31.05491,0.));
#2132 = CIRCLE('',#2133,0.325);
#2133 = AXIS2_PLACEMENT_3D('',#2134,#2135,#2136);
#2134 = CARTESIAN_POINT('',(24.199892,-30.72991,0.));
#2135 = DIRECTION('',(-0.,0.,-1.));
#2136 = DIRECTION('',(-0.,-1.,0.));
#2137 = FACE_BOUND('',#2138,.F.);
#2138 = EDGE_LOOP('',(#2139));
#2139 = ORIENTED_EDGE('',*,*,#2140,.F.);
#2140 = EDGE_CURVE('',#2141,#2141,#2143,.T.);
#2141 = VERTEX_POINT('',#2142);
#2142 = CARTESIAN_POINT('',(24.249892,-23.99991,0.));
#2143 = CIRCLE('',#2144,0.5);
#2144 = AXIS2_PLACEMENT_3D('',#2145,#2146,#2147);
#2145 = CARTESIAN_POINT('',(23.749892,-23.99991,0.));
#2146 = DIRECTION('',(0.,0.,1.));
#2147 = DIRECTION('',(1.,0.,-0.));
#2148 = FACE_BOUND('',#2149,.F.);
#2149 = EDGE_LOOP('',(#2150));
#2150 = ORIENTED_EDGE('',*,*,#2151,.T.);
#2151 = EDGE_CURVE('',#2152,#2152,#2154,.T.);
#2152 = VERTEX_POINT('',#2153);
#2153 = CARTESIAN_POINT('',(25.554892,-24.32491,0.));
#2154 = CIRCLE('',#2155,0.325);
#2155 = AXIS2_PLACEMENT_3D('',#2156,#2157,#2158);
#2156 = CARTESIAN_POINT('',(25.554892,-23.99991,0.));
#2157 = DIRECTION('',(-0.,0.,-1.));
#2158 = DIRECTION('',(-1.0931426704E-14,-1.,0.));
#2159 = FACE_BOUND('',#2160,.F.);
#2160 = EDGE_LOOP('',(#2161));
#2161 = ORIENTED_EDGE('',*,*,#2162,.T.);
#2162 = EDGE_CURVE('',#2163,#2163,#2165,.T.);
#2163 = VERTEX_POINT('',#2164);
#2164 = CARTESIAN_POINT('',(26.824892,-24.32491,0.));
#2165 = CIRCLE('',#2166,0.325);
#2166 = AXIS2_PLACEMENT_3D('',#2167,#2168,#2169);
#2167 = CARTESIAN_POINT('',(26.824892,-23.99991,0.));
#2168 = DIRECTION('',(-0.,0.,-1.));
#2169 = DIRECTION('',(-0.,-1.,0.));
#2170 = FACE_BOUND('',#2171,.F.);
#2171 = EDGE_LOOP('',(#2172));
#2172 = ORIENTED_EDGE('',*,*,#2173,.T.);
#2173 = EDGE_CURVE('',#2174,#2174,#2176,.T.);
#2174 = VERTEX_POINT('',#2175);
#2175 = CARTESIAN_POINT('',(28.094892,-24.32491,0.));
#2176 = CIRCLE('',#2177,0.325);
#2177 = AXIS2_PLACEMENT_3D('',#2178,#2179,#2180);
#2178 = CARTESIAN_POINT('',(28.094892,-23.99991,0.));
#2179 = DIRECTION('',(-0.,0.,-1.));
#2180 = DIRECTION('',(-0.,-1.,0.));
#2181 = FACE_BOUND('',#2182,.F.);
#2182 = EDGE_LOOP('',(#2183));
#2183 = ORIENTED_EDGE('',*,*,#2184,.T.);
#2184 = EDGE_CURVE('',#2185,#2185,#2187,.T.);
#2185 = VERTEX_POINT('',#2186);
#2186 = CARTESIAN_POINT('',(29.364892,-24.32491,0.));
#2187 = CIRCLE('',#2188,0.325);
#2188 = AXIS2_PLACEMENT_3D('',#2189,#2190,#2191);
#2189 = CARTESIAN_POINT('',(29.364892,-23.99991,0.));
#2190 = DIRECTION('',(-0.,0.,-1.));
#2191 = DIRECTION('',(1.0931426704E-14,-1.,-0.));
#2192 = FACE_BOUND('',#2193,.F.);
#2193 = EDGE_LOOP('',(#2194));
#2194 = ORIENTED_EDGE('',*,*,#2195,.T.);
#2195 = EDGE_CURVE('',#2196,#2196,#2198,.T.);
#2196 = VERTEX_POINT('',#2197);
#2197 = CARTESIAN_POINT('',(30.634892,-24.32491,0.));
#2198 = CIRCLE('',#2199,0.325);
#2199 = AXIS2_PLACEMENT_3D('',#2200,#2201,#2202);
#2200 = CARTESIAN_POINT('',(30.634892,-23.99991,0.));
#2201 = DIRECTION('',(-0.,0.,-1.));
#2202 = DIRECTION('',(-0.,-1.,0.));
#2203 = FACE_BOUND('',#2204,.F.);
#2204 = EDGE_LOOP('',(#2205));
#2205 = ORIENTED_EDGE('',*,*,#2206,.T.);
#2206 = EDGE_CURVE('',#2207,#2207,#2209,.T.);
#2207 = VERTEX_POINT('',#2208);
#2208 = CARTESIAN_POINT('',(31.904892,-24.32491,0.));
#2209 = CIRCLE('',#2210,0.325);
#2210 = AXIS2_PLACEMENT_3D('',#2211,#2212,#2213);
#2211 = CARTESIAN_POINT('',(31.904892,-23.99991,0.));
#2212 = DIRECTION('',(-0.,0.,-1.));
#2213 = DIRECTION('',(-0.,-1.,0.));
#2214 = FACE_BOUND('',#2215,.F.);
#2215 = EDGE_LOOP('',(#2216));
#2216 = ORIENTED_EDGE('',*,*,#2217,.T.);
#2217 = EDGE_CURVE('',#2218,#2218,#2220,.T.);
#2218 = VERTEX_POINT('',#2219);
#2219 = CARTESIAN_POINT('',(33.174892,-24.32491,0.));
#2220 = CIRCLE('',#2221,0.325);
#2221 = AXIS2_PLACEMENT_3D('',#2222,#2223,#2224);
#2222 = CARTESIAN_POINT('',(33.174892,-23.99991,0.));
#2223 = DIRECTION('',(-0.,0.,-1.));
#2224 = DIRECTION('',(-0.,-1.,0.));
#2225 = FACE_BOUND('',#2226,.F.);
#2226 = EDGE_LOOP('',(#2227));
#2227 = ORIENTED_EDGE('',*,*,#2228,.T.);
#2228 = EDGE_CURVE('',#2229,#2229,#2231,.T.);
#2229 = VERTEX_POINT('',#2230);
#2230 = CARTESIAN_POINT('',(34.444892,-24.32491,0.));
#2231 = CIRCLE('',#2232,0.325);
#2232 = AXIS2_PLACEMENT_3D('',#2233,#2234,#2235);
#2233 = CARTESIAN_POINT('',(34.444892,-23.99991,0.));
#2234 = DIRECTION('',(-0.,0.,-1.));
#2235 = DIRECTION('',(2.1862853408E-14,-1.,-0.));
#2236 = FACE_BOUND('',#2237,.F.);
#2237 = EDGE_LOOP('',(#2238));
#2238 = ORIENTED_EDGE('',*,*,#2239,.F.);
#2239 = EDGE_CURVE('',#2240,#2240,#2242,.T.);
#2240 = VERTEX_POINT('',#2241);
#2241 = CARTESIAN_POINT('',(36.749892,-23.99991,0.));
#2242 = CIRCLE('',#2243,0.5);
#2243 = AXIS2_PLACEMENT_3D('',#2244,#2245,#2246);
#2244 = CARTESIAN_POINT('',(36.249892,-23.99991,0.));
#2245 = DIRECTION('',(0.,0.,1.));
#2246 = DIRECTION('',(1.,0.,-0.));
#2247 = PLANE('',#2248);
#2248 = AXIS2_PLACEMENT_3D('',#2249,#2250,#2251);
#2249 = CARTESIAN_POINT('',(0.,0.,0.));
#2250 = DIRECTION('',(0.,0.,1.));
#2251 = DIRECTION('',(1.,0.,-0.));
#2252 = ADVANCED_FACE('',(#2253,#2299,#2310,#2321,#2332,#2343,#2354,
    #2365,#2376,#2387,#2398,#2409,#2420),#2431,.T.);
#2253 = FACE_BOUND('',#2254,.T.);
#2254 = EDGE_LOOP('',(#2255,#2256,#2257,#2266,#2274,#2283,#2291,#2298));
#2255 = ORIENTED_EDGE('',*,*,#1978,.F.);
#2256 = ORIENTED_EDGE('',*,*,#2020,.F.);
#2257 = ORIENTED_EDGE('',*,*,#2258,.F.);
#2258 = EDGE_CURVE('',#2259,#2013,#2261,.T.);
#2259 = VERTEX_POINT('',#2260);
#2260 = CARTESIAN_POINT('',(22.499892,-23.74991,0.71));
#2261 = CIRCLE('',#2262,0.750000293247);
#2262 = AXIS2_PLACEMENT_3D('',#2263,#2264,#2265);
#2263 = CARTESIAN_POINT('',(23.249892293247,-23.74991029324,0.71));
#2264 = DIRECTION('',(0.,0.,-1.));
#2265 = DIRECTION('',(-1.,3.909953663434E-07,0.));
#2266 = ORIENTED_EDGE('',*,*,#2267,.F.);
#2267 = EDGE_CURVE('',#2268,#2259,#2270,.T.);
#2268 = VERTEX_POINT('',#2269);
#2269 = CARTESIAN_POINT('',(22.499892,-33.24991,0.71));
#2270 = LINE('',#2271,#2272);
#2271 = CARTESIAN_POINT('',(22.499892,-33.24991,0.71));
#2272 = VECTOR('',#2273,1.);
#2273 = DIRECTION('',(0.,1.,0.));
#2274 = ORIENTED_EDGE('',*,*,#2275,.F.);
#2275 = EDGE_CURVE('',#2276,#2268,#2278,.T.);
#2276 = VERTEX_POINT('',#2277);
#2277 = CARTESIAN_POINT('',(23.249892,-33.99991,0.71));
#2278 = CIRCLE('',#2279,0.750000293247);
#2279 = AXIS2_PLACEMENT_3D('',#2280,#2281,#2282);
#2280 = CARTESIAN_POINT('',(23.249892293247,-33.24990970675,0.71));
#2281 = DIRECTION('',(0.,0.,-1.));
#2282 = DIRECTION('',(-3.909953663434E-07,-1.,-0.));
#2283 = ORIENTED_EDGE('',*,*,#2284,.F.);
#2284 = EDGE_CURVE('',#2285,#2276,#2287,.T.);
#2285 = VERTEX_POINT('',#2286);
#2286 = CARTESIAN_POINT('',(36.749892,-33.999909,0.71));
#2287 = LINE('',#2288,#2289);
#2288 = CARTESIAN_POINT('',(36.749892,-33.999909,0.71));
#2289 = VECTOR('',#2290,1.);
#2290 = DIRECTION('',(-1.,-7.407407388705E-08,0.));
#2291 = ORIENTED_EDGE('',*,*,#2292,.F.);
#2292 = EDGE_CURVE('',#2043,#2285,#2293,.T.);
#2293 = CIRCLE('',#2294,0.749998586143);
#2294 = AXIS2_PLACEMENT_3D('',#2295,#2296,#2297);
#2295 = CARTESIAN_POINT('',(36.749893413858,-33.24991041385,0.71));
#2296 = DIRECTION('',(0.,0.,-1.));
#2297 = DIRECTION('',(0.999999999998,1.885147366082E-06,0.));
#2298 = ORIENTED_EDGE('',*,*,#2042,.F.);
#2299 = FACE_BOUND('',#2300,.T.);
#2300 = EDGE_LOOP('',(#2301));
#2301 = ORIENTED_EDGE('',*,*,#2302,.T.);
#2302 = EDGE_CURVE('',#2303,#2303,#2305,.T.);
#2303 = VERTEX_POINT('',#2304);
#2304 = CARTESIAN_POINT('',(24.199892,-32.32491,0.71));
#2305 = CIRCLE('',#2306,0.325);
#2306 = AXIS2_PLACEMENT_3D('',#2307,#2308,#2309);
#2307 = CARTESIAN_POINT('',(24.199892,-31.99991,0.71));
#2308 = DIRECTION('',(-0.,0.,-1.));
#2309 = DIRECTION('',(-0.,-1.,0.));
#2310 = FACE_BOUND('',#2311,.T.);
#2311 = EDGE_LOOP('',(#2312));
#2312 = ORIENTED_EDGE('',*,*,#2313,.T.);
#2313 = EDGE_CURVE('',#2314,#2314,#2316,.T.);
#2314 = VERTEX_POINT('',#2315);
#2315 = CARTESIAN_POINT('',(24.199892,-31.05491,0.71));
#2316 = CIRCLE('',#2317,0.325);
#2317 = AXIS2_PLACEMENT_3D('',#2318,#2319,#2320);
#2318 = CARTESIAN_POINT('',(24.199892,-30.72991,0.71));
#2319 = DIRECTION('',(-0.,0.,-1.));
#2320 = DIRECTION('',(-0.,-1.,0.));
#2321 = FACE_BOUND('',#2322,.T.);
#2322 = EDGE_LOOP('',(#2323));
#2323 = ORIENTED_EDGE('',*,*,#2324,.F.);
#2324 = EDGE_CURVE('',#2325,#2325,#2327,.T.);
#2325 = VERTEX_POINT('',#2326);
#2326 = CARTESIAN_POINT('',(24.249892,-23.99991,0.71));
#2327 = CIRCLE('',#2328,0.5);
#2328 = AXIS2_PLACEMENT_3D('',#2329,#2330,#2331);
#2329 = CARTESIAN_POINT('',(23.749892,-23.99991,0.71));
#2330 = DIRECTION('',(0.,0.,1.));
#2331 = DIRECTION('',(1.,0.,-0.));
#2332 = FACE_BOUND('',#2333,.T.);
#2333 = EDGE_LOOP('',(#2334));
#2334 = ORIENTED_EDGE('',*,*,#2335,.T.);
#2335 = EDGE_CURVE('',#2336,#2336,#2338,.T.);
#2336 = VERTEX_POINT('',#2337);
#2337 = CARTESIAN_POINT('',(25.554892,-24.32491,0.71));
#2338 = CIRCLE('',#2339,0.325);
#2339 = AXIS2_PLACEMENT_3D('',#2340,#2341,#2342);
#2340 = CARTESIAN_POINT('',(25.554892,-23.99991,0.71));
#2341 = DIRECTION('',(-0.,0.,-1.));
#2342 = DIRECTION('',(-1.0931426704E-14,-1.,0.));
#2343 = FACE_BOUND('',#2344,.T.);
#2344 = EDGE_LOOP('',(#2345));
#2345 = ORIENTED_EDGE('',*,*,#2346,.T.);
#2346 = EDGE_CURVE('',#2347,#2347,#2349,.T.);
#2347 = VERTEX_POINT('',#2348);
#2348 = CARTESIAN_POINT('',(26.824892,-24.32491,0.71));
#2349 = CIRCLE('',#2350,0.325);
#2350 = AXIS2_PLACEMENT_3D('',#2351,#2352,#2353);
#2351 = CARTESIAN_POINT('',(26.824892,-23.99991,0.71));
#2352 = DIRECTION('',(-0.,0.,-1.));
#2353 = DIRECTION('',(-0.,-1.,0.));
#2354 = FACE_BOUND('',#2355,.T.);
#2355 = EDGE_LOOP('',(#2356));
#2356 = ORIENTED_EDGE('',*,*,#2357,.T.);
#2357 = EDGE_CURVE('',#2358,#2358,#2360,.T.);
#2358 = VERTEX_POINT('',#2359);
#2359 = CARTESIAN_POINT('',(28.094892,-24.32491,0.71));
#2360 = CIRCLE('',#2361,0.325);
#2361 = AXIS2_PLACEMENT_3D('',#2362,#2363,#2364);
#2362 = CARTESIAN_POINT('',(28.094892,-23.99991,0.71));
#2363 = DIRECTION('',(-0.,0.,-1.));
#2364 = DIRECTION('',(-0.,-1.,0.));
#2365 = FACE_BOUND('',#2366,.T.);
#2366 = EDGE_LOOP('',(#2367));
#2367 = ORIENTED_EDGE('',*,*,#2368,.T.);
#2368 = EDGE_CURVE('',#2369,#2369,#2371,.T.);
#2369 = VERTEX_POINT('',#2370);
#2370 = CARTESIAN_POINT('',(29.364892,-24.32491,0.71));
#2371 = CIRCLE('',#2372,0.325);
#2372 = AXIS2_PLACEMENT_3D('',#2373,#2374,#2375);
#2373 = CARTESIAN_POINT('',(29.364892,-23.99991,0.71));
#2374 = DIRECTION('',(-0.,0.,-1.));
#2375 = DIRECTION('',(1.0931426704E-14,-1.,-0.));
#2376 = FACE_BOUND('',#2377,.T.);
#2377 = EDGE_LOOP('',(#2378));
#2378 = ORIENTED_EDGE('',*,*,#2379,.T.);
#2379 = EDGE_CURVE('',#2380,#2380,#2382,.T.);
#2380 = VERTEX_POINT('',#2381);
#2381 = CARTESIAN_POINT('',(30.634892,-24.32491,0.71));
#2382 = CIRCLE('',#2383,0.325);
#2383 = AXIS2_PLACEMENT_3D('',#2384,#2385,#2386);
#2384 = CARTESIAN_POINT('',(30.634892,-23.99991,0.71));
#2385 = DIRECTION('',(-0.,0.,-1.));
#2386 = DIRECTION('',(-0.,-1.,0.));
#2387 = FACE_BOUND('',#2388,.T.);
#2388 = EDGE_LOOP('',(#2389));
#2389 = ORIENTED_EDGE('',*,*,#2390,.T.);
#2390 = EDGE_CURVE('',#2391,#2391,#2393,.T.);
#2391 = VERTEX_POINT('',#2392);
#2392 = CARTESIAN_POINT('',(31.904892,-24.32491,0.71));
#2393 = CIRCLE('',#2394,0.325);
#2394 = AXIS2_PLACEMENT_3D('',#2395,#2396,#2397);
#2395 = CARTESIAN_POINT('',(31.904892,-23.99991,0.71));
#2396 = DIRECTION('',(-0.,0.,-1.));
#2397 = DIRECTION('',(-0.,-1.,0.));
#2398 = FACE_BOUND('',#2399,.T.);
#2399 = EDGE_LOOP('',(#2400));
#2400 = ORIENTED_EDGE('',*,*,#2401,.T.);
#2401 = EDGE_CURVE('',#2402,#2402,#2404,.T.);
#2402 = VERTEX_POINT('',#2403);
#2403 = CARTESIAN_POINT('',(33.174892,-24.32491,0.71));
#2404 = CIRCLE('',#2405,0.325);
#2405 = AXIS2_PLACEMENT_3D('',#2406,#2407,#2408);
#2406 = CARTESIAN_POINT('',(33.174892,-23.99991,0.71));
#2407 = DIRECTION('',(-0.,0.,-1.));
#2408 = DIRECTION('',(-0.,-1.,0.));
#2409 = FACE_BOUND('',#2410,.T.);
#2410 = EDGE_LOOP('',(#2411));
#2411 = ORIENTED_EDGE('',*,*,#2412,.T.);
#2412 = EDGE_CURVE('',#2413,#2413,#2415,.T.);
#2413 = VERTEX_POINT('',#2414);
#2414 = CARTESIAN_POINT('',(34.444892,-24.32491,0.71));
#2415 = CIRCLE('',#2416,0.325);
#2416 = AXIS2_PLACEMENT_3D('',#2417,#2418,#2419);
#2417 = CARTESIAN_POINT('',(34.444892,-23.99991,0.71));
#2418 = DIRECTION('',(-0.,0.,-1.));
#2419 = DIRECTION('',(2.1862853408E-14,-1.,-0.));
#2420 = FACE_BOUND('',#2421,.T.);
#2421 = EDGE_LOOP('',(#2422));
#2422 = ORIENTED_EDGE('',*,*,#2423,.F.);
#2423 = EDGE_CURVE('',#2424,#2424,#2426,.T.);
#2424 = VERTEX_POINT('',#2425);
#2425 = CARTESIAN_POINT('',(36.749892,-23.99991,0.71));
#2426 = CIRCLE('',#2427,0.5);
#2427 = AXIS2_PLACEMENT_3D('',#2428,#2429,#2430);
#2428 = CARTESIAN_POINT('',(36.249892,-23.99991,0.71));
#2429 = DIRECTION('',(0.,0.,1.));
#2430 = DIRECTION('',(1.,0.,-0.));
#2431 = PLANE('',#2432);
#2432 = AXIS2_PLACEMENT_3D('',#2433,#2434,#2435);
#2433 = CARTESIAN_POINT('',(0.,0.,0.71));
#2434 = DIRECTION('',(0.,0.,1.));
#2435 = DIRECTION('',(1.,0.,-0.));
#2436 = ADVANCED_FACE('',(#2437),#2448,.T.);
#2437 = FACE_BOUND('',#2438,.T.);
#2438 = EDGE_LOOP('',(#2439,#2445,#2446,#2447));
#2439 = ORIENTED_EDGE('',*,*,#2440,.T.);
#2440 = EDGE_CURVE('',#2075,#2259,#2441,.T.);
#2441 = LINE('',#2442,#2443);
#2442 = CARTESIAN_POINT('',(22.499892,-23.74991,0.));
#2443 = VECTOR('',#2444,1.);
#2444 = DIRECTION('',(0.,0.,1.));
#2445 = ORIENTED_EDGE('',*,*,#2258,.T.);
#2446 = ORIENTED_EDGE('',*,*,#2010,.F.);
#2447 = ORIENTED_EDGE('',*,*,#2074,.F.);
#2448 = CYLINDRICAL_SURFACE('',#2449,0.750000293247);
#2449 = AXIS2_PLACEMENT_3D('',#2450,#2451,#2452);
#2450 = CARTESIAN_POINT('',(23.249892293247,-23.74991029324,0.));
#2451 = DIRECTION('',(0.,0.,-1.));
#2452 = DIRECTION('',(-1.,3.909953663434E-07,0.));
#2453 = ADVANCED_FACE('',(#2454),#2465,.T.);
#2454 = FACE_BOUND('',#2455,.T.);
#2455 = EDGE_LOOP('',(#2456,#2457,#2458,#2464));
#2456 = ORIENTED_EDGE('',*,*,#2050,.T.);
#2457 = ORIENTED_EDGE('',*,*,#2292,.T.);
#2458 = ORIENTED_EDGE('',*,*,#2459,.F.);
#2459 = EDGE_CURVE('',#2101,#2285,#2460,.T.);
#2460 = LINE('',#2461,#2462);
#2461 = CARTESIAN_POINT('',(36.749892,-33.999909,0.));
#2462 = VECTOR('',#2463,1.);
#2463 = DIRECTION('',(0.,0.,1.));
#2464 = ORIENTED_EDGE('',*,*,#2108,.F.);
#2465 = CYLINDRICAL_SURFACE('',#2466,0.749998586143);
#2466 = AXIS2_PLACEMENT_3D('',#2467,#2468,#2469);
#2467 = CARTESIAN_POINT('',(36.749893413858,-33.24991041385,0.));
#2468 = DIRECTION('',(0.,0.,-1.));
#2469 = DIRECTION('',(0.999999999998,1.885147366082E-06,0.));
#2470 = ADVANCED_FACE('',(#2471),#2482,.T.);
#2471 = FACE_BOUND('',#2472,.T.);
#2472 = EDGE_LOOP('',(#2473,#2479,#2480,#2481));
#2473 = ORIENTED_EDGE('',*,*,#2474,.T.);
#2474 = EDGE_CURVE('',#2084,#2268,#2475,.T.);
#2475 = LINE('',#2476,#2477);
#2476 = CARTESIAN_POINT('',(22.499892,-33.24991,0.));
#2477 = VECTOR('',#2478,1.);
#2478 = DIRECTION('',(0.,0.,1.));
#2479 = ORIENTED_EDGE('',*,*,#2267,.T.);
#2480 = ORIENTED_EDGE('',*,*,#2440,.F.);
#2481 = ORIENTED_EDGE('',*,*,#2083,.F.);
#2482 = PLANE('',#2483);
#2483 = AXIS2_PLACEMENT_3D('',#2484,#2485,#2486);
#2484 = CARTESIAN_POINT('',(22.499892,-33.24991,0.));
#2485 = DIRECTION('',(-1.,0.,0.));
#2486 = DIRECTION('',(0.,1.,0.));
#2487 = ADVANCED_FACE('',(#2488),#2499,.T.);
#2488 = FACE_BOUND('',#2489,.T.);
#2489 = EDGE_LOOP('',(#2490,#2491,#2492,#2498));
#2490 = ORIENTED_EDGE('',*,*,#2459,.T.);
#2491 = ORIENTED_EDGE('',*,*,#2284,.T.);
#2492 = ORIENTED_EDGE('',*,*,#2493,.F.);
#2493 = EDGE_CURVE('',#2092,#2276,#2494,.T.);
#2494 = LINE('',#2495,#2496);
#2495 = CARTESIAN_POINT('',(23.249892,-33.99991,0.));
#2496 = VECTOR('',#2497,1.);
#2497 = DIRECTION('',(0.,0.,1.));
#2498 = ORIENTED_EDGE('',*,*,#2100,.F.);
#2499 = PLANE('',#2500);
#2500 = AXIS2_PLACEMENT_3D('',#2501,#2502,#2503);
#2501 = CARTESIAN_POINT('',(36.749892,-33.999909,0.));
#2502 = DIRECTION('',(7.407407388705E-08,-1.,0.));
#2503 = DIRECTION('',(-1.,-7.407407388705E-08,0.));
#2504 = ADVANCED_FACE('',(#2505),#2511,.T.);
#2505 = FACE_BOUND('',#2506,.T.);
#2506 = EDGE_LOOP('',(#2507,#2508,#2509,#2510));
#2507 = ORIENTED_EDGE('',*,*,#2493,.T.);
#2508 = ORIENTED_EDGE('',*,*,#2275,.T.);
#2509 = ORIENTED_EDGE('',*,*,#2474,.F.);
#2510 = ORIENTED_EDGE('',*,*,#2091,.F.);
#2511 = CYLINDRICAL_SURFACE('',#2512,0.750000293247);
#2512 = AXIS2_PLACEMENT_3D('',#2513,#2514,#2515);
#2513 = CARTESIAN_POINT('',(23.249892293247,-33.24990970675,0.));
#2514 = DIRECTION('',(0.,0.,-1.));
#2515 = DIRECTION('',(-3.909953663434E-07,-1.,-0.));
#2516 = ADVANCED_FACE('',(#2517),#2528,.F.);
#2517 = FACE_BOUND('',#2518,.T.);
#2518 = EDGE_LOOP('',(#2519,#2520,#2526,#2527));
#2519 = ORIENTED_EDGE('',*,*,#2118,.T.);
#2520 = ORIENTED_EDGE('',*,*,#2521,.T.);
#2521 = EDGE_CURVE('',#2119,#2303,#2522,.T.);
#2522 = LINE('',#2523,#2524);
#2523 = CARTESIAN_POINT('',(24.199892,-32.32491,-4.6E-02));
#2524 = VECTOR('',#2525,1.);
#2525 = DIRECTION('',(0.,0.,1.));
#2526 = ORIENTED_EDGE('',*,*,#2302,.F.);
#2527 = ORIENTED_EDGE('',*,*,#2521,.F.);
#2528 = CYLINDRICAL_SURFACE('',#2529,0.325);
#2529 = AXIS2_PLACEMENT_3D('',#2530,#2531,#2532);
#2530 = CARTESIAN_POINT('',(24.199892,-31.99991,-4.6E-02));
#2531 = DIRECTION('',(-0.,-0.,-1.));
#2532 = DIRECTION('',(-0.,-1.,0.));
#2533 = ADVANCED_FACE('',(#2534),#2545,.F.);
#2534 = FACE_BOUND('',#2535,.T.);
#2535 = EDGE_LOOP('',(#2536,#2537,#2543,#2544));
#2536 = ORIENTED_EDGE('',*,*,#2129,.T.);
#2537 = ORIENTED_EDGE('',*,*,#2538,.T.);
#2538 = EDGE_CURVE('',#2130,#2314,#2539,.T.);
#2539 = LINE('',#2540,#2541);
#2540 = CARTESIAN_POINT('',(24.199892,-31.05491,-4.6E-02));
#2541 = VECTOR('',#2542,1.);
#2542 = DIRECTION('',(0.,0.,1.));
#2543 = ORIENTED_EDGE('',*,*,#2313,.F.);
#2544 = ORIENTED_EDGE('',*,*,#2538,.F.);
#2545 = CYLINDRICAL_SURFACE('',#2546,0.325);
#2546 = AXIS2_PLACEMENT_3D('',#2547,#2548,#2549);
#2547 = CARTESIAN_POINT('',(24.199892,-30.72991,-4.6E-02));
#2548 = DIRECTION('',(-0.,-0.,-1.));
#2549 = DIRECTION('',(-0.,-1.,0.));
#2550 = ADVANCED_FACE('',(#2551),#2562,.F.);
#2551 = FACE_BOUND('',#2552,.T.);
#2552 = EDGE_LOOP('',(#2553,#2559,#2560,#2561));
#2553 = ORIENTED_EDGE('',*,*,#2554,.T.);
#2554 = EDGE_CURVE('',#2141,#2325,#2555,.T.);
#2555 = LINE('',#2556,#2557);
#2556 = CARTESIAN_POINT('',(24.249892,-23.99991,0.));
#2557 = VECTOR('',#2558,1.);
#2558 = DIRECTION('',(0.,0.,1.));
#2559 = ORIENTED_EDGE('',*,*,#2324,.T.);
#2560 = ORIENTED_EDGE('',*,*,#2554,.F.);
#2561 = ORIENTED_EDGE('',*,*,#2140,.F.);
#2562 = CYLINDRICAL_SURFACE('',#2563,0.5);
#2563 = AXIS2_PLACEMENT_3D('',#2564,#2565,#2566);
#2564 = CARTESIAN_POINT('',(23.749892,-23.99991,0.));
#2565 = DIRECTION('',(-0.,-0.,-1.));
#2566 = DIRECTION('',(1.,0.,-0.));
#2567 = ADVANCED_FACE('',(#2568),#2579,.F.);
#2568 = FACE_BOUND('',#2569,.T.);
#2569 = EDGE_LOOP('',(#2570,#2571,#2577,#2578));
#2570 = ORIENTED_EDGE('',*,*,#2151,.T.);
#2571 = ORIENTED_EDGE('',*,*,#2572,.T.);
#2572 = EDGE_CURVE('',#2152,#2336,#2573,.T.);
#2573 = LINE('',#2574,#2575);
#2574 = CARTESIAN_POINT('',(25.554892,-24.32491,-4.6E-02));
#2575 = VECTOR('',#2576,1.);
#2576 = DIRECTION('',(0.,0.,1.));
#2577 = ORIENTED_EDGE('',*,*,#2335,.F.);
#2578 = ORIENTED_EDGE('',*,*,#2572,.F.);
#2579 = CYLINDRICAL_SURFACE('',#2580,0.325);
#2580 = AXIS2_PLACEMENT_3D('',#2581,#2582,#2583);
#2581 = CARTESIAN_POINT('',(25.554892,-23.99991,-4.6E-02));
#2582 = DIRECTION('',(-0.,-0.,-1.));
#2583 = DIRECTION('',(-1.0931426704E-14,-1.,0.));
#2584 = ADVANCED_FACE('',(#2585),#2596,.F.);
#2585 = FACE_BOUND('',#2586,.T.);
#2586 = EDGE_LOOP('',(#2587,#2588,#2594,#2595));
#2587 = ORIENTED_EDGE('',*,*,#2162,.T.);
#2588 = ORIENTED_EDGE('',*,*,#2589,.T.);
#2589 = EDGE_CURVE('',#2163,#2347,#2590,.T.);
#2590 = LINE('',#2591,#2592);
#2591 = CARTESIAN_POINT('',(26.824892,-24.32491,-4.6E-02));
#2592 = VECTOR('',#2593,1.);
#2593 = DIRECTION('',(0.,0.,1.));
#2594 = ORIENTED_EDGE('',*,*,#2346,.F.);
#2595 = ORIENTED_EDGE('',*,*,#2589,.F.);
#2596 = CYLINDRICAL_SURFACE('',#2597,0.325);
#2597 = AXIS2_PLACEMENT_3D('',#2598,#2599,#2600);
#2598 = CARTESIAN_POINT('',(26.824892,-23.99991,-4.6E-02));
#2599 = DIRECTION('',(-0.,-0.,-1.));
#2600 = DIRECTION('',(-0.,-1.,0.));
#2601 = ADVANCED_FACE('',(#2602),#2613,.F.);
#2602 = FACE_BOUND('',#2603,.T.);
#2603 = EDGE_LOOP('',(#2604,#2605,#2611,#2612));
#2604 = ORIENTED_EDGE('',*,*,#2173,.T.);
#2605 = ORIENTED_EDGE('',*,*,#2606,.T.);
#2606 = EDGE_CURVE('',#2174,#2358,#2607,.T.);
#2607 = LINE('',#2608,#2609);
#2608 = CARTESIAN_POINT('',(28.094892,-24.32491,-4.6E-02));
#2609 = VECTOR('',#2610,1.);
#2610 = DIRECTION('',(0.,0.,1.));
#2611 = ORIENTED_EDGE('',*,*,#2357,.F.);
#2612 = ORIENTED_EDGE('',*,*,#2606,.F.);
#2613 = CYLINDRICAL_SURFACE('',#2614,0.325);
#2614 = AXIS2_PLACEMENT_3D('',#2615,#2616,#2617);
#2615 = CARTESIAN_POINT('',(28.094892,-23.99991,-4.6E-02));
#2616 = DIRECTION('',(-0.,-0.,-1.));
#2617 = DIRECTION('',(-0.,-1.,0.));
#2618 = ADVANCED_FACE('',(#2619),#2630,.F.);
#2619 = FACE_BOUND('',#2620,.T.);
#2620 = EDGE_LOOP('',(#2621,#2622,#2628,#2629));
#2621 = ORIENTED_EDGE('',*,*,#2184,.T.);
#2622 = ORIENTED_EDGE('',*,*,#2623,.T.);
#2623 = EDGE_CURVE('',#2185,#2369,#2624,.T.);
#2624 = LINE('',#2625,#2626);
#2625 = CARTESIAN_POINT('',(29.364892,-24.32491,-4.6E-02));
#2626 = VECTOR('',#2627,1.);
#2627 = DIRECTION('',(0.,0.,1.));
#2628 = ORIENTED_EDGE('',*,*,#2368,.F.);
#2629 = ORIENTED_EDGE('',*,*,#2623,.F.);
#2630 = CYLINDRICAL_SURFACE('',#2631,0.325);
#2631 = AXIS2_PLACEMENT_3D('',#2632,#2633,#2634);
#2632 = CARTESIAN_POINT('',(29.364892,-23.99991,-4.6E-02));
#2633 = DIRECTION('',(-0.,0.,-1.));
#2634 = DIRECTION('',(1.0931426704E-14,-1.,-0.));
#2635 = ADVANCED_FACE('',(#2636),#2647,.F.);
#2636 = FACE_BOUND('',#2637,.T.);
#2637 = EDGE_LOOP('',(#2638,#2639,#2645,#2646));
#2638 = ORIENTED_EDGE('',*,*,#2195,.T.);
#2639 = ORIENTED_EDGE('',*,*,#2640,.T.);
#2640 = EDGE_CURVE('',#2196,#2380,#2641,.T.);
#2641 = LINE('',#2642,#2643);
#2642 = CARTESIAN_POINT('',(30.634892,-24.32491,-4.6E-02));
#2643 = VECTOR('',#2644,1.);
#2644 = DIRECTION('',(0.,0.,1.));
#2645 = ORIENTED_EDGE('',*,*,#2379,.F.);
#2646 = ORIENTED_EDGE('',*,*,#2640,.F.);
#2647 = CYLINDRICAL_SURFACE('',#2648,0.325);
#2648 = AXIS2_PLACEMENT_3D('',#2649,#2650,#2651);
#2649 = CARTESIAN_POINT('',(30.634892,-23.99991,-4.6E-02));
#2650 = DIRECTION('',(-0.,-0.,-1.));
#2651 = DIRECTION('',(-0.,-1.,0.));
#2652 = ADVANCED_FACE('',(#2653),#2664,.F.);
#2653 = FACE_BOUND('',#2654,.T.);
#2654 = EDGE_LOOP('',(#2655,#2656,#2662,#2663));
#2655 = ORIENTED_EDGE('',*,*,#2206,.T.);
#2656 = ORIENTED_EDGE('',*,*,#2657,.T.);
#2657 = EDGE_CURVE('',#2207,#2391,#2658,.T.);
#2658 = LINE('',#2659,#2660);
#2659 = CARTESIAN_POINT('',(31.904892,-24.32491,-4.6E-02));
#2660 = VECTOR('',#2661,1.);
#2661 = DIRECTION('',(0.,0.,1.));
#2662 = ORIENTED_EDGE('',*,*,#2390,.F.);
#2663 = ORIENTED_EDGE('',*,*,#2657,.F.);
#2664 = CYLINDRICAL_SURFACE('',#2665,0.325);
#2665 = AXIS2_PLACEMENT_3D('',#2666,#2667,#2668);
#2666 = CARTESIAN_POINT('',(31.904892,-23.99991,-4.6E-02));
#2667 = DIRECTION('',(-0.,-0.,-1.));
#2668 = DIRECTION('',(-0.,-1.,0.));
#2669 = ADVANCED_FACE('',(#2670),#2681,.F.);
#2670 = FACE_BOUND('',#2671,.T.);
#2671 = EDGE_LOOP('',(#2672,#2673,#2679,#2680));
#2672 = ORIENTED_EDGE('',*,*,#2217,.T.);
#2673 = ORIENTED_EDGE('',*,*,#2674,.T.);
#2674 = EDGE_CURVE('',#2218,#2402,#2675,.T.);
#2675 = LINE('',#2676,#2677);
#2676 = CARTESIAN_POINT('',(33.174892,-24.32491,-4.6E-02));
#2677 = VECTOR('',#2678,1.);
#2678 = DIRECTION('',(0.,0.,1.));
#2679 = ORIENTED_EDGE('',*,*,#2401,.F.);
#2680 = ORIENTED_EDGE('',*,*,#2674,.F.);
#2681 = CYLINDRICAL_SURFACE('',#2682,0.325);
#2682 = AXIS2_PLACEMENT_3D('',#2683,#2684,#2685);
#2683 = CARTESIAN_POINT('',(33.174892,-23.99991,-4.6E-02));
#2684 = DIRECTION('',(-0.,-0.,-1.));
#2685 = DIRECTION('',(-0.,-1.,0.));
#2686 = ADVANCED_FACE('',(#2687),#2698,.F.);
#2687 = FACE_BOUND('',#2688,.T.);
#2688 = EDGE_LOOP('',(#2689,#2690,#2696,#2697));
#2689 = ORIENTED_EDGE('',*,*,#2228,.T.);
#2690 = ORIENTED_EDGE('',*,*,#2691,.T.);
#2691 = EDGE_CURVE('',#2229,#2413,#2692,.T.);
#2692 = LINE('',#2693,#2694);
#2693 = CARTESIAN_POINT('',(34.444892,-24.32491,-4.6E-02));
#2694 = VECTOR('',#2695,1.);
#2695 = DIRECTION('',(0.,0.,1.));
#2696 = ORIENTED_EDGE('',*,*,#2412,.F.);
#2697 = ORIENTED_EDGE('',*,*,#2691,.F.);
#2698 = CYLINDRICAL_SURFACE('',#2699,0.325);
#2699 = AXIS2_PLACEMENT_3D('',#2700,#2701,#2702);
#2700 = CARTESIAN_POINT('',(34.444892,-23.99991,-4.6E-02));
#2701 = DIRECTION('',(-0.,0.,-1.));
#2702 = DIRECTION('',(2.1862853408E-14,-1.,-0.));
#2703 = ADVANCED_FACE('',(#2704),#2715,.F.);
#2704 = FACE_BOUND('',#2705,.T.);
#2705 = EDGE_LOOP('',(#2706,#2712,#2713,#2714));
#2706 = ORIENTED_EDGE('',*,*,#2707,.T.);
#2707 = EDGE_CURVE('',#2240,#2424,#2708,.T.);
#2708 = LINE('',#2709,#2710);
#2709 = CARTESIAN_POINT('',(36.749892,-23.99991,0.));
#2710 = VECTOR('',#2711,1.);
#2711 = DIRECTION('',(0.,0.,1.));
#2712 = ORIENTED_EDGE('',*,*,#2423,.T.);
#2713 = ORIENTED_EDGE('',*,*,#2707,.F.);
#2714 = ORIENTED_EDGE('',*,*,#2239,.F.);
#2715 = CYLINDRICAL_SURFACE('',#2716,0.5);
#2716 = AXIS2_PLACEMENT_3D('',#2717,#2718,#2719);
#2717 = CARTESIAN_POINT('',(36.249892,-23.99991,0.));
#2718 = DIRECTION('',(-0.,-0.,-1.));
#2719 = DIRECTION('',(1.,0.,-0.));
#2720 = ( GEOMETRIC_REPRESENTATION_CONTEXT(3) 
GLOBAL_UNCERTAINTY_ASSIGNED_CONTEXT((#2724)) 
GLOBAL_UNIT_ASSIGNED_CONTEXT((#2721,#2722,#2723)) REPRESENTATION_CONTEXT
('Context #1','3D Context with UNIT and UNCERTAINTY') );
#2721 = ( LENGTH_UNIT() NAMED_UNIT(*) SI_UNIT(.MILLI.,.METRE.) );
#2722 = ( NAMED_UNIT(*) PLANE_ANGLE_UNIT() SI_UNIT($,.RADIAN.) );
#2723 = ( NAMED_UNIT(*) SI_UNIT($,.STERADIAN.) SOLID_ANGLE_UNIT() );
#2724 = UNCERTAINTY_MEASURE_WITH_UNIT(LENGTH_MEASURE(1.E-07),#2721,
  'distance_accuracy_value','confusion accuracy');
#2725 = CONTEXT_DEPENDENT_SHAPE_REPRESENTATION(#2726,#2728);
#2726 = ( REPRESENTATION_RELATIONSHIP('','',#1961,#10) 
REPRESENTATION_RELATIONSHIP_WITH_TRANSFORMATION(#2727) 
SHAPE_REPRESENTATION_RELATIONSHIP() );
#2727 = ITEM_DEFINED_TRANSFORMATION('','',#11,#131);
#2728 = PRODUCT_DEFINITION_SHAPE('Placement','Placement of an item',
  #2729);
#2729 = NEXT_ASSEMBLY_USAGE_OCCURRENCE('327','=>[0:1:1:6]','',#5,#1956,$
  );
#2730 = PRODUCT_RELATED_PRODUCT_CATEGORY('part',$,(#1958));
#2731 = MECHANICAL_DESIGN_GEOMETRIC_PRESENTATION_REPRESENTATION('',(
    #2732),#2720);
#2732 = STYLED_ITEM('color',(#2733),#1962);
#2733 = PRESENTATION_STYLE_ASSIGNMENT((#2734));
#2734 = SURFACE_STYLE_USAGE(.BOTH.,#2735);
#2735 = SURFACE_SIDE_STYLE('',(#2736));
#2736 = SURFACE_STYLE_FILL_AREA(#2737);
#2737 = FILL_AREA_STYLE('',(#2738));
#2738 = FILL_AREA_STYLE_COLOUR('',#2739);
#2739 = COLOUR_RGB('',0.313304153717,0.484529207832,0.410020903123);
ENDSEC;
END-ISO-10303-21;
