ISO-10303-21;
HEADER;
FILE_DESCRIPTION(('KiCad electronic assembly'),'2;1');
FILE_NAME('DRY_FLEX.step','2026-01-03T14:46:30',('Pcbnew'),('Kicad'),
  'Open CASCADE STEP processor 7.6','KiCad to STEP converter','Unknown'
  );
FILE_SCHEMA(('AUTOMOTIVE_DESIGN { 1 0 10303 214 1 1 1 1 }'));
ENDSEC;
DATA;
#1 = APPLICATION_PROTOCOL_DEFINITION('international standard',
  'automotive_design',2000,#2);
#2 = APPLICATION_CONTEXT(
  'core data for automotive mechanical design processes');
#3 = SHAPE_DEFINITION_REPRESENTATION(#4,#10);
#4 = PRODUCT_DEFINITION_SHAPE('','',#5);
#5 = PRODUCT_DEFINITION('design','',#6,#9);
#6 = PRODUCT_DEFINITION_FORMATION('','',#7);
#7 = PRODUCT('DRY_FLEX 9','DRY_FLEX 9','',(#8));
#8 = PRODUCT_CONTEXT('',#2,'mechanical');
#9 = PRODUCT_DEFINITION_CONTEXT('part definition',#2,'design');
#10 = SHAPE_REPRESENTATION('',(#11,#15),#19);
#11 = AXIS2_PLACEMENT_3D('',#12,#13,#14);
#12 = CARTESIAN_POINT('',(0.,0.,0.));
#13 = DIRECTION('',(0.,0.,1.));
#14 = DIRECTION('',(1.,0.,-0.));
#15 = AXIS2_PLACEMENT_3D('',#16,#17,#18);
#16 = CARTESIAN_POINT('',(0.,0.,0.));
#17 = DIRECTION('',(0.,0.,1.));
#18 = DIRECTION('',(1.,0.,-0.));
#19 = ( GEOMETRIC_REPRESENTATION_CONTEXT(3) 
GLOBAL_UNCERTAINTY_ASSIGNED_CONTEXT((#23)) GLOBAL_UNIT_ASSIGNED_CONTEXT(
(#20,#21,#22)) REPRESENTATION_CONTEXT('Context #1',
  '3D Context with UNIT and UNCERTAINTY') );
#20 = ( LENGTH_UNIT() NAMED_UNIT(*) SI_UNIT(.MILLI.,.METRE.) );
#21 = ( NAMED_UNIT(*) PLANE_ANGLE_UNIT() SI_UNIT($,.RADIAN.) );
#22 = ( NAMED_UNIT(*) SI_UNIT($,.STERADIAN.) SOLID_ANGLE_UNIT() );
#23 = UNCERTAINTY_MEASURE_WITH_UNIT(LENGTH_MEASURE(1.E-07),#20,
  'distance_accuracy_value','confusion accuracy');
#24 = PRODUCT_RELATED_PRODUCT_CATEGORY('part',$,(#7));
#25 = SHAPE_DEFINITION_REPRESENTATION(#26,#32);
#26 = PRODUCT_DEFINITION_SHAPE('','',#27);
#27 = PRODUCT_DEFINITION('design','',#28,#31);
#28 = PRODUCT_DEFINITION_FORMATION('','',#29);
#29 = PRODUCT('DRY_FLEX_PCB','DRY_FLEX_PCB','',(#30));
#30 = PRODUCT_CONTEXT('',#2,'mechanical');
#31 = PRODUCT_DEFINITION_CONTEXT('part definition',#2,'design');
#32 = ADVANCED_BREP_SHAPE_REPRESENTATION('',(#11,#33),#19308);
#33 = MANIFOLD_SOLID_BREP('',#34);
#34 = CLOSED_SHELL('',(#35,#75,#106,#137,#5067,#9997,#10014,#10031,
    #10048,#10065,#10082,#10099,#10116,#10133,#10150,#10167,#10184,
    #10201,#10218,#10235,#10252,#10269,#10286,#10303,#10320,#10337,
    #10354,#10371,#10388,#10405,#10422,#10439,#10456,#10473,#10490,
    #10507,#10524,#10541,#10558,#10575,#10592,#10609,#10626,#10643,
    #10660,#10677,#10694,#10711,#10728,#10745,#10762,#10779,#10796,
    #10813,#10830,#10847,#10864,#10881,#10898,#10915,#10932,#10949,
    #10966,#10983,#11000,#11017,#11034,#11051,#11068,#11085,#11102,
    #11119,#11136,#11153,#11170,#11187,#11204,#11221,#11238,#11255,
    #11272,#11289,#11306,#11323,#11340,#11357,#11374,#11391,#11408,
    #11425,#11442,#11459,#11476,#11493,#11510,#11527,#11544,#11561,
    #11578,#11595,#11607,#11624,#11641,#11663,#11680,#11697,#11714,
    #11731,#11748,#11765,#11782,#11799,#11816,#11833,#11845,#11867,
    #11884,#11901,#11918,#11935,#11952,#11969,#11986,#12003,#12020,
    #12037,#12049,#12066,#12083,#12105,#12122,#12139,#12156,#12173,
    #12190,#12207,#12224,#12241,#12258,#12275,#12287,#12304,#12321,
    #12338,#12360,#12377,#12394,#12411,#12428,#12445,#12457,#12474,
    #12491,#12508,#12530,#12547,#12564,#12581,#12598,#12615,#12627,
    #12644,#12661,#12678,#12695,#12712,#12729,#12746,#12768,#12785,
    #12802,#12819,#12836,#12853,#12870,#12882,#12899,#12916,#12933,
    #12950,#12967,#12984,#13006,#13023,#13040,#13057,#13074,#13091,
    #13108,#13120,#13137,#13154,#13171,#13193,#13210,#13227,#13244,
    #13261,#13278,#13290,#13307,#13324,#13341,#13358,#13375,#13392,
    #13409,#13426,#13443,#13465,#13482,#13499,#13516,#13533,#13550,
    #13567,#13579,#13596,#13613,#13630,#13647,#13669,#13686,#13703,
    #13720,#13737,#13754,#13771,#13788,#13805,#13822,#13839,#13851,
    #13873,#13890,#13907,#13924,#13941,#13958,#13975,#13992,#14009,
    #14026,#14043,#14055,#14072,#14089,#14111,#14128,#14145,#14162,
    #14179,#14196,#14213,#14230,#14247,#14264,#14281,#14293,#14315,
    #14332,#14349,#14366,#14383,#14400,#14417,#14434,#14451,#14468,
    #14485,#14497,#14514,#14536,#14553,#14570,#14587,#14604,#14621,
    #14633,#14650,#14667,#14684,#14706,#14723,#14740,#14757,#14774,
    #14791,#14803,#14820,#14837,#14854,#14871,#14888,#14905,#14927,
    #14944,#14961,#14978,#14995,#15012,#15029,#15041,#15058,#15075,
    #15092,#15109,#15126,#15148,#15165,#15182,#15199,#15216,#15233,
    #15245,#15262,#15279,#15296,#15318,#15335,#15352,#15369,#15386,
    #15403,#15415,#15432,#15449,#15466,#15483,#15505,#15522,#15539,
    #15556,#15573,#15590,#15607,#15619,#15636,#15653,#15670,#15687,
    #15704,#15721,#15743,#15760,#15777,#15794,#15811,#15828,#15845,
    #15857,#15874,#15891,#15908,#15925,#15942,#15959,#15976,#15993,
    #16010,#16027,#16044,#16061,#16078,#16095,#16112,#16129,#16151,
    #16168,#16185,#16202,#16219,#16236,#16248,#16265,#16282,#16299,
    #16321,#16338,#16355,#16372,#16389,#16406,#16418,#16435,#16452,
    #16469,#16486,#16503,#16520,#16537,#16554,#16571,#16588,#16610,
    #16627,#16644,#16661,#16678,#16695,#16707,#16724,#16741,#16758,
    #16775,#16797,#16814,#16831,#16848,#16865,#16882,#16899,#16916,
    #16933,#16950,#16967,#16979,#17001,#17018,#17035,#17052,#17069,
    #17086,#17103,#17120,#17137,#17154,#17171,#17183,#17200,#17217,
    #17239,#17256,#17273,#17290,#17307,#17324,#17341,#17358,#17375,
    #17392,#17409,#17421,#17438,#17455,#17472,#17489,#17506,#17523,
    #17540,#17557,#17574,#17596,#17613,#17630,#17647,#17664,#17681,
    #17693,#17710,#17727,#17744,#17766,#17783,#17800,#17817,#17834,
    #17851,#17863,#17880,#17897,#17914,#17931,#17948,#17965,#17982,
    #17999,#18016,#18033,#18050,#18067,#18084,#18106,#18123,#18140,
    #18157,#18174,#18191,#18203,#18220,#18237,#18254,#18276,#18293,
    #18310,#18327,#18344,#18361,#18373,#18390,#18407,#18424,#18446,
    #18463,#18480,#18497,#18514,#18531,#18548,#18565,#18582,#18599,
    #18616,#18628,#18650,#18667,#18684,#18701,#18718,#18735,#18752,
    #18769,#18786,#18803,#18820,#18832,#18849,#18866,#18888,#18905,
    #18922,#18939,#18956,#18973,#18990,#19007,#19024,#19041,#19058,
    #19070,#19092,#19109,#19126,#19143,#19160,#19177,#19194,#19211,
    #19228,#19245,#19262,#19274,#19291));
#35 = ADVANCED_FACE('',(#36),#70,.T.);
#36 = FACE_BOUND('',#37,.T.);
#37 = EDGE_LOOP('',(#38,#48,#56,#64));
#38 = ORIENTED_EDGE('',*,*,#39,.T.);
#39 = EDGE_CURVE('',#40,#42,#44,.T.);
#40 = VERTEX_POINT('',#41);
#41 = CARTESIAN_POINT('',(25.999892,-16.99991,0.));
#42 = VERTEX_POINT('',#43);
#43 = CARTESIAN_POINT('',(25.999892,-16.99991,0.11));
#44 = LINE('',#45,#46);
#45 = CARTESIAN_POINT('',(25.999892,-16.99991,0.));
#46 = VECTOR('',#47,1.);
#47 = DIRECTION('',(0.,0.,1.));
#48 = ORIENTED_EDGE('',*,*,#49,.T.);
#49 = EDGE_CURVE('',#42,#50,#52,.T.);
#50 = VERTEX_POINT('',#51);
#51 = CARTESIAN_POINT('',(32.999892,-16.99991,0.11));
#52 = LINE('',#53,#54);
#53 = CARTESIAN_POINT('',(25.999892,-16.99991,0.11));
#54 = VECTOR('',#55,1.);
#55 = DIRECTION('',(1.,0.,0.));
#56 = ORIENTED_EDGE('',*,*,#57,.F.);
#57 = EDGE_CURVE('',#58,#50,#60,.T.);
#58 = VERTEX_POINT('',#59);
#59 = CARTESIAN_POINT('',(32.999892,-16.99991,0.));
#60 = LINE('',#61,#62);
#61 = CARTESIAN_POINT('',(32.999892,-16.99991,0.));
#62 = VECTOR('',#63,1.);
#63 = DIRECTION('',(0.,0.,1.));
#64 = ORIENTED_EDGE('',*,*,#65,.F.);
#65 = EDGE_CURVE('',#40,#58,#66,.T.);
#66 = LINE('',#67,#68);
#67 = CARTESIAN_POINT('',(25.999892,-16.99991,0.));
#68 = VECTOR('',#69,1.);
#69 = DIRECTION('',(1.,0.,0.));
#70 = PLANE('',#71);
#71 = AXIS2_PLACEMENT_3D('',#72,#73,#74);
#72 = CARTESIAN_POINT('',(25.999892,-16.99991,0.));
#73 = DIRECTION('',(0.,1.,0.));
#74 = DIRECTION('',(1.,0.,0.));
#75 = ADVANCED_FACE('',(#76),#101,.T.);
#76 = FACE_BOUND('',#77,.T.);
#77 = EDGE_LOOP('',(#78,#88,#94,#95));
#78 = ORIENTED_EDGE('',*,*,#79,.T.);
#79 = EDGE_CURVE('',#80,#82,#84,.T.);
#80 = VERTEX_POINT('',#81);
#81 = CARTESIAN_POINT('',(25.999892,-15.99991,0.));
#82 = VERTEX_POINT('',#83);
#83 = CARTESIAN_POINT('',(25.999892,-15.99991,0.11));
#84 = LINE('',#85,#86);
#85 = CARTESIAN_POINT('',(25.999892,-15.99991,0.));
#86 = VECTOR('',#87,1.);
#87 = DIRECTION('',(0.,0.,1.));
#88 = ORIENTED_EDGE('',*,*,#89,.T.);
#89 = EDGE_CURVE('',#82,#42,#90,.T.);
#90 = LINE('',#91,#92);
#91 = CARTESIAN_POINT('',(25.999892,-15.99991,0.11));
#92 = VECTOR('',#93,1.);
#93 = DIRECTION('',(0.,-1.,0.));
#94 = ORIENTED_EDGE('',*,*,#39,.F.);
#95 = ORIENTED_EDGE('',*,*,#96,.F.);
#96 = EDGE_CURVE('',#80,#40,#97,.T.);
#97 = LINE('',#98,#99);
#98 = CARTESIAN_POINT('',(25.999892,-15.99991,0.));
#99 = VECTOR('',#100,1.);
#100 = DIRECTION('',(0.,-1.,0.));
#101 = PLANE('',#102);
#102 = AXIS2_PLACEMENT_3D('',#103,#104,#105);
#103 = CARTESIAN_POINT('',(25.999892,-15.99991,0.));
#104 = DIRECTION('',(1.,0.,-0.));
#105 = DIRECTION('',(0.,-1.,0.));
#106 = ADVANCED_FACE('',(#107),#132,.T.);
#107 = FACE_BOUND('',#108,.T.);
#108 = EDGE_LOOP('',(#109,#110,#118,#126));
#109 = ORIENTED_EDGE('',*,*,#57,.T.);
#110 = ORIENTED_EDGE('',*,*,#111,.T.);
#111 = EDGE_CURVE('',#50,#112,#114,.T.);
#112 = VERTEX_POINT('',#113);
#113 = CARTESIAN_POINT('',(32.999892,-15.99991,0.11));
#114 = LINE('',#115,#116);
#115 = CARTESIAN_POINT('',(32.999892,-16.99991,0.11));
#116 = VECTOR('',#117,1.);
#117 = DIRECTION('',(0.,1.,0.));
#118 = ORIENTED_EDGE('',*,*,#119,.F.);
#119 = EDGE_CURVE('',#120,#112,#122,.T.);
#120 = VERTEX_POINT('',#121);
#121 = CARTESIAN_POINT('',(32.999892,-15.99991,0.));
#122 = LINE('',#123,#124);
#123 = CARTESIAN_POINT('',(32.999892,-15.99991,0.));
#124 = VECTOR('',#125,1.);
#125 = DIRECTION('',(0.,0.,1.));
#126 = ORIENTED_EDGE('',*,*,#127,.F.);
#127 = EDGE_CURVE('',#58,#120,#128,.T.);
#128 = LINE('',#129,#130);
#129 = CARTESIAN_POINT('',(32.999892,-16.99991,0.));
#130 = VECTOR('',#131,1.);
#131 = DIRECTION('',(0.,1.,0.));
#132 = PLANE('',#133);
#133 = AXIS2_PLACEMENT_3D('',#134,#135,#136);
#134 = CARTESIAN_POINT('',(32.999892,-16.99991,0.));
#135 = DIRECTION('',(-1.,0.,0.));
#136 = DIRECTION('',(0.,1.,0.));
#137 = ADVANCED_FACE('',(#138,#901,#912,#923,#1021,#1119,#1130,#1141,
    #1239,#1250,#1261,#1272,#1332,#1343,#1354,#1365,#1425,#1436,#1447,
    #1458,#1469,#1480,#1491,#1502,#1572,#1583,#1594,#1605,#1616,#1627,
    #1638,#1708,#1719,#1730,#1741,#1801,#1812,#1823,#1834,#1845,#1856,
    #1867,#1878,#1889,#1900,#1970,#1981,#1992,#2003,#2014,#2112,#2210,
    #2221,#2232,#2330,#2428,#2439,#2499,#2510,#2521,#2532,#2592,#2603,
    #2614,#2625,#2636,#2647,#2658,#2728,#2739,#2750,#2761,#2772,#2783,
    #2843,#2854,#2865,#2876,#2936,#2947,#2958,#2969,#2980,#3050,#3061,
    #3072,#3083,#3094,#3105,#3116,#3186,#3197,#3208,#3219,#3230,#3241,
    #3252,#3263,#3274,#3285,#3296,#3307,#3318,#3329,#3340,#3351,#3362,
    #3422,#3433,#3444,#3455,#3515,#3526,#3537,#3548,#3559,#3570,#3581,
    #3592,#3603,#3614,#3625,#3685,#3696,#3707,#3718,#3729,#3827,#3925,
    #3936,#3947,#4045,#4056,#4067,#4078,#4089,#4100,#4111,#4122,#4133,
    #4144,#4204,#4215,#4226,#4237,#4297,#4308,#4319,#4330,#4341,#4352,
    #4363,#4374,#4385,#4396,#4407,#4418,#4429,#4440,#4500,#4511,#4522,
    #4533,#4593,#4604,#4615,#4626,#4724,#4822,#4833,#4844,#4942,#5040,
    #5051),#5062,.F.);
#138 = FACE_BOUND('',#139,.F.);
#139 = EDGE_LOOP('',(#140,#141,#142,#150,#158,#166,#174,#182,#190,#198,
    #206,#214,#222,#230,#238,#246,#254,#262,#270,#278,#286,#294,#302,
    #310,#318,#326,#334,#342,#350,#358,#366,#374,#382,#390,#398,#406,
    #414,#422,#430,#438,#446,#454,#462,#470,#478,#486,#494,#502,#510,
    #518,#526,#534,#542,#550,#558,#566,#574,#582,#590,#598,#606,#614,
    #622,#630,#638,#646,#654,#662,#670,#678,#686,#694,#702,#710,#718,
    #726,#734,#742,#750,#758,#766,#774,#782,#790,#798,#806,#814,#822,
    #830,#838,#846,#854,#862,#870,#878,#886,#894,#900));
#140 = ORIENTED_EDGE('',*,*,#65,.F.);
#141 = ORIENTED_EDGE('',*,*,#96,.F.);
#142 = ORIENTED_EDGE('',*,*,#143,.F.);
#143 = EDGE_CURVE('',#144,#80,#146,.T.);
#144 = VERTEX_POINT('',#145);
#145 = CARTESIAN_POINT('',(20.999892,-15.99991,0.));
#146 = LINE('',#147,#148);
#147 = CARTESIAN_POINT('',(20.999892,-15.99991,0.));
#148 = VECTOR('',#149,1.);
#149 = DIRECTION('',(1.,0.,0.));
#150 = ORIENTED_EDGE('',*,*,#151,.F.);
#151 = EDGE_CURVE('',#152,#144,#154,.T.);
#152 = VERTEX_POINT('',#153);
#153 = CARTESIAN_POINT('',(20.999892,-16.99991,0.));
#154 = LINE('',#155,#156);
#155 = CARTESIAN_POINT('',(20.999892,-16.99991,0.));
#156 = VECTOR('',#157,1.);
#157 = DIRECTION('',(0.,1.,0.));
#158 = ORIENTED_EDGE('',*,*,#159,.F.);
#159 = EDGE_CURVE('',#160,#152,#162,.T.);
#160 = VERTEX_POINT('',#161);
#161 = CARTESIAN_POINT('',(20.999892,-18.99991,0.));
#162 = LINE('',#163,#164);
#163 = CARTESIAN_POINT('',(20.999892,-18.99991,0.));
#164 = VECTOR('',#165,1.);
#165 = DIRECTION('',(0.,1.,0.));
#166 = ORIENTED_EDGE('',*,*,#167,.F.);
#167 = EDGE_CURVE('',#168,#160,#170,.T.);
#168 = VERTEX_POINT('',#169);
#169 = CARTESIAN_POINT('',(20.999892,-20.99991,0.));
#170 = LINE('',#171,#172);
#171 = CARTESIAN_POINT('',(20.999892,-20.99991,0.));
#172 = VECTOR('',#173,1.);
#173 = DIRECTION('',(0.,1.,0.));
#174 = ORIENTED_EDGE('',*,*,#175,.F.);
#175 = EDGE_CURVE('',#176,#168,#178,.T.);
#176 = VERTEX_POINT('',#177);
#177 = CARTESIAN_POINT('',(19.999892,-27.99991,0.));
#178 = LINE('',#179,#180);
#179 = CARTESIAN_POINT('',(19.999892,-27.99991,0.));
#180 = VECTOR('',#181,1.);
#181 = DIRECTION('',(0.141421356237,0.989949493661,0.));
#182 = ORIENTED_EDGE('',*,*,#183,.F.);
#183 = EDGE_CURVE('',#184,#176,#186,.T.);
#184 = VERTEX_POINT('',#185);
#185 = CARTESIAN_POINT('',(19.999892,-34.99991,0.));
#186 = LINE('',#187,#188);
#187 = CARTESIAN_POINT('',(19.999892,-34.99991,0.));
#188 = VECTOR('',#189,1.);
#189 = DIRECTION('',(0.,1.,0.));
#190 = ORIENTED_EDGE('',*,*,#191,.F.);
#191 = EDGE_CURVE('',#192,#184,#194,.T.);
#192 = VERTEX_POINT('',#193);
#193 = CARTESIAN_POINT('',(20.999892,-42.99991,0.));
#194 = LINE('',#195,#196);
#195 = CARTESIAN_POINT('',(20.999892,-42.99991,0.));
#196 = VECTOR('',#197,1.);
#197 = DIRECTION('',(-0.124034734589,0.992277876714,0.));
#198 = ORIENTED_EDGE('',*,*,#199,.F.);
#199 = EDGE_CURVE('',#200,#192,#202,.T.);
#200 = VERTEX_POINT('',#201);
#201 = CARTESIAN_POINT('',(20.999892,-43.99991,0.));
#202 = LINE('',#203,#204);
#203 = CARTESIAN_POINT('',(20.999892,-43.99991,0.));
#204 = VECTOR('',#205,1.);
#205 = DIRECTION('',(0.,1.,0.));
#206 = ORIENTED_EDGE('',*,*,#207,.F.);
#207 = EDGE_CURVE('',#208,#200,#210,.T.);
#208 = VERTEX_POINT('',#209);
#209 = CARTESIAN_POINT('',(20.999892,-45.99991,0.));
#210 = LINE('',#211,#212);
#211 = CARTESIAN_POINT('',(20.999892,-45.99991,0.));
#212 = VECTOR('',#213,1.);
#213 = DIRECTION('',(0.,1.,0.));
#214 = ORIENTED_EDGE('',*,*,#215,.F.);
#215 = EDGE_CURVE('',#216,#208,#218,.T.);
#216 = VERTEX_POINT('',#217);
#217 = CARTESIAN_POINT('',(20.999892,-58.99991,0.));
#218 = LINE('',#219,#220);
#219 = CARTESIAN_POINT('',(20.999892,-58.99991,0.));
#220 = VECTOR('',#221,1.);
#221 = DIRECTION('',(0.,1.,0.));
#222 = ORIENTED_EDGE('',*,*,#223,.F.);
#223 = EDGE_CURVE('',#224,#216,#226,.T.);
#224 = VERTEX_POINT('',#225);
#225 = CARTESIAN_POINT('',(20.999892,-72.99991,0.));
#226 = LINE('',#227,#228);
#227 = CARTESIAN_POINT('',(20.999892,-72.99991,0.));
#228 = VECTOR('',#229,1.);
#229 = DIRECTION('',(0.,1.,0.));
#230 = ORIENTED_EDGE('',*,*,#231,.F.);
#231 = EDGE_CURVE('',#232,#224,#234,.T.);
#232 = VERTEX_POINT('',#233);
#233 = CARTESIAN_POINT('',(20.999892,-85.99991,0.));
#234 = LINE('',#235,#236);
#235 = CARTESIAN_POINT('',(20.999892,-85.99991,0.));
#236 = VECTOR('',#237,1.);
#237 = DIRECTION('',(0.,1.,0.));
#238 = ORIENTED_EDGE('',*,*,#239,.F.);
#239 = EDGE_CURVE('',#240,#232,#242,.T.);
#240 = VERTEX_POINT('',#241);
#241 = CARTESIAN_POINT('',(20.999892,-87.99991,0.));
#242 = LINE('',#243,#244);
#243 = CARTESIAN_POINT('',(20.999892,-87.99991,0.));
#244 = VECTOR('',#245,1.);
#245 = DIRECTION('',(0.,1.,0.));
#246 = ORIENTED_EDGE('',*,*,#247,.F.);
#247 = EDGE_CURVE('',#248,#240,#250,.T.);
#248 = VERTEX_POINT('',#249);
#249 = CARTESIAN_POINT('',(20.999892,-88.99991,0.));
#250 = LINE('',#251,#252);
#251 = CARTESIAN_POINT('',(20.999892,-88.99991,0.));
#252 = VECTOR('',#253,1.);
#253 = DIRECTION('',(0.,1.,0.));
#254 = ORIENTED_EDGE('',*,*,#255,.F.);
#255 = EDGE_CURVE('',#256,#248,#258,.T.);
#256 = VERTEX_POINT('',#257);
#257 = CARTESIAN_POINT('',(19.999892,-96.99991,0.));
#258 = LINE('',#259,#260);
#259 = CARTESIAN_POINT('',(19.999892,-96.99991,0.));
#260 = VECTOR('',#261,1.);
#261 = DIRECTION('',(0.124034734589,0.992277876714,0.));
#262 = ORIENTED_EDGE('',*,*,#263,.F.);
#263 = EDGE_CURVE('',#264,#256,#266,.T.);
#264 = VERTEX_POINT('',#265);
#265 = CARTESIAN_POINT('',(19.999892,-103.99991,0.));
#266 = LINE('',#267,#268);
#267 = CARTESIAN_POINT('',(19.999892,-103.99991,0.));
#268 = VECTOR('',#269,1.);
#269 = DIRECTION('',(0.,1.,0.));
#270 = ORIENTED_EDGE('',*,*,#271,.F.);
#271 = EDGE_CURVE('',#272,#264,#274,.T.);
#272 = VERTEX_POINT('',#273);
#273 = CARTESIAN_POINT('',(20.999892,-110.99991,0.));
#274 = LINE('',#275,#276);
#275 = CARTESIAN_POINT('',(20.999892,-110.99991,0.));
#276 = VECTOR('',#277,1.);
#277 = DIRECTION('',(-0.141421356237,0.989949493661,0.));
#278 = ORIENTED_EDGE('',*,*,#279,.F.);
#279 = EDGE_CURVE('',#280,#272,#282,.T.);
#280 = VERTEX_POINT('',#281);
#281 = CARTESIAN_POINT('',(20.999892,-112.99991,0.));
#282 = LINE('',#283,#284);
#283 = CARTESIAN_POINT('',(20.999892,-112.99991,0.));
#284 = VECTOR('',#285,1.);
#285 = DIRECTION('',(0.,1.,0.));
#286 = ORIENTED_EDGE('',*,*,#287,.F.);
#287 = EDGE_CURVE('',#288,#280,#290,.T.);
#288 = VERTEX_POINT('',#289);
#289 = CARTESIAN_POINT('',(20.999892,-114.99991,0.));
#290 = LINE('',#291,#292);
#291 = CARTESIAN_POINT('',(20.999892,-114.99991,0.));
#292 = VECTOR('',#293,1.);
#293 = DIRECTION('',(0.,1.,0.));
#294 = ORIENTED_EDGE('',*,*,#295,.F.);
#295 = EDGE_CURVE('',#296,#288,#298,.T.);
#296 = VERTEX_POINT('',#297);
#297 = CARTESIAN_POINT('',(20.999892,-115.99991,0.));
#298 = LINE('',#299,#300);
#299 = CARTESIAN_POINT('',(20.999892,-115.99991,0.));
#300 = VECTOR('',#301,1.);
#301 = DIRECTION('',(0.,1.,0.));
#302 = ORIENTED_EDGE('',*,*,#303,.F.);
#303 = EDGE_CURVE('',#304,#296,#306,.T.);
#304 = VERTEX_POINT('',#305);
#305 = CARTESIAN_POINT('',(25.999892,-115.99991,0.));
#306 = LINE('',#307,#308);
#307 = CARTESIAN_POINT('',(25.999892,-115.99991,0.));
#308 = VECTOR('',#309,1.);
#309 = DIRECTION('',(-1.,0.,0.));
#310 = ORIENTED_EDGE('',*,*,#311,.F.);
#311 = EDGE_CURVE('',#312,#304,#314,.T.);
#312 = VERTEX_POINT('',#313);
#313 = CARTESIAN_POINT('',(25.999892,-114.99991,0.));
#314 = LINE('',#315,#316);
#315 = CARTESIAN_POINT('',(25.999892,-114.99991,0.));
#316 = VECTOR('',#317,1.);
#317 = DIRECTION('',(0.,-1.,0.));
#318 = ORIENTED_EDGE('',*,*,#319,.F.);
#319 = EDGE_CURVE('',#320,#312,#322,.T.);
#320 = VERTEX_POINT('',#321);
#321 = CARTESIAN_POINT('',(32.999892,-114.99991,0.));
#322 = LINE('',#323,#324);
#323 = CARTESIAN_POINT('',(32.999892,-114.99991,0.));
#324 = VECTOR('',#325,1.);
#325 = DIRECTION('',(-1.,0.,0.));
#326 = ORIENTED_EDGE('',*,*,#327,.F.);
#327 = EDGE_CURVE('',#328,#320,#330,.T.);
#328 = VERTEX_POINT('',#329);
#329 = CARTESIAN_POINT('',(32.999892,-115.99991,0.));
#330 = LINE('',#331,#332);
#331 = CARTESIAN_POINT('',(32.999892,-115.99991,0.));
#332 = VECTOR('',#333,1.);
#333 = DIRECTION('',(0.,1.,0.));
#334 = ORIENTED_EDGE('',*,*,#335,.F.);
#335 = EDGE_CURVE('',#336,#328,#338,.T.);
#336 = VERTEX_POINT('',#337);
#337 = CARTESIAN_POINT('',(37.999892,-115.99991,0.));
#338 = LINE('',#339,#340);
#339 = CARTESIAN_POINT('',(37.999892,-115.99991,0.));
#340 = VECTOR('',#341,1.);
#341 = DIRECTION('',(-1.,0.,0.));
#342 = ORIENTED_EDGE('',*,*,#343,.F.);
#343 = EDGE_CURVE('',#344,#336,#346,.T.);
#344 = VERTEX_POINT('',#345);
#345 = CARTESIAN_POINT('',(37.999892,-114.99991,0.));
#346 = LINE('',#347,#348);
#347 = CARTESIAN_POINT('',(37.999892,-114.99991,0.));
#348 = VECTOR('',#349,1.);
#349 = DIRECTION('',(0.,-1.,0.));
#350 = ORIENTED_EDGE('',*,*,#351,.F.);
#351 = EDGE_CURVE('',#352,#344,#354,.T.);
#352 = VERTEX_POINT('',#353);
#353 = CARTESIAN_POINT('',(44.999892,-114.99991,0.));
#354 = LINE('',#355,#356);
#355 = CARTESIAN_POINT('',(44.999892,-114.99991,0.));
#356 = VECTOR('',#357,1.);
#357 = DIRECTION('',(-1.,0.,0.));
#358 = ORIENTED_EDGE('',*,*,#359,.F.);
#359 = EDGE_CURVE('',#360,#352,#362,.T.);
#360 = VERTEX_POINT('',#361);
#361 = CARTESIAN_POINT('',(44.999892,-115.99991,0.));
#362 = LINE('',#363,#364);
#363 = CARTESIAN_POINT('',(44.999892,-115.99991,0.));
#364 = VECTOR('',#365,1.);
#365 = DIRECTION('',(0.,1.,0.));
#366 = ORIENTED_EDGE('',*,*,#367,.F.);
#367 = EDGE_CURVE('',#368,#360,#370,.T.);
#368 = VERTEX_POINT('',#369);
#369 = CARTESIAN_POINT('',(49.999892,-115.99991,0.));
#370 = LINE('',#371,#372);
#371 = CARTESIAN_POINT('',(49.999892,-115.99991,0.));
#372 = VECTOR('',#373,1.);
#373 = DIRECTION('',(-1.,0.,0.));
#374 = ORIENTED_EDGE('',*,*,#375,.F.);
#375 = EDGE_CURVE('',#376,#368,#378,.T.);
#376 = VERTEX_POINT('',#377);
#377 = CARTESIAN_POINT('',(49.999892,-114.99991,0.));
#378 = LINE('',#379,#380);
#379 = CARTESIAN_POINT('',(49.999892,-114.99991,0.));
#380 = VECTOR('',#381,1.);
#381 = DIRECTION('',(0.,-1.,0.));
#382 = ORIENTED_EDGE('',*,*,#383,.F.);
#383 = EDGE_CURVE('',#384,#376,#386,.T.);
#384 = VERTEX_POINT('',#385);
#385 = CARTESIAN_POINT('',(56.999892,-114.99991,0.));
#386 = LINE('',#387,#388);
#387 = CARTESIAN_POINT('',(56.999892,-114.99991,0.));
#388 = VECTOR('',#389,1.);
#389 = DIRECTION('',(-1.,0.,0.));
#390 = ORIENTED_EDGE('',*,*,#391,.F.);
#391 = EDGE_CURVE('',#392,#384,#394,.T.);
#392 = VERTEX_POINT('',#393);
#393 = CARTESIAN_POINT('',(56.999892,-115.99991,0.));
#394 = LINE('',#395,#396);
#395 = CARTESIAN_POINT('',(56.999892,-115.99991,0.));
#396 = VECTOR('',#397,1.);
#397 = DIRECTION('',(0.,1.,0.));
#398 = ORIENTED_EDGE('',*,*,#399,.F.);
#399 = EDGE_CURVE('',#400,#392,#402,.T.);
#400 = VERTEX_POINT('',#401);
#401 = CARTESIAN_POINT('',(61.999892,-115.99991,0.));
#402 = LINE('',#403,#404);
#403 = CARTESIAN_POINT('',(61.999892,-115.99991,0.));
#404 = VECTOR('',#405,1.);
#405 = DIRECTION('',(-1.,0.,0.));
#406 = ORIENTED_EDGE('',*,*,#407,.F.);
#407 = EDGE_CURVE('',#408,#400,#410,.T.);
#408 = VERTEX_POINT('',#409);
#409 = CARTESIAN_POINT('',(61.999892,-114.99991,0.));
#410 = LINE('',#411,#412);
#411 = CARTESIAN_POINT('',(61.999892,-114.99991,0.));
#412 = VECTOR('',#413,1.);
#413 = DIRECTION('',(0.,-1.,0.));
#414 = ORIENTED_EDGE('',*,*,#415,.F.);
#415 = EDGE_CURVE('',#416,#408,#418,.T.);
#416 = VERTEX_POINT('',#417);
#417 = CARTESIAN_POINT('',(68.999892,-114.99991,0.));
#418 = LINE('',#419,#420);
#419 = CARTESIAN_POINT('',(68.999892,-114.99991,0.));
#420 = VECTOR('',#421,1.);
#421 = DIRECTION('',(-1.,0.,0.));
#422 = ORIENTED_EDGE('',*,*,#423,.F.);
#423 = EDGE_CURVE('',#424,#416,#426,.T.);
#424 = VERTEX_POINT('',#425);
#425 = CARTESIAN_POINT('',(68.999892,-115.99991,0.));
#426 = LINE('',#427,#428);
#427 = CARTESIAN_POINT('',(68.999892,-115.99991,0.));
#428 = VECTOR('',#429,1.);
#429 = DIRECTION('',(0.,1.,0.));
#430 = ORIENTED_EDGE('',*,*,#431,.F.);
#431 = EDGE_CURVE('',#432,#424,#434,.T.);
#432 = VERTEX_POINT('',#433);
#433 = CARTESIAN_POINT('',(73.999892,-115.99991,0.));
#434 = LINE('',#435,#436);
#435 = CARTESIAN_POINT('',(73.999892,-115.99991,0.));
#436 = VECTOR('',#437,1.);
#437 = DIRECTION('',(-1.,0.,0.));
#438 = ORIENTED_EDGE('',*,*,#439,.F.);
#439 = EDGE_CURVE('',#440,#432,#442,.T.);
#440 = VERTEX_POINT('',#441);
#441 = CARTESIAN_POINT('',(73.999892,-114.99991,0.));
#442 = LINE('',#443,#444);
#443 = CARTESIAN_POINT('',(73.999892,-114.99991,0.));
#444 = VECTOR('',#445,1.);
#445 = DIRECTION('',(0.,-1.,0.));
#446 = ORIENTED_EDGE('',*,*,#447,.F.);
#447 = EDGE_CURVE('',#448,#440,#450,.T.);
#448 = VERTEX_POINT('',#449);
#449 = CARTESIAN_POINT('',(80.999892,-114.99991,0.));
#450 = LINE('',#451,#452);
#451 = CARTESIAN_POINT('',(80.999892,-114.99991,0.));
#452 = VECTOR('',#453,1.);
#453 = DIRECTION('',(-1.,0.,0.));
#454 = ORIENTED_EDGE('',*,*,#455,.F.);
#455 = EDGE_CURVE('',#456,#448,#458,.T.);
#456 = VERTEX_POINT('',#457);
#457 = CARTESIAN_POINT('',(80.999892,-115.99991,0.));
#458 = LINE('',#459,#460);
#459 = CARTESIAN_POINT('',(80.999892,-115.99991,0.));
#460 = VECTOR('',#461,1.);
#461 = DIRECTION('',(0.,1.,0.));
#462 = ORIENTED_EDGE('',*,*,#463,.F.);
#463 = EDGE_CURVE('',#464,#456,#466,.T.);
#464 = VERTEX_POINT('',#465);
#465 = CARTESIAN_POINT('',(85.999892,-115.99991,0.));
#466 = LINE('',#467,#468);
#467 = CARTESIAN_POINT('',(85.999892,-115.99991,0.));
#468 = VECTOR('',#469,1.);
#469 = DIRECTION('',(-1.,0.,0.));
#470 = ORIENTED_EDGE('',*,*,#471,.F.);
#471 = EDGE_CURVE('',#472,#464,#474,.T.);
#472 = VERTEX_POINT('',#473);
#473 = CARTESIAN_POINT('',(85.999892,-114.99991,0.));
#474 = LINE('',#475,#476);
#475 = CARTESIAN_POINT('',(85.999892,-114.99991,0.));
#476 = VECTOR('',#477,1.);
#477 = DIRECTION('',(0.,-1.,0.));
#478 = ORIENTED_EDGE('',*,*,#479,.F.);
#479 = EDGE_CURVE('',#480,#472,#482,.T.);
#480 = VERTEX_POINT('',#481);
#481 = CARTESIAN_POINT('',(92.999892,-114.99991,0.));
#482 = LINE('',#483,#484);
#483 = CARTESIAN_POINT('',(92.999892,-114.99991,0.));
#484 = VECTOR('',#485,1.);
#485 = DIRECTION('',(-1.,0.,0.));
#486 = ORIENTED_EDGE('',*,*,#487,.F.);
#487 = EDGE_CURVE('',#488,#480,#490,.T.);
#488 = VERTEX_POINT('',#489);
#489 = CARTESIAN_POINT('',(92.999892,-115.99991,0.));
#490 = LINE('',#491,#492);
#491 = CARTESIAN_POINT('',(92.999892,-115.99991,0.));
#492 = VECTOR('',#493,1.);
#493 = DIRECTION('',(0.,1.,0.));
#494 = ORIENTED_EDGE('',*,*,#495,.F.);
#495 = EDGE_CURVE('',#496,#488,#498,.T.);
#496 = VERTEX_POINT('',#497);
#497 = CARTESIAN_POINT('',(97.999892,-115.99991,0.));
#498 = LINE('',#499,#500);
#499 = CARTESIAN_POINT('',(97.999892,-115.99991,0.));
#500 = VECTOR('',#501,1.);
#501 = DIRECTION('',(-1.,0.,0.));
#502 = ORIENTED_EDGE('',*,*,#503,.F.);
#503 = EDGE_CURVE('',#504,#496,#506,.T.);
#504 = VERTEX_POINT('',#505);
#505 = CARTESIAN_POINT('',(97.999892,-114.99991,0.));
#506 = LINE('',#507,#508);
#507 = CARTESIAN_POINT('',(97.999892,-114.99991,0.));
#508 = VECTOR('',#509,1.);
#509 = DIRECTION('',(0.,-1.,0.));
#510 = ORIENTED_EDGE('',*,*,#511,.F.);
#511 = EDGE_CURVE('',#512,#504,#514,.T.);
#512 = VERTEX_POINT('',#513);
#513 = CARTESIAN_POINT('',(104.999892,-114.99991,0.));
#514 = LINE('',#515,#516);
#515 = CARTESIAN_POINT('',(104.999892,-114.99991,0.));
#516 = VECTOR('',#517,1.);
#517 = DIRECTION('',(-1.,0.,0.));
#518 = ORIENTED_EDGE('',*,*,#519,.F.);
#519 = EDGE_CURVE('',#520,#512,#522,.T.);
#520 = VERTEX_POINT('',#521);
#521 = CARTESIAN_POINT('',(104.999892,-115.99991,0.));
#522 = LINE('',#523,#524);
#523 = CARTESIAN_POINT('',(104.999892,-115.99991,0.));
#524 = VECTOR('',#525,1.);
#525 = DIRECTION('',(0.,1.,0.));
#526 = ORIENTED_EDGE('',*,*,#527,.F.);
#527 = EDGE_CURVE('',#528,#520,#530,.T.);
#528 = VERTEX_POINT('',#529);
#529 = CARTESIAN_POINT('',(109.999892,-115.99991,0.));
#530 = LINE('',#531,#532);
#531 = CARTESIAN_POINT('',(109.999892,-115.99991,0.));
#532 = VECTOR('',#533,1.);
#533 = DIRECTION('',(-1.,0.,0.));
#534 = ORIENTED_EDGE('',*,*,#535,.F.);
#535 = EDGE_CURVE('',#536,#528,#538,.T.);
#536 = VERTEX_POINT('',#537);
#537 = CARTESIAN_POINT('',(109.999892,-114.99991,0.));
#538 = LINE('',#539,#540);
#539 = CARTESIAN_POINT('',(109.999892,-114.99991,0.));
#540 = VECTOR('',#541,1.);
#541 = DIRECTION('',(0.,-1.,0.));
#542 = ORIENTED_EDGE('',*,*,#543,.F.);
#543 = EDGE_CURVE('',#544,#536,#546,.T.);
#544 = VERTEX_POINT('',#545);
#545 = CARTESIAN_POINT('',(109.999892,-112.99991,0.));
#546 = LINE('',#547,#548);
#547 = CARTESIAN_POINT('',(109.999892,-112.99991,0.));
#548 = VECTOR('',#549,1.);
#549 = DIRECTION('',(0.,-1.,0.));
#550 = ORIENTED_EDGE('',*,*,#551,.F.);
#551 = EDGE_CURVE('',#552,#544,#554,.T.);
#552 = VERTEX_POINT('',#553);
#553 = CARTESIAN_POINT('',(109.999892,-110.99991,0.));
#554 = LINE('',#555,#556);
#555 = CARTESIAN_POINT('',(109.999892,-110.99991,0.));
#556 = VECTOR('',#557,1.);
#557 = DIRECTION('',(0.,-1.,0.));
#558 = ORIENTED_EDGE('',*,*,#559,.F.);
#559 = EDGE_CURVE('',#560,#552,#562,.T.);
#560 = VERTEX_POINT('',#561);
#561 = CARTESIAN_POINT('',(110.999892,-103.99991,0.));
#562 = LINE('',#563,#564);
#563 = CARTESIAN_POINT('',(110.999892,-103.99991,0.));
#564 = VECTOR('',#565,1.);
#565 = DIRECTION('',(-0.141421356237,-0.989949493661,0.));
#566 = ORIENTED_EDGE('',*,*,#567,.F.);
#567 = EDGE_CURVE('',#568,#560,#570,.T.);
#568 = VERTEX_POINT('',#569);
#569 = CARTESIAN_POINT('',(110.999892,-96.99991,0.));
#570 = LINE('',#571,#572);
#571 = CARTESIAN_POINT('',(110.999892,-96.99991,0.));
#572 = VECTOR('',#573,1.);
#573 = DIRECTION('',(0.,-1.,0.));
#574 = ORIENTED_EDGE('',*,*,#575,.F.);
#575 = EDGE_CURVE('',#576,#568,#578,.T.);
#576 = VERTEX_POINT('',#577);
#577 = CARTESIAN_POINT('',(109.999892,-88.99991,0.));
#578 = LINE('',#579,#580);
#579 = CARTESIAN_POINT('',(109.999892,-88.99991,0.));
#580 = VECTOR('',#581,1.);
#581 = DIRECTION('',(0.124034734589,-0.992277876714,0.));
#582 = ORIENTED_EDGE('',*,*,#583,.F.);
#583 = EDGE_CURVE('',#584,#576,#586,.T.);
#584 = VERTEX_POINT('',#585);
#585 = CARTESIAN_POINT('',(109.999892,-87.99991,0.));
#586 = LINE('',#587,#588);
#587 = CARTESIAN_POINT('',(109.999892,-87.99991,0.));
#588 = VECTOR('',#589,1.);
#589 = DIRECTION('',(0.,-1.,0.));
#590 = ORIENTED_EDGE('',*,*,#591,.F.);
#591 = EDGE_CURVE('',#592,#584,#594,.T.);
#592 = VERTEX_POINT('',#593);
#593 = CARTESIAN_POINT('',(109.999892,-85.99991,0.));
#594 = LINE('',#595,#596);
#595 = CARTESIAN_POINT('',(109.999892,-85.99991,0.));
#596 = VECTOR('',#597,1.);
#597 = DIRECTION('',(0.,-1.,0.));
#598 = ORIENTED_EDGE('',*,*,#599,.F.);
#599 = EDGE_CURVE('',#600,#592,#602,.T.);
#600 = VERTEX_POINT('',#601);
#601 = CARTESIAN_POINT('',(109.999892,-84.99991,0.));
#602 = LINE('',#603,#604);
#603 = CARTESIAN_POINT('',(109.999892,-84.99991,0.));
#604 = VECTOR('',#605,1.);
#605 = DIRECTION('',(0.,-1.,0.));
#606 = ORIENTED_EDGE('',*,*,#607,.F.);
#607 = EDGE_CURVE('',#608,#600,#610,.T.);
#608 = VERTEX_POINT('',#609);
#609 = CARTESIAN_POINT('',(109.999892,-72.99991,0.));
#610 = LINE('',#611,#612);
#611 = CARTESIAN_POINT('',(109.999892,-72.99991,0.));
#612 = VECTOR('',#613,1.);
#613 = DIRECTION('',(0.,-1.,0.));
#614 = ORIENTED_EDGE('',*,*,#615,.F.);
#615 = EDGE_CURVE('',#616,#608,#618,.T.);
#616 = VERTEX_POINT('',#617);
#617 = CARTESIAN_POINT('',(109.999892,-58.99991,0.));
#618 = LINE('',#619,#620);
#619 = CARTESIAN_POINT('',(109.999892,-58.99991,0.));
#620 = VECTOR('',#621,1.);
#621 = DIRECTION('',(0.,-1.,0.));
#622 = ORIENTED_EDGE('',*,*,#623,.F.);
#623 = EDGE_CURVE('',#624,#616,#626,.T.);
#624 = VERTEX_POINT('',#625);
#625 = CARTESIAN_POINT('',(109.999892,-46.99991,0.));
#626 = LINE('',#627,#628);
#627 = CARTESIAN_POINT('',(109.999892,-46.99991,0.));
#628 = VECTOR('',#629,1.);
#629 = DIRECTION('',(0.,-1.,0.));
#630 = ORIENTED_EDGE('',*,*,#631,.F.);
#631 = EDGE_CURVE('',#632,#624,#634,.T.);
#632 = VERTEX_POINT('',#633);
#633 = CARTESIAN_POINT('',(109.999892,-45.99991,0.));
#634 = LINE('',#635,#636);
#635 = CARTESIAN_POINT('',(109.999892,-45.99991,0.));
#636 = VECTOR('',#637,1.);
#637 = DIRECTION('',(0.,-1.,0.));
#638 = ORIENTED_EDGE('',*,*,#639,.F.);
#639 = EDGE_CURVE('',#640,#632,#642,.T.);
#640 = VERTEX_POINT('',#641);
#641 = CARTESIAN_POINT('',(109.999892,-43.99991,0.));
#642 = LINE('',#643,#644);
#643 = CARTESIAN_POINT('',(109.999892,-43.99991,0.));
#644 = VECTOR('',#645,1.);
#645 = DIRECTION('',(0.,-1.,0.));
#646 = ORIENTED_EDGE('',*,*,#647,.F.);
#647 = EDGE_CURVE('',#648,#640,#650,.T.);
#648 = VERTEX_POINT('',#649);
#649 = CARTESIAN_POINT('',(109.999892,-42.99991,0.));
#650 = LINE('',#651,#652);
#651 = CARTESIAN_POINT('',(109.999892,-42.99991,0.));
#652 = VECTOR('',#653,1.);
#653 = DIRECTION('',(0.,-1.,0.));
#654 = ORIENTED_EDGE('',*,*,#655,.F.);
#655 = EDGE_CURVE('',#656,#648,#658,.T.);
#656 = VERTEX_POINT('',#657);
#657 = CARTESIAN_POINT('',(110.999892,-34.99991,0.));
#658 = LINE('',#659,#660);
#659 = CARTESIAN_POINT('',(110.999892,-34.99991,0.));
#660 = VECTOR('',#661,1.);
#661 = DIRECTION('',(-0.124034734589,-0.992277876714,0.));
#662 = ORIENTED_EDGE('',*,*,#663,.F.);
#663 = EDGE_CURVE('',#664,#656,#666,.T.);
#664 = VERTEX_POINT('',#665);
#665 = CARTESIAN_POINT('',(110.999892,-27.99991,0.));
#666 = LINE('',#667,#668);
#667 = CARTESIAN_POINT('',(110.999892,-27.99991,0.));
#668 = VECTOR('',#669,1.);
#669 = DIRECTION('',(0.,-1.,0.));
#670 = ORIENTED_EDGE('',*,*,#671,.F.);
#671 = EDGE_CURVE('',#672,#664,#674,.T.);
#672 = VERTEX_POINT('',#673);
#673 = CARTESIAN_POINT('',(109.999892,-19.99991,0.));
#674 = LINE('',#675,#676);
#675 = CARTESIAN_POINT('',(109.999892,-19.99991,0.));
#676 = VECTOR('',#677,1.);
#677 = DIRECTION('',(0.124034734589,-0.992277876714,0.));
#678 = ORIENTED_EDGE('',*,*,#679,.F.);
#679 = EDGE_CURVE('',#680,#672,#682,.T.);
#680 = VERTEX_POINT('',#681);
#681 = CARTESIAN_POINT('',(109.999892,-18.99991,0.));
#682 = LINE('',#683,#684);
#683 = CARTESIAN_POINT('',(109.999892,-18.99991,0.));
#684 = VECTOR('',#685,1.);
#685 = DIRECTION('',(0.,-1.,0.));
#686 = ORIENTED_EDGE('',*,*,#687,.F.);
#687 = EDGE_CURVE('',#688,#680,#690,.T.);
#688 = VERTEX_POINT('',#689);
#689 = CARTESIAN_POINT('',(109.999892,-16.99991,0.));
#690 = LINE('',#691,#692);
#691 = CARTESIAN_POINT('',(109.999892,-16.99991,0.));
#692 = VECTOR('',#693,1.);
#693 = DIRECTION('',(0.,-1.,0.));
#694 = ORIENTED_EDGE('',*,*,#695,.F.);
#695 = EDGE_CURVE('',#696,#688,#698,.T.);
#696 = VERTEX_POINT('',#697);
#697 = CARTESIAN_POINT('',(109.999892,-15.99991,0.));
#698 = LINE('',#699,#700);
#699 = CARTESIAN_POINT('',(109.999892,-15.99991,0.));
#700 = VECTOR('',#701,1.);
#701 = DIRECTION('',(0.,-1.,0.));
#702 = ORIENTED_EDGE('',*,*,#703,.F.);
#703 = EDGE_CURVE('',#704,#696,#706,.T.);
#704 = VERTEX_POINT('',#705);
#705 = CARTESIAN_POINT('',(104.999892,-15.99991,0.));
#706 = LINE('',#707,#708);
#707 = CARTESIAN_POINT('',(104.999892,-15.99991,0.));
#708 = VECTOR('',#709,1.);
#709 = DIRECTION('',(1.,0.,0.));
#710 = ORIENTED_EDGE('',*,*,#711,.F.);
#711 = EDGE_CURVE('',#712,#704,#714,.T.);
#712 = VERTEX_POINT('',#713);
#713 = CARTESIAN_POINT('',(104.999892,-16.99991,0.));
#714 = LINE('',#715,#716);
#715 = CARTESIAN_POINT('',(104.999892,-16.99991,0.));
#716 = VECTOR('',#717,1.);
#717 = DIRECTION('',(0.,1.,0.));
#718 = ORIENTED_EDGE('',*,*,#719,.F.);
#719 = EDGE_CURVE('',#720,#712,#722,.T.);
#720 = VERTEX_POINT('',#721);
#721 = CARTESIAN_POINT('',(97.999892,-16.99991,0.));
#722 = LINE('',#723,#724);
#723 = CARTESIAN_POINT('',(97.999892,-16.99991,0.));
#724 = VECTOR('',#725,1.);
#725 = DIRECTION('',(1.,0.,0.));
#726 = ORIENTED_EDGE('',*,*,#727,.F.);
#727 = EDGE_CURVE('',#728,#720,#730,.T.);
#728 = VERTEX_POINT('',#729);
#729 = CARTESIAN_POINT('',(97.999892,-15.99991,0.));
#730 = LINE('',#731,#732);
#731 = CARTESIAN_POINT('',(97.999892,-15.99991,0.));
#732 = VECTOR('',#733,1.);
#733 = DIRECTION('',(0.,-1.,0.));
#734 = ORIENTED_EDGE('',*,*,#735,.F.);
#735 = EDGE_CURVE('',#736,#728,#738,.T.);
#736 = VERTEX_POINT('',#737);
#737 = CARTESIAN_POINT('',(92.999892,-15.99991,0.));
#738 = LINE('',#739,#740);
#739 = CARTESIAN_POINT('',(92.999892,-15.99991,0.));
#740 = VECTOR('',#741,1.);
#741 = DIRECTION('',(1.,0.,0.));
#742 = ORIENTED_EDGE('',*,*,#743,.F.);
#743 = EDGE_CURVE('',#744,#736,#746,.T.);
#744 = VERTEX_POINT('',#745);
#745 = CARTESIAN_POINT('',(92.999892,-16.99991,0.));
#746 = LINE('',#747,#748);
#747 = CARTESIAN_POINT('',(92.999892,-16.99991,0.));
#748 = VECTOR('',#749,1.);
#749 = DIRECTION('',(0.,1.,0.));
#750 = ORIENTED_EDGE('',*,*,#751,.F.);
#751 = EDGE_CURVE('',#752,#744,#754,.T.);
#752 = VERTEX_POINT('',#753);
#753 = CARTESIAN_POINT('',(85.999892,-16.99991,0.));
#754 = LINE('',#755,#756);
#755 = CARTESIAN_POINT('',(85.999892,-16.99991,0.));
#756 = VECTOR('',#757,1.);
#757 = DIRECTION('',(1.,0.,0.));
#758 = ORIENTED_EDGE('',*,*,#759,.F.);
#759 = EDGE_CURVE('',#760,#752,#762,.T.);
#760 = VERTEX_POINT('',#761);
#761 = CARTESIAN_POINT('',(85.999892,-15.99991,0.));
#762 = LINE('',#763,#764);
#763 = CARTESIAN_POINT('',(85.999892,-15.99991,0.));
#764 = VECTOR('',#765,1.);
#765 = DIRECTION('',(0.,-1.,0.));
#766 = ORIENTED_EDGE('',*,*,#767,.F.);
#767 = EDGE_CURVE('',#768,#760,#770,.T.);
#768 = VERTEX_POINT('',#769);
#769 = CARTESIAN_POINT('',(80.999892,-15.99991,0.));
#770 = LINE('',#771,#772);
#771 = CARTESIAN_POINT('',(80.999892,-15.99991,0.));
#772 = VECTOR('',#773,1.);
#773 = DIRECTION('',(1.,0.,0.));
#774 = ORIENTED_EDGE('',*,*,#775,.F.);
#775 = EDGE_CURVE('',#776,#768,#778,.T.);
#776 = VERTEX_POINT('',#777);
#777 = CARTESIAN_POINT('',(80.999892,-16.99991,0.));
#778 = LINE('',#779,#780);
#779 = CARTESIAN_POINT('',(80.999892,-16.99991,0.));
#780 = VECTOR('',#781,1.);
#781 = DIRECTION('',(0.,1.,0.));
#782 = ORIENTED_EDGE('',*,*,#783,.F.);
#783 = EDGE_CURVE('',#784,#776,#786,.T.);
#784 = VERTEX_POINT('',#785);
#785 = CARTESIAN_POINT('',(73.999892,-16.99991,0.));
#786 = LINE('',#787,#788);
#787 = CARTESIAN_POINT('',(73.999892,-16.99991,0.));
#788 = VECTOR('',#789,1.);
#789 = DIRECTION('',(1.,0.,0.));
#790 = ORIENTED_EDGE('',*,*,#791,.F.);
#791 = EDGE_CURVE('',#792,#784,#794,.T.);
#792 = VERTEX_POINT('',#793);
#793 = CARTESIAN_POINT('',(73.999892,-15.99991,0.));
#794 = LINE('',#795,#796);
#795 = CARTESIAN_POINT('',(73.999892,-15.99991,0.));
#796 = VECTOR('',#797,1.);
#797 = DIRECTION('',(0.,-1.,0.));
#798 = ORIENTED_EDGE('',*,*,#799,.F.);
#799 = EDGE_CURVE('',#800,#792,#802,.T.);
#800 = VERTEX_POINT('',#801);
#801 = CARTESIAN_POINT('',(68.999892,-15.99991,0.));
#802 = LINE('',#803,#804);
#803 = CARTESIAN_POINT('',(68.999892,-15.99991,0.));
#804 = VECTOR('',#805,1.);
#805 = DIRECTION('',(1.,0.,0.));
#806 = ORIENTED_EDGE('',*,*,#807,.F.);
#807 = EDGE_CURVE('',#808,#800,#810,.T.);
#808 = VERTEX_POINT('',#809);
#809 = CARTESIAN_POINT('',(68.999892,-16.99991,0.));
#810 = LINE('',#811,#812);
#811 = CARTESIAN_POINT('',(68.999892,-16.99991,0.));
#812 = VECTOR('',#813,1.);
#813 = DIRECTION('',(0.,1.,0.));
#814 = ORIENTED_EDGE('',*,*,#815,.F.);
#815 = EDGE_CURVE('',#816,#808,#818,.T.);
#816 = VERTEX_POINT('',#817);
#817 = CARTESIAN_POINT('',(61.999892,-16.99991,0.));
#818 = LINE('',#819,#820);
#819 = CARTESIAN_POINT('',(61.999892,-16.99991,0.));
#820 = VECTOR('',#821,1.);
#821 = DIRECTION('',(1.,0.,0.));
#822 = ORIENTED_EDGE('',*,*,#823,.F.);
#823 = EDGE_CURVE('',#824,#816,#826,.T.);
#824 = VERTEX_POINT('',#825);
#825 = CARTESIAN_POINT('',(61.999892,-15.99991,0.));
#826 = LINE('',#827,#828);
#827 = CARTESIAN_POINT('',(61.999892,-15.99991,0.));
#828 = VECTOR('',#829,1.);
#829 = DIRECTION('',(0.,-1.,0.));
#830 = ORIENTED_EDGE('',*,*,#831,.F.);
#831 = EDGE_CURVE('',#832,#824,#834,.T.);
#832 = VERTEX_POINT('',#833);
#833 = CARTESIAN_POINT('',(56.999892,-15.99991,0.));
#834 = LINE('',#835,#836);
#835 = CARTESIAN_POINT('',(56.999892,-15.99991,0.));
#836 = VECTOR('',#837,1.);
#837 = DIRECTION('',(1.,0.,0.));
#838 = ORIENTED_EDGE('',*,*,#839,.F.);
#839 = EDGE_CURVE('',#840,#832,#842,.T.);
#840 = VERTEX_POINT('',#841);
#841 = CARTESIAN_POINT('',(56.999892,-16.99991,0.));
#842 = LINE('',#843,#844);
#843 = CARTESIAN_POINT('',(56.999892,-16.99991,0.));
#844 = VECTOR('',#845,1.);
#845 = DIRECTION('',(0.,1.,0.));
#846 = ORIENTED_EDGE('',*,*,#847,.F.);
#847 = EDGE_CURVE('',#848,#840,#850,.T.);
#848 = VERTEX_POINT('',#849);
#849 = CARTESIAN_POINT('',(49.999892,-16.99991,0.));
#850 = LINE('',#851,#852);
#851 = CARTESIAN_POINT('',(49.999892,-16.99991,0.));
#852 = VECTOR('',#853,1.);
#853 = DIRECTION('',(1.,0.,0.));
#854 = ORIENTED_EDGE('',*,*,#855,.F.);
#855 = EDGE_CURVE('',#856,#848,#858,.T.);
#856 = VERTEX_POINT('',#857);
#857 = CARTESIAN_POINT('',(49.999892,-15.99991,0.));
#858 = LINE('',#859,#860);
#859 = CARTESIAN_POINT('',(49.999892,-15.99991,0.));
#860 = VECTOR('',#861,1.);
#861 = DIRECTION('',(0.,-1.,0.));
#862 = ORIENTED_EDGE('',*,*,#863,.F.);
#863 = EDGE_CURVE('',#864,#856,#866,.T.);
#864 = VERTEX_POINT('',#865);
#865 = CARTESIAN_POINT('',(44.999892,-15.99991,0.));
#866 = LINE('',#867,#868);
#867 = CARTESIAN_POINT('',(44.999892,-15.99991,0.));
#868 = VECTOR('',#869,1.);
#869 = DIRECTION('',(1.,0.,0.));
#870 = ORIENTED_EDGE('',*,*,#871,.F.);
#871 = EDGE_CURVE('',#872,#864,#874,.T.);
#872 = VERTEX_POINT('',#873);
#873 = CARTESIAN_POINT('',(44.999892,-16.99991,0.));
#874 = LINE('',#875,#876);
#875 = CARTESIAN_POINT('',(44.999892,-16.99991,0.));
#876 = VECTOR('',#877,1.);
#877 = DIRECTION('',(0.,1.,0.));
#878 = ORIENTED_EDGE('',*,*,#879,.F.);
#879 = EDGE_CURVE('',#880,#872,#882,.T.);
#880 = VERTEX_POINT('',#881);
#881 = CARTESIAN_POINT('',(37.999892,-16.99991,0.));
#882 = LINE('',#883,#884);
#883 = CARTESIAN_POINT('',(37.999892,-16.99991,0.));
#884 = VECTOR('',#885,1.);
#885 = DIRECTION('',(1.,0.,0.));
#886 = ORIENTED_EDGE('',*,*,#887,.F.);
#887 = EDGE_CURVE('',#888,#880,#890,.T.);
#888 = VERTEX_POINT('',#889);
#889 = CARTESIAN_POINT('',(37.999892,-15.99991,0.));
#890 = LINE('',#891,#892);
#891 = CARTESIAN_POINT('',(37.999892,-15.99991,0.));
#892 = VECTOR('',#893,1.);
#893 = DIRECTION('',(0.,-1.,0.));
#894 = ORIENTED_EDGE('',*,*,#895,.F.);
#895 = EDGE_CURVE('',#120,#888,#896,.T.);
#896 = LINE('',#897,#898);
#897 = CARTESIAN_POINT('',(32.999892,-15.99991,0.));
#898 = VECTOR('',#899,1.);
#899 = DIRECTION('',(1.,0.,0.));
#900 = ORIENTED_EDGE('',*,*,#127,.F.);
#901 = FACE_BOUND('',#902,.F.);
#902 = EDGE_LOOP('',(#903));
#903 = ORIENTED_EDGE('',*,*,#904,.T.);
#904 = EDGE_CURVE('',#905,#905,#907,.T.);
#905 = VERTEX_POINT('',#906);
#906 = CARTESIAN_POINT('',(23.499892,-114.59991,0.));
#907 = CIRCLE('',#908,0.6);
#908 = AXIS2_PLACEMENT_3D('',#909,#910,#911);
#909 = CARTESIAN_POINT('',(23.499892,-113.99991,0.));
#910 = DIRECTION('',(-0.,0.,-1.));
#911 = DIRECTION('',(-5.921189464668E-15,-1.,0.));
#912 = FACE_BOUND('',#913,.F.);
#913 = EDGE_LOOP('',(#914));
#914 = ORIENTED_EDGE('',*,*,#915,.T.);
#915 = EDGE_CURVE('',#916,#916,#918,.T.);
#916 = VERTEX_POINT('',#917);
#917 = CARTESIAN_POINT('',(35.499892,-114.599909,0.));
#918 = CIRCLE('',#919,0.6);
#919 = AXIS2_PLACEMENT_3D('',#920,#921,#922);
#920 = CARTESIAN_POINT('',(35.499892,-113.999909,0.));
#921 = DIRECTION('',(-0.,0.,-1.));
#922 = DIRECTION('',(-0.,-1.,0.));
#923 = FACE_BOUND('',#924,.F.);
#924 = EDGE_LOOP('',(#925,#935,#943,#951,#959,#967,#975,#983,#991,#999,
    #1007,#1015));
#925 = ORIENTED_EDGE('',*,*,#926,.F.);
#926 = EDGE_CURVE('',#927,#929,#931,.T.);
#927 = VERTEX_POINT('',#928);
#928 = CARTESIAN_POINT('',(25.999892,-88.99991,0.));
#929 = VERTEX_POINT('',#930);
#930 = CARTESIAN_POINT('',(26.999892,-96.99991,0.));
#931 = LINE('',#932,#933);
#932 = CARTESIAN_POINT('',(25.999892,-88.99991,0.));
#933 = VECTOR('',#934,1.);
#934 = DIRECTION('',(0.124034734589,-0.992277876714,0.));
#935 = ORIENTED_EDGE('',*,*,#936,.F.);
#936 = EDGE_CURVE('',#937,#927,#939,.T.);
#937 = VERTEX_POINT('',#938);
#938 = CARTESIAN_POINT('',(25.999892,-87.99991,0.));
#939 = LINE('',#940,#941);
#940 = CARTESIAN_POINT('',(25.999892,-87.99991,0.));
#941 = VECTOR('',#942,1.);
#942 = DIRECTION('',(0.,-1.,0.));
#943 = ORIENTED_EDGE('',*,*,#944,.F.);
#944 = EDGE_CURVE('',#945,#937,#947,.T.);
#945 = VERTEX_POINT('',#946);
#946 = CARTESIAN_POINT('',(32.999892,-87.99991,0.));
#947 = LINE('',#948,#949);
#948 = CARTESIAN_POINT('',(32.999892,-87.99991,0.));
#949 = VECTOR('',#950,1.);
#950 = DIRECTION('',(-1.,0.,0.));
#951 = ORIENTED_EDGE('',*,*,#952,.F.);
#952 = EDGE_CURVE('',#953,#945,#955,.T.);
#953 = VERTEX_POINT('',#954);
#954 = CARTESIAN_POINT('',(32.999892,-88.99991,0.));
#955 = LINE('',#956,#957);
#956 = CARTESIAN_POINT('',(32.999892,-88.99991,0.));
#957 = VECTOR('',#958,1.);
#958 = DIRECTION('',(0.,1.,0.));
#959 = ORIENTED_EDGE('',*,*,#960,.F.);
#960 = EDGE_CURVE('',#961,#953,#963,.T.);
#961 = VERTEX_POINT('',#962);
#962 = CARTESIAN_POINT('',(31.999892,-96.99991,0.));
#963 = LINE('',#964,#965);
#964 = CARTESIAN_POINT('',(31.999892,-96.99991,0.));
#965 = VECTOR('',#966,1.);
#966 = DIRECTION('',(0.124034734589,0.992277876714,0.));
#967 = ORIENTED_EDGE('',*,*,#968,.F.);
#968 = EDGE_CURVE('',#969,#961,#971,.T.);
#969 = VERTEX_POINT('',#970);
#970 = CARTESIAN_POINT('',(31.999892,-103.99991,0.));
#971 = LINE('',#972,#973);
#972 = CARTESIAN_POINT('',(31.999892,-103.99991,0.));
#973 = VECTOR('',#974,1.);
#974 = DIRECTION('',(0.,1.,0.));
#975 = ORIENTED_EDGE('',*,*,#976,.F.);
#976 = EDGE_CURVE('',#977,#969,#979,.T.);
#977 = VERTEX_POINT('',#978);
#978 = CARTESIAN_POINT('',(32.999892,-110.99991,0.));
#979 = LINE('',#980,#981);
#980 = CARTESIAN_POINT('',(32.999892,-110.99991,0.));
#981 = VECTOR('',#982,1.);
#982 = DIRECTION('',(-0.141421356237,0.989949493661,0.));
#983 = ORIENTED_EDGE('',*,*,#984,.F.);
#984 = EDGE_CURVE('',#985,#977,#987,.T.);
#985 = VERTEX_POINT('',#986);
#986 = CARTESIAN_POINT('',(32.999892,-112.99991,0.));
#987 = LINE('',#988,#989);
#988 = CARTESIAN_POINT('',(32.999892,-112.99991,0.));
#989 = VECTOR('',#990,1.);
#990 = DIRECTION('',(0.,1.,0.));
#991 = ORIENTED_EDGE('',*,*,#992,.F.);
#992 = EDGE_CURVE('',#993,#985,#995,.T.);
#993 = VERTEX_POINT('',#994);
#994 = CARTESIAN_POINT('',(25.999892,-112.99991,0.));
#995 = LINE('',#996,#997);
#996 = CARTESIAN_POINT('',(25.999892,-112.99991,0.));
#997 = VECTOR('',#998,1.);
#998 = DIRECTION('',(1.,0.,0.));
#999 = ORIENTED_EDGE('',*,*,#1000,.F.);
#1000 = EDGE_CURVE('',#1001,#993,#1003,.T.);
#1001 = VERTEX_POINT('',#1002);
#1002 = CARTESIAN_POINT('',(25.999892,-110.99991,0.));
#1003 = LINE('',#1004,#1005);
#1004 = CARTESIAN_POINT('',(25.999892,-110.99991,0.));
#1005 = VECTOR('',#1006,1.);
#1006 = DIRECTION('',(0.,-1.,0.));
#1007 = ORIENTED_EDGE('',*,*,#1008,.F.);
#1008 = EDGE_CURVE('',#1009,#1001,#1011,.T.);
#1009 = VERTEX_POINT('',#1010);
#1010 = CARTESIAN_POINT('',(26.999892,-103.99991,0.));
#1011 = LINE('',#1012,#1013);
#1012 = CARTESIAN_POINT('',(26.999892,-103.99991,0.));
#1013 = VECTOR('',#1014,1.);
#1014 = DIRECTION('',(-0.141421356237,-0.989949493661,0.));
#1015 = ORIENTED_EDGE('',*,*,#1016,.F.);
#1016 = EDGE_CURVE('',#929,#1009,#1017,.T.);
#1017 = LINE('',#1018,#1019);
#1018 = CARTESIAN_POINT('',(26.999892,-96.99991,0.));
#1019 = VECTOR('',#1020,1.);
#1020 = DIRECTION('',(0.,-1.,0.));
#1021 = FACE_BOUND('',#1022,.F.);
#1022 = EDGE_LOOP('',(#1023,#1033,#1041,#1049,#1057,#1065,#1073,#1081,
    #1089,#1097,#1105,#1113));
#1023 = ORIENTED_EDGE('',*,*,#1024,.F.);
#1024 = EDGE_CURVE('',#1025,#1027,#1029,.T.);
#1025 = VERTEX_POINT('',#1026);
#1026 = CARTESIAN_POINT('',(37.999892,-88.99991,0.));
#1027 = VERTEX_POINT('',#1028);
#1028 = CARTESIAN_POINT('',(38.999892,-96.99991,0.));
#1029 = LINE('',#1030,#1031);
#1030 = CARTESIAN_POINT('',(37.999892,-88.99991,0.));
#1031 = VECTOR('',#1032,1.);
#1032 = DIRECTION('',(0.124034734589,-0.992277876714,0.));
#1033 = ORIENTED_EDGE('',*,*,#1034,.F.);
#1034 = EDGE_CURVE('',#1035,#1025,#1037,.T.);
#1035 = VERTEX_POINT('',#1036);
#1036 = CARTESIAN_POINT('',(37.999892,-87.99991,0.));
#1037 = LINE('',#1038,#1039);
#1038 = CARTESIAN_POINT('',(37.999892,-87.99991,0.));
#1039 = VECTOR('',#1040,1.);
#1040 = DIRECTION('',(0.,-1.,0.));
#1041 = ORIENTED_EDGE('',*,*,#1042,.F.);
#1042 = EDGE_CURVE('',#1043,#1035,#1045,.T.);
#1043 = VERTEX_POINT('',#1044);
#1044 = CARTESIAN_POINT('',(44.999892,-87.99991,0.));
#1045 = LINE('',#1046,#1047);
#1046 = CARTESIAN_POINT('',(44.999892,-87.99991,0.));
#1047 = VECTOR('',#1048,1.);
#1048 = DIRECTION('',(-1.,0.,0.));
#1049 = ORIENTED_EDGE('',*,*,#1050,.F.);
#1050 = EDGE_CURVE('',#1051,#1043,#1053,.T.);
#1051 = VERTEX_POINT('',#1052);
#1052 = CARTESIAN_POINT('',(44.999892,-88.99991,0.));
#1053 = LINE('',#1054,#1055);
#1054 = CARTESIAN_POINT('',(44.999892,-88.99991,0.));
#1055 = VECTOR('',#1056,1.);
#1056 = DIRECTION('',(0.,1.,0.));
#1057 = ORIENTED_EDGE('',*,*,#1058,.F.);
#1058 = EDGE_CURVE('',#1059,#1051,#1061,.T.);
#1059 = VERTEX_POINT('',#1060);
#1060 = CARTESIAN_POINT('',(43.999892,-96.99991,0.));
#1061 = LINE('',#1062,#1063);
#1062 = CARTESIAN_POINT('',(43.999892,-96.99991,0.));
#1063 = VECTOR('',#1064,1.);
#1064 = DIRECTION('',(0.124034734589,0.992277876714,0.));
#1065 = ORIENTED_EDGE('',*,*,#1066,.F.);
#1066 = EDGE_CURVE('',#1067,#1059,#1069,.T.);
#1067 = VERTEX_POINT('',#1068);
#1068 = CARTESIAN_POINT('',(43.999892,-103.99991,0.));
#1069 = LINE('',#1070,#1071);
#1070 = CARTESIAN_POINT('',(43.999892,-103.99991,0.));
#1071 = VECTOR('',#1072,1.);
#1072 = DIRECTION('',(0.,1.,0.));
#1073 = ORIENTED_EDGE('',*,*,#1074,.F.);
#1074 = EDGE_CURVE('',#1075,#1067,#1077,.T.);
#1075 = VERTEX_POINT('',#1076);
#1076 = CARTESIAN_POINT('',(44.999892,-110.99991,0.));
#1077 = LINE('',#1078,#1079);
#1078 = CARTESIAN_POINT('',(44.999892,-110.99991,0.));
#1079 = VECTOR('',#1080,1.);
#1080 = DIRECTION('',(-0.141421356237,0.989949493661,0.));
#1081 = ORIENTED_EDGE('',*,*,#1082,.F.);
#1082 = EDGE_CURVE('',#1083,#1075,#1085,.T.);
#1083 = VERTEX_POINT('',#1084);
#1084 = CARTESIAN_POINT('',(44.999892,-112.99991,0.));
#1085 = LINE('',#1086,#1087);
#1086 = CARTESIAN_POINT('',(44.999892,-112.99991,0.));
#1087 = VECTOR('',#1088,1.);
#1088 = DIRECTION('',(0.,1.,0.));
#1089 = ORIENTED_EDGE('',*,*,#1090,.F.);
#1090 = EDGE_CURVE('',#1091,#1083,#1093,.T.);
#1091 = VERTEX_POINT('',#1092);
#1092 = CARTESIAN_POINT('',(37.999892,-112.99991,0.));
#1093 = LINE('',#1094,#1095);
#1094 = CARTESIAN_POINT('',(37.999892,-112.99991,0.));
#1095 = VECTOR('',#1096,1.);
#1096 = DIRECTION('',(1.,0.,0.));
#1097 = ORIENTED_EDGE('',*,*,#1098,.F.);
#1098 = EDGE_CURVE('',#1099,#1091,#1101,.T.);
#1099 = VERTEX_POINT('',#1100);
#1100 = CARTESIAN_POINT('',(37.999892,-110.99991,0.));
#1101 = LINE('',#1102,#1103);
#1102 = CARTESIAN_POINT('',(37.999892,-110.99991,0.));
#1103 = VECTOR('',#1104,1.);
#1104 = DIRECTION('',(0.,-1.,0.));
#1105 = ORIENTED_EDGE('',*,*,#1106,.F.);
#1106 = EDGE_CURVE('',#1107,#1099,#1109,.T.);
#1107 = VERTEX_POINT('',#1108);
#1108 = CARTESIAN_POINT('',(38.999892,-103.99991,0.));
#1109 = LINE('',#1110,#1111);
#1110 = CARTESIAN_POINT('',(38.999892,-103.99991,0.));
#1111 = VECTOR('',#1112,1.);
#1112 = DIRECTION('',(-0.141421356237,-0.989949493661,0.));
#1113 = ORIENTED_EDGE('',*,*,#1114,.F.);
#1114 = EDGE_CURVE('',#1027,#1107,#1115,.T.);
#1115 = LINE('',#1116,#1117);
#1116 = CARTESIAN_POINT('',(38.999892,-96.99991,0.));
#1117 = VECTOR('',#1118,1.);
#1118 = DIRECTION('',(0.,-1.,0.));
#1119 = FACE_BOUND('',#1120,.F.);
#1120 = EDGE_LOOP('',(#1121));
#1121 = ORIENTED_EDGE('',*,*,#1122,.T.);
#1122 = EDGE_CURVE('',#1123,#1123,#1125,.T.);
#1123 = VERTEX_POINT('',#1124);
#1124 = CARTESIAN_POINT('',(47.499892,-114.599909,0.));
#1125 = CIRCLE('',#1126,0.6);
#1126 = AXIS2_PLACEMENT_3D('',#1127,#1128,#1129);
#1127 = CARTESIAN_POINT('',(47.499892,-113.999909,0.));
#1128 = DIRECTION('',(-0.,0.,-1.));
#1129 = DIRECTION('',(-0.,-1.,0.));
#1130 = FACE_BOUND('',#1131,.F.);
#1131 = EDGE_LOOP('',(#1132));
#1132 = ORIENTED_EDGE('',*,*,#1133,.T.);
#1133 = EDGE_CURVE('',#1134,#1134,#1136,.T.);
#1134 = VERTEX_POINT('',#1135);
#1135 = CARTESIAN_POINT('',(59.499892,-114.599909,0.));
#1136 = CIRCLE('',#1137,0.6);
#1137 = AXIS2_PLACEMENT_3D('',#1138,#1139,#1140);
#1138 = CARTESIAN_POINT('',(59.499892,-113.999909,0.));
#1139 = DIRECTION('',(-0.,0.,-1.));
#1140 = DIRECTION('',(-0.,-1.,0.));
#1141 = FACE_BOUND('',#1142,.F.);
#1142 = EDGE_LOOP('',(#1143,#1153,#1161,#1169,#1177,#1185,#1193,#1201,
    #1209,#1217,#1225,#1233));
#1143 = ORIENTED_EDGE('',*,*,#1144,.F.);
#1144 = EDGE_CURVE('',#1145,#1147,#1149,.T.);
#1145 = VERTEX_POINT('',#1146);
#1146 = CARTESIAN_POINT('',(49.999892,-88.99991,0.));
#1147 = VERTEX_POINT('',#1148);
#1148 = CARTESIAN_POINT('',(50.999892,-96.99991,0.));
#1149 = LINE('',#1150,#1151);
#1150 = CARTESIAN_POINT('',(49.999892,-88.99991,0.));
#1151 = VECTOR('',#1152,1.);
#1152 = DIRECTION('',(0.124034734589,-0.992277876714,0.));
#1153 = ORIENTED_EDGE('',*,*,#1154,.F.);
#1154 = EDGE_CURVE('',#1155,#1145,#1157,.T.);
#1155 = VERTEX_POINT('',#1156);
#1156 = CARTESIAN_POINT('',(49.999892,-87.99991,0.));
#1157 = LINE('',#1158,#1159);
#1158 = CARTESIAN_POINT('',(49.999892,-87.99991,0.));
#1159 = VECTOR('',#1160,1.);
#1160 = DIRECTION('',(0.,-1.,0.));
#1161 = ORIENTED_EDGE('',*,*,#1162,.F.);
#1162 = EDGE_CURVE('',#1163,#1155,#1165,.T.);
#1163 = VERTEX_POINT('',#1164);
#1164 = CARTESIAN_POINT('',(56.999892,-87.99991,0.));
#1165 = LINE('',#1166,#1167);
#1166 = CARTESIAN_POINT('',(56.999892,-87.99991,0.));
#1167 = VECTOR('',#1168,1.);
#1168 = DIRECTION('',(-1.,0.,0.));
#1169 = ORIENTED_EDGE('',*,*,#1170,.F.);
#1170 = EDGE_CURVE('',#1171,#1163,#1173,.T.);
#1171 = VERTEX_POINT('',#1172);
#1172 = CARTESIAN_POINT('',(56.999892,-88.99991,0.));
#1173 = LINE('',#1174,#1175);
#1174 = CARTESIAN_POINT('',(56.999892,-88.99991,0.));
#1175 = VECTOR('',#1176,1.);
#1176 = DIRECTION('',(0.,1.,0.));
#1177 = ORIENTED_EDGE('',*,*,#1178,.F.);
#1178 = EDGE_CURVE('',#1179,#1171,#1181,.T.);
#1179 = VERTEX_POINT('',#1180);
#1180 = CARTESIAN_POINT('',(55.999892,-96.99991,0.));
#1181 = LINE('',#1182,#1183);
#1182 = CARTESIAN_POINT('',(55.999892,-96.99991,0.));
#1183 = VECTOR('',#1184,1.);
#1184 = DIRECTION('',(0.124034734589,0.992277876714,0.));
#1185 = ORIENTED_EDGE('',*,*,#1186,.F.);
#1186 = EDGE_CURVE('',#1187,#1179,#1189,.T.);
#1187 = VERTEX_POINT('',#1188);
#1188 = CARTESIAN_POINT('',(55.999892,-103.99991,0.));
#1189 = LINE('',#1190,#1191);
#1190 = CARTESIAN_POINT('',(55.999892,-103.99991,0.));
#1191 = VECTOR('',#1192,1.);
#1192 = DIRECTION('',(0.,1.,0.));
#1193 = ORIENTED_EDGE('',*,*,#1194,.F.);
#1194 = EDGE_CURVE('',#1195,#1187,#1197,.T.);
#1195 = VERTEX_POINT('',#1196);
#1196 = CARTESIAN_POINT('',(56.999892,-110.99991,0.));
#1197 = LINE('',#1198,#1199);
#1198 = CARTESIAN_POINT('',(56.999892,-110.99991,0.));
#1199 = VECTOR('',#1200,1.);
#1200 = DIRECTION('',(-0.141421356237,0.989949493661,0.));
#1201 = ORIENTED_EDGE('',*,*,#1202,.F.);
#1202 = EDGE_CURVE('',#1203,#1195,#1205,.T.);
#1203 = VERTEX_POINT('',#1204);
#1204 = CARTESIAN_POINT('',(56.999892,-112.99991,0.));
#1205 = LINE('',#1206,#1207);
#1206 = CARTESIAN_POINT('',(56.999892,-112.99991,0.));
#1207 = VECTOR('',#1208,1.);
#1208 = DIRECTION('',(0.,1.,0.));
#1209 = ORIENTED_EDGE('',*,*,#1210,.F.);
#1210 = EDGE_CURVE('',#1211,#1203,#1213,.T.);
#1211 = VERTEX_POINT('',#1212);
#1212 = CARTESIAN_POINT('',(49.999892,-112.99991,0.));
#1213 = LINE('',#1214,#1215);
#1214 = CARTESIAN_POINT('',(49.999892,-112.99991,0.));
#1215 = VECTOR('',#1216,1.);
#1216 = DIRECTION('',(1.,0.,0.));
#1217 = ORIENTED_EDGE('',*,*,#1218,.F.);
#1218 = EDGE_CURVE('',#1219,#1211,#1221,.T.);
#1219 = VERTEX_POINT('',#1220);
#1220 = CARTESIAN_POINT('',(49.999892,-110.99991,0.));
#1221 = LINE('',#1222,#1223);
#1222 = CARTESIAN_POINT('',(49.999892,-110.99991,0.));
#1223 = VECTOR('',#1224,1.);
#1224 = DIRECTION('',(0.,-1.,0.));
#1225 = ORIENTED_EDGE('',*,*,#1226,.F.);
#1226 = EDGE_CURVE('',#1227,#1219,#1229,.T.);
#1227 = VERTEX_POINT('',#1228);
#1228 = CARTESIAN_POINT('',(50.999892,-103.99991,0.));
#1229 = LINE('',#1230,#1231);
#1230 = CARTESIAN_POINT('',(50.999892,-103.99991,0.));
#1231 = VECTOR('',#1232,1.);
#1232 = DIRECTION('',(-0.141421356237,-0.989949493661,0.));
#1233 = ORIENTED_EDGE('',*,*,#1234,.F.);
#1234 = EDGE_CURVE('',#1147,#1227,#1235,.T.);
#1235 = LINE('',#1236,#1237);
#1236 = CARTESIAN_POINT('',(50.999892,-96.99991,0.));
#1237 = VECTOR('',#1238,1.);
#1238 = DIRECTION('',(0.,-1.,0.));
#1239 = FACE_BOUND('',#1240,.F.);
#1240 = EDGE_LOOP('',(#1241));
#1241 = ORIENTED_EDGE('',*,*,#1242,.T.);
#1242 = EDGE_CURVE('',#1243,#1243,#1245,.T.);
#1243 = VERTEX_POINT('',#1244);
#1244 = CARTESIAN_POINT('',(23.499892,-87.59991,0.));
#1245 = CIRCLE('',#1246,0.6);
#1246 = AXIS2_PLACEMENT_3D('',#1247,#1248,#1249);
#1247 = CARTESIAN_POINT('',(23.499892,-86.99991,0.));
#1248 = DIRECTION('',(-0.,0.,-1.));
#1249 = DIRECTION('',(-5.921189464668E-15,-1.,0.));
#1250 = FACE_BOUND('',#1251,.F.);
#1251 = EDGE_LOOP('',(#1252));
#1252 = ORIENTED_EDGE('',*,*,#1253,.F.);
#1253 = EDGE_CURVE('',#1254,#1254,#1256,.T.);
#1254 = VERTEX_POINT('',#1255);
#1255 = CARTESIAN_POINT('',(23.999892,-83.99991,0.));
#1256 = CIRCLE('',#1257,0.5);
#1257 = AXIS2_PLACEMENT_3D('',#1258,#1259,#1260);
#1258 = CARTESIAN_POINT('',(23.499892,-83.99991,0.));
#1259 = DIRECTION('',(0.,0.,1.));
#1260 = DIRECTION('',(1.,0.,-0.));
#1261 = FACE_BOUND('',#1262,.F.);
#1262 = EDGE_LOOP('',(#1263));
#1263 = ORIENTED_EDGE('',*,*,#1264,.F.);
#1264 = EDGE_CURVE('',#1265,#1265,#1267,.T.);
#1265 = VERTEX_POINT('',#1266);
#1266 = CARTESIAN_POINT('',(23.999892,-80.99991,0.));
#1267 = CIRCLE('',#1268,0.5);
#1268 = AXIS2_PLACEMENT_3D('',#1269,#1270,#1271);
#1269 = CARTESIAN_POINT('',(23.499892,-80.99991,0.));
#1270 = DIRECTION('',(0.,0.,1.));
#1271 = DIRECTION('',(1.,0.,-0.));
#1272 = FACE_BOUND('',#1273,.F.);
#1273 = EDGE_LOOP('',(#1274,#1285,#1293,#1302,#1310,#1318,#1326));
#1274 = ORIENTED_EDGE('',*,*,#1275,.F.);
#1275 = EDGE_CURVE('',#1276,#1278,#1280,.T.);
#1276 = VERTEX_POINT('',#1277);
#1277 = CARTESIAN_POINT('',(27.999892,-72.99991,0.));
#1278 = VERTEX_POINT('',#1279);
#1279 = CARTESIAN_POINT('',(25.999892,-74.99991,0.));
#1280 = CIRCLE('',#1281,1.99999850585);
#1281 = AXIS2_PLACEMENT_3D('',#1282,#1283,#1284);
#1282 = CARTESIAN_POINT('',(27.99989050585,-74.99990850585,0.));
#1283 = DIRECTION('',(0.,0.,1.));
#1284 = DIRECTION('',(7.47075740283E-07,1.,-0.));
#1285 = ORIENTED_EDGE('',*,*,#1286,.F.);
#1286 = EDGE_CURVE('',#1287,#1276,#1289,.T.);
#1287 = VERTEX_POINT('',#1288);
#1288 = CARTESIAN_POINT('',(30.999892,-72.99991,0.));
#1289 = LINE('',#1290,#1291);
#1290 = CARTESIAN_POINT('',(30.999892,-72.99991,0.));
#1291 = VECTOR('',#1292,1.);
#1292 = DIRECTION('',(-1.,0.,0.));
#1293 = ORIENTED_EDGE('',*,*,#1294,.F.);
#1294 = EDGE_CURVE('',#1295,#1287,#1297,.T.);
#1295 = VERTEX_POINT('',#1296);
#1296 = CARTESIAN_POINT('',(32.999892,-74.99991,0.));
#1297 = CIRCLE('',#1298,1.99999850585);
#1298 = AXIS2_PLACEMENT_3D('',#1299,#1300,#1301);
#1299 = CARTESIAN_POINT('',(30.99989349415,-74.99990850585,0.));
#1300 = DIRECTION('',(0.,0.,1.));
#1301 = DIRECTION('',(1.,-7.470757420593E-07,0.));
#1302 = ORIENTED_EDGE('',*,*,#1303,.F.);
#1303 = EDGE_CURVE('',#1304,#1295,#1306,.T.);
#1304 = VERTEX_POINT('',#1305);
#1305 = CARTESIAN_POINT('',(32.999892,-85.99991,0.));
#1306 = LINE('',#1307,#1308);
#1307 = CARTESIAN_POINT('',(32.999892,-85.99991,0.));
#1308 = VECTOR('',#1309,1.);
#1309 = DIRECTION('',(0.,1.,0.));
#1310 = ORIENTED_EDGE('',*,*,#1311,.F.);
#1311 = EDGE_CURVE('',#1312,#1304,#1314,.T.);
#1312 = VERTEX_POINT('',#1313);
#1313 = CARTESIAN_POINT('',(25.999892,-85.99991,0.));
#1314 = LINE('',#1315,#1316);
#1315 = CARTESIAN_POINT('',(25.999892,-85.99991,0.));
#1316 = VECTOR('',#1317,1.);
#1317 = DIRECTION('',(1.,0.,0.));
#1318 = ORIENTED_EDGE('',*,*,#1319,.F.);
#1319 = EDGE_CURVE('',#1320,#1312,#1322,.T.);
#1320 = VERTEX_POINT('',#1321);
#1321 = CARTESIAN_POINT('',(25.999892,-84.99991,0.));
#1322 = LINE('',#1323,#1324);
#1323 = CARTESIAN_POINT('',(25.999892,-84.99991,0.));
#1324 = VECTOR('',#1325,1.);
#1325 = DIRECTION('',(0.,-1.,0.));
#1326 = ORIENTED_EDGE('',*,*,#1327,.F.);
#1327 = EDGE_CURVE('',#1278,#1320,#1328,.T.);
#1328 = LINE('',#1329,#1330);
#1329 = CARTESIAN_POINT('',(25.999892,-74.99991,0.));
#1330 = VECTOR('',#1331,1.);
#1331 = DIRECTION('',(0.,-1.,0.));
#1332 = FACE_BOUND('',#1333,.F.);
#1333 = EDGE_LOOP('',(#1334));
#1334 = ORIENTED_EDGE('',*,*,#1335,.T.);
#1335 = EDGE_CURVE('',#1336,#1336,#1338,.T.);
#1336 = VERTEX_POINT('',#1337);
#1337 = CARTESIAN_POINT('',(35.499892,-87.59991,0.));
#1338 = CIRCLE('',#1339,0.6);
#1339 = AXIS2_PLACEMENT_3D('',#1340,#1341,#1342);
#1340 = CARTESIAN_POINT('',(35.499892,-86.99991,0.));
#1341 = DIRECTION('',(-0.,0.,-1.));
#1342 = DIRECTION('',(-0.,-1.,0.));
#1343 = FACE_BOUND('',#1344,.F.);
#1344 = EDGE_LOOP('',(#1345));
#1345 = ORIENTED_EDGE('',*,*,#1346,.F.);
#1346 = EDGE_CURVE('',#1347,#1347,#1349,.T.);
#1347 = VERTEX_POINT('',#1348);
#1348 = CARTESIAN_POINT('',(35.999892,-83.99991,0.));
#1349 = CIRCLE('',#1350,0.5);
#1350 = AXIS2_PLACEMENT_3D('',#1351,#1352,#1353);
#1351 = CARTESIAN_POINT('',(35.499892,-83.99991,0.));
#1352 = DIRECTION('',(0.,0.,1.));
#1353 = DIRECTION('',(1.,0.,-0.));
#1354 = FACE_BOUND('',#1355,.F.);
#1355 = EDGE_LOOP('',(#1356));
#1356 = ORIENTED_EDGE('',*,*,#1357,.F.);
#1357 = EDGE_CURVE('',#1358,#1358,#1360,.T.);
#1358 = VERTEX_POINT('',#1359);
#1359 = CARTESIAN_POINT('',(35.999892,-80.99991,0.));
#1360 = CIRCLE('',#1361,0.5);
#1361 = AXIS2_PLACEMENT_3D('',#1362,#1363,#1364);
#1362 = CARTESIAN_POINT('',(35.499892,-80.99991,0.));
#1363 = DIRECTION('',(0.,0.,1.));
#1364 = DIRECTION('',(1.,0.,-0.));
#1365 = FACE_BOUND('',#1366,.F.);
#1366 = EDGE_LOOP('',(#1367,#1378,#1386,#1395,#1403,#1411,#1419));
#1367 = ORIENTED_EDGE('',*,*,#1368,.F.);
#1368 = EDGE_CURVE('',#1369,#1371,#1373,.T.);
#1369 = VERTEX_POINT('',#1370);
#1370 = CARTESIAN_POINT('',(39.999892,-72.99991,0.));
#1371 = VERTEX_POINT('',#1372);
#1372 = CARTESIAN_POINT('',(37.999892,-74.99991,0.));
#1373 = CIRCLE('',#1374,1.99999850585);
#1374 = AXIS2_PLACEMENT_3D('',#1375,#1376,#1377);
#1375 = CARTESIAN_POINT('',(39.99989050585,-74.99990850585,0.));
#1376 = DIRECTION('',(0.,0.,1.));
#1377 = DIRECTION('',(7.470757420593E-07,1.,-0.));
#1378 = ORIENTED_EDGE('',*,*,#1379,.F.);
#1379 = EDGE_CURVE('',#1380,#1369,#1382,.T.);
#1380 = VERTEX_POINT('',#1381);
#1381 = CARTESIAN_POINT('',(42.999892,-72.99991,0.));
#1382 = LINE('',#1383,#1384);
#1383 = CARTESIAN_POINT('',(42.999892,-72.99991,0.));
#1384 = VECTOR('',#1385,1.);
#1385 = DIRECTION('',(-1.,0.,0.));
#1386 = ORIENTED_EDGE('',*,*,#1387,.F.);
#1387 = EDGE_CURVE('',#1388,#1380,#1390,.T.);
#1388 = VERTEX_POINT('',#1389);
#1389 = CARTESIAN_POINT('',(44.999892,-74.99991,0.));
#1390 = CIRCLE('',#1391,1.99999850585);
#1391 = AXIS2_PLACEMENT_3D('',#1392,#1393,#1394);
#1392 = CARTESIAN_POINT('',(42.99989349415,-74.99990850585,0.));
#1393 = DIRECTION('',(0.,0.,1.));
#1394 = DIRECTION('',(1.,-7.470757420593E-07,0.));
#1395 = ORIENTED_EDGE('',*,*,#1396,.F.);
#1396 = EDGE_CURVE('',#1397,#1388,#1399,.T.);
#1397 = VERTEX_POINT('',#1398);
#1398 = CARTESIAN_POINT('',(44.999892,-85.99991,0.));
#1399 = LINE('',#1400,#1401);
#1400 = CARTESIAN_POINT('',(44.999892,-85.99991,0.));
#1401 = VECTOR('',#1402,1.);
#1402 = DIRECTION('',(0.,1.,0.));
#1403 = ORIENTED_EDGE('',*,*,#1404,.F.);
#1404 = EDGE_CURVE('',#1405,#1397,#1407,.T.);
#1405 = VERTEX_POINT('',#1406);
#1406 = CARTESIAN_POINT('',(37.999892,-85.99991,0.));
#1407 = LINE('',#1408,#1409);
#1408 = CARTESIAN_POINT('',(37.999892,-85.99991,0.));
#1409 = VECTOR('',#1410,1.);
#1410 = DIRECTION('',(1.,0.,0.));
#1411 = ORIENTED_EDGE('',*,*,#1412,.F.);
#1412 = EDGE_CURVE('',#1413,#1405,#1415,.T.);
#1413 = VERTEX_POINT('',#1414);
#1414 = CARTESIAN_POINT('',(37.999892,-84.99991,0.));
#1415 = LINE('',#1416,#1417);
#1416 = CARTESIAN_POINT('',(37.999892,-84.99991,0.));
#1417 = VECTOR('',#1418,1.);
#1418 = DIRECTION('',(0.,-1.,0.));
#1419 = ORIENTED_EDGE('',*,*,#1420,.F.);
#1420 = EDGE_CURVE('',#1371,#1413,#1421,.T.);
#1421 = LINE('',#1422,#1423);
#1422 = CARTESIAN_POINT('',(37.999892,-74.99991,0.));
#1423 = VECTOR('',#1424,1.);
#1424 = DIRECTION('',(0.,-1.,0.));
#1425 = FACE_BOUND('',#1426,.F.);
#1426 = EDGE_LOOP('',(#1427));
#1427 = ORIENTED_EDGE('',*,*,#1428,.F.);
#1428 = EDGE_CURVE('',#1429,#1429,#1431,.T.);
#1429 = VERTEX_POINT('',#1430);
#1430 = CARTESIAN_POINT('',(23.999892,-77.99991,0.));
#1431 = CIRCLE('',#1432,0.5);
#1432 = AXIS2_PLACEMENT_3D('',#1433,#1434,#1435);
#1433 = CARTESIAN_POINT('',(23.499892,-77.99991,0.));
#1434 = DIRECTION('',(0.,0.,1.));
#1435 = DIRECTION('',(1.,0.,-0.));
#1436 = FACE_BOUND('',#1437,.F.);
#1437 = EDGE_LOOP('',(#1438));
#1438 = ORIENTED_EDGE('',*,*,#1439,.F.);
#1439 = EDGE_CURVE('',#1440,#1440,#1442,.T.);
#1440 = VERTEX_POINT('',#1441);
#1441 = CARTESIAN_POINT('',(23.999892,-74.99991,0.));
#1442 = CIRCLE('',#1443,0.5);
#1443 = AXIS2_PLACEMENT_3D('',#1444,#1445,#1446);
#1444 = CARTESIAN_POINT('',(23.499892,-74.99991,0.));
#1445 = DIRECTION('',(0.,0.,1.));
#1446 = DIRECTION('',(1.,0.,-0.));
#1447 = FACE_BOUND('',#1448,.F.);
#1448 = EDGE_LOOP('',(#1449));
#1449 = ORIENTED_EDGE('',*,*,#1450,.F.);
#1450 = EDGE_CURVE('',#1451,#1451,#1453,.T.);
#1451 = VERTEX_POINT('',#1452);
#1452 = CARTESIAN_POINT('',(23.999892,-71.99991,0.));
#1453 = CIRCLE('',#1454,0.5);
#1454 = AXIS2_PLACEMENT_3D('',#1455,#1456,#1457);
#1455 = CARTESIAN_POINT('',(23.499892,-71.99991,0.));
#1456 = DIRECTION('',(0.,0.,1.));
#1457 = DIRECTION('',(1.,0.,-0.));
#1458 = FACE_BOUND('',#1459,.F.);
#1459 = EDGE_LOOP('',(#1460));
#1460 = ORIENTED_EDGE('',*,*,#1461,.F.);
#1461 = EDGE_CURVE('',#1462,#1462,#1464,.T.);
#1462 = VERTEX_POINT('',#1463);
#1463 = CARTESIAN_POINT('',(22.499892,-70.49991,0.));
#1464 = CIRCLE('',#1465,0.5);
#1465 = AXIS2_PLACEMENT_3D('',#1466,#1467,#1468);
#1466 = CARTESIAN_POINT('',(21.999892,-70.49991,0.));
#1467 = DIRECTION('',(0.,0.,1.));
#1468 = DIRECTION('',(1.,0.,-0.));
#1469 = FACE_BOUND('',#1470,.F.);
#1470 = EDGE_LOOP('',(#1471));
#1471 = ORIENTED_EDGE('',*,*,#1472,.F.);
#1472 = EDGE_CURVE('',#1473,#1473,#1475,.T.);
#1473 = VERTEX_POINT('',#1474);
#1474 = CARTESIAN_POINT('',(25.499892,-70.49991,0.));
#1475 = CIRCLE('',#1476,0.5);
#1476 = AXIS2_PLACEMENT_3D('',#1477,#1478,#1479);
#1477 = CARTESIAN_POINT('',(24.999892,-70.49991,0.));
#1478 = DIRECTION('',(0.,0.,1.));
#1479 = DIRECTION('',(1.,0.,-0.));
#1480 = FACE_BOUND('',#1481,.F.);
#1481 = EDGE_LOOP('',(#1482));
#1482 = ORIENTED_EDGE('',*,*,#1483,.F.);
#1483 = EDGE_CURVE('',#1484,#1484,#1486,.T.);
#1484 = VERTEX_POINT('',#1485);
#1485 = CARTESIAN_POINT('',(23.999892,-68.99991,0.));
#1486 = CIRCLE('',#1487,0.5);
#1487 = AXIS2_PLACEMENT_3D('',#1488,#1489,#1490);
#1488 = CARTESIAN_POINT('',(23.499892,-68.99991,0.));
#1489 = DIRECTION('',(0.,0.,1.));
#1490 = DIRECTION('',(1.,0.,-0.));
#1491 = FACE_BOUND('',#1492,.F.);
#1492 = EDGE_LOOP('',(#1493));
#1493 = ORIENTED_EDGE('',*,*,#1494,.F.);
#1494 = EDGE_CURVE('',#1495,#1495,#1497,.T.);
#1495 = VERTEX_POINT('',#1496);
#1496 = CARTESIAN_POINT('',(23.999892,-65.99991,0.));
#1497 = CIRCLE('',#1498,0.5);
#1498 = AXIS2_PLACEMENT_3D('',#1499,#1500,#1501);
#1499 = CARTESIAN_POINT('',(23.499892,-65.99991,0.));
#1500 = DIRECTION('',(0.,0.,1.));
#1501 = DIRECTION('',(1.,0.,-0.));
#1502 = FACE_BOUND('',#1503,.F.);
#1503 = EDGE_LOOP('',(#1504,#1515,#1523,#1532,#1540,#1549,#1557,#1566));
#1504 = ORIENTED_EDGE('',*,*,#1505,.F.);
#1505 = EDGE_CURVE('',#1506,#1508,#1510,.T.);
#1506 = VERTEX_POINT('',#1507);
#1507 = CARTESIAN_POINT('',(27.999892,-62.99991,0.));
#1508 = VERTEX_POINT('',#1509);
#1509 = CARTESIAN_POINT('',(25.999892,-64.99991,0.));
#1510 = CIRCLE('',#1511,1.99999850585);
#1511 = AXIS2_PLACEMENT_3D('',#1512,#1513,#1514);
#1512 = CARTESIAN_POINT('',(27.99989050585,-64.99990850585,0.));
#1513 = DIRECTION('',(0.,0.,1.));
#1514 = DIRECTION('',(7.47075740283E-07,1.,-0.));
#1515 = ORIENTED_EDGE('',*,*,#1516,.F.);
#1516 = EDGE_CURVE('',#1517,#1506,#1519,.T.);
#1517 = VERTEX_POINT('',#1518);
#1518 = CARTESIAN_POINT('',(30.999892,-62.99991,0.));
#1519 = LINE('',#1520,#1521);
#1520 = CARTESIAN_POINT('',(30.999892,-62.99991,0.));
#1521 = VECTOR('',#1522,1.);
#1522 = DIRECTION('',(-1.,0.,0.));
#1523 = ORIENTED_EDGE('',*,*,#1524,.F.);
#1524 = EDGE_CURVE('',#1525,#1517,#1527,.T.);
#1525 = VERTEX_POINT('',#1526);
#1526 = CARTESIAN_POINT('',(32.999892,-64.99991,0.));
#1527 = CIRCLE('',#1528,1.99999850585);
#1528 = AXIS2_PLACEMENT_3D('',#1529,#1530,#1531);
#1529 = CARTESIAN_POINT('',(30.99989349415,-64.99990850585,0.));
#1530 = DIRECTION('',(0.,0.,1.));
#1531 = DIRECTION('',(1.,-7.470757420593E-07,0.));
#1532 = ORIENTED_EDGE('',*,*,#1533,.F.);
#1533 = EDGE_CURVE('',#1534,#1525,#1536,.T.);
#1534 = VERTEX_POINT('',#1535);
#1535 = CARTESIAN_POINT('',(32.999892,-66.99991,0.));
#1536 = LINE('',#1537,#1538);
#1537 = CARTESIAN_POINT('',(32.999892,-66.99991,0.));
#1538 = VECTOR('',#1539,1.);
#1539 = DIRECTION('',(0.,1.,0.));
#1540 = ORIENTED_EDGE('',*,*,#1541,.F.);
#1541 = EDGE_CURVE('',#1542,#1534,#1544,.T.);
#1542 = VERTEX_POINT('',#1543);
#1543 = CARTESIAN_POINT('',(30.999892,-68.99991,0.));
#1544 = CIRCLE('',#1545,1.99999850585);
#1545 = AXIS2_PLACEMENT_3D('',#1546,#1547,#1548);
#1546 = CARTESIAN_POINT('',(30.99989349415,-66.99991149415,0.));
#1547 = DIRECTION('',(0.,0.,1.));
#1548 = DIRECTION('',(-7.470757385066E-07,-1.,0.));
#1549 = ORIENTED_EDGE('',*,*,#1550,.F.);
#1550 = EDGE_CURVE('',#1551,#1542,#1553,.T.);
#1551 = VERTEX_POINT('',#1552);
#1552 = CARTESIAN_POINT('',(27.999892,-68.99991,0.));
#1553 = LINE('',#1554,#1555);
#1554 = CARTESIAN_POINT('',(27.999892,-68.99991,0.));
#1555 = VECTOR('',#1556,1.);
#1556 = DIRECTION('',(1.,0.,0.));
#1557 = ORIENTED_EDGE('',*,*,#1558,.F.);
#1558 = EDGE_CURVE('',#1559,#1551,#1561,.T.);
#1559 = VERTEX_POINT('',#1560);
#1560 = CARTESIAN_POINT('',(25.999892,-66.99991,0.));
#1561 = CIRCLE('',#1562,1.99999850585);
#1562 = AXIS2_PLACEMENT_3D('',#1563,#1564,#1565);
#1563 = CARTESIAN_POINT('',(27.99989050585,-66.99991149415,0.));
#1564 = DIRECTION('',(0.,0.,1.));
#1565 = DIRECTION('',(-1.,7.470757420593E-07,0.));
#1566 = ORIENTED_EDGE('',*,*,#1567,.F.);
#1567 = EDGE_CURVE('',#1508,#1559,#1568,.T.);
#1568 = LINE('',#1569,#1570);
#1569 = CARTESIAN_POINT('',(25.999892,-64.99991,0.));
#1570 = VECTOR('',#1571,1.);
#1571 = DIRECTION('',(0.,-1.,0.));
#1572 = FACE_BOUND('',#1573,.F.);
#1573 = EDGE_LOOP('',(#1574));
#1574 = ORIENTED_EDGE('',*,*,#1575,.F.);
#1575 = EDGE_CURVE('',#1576,#1576,#1578,.T.);
#1576 = VERTEX_POINT('',#1577);
#1577 = CARTESIAN_POINT('',(35.999892,-77.99991,0.));
#1578 = CIRCLE('',#1579,0.5);
#1579 = AXIS2_PLACEMENT_3D('',#1580,#1581,#1582);
#1580 = CARTESIAN_POINT('',(35.499892,-77.99991,0.));
#1581 = DIRECTION('',(0.,0.,1.));
#1582 = DIRECTION('',(1.,0.,-0.));
#1583 = FACE_BOUND('',#1584,.F.);
#1584 = EDGE_LOOP('',(#1585));
#1585 = ORIENTED_EDGE('',*,*,#1586,.F.);
#1586 = EDGE_CURVE('',#1587,#1587,#1589,.T.);
#1587 = VERTEX_POINT('',#1588);
#1588 = CARTESIAN_POINT('',(35.999892,-74.99991,0.));
#1589 = CIRCLE('',#1590,0.5);
#1590 = AXIS2_PLACEMENT_3D('',#1591,#1592,#1593);
#1591 = CARTESIAN_POINT('',(35.499892,-74.99991,0.));
#1592 = DIRECTION('',(0.,0.,1.));
#1593 = DIRECTION('',(1.,0.,-0.));
#1594 = FACE_BOUND('',#1595,.F.);
#1595 = EDGE_LOOP('',(#1596));
#1596 = ORIENTED_EDGE('',*,*,#1597,.F.);
#1597 = EDGE_CURVE('',#1598,#1598,#1600,.T.);
#1598 = VERTEX_POINT('',#1599);
#1599 = CARTESIAN_POINT('',(34.499892,-70.49991,0.));
#1600 = CIRCLE('',#1601,0.5);
#1601 = AXIS2_PLACEMENT_3D('',#1602,#1603,#1604);
#1602 = CARTESIAN_POINT('',(33.999892,-70.49991,0.));
#1603 = DIRECTION('',(0.,0.,1.));
#1604 = DIRECTION('',(1.,0.,-0.));
#1605 = FACE_BOUND('',#1606,.F.);
#1606 = EDGE_LOOP('',(#1607));
#1607 = ORIENTED_EDGE('',*,*,#1608,.F.);
#1608 = EDGE_CURVE('',#1609,#1609,#1611,.T.);
#1609 = VERTEX_POINT('',#1610);
#1610 = CARTESIAN_POINT('',(37.499892,-70.49991,0.));
#1611 = CIRCLE('',#1612,0.5);
#1612 = AXIS2_PLACEMENT_3D('',#1613,#1614,#1615);
#1613 = CARTESIAN_POINT('',(36.999892,-70.49991,0.));
#1614 = DIRECTION('',(0.,0.,1.));
#1615 = DIRECTION('',(1.,0.,-0.));
#1616 = FACE_BOUND('',#1617,.F.);
#1617 = EDGE_LOOP('',(#1618));
#1618 = ORIENTED_EDGE('',*,*,#1619,.F.);
#1619 = EDGE_CURVE('',#1620,#1620,#1622,.T.);
#1620 = VERTEX_POINT('',#1621);
#1621 = CARTESIAN_POINT('',(35.999892,-68.99991,0.));
#1622 = CIRCLE('',#1623,0.5);
#1623 = AXIS2_PLACEMENT_3D('',#1624,#1625,#1626);
#1624 = CARTESIAN_POINT('',(35.499892,-68.99991,0.));
#1625 = DIRECTION('',(0.,0.,1.));
#1626 = DIRECTION('',(1.,0.,-0.));
#1627 = FACE_BOUND('',#1628,.F.);
#1628 = EDGE_LOOP('',(#1629));
#1629 = ORIENTED_EDGE('',*,*,#1630,.F.);
#1630 = EDGE_CURVE('',#1631,#1631,#1633,.T.);
#1631 = VERTEX_POINT('',#1632);
#1632 = CARTESIAN_POINT('',(35.999892,-65.99991,0.));
#1633 = CIRCLE('',#1634,0.5);
#1634 = AXIS2_PLACEMENT_3D('',#1635,#1636,#1637);
#1635 = CARTESIAN_POINT('',(35.499892,-65.99991,0.));
#1636 = DIRECTION('',(0.,0.,1.));
#1637 = DIRECTION('',(1.,0.,-0.));
#1638 = FACE_BOUND('',#1639,.F.);
#1639 = EDGE_LOOP('',(#1640,#1651,#1659,#1668,#1676,#1685,#1693,#1702));
#1640 = ORIENTED_EDGE('',*,*,#1641,.F.);
#1641 = EDGE_CURVE('',#1642,#1644,#1646,.T.);
#1642 = VERTEX_POINT('',#1643);
#1643 = CARTESIAN_POINT('',(39.999892,-62.99991,0.));
#1644 = VERTEX_POINT('',#1645);
#1645 = CARTESIAN_POINT('',(37.999892,-64.99991,0.));
#1646 = CIRCLE('',#1647,1.99999850585);
#1647 = AXIS2_PLACEMENT_3D('',#1648,#1649,#1650);
#1648 = CARTESIAN_POINT('',(39.99989050585,-64.99990850585,0.));
#1649 = DIRECTION('',(0.,0.,1.));
#1650 = DIRECTION('',(7.470757456121E-07,1.,-0.));
#1651 = ORIENTED_EDGE('',*,*,#1652,.F.);
#1652 = EDGE_CURVE('',#1653,#1642,#1655,.T.);
#1653 = VERTEX_POINT('',#1654);
#1654 = CARTESIAN_POINT('',(42.999892,-62.99991,0.));
#1655 = LINE('',#1656,#1657);
#1656 = CARTESIAN_POINT('',(42.999892,-62.99991,0.));
#1657 = VECTOR('',#1658,1.);
#1658 = DIRECTION('',(-1.,0.,0.));
#1659 = ORIENTED_EDGE('',*,*,#1660,.F.);
#1660 = EDGE_CURVE('',#1661,#1653,#1663,.T.);
#1661 = VERTEX_POINT('',#1662);
#1662 = CARTESIAN_POINT('',(44.999892,-64.99991,0.));
#1663 = CIRCLE('',#1664,1.99999850585);
#1664 = AXIS2_PLACEMENT_3D('',#1665,#1666,#1667);
#1665 = CARTESIAN_POINT('',(42.99989349415,-64.99990850585,0.));
#1666 = DIRECTION('',(0.,0.,1.));
#1667 = DIRECTION('',(1.,-7.470757420593E-07,0.));
#1668 = ORIENTED_EDGE('',*,*,#1669,.F.);
#1669 = EDGE_CURVE('',#1670,#1661,#1672,.T.);
#1670 = VERTEX_POINT('',#1671);
#1671 = CARTESIAN_POINT('',(44.999892,-66.99991,0.));
#1672 = LINE('',#1673,#1674);
#1673 = CARTESIAN_POINT('',(44.999892,-66.99991,0.));
#1674 = VECTOR('',#1675,1.);
#1675 = DIRECTION('',(0.,1.,0.));
#1676 = ORIENTED_EDGE('',*,*,#1677,.F.);
#1677 = EDGE_CURVE('',#1678,#1670,#1680,.T.);
#1678 = VERTEX_POINT('',#1679);
#1679 = CARTESIAN_POINT('',(42.999892,-68.99991,0.));
#1680 = CIRCLE('',#1681,1.99999850585);
#1681 = AXIS2_PLACEMENT_3D('',#1682,#1683,#1684);
#1682 = CARTESIAN_POINT('',(42.99989349415,-66.99991149415,0.));
#1683 = DIRECTION('',(0.,0.,1.));
#1684 = DIRECTION('',(-7.470757349539E-07,-1.,0.));
#1685 = ORIENTED_EDGE('',*,*,#1686,.F.);
#1686 = EDGE_CURVE('',#1687,#1678,#1689,.T.);
#1687 = VERTEX_POINT('',#1688);
#1688 = CARTESIAN_POINT('',(39.999892,-68.99991,0.));
#1689 = LINE('',#1690,#1691);
#1690 = CARTESIAN_POINT('',(39.999892,-68.99991,0.));
#1691 = VECTOR('',#1692,1.);
#1692 = DIRECTION('',(1.,0.,0.));
#1693 = ORIENTED_EDGE('',*,*,#1694,.F.);
#1694 = EDGE_CURVE('',#1695,#1687,#1697,.T.);
#1695 = VERTEX_POINT('',#1696);
#1696 = CARTESIAN_POINT('',(37.999892,-66.99991,0.));
#1697 = CIRCLE('',#1698,1.99999850585);
#1698 = AXIS2_PLACEMENT_3D('',#1699,#1700,#1701);
#1699 = CARTESIAN_POINT('',(39.99989050585,-66.99991149415,0.));
#1700 = DIRECTION('',(0.,0.,1.));
#1701 = DIRECTION('',(-1.,7.470757491648E-07,0.));
#1702 = ORIENTED_EDGE('',*,*,#1703,.F.);
#1703 = EDGE_CURVE('',#1644,#1695,#1704,.T.);
#1704 = LINE('',#1705,#1706);
#1705 = CARTESIAN_POINT('',(37.999892,-64.99991,0.));
#1706 = VECTOR('',#1707,1.);
#1707 = DIRECTION('',(0.,-1.,0.));
#1708 = FACE_BOUND('',#1709,.F.);
#1709 = EDGE_LOOP('',(#1710));
#1710 = ORIENTED_EDGE('',*,*,#1711,.T.);
#1711 = EDGE_CURVE('',#1712,#1712,#1714,.T.);
#1712 = VERTEX_POINT('',#1713);
#1713 = CARTESIAN_POINT('',(47.499892,-87.59991,0.));
#1714 = CIRCLE('',#1715,0.6);
#1715 = AXIS2_PLACEMENT_3D('',#1716,#1717,#1718);
#1716 = CARTESIAN_POINT('',(47.499892,-86.99991,0.));
#1717 = DIRECTION('',(-0.,0.,-1.));
#1718 = DIRECTION('',(-0.,-1.,0.));
#1719 = FACE_BOUND('',#1720,.F.);
#1720 = EDGE_LOOP('',(#1721));
#1721 = ORIENTED_EDGE('',*,*,#1722,.F.);
#1722 = EDGE_CURVE('',#1723,#1723,#1725,.T.);
#1723 = VERTEX_POINT('',#1724);
#1724 = CARTESIAN_POINT('',(47.999892,-83.99991,0.));
#1725 = CIRCLE('',#1726,0.5);
#1726 = AXIS2_PLACEMENT_3D('',#1727,#1728,#1729);
#1727 = CARTESIAN_POINT('',(47.499892,-83.99991,0.));
#1728 = DIRECTION('',(0.,0.,1.));
#1729 = DIRECTION('',(1.,0.,-0.));
#1730 = FACE_BOUND('',#1731,.F.);
#1731 = EDGE_LOOP('',(#1732));
#1732 = ORIENTED_EDGE('',*,*,#1733,.F.);
#1733 = EDGE_CURVE('',#1734,#1734,#1736,.T.);
#1734 = VERTEX_POINT('',#1735);
#1735 = CARTESIAN_POINT('',(47.999892,-80.99991,0.));
#1736 = CIRCLE('',#1737,0.5);
#1737 = AXIS2_PLACEMENT_3D('',#1738,#1739,#1740);
#1738 = CARTESIAN_POINT('',(47.499892,-80.99991,0.));
#1739 = DIRECTION('',(0.,0.,1.));
#1740 = DIRECTION('',(1.,0.,-0.));
#1741 = FACE_BOUND('',#1742,.F.);
#1742 = EDGE_LOOP('',(#1743,#1754,#1762,#1771,#1779,#1787,#1795));
#1743 = ORIENTED_EDGE('',*,*,#1744,.F.);
#1744 = EDGE_CURVE('',#1745,#1747,#1749,.T.);
#1745 = VERTEX_POINT('',#1746);
#1746 = CARTESIAN_POINT('',(51.999892,-72.99991,0.));
#1747 = VERTEX_POINT('',#1748);
#1748 = CARTESIAN_POINT('',(49.999892,-74.99991,0.));
#1749 = CIRCLE('',#1750,1.99999850585);
#1750 = AXIS2_PLACEMENT_3D('',#1751,#1752,#1753);
#1751 = CARTESIAN_POINT('',(51.99989050585,-74.99990850585,0.));
#1752 = DIRECTION('',(0.,0.,1.));
#1753 = DIRECTION('',(7.470757420593E-07,1.,-0.));
#1754 = ORIENTED_EDGE('',*,*,#1755,.F.);
#1755 = EDGE_CURVE('',#1756,#1745,#1758,.T.);
#1756 = VERTEX_POINT('',#1757);
#1757 = CARTESIAN_POINT('',(54.999892,-72.99991,0.));
#1758 = LINE('',#1759,#1760);
#1759 = CARTESIAN_POINT('',(54.999892,-72.99991,0.));
#1760 = VECTOR('',#1761,1.);
#1761 = DIRECTION('',(-1.,0.,0.));
#1762 = ORIENTED_EDGE('',*,*,#1763,.F.);
#1763 = EDGE_CURVE('',#1764,#1756,#1766,.T.);
#1764 = VERTEX_POINT('',#1765);
#1765 = CARTESIAN_POINT('',(56.999892,-74.99991,0.));
#1766 = CIRCLE('',#1767,1.99999850585);
#1767 = AXIS2_PLACEMENT_3D('',#1768,#1769,#1770);
#1768 = CARTESIAN_POINT('',(54.99989349415,-74.99990850585,0.));
#1769 = DIRECTION('',(0.,0.,1.));
#1770 = DIRECTION('',(1.,-7.470757420593E-07,0.));
#1771 = ORIENTED_EDGE('',*,*,#1772,.F.);
#1772 = EDGE_CURVE('',#1773,#1764,#1775,.T.);
#1773 = VERTEX_POINT('',#1774);
#1774 = CARTESIAN_POINT('',(56.999892,-85.99991,0.));
#1775 = LINE('',#1776,#1777);
#1776 = CARTESIAN_POINT('',(56.999892,-85.99991,0.));
#1777 = VECTOR('',#1778,1.);
#1778 = DIRECTION('',(0.,1.,0.));
#1779 = ORIENTED_EDGE('',*,*,#1780,.F.);
#1780 = EDGE_CURVE('',#1781,#1773,#1783,.T.);
#1781 = VERTEX_POINT('',#1782);
#1782 = CARTESIAN_POINT('',(49.999892,-85.99991,0.));
#1783 = LINE('',#1784,#1785);
#1784 = CARTESIAN_POINT('',(49.999892,-85.99991,0.));
#1785 = VECTOR('',#1786,1.);
#1786 = DIRECTION('',(1.,0.,0.));
#1787 = ORIENTED_EDGE('',*,*,#1788,.F.);
#1788 = EDGE_CURVE('',#1789,#1781,#1791,.T.);
#1789 = VERTEX_POINT('',#1790);
#1790 = CARTESIAN_POINT('',(49.999892,-84.99991,0.));
#1791 = LINE('',#1792,#1793);
#1792 = CARTESIAN_POINT('',(49.999892,-84.99991,0.));
#1793 = VECTOR('',#1794,1.);
#1794 = DIRECTION('',(0.,-1.,0.));
#1795 = ORIENTED_EDGE('',*,*,#1796,.F.);
#1796 = EDGE_CURVE('',#1747,#1789,#1797,.T.);
#1797 = LINE('',#1798,#1799);
#1798 = CARTESIAN_POINT('',(49.999892,-74.99991,0.));
#1799 = VECTOR('',#1800,1.);
#1800 = DIRECTION('',(0.,-1.,0.));
#1801 = FACE_BOUND('',#1802,.F.);
#1802 = EDGE_LOOP('',(#1803));
#1803 = ORIENTED_EDGE('',*,*,#1804,.T.);
#1804 = EDGE_CURVE('',#1805,#1805,#1807,.T.);
#1805 = VERTEX_POINT('',#1806);
#1806 = CARTESIAN_POINT('',(59.499892,-87.59991,0.));
#1807 = CIRCLE('',#1808,0.6);
#1808 = AXIS2_PLACEMENT_3D('',#1809,#1810,#1811);
#1809 = CARTESIAN_POINT('',(59.499892,-86.99991,0.));
#1810 = DIRECTION('',(-0.,0.,-1.));
#1811 = DIRECTION('',(-0.,-1.,0.));
#1812 = FACE_BOUND('',#1813,.F.);
#1813 = EDGE_LOOP('',(#1814));
#1814 = ORIENTED_EDGE('',*,*,#1815,.F.);
#1815 = EDGE_CURVE('',#1816,#1816,#1818,.T.);
#1816 = VERTEX_POINT('',#1817);
#1817 = CARTESIAN_POINT('',(59.999892,-83.99991,0.));
#1818 = CIRCLE('',#1819,0.5);
#1819 = AXIS2_PLACEMENT_3D('',#1820,#1821,#1822);
#1820 = CARTESIAN_POINT('',(59.499892,-83.99991,0.));
#1821 = DIRECTION('',(0.,0.,1.));
#1822 = DIRECTION('',(1.,0.,-0.));
#1823 = FACE_BOUND('',#1824,.F.);
#1824 = EDGE_LOOP('',(#1825));
#1825 = ORIENTED_EDGE('',*,*,#1826,.F.);
#1826 = EDGE_CURVE('',#1827,#1827,#1829,.T.);
#1827 = VERTEX_POINT('',#1828);
#1828 = CARTESIAN_POINT('',(59.999892,-80.99991,0.));
#1829 = CIRCLE('',#1830,0.5);
#1830 = AXIS2_PLACEMENT_3D('',#1831,#1832,#1833);
#1831 = CARTESIAN_POINT('',(59.499892,-80.99991,0.));
#1832 = DIRECTION('',(0.,0.,1.));
#1833 = DIRECTION('',(1.,0.,-0.));
#1834 = FACE_BOUND('',#1835,.F.);
#1835 = EDGE_LOOP('',(#1836));
#1836 = ORIENTED_EDGE('',*,*,#1837,.F.);
#1837 = EDGE_CURVE('',#1838,#1838,#1840,.T.);
#1838 = VERTEX_POINT('',#1839);
#1839 = CARTESIAN_POINT('',(47.999892,-77.99991,0.));
#1840 = CIRCLE('',#1841,0.5);
#1841 = AXIS2_PLACEMENT_3D('',#1842,#1843,#1844);
#1842 = CARTESIAN_POINT('',(47.499892,-77.99991,0.));
#1843 = DIRECTION('',(0.,0.,1.));
#1844 = DIRECTION('',(1.,0.,-0.));
#1845 = FACE_BOUND('',#1846,.F.);
#1846 = EDGE_LOOP('',(#1847));
#1847 = ORIENTED_EDGE('',*,*,#1848,.F.);
#1848 = EDGE_CURVE('',#1849,#1849,#1851,.T.);
#1849 = VERTEX_POINT('',#1850);
#1850 = CARTESIAN_POINT('',(47.999892,-74.99991,0.));
#1851 = CIRCLE('',#1852,0.5);
#1852 = AXIS2_PLACEMENT_3D('',#1853,#1854,#1855);
#1853 = CARTESIAN_POINT('',(47.499892,-74.99991,0.));
#1854 = DIRECTION('',(0.,0.,1.));
#1855 = DIRECTION('',(1.,0.,-0.));
#1856 = FACE_BOUND('',#1857,.F.);
#1857 = EDGE_LOOP('',(#1858));
#1858 = ORIENTED_EDGE('',*,*,#1859,.F.);
#1859 = EDGE_CURVE('',#1860,#1860,#1862,.T.);
#1860 = VERTEX_POINT('',#1861);
#1861 = CARTESIAN_POINT('',(46.499892,-70.49991,0.));
#1862 = CIRCLE('',#1863,0.5);
#1863 = AXIS2_PLACEMENT_3D('',#1864,#1865,#1866);
#1864 = CARTESIAN_POINT('',(45.999892,-70.49991,0.));
#1865 = DIRECTION('',(0.,0.,1.));
#1866 = DIRECTION('',(1.,0.,-0.));
#1867 = FACE_BOUND('',#1868,.F.);
#1868 = EDGE_LOOP('',(#1869));
#1869 = ORIENTED_EDGE('',*,*,#1870,.F.);
#1870 = EDGE_CURVE('',#1871,#1871,#1873,.T.);
#1871 = VERTEX_POINT('',#1872);
#1872 = CARTESIAN_POINT('',(47.999892,-68.99991,0.));
#1873 = CIRCLE('',#1874,0.5);
#1874 = AXIS2_PLACEMENT_3D('',#1875,#1876,#1877);
#1875 = CARTESIAN_POINT('',(47.499892,-68.99991,0.));
#1876 = DIRECTION('',(0.,0.,1.));
#1877 = DIRECTION('',(1.,0.,-0.));
#1878 = FACE_BOUND('',#1879,.F.);
#1879 = EDGE_LOOP('',(#1880));
#1880 = ORIENTED_EDGE('',*,*,#1881,.F.);
#1881 = EDGE_CURVE('',#1882,#1882,#1884,.T.);
#1882 = VERTEX_POINT('',#1883);
#1883 = CARTESIAN_POINT('',(47.999892,-65.99991,0.));
#1884 = CIRCLE('',#1885,0.5);
#1885 = AXIS2_PLACEMENT_3D('',#1886,#1887,#1888);
#1886 = CARTESIAN_POINT('',(47.499892,-65.99991,0.));
#1887 = DIRECTION('',(0.,0.,1.));
#1888 = DIRECTION('',(1.,0.,-0.));
#1889 = FACE_BOUND('',#1890,.F.);
#1890 = EDGE_LOOP('',(#1891));
#1891 = ORIENTED_EDGE('',*,*,#1892,.F.);
#1892 = EDGE_CURVE('',#1893,#1893,#1895,.T.);
#1893 = VERTEX_POINT('',#1894);
#1894 = CARTESIAN_POINT('',(49.499892,-70.49991,0.));
#1895 = CIRCLE('',#1896,0.5);
#1896 = AXIS2_PLACEMENT_3D('',#1897,#1898,#1899);
#1897 = CARTESIAN_POINT('',(48.999892,-70.49991,0.));
#1898 = DIRECTION('',(0.,0.,1.));
#1899 = DIRECTION('',(1.,0.,-0.));
#1900 = FACE_BOUND('',#1901,.F.);
#1901 = EDGE_LOOP('',(#1902,#1913,#1921,#1930,#1938,#1947,#1955,#1964));
#1902 = ORIENTED_EDGE('',*,*,#1903,.F.);
#1903 = EDGE_CURVE('',#1904,#1906,#1908,.T.);
#1904 = VERTEX_POINT('',#1905);
#1905 = CARTESIAN_POINT('',(51.999892,-62.99991,0.));
#1906 = VERTEX_POINT('',#1907);
#1907 = CARTESIAN_POINT('',(49.999892,-64.99991,0.));
#1908 = CIRCLE('',#1909,1.99999850585);
#1909 = AXIS2_PLACEMENT_3D('',#1910,#1911,#1912);
#1910 = CARTESIAN_POINT('',(51.99989050585,-64.99990850585,0.));
#1911 = DIRECTION('',(0.,0.,1.));
#1912 = DIRECTION('',(7.470757456121E-07,1.,-0.));
#1913 = ORIENTED_EDGE('',*,*,#1914,.F.);
#1914 = EDGE_CURVE('',#1915,#1904,#1917,.T.);
#1915 = VERTEX_POINT('',#1916);
#1916 = CARTESIAN_POINT('',(52.999892,-62.99991,0.));
#1917 = LINE('',#1918,#1919);
#1918 = CARTESIAN_POINT('',(52.999892,-62.99991,0.));
#1919 = VECTOR('',#1920,1.);
#1920 = DIRECTION('',(-1.,0.,0.));
#1921 = ORIENTED_EDGE('',*,*,#1922,.F.);
#1922 = EDGE_CURVE('',#1923,#1915,#1925,.T.);
#1923 = VERTEX_POINT('',#1924);
#1924 = CARTESIAN_POINT('',(54.999892,-64.99991,0.));
#1925 = CIRCLE('',#1926,1.99999850585);
#1926 = AXIS2_PLACEMENT_3D('',#1927,#1928,#1929);
#1927 = CARTESIAN_POINT('',(52.99989349415,-64.99990850585,0.));
#1928 = DIRECTION('',(0.,0.,1.));
#1929 = DIRECTION('',(1.,-7.470757420593E-07,0.));
#1930 = ORIENTED_EDGE('',*,*,#1931,.F.);
#1931 = EDGE_CURVE('',#1932,#1923,#1934,.T.);
#1932 = VERTEX_POINT('',#1933);
#1933 = CARTESIAN_POINT('',(54.999892,-66.99991,0.));
#1934 = LINE('',#1935,#1936);
#1935 = CARTESIAN_POINT('',(54.999892,-66.99991,0.));
#1936 = VECTOR('',#1937,1.);
#1937 = DIRECTION('',(0.,1.,0.));
#1938 = ORIENTED_EDGE('',*,*,#1939,.F.);
#1939 = EDGE_CURVE('',#1940,#1932,#1942,.T.);
#1940 = VERTEX_POINT('',#1941);
#1941 = CARTESIAN_POINT('',(52.999892,-68.99991,0.));
#1942 = CIRCLE('',#1943,1.99999850585);
#1943 = AXIS2_PLACEMENT_3D('',#1944,#1945,#1946);
#1944 = CARTESIAN_POINT('',(52.99989349415,-66.99991149415,0.));
#1945 = DIRECTION('',(0.,0.,1.));
#1946 = DIRECTION('',(-7.470757349539E-07,-1.,0.));
#1947 = ORIENTED_EDGE('',*,*,#1948,.F.);
#1948 = EDGE_CURVE('',#1949,#1940,#1951,.T.);
#1949 = VERTEX_POINT('',#1950);
#1950 = CARTESIAN_POINT('',(51.999892,-68.99991,0.));
#1951 = LINE('',#1952,#1953);
#1952 = CARTESIAN_POINT('',(51.999892,-68.99991,0.));
#1953 = VECTOR('',#1954,1.);
#1954 = DIRECTION('',(1.,0.,0.));
#1955 = ORIENTED_EDGE('',*,*,#1956,.F.);
#1956 = EDGE_CURVE('',#1957,#1949,#1959,.T.);
#1957 = VERTEX_POINT('',#1958);
#1958 = CARTESIAN_POINT('',(49.999892,-66.99991,0.));
#1959 = CIRCLE('',#1960,1.99999850585);
#1960 = AXIS2_PLACEMENT_3D('',#1961,#1962,#1963);
#1961 = CARTESIAN_POINT('',(51.99989050585,-66.99991149415,0.));
#1962 = DIRECTION('',(0.,0.,1.));
#1963 = DIRECTION('',(-1.,7.470757491648E-07,0.));
#1964 = ORIENTED_EDGE('',*,*,#1965,.F.);
#1965 = EDGE_CURVE('',#1906,#1957,#1966,.T.);
#1966 = LINE('',#1967,#1968);
#1967 = CARTESIAN_POINT('',(49.999892,-64.99991,0.));
#1968 = VECTOR('',#1969,1.);
#1969 = DIRECTION('',(0.,-1.,0.));
#1970 = FACE_BOUND('',#1971,.F.);
#1971 = EDGE_LOOP('',(#1972));
#1972 = ORIENTED_EDGE('',*,*,#1973,.F.);
#1973 = EDGE_CURVE('',#1974,#1974,#1976,.T.);
#1974 = VERTEX_POINT('',#1975);
#1975 = CARTESIAN_POINT('',(59.999892,-77.99991,0.));
#1976 = CIRCLE('',#1977,0.5);
#1977 = AXIS2_PLACEMENT_3D('',#1978,#1979,#1980);
#1978 = CARTESIAN_POINT('',(59.499892,-77.99991,0.));
#1979 = DIRECTION('',(0.,0.,1.));
#1980 = DIRECTION('',(1.,0.,-0.));
#1981 = FACE_BOUND('',#1982,.F.);
#1982 = EDGE_LOOP('',(#1983));
#1983 = ORIENTED_EDGE('',*,*,#1984,.F.);
#1984 = EDGE_CURVE('',#1985,#1985,#1987,.T.);
#1985 = VERTEX_POINT('',#1986);
#1986 = CARTESIAN_POINT('',(59.999892,-74.99991,0.));
#1987 = CIRCLE('',#1988,0.5);
#1988 = AXIS2_PLACEMENT_3D('',#1989,#1990,#1991);
#1989 = CARTESIAN_POINT('',(59.499892,-74.99991,0.));
#1990 = DIRECTION('',(0.,0.,1.));
#1991 = DIRECTION('',(1.,0.,-0.));
#1992 = FACE_BOUND('',#1993,.F.);
#1993 = EDGE_LOOP('',(#1994));
#1994 = ORIENTED_EDGE('',*,*,#1995,.T.);
#1995 = EDGE_CURVE('',#1996,#1996,#1998,.T.);
#1996 = VERTEX_POINT('',#1997);
#1997 = CARTESIAN_POINT('',(71.499892,-114.599909,0.));
#1998 = CIRCLE('',#1999,0.6);
#1999 = AXIS2_PLACEMENT_3D('',#2000,#2001,#2002);
#2000 = CARTESIAN_POINT('',(71.499892,-113.999909,0.));
#2001 = DIRECTION('',(-0.,0.,-1.));
#2002 = DIRECTION('',(2.368475785867E-14,-1.,-0.));
#2003 = FACE_BOUND('',#2004,.F.);
#2004 = EDGE_LOOP('',(#2005));
#2005 = ORIENTED_EDGE('',*,*,#2006,.T.);
#2006 = EDGE_CURVE('',#2007,#2007,#2009,.T.);
#2007 = VERTEX_POINT('',#2008);
#2008 = CARTESIAN_POINT('',(83.499892,-114.599909,0.));
#2009 = CIRCLE('',#2010,0.6);
#2010 = AXIS2_PLACEMENT_3D('',#2011,#2012,#2013);
#2011 = CARTESIAN_POINT('',(83.499892,-113.999909,0.));
#2012 = DIRECTION('',(-0.,0.,-1.));
#2013 = DIRECTION('',(2.368475785867E-14,-1.,-0.));
#2014 = FACE_BOUND('',#2015,.F.);
#2015 = EDGE_LOOP('',(#2016,#2026,#2034,#2042,#2050,#2058,#2066,#2074,
    #2082,#2090,#2098,#2106));
#2016 = ORIENTED_EDGE('',*,*,#2017,.F.);
#2017 = EDGE_CURVE('',#2018,#2020,#2022,.T.);
#2018 = VERTEX_POINT('',#2019);
#2019 = CARTESIAN_POINT('',(61.999892,-88.99991,0.));
#2020 = VERTEX_POINT('',#2021);
#2021 = CARTESIAN_POINT('',(62.999892,-96.99991,0.));
#2022 = LINE('',#2023,#2024);
#2023 = CARTESIAN_POINT('',(61.999892,-88.99991,0.));
#2024 = VECTOR('',#2025,1.);
#2025 = DIRECTION('',(0.124034734589,-0.992277876714,0.));
#2026 = ORIENTED_EDGE('',*,*,#2027,.F.);
#2027 = EDGE_CURVE('',#2028,#2018,#2030,.T.);
#2028 = VERTEX_POINT('',#2029);
#2029 = CARTESIAN_POINT('',(61.999892,-87.99991,0.));
#2030 = LINE('',#2031,#2032);
#2031 = CARTESIAN_POINT('',(61.999892,-87.99991,0.));
#2032 = VECTOR('',#2033,1.);
#2033 = DIRECTION('',(0.,-1.,0.));
#2034 = ORIENTED_EDGE('',*,*,#2035,.F.);
#2035 = EDGE_CURVE('',#2036,#2028,#2038,.T.);
#2036 = VERTEX_POINT('',#2037);
#2037 = CARTESIAN_POINT('',(68.999892,-87.99991,0.));
#2038 = LINE('',#2039,#2040);
#2039 = CARTESIAN_POINT('',(68.999892,-87.99991,0.));
#2040 = VECTOR('',#2041,1.);
#2041 = DIRECTION('',(-1.,0.,0.));
#2042 = ORIENTED_EDGE('',*,*,#2043,.F.);
#2043 = EDGE_CURVE('',#2044,#2036,#2046,.T.);
#2044 = VERTEX_POINT('',#2045);
#2045 = CARTESIAN_POINT('',(68.999892,-88.99991,0.));
#2046 = LINE('',#2047,#2048);
#2047 = CARTESIAN_POINT('',(68.999892,-88.99991,0.));
#2048 = VECTOR('',#2049,1.);
#2049 = DIRECTION('',(0.,1.,0.));
#2050 = ORIENTED_EDGE('',*,*,#2051,.F.);
#2051 = EDGE_CURVE('',#2052,#2044,#2054,.T.);
#2052 = VERTEX_POINT('',#2053);
#2053 = CARTESIAN_POINT('',(67.999892,-96.99991,0.));
#2054 = LINE('',#2055,#2056);
#2055 = CARTESIAN_POINT('',(67.999892,-96.99991,0.));
#2056 = VECTOR('',#2057,1.);
#2057 = DIRECTION('',(0.124034734589,0.992277876714,0.));
#2058 = ORIENTED_EDGE('',*,*,#2059,.F.);
#2059 = EDGE_CURVE('',#2060,#2052,#2062,.T.);
#2060 = VERTEX_POINT('',#2061);
#2061 = CARTESIAN_POINT('',(67.999892,-103.99991,0.));
#2062 = LINE('',#2063,#2064);
#2063 = CARTESIAN_POINT('',(67.999892,-103.99991,0.));
#2064 = VECTOR('',#2065,1.);
#2065 = DIRECTION('',(0.,1.,0.));
#2066 = ORIENTED_EDGE('',*,*,#2067,.F.);
#2067 = EDGE_CURVE('',#2068,#2060,#2070,.T.);
#2068 = VERTEX_POINT('',#2069);
#2069 = CARTESIAN_POINT('',(68.999892,-110.99991,0.));
#2070 = LINE('',#2071,#2072);
#2071 = CARTESIAN_POINT('',(68.999892,-110.99991,0.));
#2072 = VECTOR('',#2073,1.);
#2073 = DIRECTION('',(-0.141421356237,0.989949493661,0.));
#2074 = ORIENTED_EDGE('',*,*,#2075,.F.);
#2075 = EDGE_CURVE('',#2076,#2068,#2078,.T.);
#2076 = VERTEX_POINT('',#2077);
#2077 = CARTESIAN_POINT('',(68.999892,-112.99991,0.));
#2078 = LINE('',#2079,#2080);
#2079 = CARTESIAN_POINT('',(68.999892,-112.99991,0.));
#2080 = VECTOR('',#2081,1.);
#2081 = DIRECTION('',(0.,1.,0.));
#2082 = ORIENTED_EDGE('',*,*,#2083,.F.);
#2083 = EDGE_CURVE('',#2084,#2076,#2086,.T.);
#2084 = VERTEX_POINT('',#2085);
#2085 = CARTESIAN_POINT('',(61.999892,-112.99991,0.));
#2086 = LINE('',#2087,#2088);
#2087 = CARTESIAN_POINT('',(61.999892,-112.99991,0.));
#2088 = VECTOR('',#2089,1.);
#2089 = DIRECTION('',(1.,0.,0.));
#2090 = ORIENTED_EDGE('',*,*,#2091,.F.);
#2091 = EDGE_CURVE('',#2092,#2084,#2094,.T.);
#2092 = VERTEX_POINT('',#2093);
#2093 = CARTESIAN_POINT('',(61.999892,-110.99991,0.));
#2094 = LINE('',#2095,#2096);
#2095 = CARTESIAN_POINT('',(61.999892,-110.99991,0.));
#2096 = VECTOR('',#2097,1.);
#2097 = DIRECTION('',(0.,-1.,0.));
#2098 = ORIENTED_EDGE('',*,*,#2099,.F.);
#2099 = EDGE_CURVE('',#2100,#2092,#2102,.T.);
#2100 = VERTEX_POINT('',#2101);
#2101 = CARTESIAN_POINT('',(62.999892,-103.99991,0.));
#2102 = LINE('',#2103,#2104);
#2103 = CARTESIAN_POINT('',(62.999892,-103.99991,0.));
#2104 = VECTOR('',#2105,1.);
#2105 = DIRECTION('',(-0.141421356237,-0.989949493661,0.));
#2106 = ORIENTED_EDGE('',*,*,#2107,.F.);
#2107 = EDGE_CURVE('',#2020,#2100,#2108,.T.);
#2108 = LINE('',#2109,#2110);
#2109 = CARTESIAN_POINT('',(62.999892,-96.99991,0.));
#2110 = VECTOR('',#2111,1.);
#2111 = DIRECTION('',(0.,-1.,0.));
#2112 = FACE_BOUND('',#2113,.F.);
#2113 = EDGE_LOOP('',(#2114,#2124,#2132,#2140,#2148,#2156,#2164,#2172,
    #2180,#2188,#2196,#2204));
#2114 = ORIENTED_EDGE('',*,*,#2115,.F.);
#2115 = EDGE_CURVE('',#2116,#2118,#2120,.T.);
#2116 = VERTEX_POINT('',#2117);
#2117 = CARTESIAN_POINT('',(73.999892,-88.99991,0.));
#2118 = VERTEX_POINT('',#2119);
#2119 = CARTESIAN_POINT('',(74.999892,-96.99991,0.));
#2120 = LINE('',#2121,#2122);
#2121 = CARTESIAN_POINT('',(73.999892,-88.99991,0.));
#2122 = VECTOR('',#2123,1.);
#2123 = DIRECTION('',(0.124034734589,-0.992277876714,0.));
#2124 = ORIENTED_EDGE('',*,*,#2125,.F.);
#2125 = EDGE_CURVE('',#2126,#2116,#2128,.T.);
#2126 = VERTEX_POINT('',#2127);
#2127 = CARTESIAN_POINT('',(73.999892,-87.99991,0.));
#2128 = LINE('',#2129,#2130);
#2129 = CARTESIAN_POINT('',(73.999892,-87.99991,0.));
#2130 = VECTOR('',#2131,1.);
#2131 = DIRECTION('',(0.,-1.,0.));
#2132 = ORIENTED_EDGE('',*,*,#2133,.F.);
#2133 = EDGE_CURVE('',#2134,#2126,#2136,.T.);
#2134 = VERTEX_POINT('',#2135);
#2135 = CARTESIAN_POINT('',(80.999892,-87.99991,0.));
#2136 = LINE('',#2137,#2138);
#2137 = CARTESIAN_POINT('',(80.999892,-87.99991,0.));
#2138 = VECTOR('',#2139,1.);
#2139 = DIRECTION('',(-1.,0.,0.));
#2140 = ORIENTED_EDGE('',*,*,#2141,.F.);
#2141 = EDGE_CURVE('',#2142,#2134,#2144,.T.);
#2142 = VERTEX_POINT('',#2143);
#2143 = CARTESIAN_POINT('',(80.999892,-88.99991,0.));
#2144 = LINE('',#2145,#2146);
#2145 = CARTESIAN_POINT('',(80.999892,-88.99991,0.));
#2146 = VECTOR('',#2147,1.);
#2147 = DIRECTION('',(0.,1.,0.));
#2148 = ORIENTED_EDGE('',*,*,#2149,.F.);
#2149 = EDGE_CURVE('',#2150,#2142,#2152,.T.);
#2150 = VERTEX_POINT('',#2151);
#2151 = CARTESIAN_POINT('',(79.999892,-96.99991,0.));
#2152 = LINE('',#2153,#2154);
#2153 = CARTESIAN_POINT('',(79.999892,-96.99991,0.));
#2154 = VECTOR('',#2155,1.);
#2155 = DIRECTION('',(0.124034734589,0.992277876714,0.));
#2156 = ORIENTED_EDGE('',*,*,#2157,.F.);
#2157 = EDGE_CURVE('',#2158,#2150,#2160,.T.);
#2158 = VERTEX_POINT('',#2159);
#2159 = CARTESIAN_POINT('',(79.999892,-103.99991,0.));
#2160 = LINE('',#2161,#2162);
#2161 = CARTESIAN_POINT('',(79.999892,-103.99991,0.));
#2162 = VECTOR('',#2163,1.);
#2163 = DIRECTION('',(0.,1.,0.));
#2164 = ORIENTED_EDGE('',*,*,#2165,.F.);
#2165 = EDGE_CURVE('',#2166,#2158,#2168,.T.);
#2166 = VERTEX_POINT('',#2167);
#2167 = CARTESIAN_POINT('',(80.999892,-110.99991,0.));
#2168 = LINE('',#2169,#2170);
#2169 = CARTESIAN_POINT('',(80.999892,-110.99991,0.));
#2170 = VECTOR('',#2171,1.);
#2171 = DIRECTION('',(-0.141421356237,0.989949493661,0.));
#2172 = ORIENTED_EDGE('',*,*,#2173,.F.);
#2173 = EDGE_CURVE('',#2174,#2166,#2176,.T.);
#2174 = VERTEX_POINT('',#2175);
#2175 = CARTESIAN_POINT('',(80.999892,-112.99991,0.));
#2176 = LINE('',#2177,#2178);
#2177 = CARTESIAN_POINT('',(80.999892,-112.99991,0.));
#2178 = VECTOR('',#2179,1.);
#2179 = DIRECTION('',(0.,1.,0.));
#2180 = ORIENTED_EDGE('',*,*,#2181,.F.);
#2181 = EDGE_CURVE('',#2182,#2174,#2184,.T.);
#2182 = VERTEX_POINT('',#2183);
#2183 = CARTESIAN_POINT('',(73.999892,-112.99991,0.));
#2184 = LINE('',#2185,#2186);
#2185 = CARTESIAN_POINT('',(73.999892,-112.99991,0.));
#2186 = VECTOR('',#2187,1.);
#2187 = DIRECTION('',(1.,0.,0.));
#2188 = ORIENTED_EDGE('',*,*,#2189,.F.);
#2189 = EDGE_CURVE('',#2190,#2182,#2192,.T.);
#2190 = VERTEX_POINT('',#2191);
#2191 = CARTESIAN_POINT('',(73.999892,-110.99991,0.));
#2192 = LINE('',#2193,#2194);
#2193 = CARTESIAN_POINT('',(73.999892,-110.99991,0.));
#2194 = VECTOR('',#2195,1.);
#2195 = DIRECTION('',(0.,-1.,0.));
#2196 = ORIENTED_EDGE('',*,*,#2197,.F.);
#2197 = EDGE_CURVE('',#2198,#2190,#2200,.T.);
#2198 = VERTEX_POINT('',#2199);
#2199 = CARTESIAN_POINT('',(74.999892,-103.99991,0.));
#2200 = LINE('',#2201,#2202);
#2201 = CARTESIAN_POINT('',(74.999892,-103.99991,0.));
#2202 = VECTOR('',#2203,1.);
#2203 = DIRECTION('',(-0.141421356237,-0.989949493661,0.));
#2204 = ORIENTED_EDGE('',*,*,#2205,.F.);
#2205 = EDGE_CURVE('',#2118,#2198,#2206,.T.);
#2206 = LINE('',#2207,#2208);
#2207 = CARTESIAN_POINT('',(74.999892,-96.99991,0.));
#2208 = VECTOR('',#2209,1.);
#2209 = DIRECTION('',(0.,-1.,0.));
#2210 = FACE_BOUND('',#2211,.F.);
#2211 = EDGE_LOOP('',(#2212));
#2212 = ORIENTED_EDGE('',*,*,#2213,.T.);
#2213 = EDGE_CURVE('',#2214,#2214,#2216,.T.);
#2214 = VERTEX_POINT('',#2215);
#2215 = CARTESIAN_POINT('',(95.499892,-114.599909,0.));
#2216 = CIRCLE('',#2217,0.6);
#2217 = AXIS2_PLACEMENT_3D('',#2218,#2219,#2220);
#2218 = CARTESIAN_POINT('',(95.499892,-113.999909,0.));
#2219 = DIRECTION('',(-0.,0.,-1.));
#2220 = DIRECTION('',(2.368475785867E-14,-1.,-0.));
#2221 = FACE_BOUND('',#2222,.F.);
#2222 = EDGE_LOOP('',(#2223));
#2223 = ORIENTED_EDGE('',*,*,#2224,.T.);
#2224 = EDGE_CURVE('',#2225,#2225,#2227,.T.);
#2225 = VERTEX_POINT('',#2226);
#2226 = CARTESIAN_POINT('',(107.499892,-114.59991,0.));
#2227 = CIRCLE('',#2228,0.6);
#2228 = AXIS2_PLACEMENT_3D('',#2229,#2230,#2231);
#2229 = CARTESIAN_POINT('',(107.499892,-113.99991,0.));
#2230 = DIRECTION('',(-0.,0.,-1.));
#2231 = DIRECTION('',(2.368475785867E-14,-1.,-0.));
#2232 = FACE_BOUND('',#2233,.F.);
#2233 = EDGE_LOOP('',(#2234,#2244,#2252,#2260,#2268,#2276,#2284,#2292,
    #2300,#2308,#2316,#2324));
#2234 = ORIENTED_EDGE('',*,*,#2235,.F.);
#2235 = EDGE_CURVE('',#2236,#2238,#2240,.T.);
#2236 = VERTEX_POINT('',#2237);
#2237 = CARTESIAN_POINT('',(85.999892,-88.99991,0.));
#2238 = VERTEX_POINT('',#2239);
#2239 = CARTESIAN_POINT('',(86.999892,-96.99991,0.));
#2240 = LINE('',#2241,#2242);
#2241 = CARTESIAN_POINT('',(85.999892,-88.99991,0.));
#2242 = VECTOR('',#2243,1.);
#2243 = DIRECTION('',(0.124034734589,-0.992277876714,0.));
#2244 = ORIENTED_EDGE('',*,*,#2245,.F.);
#2245 = EDGE_CURVE('',#2246,#2236,#2248,.T.);
#2246 = VERTEX_POINT('',#2247);
#2247 = CARTESIAN_POINT('',(85.999892,-87.99991,0.));
#2248 = LINE('',#2249,#2250);
#2249 = CARTESIAN_POINT('',(85.999892,-87.99991,0.));
#2250 = VECTOR('',#2251,1.);
#2251 = DIRECTION('',(0.,-1.,0.));
#2252 = ORIENTED_EDGE('',*,*,#2253,.F.);
#2253 = EDGE_CURVE('',#2254,#2246,#2256,.T.);
#2254 = VERTEX_POINT('',#2255);
#2255 = CARTESIAN_POINT('',(92.999892,-87.99991,0.));
#2256 = LINE('',#2257,#2258);
#2257 = CARTESIAN_POINT('',(92.999892,-87.99991,0.));
#2258 = VECTOR('',#2259,1.);
#2259 = DIRECTION('',(-1.,0.,0.));
#2260 = ORIENTED_EDGE('',*,*,#2261,.F.);
#2261 = EDGE_CURVE('',#2262,#2254,#2264,.T.);
#2262 = VERTEX_POINT('',#2263);
#2263 = CARTESIAN_POINT('',(92.999892,-88.99991,0.));
#2264 = LINE('',#2265,#2266);
#2265 = CARTESIAN_POINT('',(92.999892,-88.99991,0.));
#2266 = VECTOR('',#2267,1.);
#2267 = DIRECTION('',(0.,1.,0.));
#2268 = ORIENTED_EDGE('',*,*,#2269,.F.);
#2269 = EDGE_CURVE('',#2270,#2262,#2272,.T.);
#2270 = VERTEX_POINT('',#2271);
#2271 = CARTESIAN_POINT('',(91.999892,-96.99991,0.));
#2272 = LINE('',#2273,#2274);
#2273 = CARTESIAN_POINT('',(91.999892,-96.99991,0.));
#2274 = VECTOR('',#2275,1.);
#2275 = DIRECTION('',(0.124034734589,0.992277876714,0.));
#2276 = ORIENTED_EDGE('',*,*,#2277,.F.);
#2277 = EDGE_CURVE('',#2278,#2270,#2280,.T.);
#2278 = VERTEX_POINT('',#2279);
#2279 = CARTESIAN_POINT('',(91.999892,-103.99991,0.));
#2280 = LINE('',#2281,#2282);
#2281 = CARTESIAN_POINT('',(91.999892,-103.99991,0.));
#2282 = VECTOR('',#2283,1.);
#2283 = DIRECTION('',(0.,1.,0.));
#2284 = ORIENTED_EDGE('',*,*,#2285,.F.);
#2285 = EDGE_CURVE('',#2286,#2278,#2288,.T.);
#2286 = VERTEX_POINT('',#2287);
#2287 = CARTESIAN_POINT('',(92.999892,-110.99991,0.));
#2288 = LINE('',#2289,#2290);
#2289 = CARTESIAN_POINT('',(92.999892,-110.99991,0.));
#2290 = VECTOR('',#2291,1.);
#2291 = DIRECTION('',(-0.141421356237,0.989949493661,0.));
#2292 = ORIENTED_EDGE('',*,*,#2293,.F.);
#2293 = EDGE_CURVE('',#2294,#2286,#2296,.T.);
#2294 = VERTEX_POINT('',#2295);
#2295 = CARTESIAN_POINT('',(92.999892,-112.99991,0.));
#2296 = LINE('',#2297,#2298);
#2297 = CARTESIAN_POINT('',(92.999892,-112.99991,0.));
#2298 = VECTOR('',#2299,1.);
#2299 = DIRECTION('',(0.,1.,0.));
#2300 = ORIENTED_EDGE('',*,*,#2301,.F.);
#2301 = EDGE_CURVE('',#2302,#2294,#2304,.T.);
#2302 = VERTEX_POINT('',#2303);
#2303 = CARTESIAN_POINT('',(85.999892,-112.99991,0.));
#2304 = LINE('',#2305,#2306);
#2305 = CARTESIAN_POINT('',(85.999892,-112.99991,0.));
#2306 = VECTOR('',#2307,1.);
#2307 = DIRECTION('',(1.,0.,0.));
#2308 = ORIENTED_EDGE('',*,*,#2309,.F.);
#2309 = EDGE_CURVE('',#2310,#2302,#2312,.T.);
#2310 = VERTEX_POINT('',#2311);
#2311 = CARTESIAN_POINT('',(85.999892,-110.99991,0.));
#2312 = LINE('',#2313,#2314);
#2313 = CARTESIAN_POINT('',(85.999892,-110.99991,0.));
#2314 = VECTOR('',#2315,1.);
#2315 = DIRECTION('',(0.,-1.,0.));
#2316 = ORIENTED_EDGE('',*,*,#2317,.F.);
#2317 = EDGE_CURVE('',#2318,#2310,#2320,.T.);
#2318 = VERTEX_POINT('',#2319);
#2319 = CARTESIAN_POINT('',(86.999892,-103.99991,0.));
#2320 = LINE('',#2321,#2322);
#2321 = CARTESIAN_POINT('',(86.999892,-103.99991,0.));
#2322 = VECTOR('',#2323,1.);
#2323 = DIRECTION('',(-0.141421356237,-0.989949493661,0.));
#2324 = ORIENTED_EDGE('',*,*,#2325,.F.);
#2325 = EDGE_CURVE('',#2238,#2318,#2326,.T.);
#2326 = LINE('',#2327,#2328);
#2327 = CARTESIAN_POINT('',(86.999892,-96.99991,0.));
#2328 = VECTOR('',#2329,1.);
#2329 = DIRECTION('',(0.,-1.,0.));
#2330 = FACE_BOUND('',#2331,.F.);
#2331 = EDGE_LOOP('',(#2332,#2342,#2350,#2358,#2366,#2374,#2382,#2390,
    #2398,#2406,#2414,#2422));
#2332 = ORIENTED_EDGE('',*,*,#2333,.F.);
#2333 = EDGE_CURVE('',#2334,#2336,#2338,.T.);
#2334 = VERTEX_POINT('',#2335);
#2335 = CARTESIAN_POINT('',(97.999892,-88.99991,0.));
#2336 = VERTEX_POINT('',#2337);
#2337 = CARTESIAN_POINT('',(98.999892,-96.99991,0.));
#2338 = LINE('',#2339,#2340);
#2339 = CARTESIAN_POINT('',(97.999892,-88.99991,0.));
#2340 = VECTOR('',#2341,1.);
#2341 = DIRECTION('',(0.124034734589,-0.992277876714,0.));
#2342 = ORIENTED_EDGE('',*,*,#2343,.F.);
#2343 = EDGE_CURVE('',#2344,#2334,#2346,.T.);
#2344 = VERTEX_POINT('',#2345);
#2345 = CARTESIAN_POINT('',(97.999892,-87.99991,0.));
#2346 = LINE('',#2347,#2348);
#2347 = CARTESIAN_POINT('',(97.999892,-87.99991,0.));
#2348 = VECTOR('',#2349,1.);
#2349 = DIRECTION('',(0.,-1.,0.));
#2350 = ORIENTED_EDGE('',*,*,#2351,.F.);
#2351 = EDGE_CURVE('',#2352,#2344,#2354,.T.);
#2352 = VERTEX_POINT('',#2353);
#2353 = CARTESIAN_POINT('',(104.999892,-87.99991,0.));
#2354 = LINE('',#2355,#2356);
#2355 = CARTESIAN_POINT('',(104.999892,-87.99991,0.));
#2356 = VECTOR('',#2357,1.);
#2357 = DIRECTION('',(-1.,0.,0.));
#2358 = ORIENTED_EDGE('',*,*,#2359,.F.);
#2359 = EDGE_CURVE('',#2360,#2352,#2362,.T.);
#2360 = VERTEX_POINT('',#2361);
#2361 = CARTESIAN_POINT('',(104.999892,-88.99991,0.));
#2362 = LINE('',#2363,#2364);
#2363 = CARTESIAN_POINT('',(104.999892,-88.99991,0.));
#2364 = VECTOR('',#2365,1.);
#2365 = DIRECTION('',(0.,1.,0.));
#2366 = ORIENTED_EDGE('',*,*,#2367,.F.);
#2367 = EDGE_CURVE('',#2368,#2360,#2370,.T.);
#2368 = VERTEX_POINT('',#2369);
#2369 = CARTESIAN_POINT('',(103.999892,-96.99991,0.));
#2370 = LINE('',#2371,#2372);
#2371 = CARTESIAN_POINT('',(103.999892,-96.99991,0.));
#2372 = VECTOR('',#2373,1.);
#2373 = DIRECTION('',(0.124034734589,0.992277876714,0.));
#2374 = ORIENTED_EDGE('',*,*,#2375,.F.);
#2375 = EDGE_CURVE('',#2376,#2368,#2378,.T.);
#2376 = VERTEX_POINT('',#2377);
#2377 = CARTESIAN_POINT('',(103.999892,-103.99991,0.));
#2378 = LINE('',#2379,#2380);
#2379 = CARTESIAN_POINT('',(103.999892,-103.99991,0.));
#2380 = VECTOR('',#2381,1.);
#2381 = DIRECTION('',(0.,1.,0.));
#2382 = ORIENTED_EDGE('',*,*,#2383,.F.);
#2383 = EDGE_CURVE('',#2384,#2376,#2386,.T.);
#2384 = VERTEX_POINT('',#2385);
#2385 = CARTESIAN_POINT('',(104.999892,-110.99991,0.));
#2386 = LINE('',#2387,#2388);
#2387 = CARTESIAN_POINT('',(104.999892,-110.99991,0.));
#2388 = VECTOR('',#2389,1.);
#2389 = DIRECTION('',(-0.141421356237,0.989949493661,0.));
#2390 = ORIENTED_EDGE('',*,*,#2391,.F.);
#2391 = EDGE_CURVE('',#2392,#2384,#2394,.T.);
#2392 = VERTEX_POINT('',#2393);
#2393 = CARTESIAN_POINT('',(104.999892,-112.99991,0.));
#2394 = LINE('',#2395,#2396);
#2395 = CARTESIAN_POINT('',(104.999892,-112.99991,0.));
#2396 = VECTOR('',#2397,1.);
#2397 = DIRECTION('',(0.,1.,0.));
#2398 = ORIENTED_EDGE('',*,*,#2399,.F.);
#2399 = EDGE_CURVE('',#2400,#2392,#2402,.T.);
#2400 = VERTEX_POINT('',#2401);
#2401 = CARTESIAN_POINT('',(97.999892,-112.99991,0.));
#2402 = LINE('',#2403,#2404);
#2403 = CARTESIAN_POINT('',(97.999892,-112.99991,0.));
#2404 = VECTOR('',#2405,1.);
#2405 = DIRECTION('',(1.,0.,0.));
#2406 = ORIENTED_EDGE('',*,*,#2407,.F.);
#2407 = EDGE_CURVE('',#2408,#2400,#2410,.T.);
#2408 = VERTEX_POINT('',#2409);
#2409 = CARTESIAN_POINT('',(97.999892,-110.99991,0.));
#2410 = LINE('',#2411,#2412);
#2411 = CARTESIAN_POINT('',(97.999892,-110.99991,0.));
#2412 = VECTOR('',#2413,1.);
#2413 = DIRECTION('',(0.,-1.,0.));
#2414 = ORIENTED_EDGE('',*,*,#2415,.F.);
#2415 = EDGE_CURVE('',#2416,#2408,#2418,.T.);
#2416 = VERTEX_POINT('',#2417);
#2417 = CARTESIAN_POINT('',(98.999892,-103.99991,0.));
#2418 = LINE('',#2419,#2420);
#2419 = CARTESIAN_POINT('',(98.999892,-103.99991,0.));
#2420 = VECTOR('',#2421,1.);
#2421 = DIRECTION('',(-0.141421356237,-0.989949493661,0.));
#2422 = ORIENTED_EDGE('',*,*,#2423,.F.);
#2423 = EDGE_CURVE('',#2336,#2416,#2424,.T.);
#2424 = LINE('',#2425,#2426);
#2425 = CARTESIAN_POINT('',(98.999892,-96.99991,0.));
#2426 = VECTOR('',#2427,1.);
#2427 = DIRECTION('',(0.,-1.,0.));
#2428 = FACE_BOUND('',#2429,.F.);
#2429 = EDGE_LOOP('',(#2430));
#2430 = ORIENTED_EDGE('',*,*,#2431,.T.);
#2431 = EDGE_CURVE('',#2432,#2432,#2434,.T.);
#2432 = VERTEX_POINT('',#2433);
#2433 = CARTESIAN_POINT('',(71.499892,-87.59991,0.));
#2434 = CIRCLE('',#2435,0.6);
#2435 = AXIS2_PLACEMENT_3D('',#2436,#2437,#2438);
#2436 = CARTESIAN_POINT('',(71.499892,-86.99991,0.));
#2437 = DIRECTION('',(-0.,0.,-1.));
#2438 = DIRECTION('',(2.368475785867E-14,-1.,-0.));
#2439 = FACE_BOUND('',#2440,.F.);
#2440 = EDGE_LOOP('',(#2441,#2452,#2460,#2469,#2477,#2485,#2493));
#2441 = ORIENTED_EDGE('',*,*,#2442,.F.);
#2442 = EDGE_CURVE('',#2443,#2445,#2447,.T.);
#2443 = VERTEX_POINT('',#2444);
#2444 = CARTESIAN_POINT('',(63.999892,-72.99991,0.));
#2445 = VERTEX_POINT('',#2446);
#2446 = CARTESIAN_POINT('',(61.999892,-74.99991,0.));
#2447 = CIRCLE('',#2448,1.99999850585);
#2448 = AXIS2_PLACEMENT_3D('',#2449,#2450,#2451);
#2449 = CARTESIAN_POINT('',(63.99989050585,-74.99990850585,0.));
#2450 = DIRECTION('',(0.,0.,1.));
#2451 = DIRECTION('',(7.470757420593E-07,1.,-0.));
#2452 = ORIENTED_EDGE('',*,*,#2453,.F.);
#2453 = EDGE_CURVE('',#2454,#2443,#2456,.T.);
#2454 = VERTEX_POINT('',#2455);
#2455 = CARTESIAN_POINT('',(66.999892,-72.99991,0.));
#2456 = LINE('',#2457,#2458);
#2457 = CARTESIAN_POINT('',(66.999892,-72.99991,0.));
#2458 = VECTOR('',#2459,1.);
#2459 = DIRECTION('',(-1.,0.,0.));
#2460 = ORIENTED_EDGE('',*,*,#2461,.F.);
#2461 = EDGE_CURVE('',#2462,#2454,#2464,.T.);
#2462 = VERTEX_POINT('',#2463);
#2463 = CARTESIAN_POINT('',(68.999892,-74.99991,0.));
#2464 = CIRCLE('',#2465,1.99999850585);
#2465 = AXIS2_PLACEMENT_3D('',#2466,#2467,#2468);
#2466 = CARTESIAN_POINT('',(66.99989349415,-74.99990850585,0.));
#2467 = DIRECTION('',(0.,0.,1.));
#2468 = DIRECTION('',(1.,-7.470757491648E-07,0.));
#2469 = ORIENTED_EDGE('',*,*,#2470,.F.);
#2470 = EDGE_CURVE('',#2471,#2462,#2473,.T.);
#2471 = VERTEX_POINT('',#2472);
#2472 = CARTESIAN_POINT('',(68.999892,-85.99991,0.));
#2473 = LINE('',#2474,#2475);
#2474 = CARTESIAN_POINT('',(68.999892,-85.99991,0.));
#2475 = VECTOR('',#2476,1.);
#2476 = DIRECTION('',(0.,1.,0.));
#2477 = ORIENTED_EDGE('',*,*,#2478,.F.);
#2478 = EDGE_CURVE('',#2479,#2471,#2481,.T.);
#2479 = VERTEX_POINT('',#2480);
#2480 = CARTESIAN_POINT('',(61.999892,-85.99991,0.));
#2481 = LINE('',#2482,#2483);
#2482 = CARTESIAN_POINT('',(61.999892,-85.99991,0.));
#2483 = VECTOR('',#2484,1.);
#2484 = DIRECTION('',(1.,0.,0.));
#2485 = ORIENTED_EDGE('',*,*,#2486,.F.);
#2486 = EDGE_CURVE('',#2487,#2479,#2489,.T.);
#2487 = VERTEX_POINT('',#2488);
#2488 = CARTESIAN_POINT('',(61.999892,-84.99991,0.));
#2489 = LINE('',#2490,#2491);
#2490 = CARTESIAN_POINT('',(61.999892,-84.99991,0.));
#2491 = VECTOR('',#2492,1.);
#2492 = DIRECTION('',(0.,-1.,0.));
#2493 = ORIENTED_EDGE('',*,*,#2494,.F.);
#2494 = EDGE_CURVE('',#2445,#2487,#2495,.T.);
#2495 = LINE('',#2496,#2497);
#2496 = CARTESIAN_POINT('',(61.999892,-74.99991,0.));
#2497 = VECTOR('',#2498,1.);
#2498 = DIRECTION('',(0.,-1.,0.));
#2499 = FACE_BOUND('',#2500,.F.);
#2500 = EDGE_LOOP('',(#2501));
#2501 = ORIENTED_EDGE('',*,*,#2502,.F.);
#2502 = EDGE_CURVE('',#2503,#2503,#2505,.T.);
#2503 = VERTEX_POINT('',#2504);
#2504 = CARTESIAN_POINT('',(71.999892,-83.99991,0.));
#2505 = CIRCLE('',#2506,0.5);
#2506 = AXIS2_PLACEMENT_3D('',#2507,#2508,#2509);
#2507 = CARTESIAN_POINT('',(71.499892,-83.99991,0.));
#2508 = DIRECTION('',(0.,0.,1.));
#2509 = DIRECTION('',(1.,0.,-0.));
#2510 = FACE_BOUND('',#2511,.F.);
#2511 = EDGE_LOOP('',(#2512));
#2512 = ORIENTED_EDGE('',*,*,#2513,.F.);
#2513 = EDGE_CURVE('',#2514,#2514,#2516,.T.);
#2514 = VERTEX_POINT('',#2515);
#2515 = CARTESIAN_POINT('',(71.999892,-80.99991,0.));
#2516 = CIRCLE('',#2517,0.5);
#2517 = AXIS2_PLACEMENT_3D('',#2518,#2519,#2520);
#2518 = CARTESIAN_POINT('',(71.499892,-80.99991,0.));
#2519 = DIRECTION('',(0.,0.,1.));
#2520 = DIRECTION('',(1.,0.,-0.));
#2521 = FACE_BOUND('',#2522,.F.);
#2522 = EDGE_LOOP('',(#2523));
#2523 = ORIENTED_EDGE('',*,*,#2524,.T.);
#2524 = EDGE_CURVE('',#2525,#2525,#2527,.T.);
#2525 = VERTEX_POINT('',#2526);
#2526 = CARTESIAN_POINT('',(83.499892,-87.59991,0.));
#2527 = CIRCLE('',#2528,0.6);
#2528 = AXIS2_PLACEMENT_3D('',#2529,#2530,#2531);
#2529 = CARTESIAN_POINT('',(83.499892,-86.99991,0.));
#2530 = DIRECTION('',(-0.,0.,-1.));
#2531 = DIRECTION('',(2.368475785867E-14,-1.,-0.));
#2532 = FACE_BOUND('',#2533,.F.);
#2533 = EDGE_LOOP('',(#2534,#2545,#2553,#2562,#2570,#2578,#2586));
#2534 = ORIENTED_EDGE('',*,*,#2535,.F.);
#2535 = EDGE_CURVE('',#2536,#2538,#2540,.T.);
#2536 = VERTEX_POINT('',#2537);
#2537 = CARTESIAN_POINT('',(75.999892,-72.99991,0.));
#2538 = VERTEX_POINT('',#2539);
#2539 = CARTESIAN_POINT('',(73.999892,-74.99991,0.));
#2540 = CIRCLE('',#2541,1.99999850585);
#2541 = AXIS2_PLACEMENT_3D('',#2542,#2543,#2544);
#2542 = CARTESIAN_POINT('',(75.99989050585,-74.99990850585,0.));
#2543 = DIRECTION('',(0.,0.,1.));
#2544 = DIRECTION('',(7.470757420593E-07,1.,-0.));
#2545 = ORIENTED_EDGE('',*,*,#2546,.F.);
#2546 = EDGE_CURVE('',#2547,#2536,#2549,.T.);
#2547 = VERTEX_POINT('',#2548);
#2548 = CARTESIAN_POINT('',(78.999892,-72.99991,0.));
#2549 = LINE('',#2550,#2551);
#2550 = CARTESIAN_POINT('',(78.999892,-72.99991,0.));
#2551 = VECTOR('',#2552,1.);
#2552 = DIRECTION('',(-1.,0.,0.));
#2553 = ORIENTED_EDGE('',*,*,#2554,.F.);
#2554 = EDGE_CURVE('',#2555,#2547,#2557,.T.);
#2555 = VERTEX_POINT('',#2556);
#2556 = CARTESIAN_POINT('',(80.999892,-74.99991,0.));
#2557 = CIRCLE('',#2558,1.99999850585);
#2558 = AXIS2_PLACEMENT_3D('',#2559,#2560,#2561);
#2559 = CARTESIAN_POINT('',(78.99989349415,-74.99990850585,0.));
#2560 = DIRECTION('',(0.,0.,1.));
#2561 = DIRECTION('',(1.,-7.470757491648E-07,0.));
#2562 = ORIENTED_EDGE('',*,*,#2563,.F.);
#2563 = EDGE_CURVE('',#2564,#2555,#2566,.T.);
#2564 = VERTEX_POINT('',#2565);
#2565 = CARTESIAN_POINT('',(80.999892,-85.99991,0.));
#2566 = LINE('',#2567,#2568);
#2567 = CARTESIAN_POINT('',(80.999892,-85.99991,0.));
#2568 = VECTOR('',#2569,1.);
#2569 = DIRECTION('',(0.,1.,0.));
#2570 = ORIENTED_EDGE('',*,*,#2571,.F.);
#2571 = EDGE_CURVE('',#2572,#2564,#2574,.T.);
#2572 = VERTEX_POINT('',#2573);
#2573 = CARTESIAN_POINT('',(73.999892,-85.99991,0.));
#2574 = LINE('',#2575,#2576);
#2575 = CARTESIAN_POINT('',(73.999892,-85.99991,0.));
#2576 = VECTOR('',#2577,1.);
#2577 = DIRECTION('',(1.,0.,0.));
#2578 = ORIENTED_EDGE('',*,*,#2579,.F.);
#2579 = EDGE_CURVE('',#2580,#2572,#2582,.T.);
#2580 = VERTEX_POINT('',#2581);
#2581 = CARTESIAN_POINT('',(73.999892,-84.99991,0.));
#2582 = LINE('',#2583,#2584);
#2583 = CARTESIAN_POINT('',(73.999892,-84.99991,0.));
#2584 = VECTOR('',#2585,1.);
#2585 = DIRECTION('',(0.,-1.,0.));
#2586 = ORIENTED_EDGE('',*,*,#2587,.F.);
#2587 = EDGE_CURVE('',#2538,#2580,#2588,.T.);
#2588 = LINE('',#2589,#2590);
#2589 = CARTESIAN_POINT('',(73.999892,-74.99991,0.));
#2590 = VECTOR('',#2591,1.);
#2591 = DIRECTION('',(0.,-1.,0.));
#2592 = FACE_BOUND('',#2593,.F.);
#2593 = EDGE_LOOP('',(#2594));
#2594 = ORIENTED_EDGE('',*,*,#2595,.F.);
#2595 = EDGE_CURVE('',#2596,#2596,#2598,.T.);
#2596 = VERTEX_POINT('',#2597);
#2597 = CARTESIAN_POINT('',(83.999892,-83.99991,0.));
#2598 = CIRCLE('',#2599,0.5);
#2599 = AXIS2_PLACEMENT_3D('',#2600,#2601,#2602);
#2600 = CARTESIAN_POINT('',(83.499892,-83.99991,0.));
#2601 = DIRECTION('',(0.,0.,1.));
#2602 = DIRECTION('',(1.,0.,-0.));
#2603 = FACE_BOUND('',#2604,.F.);
#2604 = EDGE_LOOP('',(#2605));
#2605 = ORIENTED_EDGE('',*,*,#2606,.F.);
#2606 = EDGE_CURVE('',#2607,#2607,#2609,.T.);
#2607 = VERTEX_POINT('',#2608);
#2608 = CARTESIAN_POINT('',(83.999892,-80.99991,0.));
#2609 = CIRCLE('',#2610,0.5);
#2610 = AXIS2_PLACEMENT_3D('',#2611,#2612,#2613);
#2611 = CARTESIAN_POINT('',(83.499892,-80.99991,0.));
#2612 = DIRECTION('',(0.,0.,1.));
#2613 = DIRECTION('',(1.,0.,-0.));
#2614 = FACE_BOUND('',#2615,.F.);
#2615 = EDGE_LOOP('',(#2616));
#2616 = ORIENTED_EDGE('',*,*,#2617,.F.);
#2617 = EDGE_CURVE('',#2618,#2618,#2620,.T.);
#2618 = VERTEX_POINT('',#2619);
#2619 = CARTESIAN_POINT('',(71.999892,-77.99991,0.));
#2620 = CIRCLE('',#2621,0.5);
#2621 = AXIS2_PLACEMENT_3D('',#2622,#2623,#2624);
#2622 = CARTESIAN_POINT('',(71.499892,-77.99991,0.));
#2623 = DIRECTION('',(0.,0.,1.));
#2624 = DIRECTION('',(1.,0.,-0.));
#2625 = FACE_BOUND('',#2626,.F.);
#2626 = EDGE_LOOP('',(#2627));
#2627 = ORIENTED_EDGE('',*,*,#2628,.F.);
#2628 = EDGE_CURVE('',#2629,#2629,#2631,.T.);
#2629 = VERTEX_POINT('',#2630);
#2630 = CARTESIAN_POINT('',(71.999892,-74.99991,0.));
#2631 = CIRCLE('',#2632,0.5);
#2632 = AXIS2_PLACEMENT_3D('',#2633,#2634,#2635);
#2633 = CARTESIAN_POINT('',(71.499892,-74.99991,0.));
#2634 = DIRECTION('',(0.,0.,1.));
#2635 = DIRECTION('',(1.,0.,-0.));
#2636 = FACE_BOUND('',#2637,.F.);
#2637 = EDGE_LOOP('',(#2638));
#2638 = ORIENTED_EDGE('',*,*,#2639,.F.);
#2639 = EDGE_CURVE('',#2640,#2640,#2642,.T.);
#2640 = VERTEX_POINT('',#2641);
#2641 = CARTESIAN_POINT('',(83.999892,-77.99991,0.));
#2642 = CIRCLE('',#2643,0.5);
#2643 = AXIS2_PLACEMENT_3D('',#2644,#2645,#2646);
#2644 = CARTESIAN_POINT('',(83.499892,-77.99991,0.));
#2645 = DIRECTION('',(0.,0.,1.));
#2646 = DIRECTION('',(1.,0.,-0.));
#2647 = FACE_BOUND('',#2648,.F.);
#2648 = EDGE_LOOP('',(#2649));
#2649 = ORIENTED_EDGE('',*,*,#2650,.F.);
#2650 = EDGE_CURVE('',#2651,#2651,#2653,.T.);
#2651 = VERTEX_POINT('',#2652);
#2652 = CARTESIAN_POINT('',(83.999892,-74.99991,0.));
#2653 = CIRCLE('',#2654,0.5);
#2654 = AXIS2_PLACEMENT_3D('',#2655,#2656,#2657);
#2655 = CARTESIAN_POINT('',(83.499892,-74.99991,0.));
#2656 = DIRECTION('',(0.,0.,1.));
#2657 = DIRECTION('',(1.,0.,-0.));
#2658 = FACE_BOUND('',#2659,.F.);
#2659 = EDGE_LOOP('',(#2660,#2671,#2679,#2688,#2696,#2705,#2713,#2722));
#2660 = ORIENTED_EDGE('',*,*,#2661,.F.);
#2661 = EDGE_CURVE('',#2662,#2664,#2666,.T.);
#2662 = VERTEX_POINT('',#2663);
#2663 = CARTESIAN_POINT('',(77.999892,-62.99991,0.));
#2664 = VERTEX_POINT('',#2665);
#2665 = CARTESIAN_POINT('',(75.999892,-64.99991,0.));
#2666 = CIRCLE('',#2667,1.99999850585);
#2667 = AXIS2_PLACEMENT_3D('',#2668,#2669,#2670);
#2668 = CARTESIAN_POINT('',(77.99989050585,-64.99990850585,0.));
#2669 = DIRECTION('',(0.,0.,1.));
#2670 = DIRECTION('',(7.470757420593E-07,1.,-0.));
#2671 = ORIENTED_EDGE('',*,*,#2672,.F.);
#2672 = EDGE_CURVE('',#2673,#2662,#2675,.T.);
#2673 = VERTEX_POINT('',#2674);
#2674 = CARTESIAN_POINT('',(78.999892,-62.99991,0.));
#2675 = LINE('',#2676,#2677);
#2676 = CARTESIAN_POINT('',(78.999892,-62.99991,0.));
#2677 = VECTOR('',#2678,1.);
#2678 = DIRECTION('',(-1.,0.,0.));
#2679 = ORIENTED_EDGE('',*,*,#2680,.F.);
#2680 = EDGE_CURVE('',#2681,#2673,#2683,.T.);
#2681 = VERTEX_POINT('',#2682);
#2682 = CARTESIAN_POINT('',(80.999892,-64.99991,0.));
#2683 = CIRCLE('',#2684,1.99999850585);
#2684 = AXIS2_PLACEMENT_3D('',#2685,#2686,#2687);
#2685 = CARTESIAN_POINT('',(78.99989349415,-64.99990850585,0.));
#2686 = DIRECTION('',(0.,0.,1.));
#2687 = DIRECTION('',(1.,-7.470757491648E-07,0.));
#2688 = ORIENTED_EDGE('',*,*,#2689,.F.);
#2689 = EDGE_CURVE('',#2690,#2681,#2692,.T.);
#2690 = VERTEX_POINT('',#2691);
#2691 = CARTESIAN_POINT('',(80.999892,-66.99991,0.));
#2692 = LINE('',#2693,#2694);
#2693 = CARTESIAN_POINT('',(80.999892,-66.99991,0.));
#2694 = VECTOR('',#2695,1.);
#2695 = DIRECTION('',(0.,1.,0.));
#2696 = ORIENTED_EDGE('',*,*,#2697,.F.);
#2697 = EDGE_CURVE('',#2698,#2690,#2700,.T.);
#2698 = VERTEX_POINT('',#2699);
#2699 = CARTESIAN_POINT('',(78.999892,-68.99991,0.));
#2700 = CIRCLE('',#2701,1.99999850585);
#2701 = AXIS2_PLACEMENT_3D('',#2702,#2703,#2704);
#2702 = CARTESIAN_POINT('',(78.99989349415,-66.99991149415,0.));
#2703 = DIRECTION('',(0.,0.,1.));
#2704 = DIRECTION('',(-7.470757420593E-07,-1.,0.));
#2705 = ORIENTED_EDGE('',*,*,#2706,.F.);
#2706 = EDGE_CURVE('',#2707,#2698,#2709,.T.);
#2707 = VERTEX_POINT('',#2708);
#2708 = CARTESIAN_POINT('',(77.999892,-68.99991,0.));
#2709 = LINE('',#2710,#2711);
#2710 = CARTESIAN_POINT('',(77.999892,-68.99991,0.));
#2711 = VECTOR('',#2712,1.);
#2712 = DIRECTION('',(1.,0.,0.));
#2713 = ORIENTED_EDGE('',*,*,#2714,.F.);
#2714 = EDGE_CURVE('',#2715,#2707,#2717,.T.);
#2715 = VERTEX_POINT('',#2716);
#2716 = CARTESIAN_POINT('',(75.999892,-66.99991,0.));
#2717 = CIRCLE('',#2718,1.99999850585);
#2718 = AXIS2_PLACEMENT_3D('',#2719,#2720,#2721);
#2719 = CARTESIAN_POINT('',(77.99989050585,-66.99991149415,0.));
#2720 = DIRECTION('',(0.,0.,1.));
#2721 = DIRECTION('',(-1.,7.470757491648E-07,0.));
#2722 = ORIENTED_EDGE('',*,*,#2723,.F.);
#2723 = EDGE_CURVE('',#2664,#2715,#2724,.T.);
#2724 = LINE('',#2725,#2726);
#2725 = CARTESIAN_POINT('',(75.999892,-64.99991,0.));
#2726 = VECTOR('',#2727,1.);
#2727 = DIRECTION('',(0.,-1.,0.));
#2728 = FACE_BOUND('',#2729,.F.);
#2729 = EDGE_LOOP('',(#2730));
#2730 = ORIENTED_EDGE('',*,*,#2731,.F.);
#2731 = EDGE_CURVE('',#2732,#2732,#2734,.T.);
#2732 = VERTEX_POINT('',#2733);
#2733 = CARTESIAN_POINT('',(82.499892,-70.49991,0.));
#2734 = CIRCLE('',#2735,0.5);
#2735 = AXIS2_PLACEMENT_3D('',#2736,#2737,#2738);
#2736 = CARTESIAN_POINT('',(81.999892,-70.49991,0.));
#2737 = DIRECTION('',(0.,0.,1.));
#2738 = DIRECTION('',(1.,0.,-0.));
#2739 = FACE_BOUND('',#2740,.F.);
#2740 = EDGE_LOOP('',(#2741));
#2741 = ORIENTED_EDGE('',*,*,#2742,.F.);
#2742 = EDGE_CURVE('',#2743,#2743,#2745,.T.);
#2743 = VERTEX_POINT('',#2744);
#2744 = CARTESIAN_POINT('',(85.499892,-70.49991,0.));
#2745 = CIRCLE('',#2746,0.5);
#2746 = AXIS2_PLACEMENT_3D('',#2747,#2748,#2749);
#2747 = CARTESIAN_POINT('',(84.999892,-70.49991,0.));
#2748 = DIRECTION('',(0.,0.,1.));
#2749 = DIRECTION('',(1.,0.,-0.));
#2750 = FACE_BOUND('',#2751,.F.);
#2751 = EDGE_LOOP('',(#2752));
#2752 = ORIENTED_EDGE('',*,*,#2753,.F.);
#2753 = EDGE_CURVE('',#2754,#2754,#2756,.T.);
#2754 = VERTEX_POINT('',#2755);
#2755 = CARTESIAN_POINT('',(83.999892,-68.99991,0.));
#2756 = CIRCLE('',#2757,0.5);
#2757 = AXIS2_PLACEMENT_3D('',#2758,#2759,#2760);
#2758 = CARTESIAN_POINT('',(83.499892,-68.99991,0.));
#2759 = DIRECTION('',(0.,0.,1.));
#2760 = DIRECTION('',(1.,0.,-0.));
#2761 = FACE_BOUND('',#2762,.F.);
#2762 = EDGE_LOOP('',(#2763));
#2763 = ORIENTED_EDGE('',*,*,#2764,.F.);
#2764 = EDGE_CURVE('',#2765,#2765,#2767,.T.);
#2765 = VERTEX_POINT('',#2766);
#2766 = CARTESIAN_POINT('',(83.999892,-65.99991,0.));
#2767 = CIRCLE('',#2768,0.5);
#2768 = AXIS2_PLACEMENT_3D('',#2769,#2770,#2771);
#2769 = CARTESIAN_POINT('',(83.499892,-65.99991,0.));
#2770 = DIRECTION('',(0.,0.,1.));
#2771 = DIRECTION('',(1.,0.,-0.));
#2772 = FACE_BOUND('',#2773,.F.);
#2773 = EDGE_LOOP('',(#2774));
#2774 = ORIENTED_EDGE('',*,*,#2775,.T.);
#2775 = EDGE_CURVE('',#2776,#2776,#2778,.T.);
#2776 = VERTEX_POINT('',#2777);
#2777 = CARTESIAN_POINT('',(95.499892,-87.59991,0.));
#2778 = CIRCLE('',#2779,0.6);
#2779 = AXIS2_PLACEMENT_3D('',#2780,#2781,#2782);
#2780 = CARTESIAN_POINT('',(95.499892,-86.99991,0.));
#2781 = DIRECTION('',(-0.,0.,-1.));
#2782 = DIRECTION('',(2.368475785867E-14,-1.,-0.));
#2783 = FACE_BOUND('',#2784,.F.);
#2784 = EDGE_LOOP('',(#2785,#2796,#2804,#2813,#2821,#2829,#2837));
#2785 = ORIENTED_EDGE('',*,*,#2786,.F.);
#2786 = EDGE_CURVE('',#2787,#2789,#2791,.T.);
#2787 = VERTEX_POINT('',#2788);
#2788 = CARTESIAN_POINT('',(87.999892,-72.99991,0.));
#2789 = VERTEX_POINT('',#2790);
#2790 = CARTESIAN_POINT('',(85.999892,-74.99991,0.));
#2791 = CIRCLE('',#2792,1.99999850585);
#2792 = AXIS2_PLACEMENT_3D('',#2793,#2794,#2795);
#2793 = CARTESIAN_POINT('',(87.99989050585,-74.99990850585,0.));
#2794 = DIRECTION('',(0.,0.,1.));
#2795 = DIRECTION('',(7.470757420593E-07,1.,-0.));
#2796 = ORIENTED_EDGE('',*,*,#2797,.F.);
#2797 = EDGE_CURVE('',#2798,#2787,#2800,.T.);
#2798 = VERTEX_POINT('',#2799);
#2799 = CARTESIAN_POINT('',(90.999892,-72.99991,0.));
#2800 = LINE('',#2801,#2802);
#2801 = CARTESIAN_POINT('',(90.999892,-72.99991,0.));
#2802 = VECTOR('',#2803,1.);
#2803 = DIRECTION('',(-1.,0.,0.));
#2804 = ORIENTED_EDGE('',*,*,#2805,.F.);
#2805 = EDGE_CURVE('',#2806,#2798,#2808,.T.);
#2806 = VERTEX_POINT('',#2807);
#2807 = CARTESIAN_POINT('',(92.999892,-74.99991,0.));
#2808 = CIRCLE('',#2809,1.99999850585);
#2809 = AXIS2_PLACEMENT_3D('',#2810,#2811,#2812);
#2810 = CARTESIAN_POINT('',(90.99989349415,-74.99990850585,0.));
#2811 = DIRECTION('',(0.,0.,1.));
#2812 = DIRECTION('',(1.,-7.470757491648E-07,0.));
#2813 = ORIENTED_EDGE('',*,*,#2814,.F.);
#2814 = EDGE_CURVE('',#2815,#2806,#2817,.T.);
#2815 = VERTEX_POINT('',#2816);
#2816 = CARTESIAN_POINT('',(92.999892,-85.99991,0.));
#2817 = LINE('',#2818,#2819);
#2818 = CARTESIAN_POINT('',(92.999892,-85.99991,0.));
#2819 = VECTOR('',#2820,1.);
#2820 = DIRECTION('',(0.,1.,0.));
#2821 = ORIENTED_EDGE('',*,*,#2822,.F.);
#2822 = EDGE_CURVE('',#2823,#2815,#2825,.T.);
#2823 = VERTEX_POINT('',#2824);
#2824 = CARTESIAN_POINT('',(85.999892,-85.99991,0.));
#2825 = LINE('',#2826,#2827);
#2826 = CARTESIAN_POINT('',(85.999892,-85.99991,0.));
#2827 = VECTOR('',#2828,1.);
#2828 = DIRECTION('',(1.,0.,0.));
#2829 = ORIENTED_EDGE('',*,*,#2830,.F.);
#2830 = EDGE_CURVE('',#2831,#2823,#2833,.T.);
#2831 = VERTEX_POINT('',#2832);
#2832 = CARTESIAN_POINT('',(85.999892,-84.99991,0.));
#2833 = LINE('',#2834,#2835);
#2834 = CARTESIAN_POINT('',(85.999892,-84.99991,0.));
#2835 = VECTOR('',#2836,1.);
#2836 = DIRECTION('',(0.,-1.,0.));
#2837 = ORIENTED_EDGE('',*,*,#2838,.F.);
#2838 = EDGE_CURVE('',#2789,#2831,#2839,.T.);
#2839 = LINE('',#2840,#2841);
#2840 = CARTESIAN_POINT('',(85.999892,-74.99991,0.));
#2841 = VECTOR('',#2842,1.);
#2842 = DIRECTION('',(0.,-1.,0.));
#2843 = FACE_BOUND('',#2844,.F.);
#2844 = EDGE_LOOP('',(#2845));
#2845 = ORIENTED_EDGE('',*,*,#2846,.F.);
#2846 = EDGE_CURVE('',#2847,#2847,#2849,.T.);
#2847 = VERTEX_POINT('',#2848);
#2848 = CARTESIAN_POINT('',(95.999892,-83.99991,0.));
#2849 = CIRCLE('',#2850,0.5);
#2850 = AXIS2_PLACEMENT_3D('',#2851,#2852,#2853);
#2851 = CARTESIAN_POINT('',(95.499892,-83.99991,0.));
#2852 = DIRECTION('',(0.,0.,1.));
#2853 = DIRECTION('',(1.,0.,-0.));
#2854 = FACE_BOUND('',#2855,.F.);
#2855 = EDGE_LOOP('',(#2856));
#2856 = ORIENTED_EDGE('',*,*,#2857,.F.);
#2857 = EDGE_CURVE('',#2858,#2858,#2860,.T.);
#2858 = VERTEX_POINT('',#2859);
#2859 = CARTESIAN_POINT('',(95.999892,-80.99991,0.));
#2860 = CIRCLE('',#2861,0.5);
#2861 = AXIS2_PLACEMENT_3D('',#2862,#2863,#2864);
#2862 = CARTESIAN_POINT('',(95.499892,-80.99991,0.));
#2863 = DIRECTION('',(0.,0.,1.));
#2864 = DIRECTION('',(1.,0.,-0.));
#2865 = FACE_BOUND('',#2866,.F.);
#2866 = EDGE_LOOP('',(#2867));
#2867 = ORIENTED_EDGE('',*,*,#2868,.T.);
#2868 = EDGE_CURVE('',#2869,#2869,#2871,.T.);
#2869 = VERTEX_POINT('',#2870);
#2870 = CARTESIAN_POINT('',(107.499892,-87.59991,0.));
#2871 = CIRCLE('',#2872,0.6);
#2872 = AXIS2_PLACEMENT_3D('',#2873,#2874,#2875);
#2873 = CARTESIAN_POINT('',(107.499892,-86.99991,0.));
#2874 = DIRECTION('',(-0.,0.,-1.));
#2875 = DIRECTION('',(2.368475785867E-14,-1.,-0.));
#2876 = FACE_BOUND('',#2877,.F.);
#2877 = EDGE_LOOP('',(#2878,#2889,#2897,#2906,#2914,#2922,#2930));
#2878 = ORIENTED_EDGE('',*,*,#2879,.F.);
#2879 = EDGE_CURVE('',#2880,#2882,#2884,.T.);
#2880 = VERTEX_POINT('',#2881);
#2881 = CARTESIAN_POINT('',(99.999892,-72.99991,0.));
#2882 = VERTEX_POINT('',#2883);
#2883 = CARTESIAN_POINT('',(97.999892,-74.99991,0.));
#2884 = CIRCLE('',#2885,1.99999850585);
#2885 = AXIS2_PLACEMENT_3D('',#2886,#2887,#2888);
#2886 = CARTESIAN_POINT('',(99.99989050585,-74.99990850585,0.));
#2887 = DIRECTION('',(0.,0.,1.));
#2888 = DIRECTION('',(7.470757420593E-07,1.,-0.));
#2889 = ORIENTED_EDGE('',*,*,#2890,.F.);
#2890 = EDGE_CURVE('',#2891,#2880,#2893,.T.);
#2891 = VERTEX_POINT('',#2892);
#2892 = CARTESIAN_POINT('',(102.999892,-72.99991,0.));
#2893 = LINE('',#2894,#2895);
#2894 = CARTESIAN_POINT('',(102.999892,-72.99991,0.));
#2895 = VECTOR('',#2896,1.);
#2896 = DIRECTION('',(-1.,0.,0.));
#2897 = ORIENTED_EDGE('',*,*,#2898,.F.);
#2898 = EDGE_CURVE('',#2899,#2891,#2901,.T.);
#2899 = VERTEX_POINT('',#2900);
#2900 = CARTESIAN_POINT('',(104.999892,-74.99991,0.));
#2901 = CIRCLE('',#2902,1.99999850585);
#2902 = AXIS2_PLACEMENT_3D('',#2903,#2904,#2905);
#2903 = CARTESIAN_POINT('',(102.99989349415,-74.99990850585,0.));
#2904 = DIRECTION('',(0.,0.,1.));
#2905 = DIRECTION('',(1.,-7.470757491648E-07,0.));
#2906 = ORIENTED_EDGE('',*,*,#2907,.F.);
#2907 = EDGE_CURVE('',#2908,#2899,#2910,.T.);
#2908 = VERTEX_POINT('',#2909);
#2909 = CARTESIAN_POINT('',(104.999892,-85.99991,0.));
#2910 = LINE('',#2911,#2912);
#2911 = CARTESIAN_POINT('',(104.999892,-85.99991,0.));
#2912 = VECTOR('',#2913,1.);
#2913 = DIRECTION('',(0.,1.,0.));
#2914 = ORIENTED_EDGE('',*,*,#2915,.F.);
#2915 = EDGE_CURVE('',#2916,#2908,#2918,.T.);
#2916 = VERTEX_POINT('',#2917);
#2917 = CARTESIAN_POINT('',(97.999892,-85.99991,0.));
#2918 = LINE('',#2919,#2920);
#2919 = CARTESIAN_POINT('',(97.999892,-85.99991,0.));
#2920 = VECTOR('',#2921,1.);
#2921 = DIRECTION('',(1.,0.,0.));
#2922 = ORIENTED_EDGE('',*,*,#2923,.F.);
#2923 = EDGE_CURVE('',#2924,#2916,#2926,.T.);
#2924 = VERTEX_POINT('',#2925);
#2925 = CARTESIAN_POINT('',(97.999892,-84.99991,0.));
#2926 = LINE('',#2927,#2928);
#2927 = CARTESIAN_POINT('',(97.999892,-84.99991,0.));
#2928 = VECTOR('',#2929,1.);
#2929 = DIRECTION('',(0.,-1.,0.));
#2930 = ORIENTED_EDGE('',*,*,#2931,.F.);
#2931 = EDGE_CURVE('',#2882,#2924,#2932,.T.);
#2932 = LINE('',#2933,#2934);
#2933 = CARTESIAN_POINT('',(97.999892,-74.99991,0.));
#2934 = VECTOR('',#2935,1.);
#2935 = DIRECTION('',(0.,-1.,0.));
#2936 = FACE_BOUND('',#2937,.F.);
#2937 = EDGE_LOOP('',(#2938));
#2938 = ORIENTED_EDGE('',*,*,#2939,.F.);
#2939 = EDGE_CURVE('',#2940,#2940,#2942,.T.);
#2940 = VERTEX_POINT('',#2941);
#2941 = CARTESIAN_POINT('',(107.999892,-83.99991,0.));
#2942 = CIRCLE('',#2943,0.5);
#2943 = AXIS2_PLACEMENT_3D('',#2944,#2945,#2946);
#2944 = CARTESIAN_POINT('',(107.499892,-83.99991,0.));
#2945 = DIRECTION('',(0.,0.,1.));
#2946 = DIRECTION('',(1.,0.,-0.));
#2947 = FACE_BOUND('',#2948,.F.);
#2948 = EDGE_LOOP('',(#2949));
#2949 = ORIENTED_EDGE('',*,*,#2950,.F.);
#2950 = EDGE_CURVE('',#2951,#2951,#2953,.T.);
#2951 = VERTEX_POINT('',#2952);
#2952 = CARTESIAN_POINT('',(107.999892,-80.99991,0.));
#2953 = CIRCLE('',#2954,0.5);
#2954 = AXIS2_PLACEMENT_3D('',#2955,#2956,#2957);
#2955 = CARTESIAN_POINT('',(107.499892,-80.99991,0.));
#2956 = DIRECTION('',(0.,0.,1.));
#2957 = DIRECTION('',(1.,0.,-0.));
#2958 = FACE_BOUND('',#2959,.F.);
#2959 = EDGE_LOOP('',(#2960));
#2960 = ORIENTED_EDGE('',*,*,#2961,.F.);
#2961 = EDGE_CURVE('',#2962,#2962,#2964,.T.);
#2962 = VERTEX_POINT('',#2963);
#2963 = CARTESIAN_POINT('',(95.999892,-77.99991,0.));
#2964 = CIRCLE('',#2965,0.5);
#2965 = AXIS2_PLACEMENT_3D('',#2966,#2967,#2968);
#2966 = CARTESIAN_POINT('',(95.499892,-77.99991,0.));
#2967 = DIRECTION('',(0.,0.,1.));
#2968 = DIRECTION('',(1.,0.,-0.));
#2969 = FACE_BOUND('',#2970,.F.);
#2970 = EDGE_LOOP('',(#2971));
#2971 = ORIENTED_EDGE('',*,*,#2972,.F.);
#2972 = EDGE_CURVE('',#2973,#2973,#2975,.T.);
#2973 = VERTEX_POINT('',#2974);
#2974 = CARTESIAN_POINT('',(95.999892,-74.99991,0.));
#2975 = CIRCLE('',#2976,0.5);
#2976 = AXIS2_PLACEMENT_3D('',#2977,#2978,#2979);
#2977 = CARTESIAN_POINT('',(95.499892,-74.99991,0.));
#2978 = DIRECTION('',(0.,0.,1.));
#2979 = DIRECTION('',(1.,0.,-0.));
#2980 = FACE_BOUND('',#2981,.F.);
#2981 = EDGE_LOOP('',(#2982,#2993,#3001,#3010,#3018,#3027,#3035,#3044));
#2982 = ORIENTED_EDGE('',*,*,#2983,.F.);
#2983 = EDGE_CURVE('',#2984,#2986,#2988,.T.);
#2984 = VERTEX_POINT('',#2985);
#2985 = CARTESIAN_POINT('',(87.999892,-62.99991,0.));
#2986 = VERTEX_POINT('',#2987);
#2987 = CARTESIAN_POINT('',(85.999892,-64.99991,0.));
#2988 = CIRCLE('',#2989,1.99999850585);
#2989 = AXIS2_PLACEMENT_3D('',#2990,#2991,#2992);
#2990 = CARTESIAN_POINT('',(87.99989050585,-64.99990850585,0.));
#2991 = DIRECTION('',(0.,0.,1.));
#2992 = DIRECTION('',(7.470757420593E-07,1.,-0.));
#2993 = ORIENTED_EDGE('',*,*,#2994,.F.);
#2994 = EDGE_CURVE('',#2995,#2984,#2997,.T.);
#2995 = VERTEX_POINT('',#2996);
#2996 = CARTESIAN_POINT('',(90.999892,-62.99991,0.));
#2997 = LINE('',#2998,#2999);
#2998 = CARTESIAN_POINT('',(90.999892,-62.99991,0.));
#2999 = VECTOR('',#3000,1.);
#3000 = DIRECTION('',(-1.,0.,0.));
#3001 = ORIENTED_EDGE('',*,*,#3002,.F.);
#3002 = EDGE_CURVE('',#3003,#2995,#3005,.T.);
#3003 = VERTEX_POINT('',#3004);
#3004 = CARTESIAN_POINT('',(92.999892,-64.99991,0.));
#3005 = CIRCLE('',#3006,1.99999850585);
#3006 = AXIS2_PLACEMENT_3D('',#3007,#3008,#3009);
#3007 = CARTESIAN_POINT('',(90.99989349415,-64.99990850585,0.));
#3008 = DIRECTION('',(0.,0.,1.));
#3009 = DIRECTION('',(1.,-7.470757491648E-07,0.));
#3010 = ORIENTED_EDGE('',*,*,#3011,.F.);
#3011 = EDGE_CURVE('',#3012,#3003,#3014,.T.);
#3012 = VERTEX_POINT('',#3013);
#3013 = CARTESIAN_POINT('',(92.999892,-66.99991,0.));
#3014 = LINE('',#3015,#3016);
#3015 = CARTESIAN_POINT('',(92.999892,-66.99991,0.));
#3016 = VECTOR('',#3017,1.);
#3017 = DIRECTION('',(0.,1.,0.));
#3018 = ORIENTED_EDGE('',*,*,#3019,.F.);
#3019 = EDGE_CURVE('',#3020,#3012,#3022,.T.);
#3020 = VERTEX_POINT('',#3021);
#3021 = CARTESIAN_POINT('',(90.999892,-68.99991,0.));
#3022 = CIRCLE('',#3023,1.99999850585);
#3023 = AXIS2_PLACEMENT_3D('',#3024,#3025,#3026);
#3024 = CARTESIAN_POINT('',(90.99989349415,-66.99991149415,0.));
#3025 = DIRECTION('',(0.,0.,1.));
#3026 = DIRECTION('',(-7.470757420593E-07,-1.,0.));
#3027 = ORIENTED_EDGE('',*,*,#3028,.F.);
#3028 = EDGE_CURVE('',#3029,#3020,#3031,.T.);
#3029 = VERTEX_POINT('',#3030);
#3030 = CARTESIAN_POINT('',(87.999892,-68.99991,0.));
#3031 = LINE('',#3032,#3033);
#3032 = CARTESIAN_POINT('',(87.999892,-68.99991,0.));
#3033 = VECTOR('',#3034,1.);
#3034 = DIRECTION('',(1.,0.,0.));
#3035 = ORIENTED_EDGE('',*,*,#3036,.F.);
#3036 = EDGE_CURVE('',#3037,#3029,#3039,.T.);
#3037 = VERTEX_POINT('',#3038);
#3038 = CARTESIAN_POINT('',(85.999892,-66.99991,0.));
#3039 = CIRCLE('',#3040,1.99999850585);
#3040 = AXIS2_PLACEMENT_3D('',#3041,#3042,#3043);
#3041 = CARTESIAN_POINT('',(87.99989050585,-66.99991149415,0.));
#3042 = DIRECTION('',(0.,0.,1.));
#3043 = DIRECTION('',(-1.,7.470757491648E-07,0.));
#3044 = ORIENTED_EDGE('',*,*,#3045,.F.);
#3045 = EDGE_CURVE('',#2986,#3037,#3046,.T.);
#3046 = LINE('',#3047,#3048);
#3047 = CARTESIAN_POINT('',(85.999892,-64.99991,0.));
#3048 = VECTOR('',#3049,1.);
#3049 = DIRECTION('',(0.,-1.,0.));
#3050 = FACE_BOUND('',#3051,.F.);
#3051 = EDGE_LOOP('',(#3052));
#3052 = ORIENTED_EDGE('',*,*,#3053,.F.);
#3053 = EDGE_CURVE('',#3054,#3054,#3056,.T.);
#3054 = VERTEX_POINT('',#3055);
#3055 = CARTESIAN_POINT('',(94.499892,-70.49991,0.));
#3056 = CIRCLE('',#3057,0.5);
#3057 = AXIS2_PLACEMENT_3D('',#3058,#3059,#3060);
#3058 = CARTESIAN_POINT('',(93.999892,-70.49991,0.));
#3059 = DIRECTION('',(0.,0.,1.));
#3060 = DIRECTION('',(1.,0.,-0.));
#3061 = FACE_BOUND('',#3062,.F.);
#3062 = EDGE_LOOP('',(#3063));
#3063 = ORIENTED_EDGE('',*,*,#3064,.F.);
#3064 = EDGE_CURVE('',#3065,#3065,#3067,.T.);
#3065 = VERTEX_POINT('',#3066);
#3066 = CARTESIAN_POINT('',(97.499892,-70.49991,0.));
#3067 = CIRCLE('',#3068,0.5);
#3068 = AXIS2_PLACEMENT_3D('',#3069,#3070,#3071);
#3069 = CARTESIAN_POINT('',(96.999892,-70.49991,0.));
#3070 = DIRECTION('',(0.,0.,1.));
#3071 = DIRECTION('',(1.,0.,-0.));
#3072 = FACE_BOUND('',#3073,.F.);
#3073 = EDGE_LOOP('',(#3074));
#3074 = ORIENTED_EDGE('',*,*,#3075,.F.);
#3075 = EDGE_CURVE('',#3076,#3076,#3078,.T.);
#3076 = VERTEX_POINT('',#3077);
#3077 = CARTESIAN_POINT('',(95.999892,-68.99991,0.));
#3078 = CIRCLE('',#3079,0.5);
#3079 = AXIS2_PLACEMENT_3D('',#3080,#3081,#3082);
#3080 = CARTESIAN_POINT('',(95.499892,-68.99991,0.));
#3081 = DIRECTION('',(0.,0.,1.));
#3082 = DIRECTION('',(1.,0.,-0.));
#3083 = FACE_BOUND('',#3084,.F.);
#3084 = EDGE_LOOP('',(#3085));
#3085 = ORIENTED_EDGE('',*,*,#3086,.F.);
#3086 = EDGE_CURVE('',#3087,#3087,#3089,.T.);
#3087 = VERTEX_POINT('',#3088);
#3088 = CARTESIAN_POINT('',(95.999892,-65.99991,0.));
#3089 = CIRCLE('',#3090,0.5);
#3090 = AXIS2_PLACEMENT_3D('',#3091,#3092,#3093);
#3091 = CARTESIAN_POINT('',(95.499892,-65.99991,0.));
#3092 = DIRECTION('',(0.,0.,1.));
#3093 = DIRECTION('',(1.,0.,-0.));
#3094 = FACE_BOUND('',#3095,.F.);
#3095 = EDGE_LOOP('',(#3096));
#3096 = ORIENTED_EDGE('',*,*,#3097,.F.);
#3097 = EDGE_CURVE('',#3098,#3098,#3100,.T.);
#3098 = VERTEX_POINT('',#3099);
#3099 = CARTESIAN_POINT('',(107.999892,-77.99991,0.));
#3100 = CIRCLE('',#3101,0.5);
#3101 = AXIS2_PLACEMENT_3D('',#3102,#3103,#3104);
#3102 = CARTESIAN_POINT('',(107.499892,-77.99991,0.));
#3103 = DIRECTION('',(0.,0.,1.));
#3104 = DIRECTION('',(1.,0.,-0.));
#3105 = FACE_BOUND('',#3106,.F.);
#3106 = EDGE_LOOP('',(#3107));
#3107 = ORIENTED_EDGE('',*,*,#3108,.F.);
#3108 = EDGE_CURVE('',#3109,#3109,#3111,.T.);
#3109 = VERTEX_POINT('',#3110);
#3110 = CARTESIAN_POINT('',(107.999892,-74.99991,0.));
#3111 = CIRCLE('',#3112,0.5);
#3112 = AXIS2_PLACEMENT_3D('',#3113,#3114,#3115);
#3113 = CARTESIAN_POINT('',(107.499892,-74.99991,0.));
#3114 = DIRECTION('',(0.,0.,1.));
#3115 = DIRECTION('',(1.,0.,-0.));
#3116 = FACE_BOUND('',#3117,.F.);
#3117 = EDGE_LOOP('',(#3118,#3129,#3137,#3146,#3154,#3163,#3171,#3180));
#3118 = ORIENTED_EDGE('',*,*,#3119,.F.);
#3119 = EDGE_CURVE('',#3120,#3122,#3124,.T.);
#3120 = VERTEX_POINT('',#3121);
#3121 = CARTESIAN_POINT('',(99.999892,-62.99991,0.));
#3122 = VERTEX_POINT('',#3123);
#3123 = CARTESIAN_POINT('',(97.999892,-64.99991,0.));
#3124 = CIRCLE('',#3125,1.99999850585);
#3125 = AXIS2_PLACEMENT_3D('',#3126,#3127,#3128);
#3126 = CARTESIAN_POINT('',(99.99989050585,-64.99990850585,0.));
#3127 = DIRECTION('',(0.,0.,1.));
#3128 = DIRECTION('',(7.470757420593E-07,1.,-0.));
#3129 = ORIENTED_EDGE('',*,*,#3130,.F.);
#3130 = EDGE_CURVE('',#3131,#3120,#3133,.T.);
#3131 = VERTEX_POINT('',#3132);
#3132 = CARTESIAN_POINT('',(102.999892,-62.99991,0.));
#3133 = LINE('',#3134,#3135);
#3134 = CARTESIAN_POINT('',(102.999892,-62.99991,0.));
#3135 = VECTOR('',#3136,1.);
#3136 = DIRECTION('',(-1.,0.,0.));
#3137 = ORIENTED_EDGE('',*,*,#3138,.F.);
#3138 = EDGE_CURVE('',#3139,#3131,#3141,.T.);
#3139 = VERTEX_POINT('',#3140);
#3140 = CARTESIAN_POINT('',(104.999892,-64.99991,0.));
#3141 = CIRCLE('',#3142,1.99999850585);
#3142 = AXIS2_PLACEMENT_3D('',#3143,#3144,#3145);
#3143 = CARTESIAN_POINT('',(102.99989349415,-64.99990850585,0.));
#3144 = DIRECTION('',(0.,0.,1.));
#3145 = DIRECTION('',(1.,-7.470757491648E-07,0.));
#3146 = ORIENTED_EDGE('',*,*,#3147,.F.);
#3147 = EDGE_CURVE('',#3148,#3139,#3150,.T.);
#3148 = VERTEX_POINT('',#3149);
#3149 = CARTESIAN_POINT('',(104.999892,-66.99991,0.));
#3150 = LINE('',#3151,#3152);
#3151 = CARTESIAN_POINT('',(104.999892,-66.99991,0.));
#3152 = VECTOR('',#3153,1.);
#3153 = DIRECTION('',(0.,1.,0.));
#3154 = ORIENTED_EDGE('',*,*,#3155,.F.);
#3155 = EDGE_CURVE('',#3156,#3148,#3158,.T.);
#3156 = VERTEX_POINT('',#3157);
#3157 = CARTESIAN_POINT('',(102.999892,-68.99991,0.));
#3158 = CIRCLE('',#3159,1.99999850585);
#3159 = AXIS2_PLACEMENT_3D('',#3160,#3161,#3162);
#3160 = CARTESIAN_POINT('',(102.99989349415,-66.99991149415,0.));
#3161 = DIRECTION('',(0.,0.,1.));
#3162 = DIRECTION('',(-7.470757420593E-07,-1.,0.));
#3163 = ORIENTED_EDGE('',*,*,#3164,.F.);
#3164 = EDGE_CURVE('',#3165,#3156,#3167,.T.);
#3165 = VERTEX_POINT('',#3166);
#3166 = CARTESIAN_POINT('',(99.999892,-68.99991,0.));
#3167 = LINE('',#3168,#3169);
#3168 = CARTESIAN_POINT('',(99.999892,-68.99991,0.));
#3169 = VECTOR('',#3170,1.);
#3170 = DIRECTION('',(1.,0.,0.));
#3171 = ORIENTED_EDGE('',*,*,#3172,.F.);
#3172 = EDGE_CURVE('',#3173,#3165,#3175,.T.);
#3173 = VERTEX_POINT('',#3174);
#3174 = CARTESIAN_POINT('',(97.999892,-66.99991,0.));
#3175 = CIRCLE('',#3176,1.99999850585);
#3176 = AXIS2_PLACEMENT_3D('',#3177,#3178,#3179);
#3177 = CARTESIAN_POINT('',(99.99989050585,-66.99991149415,0.));
#3178 = DIRECTION('',(0.,0.,1.));
#3179 = DIRECTION('',(-1.,7.470757491648E-07,0.));
#3180 = ORIENTED_EDGE('',*,*,#3181,.F.);
#3181 = EDGE_CURVE('',#3122,#3173,#3182,.T.);
#3182 = LINE('',#3183,#3184);
#3183 = CARTESIAN_POINT('',(97.999892,-64.99991,0.));
#3184 = VECTOR('',#3185,1.);
#3185 = DIRECTION('',(0.,-1.,0.));
#3186 = FACE_BOUND('',#3187,.F.);
#3187 = EDGE_LOOP('',(#3188));
#3188 = ORIENTED_EDGE('',*,*,#3189,.F.);
#3189 = EDGE_CURVE('',#3190,#3190,#3192,.T.);
#3190 = VERTEX_POINT('',#3191);
#3191 = CARTESIAN_POINT('',(106.499892,-70.49991,0.));
#3192 = CIRCLE('',#3193,0.5);
#3193 = AXIS2_PLACEMENT_3D('',#3194,#3195,#3196);
#3194 = CARTESIAN_POINT('',(105.999892,-70.49991,0.));
#3195 = DIRECTION('',(0.,0.,1.));
#3196 = DIRECTION('',(1.,0.,-0.));
#3197 = FACE_BOUND('',#3198,.F.);
#3198 = EDGE_LOOP('',(#3199));
#3199 = ORIENTED_EDGE('',*,*,#3200,.F.);
#3200 = EDGE_CURVE('',#3201,#3201,#3203,.T.);
#3201 = VERTEX_POINT('',#3202);
#3202 = CARTESIAN_POINT('',(109.499892,-70.49991,0.));
#3203 = CIRCLE('',#3204,0.5);
#3204 = AXIS2_PLACEMENT_3D('',#3205,#3206,#3207);
#3205 = CARTESIAN_POINT('',(108.999892,-70.49991,0.));
#3206 = DIRECTION('',(0.,0.,1.));
#3207 = DIRECTION('',(1.,0.,-0.));
#3208 = FACE_BOUND('',#3209,.F.);
#3209 = EDGE_LOOP('',(#3210));
#3210 = ORIENTED_EDGE('',*,*,#3211,.F.);
#3211 = EDGE_CURVE('',#3212,#3212,#3214,.T.);
#3212 = VERTEX_POINT('',#3213);
#3213 = CARTESIAN_POINT('',(107.999892,-68.99991,0.));
#3214 = CIRCLE('',#3215,0.5);
#3215 = AXIS2_PLACEMENT_3D('',#3216,#3217,#3218);
#3216 = CARTESIAN_POINT('',(107.499892,-68.99991,0.));
#3217 = DIRECTION('',(0.,0.,1.));
#3218 = DIRECTION('',(1.,0.,-0.));
#3219 = FACE_BOUND('',#3220,.F.);
#3220 = EDGE_LOOP('',(#3221));
#3221 = ORIENTED_EDGE('',*,*,#3222,.F.);
#3222 = EDGE_CURVE('',#3223,#3223,#3225,.T.);
#3223 = VERTEX_POINT('',#3224);
#3224 = CARTESIAN_POINT('',(107.999892,-65.99991,0.));
#3225 = CIRCLE('',#3226,0.5);
#3226 = AXIS2_PLACEMENT_3D('',#3227,#3228,#3229);
#3227 = CARTESIAN_POINT('',(107.499892,-65.99991,0.));
#3228 = DIRECTION('',(0.,0.,1.));
#3229 = DIRECTION('',(1.,0.,-0.));
#3230 = FACE_BOUND('',#3231,.F.);
#3231 = EDGE_LOOP('',(#3232));
#3232 = ORIENTED_EDGE('',*,*,#3233,.F.);
#3233 = EDGE_CURVE('',#3234,#3234,#3236,.T.);
#3234 = VERTEX_POINT('',#3235);
#3235 = CARTESIAN_POINT('',(23.999891,-62.99991,0.));
#3236 = CIRCLE('',#3237,0.499999);
#3237 = AXIS2_PLACEMENT_3D('',#3238,#3239,#3240);
#3238 = CARTESIAN_POINT('',(23.499892,-62.99991,0.));
#3239 = DIRECTION('',(0.,0.,1.));
#3240 = DIRECTION('',(1.,0.,-0.));
#3241 = FACE_BOUND('',#3242,.F.);
#3242 = EDGE_LOOP('',(#3243));
#3243 = ORIENTED_EDGE('',*,*,#3244,.F.);
#3244 = EDGE_CURVE('',#3245,#3245,#3247,.T.);
#3245 = VERTEX_POINT('',#3246);
#3246 = CARTESIAN_POINT('',(22.499892,-61.49991,0.));
#3247 = CIRCLE('',#3248,0.5);
#3248 = AXIS2_PLACEMENT_3D('',#3249,#3250,#3251);
#3249 = CARTESIAN_POINT('',(21.999892,-61.49991,0.));
#3250 = DIRECTION('',(0.,0.,1.));
#3251 = DIRECTION('',(1.,0.,-0.));
#3252 = FACE_BOUND('',#3253,.F.);
#3253 = EDGE_LOOP('',(#3254));
#3254 = ORIENTED_EDGE('',*,*,#3255,.F.);
#3255 = EDGE_CURVE('',#3256,#3256,#3258,.T.);
#3256 = VERTEX_POINT('',#3257);
#3257 = CARTESIAN_POINT('',(25.499892,-61.49991,0.));
#3258 = CIRCLE('',#3259,0.5);
#3259 = AXIS2_PLACEMENT_3D('',#3260,#3261,#3262);
#3260 = CARTESIAN_POINT('',(24.999892,-61.49991,0.));
#3261 = DIRECTION('',(0.,0.,1.));
#3262 = DIRECTION('',(1.,0.,-0.));
#3263 = FACE_BOUND('',#3264,.F.);
#3264 = EDGE_LOOP('',(#3265));
#3265 = ORIENTED_EDGE('',*,*,#3266,.F.);
#3266 = EDGE_CURVE('',#3267,#3267,#3269,.T.);
#3267 = VERTEX_POINT('',#3268);
#3268 = CARTESIAN_POINT('',(23.999892,-56.99991,0.));
#3269 = CIRCLE('',#3270,0.5);
#3270 = AXIS2_PLACEMENT_3D('',#3271,#3272,#3273);
#3271 = CARTESIAN_POINT('',(23.499892,-56.99991,0.));
#3272 = DIRECTION('',(0.,0.,1.));
#3273 = DIRECTION('',(1.,0.,-0.));
#3274 = FACE_BOUND('',#3275,.F.);
#3275 = EDGE_LOOP('',(#3276));
#3276 = ORIENTED_EDGE('',*,*,#3277,.F.);
#3277 = EDGE_CURVE('',#3278,#3278,#3280,.T.);
#3278 = VERTEX_POINT('',#3279);
#3279 = CARTESIAN_POINT('',(23.999892,-53.99991,0.));
#3280 = CIRCLE('',#3281,0.5);
#3281 = AXIS2_PLACEMENT_3D('',#3282,#3283,#3284);
#3282 = CARTESIAN_POINT('',(23.499892,-53.99991,0.));
#3283 = DIRECTION('',(0.,0.,1.));
#3284 = DIRECTION('',(1.,0.,-0.));
#3285 = FACE_BOUND('',#3286,.F.);
#3286 = EDGE_LOOP('',(#3287));
#3287 = ORIENTED_EDGE('',*,*,#3288,.F.);
#3288 = EDGE_CURVE('',#3289,#3289,#3291,.T.);
#3289 = VERTEX_POINT('',#3290);
#3290 = CARTESIAN_POINT('',(35.999892,-62.99991,0.));
#3291 = CIRCLE('',#3292,0.5);
#3292 = AXIS2_PLACEMENT_3D('',#3293,#3294,#3295);
#3293 = CARTESIAN_POINT('',(35.499892,-62.99991,0.));
#3294 = DIRECTION('',(0.,0.,1.));
#3295 = DIRECTION('',(1.,0.,-0.));
#3296 = FACE_BOUND('',#3297,.F.);
#3297 = EDGE_LOOP('',(#3298));
#3298 = ORIENTED_EDGE('',*,*,#3299,.F.);
#3299 = EDGE_CURVE('',#3300,#3300,#3302,.T.);
#3300 = VERTEX_POINT('',#3301);
#3301 = CARTESIAN_POINT('',(34.499892,-60.99991,0.));
#3302 = CIRCLE('',#3303,0.5);
#3303 = AXIS2_PLACEMENT_3D('',#3304,#3305,#3306);
#3304 = CARTESIAN_POINT('',(33.999892,-60.99991,0.));
#3305 = DIRECTION('',(0.,0.,1.));
#3306 = DIRECTION('',(1.,0.,-0.));
#3307 = FACE_BOUND('',#3308,.F.);
#3308 = EDGE_LOOP('',(#3309));
#3309 = ORIENTED_EDGE('',*,*,#3310,.F.);
#3310 = EDGE_CURVE('',#3311,#3311,#3313,.T.);
#3311 = VERTEX_POINT('',#3312);
#3312 = CARTESIAN_POINT('',(37.499892,-60.99991,0.));
#3313 = CIRCLE('',#3314,0.5);
#3314 = AXIS2_PLACEMENT_3D('',#3315,#3316,#3317);
#3315 = CARTESIAN_POINT('',(36.999892,-60.99991,0.));
#3316 = DIRECTION('',(0.,0.,1.));
#3317 = DIRECTION('',(1.,0.,-0.));
#3318 = FACE_BOUND('',#3319,.F.);
#3319 = EDGE_LOOP('',(#3320));
#3320 = ORIENTED_EDGE('',*,*,#3321,.F.);
#3321 = EDGE_CURVE('',#3322,#3322,#3324,.T.);
#3322 = VERTEX_POINT('',#3323);
#3323 = CARTESIAN_POINT('',(35.999892,-56.99991,0.));
#3324 = CIRCLE('',#3325,0.5);
#3325 = AXIS2_PLACEMENT_3D('',#3326,#3327,#3328);
#3326 = CARTESIAN_POINT('',(35.499892,-56.99991,0.));
#3327 = DIRECTION('',(0.,0.,1.));
#3328 = DIRECTION('',(1.,0.,-0.));
#3329 = FACE_BOUND('',#3330,.F.);
#3330 = EDGE_LOOP('',(#3331));
#3331 = ORIENTED_EDGE('',*,*,#3332,.F.);
#3332 = EDGE_CURVE('',#3333,#3333,#3335,.T.);
#3333 = VERTEX_POINT('',#3334);
#3334 = CARTESIAN_POINT('',(35.999892,-53.99991,0.));
#3335 = CIRCLE('',#3336,0.5);
#3336 = AXIS2_PLACEMENT_3D('',#3337,#3338,#3339);
#3337 = CARTESIAN_POINT('',(35.499892,-53.99991,0.));
#3338 = DIRECTION('',(0.,0.,1.));
#3339 = DIRECTION('',(1.,0.,-0.));
#3340 = FACE_BOUND('',#3341,.F.);
#3341 = EDGE_LOOP('',(#3342));
#3342 = ORIENTED_EDGE('',*,*,#3343,.F.);
#3343 = EDGE_CURVE('',#3344,#3344,#3346,.T.);
#3344 = VERTEX_POINT('',#3345);
#3345 = CARTESIAN_POINT('',(23.999892,-50.99991,0.));
#3346 = CIRCLE('',#3347,0.5);
#3347 = AXIS2_PLACEMENT_3D('',#3348,#3349,#3350);
#3348 = CARTESIAN_POINT('',(23.499892,-50.99991,0.));
#3349 = DIRECTION('',(0.,0.,1.));
#3350 = DIRECTION('',(1.,0.,-0.));
#3351 = FACE_BOUND('',#3352,.F.);
#3352 = EDGE_LOOP('',(#3353));
#3353 = ORIENTED_EDGE('',*,*,#3354,.F.);
#3354 = EDGE_CURVE('',#3355,#3355,#3357,.T.);
#3355 = VERTEX_POINT('',#3356);
#3356 = CARTESIAN_POINT('',(23.999892,-47.99991,0.));
#3357 = CIRCLE('',#3358,0.5);
#3358 = AXIS2_PLACEMENT_3D('',#3359,#3360,#3361);
#3359 = CARTESIAN_POINT('',(23.499892,-47.99991,0.));
#3360 = DIRECTION('',(0.,0.,1.));
#3361 = DIRECTION('',(1.,0.,-0.));
#3362 = FACE_BOUND('',#3363,.F.);
#3363 = EDGE_LOOP('',(#3364,#3374,#3382,#3390,#3398,#3407,#3415));
#3364 = ORIENTED_EDGE('',*,*,#3365,.F.);
#3365 = EDGE_CURVE('',#3366,#3368,#3370,.T.);
#3366 = VERTEX_POINT('',#3367);
#3367 = CARTESIAN_POINT('',(25.999892,-46.99991,0.));
#3368 = VERTEX_POINT('',#3369);
#3369 = CARTESIAN_POINT('',(25.999892,-56.99991,0.));
#3370 = LINE('',#3371,#3372);
#3371 = CARTESIAN_POINT('',(25.999892,-46.99991,0.));
#3372 = VECTOR('',#3373,1.);
#3373 = DIRECTION('',(0.,-1.,0.));
#3374 = ORIENTED_EDGE('',*,*,#3375,.F.);
#3375 = EDGE_CURVE('',#3376,#3366,#3378,.T.);
#3376 = VERTEX_POINT('',#3377);
#3377 = CARTESIAN_POINT('',(25.999892,-45.99991,0.));
#3378 = LINE('',#3379,#3380);
#3379 = CARTESIAN_POINT('',(25.999892,-45.99991,0.));
#3380 = VECTOR('',#3381,1.);
#3381 = DIRECTION('',(0.,-1.,0.));
#3382 = ORIENTED_EDGE('',*,*,#3383,.F.);
#3383 = EDGE_CURVE('',#3384,#3376,#3386,.T.);
#3384 = VERTEX_POINT('',#3385);
#3385 = CARTESIAN_POINT('',(32.999892,-45.99991,0.));
#3386 = LINE('',#3387,#3388);
#3387 = CARTESIAN_POINT('',(32.999892,-45.99991,0.));
#3388 = VECTOR('',#3389,1.);
#3389 = DIRECTION('',(-1.,0.,0.));
#3390 = ORIENTED_EDGE('',*,*,#3391,.F.);
#3391 = EDGE_CURVE('',#3392,#3384,#3394,.T.);
#3392 = VERTEX_POINT('',#3393);
#3393 = CARTESIAN_POINT('',(32.999892,-56.99991,0.));
#3394 = LINE('',#3395,#3396);
#3395 = CARTESIAN_POINT('',(32.999892,-56.99991,0.));
#3396 = VECTOR('',#3397,1.);
#3397 = DIRECTION('',(0.,1.,0.));
#3398 = ORIENTED_EDGE('',*,*,#3399,.F.);
#3399 = EDGE_CURVE('',#3400,#3392,#3402,.T.);
#3400 = VERTEX_POINT('',#3401);
#3401 = CARTESIAN_POINT('',(30.999892,-58.99991,0.));
#3402 = CIRCLE('',#3403,1.99999850585);
#3403 = AXIS2_PLACEMENT_3D('',#3404,#3405,#3406);
#3404 = CARTESIAN_POINT('',(30.99989349415,-56.99991149415,0.));
#3405 = DIRECTION('',(0.,0.,1.));
#3406 = DIRECTION('',(-7.470757385066E-07,-1.,0.));
#3407 = ORIENTED_EDGE('',*,*,#3408,.F.);
#3408 = EDGE_CURVE('',#3409,#3400,#3411,.T.);
#3409 = VERTEX_POINT('',#3410);
#3410 = CARTESIAN_POINT('',(27.999892,-58.99991,0.));
#3411 = LINE('',#3412,#3413);
#3412 = CARTESIAN_POINT('',(27.999892,-58.99991,0.));
#3413 = VECTOR('',#3414,1.);
#3414 = DIRECTION('',(1.,0.,0.));
#3415 = ORIENTED_EDGE('',*,*,#3416,.F.);
#3416 = EDGE_CURVE('',#3368,#3409,#3417,.T.);
#3417 = CIRCLE('',#3418,1.99999850585);
#3418 = AXIS2_PLACEMENT_3D('',#3419,#3420,#3421);
#3419 = CARTESIAN_POINT('',(27.99989050585,-56.99991149415,0.));
#3420 = DIRECTION('',(0.,0.,1.));
#3421 = DIRECTION('',(-1.,7.470757385066E-07,0.));
#3422 = FACE_BOUND('',#3423,.F.);
#3423 = EDGE_LOOP('',(#3424));
#3424 = ORIENTED_EDGE('',*,*,#3425,.T.);
#3425 = EDGE_CURVE('',#3426,#3426,#3428,.T.);
#3426 = VERTEX_POINT('',#3427);
#3427 = CARTESIAN_POINT('',(23.649892,-45.59991,0.));
#3428 = CIRCLE('',#3429,0.6);
#3429 = AXIS2_PLACEMENT_3D('',#3430,#3431,#3432);
#3430 = CARTESIAN_POINT('',(23.649892,-44.99991,0.));
#3431 = DIRECTION('',(-0.,0.,-1.));
#3432 = DIRECTION('',(-0.,-1.,0.));
#3433 = FACE_BOUND('',#3434,.F.);
#3434 = EDGE_LOOP('',(#3435));
#3435 = ORIENTED_EDGE('',*,*,#3436,.F.);
#3436 = EDGE_CURVE('',#3437,#3437,#3439,.T.);
#3437 = VERTEX_POINT('',#3438);
#3438 = CARTESIAN_POINT('',(35.999892,-50.99991,0.));
#3439 = CIRCLE('',#3440,0.5);
#3440 = AXIS2_PLACEMENT_3D('',#3441,#3442,#3443);
#3441 = CARTESIAN_POINT('',(35.499892,-50.99991,0.));
#3442 = DIRECTION('',(0.,0.,1.));
#3443 = DIRECTION('',(1.,0.,-0.));
#3444 = FACE_BOUND('',#3445,.F.);
#3445 = EDGE_LOOP('',(#3446));
#3446 = ORIENTED_EDGE('',*,*,#3447,.F.);
#3447 = EDGE_CURVE('',#3448,#3448,#3450,.T.);
#3448 = VERTEX_POINT('',#3449);
#3449 = CARTESIAN_POINT('',(35.999892,-47.99991,0.));
#3450 = CIRCLE('',#3451,0.5);
#3451 = AXIS2_PLACEMENT_3D('',#3452,#3453,#3454);
#3452 = CARTESIAN_POINT('',(35.499892,-47.99991,0.));
#3453 = DIRECTION('',(0.,0.,1.));
#3454 = DIRECTION('',(1.,0.,-0.));
#3455 = FACE_BOUND('',#3456,.F.);
#3456 = EDGE_LOOP('',(#3457,#3467,#3475,#3483,#3491,#3500,#3508));
#3457 = ORIENTED_EDGE('',*,*,#3458,.F.);
#3458 = EDGE_CURVE('',#3459,#3461,#3463,.T.);
#3459 = VERTEX_POINT('',#3460);
#3460 = CARTESIAN_POINT('',(37.999892,-46.99991,0.));
#3461 = VERTEX_POINT('',#3462);
#3462 = CARTESIAN_POINT('',(37.999892,-56.99991,0.));
#3463 = LINE('',#3464,#3465);
#3464 = CARTESIAN_POINT('',(37.999892,-46.99991,0.));
#3465 = VECTOR('',#3466,1.);
#3466 = DIRECTION('',(0.,-1.,0.));
#3467 = ORIENTED_EDGE('',*,*,#3468,.F.);
#3468 = EDGE_CURVE('',#3469,#3459,#3471,.T.);
#3469 = VERTEX_POINT('',#3470);
#3470 = CARTESIAN_POINT('',(37.999892,-45.99991,0.));
#3471 = LINE('',#3472,#3473);
#3472 = CARTESIAN_POINT('',(37.999892,-45.99991,0.));
#3473 = VECTOR('',#3474,1.);
#3474 = DIRECTION('',(0.,-1.,0.));
#3475 = ORIENTED_EDGE('',*,*,#3476,.F.);
#3476 = EDGE_CURVE('',#3477,#3469,#3479,.T.);
#3477 = VERTEX_POINT('',#3478);
#3478 = CARTESIAN_POINT('',(44.999892,-45.99991,0.));
#3479 = LINE('',#3480,#3481);
#3480 = CARTESIAN_POINT('',(44.999892,-45.99991,0.));
#3481 = VECTOR('',#3482,1.);
#3482 = DIRECTION('',(-1.,0.,0.));
#3483 = ORIENTED_EDGE('',*,*,#3484,.F.);
#3484 = EDGE_CURVE('',#3485,#3477,#3487,.T.);
#3485 = VERTEX_POINT('',#3486);
#3486 = CARTESIAN_POINT('',(44.999892,-56.99991,0.));
#3487 = LINE('',#3488,#3489);
#3488 = CARTESIAN_POINT('',(44.999892,-56.99991,0.));
#3489 = VECTOR('',#3490,1.);
#3490 = DIRECTION('',(0.,1.,0.));
#3491 = ORIENTED_EDGE('',*,*,#3492,.F.);
#3492 = EDGE_CURVE('',#3493,#3485,#3495,.T.);
#3493 = VERTEX_POINT('',#3494);
#3494 = CARTESIAN_POINT('',(42.999892,-58.99991,0.));
#3495 = CIRCLE('',#3496,1.99999850585);
#3496 = AXIS2_PLACEMENT_3D('',#3497,#3498,#3499);
#3497 = CARTESIAN_POINT('',(42.99989349415,-56.99991149415,0.));
#3498 = DIRECTION('',(0.,0.,1.));
#3499 = DIRECTION('',(-7.470757349539E-07,-1.,0.));
#3500 = ORIENTED_EDGE('',*,*,#3501,.F.);
#3501 = EDGE_CURVE('',#3502,#3493,#3504,.T.);
#3502 = VERTEX_POINT('',#3503);
#3503 = CARTESIAN_POINT('',(39.999892,-58.99991,0.));
#3504 = LINE('',#3505,#3506);
#3505 = CARTESIAN_POINT('',(39.999892,-58.99991,0.));
#3506 = VECTOR('',#3507,1.);
#3507 = DIRECTION('',(1.,0.,0.));
#3508 = ORIENTED_EDGE('',*,*,#3509,.F.);
#3509 = EDGE_CURVE('',#3461,#3502,#3510,.T.);
#3510 = CIRCLE('',#3511,1.99999850585);
#3511 = AXIS2_PLACEMENT_3D('',#3512,#3513,#3514);
#3512 = CARTESIAN_POINT('',(39.99989050585,-56.99991149415,0.));
#3513 = DIRECTION('',(0.,0.,1.));
#3514 = DIRECTION('',(-1.,7.470757420593E-07,0.));
#3515 = FACE_BOUND('',#3516,.F.);
#3516 = EDGE_LOOP('',(#3517));
#3517 = ORIENTED_EDGE('',*,*,#3518,.T.);
#3518 = EDGE_CURVE('',#3519,#3519,#3521,.T.);
#3519 = VERTEX_POINT('',#3520);
#3520 = CARTESIAN_POINT('',(35.628463,-45.599909,0.));
#3521 = CIRCLE('',#3522,0.6);
#3522 = AXIS2_PLACEMENT_3D('',#3523,#3524,#3525);
#3523 = CARTESIAN_POINT('',(35.628463,-44.999909,0.));
#3524 = DIRECTION('',(-0.,0.,-1.));
#3525 = DIRECTION('',(1.184237892933E-14,-1.,-0.));
#3526 = FACE_BOUND('',#3527,.F.);
#3527 = EDGE_LOOP('',(#3528));
#3528 = ORIENTED_EDGE('',*,*,#3529,.F.);
#3529 = EDGE_CURVE('',#3530,#3530,#3532,.T.);
#3530 = VERTEX_POINT('',#3531);
#3531 = CARTESIAN_POINT('',(47.999891,-62.99991,0.));
#3532 = CIRCLE('',#3533,0.499999);
#3533 = AXIS2_PLACEMENT_3D('',#3534,#3535,#3536);
#3534 = CARTESIAN_POINT('',(47.499892,-62.99991,0.));
#3535 = DIRECTION('',(0.,0.,1.));
#3536 = DIRECTION('',(1.,0.,-0.));
#3537 = FACE_BOUND('',#3538,.F.);
#3538 = EDGE_LOOP('',(#3539));
#3539 = ORIENTED_EDGE('',*,*,#3540,.F.);
#3540 = EDGE_CURVE('',#3541,#3541,#3543,.T.);
#3541 = VERTEX_POINT('',#3542);
#3542 = CARTESIAN_POINT('',(46.499892,-61.49991,0.));
#3543 = CIRCLE('',#3544,0.5);
#3544 = AXIS2_PLACEMENT_3D('',#3545,#3546,#3547);
#3545 = CARTESIAN_POINT('',(45.999892,-61.49991,0.));
#3546 = DIRECTION('',(0.,0.,1.));
#3547 = DIRECTION('',(1.,0.,-0.));
#3548 = FACE_BOUND('',#3549,.F.);
#3549 = EDGE_LOOP('',(#3550));
#3550 = ORIENTED_EDGE('',*,*,#3551,.F.);
#3551 = EDGE_CURVE('',#3552,#3552,#3554,.T.);
#3552 = VERTEX_POINT('',#3553);
#3553 = CARTESIAN_POINT('',(49.499892,-61.49991,0.));
#3554 = CIRCLE('',#3555,0.5);
#3555 = AXIS2_PLACEMENT_3D('',#3556,#3557,#3558);
#3556 = CARTESIAN_POINT('',(48.999892,-61.49991,0.));
#3557 = DIRECTION('',(0.,0.,1.));
#3558 = DIRECTION('',(1.,0.,-0.));
#3559 = FACE_BOUND('',#3560,.F.);
#3560 = EDGE_LOOP('',(#3561));
#3561 = ORIENTED_EDGE('',*,*,#3562,.F.);
#3562 = EDGE_CURVE('',#3563,#3563,#3565,.T.);
#3563 = VERTEX_POINT('',#3564);
#3564 = CARTESIAN_POINT('',(47.999892,-56.99991,0.));
#3565 = CIRCLE('',#3566,0.5);
#3566 = AXIS2_PLACEMENT_3D('',#3567,#3568,#3569);
#3567 = CARTESIAN_POINT('',(47.499892,-56.99991,0.));
#3568 = DIRECTION('',(0.,0.,1.));
#3569 = DIRECTION('',(1.,0.,-0.));
#3570 = FACE_BOUND('',#3571,.F.);
#3571 = EDGE_LOOP('',(#3572));
#3572 = ORIENTED_EDGE('',*,*,#3573,.F.);
#3573 = EDGE_CURVE('',#3574,#3574,#3576,.T.);
#3574 = VERTEX_POINT('',#3575);
#3575 = CARTESIAN_POINT('',(47.999892,-53.99991,0.));
#3576 = CIRCLE('',#3577,0.5);
#3577 = AXIS2_PLACEMENT_3D('',#3578,#3579,#3580);
#3578 = CARTESIAN_POINT('',(47.499892,-53.99991,0.));
#3579 = DIRECTION('',(0.,0.,1.));
#3580 = DIRECTION('',(1.,0.,-0.));
#3581 = FACE_BOUND('',#3582,.F.);
#3582 = EDGE_LOOP('',(#3583));
#3583 = ORIENTED_EDGE('',*,*,#3584,.F.);
#3584 = EDGE_CURVE('',#3585,#3585,#3587,.T.);
#3585 = VERTEX_POINT('',#3586);
#3586 = CARTESIAN_POINT('',(59.999892,-56.99991,0.));
#3587 = CIRCLE('',#3588,0.5);
#3588 = AXIS2_PLACEMENT_3D('',#3589,#3590,#3591);
#3589 = CARTESIAN_POINT('',(59.499892,-56.99991,0.));
#3590 = DIRECTION('',(0.,0.,1.));
#3591 = DIRECTION('',(1.,0.,-0.));
#3592 = FACE_BOUND('',#3593,.F.);
#3593 = EDGE_LOOP('',(#3594));
#3594 = ORIENTED_EDGE('',*,*,#3595,.F.);
#3595 = EDGE_CURVE('',#3596,#3596,#3598,.T.);
#3596 = VERTEX_POINT('',#3597);
#3597 = CARTESIAN_POINT('',(59.999892,-53.99991,0.));
#3598 = CIRCLE('',#3599,0.5);
#3599 = AXIS2_PLACEMENT_3D('',#3600,#3601,#3602);
#3600 = CARTESIAN_POINT('',(59.499892,-53.99991,0.));
#3601 = DIRECTION('',(0.,0.,1.));
#3602 = DIRECTION('',(1.,0.,-0.));
#3603 = FACE_BOUND('',#3604,.F.);
#3604 = EDGE_LOOP('',(#3605));
#3605 = ORIENTED_EDGE('',*,*,#3606,.F.);
#3606 = EDGE_CURVE('',#3607,#3607,#3609,.T.);
#3607 = VERTEX_POINT('',#3608);
#3608 = CARTESIAN_POINT('',(47.999892,-50.99991,0.));
#3609 = CIRCLE('',#3610,0.5);
#3610 = AXIS2_PLACEMENT_3D('',#3611,#3612,#3613);
#3611 = CARTESIAN_POINT('',(47.499892,-50.99991,0.));
#3612 = DIRECTION('',(0.,0.,1.));
#3613 = DIRECTION('',(1.,0.,-0.));
#3614 = FACE_BOUND('',#3615,.F.);
#3615 = EDGE_LOOP('',(#3616));
#3616 = ORIENTED_EDGE('',*,*,#3617,.F.);
#3617 = EDGE_CURVE('',#3618,#3618,#3620,.T.);
#3618 = VERTEX_POINT('',#3619);
#3619 = CARTESIAN_POINT('',(47.999892,-47.99991,0.));
#3620 = CIRCLE('',#3621,0.5);
#3621 = AXIS2_PLACEMENT_3D('',#3622,#3623,#3624);
#3622 = CARTESIAN_POINT('',(47.499892,-47.99991,0.));
#3623 = DIRECTION('',(0.,0.,1.));
#3624 = DIRECTION('',(1.,0.,-0.));
#3625 = FACE_BOUND('',#3626,.F.);
#3626 = EDGE_LOOP('',(#3627,#3637,#3645,#3653,#3661,#3670,#3678));
#3627 = ORIENTED_EDGE('',*,*,#3628,.F.);
#3628 = EDGE_CURVE('',#3629,#3631,#3633,.T.);
#3629 = VERTEX_POINT('',#3630);
#3630 = CARTESIAN_POINT('',(49.999892,-46.99991,0.));
#3631 = VERTEX_POINT('',#3632);
#3632 = CARTESIAN_POINT('',(49.999892,-56.99991,0.));
#3633 = LINE('',#3634,#3635);
#3634 = CARTESIAN_POINT('',(49.999892,-46.99991,0.));
#3635 = VECTOR('',#3636,1.);
#3636 = DIRECTION('',(0.,-1.,0.));
#3637 = ORIENTED_EDGE('',*,*,#3638,.F.);
#3638 = EDGE_CURVE('',#3639,#3629,#3641,.T.);
#3639 = VERTEX_POINT('',#3640);
#3640 = CARTESIAN_POINT('',(49.999892,-45.99991,0.));
#3641 = LINE('',#3642,#3643);
#3642 = CARTESIAN_POINT('',(49.999892,-45.99991,0.));
#3643 = VECTOR('',#3644,1.);
#3644 = DIRECTION('',(0.,-1.,0.));
#3645 = ORIENTED_EDGE('',*,*,#3646,.F.);
#3646 = EDGE_CURVE('',#3647,#3639,#3649,.T.);
#3647 = VERTEX_POINT('',#3648);
#3648 = CARTESIAN_POINT('',(56.999892,-45.99991,0.));
#3649 = LINE('',#3650,#3651);
#3650 = CARTESIAN_POINT('',(56.999892,-45.99991,0.));
#3651 = VECTOR('',#3652,1.);
#3652 = DIRECTION('',(-1.,0.,0.));
#3653 = ORIENTED_EDGE('',*,*,#3654,.F.);
#3654 = EDGE_CURVE('',#3655,#3647,#3657,.T.);
#3655 = VERTEX_POINT('',#3656);
#3656 = CARTESIAN_POINT('',(56.999892,-56.99991,0.));
#3657 = LINE('',#3658,#3659);
#3658 = CARTESIAN_POINT('',(56.999892,-56.99991,0.));
#3659 = VECTOR('',#3660,1.);
#3660 = DIRECTION('',(0.,1.,0.));
#3661 = ORIENTED_EDGE('',*,*,#3662,.F.);
#3662 = EDGE_CURVE('',#3663,#3655,#3665,.T.);
#3663 = VERTEX_POINT('',#3664);
#3664 = CARTESIAN_POINT('',(54.999892,-58.99991,0.));
#3665 = CIRCLE('',#3666,1.99999850585);
#3666 = AXIS2_PLACEMENT_3D('',#3667,#3668,#3669);
#3667 = CARTESIAN_POINT('',(54.99989349415,-56.99991149415,0.));
#3668 = DIRECTION('',(0.,0.,1.));
#3669 = DIRECTION('',(-7.470757349539E-07,-1.,0.));
#3670 = ORIENTED_EDGE('',*,*,#3671,.F.);
#3671 = EDGE_CURVE('',#3672,#3663,#3674,.T.);
#3672 = VERTEX_POINT('',#3673);
#3673 = CARTESIAN_POINT('',(51.999892,-58.99991,0.));
#3674 = LINE('',#3675,#3676);
#3675 = CARTESIAN_POINT('',(51.999892,-58.99991,0.));
#3676 = VECTOR('',#3677,1.);
#3677 = DIRECTION('',(1.,0.,0.));
#3678 = ORIENTED_EDGE('',*,*,#3679,.F.);
#3679 = EDGE_CURVE('',#3631,#3672,#3680,.T.);
#3680 = CIRCLE('',#3681,1.99999850585);
#3681 = AXIS2_PLACEMENT_3D('',#3682,#3683,#3684);
#3682 = CARTESIAN_POINT('',(51.99989050585,-56.99991149415,0.));
#3683 = DIRECTION('',(0.,0.,1.));
#3684 = DIRECTION('',(-1.,7.470757420593E-07,0.));
#3685 = FACE_BOUND('',#3686,.F.);
#3686 = EDGE_LOOP('',(#3687));
#3687 = ORIENTED_EDGE('',*,*,#3688,.T.);
#3688 = EDGE_CURVE('',#3689,#3689,#3691,.T.);
#3689 = VERTEX_POINT('',#3690);
#3690 = CARTESIAN_POINT('',(47.607034,-45.59991,0.));
#3691 = CIRCLE('',#3692,0.6);
#3692 = AXIS2_PLACEMENT_3D('',#3693,#3694,#3695);
#3693 = CARTESIAN_POINT('',(47.607034,-44.99991,0.));
#3694 = DIRECTION('',(-0.,0.,-1.));
#3695 = DIRECTION('',(-0.,-1.,0.));
#3696 = FACE_BOUND('',#3697,.F.);
#3697 = EDGE_LOOP('',(#3698));
#3698 = ORIENTED_EDGE('',*,*,#3699,.F.);
#3699 = EDGE_CURVE('',#3700,#3700,#3702,.T.);
#3700 = VERTEX_POINT('',#3701);
#3701 = CARTESIAN_POINT('',(59.999892,-50.99991,0.));
#3702 = CIRCLE('',#3703,0.5);
#3703 = AXIS2_PLACEMENT_3D('',#3704,#3705,#3706);
#3704 = CARTESIAN_POINT('',(59.499892,-50.99991,0.));
#3705 = DIRECTION('',(0.,0.,1.));
#3706 = DIRECTION('',(1.,0.,-0.));
#3707 = FACE_BOUND('',#3708,.F.);
#3708 = EDGE_LOOP('',(#3709));
#3709 = ORIENTED_EDGE('',*,*,#3710,.F.);
#3710 = EDGE_CURVE('',#3711,#3711,#3713,.T.);
#3711 = VERTEX_POINT('',#3712);
#3712 = CARTESIAN_POINT('',(59.999892,-47.99991,0.));
#3713 = CIRCLE('',#3714,0.5);
#3714 = AXIS2_PLACEMENT_3D('',#3715,#3716,#3717);
#3715 = CARTESIAN_POINT('',(59.499892,-47.99991,0.));
#3716 = DIRECTION('',(0.,0.,1.));
#3717 = DIRECTION('',(1.,0.,-0.));
#3718 = FACE_BOUND('',#3719,.F.);
#3719 = EDGE_LOOP('',(#3720));
#3720 = ORIENTED_EDGE('',*,*,#3721,.T.);
#3721 = EDGE_CURVE('',#3722,#3722,#3724,.T.);
#3722 = VERTEX_POINT('',#3723);
#3723 = CARTESIAN_POINT('',(59.585605,-45.599909,0.));
#3724 = CIRCLE('',#3725,0.6);
#3725 = AXIS2_PLACEMENT_3D('',#3726,#3727,#3728);
#3726 = CARTESIAN_POINT('',(59.585605,-44.999909,0.));
#3727 = DIRECTION('',(-0.,0.,-1.));
#3728 = DIRECTION('',(-0.,-1.,0.));
#3729 = FACE_BOUND('',#3730,.F.);
#3730 = EDGE_LOOP('',(#3731,#3741,#3749,#3757,#3765,#3773,#3781,#3789,
    #3797,#3805,#3813,#3821));
#3731 = ORIENTED_EDGE('',*,*,#3732,.F.);
#3732 = EDGE_CURVE('',#3733,#3735,#3737,.T.);
#3733 = VERTEX_POINT('',#3734);
#3734 = CARTESIAN_POINT('',(25.999892,-19.99991,0.));
#3735 = VERTEX_POINT('',#3736);
#3736 = CARTESIAN_POINT('',(26.999892,-27.99991,0.));
#3737 = LINE('',#3738,#3739);
#3738 = CARTESIAN_POINT('',(25.999892,-19.99991,0.));
#3739 = VECTOR('',#3740,1.);
#3740 = DIRECTION('',(0.124034734589,-0.992277876714,0.));
#3741 = ORIENTED_EDGE('',*,*,#3742,.F.);
#3742 = EDGE_CURVE('',#3743,#3733,#3745,.T.);
#3743 = VERTEX_POINT('',#3744);
#3744 = CARTESIAN_POINT('',(25.999892,-18.99991,0.));
#3745 = LINE('',#3746,#3747);
#3746 = CARTESIAN_POINT('',(25.999892,-18.99991,0.));
#3747 = VECTOR('',#3748,1.);
#3748 = DIRECTION('',(0.,-1.,0.));
#3749 = ORIENTED_EDGE('',*,*,#3750,.F.);
#3750 = EDGE_CURVE('',#3751,#3743,#3753,.T.);
#3751 = VERTEX_POINT('',#3752);
#3752 = CARTESIAN_POINT('',(32.999892,-18.99991,0.));
#3753 = LINE('',#3754,#3755);
#3754 = CARTESIAN_POINT('',(32.999892,-18.99991,0.));
#3755 = VECTOR('',#3756,1.);
#3756 = DIRECTION('',(-1.,0.,0.));
#3757 = ORIENTED_EDGE('',*,*,#3758,.F.);
#3758 = EDGE_CURVE('',#3759,#3751,#3761,.T.);
#3759 = VERTEX_POINT('',#3760);
#3760 = CARTESIAN_POINT('',(32.999892,-20.99991,0.));
#3761 = LINE('',#3762,#3763);
#3762 = CARTESIAN_POINT('',(32.999892,-20.99991,0.));
#3763 = VECTOR('',#3764,1.);
#3764 = DIRECTION('',(0.,1.,0.));
#3765 = ORIENTED_EDGE('',*,*,#3766,.F.);
#3766 = EDGE_CURVE('',#3767,#3759,#3769,.T.);
#3767 = VERTEX_POINT('',#3768);
#3768 = CARTESIAN_POINT('',(31.999892,-27.99991,0.));
#3769 = LINE('',#3770,#3771);
#3770 = CARTESIAN_POINT('',(31.999892,-27.99991,0.));
#3771 = VECTOR('',#3772,1.);
#3772 = DIRECTION('',(0.141421356237,0.989949493661,0.));
#3773 = ORIENTED_EDGE('',*,*,#3774,.F.);
#3774 = EDGE_CURVE('',#3775,#3767,#3777,.T.);
#3775 = VERTEX_POINT('',#3776);
#3776 = CARTESIAN_POINT('',(31.999892,-34.99991,0.));
#3777 = LINE('',#3778,#3779);
#3778 = CARTESIAN_POINT('',(31.999892,-34.99991,0.));
#3779 = VECTOR('',#3780,1.);
#3780 = DIRECTION('',(0.,1.,0.));
#3781 = ORIENTED_EDGE('',*,*,#3782,.F.);
#3782 = EDGE_CURVE('',#3783,#3775,#3785,.T.);
#3783 = VERTEX_POINT('',#3784);
#3784 = CARTESIAN_POINT('',(32.999892,-42.99991,0.));
#3785 = LINE('',#3786,#3787);
#3786 = CARTESIAN_POINT('',(32.999892,-42.99991,0.));
#3787 = VECTOR('',#3788,1.);
#3788 = DIRECTION('',(-0.124034734589,0.992277876714,0.));
#3789 = ORIENTED_EDGE('',*,*,#3790,.F.);
#3790 = EDGE_CURVE('',#3791,#3783,#3793,.T.);
#3791 = VERTEX_POINT('',#3792);
#3792 = CARTESIAN_POINT('',(32.999892,-43.99991,0.));
#3793 = LINE('',#3794,#3795);
#3794 = CARTESIAN_POINT('',(32.999892,-43.99991,0.));
#3795 = VECTOR('',#3796,1.);
#3796 = DIRECTION('',(0.,1.,0.));
#3797 = ORIENTED_EDGE('',*,*,#3798,.F.);
#3798 = EDGE_CURVE('',#3799,#3791,#3801,.T.);
#3799 = VERTEX_POINT('',#3800);
#3800 = CARTESIAN_POINT('',(25.999892,-43.99991,0.));
#3801 = LINE('',#3802,#3803);
#3802 = CARTESIAN_POINT('',(25.999892,-43.99991,0.));
#3803 = VECTOR('',#3804,1.);
#3804 = DIRECTION('',(1.,0.,0.));
#3805 = ORIENTED_EDGE('',*,*,#3806,.F.);
#3806 = EDGE_CURVE('',#3807,#3799,#3809,.T.);
#3807 = VERTEX_POINT('',#3808);
#3808 = CARTESIAN_POINT('',(25.999892,-42.99991,0.));
#3809 = LINE('',#3810,#3811);
#3810 = CARTESIAN_POINT('',(25.999892,-42.99991,0.));
#3811 = VECTOR('',#3812,1.);
#3812 = DIRECTION('',(0.,-1.,0.));
#3813 = ORIENTED_EDGE('',*,*,#3814,.F.);
#3814 = EDGE_CURVE('',#3815,#3807,#3817,.T.);
#3815 = VERTEX_POINT('',#3816);
#3816 = CARTESIAN_POINT('',(26.999892,-34.99991,0.));
#3817 = LINE('',#3818,#3819);
#3818 = CARTESIAN_POINT('',(26.999892,-34.99991,0.));
#3819 = VECTOR('',#3820,1.);
#3820 = DIRECTION('',(-0.124034734589,-0.992277876714,0.));
#3821 = ORIENTED_EDGE('',*,*,#3822,.F.);
#3822 = EDGE_CURVE('',#3735,#3815,#3823,.T.);
#3823 = LINE('',#3824,#3825);
#3824 = CARTESIAN_POINT('',(26.999892,-27.99991,0.));
#3825 = VECTOR('',#3826,1.);
#3826 = DIRECTION('',(0.,-1.,0.));
#3827 = FACE_BOUND('',#3828,.F.);
#3828 = EDGE_LOOP('',(#3829,#3839,#3847,#3855,#3863,#3871,#3879,#3887,
    #3895,#3903,#3911,#3919));
#3829 = ORIENTED_EDGE('',*,*,#3830,.F.);
#3830 = EDGE_CURVE('',#3831,#3833,#3835,.T.);
#3831 = VERTEX_POINT('',#3832);
#3832 = CARTESIAN_POINT('',(37.999892,-19.99991,0.));
#3833 = VERTEX_POINT('',#3834);
#3834 = CARTESIAN_POINT('',(38.999892,-27.99991,0.));
#3835 = LINE('',#3836,#3837);
#3836 = CARTESIAN_POINT('',(37.999892,-19.99991,0.));
#3837 = VECTOR('',#3838,1.);
#3838 = DIRECTION('',(0.124034734589,-0.992277876714,0.));
#3839 = ORIENTED_EDGE('',*,*,#3840,.F.);
#3840 = EDGE_CURVE('',#3841,#3831,#3843,.T.);
#3841 = VERTEX_POINT('',#3842);
#3842 = CARTESIAN_POINT('',(37.999892,-18.99991,0.));
#3843 = LINE('',#3844,#3845);
#3844 = CARTESIAN_POINT('',(37.999892,-18.99991,0.));
#3845 = VECTOR('',#3846,1.);
#3846 = DIRECTION('',(0.,-1.,0.));
#3847 = ORIENTED_EDGE('',*,*,#3848,.F.);
#3848 = EDGE_CURVE('',#3849,#3841,#3851,.T.);
#3849 = VERTEX_POINT('',#3850);
#3850 = CARTESIAN_POINT('',(44.999892,-18.99991,0.));
#3851 = LINE('',#3852,#3853);
#3852 = CARTESIAN_POINT('',(44.999892,-18.99991,0.));
#3853 = VECTOR('',#3854,1.);
#3854 = DIRECTION('',(-1.,0.,0.));
#3855 = ORIENTED_EDGE('',*,*,#3856,.F.);
#3856 = EDGE_CURVE('',#3857,#3849,#3859,.T.);
#3857 = VERTEX_POINT('',#3858);
#3858 = CARTESIAN_POINT('',(44.999892,-20.99991,0.));
#3859 = LINE('',#3860,#3861);
#3860 = CARTESIAN_POINT('',(44.999892,-20.99991,0.));
#3861 = VECTOR('',#3862,1.);
#3862 = DIRECTION('',(0.,1.,0.));
#3863 = ORIENTED_EDGE('',*,*,#3864,.F.);
#3864 = EDGE_CURVE('',#3865,#3857,#3867,.T.);
#3865 = VERTEX_POINT('',#3866);
#3866 = CARTESIAN_POINT('',(43.999892,-27.99991,0.));
#3867 = LINE('',#3868,#3869);
#3868 = CARTESIAN_POINT('',(43.999892,-27.99991,0.));
#3869 = VECTOR('',#3870,1.);
#3870 = DIRECTION('',(0.141421356237,0.989949493661,0.));
#3871 = ORIENTED_EDGE('',*,*,#3872,.F.);
#3872 = EDGE_CURVE('',#3873,#3865,#3875,.T.);
#3873 = VERTEX_POINT('',#3874);
#3874 = CARTESIAN_POINT('',(43.999892,-34.99991,0.));
#3875 = LINE('',#3876,#3877);
#3876 = CARTESIAN_POINT('',(43.999892,-34.99991,0.));
#3877 = VECTOR('',#3878,1.);
#3878 = DIRECTION('',(0.,1.,0.));
#3879 = ORIENTED_EDGE('',*,*,#3880,.F.);
#3880 = EDGE_CURVE('',#3881,#3873,#3883,.T.);
#3881 = VERTEX_POINT('',#3882);
#3882 = CARTESIAN_POINT('',(44.999892,-42.99991,0.));
#3883 = LINE('',#3884,#3885);
#3884 = CARTESIAN_POINT('',(44.999892,-42.99991,0.));
#3885 = VECTOR('',#3886,1.);
#3886 = DIRECTION('',(-0.124034734589,0.992277876714,0.));
#3887 = ORIENTED_EDGE('',*,*,#3888,.F.);
#3888 = EDGE_CURVE('',#3889,#3881,#3891,.T.);
#3889 = VERTEX_POINT('',#3890);
#3890 = CARTESIAN_POINT('',(44.999892,-43.99991,0.));
#3891 = LINE('',#3892,#3893);
#3892 = CARTESIAN_POINT('',(44.999892,-43.99991,0.));
#3893 = VECTOR('',#3894,1.);
#3894 = DIRECTION('',(0.,1.,0.));
#3895 = ORIENTED_EDGE('',*,*,#3896,.F.);
#3896 = EDGE_CURVE('',#3897,#3889,#3899,.T.);
#3897 = VERTEX_POINT('',#3898);
#3898 = CARTESIAN_POINT('',(37.999892,-43.99991,0.));
#3899 = LINE('',#3900,#3901);
#3900 = CARTESIAN_POINT('',(37.999892,-43.99991,0.));
#3901 = VECTOR('',#3902,1.);
#3902 = DIRECTION('',(1.,0.,0.));
#3903 = ORIENTED_EDGE('',*,*,#3904,.F.);
#3904 = EDGE_CURVE('',#3905,#3897,#3907,.T.);
#3905 = VERTEX_POINT('',#3906);
#3906 = CARTESIAN_POINT('',(37.999892,-42.99991,0.));
#3907 = LINE('',#3908,#3909);
#3908 = CARTESIAN_POINT('',(37.999892,-42.99991,0.));
#3909 = VECTOR('',#3910,1.);
#3910 = DIRECTION('',(0.,-1.,0.));
#3911 = ORIENTED_EDGE('',*,*,#3912,.F.);
#3912 = EDGE_CURVE('',#3913,#3905,#3915,.T.);
#3913 = VERTEX_POINT('',#3914);
#3914 = CARTESIAN_POINT('',(38.999892,-34.99991,0.));
#3915 = LINE('',#3916,#3917);
#3916 = CARTESIAN_POINT('',(38.999892,-34.99991,0.));
#3917 = VECTOR('',#3918,1.);
#3918 = DIRECTION('',(-0.124034734589,-0.992277876714,0.));
#3919 = ORIENTED_EDGE('',*,*,#3920,.F.);
#3920 = EDGE_CURVE('',#3833,#3913,#3921,.T.);
#3921 = LINE('',#3922,#3923);
#3922 = CARTESIAN_POINT('',(38.999892,-27.99991,0.));
#3923 = VECTOR('',#3924,1.);
#3924 = DIRECTION('',(0.,-1.,0.));
#3925 = FACE_BOUND('',#3926,.F.);
#3926 = EDGE_LOOP('',(#3927));
#3927 = ORIENTED_EDGE('',*,*,#3928,.T.);
#3928 = EDGE_CURVE('',#3929,#3929,#3931,.T.);
#3929 = VERTEX_POINT('',#3930);
#3930 = CARTESIAN_POINT('',(23.499892,-18.59991,0.));
#3931 = CIRCLE('',#3932,0.6);
#3932 = AXIS2_PLACEMENT_3D('',#3933,#3934,#3935);
#3933 = CARTESIAN_POINT('',(23.499892,-17.99991,0.));
#3934 = DIRECTION('',(-0.,0.,-1.));
#3935 = DIRECTION('',(-5.921189464668E-15,-1.,0.));
#3936 = FACE_BOUND('',#3937,.F.);
#3937 = EDGE_LOOP('',(#3938));
#3938 = ORIENTED_EDGE('',*,*,#3939,.T.);
#3939 = EDGE_CURVE('',#3940,#3940,#3942,.T.);
#3940 = VERTEX_POINT('',#3941);
#3941 = CARTESIAN_POINT('',(35.499892,-18.59991,0.));
#3942 = CIRCLE('',#3943,0.6);
#3943 = AXIS2_PLACEMENT_3D('',#3944,#3945,#3946);
#3944 = CARTESIAN_POINT('',(35.499892,-17.99991,0.));
#3945 = DIRECTION('',(-0.,0.,-1.));
#3946 = DIRECTION('',(-0.,-1.,0.));
#3947 = FACE_BOUND('',#3948,.F.);
#3948 = EDGE_LOOP('',(#3949,#3959,#3967,#3975,#3983,#3991,#3999,#4007,
    #4015,#4023,#4031,#4039));
#3949 = ORIENTED_EDGE('',*,*,#3950,.F.);
#3950 = EDGE_CURVE('',#3951,#3953,#3955,.T.);
#3951 = VERTEX_POINT('',#3952);
#3952 = CARTESIAN_POINT('',(49.999892,-19.99991,0.));
#3953 = VERTEX_POINT('',#3954);
#3954 = CARTESIAN_POINT('',(50.999892,-27.99991,0.));
#3955 = LINE('',#3956,#3957);
#3956 = CARTESIAN_POINT('',(49.999892,-19.99991,0.));
#3957 = VECTOR('',#3958,1.);
#3958 = DIRECTION('',(0.124034734589,-0.992277876714,0.));
#3959 = ORIENTED_EDGE('',*,*,#3960,.F.);
#3960 = EDGE_CURVE('',#3961,#3951,#3963,.T.);
#3961 = VERTEX_POINT('',#3962);
#3962 = CARTESIAN_POINT('',(49.999892,-18.99991,0.));
#3963 = LINE('',#3964,#3965);
#3964 = CARTESIAN_POINT('',(49.999892,-18.99991,0.));
#3965 = VECTOR('',#3966,1.);
#3966 = DIRECTION('',(0.,-1.,0.));
#3967 = ORIENTED_EDGE('',*,*,#3968,.F.);
#3968 = EDGE_CURVE('',#3969,#3961,#3971,.T.);
#3969 = VERTEX_POINT('',#3970);
#3970 = CARTESIAN_POINT('',(56.999892,-18.99991,0.));
#3971 = LINE('',#3972,#3973);
#3972 = CARTESIAN_POINT('',(56.999892,-18.99991,0.));
#3973 = VECTOR('',#3974,1.);
#3974 = DIRECTION('',(-1.,0.,0.));
#3975 = ORIENTED_EDGE('',*,*,#3976,.F.);
#3976 = EDGE_CURVE('',#3977,#3969,#3979,.T.);
#3977 = VERTEX_POINT('',#3978);
#3978 = CARTESIAN_POINT('',(56.999892,-20.99991,0.));
#3979 = LINE('',#3980,#3981);
#3980 = CARTESIAN_POINT('',(56.999892,-20.99991,0.));
#3981 = VECTOR('',#3982,1.);
#3982 = DIRECTION('',(0.,1.,0.));
#3983 = ORIENTED_EDGE('',*,*,#3984,.F.);
#3984 = EDGE_CURVE('',#3985,#3977,#3987,.T.);
#3985 = VERTEX_POINT('',#3986);
#3986 = CARTESIAN_POINT('',(55.999892,-27.99991,0.));
#3987 = LINE('',#3988,#3989);
#3988 = CARTESIAN_POINT('',(55.999892,-27.99991,0.));
#3989 = VECTOR('',#3990,1.);
#3990 = DIRECTION('',(0.141421356237,0.989949493661,0.));
#3991 = ORIENTED_EDGE('',*,*,#3992,.F.);
#3992 = EDGE_CURVE('',#3993,#3985,#3995,.T.);
#3993 = VERTEX_POINT('',#3994);
#3994 = CARTESIAN_POINT('',(55.999892,-34.99991,0.));
#3995 = LINE('',#3996,#3997);
#3996 = CARTESIAN_POINT('',(55.999892,-34.99991,0.));
#3997 = VECTOR('',#3998,1.);
#3998 = DIRECTION('',(0.,1.,0.));
#3999 = ORIENTED_EDGE('',*,*,#4000,.F.);
#4000 = EDGE_CURVE('',#4001,#3993,#4003,.T.);
#4001 = VERTEX_POINT('',#4002);
#4002 = CARTESIAN_POINT('',(56.999892,-42.99991,0.));
#4003 = LINE('',#4004,#4005);
#4004 = CARTESIAN_POINT('',(56.999892,-42.99991,0.));
#4005 = VECTOR('',#4006,1.);
#4006 = DIRECTION('',(-0.124034734589,0.992277876714,0.));
#4007 = ORIENTED_EDGE('',*,*,#4008,.F.);
#4008 = EDGE_CURVE('',#4009,#4001,#4011,.T.);
#4009 = VERTEX_POINT('',#4010);
#4010 = CARTESIAN_POINT('',(56.999892,-43.99991,0.));
#4011 = LINE('',#4012,#4013);
#4012 = CARTESIAN_POINT('',(56.999892,-43.99991,0.));
#4013 = VECTOR('',#4014,1.);
#4014 = DIRECTION('',(0.,1.,0.));
#4015 = ORIENTED_EDGE('',*,*,#4016,.F.);
#4016 = EDGE_CURVE('',#4017,#4009,#4019,.T.);
#4017 = VERTEX_POINT('',#4018);
#4018 = CARTESIAN_POINT('',(49.999892,-43.99991,0.));
#4019 = LINE('',#4020,#4021);
#4020 = CARTESIAN_POINT('',(49.999892,-43.99991,0.));
#4021 = VECTOR('',#4022,1.);
#4022 = DIRECTION('',(1.,0.,0.));
#4023 = ORIENTED_EDGE('',*,*,#4024,.F.);
#4024 = EDGE_CURVE('',#4025,#4017,#4027,.T.);
#4025 = VERTEX_POINT('',#4026);
#4026 = CARTESIAN_POINT('',(49.999892,-42.99991,0.));
#4027 = LINE('',#4028,#4029);
#4028 = CARTESIAN_POINT('',(49.999892,-42.99991,0.));
#4029 = VECTOR('',#4030,1.);
#4030 = DIRECTION('',(0.,-1.,0.));
#4031 = ORIENTED_EDGE('',*,*,#4032,.F.);
#4032 = EDGE_CURVE('',#4033,#4025,#4035,.T.);
#4033 = VERTEX_POINT('',#4034);
#4034 = CARTESIAN_POINT('',(50.999892,-34.99991,0.));
#4035 = LINE('',#4036,#4037);
#4036 = CARTESIAN_POINT('',(50.999892,-34.99991,0.));
#4037 = VECTOR('',#4038,1.);
#4038 = DIRECTION('',(-0.124034734589,-0.992277876714,0.));
#4039 = ORIENTED_EDGE('',*,*,#4040,.F.);
#4040 = EDGE_CURVE('',#3953,#4033,#4041,.T.);
#4041 = LINE('',#4042,#4043);
#4042 = CARTESIAN_POINT('',(50.999892,-27.99991,0.));
#4043 = VECTOR('',#4044,1.);
#4044 = DIRECTION('',(0.,-1.,0.));
#4045 = FACE_BOUND('',#4046,.F.);
#4046 = EDGE_LOOP('',(#4047));
#4047 = ORIENTED_EDGE('',*,*,#4048,.T.);
#4048 = EDGE_CURVE('',#4049,#4049,#4051,.T.);
#4049 = VERTEX_POINT('',#4050);
#4050 = CARTESIAN_POINT('',(47.499892,-18.59991,0.));
#4051 = CIRCLE('',#4052,0.6);
#4052 = AXIS2_PLACEMENT_3D('',#4053,#4054,#4055);
#4053 = CARTESIAN_POINT('',(47.499892,-17.99991,0.));
#4054 = DIRECTION('',(-0.,0.,-1.));
#4055 = DIRECTION('',(-0.,-1.,0.));
#4056 = FACE_BOUND('',#4057,.F.);
#4057 = EDGE_LOOP('',(#4058));
#4058 = ORIENTED_EDGE('',*,*,#4059,.T.);
#4059 = EDGE_CURVE('',#4060,#4060,#4062,.T.);
#4060 = VERTEX_POINT('',#4061);
#4061 = CARTESIAN_POINT('',(59.499892,-18.599909,0.));
#4062 = CIRCLE('',#4063,0.6);
#4063 = AXIS2_PLACEMENT_3D('',#4064,#4065,#4066);
#4064 = CARTESIAN_POINT('',(59.499892,-17.999909,0.));
#4065 = DIRECTION('',(-0.,0.,-1.));
#4066 = DIRECTION('',(-0.,-1.,0.));
#4067 = FACE_BOUND('',#4068,.F.);
#4068 = EDGE_LOOP('',(#4069));
#4069 = ORIENTED_EDGE('',*,*,#4070,.F.);
#4070 = EDGE_CURVE('',#4071,#4071,#4073,.T.);
#4071 = VERTEX_POINT('',#4072);
#4072 = CARTESIAN_POINT('',(71.999892,-56.99991,0.));
#4073 = CIRCLE('',#4074,0.5);
#4074 = AXIS2_PLACEMENT_3D('',#4075,#4076,#4077);
#4075 = CARTESIAN_POINT('',(71.499892,-56.99991,0.));
#4076 = DIRECTION('',(0.,0.,1.));
#4077 = DIRECTION('',(1.,0.,-0.));
#4078 = FACE_BOUND('',#4079,.F.);
#4079 = EDGE_LOOP('',(#4080));
#4080 = ORIENTED_EDGE('',*,*,#4081,.F.);
#4081 = EDGE_CURVE('',#4082,#4082,#4084,.T.);
#4082 = VERTEX_POINT('',#4083);
#4083 = CARTESIAN_POINT('',(71.999892,-53.99991,0.));
#4084 = CIRCLE('',#4085,0.5);
#4085 = AXIS2_PLACEMENT_3D('',#4086,#4087,#4088);
#4086 = CARTESIAN_POINT('',(71.499892,-53.99991,0.));
#4087 = DIRECTION('',(0.,0.,1.));
#4088 = DIRECTION('',(1.,0.,-0.));
#4089 = FACE_BOUND('',#4090,.F.);
#4090 = EDGE_LOOP('',(#4091));
#4091 = ORIENTED_EDGE('',*,*,#4092,.F.);
#4092 = EDGE_CURVE('',#4093,#4093,#4095,.T.);
#4093 = VERTEX_POINT('',#4094);
#4094 = CARTESIAN_POINT('',(83.999891,-62.99991,0.));
#4095 = CIRCLE('',#4096,0.499999);
#4096 = AXIS2_PLACEMENT_3D('',#4097,#4098,#4099);
#4097 = CARTESIAN_POINT('',(83.499892,-62.99991,0.));
#4098 = DIRECTION('',(0.,0.,1.));
#4099 = DIRECTION('',(1.,0.,-0.));
#4100 = FACE_BOUND('',#4101,.F.);
#4101 = EDGE_LOOP('',(#4102));
#4102 = ORIENTED_EDGE('',*,*,#4103,.F.);
#4103 = EDGE_CURVE('',#4104,#4104,#4106,.T.);
#4104 = VERTEX_POINT('',#4105);
#4105 = CARTESIAN_POINT('',(82.499892,-61.49991,0.));
#4106 = CIRCLE('',#4107,0.5);
#4107 = AXIS2_PLACEMENT_3D('',#4108,#4109,#4110);
#4108 = CARTESIAN_POINT('',(81.999892,-61.49991,0.));
#4109 = DIRECTION('',(0.,0.,1.));
#4110 = DIRECTION('',(1.,0.,-0.));
#4111 = FACE_BOUND('',#4112,.F.);
#4112 = EDGE_LOOP('',(#4113));
#4113 = ORIENTED_EDGE('',*,*,#4114,.F.);
#4114 = EDGE_CURVE('',#4115,#4115,#4117,.T.);
#4115 = VERTEX_POINT('',#4116);
#4116 = CARTESIAN_POINT('',(85.499892,-61.49991,0.));
#4117 = CIRCLE('',#4118,0.5);
#4118 = AXIS2_PLACEMENT_3D('',#4119,#4120,#4121);
#4119 = CARTESIAN_POINT('',(84.999892,-61.49991,0.));
#4120 = DIRECTION('',(0.,0.,1.));
#4121 = DIRECTION('',(1.,0.,-0.));
#4122 = FACE_BOUND('',#4123,.F.);
#4123 = EDGE_LOOP('',(#4124));
#4124 = ORIENTED_EDGE('',*,*,#4125,.F.);
#4125 = EDGE_CURVE('',#4126,#4126,#4128,.T.);
#4126 = VERTEX_POINT('',#4127);
#4127 = CARTESIAN_POINT('',(83.999892,-56.99991,0.));
#4128 = CIRCLE('',#4129,0.5);
#4129 = AXIS2_PLACEMENT_3D('',#4130,#4131,#4132);
#4130 = CARTESIAN_POINT('',(83.499892,-56.99991,0.));
#4131 = DIRECTION('',(0.,0.,1.));
#4132 = DIRECTION('',(1.,0.,-0.));
#4133 = FACE_BOUND('',#4134,.F.);
#4134 = EDGE_LOOP('',(#4135));
#4135 = ORIENTED_EDGE('',*,*,#4136,.F.);
#4136 = EDGE_CURVE('',#4137,#4137,#4139,.T.);
#4137 = VERTEX_POINT('',#4138);
#4138 = CARTESIAN_POINT('',(83.999892,-53.99991,0.));
#4139 = CIRCLE('',#4140,0.5);
#4140 = AXIS2_PLACEMENT_3D('',#4141,#4142,#4143);
#4141 = CARTESIAN_POINT('',(83.499892,-53.99991,0.));
#4142 = DIRECTION('',(0.,0.,1.));
#4143 = DIRECTION('',(1.,0.,-0.));
#4144 = FACE_BOUND('',#4145,.F.);
#4145 = EDGE_LOOP('',(#4146,#4156,#4164,#4172,#4180,#4189,#4197));
#4146 = ORIENTED_EDGE('',*,*,#4147,.F.);
#4147 = EDGE_CURVE('',#4148,#4150,#4152,.T.);
#4148 = VERTEX_POINT('',#4149);
#4149 = CARTESIAN_POINT('',(61.999892,-46.99991,0.));
#4150 = VERTEX_POINT('',#4151);
#4151 = CARTESIAN_POINT('',(61.999892,-56.99991,0.));
#4152 = LINE('',#4153,#4154);
#4153 = CARTESIAN_POINT('',(61.999892,-46.99991,0.));
#4154 = VECTOR('',#4155,1.);
#4155 = DIRECTION('',(0.,-1.,0.));
#4156 = ORIENTED_EDGE('',*,*,#4157,.F.);
#4157 = EDGE_CURVE('',#4158,#4148,#4160,.T.);
#4158 = VERTEX_POINT('',#4159);
#4159 = CARTESIAN_POINT('',(61.999892,-45.99991,0.));
#4160 = LINE('',#4161,#4162);
#4161 = CARTESIAN_POINT('',(61.999892,-45.99991,0.));
#4162 = VECTOR('',#4163,1.);
#4163 = DIRECTION('',(0.,-1.,0.));
#4164 = ORIENTED_EDGE('',*,*,#4165,.F.);
#4165 = EDGE_CURVE('',#4166,#4158,#4168,.T.);
#4166 = VERTEX_POINT('',#4167);
#4167 = CARTESIAN_POINT('',(68.999892,-45.99991,0.));
#4168 = LINE('',#4169,#4170);
#4169 = CARTESIAN_POINT('',(68.999892,-45.99991,0.));
#4170 = VECTOR('',#4171,1.);
#4171 = DIRECTION('',(-1.,0.,0.));
#4172 = ORIENTED_EDGE('',*,*,#4173,.F.);
#4173 = EDGE_CURVE('',#4174,#4166,#4176,.T.);
#4174 = VERTEX_POINT('',#4175);
#4175 = CARTESIAN_POINT('',(68.999892,-56.99991,0.));
#4176 = LINE('',#4177,#4178);
#4177 = CARTESIAN_POINT('',(68.999892,-56.99991,0.));
#4178 = VECTOR('',#4179,1.);
#4179 = DIRECTION('',(0.,1.,0.));
#4180 = ORIENTED_EDGE('',*,*,#4181,.F.);
#4181 = EDGE_CURVE('',#4182,#4174,#4184,.T.);
#4182 = VERTEX_POINT('',#4183);
#4183 = CARTESIAN_POINT('',(66.999892,-58.99991,0.));
#4184 = CIRCLE('',#4185,1.99999850585);
#4185 = AXIS2_PLACEMENT_3D('',#4186,#4187,#4188);
#4186 = CARTESIAN_POINT('',(66.99989349415,-56.99991149415,0.));
#4187 = DIRECTION('',(0.,0.,1.));
#4188 = DIRECTION('',(-7.470757420593E-07,-1.,0.));
#4189 = ORIENTED_EDGE('',*,*,#4190,.F.);
#4190 = EDGE_CURVE('',#4191,#4182,#4193,.T.);
#4191 = VERTEX_POINT('',#4192);
#4192 = CARTESIAN_POINT('',(63.999892,-58.99991,0.));
#4193 = LINE('',#4194,#4195);
#4194 = CARTESIAN_POINT('',(63.999892,-58.99991,0.));
#4195 = VECTOR('',#4196,1.);
#4196 = DIRECTION('',(1.,0.,0.));
#4197 = ORIENTED_EDGE('',*,*,#4198,.F.);
#4198 = EDGE_CURVE('',#4150,#4191,#4199,.T.);
#4199 = CIRCLE('',#4200,1.99999850585);
#4200 = AXIS2_PLACEMENT_3D('',#4201,#4202,#4203);
#4201 = CARTESIAN_POINT('',(63.99989050585,-56.99991149415,0.));
#4202 = DIRECTION('',(0.,0.,1.));
#4203 = DIRECTION('',(-1.,7.470757420593E-07,0.));
#4204 = FACE_BOUND('',#4205,.F.);
#4205 = EDGE_LOOP('',(#4206));
#4206 = ORIENTED_EDGE('',*,*,#4207,.F.);
#4207 = EDGE_CURVE('',#4208,#4208,#4210,.T.);
#4208 = VERTEX_POINT('',#4209);
#4209 = CARTESIAN_POINT('',(71.999892,-50.99991,0.));
#4210 = CIRCLE('',#4211,0.5);
#4211 = AXIS2_PLACEMENT_3D('',#4212,#4213,#4214);
#4212 = CARTESIAN_POINT('',(71.499892,-50.99991,0.));
#4213 = DIRECTION('',(0.,0.,1.));
#4214 = DIRECTION('',(1.,0.,-0.));
#4215 = FACE_BOUND('',#4216,.F.);
#4216 = EDGE_LOOP('',(#4217));
#4217 = ORIENTED_EDGE('',*,*,#4218,.F.);
#4218 = EDGE_CURVE('',#4219,#4219,#4221,.T.);
#4219 = VERTEX_POINT('',#4220);
#4220 = CARTESIAN_POINT('',(71.999892,-47.99991,0.));
#4221 = CIRCLE('',#4222,0.5);
#4222 = AXIS2_PLACEMENT_3D('',#4223,#4224,#4225);
#4223 = CARTESIAN_POINT('',(71.499892,-47.99991,0.));
#4224 = DIRECTION('',(0.,0.,1.));
#4225 = DIRECTION('',(1.,0.,-0.));
#4226 = FACE_BOUND('',#4227,.F.);
#4227 = EDGE_LOOP('',(#4228));
#4228 = ORIENTED_EDGE('',*,*,#4229,.T.);
#4229 = EDGE_CURVE('',#4230,#4230,#4232,.T.);
#4230 = VERTEX_POINT('',#4231);
#4231 = CARTESIAN_POINT('',(71.564176,-45.59991,0.));
#4232 = CIRCLE('',#4233,0.6);
#4233 = AXIS2_PLACEMENT_3D('',#4234,#4235,#4236);
#4234 = CARTESIAN_POINT('',(71.564176,-44.99991,0.));
#4235 = DIRECTION('',(-0.,0.,-1.));
#4236 = DIRECTION('',(-0.,-1.,0.));
#4237 = FACE_BOUND('',#4238,.F.);
#4238 = EDGE_LOOP('',(#4239,#4249,#4257,#4265,#4273,#4282,#4290));
#4239 = ORIENTED_EDGE('',*,*,#4240,.F.);
#4240 = EDGE_CURVE('',#4241,#4243,#4245,.T.);
#4241 = VERTEX_POINT('',#4242);
#4242 = CARTESIAN_POINT('',(73.999892,-46.99991,0.));
#4243 = VERTEX_POINT('',#4244);
#4244 = CARTESIAN_POINT('',(73.999892,-56.99991,0.));
#4245 = LINE('',#4246,#4247);
#4246 = CARTESIAN_POINT('',(73.999892,-46.99991,0.));
#4247 = VECTOR('',#4248,1.);
#4248 = DIRECTION('',(0.,-1.,0.));
#4249 = ORIENTED_EDGE('',*,*,#4250,.F.);
#4250 = EDGE_CURVE('',#4251,#4241,#4253,.T.);
#4251 = VERTEX_POINT('',#4252);
#4252 = CARTESIAN_POINT('',(73.999892,-45.99991,0.));
#4253 = LINE('',#4254,#4255);
#4254 = CARTESIAN_POINT('',(73.999892,-45.99991,0.));
#4255 = VECTOR('',#4256,1.);
#4256 = DIRECTION('',(0.,-1.,0.));
#4257 = ORIENTED_EDGE('',*,*,#4258,.F.);
#4258 = EDGE_CURVE('',#4259,#4251,#4261,.T.);
#4259 = VERTEX_POINT('',#4260);
#4260 = CARTESIAN_POINT('',(80.999892,-45.99991,0.));
#4261 = LINE('',#4262,#4263);
#4262 = CARTESIAN_POINT('',(80.999892,-45.99991,0.));
#4263 = VECTOR('',#4264,1.);
#4264 = DIRECTION('',(-1.,0.,0.));
#4265 = ORIENTED_EDGE('',*,*,#4266,.F.);
#4266 = EDGE_CURVE('',#4267,#4259,#4269,.T.);
#4267 = VERTEX_POINT('',#4268);
#4268 = CARTESIAN_POINT('',(80.999892,-56.99991,0.));
#4269 = LINE('',#4270,#4271);
#4270 = CARTESIAN_POINT('',(80.999892,-56.99991,0.));
#4271 = VECTOR('',#4272,1.);
#4272 = DIRECTION('',(0.,1.,0.));
#4273 = ORIENTED_EDGE('',*,*,#4274,.F.);
#4274 = EDGE_CURVE('',#4275,#4267,#4277,.T.);
#4275 = VERTEX_POINT('',#4276);
#4276 = CARTESIAN_POINT('',(78.999892,-58.99991,0.));
#4277 = CIRCLE('',#4278,1.99999850585);
#4278 = AXIS2_PLACEMENT_3D('',#4279,#4280,#4281);
#4279 = CARTESIAN_POINT('',(78.99989349415,-56.99991149415,0.));
#4280 = DIRECTION('',(0.,0.,1.));
#4281 = DIRECTION('',(-7.470757420593E-07,-1.,0.));
#4282 = ORIENTED_EDGE('',*,*,#4283,.F.);
#4283 = EDGE_CURVE('',#4284,#4275,#4286,.T.);
#4284 = VERTEX_POINT('',#4285);
#4285 = CARTESIAN_POINT('',(75.999892,-58.99991,0.));
#4286 = LINE('',#4287,#4288);
#4287 = CARTESIAN_POINT('',(75.999892,-58.99991,0.));
#4288 = VECTOR('',#4289,1.);
#4289 = DIRECTION('',(1.,0.,0.));
#4290 = ORIENTED_EDGE('',*,*,#4291,.F.);
#4291 = EDGE_CURVE('',#4243,#4284,#4292,.T.);
#4292 = CIRCLE('',#4293,1.99999850585);
#4293 = AXIS2_PLACEMENT_3D('',#4294,#4295,#4296);
#4294 = CARTESIAN_POINT('',(75.99989050585,-56.99991149415,0.));
#4295 = DIRECTION('',(0.,0.,1.));
#4296 = DIRECTION('',(-1.,7.470757420593E-07,0.));
#4297 = FACE_BOUND('',#4298,.F.);
#4298 = EDGE_LOOP('',(#4299));
#4299 = ORIENTED_EDGE('',*,*,#4300,.F.);
#4300 = EDGE_CURVE('',#4301,#4301,#4303,.T.);
#4301 = VERTEX_POINT('',#4302);
#4302 = CARTESIAN_POINT('',(83.999892,-50.99991,0.));
#4303 = CIRCLE('',#4304,0.5);
#4304 = AXIS2_PLACEMENT_3D('',#4305,#4306,#4307);
#4305 = CARTESIAN_POINT('',(83.499892,-50.99991,0.));
#4306 = DIRECTION('',(0.,0.,1.));
#4307 = DIRECTION('',(1.,0.,-0.));
#4308 = FACE_BOUND('',#4309,.F.);
#4309 = EDGE_LOOP('',(#4310));
#4310 = ORIENTED_EDGE('',*,*,#4311,.F.);
#4311 = EDGE_CURVE('',#4312,#4312,#4314,.T.);
#4312 = VERTEX_POINT('',#4313);
#4313 = CARTESIAN_POINT('',(83.999892,-47.99991,0.));
#4314 = CIRCLE('',#4315,0.5);
#4315 = AXIS2_PLACEMENT_3D('',#4316,#4317,#4318);
#4316 = CARTESIAN_POINT('',(83.499892,-47.99991,0.));
#4317 = DIRECTION('',(0.,0.,1.));
#4318 = DIRECTION('',(1.,0.,-0.));
#4319 = FACE_BOUND('',#4320,.F.);
#4320 = EDGE_LOOP('',(#4321));
#4321 = ORIENTED_EDGE('',*,*,#4322,.T.);
#4322 = EDGE_CURVE('',#4323,#4323,#4325,.T.);
#4323 = VERTEX_POINT('',#4324);
#4324 = CARTESIAN_POINT('',(83.542747,-45.599909,0.));
#4325 = CIRCLE('',#4326,0.6);
#4326 = AXIS2_PLACEMENT_3D('',#4327,#4328,#4329);
#4327 = CARTESIAN_POINT('',(83.542747,-44.999909,0.));
#4328 = DIRECTION('',(-0.,0.,-1.));
#4329 = DIRECTION('',(2.368475785867E-14,-1.,-0.));
#4330 = FACE_BOUND('',#4331,.F.);
#4331 = EDGE_LOOP('',(#4332));
#4332 = ORIENTED_EDGE('',*,*,#4333,.F.);
#4333 = EDGE_CURVE('',#4334,#4334,#4336,.T.);
#4334 = VERTEX_POINT('',#4335);
#4335 = CARTESIAN_POINT('',(95.999891,-62.99991,0.));
#4336 = CIRCLE('',#4337,0.499999);
#4337 = AXIS2_PLACEMENT_3D('',#4338,#4339,#4340);
#4338 = CARTESIAN_POINT('',(95.499892,-62.99991,0.));
#4339 = DIRECTION('',(0.,0.,1.));
#4340 = DIRECTION('',(1.,0.,-0.));
#4341 = FACE_BOUND('',#4342,.F.);
#4342 = EDGE_LOOP('',(#4343));
#4343 = ORIENTED_EDGE('',*,*,#4344,.F.);
#4344 = EDGE_CURVE('',#4345,#4345,#4347,.T.);
#4345 = VERTEX_POINT('',#4346);
#4346 = CARTESIAN_POINT('',(94.499892,-61.49991,0.));
#4347 = CIRCLE('',#4348,0.5);
#4348 = AXIS2_PLACEMENT_3D('',#4349,#4350,#4351);
#4349 = CARTESIAN_POINT('',(93.999892,-61.49991,0.));
#4350 = DIRECTION('',(0.,0.,1.));
#4351 = DIRECTION('',(1.,0.,-0.));
#4352 = FACE_BOUND('',#4353,.F.);
#4353 = EDGE_LOOP('',(#4354));
#4354 = ORIENTED_EDGE('',*,*,#4355,.F.);
#4355 = EDGE_CURVE('',#4356,#4356,#4358,.T.);
#4356 = VERTEX_POINT('',#4357);
#4357 = CARTESIAN_POINT('',(97.499892,-61.49991,0.));
#4358 = CIRCLE('',#4359,0.5);
#4359 = AXIS2_PLACEMENT_3D('',#4360,#4361,#4362);
#4360 = CARTESIAN_POINT('',(96.999892,-61.49991,0.));
#4361 = DIRECTION('',(0.,0.,1.));
#4362 = DIRECTION('',(1.,0.,-0.));
#4363 = FACE_BOUND('',#4364,.F.);
#4364 = EDGE_LOOP('',(#4365));
#4365 = ORIENTED_EDGE('',*,*,#4366,.F.);
#4366 = EDGE_CURVE('',#4367,#4367,#4369,.T.);
#4367 = VERTEX_POINT('',#4368);
#4368 = CARTESIAN_POINT('',(95.999892,-56.99991,0.));
#4369 = CIRCLE('',#4370,0.5);
#4370 = AXIS2_PLACEMENT_3D('',#4371,#4372,#4373);
#4371 = CARTESIAN_POINT('',(95.499892,-56.99991,0.));
#4372 = DIRECTION('',(0.,0.,1.));
#4373 = DIRECTION('',(1.,0.,-0.));
#4374 = FACE_BOUND('',#4375,.F.);
#4375 = EDGE_LOOP('',(#4376));
#4376 = ORIENTED_EDGE('',*,*,#4377,.F.);
#4377 = EDGE_CURVE('',#4378,#4378,#4380,.T.);
#4378 = VERTEX_POINT('',#4379);
#4379 = CARTESIAN_POINT('',(95.999892,-53.99991,0.));
#4380 = CIRCLE('',#4381,0.5);
#4381 = AXIS2_PLACEMENT_3D('',#4382,#4383,#4384);
#4382 = CARTESIAN_POINT('',(95.499892,-53.99991,0.));
#4383 = DIRECTION('',(0.,0.,1.));
#4384 = DIRECTION('',(1.,0.,-0.));
#4385 = FACE_BOUND('',#4386,.F.);
#4386 = EDGE_LOOP('',(#4387));
#4387 = ORIENTED_EDGE('',*,*,#4388,.F.);
#4388 = EDGE_CURVE('',#4389,#4389,#4391,.T.);
#4389 = VERTEX_POINT('',#4390);
#4390 = CARTESIAN_POINT('',(107.999891,-62.99991,0.));
#4391 = CIRCLE('',#4392,0.499999);
#4392 = AXIS2_PLACEMENT_3D('',#4393,#4394,#4395);
#4393 = CARTESIAN_POINT('',(107.499892,-62.99991,0.));
#4394 = DIRECTION('',(0.,0.,1.));
#4395 = DIRECTION('',(1.,0.,-0.));
#4396 = FACE_BOUND('',#4397,.F.);
#4397 = EDGE_LOOP('',(#4398));
#4398 = ORIENTED_EDGE('',*,*,#4399,.F.);
#4399 = EDGE_CURVE('',#4400,#4400,#4402,.T.);
#4400 = VERTEX_POINT('',#4401);
#4401 = CARTESIAN_POINT('',(106.499892,-61.49991,0.));
#4402 = CIRCLE('',#4403,0.5);
#4403 = AXIS2_PLACEMENT_3D('',#4404,#4405,#4406);
#4404 = CARTESIAN_POINT('',(105.999892,-61.49991,0.));
#4405 = DIRECTION('',(0.,0.,1.));
#4406 = DIRECTION('',(1.,0.,-0.));
#4407 = FACE_BOUND('',#4408,.F.);
#4408 = EDGE_LOOP('',(#4409));
#4409 = ORIENTED_EDGE('',*,*,#4410,.F.);
#4410 = EDGE_CURVE('',#4411,#4411,#4413,.T.);
#4411 = VERTEX_POINT('',#4412);
#4412 = CARTESIAN_POINT('',(109.499892,-61.49991,0.));
#4413 = CIRCLE('',#4414,0.5);
#4414 = AXIS2_PLACEMENT_3D('',#4415,#4416,#4417);
#4415 = CARTESIAN_POINT('',(108.999892,-61.49991,0.));
#4416 = DIRECTION('',(0.,0.,1.));
#4417 = DIRECTION('',(1.,0.,-0.));
#4418 = FACE_BOUND('',#4419,.F.);
#4419 = EDGE_LOOP('',(#4420));
#4420 = ORIENTED_EDGE('',*,*,#4421,.F.);
#4421 = EDGE_CURVE('',#4422,#4422,#4424,.T.);
#4422 = VERTEX_POINT('',#4423);
#4423 = CARTESIAN_POINT('',(107.999892,-56.99991,0.));
#4424 = CIRCLE('',#4425,0.5);
#4425 = AXIS2_PLACEMENT_3D('',#4426,#4427,#4428);
#4426 = CARTESIAN_POINT('',(107.499892,-56.99991,0.));
#4427 = DIRECTION('',(0.,0.,1.));
#4428 = DIRECTION('',(1.,0.,-0.));
#4429 = FACE_BOUND('',#4430,.F.);
#4430 = EDGE_LOOP('',(#4431));
#4431 = ORIENTED_EDGE('',*,*,#4432,.F.);
#4432 = EDGE_CURVE('',#4433,#4433,#4435,.T.);
#4433 = VERTEX_POINT('',#4434);
#4434 = CARTESIAN_POINT('',(107.999892,-53.99991,0.));
#4435 = CIRCLE('',#4436,0.5);
#4436 = AXIS2_PLACEMENT_3D('',#4437,#4438,#4439);
#4437 = CARTESIAN_POINT('',(107.499892,-53.99991,0.));
#4438 = DIRECTION('',(0.,0.,1.));
#4439 = DIRECTION('',(1.,0.,-0.));
#4440 = FACE_BOUND('',#4441,.F.);
#4441 = EDGE_LOOP('',(#4442,#4452,#4460,#4468,#4476,#4485,#4493));
#4442 = ORIENTED_EDGE('',*,*,#4443,.F.);
#4443 = EDGE_CURVE('',#4444,#4446,#4448,.T.);
#4444 = VERTEX_POINT('',#4445);
#4445 = CARTESIAN_POINT('',(85.999892,-46.99991,0.));
#4446 = VERTEX_POINT('',#4447);
#4447 = CARTESIAN_POINT('',(85.999892,-56.99991,0.));
#4448 = LINE('',#4449,#4450);
#4449 = CARTESIAN_POINT('',(85.999892,-46.99991,0.));
#4450 = VECTOR('',#4451,1.);
#4451 = DIRECTION('',(0.,-1.,0.));
#4452 = ORIENTED_EDGE('',*,*,#4453,.F.);
#4453 = EDGE_CURVE('',#4454,#4444,#4456,.T.);
#4454 = VERTEX_POINT('',#4455);
#4455 = CARTESIAN_POINT('',(85.999892,-45.99991,0.));
#4456 = LINE('',#4457,#4458);
#4457 = CARTESIAN_POINT('',(85.999892,-45.99991,0.));
#4458 = VECTOR('',#4459,1.);
#4459 = DIRECTION('',(0.,-1.,0.));
#4460 = ORIENTED_EDGE('',*,*,#4461,.F.);
#4461 = EDGE_CURVE('',#4462,#4454,#4464,.T.);
#4462 = VERTEX_POINT('',#4463);
#4463 = CARTESIAN_POINT('',(92.999892,-45.99991,0.));
#4464 = LINE('',#4465,#4466);
#4465 = CARTESIAN_POINT('',(92.999892,-45.99991,0.));
#4466 = VECTOR('',#4467,1.);
#4467 = DIRECTION('',(-1.,0.,0.));
#4468 = ORIENTED_EDGE('',*,*,#4469,.F.);
#4469 = EDGE_CURVE('',#4470,#4462,#4472,.T.);
#4470 = VERTEX_POINT('',#4471);
#4471 = CARTESIAN_POINT('',(92.999892,-56.99991,0.));
#4472 = LINE('',#4473,#4474);
#4473 = CARTESIAN_POINT('',(92.999892,-56.99991,0.));
#4474 = VECTOR('',#4475,1.);
#4475 = DIRECTION('',(0.,1.,0.));
#4476 = ORIENTED_EDGE('',*,*,#4477,.F.);
#4477 = EDGE_CURVE('',#4478,#4470,#4480,.T.);
#4478 = VERTEX_POINT('',#4479);
#4479 = CARTESIAN_POINT('',(90.999892,-58.99991,0.));
#4480 = CIRCLE('',#4481,1.99999850585);
#4481 = AXIS2_PLACEMENT_3D('',#4482,#4483,#4484);
#4482 = CARTESIAN_POINT('',(90.99989349415,-56.99991149415,0.));
#4483 = DIRECTION('',(0.,0.,1.));
#4484 = DIRECTION('',(-7.470757420593E-07,-1.,0.));
#4485 = ORIENTED_EDGE('',*,*,#4486,.F.);
#4486 = EDGE_CURVE('',#4487,#4478,#4489,.T.);
#4487 = VERTEX_POINT('',#4488);
#4488 = CARTESIAN_POINT('',(87.999892,-58.99991,0.));
#4489 = LINE('',#4490,#4491);
#4490 = CARTESIAN_POINT('',(87.999892,-58.99991,0.));
#4491 = VECTOR('',#4492,1.);
#4492 = DIRECTION('',(1.,0.,0.));
#4493 = ORIENTED_EDGE('',*,*,#4494,.F.);
#4494 = EDGE_CURVE('',#4446,#4487,#4495,.T.);
#4495 = CIRCLE('',#4496,1.99999850585);
#4496 = AXIS2_PLACEMENT_3D('',#4497,#4498,#4499);
#4497 = CARTESIAN_POINT('',(87.99989050585,-56.99991149415,0.));
#4498 = DIRECTION('',(0.,0.,1.));
#4499 = DIRECTION('',(-1.,7.470757420593E-07,0.));
#4500 = FACE_BOUND('',#4501,.F.);
#4501 = EDGE_LOOP('',(#4502));
#4502 = ORIENTED_EDGE('',*,*,#4503,.F.);
#4503 = EDGE_CURVE('',#4504,#4504,#4506,.T.);
#4504 = VERTEX_POINT('',#4505);
#4505 = CARTESIAN_POINT('',(95.999892,-50.99991,0.));
#4506 = CIRCLE('',#4507,0.5);
#4507 = AXIS2_PLACEMENT_3D('',#4508,#4509,#4510);
#4508 = CARTESIAN_POINT('',(95.499892,-50.99991,0.));
#4509 = DIRECTION('',(0.,0.,1.));
#4510 = DIRECTION('',(1.,0.,-0.));
#4511 = FACE_BOUND('',#4512,.F.);
#4512 = EDGE_LOOP('',(#4513));
#4513 = ORIENTED_EDGE('',*,*,#4514,.F.);
#4514 = EDGE_CURVE('',#4515,#4515,#4517,.T.);
#4515 = VERTEX_POINT('',#4516);
#4516 = CARTESIAN_POINT('',(95.999892,-47.99991,0.));
#4517 = CIRCLE('',#4518,0.5);
#4518 = AXIS2_PLACEMENT_3D('',#4519,#4520,#4521);
#4519 = CARTESIAN_POINT('',(95.499892,-47.99991,0.));
#4520 = DIRECTION('',(0.,0.,1.));
#4521 = DIRECTION('',(1.,0.,-0.));
#4522 = FACE_BOUND('',#4523,.F.);
#4523 = EDGE_LOOP('',(#4524));
#4524 = ORIENTED_EDGE('',*,*,#4525,.T.);
#4525 = EDGE_CURVE('',#4526,#4526,#4528,.T.);
#4526 = VERTEX_POINT('',#4527);
#4527 = CARTESIAN_POINT('',(95.521318,-45.599909,0.));
#4528 = CIRCLE('',#4529,0.6);
#4529 = AXIS2_PLACEMENT_3D('',#4530,#4531,#4532);
#4530 = CARTESIAN_POINT('',(95.521318,-44.999909,0.));
#4531 = DIRECTION('',(-0.,0.,-1.));
#4532 = DIRECTION('',(-2.368475785867E-14,-1.,0.));
#4533 = FACE_BOUND('',#4534,.F.);
#4534 = EDGE_LOOP('',(#4535,#4545,#4553,#4561,#4569,#4578,#4586));
#4535 = ORIENTED_EDGE('',*,*,#4536,.F.);
#4536 = EDGE_CURVE('',#4537,#4539,#4541,.T.);
#4537 = VERTEX_POINT('',#4538);
#4538 = CARTESIAN_POINT('',(97.999892,-46.99991,0.));
#4539 = VERTEX_POINT('',#4540);
#4540 = CARTESIAN_POINT('',(97.999892,-56.99991,0.));
#4541 = LINE('',#4542,#4543);
#4542 = CARTESIAN_POINT('',(97.999892,-46.99991,0.));
#4543 = VECTOR('',#4544,1.);
#4544 = DIRECTION('',(0.,-1.,0.));
#4545 = ORIENTED_EDGE('',*,*,#4546,.F.);
#4546 = EDGE_CURVE('',#4547,#4537,#4549,.T.);
#4547 = VERTEX_POINT('',#4548);
#4548 = CARTESIAN_POINT('',(97.999892,-45.99991,0.));
#4549 = LINE('',#4550,#4551);
#4550 = CARTESIAN_POINT('',(97.999892,-45.99991,0.));
#4551 = VECTOR('',#4552,1.);
#4552 = DIRECTION('',(0.,-1.,0.));
#4553 = ORIENTED_EDGE('',*,*,#4554,.F.);
#4554 = EDGE_CURVE('',#4555,#4547,#4557,.T.);
#4555 = VERTEX_POINT('',#4556);
#4556 = CARTESIAN_POINT('',(104.999892,-45.99991,0.));
#4557 = LINE('',#4558,#4559);
#4558 = CARTESIAN_POINT('',(104.999892,-45.99991,0.));
#4559 = VECTOR('',#4560,1.);
#4560 = DIRECTION('',(-1.,0.,0.));
#4561 = ORIENTED_EDGE('',*,*,#4562,.F.);
#4562 = EDGE_CURVE('',#4563,#4555,#4565,.T.);
#4563 = VERTEX_POINT('',#4564);
#4564 = CARTESIAN_POINT('',(104.999892,-56.99991,0.));
#4565 = LINE('',#4566,#4567);
#4566 = CARTESIAN_POINT('',(104.999892,-56.99991,0.));
#4567 = VECTOR('',#4568,1.);
#4568 = DIRECTION('',(0.,1.,0.));
#4569 = ORIENTED_EDGE('',*,*,#4570,.F.);
#4570 = EDGE_CURVE('',#4571,#4563,#4573,.T.);
#4571 = VERTEX_POINT('',#4572);
#4572 = CARTESIAN_POINT('',(102.999892,-58.99991,0.));
#4573 = CIRCLE('',#4574,1.99999850585);
#4574 = AXIS2_PLACEMENT_3D('',#4575,#4576,#4577);
#4575 = CARTESIAN_POINT('',(102.99989349415,-56.99991149415,0.));
#4576 = DIRECTION('',(0.,0.,1.));
#4577 = DIRECTION('',(-7.470757420593E-07,-1.,0.));
#4578 = ORIENTED_EDGE('',*,*,#4579,.F.);
#4579 = EDGE_CURVE('',#4580,#4571,#4582,.T.);
#4580 = VERTEX_POINT('',#4581);
#4581 = CARTESIAN_POINT('',(99.999892,-58.99991,0.));
#4582 = LINE('',#4583,#4584);
#4583 = CARTESIAN_POINT('',(99.999892,-58.99991,0.));
#4584 = VECTOR('',#4585,1.);
#4585 = DIRECTION('',(1.,0.,0.));
#4586 = ORIENTED_EDGE('',*,*,#4587,.F.);
#4587 = EDGE_CURVE('',#4539,#4580,#4588,.T.);
#4588 = CIRCLE('',#4589,1.99999850585);
#4589 = AXIS2_PLACEMENT_3D('',#4590,#4591,#4592);
#4590 = CARTESIAN_POINT('',(99.99989050585,-56.99991149415,0.));
#4591 = DIRECTION('',(0.,0.,1.));
#4592 = DIRECTION('',(-1.,7.470757420593E-07,0.));
#4593 = FACE_BOUND('',#4594,.F.);
#4594 = EDGE_LOOP('',(#4595));
#4595 = ORIENTED_EDGE('',*,*,#4596,.F.);
#4596 = EDGE_CURVE('',#4597,#4597,#4599,.T.);
#4597 = VERTEX_POINT('',#4598);
#4598 = CARTESIAN_POINT('',(107.999892,-50.99991,0.));
#4599 = CIRCLE('',#4600,0.5);
#4600 = AXIS2_PLACEMENT_3D('',#4601,#4602,#4603);
#4601 = CARTESIAN_POINT('',(107.499892,-50.99991,0.));
#4602 = DIRECTION('',(0.,0.,1.));
#4603 = DIRECTION('',(1.,0.,-0.));
#4604 = FACE_BOUND('',#4605,.F.);
#4605 = EDGE_LOOP('',(#4606));
#4606 = ORIENTED_EDGE('',*,*,#4607,.F.);
#4607 = EDGE_CURVE('',#4608,#4608,#4610,.T.);
#4608 = VERTEX_POINT('',#4609);
#4609 = CARTESIAN_POINT('',(107.999892,-47.99991,0.));
#4610 = CIRCLE('',#4611,0.5);
#4611 = AXIS2_PLACEMENT_3D('',#4612,#4613,#4614);
#4612 = CARTESIAN_POINT('',(107.499892,-47.99991,0.));
#4613 = DIRECTION('',(0.,0.,1.));
#4614 = DIRECTION('',(1.,0.,-0.));
#4615 = FACE_BOUND('',#4616,.F.);
#4616 = EDGE_LOOP('',(#4617));
#4617 = ORIENTED_EDGE('',*,*,#4618,.T.);
#4618 = EDGE_CURVE('',#4619,#4619,#4621,.T.);
#4619 = VERTEX_POINT('',#4620);
#4620 = CARTESIAN_POINT('',(107.499892,-45.59991,0.));
#4621 = CIRCLE('',#4622,0.6);
#4622 = AXIS2_PLACEMENT_3D('',#4623,#4624,#4625);
#4623 = CARTESIAN_POINT('',(107.499892,-44.99991,0.));
#4624 = DIRECTION('',(-0.,0.,-1.));
#4625 = DIRECTION('',(2.368475785867E-14,-1.,-0.));
#4626 = FACE_BOUND('',#4627,.F.);
#4627 = EDGE_LOOP('',(#4628,#4638,#4646,#4654,#4662,#4670,#4678,#4686,
    #4694,#4702,#4710,#4718));
#4628 = ORIENTED_EDGE('',*,*,#4629,.F.);
#4629 = EDGE_CURVE('',#4630,#4632,#4634,.T.);
#4630 = VERTEX_POINT('',#4631);
#4631 = CARTESIAN_POINT('',(61.999892,-19.99991,0.));
#4632 = VERTEX_POINT('',#4633);
#4633 = CARTESIAN_POINT('',(62.999892,-27.99991,0.));
#4634 = LINE('',#4635,#4636);
#4635 = CARTESIAN_POINT('',(61.999892,-19.99991,0.));
#4636 = VECTOR('',#4637,1.);
#4637 = DIRECTION('',(0.124034734589,-0.992277876714,0.));
#4638 = ORIENTED_EDGE('',*,*,#4639,.F.);
#4639 = EDGE_CURVE('',#4640,#4630,#4642,.T.);
#4640 = VERTEX_POINT('',#4641);
#4641 = CARTESIAN_POINT('',(61.999892,-18.99991,0.));
#4642 = LINE('',#4643,#4644);
#4643 = CARTESIAN_POINT('',(61.999892,-18.99991,0.));
#4644 = VECTOR('',#4645,1.);
#4645 = DIRECTION('',(0.,-1.,0.));
#4646 = ORIENTED_EDGE('',*,*,#4647,.F.);
#4647 = EDGE_CURVE('',#4648,#4640,#4650,.T.);
#4648 = VERTEX_POINT('',#4649);
#4649 = CARTESIAN_POINT('',(68.999892,-18.99991,0.));
#4650 = LINE('',#4651,#4652);
#4651 = CARTESIAN_POINT('',(68.999892,-18.99991,0.));
#4652 = VECTOR('',#4653,1.);
#4653 = DIRECTION('',(-1.,0.,0.));
#4654 = ORIENTED_EDGE('',*,*,#4655,.F.);
#4655 = EDGE_CURVE('',#4656,#4648,#4658,.T.);
#4656 = VERTEX_POINT('',#4657);
#4657 = CARTESIAN_POINT('',(68.999892,-20.99991,0.));
#4658 = LINE('',#4659,#4660);
#4659 = CARTESIAN_POINT('',(68.999892,-20.99991,0.));
#4660 = VECTOR('',#4661,1.);
#4661 = DIRECTION('',(0.,1.,0.));
#4662 = ORIENTED_EDGE('',*,*,#4663,.F.);
#4663 = EDGE_CURVE('',#4664,#4656,#4666,.T.);
#4664 = VERTEX_POINT('',#4665);
#4665 = CARTESIAN_POINT('',(67.999892,-27.99991,0.));
#4666 = LINE('',#4667,#4668);
#4667 = CARTESIAN_POINT('',(67.999892,-27.99991,0.));
#4668 = VECTOR('',#4669,1.);
#4669 = DIRECTION('',(0.141421356237,0.989949493661,0.));
#4670 = ORIENTED_EDGE('',*,*,#4671,.F.);
#4671 = EDGE_CURVE('',#4672,#4664,#4674,.T.);
#4672 = VERTEX_POINT('',#4673);
#4673 = CARTESIAN_POINT('',(67.999892,-34.99991,0.));
#4674 = LINE('',#4675,#4676);
#4675 = CARTESIAN_POINT('',(67.999892,-34.99991,0.));
#4676 = VECTOR('',#4677,1.);
#4677 = DIRECTION('',(0.,1.,0.));
#4678 = ORIENTED_EDGE('',*,*,#4679,.F.);
#4679 = EDGE_CURVE('',#4680,#4672,#4682,.T.);
#4680 = VERTEX_POINT('',#4681);
#4681 = CARTESIAN_POINT('',(68.999892,-42.99991,0.));
#4682 = LINE('',#4683,#4684);
#4683 = CARTESIAN_POINT('',(68.999892,-42.99991,0.));
#4684 = VECTOR('',#4685,1.);
#4685 = DIRECTION('',(-0.124034734589,0.992277876714,0.));
#4686 = ORIENTED_EDGE('',*,*,#4687,.F.);
#4687 = EDGE_CURVE('',#4688,#4680,#4690,.T.);
#4688 = VERTEX_POINT('',#4689);
#4689 = CARTESIAN_POINT('',(68.999892,-43.99991,0.));
#4690 = LINE('',#4691,#4692);
#4691 = CARTESIAN_POINT('',(68.999892,-43.99991,0.));
#4692 = VECTOR('',#4693,1.);
#4693 = DIRECTION('',(0.,1.,0.));
#4694 = ORIENTED_EDGE('',*,*,#4695,.F.);
#4695 = EDGE_CURVE('',#4696,#4688,#4698,.T.);
#4696 = VERTEX_POINT('',#4697);
#4697 = CARTESIAN_POINT('',(61.999892,-43.99991,0.));
#4698 = LINE('',#4699,#4700);
#4699 = CARTESIAN_POINT('',(61.999892,-43.99991,0.));
#4700 = VECTOR('',#4701,1.);
#4701 = DIRECTION('',(1.,0.,0.));
#4702 = ORIENTED_EDGE('',*,*,#4703,.F.);
#4703 = EDGE_CURVE('',#4704,#4696,#4706,.T.);
#4704 = VERTEX_POINT('',#4705);
#4705 = CARTESIAN_POINT('',(61.999892,-42.99991,0.));
#4706 = LINE('',#4707,#4708);
#4707 = CARTESIAN_POINT('',(61.999892,-42.99991,0.));
#4708 = VECTOR('',#4709,1.);
#4709 = DIRECTION('',(0.,-1.,0.));
#4710 = ORIENTED_EDGE('',*,*,#4711,.F.);
#4711 = EDGE_CURVE('',#4712,#4704,#4714,.T.);
#4712 = VERTEX_POINT('',#4713);
#4713 = CARTESIAN_POINT('',(62.999892,-34.99991,0.));
#4714 = LINE('',#4715,#4716);
#4715 = CARTESIAN_POINT('',(62.999892,-34.99991,0.));
#4716 = VECTOR('',#4717,1.);
#4717 = DIRECTION('',(-0.124034734589,-0.992277876714,0.));
#4718 = ORIENTED_EDGE('',*,*,#4719,.F.);
#4719 = EDGE_CURVE('',#4632,#4712,#4720,.T.);
#4720 = LINE('',#4721,#4722);
#4721 = CARTESIAN_POINT('',(62.999892,-27.99991,0.));
#4722 = VECTOR('',#4723,1.);
#4723 = DIRECTION('',(0.,-1.,0.));
#4724 = FACE_BOUND('',#4725,.F.);
#4725 = EDGE_LOOP('',(#4726,#4736,#4744,#4752,#4760,#4768,#4776,#4784,
    #4792,#4800,#4808,#4816));
#4726 = ORIENTED_EDGE('',*,*,#4727,.F.);
#4727 = EDGE_CURVE('',#4728,#4730,#4732,.T.);
#4728 = VERTEX_POINT('',#4729);
#4729 = CARTESIAN_POINT('',(73.999892,-19.99991,0.));
#4730 = VERTEX_POINT('',#4731);
#4731 = CARTESIAN_POINT('',(74.999892,-27.99991,0.));
#4732 = LINE('',#4733,#4734);
#4733 = CARTESIAN_POINT('',(73.999892,-19.99991,0.));
#4734 = VECTOR('',#4735,1.);
#4735 = DIRECTION('',(0.124034734589,-0.992277876714,0.));
#4736 = ORIENTED_EDGE('',*,*,#4737,.F.);
#4737 = EDGE_CURVE('',#4738,#4728,#4740,.T.);
#4738 = VERTEX_POINT('',#4739);
#4739 = CARTESIAN_POINT('',(73.999892,-18.99991,0.));
#4740 = LINE('',#4741,#4742);
#4741 = CARTESIAN_POINT('',(73.999892,-18.99991,0.));
#4742 = VECTOR('',#4743,1.);
#4743 = DIRECTION('',(0.,-1.,0.));
#4744 = ORIENTED_EDGE('',*,*,#4745,.F.);
#4745 = EDGE_CURVE('',#4746,#4738,#4748,.T.);
#4746 = VERTEX_POINT('',#4747);
#4747 = CARTESIAN_POINT('',(80.999892,-18.99991,0.));
#4748 = LINE('',#4749,#4750);
#4749 = CARTESIAN_POINT('',(80.999892,-18.99991,0.));
#4750 = VECTOR('',#4751,1.);
#4751 = DIRECTION('',(-1.,0.,0.));
#4752 = ORIENTED_EDGE('',*,*,#4753,.F.);
#4753 = EDGE_CURVE('',#4754,#4746,#4756,.T.);
#4754 = VERTEX_POINT('',#4755);
#4755 = CARTESIAN_POINT('',(80.999892,-20.99991,0.));
#4756 = LINE('',#4757,#4758);
#4757 = CARTESIAN_POINT('',(80.999892,-20.99991,0.));
#4758 = VECTOR('',#4759,1.);
#4759 = DIRECTION('',(0.,1.,0.));
#4760 = ORIENTED_EDGE('',*,*,#4761,.F.);
#4761 = EDGE_CURVE('',#4762,#4754,#4764,.T.);
#4762 = VERTEX_POINT('',#4763);
#4763 = CARTESIAN_POINT('',(79.999892,-27.99991,0.));
#4764 = LINE('',#4765,#4766);
#4765 = CARTESIAN_POINT('',(79.999892,-27.99991,0.));
#4766 = VECTOR('',#4767,1.);
#4767 = DIRECTION('',(0.141421356237,0.989949493661,0.));
#4768 = ORIENTED_EDGE('',*,*,#4769,.F.);
#4769 = EDGE_CURVE('',#4770,#4762,#4772,.T.);
#4770 = VERTEX_POINT('',#4771);
#4771 = CARTESIAN_POINT('',(79.999892,-34.99991,0.));
#4772 = LINE('',#4773,#4774);
#4773 = CARTESIAN_POINT('',(79.999892,-34.99991,0.));
#4774 = VECTOR('',#4775,1.);
#4775 = DIRECTION('',(0.,1.,0.));
#4776 = ORIENTED_EDGE('',*,*,#4777,.F.);
#4777 = EDGE_CURVE('',#4778,#4770,#4780,.T.);
#4778 = VERTEX_POINT('',#4779);
#4779 = CARTESIAN_POINT('',(80.999892,-42.99991,0.));
#4780 = LINE('',#4781,#4782);
#4781 = CARTESIAN_POINT('',(80.999892,-42.99991,0.));
#4782 = VECTOR('',#4783,1.);
#4783 = DIRECTION('',(-0.124034734589,0.992277876714,0.));
#4784 = ORIENTED_EDGE('',*,*,#4785,.F.);
#4785 = EDGE_CURVE('',#4786,#4778,#4788,.T.);
#4786 = VERTEX_POINT('',#4787);
#4787 = CARTESIAN_POINT('',(80.999892,-43.99991,0.));
#4788 = LINE('',#4789,#4790);
#4789 = CARTESIAN_POINT('',(80.999892,-43.99991,0.));
#4790 = VECTOR('',#4791,1.);
#4791 = DIRECTION('',(0.,1.,0.));
#4792 = ORIENTED_EDGE('',*,*,#4793,.F.);
#4793 = EDGE_CURVE('',#4794,#4786,#4796,.T.);
#4794 = VERTEX_POINT('',#4795);
#4795 = CARTESIAN_POINT('',(73.999892,-43.99991,0.));
#4796 = LINE('',#4797,#4798);
#4797 = CARTESIAN_POINT('',(73.999892,-43.99991,0.));
#4798 = VECTOR('',#4799,1.);
#4799 = DIRECTION('',(1.,0.,0.));
#4800 = ORIENTED_EDGE('',*,*,#4801,.F.);
#4801 = EDGE_CURVE('',#4802,#4794,#4804,.T.);
#4802 = VERTEX_POINT('',#4803);
#4803 = CARTESIAN_POINT('',(73.999892,-42.99991,0.));
#4804 = LINE('',#4805,#4806);
#4805 = CARTESIAN_POINT('',(73.999892,-42.99991,0.));
#4806 = VECTOR('',#4807,1.);
#4807 = DIRECTION('',(0.,-1.,0.));
#4808 = ORIENTED_EDGE('',*,*,#4809,.F.);
#4809 = EDGE_CURVE('',#4810,#4802,#4812,.T.);
#4810 = VERTEX_POINT('',#4811);
#4811 = CARTESIAN_POINT('',(74.999892,-34.99991,0.));
#4812 = LINE('',#4813,#4814);
#4813 = CARTESIAN_POINT('',(74.999892,-34.99991,0.));
#4814 = VECTOR('',#4815,1.);
#4815 = DIRECTION('',(-0.124034734589,-0.992277876714,0.));
#4816 = ORIENTED_EDGE('',*,*,#4817,.F.);
#4817 = EDGE_CURVE('',#4730,#4810,#4818,.T.);
#4818 = LINE('',#4819,#4820);
#4819 = CARTESIAN_POINT('',(74.999892,-27.99991,0.));
#4820 = VECTOR('',#4821,1.);
#4821 = DIRECTION('',(0.,-1.,0.));
#4822 = FACE_BOUND('',#4823,.F.);
#4823 = EDGE_LOOP('',(#4824));
#4824 = ORIENTED_EDGE('',*,*,#4825,.T.);
#4825 = EDGE_CURVE('',#4826,#4826,#4828,.T.);
#4826 = VERTEX_POINT('',#4827);
#4827 = CARTESIAN_POINT('',(71.499892,-18.59991,0.));
#4828 = CIRCLE('',#4829,0.6);
#4829 = AXIS2_PLACEMENT_3D('',#4830,#4831,#4832);
#4830 = CARTESIAN_POINT('',(71.499892,-17.99991,0.));
#4831 = DIRECTION('',(-0.,0.,-1.));
#4832 = DIRECTION('',(2.368475785867E-14,-1.,-0.));
#4833 = FACE_BOUND('',#4834,.F.);
#4834 = EDGE_LOOP('',(#4835));
#4835 = ORIENTED_EDGE('',*,*,#4836,.T.);
#4836 = EDGE_CURVE('',#4837,#4837,#4839,.T.);
#4837 = VERTEX_POINT('',#4838);
#4838 = CARTESIAN_POINT('',(83.499892,-18.59991,0.));
#4839 = CIRCLE('',#4840,0.6);
#4840 = AXIS2_PLACEMENT_3D('',#4841,#4842,#4843);
#4841 = CARTESIAN_POINT('',(83.499892,-17.99991,0.));
#4842 = DIRECTION('',(-0.,0.,-1.));
#4843 = DIRECTION('',(2.368475785867E-14,-1.,-0.));
#4844 = FACE_BOUND('',#4845,.F.);
#4845 = EDGE_LOOP('',(#4846,#4856,#4864,#4872,#4880,#4888,#4896,#4904,
    #4912,#4920,#4928,#4936));
#4846 = ORIENTED_EDGE('',*,*,#4847,.F.);
#4847 = EDGE_CURVE('',#4848,#4850,#4852,.T.);
#4848 = VERTEX_POINT('',#4849);
#4849 = CARTESIAN_POINT('',(85.999892,-19.99991,0.));
#4850 = VERTEX_POINT('',#4851);
#4851 = CARTESIAN_POINT('',(86.999892,-27.99991,0.));
#4852 = LINE('',#4853,#4854);
#4853 = CARTESIAN_POINT('',(85.999892,-19.99991,0.));
#4854 = VECTOR('',#4855,1.);
#4855 = DIRECTION('',(0.124034734589,-0.992277876714,0.));
#4856 = ORIENTED_EDGE('',*,*,#4857,.F.);
#4857 = EDGE_CURVE('',#4858,#4848,#4860,.T.);
#4858 = VERTEX_POINT('',#4859);
#4859 = CARTESIAN_POINT('',(85.999892,-18.99991,0.));
#4860 = LINE('',#4861,#4862);
#4861 = CARTESIAN_POINT('',(85.999892,-18.99991,0.));
#4862 = VECTOR('',#4863,1.);
#4863 = DIRECTION('',(0.,-1.,0.));
#4864 = ORIENTED_EDGE('',*,*,#4865,.F.);
#4865 = EDGE_CURVE('',#4866,#4858,#4868,.T.);
#4866 = VERTEX_POINT('',#4867);
#4867 = CARTESIAN_POINT('',(92.999892,-18.99991,0.));
#4868 = LINE('',#4869,#4870);
#4869 = CARTESIAN_POINT('',(92.999892,-18.99991,0.));
#4870 = VECTOR('',#4871,1.);
#4871 = DIRECTION('',(-1.,0.,0.));
#4872 = ORIENTED_EDGE('',*,*,#4873,.F.);
#4873 = EDGE_CURVE('',#4874,#4866,#4876,.T.);
#4874 = VERTEX_POINT('',#4875);
#4875 = CARTESIAN_POINT('',(92.999892,-20.99991,0.));
#4876 = LINE('',#4877,#4878);
#4877 = CARTESIAN_POINT('',(92.999892,-20.99991,0.));
#4878 = VECTOR('',#4879,1.);
#4879 = DIRECTION('',(0.,1.,0.));
#4880 = ORIENTED_EDGE('',*,*,#4881,.F.);
#4881 = EDGE_CURVE('',#4882,#4874,#4884,.T.);
#4882 = VERTEX_POINT('',#4883);
#4883 = CARTESIAN_POINT('',(91.999892,-27.99991,0.));
#4884 = LINE('',#4885,#4886);
#4885 = CARTESIAN_POINT('',(91.999892,-27.99991,0.));
#4886 = VECTOR('',#4887,1.);
#4887 = DIRECTION('',(0.141421356237,0.989949493661,0.));
#4888 = ORIENTED_EDGE('',*,*,#4889,.F.);
#4889 = EDGE_CURVE('',#4890,#4882,#4892,.T.);
#4890 = VERTEX_POINT('',#4891);
#4891 = CARTESIAN_POINT('',(91.999892,-34.99991,0.));
#4892 = LINE('',#4893,#4894);
#4893 = CARTESIAN_POINT('',(91.999892,-34.99991,0.));
#4894 = VECTOR('',#4895,1.);
#4895 = DIRECTION('',(0.,1.,0.));
#4896 = ORIENTED_EDGE('',*,*,#4897,.F.);
#4897 = EDGE_CURVE('',#4898,#4890,#4900,.T.);
#4898 = VERTEX_POINT('',#4899);
#4899 = CARTESIAN_POINT('',(92.999892,-42.99991,0.));
#4900 = LINE('',#4901,#4902);
#4901 = CARTESIAN_POINT('',(92.999892,-42.99991,0.));
#4902 = VECTOR('',#4903,1.);
#4903 = DIRECTION('',(-0.124034734589,0.992277876714,0.));
#4904 = ORIENTED_EDGE('',*,*,#4905,.F.);
#4905 = EDGE_CURVE('',#4906,#4898,#4908,.T.);
#4906 = VERTEX_POINT('',#4907);
#4907 = CARTESIAN_POINT('',(92.999892,-43.99991,0.));
#4908 = LINE('',#4909,#4910);
#4909 = CARTESIAN_POINT('',(92.999892,-43.99991,0.));
#4910 = VECTOR('',#4911,1.);
#4911 = DIRECTION('',(0.,1.,0.));
#4912 = ORIENTED_EDGE('',*,*,#4913,.F.);
#4913 = EDGE_CURVE('',#4914,#4906,#4916,.T.);
#4914 = VERTEX_POINT('',#4915);
#4915 = CARTESIAN_POINT('',(85.999892,-43.99991,0.));
#4916 = LINE('',#4917,#4918);
#4917 = CARTESIAN_POINT('',(85.999892,-43.99991,0.));
#4918 = VECTOR('',#4919,1.);
#4919 = DIRECTION('',(1.,0.,0.));
#4920 = ORIENTED_EDGE('',*,*,#4921,.F.);
#4921 = EDGE_CURVE('',#4922,#4914,#4924,.T.);
#4922 = VERTEX_POINT('',#4923);
#4923 = CARTESIAN_POINT('',(85.999892,-42.99991,0.));
#4924 = LINE('',#4925,#4926);
#4925 = CARTESIAN_POINT('',(85.999892,-42.99991,0.));
#4926 = VECTOR('',#4927,1.);
#4927 = DIRECTION('',(0.,-1.,0.));
#4928 = ORIENTED_EDGE('',*,*,#4929,.F.);
#4929 = EDGE_CURVE('',#4930,#4922,#4932,.T.);
#4930 = VERTEX_POINT('',#4931);
#4931 = CARTESIAN_POINT('',(86.999892,-34.99991,0.));
#4932 = LINE('',#4933,#4934);
#4933 = CARTESIAN_POINT('',(86.999892,-34.99991,0.));
#4934 = VECTOR('',#4935,1.);
#4935 = DIRECTION('',(-0.124034734589,-0.992277876714,0.));
#4936 = ORIENTED_EDGE('',*,*,#4937,.F.);
#4937 = EDGE_CURVE('',#4850,#4930,#4938,.T.);
#4938 = LINE('',#4939,#4940);
#4939 = CARTESIAN_POINT('',(86.999892,-27.99991,0.));
#4940 = VECTOR('',#4941,1.);
#4941 = DIRECTION('',(0.,-1.,0.));
#4942 = FACE_BOUND('',#4943,.F.);
#4943 = EDGE_LOOP('',(#4944,#4954,#4962,#4970,#4978,#4986,#4994,#5002,
    #5010,#5018,#5026,#5034));
#4944 = ORIENTED_EDGE('',*,*,#4945,.F.);
#4945 = EDGE_CURVE('',#4946,#4948,#4950,.T.);
#4946 = VERTEX_POINT('',#4947);
#4947 = CARTESIAN_POINT('',(97.999892,-19.99991,0.));
#4948 = VERTEX_POINT('',#4949);
#4949 = CARTESIAN_POINT('',(98.999892,-27.99991,0.));
#4950 = LINE('',#4951,#4952);
#4951 = CARTESIAN_POINT('',(97.999892,-19.99991,0.));
#4952 = VECTOR('',#4953,1.);
#4953 = DIRECTION('',(0.124034734589,-0.992277876714,0.));
#4954 = ORIENTED_EDGE('',*,*,#4955,.F.);
#4955 = EDGE_CURVE('',#4956,#4946,#4958,.T.);
#4956 = VERTEX_POINT('',#4957);
#4957 = CARTESIAN_POINT('',(97.999892,-18.99991,0.));
#4958 = LINE('',#4959,#4960);
#4959 = CARTESIAN_POINT('',(97.999892,-18.99991,0.));
#4960 = VECTOR('',#4961,1.);
#4961 = DIRECTION('',(0.,-1.,0.));
#4962 = ORIENTED_EDGE('',*,*,#4963,.F.);
#4963 = EDGE_CURVE('',#4964,#4956,#4966,.T.);
#4964 = VERTEX_POINT('',#4965);
#4965 = CARTESIAN_POINT('',(104.999892,-18.99991,0.));
#4966 = LINE('',#4967,#4968);
#4967 = CARTESIAN_POINT('',(104.999892,-18.99991,0.));
#4968 = VECTOR('',#4969,1.);
#4969 = DIRECTION('',(-1.,0.,0.));
#4970 = ORIENTED_EDGE('',*,*,#4971,.F.);
#4971 = EDGE_CURVE('',#4972,#4964,#4974,.T.);
#4972 = VERTEX_POINT('',#4973);
#4973 = CARTESIAN_POINT('',(104.999892,-20.99991,0.));
#4974 = LINE('',#4975,#4976);
#4975 = CARTESIAN_POINT('',(104.999892,-20.99991,0.));
#4976 = VECTOR('',#4977,1.);
#4977 = DIRECTION('',(0.,1.,0.));
#4978 = ORIENTED_EDGE('',*,*,#4979,.F.);
#4979 = EDGE_CURVE('',#4980,#4972,#4982,.T.);
#4980 = VERTEX_POINT('',#4981);
#4981 = CARTESIAN_POINT('',(103.999892,-27.99991,0.));
#4982 = LINE('',#4983,#4984);
#4983 = CARTESIAN_POINT('',(103.999892,-27.99991,0.));
#4984 = VECTOR('',#4985,1.);
#4985 = DIRECTION('',(0.141421356237,0.989949493661,0.));
#4986 = ORIENTED_EDGE('',*,*,#4987,.F.);
#4987 = EDGE_CURVE('',#4988,#4980,#4990,.T.);
#4988 = VERTEX_POINT('',#4989);
#4989 = CARTESIAN_POINT('',(103.999892,-34.99991,0.));
#4990 = LINE('',#4991,#4992);
#4991 = CARTESIAN_POINT('',(103.999892,-34.99991,0.));
#4992 = VECTOR('',#4993,1.);
#4993 = DIRECTION('',(0.,1.,0.));
#4994 = ORIENTED_EDGE('',*,*,#4995,.F.);
#4995 = EDGE_CURVE('',#4996,#4988,#4998,.T.);
#4996 = VERTEX_POINT('',#4997);
#4997 = CARTESIAN_POINT('',(104.999892,-42.99991,0.));
#4998 = LINE('',#4999,#5000);
#4999 = CARTESIAN_POINT('',(104.999892,-42.99991,0.));
#5000 = VECTOR('',#5001,1.);
#5001 = DIRECTION('',(-0.124034734589,0.992277876714,0.));
#5002 = ORIENTED_EDGE('',*,*,#5003,.F.);
#5003 = EDGE_CURVE('',#5004,#4996,#5006,.T.);
#5004 = VERTEX_POINT('',#5005);
#5005 = CARTESIAN_POINT('',(104.999892,-43.99991,0.));
#5006 = LINE('',#5007,#5008);
#5007 = CARTESIAN_POINT('',(104.999892,-43.99991,0.));
#5008 = VECTOR('',#5009,1.);
#5009 = DIRECTION('',(0.,1.,0.));
#5010 = ORIENTED_EDGE('',*,*,#5011,.F.);
#5011 = EDGE_CURVE('',#5012,#5004,#5014,.T.);
#5012 = VERTEX_POINT('',#5013);
#5013 = CARTESIAN_POINT('',(97.999892,-43.99991,0.));
#5014 = LINE('',#5015,#5016);
#5015 = CARTESIAN_POINT('',(97.999892,-43.99991,0.));
#5016 = VECTOR('',#5017,1.);
#5017 = DIRECTION('',(1.,0.,0.));
#5018 = ORIENTED_EDGE('',*,*,#5019,.F.);
#5019 = EDGE_CURVE('',#5020,#5012,#5022,.T.);
#5020 = VERTEX_POINT('',#5021);
#5021 = CARTESIAN_POINT('',(97.999892,-42.99991,0.));
#5022 = LINE('',#5023,#5024);
#5023 = CARTESIAN_POINT('',(97.999892,-42.99991,0.));
#5024 = VECTOR('',#5025,1.);
#5025 = DIRECTION('',(0.,-1.,0.));
#5026 = ORIENTED_EDGE('',*,*,#5027,.F.);
#5027 = EDGE_CURVE('',#5028,#5020,#5030,.T.);
#5028 = VERTEX_POINT('',#5029);
#5029 = CARTESIAN_POINT('',(98.999892,-34.99991,0.));
#5030 = LINE('',#5031,#5032);
#5031 = CARTESIAN_POINT('',(98.999892,-34.99991,0.));
#5032 = VECTOR('',#5033,1.);
#5033 = DIRECTION('',(-0.124034734589,-0.992277876714,0.));
#5034 = ORIENTED_EDGE('',*,*,#5035,.F.);
#5035 = EDGE_CURVE('',#4948,#5028,#5036,.T.);
#5036 = LINE('',#5037,#5038);
#5037 = CARTESIAN_POINT('',(98.999892,-27.99991,0.));
#5038 = VECTOR('',#5039,1.);
#5039 = DIRECTION('',(0.,-1.,0.));
#5040 = FACE_BOUND('',#5041,.F.);
#5041 = EDGE_LOOP('',(#5042));
#5042 = ORIENTED_EDGE('',*,*,#5043,.T.);
#5043 = EDGE_CURVE('',#5044,#5044,#5046,.T.);
#5044 = VERTEX_POINT('',#5045);
#5045 = CARTESIAN_POINT('',(95.499892,-18.59991,0.));
#5046 = CIRCLE('',#5047,0.6);
#5047 = AXIS2_PLACEMENT_3D('',#5048,#5049,#5050);
#5048 = CARTESIAN_POINT('',(95.499892,-17.99991,0.));
#5049 = DIRECTION('',(-0.,0.,-1.));
#5050 = DIRECTION('',(2.368475785867E-14,-1.,-0.));
#5051 = FACE_BOUND('',#5052,.F.);
#5052 = EDGE_LOOP('',(#5053));
#5053 = ORIENTED_EDGE('',*,*,#5054,.T.);
#5054 = EDGE_CURVE('',#5055,#5055,#5057,.T.);
#5055 = VERTEX_POINT('',#5056);
#5056 = CARTESIAN_POINT('',(107.499892,-18.59991,0.));
#5057 = CIRCLE('',#5058,0.6);
#5058 = AXIS2_PLACEMENT_3D('',#5059,#5060,#5061);
#5059 = CARTESIAN_POINT('',(107.499892,-17.99991,0.));
#5060 = DIRECTION('',(-0.,0.,-1.));
#5061 = DIRECTION('',(2.368475785867E-14,-1.,-0.));
#5062 = PLANE('',#5063);
#5063 = AXIS2_PLACEMENT_3D('',#5064,#5065,#5066);
#5064 = CARTESIAN_POINT('',(0.,0.,0.));
#5065 = DIRECTION('',(0.,0.,1.));
#5066 = DIRECTION('',(1.,0.,-0.));
#5067 = ADVANCED_FACE('',(#5068,#5831,#5842,#5853,#5951,#6049,#6060,
    #6071,#6169,#6180,#6191,#6202,#6262,#6273,#6284,#6295,#6355,#6366,
    #6377,#6388,#6399,#6410,#6421,#6432,#6502,#6513,#6524,#6535,#6546,
    #6557,#6568,#6638,#6649,#6660,#6671,#6731,#6742,#6753,#6764,#6775,
    #6786,#6797,#6808,#6819,#6830,#6900,#6911,#6922,#6933,#6944,#7042,
    #7140,#7151,#7162,#7260,#7358,#7369,#7429,#7440,#7451,#7462,#7522,
    #7533,#7544,#7555,#7566,#7577,#7588,#7658,#7669,#7680,#7691,#7702,
    #7713,#7773,#7784,#7795,#7806,#7866,#7877,#7888,#7899,#7910,#7980,
    #7991,#8002,#8013,#8024,#8035,#8046,#8116,#8127,#8138,#8149,#8160,
    #8171,#8182,#8193,#8204,#8215,#8226,#8237,#8248,#8259,#8270,#8281,
    #8292,#8352,#8363,#8374,#8385,#8445,#8456,#8467,#8478,#8489,#8500,
    #8511,#8522,#8533,#8544,#8555,#8615,#8626,#8637,#8648,#8659,#8757,
    #8855,#8866,#8877,#8975,#8986,#8997,#9008,#9019,#9030,#9041,#9052,
    #9063,#9074,#9134,#9145,#9156,#9167,#9227,#9238,#9249,#9260,#9271,
    #9282,#9293,#9304,#9315,#9326,#9337,#9348,#9359,#9370,#9430,#9441,
    #9452,#9463,#9523,#9534,#9545,#9556,#9654,#9752,#9763,#9774,#9872,
    #9970,#9981),#9992,.T.);
#5068 = FACE_BOUND('',#5069,.T.);
#5069 = EDGE_LOOP('',(#5070,#5071,#5072,#5080,#5088,#5096,#5104,#5112,
    #5120,#5128,#5136,#5144,#5152,#5160,#5168,#5176,#5184,#5192,#5200,
    #5208,#5216,#5224,#5232,#5240,#5248,#5256,#5264,#5272,#5280,#5288,
    #5296,#5304,#5312,#5320,#5328,#5336,#5344,#5352,#5360,#5368,#5376,
    #5384,#5392,#5400,#5408,#5416,#5424,#5432,#5440,#5448,#5456,#5464,
    #5472,#5480,#5488,#5496,#5504,#5512,#5520,#5528,#5536,#5544,#5552,
    #5560,#5568,#5576,#5584,#5592,#5600,#5608,#5616,#5624,#5632,#5640,
    #5648,#5656,#5664,#5672,#5680,#5688,#5696,#5704,#5712,#5720,#5728,
    #5736,#5744,#5752,#5760,#5768,#5776,#5784,#5792,#5800,#5808,#5816,
    #5824,#5830));
#5070 = ORIENTED_EDGE('',*,*,#49,.F.);
#5071 = ORIENTED_EDGE('',*,*,#89,.F.);
#5072 = ORIENTED_EDGE('',*,*,#5073,.F.);
#5073 = EDGE_CURVE('',#5074,#82,#5076,.T.);
#5074 = VERTEX_POINT('',#5075);
#5075 = CARTESIAN_POINT('',(20.999892,-15.99991,0.11));
#5076 = LINE('',#5077,#5078);
#5077 = CARTESIAN_POINT('',(20.999892,-15.99991,0.11));
#5078 = VECTOR('',#5079,1.);
#5079 = DIRECTION('',(1.,0.,0.));
#5080 = ORIENTED_EDGE('',*,*,#5081,.F.);
#5081 = EDGE_CURVE('',#5082,#5074,#5084,.T.);
#5082 = VERTEX_POINT('',#5083);
#5083 = CARTESIAN_POINT('',(20.999892,-16.99991,0.11));
#5084 = LINE('',#5085,#5086);
#5085 = CARTESIAN_POINT('',(20.999892,-16.99991,0.11));
#5086 = VECTOR('',#5087,1.);
#5087 = DIRECTION('',(0.,1.,0.));
#5088 = ORIENTED_EDGE('',*,*,#5089,.F.);
#5089 = EDGE_CURVE('',#5090,#5082,#5092,.T.);
#5090 = VERTEX_POINT('',#5091);
#5091 = CARTESIAN_POINT('',(20.999892,-18.99991,0.11));
#5092 = LINE('',#5093,#5094);
#5093 = CARTESIAN_POINT('',(20.999892,-18.99991,0.11));
#5094 = VECTOR('',#5095,1.);
#5095 = DIRECTION('',(0.,1.,0.));
#5096 = ORIENTED_EDGE('',*,*,#5097,.F.);
#5097 = EDGE_CURVE('',#5098,#5090,#5100,.T.);
#5098 = VERTEX_POINT('',#5099);
#5099 = CARTESIAN_POINT('',(20.999892,-20.99991,0.11));
#5100 = LINE('',#5101,#5102);
#5101 = CARTESIAN_POINT('',(20.999892,-20.99991,0.11));
#5102 = VECTOR('',#5103,1.);
#5103 = DIRECTION('',(0.,1.,0.));
#5104 = ORIENTED_EDGE('',*,*,#5105,.F.);
#5105 = EDGE_CURVE('',#5106,#5098,#5108,.T.);
#5106 = VERTEX_POINT('',#5107);
#5107 = CARTESIAN_POINT('',(19.999892,-27.99991,0.11));
#5108 = LINE('',#5109,#5110);
#5109 = CARTESIAN_POINT('',(19.999892,-27.99991,0.11));
#5110 = VECTOR('',#5111,1.);
#5111 = DIRECTION('',(0.141421356237,0.989949493661,0.));
#5112 = ORIENTED_EDGE('',*,*,#5113,.F.);
#5113 = EDGE_CURVE('',#5114,#5106,#5116,.T.);
#5114 = VERTEX_POINT('',#5115);
#5115 = CARTESIAN_POINT('',(19.999892,-34.99991,0.11));
#5116 = LINE('',#5117,#5118);
#5117 = CARTESIAN_POINT('',(19.999892,-34.99991,0.11));
#5118 = VECTOR('',#5119,1.);
#5119 = DIRECTION('',(0.,1.,0.));
#5120 = ORIENTED_EDGE('',*,*,#5121,.F.);
#5121 = EDGE_CURVE('',#5122,#5114,#5124,.T.);
#5122 = VERTEX_POINT('',#5123);
#5123 = CARTESIAN_POINT('',(20.999892,-42.99991,0.11));
#5124 = LINE('',#5125,#5126);
#5125 = CARTESIAN_POINT('',(20.999892,-42.99991,0.11));
#5126 = VECTOR('',#5127,1.);
#5127 = DIRECTION('',(-0.124034734589,0.992277876714,0.));
#5128 = ORIENTED_EDGE('',*,*,#5129,.F.);
#5129 = EDGE_CURVE('',#5130,#5122,#5132,.T.);
#5130 = VERTEX_POINT('',#5131);
#5131 = CARTESIAN_POINT('',(20.999892,-43.99991,0.11));
#5132 = LINE('',#5133,#5134);
#5133 = CARTESIAN_POINT('',(20.999892,-43.99991,0.11));
#5134 = VECTOR('',#5135,1.);
#5135 = DIRECTION('',(0.,1.,0.));
#5136 = ORIENTED_EDGE('',*,*,#5137,.F.);
#5137 = EDGE_CURVE('',#5138,#5130,#5140,.T.);
#5138 = VERTEX_POINT('',#5139);
#5139 = CARTESIAN_POINT('',(20.999892,-45.99991,0.11));
#5140 = LINE('',#5141,#5142);
#5141 = CARTESIAN_POINT('',(20.999892,-45.99991,0.11));
#5142 = VECTOR('',#5143,1.);
#5143 = DIRECTION('',(0.,1.,0.));
#5144 = ORIENTED_EDGE('',*,*,#5145,.F.);
#5145 = EDGE_CURVE('',#5146,#5138,#5148,.T.);
#5146 = VERTEX_POINT('',#5147);
#5147 = CARTESIAN_POINT('',(20.999892,-58.99991,0.11));
#5148 = LINE('',#5149,#5150);
#5149 = CARTESIAN_POINT('',(20.999892,-58.99991,0.11));
#5150 = VECTOR('',#5151,1.);
#5151 = DIRECTION('',(0.,1.,0.));
#5152 = ORIENTED_EDGE('',*,*,#5153,.F.);
#5153 = EDGE_CURVE('',#5154,#5146,#5156,.T.);
#5154 = VERTEX_POINT('',#5155);
#5155 = CARTESIAN_POINT('',(20.999892,-72.99991,0.11));
#5156 = LINE('',#5157,#5158);
#5157 = CARTESIAN_POINT('',(20.999892,-72.99991,0.11));
#5158 = VECTOR('',#5159,1.);
#5159 = DIRECTION('',(0.,1.,0.));
#5160 = ORIENTED_EDGE('',*,*,#5161,.F.);
#5161 = EDGE_CURVE('',#5162,#5154,#5164,.T.);
#5162 = VERTEX_POINT('',#5163);
#5163 = CARTESIAN_POINT('',(20.999892,-85.99991,0.11));
#5164 = LINE('',#5165,#5166);
#5165 = CARTESIAN_POINT('',(20.999892,-85.99991,0.11));
#5166 = VECTOR('',#5167,1.);
#5167 = DIRECTION('',(0.,1.,0.));
#5168 = ORIENTED_EDGE('',*,*,#5169,.F.);
#5169 = EDGE_CURVE('',#5170,#5162,#5172,.T.);
#5170 = VERTEX_POINT('',#5171);
#5171 = CARTESIAN_POINT('',(20.999892,-87.99991,0.11));
#5172 = LINE('',#5173,#5174);
#5173 = CARTESIAN_POINT('',(20.999892,-87.99991,0.11));
#5174 = VECTOR('',#5175,1.);
#5175 = DIRECTION('',(0.,1.,0.));
#5176 = ORIENTED_EDGE('',*,*,#5177,.F.);
#5177 = EDGE_CURVE('',#5178,#5170,#5180,.T.);
#5178 = VERTEX_POINT('',#5179);
#5179 = CARTESIAN_POINT('',(20.999892,-88.99991,0.11));
#5180 = LINE('',#5181,#5182);
#5181 = CARTESIAN_POINT('',(20.999892,-88.99991,0.11));
#5182 = VECTOR('',#5183,1.);
#5183 = DIRECTION('',(0.,1.,0.));
#5184 = ORIENTED_EDGE('',*,*,#5185,.F.);
#5185 = EDGE_CURVE('',#5186,#5178,#5188,.T.);
#5186 = VERTEX_POINT('',#5187);
#5187 = CARTESIAN_POINT('',(19.999892,-96.99991,0.11));
#5188 = LINE('',#5189,#5190);
#5189 = CARTESIAN_POINT('',(19.999892,-96.99991,0.11));
#5190 = VECTOR('',#5191,1.);
#5191 = DIRECTION('',(0.124034734589,0.992277876714,0.));
#5192 = ORIENTED_EDGE('',*,*,#5193,.F.);
#5193 = EDGE_CURVE('',#5194,#5186,#5196,.T.);
#5194 = VERTEX_POINT('',#5195);
#5195 = CARTESIAN_POINT('',(19.999892,-103.99991,0.11));
#5196 = LINE('',#5197,#5198);
#5197 = CARTESIAN_POINT('',(19.999892,-103.99991,0.11));
#5198 = VECTOR('',#5199,1.);
#5199 = DIRECTION('',(0.,1.,0.));
#5200 = ORIENTED_EDGE('',*,*,#5201,.F.);
#5201 = EDGE_CURVE('',#5202,#5194,#5204,.T.);
#5202 = VERTEX_POINT('',#5203);
#5203 = CARTESIAN_POINT('',(20.999892,-110.99991,0.11));
#5204 = LINE('',#5205,#5206);
#5205 = CARTESIAN_POINT('',(20.999892,-110.99991,0.11));
#5206 = VECTOR('',#5207,1.);
#5207 = DIRECTION('',(-0.141421356237,0.989949493661,0.));
#5208 = ORIENTED_EDGE('',*,*,#5209,.F.);
#5209 = EDGE_CURVE('',#5210,#5202,#5212,.T.);
#5210 = VERTEX_POINT('',#5211);
#5211 = CARTESIAN_POINT('',(20.999892,-112.99991,0.11));
#5212 = LINE('',#5213,#5214);
#5213 = CARTESIAN_POINT('',(20.999892,-112.99991,0.11));
#5214 = VECTOR('',#5215,1.);
#5215 = DIRECTION('',(0.,1.,0.));
#5216 = ORIENTED_EDGE('',*,*,#5217,.F.);
#5217 = EDGE_CURVE('',#5218,#5210,#5220,.T.);
#5218 = VERTEX_POINT('',#5219);
#5219 = CARTESIAN_POINT('',(20.999892,-114.99991,0.11));
#5220 = LINE('',#5221,#5222);
#5221 = CARTESIAN_POINT('',(20.999892,-114.99991,0.11));
#5222 = VECTOR('',#5223,1.);
#5223 = DIRECTION('',(0.,1.,0.));
#5224 = ORIENTED_EDGE('',*,*,#5225,.F.);
#5225 = EDGE_CURVE('',#5226,#5218,#5228,.T.);
#5226 = VERTEX_POINT('',#5227);
#5227 = CARTESIAN_POINT('',(20.999892,-115.99991,0.11));
#5228 = LINE('',#5229,#5230);
#5229 = CARTESIAN_POINT('',(20.999892,-115.99991,0.11));
#5230 = VECTOR('',#5231,1.);
#5231 = DIRECTION('',(0.,1.,0.));
#5232 = ORIENTED_EDGE('',*,*,#5233,.F.);
#5233 = EDGE_CURVE('',#5234,#5226,#5236,.T.);
#5234 = VERTEX_POINT('',#5235);
#5235 = CARTESIAN_POINT('',(25.999892,-115.99991,0.11));
#5236 = LINE('',#5237,#5238);
#5237 = CARTESIAN_POINT('',(25.999892,-115.99991,0.11));
#5238 = VECTOR('',#5239,1.);
#5239 = DIRECTION('',(-1.,0.,0.));
#5240 = ORIENTED_EDGE('',*,*,#5241,.F.);
#5241 = EDGE_CURVE('',#5242,#5234,#5244,.T.);
#5242 = VERTEX_POINT('',#5243);
#5243 = CARTESIAN_POINT('',(25.999892,-114.99991,0.11));
#5244 = LINE('',#5245,#5246);
#5245 = CARTESIAN_POINT('',(25.999892,-114.99991,0.11));
#5246 = VECTOR('',#5247,1.);
#5247 = DIRECTION('',(0.,-1.,0.));
#5248 = ORIENTED_EDGE('',*,*,#5249,.F.);
#5249 = EDGE_CURVE('',#5250,#5242,#5252,.T.);
#5250 = VERTEX_POINT('',#5251);
#5251 = CARTESIAN_POINT('',(32.999892,-114.99991,0.11));
#5252 = LINE('',#5253,#5254);
#5253 = CARTESIAN_POINT('',(32.999892,-114.99991,0.11));
#5254 = VECTOR('',#5255,1.);
#5255 = DIRECTION('',(-1.,0.,0.));
#5256 = ORIENTED_EDGE('',*,*,#5257,.F.);
#5257 = EDGE_CURVE('',#5258,#5250,#5260,.T.);
#5258 = VERTEX_POINT('',#5259);
#5259 = CARTESIAN_POINT('',(32.999892,-115.99991,0.11));
#5260 = LINE('',#5261,#5262);
#5261 = CARTESIAN_POINT('',(32.999892,-115.99991,0.11));
#5262 = VECTOR('',#5263,1.);
#5263 = DIRECTION('',(0.,1.,0.));
#5264 = ORIENTED_EDGE('',*,*,#5265,.F.);
#5265 = EDGE_CURVE('',#5266,#5258,#5268,.T.);
#5266 = VERTEX_POINT('',#5267);
#5267 = CARTESIAN_POINT('',(37.999892,-115.99991,0.11));
#5268 = LINE('',#5269,#5270);
#5269 = CARTESIAN_POINT('',(37.999892,-115.99991,0.11));
#5270 = VECTOR('',#5271,1.);
#5271 = DIRECTION('',(-1.,0.,0.));
#5272 = ORIENTED_EDGE('',*,*,#5273,.F.);
#5273 = EDGE_CURVE('',#5274,#5266,#5276,.T.);
#5274 = VERTEX_POINT('',#5275);
#5275 = CARTESIAN_POINT('',(37.999892,-114.99991,0.11));
#5276 = LINE('',#5277,#5278);
#5277 = CARTESIAN_POINT('',(37.999892,-114.99991,0.11));
#5278 = VECTOR('',#5279,1.);
#5279 = DIRECTION('',(0.,-1.,0.));
#5280 = ORIENTED_EDGE('',*,*,#5281,.F.);
#5281 = EDGE_CURVE('',#5282,#5274,#5284,.T.);
#5282 = VERTEX_POINT('',#5283);
#5283 = CARTESIAN_POINT('',(44.999892,-114.99991,0.11));
#5284 = LINE('',#5285,#5286);
#5285 = CARTESIAN_POINT('',(44.999892,-114.99991,0.11));
#5286 = VECTOR('',#5287,1.);
#5287 = DIRECTION('',(-1.,0.,0.));
#5288 = ORIENTED_EDGE('',*,*,#5289,.F.);
#5289 = EDGE_CURVE('',#5290,#5282,#5292,.T.);
#5290 = VERTEX_POINT('',#5291);
#5291 = CARTESIAN_POINT('',(44.999892,-115.99991,0.11));
#5292 = LINE('',#5293,#5294);
#5293 = CARTESIAN_POINT('',(44.999892,-115.99991,0.11));
#5294 = VECTOR('',#5295,1.);
#5295 = DIRECTION('',(0.,1.,0.));
#5296 = ORIENTED_EDGE('',*,*,#5297,.F.);
#5297 = EDGE_CURVE('',#5298,#5290,#5300,.T.);
#5298 = VERTEX_POINT('',#5299);
#5299 = CARTESIAN_POINT('',(49.999892,-115.99991,0.11));
#5300 = LINE('',#5301,#5302);
#5301 = CARTESIAN_POINT('',(49.999892,-115.99991,0.11));
#5302 = VECTOR('',#5303,1.);
#5303 = DIRECTION('',(-1.,0.,0.));
#5304 = ORIENTED_EDGE('',*,*,#5305,.F.);
#5305 = EDGE_CURVE('',#5306,#5298,#5308,.T.);
#5306 = VERTEX_POINT('',#5307);
#5307 = CARTESIAN_POINT('',(49.999892,-114.99991,0.11));
#5308 = LINE('',#5309,#5310);
#5309 = CARTESIAN_POINT('',(49.999892,-114.99991,0.11));
#5310 = VECTOR('',#5311,1.);
#5311 = DIRECTION('',(0.,-1.,0.));
#5312 = ORIENTED_EDGE('',*,*,#5313,.F.);
#5313 = EDGE_CURVE('',#5314,#5306,#5316,.T.);
#5314 = VERTEX_POINT('',#5315);
#5315 = CARTESIAN_POINT('',(56.999892,-114.99991,0.11));
#5316 = LINE('',#5317,#5318);
#5317 = CARTESIAN_POINT('',(56.999892,-114.99991,0.11));
#5318 = VECTOR('',#5319,1.);
#5319 = DIRECTION('',(-1.,0.,0.));
#5320 = ORIENTED_EDGE('',*,*,#5321,.F.);
#5321 = EDGE_CURVE('',#5322,#5314,#5324,.T.);
#5322 = VERTEX_POINT('',#5323);
#5323 = CARTESIAN_POINT('',(56.999892,-115.99991,0.11));
#5324 = LINE('',#5325,#5326);
#5325 = CARTESIAN_POINT('',(56.999892,-115.99991,0.11));
#5326 = VECTOR('',#5327,1.);
#5327 = DIRECTION('',(0.,1.,0.));
#5328 = ORIENTED_EDGE('',*,*,#5329,.F.);
#5329 = EDGE_CURVE('',#5330,#5322,#5332,.T.);
#5330 = VERTEX_POINT('',#5331);
#5331 = CARTESIAN_POINT('',(61.999892,-115.99991,0.11));
#5332 = LINE('',#5333,#5334);
#5333 = CARTESIAN_POINT('',(61.999892,-115.99991,0.11));
#5334 = VECTOR('',#5335,1.);
#5335 = DIRECTION('',(-1.,0.,0.));
#5336 = ORIENTED_EDGE('',*,*,#5337,.F.);
#5337 = EDGE_CURVE('',#5338,#5330,#5340,.T.);
#5338 = VERTEX_POINT('',#5339);
#5339 = CARTESIAN_POINT('',(61.999892,-114.99991,0.11));
#5340 = LINE('',#5341,#5342);
#5341 = CARTESIAN_POINT('',(61.999892,-114.99991,0.11));
#5342 = VECTOR('',#5343,1.);
#5343 = DIRECTION('',(0.,-1.,0.));
#5344 = ORIENTED_EDGE('',*,*,#5345,.F.);
#5345 = EDGE_CURVE('',#5346,#5338,#5348,.T.);
#5346 = VERTEX_POINT('',#5347);
#5347 = CARTESIAN_POINT('',(68.999892,-114.99991,0.11));
#5348 = LINE('',#5349,#5350);
#5349 = CARTESIAN_POINT('',(68.999892,-114.99991,0.11));
#5350 = VECTOR('',#5351,1.);
#5351 = DIRECTION('',(-1.,0.,0.));
#5352 = ORIENTED_EDGE('',*,*,#5353,.F.);
#5353 = EDGE_CURVE('',#5354,#5346,#5356,.T.);
#5354 = VERTEX_POINT('',#5355);
#5355 = CARTESIAN_POINT('',(68.999892,-115.99991,0.11));
#5356 = LINE('',#5357,#5358);
#5357 = CARTESIAN_POINT('',(68.999892,-115.99991,0.11));
#5358 = VECTOR('',#5359,1.);
#5359 = DIRECTION('',(0.,1.,0.));
#5360 = ORIENTED_EDGE('',*,*,#5361,.F.);
#5361 = EDGE_CURVE('',#5362,#5354,#5364,.T.);
#5362 = VERTEX_POINT('',#5363);
#5363 = CARTESIAN_POINT('',(73.999892,-115.99991,0.11));
#5364 = LINE('',#5365,#5366);
#5365 = CARTESIAN_POINT('',(73.999892,-115.99991,0.11));
#5366 = VECTOR('',#5367,1.);
#5367 = DIRECTION('',(-1.,0.,0.));
#5368 = ORIENTED_EDGE('',*,*,#5369,.F.);
#5369 = EDGE_CURVE('',#5370,#5362,#5372,.T.);
#5370 = VERTEX_POINT('',#5371);
#5371 = CARTESIAN_POINT('',(73.999892,-114.99991,0.11));
#5372 = LINE('',#5373,#5374);
#5373 = CARTESIAN_POINT('',(73.999892,-114.99991,0.11));
#5374 = VECTOR('',#5375,1.);
#5375 = DIRECTION('',(0.,-1.,0.));
#5376 = ORIENTED_EDGE('',*,*,#5377,.F.);
#5377 = EDGE_CURVE('',#5378,#5370,#5380,.T.);
#5378 = VERTEX_POINT('',#5379);
#5379 = CARTESIAN_POINT('',(80.999892,-114.99991,0.11));
#5380 = LINE('',#5381,#5382);
#5381 = CARTESIAN_POINT('',(80.999892,-114.99991,0.11));
#5382 = VECTOR('',#5383,1.);
#5383 = DIRECTION('',(-1.,0.,0.));
#5384 = ORIENTED_EDGE('',*,*,#5385,.F.);
#5385 = EDGE_CURVE('',#5386,#5378,#5388,.T.);
#5386 = VERTEX_POINT('',#5387);
#5387 = CARTESIAN_POINT('',(80.999892,-115.99991,0.11));
#5388 = LINE('',#5389,#5390);
#5389 = CARTESIAN_POINT('',(80.999892,-115.99991,0.11));
#5390 = VECTOR('',#5391,1.);
#5391 = DIRECTION('',(0.,1.,0.));
#5392 = ORIENTED_EDGE('',*,*,#5393,.F.);
#5393 = EDGE_CURVE('',#5394,#5386,#5396,.T.);
#5394 = VERTEX_POINT('',#5395);
#5395 = CARTESIAN_POINT('',(85.999892,-115.99991,0.11));
#5396 = LINE('',#5397,#5398);
#5397 = CARTESIAN_POINT('',(85.999892,-115.99991,0.11));
#5398 = VECTOR('',#5399,1.);
#5399 = DIRECTION('',(-1.,0.,0.));
#5400 = ORIENTED_EDGE('',*,*,#5401,.F.);
#5401 = EDGE_CURVE('',#5402,#5394,#5404,.T.);
#5402 = VERTEX_POINT('',#5403);
#5403 = CARTESIAN_POINT('',(85.999892,-114.99991,0.11));
#5404 = LINE('',#5405,#5406);
#5405 = CARTESIAN_POINT('',(85.999892,-114.99991,0.11));
#5406 = VECTOR('',#5407,1.);
#5407 = DIRECTION('',(0.,-1.,0.));
#5408 = ORIENTED_EDGE('',*,*,#5409,.F.);
#5409 = EDGE_CURVE('',#5410,#5402,#5412,.T.);
#5410 = VERTEX_POINT('',#5411);
#5411 = CARTESIAN_POINT('',(92.999892,-114.99991,0.11));
#5412 = LINE('',#5413,#5414);
#5413 = CARTESIAN_POINT('',(92.999892,-114.99991,0.11));
#5414 = VECTOR('',#5415,1.);
#5415 = DIRECTION('',(-1.,0.,0.));
#5416 = ORIENTED_EDGE('',*,*,#5417,.F.);
#5417 = EDGE_CURVE('',#5418,#5410,#5420,.T.);
#5418 = VERTEX_POINT('',#5419);
#5419 = CARTESIAN_POINT('',(92.999892,-115.99991,0.11));
#5420 = LINE('',#5421,#5422);
#5421 = CARTESIAN_POINT('',(92.999892,-115.99991,0.11));
#5422 = VECTOR('',#5423,1.);
#5423 = DIRECTION('',(0.,1.,0.));
#5424 = ORIENTED_EDGE('',*,*,#5425,.F.);
#5425 = EDGE_CURVE('',#5426,#5418,#5428,.T.);
#5426 = VERTEX_POINT('',#5427);
#5427 = CARTESIAN_POINT('',(97.999892,-115.99991,0.11));
#5428 = LINE('',#5429,#5430);
#5429 = CARTESIAN_POINT('',(97.999892,-115.99991,0.11));
#5430 = VECTOR('',#5431,1.);
#5431 = DIRECTION('',(-1.,0.,0.));
#5432 = ORIENTED_EDGE('',*,*,#5433,.F.);
#5433 = EDGE_CURVE('',#5434,#5426,#5436,.T.);
#5434 = VERTEX_POINT('',#5435);
#5435 = CARTESIAN_POINT('',(97.999892,-114.99991,0.11));
#5436 = LINE('',#5437,#5438);
#5437 = CARTESIAN_POINT('',(97.999892,-114.99991,0.11));
#5438 = VECTOR('',#5439,1.);
#5439 = DIRECTION('',(0.,-1.,0.));
#5440 = ORIENTED_EDGE('',*,*,#5441,.F.);
#5441 = EDGE_CURVE('',#5442,#5434,#5444,.T.);
#5442 = VERTEX_POINT('',#5443);
#5443 = CARTESIAN_POINT('',(104.999892,-114.99991,0.11));
#5444 = LINE('',#5445,#5446);
#5445 = CARTESIAN_POINT('',(104.999892,-114.99991,0.11));
#5446 = VECTOR('',#5447,1.);
#5447 = DIRECTION('',(-1.,0.,0.));
#5448 = ORIENTED_EDGE('',*,*,#5449,.F.);
#5449 = EDGE_CURVE('',#5450,#5442,#5452,.T.);
#5450 = VERTEX_POINT('',#5451);
#5451 = CARTESIAN_POINT('',(104.999892,-115.99991,0.11));
#5452 = LINE('',#5453,#5454);
#5453 = CARTESIAN_POINT('',(104.999892,-115.99991,0.11));
#5454 = VECTOR('',#5455,1.);
#5455 = DIRECTION('',(0.,1.,0.));
#5456 = ORIENTED_EDGE('',*,*,#5457,.F.);
#5457 = EDGE_CURVE('',#5458,#5450,#5460,.T.);
#5458 = VERTEX_POINT('',#5459);
#5459 = CARTESIAN_POINT('',(109.999892,-115.99991,0.11));
#5460 = LINE('',#5461,#5462);
#5461 = CARTESIAN_POINT('',(109.999892,-115.99991,0.11));
#5462 = VECTOR('',#5463,1.);
#5463 = DIRECTION('',(-1.,0.,0.));
#5464 = ORIENTED_EDGE('',*,*,#5465,.F.);
#5465 = EDGE_CURVE('',#5466,#5458,#5468,.T.);
#5466 = VERTEX_POINT('',#5467);
#5467 = CARTESIAN_POINT('',(109.999892,-114.99991,0.11));
#5468 = LINE('',#5469,#5470);
#5469 = CARTESIAN_POINT('',(109.999892,-114.99991,0.11));
#5470 = VECTOR('',#5471,1.);
#5471 = DIRECTION('',(0.,-1.,0.));
#5472 = ORIENTED_EDGE('',*,*,#5473,.F.);
#5473 = EDGE_CURVE('',#5474,#5466,#5476,.T.);
#5474 = VERTEX_POINT('',#5475);
#5475 = CARTESIAN_POINT('',(109.999892,-112.99991,0.11));
#5476 = LINE('',#5477,#5478);
#5477 = CARTESIAN_POINT('',(109.999892,-112.99991,0.11));
#5478 = VECTOR('',#5479,1.);
#5479 = DIRECTION('',(0.,-1.,0.));
#5480 = ORIENTED_EDGE('',*,*,#5481,.F.);
#5481 = EDGE_CURVE('',#5482,#5474,#5484,.T.);
#5482 = VERTEX_POINT('',#5483);
#5483 = CARTESIAN_POINT('',(109.999892,-110.99991,0.11));
#5484 = LINE('',#5485,#5486);
#5485 = CARTESIAN_POINT('',(109.999892,-110.99991,0.11));
#5486 = VECTOR('',#5487,1.);
#5487 = DIRECTION('',(0.,-1.,0.));
#5488 = ORIENTED_EDGE('',*,*,#5489,.F.);
#5489 = EDGE_CURVE('',#5490,#5482,#5492,.T.);
#5490 = VERTEX_POINT('',#5491);
#5491 = CARTESIAN_POINT('',(110.999892,-103.99991,0.11));
#5492 = LINE('',#5493,#5494);
#5493 = CARTESIAN_POINT('',(110.999892,-103.99991,0.11));
#5494 = VECTOR('',#5495,1.);
#5495 = DIRECTION('',(-0.141421356237,-0.989949493661,0.));
#5496 = ORIENTED_EDGE('',*,*,#5497,.F.);
#5497 = EDGE_CURVE('',#5498,#5490,#5500,.T.);
#5498 = VERTEX_POINT('',#5499);
#5499 = CARTESIAN_POINT('',(110.999892,-96.99991,0.11));
#5500 = LINE('',#5501,#5502);
#5501 = CARTESIAN_POINT('',(110.999892,-96.99991,0.11));
#5502 = VECTOR('',#5503,1.);
#5503 = DIRECTION('',(0.,-1.,0.));
#5504 = ORIENTED_EDGE('',*,*,#5505,.F.);
#5505 = EDGE_CURVE('',#5506,#5498,#5508,.T.);
#5506 = VERTEX_POINT('',#5507);
#5507 = CARTESIAN_POINT('',(109.999892,-88.99991,0.11));
#5508 = LINE('',#5509,#5510);
#5509 = CARTESIAN_POINT('',(109.999892,-88.99991,0.11));
#5510 = VECTOR('',#5511,1.);
#5511 = DIRECTION('',(0.124034734589,-0.992277876714,0.));
#5512 = ORIENTED_EDGE('',*,*,#5513,.F.);
#5513 = EDGE_CURVE('',#5514,#5506,#5516,.T.);
#5514 = VERTEX_POINT('',#5515);
#5515 = CARTESIAN_POINT('',(109.999892,-87.99991,0.11));
#5516 = LINE('',#5517,#5518);
#5517 = CARTESIAN_POINT('',(109.999892,-87.99991,0.11));
#5518 = VECTOR('',#5519,1.);
#5519 = DIRECTION('',(0.,-1.,0.));
#5520 = ORIENTED_EDGE('',*,*,#5521,.F.);
#5521 = EDGE_CURVE('',#5522,#5514,#5524,.T.);
#5522 = VERTEX_POINT('',#5523);
#5523 = CARTESIAN_POINT('',(109.999892,-85.99991,0.11));
#5524 = LINE('',#5525,#5526);
#5525 = CARTESIAN_POINT('',(109.999892,-85.99991,0.11));
#5526 = VECTOR('',#5527,1.);
#5527 = DIRECTION('',(0.,-1.,0.));
#5528 = ORIENTED_EDGE('',*,*,#5529,.F.);
#5529 = EDGE_CURVE('',#5530,#5522,#5532,.T.);
#5530 = VERTEX_POINT('',#5531);
#5531 = CARTESIAN_POINT('',(109.999892,-84.99991,0.11));
#5532 = LINE('',#5533,#5534);
#5533 = CARTESIAN_POINT('',(109.999892,-84.99991,0.11));
#5534 = VECTOR('',#5535,1.);
#5535 = DIRECTION('',(0.,-1.,0.));
#5536 = ORIENTED_EDGE('',*,*,#5537,.F.);
#5537 = EDGE_CURVE('',#5538,#5530,#5540,.T.);
#5538 = VERTEX_POINT('',#5539);
#5539 = CARTESIAN_POINT('',(109.999892,-72.99991,0.11));
#5540 = LINE('',#5541,#5542);
#5541 = CARTESIAN_POINT('',(109.999892,-72.99991,0.11));
#5542 = VECTOR('',#5543,1.);
#5543 = DIRECTION('',(0.,-1.,0.));
#5544 = ORIENTED_EDGE('',*,*,#5545,.F.);
#5545 = EDGE_CURVE('',#5546,#5538,#5548,.T.);
#5546 = VERTEX_POINT('',#5547);
#5547 = CARTESIAN_POINT('',(109.999892,-58.99991,0.11));
#5548 = LINE('',#5549,#5550);
#5549 = CARTESIAN_POINT('',(109.999892,-58.99991,0.11));
#5550 = VECTOR('',#5551,1.);
#5551 = DIRECTION('',(0.,-1.,0.));
#5552 = ORIENTED_EDGE('',*,*,#5553,.F.);
#5553 = EDGE_CURVE('',#5554,#5546,#5556,.T.);
#5554 = VERTEX_POINT('',#5555);
#5555 = CARTESIAN_POINT('',(109.999892,-46.99991,0.11));
#5556 = LINE('',#5557,#5558);
#5557 = CARTESIAN_POINT('',(109.999892,-46.99991,0.11));
#5558 = VECTOR('',#5559,1.);
#5559 = DIRECTION('',(0.,-1.,0.));
#5560 = ORIENTED_EDGE('',*,*,#5561,.F.);
#5561 = EDGE_CURVE('',#5562,#5554,#5564,.T.);
#5562 = VERTEX_POINT('',#5563);
#5563 = CARTESIAN_POINT('',(109.999892,-45.99991,0.11));
#5564 = LINE('',#5565,#5566);
#5565 = CARTESIAN_POINT('',(109.999892,-45.99991,0.11));
#5566 = VECTOR('',#5567,1.);
#5567 = DIRECTION('',(0.,-1.,0.));
#5568 = ORIENTED_EDGE('',*,*,#5569,.F.);
#5569 = EDGE_CURVE('',#5570,#5562,#5572,.T.);
#5570 = VERTEX_POINT('',#5571);
#5571 = CARTESIAN_POINT('',(109.999892,-43.99991,0.11));
#5572 = LINE('',#5573,#5574);
#5573 = CARTESIAN_POINT('',(109.999892,-43.99991,0.11));
#5574 = VECTOR('',#5575,1.);
#5575 = DIRECTION('',(0.,-1.,0.));
#5576 = ORIENTED_EDGE('',*,*,#5577,.F.);
#5577 = EDGE_CURVE('',#5578,#5570,#5580,.T.);
#5578 = VERTEX_POINT('',#5579);
#5579 = CARTESIAN_POINT('',(109.999892,-42.99991,0.11));
#5580 = LINE('',#5581,#5582);
#5581 = CARTESIAN_POINT('',(109.999892,-42.99991,0.11));
#5582 = VECTOR('',#5583,1.);
#5583 = DIRECTION('',(0.,-1.,0.));
#5584 = ORIENTED_EDGE('',*,*,#5585,.F.);
#5585 = EDGE_CURVE('',#5586,#5578,#5588,.T.);
#5586 = VERTEX_POINT('',#5587);
#5587 = CARTESIAN_POINT('',(110.999892,-34.99991,0.11));
#5588 = LINE('',#5589,#5590);
#5589 = CARTESIAN_POINT('',(110.999892,-34.99991,0.11));
#5590 = VECTOR('',#5591,1.);
#5591 = DIRECTION('',(-0.124034734589,-0.992277876714,0.));
#5592 = ORIENTED_EDGE('',*,*,#5593,.F.);
#5593 = EDGE_CURVE('',#5594,#5586,#5596,.T.);
#5594 = VERTEX_POINT('',#5595);
#5595 = CARTESIAN_POINT('',(110.999892,-27.99991,0.11));
#5596 = LINE('',#5597,#5598);
#5597 = CARTESIAN_POINT('',(110.999892,-27.99991,0.11));
#5598 = VECTOR('',#5599,1.);
#5599 = DIRECTION('',(0.,-1.,0.));
#5600 = ORIENTED_EDGE('',*,*,#5601,.F.);
#5601 = EDGE_CURVE('',#5602,#5594,#5604,.T.);
#5602 = VERTEX_POINT('',#5603);
#5603 = CARTESIAN_POINT('',(109.999892,-19.99991,0.11));
#5604 = LINE('',#5605,#5606);
#5605 = CARTESIAN_POINT('',(109.999892,-19.99991,0.11));
#5606 = VECTOR('',#5607,1.);
#5607 = DIRECTION('',(0.124034734589,-0.992277876714,0.));
#5608 = ORIENTED_EDGE('',*,*,#5609,.F.);
#5609 = EDGE_CURVE('',#5610,#5602,#5612,.T.);
#5610 = VERTEX_POINT('',#5611);
#5611 = CARTESIAN_POINT('',(109.999892,-18.99991,0.11));
#5612 = LINE('',#5613,#5614);
#5613 = CARTESIAN_POINT('',(109.999892,-18.99991,0.11));
#5614 = VECTOR('',#5615,1.);
#5615 = DIRECTION('',(0.,-1.,0.));
#5616 = ORIENTED_EDGE('',*,*,#5617,.F.);
#5617 = EDGE_CURVE('',#5618,#5610,#5620,.T.);
#5618 = VERTEX_POINT('',#5619);
#5619 = CARTESIAN_POINT('',(109.999892,-16.99991,0.11));
#5620 = LINE('',#5621,#5622);
#5621 = CARTESIAN_POINT('',(109.999892,-16.99991,0.11));
#5622 = VECTOR('',#5623,1.);
#5623 = DIRECTION('',(0.,-1.,0.));
#5624 = ORIENTED_EDGE('',*,*,#5625,.F.);
#5625 = EDGE_CURVE('',#5626,#5618,#5628,.T.);
#5626 = VERTEX_POINT('',#5627);
#5627 = CARTESIAN_POINT('',(109.999892,-15.99991,0.11));
#5628 = LINE('',#5629,#5630);
#5629 = CARTESIAN_POINT('',(109.999892,-15.99991,0.11));
#5630 = VECTOR('',#5631,1.);
#5631 = DIRECTION('',(0.,-1.,0.));
#5632 = ORIENTED_EDGE('',*,*,#5633,.F.);
#5633 = EDGE_CURVE('',#5634,#5626,#5636,.T.);
#5634 = VERTEX_POINT('',#5635);
#5635 = CARTESIAN_POINT('',(104.999892,-15.99991,0.11));
#5636 = LINE('',#5637,#5638);
#5637 = CARTESIAN_POINT('',(104.999892,-15.99991,0.11));
#5638 = VECTOR('',#5639,1.);
#5639 = DIRECTION('',(1.,0.,0.));
#5640 = ORIENTED_EDGE('',*,*,#5641,.F.);
#5641 = EDGE_CURVE('',#5642,#5634,#5644,.T.);
#5642 = VERTEX_POINT('',#5643);
#5643 = CARTESIAN_POINT('',(104.999892,-16.99991,0.11));
#5644 = LINE('',#5645,#5646);
#5645 = CARTESIAN_POINT('',(104.999892,-16.99991,0.11));
#5646 = VECTOR('',#5647,1.);
#5647 = DIRECTION('',(0.,1.,0.));
#5648 = ORIENTED_EDGE('',*,*,#5649,.F.);
#5649 = EDGE_CURVE('',#5650,#5642,#5652,.T.);
#5650 = VERTEX_POINT('',#5651);
#5651 = CARTESIAN_POINT('',(97.999892,-16.99991,0.11));
#5652 = LINE('',#5653,#5654);
#5653 = CARTESIAN_POINT('',(97.999892,-16.99991,0.11));
#5654 = VECTOR('',#5655,1.);
#5655 = DIRECTION('',(1.,0.,0.));
#5656 = ORIENTED_EDGE('',*,*,#5657,.F.);
#5657 = EDGE_CURVE('',#5658,#5650,#5660,.T.);
#5658 = VERTEX_POINT('',#5659);
#5659 = CARTESIAN_POINT('',(97.999892,-15.99991,0.11));
#5660 = LINE('',#5661,#5662);
#5661 = CARTESIAN_POINT('',(97.999892,-15.99991,0.11));
#5662 = VECTOR('',#5663,1.);
#5663 = DIRECTION('',(0.,-1.,0.));
#5664 = ORIENTED_EDGE('',*,*,#5665,.F.);
#5665 = EDGE_CURVE('',#5666,#5658,#5668,.T.);
#5666 = VERTEX_POINT('',#5667);
#5667 = CARTESIAN_POINT('',(92.999892,-15.99991,0.11));
#5668 = LINE('',#5669,#5670);
#5669 = CARTESIAN_POINT('',(92.999892,-15.99991,0.11));
#5670 = VECTOR('',#5671,1.);
#5671 = DIRECTION('',(1.,0.,0.));
#5672 = ORIENTED_EDGE('',*,*,#5673,.F.);
#5673 = EDGE_CURVE('',#5674,#5666,#5676,.T.);
#5674 = VERTEX_POINT('',#5675);
#5675 = CARTESIAN_POINT('',(92.999892,-16.99991,0.11));
#5676 = LINE('',#5677,#5678);
#5677 = CARTESIAN_POINT('',(92.999892,-16.99991,0.11));
#5678 = VECTOR('',#5679,1.);
#5679 = DIRECTION('',(0.,1.,0.));
#5680 = ORIENTED_EDGE('',*,*,#5681,.F.);
#5681 = EDGE_CURVE('',#5682,#5674,#5684,.T.);
#5682 = VERTEX_POINT('',#5683);
#5683 = CARTESIAN_POINT('',(85.999892,-16.99991,0.11));
#5684 = LINE('',#5685,#5686);
#5685 = CARTESIAN_POINT('',(85.999892,-16.99991,0.11));
#5686 = VECTOR('',#5687,1.);
#5687 = DIRECTION('',(1.,0.,0.));
#5688 = ORIENTED_EDGE('',*,*,#5689,.F.);
#5689 = EDGE_CURVE('',#5690,#5682,#5692,.T.);
#5690 = VERTEX_POINT('',#5691);
#5691 = CARTESIAN_POINT('',(85.999892,-15.99991,0.11));
#5692 = LINE('',#5693,#5694);
#5693 = CARTESIAN_POINT('',(85.999892,-15.99991,0.11));
#5694 = VECTOR('',#5695,1.);
#5695 = DIRECTION('',(0.,-1.,0.));
#5696 = ORIENTED_EDGE('',*,*,#5697,.F.);
#5697 = EDGE_CURVE('',#5698,#5690,#5700,.T.);
#5698 = VERTEX_POINT('',#5699);
#5699 = CARTESIAN_POINT('',(80.999892,-15.99991,0.11));
#5700 = LINE('',#5701,#5702);
#5701 = CARTESIAN_POINT('',(80.999892,-15.99991,0.11));
#5702 = VECTOR('',#5703,1.);
#5703 = DIRECTION('',(1.,0.,0.));
#5704 = ORIENTED_EDGE('',*,*,#5705,.F.);
#5705 = EDGE_CURVE('',#5706,#5698,#5708,.T.);
#5706 = VERTEX_POINT('',#5707);
#5707 = CARTESIAN_POINT('',(80.999892,-16.99991,0.11));
#5708 = LINE('',#5709,#5710);
#5709 = CARTESIAN_POINT('',(80.999892,-16.99991,0.11));
#5710 = VECTOR('',#5711,1.);
#5711 = DIRECTION('',(0.,1.,0.));
#5712 = ORIENTED_EDGE('',*,*,#5713,.F.);
#5713 = EDGE_CURVE('',#5714,#5706,#5716,.T.);
#5714 = VERTEX_POINT('',#5715);
#5715 = CARTESIAN_POINT('',(73.999892,-16.99991,0.11));
#5716 = LINE('',#5717,#5718);
#5717 = CARTESIAN_POINT('',(73.999892,-16.99991,0.11));
#5718 = VECTOR('',#5719,1.);
#5719 = DIRECTION('',(1.,0.,0.));
#5720 = ORIENTED_EDGE('',*,*,#5721,.F.);
#5721 = EDGE_CURVE('',#5722,#5714,#5724,.T.);
#5722 = VERTEX_POINT('',#5723);
#5723 = CARTESIAN_POINT('',(73.999892,-15.99991,0.11));
#5724 = LINE('',#5725,#5726);
#5725 = CARTESIAN_POINT('',(73.999892,-15.99991,0.11));
#5726 = VECTOR('',#5727,1.);
#5727 = DIRECTION('',(0.,-1.,0.));
#5728 = ORIENTED_EDGE('',*,*,#5729,.F.);
#5729 = EDGE_CURVE('',#5730,#5722,#5732,.T.);
#5730 = VERTEX_POINT('',#5731);
#5731 = CARTESIAN_POINT('',(68.999892,-15.99991,0.11));
#5732 = LINE('',#5733,#5734);
#5733 = CARTESIAN_POINT('',(68.999892,-15.99991,0.11));
#5734 = VECTOR('',#5735,1.);
#5735 = DIRECTION('',(1.,0.,0.));
#5736 = ORIENTED_EDGE('',*,*,#5737,.F.);
#5737 = EDGE_CURVE('',#5738,#5730,#5740,.T.);
#5738 = VERTEX_POINT('',#5739);
#5739 = CARTESIAN_POINT('',(68.999892,-16.99991,0.11));
#5740 = LINE('',#5741,#5742);
#5741 = CARTESIAN_POINT('',(68.999892,-16.99991,0.11));
#5742 = VECTOR('',#5743,1.);
#5743 = DIRECTION('',(0.,1.,0.));
#5744 = ORIENTED_EDGE('',*,*,#5745,.F.);
#5745 = EDGE_CURVE('',#5746,#5738,#5748,.T.);
#5746 = VERTEX_POINT('',#5747);
#5747 = CARTESIAN_POINT('',(61.999892,-16.99991,0.11));
#5748 = LINE('',#5749,#5750);
#5749 = CARTESIAN_POINT('',(61.999892,-16.99991,0.11));
#5750 = VECTOR('',#5751,1.);
#5751 = DIRECTION('',(1.,0.,0.));
#5752 = ORIENTED_EDGE('',*,*,#5753,.F.);
#5753 = EDGE_CURVE('',#5754,#5746,#5756,.T.);
#5754 = VERTEX_POINT('',#5755);
#5755 = CARTESIAN_POINT('',(61.999892,-15.99991,0.11));
#5756 = LINE('',#5757,#5758);
#5757 = CARTESIAN_POINT('',(61.999892,-15.99991,0.11));
#5758 = VECTOR('',#5759,1.);
#5759 = DIRECTION('',(0.,-1.,0.));
#5760 = ORIENTED_EDGE('',*,*,#5761,.F.);
#5761 = EDGE_CURVE('',#5762,#5754,#5764,.T.);
#5762 = VERTEX_POINT('',#5763);
#5763 = CARTESIAN_POINT('',(56.999892,-15.99991,0.11));
#5764 = LINE('',#5765,#5766);
#5765 = CARTESIAN_POINT('',(56.999892,-15.99991,0.11));
#5766 = VECTOR('',#5767,1.);
#5767 = DIRECTION('',(1.,0.,0.));
#5768 = ORIENTED_EDGE('',*,*,#5769,.F.);
#5769 = EDGE_CURVE('',#5770,#5762,#5772,.T.);
#5770 = VERTEX_POINT('',#5771);
#5771 = CARTESIAN_POINT('',(56.999892,-16.99991,0.11));
#5772 = LINE('',#5773,#5774);
#5773 = CARTESIAN_POINT('',(56.999892,-16.99991,0.11));
#5774 = VECTOR('',#5775,1.);
#5775 = DIRECTION('',(0.,1.,0.));
#5776 = ORIENTED_EDGE('',*,*,#5777,.F.);
#5777 = EDGE_CURVE('',#5778,#5770,#5780,.T.);
#5778 = VERTEX_POINT('',#5779);
#5779 = CARTESIAN_POINT('',(49.999892,-16.99991,0.11));
#5780 = LINE('',#5781,#5782);
#5781 = CARTESIAN_POINT('',(49.999892,-16.99991,0.11));
#5782 = VECTOR('',#5783,1.);
#5783 = DIRECTION('',(1.,0.,0.));
#5784 = ORIENTED_EDGE('',*,*,#5785,.F.);
#5785 = EDGE_CURVE('',#5786,#5778,#5788,.T.);
#5786 = VERTEX_POINT('',#5787);
#5787 = CARTESIAN_POINT('',(49.999892,-15.99991,0.11));
#5788 = LINE('',#5789,#5790);
#5789 = CARTESIAN_POINT('',(49.999892,-15.99991,0.11));
#5790 = VECTOR('',#5791,1.);
#5791 = DIRECTION('',(0.,-1.,0.));
#5792 = ORIENTED_EDGE('',*,*,#5793,.F.);
#5793 = EDGE_CURVE('',#5794,#5786,#5796,.T.);
#5794 = VERTEX_POINT('',#5795);
#5795 = CARTESIAN_POINT('',(44.999892,-15.99991,0.11));
#5796 = LINE('',#5797,#5798);
#5797 = CARTESIAN_POINT('',(44.999892,-15.99991,0.11));
#5798 = VECTOR('',#5799,1.);
#5799 = DIRECTION('',(1.,0.,0.));
#5800 = ORIENTED_EDGE('',*,*,#5801,.F.);
#5801 = EDGE_CURVE('',#5802,#5794,#5804,.T.);
#5802 = VERTEX_POINT('',#5803);
#5803 = CARTESIAN_POINT('',(44.999892,-16.99991,0.11));
#5804 = LINE('',#5805,#5806);
#5805 = CARTESIAN_POINT('',(44.999892,-16.99991,0.11));
#5806 = VECTOR('',#5807,1.);
#5807 = DIRECTION('',(0.,1.,0.));
#5808 = ORIENTED_EDGE('',*,*,#5809,.F.);
#5809 = EDGE_CURVE('',#5810,#5802,#5812,.T.);
#5810 = VERTEX_POINT('',#5811);
#5811 = CARTESIAN_POINT('',(37.999892,-16.99991,0.11));
#5812 = LINE('',#5813,#5814);
#5813 = CARTESIAN_POINT('',(37.999892,-16.99991,0.11));
#5814 = VECTOR('',#5815,1.);
#5815 = DIRECTION('',(1.,0.,0.));
#5816 = ORIENTED_EDGE('',*,*,#5817,.F.);
#5817 = EDGE_CURVE('',#5818,#5810,#5820,.T.);
#5818 = VERTEX_POINT('',#5819);
#5819 = CARTESIAN_POINT('',(37.999892,-15.99991,0.11));
#5820 = LINE('',#5821,#5822);
#5821 = CARTESIAN_POINT('',(37.999892,-15.99991,0.11));
#5822 = VECTOR('',#5823,1.);
#5823 = DIRECTION('',(0.,-1.,0.));
#5824 = ORIENTED_EDGE('',*,*,#5825,.F.);
#5825 = EDGE_CURVE('',#112,#5818,#5826,.T.);
#5826 = LINE('',#5827,#5828);
#5827 = CARTESIAN_POINT('',(32.999892,-15.99991,0.11));
#5828 = VECTOR('',#5829,1.);
#5829 = DIRECTION('',(1.,0.,0.));
#5830 = ORIENTED_EDGE('',*,*,#111,.F.);
#5831 = FACE_BOUND('',#5832,.T.);
#5832 = EDGE_LOOP('',(#5833));
#5833 = ORIENTED_EDGE('',*,*,#5834,.T.);
#5834 = EDGE_CURVE('',#5835,#5835,#5837,.T.);
#5835 = VERTEX_POINT('',#5836);
#5836 = CARTESIAN_POINT('',(23.499892,-114.59991,0.11));
#5837 = CIRCLE('',#5838,0.6);
#5838 = AXIS2_PLACEMENT_3D('',#5839,#5840,#5841);
#5839 = CARTESIAN_POINT('',(23.499892,-113.99991,0.11));
#5840 = DIRECTION('',(-0.,0.,-1.));
#5841 = DIRECTION('',(-5.921189464668E-15,-1.,0.));
#5842 = FACE_BOUND('',#5843,.T.);
#5843 = EDGE_LOOP('',(#5844));
#5844 = ORIENTED_EDGE('',*,*,#5845,.T.);
#5845 = EDGE_CURVE('',#5846,#5846,#5848,.T.);
#5846 = VERTEX_POINT('',#5847);
#5847 = CARTESIAN_POINT('',(35.499892,-114.599909,0.11));
#5848 = CIRCLE('',#5849,0.6);
#5849 = AXIS2_PLACEMENT_3D('',#5850,#5851,#5852);
#5850 = CARTESIAN_POINT('',(35.499892,-113.999909,0.11));
#5851 = DIRECTION('',(-0.,0.,-1.));
#5852 = DIRECTION('',(-0.,-1.,0.));
#5853 = FACE_BOUND('',#5854,.T.);
#5854 = EDGE_LOOP('',(#5855,#5865,#5873,#5881,#5889,#5897,#5905,#5913,
    #5921,#5929,#5937,#5945));
#5855 = ORIENTED_EDGE('',*,*,#5856,.F.);
#5856 = EDGE_CURVE('',#5857,#5859,#5861,.T.);
#5857 = VERTEX_POINT('',#5858);
#5858 = CARTESIAN_POINT('',(25.999892,-88.99991,0.11));
#5859 = VERTEX_POINT('',#5860);
#5860 = CARTESIAN_POINT('',(26.999892,-96.99991,0.11));
#5861 = LINE('',#5862,#5863);
#5862 = CARTESIAN_POINT('',(25.999892,-88.99991,0.11));
#5863 = VECTOR('',#5864,1.);
#5864 = DIRECTION('',(0.124034734589,-0.992277876714,0.));
#5865 = ORIENTED_EDGE('',*,*,#5866,.F.);
#5866 = EDGE_CURVE('',#5867,#5857,#5869,.T.);
#5867 = VERTEX_POINT('',#5868);
#5868 = CARTESIAN_POINT('',(25.999892,-87.99991,0.11));
#5869 = LINE('',#5870,#5871);
#5870 = CARTESIAN_POINT('',(25.999892,-87.99991,0.11));
#5871 = VECTOR('',#5872,1.);
#5872 = DIRECTION('',(0.,-1.,0.));
#5873 = ORIENTED_EDGE('',*,*,#5874,.F.);
#5874 = EDGE_CURVE('',#5875,#5867,#5877,.T.);
#5875 = VERTEX_POINT('',#5876);
#5876 = CARTESIAN_POINT('',(32.999892,-87.99991,0.11));
#5877 = LINE('',#5878,#5879);
#5878 = CARTESIAN_POINT('',(32.999892,-87.99991,0.11));
#5879 = VECTOR('',#5880,1.);
#5880 = DIRECTION('',(-1.,0.,0.));
#5881 = ORIENTED_EDGE('',*,*,#5882,.F.);
#5882 = EDGE_CURVE('',#5883,#5875,#5885,.T.);
#5883 = VERTEX_POINT('',#5884);
#5884 = CARTESIAN_POINT('',(32.999892,-88.99991,0.11));
#5885 = LINE('',#5886,#5887);
#5886 = CARTESIAN_POINT('',(32.999892,-88.99991,0.11));
#5887 = VECTOR('',#5888,1.);
#5888 = DIRECTION('',(0.,1.,0.));
#5889 = ORIENTED_EDGE('',*,*,#5890,.F.);
#5890 = EDGE_CURVE('',#5891,#5883,#5893,.T.);
#5891 = VERTEX_POINT('',#5892);
#5892 = CARTESIAN_POINT('',(31.999892,-96.99991,0.11));
#5893 = LINE('',#5894,#5895);
#5894 = CARTESIAN_POINT('',(31.999892,-96.99991,0.11));
#5895 = VECTOR('',#5896,1.);
#5896 = DIRECTION('',(0.124034734589,0.992277876714,0.));
#5897 = ORIENTED_EDGE('',*,*,#5898,.F.);
#5898 = EDGE_CURVE('',#5899,#5891,#5901,.T.);
#5899 = VERTEX_POINT('',#5900);
#5900 = CARTESIAN_POINT('',(31.999892,-103.99991,0.11));
#5901 = LINE('',#5902,#5903);
#5902 = CARTESIAN_POINT('',(31.999892,-103.99991,0.11));
#5903 = VECTOR('',#5904,1.);
#5904 = DIRECTION('',(0.,1.,0.));
#5905 = ORIENTED_EDGE('',*,*,#5906,.F.);
#5906 = EDGE_CURVE('',#5907,#5899,#5909,.T.);
#5907 = VERTEX_POINT('',#5908);
#5908 = CARTESIAN_POINT('',(32.999892,-110.99991,0.11));
#5909 = LINE('',#5910,#5911);
#5910 = CARTESIAN_POINT('',(32.999892,-110.99991,0.11));
#5911 = VECTOR('',#5912,1.);
#5912 = DIRECTION('',(-0.141421356237,0.989949493661,0.));
#5913 = ORIENTED_EDGE('',*,*,#5914,.F.);
#5914 = EDGE_CURVE('',#5915,#5907,#5917,.T.);
#5915 = VERTEX_POINT('',#5916);
#5916 = CARTESIAN_POINT('',(32.999892,-112.99991,0.11));
#5917 = LINE('',#5918,#5919);
#5918 = CARTESIAN_POINT('',(32.999892,-112.99991,0.11));
#5919 = VECTOR('',#5920,1.);
#5920 = DIRECTION('',(0.,1.,0.));
#5921 = ORIENTED_EDGE('',*,*,#5922,.F.);
#5922 = EDGE_CURVE('',#5923,#5915,#5925,.T.);
#5923 = VERTEX_POINT('',#5924);
#5924 = CARTESIAN_POINT('',(25.999892,-112.99991,0.11));
#5925 = LINE('',#5926,#5927);
#5926 = CARTESIAN_POINT('',(25.999892,-112.99991,0.11));
#5927 = VECTOR('',#5928,1.);
#5928 = DIRECTION('',(1.,0.,0.));
#5929 = ORIENTED_EDGE('',*,*,#5930,.F.);
#5930 = EDGE_CURVE('',#5931,#5923,#5933,.T.);
#5931 = VERTEX_POINT('',#5932);
#5932 = CARTESIAN_POINT('',(25.999892,-110.99991,0.11));
#5933 = LINE('',#5934,#5935);
#5934 = CARTESIAN_POINT('',(25.999892,-110.99991,0.11));
#5935 = VECTOR('',#5936,1.);
#5936 = DIRECTION('',(0.,-1.,0.));
#5937 = ORIENTED_EDGE('',*,*,#5938,.F.);
#5938 = EDGE_CURVE('',#5939,#5931,#5941,.T.);
#5939 = VERTEX_POINT('',#5940);
#5940 = CARTESIAN_POINT('',(26.999892,-103.99991,0.11));
#5941 = LINE('',#5942,#5943);
#5942 = CARTESIAN_POINT('',(26.999892,-103.99991,0.11));
#5943 = VECTOR('',#5944,1.);
#5944 = DIRECTION('',(-0.141421356237,-0.989949493661,0.));
#5945 = ORIENTED_EDGE('',*,*,#5946,.F.);
#5946 = EDGE_CURVE('',#5859,#5939,#5947,.T.);
#5947 = LINE('',#5948,#5949);
#5948 = CARTESIAN_POINT('',(26.999892,-96.99991,0.11));
#5949 = VECTOR('',#5950,1.);
#5950 = DIRECTION('',(0.,-1.,0.));
#5951 = FACE_BOUND('',#5952,.T.);
#5952 = EDGE_LOOP('',(#5953,#5963,#5971,#5979,#5987,#5995,#6003,#6011,
    #6019,#6027,#6035,#6043));
#5953 = ORIENTED_EDGE('',*,*,#5954,.F.);
#5954 = EDGE_CURVE('',#5955,#5957,#5959,.T.);
#5955 = VERTEX_POINT('',#5956);
#5956 = CARTESIAN_POINT('',(37.999892,-88.99991,0.11));
#5957 = VERTEX_POINT('',#5958);
#5958 = CARTESIAN_POINT('',(38.999892,-96.99991,0.11));
#5959 = LINE('',#5960,#5961);
#5960 = CARTESIAN_POINT('',(37.999892,-88.99991,0.11));
#5961 = VECTOR('',#5962,1.);
#5962 = DIRECTION('',(0.124034734589,-0.992277876714,0.));
#5963 = ORIENTED_EDGE('',*,*,#5964,.F.);
#5964 = EDGE_CURVE('',#5965,#5955,#5967,.T.);
#5965 = VERTEX_POINT('',#5966);
#5966 = CARTESIAN_POINT('',(37.999892,-87.99991,0.11));
#5967 = LINE('',#5968,#5969);
#5968 = CARTESIAN_POINT('',(37.999892,-87.99991,0.11));
#5969 = VECTOR('',#5970,1.);
#5970 = DIRECTION('',(0.,-1.,0.));
#5971 = ORIENTED_EDGE('',*,*,#5972,.F.);
#5972 = EDGE_CURVE('',#5973,#5965,#5975,.T.);
#5973 = VERTEX_POINT('',#5974);
#5974 = CARTESIAN_POINT('',(44.999892,-87.99991,0.11));
#5975 = LINE('',#5976,#5977);
#5976 = CARTESIAN_POINT('',(44.999892,-87.99991,0.11));
#5977 = VECTOR('',#5978,1.);
#5978 = DIRECTION('',(-1.,0.,0.));
#5979 = ORIENTED_EDGE('',*,*,#5980,.F.);
#5980 = EDGE_CURVE('',#5981,#5973,#5983,.T.);
#5981 = VERTEX_POINT('',#5982);
#5982 = CARTESIAN_POINT('',(44.999892,-88.99991,0.11));
#5983 = LINE('',#5984,#5985);
#5984 = CARTESIAN_POINT('',(44.999892,-88.99991,0.11));
#5985 = VECTOR('',#5986,1.);
#5986 = DIRECTION('',(0.,1.,0.));
#5987 = ORIENTED_EDGE('',*,*,#5988,.F.);
#5988 = EDGE_CURVE('',#5989,#5981,#5991,.T.);
#5989 = VERTEX_POINT('',#5990);
#5990 = CARTESIAN_POINT('',(43.999892,-96.99991,0.11));
#5991 = LINE('',#5992,#5993);
#5992 = CARTESIAN_POINT('',(43.999892,-96.99991,0.11));
#5993 = VECTOR('',#5994,1.);
#5994 = DIRECTION('',(0.124034734589,0.992277876714,0.));
#5995 = ORIENTED_EDGE('',*,*,#5996,.F.);
#5996 = EDGE_CURVE('',#5997,#5989,#5999,.T.);
#5997 = VERTEX_POINT('',#5998);
#5998 = CARTESIAN_POINT('',(43.999892,-103.99991,0.11));
#5999 = LINE('',#6000,#6001);
#6000 = CARTESIAN_POINT('',(43.999892,-103.99991,0.11));
#6001 = VECTOR('',#6002,1.);
#6002 = DIRECTION('',(0.,1.,0.));
#6003 = ORIENTED_EDGE('',*,*,#6004,.F.);
#6004 = EDGE_CURVE('',#6005,#5997,#6007,.T.);
#6005 = VERTEX_POINT('',#6006);
#6006 = CARTESIAN_POINT('',(44.999892,-110.99991,0.11));
#6007 = LINE('',#6008,#6009);
#6008 = CARTESIAN_POINT('',(44.999892,-110.99991,0.11));
#6009 = VECTOR('',#6010,1.);
#6010 = DIRECTION('',(-0.141421356237,0.989949493661,0.));
#6011 = ORIENTED_EDGE('',*,*,#6012,.F.);
#6012 = EDGE_CURVE('',#6013,#6005,#6015,.T.);
#6013 = VERTEX_POINT('',#6014);
#6014 = CARTESIAN_POINT('',(44.999892,-112.99991,0.11));
#6015 = LINE('',#6016,#6017);
#6016 = CARTESIAN_POINT('',(44.999892,-112.99991,0.11));
#6017 = VECTOR('',#6018,1.);
#6018 = DIRECTION('',(0.,1.,0.));
#6019 = ORIENTED_EDGE('',*,*,#6020,.F.);
#6020 = EDGE_CURVE('',#6021,#6013,#6023,.T.);
#6021 = VERTEX_POINT('',#6022);
#6022 = CARTESIAN_POINT('',(37.999892,-112.99991,0.11));
#6023 = LINE('',#6024,#6025);
#6024 = CARTESIAN_POINT('',(37.999892,-112.99991,0.11));
#6025 = VECTOR('',#6026,1.);
#6026 = DIRECTION('',(1.,0.,0.));
#6027 = ORIENTED_EDGE('',*,*,#6028,.F.);
#6028 = EDGE_CURVE('',#6029,#6021,#6031,.T.);
#6029 = VERTEX_POINT('',#6030);
#6030 = CARTESIAN_POINT('',(37.999892,-110.99991,0.11));
#6031 = LINE('',#6032,#6033);
#6032 = CARTESIAN_POINT('',(37.999892,-110.99991,0.11));
#6033 = VECTOR('',#6034,1.);
#6034 = DIRECTION('',(0.,-1.,0.));
#6035 = ORIENTED_EDGE('',*,*,#6036,.F.);
#6036 = EDGE_CURVE('',#6037,#6029,#6039,.T.);
#6037 = VERTEX_POINT('',#6038);
#6038 = CARTESIAN_POINT('',(38.999892,-103.99991,0.11));
#6039 = LINE('',#6040,#6041);
#6040 = CARTESIAN_POINT('',(38.999892,-103.99991,0.11));
#6041 = VECTOR('',#6042,1.);
#6042 = DIRECTION('',(-0.141421356237,-0.989949493661,0.));
#6043 = ORIENTED_EDGE('',*,*,#6044,.F.);
#6044 = EDGE_CURVE('',#5957,#6037,#6045,.T.);
#6045 = LINE('',#6046,#6047);
#6046 = CARTESIAN_POINT('',(38.999892,-96.99991,0.11));
#6047 = VECTOR('',#6048,1.);
#6048 = DIRECTION('',(0.,-1.,0.));
#6049 = FACE_BOUND('',#6050,.T.);
#6050 = EDGE_LOOP('',(#6051));
#6051 = ORIENTED_EDGE('',*,*,#6052,.T.);
#6052 = EDGE_CURVE('',#6053,#6053,#6055,.T.);
#6053 = VERTEX_POINT('',#6054);
#6054 = CARTESIAN_POINT('',(47.499892,-114.599909,0.11));
#6055 = CIRCLE('',#6056,0.6);
#6056 = AXIS2_PLACEMENT_3D('',#6057,#6058,#6059);
#6057 = CARTESIAN_POINT('',(47.499892,-113.999909,0.11));
#6058 = DIRECTION('',(-0.,0.,-1.));
#6059 = DIRECTION('',(-0.,-1.,0.));
#6060 = FACE_BOUND('',#6061,.T.);
#6061 = EDGE_LOOP('',(#6062));
#6062 = ORIENTED_EDGE('',*,*,#6063,.T.);
#6063 = EDGE_CURVE('',#6064,#6064,#6066,.T.);
#6064 = VERTEX_POINT('',#6065);
#6065 = CARTESIAN_POINT('',(59.499892,-114.599909,0.11));
#6066 = CIRCLE('',#6067,0.6);
#6067 = AXIS2_PLACEMENT_3D('',#6068,#6069,#6070);
#6068 = CARTESIAN_POINT('',(59.499892,-113.999909,0.11));
#6069 = DIRECTION('',(-0.,0.,-1.));
#6070 = DIRECTION('',(-0.,-1.,0.));
#6071 = FACE_BOUND('',#6072,.T.);
#6072 = EDGE_LOOP('',(#6073,#6083,#6091,#6099,#6107,#6115,#6123,#6131,
    #6139,#6147,#6155,#6163));
#6073 = ORIENTED_EDGE('',*,*,#6074,.F.);
#6074 = EDGE_CURVE('',#6075,#6077,#6079,.T.);
#6075 = VERTEX_POINT('',#6076);
#6076 = CARTESIAN_POINT('',(49.999892,-88.99991,0.11));
#6077 = VERTEX_POINT('',#6078);
#6078 = CARTESIAN_POINT('',(50.999892,-96.99991,0.11));
#6079 = LINE('',#6080,#6081);
#6080 = CARTESIAN_POINT('',(49.999892,-88.99991,0.11));
#6081 = VECTOR('',#6082,1.);
#6082 = DIRECTION('',(0.124034734589,-0.992277876714,0.));
#6083 = ORIENTED_EDGE('',*,*,#6084,.F.);
#6084 = EDGE_CURVE('',#6085,#6075,#6087,.T.);
#6085 = VERTEX_POINT('',#6086);
#6086 = CARTESIAN_POINT('',(49.999892,-87.99991,0.11));
#6087 = LINE('',#6088,#6089);
#6088 = CARTESIAN_POINT('',(49.999892,-87.99991,0.11));
#6089 = VECTOR('',#6090,1.);
#6090 = DIRECTION('',(0.,-1.,0.));
#6091 = ORIENTED_EDGE('',*,*,#6092,.F.);
#6092 = EDGE_CURVE('',#6093,#6085,#6095,.T.);
#6093 = VERTEX_POINT('',#6094);
#6094 = CARTESIAN_POINT('',(56.999892,-87.99991,0.11));
#6095 = LINE('',#6096,#6097);
#6096 = CARTESIAN_POINT('',(56.999892,-87.99991,0.11));
#6097 = VECTOR('',#6098,1.);
#6098 = DIRECTION('',(-1.,0.,0.));
#6099 = ORIENTED_EDGE('',*,*,#6100,.F.);
#6100 = EDGE_CURVE('',#6101,#6093,#6103,.T.);
#6101 = VERTEX_POINT('',#6102);
#6102 = CARTESIAN_POINT('',(56.999892,-88.99991,0.11));
#6103 = LINE('',#6104,#6105);
#6104 = CARTESIAN_POINT('',(56.999892,-88.99991,0.11));
#6105 = VECTOR('',#6106,1.);
#6106 = DIRECTION('',(0.,1.,0.));
#6107 = ORIENTED_EDGE('',*,*,#6108,.F.);
#6108 = EDGE_CURVE('',#6109,#6101,#6111,.T.);
#6109 = VERTEX_POINT('',#6110);
#6110 = CARTESIAN_POINT('',(55.999892,-96.99991,0.11));
#6111 = LINE('',#6112,#6113);
#6112 = CARTESIAN_POINT('',(55.999892,-96.99991,0.11));
#6113 = VECTOR('',#6114,1.);
#6114 = DIRECTION('',(0.124034734589,0.992277876714,0.));
#6115 = ORIENTED_EDGE('',*,*,#6116,.F.);
#6116 = EDGE_CURVE('',#6117,#6109,#6119,.T.);
#6117 = VERTEX_POINT('',#6118);
#6118 = CARTESIAN_POINT('',(55.999892,-103.99991,0.11));
#6119 = LINE('',#6120,#6121);
#6120 = CARTESIAN_POINT('',(55.999892,-103.99991,0.11));
#6121 = VECTOR('',#6122,1.);
#6122 = DIRECTION('',(0.,1.,0.));
#6123 = ORIENTED_EDGE('',*,*,#6124,.F.);
#6124 = EDGE_CURVE('',#6125,#6117,#6127,.T.);
#6125 = VERTEX_POINT('',#6126);
#6126 = CARTESIAN_POINT('',(56.999892,-110.99991,0.11));
#6127 = LINE('',#6128,#6129);
#6128 = CARTESIAN_POINT('',(56.999892,-110.99991,0.11));
#6129 = VECTOR('',#6130,1.);
#6130 = DIRECTION('',(-0.141421356237,0.989949493661,0.));
#6131 = ORIENTED_EDGE('',*,*,#6132,.F.);
#6132 = EDGE_CURVE('',#6133,#6125,#6135,.T.);
#6133 = VERTEX_POINT('',#6134);
#6134 = CARTESIAN_POINT('',(56.999892,-112.99991,0.11));
#6135 = LINE('',#6136,#6137);
#6136 = CARTESIAN_POINT('',(56.999892,-112.99991,0.11));
#6137 = VECTOR('',#6138,1.);
#6138 = DIRECTION('',(0.,1.,0.));
#6139 = ORIENTED_EDGE('',*,*,#6140,.F.);
#6140 = EDGE_CURVE('',#6141,#6133,#6143,.T.);
#6141 = VERTEX_POINT('',#6142);
#6142 = CARTESIAN_POINT('',(49.999892,-112.99991,0.11));
#6143 = LINE('',#6144,#6145);
#6144 = CARTESIAN_POINT('',(49.999892,-112.99991,0.11));
#6145 = VECTOR('',#6146,1.);
#6146 = DIRECTION('',(1.,0.,0.));
#6147 = ORIENTED_EDGE('',*,*,#6148,.F.);
#6148 = EDGE_CURVE('',#6149,#6141,#6151,.T.);
#6149 = VERTEX_POINT('',#6150);
#6150 = CARTESIAN_POINT('',(49.999892,-110.99991,0.11));
#6151 = LINE('',#6152,#6153);
#6152 = CARTESIAN_POINT('',(49.999892,-110.99991,0.11));
#6153 = VECTOR('',#6154,1.);
#6154 = DIRECTION('',(0.,-1.,0.));
#6155 = ORIENTED_EDGE('',*,*,#6156,.F.);
#6156 = EDGE_CURVE('',#6157,#6149,#6159,.T.);
#6157 = VERTEX_POINT('',#6158);
#6158 = CARTESIAN_POINT('',(50.999892,-103.99991,0.11));
#6159 = LINE('',#6160,#6161);
#6160 = CARTESIAN_POINT('',(50.999892,-103.99991,0.11));
#6161 = VECTOR('',#6162,1.);
#6162 = DIRECTION('',(-0.141421356237,-0.989949493661,0.));
#6163 = ORIENTED_EDGE('',*,*,#6164,.F.);
#6164 = EDGE_CURVE('',#6077,#6157,#6165,.T.);
#6165 = LINE('',#6166,#6167);
#6166 = CARTESIAN_POINT('',(50.999892,-96.99991,0.11));
#6167 = VECTOR('',#6168,1.);
#6168 = DIRECTION('',(0.,-1.,0.));
#6169 = FACE_BOUND('',#6170,.T.);
#6170 = EDGE_LOOP('',(#6171));
#6171 = ORIENTED_EDGE('',*,*,#6172,.T.);
#6172 = EDGE_CURVE('',#6173,#6173,#6175,.T.);
#6173 = VERTEX_POINT('',#6174);
#6174 = CARTESIAN_POINT('',(23.499892,-87.59991,0.11));
#6175 = CIRCLE('',#6176,0.6);
#6176 = AXIS2_PLACEMENT_3D('',#6177,#6178,#6179);
#6177 = CARTESIAN_POINT('',(23.499892,-86.99991,0.11));
#6178 = DIRECTION('',(-0.,0.,-1.));
#6179 = DIRECTION('',(-5.921189464668E-15,-1.,0.));
#6180 = FACE_BOUND('',#6181,.T.);
#6181 = EDGE_LOOP('',(#6182));
#6182 = ORIENTED_EDGE('',*,*,#6183,.F.);
#6183 = EDGE_CURVE('',#6184,#6184,#6186,.T.);
#6184 = VERTEX_POINT('',#6185);
#6185 = CARTESIAN_POINT('',(23.999892,-83.99991,0.11));
#6186 = CIRCLE('',#6187,0.5);
#6187 = AXIS2_PLACEMENT_3D('',#6188,#6189,#6190);
#6188 = CARTESIAN_POINT('',(23.499892,-83.99991,0.11));
#6189 = DIRECTION('',(0.,0.,1.));
#6190 = DIRECTION('',(1.,0.,-0.));
#6191 = FACE_BOUND('',#6192,.T.);
#6192 = EDGE_LOOP('',(#6193));
#6193 = ORIENTED_EDGE('',*,*,#6194,.F.);
#6194 = EDGE_CURVE('',#6195,#6195,#6197,.T.);
#6195 = VERTEX_POINT('',#6196);
#6196 = CARTESIAN_POINT('',(23.999892,-80.99991,0.11));
#6197 = CIRCLE('',#6198,0.5);
#6198 = AXIS2_PLACEMENT_3D('',#6199,#6200,#6201);
#6199 = CARTESIAN_POINT('',(23.499892,-80.99991,0.11));
#6200 = DIRECTION('',(0.,0.,1.));
#6201 = DIRECTION('',(1.,0.,-0.));
#6202 = FACE_BOUND('',#6203,.T.);
#6203 = EDGE_LOOP('',(#6204,#6215,#6223,#6232,#6240,#6248,#6256));
#6204 = ORIENTED_EDGE('',*,*,#6205,.F.);
#6205 = EDGE_CURVE('',#6206,#6208,#6210,.T.);
#6206 = VERTEX_POINT('',#6207);
#6207 = CARTESIAN_POINT('',(27.999892,-72.99991,0.11));
#6208 = VERTEX_POINT('',#6209);
#6209 = CARTESIAN_POINT('',(25.999892,-74.99991,0.11));
#6210 = CIRCLE('',#6211,1.99999850585);
#6211 = AXIS2_PLACEMENT_3D('',#6212,#6213,#6214);
#6212 = CARTESIAN_POINT('',(27.99989050585,-74.99990850585,0.11));
#6213 = DIRECTION('',(0.,0.,1.));
#6214 = DIRECTION('',(7.47075740283E-07,1.,-0.));
#6215 = ORIENTED_EDGE('',*,*,#6216,.F.);
#6216 = EDGE_CURVE('',#6217,#6206,#6219,.T.);
#6217 = VERTEX_POINT('',#6218);
#6218 = CARTESIAN_POINT('',(30.999892,-72.99991,0.11));
#6219 = LINE('',#6220,#6221);
#6220 = CARTESIAN_POINT('',(30.999892,-72.99991,0.11));
#6221 = VECTOR('',#6222,1.);
#6222 = DIRECTION('',(-1.,0.,0.));
#6223 = ORIENTED_EDGE('',*,*,#6224,.F.);
#6224 = EDGE_CURVE('',#6225,#6217,#6227,.T.);
#6225 = VERTEX_POINT('',#6226);
#6226 = CARTESIAN_POINT('',(32.999892,-74.99991,0.11));
#6227 = CIRCLE('',#6228,1.99999850585);
#6228 = AXIS2_PLACEMENT_3D('',#6229,#6230,#6231);
#6229 = CARTESIAN_POINT('',(30.99989349415,-74.99990850585,0.11));
#6230 = DIRECTION('',(0.,0.,1.));
#6231 = DIRECTION('',(1.,-7.470757420593E-07,0.));
#6232 = ORIENTED_EDGE('',*,*,#6233,.F.);
#6233 = EDGE_CURVE('',#6234,#6225,#6236,.T.);
#6234 = VERTEX_POINT('',#6235);
#6235 = CARTESIAN_POINT('',(32.999892,-85.99991,0.11));
#6236 = LINE('',#6237,#6238);
#6237 = CARTESIAN_POINT('',(32.999892,-85.99991,0.11));
#6238 = VECTOR('',#6239,1.);
#6239 = DIRECTION('',(0.,1.,0.));
#6240 = ORIENTED_EDGE('',*,*,#6241,.F.);
#6241 = EDGE_CURVE('',#6242,#6234,#6244,.T.);
#6242 = VERTEX_POINT('',#6243);
#6243 = CARTESIAN_POINT('',(25.999892,-85.99991,0.11));
#6244 = LINE('',#6245,#6246);
#6245 = CARTESIAN_POINT('',(25.999892,-85.99991,0.11));
#6246 = VECTOR('',#6247,1.);
#6247 = DIRECTION('',(1.,0.,0.));
#6248 = ORIENTED_EDGE('',*,*,#6249,.F.);
#6249 = EDGE_CURVE('',#6250,#6242,#6252,.T.);
#6250 = VERTEX_POINT('',#6251);
#6251 = CARTESIAN_POINT('',(25.999892,-84.99991,0.11));
#6252 = LINE('',#6253,#6254);
#6253 = CARTESIAN_POINT('',(25.999892,-84.99991,0.11));
#6254 = VECTOR('',#6255,1.);
#6255 = DIRECTION('',(0.,-1.,0.));
#6256 = ORIENTED_EDGE('',*,*,#6257,.F.);
#6257 = EDGE_CURVE('',#6208,#6250,#6258,.T.);
#6258 = LINE('',#6259,#6260);
#6259 = CARTESIAN_POINT('',(25.999892,-74.99991,0.11));
#6260 = VECTOR('',#6261,1.);
#6261 = DIRECTION('',(0.,-1.,0.));
#6262 = FACE_BOUND('',#6263,.T.);
#6263 = EDGE_LOOP('',(#6264));
#6264 = ORIENTED_EDGE('',*,*,#6265,.T.);
#6265 = EDGE_CURVE('',#6266,#6266,#6268,.T.);
#6266 = VERTEX_POINT('',#6267);
#6267 = CARTESIAN_POINT('',(35.499892,-87.59991,0.11));
#6268 = CIRCLE('',#6269,0.6);
#6269 = AXIS2_PLACEMENT_3D('',#6270,#6271,#6272);
#6270 = CARTESIAN_POINT('',(35.499892,-86.99991,0.11));
#6271 = DIRECTION('',(-0.,0.,-1.));
#6272 = DIRECTION('',(-0.,-1.,0.));
#6273 = FACE_BOUND('',#6274,.T.);
#6274 = EDGE_LOOP('',(#6275));
#6275 = ORIENTED_EDGE('',*,*,#6276,.F.);
#6276 = EDGE_CURVE('',#6277,#6277,#6279,.T.);
#6277 = VERTEX_POINT('',#6278);
#6278 = CARTESIAN_POINT('',(35.999892,-83.99991,0.11));
#6279 = CIRCLE('',#6280,0.5);
#6280 = AXIS2_PLACEMENT_3D('',#6281,#6282,#6283);
#6281 = CARTESIAN_POINT('',(35.499892,-83.99991,0.11));
#6282 = DIRECTION('',(0.,0.,1.));
#6283 = DIRECTION('',(1.,0.,-0.));
#6284 = FACE_BOUND('',#6285,.T.);
#6285 = EDGE_LOOP('',(#6286));
#6286 = ORIENTED_EDGE('',*,*,#6287,.F.);
#6287 = EDGE_CURVE('',#6288,#6288,#6290,.T.);
#6288 = VERTEX_POINT('',#6289);
#6289 = CARTESIAN_POINT('',(35.999892,-80.99991,0.11));
#6290 = CIRCLE('',#6291,0.5);
#6291 = AXIS2_PLACEMENT_3D('',#6292,#6293,#6294);
#6292 = CARTESIAN_POINT('',(35.499892,-80.99991,0.11));
#6293 = DIRECTION('',(0.,0.,1.));
#6294 = DIRECTION('',(1.,0.,-0.));
#6295 = FACE_BOUND('',#6296,.T.);
#6296 = EDGE_LOOP('',(#6297,#6308,#6316,#6325,#6333,#6341,#6349));
#6297 = ORIENTED_EDGE('',*,*,#6298,.F.);
#6298 = EDGE_CURVE('',#6299,#6301,#6303,.T.);
#6299 = VERTEX_POINT('',#6300);
#6300 = CARTESIAN_POINT('',(39.999892,-72.99991,0.11));
#6301 = VERTEX_POINT('',#6302);
#6302 = CARTESIAN_POINT('',(37.999892,-74.99991,0.11));
#6303 = CIRCLE('',#6304,1.99999850585);
#6304 = AXIS2_PLACEMENT_3D('',#6305,#6306,#6307);
#6305 = CARTESIAN_POINT('',(39.99989050585,-74.99990850585,0.11));
#6306 = DIRECTION('',(0.,0.,1.));
#6307 = DIRECTION('',(7.470757420593E-07,1.,-0.));
#6308 = ORIENTED_EDGE('',*,*,#6309,.F.);
#6309 = EDGE_CURVE('',#6310,#6299,#6312,.T.);
#6310 = VERTEX_POINT('',#6311);
#6311 = CARTESIAN_POINT('',(42.999892,-72.99991,0.11));
#6312 = LINE('',#6313,#6314);
#6313 = CARTESIAN_POINT('',(42.999892,-72.99991,0.11));
#6314 = VECTOR('',#6315,1.);
#6315 = DIRECTION('',(-1.,0.,0.));
#6316 = ORIENTED_EDGE('',*,*,#6317,.F.);
#6317 = EDGE_CURVE('',#6318,#6310,#6320,.T.);
#6318 = VERTEX_POINT('',#6319);
#6319 = CARTESIAN_POINT('',(44.999892,-74.99991,0.11));
#6320 = CIRCLE('',#6321,1.99999850585);
#6321 = AXIS2_PLACEMENT_3D('',#6322,#6323,#6324);
#6322 = CARTESIAN_POINT('',(42.99989349415,-74.99990850585,0.11));
#6323 = DIRECTION('',(0.,0.,1.));
#6324 = DIRECTION('',(1.,-7.470757420593E-07,0.));
#6325 = ORIENTED_EDGE('',*,*,#6326,.F.);
#6326 = EDGE_CURVE('',#6327,#6318,#6329,.T.);
#6327 = VERTEX_POINT('',#6328);
#6328 = CARTESIAN_POINT('',(44.999892,-85.99991,0.11));
#6329 = LINE('',#6330,#6331);
#6330 = CARTESIAN_POINT('',(44.999892,-85.99991,0.11));
#6331 = VECTOR('',#6332,1.);
#6332 = DIRECTION('',(0.,1.,0.));
#6333 = ORIENTED_EDGE('',*,*,#6334,.F.);
#6334 = EDGE_CURVE('',#6335,#6327,#6337,.T.);
#6335 = VERTEX_POINT('',#6336);
#6336 = CARTESIAN_POINT('',(37.999892,-85.99991,0.11));
#6337 = LINE('',#6338,#6339);
#6338 = CARTESIAN_POINT('',(37.999892,-85.99991,0.11));
#6339 = VECTOR('',#6340,1.);
#6340 = DIRECTION('',(1.,0.,0.));
#6341 = ORIENTED_EDGE('',*,*,#6342,.F.);
#6342 = EDGE_CURVE('',#6343,#6335,#6345,.T.);
#6343 = VERTEX_POINT('',#6344);
#6344 = CARTESIAN_POINT('',(37.999892,-84.99991,0.11));
#6345 = LINE('',#6346,#6347);
#6346 = CARTESIAN_POINT('',(37.999892,-84.99991,0.11));
#6347 = VECTOR('',#6348,1.);
#6348 = DIRECTION('',(0.,-1.,0.));
#6349 = ORIENTED_EDGE('',*,*,#6350,.F.);
#6350 = EDGE_CURVE('',#6301,#6343,#6351,.T.);
#6351 = LINE('',#6352,#6353);
#6352 = CARTESIAN_POINT('',(37.999892,-74.99991,0.11));
#6353 = VECTOR('',#6354,1.);
#6354 = DIRECTION('',(0.,-1.,0.));
#6355 = FACE_BOUND('',#6356,.T.);
#6356 = EDGE_LOOP('',(#6357));
#6357 = ORIENTED_EDGE('',*,*,#6358,.F.);
#6358 = EDGE_CURVE('',#6359,#6359,#6361,.T.);
#6359 = VERTEX_POINT('',#6360);
#6360 = CARTESIAN_POINT('',(23.999892,-77.99991,0.11));
#6361 = CIRCLE('',#6362,0.5);
#6362 = AXIS2_PLACEMENT_3D('',#6363,#6364,#6365);
#6363 = CARTESIAN_POINT('',(23.499892,-77.99991,0.11));
#6364 = DIRECTION('',(0.,0.,1.));
#6365 = DIRECTION('',(1.,0.,-0.));
#6366 = FACE_BOUND('',#6367,.T.);
#6367 = EDGE_LOOP('',(#6368));
#6368 = ORIENTED_EDGE('',*,*,#6369,.F.);
#6369 = EDGE_CURVE('',#6370,#6370,#6372,.T.);
#6370 = VERTEX_POINT('',#6371);
#6371 = CARTESIAN_POINT('',(23.999892,-74.99991,0.11));
#6372 = CIRCLE('',#6373,0.5);
#6373 = AXIS2_PLACEMENT_3D('',#6374,#6375,#6376);
#6374 = CARTESIAN_POINT('',(23.499892,-74.99991,0.11));
#6375 = DIRECTION('',(0.,0.,1.));
#6376 = DIRECTION('',(1.,0.,-0.));
#6377 = FACE_BOUND('',#6378,.T.);
#6378 = EDGE_LOOP('',(#6379));
#6379 = ORIENTED_EDGE('',*,*,#6380,.F.);
#6380 = EDGE_CURVE('',#6381,#6381,#6383,.T.);
#6381 = VERTEX_POINT('',#6382);
#6382 = CARTESIAN_POINT('',(23.999892,-71.99991,0.11));
#6383 = CIRCLE('',#6384,0.5);
#6384 = AXIS2_PLACEMENT_3D('',#6385,#6386,#6387);
#6385 = CARTESIAN_POINT('',(23.499892,-71.99991,0.11));
#6386 = DIRECTION('',(0.,0.,1.));
#6387 = DIRECTION('',(1.,0.,-0.));
#6388 = FACE_BOUND('',#6389,.T.);
#6389 = EDGE_LOOP('',(#6390));
#6390 = ORIENTED_EDGE('',*,*,#6391,.F.);
#6391 = EDGE_CURVE('',#6392,#6392,#6394,.T.);
#6392 = VERTEX_POINT('',#6393);
#6393 = CARTESIAN_POINT('',(22.499892,-70.49991,0.11));
#6394 = CIRCLE('',#6395,0.5);
#6395 = AXIS2_PLACEMENT_3D('',#6396,#6397,#6398);
#6396 = CARTESIAN_POINT('',(21.999892,-70.49991,0.11));
#6397 = DIRECTION('',(0.,0.,1.));
#6398 = DIRECTION('',(1.,0.,-0.));
#6399 = FACE_BOUND('',#6400,.T.);
#6400 = EDGE_LOOP('',(#6401));
#6401 = ORIENTED_EDGE('',*,*,#6402,.F.);
#6402 = EDGE_CURVE('',#6403,#6403,#6405,.T.);
#6403 = VERTEX_POINT('',#6404);
#6404 = CARTESIAN_POINT('',(25.499892,-70.49991,0.11));
#6405 = CIRCLE('',#6406,0.5);
#6406 = AXIS2_PLACEMENT_3D('',#6407,#6408,#6409);
#6407 = CARTESIAN_POINT('',(24.999892,-70.49991,0.11));
#6408 = DIRECTION('',(0.,0.,1.));
#6409 = DIRECTION('',(1.,0.,-0.));
#6410 = FACE_BOUND('',#6411,.T.);
#6411 = EDGE_LOOP('',(#6412));
#6412 = ORIENTED_EDGE('',*,*,#6413,.F.);
#6413 = EDGE_CURVE('',#6414,#6414,#6416,.T.);
#6414 = VERTEX_POINT('',#6415);
#6415 = CARTESIAN_POINT('',(23.999892,-68.99991,0.11));
#6416 = CIRCLE('',#6417,0.5);
#6417 = AXIS2_PLACEMENT_3D('',#6418,#6419,#6420);
#6418 = CARTESIAN_POINT('',(23.499892,-68.99991,0.11));
#6419 = DIRECTION('',(0.,0.,1.));
#6420 = DIRECTION('',(1.,0.,-0.));
#6421 = FACE_BOUND('',#6422,.T.);
#6422 = EDGE_LOOP('',(#6423));
#6423 = ORIENTED_EDGE('',*,*,#6424,.F.);
#6424 = EDGE_CURVE('',#6425,#6425,#6427,.T.);
#6425 = VERTEX_POINT('',#6426);
#6426 = CARTESIAN_POINT('',(23.999892,-65.99991,0.11));
#6427 = CIRCLE('',#6428,0.5);
#6428 = AXIS2_PLACEMENT_3D('',#6429,#6430,#6431);
#6429 = CARTESIAN_POINT('',(23.499892,-65.99991,0.11));
#6430 = DIRECTION('',(0.,0.,1.));
#6431 = DIRECTION('',(1.,0.,-0.));
#6432 = FACE_BOUND('',#6433,.T.);
#6433 = EDGE_LOOP('',(#6434,#6445,#6453,#6462,#6470,#6479,#6487,#6496));
#6434 = ORIENTED_EDGE('',*,*,#6435,.F.);
#6435 = EDGE_CURVE('',#6436,#6438,#6440,.T.);
#6436 = VERTEX_POINT('',#6437);
#6437 = CARTESIAN_POINT('',(27.999892,-62.99991,0.11));
#6438 = VERTEX_POINT('',#6439);
#6439 = CARTESIAN_POINT('',(25.999892,-64.99991,0.11));
#6440 = CIRCLE('',#6441,1.99999850585);
#6441 = AXIS2_PLACEMENT_3D('',#6442,#6443,#6444);
#6442 = CARTESIAN_POINT('',(27.99989050585,-64.99990850585,0.11));
#6443 = DIRECTION('',(0.,0.,1.));
#6444 = DIRECTION('',(7.47075740283E-07,1.,-0.));
#6445 = ORIENTED_EDGE('',*,*,#6446,.F.);
#6446 = EDGE_CURVE('',#6447,#6436,#6449,.T.);
#6447 = VERTEX_POINT('',#6448);
#6448 = CARTESIAN_POINT('',(30.999892,-62.99991,0.11));
#6449 = LINE('',#6450,#6451);
#6450 = CARTESIAN_POINT('',(30.999892,-62.99991,0.11));
#6451 = VECTOR('',#6452,1.);
#6452 = DIRECTION('',(-1.,0.,0.));
#6453 = ORIENTED_EDGE('',*,*,#6454,.F.);
#6454 = EDGE_CURVE('',#6455,#6447,#6457,.T.);
#6455 = VERTEX_POINT('',#6456);
#6456 = CARTESIAN_POINT('',(32.999892,-64.99991,0.11));
#6457 = CIRCLE('',#6458,1.99999850585);
#6458 = AXIS2_PLACEMENT_3D('',#6459,#6460,#6461);
#6459 = CARTESIAN_POINT('',(30.99989349415,-64.99990850585,0.11));
#6460 = DIRECTION('',(0.,0.,1.));
#6461 = DIRECTION('',(1.,-7.470757420593E-07,0.));
#6462 = ORIENTED_EDGE('',*,*,#6463,.F.);
#6463 = EDGE_CURVE('',#6464,#6455,#6466,.T.);
#6464 = VERTEX_POINT('',#6465);
#6465 = CARTESIAN_POINT('',(32.999892,-66.99991,0.11));
#6466 = LINE('',#6467,#6468);
#6467 = CARTESIAN_POINT('',(32.999892,-66.99991,0.11));
#6468 = VECTOR('',#6469,1.);
#6469 = DIRECTION('',(0.,1.,0.));
#6470 = ORIENTED_EDGE('',*,*,#6471,.F.);
#6471 = EDGE_CURVE('',#6472,#6464,#6474,.T.);
#6472 = VERTEX_POINT('',#6473);
#6473 = CARTESIAN_POINT('',(30.999892,-68.99991,0.11));
#6474 = CIRCLE('',#6475,1.99999850585);
#6475 = AXIS2_PLACEMENT_3D('',#6476,#6477,#6478);
#6476 = CARTESIAN_POINT('',(30.99989349415,-66.99991149415,0.11));
#6477 = DIRECTION('',(0.,0.,1.));
#6478 = DIRECTION('',(-7.470757385066E-07,-1.,0.));
#6479 = ORIENTED_EDGE('',*,*,#6480,.F.);
#6480 = EDGE_CURVE('',#6481,#6472,#6483,.T.);
#6481 = VERTEX_POINT('',#6482);
#6482 = CARTESIAN_POINT('',(27.999892,-68.99991,0.11));
#6483 = LINE('',#6484,#6485);
#6484 = CARTESIAN_POINT('',(27.999892,-68.99991,0.11));
#6485 = VECTOR('',#6486,1.);
#6486 = DIRECTION('',(1.,0.,0.));
#6487 = ORIENTED_EDGE('',*,*,#6488,.F.);
#6488 = EDGE_CURVE('',#6489,#6481,#6491,.T.);
#6489 = VERTEX_POINT('',#6490);
#6490 = CARTESIAN_POINT('',(25.999892,-66.99991,0.11));
#6491 = CIRCLE('',#6492,1.99999850585);
#6492 = AXIS2_PLACEMENT_3D('',#6493,#6494,#6495);
#6493 = CARTESIAN_POINT('',(27.99989050585,-66.99991149415,0.11));
#6494 = DIRECTION('',(0.,0.,1.));
#6495 = DIRECTION('',(-1.,7.470757420593E-07,0.));
#6496 = ORIENTED_EDGE('',*,*,#6497,.F.);
#6497 = EDGE_CURVE('',#6438,#6489,#6498,.T.);
#6498 = LINE('',#6499,#6500);
#6499 = CARTESIAN_POINT('',(25.999892,-64.99991,0.11));
#6500 = VECTOR('',#6501,1.);
#6501 = DIRECTION('',(0.,-1.,0.));
#6502 = FACE_BOUND('',#6503,.T.);
#6503 = EDGE_LOOP('',(#6504));
#6504 = ORIENTED_EDGE('',*,*,#6505,.F.);
#6505 = EDGE_CURVE('',#6506,#6506,#6508,.T.);
#6506 = VERTEX_POINT('',#6507);
#6507 = CARTESIAN_POINT('',(35.999892,-77.99991,0.11));
#6508 = CIRCLE('',#6509,0.5);
#6509 = AXIS2_PLACEMENT_3D('',#6510,#6511,#6512);
#6510 = CARTESIAN_POINT('',(35.499892,-77.99991,0.11));
#6511 = DIRECTION('',(0.,0.,1.));
#6512 = DIRECTION('',(1.,0.,-0.));
#6513 = FACE_BOUND('',#6514,.T.);
#6514 = EDGE_LOOP('',(#6515));
#6515 = ORIENTED_EDGE('',*,*,#6516,.F.);
#6516 = EDGE_CURVE('',#6517,#6517,#6519,.T.);
#6517 = VERTEX_POINT('',#6518);
#6518 = CARTESIAN_POINT('',(35.999892,-74.99991,0.11));
#6519 = CIRCLE('',#6520,0.5);
#6520 = AXIS2_PLACEMENT_3D('',#6521,#6522,#6523);
#6521 = CARTESIAN_POINT('',(35.499892,-74.99991,0.11));
#6522 = DIRECTION('',(0.,0.,1.));
#6523 = DIRECTION('',(1.,0.,-0.));
#6524 = FACE_BOUND('',#6525,.T.);
#6525 = EDGE_LOOP('',(#6526));
#6526 = ORIENTED_EDGE('',*,*,#6527,.F.);
#6527 = EDGE_CURVE('',#6528,#6528,#6530,.T.);
#6528 = VERTEX_POINT('',#6529);
#6529 = CARTESIAN_POINT('',(34.499892,-70.49991,0.11));
#6530 = CIRCLE('',#6531,0.5);
#6531 = AXIS2_PLACEMENT_3D('',#6532,#6533,#6534);
#6532 = CARTESIAN_POINT('',(33.999892,-70.49991,0.11));
#6533 = DIRECTION('',(0.,0.,1.));
#6534 = DIRECTION('',(1.,0.,-0.));
#6535 = FACE_BOUND('',#6536,.T.);
#6536 = EDGE_LOOP('',(#6537));
#6537 = ORIENTED_EDGE('',*,*,#6538,.F.);
#6538 = EDGE_CURVE('',#6539,#6539,#6541,.T.);
#6539 = VERTEX_POINT('',#6540);
#6540 = CARTESIAN_POINT('',(37.499892,-70.49991,0.11));
#6541 = CIRCLE('',#6542,0.5);
#6542 = AXIS2_PLACEMENT_3D('',#6543,#6544,#6545);
#6543 = CARTESIAN_POINT('',(36.999892,-70.49991,0.11));
#6544 = DIRECTION('',(0.,0.,1.));
#6545 = DIRECTION('',(1.,0.,-0.));
#6546 = FACE_BOUND('',#6547,.T.);
#6547 = EDGE_LOOP('',(#6548));
#6548 = ORIENTED_EDGE('',*,*,#6549,.F.);
#6549 = EDGE_CURVE('',#6550,#6550,#6552,.T.);
#6550 = VERTEX_POINT('',#6551);
#6551 = CARTESIAN_POINT('',(35.999892,-68.99991,0.11));
#6552 = CIRCLE('',#6553,0.5);
#6553 = AXIS2_PLACEMENT_3D('',#6554,#6555,#6556);
#6554 = CARTESIAN_POINT('',(35.499892,-68.99991,0.11));
#6555 = DIRECTION('',(0.,0.,1.));
#6556 = DIRECTION('',(1.,0.,-0.));
#6557 = FACE_BOUND('',#6558,.T.);
#6558 = EDGE_LOOP('',(#6559));
#6559 = ORIENTED_EDGE('',*,*,#6560,.F.);
#6560 = EDGE_CURVE('',#6561,#6561,#6563,.T.);
#6561 = VERTEX_POINT('',#6562);
#6562 = CARTESIAN_POINT('',(35.999892,-65.99991,0.11));
#6563 = CIRCLE('',#6564,0.5);
#6564 = AXIS2_PLACEMENT_3D('',#6565,#6566,#6567);
#6565 = CARTESIAN_POINT('',(35.499892,-65.99991,0.11));
#6566 = DIRECTION('',(0.,0.,1.));
#6567 = DIRECTION('',(1.,0.,-0.));
#6568 = FACE_BOUND('',#6569,.T.);
#6569 = EDGE_LOOP('',(#6570,#6581,#6589,#6598,#6606,#6615,#6623,#6632));
#6570 = ORIENTED_EDGE('',*,*,#6571,.F.);
#6571 = EDGE_CURVE('',#6572,#6574,#6576,.T.);
#6572 = VERTEX_POINT('',#6573);
#6573 = CARTESIAN_POINT('',(39.999892,-62.99991,0.11));
#6574 = VERTEX_POINT('',#6575);
#6575 = CARTESIAN_POINT('',(37.999892,-64.99991,0.11));
#6576 = CIRCLE('',#6577,1.99999850585);
#6577 = AXIS2_PLACEMENT_3D('',#6578,#6579,#6580);
#6578 = CARTESIAN_POINT('',(39.99989050585,-64.99990850585,0.11));
#6579 = DIRECTION('',(0.,0.,1.));
#6580 = DIRECTION('',(7.470757456121E-07,1.,-0.));
#6581 = ORIENTED_EDGE('',*,*,#6582,.F.);
#6582 = EDGE_CURVE('',#6583,#6572,#6585,.T.);
#6583 = VERTEX_POINT('',#6584);
#6584 = CARTESIAN_POINT('',(42.999892,-62.99991,0.11));
#6585 = LINE('',#6586,#6587);
#6586 = CARTESIAN_POINT('',(42.999892,-62.99991,0.11));
#6587 = VECTOR('',#6588,1.);
#6588 = DIRECTION('',(-1.,0.,0.));
#6589 = ORIENTED_EDGE('',*,*,#6590,.F.);
#6590 = EDGE_CURVE('',#6591,#6583,#6593,.T.);
#6591 = VERTEX_POINT('',#6592);
#6592 = CARTESIAN_POINT('',(44.999892,-64.99991,0.11));
#6593 = CIRCLE('',#6594,1.99999850585);
#6594 = AXIS2_PLACEMENT_3D('',#6595,#6596,#6597);
#6595 = CARTESIAN_POINT('',(42.99989349415,-64.99990850585,0.11));
#6596 = DIRECTION('',(0.,0.,1.));
#6597 = DIRECTION('',(1.,-7.470757420593E-07,0.));
#6598 = ORIENTED_EDGE('',*,*,#6599,.F.);
#6599 = EDGE_CURVE('',#6600,#6591,#6602,.T.);
#6600 = VERTEX_POINT('',#6601);
#6601 = CARTESIAN_POINT('',(44.999892,-66.99991,0.11));
#6602 = LINE('',#6603,#6604);
#6603 = CARTESIAN_POINT('',(44.999892,-66.99991,0.11));
#6604 = VECTOR('',#6605,1.);
#6605 = DIRECTION('',(0.,1.,0.));
#6606 = ORIENTED_EDGE('',*,*,#6607,.F.);
#6607 = EDGE_CURVE('',#6608,#6600,#6610,.T.);
#6608 = VERTEX_POINT('',#6609);
#6609 = CARTESIAN_POINT('',(42.999892,-68.99991,0.11));
#6610 = CIRCLE('',#6611,1.99999850585);
#6611 = AXIS2_PLACEMENT_3D('',#6612,#6613,#6614);
#6612 = CARTESIAN_POINT('',(42.99989349415,-66.99991149415,0.11));
#6613 = DIRECTION('',(0.,0.,1.));
#6614 = DIRECTION('',(-7.470757349539E-07,-1.,0.));
#6615 = ORIENTED_EDGE('',*,*,#6616,.F.);
#6616 = EDGE_CURVE('',#6617,#6608,#6619,.T.);
#6617 = VERTEX_POINT('',#6618);
#6618 = CARTESIAN_POINT('',(39.999892,-68.99991,0.11));
#6619 = LINE('',#6620,#6621);
#6620 = CARTESIAN_POINT('',(39.999892,-68.99991,0.11));
#6621 = VECTOR('',#6622,1.);
#6622 = DIRECTION('',(1.,0.,0.));
#6623 = ORIENTED_EDGE('',*,*,#6624,.F.);
#6624 = EDGE_CURVE('',#6625,#6617,#6627,.T.);
#6625 = VERTEX_POINT('',#6626);
#6626 = CARTESIAN_POINT('',(37.999892,-66.99991,0.11));
#6627 = CIRCLE('',#6628,1.99999850585);
#6628 = AXIS2_PLACEMENT_3D('',#6629,#6630,#6631);
#6629 = CARTESIAN_POINT('',(39.99989050585,-66.99991149415,0.11));
#6630 = DIRECTION('',(0.,0.,1.));
#6631 = DIRECTION('',(-1.,7.470757491648E-07,0.));
#6632 = ORIENTED_EDGE('',*,*,#6633,.F.);
#6633 = EDGE_CURVE('',#6574,#6625,#6634,.T.);
#6634 = LINE('',#6635,#6636);
#6635 = CARTESIAN_POINT('',(37.999892,-64.99991,0.11));
#6636 = VECTOR('',#6637,1.);
#6637 = DIRECTION('',(0.,-1.,0.));
#6638 = FACE_BOUND('',#6639,.T.);
#6639 = EDGE_LOOP('',(#6640));
#6640 = ORIENTED_EDGE('',*,*,#6641,.T.);
#6641 = EDGE_CURVE('',#6642,#6642,#6644,.T.);
#6642 = VERTEX_POINT('',#6643);
#6643 = CARTESIAN_POINT('',(47.499892,-87.59991,0.11));
#6644 = CIRCLE('',#6645,0.6);
#6645 = AXIS2_PLACEMENT_3D('',#6646,#6647,#6648);
#6646 = CARTESIAN_POINT('',(47.499892,-86.99991,0.11));
#6647 = DIRECTION('',(-0.,0.,-1.));
#6648 = DIRECTION('',(-0.,-1.,0.));
#6649 = FACE_BOUND('',#6650,.T.);
#6650 = EDGE_LOOP('',(#6651));
#6651 = ORIENTED_EDGE('',*,*,#6652,.F.);
#6652 = EDGE_CURVE('',#6653,#6653,#6655,.T.);
#6653 = VERTEX_POINT('',#6654);
#6654 = CARTESIAN_POINT('',(47.999892,-83.99991,0.11));
#6655 = CIRCLE('',#6656,0.5);
#6656 = AXIS2_PLACEMENT_3D('',#6657,#6658,#6659);
#6657 = CARTESIAN_POINT('',(47.499892,-83.99991,0.11));
#6658 = DIRECTION('',(0.,0.,1.));
#6659 = DIRECTION('',(1.,0.,-0.));
#6660 = FACE_BOUND('',#6661,.T.);
#6661 = EDGE_LOOP('',(#6662));
#6662 = ORIENTED_EDGE('',*,*,#6663,.F.);
#6663 = EDGE_CURVE('',#6664,#6664,#6666,.T.);
#6664 = VERTEX_POINT('',#6665);
#6665 = CARTESIAN_POINT('',(47.999892,-80.99991,0.11));
#6666 = CIRCLE('',#6667,0.5);
#6667 = AXIS2_PLACEMENT_3D('',#6668,#6669,#6670);
#6668 = CARTESIAN_POINT('',(47.499892,-80.99991,0.11));
#6669 = DIRECTION('',(0.,0.,1.));
#6670 = DIRECTION('',(1.,0.,-0.));
#6671 = FACE_BOUND('',#6672,.T.);
#6672 = EDGE_LOOP('',(#6673,#6684,#6692,#6701,#6709,#6717,#6725));
#6673 = ORIENTED_EDGE('',*,*,#6674,.F.);
#6674 = EDGE_CURVE('',#6675,#6677,#6679,.T.);
#6675 = VERTEX_POINT('',#6676);
#6676 = CARTESIAN_POINT('',(51.999892,-72.99991,0.11));
#6677 = VERTEX_POINT('',#6678);
#6678 = CARTESIAN_POINT('',(49.999892,-74.99991,0.11));
#6679 = CIRCLE('',#6680,1.99999850585);
#6680 = AXIS2_PLACEMENT_3D('',#6681,#6682,#6683);
#6681 = CARTESIAN_POINT('',(51.99989050585,-74.99990850585,0.11));
#6682 = DIRECTION('',(0.,0.,1.));
#6683 = DIRECTION('',(7.470757420593E-07,1.,-0.));
#6684 = ORIENTED_EDGE('',*,*,#6685,.F.);
#6685 = EDGE_CURVE('',#6686,#6675,#6688,.T.);
#6686 = VERTEX_POINT('',#6687);
#6687 = CARTESIAN_POINT('',(54.999892,-72.99991,0.11));
#6688 = LINE('',#6689,#6690);
#6689 = CARTESIAN_POINT('',(54.999892,-72.99991,0.11));
#6690 = VECTOR('',#6691,1.);
#6691 = DIRECTION('',(-1.,0.,0.));
#6692 = ORIENTED_EDGE('',*,*,#6693,.F.);
#6693 = EDGE_CURVE('',#6694,#6686,#6696,.T.);
#6694 = VERTEX_POINT('',#6695);
#6695 = CARTESIAN_POINT('',(56.999892,-74.99991,0.11));
#6696 = CIRCLE('',#6697,1.99999850585);
#6697 = AXIS2_PLACEMENT_3D('',#6698,#6699,#6700);
#6698 = CARTESIAN_POINT('',(54.99989349415,-74.99990850585,0.11));
#6699 = DIRECTION('',(0.,0.,1.));
#6700 = DIRECTION('',(1.,-7.470757420593E-07,0.));
#6701 = ORIENTED_EDGE('',*,*,#6702,.F.);
#6702 = EDGE_CURVE('',#6703,#6694,#6705,.T.);
#6703 = VERTEX_POINT('',#6704);
#6704 = CARTESIAN_POINT('',(56.999892,-85.99991,0.11));
#6705 = LINE('',#6706,#6707);
#6706 = CARTESIAN_POINT('',(56.999892,-85.99991,0.11));
#6707 = VECTOR('',#6708,1.);
#6708 = DIRECTION('',(0.,1.,0.));
#6709 = ORIENTED_EDGE('',*,*,#6710,.F.);
#6710 = EDGE_CURVE('',#6711,#6703,#6713,.T.);
#6711 = VERTEX_POINT('',#6712);
#6712 = CARTESIAN_POINT('',(49.999892,-85.99991,0.11));
#6713 = LINE('',#6714,#6715);
#6714 = CARTESIAN_POINT('',(49.999892,-85.99991,0.11));
#6715 = VECTOR('',#6716,1.);
#6716 = DIRECTION('',(1.,0.,0.));
#6717 = ORIENTED_EDGE('',*,*,#6718,.F.);
#6718 = EDGE_CURVE('',#6719,#6711,#6721,.T.);
#6719 = VERTEX_POINT('',#6720);
#6720 = CARTESIAN_POINT('',(49.999892,-84.99991,0.11));
#6721 = LINE('',#6722,#6723);
#6722 = CARTESIAN_POINT('',(49.999892,-84.99991,0.11));
#6723 = VECTOR('',#6724,1.);
#6724 = DIRECTION('',(0.,-1.,0.));
#6725 = ORIENTED_EDGE('',*,*,#6726,.F.);
#6726 = EDGE_CURVE('',#6677,#6719,#6727,.T.);
#6727 = LINE('',#6728,#6729);
#6728 = CARTESIAN_POINT('',(49.999892,-74.99991,0.11));
#6729 = VECTOR('',#6730,1.);
#6730 = DIRECTION('',(0.,-1.,0.));
#6731 = FACE_BOUND('',#6732,.T.);
#6732 = EDGE_LOOP('',(#6733));
#6733 = ORIENTED_EDGE('',*,*,#6734,.T.);
#6734 = EDGE_CURVE('',#6735,#6735,#6737,.T.);
#6735 = VERTEX_POINT('',#6736);
#6736 = CARTESIAN_POINT('',(59.499892,-87.59991,0.11));
#6737 = CIRCLE('',#6738,0.6);
#6738 = AXIS2_PLACEMENT_3D('',#6739,#6740,#6741);
#6739 = CARTESIAN_POINT('',(59.499892,-86.99991,0.11));
#6740 = DIRECTION('',(-0.,0.,-1.));
#6741 = DIRECTION('',(-0.,-1.,0.));
#6742 = FACE_BOUND('',#6743,.T.);
#6743 = EDGE_LOOP('',(#6744));
#6744 = ORIENTED_EDGE('',*,*,#6745,.F.);
#6745 = EDGE_CURVE('',#6746,#6746,#6748,.T.);
#6746 = VERTEX_POINT('',#6747);
#6747 = CARTESIAN_POINT('',(59.999892,-83.99991,0.11));
#6748 = CIRCLE('',#6749,0.5);
#6749 = AXIS2_PLACEMENT_3D('',#6750,#6751,#6752);
#6750 = CARTESIAN_POINT('',(59.499892,-83.99991,0.11));
#6751 = DIRECTION('',(0.,0.,1.));
#6752 = DIRECTION('',(1.,0.,-0.));
#6753 = FACE_BOUND('',#6754,.T.);
#6754 = EDGE_LOOP('',(#6755));
#6755 = ORIENTED_EDGE('',*,*,#6756,.F.);
#6756 = EDGE_CURVE('',#6757,#6757,#6759,.T.);
#6757 = VERTEX_POINT('',#6758);
#6758 = CARTESIAN_POINT('',(59.999892,-80.99991,0.11));
#6759 = CIRCLE('',#6760,0.5);
#6760 = AXIS2_PLACEMENT_3D('',#6761,#6762,#6763);
#6761 = CARTESIAN_POINT('',(59.499892,-80.99991,0.11));
#6762 = DIRECTION('',(0.,0.,1.));
#6763 = DIRECTION('',(1.,0.,-0.));
#6764 = FACE_BOUND('',#6765,.T.);
#6765 = EDGE_LOOP('',(#6766));
#6766 = ORIENTED_EDGE('',*,*,#6767,.F.);
#6767 = EDGE_CURVE('',#6768,#6768,#6770,.T.);
#6768 = VERTEX_POINT('',#6769);
#6769 = CARTESIAN_POINT('',(47.999892,-77.99991,0.11));
#6770 = CIRCLE('',#6771,0.5);
#6771 = AXIS2_PLACEMENT_3D('',#6772,#6773,#6774);
#6772 = CARTESIAN_POINT('',(47.499892,-77.99991,0.11));
#6773 = DIRECTION('',(0.,0.,1.));
#6774 = DIRECTION('',(1.,0.,-0.));
#6775 = FACE_BOUND('',#6776,.T.);
#6776 = EDGE_LOOP('',(#6777));
#6777 = ORIENTED_EDGE('',*,*,#6778,.F.);
#6778 = EDGE_CURVE('',#6779,#6779,#6781,.T.);
#6779 = VERTEX_POINT('',#6780);
#6780 = CARTESIAN_POINT('',(47.999892,-74.99991,0.11));
#6781 = CIRCLE('',#6782,0.5);
#6782 = AXIS2_PLACEMENT_3D('',#6783,#6784,#6785);
#6783 = CARTESIAN_POINT('',(47.499892,-74.99991,0.11));
#6784 = DIRECTION('',(0.,0.,1.));
#6785 = DIRECTION('',(1.,0.,-0.));
#6786 = FACE_BOUND('',#6787,.T.);
#6787 = EDGE_LOOP('',(#6788));
#6788 = ORIENTED_EDGE('',*,*,#6789,.F.);
#6789 = EDGE_CURVE('',#6790,#6790,#6792,.T.);
#6790 = VERTEX_POINT('',#6791);
#6791 = CARTESIAN_POINT('',(46.499892,-70.49991,0.11));
#6792 = CIRCLE('',#6793,0.5);
#6793 = AXIS2_PLACEMENT_3D('',#6794,#6795,#6796);
#6794 = CARTESIAN_POINT('',(45.999892,-70.49991,0.11));
#6795 = DIRECTION('',(0.,0.,1.));
#6796 = DIRECTION('',(1.,0.,-0.));
#6797 = FACE_BOUND('',#6798,.T.);
#6798 = EDGE_LOOP('',(#6799));
#6799 = ORIENTED_EDGE('',*,*,#6800,.F.);
#6800 = EDGE_CURVE('',#6801,#6801,#6803,.T.);
#6801 = VERTEX_POINT('',#6802);
#6802 = CARTESIAN_POINT('',(47.999892,-68.99991,0.11));
#6803 = CIRCLE('',#6804,0.5);
#6804 = AXIS2_PLACEMENT_3D('',#6805,#6806,#6807);
#6805 = CARTESIAN_POINT('',(47.499892,-68.99991,0.11));
#6806 = DIRECTION('',(0.,0.,1.));
#6807 = DIRECTION('',(1.,0.,-0.));
#6808 = FACE_BOUND('',#6809,.T.);
#6809 = EDGE_LOOP('',(#6810));
#6810 = ORIENTED_EDGE('',*,*,#6811,.F.);
#6811 = EDGE_CURVE('',#6812,#6812,#6814,.T.);
#6812 = VERTEX_POINT('',#6813);
#6813 = CARTESIAN_POINT('',(47.999892,-65.99991,0.11));
#6814 = CIRCLE('',#6815,0.5);
#6815 = AXIS2_PLACEMENT_3D('',#6816,#6817,#6818);
#6816 = CARTESIAN_POINT('',(47.499892,-65.99991,0.11));
#6817 = DIRECTION('',(0.,0.,1.));
#6818 = DIRECTION('',(1.,0.,-0.));
#6819 = FACE_BOUND('',#6820,.T.);
#6820 = EDGE_LOOP('',(#6821));
#6821 = ORIENTED_EDGE('',*,*,#6822,.F.);
#6822 = EDGE_CURVE('',#6823,#6823,#6825,.T.);
#6823 = VERTEX_POINT('',#6824);
#6824 = CARTESIAN_POINT('',(49.499892,-70.49991,0.11));
#6825 = CIRCLE('',#6826,0.5);
#6826 = AXIS2_PLACEMENT_3D('',#6827,#6828,#6829);
#6827 = CARTESIAN_POINT('',(48.999892,-70.49991,0.11));
#6828 = DIRECTION('',(0.,0.,1.));
#6829 = DIRECTION('',(1.,0.,-0.));
#6830 = FACE_BOUND('',#6831,.T.);
#6831 = EDGE_LOOP('',(#6832,#6843,#6851,#6860,#6868,#6877,#6885,#6894));
#6832 = ORIENTED_EDGE('',*,*,#6833,.F.);
#6833 = EDGE_CURVE('',#6834,#6836,#6838,.T.);
#6834 = VERTEX_POINT('',#6835);
#6835 = CARTESIAN_POINT('',(51.999892,-62.99991,0.11));
#6836 = VERTEX_POINT('',#6837);
#6837 = CARTESIAN_POINT('',(49.999892,-64.99991,0.11));
#6838 = CIRCLE('',#6839,1.99999850585);
#6839 = AXIS2_PLACEMENT_3D('',#6840,#6841,#6842);
#6840 = CARTESIAN_POINT('',(51.99989050585,-64.99990850585,0.11));
#6841 = DIRECTION('',(0.,0.,1.));
#6842 = DIRECTION('',(7.470757456121E-07,1.,-0.));
#6843 = ORIENTED_EDGE('',*,*,#6844,.F.);
#6844 = EDGE_CURVE('',#6845,#6834,#6847,.T.);
#6845 = VERTEX_POINT('',#6846);
#6846 = CARTESIAN_POINT('',(52.999892,-62.99991,0.11));
#6847 = LINE('',#6848,#6849);
#6848 = CARTESIAN_POINT('',(52.999892,-62.99991,0.11));
#6849 = VECTOR('',#6850,1.);
#6850 = DIRECTION('',(-1.,0.,0.));
#6851 = ORIENTED_EDGE('',*,*,#6852,.F.);
#6852 = EDGE_CURVE('',#6853,#6845,#6855,.T.);
#6853 = VERTEX_POINT('',#6854);
#6854 = CARTESIAN_POINT('',(54.999892,-64.99991,0.11));
#6855 = CIRCLE('',#6856,1.99999850585);
#6856 = AXIS2_PLACEMENT_3D('',#6857,#6858,#6859);
#6857 = CARTESIAN_POINT('',(52.99989349415,-64.99990850585,0.11));
#6858 = DIRECTION('',(0.,0.,1.));
#6859 = DIRECTION('',(1.,-7.470757420593E-07,0.));
#6860 = ORIENTED_EDGE('',*,*,#6861,.F.);
#6861 = EDGE_CURVE('',#6862,#6853,#6864,.T.);
#6862 = VERTEX_POINT('',#6863);
#6863 = CARTESIAN_POINT('',(54.999892,-66.99991,0.11));
#6864 = LINE('',#6865,#6866);
#6865 = CARTESIAN_POINT('',(54.999892,-66.99991,0.11));
#6866 = VECTOR('',#6867,1.);
#6867 = DIRECTION('',(0.,1.,0.));
#6868 = ORIENTED_EDGE('',*,*,#6869,.F.);
#6869 = EDGE_CURVE('',#6870,#6862,#6872,.T.);
#6870 = VERTEX_POINT('',#6871);
#6871 = CARTESIAN_POINT('',(52.999892,-68.99991,0.11));
#6872 = CIRCLE('',#6873,1.99999850585);
#6873 = AXIS2_PLACEMENT_3D('',#6874,#6875,#6876);
#6874 = CARTESIAN_POINT('',(52.99989349415,-66.99991149415,0.11));
#6875 = DIRECTION('',(0.,0.,1.));
#6876 = DIRECTION('',(-7.470757349539E-07,-1.,0.));
#6877 = ORIENTED_EDGE('',*,*,#6878,.F.);
#6878 = EDGE_CURVE('',#6879,#6870,#6881,.T.);
#6879 = VERTEX_POINT('',#6880);
#6880 = CARTESIAN_POINT('',(51.999892,-68.99991,0.11));
#6881 = LINE('',#6882,#6883);
#6882 = CARTESIAN_POINT('',(51.999892,-68.99991,0.11));
#6883 = VECTOR('',#6884,1.);
#6884 = DIRECTION('',(1.,0.,0.));
#6885 = ORIENTED_EDGE('',*,*,#6886,.F.);
#6886 = EDGE_CURVE('',#6887,#6879,#6889,.T.);
#6887 = VERTEX_POINT('',#6888);
#6888 = CARTESIAN_POINT('',(49.999892,-66.99991,0.11));
#6889 = CIRCLE('',#6890,1.99999850585);
#6890 = AXIS2_PLACEMENT_3D('',#6891,#6892,#6893);
#6891 = CARTESIAN_POINT('',(51.99989050585,-66.99991149415,0.11));
#6892 = DIRECTION('',(0.,0.,1.));
#6893 = DIRECTION('',(-1.,7.470757491648E-07,0.));
#6894 = ORIENTED_EDGE('',*,*,#6895,.F.);
#6895 = EDGE_CURVE('',#6836,#6887,#6896,.T.);
#6896 = LINE('',#6897,#6898);
#6897 = CARTESIAN_POINT('',(49.999892,-64.99991,0.11));
#6898 = VECTOR('',#6899,1.);
#6899 = DIRECTION('',(0.,-1.,0.));
#6900 = FACE_BOUND('',#6901,.T.);
#6901 = EDGE_LOOP('',(#6902));
#6902 = ORIENTED_EDGE('',*,*,#6903,.F.);
#6903 = EDGE_CURVE('',#6904,#6904,#6906,.T.);
#6904 = VERTEX_POINT('',#6905);
#6905 = CARTESIAN_POINT('',(59.999892,-77.99991,0.11));
#6906 = CIRCLE('',#6907,0.5);
#6907 = AXIS2_PLACEMENT_3D('',#6908,#6909,#6910);
#6908 = CARTESIAN_POINT('',(59.499892,-77.99991,0.11));
#6909 = DIRECTION('',(0.,0.,1.));
#6910 = DIRECTION('',(1.,0.,-0.));
#6911 = FACE_BOUND('',#6912,.T.);
#6912 = EDGE_LOOP('',(#6913));
#6913 = ORIENTED_EDGE('',*,*,#6914,.F.);
#6914 = EDGE_CURVE('',#6915,#6915,#6917,.T.);
#6915 = VERTEX_POINT('',#6916);
#6916 = CARTESIAN_POINT('',(59.999892,-74.99991,0.11));
#6917 = CIRCLE('',#6918,0.5);
#6918 = AXIS2_PLACEMENT_3D('',#6919,#6920,#6921);
#6919 = CARTESIAN_POINT('',(59.499892,-74.99991,0.11));
#6920 = DIRECTION('',(0.,0.,1.));
#6921 = DIRECTION('',(1.,0.,-0.));
#6922 = FACE_BOUND('',#6923,.T.);
#6923 = EDGE_LOOP('',(#6924));
#6924 = ORIENTED_EDGE('',*,*,#6925,.T.);
#6925 = EDGE_CURVE('',#6926,#6926,#6928,.T.);
#6926 = VERTEX_POINT('',#6927);
#6927 = CARTESIAN_POINT('',(71.499892,-114.599909,0.11));
#6928 = CIRCLE('',#6929,0.6);
#6929 = AXIS2_PLACEMENT_3D('',#6930,#6931,#6932);
#6930 = CARTESIAN_POINT('',(71.499892,-113.999909,0.11));
#6931 = DIRECTION('',(-0.,0.,-1.));
#6932 = DIRECTION('',(2.368475785867E-14,-1.,-0.));
#6933 = FACE_BOUND('',#6934,.T.);
#6934 = EDGE_LOOP('',(#6935));
#6935 = ORIENTED_EDGE('',*,*,#6936,.T.);
#6936 = EDGE_CURVE('',#6937,#6937,#6939,.T.);
#6937 = VERTEX_POINT('',#6938);
#6938 = CARTESIAN_POINT('',(83.499892,-114.599909,0.11));
#6939 = CIRCLE('',#6940,0.6);
#6940 = AXIS2_PLACEMENT_3D('',#6941,#6942,#6943);
#6941 = CARTESIAN_POINT('',(83.499892,-113.999909,0.11));
#6942 = DIRECTION('',(-0.,0.,-1.));
#6943 = DIRECTION('',(2.368475785867E-14,-1.,-0.));
#6944 = FACE_BOUND('',#6945,.T.);
#6945 = EDGE_LOOP('',(#6946,#6956,#6964,#6972,#6980,#6988,#6996,#7004,
    #7012,#7020,#7028,#7036));
#6946 = ORIENTED_EDGE('',*,*,#6947,.F.);
#6947 = EDGE_CURVE('',#6948,#6950,#6952,.T.);
#6948 = VERTEX_POINT('',#6949);
#6949 = CARTESIAN_POINT('',(61.999892,-88.99991,0.11));
#6950 = VERTEX_POINT('',#6951);
#6951 = CARTESIAN_POINT('',(62.999892,-96.99991,0.11));
#6952 = LINE('',#6953,#6954);
#6953 = CARTESIAN_POINT('',(61.999892,-88.99991,0.11));
#6954 = VECTOR('',#6955,1.);
#6955 = DIRECTION('',(0.124034734589,-0.992277876714,0.));
#6956 = ORIENTED_EDGE('',*,*,#6957,.F.);
#6957 = EDGE_CURVE('',#6958,#6948,#6960,.T.);
#6958 = VERTEX_POINT('',#6959);
#6959 = CARTESIAN_POINT('',(61.999892,-87.99991,0.11));
#6960 = LINE('',#6961,#6962);
#6961 = CARTESIAN_POINT('',(61.999892,-87.99991,0.11));
#6962 = VECTOR('',#6963,1.);
#6963 = DIRECTION('',(0.,-1.,0.));
#6964 = ORIENTED_EDGE('',*,*,#6965,.F.);
#6965 = EDGE_CURVE('',#6966,#6958,#6968,.T.);
#6966 = VERTEX_POINT('',#6967);
#6967 = CARTESIAN_POINT('',(68.999892,-87.99991,0.11));
#6968 = LINE('',#6969,#6970);
#6969 = CARTESIAN_POINT('',(68.999892,-87.99991,0.11));
#6970 = VECTOR('',#6971,1.);
#6971 = DIRECTION('',(-1.,0.,0.));
#6972 = ORIENTED_EDGE('',*,*,#6973,.F.);
#6973 = EDGE_CURVE('',#6974,#6966,#6976,.T.);
#6974 = VERTEX_POINT('',#6975);
#6975 = CARTESIAN_POINT('',(68.999892,-88.99991,0.11));
#6976 = LINE('',#6977,#6978);
#6977 = CARTESIAN_POINT('',(68.999892,-88.99991,0.11));
#6978 = VECTOR('',#6979,1.);
#6979 = DIRECTION('',(0.,1.,0.));
#6980 = ORIENTED_EDGE('',*,*,#6981,.F.);
#6981 = EDGE_CURVE('',#6982,#6974,#6984,.T.);
#6982 = VERTEX_POINT('',#6983);
#6983 = CARTESIAN_POINT('',(67.999892,-96.99991,0.11));
#6984 = LINE('',#6985,#6986);
#6985 = CARTESIAN_POINT('',(67.999892,-96.99991,0.11));
#6986 = VECTOR('',#6987,1.);
#6987 = DIRECTION('',(0.124034734589,0.992277876714,0.));
#6988 = ORIENTED_EDGE('',*,*,#6989,.F.);
#6989 = EDGE_CURVE('',#6990,#6982,#6992,.T.);
#6990 = VERTEX_POINT('',#6991);
#6991 = CARTESIAN_POINT('',(67.999892,-103.99991,0.11));
#6992 = LINE('',#6993,#6994);
#6993 = CARTESIAN_POINT('',(67.999892,-103.99991,0.11));
#6994 = VECTOR('',#6995,1.);
#6995 = DIRECTION('',(0.,1.,0.));
#6996 = ORIENTED_EDGE('',*,*,#6997,.F.);
#6997 = EDGE_CURVE('',#6998,#6990,#7000,.T.);
#6998 = VERTEX_POINT('',#6999);
#6999 = CARTESIAN_POINT('',(68.999892,-110.99991,0.11));
#7000 = LINE('',#7001,#7002);
#7001 = CARTESIAN_POINT('',(68.999892,-110.99991,0.11));
#7002 = VECTOR('',#7003,1.);
#7003 = DIRECTION('',(-0.141421356237,0.989949493661,0.));
#7004 = ORIENTED_EDGE('',*,*,#7005,.F.);
#7005 = EDGE_CURVE('',#7006,#6998,#7008,.T.);
#7006 = VERTEX_POINT('',#7007);
#7007 = CARTESIAN_POINT('',(68.999892,-112.99991,0.11));
#7008 = LINE('',#7009,#7010);
#7009 = CARTESIAN_POINT('',(68.999892,-112.99991,0.11));
#7010 = VECTOR('',#7011,1.);
#7011 = DIRECTION('',(0.,1.,0.));
#7012 = ORIENTED_EDGE('',*,*,#7013,.F.);
#7013 = EDGE_CURVE('',#7014,#7006,#7016,.T.);
#7014 = VERTEX_POINT('',#7015);
#7015 = CARTESIAN_POINT('',(61.999892,-112.99991,0.11));
#7016 = LINE('',#7017,#7018);
#7017 = CARTESIAN_POINT('',(61.999892,-112.99991,0.11));
#7018 = VECTOR('',#7019,1.);
#7019 = DIRECTION('',(1.,0.,0.));
#7020 = ORIENTED_EDGE('',*,*,#7021,.F.);
#7021 = EDGE_CURVE('',#7022,#7014,#7024,.T.);
#7022 = VERTEX_POINT('',#7023);
#7023 = CARTESIAN_POINT('',(61.999892,-110.99991,0.11));
#7024 = LINE('',#7025,#7026);
#7025 = CARTESIAN_POINT('',(61.999892,-110.99991,0.11));
#7026 = VECTOR('',#7027,1.);
#7027 = DIRECTION('',(0.,-1.,0.));
#7028 = ORIENTED_EDGE('',*,*,#7029,.F.);
#7029 = EDGE_CURVE('',#7030,#7022,#7032,.T.);
#7030 = VERTEX_POINT('',#7031);
#7031 = CARTESIAN_POINT('',(62.999892,-103.99991,0.11));
#7032 = LINE('',#7033,#7034);
#7033 = CARTESIAN_POINT('',(62.999892,-103.99991,0.11));
#7034 = VECTOR('',#7035,1.);
#7035 = DIRECTION('',(-0.141421356237,-0.989949493661,0.));
#7036 = ORIENTED_EDGE('',*,*,#7037,.F.);
#7037 = EDGE_CURVE('',#6950,#7030,#7038,.T.);
#7038 = LINE('',#7039,#7040);
#7039 = CARTESIAN_POINT('',(62.999892,-96.99991,0.11));
#7040 = VECTOR('',#7041,1.);
#7041 = DIRECTION('',(0.,-1.,0.));
#7042 = FACE_BOUND('',#7043,.T.);
#7043 = EDGE_LOOP('',(#7044,#7054,#7062,#7070,#7078,#7086,#7094,#7102,
    #7110,#7118,#7126,#7134));
#7044 = ORIENTED_EDGE('',*,*,#7045,.F.);
#7045 = EDGE_CURVE('',#7046,#7048,#7050,.T.);
#7046 = VERTEX_POINT('',#7047);
#7047 = CARTESIAN_POINT('',(73.999892,-88.99991,0.11));
#7048 = VERTEX_POINT('',#7049);
#7049 = CARTESIAN_POINT('',(74.999892,-96.99991,0.11));
#7050 = LINE('',#7051,#7052);
#7051 = CARTESIAN_POINT('',(73.999892,-88.99991,0.11));
#7052 = VECTOR('',#7053,1.);
#7053 = DIRECTION('',(0.124034734589,-0.992277876714,0.));
#7054 = ORIENTED_EDGE('',*,*,#7055,.F.);
#7055 = EDGE_CURVE('',#7056,#7046,#7058,.T.);
#7056 = VERTEX_POINT('',#7057);
#7057 = CARTESIAN_POINT('',(73.999892,-87.99991,0.11));
#7058 = LINE('',#7059,#7060);
#7059 = CARTESIAN_POINT('',(73.999892,-87.99991,0.11));
#7060 = VECTOR('',#7061,1.);
#7061 = DIRECTION('',(0.,-1.,0.));
#7062 = ORIENTED_EDGE('',*,*,#7063,.F.);
#7063 = EDGE_CURVE('',#7064,#7056,#7066,.T.);
#7064 = VERTEX_POINT('',#7065);
#7065 = CARTESIAN_POINT('',(80.999892,-87.99991,0.11));
#7066 = LINE('',#7067,#7068);
#7067 = CARTESIAN_POINT('',(80.999892,-87.99991,0.11));
#7068 = VECTOR('',#7069,1.);
#7069 = DIRECTION('',(-1.,0.,0.));
#7070 = ORIENTED_EDGE('',*,*,#7071,.F.);
#7071 = EDGE_CURVE('',#7072,#7064,#7074,.T.);
#7072 = VERTEX_POINT('',#7073);
#7073 = CARTESIAN_POINT('',(80.999892,-88.99991,0.11));
#7074 = LINE('',#7075,#7076);
#7075 = CARTESIAN_POINT('',(80.999892,-88.99991,0.11));
#7076 = VECTOR('',#7077,1.);
#7077 = DIRECTION('',(0.,1.,0.));
#7078 = ORIENTED_EDGE('',*,*,#7079,.F.);
#7079 = EDGE_CURVE('',#7080,#7072,#7082,.T.);
#7080 = VERTEX_POINT('',#7081);
#7081 = CARTESIAN_POINT('',(79.999892,-96.99991,0.11));
#7082 = LINE('',#7083,#7084);
#7083 = CARTESIAN_POINT('',(79.999892,-96.99991,0.11));
#7084 = VECTOR('',#7085,1.);
#7085 = DIRECTION('',(0.124034734589,0.992277876714,0.));
#7086 = ORIENTED_EDGE('',*,*,#7087,.F.);
#7087 = EDGE_CURVE('',#7088,#7080,#7090,.T.);
#7088 = VERTEX_POINT('',#7089);
#7089 = CARTESIAN_POINT('',(79.999892,-103.99991,0.11));
#7090 = LINE('',#7091,#7092);
#7091 = CARTESIAN_POINT('',(79.999892,-103.99991,0.11));
#7092 = VECTOR('',#7093,1.);
#7093 = DIRECTION('',(0.,1.,0.));
#7094 = ORIENTED_EDGE('',*,*,#7095,.F.);
#7095 = EDGE_CURVE('',#7096,#7088,#7098,.T.);
#7096 = VERTEX_POINT('',#7097);
#7097 = CARTESIAN_POINT('',(80.999892,-110.99991,0.11));
#7098 = LINE('',#7099,#7100);
#7099 = CARTESIAN_POINT('',(80.999892,-110.99991,0.11));
#7100 = VECTOR('',#7101,1.);
#7101 = DIRECTION('',(-0.141421356237,0.989949493661,0.));
#7102 = ORIENTED_EDGE('',*,*,#7103,.F.);
#7103 = EDGE_CURVE('',#7104,#7096,#7106,.T.);
#7104 = VERTEX_POINT('',#7105);
#7105 = CARTESIAN_POINT('',(80.999892,-112.99991,0.11));
#7106 = LINE('',#7107,#7108);
#7107 = CARTESIAN_POINT('',(80.999892,-112.99991,0.11));
#7108 = VECTOR('',#7109,1.);
#7109 = DIRECTION('',(0.,1.,0.));
#7110 = ORIENTED_EDGE('',*,*,#7111,.F.);
#7111 = EDGE_CURVE('',#7112,#7104,#7114,.T.);
#7112 = VERTEX_POINT('',#7113);
#7113 = CARTESIAN_POINT('',(73.999892,-112.99991,0.11));
#7114 = LINE('',#7115,#7116);
#7115 = CARTESIAN_POINT('',(73.999892,-112.99991,0.11));
#7116 = VECTOR('',#7117,1.);
#7117 = DIRECTION('',(1.,0.,0.));
#7118 = ORIENTED_EDGE('',*,*,#7119,.F.);
#7119 = EDGE_CURVE('',#7120,#7112,#7122,.T.);
#7120 = VERTEX_POINT('',#7121);
#7121 = CARTESIAN_POINT('',(73.999892,-110.99991,0.11));
#7122 = LINE('',#7123,#7124);
#7123 = CARTESIAN_POINT('',(73.999892,-110.99991,0.11));
#7124 = VECTOR('',#7125,1.);
#7125 = DIRECTION('',(0.,-1.,0.));
#7126 = ORIENTED_EDGE('',*,*,#7127,.F.);
#7127 = EDGE_CURVE('',#7128,#7120,#7130,.T.);
#7128 = VERTEX_POINT('',#7129);
#7129 = CARTESIAN_POINT('',(74.999892,-103.99991,0.11));
#7130 = LINE('',#7131,#7132);
#7131 = CARTESIAN_POINT('',(74.999892,-103.99991,0.11));
#7132 = VECTOR('',#7133,1.);
#7133 = DIRECTION('',(-0.141421356237,-0.989949493661,0.));
#7134 = ORIENTED_EDGE('',*,*,#7135,.F.);
#7135 = EDGE_CURVE('',#7048,#7128,#7136,.T.);
#7136 = LINE('',#7137,#7138);
#7137 = CARTESIAN_POINT('',(74.999892,-96.99991,0.11));
#7138 = VECTOR('',#7139,1.);
#7139 = DIRECTION('',(0.,-1.,0.));
#7140 = FACE_BOUND('',#7141,.T.);
#7141 = EDGE_LOOP('',(#7142));
#7142 = ORIENTED_EDGE('',*,*,#7143,.T.);
#7143 = EDGE_CURVE('',#7144,#7144,#7146,.T.);
#7144 = VERTEX_POINT('',#7145);
#7145 = CARTESIAN_POINT('',(95.499892,-114.599909,0.11));
#7146 = CIRCLE('',#7147,0.6);
#7147 = AXIS2_PLACEMENT_3D('',#7148,#7149,#7150);
#7148 = CARTESIAN_POINT('',(95.499892,-113.999909,0.11));
#7149 = DIRECTION('',(-0.,0.,-1.));
#7150 = DIRECTION('',(2.368475785867E-14,-1.,-0.));
#7151 = FACE_BOUND('',#7152,.T.);
#7152 = EDGE_LOOP('',(#7153));
#7153 = ORIENTED_EDGE('',*,*,#7154,.T.);
#7154 = EDGE_CURVE('',#7155,#7155,#7157,.T.);
#7155 = VERTEX_POINT('',#7156);
#7156 = CARTESIAN_POINT('',(107.499892,-114.59991,0.11));
#7157 = CIRCLE('',#7158,0.6);
#7158 = AXIS2_PLACEMENT_3D('',#7159,#7160,#7161);
#7159 = CARTESIAN_POINT('',(107.499892,-113.99991,0.11));
#7160 = DIRECTION('',(-0.,0.,-1.));
#7161 = DIRECTION('',(2.368475785867E-14,-1.,-0.));
#7162 = FACE_BOUND('',#7163,.T.);
#7163 = EDGE_LOOP('',(#7164,#7174,#7182,#7190,#7198,#7206,#7214,#7222,
    #7230,#7238,#7246,#7254));
#7164 = ORIENTED_EDGE('',*,*,#7165,.F.);
#7165 = EDGE_CURVE('',#7166,#7168,#7170,.T.);
#7166 = VERTEX_POINT('',#7167);
#7167 = CARTESIAN_POINT('',(85.999892,-88.99991,0.11));
#7168 = VERTEX_POINT('',#7169);
#7169 = CARTESIAN_POINT('',(86.999892,-96.99991,0.11));
#7170 = LINE('',#7171,#7172);
#7171 = CARTESIAN_POINT('',(85.999892,-88.99991,0.11));
#7172 = VECTOR('',#7173,1.);
#7173 = DIRECTION('',(0.124034734589,-0.992277876714,0.));
#7174 = ORIENTED_EDGE('',*,*,#7175,.F.);
#7175 = EDGE_CURVE('',#7176,#7166,#7178,.T.);
#7176 = VERTEX_POINT('',#7177);
#7177 = CARTESIAN_POINT('',(85.999892,-87.99991,0.11));
#7178 = LINE('',#7179,#7180);
#7179 = CARTESIAN_POINT('',(85.999892,-87.99991,0.11));
#7180 = VECTOR('',#7181,1.);
#7181 = DIRECTION('',(0.,-1.,0.));
#7182 = ORIENTED_EDGE('',*,*,#7183,.F.);
#7183 = EDGE_CURVE('',#7184,#7176,#7186,.T.);
#7184 = VERTEX_POINT('',#7185);
#7185 = CARTESIAN_POINT('',(92.999892,-87.99991,0.11));
#7186 = LINE('',#7187,#7188);
#7187 = CARTESIAN_POINT('',(92.999892,-87.99991,0.11));
#7188 = VECTOR('',#7189,1.);
#7189 = DIRECTION('',(-1.,0.,0.));
#7190 = ORIENTED_EDGE('',*,*,#7191,.F.);
#7191 = EDGE_CURVE('',#7192,#7184,#7194,.T.);
#7192 = VERTEX_POINT('',#7193);
#7193 = CARTESIAN_POINT('',(92.999892,-88.99991,0.11));
#7194 = LINE('',#7195,#7196);
#7195 = CARTESIAN_POINT('',(92.999892,-88.99991,0.11));
#7196 = VECTOR('',#7197,1.);
#7197 = DIRECTION('',(0.,1.,0.));
#7198 = ORIENTED_EDGE('',*,*,#7199,.F.);
#7199 = EDGE_CURVE('',#7200,#7192,#7202,.T.);
#7200 = VERTEX_POINT('',#7201);
#7201 = CARTESIAN_POINT('',(91.999892,-96.99991,0.11));
#7202 = LINE('',#7203,#7204);
#7203 = CARTESIAN_POINT('',(91.999892,-96.99991,0.11));
#7204 = VECTOR('',#7205,1.);
#7205 = DIRECTION('',(0.124034734589,0.992277876714,0.));
#7206 = ORIENTED_EDGE('',*,*,#7207,.F.);
#7207 = EDGE_CURVE('',#7208,#7200,#7210,.T.);
#7208 = VERTEX_POINT('',#7209);
#7209 = CARTESIAN_POINT('',(91.999892,-103.99991,0.11));
#7210 = LINE('',#7211,#7212);
#7211 = CARTESIAN_POINT('',(91.999892,-103.99991,0.11));
#7212 = VECTOR('',#7213,1.);
#7213 = DIRECTION('',(0.,1.,0.));
#7214 = ORIENTED_EDGE('',*,*,#7215,.F.);
#7215 = EDGE_CURVE('',#7216,#7208,#7218,.T.);
#7216 = VERTEX_POINT('',#7217);
#7217 = CARTESIAN_POINT('',(92.999892,-110.99991,0.11));
#7218 = LINE('',#7219,#7220);
#7219 = CARTESIAN_POINT('',(92.999892,-110.99991,0.11));
#7220 = VECTOR('',#7221,1.);
#7221 = DIRECTION('',(-0.141421356237,0.989949493661,0.));
#7222 = ORIENTED_EDGE('',*,*,#7223,.F.);
#7223 = EDGE_CURVE('',#7224,#7216,#7226,.T.);
#7224 = VERTEX_POINT('',#7225);
#7225 = CARTESIAN_POINT('',(92.999892,-112.99991,0.11));
#7226 = LINE('',#7227,#7228);
#7227 = CARTESIAN_POINT('',(92.999892,-112.99991,0.11));
#7228 = VECTOR('',#7229,1.);
#7229 = DIRECTION('',(0.,1.,0.));
#7230 = ORIENTED_EDGE('',*,*,#7231,.F.);
#7231 = EDGE_CURVE('',#7232,#7224,#7234,.T.);
#7232 = VERTEX_POINT('',#7233);
#7233 = CARTESIAN_POINT('',(85.999892,-112.99991,0.11));
#7234 = LINE('',#7235,#7236);
#7235 = CARTESIAN_POINT('',(85.999892,-112.99991,0.11));
#7236 = VECTOR('',#7237,1.);
#7237 = DIRECTION('',(1.,0.,0.));
#7238 = ORIENTED_EDGE('',*,*,#7239,.F.);
#7239 = EDGE_CURVE('',#7240,#7232,#7242,.T.);
#7240 = VERTEX_POINT('',#7241);
#7241 = CARTESIAN_POINT('',(85.999892,-110.99991,0.11));
#7242 = LINE('',#7243,#7244);
#7243 = CARTESIAN_POINT('',(85.999892,-110.99991,0.11));
#7244 = VECTOR('',#7245,1.);
#7245 = DIRECTION('',(0.,-1.,0.));
#7246 = ORIENTED_EDGE('',*,*,#7247,.F.);
#7247 = EDGE_CURVE('',#7248,#7240,#7250,.T.);
#7248 = VERTEX_POINT('',#7249);
#7249 = CARTESIAN_POINT('',(86.999892,-103.99991,0.11));
#7250 = LINE('',#7251,#7252);
#7251 = CARTESIAN_POINT('',(86.999892,-103.99991,0.11));
#7252 = VECTOR('',#7253,1.);
#7253 = DIRECTION('',(-0.141421356237,-0.989949493661,0.));
#7254 = ORIENTED_EDGE('',*,*,#7255,.F.);
#7255 = EDGE_CURVE('',#7168,#7248,#7256,.T.);
#7256 = LINE('',#7257,#7258);
#7257 = CARTESIAN_POINT('',(86.999892,-96.99991,0.11));
#7258 = VECTOR('',#7259,1.);
#7259 = DIRECTION('',(0.,-1.,0.));
#7260 = FACE_BOUND('',#7261,.T.);
#7261 = EDGE_LOOP('',(#7262,#7272,#7280,#7288,#7296,#7304,#7312,#7320,
    #7328,#7336,#7344,#7352));
#7262 = ORIENTED_EDGE('',*,*,#7263,.F.);
#7263 = EDGE_CURVE('',#7264,#7266,#7268,.T.);
#7264 = VERTEX_POINT('',#7265);
#7265 = CARTESIAN_POINT('',(97.999892,-88.99991,0.11));
#7266 = VERTEX_POINT('',#7267);
#7267 = CARTESIAN_POINT('',(98.999892,-96.99991,0.11));
#7268 = LINE('',#7269,#7270);
#7269 = CARTESIAN_POINT('',(97.999892,-88.99991,0.11));
#7270 = VECTOR('',#7271,1.);
#7271 = DIRECTION('',(0.124034734589,-0.992277876714,0.));
#7272 = ORIENTED_EDGE('',*,*,#7273,.F.);
#7273 = EDGE_CURVE('',#7274,#7264,#7276,.T.);
#7274 = VERTEX_POINT('',#7275);
#7275 = CARTESIAN_POINT('',(97.999892,-87.99991,0.11));
#7276 = LINE('',#7277,#7278);
#7277 = CARTESIAN_POINT('',(97.999892,-87.99991,0.11));
#7278 = VECTOR('',#7279,1.);
#7279 = DIRECTION('',(0.,-1.,0.));
#7280 = ORIENTED_EDGE('',*,*,#7281,.F.);
#7281 = EDGE_CURVE('',#7282,#7274,#7284,.T.);
#7282 = VERTEX_POINT('',#7283);
#7283 = CARTESIAN_POINT('',(104.999892,-87.99991,0.11));
#7284 = LINE('',#7285,#7286);
#7285 = CARTESIAN_POINT('',(104.999892,-87.99991,0.11));
#7286 = VECTOR('',#7287,1.);
#7287 = DIRECTION('',(-1.,0.,0.));
#7288 = ORIENTED_EDGE('',*,*,#7289,.F.);
#7289 = EDGE_CURVE('',#7290,#7282,#7292,.T.);
#7290 = VERTEX_POINT('',#7291);
#7291 = CARTESIAN_POINT('',(104.999892,-88.99991,0.11));
#7292 = LINE('',#7293,#7294);
#7293 = CARTESIAN_POINT('',(104.999892,-88.99991,0.11));
#7294 = VECTOR('',#7295,1.);
#7295 = DIRECTION('',(0.,1.,0.));
#7296 = ORIENTED_EDGE('',*,*,#7297,.F.);
#7297 = EDGE_CURVE('',#7298,#7290,#7300,.T.);
#7298 = VERTEX_POINT('',#7299);
#7299 = CARTESIAN_POINT('',(103.999892,-96.99991,0.11));
#7300 = LINE('',#7301,#7302);
#7301 = CARTESIAN_POINT('',(103.999892,-96.99991,0.11));
#7302 = VECTOR('',#7303,1.);
#7303 = DIRECTION('',(0.124034734589,0.992277876714,0.));
#7304 = ORIENTED_EDGE('',*,*,#7305,.F.);
#7305 = EDGE_CURVE('',#7306,#7298,#7308,.T.);
#7306 = VERTEX_POINT('',#7307);
#7307 = CARTESIAN_POINT('',(103.999892,-103.99991,0.11));
#7308 = LINE('',#7309,#7310);
#7309 = CARTESIAN_POINT('',(103.999892,-103.99991,0.11));
#7310 = VECTOR('',#7311,1.);
#7311 = DIRECTION('',(0.,1.,0.));
#7312 = ORIENTED_EDGE('',*,*,#7313,.F.);
#7313 = EDGE_CURVE('',#7314,#7306,#7316,.T.);
#7314 = VERTEX_POINT('',#7315);
#7315 = CARTESIAN_POINT('',(104.999892,-110.99991,0.11));
#7316 = LINE('',#7317,#7318);
#7317 = CARTESIAN_POINT('',(104.999892,-110.99991,0.11));
#7318 = VECTOR('',#7319,1.);
#7319 = DIRECTION('',(-0.141421356237,0.989949493661,0.));
#7320 = ORIENTED_EDGE('',*,*,#7321,.F.);
#7321 = EDGE_CURVE('',#7322,#7314,#7324,.T.);
#7322 = VERTEX_POINT('',#7323);
#7323 = CARTESIAN_POINT('',(104.999892,-112.99991,0.11));
#7324 = LINE('',#7325,#7326);
#7325 = CARTESIAN_POINT('',(104.999892,-112.99991,0.11));
#7326 = VECTOR('',#7327,1.);
#7327 = DIRECTION('',(0.,1.,0.));
#7328 = ORIENTED_EDGE('',*,*,#7329,.F.);
#7329 = EDGE_CURVE('',#7330,#7322,#7332,.T.);
#7330 = VERTEX_POINT('',#7331);
#7331 = CARTESIAN_POINT('',(97.999892,-112.99991,0.11));
#7332 = LINE('',#7333,#7334);
#7333 = CARTESIAN_POINT('',(97.999892,-112.99991,0.11));
#7334 = VECTOR('',#7335,1.);
#7335 = DIRECTION('',(1.,0.,0.));
#7336 = ORIENTED_EDGE('',*,*,#7337,.F.);
#7337 = EDGE_CURVE('',#7338,#7330,#7340,.T.);
#7338 = VERTEX_POINT('',#7339);
#7339 = CARTESIAN_POINT('',(97.999892,-110.99991,0.11));
#7340 = LINE('',#7341,#7342);
#7341 = CARTESIAN_POINT('',(97.999892,-110.99991,0.11));
#7342 = VECTOR('',#7343,1.);
#7343 = DIRECTION('',(0.,-1.,0.));
#7344 = ORIENTED_EDGE('',*,*,#7345,.F.);
#7345 = EDGE_CURVE('',#7346,#7338,#7348,.T.);
#7346 = VERTEX_POINT('',#7347);
#7347 = CARTESIAN_POINT('',(98.999892,-103.99991,0.11));
#7348 = LINE('',#7349,#7350);
#7349 = CARTESIAN_POINT('',(98.999892,-103.99991,0.11));
#7350 = VECTOR('',#7351,1.);
#7351 = DIRECTION('',(-0.141421356237,-0.989949493661,0.));
#7352 = ORIENTED_EDGE('',*,*,#7353,.F.);
#7353 = EDGE_CURVE('',#7266,#7346,#7354,.T.);
#7354 = LINE('',#7355,#7356);
#7355 = CARTESIAN_POINT('',(98.999892,-96.99991,0.11));
#7356 = VECTOR('',#7357,1.);
#7357 = DIRECTION('',(0.,-1.,0.));
#7358 = FACE_BOUND('',#7359,.T.);
#7359 = EDGE_LOOP('',(#7360));
#7360 = ORIENTED_EDGE('',*,*,#7361,.T.);
#7361 = EDGE_CURVE('',#7362,#7362,#7364,.T.);
#7362 = VERTEX_POINT('',#7363);
#7363 = CARTESIAN_POINT('',(71.499892,-87.59991,0.11));
#7364 = CIRCLE('',#7365,0.6);
#7365 = AXIS2_PLACEMENT_3D('',#7366,#7367,#7368);
#7366 = CARTESIAN_POINT('',(71.499892,-86.99991,0.11));
#7367 = DIRECTION('',(-0.,0.,-1.));
#7368 = DIRECTION('',(2.368475785867E-14,-1.,-0.));
#7369 = FACE_BOUND('',#7370,.T.);
#7370 = EDGE_LOOP('',(#7371,#7382,#7390,#7399,#7407,#7415,#7423));
#7371 = ORIENTED_EDGE('',*,*,#7372,.F.);
#7372 = EDGE_CURVE('',#7373,#7375,#7377,.T.);
#7373 = VERTEX_POINT('',#7374);
#7374 = CARTESIAN_POINT('',(63.999892,-72.99991,0.11));
#7375 = VERTEX_POINT('',#7376);
#7376 = CARTESIAN_POINT('',(61.999892,-74.99991,0.11));
#7377 = CIRCLE('',#7378,1.99999850585);
#7378 = AXIS2_PLACEMENT_3D('',#7379,#7380,#7381);
#7379 = CARTESIAN_POINT('',(63.99989050585,-74.99990850585,0.11));
#7380 = DIRECTION('',(0.,0.,1.));
#7381 = DIRECTION('',(7.470757420593E-07,1.,-0.));
#7382 = ORIENTED_EDGE('',*,*,#7383,.F.);
#7383 = EDGE_CURVE('',#7384,#7373,#7386,.T.);
#7384 = VERTEX_POINT('',#7385);
#7385 = CARTESIAN_POINT('',(66.999892,-72.99991,0.11));
#7386 = LINE('',#7387,#7388);
#7387 = CARTESIAN_POINT('',(66.999892,-72.99991,0.11));
#7388 = VECTOR('',#7389,1.);
#7389 = DIRECTION('',(-1.,0.,0.));
#7390 = ORIENTED_EDGE('',*,*,#7391,.F.);
#7391 = EDGE_CURVE('',#7392,#7384,#7394,.T.);
#7392 = VERTEX_POINT('',#7393);
#7393 = CARTESIAN_POINT('',(68.999892,-74.99991,0.11));
#7394 = CIRCLE('',#7395,1.99999850585);
#7395 = AXIS2_PLACEMENT_3D('',#7396,#7397,#7398);
#7396 = CARTESIAN_POINT('',(66.99989349415,-74.99990850585,0.11));
#7397 = DIRECTION('',(0.,0.,1.));
#7398 = DIRECTION('',(1.,-7.470757491648E-07,0.));
#7399 = ORIENTED_EDGE('',*,*,#7400,.F.);
#7400 = EDGE_CURVE('',#7401,#7392,#7403,.T.);
#7401 = VERTEX_POINT('',#7402);
#7402 = CARTESIAN_POINT('',(68.999892,-85.99991,0.11));
#7403 = LINE('',#7404,#7405);
#7404 = CARTESIAN_POINT('',(68.999892,-85.99991,0.11));
#7405 = VECTOR('',#7406,1.);
#7406 = DIRECTION('',(0.,1.,0.));
#7407 = ORIENTED_EDGE('',*,*,#7408,.F.);
#7408 = EDGE_CURVE('',#7409,#7401,#7411,.T.);
#7409 = VERTEX_POINT('',#7410);
#7410 = CARTESIAN_POINT('',(61.999892,-85.99991,0.11));
#7411 = LINE('',#7412,#7413);
#7412 = CARTESIAN_POINT('',(61.999892,-85.99991,0.11));
#7413 = VECTOR('',#7414,1.);
#7414 = DIRECTION('',(1.,0.,0.));
#7415 = ORIENTED_EDGE('',*,*,#7416,.F.);
#7416 = EDGE_CURVE('',#7417,#7409,#7419,.T.);
#7417 = VERTEX_POINT('',#7418);
#7418 = CARTESIAN_POINT('',(61.999892,-84.99991,0.11));
#7419 = LINE('',#7420,#7421);
#7420 = CARTESIAN_POINT('',(61.999892,-84.99991,0.11));
#7421 = VECTOR('',#7422,1.);
#7422 = DIRECTION('',(0.,-1.,0.));
#7423 = ORIENTED_EDGE('',*,*,#7424,.F.);
#7424 = EDGE_CURVE('',#7375,#7417,#7425,.T.);
#7425 = LINE('',#7426,#7427);
#7426 = CARTESIAN_POINT('',(61.999892,-74.99991,0.11));
#7427 = VECTOR('',#7428,1.);
#7428 = DIRECTION('',(0.,-1.,0.));
#7429 = FACE_BOUND('',#7430,.T.);
#7430 = EDGE_LOOP('',(#7431));
#7431 = ORIENTED_EDGE('',*,*,#7432,.F.);
#7432 = EDGE_CURVE('',#7433,#7433,#7435,.T.);
#7433 = VERTEX_POINT('',#7434);
#7434 = CARTESIAN_POINT('',(71.999892,-83.99991,0.11));
#7435 = CIRCLE('',#7436,0.5);
#7436 = AXIS2_PLACEMENT_3D('',#7437,#7438,#7439);
#7437 = CARTESIAN_POINT('',(71.499892,-83.99991,0.11));
#7438 = DIRECTION('',(0.,0.,1.));
#7439 = DIRECTION('',(1.,0.,-0.));
#7440 = FACE_BOUND('',#7441,.T.);
#7441 = EDGE_LOOP('',(#7442));
#7442 = ORIENTED_EDGE('',*,*,#7443,.F.);
#7443 = EDGE_CURVE('',#7444,#7444,#7446,.T.);
#7444 = VERTEX_POINT('',#7445);
#7445 = CARTESIAN_POINT('',(71.999892,-80.99991,0.11));
#7446 = CIRCLE('',#7447,0.5);
#7447 = AXIS2_PLACEMENT_3D('',#7448,#7449,#7450);
#7448 = CARTESIAN_POINT('',(71.499892,-80.99991,0.11));
#7449 = DIRECTION('',(0.,0.,1.));
#7450 = DIRECTION('',(1.,0.,-0.));
#7451 = FACE_BOUND('',#7452,.T.);
#7452 = EDGE_LOOP('',(#7453));
#7453 = ORIENTED_EDGE('',*,*,#7454,.T.);
#7454 = EDGE_CURVE('',#7455,#7455,#7457,.T.);
#7455 = VERTEX_POINT('',#7456);
#7456 = CARTESIAN_POINT('',(83.499892,-87.59991,0.11));
#7457 = CIRCLE('',#7458,0.6);
#7458 = AXIS2_PLACEMENT_3D('',#7459,#7460,#7461);
#7459 = CARTESIAN_POINT('',(83.499892,-86.99991,0.11));
#7460 = DIRECTION('',(-0.,0.,-1.));
#7461 = DIRECTION('',(2.368475785867E-14,-1.,-0.));
#7462 = FACE_BOUND('',#7463,.T.);
#7463 = EDGE_LOOP('',(#7464,#7475,#7483,#7492,#7500,#7508,#7516));
#7464 = ORIENTED_EDGE('',*,*,#7465,.F.);
#7465 = EDGE_CURVE('',#7466,#7468,#7470,.T.);
#7466 = VERTEX_POINT('',#7467);
#7467 = CARTESIAN_POINT('',(75.999892,-72.99991,0.11));
#7468 = VERTEX_POINT('',#7469);
#7469 = CARTESIAN_POINT('',(73.999892,-74.99991,0.11));
#7470 = CIRCLE('',#7471,1.99999850585);
#7471 = AXIS2_PLACEMENT_3D('',#7472,#7473,#7474);
#7472 = CARTESIAN_POINT('',(75.99989050585,-74.99990850585,0.11));
#7473 = DIRECTION('',(0.,0.,1.));
#7474 = DIRECTION('',(7.470757420593E-07,1.,-0.));
#7475 = ORIENTED_EDGE('',*,*,#7476,.F.);
#7476 = EDGE_CURVE('',#7477,#7466,#7479,.T.);
#7477 = VERTEX_POINT('',#7478);
#7478 = CARTESIAN_POINT('',(78.999892,-72.99991,0.11));
#7479 = LINE('',#7480,#7481);
#7480 = CARTESIAN_POINT('',(78.999892,-72.99991,0.11));
#7481 = VECTOR('',#7482,1.);
#7482 = DIRECTION('',(-1.,0.,0.));
#7483 = ORIENTED_EDGE('',*,*,#7484,.F.);
#7484 = EDGE_CURVE('',#7485,#7477,#7487,.T.);
#7485 = VERTEX_POINT('',#7486);
#7486 = CARTESIAN_POINT('',(80.999892,-74.99991,0.11));
#7487 = CIRCLE('',#7488,1.99999850585);
#7488 = AXIS2_PLACEMENT_3D('',#7489,#7490,#7491);
#7489 = CARTESIAN_POINT('',(78.99989349415,-74.99990850585,0.11));
#7490 = DIRECTION('',(0.,0.,1.));
#7491 = DIRECTION('',(1.,-7.470757491648E-07,0.));
#7492 = ORIENTED_EDGE('',*,*,#7493,.F.);
#7493 = EDGE_CURVE('',#7494,#7485,#7496,.T.);
#7494 = VERTEX_POINT('',#7495);
#7495 = CARTESIAN_POINT('',(80.999892,-85.99991,0.11));
#7496 = LINE('',#7497,#7498);
#7497 = CARTESIAN_POINT('',(80.999892,-85.99991,0.11));
#7498 = VECTOR('',#7499,1.);
#7499 = DIRECTION('',(0.,1.,0.));
#7500 = ORIENTED_EDGE('',*,*,#7501,.F.);
#7501 = EDGE_CURVE('',#7502,#7494,#7504,.T.);
#7502 = VERTEX_POINT('',#7503);
#7503 = CARTESIAN_POINT('',(73.999892,-85.99991,0.11));
#7504 = LINE('',#7505,#7506);
#7505 = CARTESIAN_POINT('',(73.999892,-85.99991,0.11));
#7506 = VECTOR('',#7507,1.);
#7507 = DIRECTION('',(1.,0.,0.));
#7508 = ORIENTED_EDGE('',*,*,#7509,.F.);
#7509 = EDGE_CURVE('',#7510,#7502,#7512,.T.);
#7510 = VERTEX_POINT('',#7511);
#7511 = CARTESIAN_POINT('',(73.999892,-84.99991,0.11));
#7512 = LINE('',#7513,#7514);
#7513 = CARTESIAN_POINT('',(73.999892,-84.99991,0.11));
#7514 = VECTOR('',#7515,1.);
#7515 = DIRECTION('',(0.,-1.,0.));
#7516 = ORIENTED_EDGE('',*,*,#7517,.F.);
#7517 = EDGE_CURVE('',#7468,#7510,#7518,.T.);
#7518 = LINE('',#7519,#7520);
#7519 = CARTESIAN_POINT('',(73.999892,-74.99991,0.11));
#7520 = VECTOR('',#7521,1.);
#7521 = DIRECTION('',(0.,-1.,0.));
#7522 = FACE_BOUND('',#7523,.T.);
#7523 = EDGE_LOOP('',(#7524));
#7524 = ORIENTED_EDGE('',*,*,#7525,.F.);
#7525 = EDGE_CURVE('',#7526,#7526,#7528,.T.);
#7526 = VERTEX_POINT('',#7527);
#7527 = CARTESIAN_POINT('',(83.999892,-83.99991,0.11));
#7528 = CIRCLE('',#7529,0.5);
#7529 = AXIS2_PLACEMENT_3D('',#7530,#7531,#7532);
#7530 = CARTESIAN_POINT('',(83.499892,-83.99991,0.11));
#7531 = DIRECTION('',(0.,0.,1.));
#7532 = DIRECTION('',(1.,0.,-0.));
#7533 = FACE_BOUND('',#7534,.T.);
#7534 = EDGE_LOOP('',(#7535));
#7535 = ORIENTED_EDGE('',*,*,#7536,.F.);
#7536 = EDGE_CURVE('',#7537,#7537,#7539,.T.);
#7537 = VERTEX_POINT('',#7538);
#7538 = CARTESIAN_POINT('',(83.999892,-80.99991,0.11));
#7539 = CIRCLE('',#7540,0.5);
#7540 = AXIS2_PLACEMENT_3D('',#7541,#7542,#7543);
#7541 = CARTESIAN_POINT('',(83.499892,-80.99991,0.11));
#7542 = DIRECTION('',(0.,0.,1.));
#7543 = DIRECTION('',(1.,0.,-0.));
#7544 = FACE_BOUND('',#7545,.T.);
#7545 = EDGE_LOOP('',(#7546));
#7546 = ORIENTED_EDGE('',*,*,#7547,.F.);
#7547 = EDGE_CURVE('',#7548,#7548,#7550,.T.);
#7548 = VERTEX_POINT('',#7549);
#7549 = CARTESIAN_POINT('',(71.999892,-77.99991,0.11));
#7550 = CIRCLE('',#7551,0.5);
#7551 = AXIS2_PLACEMENT_3D('',#7552,#7553,#7554);
#7552 = CARTESIAN_POINT('',(71.499892,-77.99991,0.11));
#7553 = DIRECTION('',(0.,0.,1.));
#7554 = DIRECTION('',(1.,0.,-0.));
#7555 = FACE_BOUND('',#7556,.T.);
#7556 = EDGE_LOOP('',(#7557));
#7557 = ORIENTED_EDGE('',*,*,#7558,.F.);
#7558 = EDGE_CURVE('',#7559,#7559,#7561,.T.);
#7559 = VERTEX_POINT('',#7560);
#7560 = CARTESIAN_POINT('',(71.999892,-74.99991,0.11));
#7561 = CIRCLE('',#7562,0.5);
#7562 = AXIS2_PLACEMENT_3D('',#7563,#7564,#7565);
#7563 = CARTESIAN_POINT('',(71.499892,-74.99991,0.11));
#7564 = DIRECTION('',(0.,0.,1.));
#7565 = DIRECTION('',(1.,0.,-0.));
#7566 = FACE_BOUND('',#7567,.T.);
#7567 = EDGE_LOOP('',(#7568));
#7568 = ORIENTED_EDGE('',*,*,#7569,.F.);
#7569 = EDGE_CURVE('',#7570,#7570,#7572,.T.);
#7570 = VERTEX_POINT('',#7571);
#7571 = CARTESIAN_POINT('',(83.999892,-77.99991,0.11));
#7572 = CIRCLE('',#7573,0.5);
#7573 = AXIS2_PLACEMENT_3D('',#7574,#7575,#7576);
#7574 = CARTESIAN_POINT('',(83.499892,-77.99991,0.11));
#7575 = DIRECTION('',(0.,0.,1.));
#7576 = DIRECTION('',(1.,0.,-0.));
#7577 = FACE_BOUND('',#7578,.T.);
#7578 = EDGE_LOOP('',(#7579));
#7579 = ORIENTED_EDGE('',*,*,#7580,.F.);
#7580 = EDGE_CURVE('',#7581,#7581,#7583,.T.);
#7581 = VERTEX_POINT('',#7582);
#7582 = CARTESIAN_POINT('',(83.999892,-74.99991,0.11));
#7583 = CIRCLE('',#7584,0.5);
#7584 = AXIS2_PLACEMENT_3D('',#7585,#7586,#7587);
#7585 = CARTESIAN_POINT('',(83.499892,-74.99991,0.11));
#7586 = DIRECTION('',(0.,0.,1.));
#7587 = DIRECTION('',(1.,0.,-0.));
#7588 = FACE_BOUND('',#7589,.T.);
#7589 = EDGE_LOOP('',(#7590,#7601,#7609,#7618,#7626,#7635,#7643,#7652));
#7590 = ORIENTED_EDGE('',*,*,#7591,.F.);
#7591 = EDGE_CURVE('',#7592,#7594,#7596,.T.);
#7592 = VERTEX_POINT('',#7593);
#7593 = CARTESIAN_POINT('',(77.999892,-62.99991,0.11));
#7594 = VERTEX_POINT('',#7595);
#7595 = CARTESIAN_POINT('',(75.999892,-64.99991,0.11));
#7596 = CIRCLE('',#7597,1.99999850585);
#7597 = AXIS2_PLACEMENT_3D('',#7598,#7599,#7600);
#7598 = CARTESIAN_POINT('',(77.99989050585,-64.99990850585,0.11));
#7599 = DIRECTION('',(0.,0.,1.));
#7600 = DIRECTION('',(7.470757420593E-07,1.,-0.));
#7601 = ORIENTED_EDGE('',*,*,#7602,.F.);
#7602 = EDGE_CURVE('',#7603,#7592,#7605,.T.);
#7603 = VERTEX_POINT('',#7604);
#7604 = CARTESIAN_POINT('',(78.999892,-62.99991,0.11));
#7605 = LINE('',#7606,#7607);
#7606 = CARTESIAN_POINT('',(78.999892,-62.99991,0.11));
#7607 = VECTOR('',#7608,1.);
#7608 = DIRECTION('',(-1.,0.,0.));
#7609 = ORIENTED_EDGE('',*,*,#7610,.F.);
#7610 = EDGE_CURVE('',#7611,#7603,#7613,.T.);
#7611 = VERTEX_POINT('',#7612);
#7612 = CARTESIAN_POINT('',(80.999892,-64.99991,0.11));
#7613 = CIRCLE('',#7614,1.99999850585);
#7614 = AXIS2_PLACEMENT_3D('',#7615,#7616,#7617);
#7615 = CARTESIAN_POINT('',(78.99989349415,-64.99990850585,0.11));
#7616 = DIRECTION('',(0.,0.,1.));
#7617 = DIRECTION('',(1.,-7.470757491648E-07,0.));
#7618 = ORIENTED_EDGE('',*,*,#7619,.F.);
#7619 = EDGE_CURVE('',#7620,#7611,#7622,.T.);
#7620 = VERTEX_POINT('',#7621);
#7621 = CARTESIAN_POINT('',(80.999892,-66.99991,0.11));
#7622 = LINE('',#7623,#7624);
#7623 = CARTESIAN_POINT('',(80.999892,-66.99991,0.11));
#7624 = VECTOR('',#7625,1.);
#7625 = DIRECTION('',(0.,1.,0.));
#7626 = ORIENTED_EDGE('',*,*,#7627,.F.);
#7627 = EDGE_CURVE('',#7628,#7620,#7630,.T.);
#7628 = VERTEX_POINT('',#7629);
#7629 = CARTESIAN_POINT('',(78.999892,-68.99991,0.11));
#7630 = CIRCLE('',#7631,1.99999850585);
#7631 = AXIS2_PLACEMENT_3D('',#7632,#7633,#7634);
#7632 = CARTESIAN_POINT('',(78.99989349415,-66.99991149415,0.11));
#7633 = DIRECTION('',(0.,0.,1.));
#7634 = DIRECTION('',(-7.470757420593E-07,-1.,0.));
#7635 = ORIENTED_EDGE('',*,*,#7636,.F.);
#7636 = EDGE_CURVE('',#7637,#7628,#7639,.T.);
#7637 = VERTEX_POINT('',#7638);
#7638 = CARTESIAN_POINT('',(77.999892,-68.99991,0.11));
#7639 = LINE('',#7640,#7641);
#7640 = CARTESIAN_POINT('',(77.999892,-68.99991,0.11));
#7641 = VECTOR('',#7642,1.);
#7642 = DIRECTION('',(1.,0.,0.));
#7643 = ORIENTED_EDGE('',*,*,#7644,.F.);
#7644 = EDGE_CURVE('',#7645,#7637,#7647,.T.);
#7645 = VERTEX_POINT('',#7646);
#7646 = CARTESIAN_POINT('',(75.999892,-66.99991,0.11));
#7647 = CIRCLE('',#7648,1.99999850585);
#7648 = AXIS2_PLACEMENT_3D('',#7649,#7650,#7651);
#7649 = CARTESIAN_POINT('',(77.99989050585,-66.99991149415,0.11));
#7650 = DIRECTION('',(0.,0.,1.));
#7651 = DIRECTION('',(-1.,7.470757491648E-07,0.));
#7652 = ORIENTED_EDGE('',*,*,#7653,.F.);
#7653 = EDGE_CURVE('',#7594,#7645,#7654,.T.);
#7654 = LINE('',#7655,#7656);
#7655 = CARTESIAN_POINT('',(75.999892,-64.99991,0.11));
#7656 = VECTOR('',#7657,1.);
#7657 = DIRECTION('',(0.,-1.,0.));
#7658 = FACE_BOUND('',#7659,.T.);
#7659 = EDGE_LOOP('',(#7660));
#7660 = ORIENTED_EDGE('',*,*,#7661,.F.);
#7661 = EDGE_CURVE('',#7662,#7662,#7664,.T.);
#7662 = VERTEX_POINT('',#7663);
#7663 = CARTESIAN_POINT('',(82.499892,-70.49991,0.11));
#7664 = CIRCLE('',#7665,0.5);
#7665 = AXIS2_PLACEMENT_3D('',#7666,#7667,#7668);
#7666 = CARTESIAN_POINT('',(81.999892,-70.49991,0.11));
#7667 = DIRECTION('',(0.,0.,1.));
#7668 = DIRECTION('',(1.,0.,-0.));
#7669 = FACE_BOUND('',#7670,.T.);
#7670 = EDGE_LOOP('',(#7671));
#7671 = ORIENTED_EDGE('',*,*,#7672,.F.);
#7672 = EDGE_CURVE('',#7673,#7673,#7675,.T.);
#7673 = VERTEX_POINT('',#7674);
#7674 = CARTESIAN_POINT('',(85.499892,-70.49991,0.11));
#7675 = CIRCLE('',#7676,0.5);
#7676 = AXIS2_PLACEMENT_3D('',#7677,#7678,#7679);
#7677 = CARTESIAN_POINT('',(84.999892,-70.49991,0.11));
#7678 = DIRECTION('',(0.,0.,1.));
#7679 = DIRECTION('',(1.,0.,-0.));
#7680 = FACE_BOUND('',#7681,.T.);
#7681 = EDGE_LOOP('',(#7682));
#7682 = ORIENTED_EDGE('',*,*,#7683,.F.);
#7683 = EDGE_CURVE('',#7684,#7684,#7686,.T.);
#7684 = VERTEX_POINT('',#7685);
#7685 = CARTESIAN_POINT('',(83.999892,-68.99991,0.11));
#7686 = CIRCLE('',#7687,0.5);
#7687 = AXIS2_PLACEMENT_3D('',#7688,#7689,#7690);
#7688 = CARTESIAN_POINT('',(83.499892,-68.99991,0.11));
#7689 = DIRECTION('',(0.,0.,1.));
#7690 = DIRECTION('',(1.,0.,-0.));
#7691 = FACE_BOUND('',#7692,.T.);
#7692 = EDGE_LOOP('',(#7693));
#7693 = ORIENTED_EDGE('',*,*,#7694,.F.);
#7694 = EDGE_CURVE('',#7695,#7695,#7697,.T.);
#7695 = VERTEX_POINT('',#7696);
#7696 = CARTESIAN_POINT('',(83.999892,-65.99991,0.11));
#7697 = CIRCLE('',#7698,0.5);
#7698 = AXIS2_PLACEMENT_3D('',#7699,#7700,#7701);
#7699 = CARTESIAN_POINT('',(83.499892,-65.99991,0.11));
#7700 = DIRECTION('',(0.,0.,1.));
#7701 = DIRECTION('',(1.,0.,-0.));
#7702 = FACE_BOUND('',#7703,.T.);
#7703 = EDGE_LOOP('',(#7704));
#7704 = ORIENTED_EDGE('',*,*,#7705,.T.);
#7705 = EDGE_CURVE('',#7706,#7706,#7708,.T.);
#7706 = VERTEX_POINT('',#7707);
#7707 = CARTESIAN_POINT('',(95.499892,-87.59991,0.11));
#7708 = CIRCLE('',#7709,0.6);
#7709 = AXIS2_PLACEMENT_3D('',#7710,#7711,#7712);
#7710 = CARTESIAN_POINT('',(95.499892,-86.99991,0.11));
#7711 = DIRECTION('',(-0.,0.,-1.));
#7712 = DIRECTION('',(2.368475785867E-14,-1.,-0.));
#7713 = FACE_BOUND('',#7714,.T.);
#7714 = EDGE_LOOP('',(#7715,#7726,#7734,#7743,#7751,#7759,#7767));
#7715 = ORIENTED_EDGE('',*,*,#7716,.F.);
#7716 = EDGE_CURVE('',#7717,#7719,#7721,.T.);
#7717 = VERTEX_POINT('',#7718);
#7718 = CARTESIAN_POINT('',(87.999892,-72.99991,0.11));
#7719 = VERTEX_POINT('',#7720);
#7720 = CARTESIAN_POINT('',(85.999892,-74.99991,0.11));
#7721 = CIRCLE('',#7722,1.99999850585);
#7722 = AXIS2_PLACEMENT_3D('',#7723,#7724,#7725);
#7723 = CARTESIAN_POINT('',(87.99989050585,-74.99990850585,0.11));
#7724 = DIRECTION('',(0.,0.,1.));
#7725 = DIRECTION('',(7.470757420593E-07,1.,-0.));
#7726 = ORIENTED_EDGE('',*,*,#7727,.F.);
#7727 = EDGE_CURVE('',#7728,#7717,#7730,.T.);
#7728 = VERTEX_POINT('',#7729);
#7729 = CARTESIAN_POINT('',(90.999892,-72.99991,0.11));
#7730 = LINE('',#7731,#7732);
#7731 = CARTESIAN_POINT('',(90.999892,-72.99991,0.11));
#7732 = VECTOR('',#7733,1.);
#7733 = DIRECTION('',(-1.,0.,0.));
#7734 = ORIENTED_EDGE('',*,*,#7735,.F.);
#7735 = EDGE_CURVE('',#7736,#7728,#7738,.T.);
#7736 = VERTEX_POINT('',#7737);
#7737 = CARTESIAN_POINT('',(92.999892,-74.99991,0.11));
#7738 = CIRCLE('',#7739,1.99999850585);
#7739 = AXIS2_PLACEMENT_3D('',#7740,#7741,#7742);
#7740 = CARTESIAN_POINT('',(90.99989349415,-74.99990850585,0.11));
#7741 = DIRECTION('',(0.,0.,1.));
#7742 = DIRECTION('',(1.,-7.470757491648E-07,0.));
#7743 = ORIENTED_EDGE('',*,*,#7744,.F.);
#7744 = EDGE_CURVE('',#7745,#7736,#7747,.T.);
#7745 = VERTEX_POINT('',#7746);
#7746 = CARTESIAN_POINT('',(92.999892,-85.99991,0.11));
#7747 = LINE('',#7748,#7749);
#7748 = CARTESIAN_POINT('',(92.999892,-85.99991,0.11));
#7749 = VECTOR('',#7750,1.);
#7750 = DIRECTION('',(0.,1.,0.));
#7751 = ORIENTED_EDGE('',*,*,#7752,.F.);
#7752 = EDGE_CURVE('',#7753,#7745,#7755,.T.);
#7753 = VERTEX_POINT('',#7754);
#7754 = CARTESIAN_POINT('',(85.999892,-85.99991,0.11));
#7755 = LINE('',#7756,#7757);
#7756 = CARTESIAN_POINT('',(85.999892,-85.99991,0.11));
#7757 = VECTOR('',#7758,1.);
#7758 = DIRECTION('',(1.,0.,0.));
#7759 = ORIENTED_EDGE('',*,*,#7760,.F.);
#7760 = EDGE_CURVE('',#7761,#7753,#7763,.T.);
#7761 = VERTEX_POINT('',#7762);
#7762 = CARTESIAN_POINT('',(85.999892,-84.99991,0.11));
#7763 = LINE('',#7764,#7765);
#7764 = CARTESIAN_POINT('',(85.999892,-84.99991,0.11));
#7765 = VECTOR('',#7766,1.);
#7766 = DIRECTION('',(0.,-1.,0.));
#7767 = ORIENTED_EDGE('',*,*,#7768,.F.);
#7768 = EDGE_CURVE('',#7719,#7761,#7769,.T.);
#7769 = LINE('',#7770,#7771);
#7770 = CARTESIAN_POINT('',(85.999892,-74.99991,0.11));
#7771 = VECTOR('',#7772,1.);
#7772 = DIRECTION('',(0.,-1.,0.));
#7773 = FACE_BOUND('',#7774,.T.);
#7774 = EDGE_LOOP('',(#7775));
#7775 = ORIENTED_EDGE('',*,*,#7776,.F.);
#7776 = EDGE_CURVE('',#7777,#7777,#7779,.T.);
#7777 = VERTEX_POINT('',#7778);
#7778 = CARTESIAN_POINT('',(95.999892,-83.99991,0.11));
#7779 = CIRCLE('',#7780,0.5);
#7780 = AXIS2_PLACEMENT_3D('',#7781,#7782,#7783);
#7781 = CARTESIAN_POINT('',(95.499892,-83.99991,0.11));
#7782 = DIRECTION('',(0.,0.,1.));
#7783 = DIRECTION('',(1.,0.,-0.));
#7784 = FACE_BOUND('',#7785,.T.);
#7785 = EDGE_LOOP('',(#7786));
#7786 = ORIENTED_EDGE('',*,*,#7787,.F.);
#7787 = EDGE_CURVE('',#7788,#7788,#7790,.T.);
#7788 = VERTEX_POINT('',#7789);
#7789 = CARTESIAN_POINT('',(95.999892,-80.99991,0.11));
#7790 = CIRCLE('',#7791,0.5);
#7791 = AXIS2_PLACEMENT_3D('',#7792,#7793,#7794);
#7792 = CARTESIAN_POINT('',(95.499892,-80.99991,0.11));
#7793 = DIRECTION('',(0.,0.,1.));
#7794 = DIRECTION('',(1.,0.,-0.));
#7795 = FACE_BOUND('',#7796,.T.);
#7796 = EDGE_LOOP('',(#7797));
#7797 = ORIENTED_EDGE('',*,*,#7798,.T.);
#7798 = EDGE_CURVE('',#7799,#7799,#7801,.T.);
#7799 = VERTEX_POINT('',#7800);
#7800 = CARTESIAN_POINT('',(107.499892,-87.59991,0.11));
#7801 = CIRCLE('',#7802,0.6);
#7802 = AXIS2_PLACEMENT_3D('',#7803,#7804,#7805);
#7803 = CARTESIAN_POINT('',(107.499892,-86.99991,0.11));
#7804 = DIRECTION('',(-0.,0.,-1.));
#7805 = DIRECTION('',(2.368475785867E-14,-1.,-0.));
#7806 = FACE_BOUND('',#7807,.T.);
#7807 = EDGE_LOOP('',(#7808,#7819,#7827,#7836,#7844,#7852,#7860));
#7808 = ORIENTED_EDGE('',*,*,#7809,.F.);
#7809 = EDGE_CURVE('',#7810,#7812,#7814,.T.);
#7810 = VERTEX_POINT('',#7811);
#7811 = CARTESIAN_POINT('',(99.999892,-72.99991,0.11));
#7812 = VERTEX_POINT('',#7813);
#7813 = CARTESIAN_POINT('',(97.999892,-74.99991,0.11));
#7814 = CIRCLE('',#7815,1.99999850585);
#7815 = AXIS2_PLACEMENT_3D('',#7816,#7817,#7818);
#7816 = CARTESIAN_POINT('',(99.99989050585,-74.99990850585,0.11));
#7817 = DIRECTION('',(0.,0.,1.));
#7818 = DIRECTION('',(7.470757420593E-07,1.,-0.));
#7819 = ORIENTED_EDGE('',*,*,#7820,.F.);
#7820 = EDGE_CURVE('',#7821,#7810,#7823,.T.);
#7821 = VERTEX_POINT('',#7822);
#7822 = CARTESIAN_POINT('',(102.999892,-72.99991,0.11));
#7823 = LINE('',#7824,#7825);
#7824 = CARTESIAN_POINT('',(102.999892,-72.99991,0.11));
#7825 = VECTOR('',#7826,1.);
#7826 = DIRECTION('',(-1.,0.,0.));
#7827 = ORIENTED_EDGE('',*,*,#7828,.F.);
#7828 = EDGE_CURVE('',#7829,#7821,#7831,.T.);
#7829 = VERTEX_POINT('',#7830);
#7830 = CARTESIAN_POINT('',(104.999892,-74.99991,0.11));
#7831 = CIRCLE('',#7832,1.99999850585);
#7832 = AXIS2_PLACEMENT_3D('',#7833,#7834,#7835);
#7833 = CARTESIAN_POINT('',(102.99989349415,-74.99990850585,0.11));
#7834 = DIRECTION('',(0.,0.,1.));
#7835 = DIRECTION('',(1.,-7.470757491648E-07,0.));
#7836 = ORIENTED_EDGE('',*,*,#7837,.F.);
#7837 = EDGE_CURVE('',#7838,#7829,#7840,.T.);
#7838 = VERTEX_POINT('',#7839);
#7839 = CARTESIAN_POINT('',(104.999892,-85.99991,0.11));
#7840 = LINE('',#7841,#7842);
#7841 = CARTESIAN_POINT('',(104.999892,-85.99991,0.11));
#7842 = VECTOR('',#7843,1.);
#7843 = DIRECTION('',(0.,1.,0.));
#7844 = ORIENTED_EDGE('',*,*,#7845,.F.);
#7845 = EDGE_CURVE('',#7846,#7838,#7848,.T.);
#7846 = VERTEX_POINT('',#7847);
#7847 = CARTESIAN_POINT('',(97.999892,-85.99991,0.11));
#7848 = LINE('',#7849,#7850);
#7849 = CARTESIAN_POINT('',(97.999892,-85.99991,0.11));
#7850 = VECTOR('',#7851,1.);
#7851 = DIRECTION('',(1.,0.,0.));
#7852 = ORIENTED_EDGE('',*,*,#7853,.F.);
#7853 = EDGE_CURVE('',#7854,#7846,#7856,.T.);
#7854 = VERTEX_POINT('',#7855);
#7855 = CARTESIAN_POINT('',(97.999892,-84.99991,0.11));
#7856 = LINE('',#7857,#7858);
#7857 = CARTESIAN_POINT('',(97.999892,-84.99991,0.11));
#7858 = VECTOR('',#7859,1.);
#7859 = DIRECTION('',(0.,-1.,0.));
#7860 = ORIENTED_EDGE('',*,*,#7861,.F.);
#7861 = EDGE_CURVE('',#7812,#7854,#7862,.T.);
#7862 = LINE('',#7863,#7864);
#7863 = CARTESIAN_POINT('',(97.999892,-74.99991,0.11));
#7864 = VECTOR('',#7865,1.);
#7865 = DIRECTION('',(0.,-1.,0.));
#7866 = FACE_BOUND('',#7867,.T.);
#7867 = EDGE_LOOP('',(#7868));
#7868 = ORIENTED_EDGE('',*,*,#7869,.F.);
#7869 = EDGE_CURVE('',#7870,#7870,#7872,.T.);
#7870 = VERTEX_POINT('',#7871);
#7871 = CARTESIAN_POINT('',(107.999892,-83.99991,0.11));
#7872 = CIRCLE('',#7873,0.5);
#7873 = AXIS2_PLACEMENT_3D('',#7874,#7875,#7876);
#7874 = CARTESIAN_POINT('',(107.499892,-83.99991,0.11));
#7875 = DIRECTION('',(0.,0.,1.));
#7876 = DIRECTION('',(1.,0.,-0.));
#7877 = FACE_BOUND('',#7878,.T.);
#7878 = EDGE_LOOP('',(#7879));
#7879 = ORIENTED_EDGE('',*,*,#7880,.F.);
#7880 = EDGE_CURVE('',#7881,#7881,#7883,.T.);
#7881 = VERTEX_POINT('',#7882);
#7882 = CARTESIAN_POINT('',(107.999892,-80.99991,0.11));
#7883 = CIRCLE('',#7884,0.5);
#7884 = AXIS2_PLACEMENT_3D('',#7885,#7886,#7887);
#7885 = CARTESIAN_POINT('',(107.499892,-80.99991,0.11));
#7886 = DIRECTION('',(0.,0.,1.));
#7887 = DIRECTION('',(1.,0.,-0.));
#7888 = FACE_BOUND('',#7889,.T.);
#7889 = EDGE_LOOP('',(#7890));
#7890 = ORIENTED_EDGE('',*,*,#7891,.F.);
#7891 = EDGE_CURVE('',#7892,#7892,#7894,.T.);
#7892 = VERTEX_POINT('',#7893);
#7893 = CARTESIAN_POINT('',(95.999892,-77.99991,0.11));
#7894 = CIRCLE('',#7895,0.5);
#7895 = AXIS2_PLACEMENT_3D('',#7896,#7897,#7898);
#7896 = CARTESIAN_POINT('',(95.499892,-77.99991,0.11));
#7897 = DIRECTION('',(0.,0.,1.));
#7898 = DIRECTION('',(1.,0.,-0.));
#7899 = FACE_BOUND('',#7900,.T.);
#7900 = EDGE_LOOP('',(#7901));
#7901 = ORIENTED_EDGE('',*,*,#7902,.F.);
#7902 = EDGE_CURVE('',#7903,#7903,#7905,.T.);
#7903 = VERTEX_POINT('',#7904);
#7904 = CARTESIAN_POINT('',(95.999892,-74.99991,0.11));
#7905 = CIRCLE('',#7906,0.5);
#7906 = AXIS2_PLACEMENT_3D('',#7907,#7908,#7909);
#7907 = CARTESIAN_POINT('',(95.499892,-74.99991,0.11));
#7908 = DIRECTION('',(0.,0.,1.));
#7909 = DIRECTION('',(1.,0.,-0.));
#7910 = FACE_BOUND('',#7911,.T.);
#7911 = EDGE_LOOP('',(#7912,#7923,#7931,#7940,#7948,#7957,#7965,#7974));
#7912 = ORIENTED_EDGE('',*,*,#7913,.F.);
#7913 = EDGE_CURVE('',#7914,#7916,#7918,.T.);
#7914 = VERTEX_POINT('',#7915);
#7915 = CARTESIAN_POINT('',(87.999892,-62.99991,0.11));
#7916 = VERTEX_POINT('',#7917);
#7917 = CARTESIAN_POINT('',(85.999892,-64.99991,0.11));
#7918 = CIRCLE('',#7919,1.99999850585);
#7919 = AXIS2_PLACEMENT_3D('',#7920,#7921,#7922);
#7920 = CARTESIAN_POINT('',(87.99989050585,-64.99990850585,0.11));
#7921 = DIRECTION('',(0.,0.,1.));
#7922 = DIRECTION('',(7.470757420593E-07,1.,-0.));
#7923 = ORIENTED_EDGE('',*,*,#7924,.F.);
#7924 = EDGE_CURVE('',#7925,#7914,#7927,.T.);
#7925 = VERTEX_POINT('',#7926);
#7926 = CARTESIAN_POINT('',(90.999892,-62.99991,0.11));
#7927 = LINE('',#7928,#7929);
#7928 = CARTESIAN_POINT('',(90.999892,-62.99991,0.11));
#7929 = VECTOR('',#7930,1.);
#7930 = DIRECTION('',(-1.,0.,0.));
#7931 = ORIENTED_EDGE('',*,*,#7932,.F.);
#7932 = EDGE_CURVE('',#7933,#7925,#7935,.T.);
#7933 = VERTEX_POINT('',#7934);
#7934 = CARTESIAN_POINT('',(92.999892,-64.99991,0.11));
#7935 = CIRCLE('',#7936,1.99999850585);
#7936 = AXIS2_PLACEMENT_3D('',#7937,#7938,#7939);
#7937 = CARTESIAN_POINT('',(90.99989349415,-64.99990850585,0.11));
#7938 = DIRECTION('',(0.,0.,1.));
#7939 = DIRECTION('',(1.,-7.470757491648E-07,0.));
#7940 = ORIENTED_EDGE('',*,*,#7941,.F.);
#7941 = EDGE_CURVE('',#7942,#7933,#7944,.T.);
#7942 = VERTEX_POINT('',#7943);
#7943 = CARTESIAN_POINT('',(92.999892,-66.99991,0.11));
#7944 = LINE('',#7945,#7946);
#7945 = CARTESIAN_POINT('',(92.999892,-66.99991,0.11));
#7946 = VECTOR('',#7947,1.);
#7947 = DIRECTION('',(0.,1.,0.));
#7948 = ORIENTED_EDGE('',*,*,#7949,.F.);
#7949 = EDGE_CURVE('',#7950,#7942,#7952,.T.);
#7950 = VERTEX_POINT('',#7951);
#7951 = CARTESIAN_POINT('',(90.999892,-68.99991,0.11));
#7952 = CIRCLE('',#7953,1.99999850585);
#7953 = AXIS2_PLACEMENT_3D('',#7954,#7955,#7956);
#7954 = CARTESIAN_POINT('',(90.99989349415,-66.99991149415,0.11));
#7955 = DIRECTION('',(0.,0.,1.));
#7956 = DIRECTION('',(-7.470757420593E-07,-1.,0.));
#7957 = ORIENTED_EDGE('',*,*,#7958,.F.);
#7958 = EDGE_CURVE('',#7959,#7950,#7961,.T.);
#7959 = VERTEX_POINT('',#7960);
#7960 = CARTESIAN_POINT('',(87.999892,-68.99991,0.11));
#7961 = LINE('',#7962,#7963);
#7962 = CARTESIAN_POINT('',(87.999892,-68.99991,0.11));
#7963 = VECTOR('',#7964,1.);
#7964 = DIRECTION('',(1.,0.,0.));
#7965 = ORIENTED_EDGE('',*,*,#7966,.F.);
#7966 = EDGE_CURVE('',#7967,#7959,#7969,.T.);
#7967 = VERTEX_POINT('',#7968);
#7968 = CARTESIAN_POINT('',(85.999892,-66.99991,0.11));
#7969 = CIRCLE('',#7970,1.99999850585);
#7970 = AXIS2_PLACEMENT_3D('',#7971,#7972,#7973);
#7971 = CARTESIAN_POINT('',(87.99989050585,-66.99991149415,0.11));
#7972 = DIRECTION('',(0.,0.,1.));
#7973 = DIRECTION('',(-1.,7.470757491648E-07,0.));
#7974 = ORIENTED_EDGE('',*,*,#7975,.F.);
#7975 = EDGE_CURVE('',#7916,#7967,#7976,.T.);
#7976 = LINE('',#7977,#7978);
#7977 = CARTESIAN_POINT('',(85.999892,-64.99991,0.11));
#7978 = VECTOR('',#7979,1.);
#7979 = DIRECTION('',(0.,-1.,0.));
#7980 = FACE_BOUND('',#7981,.T.);
#7981 = EDGE_LOOP('',(#7982));
#7982 = ORIENTED_EDGE('',*,*,#7983,.F.);
#7983 = EDGE_CURVE('',#7984,#7984,#7986,.T.);
#7984 = VERTEX_POINT('',#7985);
#7985 = CARTESIAN_POINT('',(94.499892,-70.49991,0.11));
#7986 = CIRCLE('',#7987,0.5);
#7987 = AXIS2_PLACEMENT_3D('',#7988,#7989,#7990);
#7988 = CARTESIAN_POINT('',(93.999892,-70.49991,0.11));
#7989 = DIRECTION('',(0.,0.,1.));
#7990 = DIRECTION('',(1.,0.,-0.));
#7991 = FACE_BOUND('',#7992,.T.);
#7992 = EDGE_LOOP('',(#7993));
#7993 = ORIENTED_EDGE('',*,*,#7994,.F.);
#7994 = EDGE_CURVE('',#7995,#7995,#7997,.T.);
#7995 = VERTEX_POINT('',#7996);
#7996 = CARTESIAN_POINT('',(97.499892,-70.49991,0.11));
#7997 = CIRCLE('',#7998,0.5);
#7998 = AXIS2_PLACEMENT_3D('',#7999,#8000,#8001);
#7999 = CARTESIAN_POINT('',(96.999892,-70.49991,0.11));
#8000 = DIRECTION('',(0.,0.,1.));
#8001 = DIRECTION('',(1.,0.,-0.));
#8002 = FACE_BOUND('',#8003,.T.);
#8003 = EDGE_LOOP('',(#8004));
#8004 = ORIENTED_EDGE('',*,*,#8005,.F.);
#8005 = EDGE_CURVE('',#8006,#8006,#8008,.T.);
#8006 = VERTEX_POINT('',#8007);
#8007 = CARTESIAN_POINT('',(95.999892,-68.99991,0.11));
#8008 = CIRCLE('',#8009,0.5);
#8009 = AXIS2_PLACEMENT_3D('',#8010,#8011,#8012);
#8010 = CARTESIAN_POINT('',(95.499892,-68.99991,0.11));
#8011 = DIRECTION('',(0.,0.,1.));
#8012 = DIRECTION('',(1.,0.,-0.));
#8013 = FACE_BOUND('',#8014,.T.);
#8014 = EDGE_LOOP('',(#8015));
#8015 = ORIENTED_EDGE('',*,*,#8016,.F.);
#8016 = EDGE_CURVE('',#8017,#8017,#8019,.T.);
#8017 = VERTEX_POINT('',#8018);
#8018 = CARTESIAN_POINT('',(95.999892,-65.99991,0.11));
#8019 = CIRCLE('',#8020,0.5);
#8020 = AXIS2_PLACEMENT_3D('',#8021,#8022,#8023);
#8021 = CARTESIAN_POINT('',(95.499892,-65.99991,0.11));
#8022 = DIRECTION('',(0.,0.,1.));
#8023 = DIRECTION('',(1.,0.,-0.));
#8024 = FACE_BOUND('',#8025,.T.);
#8025 = EDGE_LOOP('',(#8026));
#8026 = ORIENTED_EDGE('',*,*,#8027,.F.);
#8027 = EDGE_CURVE('',#8028,#8028,#8030,.T.);
#8028 = VERTEX_POINT('',#8029);
#8029 = CARTESIAN_POINT('',(107.999892,-77.99991,0.11));
#8030 = CIRCLE('',#8031,0.5);
#8031 = AXIS2_PLACEMENT_3D('',#8032,#8033,#8034);
#8032 = CARTESIAN_POINT('',(107.499892,-77.99991,0.11));
#8033 = DIRECTION('',(0.,0.,1.));
#8034 = DIRECTION('',(1.,0.,-0.));
#8035 = FACE_BOUND('',#8036,.T.);
#8036 = EDGE_LOOP('',(#8037));
#8037 = ORIENTED_EDGE('',*,*,#8038,.F.);
#8038 = EDGE_CURVE('',#8039,#8039,#8041,.T.);
#8039 = VERTEX_POINT('',#8040);
#8040 = CARTESIAN_POINT('',(107.999892,-74.99991,0.11));
#8041 = CIRCLE('',#8042,0.5);
#8042 = AXIS2_PLACEMENT_3D('',#8043,#8044,#8045);
#8043 = CARTESIAN_POINT('',(107.499892,-74.99991,0.11));
#8044 = DIRECTION('',(0.,0.,1.));
#8045 = DIRECTION('',(1.,0.,-0.));
#8046 = FACE_BOUND('',#8047,.T.);
#8047 = EDGE_LOOP('',(#8048,#8059,#8067,#8076,#8084,#8093,#8101,#8110));
#8048 = ORIENTED_EDGE('',*,*,#8049,.F.);
#8049 = EDGE_CURVE('',#8050,#8052,#8054,.T.);
#8050 = VERTEX_POINT('',#8051);
#8051 = CARTESIAN_POINT('',(99.999892,-62.99991,0.11));
#8052 = VERTEX_POINT('',#8053);
#8053 = CARTESIAN_POINT('',(97.999892,-64.99991,0.11));
#8054 = CIRCLE('',#8055,1.99999850585);
#8055 = AXIS2_PLACEMENT_3D('',#8056,#8057,#8058);
#8056 = CARTESIAN_POINT('',(99.99989050585,-64.99990850585,0.11));
#8057 = DIRECTION('',(0.,0.,1.));
#8058 = DIRECTION('',(7.470757420593E-07,1.,-0.));
#8059 = ORIENTED_EDGE('',*,*,#8060,.F.);
#8060 = EDGE_CURVE('',#8061,#8050,#8063,.T.);
#8061 = VERTEX_POINT('',#8062);
#8062 = CARTESIAN_POINT('',(102.999892,-62.99991,0.11));
#8063 = LINE('',#8064,#8065);
#8064 = CARTESIAN_POINT('',(102.999892,-62.99991,0.11));
#8065 = VECTOR('',#8066,1.);
#8066 = DIRECTION('',(-1.,0.,0.));
#8067 = ORIENTED_EDGE('',*,*,#8068,.F.);
#8068 = EDGE_CURVE('',#8069,#8061,#8071,.T.);
#8069 = VERTEX_POINT('',#8070);
#8070 = CARTESIAN_POINT('',(104.999892,-64.99991,0.11));
#8071 = CIRCLE('',#8072,1.99999850585);
#8072 = AXIS2_PLACEMENT_3D('',#8073,#8074,#8075);
#8073 = CARTESIAN_POINT('',(102.99989349415,-64.99990850585,0.11));
#8074 = DIRECTION('',(0.,0.,1.));
#8075 = DIRECTION('',(1.,-7.470757491648E-07,0.));
#8076 = ORIENTED_EDGE('',*,*,#8077,.F.);
#8077 = EDGE_CURVE('',#8078,#8069,#8080,.T.);
#8078 = VERTEX_POINT('',#8079);
#8079 = CARTESIAN_POINT('',(104.999892,-66.99991,0.11));
#8080 = LINE('',#8081,#8082);
#8081 = CARTESIAN_POINT('',(104.999892,-66.99991,0.11));
#8082 = VECTOR('',#8083,1.);
#8083 = DIRECTION('',(0.,1.,0.));
#8084 = ORIENTED_EDGE('',*,*,#8085,.F.);
#8085 = EDGE_CURVE('',#8086,#8078,#8088,.T.);
#8086 = VERTEX_POINT('',#8087);
#8087 = CARTESIAN_POINT('',(102.999892,-68.99991,0.11));
#8088 = CIRCLE('',#8089,1.99999850585);
#8089 = AXIS2_PLACEMENT_3D('',#8090,#8091,#8092);
#8090 = CARTESIAN_POINT('',(102.99989349415,-66.99991149415,0.11));
#8091 = DIRECTION('',(0.,0.,1.));
#8092 = DIRECTION('',(-7.470757420593E-07,-1.,0.));
#8093 = ORIENTED_EDGE('',*,*,#8094,.F.);
#8094 = EDGE_CURVE('',#8095,#8086,#8097,.T.);
#8095 = VERTEX_POINT('',#8096);
#8096 = CARTESIAN_POINT('',(99.999892,-68.99991,0.11));
#8097 = LINE('',#8098,#8099);
#8098 = CARTESIAN_POINT('',(99.999892,-68.99991,0.11));
#8099 = VECTOR('',#8100,1.);
#8100 = DIRECTION('',(1.,0.,0.));
#8101 = ORIENTED_EDGE('',*,*,#8102,.F.);
#8102 = EDGE_CURVE('',#8103,#8095,#8105,.T.);
#8103 = VERTEX_POINT('',#8104);
#8104 = CARTESIAN_POINT('',(97.999892,-66.99991,0.11));
#8105 = CIRCLE('',#8106,1.99999850585);
#8106 = AXIS2_PLACEMENT_3D('',#8107,#8108,#8109);
#8107 = CARTESIAN_POINT('',(99.99989050585,-66.99991149415,0.11));
#8108 = DIRECTION('',(0.,0.,1.));
#8109 = DIRECTION('',(-1.,7.470757491648E-07,0.));
#8110 = ORIENTED_EDGE('',*,*,#8111,.F.);
#8111 = EDGE_CURVE('',#8052,#8103,#8112,.T.);
#8112 = LINE('',#8113,#8114);
#8113 = CARTESIAN_POINT('',(97.999892,-64.99991,0.11));
#8114 = VECTOR('',#8115,1.);
#8115 = DIRECTION('',(0.,-1.,0.));
#8116 = FACE_BOUND('',#8117,.T.);
#8117 = EDGE_LOOP('',(#8118));
#8118 = ORIENTED_EDGE('',*,*,#8119,.F.);
#8119 = EDGE_CURVE('',#8120,#8120,#8122,.T.);
#8120 = VERTEX_POINT('',#8121);
#8121 = CARTESIAN_POINT('',(106.499892,-70.49991,0.11));
#8122 = CIRCLE('',#8123,0.5);
#8123 = AXIS2_PLACEMENT_3D('',#8124,#8125,#8126);
#8124 = CARTESIAN_POINT('',(105.999892,-70.49991,0.11));
#8125 = DIRECTION('',(0.,0.,1.));
#8126 = DIRECTION('',(1.,0.,-0.));
#8127 = FACE_BOUND('',#8128,.T.);
#8128 = EDGE_LOOP('',(#8129));
#8129 = ORIENTED_EDGE('',*,*,#8130,.F.);
#8130 = EDGE_CURVE('',#8131,#8131,#8133,.T.);
#8131 = VERTEX_POINT('',#8132);
#8132 = CARTESIAN_POINT('',(109.499892,-70.49991,0.11));
#8133 = CIRCLE('',#8134,0.5);
#8134 = AXIS2_PLACEMENT_3D('',#8135,#8136,#8137);
#8135 = CARTESIAN_POINT('',(108.999892,-70.49991,0.11));
#8136 = DIRECTION('',(0.,0.,1.));
#8137 = DIRECTION('',(1.,0.,-0.));
#8138 = FACE_BOUND('',#8139,.T.);
#8139 = EDGE_LOOP('',(#8140));
#8140 = ORIENTED_EDGE('',*,*,#8141,.F.);
#8141 = EDGE_CURVE('',#8142,#8142,#8144,.T.);
#8142 = VERTEX_POINT('',#8143);
#8143 = CARTESIAN_POINT('',(107.999892,-68.99991,0.11));
#8144 = CIRCLE('',#8145,0.5);
#8145 = AXIS2_PLACEMENT_3D('',#8146,#8147,#8148);
#8146 = CARTESIAN_POINT('',(107.499892,-68.99991,0.11));
#8147 = DIRECTION('',(0.,0.,1.));
#8148 = DIRECTION('',(1.,0.,-0.));
#8149 = FACE_BOUND('',#8150,.T.);
#8150 = EDGE_LOOP('',(#8151));
#8151 = ORIENTED_EDGE('',*,*,#8152,.F.);
#8152 = EDGE_CURVE('',#8153,#8153,#8155,.T.);
#8153 = VERTEX_POINT('',#8154);
#8154 = CARTESIAN_POINT('',(107.999892,-65.99991,0.11));
#8155 = CIRCLE('',#8156,0.5);
#8156 = AXIS2_PLACEMENT_3D('',#8157,#8158,#8159);
#8157 = CARTESIAN_POINT('',(107.499892,-65.99991,0.11));
#8158 = DIRECTION('',(0.,0.,1.));
#8159 = DIRECTION('',(1.,0.,-0.));
#8160 = FACE_BOUND('',#8161,.T.);
#8161 = EDGE_LOOP('',(#8162));
#8162 = ORIENTED_EDGE('',*,*,#8163,.F.);
#8163 = EDGE_CURVE('',#8164,#8164,#8166,.T.);
#8164 = VERTEX_POINT('',#8165);
#8165 = CARTESIAN_POINT('',(23.999891,-62.99991,0.11));
#8166 = CIRCLE('',#8167,0.499999);
#8167 = AXIS2_PLACEMENT_3D('',#8168,#8169,#8170);
#8168 = CARTESIAN_POINT('',(23.499892,-62.99991,0.11));
#8169 = DIRECTION('',(0.,0.,1.));
#8170 = DIRECTION('',(1.,0.,-0.));
#8171 = FACE_BOUND('',#8172,.T.);
#8172 = EDGE_LOOP('',(#8173));
#8173 = ORIENTED_EDGE('',*,*,#8174,.F.);
#8174 = EDGE_CURVE('',#8175,#8175,#8177,.T.);
#8175 = VERTEX_POINT('',#8176);
#8176 = CARTESIAN_POINT('',(22.499892,-61.49991,0.11));
#8177 = CIRCLE('',#8178,0.5);
#8178 = AXIS2_PLACEMENT_3D('',#8179,#8180,#8181);
#8179 = CARTESIAN_POINT('',(21.999892,-61.49991,0.11));
#8180 = DIRECTION('',(0.,0.,1.));
#8181 = DIRECTION('',(1.,0.,-0.));
#8182 = FACE_BOUND('',#8183,.T.);
#8183 = EDGE_LOOP('',(#8184));
#8184 = ORIENTED_EDGE('',*,*,#8185,.F.);
#8185 = EDGE_CURVE('',#8186,#8186,#8188,.T.);
#8186 = VERTEX_POINT('',#8187);
#8187 = CARTESIAN_POINT('',(25.499892,-61.49991,0.11));
#8188 = CIRCLE('',#8189,0.5);
#8189 = AXIS2_PLACEMENT_3D('',#8190,#8191,#8192);
#8190 = CARTESIAN_POINT('',(24.999892,-61.49991,0.11));
#8191 = DIRECTION('',(0.,0.,1.));
#8192 = DIRECTION('',(1.,0.,-0.));
#8193 = FACE_BOUND('',#8194,.T.);
#8194 = EDGE_LOOP('',(#8195));
#8195 = ORIENTED_EDGE('',*,*,#8196,.F.);
#8196 = EDGE_CURVE('',#8197,#8197,#8199,.T.);
#8197 = VERTEX_POINT('',#8198);
#8198 = CARTESIAN_POINT('',(23.999892,-56.99991,0.11));
#8199 = CIRCLE('',#8200,0.5);
#8200 = AXIS2_PLACEMENT_3D('',#8201,#8202,#8203);
#8201 = CARTESIAN_POINT('',(23.499892,-56.99991,0.11));
#8202 = DIRECTION('',(0.,0.,1.));
#8203 = DIRECTION('',(1.,0.,-0.));
#8204 = FACE_BOUND('',#8205,.T.);
#8205 = EDGE_LOOP('',(#8206));
#8206 = ORIENTED_EDGE('',*,*,#8207,.F.);
#8207 = EDGE_CURVE('',#8208,#8208,#8210,.T.);
#8208 = VERTEX_POINT('',#8209);
#8209 = CARTESIAN_POINT('',(23.999892,-53.99991,0.11));
#8210 = CIRCLE('',#8211,0.5);
#8211 = AXIS2_PLACEMENT_3D('',#8212,#8213,#8214);
#8212 = CARTESIAN_POINT('',(23.499892,-53.99991,0.11));
#8213 = DIRECTION('',(0.,0.,1.));
#8214 = DIRECTION('',(1.,0.,-0.));
#8215 = FACE_BOUND('',#8216,.T.);
#8216 = EDGE_LOOP('',(#8217));
#8217 = ORIENTED_EDGE('',*,*,#8218,.F.);
#8218 = EDGE_CURVE('',#8219,#8219,#8221,.T.);
#8219 = VERTEX_POINT('',#8220);
#8220 = CARTESIAN_POINT('',(35.999892,-62.99991,0.11));
#8221 = CIRCLE('',#8222,0.5);
#8222 = AXIS2_PLACEMENT_3D('',#8223,#8224,#8225);
#8223 = CARTESIAN_POINT('',(35.499892,-62.99991,0.11));
#8224 = DIRECTION('',(0.,0.,1.));
#8225 = DIRECTION('',(1.,0.,-0.));
#8226 = FACE_BOUND('',#8227,.T.);
#8227 = EDGE_LOOP('',(#8228));
#8228 = ORIENTED_EDGE('',*,*,#8229,.F.);
#8229 = EDGE_CURVE('',#8230,#8230,#8232,.T.);
#8230 = VERTEX_POINT('',#8231);
#8231 = CARTESIAN_POINT('',(34.499892,-60.99991,0.11));
#8232 = CIRCLE('',#8233,0.5);
#8233 = AXIS2_PLACEMENT_3D('',#8234,#8235,#8236);
#8234 = CARTESIAN_POINT('',(33.999892,-60.99991,0.11));
#8235 = DIRECTION('',(0.,0.,1.));
#8236 = DIRECTION('',(1.,0.,-0.));
#8237 = FACE_BOUND('',#8238,.T.);
#8238 = EDGE_LOOP('',(#8239));
#8239 = ORIENTED_EDGE('',*,*,#8240,.F.);
#8240 = EDGE_CURVE('',#8241,#8241,#8243,.T.);
#8241 = VERTEX_POINT('',#8242);
#8242 = CARTESIAN_POINT('',(37.499892,-60.99991,0.11));
#8243 = CIRCLE('',#8244,0.5);
#8244 = AXIS2_PLACEMENT_3D('',#8245,#8246,#8247);
#8245 = CARTESIAN_POINT('',(36.999892,-60.99991,0.11));
#8246 = DIRECTION('',(0.,0.,1.));
#8247 = DIRECTION('',(1.,0.,-0.));
#8248 = FACE_BOUND('',#8249,.T.);
#8249 = EDGE_LOOP('',(#8250));
#8250 = ORIENTED_EDGE('',*,*,#8251,.F.);
#8251 = EDGE_CURVE('',#8252,#8252,#8254,.T.);
#8252 = VERTEX_POINT('',#8253);
#8253 = CARTESIAN_POINT('',(35.999892,-56.99991,0.11));
#8254 = CIRCLE('',#8255,0.5);
#8255 = AXIS2_PLACEMENT_3D('',#8256,#8257,#8258);
#8256 = CARTESIAN_POINT('',(35.499892,-56.99991,0.11));
#8257 = DIRECTION('',(0.,0.,1.));
#8258 = DIRECTION('',(1.,0.,-0.));
#8259 = FACE_BOUND('',#8260,.T.);
#8260 = EDGE_LOOP('',(#8261));
#8261 = ORIENTED_EDGE('',*,*,#8262,.F.);
#8262 = EDGE_CURVE('',#8263,#8263,#8265,.T.);
#8263 = VERTEX_POINT('',#8264);
#8264 = CARTESIAN_POINT('',(35.999892,-53.99991,0.11));
#8265 = CIRCLE('',#8266,0.5);
#8266 = AXIS2_PLACEMENT_3D('',#8267,#8268,#8269);
#8267 = CARTESIAN_POINT('',(35.499892,-53.99991,0.11));
#8268 = DIRECTION('',(0.,0.,1.));
#8269 = DIRECTION('',(1.,0.,-0.));
#8270 = FACE_BOUND('',#8271,.T.);
#8271 = EDGE_LOOP('',(#8272));
#8272 = ORIENTED_EDGE('',*,*,#8273,.F.);
#8273 = EDGE_CURVE('',#8274,#8274,#8276,.T.);
#8274 = VERTEX_POINT('',#8275);
#8275 = CARTESIAN_POINT('',(23.999892,-50.99991,0.11));
#8276 = CIRCLE('',#8277,0.5);
#8277 = AXIS2_PLACEMENT_3D('',#8278,#8279,#8280);
#8278 = CARTESIAN_POINT('',(23.499892,-50.99991,0.11));
#8279 = DIRECTION('',(0.,0.,1.));
#8280 = DIRECTION('',(1.,0.,-0.));
#8281 = FACE_BOUND('',#8282,.T.);
#8282 = EDGE_LOOP('',(#8283));
#8283 = ORIENTED_EDGE('',*,*,#8284,.F.);
#8284 = EDGE_CURVE('',#8285,#8285,#8287,.T.);
#8285 = VERTEX_POINT('',#8286);
#8286 = CARTESIAN_POINT('',(23.999892,-47.99991,0.11));
#8287 = CIRCLE('',#8288,0.5);
#8288 = AXIS2_PLACEMENT_3D('',#8289,#8290,#8291);
#8289 = CARTESIAN_POINT('',(23.499892,-47.99991,0.11));
#8290 = DIRECTION('',(0.,0.,1.));
#8291 = DIRECTION('',(1.,0.,-0.));
#8292 = FACE_BOUND('',#8293,.T.);
#8293 = EDGE_LOOP('',(#8294,#8304,#8312,#8320,#8328,#8337,#8345));
#8294 = ORIENTED_EDGE('',*,*,#8295,.F.);
#8295 = EDGE_CURVE('',#8296,#8298,#8300,.T.);
#8296 = VERTEX_POINT('',#8297);
#8297 = CARTESIAN_POINT('',(25.999892,-46.99991,0.11));
#8298 = VERTEX_POINT('',#8299);
#8299 = CARTESIAN_POINT('',(25.999892,-56.99991,0.11));
#8300 = LINE('',#8301,#8302);
#8301 = CARTESIAN_POINT('',(25.999892,-46.99991,0.11));
#8302 = VECTOR('',#8303,1.);
#8303 = DIRECTION('',(0.,-1.,0.));
#8304 = ORIENTED_EDGE('',*,*,#8305,.F.);
#8305 = EDGE_CURVE('',#8306,#8296,#8308,.T.);
#8306 = VERTEX_POINT('',#8307);
#8307 = CARTESIAN_POINT('',(25.999892,-45.99991,0.11));
#8308 = LINE('',#8309,#8310);
#8309 = CARTESIAN_POINT('',(25.999892,-45.99991,0.11));
#8310 = VECTOR('',#8311,1.);
#8311 = DIRECTION('',(0.,-1.,0.));
#8312 = ORIENTED_EDGE('',*,*,#8313,.F.);
#8313 = EDGE_CURVE('',#8314,#8306,#8316,.T.);
#8314 = VERTEX_POINT('',#8315);
#8315 = CARTESIAN_POINT('',(32.999892,-45.99991,0.11));
#8316 = LINE('',#8317,#8318);
#8317 = CARTESIAN_POINT('',(32.999892,-45.99991,0.11));
#8318 = VECTOR('',#8319,1.);
#8319 = DIRECTION('',(-1.,0.,0.));
#8320 = ORIENTED_EDGE('',*,*,#8321,.F.);
#8321 = EDGE_CURVE('',#8322,#8314,#8324,.T.);
#8322 = VERTEX_POINT('',#8323);
#8323 = CARTESIAN_POINT('',(32.999892,-56.99991,0.11));
#8324 = LINE('',#8325,#8326);
#8325 = CARTESIAN_POINT('',(32.999892,-56.99991,0.11));
#8326 = VECTOR('',#8327,1.);
#8327 = DIRECTION('',(0.,1.,0.));
#8328 = ORIENTED_EDGE('',*,*,#8329,.F.);
#8329 = EDGE_CURVE('',#8330,#8322,#8332,.T.);
#8330 = VERTEX_POINT('',#8331);
#8331 = CARTESIAN_POINT('',(30.999892,-58.99991,0.11));
#8332 = CIRCLE('',#8333,1.99999850585);
#8333 = AXIS2_PLACEMENT_3D('',#8334,#8335,#8336);
#8334 = CARTESIAN_POINT('',(30.99989349415,-56.99991149415,0.11));
#8335 = DIRECTION('',(0.,0.,1.));
#8336 = DIRECTION('',(-7.470757385066E-07,-1.,0.));
#8337 = ORIENTED_EDGE('',*,*,#8338,.F.);
#8338 = EDGE_CURVE('',#8339,#8330,#8341,.T.);
#8339 = VERTEX_POINT('',#8340);
#8340 = CARTESIAN_POINT('',(27.999892,-58.99991,0.11));
#8341 = LINE('',#8342,#8343);
#8342 = CARTESIAN_POINT('',(27.999892,-58.99991,0.11));
#8343 = VECTOR('',#8344,1.);
#8344 = DIRECTION('',(1.,0.,0.));
#8345 = ORIENTED_EDGE('',*,*,#8346,.F.);
#8346 = EDGE_CURVE('',#8298,#8339,#8347,.T.);
#8347 = CIRCLE('',#8348,1.99999850585);
#8348 = AXIS2_PLACEMENT_3D('',#8349,#8350,#8351);
#8349 = CARTESIAN_POINT('',(27.99989050585,-56.99991149415,0.11));
#8350 = DIRECTION('',(0.,0.,1.));
#8351 = DIRECTION('',(-1.,7.470757385066E-07,0.));
#8352 = FACE_BOUND('',#8353,.T.);
#8353 = EDGE_LOOP('',(#8354));
#8354 = ORIENTED_EDGE('',*,*,#8355,.T.);
#8355 = EDGE_CURVE('',#8356,#8356,#8358,.T.);
#8356 = VERTEX_POINT('',#8357);
#8357 = CARTESIAN_POINT('',(23.649892,-45.59991,0.11));
#8358 = CIRCLE('',#8359,0.6);
#8359 = AXIS2_PLACEMENT_3D('',#8360,#8361,#8362);
#8360 = CARTESIAN_POINT('',(23.649892,-44.99991,0.11));
#8361 = DIRECTION('',(-0.,0.,-1.));
#8362 = DIRECTION('',(-0.,-1.,0.));
#8363 = FACE_BOUND('',#8364,.T.);
#8364 = EDGE_LOOP('',(#8365));
#8365 = ORIENTED_EDGE('',*,*,#8366,.F.);
#8366 = EDGE_CURVE('',#8367,#8367,#8369,.T.);
#8367 = VERTEX_POINT('',#8368);
#8368 = CARTESIAN_POINT('',(35.999892,-50.99991,0.11));
#8369 = CIRCLE('',#8370,0.5);
#8370 = AXIS2_PLACEMENT_3D('',#8371,#8372,#8373);
#8371 = CARTESIAN_POINT('',(35.499892,-50.99991,0.11));
#8372 = DIRECTION('',(0.,0.,1.));
#8373 = DIRECTION('',(1.,0.,-0.));
#8374 = FACE_BOUND('',#8375,.T.);
#8375 = EDGE_LOOP('',(#8376));
#8376 = ORIENTED_EDGE('',*,*,#8377,.F.);
#8377 = EDGE_CURVE('',#8378,#8378,#8380,.T.);
#8378 = VERTEX_POINT('',#8379);
#8379 = CARTESIAN_POINT('',(35.999892,-47.99991,0.11));
#8380 = CIRCLE('',#8381,0.5);
#8381 = AXIS2_PLACEMENT_3D('',#8382,#8383,#8384);
#8382 = CARTESIAN_POINT('',(35.499892,-47.99991,0.11));
#8383 = DIRECTION('',(0.,0.,1.));
#8384 = DIRECTION('',(1.,0.,-0.));
#8385 = FACE_BOUND('',#8386,.T.);
#8386 = EDGE_LOOP('',(#8387,#8397,#8405,#8413,#8421,#8430,#8438));
#8387 = ORIENTED_EDGE('',*,*,#8388,.F.);
#8388 = EDGE_CURVE('',#8389,#8391,#8393,.T.);
#8389 = VERTEX_POINT('',#8390);
#8390 = CARTESIAN_POINT('',(37.999892,-46.99991,0.11));
#8391 = VERTEX_POINT('',#8392);
#8392 = CARTESIAN_POINT('',(37.999892,-56.99991,0.11));
#8393 = LINE('',#8394,#8395);
#8394 = CARTESIAN_POINT('',(37.999892,-46.99991,0.11));
#8395 = VECTOR('',#8396,1.);
#8396 = DIRECTION('',(0.,-1.,0.));
#8397 = ORIENTED_EDGE('',*,*,#8398,.F.);
#8398 = EDGE_CURVE('',#8399,#8389,#8401,.T.);
#8399 = VERTEX_POINT('',#8400);
#8400 = CARTESIAN_POINT('',(37.999892,-45.99991,0.11));
#8401 = LINE('',#8402,#8403);
#8402 = CARTESIAN_POINT('',(37.999892,-45.99991,0.11));
#8403 = VECTOR('',#8404,1.);
#8404 = DIRECTION('',(0.,-1.,0.));
#8405 = ORIENTED_EDGE('',*,*,#8406,.F.);
#8406 = EDGE_CURVE('',#8407,#8399,#8409,.T.);
#8407 = VERTEX_POINT('',#8408);
#8408 = CARTESIAN_POINT('',(44.999892,-45.99991,0.11));
#8409 = LINE('',#8410,#8411);
#8410 = CARTESIAN_POINT('',(44.999892,-45.99991,0.11));
#8411 = VECTOR('',#8412,1.);
#8412 = DIRECTION('',(-1.,0.,0.));
#8413 = ORIENTED_EDGE('',*,*,#8414,.F.);
#8414 = EDGE_CURVE('',#8415,#8407,#8417,.T.);
#8415 = VERTEX_POINT('',#8416);
#8416 = CARTESIAN_POINT('',(44.999892,-56.99991,0.11));
#8417 = LINE('',#8418,#8419);
#8418 = CARTESIAN_POINT('',(44.999892,-56.99991,0.11));
#8419 = VECTOR('',#8420,1.);
#8420 = DIRECTION('',(0.,1.,0.));
#8421 = ORIENTED_EDGE('',*,*,#8422,.F.);
#8422 = EDGE_CURVE('',#8423,#8415,#8425,.T.);
#8423 = VERTEX_POINT('',#8424);
#8424 = CARTESIAN_POINT('',(42.999892,-58.99991,0.11));
#8425 = CIRCLE('',#8426,1.99999850585);
#8426 = AXIS2_PLACEMENT_3D('',#8427,#8428,#8429);
#8427 = CARTESIAN_POINT('',(42.99989349415,-56.99991149415,0.11));
#8428 = DIRECTION('',(0.,0.,1.));
#8429 = DIRECTION('',(-7.470757349539E-07,-1.,0.));
#8430 = ORIENTED_EDGE('',*,*,#8431,.F.);
#8431 = EDGE_CURVE('',#8432,#8423,#8434,.T.);
#8432 = VERTEX_POINT('',#8433);
#8433 = CARTESIAN_POINT('',(39.999892,-58.99991,0.11));
#8434 = LINE('',#8435,#8436);
#8435 = CARTESIAN_POINT('',(39.999892,-58.99991,0.11));
#8436 = VECTOR('',#8437,1.);
#8437 = DIRECTION('',(1.,0.,0.));
#8438 = ORIENTED_EDGE('',*,*,#8439,.F.);
#8439 = EDGE_CURVE('',#8391,#8432,#8440,.T.);
#8440 = CIRCLE('',#8441,1.99999850585);
#8441 = AXIS2_PLACEMENT_3D('',#8442,#8443,#8444);
#8442 = CARTESIAN_POINT('',(39.99989050585,-56.99991149415,0.11));
#8443 = DIRECTION('',(0.,0.,1.));
#8444 = DIRECTION('',(-1.,7.470757420593E-07,0.));
#8445 = FACE_BOUND('',#8446,.T.);
#8446 = EDGE_LOOP('',(#8447));
#8447 = ORIENTED_EDGE('',*,*,#8448,.T.);
#8448 = EDGE_CURVE('',#8449,#8449,#8451,.T.);
#8449 = VERTEX_POINT('',#8450);
#8450 = CARTESIAN_POINT('',(35.628463,-45.599909,0.11));
#8451 = CIRCLE('',#8452,0.6);
#8452 = AXIS2_PLACEMENT_3D('',#8453,#8454,#8455);
#8453 = CARTESIAN_POINT('',(35.628463,-44.999909,0.11));
#8454 = DIRECTION('',(-0.,0.,-1.));
#8455 = DIRECTION('',(1.184237892933E-14,-1.,-0.));
#8456 = FACE_BOUND('',#8457,.T.);
#8457 = EDGE_LOOP('',(#8458));
#8458 = ORIENTED_EDGE('',*,*,#8459,.F.);
#8459 = EDGE_CURVE('',#8460,#8460,#8462,.T.);
#8460 = VERTEX_POINT('',#8461);
#8461 = CARTESIAN_POINT('',(47.999891,-62.99991,0.11));
#8462 = CIRCLE('',#8463,0.499999);
#8463 = AXIS2_PLACEMENT_3D('',#8464,#8465,#8466);
#8464 = CARTESIAN_POINT('',(47.499892,-62.99991,0.11));
#8465 = DIRECTION('',(0.,0.,1.));
#8466 = DIRECTION('',(1.,0.,-0.));
#8467 = FACE_BOUND('',#8468,.T.);
#8468 = EDGE_LOOP('',(#8469));
#8469 = ORIENTED_EDGE('',*,*,#8470,.F.);
#8470 = EDGE_CURVE('',#8471,#8471,#8473,.T.);
#8471 = VERTEX_POINT('',#8472);
#8472 = CARTESIAN_POINT('',(46.499892,-61.49991,0.11));
#8473 = CIRCLE('',#8474,0.5);
#8474 = AXIS2_PLACEMENT_3D('',#8475,#8476,#8477);
#8475 = CARTESIAN_POINT('',(45.999892,-61.49991,0.11));
#8476 = DIRECTION('',(0.,0.,1.));
#8477 = DIRECTION('',(1.,0.,-0.));
#8478 = FACE_BOUND('',#8479,.T.);
#8479 = EDGE_LOOP('',(#8480));
#8480 = ORIENTED_EDGE('',*,*,#8481,.F.);
#8481 = EDGE_CURVE('',#8482,#8482,#8484,.T.);
#8482 = VERTEX_POINT('',#8483);
#8483 = CARTESIAN_POINT('',(49.499892,-61.49991,0.11));
#8484 = CIRCLE('',#8485,0.5);
#8485 = AXIS2_PLACEMENT_3D('',#8486,#8487,#8488);
#8486 = CARTESIAN_POINT('',(48.999892,-61.49991,0.11));
#8487 = DIRECTION('',(0.,0.,1.));
#8488 = DIRECTION('',(1.,0.,-0.));
#8489 = FACE_BOUND('',#8490,.T.);
#8490 = EDGE_LOOP('',(#8491));
#8491 = ORIENTED_EDGE('',*,*,#8492,.F.);
#8492 = EDGE_CURVE('',#8493,#8493,#8495,.T.);
#8493 = VERTEX_POINT('',#8494);
#8494 = CARTESIAN_POINT('',(47.999892,-56.99991,0.11));
#8495 = CIRCLE('',#8496,0.5);
#8496 = AXIS2_PLACEMENT_3D('',#8497,#8498,#8499);
#8497 = CARTESIAN_POINT('',(47.499892,-56.99991,0.11));
#8498 = DIRECTION('',(0.,0.,1.));
#8499 = DIRECTION('',(1.,0.,-0.));
#8500 = FACE_BOUND('',#8501,.T.);
#8501 = EDGE_LOOP('',(#8502));
#8502 = ORIENTED_EDGE('',*,*,#8503,.F.);
#8503 = EDGE_CURVE('',#8504,#8504,#8506,.T.);
#8504 = VERTEX_POINT('',#8505);
#8505 = CARTESIAN_POINT('',(47.999892,-53.99991,0.11));
#8506 = CIRCLE('',#8507,0.5);
#8507 = AXIS2_PLACEMENT_3D('',#8508,#8509,#8510);
#8508 = CARTESIAN_POINT('',(47.499892,-53.99991,0.11));
#8509 = DIRECTION('',(0.,0.,1.));
#8510 = DIRECTION('',(1.,0.,-0.));
#8511 = FACE_BOUND('',#8512,.T.);
#8512 = EDGE_LOOP('',(#8513));
#8513 = ORIENTED_EDGE('',*,*,#8514,.F.);
#8514 = EDGE_CURVE('',#8515,#8515,#8517,.T.);
#8515 = VERTEX_POINT('',#8516);
#8516 = CARTESIAN_POINT('',(59.999892,-56.99991,0.11));
#8517 = CIRCLE('',#8518,0.5);
#8518 = AXIS2_PLACEMENT_3D('',#8519,#8520,#8521);
#8519 = CARTESIAN_POINT('',(59.499892,-56.99991,0.11));
#8520 = DIRECTION('',(0.,0.,1.));
#8521 = DIRECTION('',(1.,0.,-0.));
#8522 = FACE_BOUND('',#8523,.T.);
#8523 = EDGE_LOOP('',(#8524));
#8524 = ORIENTED_EDGE('',*,*,#8525,.F.);
#8525 = EDGE_CURVE('',#8526,#8526,#8528,.T.);
#8526 = VERTEX_POINT('',#8527);
#8527 = CARTESIAN_POINT('',(59.999892,-53.99991,0.11));
#8528 = CIRCLE('',#8529,0.5);
#8529 = AXIS2_PLACEMENT_3D('',#8530,#8531,#8532);
#8530 = CARTESIAN_POINT('',(59.499892,-53.99991,0.11));
#8531 = DIRECTION('',(0.,0.,1.));
#8532 = DIRECTION('',(1.,0.,-0.));
#8533 = FACE_BOUND('',#8534,.T.);
#8534 = EDGE_LOOP('',(#8535));
#8535 = ORIENTED_EDGE('',*,*,#8536,.F.);
#8536 = EDGE_CURVE('',#8537,#8537,#8539,.T.);
#8537 = VERTEX_POINT('',#8538);
#8538 = CARTESIAN_POINT('',(47.999892,-50.99991,0.11));
#8539 = CIRCLE('',#8540,0.5);
#8540 = AXIS2_PLACEMENT_3D('',#8541,#8542,#8543);
#8541 = CARTESIAN_POINT('',(47.499892,-50.99991,0.11));
#8542 = DIRECTION('',(0.,0.,1.));
#8543 = DIRECTION('',(1.,0.,-0.));
#8544 = FACE_BOUND('',#8545,.T.);
#8545 = EDGE_LOOP('',(#8546));
#8546 = ORIENTED_EDGE('',*,*,#8547,.F.);
#8547 = EDGE_CURVE('',#8548,#8548,#8550,.T.);
#8548 = VERTEX_POINT('',#8549);
#8549 = CARTESIAN_POINT('',(47.999892,-47.99991,0.11));
#8550 = CIRCLE('',#8551,0.5);
#8551 = AXIS2_PLACEMENT_3D('',#8552,#8553,#8554);
#8552 = CARTESIAN_POINT('',(47.499892,-47.99991,0.11));
#8553 = DIRECTION('',(0.,0.,1.));
#8554 = DIRECTION('',(1.,0.,-0.));
#8555 = FACE_BOUND('',#8556,.T.);
#8556 = EDGE_LOOP('',(#8557,#8567,#8575,#8583,#8591,#8600,#8608));
#8557 = ORIENTED_EDGE('',*,*,#8558,.F.);
#8558 = EDGE_CURVE('',#8559,#8561,#8563,.T.);
#8559 = VERTEX_POINT('',#8560);
#8560 = CARTESIAN_POINT('',(49.999892,-46.99991,0.11));
#8561 = VERTEX_POINT('',#8562);
#8562 = CARTESIAN_POINT('',(49.999892,-56.99991,0.11));
#8563 = LINE('',#8564,#8565);
#8564 = CARTESIAN_POINT('',(49.999892,-46.99991,0.11));
#8565 = VECTOR('',#8566,1.);
#8566 = DIRECTION('',(0.,-1.,0.));
#8567 = ORIENTED_EDGE('',*,*,#8568,.F.);
#8568 = EDGE_CURVE('',#8569,#8559,#8571,.T.);
#8569 = VERTEX_POINT('',#8570);
#8570 = CARTESIAN_POINT('',(49.999892,-45.99991,0.11));
#8571 = LINE('',#8572,#8573);
#8572 = CARTESIAN_POINT('',(49.999892,-45.99991,0.11));
#8573 = VECTOR('',#8574,1.);
#8574 = DIRECTION('',(0.,-1.,0.));
#8575 = ORIENTED_EDGE('',*,*,#8576,.F.);
#8576 = EDGE_CURVE('',#8577,#8569,#8579,.T.);
#8577 = VERTEX_POINT('',#8578);
#8578 = CARTESIAN_POINT('',(56.999892,-45.99991,0.11));
#8579 = LINE('',#8580,#8581);
#8580 = CARTESIAN_POINT('',(56.999892,-45.99991,0.11));
#8581 = VECTOR('',#8582,1.);
#8582 = DIRECTION('',(-1.,0.,0.));
#8583 = ORIENTED_EDGE('',*,*,#8584,.F.);
#8584 = EDGE_CURVE('',#8585,#8577,#8587,.T.);
#8585 = VERTEX_POINT('',#8586);
#8586 = CARTESIAN_POINT('',(56.999892,-56.99991,0.11));
#8587 = LINE('',#8588,#8589);
#8588 = CARTESIAN_POINT('',(56.999892,-56.99991,0.11));
#8589 = VECTOR('',#8590,1.);
#8590 = DIRECTION('',(0.,1.,0.));
#8591 = ORIENTED_EDGE('',*,*,#8592,.F.);
#8592 = EDGE_CURVE('',#8593,#8585,#8595,.T.);
#8593 = VERTEX_POINT('',#8594);
#8594 = CARTESIAN_POINT('',(54.999892,-58.99991,0.11));
#8595 = CIRCLE('',#8596,1.99999850585);
#8596 = AXIS2_PLACEMENT_3D('',#8597,#8598,#8599);
#8597 = CARTESIAN_POINT('',(54.99989349415,-56.99991149415,0.11));
#8598 = DIRECTION('',(0.,0.,1.));
#8599 = DIRECTION('',(-7.470757349539E-07,-1.,0.));
#8600 = ORIENTED_EDGE('',*,*,#8601,.F.);
#8601 = EDGE_CURVE('',#8602,#8593,#8604,.T.);
#8602 = VERTEX_POINT('',#8603);
#8603 = CARTESIAN_POINT('',(51.999892,-58.99991,0.11));
#8604 = LINE('',#8605,#8606);
#8605 = CARTESIAN_POINT('',(51.999892,-58.99991,0.11));
#8606 = VECTOR('',#8607,1.);
#8607 = DIRECTION('',(1.,0.,0.));
#8608 = ORIENTED_EDGE('',*,*,#8609,.F.);
#8609 = EDGE_CURVE('',#8561,#8602,#8610,.T.);
#8610 = CIRCLE('',#8611,1.99999850585);
#8611 = AXIS2_PLACEMENT_3D('',#8612,#8613,#8614);
#8612 = CARTESIAN_POINT('',(51.99989050585,-56.99991149415,0.11));
#8613 = DIRECTION('',(0.,0.,1.));
#8614 = DIRECTION('',(-1.,7.470757420593E-07,0.));
#8615 = FACE_BOUND('',#8616,.T.);
#8616 = EDGE_LOOP('',(#8617));
#8617 = ORIENTED_EDGE('',*,*,#8618,.T.);
#8618 = EDGE_CURVE('',#8619,#8619,#8621,.T.);
#8619 = VERTEX_POINT('',#8620);
#8620 = CARTESIAN_POINT('',(47.607034,-45.59991,0.11));
#8621 = CIRCLE('',#8622,0.6);
#8622 = AXIS2_PLACEMENT_3D('',#8623,#8624,#8625);
#8623 = CARTESIAN_POINT('',(47.607034,-44.99991,0.11));
#8624 = DIRECTION('',(-0.,0.,-1.));
#8625 = DIRECTION('',(-0.,-1.,0.));
#8626 = FACE_BOUND('',#8627,.T.);
#8627 = EDGE_LOOP('',(#8628));
#8628 = ORIENTED_EDGE('',*,*,#8629,.F.);
#8629 = EDGE_CURVE('',#8630,#8630,#8632,.T.);
#8630 = VERTEX_POINT('',#8631);
#8631 = CARTESIAN_POINT('',(59.999892,-50.99991,0.11));
#8632 = CIRCLE('',#8633,0.5);
#8633 = AXIS2_PLACEMENT_3D('',#8634,#8635,#8636);
#8634 = CARTESIAN_POINT('',(59.499892,-50.99991,0.11));
#8635 = DIRECTION('',(0.,0.,1.));
#8636 = DIRECTION('',(1.,0.,-0.));
#8637 = FACE_BOUND('',#8638,.T.);
#8638 = EDGE_LOOP('',(#8639));
#8639 = ORIENTED_EDGE('',*,*,#8640,.F.);
#8640 = EDGE_CURVE('',#8641,#8641,#8643,.T.);
#8641 = VERTEX_POINT('',#8642);
#8642 = CARTESIAN_POINT('',(59.999892,-47.99991,0.11));
#8643 = CIRCLE('',#8644,0.5);
#8644 = AXIS2_PLACEMENT_3D('',#8645,#8646,#8647);
#8645 = CARTESIAN_POINT('',(59.499892,-47.99991,0.11));
#8646 = DIRECTION('',(0.,0.,1.));
#8647 = DIRECTION('',(1.,0.,-0.));
#8648 = FACE_BOUND('',#8649,.T.);
#8649 = EDGE_LOOP('',(#8650));
#8650 = ORIENTED_EDGE('',*,*,#8651,.T.);
#8651 = EDGE_CURVE('',#8652,#8652,#8654,.T.);
#8652 = VERTEX_POINT('',#8653);
#8653 = CARTESIAN_POINT('',(59.585605,-45.599909,0.11));
#8654 = CIRCLE('',#8655,0.6);
#8655 = AXIS2_PLACEMENT_3D('',#8656,#8657,#8658);
#8656 = CARTESIAN_POINT('',(59.585605,-44.999909,0.11));
#8657 = DIRECTION('',(-0.,0.,-1.));
#8658 = DIRECTION('',(-0.,-1.,0.));
#8659 = FACE_BOUND('',#8660,.T.);
#8660 = EDGE_LOOP('',(#8661,#8671,#8679,#8687,#8695,#8703,#8711,#8719,
    #8727,#8735,#8743,#8751));
#8661 = ORIENTED_EDGE('',*,*,#8662,.F.);
#8662 = EDGE_CURVE('',#8663,#8665,#8667,.T.);
#8663 = VERTEX_POINT('',#8664);
#8664 = CARTESIAN_POINT('',(25.999892,-19.99991,0.11));
#8665 = VERTEX_POINT('',#8666);
#8666 = CARTESIAN_POINT('',(26.999892,-27.99991,0.11));
#8667 = LINE('',#8668,#8669);
#8668 = CARTESIAN_POINT('',(25.999892,-19.99991,0.11));
#8669 = VECTOR('',#8670,1.);
#8670 = DIRECTION('',(0.124034734589,-0.992277876714,0.));
#8671 = ORIENTED_EDGE('',*,*,#8672,.F.);
#8672 = EDGE_CURVE('',#8673,#8663,#8675,.T.);
#8673 = VERTEX_POINT('',#8674);
#8674 = CARTESIAN_POINT('',(25.999892,-18.99991,0.11));
#8675 = LINE('',#8676,#8677);
#8676 = CARTESIAN_POINT('',(25.999892,-18.99991,0.11));
#8677 = VECTOR('',#8678,1.);
#8678 = DIRECTION('',(0.,-1.,0.));
#8679 = ORIENTED_EDGE('',*,*,#8680,.F.);
#8680 = EDGE_CURVE('',#8681,#8673,#8683,.T.);
#8681 = VERTEX_POINT('',#8682);
#8682 = CARTESIAN_POINT('',(32.999892,-18.99991,0.11));
#8683 = LINE('',#8684,#8685);
#8684 = CARTESIAN_POINT('',(32.999892,-18.99991,0.11));
#8685 = VECTOR('',#8686,1.);
#8686 = DIRECTION('',(-1.,0.,0.));
#8687 = ORIENTED_EDGE('',*,*,#8688,.F.);
#8688 = EDGE_CURVE('',#8689,#8681,#8691,.T.);
#8689 = VERTEX_POINT('',#8690);
#8690 = CARTESIAN_POINT('',(32.999892,-20.99991,0.11));
#8691 = LINE('',#8692,#8693);
#8692 = CARTESIAN_POINT('',(32.999892,-20.99991,0.11));
#8693 = VECTOR('',#8694,1.);
#8694 = DIRECTION('',(0.,1.,0.));
#8695 = ORIENTED_EDGE('',*,*,#8696,.F.);
#8696 = EDGE_CURVE('',#8697,#8689,#8699,.T.);
#8697 = VERTEX_POINT('',#8698);
#8698 = CARTESIAN_POINT('',(31.999892,-27.99991,0.11));
#8699 = LINE('',#8700,#8701);
#8700 = CARTESIAN_POINT('',(31.999892,-27.99991,0.11));
#8701 = VECTOR('',#8702,1.);
#8702 = DIRECTION('',(0.141421356237,0.989949493661,0.));
#8703 = ORIENTED_EDGE('',*,*,#8704,.F.);
#8704 = EDGE_CURVE('',#8705,#8697,#8707,.T.);
#8705 = VERTEX_POINT('',#8706);
#8706 = CARTESIAN_POINT('',(31.999892,-34.99991,0.11));
#8707 = LINE('',#8708,#8709);
#8708 = CARTESIAN_POINT('',(31.999892,-34.99991,0.11));
#8709 = VECTOR('',#8710,1.);
#8710 = DIRECTION('',(0.,1.,0.));
#8711 = ORIENTED_EDGE('',*,*,#8712,.F.);
#8712 = EDGE_CURVE('',#8713,#8705,#8715,.T.);
#8713 = VERTEX_POINT('',#8714);
#8714 = CARTESIAN_POINT('',(32.999892,-42.99991,0.11));
#8715 = LINE('',#8716,#8717);
#8716 = CARTESIAN_POINT('',(32.999892,-42.99991,0.11));
#8717 = VECTOR('',#8718,1.);
#8718 = DIRECTION('',(-0.124034734589,0.992277876714,0.));
#8719 = ORIENTED_EDGE('',*,*,#8720,.F.);
#8720 = EDGE_CURVE('',#8721,#8713,#8723,.T.);
#8721 = VERTEX_POINT('',#8722);
#8722 = CARTESIAN_POINT('',(32.999892,-43.99991,0.11));
#8723 = LINE('',#8724,#8725);
#8724 = CARTESIAN_POINT('',(32.999892,-43.99991,0.11));
#8725 = VECTOR('',#8726,1.);
#8726 = DIRECTION('',(0.,1.,0.));
#8727 = ORIENTED_EDGE('',*,*,#8728,.F.);
#8728 = EDGE_CURVE('',#8729,#8721,#8731,.T.);
#8729 = VERTEX_POINT('',#8730);
#8730 = CARTESIAN_POINT('',(25.999892,-43.99991,0.11));
#8731 = LINE('',#8732,#8733);
#8732 = CARTESIAN_POINT('',(25.999892,-43.99991,0.11));
#8733 = VECTOR('',#8734,1.);
#8734 = DIRECTION('',(1.,0.,0.));
#8735 = ORIENTED_EDGE('',*,*,#8736,.F.);
#8736 = EDGE_CURVE('',#8737,#8729,#8739,.T.);
#8737 = VERTEX_POINT('',#8738);
#8738 = CARTESIAN_POINT('',(25.999892,-42.99991,0.11));
#8739 = LINE('',#8740,#8741);
#8740 = CARTESIAN_POINT('',(25.999892,-42.99991,0.11));
#8741 = VECTOR('',#8742,1.);
#8742 = DIRECTION('',(0.,-1.,0.));
#8743 = ORIENTED_EDGE('',*,*,#8744,.F.);
#8744 = EDGE_CURVE('',#8745,#8737,#8747,.T.);
#8745 = VERTEX_POINT('',#8746);
#8746 = CARTESIAN_POINT('',(26.999892,-34.99991,0.11));
#8747 = LINE('',#8748,#8749);
#8748 = CARTESIAN_POINT('',(26.999892,-34.99991,0.11));
#8749 = VECTOR('',#8750,1.);
#8750 = DIRECTION('',(-0.124034734589,-0.992277876714,0.));
#8751 = ORIENTED_EDGE('',*,*,#8752,.F.);
#8752 = EDGE_CURVE('',#8665,#8745,#8753,.T.);
#8753 = LINE('',#8754,#8755);
#8754 = CARTESIAN_POINT('',(26.999892,-27.99991,0.11));
#8755 = VECTOR('',#8756,1.);
#8756 = DIRECTION('',(0.,-1.,0.));
#8757 = FACE_BOUND('',#8758,.T.);
#8758 = EDGE_LOOP('',(#8759,#8769,#8777,#8785,#8793,#8801,#8809,#8817,
    #8825,#8833,#8841,#8849));
#8759 = ORIENTED_EDGE('',*,*,#8760,.F.);
#8760 = EDGE_CURVE('',#8761,#8763,#8765,.T.);
#8761 = VERTEX_POINT('',#8762);
#8762 = CARTESIAN_POINT('',(37.999892,-19.99991,0.11));
#8763 = VERTEX_POINT('',#8764);
#8764 = CARTESIAN_POINT('',(38.999892,-27.99991,0.11));
#8765 = LINE('',#8766,#8767);
#8766 = CARTESIAN_POINT('',(37.999892,-19.99991,0.11));
#8767 = VECTOR('',#8768,1.);
#8768 = DIRECTION('',(0.124034734589,-0.992277876714,0.));
#8769 = ORIENTED_EDGE('',*,*,#8770,.F.);
#8770 = EDGE_CURVE('',#8771,#8761,#8773,.T.);
#8771 = VERTEX_POINT('',#8772);
#8772 = CARTESIAN_POINT('',(37.999892,-18.99991,0.11));
#8773 = LINE('',#8774,#8775);
#8774 = CARTESIAN_POINT('',(37.999892,-18.99991,0.11));
#8775 = VECTOR('',#8776,1.);
#8776 = DIRECTION('',(0.,-1.,0.));
#8777 = ORIENTED_EDGE('',*,*,#8778,.F.);
#8778 = EDGE_CURVE('',#8779,#8771,#8781,.T.);
#8779 = VERTEX_POINT('',#8780);
#8780 = CARTESIAN_POINT('',(44.999892,-18.99991,0.11));
#8781 = LINE('',#8782,#8783);
#8782 = CARTESIAN_POINT('',(44.999892,-18.99991,0.11));
#8783 = VECTOR('',#8784,1.);
#8784 = DIRECTION('',(-1.,0.,0.));
#8785 = ORIENTED_EDGE('',*,*,#8786,.F.);
#8786 = EDGE_CURVE('',#8787,#8779,#8789,.T.);
#8787 = VERTEX_POINT('',#8788);
#8788 = CARTESIAN_POINT('',(44.999892,-20.99991,0.11));
#8789 = LINE('',#8790,#8791);
#8790 = CARTESIAN_POINT('',(44.999892,-20.99991,0.11));
#8791 = VECTOR('',#8792,1.);
#8792 = DIRECTION('',(0.,1.,0.));
#8793 = ORIENTED_EDGE('',*,*,#8794,.F.);
#8794 = EDGE_CURVE('',#8795,#8787,#8797,.T.);
#8795 = VERTEX_POINT('',#8796);
#8796 = CARTESIAN_POINT('',(43.999892,-27.99991,0.11));
#8797 = LINE('',#8798,#8799);
#8798 = CARTESIAN_POINT('',(43.999892,-27.99991,0.11));
#8799 = VECTOR('',#8800,1.);
#8800 = DIRECTION('',(0.141421356237,0.989949493661,0.));
#8801 = ORIENTED_EDGE('',*,*,#8802,.F.);
#8802 = EDGE_CURVE('',#8803,#8795,#8805,.T.);
#8803 = VERTEX_POINT('',#8804);
#8804 = CARTESIAN_POINT('',(43.999892,-34.99991,0.11));
#8805 = LINE('',#8806,#8807);
#8806 = CARTESIAN_POINT('',(43.999892,-34.99991,0.11));
#8807 = VECTOR('',#8808,1.);
#8808 = DIRECTION('',(0.,1.,0.));
#8809 = ORIENTED_EDGE('',*,*,#8810,.F.);
#8810 = EDGE_CURVE('',#8811,#8803,#8813,.T.);
#8811 = VERTEX_POINT('',#8812);
#8812 = CARTESIAN_POINT('',(44.999892,-42.99991,0.11));
#8813 = LINE('',#8814,#8815);
#8814 = CARTESIAN_POINT('',(44.999892,-42.99991,0.11));
#8815 = VECTOR('',#8816,1.);
#8816 = DIRECTION('',(-0.124034734589,0.992277876714,0.));
#8817 = ORIENTED_EDGE('',*,*,#8818,.F.);
#8818 = EDGE_CURVE('',#8819,#8811,#8821,.T.);
#8819 = VERTEX_POINT('',#8820);
#8820 = CARTESIAN_POINT('',(44.999892,-43.99991,0.11));
#8821 = LINE('',#8822,#8823);
#8822 = CARTESIAN_POINT('',(44.999892,-43.99991,0.11));
#8823 = VECTOR('',#8824,1.);
#8824 = DIRECTION('',(0.,1.,0.));
#8825 = ORIENTED_EDGE('',*,*,#8826,.F.);
#8826 = EDGE_CURVE('',#8827,#8819,#8829,.T.);
#8827 = VERTEX_POINT('',#8828);
#8828 = CARTESIAN_POINT('',(37.999892,-43.99991,0.11));
#8829 = LINE('',#8830,#8831);
#8830 = CARTESIAN_POINT('',(37.999892,-43.99991,0.11));
#8831 = VECTOR('',#8832,1.);
#8832 = DIRECTION('',(1.,0.,0.));
#8833 = ORIENTED_EDGE('',*,*,#8834,.F.);
#8834 = EDGE_CURVE('',#8835,#8827,#8837,.T.);
#8835 = VERTEX_POINT('',#8836);
#8836 = CARTESIAN_POINT('',(37.999892,-42.99991,0.11));
#8837 = LINE('',#8838,#8839);
#8838 = CARTESIAN_POINT('',(37.999892,-42.99991,0.11));
#8839 = VECTOR('',#8840,1.);
#8840 = DIRECTION('',(0.,-1.,0.));
#8841 = ORIENTED_EDGE('',*,*,#8842,.F.);
#8842 = EDGE_CURVE('',#8843,#8835,#8845,.T.);
#8843 = VERTEX_POINT('',#8844);
#8844 = CARTESIAN_POINT('',(38.999892,-34.99991,0.11));
#8845 = LINE('',#8846,#8847);
#8846 = CARTESIAN_POINT('',(38.999892,-34.99991,0.11));
#8847 = VECTOR('',#8848,1.);
#8848 = DIRECTION('',(-0.124034734589,-0.992277876714,0.));
#8849 = ORIENTED_EDGE('',*,*,#8850,.F.);
#8850 = EDGE_CURVE('',#8763,#8843,#8851,.T.);
#8851 = LINE('',#8852,#8853);
#8852 = CARTESIAN_POINT('',(38.999892,-27.99991,0.11));
#8853 = VECTOR('',#8854,1.);
#8854 = DIRECTION('',(0.,-1.,0.));
#8855 = FACE_BOUND('',#8856,.T.);
#8856 = EDGE_LOOP('',(#8857));
#8857 = ORIENTED_EDGE('',*,*,#8858,.T.);
#8858 = EDGE_CURVE('',#8859,#8859,#8861,.T.);
#8859 = VERTEX_POINT('',#8860);
#8860 = CARTESIAN_POINT('',(23.499892,-18.59991,0.11));
#8861 = CIRCLE('',#8862,0.6);
#8862 = AXIS2_PLACEMENT_3D('',#8863,#8864,#8865);
#8863 = CARTESIAN_POINT('',(23.499892,-17.99991,0.11));
#8864 = DIRECTION('',(-0.,0.,-1.));
#8865 = DIRECTION('',(-5.921189464668E-15,-1.,0.));
#8866 = FACE_BOUND('',#8867,.T.);
#8867 = EDGE_LOOP('',(#8868));
#8868 = ORIENTED_EDGE('',*,*,#8869,.T.);
#8869 = EDGE_CURVE('',#8870,#8870,#8872,.T.);
#8870 = VERTEX_POINT('',#8871);
#8871 = CARTESIAN_POINT('',(35.499892,-18.59991,0.11));
#8872 = CIRCLE('',#8873,0.6);
#8873 = AXIS2_PLACEMENT_3D('',#8874,#8875,#8876);
#8874 = CARTESIAN_POINT('',(35.499892,-17.99991,0.11));
#8875 = DIRECTION('',(-0.,0.,-1.));
#8876 = DIRECTION('',(-0.,-1.,0.));
#8877 = FACE_BOUND('',#8878,.T.);
#8878 = EDGE_LOOP('',(#8879,#8889,#8897,#8905,#8913,#8921,#8929,#8937,
    #8945,#8953,#8961,#8969));
#8879 = ORIENTED_EDGE('',*,*,#8880,.F.);
#8880 = EDGE_CURVE('',#8881,#8883,#8885,.T.);
#8881 = VERTEX_POINT('',#8882);
#8882 = CARTESIAN_POINT('',(49.999892,-19.99991,0.11));
#8883 = VERTEX_POINT('',#8884);
#8884 = CARTESIAN_POINT('',(50.999892,-27.99991,0.11));
#8885 = LINE('',#8886,#8887);
#8886 = CARTESIAN_POINT('',(49.999892,-19.99991,0.11));
#8887 = VECTOR('',#8888,1.);
#8888 = DIRECTION('',(0.124034734589,-0.992277876714,0.));
#8889 = ORIENTED_EDGE('',*,*,#8890,.F.);
#8890 = EDGE_CURVE('',#8891,#8881,#8893,.T.);
#8891 = VERTEX_POINT('',#8892);
#8892 = CARTESIAN_POINT('',(49.999892,-18.99991,0.11));
#8893 = LINE('',#8894,#8895);
#8894 = CARTESIAN_POINT('',(49.999892,-18.99991,0.11));
#8895 = VECTOR('',#8896,1.);
#8896 = DIRECTION('',(0.,-1.,0.));
#8897 = ORIENTED_EDGE('',*,*,#8898,.F.);
#8898 = EDGE_CURVE('',#8899,#8891,#8901,.T.);
#8899 = VERTEX_POINT('',#8900);
#8900 = CARTESIAN_POINT('',(56.999892,-18.99991,0.11));
#8901 = LINE('',#8902,#8903);
#8902 = CARTESIAN_POINT('',(56.999892,-18.99991,0.11));
#8903 = VECTOR('',#8904,1.);
#8904 = DIRECTION('',(-1.,0.,0.));
#8905 = ORIENTED_EDGE('',*,*,#8906,.F.);
#8906 = EDGE_CURVE('',#8907,#8899,#8909,.T.);
#8907 = VERTEX_POINT('',#8908);
#8908 = CARTESIAN_POINT('',(56.999892,-20.99991,0.11));
#8909 = LINE('',#8910,#8911);
#8910 = CARTESIAN_POINT('',(56.999892,-20.99991,0.11));
#8911 = VECTOR('',#8912,1.);
#8912 = DIRECTION('',(0.,1.,0.));
#8913 = ORIENTED_EDGE('',*,*,#8914,.F.);
#8914 = EDGE_CURVE('',#8915,#8907,#8917,.T.);
#8915 = VERTEX_POINT('',#8916);
#8916 = CARTESIAN_POINT('',(55.999892,-27.99991,0.11));
#8917 = LINE('',#8918,#8919);
#8918 = CARTESIAN_POINT('',(55.999892,-27.99991,0.11));
#8919 = VECTOR('',#8920,1.);
#8920 = DIRECTION('',(0.141421356237,0.989949493661,0.));
#8921 = ORIENTED_EDGE('',*,*,#8922,.F.);
#8922 = EDGE_CURVE('',#8923,#8915,#8925,.T.);
#8923 = VERTEX_POINT('',#8924);
#8924 = CARTESIAN_POINT('',(55.999892,-34.99991,0.11));
#8925 = LINE('',#8926,#8927);
#8926 = CARTESIAN_POINT('',(55.999892,-34.99991,0.11));
#8927 = VECTOR('',#8928,1.);
#8928 = DIRECTION('',(0.,1.,0.));
#8929 = ORIENTED_EDGE('',*,*,#8930,.F.);
#8930 = EDGE_CURVE('',#8931,#8923,#8933,.T.);
#8931 = VERTEX_POINT('',#8932);
#8932 = CARTESIAN_POINT('',(56.999892,-42.99991,0.11));
#8933 = LINE('',#8934,#8935);
#8934 = CARTESIAN_POINT('',(56.999892,-42.99991,0.11));
#8935 = VECTOR('',#8936,1.);
#8936 = DIRECTION('',(-0.124034734589,0.992277876714,0.));
#8937 = ORIENTED_EDGE('',*,*,#8938,.F.);
#8938 = EDGE_CURVE('',#8939,#8931,#8941,.T.);
#8939 = VERTEX_POINT('',#8940);
#8940 = CARTESIAN_POINT('',(56.999892,-43.99991,0.11));
#8941 = LINE('',#8942,#8943);
#8942 = CARTESIAN_POINT('',(56.999892,-43.99991,0.11));
#8943 = VECTOR('',#8944,1.);
#8944 = DIRECTION('',(0.,1.,0.));
#8945 = ORIENTED_EDGE('',*,*,#8946,.F.);
#8946 = EDGE_CURVE('',#8947,#8939,#8949,.T.);
#8947 = VERTEX_POINT('',#8948);
#8948 = CARTESIAN_POINT('',(49.999892,-43.99991,0.11));
#8949 = LINE('',#8950,#8951);
#8950 = CARTESIAN_POINT('',(49.999892,-43.99991,0.11));
#8951 = VECTOR('',#8952,1.);
#8952 = DIRECTION('',(1.,0.,0.));
#8953 = ORIENTED_EDGE('',*,*,#8954,.F.);
#8954 = EDGE_CURVE('',#8955,#8947,#8957,.T.);
#8955 = VERTEX_POINT('',#8956);
#8956 = CARTESIAN_POINT('',(49.999892,-42.99991,0.11));
#8957 = LINE('',#8958,#8959);
#8958 = CARTESIAN_POINT('',(49.999892,-42.99991,0.11));
#8959 = VECTOR('',#8960,1.);
#8960 = DIRECTION('',(0.,-1.,0.));
#8961 = ORIENTED_EDGE('',*,*,#8962,.F.);
#8962 = EDGE_CURVE('',#8963,#8955,#8965,.T.);
#8963 = VERTEX_POINT('',#8964);
#8964 = CARTESIAN_POINT('',(50.999892,-34.99991,0.11));
#8965 = LINE('',#8966,#8967);
#8966 = CARTESIAN_POINT('',(50.999892,-34.99991,0.11));
#8967 = VECTOR('',#8968,1.);
#8968 = DIRECTION('',(-0.124034734589,-0.992277876714,0.));
#8969 = ORIENTED_EDGE('',*,*,#8970,.F.);
#8970 = EDGE_CURVE('',#8883,#8963,#8971,.T.);
#8971 = LINE('',#8972,#8973);
#8972 = CARTESIAN_POINT('',(50.999892,-27.99991,0.11));
#8973 = VECTOR('',#8974,1.);
#8974 = DIRECTION('',(0.,-1.,0.));
#8975 = FACE_BOUND('',#8976,.T.);
#8976 = EDGE_LOOP('',(#8977));
#8977 = ORIENTED_EDGE('',*,*,#8978,.T.);
#8978 = EDGE_CURVE('',#8979,#8979,#8981,.T.);
#8979 = VERTEX_POINT('',#8980);
#8980 = CARTESIAN_POINT('',(47.499892,-18.59991,0.11));
#8981 = CIRCLE('',#8982,0.6);
#8982 = AXIS2_PLACEMENT_3D('',#8983,#8984,#8985);
#8983 = CARTESIAN_POINT('',(47.499892,-17.99991,0.11));
#8984 = DIRECTION('',(-0.,0.,-1.));
#8985 = DIRECTION('',(-0.,-1.,0.));
#8986 = FACE_BOUND('',#8987,.T.);
#8987 = EDGE_LOOP('',(#8988));
#8988 = ORIENTED_EDGE('',*,*,#8989,.T.);
#8989 = EDGE_CURVE('',#8990,#8990,#8992,.T.);
#8990 = VERTEX_POINT('',#8991);
#8991 = CARTESIAN_POINT('',(59.499892,-18.599909,0.11));
#8992 = CIRCLE('',#8993,0.6);
#8993 = AXIS2_PLACEMENT_3D('',#8994,#8995,#8996);
#8994 = CARTESIAN_POINT('',(59.499892,-17.999909,0.11));
#8995 = DIRECTION('',(-0.,0.,-1.));
#8996 = DIRECTION('',(-0.,-1.,0.));
#8997 = FACE_BOUND('',#8998,.T.);
#8998 = EDGE_LOOP('',(#8999));
#8999 = ORIENTED_EDGE('',*,*,#9000,.F.);
#9000 = EDGE_CURVE('',#9001,#9001,#9003,.T.);
#9001 = VERTEX_POINT('',#9002);
#9002 = CARTESIAN_POINT('',(71.999892,-56.99991,0.11));
#9003 = CIRCLE('',#9004,0.5);
#9004 = AXIS2_PLACEMENT_3D('',#9005,#9006,#9007);
#9005 = CARTESIAN_POINT('',(71.499892,-56.99991,0.11));
#9006 = DIRECTION('',(0.,0.,1.));
#9007 = DIRECTION('',(1.,0.,-0.));
#9008 = FACE_BOUND('',#9009,.T.);
#9009 = EDGE_LOOP('',(#9010));
#9010 = ORIENTED_EDGE('',*,*,#9011,.F.);
#9011 = EDGE_CURVE('',#9012,#9012,#9014,.T.);
#9012 = VERTEX_POINT('',#9013);
#9013 = CARTESIAN_POINT('',(71.999892,-53.99991,0.11));
#9014 = CIRCLE('',#9015,0.5);
#9015 = AXIS2_PLACEMENT_3D('',#9016,#9017,#9018);
#9016 = CARTESIAN_POINT('',(71.499892,-53.99991,0.11));
#9017 = DIRECTION('',(0.,0.,1.));
#9018 = DIRECTION('',(1.,0.,-0.));
#9019 = FACE_BOUND('',#9020,.T.);
#9020 = EDGE_LOOP('',(#9021));
#9021 = ORIENTED_EDGE('',*,*,#9022,.F.);
#9022 = EDGE_CURVE('',#9023,#9023,#9025,.T.);
#9023 = VERTEX_POINT('',#9024);
#9024 = CARTESIAN_POINT('',(83.999891,-62.99991,0.11));
#9025 = CIRCLE('',#9026,0.499999);
#9026 = AXIS2_PLACEMENT_3D('',#9027,#9028,#9029);
#9027 = CARTESIAN_POINT('',(83.499892,-62.99991,0.11));
#9028 = DIRECTION('',(0.,0.,1.));
#9029 = DIRECTION('',(1.,0.,-0.));
#9030 = FACE_BOUND('',#9031,.T.);
#9031 = EDGE_LOOP('',(#9032));
#9032 = ORIENTED_EDGE('',*,*,#9033,.F.);
#9033 = EDGE_CURVE('',#9034,#9034,#9036,.T.);
#9034 = VERTEX_POINT('',#9035);
#9035 = CARTESIAN_POINT('',(82.499892,-61.49991,0.11));
#9036 = CIRCLE('',#9037,0.5);
#9037 = AXIS2_PLACEMENT_3D('',#9038,#9039,#9040);
#9038 = CARTESIAN_POINT('',(81.999892,-61.49991,0.11));
#9039 = DIRECTION('',(0.,0.,1.));
#9040 = DIRECTION('',(1.,0.,-0.));
#9041 = FACE_BOUND('',#9042,.T.);
#9042 = EDGE_LOOP('',(#9043));
#9043 = ORIENTED_EDGE('',*,*,#9044,.F.);
#9044 = EDGE_CURVE('',#9045,#9045,#9047,.T.);
#9045 = VERTEX_POINT('',#9046);
#9046 = CARTESIAN_POINT('',(85.499892,-61.49991,0.11));
#9047 = CIRCLE('',#9048,0.5);
#9048 = AXIS2_PLACEMENT_3D('',#9049,#9050,#9051);
#9049 = CARTESIAN_POINT('',(84.999892,-61.49991,0.11));
#9050 = DIRECTION('',(0.,0.,1.));
#9051 = DIRECTION('',(1.,0.,-0.));
#9052 = FACE_BOUND('',#9053,.T.);
#9053 = EDGE_LOOP('',(#9054));
#9054 = ORIENTED_EDGE('',*,*,#9055,.F.);
#9055 = EDGE_CURVE('',#9056,#9056,#9058,.T.);
#9056 = VERTEX_POINT('',#9057);
#9057 = CARTESIAN_POINT('',(83.999892,-56.99991,0.11));
#9058 = CIRCLE('',#9059,0.5);
#9059 = AXIS2_PLACEMENT_3D('',#9060,#9061,#9062);
#9060 = CARTESIAN_POINT('',(83.499892,-56.99991,0.11));
#9061 = DIRECTION('',(0.,0.,1.));
#9062 = DIRECTION('',(1.,0.,-0.));
#9063 = FACE_BOUND('',#9064,.T.);
#9064 = EDGE_LOOP('',(#9065));
#9065 = ORIENTED_EDGE('',*,*,#9066,.F.);
#9066 = EDGE_CURVE('',#9067,#9067,#9069,.T.);
#9067 = VERTEX_POINT('',#9068);
#9068 = CARTESIAN_POINT('',(83.999892,-53.99991,0.11));
#9069 = CIRCLE('',#9070,0.5);
#9070 = AXIS2_PLACEMENT_3D('',#9071,#9072,#9073);
#9071 = CARTESIAN_POINT('',(83.499892,-53.99991,0.11));
#9072 = DIRECTION('',(0.,0.,1.));
#9073 = DIRECTION('',(1.,0.,-0.));
#9074 = FACE_BOUND('',#9075,.T.);
#9075 = EDGE_LOOP('',(#9076,#9086,#9094,#9102,#9110,#9119,#9127));
#9076 = ORIENTED_EDGE('',*,*,#9077,.F.);
#9077 = EDGE_CURVE('',#9078,#9080,#9082,.T.);
#9078 = VERTEX_POINT('',#9079);
#9079 = CARTESIAN_POINT('',(61.999892,-46.99991,0.11));
#9080 = VERTEX_POINT('',#9081);
#9081 = CARTESIAN_POINT('',(61.999892,-56.99991,0.11));
#9082 = LINE('',#9083,#9084);
#9083 = CARTESIAN_POINT('',(61.999892,-46.99991,0.11));
#9084 = VECTOR('',#9085,1.);
#9085 = DIRECTION('',(0.,-1.,0.));
#9086 = ORIENTED_EDGE('',*,*,#9087,.F.);
#9087 = EDGE_CURVE('',#9088,#9078,#9090,.T.);
#9088 = VERTEX_POINT('',#9089);
#9089 = CARTESIAN_POINT('',(61.999892,-45.99991,0.11));
#9090 = LINE('',#9091,#9092);
#9091 = CARTESIAN_POINT('',(61.999892,-45.99991,0.11));
#9092 = VECTOR('',#9093,1.);
#9093 = DIRECTION('',(0.,-1.,0.));
#9094 = ORIENTED_EDGE('',*,*,#9095,.F.);
#9095 = EDGE_CURVE('',#9096,#9088,#9098,.T.);
#9096 = VERTEX_POINT('',#9097);
#9097 = CARTESIAN_POINT('',(68.999892,-45.99991,0.11));
#9098 = LINE('',#9099,#9100);
#9099 = CARTESIAN_POINT('',(68.999892,-45.99991,0.11));
#9100 = VECTOR('',#9101,1.);
#9101 = DIRECTION('',(-1.,0.,0.));
#9102 = ORIENTED_EDGE('',*,*,#9103,.F.);
#9103 = EDGE_CURVE('',#9104,#9096,#9106,.T.);
#9104 = VERTEX_POINT('',#9105);
#9105 = CARTESIAN_POINT('',(68.999892,-56.99991,0.11));
#9106 = LINE('',#9107,#9108);
#9107 = CARTESIAN_POINT('',(68.999892,-56.99991,0.11));
#9108 = VECTOR('',#9109,1.);
#9109 = DIRECTION('',(0.,1.,0.));
#9110 = ORIENTED_EDGE('',*,*,#9111,.F.);
#9111 = EDGE_CURVE('',#9112,#9104,#9114,.T.);
#9112 = VERTEX_POINT('',#9113);
#9113 = CARTESIAN_POINT('',(66.999892,-58.99991,0.11));
#9114 = CIRCLE('',#9115,1.99999850585);
#9115 = AXIS2_PLACEMENT_3D('',#9116,#9117,#9118);
#9116 = CARTESIAN_POINT('',(66.99989349415,-56.99991149415,0.11));
#9117 = DIRECTION('',(0.,0.,1.));
#9118 = DIRECTION('',(-7.470757420593E-07,-1.,0.));
#9119 = ORIENTED_EDGE('',*,*,#9120,.F.);
#9120 = EDGE_CURVE('',#9121,#9112,#9123,.T.);
#9121 = VERTEX_POINT('',#9122);
#9122 = CARTESIAN_POINT('',(63.999892,-58.99991,0.11));
#9123 = LINE('',#9124,#9125);
#9124 = CARTESIAN_POINT('',(63.999892,-58.99991,0.11));
#9125 = VECTOR('',#9126,1.);
#9126 = DIRECTION('',(1.,0.,0.));
#9127 = ORIENTED_EDGE('',*,*,#9128,.F.);
#9128 = EDGE_CURVE('',#9080,#9121,#9129,.T.);
#9129 = CIRCLE('',#9130,1.99999850585);
#9130 = AXIS2_PLACEMENT_3D('',#9131,#9132,#9133);
#9131 = CARTESIAN_POINT('',(63.99989050585,-56.99991149415,0.11));
#9132 = DIRECTION('',(0.,0.,1.));
#9133 = DIRECTION('',(-1.,7.470757420593E-07,0.));
#9134 = FACE_BOUND('',#9135,.T.);
#9135 = EDGE_LOOP('',(#9136));
#9136 = ORIENTED_EDGE('',*,*,#9137,.F.);
#9137 = EDGE_CURVE('',#9138,#9138,#9140,.T.);
#9138 = VERTEX_POINT('',#9139);
#9139 = CARTESIAN_POINT('',(71.999892,-50.99991,0.11));
#9140 = CIRCLE('',#9141,0.5);
#9141 = AXIS2_PLACEMENT_3D('',#9142,#9143,#9144);
#9142 = CARTESIAN_POINT('',(71.499892,-50.99991,0.11));
#9143 = DIRECTION('',(0.,0.,1.));
#9144 = DIRECTION('',(1.,0.,-0.));
#9145 = FACE_BOUND('',#9146,.T.);
#9146 = EDGE_LOOP('',(#9147));
#9147 = ORIENTED_EDGE('',*,*,#9148,.F.);
#9148 = EDGE_CURVE('',#9149,#9149,#9151,.T.);
#9149 = VERTEX_POINT('',#9150);
#9150 = CARTESIAN_POINT('',(71.999892,-47.99991,0.11));
#9151 = CIRCLE('',#9152,0.5);
#9152 = AXIS2_PLACEMENT_3D('',#9153,#9154,#9155);
#9153 = CARTESIAN_POINT('',(71.499892,-47.99991,0.11));
#9154 = DIRECTION('',(0.,0.,1.));
#9155 = DIRECTION('',(1.,0.,-0.));
#9156 = FACE_BOUND('',#9157,.T.);
#9157 = EDGE_LOOP('',(#9158));
#9158 = ORIENTED_EDGE('',*,*,#9159,.T.);
#9159 = EDGE_CURVE('',#9160,#9160,#9162,.T.);
#9160 = VERTEX_POINT('',#9161);
#9161 = CARTESIAN_POINT('',(71.564176,-45.59991,0.11));
#9162 = CIRCLE('',#9163,0.6);
#9163 = AXIS2_PLACEMENT_3D('',#9164,#9165,#9166);
#9164 = CARTESIAN_POINT('',(71.564176,-44.99991,0.11));
#9165 = DIRECTION('',(-0.,0.,-1.));
#9166 = DIRECTION('',(-0.,-1.,0.));
#9167 = FACE_BOUND('',#9168,.T.);
#9168 = EDGE_LOOP('',(#9169,#9179,#9187,#9195,#9203,#9212,#9220));
#9169 = ORIENTED_EDGE('',*,*,#9170,.F.);
#9170 = EDGE_CURVE('',#9171,#9173,#9175,.T.);
#9171 = VERTEX_POINT('',#9172);
#9172 = CARTESIAN_POINT('',(73.999892,-46.99991,0.11));
#9173 = VERTEX_POINT('',#9174);
#9174 = CARTESIAN_POINT('',(73.999892,-56.99991,0.11));
#9175 = LINE('',#9176,#9177);
#9176 = CARTESIAN_POINT('',(73.999892,-46.99991,0.11));
#9177 = VECTOR('',#9178,1.);
#9178 = DIRECTION('',(0.,-1.,0.));
#9179 = ORIENTED_EDGE('',*,*,#9180,.F.);
#9180 = EDGE_CURVE('',#9181,#9171,#9183,.T.);
#9181 = VERTEX_POINT('',#9182);
#9182 = CARTESIAN_POINT('',(73.999892,-45.99991,0.11));
#9183 = LINE('',#9184,#9185);
#9184 = CARTESIAN_POINT('',(73.999892,-45.99991,0.11));
#9185 = VECTOR('',#9186,1.);
#9186 = DIRECTION('',(0.,-1.,0.));
#9187 = ORIENTED_EDGE('',*,*,#9188,.F.);
#9188 = EDGE_CURVE('',#9189,#9181,#9191,.T.);
#9189 = VERTEX_POINT('',#9190);
#9190 = CARTESIAN_POINT('',(80.999892,-45.99991,0.11));
#9191 = LINE('',#9192,#9193);
#9192 = CARTESIAN_POINT('',(80.999892,-45.99991,0.11));
#9193 = VECTOR('',#9194,1.);
#9194 = DIRECTION('',(-1.,0.,0.));
#9195 = ORIENTED_EDGE('',*,*,#9196,.F.);
#9196 = EDGE_CURVE('',#9197,#9189,#9199,.T.);
#9197 = VERTEX_POINT('',#9198);
#9198 = CARTESIAN_POINT('',(80.999892,-56.99991,0.11));
#9199 = LINE('',#9200,#9201);
#9200 = CARTESIAN_POINT('',(80.999892,-56.99991,0.11));
#9201 = VECTOR('',#9202,1.);
#9202 = DIRECTION('',(0.,1.,0.));
#9203 = ORIENTED_EDGE('',*,*,#9204,.F.);
#9204 = EDGE_CURVE('',#9205,#9197,#9207,.T.);
#9205 = VERTEX_POINT('',#9206);
#9206 = CARTESIAN_POINT('',(78.999892,-58.99991,0.11));
#9207 = CIRCLE('',#9208,1.99999850585);
#9208 = AXIS2_PLACEMENT_3D('',#9209,#9210,#9211);
#9209 = CARTESIAN_POINT('',(78.99989349415,-56.99991149415,0.11));
#9210 = DIRECTION('',(0.,0.,1.));
#9211 = DIRECTION('',(-7.470757420593E-07,-1.,0.));
#9212 = ORIENTED_EDGE('',*,*,#9213,.F.);
#9213 = EDGE_CURVE('',#9214,#9205,#9216,.T.);
#9214 = VERTEX_POINT('',#9215);
#9215 = CARTESIAN_POINT('',(75.999892,-58.99991,0.11));
#9216 = LINE('',#9217,#9218);
#9217 = CARTESIAN_POINT('',(75.999892,-58.99991,0.11));
#9218 = VECTOR('',#9219,1.);
#9219 = DIRECTION('',(1.,0.,0.));
#9220 = ORIENTED_EDGE('',*,*,#9221,.F.);
#9221 = EDGE_CURVE('',#9173,#9214,#9222,.T.);
#9222 = CIRCLE('',#9223,1.99999850585);
#9223 = AXIS2_PLACEMENT_3D('',#9224,#9225,#9226);
#9224 = CARTESIAN_POINT('',(75.99989050585,-56.99991149415,0.11));
#9225 = DIRECTION('',(0.,0.,1.));
#9226 = DIRECTION('',(-1.,7.470757420593E-07,0.));
#9227 = FACE_BOUND('',#9228,.T.);
#9228 = EDGE_LOOP('',(#9229));
#9229 = ORIENTED_EDGE('',*,*,#9230,.F.);
#9230 = EDGE_CURVE('',#9231,#9231,#9233,.T.);
#9231 = VERTEX_POINT('',#9232);
#9232 = CARTESIAN_POINT('',(83.999892,-50.99991,0.11));
#9233 = CIRCLE('',#9234,0.5);
#9234 = AXIS2_PLACEMENT_3D('',#9235,#9236,#9237);
#9235 = CARTESIAN_POINT('',(83.499892,-50.99991,0.11));
#9236 = DIRECTION('',(0.,0.,1.));
#9237 = DIRECTION('',(1.,0.,-0.));
#9238 = FACE_BOUND('',#9239,.T.);
#9239 = EDGE_LOOP('',(#9240));
#9240 = ORIENTED_EDGE('',*,*,#9241,.F.);
#9241 = EDGE_CURVE('',#9242,#9242,#9244,.T.);
#9242 = VERTEX_POINT('',#9243);
#9243 = CARTESIAN_POINT('',(83.999892,-47.99991,0.11));
#9244 = CIRCLE('',#9245,0.5);
#9245 = AXIS2_PLACEMENT_3D('',#9246,#9247,#9248);
#9246 = CARTESIAN_POINT('',(83.499892,-47.99991,0.11));
#9247 = DIRECTION('',(0.,0.,1.));
#9248 = DIRECTION('',(1.,0.,-0.));
#9249 = FACE_BOUND('',#9250,.T.);
#9250 = EDGE_LOOP('',(#9251));
#9251 = ORIENTED_EDGE('',*,*,#9252,.T.);
#9252 = EDGE_CURVE('',#9253,#9253,#9255,.T.);
#9253 = VERTEX_POINT('',#9254);
#9254 = CARTESIAN_POINT('',(83.542747,-45.599909,0.11));
#9255 = CIRCLE('',#9256,0.6);
#9256 = AXIS2_PLACEMENT_3D('',#9257,#9258,#9259);
#9257 = CARTESIAN_POINT('',(83.542747,-44.999909,0.11));
#9258 = DIRECTION('',(-0.,0.,-1.));
#9259 = DIRECTION('',(2.368475785867E-14,-1.,-0.));
#9260 = FACE_BOUND('',#9261,.T.);
#9261 = EDGE_LOOP('',(#9262));
#9262 = ORIENTED_EDGE('',*,*,#9263,.F.);
#9263 = EDGE_CURVE('',#9264,#9264,#9266,.T.);
#9264 = VERTEX_POINT('',#9265);
#9265 = CARTESIAN_POINT('',(95.999891,-62.99991,0.11));
#9266 = CIRCLE('',#9267,0.499999);
#9267 = AXIS2_PLACEMENT_3D('',#9268,#9269,#9270);
#9268 = CARTESIAN_POINT('',(95.499892,-62.99991,0.11));
#9269 = DIRECTION('',(0.,0.,1.));
#9270 = DIRECTION('',(1.,0.,-0.));
#9271 = FACE_BOUND('',#9272,.T.);
#9272 = EDGE_LOOP('',(#9273));
#9273 = ORIENTED_EDGE('',*,*,#9274,.F.);
#9274 = EDGE_CURVE('',#9275,#9275,#9277,.T.);
#9275 = VERTEX_POINT('',#9276);
#9276 = CARTESIAN_POINT('',(94.499892,-61.49991,0.11));
#9277 = CIRCLE('',#9278,0.5);
#9278 = AXIS2_PLACEMENT_3D('',#9279,#9280,#9281);
#9279 = CARTESIAN_POINT('',(93.999892,-61.49991,0.11));
#9280 = DIRECTION('',(0.,0.,1.));
#9281 = DIRECTION('',(1.,0.,-0.));
#9282 = FACE_BOUND('',#9283,.T.);
#9283 = EDGE_LOOP('',(#9284));
#9284 = ORIENTED_EDGE('',*,*,#9285,.F.);
#9285 = EDGE_CURVE('',#9286,#9286,#9288,.T.);
#9286 = VERTEX_POINT('',#9287);
#9287 = CARTESIAN_POINT('',(97.499892,-61.49991,0.11));
#9288 = CIRCLE('',#9289,0.5);
#9289 = AXIS2_PLACEMENT_3D('',#9290,#9291,#9292);
#9290 = CARTESIAN_POINT('',(96.999892,-61.49991,0.11));
#9291 = DIRECTION('',(0.,0.,1.));
#9292 = DIRECTION('',(1.,0.,-0.));
#9293 = FACE_BOUND('',#9294,.T.);
#9294 = EDGE_LOOP('',(#9295));
#9295 = ORIENTED_EDGE('',*,*,#9296,.F.);
#9296 = EDGE_CURVE('',#9297,#9297,#9299,.T.);
#9297 = VERTEX_POINT('',#9298);
#9298 = CARTESIAN_POINT('',(95.999892,-56.99991,0.11));
#9299 = CIRCLE('',#9300,0.5);
#9300 = AXIS2_PLACEMENT_3D('',#9301,#9302,#9303);
#9301 = CARTESIAN_POINT('',(95.499892,-56.99991,0.11));
#9302 = DIRECTION('',(0.,0.,1.));
#9303 = DIRECTION('',(1.,0.,-0.));
#9304 = FACE_BOUND('',#9305,.T.);
#9305 = EDGE_LOOP('',(#9306));
#9306 = ORIENTED_EDGE('',*,*,#9307,.F.);
#9307 = EDGE_CURVE('',#9308,#9308,#9310,.T.);
#9308 = VERTEX_POINT('',#9309);
#9309 = CARTESIAN_POINT('',(95.999892,-53.99991,0.11));
#9310 = CIRCLE('',#9311,0.5);
#9311 = AXIS2_PLACEMENT_3D('',#9312,#9313,#9314);
#9312 = CARTESIAN_POINT('',(95.499892,-53.99991,0.11));
#9313 = DIRECTION('',(0.,0.,1.));
#9314 = DIRECTION('',(1.,0.,-0.));
#9315 = FACE_BOUND('',#9316,.T.);
#9316 = EDGE_LOOP('',(#9317));
#9317 = ORIENTED_EDGE('',*,*,#9318,.F.);
#9318 = EDGE_CURVE('',#9319,#9319,#9321,.T.);
#9319 = VERTEX_POINT('',#9320);
#9320 = CARTESIAN_POINT('',(107.999891,-62.99991,0.11));
#9321 = CIRCLE('',#9322,0.499999);
#9322 = AXIS2_PLACEMENT_3D('',#9323,#9324,#9325);
#9323 = CARTESIAN_POINT('',(107.499892,-62.99991,0.11));
#9324 = DIRECTION('',(0.,0.,1.));
#9325 = DIRECTION('',(1.,0.,-0.));
#9326 = FACE_BOUND('',#9327,.T.);
#9327 = EDGE_LOOP('',(#9328));
#9328 = ORIENTED_EDGE('',*,*,#9329,.F.);
#9329 = EDGE_CURVE('',#9330,#9330,#9332,.T.);
#9330 = VERTEX_POINT('',#9331);
#9331 = CARTESIAN_POINT('',(106.499892,-61.49991,0.11));
#9332 = CIRCLE('',#9333,0.5);
#9333 = AXIS2_PLACEMENT_3D('',#9334,#9335,#9336);
#9334 = CARTESIAN_POINT('',(105.999892,-61.49991,0.11));
#9335 = DIRECTION('',(0.,0.,1.));
#9336 = DIRECTION('',(1.,0.,-0.));
#9337 = FACE_BOUND('',#9338,.T.);
#9338 = EDGE_LOOP('',(#9339));
#9339 = ORIENTED_EDGE('',*,*,#9340,.F.);
#9340 = EDGE_CURVE('',#9341,#9341,#9343,.T.);
#9341 = VERTEX_POINT('',#9342);
#9342 = CARTESIAN_POINT('',(109.499892,-61.49991,0.11));
#9343 = CIRCLE('',#9344,0.5);
#9344 = AXIS2_PLACEMENT_3D('',#9345,#9346,#9347);
#9345 = CARTESIAN_POINT('',(108.999892,-61.49991,0.11));
#9346 = DIRECTION('',(0.,0.,1.));
#9347 = DIRECTION('',(1.,0.,-0.));
#9348 = FACE_BOUND('',#9349,.T.);
#9349 = EDGE_LOOP('',(#9350));
#9350 = ORIENTED_EDGE('',*,*,#9351,.F.);
#9351 = EDGE_CURVE('',#9352,#9352,#9354,.T.);
#9352 = VERTEX_POINT('',#9353);
#9353 = CARTESIAN_POINT('',(107.999892,-56.99991,0.11));
#9354 = CIRCLE('',#9355,0.5);
#9355 = AXIS2_PLACEMENT_3D('',#9356,#9357,#9358);
#9356 = CARTESIAN_POINT('',(107.499892,-56.99991,0.11));
#9357 = DIRECTION('',(0.,0.,1.));
#9358 = DIRECTION('',(1.,0.,-0.));
#9359 = FACE_BOUND('',#9360,.T.);
#9360 = EDGE_LOOP('',(#9361));
#9361 = ORIENTED_EDGE('',*,*,#9362,.F.);
#9362 = EDGE_CURVE('',#9363,#9363,#9365,.T.);
#9363 = VERTEX_POINT('',#9364);
#9364 = CARTESIAN_POINT('',(107.999892,-53.99991,0.11));
#9365 = CIRCLE('',#9366,0.5);
#9366 = AXIS2_PLACEMENT_3D('',#9367,#9368,#9369);
#9367 = CARTESIAN_POINT('',(107.499892,-53.99991,0.11));
#9368 = DIRECTION('',(0.,0.,1.));
#9369 = DIRECTION('',(1.,0.,-0.));
#9370 = FACE_BOUND('',#9371,.T.);
#9371 = EDGE_LOOP('',(#9372,#9382,#9390,#9398,#9406,#9415,#9423));
#9372 = ORIENTED_EDGE('',*,*,#9373,.F.);
#9373 = EDGE_CURVE('',#9374,#9376,#9378,.T.);
#9374 = VERTEX_POINT('',#9375);
#9375 = CARTESIAN_POINT('',(85.999892,-46.99991,0.11));
#9376 = VERTEX_POINT('',#9377);
#9377 = CARTESIAN_POINT('',(85.999892,-56.99991,0.11));
#9378 = LINE('',#9379,#9380);
#9379 = CARTESIAN_POINT('',(85.999892,-46.99991,0.11));
#9380 = VECTOR('',#9381,1.);
#9381 = DIRECTION('',(0.,-1.,0.));
#9382 = ORIENTED_EDGE('',*,*,#9383,.F.);
#9383 = EDGE_CURVE('',#9384,#9374,#9386,.T.);
#9384 = VERTEX_POINT('',#9385);
#9385 = CARTESIAN_POINT('',(85.999892,-45.99991,0.11));
#9386 = LINE('',#9387,#9388);
#9387 = CARTESIAN_POINT('',(85.999892,-45.99991,0.11));
#9388 = VECTOR('',#9389,1.);
#9389 = DIRECTION('',(0.,-1.,0.));
#9390 = ORIENTED_EDGE('',*,*,#9391,.F.);
#9391 = EDGE_CURVE('',#9392,#9384,#9394,.T.);
#9392 = VERTEX_POINT('',#9393);
#9393 = CARTESIAN_POINT('',(92.999892,-45.99991,0.11));
#9394 = LINE('',#9395,#9396);
#9395 = CARTESIAN_POINT('',(92.999892,-45.99991,0.11));
#9396 = VECTOR('',#9397,1.);
#9397 = DIRECTION('',(-1.,0.,0.));
#9398 = ORIENTED_EDGE('',*,*,#9399,.F.);
#9399 = EDGE_CURVE('',#9400,#9392,#9402,.T.);
#9400 = VERTEX_POINT('',#9401);
#9401 = CARTESIAN_POINT('',(92.999892,-56.99991,0.11));
#9402 = LINE('',#9403,#9404);
#9403 = CARTESIAN_POINT('',(92.999892,-56.99991,0.11));
#9404 = VECTOR('',#9405,1.);
#9405 = DIRECTION('',(0.,1.,0.));
#9406 = ORIENTED_EDGE('',*,*,#9407,.F.);
#9407 = EDGE_CURVE('',#9408,#9400,#9410,.T.);
#9408 = VERTEX_POINT('',#9409);
#9409 = CARTESIAN_POINT('',(90.999892,-58.99991,0.11));
#9410 = CIRCLE('',#9411,1.99999850585);
#9411 = AXIS2_PLACEMENT_3D('',#9412,#9413,#9414);
#9412 = CARTESIAN_POINT('',(90.99989349415,-56.99991149415,0.11));
#9413 = DIRECTION('',(0.,0.,1.));
#9414 = DIRECTION('',(-7.470757420593E-07,-1.,0.));
#9415 = ORIENTED_EDGE('',*,*,#9416,.F.);
#9416 = EDGE_CURVE('',#9417,#9408,#9419,.T.);
#9417 = VERTEX_POINT('',#9418);
#9418 = CARTESIAN_POINT('',(87.999892,-58.99991,0.11));
#9419 = LINE('',#9420,#9421);
#9420 = CARTESIAN_POINT('',(87.999892,-58.99991,0.11));
#9421 = VECTOR('',#9422,1.);
#9422 = DIRECTION('',(1.,0.,0.));
#9423 = ORIENTED_EDGE('',*,*,#9424,.F.);
#9424 = EDGE_CURVE('',#9376,#9417,#9425,.T.);
#9425 = CIRCLE('',#9426,1.99999850585);
#9426 = AXIS2_PLACEMENT_3D('',#9427,#9428,#9429);
#9427 = CARTESIAN_POINT('',(87.99989050585,-56.99991149415,0.11));
#9428 = DIRECTION('',(0.,0.,1.));
#9429 = DIRECTION('',(-1.,7.470757420593E-07,0.));
#9430 = FACE_BOUND('',#9431,.T.);
#9431 = EDGE_LOOP('',(#9432));
#9432 = ORIENTED_EDGE('',*,*,#9433,.F.);
#9433 = EDGE_CURVE('',#9434,#9434,#9436,.T.);
#9434 = VERTEX_POINT('',#9435);
#9435 = CARTESIAN_POINT('',(95.999892,-50.99991,0.11));
#9436 = CIRCLE('',#9437,0.5);
#9437 = AXIS2_PLACEMENT_3D('',#9438,#9439,#9440);
#9438 = CARTESIAN_POINT('',(95.499892,-50.99991,0.11));
#9439 = DIRECTION('',(0.,0.,1.));
#9440 = DIRECTION('',(1.,0.,-0.));
#9441 = FACE_BOUND('',#9442,.T.);
#9442 = EDGE_LOOP('',(#9443));
#9443 = ORIENTED_EDGE('',*,*,#9444,.F.);
#9444 = EDGE_CURVE('',#9445,#9445,#9447,.T.);
#9445 = VERTEX_POINT('',#9446);
#9446 = CARTESIAN_POINT('',(95.999892,-47.99991,0.11));
#9447 = CIRCLE('',#9448,0.5);
#9448 = AXIS2_PLACEMENT_3D('',#9449,#9450,#9451);
#9449 = CARTESIAN_POINT('',(95.499892,-47.99991,0.11));
#9450 = DIRECTION('',(0.,0.,1.));
#9451 = DIRECTION('',(1.,0.,-0.));
#9452 = FACE_BOUND('',#9453,.T.);
#9453 = EDGE_LOOP('',(#9454));
#9454 = ORIENTED_EDGE('',*,*,#9455,.T.);
#9455 = EDGE_CURVE('',#9456,#9456,#9458,.T.);
#9456 = VERTEX_POINT('',#9457);
#9457 = CARTESIAN_POINT('',(95.521318,-45.599909,0.11));
#9458 = CIRCLE('',#9459,0.6);
#9459 = AXIS2_PLACEMENT_3D('',#9460,#9461,#9462);
#9460 = CARTESIAN_POINT('',(95.521318,-44.999909,0.11));
#9461 = DIRECTION('',(-0.,0.,-1.));
#9462 = DIRECTION('',(-2.368475785867E-14,-1.,0.));
#9463 = FACE_BOUND('',#9464,.T.);
#9464 = EDGE_LOOP('',(#9465,#9475,#9483,#9491,#9499,#9508,#9516));
#9465 = ORIENTED_EDGE('',*,*,#9466,.F.);
#9466 = EDGE_CURVE('',#9467,#9469,#9471,.T.);
#9467 = VERTEX_POINT('',#9468);
#9468 = CARTESIAN_POINT('',(97.999892,-46.99991,0.11));
#9469 = VERTEX_POINT('',#9470);
#9470 = CARTESIAN_POINT('',(97.999892,-56.99991,0.11));
#9471 = LINE('',#9472,#9473);
#9472 = CARTESIAN_POINT('',(97.999892,-46.99991,0.11));
#9473 = VECTOR('',#9474,1.);
#9474 = DIRECTION('',(0.,-1.,0.));
#9475 = ORIENTED_EDGE('',*,*,#9476,.F.);
#9476 = EDGE_CURVE('',#9477,#9467,#9479,.T.);
#9477 = VERTEX_POINT('',#9478);
#9478 = CARTESIAN_POINT('',(97.999892,-45.99991,0.11));
#9479 = LINE('',#9480,#9481);
#9480 = CARTESIAN_POINT('',(97.999892,-45.99991,0.11));
#9481 = VECTOR('',#9482,1.);
#9482 = DIRECTION('',(0.,-1.,0.));
#9483 = ORIENTED_EDGE('',*,*,#9484,.F.);
#9484 = EDGE_CURVE('',#9485,#9477,#9487,.T.);
#9485 = VERTEX_POINT('',#9486);
#9486 = CARTESIAN_POINT('',(104.999892,-45.99991,0.11));
#9487 = LINE('',#9488,#9489);
#9488 = CARTESIAN_POINT('',(104.999892,-45.99991,0.11));
#9489 = VECTOR('',#9490,1.);
#9490 = DIRECTION('',(-1.,0.,0.));
#9491 = ORIENTED_EDGE('',*,*,#9492,.F.);
#9492 = EDGE_CURVE('',#9493,#9485,#9495,.T.);
#9493 = VERTEX_POINT('',#9494);
#9494 = CARTESIAN_POINT('',(104.999892,-56.99991,0.11));
#9495 = LINE('',#9496,#9497);
#9496 = CARTESIAN_POINT('',(104.999892,-56.99991,0.11));
#9497 = VECTOR('',#9498,1.);
#9498 = DIRECTION('',(0.,1.,0.));
#9499 = ORIENTED_EDGE('',*,*,#9500,.F.);
#9500 = EDGE_CURVE('',#9501,#9493,#9503,.T.);
#9501 = VERTEX_POINT('',#9502);
#9502 = CARTESIAN_POINT('',(102.999892,-58.99991,0.11));
#9503 = CIRCLE('',#9504,1.99999850585);
#9504 = AXIS2_PLACEMENT_3D('',#9505,#9506,#9507);
#9505 = CARTESIAN_POINT('',(102.99989349415,-56.99991149415,0.11));
#9506 = DIRECTION('',(0.,0.,1.));
#9507 = DIRECTION('',(-7.470757420593E-07,-1.,0.));
#9508 = ORIENTED_EDGE('',*,*,#9509,.F.);
#9509 = EDGE_CURVE('',#9510,#9501,#9512,.T.);
#9510 = VERTEX_POINT('',#9511);
#9511 = CARTESIAN_POINT('',(99.999892,-58.99991,0.11));
#9512 = LINE('',#9513,#9514);
#9513 = CARTESIAN_POINT('',(99.999892,-58.99991,0.11));
#9514 = VECTOR('',#9515,1.);
#9515 = DIRECTION('',(1.,0.,0.));
#9516 = ORIENTED_EDGE('',*,*,#9517,.F.);
#9517 = EDGE_CURVE('',#9469,#9510,#9518,.T.);
#9518 = CIRCLE('',#9519,1.99999850585);
#9519 = AXIS2_PLACEMENT_3D('',#9520,#9521,#9522);
#9520 = CARTESIAN_POINT('',(99.99989050585,-56.99991149415,0.11));
#9521 = DIRECTION('',(0.,0.,1.));
#9522 = DIRECTION('',(-1.,7.470757420593E-07,0.));
#9523 = FACE_BOUND('',#9524,.T.);
#9524 = EDGE_LOOP('',(#9525));
#9525 = ORIENTED_EDGE('',*,*,#9526,.F.);
#9526 = EDGE_CURVE('',#9527,#9527,#9529,.T.);
#9527 = VERTEX_POINT('',#9528);
#9528 = CARTESIAN_POINT('',(107.999892,-50.99991,0.11));
#9529 = CIRCLE('',#9530,0.5);
#9530 = AXIS2_PLACEMENT_3D('',#9531,#9532,#9533);
#9531 = CARTESIAN_POINT('',(107.499892,-50.99991,0.11));
#9532 = DIRECTION('',(0.,0.,1.));
#9533 = DIRECTION('',(1.,0.,-0.));
#9534 = FACE_BOUND('',#9535,.T.);
#9535 = EDGE_LOOP('',(#9536));
#9536 = ORIENTED_EDGE('',*,*,#9537,.F.);
#9537 = EDGE_CURVE('',#9538,#9538,#9540,.T.);
#9538 = VERTEX_POINT('',#9539);
#9539 = CARTESIAN_POINT('',(107.999892,-47.99991,0.11));
#9540 = CIRCLE('',#9541,0.5);
#9541 = AXIS2_PLACEMENT_3D('',#9542,#9543,#9544);
#9542 = CARTESIAN_POINT('',(107.499892,-47.99991,0.11));
#9543 = DIRECTION('',(0.,0.,1.));
#9544 = DIRECTION('',(1.,0.,-0.));
#9545 = FACE_BOUND('',#9546,.T.);
#9546 = EDGE_LOOP('',(#9547));
#9547 = ORIENTED_EDGE('',*,*,#9548,.T.);
#9548 = EDGE_CURVE('',#9549,#9549,#9551,.T.);
#9549 = VERTEX_POINT('',#9550);
#9550 = CARTESIAN_POINT('',(107.499892,-45.59991,0.11));
#9551 = CIRCLE('',#9552,0.6);
#9552 = AXIS2_PLACEMENT_3D('',#9553,#9554,#9555);
#9553 = CARTESIAN_POINT('',(107.499892,-44.99991,0.11));
#9554 = DIRECTION('',(-0.,0.,-1.));
#9555 = DIRECTION('',(2.368475785867E-14,-1.,-0.));
#9556 = FACE_BOUND('',#9557,.T.);
#9557 = EDGE_LOOP('',(#9558,#9568,#9576,#9584,#9592,#9600,#9608,#9616,
    #9624,#9632,#9640,#9648));
#9558 = ORIENTED_EDGE('',*,*,#9559,.F.);
#9559 = EDGE_CURVE('',#9560,#9562,#9564,.T.);
#9560 = VERTEX_POINT('',#9561);
#9561 = CARTESIAN_POINT('',(61.999892,-19.99991,0.11));
#9562 = VERTEX_POINT('',#9563);
#9563 = CARTESIAN_POINT('',(62.999892,-27.99991,0.11));
#9564 = LINE('',#9565,#9566);
#9565 = CARTESIAN_POINT('',(61.999892,-19.99991,0.11));
#9566 = VECTOR('',#9567,1.);
#9567 = DIRECTION('',(0.124034734589,-0.992277876714,0.));
#9568 = ORIENTED_EDGE('',*,*,#9569,.F.);
#9569 = EDGE_CURVE('',#9570,#9560,#9572,.T.);
#9570 = VERTEX_POINT('',#9571);
#9571 = CARTESIAN_POINT('',(61.999892,-18.99991,0.11));
#9572 = LINE('',#9573,#9574);
#9573 = CARTESIAN_POINT('',(61.999892,-18.99991,0.11));
#9574 = VECTOR('',#9575,1.);
#9575 = DIRECTION('',(0.,-1.,0.));
#9576 = ORIENTED_EDGE('',*,*,#9577,.F.);
#9577 = EDGE_CURVE('',#9578,#9570,#9580,.T.);
#9578 = VERTEX_POINT('',#9579);
#9579 = CARTESIAN_POINT('',(68.999892,-18.99991,0.11));
#9580 = LINE('',#9581,#9582);
#9581 = CARTESIAN_POINT('',(68.999892,-18.99991,0.11));
#9582 = VECTOR('',#9583,1.);
#9583 = DIRECTION('',(-1.,0.,0.));
#9584 = ORIENTED_EDGE('',*,*,#9585,.F.);
#9585 = EDGE_CURVE('',#9586,#9578,#9588,.T.);
#9586 = VERTEX_POINT('',#9587);
#9587 = CARTESIAN_POINT('',(68.999892,-20.99991,0.11));
#9588 = LINE('',#9589,#9590);
#9589 = CARTESIAN_POINT('',(68.999892,-20.99991,0.11));
#9590 = VECTOR('',#9591,1.);
#9591 = DIRECTION('',(0.,1.,0.));
#9592 = ORIENTED_EDGE('',*,*,#9593,.F.);
#9593 = EDGE_CURVE('',#9594,#9586,#9596,.T.);
#9594 = VERTEX_POINT('',#9595);
#9595 = CARTESIAN_POINT('',(67.999892,-27.99991,0.11));
#9596 = LINE('',#9597,#9598);
#9597 = CARTESIAN_POINT('',(67.999892,-27.99991,0.11));
#9598 = VECTOR('',#9599,1.);
#9599 = DIRECTION('',(0.141421356237,0.989949493661,0.));
#9600 = ORIENTED_EDGE('',*,*,#9601,.F.);
#9601 = EDGE_CURVE('',#9602,#9594,#9604,.T.);
#9602 = VERTEX_POINT('',#9603);
#9603 = CARTESIAN_POINT('',(67.999892,-34.99991,0.11));
#9604 = LINE('',#9605,#9606);
#9605 = CARTESIAN_POINT('',(67.999892,-34.99991,0.11));
#9606 = VECTOR('',#9607,1.);
#9607 = DIRECTION('',(0.,1.,0.));
#9608 = ORIENTED_EDGE('',*,*,#9609,.F.);
#9609 = EDGE_CURVE('',#9610,#9602,#9612,.T.);
#9610 = VERTEX_POINT('',#9611);
#9611 = CARTESIAN_POINT('',(68.999892,-42.99991,0.11));
#9612 = LINE('',#9613,#9614);
#9613 = CARTESIAN_POINT('',(68.999892,-42.99991,0.11));
#9614 = VECTOR('',#9615,1.);
#9615 = DIRECTION('',(-0.124034734589,0.992277876714,0.));
#9616 = ORIENTED_EDGE('',*,*,#9617,.F.);
#9617 = EDGE_CURVE('',#9618,#9610,#9620,.T.);
#9618 = VERTEX_POINT('',#9619);
#9619 = CARTESIAN_POINT('',(68.999892,-43.99991,0.11));
#9620 = LINE('',#9621,#9622);
#9621 = CARTESIAN_POINT('',(68.999892,-43.99991,0.11));
#9622 = VECTOR('',#9623,1.);
#9623 = DIRECTION('',(0.,1.,0.));
#9624 = ORIENTED_EDGE('',*,*,#9625,.F.);
#9625 = EDGE_CURVE('',#9626,#9618,#9628,.T.);
#9626 = VERTEX_POINT('',#9627);
#9627 = CARTESIAN_POINT('',(61.999892,-43.99991,0.11));
#9628 = LINE('',#9629,#9630);
#9629 = CARTESIAN_POINT('',(61.999892,-43.99991,0.11));
#9630 = VECTOR('',#9631,1.);
#9631 = DIRECTION('',(1.,0.,0.));
#9632 = ORIENTED_EDGE('',*,*,#9633,.F.);
#9633 = EDGE_CURVE('',#9634,#9626,#9636,.T.);
#9634 = VERTEX_POINT('',#9635);
#9635 = CARTESIAN_POINT('',(61.999892,-42.99991,0.11));
#9636 = LINE('',#9637,#9638);
#9637 = CARTESIAN_POINT('',(61.999892,-42.99991,0.11));
#9638 = VECTOR('',#9639,1.);
#9639 = DIRECTION('',(0.,-1.,0.));
#9640 = ORIENTED_EDGE('',*,*,#9641,.F.);
#9641 = EDGE_CURVE('',#9642,#9634,#9644,.T.);
#9642 = VERTEX_POINT('',#9643);
#9643 = CARTESIAN_POINT('',(62.999892,-34.99991,0.11));
#9644 = LINE('',#9645,#9646);
#9645 = CARTESIAN_POINT('',(62.999892,-34.99991,0.11));
#9646 = VECTOR('',#9647,1.);
#9647 = DIRECTION('',(-0.124034734589,-0.992277876714,0.));
#9648 = ORIENTED_EDGE('',*,*,#9649,.F.);
#9649 = EDGE_CURVE('',#9562,#9642,#9650,.T.);
#9650 = LINE('',#9651,#9652);
#9651 = CARTESIAN_POINT('',(62.999892,-27.99991,0.11));
#9652 = VECTOR('',#9653,1.);
#9653 = DIRECTION('',(0.,-1.,0.));
#9654 = FACE_BOUND('',#9655,.T.);
#9655 = EDGE_LOOP('',(#9656,#9666,#9674,#9682,#9690,#9698,#9706,#9714,
    #9722,#9730,#9738,#9746));
#9656 = ORIENTED_EDGE('',*,*,#9657,.F.);
#9657 = EDGE_CURVE('',#9658,#9660,#9662,.T.);
#9658 = VERTEX_POINT('',#9659);
#9659 = CARTESIAN_POINT('',(73.999892,-19.99991,0.11));
#9660 = VERTEX_POINT('',#9661);
#9661 = CARTESIAN_POINT('',(74.999892,-27.99991,0.11));
#9662 = LINE('',#9663,#9664);
#9663 = CARTESIAN_POINT('',(73.999892,-19.99991,0.11));
#9664 = VECTOR('',#9665,1.);
#9665 = DIRECTION('',(0.124034734589,-0.992277876714,0.));
#9666 = ORIENTED_EDGE('',*,*,#9667,.F.);
#9667 = EDGE_CURVE('',#9668,#9658,#9670,.T.);
#9668 = VERTEX_POINT('',#9669);
#9669 = CARTESIAN_POINT('',(73.999892,-18.99991,0.11));
#9670 = LINE('',#9671,#9672);
#9671 = CARTESIAN_POINT('',(73.999892,-18.99991,0.11));
#9672 = VECTOR('',#9673,1.);
#9673 = DIRECTION('',(0.,-1.,0.));
#9674 = ORIENTED_EDGE('',*,*,#9675,.F.);
#9675 = EDGE_CURVE('',#9676,#9668,#9678,.T.);
#9676 = VERTEX_POINT('',#9677);
#9677 = CARTESIAN_POINT('',(80.999892,-18.99991,0.11));
#9678 = LINE('',#9679,#9680);
#9679 = CARTESIAN_POINT('',(80.999892,-18.99991,0.11));
#9680 = VECTOR('',#9681,1.);
#9681 = DIRECTION('',(-1.,0.,0.));
#9682 = ORIENTED_EDGE('',*,*,#9683,.F.);
#9683 = EDGE_CURVE('',#9684,#9676,#9686,.T.);
#9684 = VERTEX_POINT('',#9685);
#9685 = CARTESIAN_POINT('',(80.999892,-20.99991,0.11));
#9686 = LINE('',#9687,#9688);
#9687 = CARTESIAN_POINT('',(80.999892,-20.99991,0.11));
#9688 = VECTOR('',#9689,1.);
#9689 = DIRECTION('',(0.,1.,0.));
#9690 = ORIENTED_EDGE('',*,*,#9691,.F.);
#9691 = EDGE_CURVE('',#9692,#9684,#9694,.T.);
#9692 = VERTEX_POINT('',#9693);
#9693 = CARTESIAN_POINT('',(79.999892,-27.99991,0.11));
#9694 = LINE('',#9695,#9696);
#9695 = CARTESIAN_POINT('',(79.999892,-27.99991,0.11));
#9696 = VECTOR('',#9697,1.);
#9697 = DIRECTION('',(0.141421356237,0.989949493661,0.));
#9698 = ORIENTED_EDGE('',*,*,#9699,.F.);
#9699 = EDGE_CURVE('',#9700,#9692,#9702,.T.);
#9700 = VERTEX_POINT('',#9701);
#9701 = CARTESIAN_POINT('',(79.999892,-34.99991,0.11));
#9702 = LINE('',#9703,#9704);
#9703 = CARTESIAN_POINT('',(79.999892,-34.99991,0.11));
#9704 = VECTOR('',#9705,1.);
#9705 = DIRECTION('',(0.,1.,0.));
#9706 = ORIENTED_EDGE('',*,*,#9707,.F.);
#9707 = EDGE_CURVE('',#9708,#9700,#9710,.T.);
#9708 = VERTEX_POINT('',#9709);
#9709 = CARTESIAN_POINT('',(80.999892,-42.99991,0.11));
#9710 = LINE('',#9711,#9712);
#9711 = CARTESIAN_POINT('',(80.999892,-42.99991,0.11));
#9712 = VECTOR('',#9713,1.);
#9713 = DIRECTION('',(-0.124034734589,0.992277876714,0.));
#9714 = ORIENTED_EDGE('',*,*,#9715,.F.);
#9715 = EDGE_CURVE('',#9716,#9708,#9718,.T.);
#9716 = VERTEX_POINT('',#9717);
#9717 = CARTESIAN_POINT('',(80.999892,-43.99991,0.11));
#9718 = LINE('',#9719,#9720);
#9719 = CARTESIAN_POINT('',(80.999892,-43.99991,0.11));
#9720 = VECTOR('',#9721,1.);
#9721 = DIRECTION('',(0.,1.,0.));
#9722 = ORIENTED_EDGE('',*,*,#9723,.F.);
#9723 = EDGE_CURVE('',#9724,#9716,#9726,.T.);
#9724 = VERTEX_POINT('',#9725);
#9725 = CARTESIAN_POINT('',(73.999892,-43.99991,0.11));
#9726 = LINE('',#9727,#9728);
#9727 = CARTESIAN_POINT('',(73.999892,-43.99991,0.11));
#9728 = VECTOR('',#9729,1.);
#9729 = DIRECTION('',(1.,0.,0.));
#9730 = ORIENTED_EDGE('',*,*,#9731,.F.);
#9731 = EDGE_CURVE('',#9732,#9724,#9734,.T.);
#9732 = VERTEX_POINT('',#9733);
#9733 = CARTESIAN_POINT('',(73.999892,-42.99991,0.11));
#9734 = LINE('',#9735,#9736);
#9735 = CARTESIAN_POINT('',(73.999892,-42.99991,0.11));
#9736 = VECTOR('',#9737,1.);
#9737 = DIRECTION('',(0.,-1.,0.));
#9738 = ORIENTED_EDGE('',*,*,#9739,.F.);
#9739 = EDGE_CURVE('',#9740,#9732,#9742,.T.);
#9740 = VERTEX_POINT('',#9741);
#9741 = CARTESIAN_POINT('',(74.999892,-34.99991,0.11));
#9742 = LINE('',#9743,#9744);
#9743 = CARTESIAN_POINT('',(74.999892,-34.99991,0.11));
#9744 = VECTOR('',#9745,1.);
#9745 = DIRECTION('',(-0.124034734589,-0.992277876714,0.));
#9746 = ORIENTED_EDGE('',*,*,#9747,.F.);
#9747 = EDGE_CURVE('',#9660,#9740,#9748,.T.);
#9748 = LINE('',#9749,#9750);
#9749 = CARTESIAN_POINT('',(74.999892,-27.99991,0.11));
#9750 = VECTOR('',#9751,1.);
#9751 = DIRECTION('',(0.,-1.,0.));
#9752 = FACE_BOUND('',#9753,.T.);
#9753 = EDGE_LOOP('',(#9754));
#9754 = ORIENTED_EDGE('',*,*,#9755,.T.);
#9755 = EDGE_CURVE('',#9756,#9756,#9758,.T.);
#9756 = VERTEX_POINT('',#9757);
#9757 = CARTESIAN_POINT('',(71.499892,-18.59991,0.11));
#9758 = CIRCLE('',#9759,0.6);
#9759 = AXIS2_PLACEMENT_3D('',#9760,#9761,#9762);
#9760 = CARTESIAN_POINT('',(71.499892,-17.99991,0.11));
#9761 = DIRECTION('',(-0.,0.,-1.));
#9762 = DIRECTION('',(2.368475785867E-14,-1.,-0.));
#9763 = FACE_BOUND('',#9764,.T.);
#9764 = EDGE_LOOP('',(#9765));
#9765 = ORIENTED_EDGE('',*,*,#9766,.T.);
#9766 = EDGE_CURVE('',#9767,#9767,#9769,.T.);
#9767 = VERTEX_POINT('',#9768);
#9768 = CARTESIAN_POINT('',(83.499892,-18.59991,0.11));
#9769 = CIRCLE('',#9770,0.6);
#9770 = AXIS2_PLACEMENT_3D('',#9771,#9772,#9773);
#9771 = CARTESIAN_POINT('',(83.499892,-17.99991,0.11));
#9772 = DIRECTION('',(-0.,0.,-1.));
#9773 = DIRECTION('',(2.368475785867E-14,-1.,-0.));
#9774 = FACE_BOUND('',#9775,.T.);
#9775 = EDGE_LOOP('',(#9776,#9786,#9794,#9802,#9810,#9818,#9826,#9834,
    #9842,#9850,#9858,#9866));
#9776 = ORIENTED_EDGE('',*,*,#9777,.F.);
#9777 = EDGE_CURVE('',#9778,#9780,#9782,.T.);
#9778 = VERTEX_POINT('',#9779);
#9779 = CARTESIAN_POINT('',(85.999892,-19.99991,0.11));
#9780 = VERTEX_POINT('',#9781);
#9781 = CARTESIAN_POINT('',(86.999892,-27.99991,0.11));
#9782 = LINE('',#9783,#9784);
#9783 = CARTESIAN_POINT('',(85.999892,-19.99991,0.11));
#9784 = VECTOR('',#9785,1.);
#9785 = DIRECTION('',(0.124034734589,-0.992277876714,0.));
#9786 = ORIENTED_EDGE('',*,*,#9787,.F.);
#9787 = EDGE_CURVE('',#9788,#9778,#9790,.T.);
#9788 = VERTEX_POINT('',#9789);
#9789 = CARTESIAN_POINT('',(85.999892,-18.99991,0.11));
#9790 = LINE('',#9791,#9792);
#9791 = CARTESIAN_POINT('',(85.999892,-18.99991,0.11));
#9792 = VECTOR('',#9793,1.);
#9793 = DIRECTION('',(0.,-1.,0.));
#9794 = ORIENTED_EDGE('',*,*,#9795,.F.);
#9795 = EDGE_CURVE('',#9796,#9788,#9798,.T.);
#9796 = VERTEX_POINT('',#9797);
#9797 = CARTESIAN_POINT('',(92.999892,-18.99991,0.11));
#9798 = LINE('',#9799,#9800);
#9799 = CARTESIAN_POINT('',(92.999892,-18.99991,0.11));
#9800 = VECTOR('',#9801,1.);
#9801 = DIRECTION('',(-1.,0.,0.));
#9802 = ORIENTED_EDGE('',*,*,#9803,.F.);
#9803 = EDGE_CURVE('',#9804,#9796,#9806,.T.);
#9804 = VERTEX_POINT('',#9805);
#9805 = CARTESIAN_POINT('',(92.999892,-20.99991,0.11));
#9806 = LINE('',#9807,#9808);
#9807 = CARTESIAN_POINT('',(92.999892,-20.99991,0.11));
#9808 = VECTOR('',#9809,1.);
#9809 = DIRECTION('',(0.,1.,0.));
#9810 = ORIENTED_EDGE('',*,*,#9811,.F.);
#9811 = EDGE_CURVE('',#9812,#9804,#9814,.T.);
#9812 = VERTEX_POINT('',#9813);
#9813 = CARTESIAN_POINT('',(91.999892,-27.99991,0.11));
#9814 = LINE('',#9815,#9816);
#9815 = CARTESIAN_POINT('',(91.999892,-27.99991,0.11));
#9816 = VECTOR('',#9817,1.);
#9817 = DIRECTION('',(0.141421356237,0.989949493661,0.));
#9818 = ORIENTED_EDGE('',*,*,#9819,.F.);
#9819 = EDGE_CURVE('',#9820,#9812,#9822,.T.);
#9820 = VERTEX_POINT('',#9821);
#9821 = CARTESIAN_POINT('',(91.999892,-34.99991,0.11));
#9822 = LINE('',#9823,#9824);
#9823 = CARTESIAN_POINT('',(91.999892,-34.99991,0.11));
#9824 = VECTOR('',#9825,1.);
#9825 = DIRECTION('',(0.,1.,0.));
#9826 = ORIENTED_EDGE('',*,*,#9827,.F.);
#9827 = EDGE_CURVE('',#9828,#9820,#9830,.T.);
#9828 = VERTEX_POINT('',#9829);
#9829 = CARTESIAN_POINT('',(92.999892,-42.99991,0.11));
#9830 = LINE('',#9831,#9832);
#9831 = CARTESIAN_POINT('',(92.999892,-42.99991,0.11));
#9832 = VECTOR('',#9833,1.);
#9833 = DIRECTION('',(-0.124034734589,0.992277876714,0.));
#9834 = ORIENTED_EDGE('',*,*,#9835,.F.);
#9835 = EDGE_CURVE('',#9836,#9828,#9838,.T.);
#9836 = VERTEX_POINT('',#9837);
#9837 = CARTESIAN_POINT('',(92.999892,-43.99991,0.11));
#9838 = LINE('',#9839,#9840);
#9839 = CARTESIAN_POINT('',(92.999892,-43.99991,0.11));
#9840 = VECTOR('',#9841,1.);
#9841 = DIRECTION('',(0.,1.,0.));
#9842 = ORIENTED_EDGE('',*,*,#9843,.F.);
#9843 = EDGE_CURVE('',#9844,#9836,#9846,.T.);
#9844 = VERTEX_POINT('',#9845);
#9845 = CARTESIAN_POINT('',(85.999892,-43.99991,0.11));
#9846 = LINE('',#9847,#9848);
#9847 = CARTESIAN_POINT('',(85.999892,-43.99991,0.11));
#9848 = VECTOR('',#9849,1.);
#9849 = DIRECTION('',(1.,0.,0.));
#9850 = ORIENTED_EDGE('',*,*,#9851,.F.);
#9851 = EDGE_CURVE('',#9852,#9844,#9854,.T.);
#9852 = VERTEX_POINT('',#9853);
#9853 = CARTESIAN_POINT('',(85.999892,-42.99991,0.11));
#9854 = LINE('',#9855,#9856);
#9855 = CARTESIAN_POINT('',(85.999892,-42.99991,0.11));
#9856 = VECTOR('',#9857,1.);
#9857 = DIRECTION('',(0.,-1.,0.));
#9858 = ORIENTED_EDGE('',*,*,#9859,.F.);
#9859 = EDGE_CURVE('',#9860,#9852,#9862,.T.);
#9860 = VERTEX_POINT('',#9861);
#9861 = CARTESIAN_POINT('',(86.999892,-34.99991,0.11));
#9862 = LINE('',#9863,#9864);
#9863 = CARTESIAN_POINT('',(86.999892,-34.99991,0.11));
#9864 = VECTOR('',#9865,1.);
#9865 = DIRECTION('',(-0.124034734589,-0.992277876714,0.));
#9866 = ORIENTED_EDGE('',*,*,#9867,.F.);
#9867 = EDGE_CURVE('',#9780,#9860,#9868,.T.);
#9868 = LINE('',#9869,#9870);
#9869 = CARTESIAN_POINT('',(86.999892,-27.99991,0.11));
#9870 = VECTOR('',#9871,1.);
#9871 = DIRECTION('',(0.,-1.,0.));
#9872 = FACE_BOUND('',#9873,.T.);
#9873 = EDGE_LOOP('',(#9874,#9884,#9892,#9900,#9908,#9916,#9924,#9932,
    #9940,#9948,#9956,#9964));
#9874 = ORIENTED_EDGE('',*,*,#9875,.F.);
#9875 = EDGE_CURVE('',#9876,#9878,#9880,.T.);
#9876 = VERTEX_POINT('',#9877);
#9877 = CARTESIAN_POINT('',(97.999892,-19.99991,0.11));
#9878 = VERTEX_POINT('',#9879);
#9879 = CARTESIAN_POINT('',(98.999892,-27.99991,0.11));
#9880 = LINE('',#9881,#9882);
#9881 = CARTESIAN_POINT('',(97.999892,-19.99991,0.11));
#9882 = VECTOR('',#9883,1.);
#9883 = DIRECTION('',(0.124034734589,-0.992277876714,0.));
#9884 = ORIENTED_EDGE('',*,*,#9885,.F.);
#9885 = EDGE_CURVE('',#9886,#9876,#9888,.T.);
#9886 = VERTEX_POINT('',#9887);
#9887 = CARTESIAN_POINT('',(97.999892,-18.99991,0.11));
#9888 = LINE('',#9889,#9890);
#9889 = CARTESIAN_POINT('',(97.999892,-18.99991,0.11));
#9890 = VECTOR('',#9891,1.);
#9891 = DIRECTION('',(0.,-1.,0.));
#9892 = ORIENTED_EDGE('',*,*,#9893,.F.);
#9893 = EDGE_CURVE('',#9894,#9886,#9896,.T.);
#9894 = VERTEX_POINT('',#9895);
#9895 = CARTESIAN_POINT('',(104.999892,-18.99991,0.11));
#9896 = LINE('',#9897,#9898);
#9897 = CARTESIAN_POINT('',(104.999892,-18.99991,0.11));
#9898 = VECTOR('',#9899,1.);
#9899 = DIRECTION('',(-1.,0.,0.));
#9900 = ORIENTED_EDGE('',*,*,#9901,.F.);
#9901 = EDGE_CURVE('',#9902,#9894,#9904,.T.);
#9902 = VERTEX_POINT('',#9903);
#9903 = CARTESIAN_POINT('',(104.999892,-20.99991,0.11));
#9904 = LINE('',#9905,#9906);
#9905 = CARTESIAN_POINT('',(104.999892,-20.99991,0.11));
#9906 = VECTOR('',#9907,1.);
#9907 = DIRECTION('',(0.,1.,0.));
#9908 = ORIENTED_EDGE('',*,*,#9909,.F.);
#9909 = EDGE_CURVE('',#9910,#9902,#9912,.T.);
#9910 = VERTEX_POINT('',#9911);
#9911 = CARTESIAN_POINT('',(103.999892,-27.99991,0.11));
#9912 = LINE('',#9913,#9914);
#9913 = CARTESIAN_POINT('',(103.999892,-27.99991,0.11));
#9914 = VECTOR('',#9915,1.);
#9915 = DIRECTION('',(0.141421356237,0.989949493661,0.));
#9916 = ORIENTED_EDGE('',*,*,#9917,.F.);
#9917 = EDGE_CURVE('',#9918,#9910,#9920,.T.);
#9918 = VERTEX_POINT('',#9919);
#9919 = CARTESIAN_POINT('',(103.999892,-34.99991,0.11));
#9920 = LINE('',#9921,#9922);
#9921 = CARTESIAN_POINT('',(103.999892,-34.99991,0.11));
#9922 = VECTOR('',#9923,1.);
#9923 = DIRECTION('',(0.,1.,0.));
#9924 = ORIENTED_EDGE('',*,*,#9925,.F.);
#9925 = EDGE_CURVE('',#9926,#9918,#9928,.T.);
#9926 = VERTEX_POINT('',#9927);
#9927 = CARTESIAN_POINT('',(104.999892,-42.99991,0.11));
#9928 = LINE('',#9929,#9930);
#9929 = CARTESIAN_POINT('',(104.999892,-42.99991,0.11));
#9930 = VECTOR('',#9931,1.);
#9931 = DIRECTION('',(-0.124034734589,0.992277876714,0.));
#9932 = ORIENTED_EDGE('',*,*,#9933,.F.);
#9933 = EDGE_CURVE('',#9934,#9926,#9936,.T.);
#9934 = VERTEX_POINT('',#9935);
#9935 = CARTESIAN_POINT('',(104.999892,-43.99991,0.11));
#9936 = LINE('',#9937,#9938);
#9937 = CARTESIAN_POINT('',(104.999892,-43.99991,0.11));
#9938 = VECTOR('',#9939,1.);
#9939 = DIRECTION('',(0.,1.,0.));
#9940 = ORIENTED_EDGE('',*,*,#9941,.F.);
#9941 = EDGE_CURVE('',#9942,#9934,#9944,.T.);
#9942 = VERTEX_POINT('',#9943);
#9943 = CARTESIAN_POINT('',(97.999892,-43.99991,0.11));
#9944 = LINE('',#9945,#9946);
#9945 = CARTESIAN_POINT('',(97.999892,-43.99991,0.11));
#9946 = VECTOR('',#9947,1.);
#9947 = DIRECTION('',(1.,0.,0.));
#9948 = ORIENTED_EDGE('',*,*,#9949,.F.);
#9949 = EDGE_CURVE('',#9950,#9942,#9952,.T.);
#9950 = VERTEX_POINT('',#9951);
#9951 = CARTESIAN_POINT('',(97.999892,-42.99991,0.11));
#9952 = LINE('',#9953,#9954);
#9953 = CARTESIAN_POINT('',(97.999892,-42.99991,0.11));
#9954 = VECTOR('',#9955,1.);
#9955 = DIRECTION('',(0.,-1.,0.));
#9956 = ORIENTED_EDGE('',*,*,#9957,.F.);
#9957 = EDGE_CURVE('',#9958,#9950,#9960,.T.);
#9958 = VERTEX_POINT('',#9959);
#9959 = CARTESIAN_POINT('',(98.999892,-34.99991,0.11));
#9960 = LINE('',#9961,#9962);
#9961 = CARTESIAN_POINT('',(98.999892,-34.99991,0.11));
#9962 = VECTOR('',#9963,1.);
#9963 = DIRECTION('',(-0.124034734589,-0.992277876714,0.));
#9964 = ORIENTED_EDGE('',*,*,#9965,.F.);
#9965 = EDGE_CURVE('',#9878,#9958,#9966,.T.);
#9966 = LINE('',#9967,#9968);
#9967 = CARTESIAN_POINT('',(98.999892,-27.99991,0.11));
#9968 = VECTOR('',#9969,1.);
#9969 = DIRECTION('',(0.,-1.,0.));
#9970 = FACE_BOUND('',#9971,.T.);
#9971 = EDGE_LOOP('',(#9972));
#9972 = ORIENTED_EDGE('',*,*,#9973,.T.);
#9973 = EDGE_CURVE('',#9974,#9974,#9976,.T.);
#9974 = VERTEX_POINT('',#9975);
#9975 = CARTESIAN_POINT('',(95.499892,-18.59991,0.11));
#9976 = CIRCLE('',#9977,0.6);
#9977 = AXIS2_PLACEMENT_3D('',#9978,#9979,#9980);
#9978 = CARTESIAN_POINT('',(95.499892,-17.99991,0.11));
#9979 = DIRECTION('',(-0.,0.,-1.));
#9980 = DIRECTION('',(2.368475785867E-14,-1.,-0.));
#9981 = FACE_BOUND('',#9982,.T.);
#9982 = EDGE_LOOP('',(#9983));
#9983 = ORIENTED_EDGE('',*,*,#9984,.T.);
#9984 = EDGE_CURVE('',#9985,#9985,#9987,.T.);
#9985 = VERTEX_POINT('',#9986);
#9986 = CARTESIAN_POINT('',(107.499892,-18.59991,0.11));
#9987 = CIRCLE('',#9988,0.6);
#9988 = AXIS2_PLACEMENT_3D('',#9989,#9990,#9991);
#9989 = CARTESIAN_POINT('',(107.499892,-17.99991,0.11));
#9990 = DIRECTION('',(-0.,0.,-1.));
#9991 = DIRECTION('',(2.368475785867E-14,-1.,-0.));
#9992 = PLANE('',#9993);
#9993 = AXIS2_PLACEMENT_3D('',#9994,#9995,#9996);
#9994 = CARTESIAN_POINT('',(0.,0.,0.11));
#9995 = DIRECTION('',(0.,0.,1.));
#9996 = DIRECTION('',(1.,0.,-0.));
#9997 = ADVANCED_FACE('',(#9998),#10009,.T.);
#9998 = FACE_BOUND('',#9999,.T.);
#9999 = EDGE_LOOP('',(#10000,#10006,#10007,#10008));
#10000 = ORIENTED_EDGE('',*,*,#10001,.T.);
#10001 = EDGE_CURVE('',#144,#5074,#10002,.T.);
#10002 = LINE('',#10003,#10004);
#10003 = CARTESIAN_POINT('',(20.999892,-15.99991,0.));
#10004 = VECTOR('',#10005,1.);
#10005 = DIRECTION('',(0.,0.,1.));
#10006 = ORIENTED_EDGE('',*,*,#5073,.T.);
#10007 = ORIENTED_EDGE('',*,*,#79,.F.);
#10008 = ORIENTED_EDGE('',*,*,#143,.F.);
#10009 = PLANE('',#10010);
#10010 = AXIS2_PLACEMENT_3D('',#10011,#10012,#10013);
#10011 = CARTESIAN_POINT('',(20.999892,-15.99991,0.));
#10012 = DIRECTION('',(0.,1.,0.));
#10013 = DIRECTION('',(1.,0.,0.));
#10014 = ADVANCED_FACE('',(#10015),#10026,.T.);
#10015 = FACE_BOUND('',#10016,.T.);
#10016 = EDGE_LOOP('',(#10017,#10018,#10019,#10025));
#10017 = ORIENTED_EDGE('',*,*,#119,.T.);
#10018 = ORIENTED_EDGE('',*,*,#5825,.T.);
#10019 = ORIENTED_EDGE('',*,*,#10020,.F.);
#10020 = EDGE_CURVE('',#888,#5818,#10021,.T.);
#10021 = LINE('',#10022,#10023);
#10022 = CARTESIAN_POINT('',(37.999892,-15.99991,0.));
#10023 = VECTOR('',#10024,1.);
#10024 = DIRECTION('',(0.,0.,1.));
#10025 = ORIENTED_EDGE('',*,*,#895,.F.);
#10026 = PLANE('',#10027);
#10027 = AXIS2_PLACEMENT_3D('',#10028,#10029,#10030);
#10028 = CARTESIAN_POINT('',(32.999892,-15.99991,0.));
#10029 = DIRECTION('',(0.,1.,0.));
#10030 = DIRECTION('',(1.,0.,0.));
#10031 = ADVANCED_FACE('',(#10032),#10043,.T.);
#10032 = FACE_BOUND('',#10033,.T.);
#10033 = EDGE_LOOP('',(#10034,#10040,#10041,#10042));
#10034 = ORIENTED_EDGE('',*,*,#10035,.T.);
#10035 = EDGE_CURVE('',#152,#5082,#10036,.T.);
#10036 = LINE('',#10037,#10038);
#10037 = CARTESIAN_POINT('',(20.999892,-16.99991,0.));
#10038 = VECTOR('',#10039,1.);
#10039 = DIRECTION('',(0.,0.,1.));
#10040 = ORIENTED_EDGE('',*,*,#5081,.T.);
#10041 = ORIENTED_EDGE('',*,*,#10001,.F.);
#10042 = ORIENTED_EDGE('',*,*,#151,.F.);
#10043 = PLANE('',#10044);
#10044 = AXIS2_PLACEMENT_3D('',#10045,#10046,#10047);
#10045 = CARTESIAN_POINT('',(20.999892,-16.99991,0.));
#10046 = DIRECTION('',(-1.,0.,0.));
#10047 = DIRECTION('',(0.,1.,0.));
#10048 = ADVANCED_FACE('',(#10049),#10060,.T.);
#10049 = FACE_BOUND('',#10050,.T.);
#10050 = EDGE_LOOP('',(#10051,#10052,#10053,#10059));
#10051 = ORIENTED_EDGE('',*,*,#10020,.T.);
#10052 = ORIENTED_EDGE('',*,*,#5817,.T.);
#10053 = ORIENTED_EDGE('',*,*,#10054,.F.);
#10054 = EDGE_CURVE('',#880,#5810,#10055,.T.);
#10055 = LINE('',#10056,#10057);
#10056 = CARTESIAN_POINT('',(37.999892,-16.99991,0.));
#10057 = VECTOR('',#10058,1.);
#10058 = DIRECTION('',(0.,0.,1.));
#10059 = ORIENTED_EDGE('',*,*,#887,.F.);
#10060 = PLANE('',#10061);
#10061 = AXIS2_PLACEMENT_3D('',#10062,#10063,#10064);
#10062 = CARTESIAN_POINT('',(37.999892,-15.99991,0.));
#10063 = DIRECTION('',(1.,0.,-0.));
#10064 = DIRECTION('',(0.,-1.,0.));
#10065 = ADVANCED_FACE('',(#10066),#10077,.T.);
#10066 = FACE_BOUND('',#10067,.T.);
#10067 = EDGE_LOOP('',(#10068,#10074,#10075,#10076));
#10068 = ORIENTED_EDGE('',*,*,#10069,.T.);
#10069 = EDGE_CURVE('',#160,#5090,#10070,.T.);
#10070 = LINE('',#10071,#10072);
#10071 = CARTESIAN_POINT('',(20.999892,-18.99991,0.));
#10072 = VECTOR('',#10073,1.);
#10073 = DIRECTION('',(0.,0.,1.));
#10074 = ORIENTED_EDGE('',*,*,#5089,.T.);
#10075 = ORIENTED_EDGE('',*,*,#10035,.F.);
#10076 = ORIENTED_EDGE('',*,*,#159,.F.);
#10077 = PLANE('',#10078);
#10078 = AXIS2_PLACEMENT_3D('',#10079,#10080,#10081);
#10079 = CARTESIAN_POINT('',(20.999892,-18.99991,0.));
#10080 = DIRECTION('',(-1.,0.,0.));
#10081 = DIRECTION('',(0.,1.,0.));
#10082 = ADVANCED_FACE('',(#10083),#10094,.T.);
#10083 = FACE_BOUND('',#10084,.T.);
#10084 = EDGE_LOOP('',(#10085,#10086,#10087,#10093));
#10085 = ORIENTED_EDGE('',*,*,#10054,.T.);
#10086 = ORIENTED_EDGE('',*,*,#5809,.T.);
#10087 = ORIENTED_EDGE('',*,*,#10088,.F.);
#10088 = EDGE_CURVE('',#872,#5802,#10089,.T.);
#10089 = LINE('',#10090,#10091);
#10090 = CARTESIAN_POINT('',(44.999892,-16.99991,0.));
#10091 = VECTOR('',#10092,1.);
#10092 = DIRECTION('',(0.,0.,1.));
#10093 = ORIENTED_EDGE('',*,*,#879,.F.);
#10094 = PLANE('',#10095);
#10095 = AXIS2_PLACEMENT_3D('',#10096,#10097,#10098);
#10096 = CARTESIAN_POINT('',(37.999892,-16.99991,0.));
#10097 = DIRECTION('',(0.,1.,0.));
#10098 = DIRECTION('',(1.,0.,0.));
#10099 = ADVANCED_FACE('',(#10100),#10111,.T.);
#10100 = FACE_BOUND('',#10101,.T.);
#10101 = EDGE_LOOP('',(#10102,#10108,#10109,#10110));
#10102 = ORIENTED_EDGE('',*,*,#10103,.T.);
#10103 = EDGE_CURVE('',#168,#5098,#10104,.T.);
#10104 = LINE('',#10105,#10106);
#10105 = CARTESIAN_POINT('',(20.999892,-20.99991,0.));
#10106 = VECTOR('',#10107,1.);
#10107 = DIRECTION('',(0.,0.,1.));
#10108 = ORIENTED_EDGE('',*,*,#5097,.T.);
#10109 = ORIENTED_EDGE('',*,*,#10069,.F.);
#10110 = ORIENTED_EDGE('',*,*,#167,.F.);
#10111 = PLANE('',#10112);
#10112 = AXIS2_PLACEMENT_3D('',#10113,#10114,#10115);
#10113 = CARTESIAN_POINT('',(20.999892,-20.99991,0.));
#10114 = DIRECTION('',(-1.,0.,0.));
#10115 = DIRECTION('',(0.,1.,0.));
#10116 = ADVANCED_FACE('',(#10117),#10128,.T.);
#10117 = FACE_BOUND('',#10118,.T.);
#10118 = EDGE_LOOP('',(#10119,#10120,#10121,#10127));
#10119 = ORIENTED_EDGE('',*,*,#10088,.T.);
#10120 = ORIENTED_EDGE('',*,*,#5801,.T.);
#10121 = ORIENTED_EDGE('',*,*,#10122,.F.);
#10122 = EDGE_CURVE('',#864,#5794,#10123,.T.);
#10123 = LINE('',#10124,#10125);
#10124 = CARTESIAN_POINT('',(44.999892,-15.99991,0.));
#10125 = VECTOR('',#10126,1.);
#10126 = DIRECTION('',(0.,0.,1.));
#10127 = ORIENTED_EDGE('',*,*,#871,.F.);
#10128 = PLANE('',#10129);
#10129 = AXIS2_PLACEMENT_3D('',#10130,#10131,#10132);
#10130 = CARTESIAN_POINT('',(44.999892,-16.99991,0.));
#10131 = DIRECTION('',(-1.,0.,0.));
#10132 = DIRECTION('',(0.,1.,0.));
#10133 = ADVANCED_FACE('',(#10134),#10145,.T.);
#10134 = FACE_BOUND('',#10135,.T.);
#10135 = EDGE_LOOP('',(#10136,#10142,#10143,#10144));
#10136 = ORIENTED_EDGE('',*,*,#10137,.T.);
#10137 = EDGE_CURVE('',#176,#5106,#10138,.T.);
#10138 = LINE('',#10139,#10140);
#10139 = CARTESIAN_POINT('',(19.999892,-27.99991,0.));
#10140 = VECTOR('',#10141,1.);
#10141 = DIRECTION('',(0.,0.,1.));
#10142 = ORIENTED_EDGE('',*,*,#5105,.T.);
#10143 = ORIENTED_EDGE('',*,*,#10103,.F.);
#10144 = ORIENTED_EDGE('',*,*,#175,.F.);
#10145 = PLANE('',#10146);
#10146 = AXIS2_PLACEMENT_3D('',#10147,#10148,#10149);
#10147 = CARTESIAN_POINT('',(19.999892,-27.99991,0.));
#10148 = DIRECTION('',(-0.989949493661,0.141421356237,0.));
#10149 = DIRECTION('',(0.141421356237,0.989949493661,0.));
#10150 = ADVANCED_FACE('',(#10151),#10162,.T.);
#10151 = FACE_BOUND('',#10152,.T.);
#10152 = EDGE_LOOP('',(#10153,#10154,#10155,#10161));
#10153 = ORIENTED_EDGE('',*,*,#10122,.T.);
#10154 = ORIENTED_EDGE('',*,*,#5793,.T.);
#10155 = ORIENTED_EDGE('',*,*,#10156,.F.);
#10156 = EDGE_CURVE('',#856,#5786,#10157,.T.);
#10157 = LINE('',#10158,#10159);
#10158 = CARTESIAN_POINT('',(49.999892,-15.99991,0.));
#10159 = VECTOR('',#10160,1.);
#10160 = DIRECTION('',(0.,0.,1.));
#10161 = ORIENTED_EDGE('',*,*,#863,.F.);
#10162 = PLANE('',#10163);
#10163 = AXIS2_PLACEMENT_3D('',#10164,#10165,#10166);
#10164 = CARTESIAN_POINT('',(44.999892,-15.99991,0.));
#10165 = DIRECTION('',(0.,1.,0.));
#10166 = DIRECTION('',(1.,0.,0.));
#10167 = ADVANCED_FACE('',(#10168),#10179,.T.);
#10168 = FACE_BOUND('',#10169,.T.);
#10169 = EDGE_LOOP('',(#10170,#10176,#10177,#10178));
#10170 = ORIENTED_EDGE('',*,*,#10171,.T.);
#10171 = EDGE_CURVE('',#184,#5114,#10172,.T.);
#10172 = LINE('',#10173,#10174);
#10173 = CARTESIAN_POINT('',(19.999892,-34.99991,0.));
#10174 = VECTOR('',#10175,1.);
#10175 = DIRECTION('',(0.,0.,1.));
#10176 = ORIENTED_EDGE('',*,*,#5113,.T.);
#10177 = ORIENTED_EDGE('',*,*,#10137,.F.);
#10178 = ORIENTED_EDGE('',*,*,#183,.F.);
#10179 = PLANE('',#10180);
#10180 = AXIS2_PLACEMENT_3D('',#10181,#10182,#10183);
#10181 = CARTESIAN_POINT('',(19.999892,-34.99991,0.));
#10182 = DIRECTION('',(-1.,0.,0.));
#10183 = DIRECTION('',(0.,1.,0.));
#10184 = ADVANCED_FACE('',(#10185),#10196,.T.);
#10185 = FACE_BOUND('',#10186,.T.);
#10186 = EDGE_LOOP('',(#10187,#10188,#10189,#10195));
#10187 = ORIENTED_EDGE('',*,*,#10156,.T.);
#10188 = ORIENTED_EDGE('',*,*,#5785,.T.);
#10189 = ORIENTED_EDGE('',*,*,#10190,.F.);
#10190 = EDGE_CURVE('',#848,#5778,#10191,.T.);
#10191 = LINE('',#10192,#10193);
#10192 = CARTESIAN_POINT('',(49.999892,-16.99991,0.));
#10193 = VECTOR('',#10194,1.);
#10194 = DIRECTION('',(0.,0.,1.));
#10195 = ORIENTED_EDGE('',*,*,#855,.F.);
#10196 = PLANE('',#10197);
#10197 = AXIS2_PLACEMENT_3D('',#10198,#10199,#10200);
#10198 = CARTESIAN_POINT('',(49.999892,-15.99991,0.));
#10199 = DIRECTION('',(1.,0.,-0.));
#10200 = DIRECTION('',(0.,-1.,0.));
#10201 = ADVANCED_FACE('',(#10202),#10213,.T.);
#10202 = FACE_BOUND('',#10203,.T.);
#10203 = EDGE_LOOP('',(#10204,#10210,#10211,#10212));
#10204 = ORIENTED_EDGE('',*,*,#10205,.T.);
#10205 = EDGE_CURVE('',#192,#5122,#10206,.T.);
#10206 = LINE('',#10207,#10208);
#10207 = CARTESIAN_POINT('',(20.999892,-42.99991,0.));
#10208 = VECTOR('',#10209,1.);
#10209 = DIRECTION('',(0.,0.,1.));
#10210 = ORIENTED_EDGE('',*,*,#5121,.T.);
#10211 = ORIENTED_EDGE('',*,*,#10171,.F.);
#10212 = ORIENTED_EDGE('',*,*,#191,.F.);
#10213 = PLANE('',#10214);
#10214 = AXIS2_PLACEMENT_3D('',#10215,#10216,#10217);
#10215 = CARTESIAN_POINT('',(20.999892,-42.99991,0.));
#10216 = DIRECTION('',(-0.992277876714,-0.124034734589,0.));
#10217 = DIRECTION('',(-0.124034734589,0.992277876714,0.));
#10218 = ADVANCED_FACE('',(#10219),#10230,.T.);
#10219 = FACE_BOUND('',#10220,.T.);
#10220 = EDGE_LOOP('',(#10221,#10222,#10223,#10229));
#10221 = ORIENTED_EDGE('',*,*,#10190,.T.);
#10222 = ORIENTED_EDGE('',*,*,#5777,.T.);
#10223 = ORIENTED_EDGE('',*,*,#10224,.F.);
#10224 = EDGE_CURVE('',#840,#5770,#10225,.T.);
#10225 = LINE('',#10226,#10227);
#10226 = CARTESIAN_POINT('',(56.999892,-16.99991,0.));
#10227 = VECTOR('',#10228,1.);
#10228 = DIRECTION('',(0.,0.,1.));
#10229 = ORIENTED_EDGE('',*,*,#847,.F.);
#10230 = PLANE('',#10231);
#10231 = AXIS2_PLACEMENT_3D('',#10232,#10233,#10234);
#10232 = CARTESIAN_POINT('',(49.999892,-16.99991,0.));
#10233 = DIRECTION('',(0.,1.,0.));
#10234 = DIRECTION('',(1.,0.,0.));
#10235 = ADVANCED_FACE('',(#10236),#10247,.T.);
#10236 = FACE_BOUND('',#10237,.T.);
#10237 = EDGE_LOOP('',(#10238,#10244,#10245,#10246));
#10238 = ORIENTED_EDGE('',*,*,#10239,.T.);
#10239 = EDGE_CURVE('',#200,#5130,#10240,.T.);
#10240 = LINE('',#10241,#10242);
#10241 = CARTESIAN_POINT('',(20.999892,-43.99991,0.));
#10242 = VECTOR('',#10243,1.);
#10243 = DIRECTION('',(0.,0.,1.));
#10244 = ORIENTED_EDGE('',*,*,#5129,.T.);
#10245 = ORIENTED_EDGE('',*,*,#10205,.F.);
#10246 = ORIENTED_EDGE('',*,*,#199,.F.);
#10247 = PLANE('',#10248);
#10248 = AXIS2_PLACEMENT_3D('',#10249,#10250,#10251);
#10249 = CARTESIAN_POINT('',(20.999892,-43.99991,0.));
#10250 = DIRECTION('',(-1.,0.,0.));
#10251 = DIRECTION('',(0.,1.,0.));
#10252 = ADVANCED_FACE('',(#10253),#10264,.T.);
#10253 = FACE_BOUND('',#10254,.T.);
#10254 = EDGE_LOOP('',(#10255,#10256,#10257,#10263));
#10255 = ORIENTED_EDGE('',*,*,#10224,.T.);
#10256 = ORIENTED_EDGE('',*,*,#5769,.T.);
#10257 = ORIENTED_EDGE('',*,*,#10258,.F.);
#10258 = EDGE_CURVE('',#832,#5762,#10259,.T.);
#10259 = LINE('',#10260,#10261);
#10260 = CARTESIAN_POINT('',(56.999892,-15.99991,0.));
#10261 = VECTOR('',#10262,1.);
#10262 = DIRECTION('',(0.,0.,1.));
#10263 = ORIENTED_EDGE('',*,*,#839,.F.);
#10264 = PLANE('',#10265);
#10265 = AXIS2_PLACEMENT_3D('',#10266,#10267,#10268);
#10266 = CARTESIAN_POINT('',(56.999892,-16.99991,0.));
#10267 = DIRECTION('',(-1.,0.,0.));
#10268 = DIRECTION('',(0.,1.,0.));
#10269 = ADVANCED_FACE('',(#10270),#10281,.T.);
#10270 = FACE_BOUND('',#10271,.T.);
#10271 = EDGE_LOOP('',(#10272,#10278,#10279,#10280));
#10272 = ORIENTED_EDGE('',*,*,#10273,.T.);
#10273 = EDGE_CURVE('',#208,#5138,#10274,.T.);
#10274 = LINE('',#10275,#10276);
#10275 = CARTESIAN_POINT('',(20.999892,-45.99991,0.));
#10276 = VECTOR('',#10277,1.);
#10277 = DIRECTION('',(0.,0.,1.));
#10278 = ORIENTED_EDGE('',*,*,#5137,.T.);
#10279 = ORIENTED_EDGE('',*,*,#10239,.F.);
#10280 = ORIENTED_EDGE('',*,*,#207,.F.);
#10281 = PLANE('',#10282);
#10282 = AXIS2_PLACEMENT_3D('',#10283,#10284,#10285);
#10283 = CARTESIAN_POINT('',(20.999892,-45.99991,0.));
#10284 = DIRECTION('',(-1.,0.,0.));
#10285 = DIRECTION('',(0.,1.,0.));
#10286 = ADVANCED_FACE('',(#10287),#10298,.T.);
#10287 = FACE_BOUND('',#10288,.T.);
#10288 = EDGE_LOOP('',(#10289,#10290,#10291,#10297));
#10289 = ORIENTED_EDGE('',*,*,#10258,.T.);
#10290 = ORIENTED_EDGE('',*,*,#5761,.T.);
#10291 = ORIENTED_EDGE('',*,*,#10292,.F.);
#10292 = EDGE_CURVE('',#824,#5754,#10293,.T.);
#10293 = LINE('',#10294,#10295);
#10294 = CARTESIAN_POINT('',(61.999892,-15.99991,0.));
#10295 = VECTOR('',#10296,1.);
#10296 = DIRECTION('',(0.,0.,1.));
#10297 = ORIENTED_EDGE('',*,*,#831,.F.);
#10298 = PLANE('',#10299);
#10299 = AXIS2_PLACEMENT_3D('',#10300,#10301,#10302);
#10300 = CARTESIAN_POINT('',(56.999892,-15.99991,0.));
#10301 = DIRECTION('',(0.,1.,0.));
#10302 = DIRECTION('',(1.,0.,0.));
#10303 = ADVANCED_FACE('',(#10304),#10315,.T.);
#10304 = FACE_BOUND('',#10305,.T.);
#10305 = EDGE_LOOP('',(#10306,#10312,#10313,#10314));
#10306 = ORIENTED_EDGE('',*,*,#10307,.T.);
#10307 = EDGE_CURVE('',#216,#5146,#10308,.T.);
#10308 = LINE('',#10309,#10310);
#10309 = CARTESIAN_POINT('',(20.999892,-58.99991,0.));
#10310 = VECTOR('',#10311,1.);
#10311 = DIRECTION('',(0.,0.,1.));
#10312 = ORIENTED_EDGE('',*,*,#5145,.T.);
#10313 = ORIENTED_EDGE('',*,*,#10273,.F.);
#10314 = ORIENTED_EDGE('',*,*,#215,.F.);
#10315 = PLANE('',#10316);
#10316 = AXIS2_PLACEMENT_3D('',#10317,#10318,#10319);
#10317 = CARTESIAN_POINT('',(20.999892,-58.99991,0.));
#10318 = DIRECTION('',(-1.,0.,0.));
#10319 = DIRECTION('',(0.,1.,0.));
#10320 = ADVANCED_FACE('',(#10321),#10332,.T.);
#10321 = FACE_BOUND('',#10322,.T.);
#10322 = EDGE_LOOP('',(#10323,#10324,#10325,#10331));
#10323 = ORIENTED_EDGE('',*,*,#10292,.T.);
#10324 = ORIENTED_EDGE('',*,*,#5753,.T.);
#10325 = ORIENTED_EDGE('',*,*,#10326,.F.);
#10326 = EDGE_CURVE('',#816,#5746,#10327,.T.);
#10327 = LINE('',#10328,#10329);
#10328 = CARTESIAN_POINT('',(61.999892,-16.99991,0.));
#10329 = VECTOR('',#10330,1.);
#10330 = DIRECTION('',(0.,0.,1.));
#10331 = ORIENTED_EDGE('',*,*,#823,.F.);
#10332 = PLANE('',#10333);
#10333 = AXIS2_PLACEMENT_3D('',#10334,#10335,#10336);
#10334 = CARTESIAN_POINT('',(61.999892,-15.99991,0.));
#10335 = DIRECTION('',(1.,0.,-0.));
#10336 = DIRECTION('',(0.,-1.,0.));
#10337 = ADVANCED_FACE('',(#10338),#10349,.T.);
#10338 = FACE_BOUND('',#10339,.T.);
#10339 = EDGE_LOOP('',(#10340,#10346,#10347,#10348));
#10340 = ORIENTED_EDGE('',*,*,#10341,.T.);
#10341 = EDGE_CURVE('',#224,#5154,#10342,.T.);
#10342 = LINE('',#10343,#10344);
#10343 = CARTESIAN_POINT('',(20.999892,-72.99991,0.));
#10344 = VECTOR('',#10345,1.);
#10345 = DIRECTION('',(0.,0.,1.));
#10346 = ORIENTED_EDGE('',*,*,#5153,.T.);
#10347 = ORIENTED_EDGE('',*,*,#10307,.F.);
#10348 = ORIENTED_EDGE('',*,*,#223,.F.);
#10349 = PLANE('',#10350);
#10350 = AXIS2_PLACEMENT_3D('',#10351,#10352,#10353);
#10351 = CARTESIAN_POINT('',(20.999892,-72.99991,0.));
#10352 = DIRECTION('',(-1.,0.,0.));
#10353 = DIRECTION('',(0.,1.,0.));
#10354 = ADVANCED_FACE('',(#10355),#10366,.T.);
#10355 = FACE_BOUND('',#10356,.T.);
#10356 = EDGE_LOOP('',(#10357,#10358,#10359,#10365));
#10357 = ORIENTED_EDGE('',*,*,#10326,.T.);
#10358 = ORIENTED_EDGE('',*,*,#5745,.T.);
#10359 = ORIENTED_EDGE('',*,*,#10360,.F.);
#10360 = EDGE_CURVE('',#808,#5738,#10361,.T.);
#10361 = LINE('',#10362,#10363);
#10362 = CARTESIAN_POINT('',(68.999892,-16.99991,0.));
#10363 = VECTOR('',#10364,1.);
#10364 = DIRECTION('',(0.,0.,1.));
#10365 = ORIENTED_EDGE('',*,*,#815,.F.);
#10366 = PLANE('',#10367);
#10367 = AXIS2_PLACEMENT_3D('',#10368,#10369,#10370);
#10368 = CARTESIAN_POINT('',(61.999892,-16.99991,0.));
#10369 = DIRECTION('',(0.,1.,0.));
#10370 = DIRECTION('',(1.,0.,0.));
#10371 = ADVANCED_FACE('',(#10372),#10383,.T.);
#10372 = FACE_BOUND('',#10373,.T.);
#10373 = EDGE_LOOP('',(#10374,#10380,#10381,#10382));
#10374 = ORIENTED_EDGE('',*,*,#10375,.T.);
#10375 = EDGE_CURVE('',#232,#5162,#10376,.T.);
#10376 = LINE('',#10377,#10378);
#10377 = CARTESIAN_POINT('',(20.999892,-85.99991,0.));
#10378 = VECTOR('',#10379,1.);
#10379 = DIRECTION('',(0.,0.,1.));
#10380 = ORIENTED_EDGE('',*,*,#5161,.T.);
#10381 = ORIENTED_EDGE('',*,*,#10341,.F.);
#10382 = ORIENTED_EDGE('',*,*,#231,.F.);
#10383 = PLANE('',#10384);
#10384 = AXIS2_PLACEMENT_3D('',#10385,#10386,#10387);
#10385 = CARTESIAN_POINT('',(20.999892,-85.99991,0.));
#10386 = DIRECTION('',(-1.,0.,0.));
#10387 = DIRECTION('',(0.,1.,0.));
#10388 = ADVANCED_FACE('',(#10389),#10400,.T.);
#10389 = FACE_BOUND('',#10390,.T.);
#10390 = EDGE_LOOP('',(#10391,#10392,#10393,#10399));
#10391 = ORIENTED_EDGE('',*,*,#10360,.T.);
#10392 = ORIENTED_EDGE('',*,*,#5737,.T.);
#10393 = ORIENTED_EDGE('',*,*,#10394,.F.);
#10394 = EDGE_CURVE('',#800,#5730,#10395,.T.);
#10395 = LINE('',#10396,#10397);
#10396 = CARTESIAN_POINT('',(68.999892,-15.99991,0.));
#10397 = VECTOR('',#10398,1.);
#10398 = DIRECTION('',(0.,0.,1.));
#10399 = ORIENTED_EDGE('',*,*,#807,.F.);
#10400 = PLANE('',#10401);
#10401 = AXIS2_PLACEMENT_3D('',#10402,#10403,#10404);
#10402 = CARTESIAN_POINT('',(68.999892,-16.99991,0.));
#10403 = DIRECTION('',(-1.,0.,0.));
#10404 = DIRECTION('',(0.,1.,0.));
#10405 = ADVANCED_FACE('',(#10406),#10417,.T.);
#10406 = FACE_BOUND('',#10407,.T.);
#10407 = EDGE_LOOP('',(#10408,#10414,#10415,#10416));
#10408 = ORIENTED_EDGE('',*,*,#10409,.T.);
#10409 = EDGE_CURVE('',#240,#5170,#10410,.T.);
#10410 = LINE('',#10411,#10412);
#10411 = CARTESIAN_POINT('',(20.999892,-87.99991,0.));
#10412 = VECTOR('',#10413,1.);
#10413 = DIRECTION('',(0.,0.,1.));
#10414 = ORIENTED_EDGE('',*,*,#5169,.T.);
#10415 = ORIENTED_EDGE('',*,*,#10375,.F.);
#10416 = ORIENTED_EDGE('',*,*,#239,.F.);
#10417 = PLANE('',#10418);
#10418 = AXIS2_PLACEMENT_3D('',#10419,#10420,#10421);
#10419 = CARTESIAN_POINT('',(20.999892,-87.99991,0.));
#10420 = DIRECTION('',(-1.,0.,0.));
#10421 = DIRECTION('',(0.,1.,0.));
#10422 = ADVANCED_FACE('',(#10423),#10434,.T.);
#10423 = FACE_BOUND('',#10424,.T.);
#10424 = EDGE_LOOP('',(#10425,#10426,#10427,#10433));
#10425 = ORIENTED_EDGE('',*,*,#10394,.T.);
#10426 = ORIENTED_EDGE('',*,*,#5729,.T.);
#10427 = ORIENTED_EDGE('',*,*,#10428,.F.);
#10428 = EDGE_CURVE('',#792,#5722,#10429,.T.);
#10429 = LINE('',#10430,#10431);
#10430 = CARTESIAN_POINT('',(73.999892,-15.99991,0.));
#10431 = VECTOR('',#10432,1.);
#10432 = DIRECTION('',(0.,0.,1.));
#10433 = ORIENTED_EDGE('',*,*,#799,.F.);
#10434 = PLANE('',#10435);
#10435 = AXIS2_PLACEMENT_3D('',#10436,#10437,#10438);
#10436 = CARTESIAN_POINT('',(68.999892,-15.99991,0.));
#10437 = DIRECTION('',(0.,1.,0.));
#10438 = DIRECTION('',(1.,0.,0.));
#10439 = ADVANCED_FACE('',(#10440),#10451,.T.);
#10440 = FACE_BOUND('',#10441,.T.);
#10441 = EDGE_LOOP('',(#10442,#10448,#10449,#10450));
#10442 = ORIENTED_EDGE('',*,*,#10443,.T.);
#10443 = EDGE_CURVE('',#248,#5178,#10444,.T.);
#10444 = LINE('',#10445,#10446);
#10445 = CARTESIAN_POINT('',(20.999892,-88.99991,0.));
#10446 = VECTOR('',#10447,1.);
#10447 = DIRECTION('',(0.,0.,1.));
#10448 = ORIENTED_EDGE('',*,*,#5177,.T.);
#10449 = ORIENTED_EDGE('',*,*,#10409,.F.);
#10450 = ORIENTED_EDGE('',*,*,#247,.F.);
#10451 = PLANE('',#10452);
#10452 = AXIS2_PLACEMENT_3D('',#10453,#10454,#10455);
#10453 = CARTESIAN_POINT('',(20.999892,-88.99991,0.));
#10454 = DIRECTION('',(-1.,0.,0.));
#10455 = DIRECTION('',(0.,1.,0.));
#10456 = ADVANCED_FACE('',(#10457),#10468,.T.);
#10457 = FACE_BOUND('',#10458,.T.);
#10458 = EDGE_LOOP('',(#10459,#10460,#10461,#10467));
#10459 = ORIENTED_EDGE('',*,*,#10428,.T.);
#10460 = ORIENTED_EDGE('',*,*,#5721,.T.);
#10461 = ORIENTED_EDGE('',*,*,#10462,.F.);
#10462 = EDGE_CURVE('',#784,#5714,#10463,.T.);
#10463 = LINE('',#10464,#10465);
#10464 = CARTESIAN_POINT('',(73.999892,-16.99991,0.));
#10465 = VECTOR('',#10466,1.);
#10466 = DIRECTION('',(0.,0.,1.));
#10467 = ORIENTED_EDGE('',*,*,#791,.F.);
#10468 = PLANE('',#10469);
#10469 = AXIS2_PLACEMENT_3D('',#10470,#10471,#10472);
#10470 = CARTESIAN_POINT('',(73.999892,-15.99991,0.));
#10471 = DIRECTION('',(1.,0.,-0.));
#10472 = DIRECTION('',(0.,-1.,0.));
#10473 = ADVANCED_FACE('',(#10474),#10485,.T.);
#10474 = FACE_BOUND('',#10475,.T.);
#10475 = EDGE_LOOP('',(#10476,#10482,#10483,#10484));
#10476 = ORIENTED_EDGE('',*,*,#10477,.T.);
#10477 = EDGE_CURVE('',#256,#5186,#10478,.T.);
#10478 = LINE('',#10479,#10480);
#10479 = CARTESIAN_POINT('',(19.999892,-96.99991,0.));
#10480 = VECTOR('',#10481,1.);
#10481 = DIRECTION('',(0.,0.,1.));
#10482 = ORIENTED_EDGE('',*,*,#5185,.T.);
#10483 = ORIENTED_EDGE('',*,*,#10443,.F.);
#10484 = ORIENTED_EDGE('',*,*,#255,.F.);
#10485 = PLANE('',#10486);
#10486 = AXIS2_PLACEMENT_3D('',#10487,#10488,#10489);
#10487 = CARTESIAN_POINT('',(19.999892,-96.99991,0.));
#10488 = DIRECTION('',(-0.992277876714,0.124034734589,0.));
#10489 = DIRECTION('',(0.124034734589,0.992277876714,0.));
#10490 = ADVANCED_FACE('',(#10491),#10502,.T.);
#10491 = FACE_BOUND('',#10492,.T.);
#10492 = EDGE_LOOP('',(#10493,#10494,#10495,#10501));
#10493 = ORIENTED_EDGE('',*,*,#10462,.T.);
#10494 = ORIENTED_EDGE('',*,*,#5713,.T.);
#10495 = ORIENTED_EDGE('',*,*,#10496,.F.);
#10496 = EDGE_CURVE('',#776,#5706,#10497,.T.);
#10497 = LINE('',#10498,#10499);
#10498 = CARTESIAN_POINT('',(80.999892,-16.99991,0.));
#10499 = VECTOR('',#10500,1.);
#10500 = DIRECTION('',(0.,0.,1.));
#10501 = ORIENTED_EDGE('',*,*,#783,.F.);
#10502 = PLANE('',#10503);
#10503 = AXIS2_PLACEMENT_3D('',#10504,#10505,#10506);
#10504 = CARTESIAN_POINT('',(73.999892,-16.99991,0.));
#10505 = DIRECTION('',(0.,1.,0.));
#10506 = DIRECTION('',(1.,0.,0.));
#10507 = ADVANCED_FACE('',(#10508),#10519,.T.);
#10508 = FACE_BOUND('',#10509,.T.);
#10509 = EDGE_LOOP('',(#10510,#10516,#10517,#10518));
#10510 = ORIENTED_EDGE('',*,*,#10511,.T.);
#10511 = EDGE_CURVE('',#264,#5194,#10512,.T.);
#10512 = LINE('',#10513,#10514);
#10513 = CARTESIAN_POINT('',(19.999892,-103.99991,0.));
#10514 = VECTOR('',#10515,1.);
#10515 = DIRECTION('',(0.,0.,1.));
#10516 = ORIENTED_EDGE('',*,*,#5193,.T.);
#10517 = ORIENTED_EDGE('',*,*,#10477,.F.);
#10518 = ORIENTED_EDGE('',*,*,#263,.F.);
#10519 = PLANE('',#10520);
#10520 = AXIS2_PLACEMENT_3D('',#10521,#10522,#10523);
#10521 = CARTESIAN_POINT('',(19.999892,-103.99991,0.));
#10522 = DIRECTION('',(-1.,0.,0.));
#10523 = DIRECTION('',(0.,1.,0.));
#10524 = ADVANCED_FACE('',(#10525),#10536,.T.);
#10525 = FACE_BOUND('',#10526,.T.);
#10526 = EDGE_LOOP('',(#10527,#10528,#10529,#10535));
#10527 = ORIENTED_EDGE('',*,*,#10496,.T.);
#10528 = ORIENTED_EDGE('',*,*,#5705,.T.);
#10529 = ORIENTED_EDGE('',*,*,#10530,.F.);
#10530 = EDGE_CURVE('',#768,#5698,#10531,.T.);
#10531 = LINE('',#10532,#10533);
#10532 = CARTESIAN_POINT('',(80.999892,-15.99991,0.));
#10533 = VECTOR('',#10534,1.);
#10534 = DIRECTION('',(0.,0.,1.));
#10535 = ORIENTED_EDGE('',*,*,#775,.F.);
#10536 = PLANE('',#10537);
#10537 = AXIS2_PLACEMENT_3D('',#10538,#10539,#10540);
#10538 = CARTESIAN_POINT('',(80.999892,-16.99991,0.));
#10539 = DIRECTION('',(-1.,0.,0.));
#10540 = DIRECTION('',(0.,1.,0.));
#10541 = ADVANCED_FACE('',(#10542),#10553,.T.);
#10542 = FACE_BOUND('',#10543,.T.);
#10543 = EDGE_LOOP('',(#10544,#10550,#10551,#10552));
#10544 = ORIENTED_EDGE('',*,*,#10545,.T.);
#10545 = EDGE_CURVE('',#272,#5202,#10546,.T.);
#10546 = LINE('',#10547,#10548);
#10547 = CARTESIAN_POINT('',(20.999892,-110.99991,0.));
#10548 = VECTOR('',#10549,1.);
#10549 = DIRECTION('',(0.,0.,1.));
#10550 = ORIENTED_EDGE('',*,*,#5201,.T.);
#10551 = ORIENTED_EDGE('',*,*,#10511,.F.);
#10552 = ORIENTED_EDGE('',*,*,#271,.F.);
#10553 = PLANE('',#10554);
#10554 = AXIS2_PLACEMENT_3D('',#10555,#10556,#10557);
#10555 = CARTESIAN_POINT('',(20.999892,-110.99991,0.));
#10556 = DIRECTION('',(-0.989949493661,-0.141421356237,0.));
#10557 = DIRECTION('',(-0.141421356237,0.989949493661,0.));
#10558 = ADVANCED_FACE('',(#10559),#10570,.T.);
#10559 = FACE_BOUND('',#10560,.T.);
#10560 = EDGE_LOOP('',(#10561,#10562,#10563,#10569));
#10561 = ORIENTED_EDGE('',*,*,#10530,.T.);
#10562 = ORIENTED_EDGE('',*,*,#5697,.T.);
#10563 = ORIENTED_EDGE('',*,*,#10564,.F.);
#10564 = EDGE_CURVE('',#760,#5690,#10565,.T.);
#10565 = LINE('',#10566,#10567);
#10566 = CARTESIAN_POINT('',(85.999892,-15.99991,0.));
#10567 = VECTOR('',#10568,1.);
#10568 = DIRECTION('',(0.,0.,1.));
#10569 = ORIENTED_EDGE('',*,*,#767,.F.);
#10570 = PLANE('',#10571);
#10571 = AXIS2_PLACEMENT_3D('',#10572,#10573,#10574);
#10572 = CARTESIAN_POINT('',(80.999892,-15.99991,0.));
#10573 = DIRECTION('',(0.,1.,0.));
#10574 = DIRECTION('',(1.,0.,0.));
#10575 = ADVANCED_FACE('',(#10576),#10587,.T.);
#10576 = FACE_BOUND('',#10577,.T.);
#10577 = EDGE_LOOP('',(#10578,#10584,#10585,#10586));
#10578 = ORIENTED_EDGE('',*,*,#10579,.T.);
#10579 = EDGE_CURVE('',#280,#5210,#10580,.T.);
#10580 = LINE('',#10581,#10582);
#10581 = CARTESIAN_POINT('',(20.999892,-112.99991,0.));
#10582 = VECTOR('',#10583,1.);
#10583 = DIRECTION('',(0.,0.,1.));
#10584 = ORIENTED_EDGE('',*,*,#5209,.T.);
#10585 = ORIENTED_EDGE('',*,*,#10545,.F.);
#10586 = ORIENTED_EDGE('',*,*,#279,.F.);
#10587 = PLANE('',#10588);
#10588 = AXIS2_PLACEMENT_3D('',#10589,#10590,#10591);
#10589 = CARTESIAN_POINT('',(20.999892,-112.99991,0.));
#10590 = DIRECTION('',(-1.,0.,0.));
#10591 = DIRECTION('',(0.,1.,0.));
#10592 = ADVANCED_FACE('',(#10593),#10604,.T.);
#10593 = FACE_BOUND('',#10594,.T.);
#10594 = EDGE_LOOP('',(#10595,#10596,#10597,#10603));
#10595 = ORIENTED_EDGE('',*,*,#10564,.T.);
#10596 = ORIENTED_EDGE('',*,*,#5689,.T.);
#10597 = ORIENTED_EDGE('',*,*,#10598,.F.);
#10598 = EDGE_CURVE('',#752,#5682,#10599,.T.);
#10599 = LINE('',#10600,#10601);
#10600 = CARTESIAN_POINT('',(85.999892,-16.99991,0.));
#10601 = VECTOR('',#10602,1.);
#10602 = DIRECTION('',(0.,0.,1.));
#10603 = ORIENTED_EDGE('',*,*,#759,.F.);
#10604 = PLANE('',#10605);
#10605 = AXIS2_PLACEMENT_3D('',#10606,#10607,#10608);
#10606 = CARTESIAN_POINT('',(85.999892,-15.99991,0.));
#10607 = DIRECTION('',(1.,0.,-0.));
#10608 = DIRECTION('',(0.,-1.,0.));
#10609 = ADVANCED_FACE('',(#10610),#10621,.T.);
#10610 = FACE_BOUND('',#10611,.T.);
#10611 = EDGE_LOOP('',(#10612,#10618,#10619,#10620));
#10612 = ORIENTED_EDGE('',*,*,#10613,.T.);
#10613 = EDGE_CURVE('',#288,#5218,#10614,.T.);
#10614 = LINE('',#10615,#10616);
#10615 = CARTESIAN_POINT('',(20.999892,-114.99991,0.));
#10616 = VECTOR('',#10617,1.);
#10617 = DIRECTION('',(0.,0.,1.));
#10618 = ORIENTED_EDGE('',*,*,#5217,.T.);
#10619 = ORIENTED_EDGE('',*,*,#10579,.F.);
#10620 = ORIENTED_EDGE('',*,*,#287,.F.);
#10621 = PLANE('',#10622);
#10622 = AXIS2_PLACEMENT_3D('',#10623,#10624,#10625);
#10623 = CARTESIAN_POINT('',(20.999892,-114.99991,0.));
#10624 = DIRECTION('',(-1.,0.,0.));
#10625 = DIRECTION('',(0.,1.,0.));
#10626 = ADVANCED_FACE('',(#10627),#10638,.T.);
#10627 = FACE_BOUND('',#10628,.T.);
#10628 = EDGE_LOOP('',(#10629,#10630,#10631,#10637));
#10629 = ORIENTED_EDGE('',*,*,#10598,.T.);
#10630 = ORIENTED_EDGE('',*,*,#5681,.T.);
#10631 = ORIENTED_EDGE('',*,*,#10632,.F.);
#10632 = EDGE_CURVE('',#744,#5674,#10633,.T.);
#10633 = LINE('',#10634,#10635);
#10634 = CARTESIAN_POINT('',(92.999892,-16.99991,0.));
#10635 = VECTOR('',#10636,1.);
#10636 = DIRECTION('',(0.,0.,1.));
#10637 = ORIENTED_EDGE('',*,*,#751,.F.);
#10638 = PLANE('',#10639);
#10639 = AXIS2_PLACEMENT_3D('',#10640,#10641,#10642);
#10640 = CARTESIAN_POINT('',(85.999892,-16.99991,0.));
#10641 = DIRECTION('',(0.,1.,0.));
#10642 = DIRECTION('',(1.,0.,0.));
#10643 = ADVANCED_FACE('',(#10644),#10655,.T.);
#10644 = FACE_BOUND('',#10645,.T.);
#10645 = EDGE_LOOP('',(#10646,#10652,#10653,#10654));
#10646 = ORIENTED_EDGE('',*,*,#10647,.T.);
#10647 = EDGE_CURVE('',#296,#5226,#10648,.T.);
#10648 = LINE('',#10649,#10650);
#10649 = CARTESIAN_POINT('',(20.999892,-115.99991,0.));
#10650 = VECTOR('',#10651,1.);
#10651 = DIRECTION('',(0.,0.,1.));
#10652 = ORIENTED_EDGE('',*,*,#5225,.T.);
#10653 = ORIENTED_EDGE('',*,*,#10613,.F.);
#10654 = ORIENTED_EDGE('',*,*,#295,.F.);
#10655 = PLANE('',#10656);
#10656 = AXIS2_PLACEMENT_3D('',#10657,#10658,#10659);
#10657 = CARTESIAN_POINT('',(20.999892,-115.99991,0.));
#10658 = DIRECTION('',(-1.,0.,0.));
#10659 = DIRECTION('',(0.,1.,0.));
#10660 = ADVANCED_FACE('',(#10661),#10672,.T.);
#10661 = FACE_BOUND('',#10662,.T.);
#10662 = EDGE_LOOP('',(#10663,#10664,#10665,#10671));
#10663 = ORIENTED_EDGE('',*,*,#10632,.T.);
#10664 = ORIENTED_EDGE('',*,*,#5673,.T.);
#10665 = ORIENTED_EDGE('',*,*,#10666,.F.);
#10666 = EDGE_CURVE('',#736,#5666,#10667,.T.);
#10667 = LINE('',#10668,#10669);
#10668 = CARTESIAN_POINT('',(92.999892,-15.99991,0.));
#10669 = VECTOR('',#10670,1.);
#10670 = DIRECTION('',(0.,0.,1.));
#10671 = ORIENTED_EDGE('',*,*,#743,.F.);
#10672 = PLANE('',#10673);
#10673 = AXIS2_PLACEMENT_3D('',#10674,#10675,#10676);
#10674 = CARTESIAN_POINT('',(92.999892,-16.99991,0.));
#10675 = DIRECTION('',(-1.,0.,0.));
#10676 = DIRECTION('',(0.,1.,0.));
#10677 = ADVANCED_FACE('',(#10678),#10689,.T.);
#10678 = FACE_BOUND('',#10679,.T.);
#10679 = EDGE_LOOP('',(#10680,#10686,#10687,#10688));
#10680 = ORIENTED_EDGE('',*,*,#10681,.T.);
#10681 = EDGE_CURVE('',#304,#5234,#10682,.T.);
#10682 = LINE('',#10683,#10684);
#10683 = CARTESIAN_POINT('',(25.999892,-115.99991,0.));
#10684 = VECTOR('',#10685,1.);
#10685 = DIRECTION('',(0.,0.,1.));
#10686 = ORIENTED_EDGE('',*,*,#5233,.T.);
#10687 = ORIENTED_EDGE('',*,*,#10647,.F.);
#10688 = ORIENTED_EDGE('',*,*,#303,.F.);
#10689 = PLANE('',#10690);
#10690 = AXIS2_PLACEMENT_3D('',#10691,#10692,#10693);
#10691 = CARTESIAN_POINT('',(25.999892,-115.99991,0.));
#10692 = DIRECTION('',(0.,-1.,0.));
#10693 = DIRECTION('',(-1.,0.,0.));
#10694 = ADVANCED_FACE('',(#10695),#10706,.T.);
#10695 = FACE_BOUND('',#10696,.T.);
#10696 = EDGE_LOOP('',(#10697,#10698,#10699,#10705));
#10697 = ORIENTED_EDGE('',*,*,#10666,.T.);
#10698 = ORIENTED_EDGE('',*,*,#5665,.T.);
#10699 = ORIENTED_EDGE('',*,*,#10700,.F.);
#10700 = EDGE_CURVE('',#728,#5658,#10701,.T.);
#10701 = LINE('',#10702,#10703);
#10702 = CARTESIAN_POINT('',(97.999892,-15.99991,0.));
#10703 = VECTOR('',#10704,1.);
#10704 = DIRECTION('',(0.,0.,1.));
#10705 = ORIENTED_EDGE('',*,*,#735,.F.);
#10706 = PLANE('',#10707);
#10707 = AXIS2_PLACEMENT_3D('',#10708,#10709,#10710);
#10708 = CARTESIAN_POINT('',(92.999892,-15.99991,0.));
#10709 = DIRECTION('',(0.,1.,0.));
#10710 = DIRECTION('',(1.,0.,0.));
#10711 = ADVANCED_FACE('',(#10712),#10723,.T.);
#10712 = FACE_BOUND('',#10713,.T.);
#10713 = EDGE_LOOP('',(#10714,#10720,#10721,#10722));
#10714 = ORIENTED_EDGE('',*,*,#10715,.T.);
#10715 = EDGE_CURVE('',#312,#5242,#10716,.T.);
#10716 = LINE('',#10717,#10718);
#10717 = CARTESIAN_POINT('',(25.999892,-114.99991,0.));
#10718 = VECTOR('',#10719,1.);
#10719 = DIRECTION('',(0.,0.,1.));
#10720 = ORIENTED_EDGE('',*,*,#5241,.T.);
#10721 = ORIENTED_EDGE('',*,*,#10681,.F.);
#10722 = ORIENTED_EDGE('',*,*,#311,.F.);
#10723 = PLANE('',#10724);
#10724 = AXIS2_PLACEMENT_3D('',#10725,#10726,#10727);
#10725 = CARTESIAN_POINT('',(25.999892,-114.99991,0.));
#10726 = DIRECTION('',(1.,0.,-0.));
#10727 = DIRECTION('',(0.,-1.,0.));
#10728 = ADVANCED_FACE('',(#10729),#10740,.T.);
#10729 = FACE_BOUND('',#10730,.T.);
#10730 = EDGE_LOOP('',(#10731,#10732,#10733,#10739));
#10731 = ORIENTED_EDGE('',*,*,#10700,.T.);
#10732 = ORIENTED_EDGE('',*,*,#5657,.T.);
#10733 = ORIENTED_EDGE('',*,*,#10734,.F.);
#10734 = EDGE_CURVE('',#720,#5650,#10735,.T.);
#10735 = LINE('',#10736,#10737);
#10736 = CARTESIAN_POINT('',(97.999892,-16.99991,0.));
#10737 = VECTOR('',#10738,1.);
#10738 = DIRECTION('',(0.,0.,1.));
#10739 = ORIENTED_EDGE('',*,*,#727,.F.);
#10740 = PLANE('',#10741);
#10741 = AXIS2_PLACEMENT_3D('',#10742,#10743,#10744);
#10742 = CARTESIAN_POINT('',(97.999892,-15.99991,0.));
#10743 = DIRECTION('',(1.,0.,-0.));
#10744 = DIRECTION('',(0.,-1.,0.));
#10745 = ADVANCED_FACE('',(#10746),#10757,.T.);
#10746 = FACE_BOUND('',#10747,.T.);
#10747 = EDGE_LOOP('',(#10748,#10754,#10755,#10756));
#10748 = ORIENTED_EDGE('',*,*,#10749,.T.);
#10749 = EDGE_CURVE('',#320,#5250,#10750,.T.);
#10750 = LINE('',#10751,#10752);
#10751 = CARTESIAN_POINT('',(32.999892,-114.99991,0.));
#10752 = VECTOR('',#10753,1.);
#10753 = DIRECTION('',(0.,0.,1.));
#10754 = ORIENTED_EDGE('',*,*,#5249,.T.);
#10755 = ORIENTED_EDGE('',*,*,#10715,.F.);
#10756 = ORIENTED_EDGE('',*,*,#319,.F.);
#10757 = PLANE('',#10758);
#10758 = AXIS2_PLACEMENT_3D('',#10759,#10760,#10761);
#10759 = CARTESIAN_POINT('',(32.999892,-114.99991,0.));
#10760 = DIRECTION('',(0.,-1.,0.));
#10761 = DIRECTION('',(-1.,0.,0.));
#10762 = ADVANCED_FACE('',(#10763),#10774,.T.);
#10763 = FACE_BOUND('',#10764,.T.);
#10764 = EDGE_LOOP('',(#10765,#10766,#10767,#10773));
#10765 = ORIENTED_EDGE('',*,*,#10734,.T.);
#10766 = ORIENTED_EDGE('',*,*,#5649,.T.);
#10767 = ORIENTED_EDGE('',*,*,#10768,.F.);
#10768 = EDGE_CURVE('',#712,#5642,#10769,.T.);
#10769 = LINE('',#10770,#10771);
#10770 = CARTESIAN_POINT('',(104.999892,-16.99991,0.));
#10771 = VECTOR('',#10772,1.);
#10772 = DIRECTION('',(0.,0.,1.));
#10773 = ORIENTED_EDGE('',*,*,#719,.F.);
#10774 = PLANE('',#10775);
#10775 = AXIS2_PLACEMENT_3D('',#10776,#10777,#10778);
#10776 = CARTESIAN_POINT('',(97.999892,-16.99991,0.));
#10777 = DIRECTION('',(0.,1.,0.));
#10778 = DIRECTION('',(1.,0.,0.));
#10779 = ADVANCED_FACE('',(#10780),#10791,.T.);
#10780 = FACE_BOUND('',#10781,.T.);
#10781 = EDGE_LOOP('',(#10782,#10788,#10789,#10790));
#10782 = ORIENTED_EDGE('',*,*,#10783,.T.);
#10783 = EDGE_CURVE('',#328,#5258,#10784,.T.);
#10784 = LINE('',#10785,#10786);
#10785 = CARTESIAN_POINT('',(32.999892,-115.99991,0.));
#10786 = VECTOR('',#10787,1.);
#10787 = DIRECTION('',(0.,0.,1.));
#10788 = ORIENTED_EDGE('',*,*,#5257,.T.);
#10789 = ORIENTED_EDGE('',*,*,#10749,.F.);
#10790 = ORIENTED_EDGE('',*,*,#327,.F.);
#10791 = PLANE('',#10792);
#10792 = AXIS2_PLACEMENT_3D('',#10793,#10794,#10795);
#10793 = CARTESIAN_POINT('',(32.999892,-115.99991,0.));
#10794 = DIRECTION('',(-1.,0.,0.));
#10795 = DIRECTION('',(0.,1.,0.));
#10796 = ADVANCED_FACE('',(#10797),#10808,.T.);
#10797 = FACE_BOUND('',#10798,.T.);
#10798 = EDGE_LOOP('',(#10799,#10800,#10801,#10807));
#10799 = ORIENTED_EDGE('',*,*,#10768,.T.);
#10800 = ORIENTED_EDGE('',*,*,#5641,.T.);
#10801 = ORIENTED_EDGE('',*,*,#10802,.F.);
#10802 = EDGE_CURVE('',#704,#5634,#10803,.T.);
#10803 = LINE('',#10804,#10805);
#10804 = CARTESIAN_POINT('',(104.999892,-15.99991,0.));
#10805 = VECTOR('',#10806,1.);
#10806 = DIRECTION('',(0.,0.,1.));
#10807 = ORIENTED_EDGE('',*,*,#711,.F.);
#10808 = PLANE('',#10809);
#10809 = AXIS2_PLACEMENT_3D('',#10810,#10811,#10812);
#10810 = CARTESIAN_POINT('',(104.999892,-16.99991,0.));
#10811 = DIRECTION('',(-1.,0.,0.));
#10812 = DIRECTION('',(0.,1.,0.));
#10813 = ADVANCED_FACE('',(#10814),#10825,.T.);
#10814 = FACE_BOUND('',#10815,.T.);
#10815 = EDGE_LOOP('',(#10816,#10822,#10823,#10824));
#10816 = ORIENTED_EDGE('',*,*,#10817,.T.);
#10817 = EDGE_CURVE('',#336,#5266,#10818,.T.);
#10818 = LINE('',#10819,#10820);
#10819 = CARTESIAN_POINT('',(37.999892,-115.99991,0.));
#10820 = VECTOR('',#10821,1.);
#10821 = DIRECTION('',(0.,0.,1.));
#10822 = ORIENTED_EDGE('',*,*,#5265,.T.);
#10823 = ORIENTED_EDGE('',*,*,#10783,.F.);
#10824 = ORIENTED_EDGE('',*,*,#335,.F.);
#10825 = PLANE('',#10826);
#10826 = AXIS2_PLACEMENT_3D('',#10827,#10828,#10829);
#10827 = CARTESIAN_POINT('',(37.999892,-115.99991,0.));
#10828 = DIRECTION('',(0.,-1.,0.));
#10829 = DIRECTION('',(-1.,0.,0.));
#10830 = ADVANCED_FACE('',(#10831),#10842,.T.);
#10831 = FACE_BOUND('',#10832,.T.);
#10832 = EDGE_LOOP('',(#10833,#10834,#10835,#10841));
#10833 = ORIENTED_EDGE('',*,*,#10802,.T.);
#10834 = ORIENTED_EDGE('',*,*,#5633,.T.);
#10835 = ORIENTED_EDGE('',*,*,#10836,.F.);
#10836 = EDGE_CURVE('',#696,#5626,#10837,.T.);
#10837 = LINE('',#10838,#10839);
#10838 = CARTESIAN_POINT('',(109.999892,-15.99991,0.));
#10839 = VECTOR('',#10840,1.);
#10840 = DIRECTION('',(0.,0.,1.));
#10841 = ORIENTED_EDGE('',*,*,#703,.F.);
#10842 = PLANE('',#10843);
#10843 = AXIS2_PLACEMENT_3D('',#10844,#10845,#10846);
#10844 = CARTESIAN_POINT('',(104.999892,-15.99991,0.));
#10845 = DIRECTION('',(0.,1.,0.));
#10846 = DIRECTION('',(1.,0.,0.));
#10847 = ADVANCED_FACE('',(#10848),#10859,.T.);
#10848 = FACE_BOUND('',#10849,.T.);
#10849 = EDGE_LOOP('',(#10850,#10856,#10857,#10858));
#10850 = ORIENTED_EDGE('',*,*,#10851,.T.);
#10851 = EDGE_CURVE('',#344,#5274,#10852,.T.);
#10852 = LINE('',#10853,#10854);
#10853 = CARTESIAN_POINT('',(37.999892,-114.99991,0.));
#10854 = VECTOR('',#10855,1.);
#10855 = DIRECTION('',(0.,0.,1.));
#10856 = ORIENTED_EDGE('',*,*,#5273,.T.);
#10857 = ORIENTED_EDGE('',*,*,#10817,.F.);
#10858 = ORIENTED_EDGE('',*,*,#343,.F.);
#10859 = PLANE('',#10860);
#10860 = AXIS2_PLACEMENT_3D('',#10861,#10862,#10863);
#10861 = CARTESIAN_POINT('',(37.999892,-114.99991,0.));
#10862 = DIRECTION('',(1.,0.,-0.));
#10863 = DIRECTION('',(0.,-1.,0.));
#10864 = ADVANCED_FACE('',(#10865),#10876,.T.);
#10865 = FACE_BOUND('',#10866,.T.);
#10866 = EDGE_LOOP('',(#10867,#10868,#10869,#10875));
#10867 = ORIENTED_EDGE('',*,*,#10836,.T.);
#10868 = ORIENTED_EDGE('',*,*,#5625,.T.);
#10869 = ORIENTED_EDGE('',*,*,#10870,.F.);
#10870 = EDGE_CURVE('',#688,#5618,#10871,.T.);
#10871 = LINE('',#10872,#10873);
#10872 = CARTESIAN_POINT('',(109.999892,-16.99991,0.));
#10873 = VECTOR('',#10874,1.);
#10874 = DIRECTION('',(0.,0.,1.));
#10875 = ORIENTED_EDGE('',*,*,#695,.F.);
#10876 = PLANE('',#10877);
#10877 = AXIS2_PLACEMENT_3D('',#10878,#10879,#10880);
#10878 = CARTESIAN_POINT('',(109.999892,-15.99991,0.));
#10879 = DIRECTION('',(1.,0.,-0.));
#10880 = DIRECTION('',(0.,-1.,0.));
#10881 = ADVANCED_FACE('',(#10882),#10893,.T.);
#10882 = FACE_BOUND('',#10883,.T.);
#10883 = EDGE_LOOP('',(#10884,#10890,#10891,#10892));
#10884 = ORIENTED_EDGE('',*,*,#10885,.T.);
#10885 = EDGE_CURVE('',#352,#5282,#10886,.T.);
#10886 = LINE('',#10887,#10888);
#10887 = CARTESIAN_POINT('',(44.999892,-114.99991,0.));
#10888 = VECTOR('',#10889,1.);
#10889 = DIRECTION('',(0.,0.,1.));
#10890 = ORIENTED_EDGE('',*,*,#5281,.T.);
#10891 = ORIENTED_EDGE('',*,*,#10851,.F.);
#10892 = ORIENTED_EDGE('',*,*,#351,.F.);
#10893 = PLANE('',#10894);
#10894 = AXIS2_PLACEMENT_3D('',#10895,#10896,#10897);
#10895 = CARTESIAN_POINT('',(44.999892,-114.99991,0.));
#10896 = DIRECTION('',(0.,-1.,0.));
#10897 = DIRECTION('',(-1.,0.,0.));
#10898 = ADVANCED_FACE('',(#10899),#10910,.T.);
#10899 = FACE_BOUND('',#10900,.T.);
#10900 = EDGE_LOOP('',(#10901,#10902,#10903,#10909));
#10901 = ORIENTED_EDGE('',*,*,#10870,.T.);
#10902 = ORIENTED_EDGE('',*,*,#5617,.T.);
#10903 = ORIENTED_EDGE('',*,*,#10904,.F.);
#10904 = EDGE_CURVE('',#680,#5610,#10905,.T.);
#10905 = LINE('',#10906,#10907);
#10906 = CARTESIAN_POINT('',(109.999892,-18.99991,0.));
#10907 = VECTOR('',#10908,1.);
#10908 = DIRECTION('',(0.,0.,1.));
#10909 = ORIENTED_EDGE('',*,*,#687,.F.);
#10910 = PLANE('',#10911);
#10911 = AXIS2_PLACEMENT_3D('',#10912,#10913,#10914);
#10912 = CARTESIAN_POINT('',(109.999892,-16.99991,0.));
#10913 = DIRECTION('',(1.,0.,-0.));
#10914 = DIRECTION('',(0.,-1.,0.));
#10915 = ADVANCED_FACE('',(#10916),#10927,.T.);
#10916 = FACE_BOUND('',#10917,.T.);
#10917 = EDGE_LOOP('',(#10918,#10924,#10925,#10926));
#10918 = ORIENTED_EDGE('',*,*,#10919,.T.);
#10919 = EDGE_CURVE('',#360,#5290,#10920,.T.);
#10920 = LINE('',#10921,#10922);
#10921 = CARTESIAN_POINT('',(44.999892,-115.99991,0.));
#10922 = VECTOR('',#10923,1.);
#10923 = DIRECTION('',(0.,0.,1.));
#10924 = ORIENTED_EDGE('',*,*,#5289,.T.);
#10925 = ORIENTED_EDGE('',*,*,#10885,.F.);
#10926 = ORIENTED_EDGE('',*,*,#359,.F.);
#10927 = PLANE('',#10928);
#10928 = AXIS2_PLACEMENT_3D('',#10929,#10930,#10931);
#10929 = CARTESIAN_POINT('',(44.999892,-115.99991,0.));
#10930 = DIRECTION('',(-1.,0.,0.));
#10931 = DIRECTION('',(0.,1.,0.));
#10932 = ADVANCED_FACE('',(#10933),#10944,.T.);
#10933 = FACE_BOUND('',#10934,.T.);
#10934 = EDGE_LOOP('',(#10935,#10936,#10937,#10943));
#10935 = ORIENTED_EDGE('',*,*,#10904,.T.);
#10936 = ORIENTED_EDGE('',*,*,#5609,.T.);
#10937 = ORIENTED_EDGE('',*,*,#10938,.F.);
#10938 = EDGE_CURVE('',#672,#5602,#10939,.T.);
#10939 = LINE('',#10940,#10941);
#10940 = CARTESIAN_POINT('',(109.999892,-19.99991,0.));
#10941 = VECTOR('',#10942,1.);
#10942 = DIRECTION('',(0.,0.,1.));
#10943 = ORIENTED_EDGE('',*,*,#679,.F.);
#10944 = PLANE('',#10945);
#10945 = AXIS2_PLACEMENT_3D('',#10946,#10947,#10948);
#10946 = CARTESIAN_POINT('',(109.999892,-18.99991,0.));
#10947 = DIRECTION('',(1.,0.,-0.));
#10948 = DIRECTION('',(0.,-1.,0.));
#10949 = ADVANCED_FACE('',(#10950),#10961,.T.);
#10950 = FACE_BOUND('',#10951,.T.);
#10951 = EDGE_LOOP('',(#10952,#10958,#10959,#10960));
#10952 = ORIENTED_EDGE('',*,*,#10953,.T.);
#10953 = EDGE_CURVE('',#368,#5298,#10954,.T.);
#10954 = LINE('',#10955,#10956);
#10955 = CARTESIAN_POINT('',(49.999892,-115.99991,0.));
#10956 = VECTOR('',#10957,1.);
#10957 = DIRECTION('',(0.,0.,1.));
#10958 = ORIENTED_EDGE('',*,*,#5297,.T.);
#10959 = ORIENTED_EDGE('',*,*,#10919,.F.);
#10960 = ORIENTED_EDGE('',*,*,#367,.F.);
#10961 = PLANE('',#10962);
#10962 = AXIS2_PLACEMENT_3D('',#10963,#10964,#10965);
#10963 = CARTESIAN_POINT('',(49.999892,-115.99991,0.));
#10964 = DIRECTION('',(0.,-1.,0.));
#10965 = DIRECTION('',(-1.,0.,0.));
#10966 = ADVANCED_FACE('',(#10967),#10978,.T.);
#10967 = FACE_BOUND('',#10968,.T.);
#10968 = EDGE_LOOP('',(#10969,#10970,#10971,#10977));
#10969 = ORIENTED_EDGE('',*,*,#10938,.T.);
#10970 = ORIENTED_EDGE('',*,*,#5601,.T.);
#10971 = ORIENTED_EDGE('',*,*,#10972,.F.);
#10972 = EDGE_CURVE('',#664,#5594,#10973,.T.);
#10973 = LINE('',#10974,#10975);
#10974 = CARTESIAN_POINT('',(110.999892,-27.99991,0.));
#10975 = VECTOR('',#10976,1.);
#10976 = DIRECTION('',(0.,0.,1.));
#10977 = ORIENTED_EDGE('',*,*,#671,.F.);
#10978 = PLANE('',#10979);
#10979 = AXIS2_PLACEMENT_3D('',#10980,#10981,#10982);
#10980 = CARTESIAN_POINT('',(109.999892,-19.99991,0.));
#10981 = DIRECTION('',(0.992277876714,0.124034734589,-0.));
#10982 = DIRECTION('',(0.124034734589,-0.992277876714,0.));
#10983 = ADVANCED_FACE('',(#10984),#10995,.T.);
#10984 = FACE_BOUND('',#10985,.T.);
#10985 = EDGE_LOOP('',(#10986,#10992,#10993,#10994));
#10986 = ORIENTED_EDGE('',*,*,#10987,.T.);
#10987 = EDGE_CURVE('',#376,#5306,#10988,.T.);
#10988 = LINE('',#10989,#10990);
#10989 = CARTESIAN_POINT('',(49.999892,-114.99991,0.));
#10990 = VECTOR('',#10991,1.);
#10991 = DIRECTION('',(0.,0.,1.));
#10992 = ORIENTED_EDGE('',*,*,#5305,.T.);
#10993 = ORIENTED_EDGE('',*,*,#10953,.F.);
#10994 = ORIENTED_EDGE('',*,*,#375,.F.);
#10995 = PLANE('',#10996);
#10996 = AXIS2_PLACEMENT_3D('',#10997,#10998,#10999);
#10997 = CARTESIAN_POINT('',(49.999892,-114.99991,0.));
#10998 = DIRECTION('',(1.,0.,-0.));
#10999 = DIRECTION('',(0.,-1.,0.));
#11000 = ADVANCED_FACE('',(#11001),#11012,.T.);
#11001 = FACE_BOUND('',#11002,.T.);
#11002 = EDGE_LOOP('',(#11003,#11004,#11005,#11011));
#11003 = ORIENTED_EDGE('',*,*,#10972,.T.);
#11004 = ORIENTED_EDGE('',*,*,#5593,.T.);
#11005 = ORIENTED_EDGE('',*,*,#11006,.F.);
#11006 = EDGE_CURVE('',#656,#5586,#11007,.T.);
#11007 = LINE('',#11008,#11009);
#11008 = CARTESIAN_POINT('',(110.999892,-34.99991,0.));
#11009 = VECTOR('',#11010,1.);
#11010 = DIRECTION('',(0.,0.,1.));
#11011 = ORIENTED_EDGE('',*,*,#663,.F.);
#11012 = PLANE('',#11013);
#11013 = AXIS2_PLACEMENT_3D('',#11014,#11015,#11016);
#11014 = CARTESIAN_POINT('',(110.999892,-27.99991,0.));
#11015 = DIRECTION('',(1.,0.,-0.));
#11016 = DIRECTION('',(0.,-1.,0.));
#11017 = ADVANCED_FACE('',(#11018),#11029,.T.);
#11018 = FACE_BOUND('',#11019,.T.);
#11019 = EDGE_LOOP('',(#11020,#11026,#11027,#11028));
#11020 = ORIENTED_EDGE('',*,*,#11021,.T.);
#11021 = EDGE_CURVE('',#384,#5314,#11022,.T.);
#11022 = LINE('',#11023,#11024);
#11023 = CARTESIAN_POINT('',(56.999892,-114.99991,0.));
#11024 = VECTOR('',#11025,1.);
#11025 = DIRECTION('',(0.,0.,1.));
#11026 = ORIENTED_EDGE('',*,*,#5313,.T.);
#11027 = ORIENTED_EDGE('',*,*,#10987,.F.);
#11028 = ORIENTED_EDGE('',*,*,#383,.F.);
#11029 = PLANE('',#11030);
#11030 = AXIS2_PLACEMENT_3D('',#11031,#11032,#11033);
#11031 = CARTESIAN_POINT('',(56.999892,-114.99991,0.));
#11032 = DIRECTION('',(0.,-1.,0.));
#11033 = DIRECTION('',(-1.,0.,0.));
#11034 = ADVANCED_FACE('',(#11035),#11046,.T.);
#11035 = FACE_BOUND('',#11036,.T.);
#11036 = EDGE_LOOP('',(#11037,#11038,#11039,#11045));
#11037 = ORIENTED_EDGE('',*,*,#11006,.T.);
#11038 = ORIENTED_EDGE('',*,*,#5585,.T.);
#11039 = ORIENTED_EDGE('',*,*,#11040,.F.);
#11040 = EDGE_CURVE('',#648,#5578,#11041,.T.);
#11041 = LINE('',#11042,#11043);
#11042 = CARTESIAN_POINT('',(109.999892,-42.99991,0.));
#11043 = VECTOR('',#11044,1.);
#11044 = DIRECTION('',(0.,0.,1.));
#11045 = ORIENTED_EDGE('',*,*,#655,.F.);
#11046 = PLANE('',#11047);
#11047 = AXIS2_PLACEMENT_3D('',#11048,#11049,#11050);
#11048 = CARTESIAN_POINT('',(110.999892,-34.99991,0.));
#11049 = DIRECTION('',(0.992277876714,-0.124034734589,0.));
#11050 = DIRECTION('',(-0.124034734589,-0.992277876714,0.));
#11051 = ADVANCED_FACE('',(#11052),#11063,.T.);
#11052 = FACE_BOUND('',#11053,.T.);
#11053 = EDGE_LOOP('',(#11054,#11060,#11061,#11062));
#11054 = ORIENTED_EDGE('',*,*,#11055,.T.);
#11055 = EDGE_CURVE('',#392,#5322,#11056,.T.);
#11056 = LINE('',#11057,#11058);
#11057 = CARTESIAN_POINT('',(56.999892,-115.99991,0.));
#11058 = VECTOR('',#11059,1.);
#11059 = DIRECTION('',(0.,0.,1.));
#11060 = ORIENTED_EDGE('',*,*,#5321,.T.);
#11061 = ORIENTED_EDGE('',*,*,#11021,.F.);
#11062 = ORIENTED_EDGE('',*,*,#391,.F.);
#11063 = PLANE('',#11064);
#11064 = AXIS2_PLACEMENT_3D('',#11065,#11066,#11067);
#11065 = CARTESIAN_POINT('',(56.999892,-115.99991,0.));
#11066 = DIRECTION('',(-1.,0.,0.));
#11067 = DIRECTION('',(0.,1.,0.));
#11068 = ADVANCED_FACE('',(#11069),#11080,.T.);
#11069 = FACE_BOUND('',#11070,.T.);
#11070 = EDGE_LOOP('',(#11071,#11072,#11073,#11079));
#11071 = ORIENTED_EDGE('',*,*,#11040,.T.);
#11072 = ORIENTED_EDGE('',*,*,#5577,.T.);
#11073 = ORIENTED_EDGE('',*,*,#11074,.F.);
#11074 = EDGE_CURVE('',#640,#5570,#11075,.T.);
#11075 = LINE('',#11076,#11077);
#11076 = CARTESIAN_POINT('',(109.999892,-43.99991,0.));
#11077 = VECTOR('',#11078,1.);
#11078 = DIRECTION('',(0.,0.,1.));
#11079 = ORIENTED_EDGE('',*,*,#647,.F.);
#11080 = PLANE('',#11081);
#11081 = AXIS2_PLACEMENT_3D('',#11082,#11083,#11084);
#11082 = CARTESIAN_POINT('',(109.999892,-42.99991,0.));
#11083 = DIRECTION('',(1.,0.,-0.));
#11084 = DIRECTION('',(0.,-1.,0.));
#11085 = ADVANCED_FACE('',(#11086),#11097,.T.);
#11086 = FACE_BOUND('',#11087,.T.);
#11087 = EDGE_LOOP('',(#11088,#11094,#11095,#11096));
#11088 = ORIENTED_EDGE('',*,*,#11089,.T.);
#11089 = EDGE_CURVE('',#400,#5330,#11090,.T.);
#11090 = LINE('',#11091,#11092);
#11091 = CARTESIAN_POINT('',(61.999892,-115.99991,0.));
#11092 = VECTOR('',#11093,1.);
#11093 = DIRECTION('',(0.,0.,1.));
#11094 = ORIENTED_EDGE('',*,*,#5329,.T.);
#11095 = ORIENTED_EDGE('',*,*,#11055,.F.);
#11096 = ORIENTED_EDGE('',*,*,#399,.F.);
#11097 = PLANE('',#11098);
#11098 = AXIS2_PLACEMENT_3D('',#11099,#11100,#11101);
#11099 = CARTESIAN_POINT('',(61.999892,-115.99991,0.));
#11100 = DIRECTION('',(0.,-1.,0.));
#11101 = DIRECTION('',(-1.,0.,0.));
#11102 = ADVANCED_FACE('',(#11103),#11114,.T.);
#11103 = FACE_BOUND('',#11104,.T.);
#11104 = EDGE_LOOP('',(#11105,#11106,#11107,#11113));
#11105 = ORIENTED_EDGE('',*,*,#11074,.T.);
#11106 = ORIENTED_EDGE('',*,*,#5569,.T.);
#11107 = ORIENTED_EDGE('',*,*,#11108,.F.);
#11108 = EDGE_CURVE('',#632,#5562,#11109,.T.);
#11109 = LINE('',#11110,#11111);
#11110 = CARTESIAN_POINT('',(109.999892,-45.99991,0.));
#11111 = VECTOR('',#11112,1.);
#11112 = DIRECTION('',(0.,0.,1.));
#11113 = ORIENTED_EDGE('',*,*,#639,.F.);
#11114 = PLANE('',#11115);
#11115 = AXIS2_PLACEMENT_3D('',#11116,#11117,#11118);
#11116 = CARTESIAN_POINT('',(109.999892,-43.99991,0.));
#11117 = DIRECTION('',(1.,0.,-0.));
#11118 = DIRECTION('',(0.,-1.,0.));
#11119 = ADVANCED_FACE('',(#11120),#11131,.T.);
#11120 = FACE_BOUND('',#11121,.T.);
#11121 = EDGE_LOOP('',(#11122,#11128,#11129,#11130));
#11122 = ORIENTED_EDGE('',*,*,#11123,.T.);
#11123 = EDGE_CURVE('',#408,#5338,#11124,.T.);
#11124 = LINE('',#11125,#11126);
#11125 = CARTESIAN_POINT('',(61.999892,-114.99991,0.));
#11126 = VECTOR('',#11127,1.);
#11127 = DIRECTION('',(0.,0.,1.));
#11128 = ORIENTED_EDGE('',*,*,#5337,.T.);
#11129 = ORIENTED_EDGE('',*,*,#11089,.F.);
#11130 = ORIENTED_EDGE('',*,*,#407,.F.);
#11131 = PLANE('',#11132);
#11132 = AXIS2_PLACEMENT_3D('',#11133,#11134,#11135);
#11133 = CARTESIAN_POINT('',(61.999892,-114.99991,0.));
#11134 = DIRECTION('',(1.,0.,-0.));
#11135 = DIRECTION('',(0.,-1.,0.));
#11136 = ADVANCED_FACE('',(#11137),#11148,.T.);
#11137 = FACE_BOUND('',#11138,.T.);
#11138 = EDGE_LOOP('',(#11139,#11140,#11141,#11147));
#11139 = ORIENTED_EDGE('',*,*,#11108,.T.);
#11140 = ORIENTED_EDGE('',*,*,#5561,.T.);
#11141 = ORIENTED_EDGE('',*,*,#11142,.F.);
#11142 = EDGE_CURVE('',#624,#5554,#11143,.T.);
#11143 = LINE('',#11144,#11145);
#11144 = CARTESIAN_POINT('',(109.999892,-46.99991,0.));
#11145 = VECTOR('',#11146,1.);
#11146 = DIRECTION('',(0.,0.,1.));
#11147 = ORIENTED_EDGE('',*,*,#631,.F.);
#11148 = PLANE('',#11149);
#11149 = AXIS2_PLACEMENT_3D('',#11150,#11151,#11152);
#11150 = CARTESIAN_POINT('',(109.999892,-45.99991,0.));
#11151 = DIRECTION('',(1.,0.,-0.));
#11152 = DIRECTION('',(0.,-1.,0.));
#11153 = ADVANCED_FACE('',(#11154),#11165,.T.);
#11154 = FACE_BOUND('',#11155,.T.);
#11155 = EDGE_LOOP('',(#11156,#11162,#11163,#11164));
#11156 = ORIENTED_EDGE('',*,*,#11157,.T.);
#11157 = EDGE_CURVE('',#416,#5346,#11158,.T.);
#11158 = LINE('',#11159,#11160);
#11159 = CARTESIAN_POINT('',(68.999892,-114.99991,0.));
#11160 = VECTOR('',#11161,1.);
#11161 = DIRECTION('',(0.,0.,1.));
#11162 = ORIENTED_EDGE('',*,*,#5345,.T.);
#11163 = ORIENTED_EDGE('',*,*,#11123,.F.);
#11164 = ORIENTED_EDGE('',*,*,#415,.F.);
#11165 = PLANE('',#11166);
#11166 = AXIS2_PLACEMENT_3D('',#11167,#11168,#11169);
#11167 = CARTESIAN_POINT('',(68.999892,-114.99991,0.));
#11168 = DIRECTION('',(0.,-1.,0.));
#11169 = DIRECTION('',(-1.,0.,0.));
#11170 = ADVANCED_FACE('',(#11171),#11182,.T.);
#11171 = FACE_BOUND('',#11172,.T.);
#11172 = EDGE_LOOP('',(#11173,#11174,#11175,#11181));
#11173 = ORIENTED_EDGE('',*,*,#11142,.T.);
#11174 = ORIENTED_EDGE('',*,*,#5553,.T.);
#11175 = ORIENTED_EDGE('',*,*,#11176,.F.);
#11176 = EDGE_CURVE('',#616,#5546,#11177,.T.);
#11177 = LINE('',#11178,#11179);
#11178 = CARTESIAN_POINT('',(109.999892,-58.99991,0.));
#11179 = VECTOR('',#11180,1.);
#11180 = DIRECTION('',(0.,0.,1.));
#11181 = ORIENTED_EDGE('',*,*,#623,.F.);
#11182 = PLANE('',#11183);
#11183 = AXIS2_PLACEMENT_3D('',#11184,#11185,#11186);
#11184 = CARTESIAN_POINT('',(109.999892,-46.99991,0.));
#11185 = DIRECTION('',(1.,0.,-0.));
#11186 = DIRECTION('',(0.,-1.,0.));
#11187 = ADVANCED_FACE('',(#11188),#11199,.T.);
#11188 = FACE_BOUND('',#11189,.T.);
#11189 = EDGE_LOOP('',(#11190,#11196,#11197,#11198));
#11190 = ORIENTED_EDGE('',*,*,#11191,.T.);
#11191 = EDGE_CURVE('',#424,#5354,#11192,.T.);
#11192 = LINE('',#11193,#11194);
#11193 = CARTESIAN_POINT('',(68.999892,-115.99991,0.));
#11194 = VECTOR('',#11195,1.);
#11195 = DIRECTION('',(0.,0.,1.));
#11196 = ORIENTED_EDGE('',*,*,#5353,.T.);
#11197 = ORIENTED_EDGE('',*,*,#11157,.F.);
#11198 = ORIENTED_EDGE('',*,*,#423,.F.);
#11199 = PLANE('',#11200);
#11200 = AXIS2_PLACEMENT_3D('',#11201,#11202,#11203);
#11201 = CARTESIAN_POINT('',(68.999892,-115.99991,0.));
#11202 = DIRECTION('',(-1.,0.,0.));
#11203 = DIRECTION('',(0.,1.,0.));
#11204 = ADVANCED_FACE('',(#11205),#11216,.T.);
#11205 = FACE_BOUND('',#11206,.T.);
#11206 = EDGE_LOOP('',(#11207,#11208,#11209,#11215));
#11207 = ORIENTED_EDGE('',*,*,#11176,.T.);
#11208 = ORIENTED_EDGE('',*,*,#5545,.T.);
#11209 = ORIENTED_EDGE('',*,*,#11210,.F.);
#11210 = EDGE_CURVE('',#608,#5538,#11211,.T.);
#11211 = LINE('',#11212,#11213);
#11212 = CARTESIAN_POINT('',(109.999892,-72.99991,0.));
#11213 = VECTOR('',#11214,1.);
#11214 = DIRECTION('',(0.,0.,1.));
#11215 = ORIENTED_EDGE('',*,*,#615,.F.);
#11216 = PLANE('',#11217);
#11217 = AXIS2_PLACEMENT_3D('',#11218,#11219,#11220);
#11218 = CARTESIAN_POINT('',(109.999892,-58.99991,0.));
#11219 = DIRECTION('',(1.,0.,-0.));
#11220 = DIRECTION('',(0.,-1.,0.));
#11221 = ADVANCED_FACE('',(#11222),#11233,.T.);
#11222 = FACE_BOUND('',#11223,.T.);
#11223 = EDGE_LOOP('',(#11224,#11230,#11231,#11232));
#11224 = ORIENTED_EDGE('',*,*,#11225,.T.);
#11225 = EDGE_CURVE('',#432,#5362,#11226,.T.);
#11226 = LINE('',#11227,#11228);
#11227 = CARTESIAN_POINT('',(73.999892,-115.99991,0.));
#11228 = VECTOR('',#11229,1.);
#11229 = DIRECTION('',(0.,0.,1.));
#11230 = ORIENTED_EDGE('',*,*,#5361,.T.);
#11231 = ORIENTED_EDGE('',*,*,#11191,.F.);
#11232 = ORIENTED_EDGE('',*,*,#431,.F.);
#11233 = PLANE('',#11234);
#11234 = AXIS2_PLACEMENT_3D('',#11235,#11236,#11237);
#11235 = CARTESIAN_POINT('',(73.999892,-115.99991,0.));
#11236 = DIRECTION('',(0.,-1.,0.));
#11237 = DIRECTION('',(-1.,0.,0.));
#11238 = ADVANCED_FACE('',(#11239),#11250,.T.);
#11239 = FACE_BOUND('',#11240,.T.);
#11240 = EDGE_LOOP('',(#11241,#11242,#11243,#11249));
#11241 = ORIENTED_EDGE('',*,*,#11210,.T.);
#11242 = ORIENTED_EDGE('',*,*,#5537,.T.);
#11243 = ORIENTED_EDGE('',*,*,#11244,.F.);
#11244 = EDGE_CURVE('',#600,#5530,#11245,.T.);
#11245 = LINE('',#11246,#11247);
#11246 = CARTESIAN_POINT('',(109.999892,-84.99991,0.));
#11247 = VECTOR('',#11248,1.);
#11248 = DIRECTION('',(0.,0.,1.));
#11249 = ORIENTED_EDGE('',*,*,#607,.F.);
#11250 = PLANE('',#11251);
#11251 = AXIS2_PLACEMENT_3D('',#11252,#11253,#11254);
#11252 = CARTESIAN_POINT('',(109.999892,-72.99991,0.));
#11253 = DIRECTION('',(1.,0.,-0.));
#11254 = DIRECTION('',(0.,-1.,0.));
#11255 = ADVANCED_FACE('',(#11256),#11267,.T.);
#11256 = FACE_BOUND('',#11257,.T.);
#11257 = EDGE_LOOP('',(#11258,#11264,#11265,#11266));
#11258 = ORIENTED_EDGE('',*,*,#11259,.T.);
#11259 = EDGE_CURVE('',#440,#5370,#11260,.T.);
#11260 = LINE('',#11261,#11262);
#11261 = CARTESIAN_POINT('',(73.999892,-114.99991,0.));
#11262 = VECTOR('',#11263,1.);
#11263 = DIRECTION('',(0.,0.,1.));
#11264 = ORIENTED_EDGE('',*,*,#5369,.T.);
#11265 = ORIENTED_EDGE('',*,*,#11225,.F.);
#11266 = ORIENTED_EDGE('',*,*,#439,.F.);
#11267 = PLANE('',#11268);
#11268 = AXIS2_PLACEMENT_3D('',#11269,#11270,#11271);
#11269 = CARTESIAN_POINT('',(73.999892,-114.99991,0.));
#11270 = DIRECTION('',(1.,0.,-0.));
#11271 = DIRECTION('',(0.,-1.,0.));
#11272 = ADVANCED_FACE('',(#11273),#11284,.T.);
#11273 = FACE_BOUND('',#11274,.T.);
#11274 = EDGE_LOOP('',(#11275,#11276,#11277,#11283));
#11275 = ORIENTED_EDGE('',*,*,#11244,.T.);
#11276 = ORIENTED_EDGE('',*,*,#5529,.T.);
#11277 = ORIENTED_EDGE('',*,*,#11278,.F.);
#11278 = EDGE_CURVE('',#592,#5522,#11279,.T.);
#11279 = LINE('',#11280,#11281);
#11280 = CARTESIAN_POINT('',(109.999892,-85.99991,0.));
#11281 = VECTOR('',#11282,1.);
#11282 = DIRECTION('',(0.,0.,1.));
#11283 = ORIENTED_EDGE('',*,*,#599,.F.);
#11284 = PLANE('',#11285);
#11285 = AXIS2_PLACEMENT_3D('',#11286,#11287,#11288);
#11286 = CARTESIAN_POINT('',(109.999892,-84.99991,0.));
#11287 = DIRECTION('',(1.,0.,-0.));
#11288 = DIRECTION('',(0.,-1.,0.));
#11289 = ADVANCED_FACE('',(#11290),#11301,.T.);
#11290 = FACE_BOUND('',#11291,.T.);
#11291 = EDGE_LOOP('',(#11292,#11298,#11299,#11300));
#11292 = ORIENTED_EDGE('',*,*,#11293,.T.);
#11293 = EDGE_CURVE('',#448,#5378,#11294,.T.);
#11294 = LINE('',#11295,#11296);
#11295 = CARTESIAN_POINT('',(80.999892,-114.99991,0.));
#11296 = VECTOR('',#11297,1.);
#11297 = DIRECTION('',(0.,0.,1.));
#11298 = ORIENTED_EDGE('',*,*,#5377,.T.);
#11299 = ORIENTED_EDGE('',*,*,#11259,.F.);
#11300 = ORIENTED_EDGE('',*,*,#447,.F.);
#11301 = PLANE('',#11302);
#11302 = AXIS2_PLACEMENT_3D('',#11303,#11304,#11305);
#11303 = CARTESIAN_POINT('',(80.999892,-114.99991,0.));
#11304 = DIRECTION('',(0.,-1.,0.));
#11305 = DIRECTION('',(-1.,0.,0.));
#11306 = ADVANCED_FACE('',(#11307),#11318,.T.);
#11307 = FACE_BOUND('',#11308,.T.);
#11308 = EDGE_LOOP('',(#11309,#11310,#11311,#11317));
#11309 = ORIENTED_EDGE('',*,*,#11278,.T.);
#11310 = ORIENTED_EDGE('',*,*,#5521,.T.);
#11311 = ORIENTED_EDGE('',*,*,#11312,.F.);
#11312 = EDGE_CURVE('',#584,#5514,#11313,.T.);
#11313 = LINE('',#11314,#11315);
#11314 = CARTESIAN_POINT('',(109.999892,-87.99991,0.));
#11315 = VECTOR('',#11316,1.);
#11316 = DIRECTION('',(0.,0.,1.));
#11317 = ORIENTED_EDGE('',*,*,#591,.F.);
#11318 = PLANE('',#11319);
#11319 = AXIS2_PLACEMENT_3D('',#11320,#11321,#11322);
#11320 = CARTESIAN_POINT('',(109.999892,-85.99991,0.));
#11321 = DIRECTION('',(1.,0.,-0.));
#11322 = DIRECTION('',(0.,-1.,0.));
#11323 = ADVANCED_FACE('',(#11324),#11335,.T.);
#11324 = FACE_BOUND('',#11325,.T.);
#11325 = EDGE_LOOP('',(#11326,#11332,#11333,#11334));
#11326 = ORIENTED_EDGE('',*,*,#11327,.T.);
#11327 = EDGE_CURVE('',#456,#5386,#11328,.T.);
#11328 = LINE('',#11329,#11330);
#11329 = CARTESIAN_POINT('',(80.999892,-115.99991,0.));
#11330 = VECTOR('',#11331,1.);
#11331 = DIRECTION('',(0.,0.,1.));
#11332 = ORIENTED_EDGE('',*,*,#5385,.T.);
#11333 = ORIENTED_EDGE('',*,*,#11293,.F.);
#11334 = ORIENTED_EDGE('',*,*,#455,.F.);
#11335 = PLANE('',#11336);
#11336 = AXIS2_PLACEMENT_3D('',#11337,#11338,#11339);
#11337 = CARTESIAN_POINT('',(80.999892,-115.99991,0.));
#11338 = DIRECTION('',(-1.,0.,0.));
#11339 = DIRECTION('',(0.,1.,0.));
#11340 = ADVANCED_FACE('',(#11341),#11352,.T.);
#11341 = FACE_BOUND('',#11342,.T.);
#11342 = EDGE_LOOP('',(#11343,#11344,#11345,#11351));
#11343 = ORIENTED_EDGE('',*,*,#11312,.T.);
#11344 = ORIENTED_EDGE('',*,*,#5513,.T.);
#11345 = ORIENTED_EDGE('',*,*,#11346,.F.);
#11346 = EDGE_CURVE('',#576,#5506,#11347,.T.);
#11347 = LINE('',#11348,#11349);
#11348 = CARTESIAN_POINT('',(109.999892,-88.99991,0.));
#11349 = VECTOR('',#11350,1.);
#11350 = DIRECTION('',(0.,0.,1.));
#11351 = ORIENTED_EDGE('',*,*,#583,.F.);
#11352 = PLANE('',#11353);
#11353 = AXIS2_PLACEMENT_3D('',#11354,#11355,#11356);
#11354 = CARTESIAN_POINT('',(109.999892,-87.99991,0.));
#11355 = DIRECTION('',(1.,0.,-0.));
#11356 = DIRECTION('',(0.,-1.,0.));
#11357 = ADVANCED_FACE('',(#11358),#11369,.T.);
#11358 = FACE_BOUND('',#11359,.T.);
#11359 = EDGE_LOOP('',(#11360,#11366,#11367,#11368));
#11360 = ORIENTED_EDGE('',*,*,#11361,.T.);
#11361 = EDGE_CURVE('',#464,#5394,#11362,.T.);
#11362 = LINE('',#11363,#11364);
#11363 = CARTESIAN_POINT('',(85.999892,-115.99991,0.));
#11364 = VECTOR('',#11365,1.);
#11365 = DIRECTION('',(0.,0.,1.));
#11366 = ORIENTED_EDGE('',*,*,#5393,.T.);
#11367 = ORIENTED_EDGE('',*,*,#11327,.F.);
#11368 = ORIENTED_EDGE('',*,*,#463,.F.);
#11369 = PLANE('',#11370);
#11370 = AXIS2_PLACEMENT_3D('',#11371,#11372,#11373);
#11371 = CARTESIAN_POINT('',(85.999892,-115.99991,0.));
#11372 = DIRECTION('',(0.,-1.,0.));
#11373 = DIRECTION('',(-1.,0.,0.));
#11374 = ADVANCED_FACE('',(#11375),#11386,.T.);
#11375 = FACE_BOUND('',#11376,.T.);
#11376 = EDGE_LOOP('',(#11377,#11378,#11379,#11385));
#11377 = ORIENTED_EDGE('',*,*,#11346,.T.);
#11378 = ORIENTED_EDGE('',*,*,#5505,.T.);
#11379 = ORIENTED_EDGE('',*,*,#11380,.F.);
#11380 = EDGE_CURVE('',#568,#5498,#11381,.T.);
#11381 = LINE('',#11382,#11383);
#11382 = CARTESIAN_POINT('',(110.999892,-96.99991,0.));
#11383 = VECTOR('',#11384,1.);
#11384 = DIRECTION('',(0.,0.,1.));
#11385 = ORIENTED_EDGE('',*,*,#575,.F.);
#11386 = PLANE('',#11387);
#11387 = AXIS2_PLACEMENT_3D('',#11388,#11389,#11390);
#11388 = CARTESIAN_POINT('',(109.999892,-88.99991,0.));
#11389 = DIRECTION('',(0.992277876714,0.124034734589,-0.));
#11390 = DIRECTION('',(0.124034734589,-0.992277876714,0.));
#11391 = ADVANCED_FACE('',(#11392),#11403,.T.);
#11392 = FACE_BOUND('',#11393,.T.);
#11393 = EDGE_LOOP('',(#11394,#11400,#11401,#11402));
#11394 = ORIENTED_EDGE('',*,*,#11395,.T.);
#11395 = EDGE_CURVE('',#472,#5402,#11396,.T.);
#11396 = LINE('',#11397,#11398);
#11397 = CARTESIAN_POINT('',(85.999892,-114.99991,0.));
#11398 = VECTOR('',#11399,1.);
#11399 = DIRECTION('',(0.,0.,1.));
#11400 = ORIENTED_EDGE('',*,*,#5401,.T.);
#11401 = ORIENTED_EDGE('',*,*,#11361,.F.);
#11402 = ORIENTED_EDGE('',*,*,#471,.F.);
#11403 = PLANE('',#11404);
#11404 = AXIS2_PLACEMENT_3D('',#11405,#11406,#11407);
#11405 = CARTESIAN_POINT('',(85.999892,-114.99991,0.));
#11406 = DIRECTION('',(1.,0.,-0.));
#11407 = DIRECTION('',(0.,-1.,0.));
#11408 = ADVANCED_FACE('',(#11409),#11420,.T.);
#11409 = FACE_BOUND('',#11410,.T.);
#11410 = EDGE_LOOP('',(#11411,#11412,#11413,#11419));
#11411 = ORIENTED_EDGE('',*,*,#11380,.T.);
#11412 = ORIENTED_EDGE('',*,*,#5497,.T.);
#11413 = ORIENTED_EDGE('',*,*,#11414,.F.);
#11414 = EDGE_CURVE('',#560,#5490,#11415,.T.);
#11415 = LINE('',#11416,#11417);
#11416 = CARTESIAN_POINT('',(110.999892,-103.99991,0.));
#11417 = VECTOR('',#11418,1.);
#11418 = DIRECTION('',(0.,0.,1.));
#11419 = ORIENTED_EDGE('',*,*,#567,.F.);
#11420 = PLANE('',#11421);
#11421 = AXIS2_PLACEMENT_3D('',#11422,#11423,#11424);
#11422 = CARTESIAN_POINT('',(110.999892,-96.99991,0.));
#11423 = DIRECTION('',(1.,0.,-0.));
#11424 = DIRECTION('',(0.,-1.,0.));
#11425 = ADVANCED_FACE('',(#11426),#11437,.T.);
#11426 = FACE_BOUND('',#11427,.T.);
#11427 = EDGE_LOOP('',(#11428,#11434,#11435,#11436));
#11428 = ORIENTED_EDGE('',*,*,#11429,.T.);
#11429 = EDGE_CURVE('',#480,#5410,#11430,.T.);
#11430 = LINE('',#11431,#11432);
#11431 = CARTESIAN_POINT('',(92.999892,-114.99991,0.));
#11432 = VECTOR('',#11433,1.);
#11433 = DIRECTION('',(0.,0.,1.));
#11434 = ORIENTED_EDGE('',*,*,#5409,.T.);
#11435 = ORIENTED_EDGE('',*,*,#11395,.F.);
#11436 = ORIENTED_EDGE('',*,*,#479,.F.);
#11437 = PLANE('',#11438);
#11438 = AXIS2_PLACEMENT_3D('',#11439,#11440,#11441);
#11439 = CARTESIAN_POINT('',(92.999892,-114.99991,0.));
#11440 = DIRECTION('',(0.,-1.,0.));
#11441 = DIRECTION('',(-1.,0.,0.));
#11442 = ADVANCED_FACE('',(#11443),#11454,.T.);
#11443 = FACE_BOUND('',#11444,.T.);
#11444 = EDGE_LOOP('',(#11445,#11446,#11447,#11453));
#11445 = ORIENTED_EDGE('',*,*,#11414,.T.);
#11446 = ORIENTED_EDGE('',*,*,#5489,.T.);
#11447 = ORIENTED_EDGE('',*,*,#11448,.F.);
#11448 = EDGE_CURVE('',#552,#5482,#11449,.T.);
#11449 = LINE('',#11450,#11451);
#11450 = CARTESIAN_POINT('',(109.999892,-110.99991,0.));
#11451 = VECTOR('',#11452,1.);
#11452 = DIRECTION('',(0.,0.,1.));
#11453 = ORIENTED_EDGE('',*,*,#559,.F.);
#11454 = PLANE('',#11455);
#11455 = AXIS2_PLACEMENT_3D('',#11456,#11457,#11458);
#11456 = CARTESIAN_POINT('',(110.999892,-103.99991,0.));
#11457 = DIRECTION('',(0.989949493661,-0.141421356237,0.));
#11458 = DIRECTION('',(-0.141421356237,-0.989949493661,0.));
#11459 = ADVANCED_FACE('',(#11460),#11471,.T.);
#11460 = FACE_BOUND('',#11461,.T.);
#11461 = EDGE_LOOP('',(#11462,#11468,#11469,#11470));
#11462 = ORIENTED_EDGE('',*,*,#11463,.T.);
#11463 = EDGE_CURVE('',#488,#5418,#11464,.T.);
#11464 = LINE('',#11465,#11466);
#11465 = CARTESIAN_POINT('',(92.999892,-115.99991,0.));
#11466 = VECTOR('',#11467,1.);
#11467 = DIRECTION('',(0.,0.,1.));
#11468 = ORIENTED_EDGE('',*,*,#5417,.T.);
#11469 = ORIENTED_EDGE('',*,*,#11429,.F.);
#11470 = ORIENTED_EDGE('',*,*,#487,.F.);
#11471 = PLANE('',#11472);
#11472 = AXIS2_PLACEMENT_3D('',#11473,#11474,#11475);
#11473 = CARTESIAN_POINT('',(92.999892,-115.99991,0.));
#11474 = DIRECTION('',(-1.,0.,0.));
#11475 = DIRECTION('',(0.,1.,0.));
#11476 = ADVANCED_FACE('',(#11477),#11488,.T.);
#11477 = FACE_BOUND('',#11478,.T.);
#11478 = EDGE_LOOP('',(#11479,#11480,#11481,#11487));
#11479 = ORIENTED_EDGE('',*,*,#11448,.T.);
#11480 = ORIENTED_EDGE('',*,*,#5481,.T.);
#11481 = ORIENTED_EDGE('',*,*,#11482,.F.);
#11482 = EDGE_CURVE('',#544,#5474,#11483,.T.);
#11483 = LINE('',#11484,#11485);
#11484 = CARTESIAN_POINT('',(109.999892,-112.99991,0.));
#11485 = VECTOR('',#11486,1.);
#11486 = DIRECTION('',(0.,0.,1.));
#11487 = ORIENTED_EDGE('',*,*,#551,.F.);
#11488 = PLANE('',#11489);
#11489 = AXIS2_PLACEMENT_3D('',#11490,#11491,#11492);
#11490 = CARTESIAN_POINT('',(109.999892,-110.99991,0.));
#11491 = DIRECTION('',(1.,0.,-0.));
#11492 = DIRECTION('',(0.,-1.,0.));
#11493 = ADVANCED_FACE('',(#11494),#11505,.T.);
#11494 = FACE_BOUND('',#11495,.T.);
#11495 = EDGE_LOOP('',(#11496,#11502,#11503,#11504));
#11496 = ORIENTED_EDGE('',*,*,#11497,.T.);
#11497 = EDGE_CURVE('',#496,#5426,#11498,.T.);
#11498 = LINE('',#11499,#11500);
#11499 = CARTESIAN_POINT('',(97.999892,-115.99991,0.));
#11500 = VECTOR('',#11501,1.);
#11501 = DIRECTION('',(0.,0.,1.));
#11502 = ORIENTED_EDGE('',*,*,#5425,.T.);
#11503 = ORIENTED_EDGE('',*,*,#11463,.F.);
#11504 = ORIENTED_EDGE('',*,*,#495,.F.);
#11505 = PLANE('',#11506);
#11506 = AXIS2_PLACEMENT_3D('',#11507,#11508,#11509);
#11507 = CARTESIAN_POINT('',(97.999892,-115.99991,0.));
#11508 = DIRECTION('',(0.,-1.,0.));
#11509 = DIRECTION('',(-1.,0.,0.));
#11510 = ADVANCED_FACE('',(#11511),#11522,.T.);
#11511 = FACE_BOUND('',#11512,.T.);
#11512 = EDGE_LOOP('',(#11513,#11514,#11515,#11521));
#11513 = ORIENTED_EDGE('',*,*,#11482,.T.);
#11514 = ORIENTED_EDGE('',*,*,#5473,.T.);
#11515 = ORIENTED_EDGE('',*,*,#11516,.F.);
#11516 = EDGE_CURVE('',#536,#5466,#11517,.T.);
#11517 = LINE('',#11518,#11519);
#11518 = CARTESIAN_POINT('',(109.999892,-114.99991,0.));
#11519 = VECTOR('',#11520,1.);
#11520 = DIRECTION('',(0.,0.,1.));
#11521 = ORIENTED_EDGE('',*,*,#543,.F.);
#11522 = PLANE('',#11523);
#11523 = AXIS2_PLACEMENT_3D('',#11524,#11525,#11526);
#11524 = CARTESIAN_POINT('',(109.999892,-112.99991,0.));
#11525 = DIRECTION('',(1.,0.,-0.));
#11526 = DIRECTION('',(0.,-1.,0.));
#11527 = ADVANCED_FACE('',(#11528),#11539,.T.);
#11528 = FACE_BOUND('',#11529,.T.);
#11529 = EDGE_LOOP('',(#11530,#11536,#11537,#11538));
#11530 = ORIENTED_EDGE('',*,*,#11531,.T.);
#11531 = EDGE_CURVE('',#504,#5434,#11532,.T.);
#11532 = LINE('',#11533,#11534);
#11533 = CARTESIAN_POINT('',(97.999892,-114.99991,0.));
#11534 = VECTOR('',#11535,1.);
#11535 = DIRECTION('',(0.,0.,1.));
#11536 = ORIENTED_EDGE('',*,*,#5433,.T.);
#11537 = ORIENTED_EDGE('',*,*,#11497,.F.);
#11538 = ORIENTED_EDGE('',*,*,#503,.F.);
#11539 = PLANE('',#11540);
#11540 = AXIS2_PLACEMENT_3D('',#11541,#11542,#11543);
#11541 = CARTESIAN_POINT('',(97.999892,-114.99991,0.));
#11542 = DIRECTION('',(1.,0.,-0.));
#11543 = DIRECTION('',(0.,-1.,0.));
#11544 = ADVANCED_FACE('',(#11545),#11556,.T.);
#11545 = FACE_BOUND('',#11546,.T.);
#11546 = EDGE_LOOP('',(#11547,#11548,#11549,#11555));
#11547 = ORIENTED_EDGE('',*,*,#11516,.T.);
#11548 = ORIENTED_EDGE('',*,*,#5465,.T.);
#11549 = ORIENTED_EDGE('',*,*,#11550,.F.);
#11550 = EDGE_CURVE('',#528,#5458,#11551,.T.);
#11551 = LINE('',#11552,#11553);
#11552 = CARTESIAN_POINT('',(109.999892,-115.99991,0.));
#11553 = VECTOR('',#11554,1.);
#11554 = DIRECTION('',(0.,0.,1.));
#11555 = ORIENTED_EDGE('',*,*,#535,.F.);
#11556 = PLANE('',#11557);
#11557 = AXIS2_PLACEMENT_3D('',#11558,#11559,#11560);
#11558 = CARTESIAN_POINT('',(109.999892,-114.99991,0.));
#11559 = DIRECTION('',(1.,0.,-0.));
#11560 = DIRECTION('',(0.,-1.,0.));
#11561 = ADVANCED_FACE('',(#11562),#11573,.T.);
#11562 = FACE_BOUND('',#11563,.T.);
#11563 = EDGE_LOOP('',(#11564,#11570,#11571,#11572));
#11564 = ORIENTED_EDGE('',*,*,#11565,.T.);
#11565 = EDGE_CURVE('',#512,#5442,#11566,.T.);
#11566 = LINE('',#11567,#11568);
#11567 = CARTESIAN_POINT('',(104.999892,-114.99991,0.));
#11568 = VECTOR('',#11569,1.);
#11569 = DIRECTION('',(0.,0.,1.));
#11570 = ORIENTED_EDGE('',*,*,#5441,.T.);
#11571 = ORIENTED_EDGE('',*,*,#11531,.F.);
#11572 = ORIENTED_EDGE('',*,*,#511,.F.);
#11573 = PLANE('',#11574);
#11574 = AXIS2_PLACEMENT_3D('',#11575,#11576,#11577);
#11575 = CARTESIAN_POINT('',(104.999892,-114.99991,0.));
#11576 = DIRECTION('',(0.,-1.,0.));
#11577 = DIRECTION('',(-1.,0.,0.));
#11578 = ADVANCED_FACE('',(#11579),#11590,.T.);
#11579 = FACE_BOUND('',#11580,.T.);
#11580 = EDGE_LOOP('',(#11581,#11582,#11583,#11589));
#11581 = ORIENTED_EDGE('',*,*,#11550,.T.);
#11582 = ORIENTED_EDGE('',*,*,#5457,.T.);
#11583 = ORIENTED_EDGE('',*,*,#11584,.F.);
#11584 = EDGE_CURVE('',#520,#5450,#11585,.T.);
#11585 = LINE('',#11586,#11587);
#11586 = CARTESIAN_POINT('',(104.999892,-115.99991,0.));
#11587 = VECTOR('',#11588,1.);
#11588 = DIRECTION('',(0.,0.,1.));
#11589 = ORIENTED_EDGE('',*,*,#527,.F.);
#11590 = PLANE('',#11591);
#11591 = AXIS2_PLACEMENT_3D('',#11592,#11593,#11594);
#11592 = CARTESIAN_POINT('',(109.999892,-115.99991,0.));
#11593 = DIRECTION('',(0.,-1.,0.));
#11594 = DIRECTION('',(-1.,0.,0.));
#11595 = ADVANCED_FACE('',(#11596),#11602,.T.);
#11596 = FACE_BOUND('',#11597,.T.);
#11597 = EDGE_LOOP('',(#11598,#11599,#11600,#11601));
#11598 = ORIENTED_EDGE('',*,*,#11584,.T.);
#11599 = ORIENTED_EDGE('',*,*,#5449,.T.);
#11600 = ORIENTED_EDGE('',*,*,#11565,.F.);
#11601 = ORIENTED_EDGE('',*,*,#519,.F.);
#11602 = PLANE('',#11603);
#11603 = AXIS2_PLACEMENT_3D('',#11604,#11605,#11606);
#11604 = CARTESIAN_POINT('',(104.999892,-115.99991,0.));
#11605 = DIRECTION('',(-1.,0.,0.));
#11606 = DIRECTION('',(0.,1.,0.));
#11607 = ADVANCED_FACE('',(#11608),#11619,.F.);
#11608 = FACE_BOUND('',#11609,.T.);
#11609 = EDGE_LOOP('',(#11610,#11611,#11617,#11618));
#11610 = ORIENTED_EDGE('',*,*,#904,.T.);
#11611 = ORIENTED_EDGE('',*,*,#11612,.T.);
#11612 = EDGE_CURVE('',#905,#5835,#11613,.T.);
#11613 = LINE('',#11614,#11615);
#11614 = CARTESIAN_POINT('',(23.499892,-114.59991,-4.6E-02));
#11615 = VECTOR('',#11616,1.);
#11616 = DIRECTION('',(0.,0.,1.));
#11617 = ORIENTED_EDGE('',*,*,#5834,.F.);
#11618 = ORIENTED_EDGE('',*,*,#11612,.F.);
#11619 = CYLINDRICAL_SURFACE('',#11620,0.6);
#11620 = AXIS2_PLACEMENT_3D('',#11621,#11622,#11623);
#11621 = CARTESIAN_POINT('',(23.499892,-113.99991,-4.6E-02));
#11622 = DIRECTION('',(-0.,-0.,-1.));
#11623 = DIRECTION('',(-5.921189464668E-15,-1.,0.));
#11624 = ADVANCED_FACE('',(#11625),#11636,.F.);
#11625 = FACE_BOUND('',#11626,.T.);
#11626 = EDGE_LOOP('',(#11627,#11628,#11634,#11635));
#11627 = ORIENTED_EDGE('',*,*,#915,.T.);
#11628 = ORIENTED_EDGE('',*,*,#11629,.T.);
#11629 = EDGE_CURVE('',#916,#5846,#11630,.T.);
#11630 = LINE('',#11631,#11632);
#11631 = CARTESIAN_POINT('',(35.499892,-114.599909,-4.6E-02));
#11632 = VECTOR('',#11633,1.);
#11633 = DIRECTION('',(0.,0.,1.));
#11634 = ORIENTED_EDGE('',*,*,#5845,.F.);
#11635 = ORIENTED_EDGE('',*,*,#11629,.F.);
#11636 = CYLINDRICAL_SURFACE('',#11637,0.6);
#11637 = AXIS2_PLACEMENT_3D('',#11638,#11639,#11640);
#11638 = CARTESIAN_POINT('',(35.499892,-113.999909,-4.6E-02));
#11639 = DIRECTION('',(-0.,-0.,-1.));
#11640 = DIRECTION('',(-0.,-1.,0.));
#11641 = ADVANCED_FACE('',(#11642),#11658,.T.);
#11642 = FACE_BOUND('',#11643,.T.);
#11643 = EDGE_LOOP('',(#11644,#11650,#11651,#11657));
#11644 = ORIENTED_EDGE('',*,*,#11645,.T.);
#11645 = EDGE_CURVE('',#927,#5857,#11646,.T.);
#11646 = LINE('',#11647,#11648);
#11647 = CARTESIAN_POINT('',(25.999892,-88.99991,0.));
#11648 = VECTOR('',#11649,1.);
#11649 = DIRECTION('',(0.,0.,1.));
#11650 = ORIENTED_EDGE('',*,*,#5856,.T.);
#11651 = ORIENTED_EDGE('',*,*,#11652,.F.);
#11652 = EDGE_CURVE('',#929,#5859,#11653,.T.);
#11653 = LINE('',#11654,#11655);
#11654 = CARTESIAN_POINT('',(26.999892,-96.99991,0.));
#11655 = VECTOR('',#11656,1.);
#11656 = DIRECTION('',(0.,0.,1.));
#11657 = ORIENTED_EDGE('',*,*,#926,.F.);
#11658 = PLANE('',#11659);
#11659 = AXIS2_PLACEMENT_3D('',#11660,#11661,#11662);
#11660 = CARTESIAN_POINT('',(25.999892,-88.99991,0.));
#11661 = DIRECTION('',(0.992277876714,0.124034734589,-0.));
#11662 = DIRECTION('',(0.124034734589,-0.992277876714,0.));
#11663 = ADVANCED_FACE('',(#11664),#11675,.T.);
#11664 = FACE_BOUND('',#11665,.T.);
#11665 = EDGE_LOOP('',(#11666,#11672,#11673,#11674));
#11666 = ORIENTED_EDGE('',*,*,#11667,.T.);
#11667 = EDGE_CURVE('',#937,#5867,#11668,.T.);
#11668 = LINE('',#11669,#11670);
#11669 = CARTESIAN_POINT('',(25.999892,-87.99991,0.));
#11670 = VECTOR('',#11671,1.);
#11671 = DIRECTION('',(0.,0.,1.));
#11672 = ORIENTED_EDGE('',*,*,#5866,.T.);
#11673 = ORIENTED_EDGE('',*,*,#11645,.F.);
#11674 = ORIENTED_EDGE('',*,*,#936,.F.);
#11675 = PLANE('',#11676);
#11676 = AXIS2_PLACEMENT_3D('',#11677,#11678,#11679);
#11677 = CARTESIAN_POINT('',(25.999892,-87.99991,0.));
#11678 = DIRECTION('',(1.,0.,-0.));
#11679 = DIRECTION('',(0.,-1.,0.));
#11680 = ADVANCED_FACE('',(#11681),#11692,.T.);
#11681 = FACE_BOUND('',#11682,.T.);
#11682 = EDGE_LOOP('',(#11683,#11684,#11685,#11691));
#11683 = ORIENTED_EDGE('',*,*,#11652,.T.);
#11684 = ORIENTED_EDGE('',*,*,#5946,.T.);
#11685 = ORIENTED_EDGE('',*,*,#11686,.F.);
#11686 = EDGE_CURVE('',#1009,#5939,#11687,.T.);
#11687 = LINE('',#11688,#11689);
#11688 = CARTESIAN_POINT('',(26.999892,-103.99991,0.));
#11689 = VECTOR('',#11690,1.);
#11690 = DIRECTION('',(0.,0.,1.));
#11691 = ORIENTED_EDGE('',*,*,#1016,.F.);
#11692 = PLANE('',#11693);
#11693 = AXIS2_PLACEMENT_3D('',#11694,#11695,#11696);
#11694 = CARTESIAN_POINT('',(26.999892,-96.99991,0.));
#11695 = DIRECTION('',(1.,0.,-0.));
#11696 = DIRECTION('',(0.,-1.,0.));
#11697 = ADVANCED_FACE('',(#11698),#11709,.T.);
#11698 = FACE_BOUND('',#11699,.T.);
#11699 = EDGE_LOOP('',(#11700,#11706,#11707,#11708));
#11700 = ORIENTED_EDGE('',*,*,#11701,.T.);
#11701 = EDGE_CURVE('',#945,#5875,#11702,.T.);
#11702 = LINE('',#11703,#11704);
#11703 = CARTESIAN_POINT('',(32.999892,-87.99991,0.));
#11704 = VECTOR('',#11705,1.);
#11705 = DIRECTION('',(0.,0.,1.));
#11706 = ORIENTED_EDGE('',*,*,#5874,.T.);
#11707 = ORIENTED_EDGE('',*,*,#11667,.F.);
#11708 = ORIENTED_EDGE('',*,*,#944,.F.);
#11709 = PLANE('',#11710);
#11710 = AXIS2_PLACEMENT_3D('',#11711,#11712,#11713);
#11711 = CARTESIAN_POINT('',(32.999892,-87.99991,0.));
#11712 = DIRECTION('',(0.,-1.,0.));
#11713 = DIRECTION('',(-1.,0.,0.));
#11714 = ADVANCED_FACE('',(#11715),#11726,.T.);
#11715 = FACE_BOUND('',#11716,.T.);
#11716 = EDGE_LOOP('',(#11717,#11718,#11719,#11725));
#11717 = ORIENTED_EDGE('',*,*,#11686,.T.);
#11718 = ORIENTED_EDGE('',*,*,#5938,.T.);
#11719 = ORIENTED_EDGE('',*,*,#11720,.F.);
#11720 = EDGE_CURVE('',#1001,#5931,#11721,.T.);
#11721 = LINE('',#11722,#11723);
#11722 = CARTESIAN_POINT('',(25.999892,-110.99991,0.));
#11723 = VECTOR('',#11724,1.);
#11724 = DIRECTION('',(0.,0.,1.));
#11725 = ORIENTED_EDGE('',*,*,#1008,.F.);
#11726 = PLANE('',#11727);
#11727 = AXIS2_PLACEMENT_3D('',#11728,#11729,#11730);
#11728 = CARTESIAN_POINT('',(26.999892,-103.99991,0.));
#11729 = DIRECTION('',(0.989949493661,-0.141421356237,0.));
#11730 = DIRECTION('',(-0.141421356237,-0.989949493661,0.));
#11731 = ADVANCED_FACE('',(#11732),#11743,.T.);
#11732 = FACE_BOUND('',#11733,.T.);
#11733 = EDGE_LOOP('',(#11734,#11740,#11741,#11742));
#11734 = ORIENTED_EDGE('',*,*,#11735,.T.);
#11735 = EDGE_CURVE('',#953,#5883,#11736,.T.);
#11736 = LINE('',#11737,#11738);
#11737 = CARTESIAN_POINT('',(32.999892,-88.99991,0.));
#11738 = VECTOR('',#11739,1.);
#11739 = DIRECTION('',(0.,0.,1.));
#11740 = ORIENTED_EDGE('',*,*,#5882,.T.);
#11741 = ORIENTED_EDGE('',*,*,#11701,.F.);
#11742 = ORIENTED_EDGE('',*,*,#952,.F.);
#11743 = PLANE('',#11744);
#11744 = AXIS2_PLACEMENT_3D('',#11745,#11746,#11747);
#11745 = CARTESIAN_POINT('',(32.999892,-88.99991,0.));
#11746 = DIRECTION('',(-1.,0.,0.));
#11747 = DIRECTION('',(0.,1.,0.));
#11748 = ADVANCED_FACE('',(#11749),#11760,.T.);
#11749 = FACE_BOUND('',#11750,.T.);
#11750 = EDGE_LOOP('',(#11751,#11752,#11753,#11759));
#11751 = ORIENTED_EDGE('',*,*,#11720,.T.);
#11752 = ORIENTED_EDGE('',*,*,#5930,.T.);
#11753 = ORIENTED_EDGE('',*,*,#11754,.F.);
#11754 = EDGE_CURVE('',#993,#5923,#11755,.T.);
#11755 = LINE('',#11756,#11757);
#11756 = CARTESIAN_POINT('',(25.999892,-112.99991,0.));
#11757 = VECTOR('',#11758,1.);
#11758 = DIRECTION('',(0.,0.,1.));
#11759 = ORIENTED_EDGE('',*,*,#1000,.F.);
#11760 = PLANE('',#11761);
#11761 = AXIS2_PLACEMENT_3D('',#11762,#11763,#11764);
#11762 = CARTESIAN_POINT('',(25.999892,-110.99991,0.));
#11763 = DIRECTION('',(1.,0.,-0.));
#11764 = DIRECTION('',(0.,-1.,0.));
#11765 = ADVANCED_FACE('',(#11766),#11777,.T.);
#11766 = FACE_BOUND('',#11767,.T.);
#11767 = EDGE_LOOP('',(#11768,#11774,#11775,#11776));
#11768 = ORIENTED_EDGE('',*,*,#11769,.T.);
#11769 = EDGE_CURVE('',#961,#5891,#11770,.T.);
#11770 = LINE('',#11771,#11772);
#11771 = CARTESIAN_POINT('',(31.999892,-96.99991,0.));
#11772 = VECTOR('',#11773,1.);
#11773 = DIRECTION('',(0.,0.,1.));
#11774 = ORIENTED_EDGE('',*,*,#5890,.T.);
#11775 = ORIENTED_EDGE('',*,*,#11735,.F.);
#11776 = ORIENTED_EDGE('',*,*,#960,.F.);
#11777 = PLANE('',#11778);
#11778 = AXIS2_PLACEMENT_3D('',#11779,#11780,#11781);
#11779 = CARTESIAN_POINT('',(31.999892,-96.99991,0.));
#11780 = DIRECTION('',(-0.992277876714,0.124034734589,0.));
#11781 = DIRECTION('',(0.124034734589,0.992277876714,0.));
#11782 = ADVANCED_FACE('',(#11783),#11794,.T.);
#11783 = FACE_BOUND('',#11784,.T.);
#11784 = EDGE_LOOP('',(#11785,#11786,#11787,#11793));
#11785 = ORIENTED_EDGE('',*,*,#11754,.T.);
#11786 = ORIENTED_EDGE('',*,*,#5922,.T.);
#11787 = ORIENTED_EDGE('',*,*,#11788,.F.);
#11788 = EDGE_CURVE('',#985,#5915,#11789,.T.);
#11789 = LINE('',#11790,#11791);
#11790 = CARTESIAN_POINT('',(32.999892,-112.99991,0.));
#11791 = VECTOR('',#11792,1.);
#11792 = DIRECTION('',(0.,0.,1.));
#11793 = ORIENTED_EDGE('',*,*,#992,.F.);
#11794 = PLANE('',#11795);
#11795 = AXIS2_PLACEMENT_3D('',#11796,#11797,#11798);
#11796 = CARTESIAN_POINT('',(25.999892,-112.99991,0.));
#11797 = DIRECTION('',(0.,1.,0.));
#11798 = DIRECTION('',(1.,0.,0.));
#11799 = ADVANCED_FACE('',(#11800),#11811,.T.);
#11800 = FACE_BOUND('',#11801,.T.);
#11801 = EDGE_LOOP('',(#11802,#11808,#11809,#11810));
#11802 = ORIENTED_EDGE('',*,*,#11803,.T.);
#11803 = EDGE_CURVE('',#969,#5899,#11804,.T.);
#11804 = LINE('',#11805,#11806);
#11805 = CARTESIAN_POINT('',(31.999892,-103.99991,0.));
#11806 = VECTOR('',#11807,1.);
#11807 = DIRECTION('',(0.,0.,1.));
#11808 = ORIENTED_EDGE('',*,*,#5898,.T.);
#11809 = ORIENTED_EDGE('',*,*,#11769,.F.);
#11810 = ORIENTED_EDGE('',*,*,#968,.F.);
#11811 = PLANE('',#11812);
#11812 = AXIS2_PLACEMENT_3D('',#11813,#11814,#11815);
#11813 = CARTESIAN_POINT('',(31.999892,-103.99991,0.));
#11814 = DIRECTION('',(-1.,0.,0.));
#11815 = DIRECTION('',(0.,1.,0.));
#11816 = ADVANCED_FACE('',(#11817),#11828,.T.);
#11817 = FACE_BOUND('',#11818,.T.);
#11818 = EDGE_LOOP('',(#11819,#11820,#11821,#11827));
#11819 = ORIENTED_EDGE('',*,*,#11788,.T.);
#11820 = ORIENTED_EDGE('',*,*,#5914,.T.);
#11821 = ORIENTED_EDGE('',*,*,#11822,.F.);
#11822 = EDGE_CURVE('',#977,#5907,#11823,.T.);
#11823 = LINE('',#11824,#11825);
#11824 = CARTESIAN_POINT('',(32.999892,-110.99991,0.));
#11825 = VECTOR('',#11826,1.);
#11826 = DIRECTION('',(0.,0.,1.));
#11827 = ORIENTED_EDGE('',*,*,#984,.F.);
#11828 = PLANE('',#11829);
#11829 = AXIS2_PLACEMENT_3D('',#11830,#11831,#11832);
#11830 = CARTESIAN_POINT('',(32.999892,-112.99991,0.));
#11831 = DIRECTION('',(-1.,0.,0.));
#11832 = DIRECTION('',(0.,1.,0.));
#11833 = ADVANCED_FACE('',(#11834),#11840,.T.);
#11834 = FACE_BOUND('',#11835,.T.);
#11835 = EDGE_LOOP('',(#11836,#11837,#11838,#11839));
#11836 = ORIENTED_EDGE('',*,*,#11822,.T.);
#11837 = ORIENTED_EDGE('',*,*,#5906,.T.);
#11838 = ORIENTED_EDGE('',*,*,#11803,.F.);
#11839 = ORIENTED_EDGE('',*,*,#976,.F.);
#11840 = PLANE('',#11841);
#11841 = AXIS2_PLACEMENT_3D('',#11842,#11843,#11844);
#11842 = CARTESIAN_POINT('',(32.999892,-110.99991,0.));
#11843 = DIRECTION('',(-0.989949493661,-0.141421356237,0.));
#11844 = DIRECTION('',(-0.141421356237,0.989949493661,0.));
#11845 = ADVANCED_FACE('',(#11846),#11862,.T.);
#11846 = FACE_BOUND('',#11847,.T.);
#11847 = EDGE_LOOP('',(#11848,#11854,#11855,#11861));
#11848 = ORIENTED_EDGE('',*,*,#11849,.T.);
#11849 = EDGE_CURVE('',#1025,#5955,#11850,.T.);
#11850 = LINE('',#11851,#11852);
#11851 = CARTESIAN_POINT('',(37.999892,-88.99991,0.));
#11852 = VECTOR('',#11853,1.);
#11853 = DIRECTION('',(0.,0.,1.));
#11854 = ORIENTED_EDGE('',*,*,#5954,.T.);
#11855 = ORIENTED_EDGE('',*,*,#11856,.F.);
#11856 = EDGE_CURVE('',#1027,#5957,#11857,.T.);
#11857 = LINE('',#11858,#11859);
#11858 = CARTESIAN_POINT('',(38.999892,-96.99991,0.));
#11859 = VECTOR('',#11860,1.);
#11860 = DIRECTION('',(0.,0.,1.));
#11861 = ORIENTED_EDGE('',*,*,#1024,.F.);
#11862 = PLANE('',#11863);
#11863 = AXIS2_PLACEMENT_3D('',#11864,#11865,#11866);
#11864 = CARTESIAN_POINT('',(37.999892,-88.99991,0.));
#11865 = DIRECTION('',(0.992277876714,0.124034734589,-0.));
#11866 = DIRECTION('',(0.124034734589,-0.992277876714,0.));
#11867 = ADVANCED_FACE('',(#11868),#11879,.T.);
#11868 = FACE_BOUND('',#11869,.T.);
#11869 = EDGE_LOOP('',(#11870,#11876,#11877,#11878));
#11870 = ORIENTED_EDGE('',*,*,#11871,.T.);
#11871 = EDGE_CURVE('',#1035,#5965,#11872,.T.);
#11872 = LINE('',#11873,#11874);
#11873 = CARTESIAN_POINT('',(37.999892,-87.99991,0.));
#11874 = VECTOR('',#11875,1.);
#11875 = DIRECTION('',(0.,0.,1.));
#11876 = ORIENTED_EDGE('',*,*,#5964,.T.);
#11877 = ORIENTED_EDGE('',*,*,#11849,.F.);
#11878 = ORIENTED_EDGE('',*,*,#1034,.F.);
#11879 = PLANE('',#11880);
#11880 = AXIS2_PLACEMENT_3D('',#11881,#11882,#11883);
#11881 = CARTESIAN_POINT('',(37.999892,-87.99991,0.));
#11882 = DIRECTION('',(1.,0.,-0.));
#11883 = DIRECTION('',(0.,-1.,0.));
#11884 = ADVANCED_FACE('',(#11885),#11896,.T.);
#11885 = FACE_BOUND('',#11886,.T.);
#11886 = EDGE_LOOP('',(#11887,#11888,#11889,#11895));
#11887 = ORIENTED_EDGE('',*,*,#11856,.T.);
#11888 = ORIENTED_EDGE('',*,*,#6044,.T.);
#11889 = ORIENTED_EDGE('',*,*,#11890,.F.);
#11890 = EDGE_CURVE('',#1107,#6037,#11891,.T.);
#11891 = LINE('',#11892,#11893);
#11892 = CARTESIAN_POINT('',(38.999892,-103.99991,0.));
#11893 = VECTOR('',#11894,1.);
#11894 = DIRECTION('',(0.,0.,1.));
#11895 = ORIENTED_EDGE('',*,*,#1114,.F.);
#11896 = PLANE('',#11897);
#11897 = AXIS2_PLACEMENT_3D('',#11898,#11899,#11900);
#11898 = CARTESIAN_POINT('',(38.999892,-96.99991,0.));
#11899 = DIRECTION('',(1.,0.,-0.));
#11900 = DIRECTION('',(0.,-1.,0.));
#11901 = ADVANCED_FACE('',(#11902),#11913,.T.);
#11902 = FACE_BOUND('',#11903,.T.);
#11903 = EDGE_LOOP('',(#11904,#11910,#11911,#11912));
#11904 = ORIENTED_EDGE('',*,*,#11905,.T.);
#11905 = EDGE_CURVE('',#1043,#5973,#11906,.T.);
#11906 = LINE('',#11907,#11908);
#11907 = CARTESIAN_POINT('',(44.999892,-87.99991,0.));
#11908 = VECTOR('',#11909,1.);
#11909 = DIRECTION('',(0.,0.,1.));
#11910 = ORIENTED_EDGE('',*,*,#5972,.T.);
#11911 = ORIENTED_EDGE('',*,*,#11871,.F.);
#11912 = ORIENTED_EDGE('',*,*,#1042,.F.);
#11913 = PLANE('',#11914);
#11914 = AXIS2_PLACEMENT_3D('',#11915,#11916,#11917);
#11915 = CARTESIAN_POINT('',(44.999892,-87.99991,0.));
#11916 = DIRECTION('',(0.,-1.,0.));
#11917 = DIRECTION('',(-1.,0.,0.));
#11918 = ADVANCED_FACE('',(#11919),#11930,.T.);
#11919 = FACE_BOUND('',#11920,.T.);
#11920 = EDGE_LOOP('',(#11921,#11922,#11923,#11929));
#11921 = ORIENTED_EDGE('',*,*,#11890,.T.);
#11922 = ORIENTED_EDGE('',*,*,#6036,.T.);
#11923 = ORIENTED_EDGE('',*,*,#11924,.F.);
#11924 = EDGE_CURVE('',#1099,#6029,#11925,.T.);
#11925 = LINE('',#11926,#11927);
#11926 = CARTESIAN_POINT('',(37.999892,-110.99991,0.));
#11927 = VECTOR('',#11928,1.);
#11928 = DIRECTION('',(0.,0.,1.));
#11929 = ORIENTED_EDGE('',*,*,#1106,.F.);
#11930 = PLANE('',#11931);
#11931 = AXIS2_PLACEMENT_3D('',#11932,#11933,#11934);
#11932 = CARTESIAN_POINT('',(38.999892,-103.99991,0.));
#11933 = DIRECTION('',(0.989949493661,-0.141421356237,0.));
#11934 = DIRECTION('',(-0.141421356237,-0.989949493661,0.));
#11935 = ADVANCED_FACE('',(#11936),#11947,.T.);
#11936 = FACE_BOUND('',#11937,.T.);
#11937 = EDGE_LOOP('',(#11938,#11944,#11945,#11946));
#11938 = ORIENTED_EDGE('',*,*,#11939,.T.);
#11939 = EDGE_CURVE('',#1051,#5981,#11940,.T.);
#11940 = LINE('',#11941,#11942);
#11941 = CARTESIAN_POINT('',(44.999892,-88.99991,0.));
#11942 = VECTOR('',#11943,1.);
#11943 = DIRECTION('',(0.,0.,1.));
#11944 = ORIENTED_EDGE('',*,*,#5980,.T.);
#11945 = ORIENTED_EDGE('',*,*,#11905,.F.);
#11946 = ORIENTED_EDGE('',*,*,#1050,.F.);
#11947 = PLANE('',#11948);
#11948 = AXIS2_PLACEMENT_3D('',#11949,#11950,#11951);
#11949 = CARTESIAN_POINT('',(44.999892,-88.99991,0.));
#11950 = DIRECTION('',(-1.,0.,0.));
#11951 = DIRECTION('',(0.,1.,0.));
#11952 = ADVANCED_FACE('',(#11953),#11964,.T.);
#11953 = FACE_BOUND('',#11954,.T.);
#11954 = EDGE_LOOP('',(#11955,#11956,#11957,#11963));
#11955 = ORIENTED_EDGE('',*,*,#11924,.T.);
#11956 = ORIENTED_EDGE('',*,*,#6028,.T.);
#11957 = ORIENTED_EDGE('',*,*,#11958,.F.);
#11958 = EDGE_CURVE('',#1091,#6021,#11959,.T.);
#11959 = LINE('',#11960,#11961);
#11960 = CARTESIAN_POINT('',(37.999892,-112.99991,0.));
#11961 = VECTOR('',#11962,1.);
#11962 = DIRECTION('',(0.,0.,1.));
#11963 = ORIENTED_EDGE('',*,*,#1098,.F.);
#11964 = PLANE('',#11965);
#11965 = AXIS2_PLACEMENT_3D('',#11966,#11967,#11968);
#11966 = CARTESIAN_POINT('',(37.999892,-110.99991,0.));
#11967 = DIRECTION('',(1.,0.,-0.));
#11968 = DIRECTION('',(0.,-1.,0.));
#11969 = ADVANCED_FACE('',(#11970),#11981,.T.);
#11970 = FACE_BOUND('',#11971,.T.);
#11971 = EDGE_LOOP('',(#11972,#11978,#11979,#11980));
#11972 = ORIENTED_EDGE('',*,*,#11973,.T.);
#11973 = EDGE_CURVE('',#1059,#5989,#11974,.T.);
#11974 = LINE('',#11975,#11976);
#11975 = CARTESIAN_POINT('',(43.999892,-96.99991,0.));
#11976 = VECTOR('',#11977,1.);
#11977 = DIRECTION('',(0.,0.,1.));
#11978 = ORIENTED_EDGE('',*,*,#5988,.T.);
#11979 = ORIENTED_EDGE('',*,*,#11939,.F.);
#11980 = ORIENTED_EDGE('',*,*,#1058,.F.);
#11981 = PLANE('',#11982);
#11982 = AXIS2_PLACEMENT_3D('',#11983,#11984,#11985);
#11983 = CARTESIAN_POINT('',(43.999892,-96.99991,0.));
#11984 = DIRECTION('',(-0.992277876714,0.124034734589,0.));
#11985 = DIRECTION('',(0.124034734589,0.992277876714,0.));
#11986 = ADVANCED_FACE('',(#11987),#11998,.T.);
#11987 = FACE_BOUND('',#11988,.T.);
#11988 = EDGE_LOOP('',(#11989,#11990,#11991,#11997));
#11989 = ORIENTED_EDGE('',*,*,#11958,.T.);
#11990 = ORIENTED_EDGE('',*,*,#6020,.T.);
#11991 = ORIENTED_EDGE('',*,*,#11992,.F.);
#11992 = EDGE_CURVE('',#1083,#6013,#11993,.T.);
#11993 = LINE('',#11994,#11995);
#11994 = CARTESIAN_POINT('',(44.999892,-112.99991,0.));
#11995 = VECTOR('',#11996,1.);
#11996 = DIRECTION('',(0.,0.,1.));
#11997 = ORIENTED_EDGE('',*,*,#1090,.F.);
#11998 = PLANE('',#11999);
#11999 = AXIS2_PLACEMENT_3D('',#12000,#12001,#12002);
#12000 = CARTESIAN_POINT('',(37.999892,-112.99991,0.));
#12001 = DIRECTION('',(0.,1.,0.));
#12002 = DIRECTION('',(1.,0.,0.));
#12003 = ADVANCED_FACE('',(#12004),#12015,.T.);
#12004 = FACE_BOUND('',#12005,.T.);
#12005 = EDGE_LOOP('',(#12006,#12012,#12013,#12014));
#12006 = ORIENTED_EDGE('',*,*,#12007,.T.);
#12007 = EDGE_CURVE('',#1067,#5997,#12008,.T.);
#12008 = LINE('',#12009,#12010);
#12009 = CARTESIAN_POINT('',(43.999892,-103.99991,0.));
#12010 = VECTOR('',#12011,1.);
#12011 = DIRECTION('',(0.,0.,1.));
#12012 = ORIENTED_EDGE('',*,*,#5996,.T.);
#12013 = ORIENTED_EDGE('',*,*,#11973,.F.);
#12014 = ORIENTED_EDGE('',*,*,#1066,.F.);
#12015 = PLANE('',#12016);
#12016 = AXIS2_PLACEMENT_3D('',#12017,#12018,#12019);
#12017 = CARTESIAN_POINT('',(43.999892,-103.99991,0.));
#12018 = DIRECTION('',(-1.,0.,0.));
#12019 = DIRECTION('',(0.,1.,0.));
#12020 = ADVANCED_FACE('',(#12021),#12032,.T.);
#12021 = FACE_BOUND('',#12022,.T.);
#12022 = EDGE_LOOP('',(#12023,#12024,#12025,#12031));
#12023 = ORIENTED_EDGE('',*,*,#11992,.T.);
#12024 = ORIENTED_EDGE('',*,*,#6012,.T.);
#12025 = ORIENTED_EDGE('',*,*,#12026,.F.);
#12026 = EDGE_CURVE('',#1075,#6005,#12027,.T.);
#12027 = LINE('',#12028,#12029);
#12028 = CARTESIAN_POINT('',(44.999892,-110.99991,0.));
#12029 = VECTOR('',#12030,1.);
#12030 = DIRECTION('',(0.,0.,1.));
#12031 = ORIENTED_EDGE('',*,*,#1082,.F.);
#12032 = PLANE('',#12033);
#12033 = AXIS2_PLACEMENT_3D('',#12034,#12035,#12036);
#12034 = CARTESIAN_POINT('',(44.999892,-112.99991,0.));
#12035 = DIRECTION('',(-1.,0.,0.));
#12036 = DIRECTION('',(0.,1.,0.));
#12037 = ADVANCED_FACE('',(#12038),#12044,.T.);
#12038 = FACE_BOUND('',#12039,.T.);
#12039 = EDGE_LOOP('',(#12040,#12041,#12042,#12043));
#12040 = ORIENTED_EDGE('',*,*,#12026,.T.);
#12041 = ORIENTED_EDGE('',*,*,#6004,.T.);
#12042 = ORIENTED_EDGE('',*,*,#12007,.F.);
#12043 = ORIENTED_EDGE('',*,*,#1074,.F.);
#12044 = PLANE('',#12045);
#12045 = AXIS2_PLACEMENT_3D('',#12046,#12047,#12048);
#12046 = CARTESIAN_POINT('',(44.999892,-110.99991,0.));
#12047 = DIRECTION('',(-0.989949493661,-0.141421356237,0.));
#12048 = DIRECTION('',(-0.141421356237,0.989949493661,0.));
#12049 = ADVANCED_FACE('',(#12050),#12061,.F.);
#12050 = FACE_BOUND('',#12051,.T.);
#12051 = EDGE_LOOP('',(#12052,#12053,#12059,#12060));
#12052 = ORIENTED_EDGE('',*,*,#1122,.T.);
#12053 = ORIENTED_EDGE('',*,*,#12054,.T.);
#12054 = EDGE_CURVE('',#1123,#6053,#12055,.T.);
#12055 = LINE('',#12056,#12057);
#12056 = CARTESIAN_POINT('',(47.499892,-114.599909,-4.6E-02));
#12057 = VECTOR('',#12058,1.);
#12058 = DIRECTION('',(0.,0.,1.));
#12059 = ORIENTED_EDGE('',*,*,#6052,.F.);
#12060 = ORIENTED_EDGE('',*,*,#12054,.F.);
#12061 = CYLINDRICAL_SURFACE('',#12062,0.6);
#12062 = AXIS2_PLACEMENT_3D('',#12063,#12064,#12065);
#12063 = CARTESIAN_POINT('',(47.499892,-113.999909,-4.6E-02));
#12064 = DIRECTION('',(-0.,-0.,-1.));
#12065 = DIRECTION('',(-0.,-1.,0.));
#12066 = ADVANCED_FACE('',(#12067),#12078,.F.);
#12067 = FACE_BOUND('',#12068,.T.);
#12068 = EDGE_LOOP('',(#12069,#12070,#12076,#12077));
#12069 = ORIENTED_EDGE('',*,*,#1133,.T.);
#12070 = ORIENTED_EDGE('',*,*,#12071,.T.);
#12071 = EDGE_CURVE('',#1134,#6064,#12072,.T.);
#12072 = LINE('',#12073,#12074);
#12073 = CARTESIAN_POINT('',(59.499892,-114.599909,-4.6E-02));
#12074 = VECTOR('',#12075,1.);
#12075 = DIRECTION('',(0.,0.,1.));
#12076 = ORIENTED_EDGE('',*,*,#6063,.F.);
#12077 = ORIENTED_EDGE('',*,*,#12071,.F.);
#12078 = CYLINDRICAL_SURFACE('',#12079,0.6);
#12079 = AXIS2_PLACEMENT_3D('',#12080,#12081,#12082);
#12080 = CARTESIAN_POINT('',(59.499892,-113.999909,-4.6E-02));
#12081 = DIRECTION('',(-0.,-0.,-1.));
#12082 = DIRECTION('',(-0.,-1.,0.));
#12083 = ADVANCED_FACE('',(#12084),#12100,.T.);
#12084 = FACE_BOUND('',#12085,.T.);
#12085 = EDGE_LOOP('',(#12086,#12092,#12093,#12099));
#12086 = ORIENTED_EDGE('',*,*,#12087,.T.);
#12087 = EDGE_CURVE('',#1145,#6075,#12088,.T.);
#12088 = LINE('',#12089,#12090);
#12089 = CARTESIAN_POINT('',(49.999892,-88.99991,0.));
#12090 = VECTOR('',#12091,1.);
#12091 = DIRECTION('',(0.,0.,1.));
#12092 = ORIENTED_EDGE('',*,*,#6074,.T.);
#12093 = ORIENTED_EDGE('',*,*,#12094,.F.);
#12094 = EDGE_CURVE('',#1147,#6077,#12095,.T.);
#12095 = LINE('',#12096,#12097);
#12096 = CARTESIAN_POINT('',(50.999892,-96.99991,0.));
#12097 = VECTOR('',#12098,1.);
#12098 = DIRECTION('',(0.,0.,1.));
#12099 = ORIENTED_EDGE('',*,*,#1144,.F.);
#12100 = PLANE('',#12101);
#12101 = AXIS2_PLACEMENT_3D('',#12102,#12103,#12104);
#12102 = CARTESIAN_POINT('',(49.999892,-88.99991,0.));
#12103 = DIRECTION('',(0.992277876714,0.124034734589,-0.));
#12104 = DIRECTION('',(0.124034734589,-0.992277876714,0.));
#12105 = ADVANCED_FACE('',(#12106),#12117,.T.);
#12106 = FACE_BOUND('',#12107,.T.);
#12107 = EDGE_LOOP('',(#12108,#12114,#12115,#12116));
#12108 = ORIENTED_EDGE('',*,*,#12109,.T.);
#12109 = EDGE_CURVE('',#1155,#6085,#12110,.T.);
#12110 = LINE('',#12111,#12112);
#12111 = CARTESIAN_POINT('',(49.999892,-87.99991,0.));
#12112 = VECTOR('',#12113,1.);
#12113 = DIRECTION('',(0.,0.,1.));
#12114 = ORIENTED_EDGE('',*,*,#6084,.T.);
#12115 = ORIENTED_EDGE('',*,*,#12087,.F.);
#12116 = ORIENTED_EDGE('',*,*,#1154,.F.);
#12117 = PLANE('',#12118);
#12118 = AXIS2_PLACEMENT_3D('',#12119,#12120,#12121);
#12119 = CARTESIAN_POINT('',(49.999892,-87.99991,0.));
#12120 = DIRECTION('',(1.,0.,-0.));
#12121 = DIRECTION('',(0.,-1.,0.));
#12122 = ADVANCED_FACE('',(#12123),#12134,.T.);
#12123 = FACE_BOUND('',#12124,.T.);
#12124 = EDGE_LOOP('',(#12125,#12126,#12127,#12133));
#12125 = ORIENTED_EDGE('',*,*,#12094,.T.);
#12126 = ORIENTED_EDGE('',*,*,#6164,.T.);
#12127 = ORIENTED_EDGE('',*,*,#12128,.F.);
#12128 = EDGE_CURVE('',#1227,#6157,#12129,.T.);
#12129 = LINE('',#12130,#12131);
#12130 = CARTESIAN_POINT('',(50.999892,-103.99991,0.));
#12131 = VECTOR('',#12132,1.);
#12132 = DIRECTION('',(0.,0.,1.));
#12133 = ORIENTED_EDGE('',*,*,#1234,.F.);
#12134 = PLANE('',#12135);
#12135 = AXIS2_PLACEMENT_3D('',#12136,#12137,#12138);
#12136 = CARTESIAN_POINT('',(50.999892,-96.99991,0.));
#12137 = DIRECTION('',(1.,0.,-0.));
#12138 = DIRECTION('',(0.,-1.,0.));
#12139 = ADVANCED_FACE('',(#12140),#12151,.T.);
#12140 = FACE_BOUND('',#12141,.T.);
#12141 = EDGE_LOOP('',(#12142,#12148,#12149,#12150));
#12142 = ORIENTED_EDGE('',*,*,#12143,.T.);
#12143 = EDGE_CURVE('',#1163,#6093,#12144,.T.);
#12144 = LINE('',#12145,#12146);
#12145 = CARTESIAN_POINT('',(56.999892,-87.99991,0.));
#12146 = VECTOR('',#12147,1.);
#12147 = DIRECTION('',(0.,0.,1.));
#12148 = ORIENTED_EDGE('',*,*,#6092,.T.);
#12149 = ORIENTED_EDGE('',*,*,#12109,.F.);
#12150 = ORIENTED_EDGE('',*,*,#1162,.F.);
#12151 = PLANE('',#12152);
#12152 = AXIS2_PLACEMENT_3D('',#12153,#12154,#12155);
#12153 = CARTESIAN_POINT('',(56.999892,-87.99991,0.));
#12154 = DIRECTION('',(0.,-1.,0.));
#12155 = DIRECTION('',(-1.,0.,0.));
#12156 = ADVANCED_FACE('',(#12157),#12168,.T.);
#12157 = FACE_BOUND('',#12158,.T.);
#12158 = EDGE_LOOP('',(#12159,#12160,#12161,#12167));
#12159 = ORIENTED_EDGE('',*,*,#12128,.T.);
#12160 = ORIENTED_EDGE('',*,*,#6156,.T.);
#12161 = ORIENTED_EDGE('',*,*,#12162,.F.);
#12162 = EDGE_CURVE('',#1219,#6149,#12163,.T.);
#12163 = LINE('',#12164,#12165);
#12164 = CARTESIAN_POINT('',(49.999892,-110.99991,0.));
#12165 = VECTOR('',#12166,1.);
#12166 = DIRECTION('',(0.,0.,1.));
#12167 = ORIENTED_EDGE('',*,*,#1226,.F.);
#12168 = PLANE('',#12169);
#12169 = AXIS2_PLACEMENT_3D('',#12170,#12171,#12172);
#12170 = CARTESIAN_POINT('',(50.999892,-103.99991,0.));
#12171 = DIRECTION('',(0.989949493661,-0.141421356237,0.));
#12172 = DIRECTION('',(-0.141421356237,-0.989949493661,0.));
#12173 = ADVANCED_FACE('',(#12174),#12185,.T.);
#12174 = FACE_BOUND('',#12175,.T.);
#12175 = EDGE_LOOP('',(#12176,#12182,#12183,#12184));
#12176 = ORIENTED_EDGE('',*,*,#12177,.T.);
#12177 = EDGE_CURVE('',#1171,#6101,#12178,.T.);
#12178 = LINE('',#12179,#12180);
#12179 = CARTESIAN_POINT('',(56.999892,-88.99991,0.));
#12180 = VECTOR('',#12181,1.);
#12181 = DIRECTION('',(0.,0.,1.));
#12182 = ORIENTED_EDGE('',*,*,#6100,.T.);
#12183 = ORIENTED_EDGE('',*,*,#12143,.F.);
#12184 = ORIENTED_EDGE('',*,*,#1170,.F.);
#12185 = PLANE('',#12186);
#12186 = AXIS2_PLACEMENT_3D('',#12187,#12188,#12189);
#12187 = CARTESIAN_POINT('',(56.999892,-88.99991,0.));
#12188 = DIRECTION('',(-1.,0.,0.));
#12189 = DIRECTION('',(0.,1.,0.));
#12190 = ADVANCED_FACE('',(#12191),#12202,.T.);
#12191 = FACE_BOUND('',#12192,.T.);
#12192 = EDGE_LOOP('',(#12193,#12194,#12195,#12201));
#12193 = ORIENTED_EDGE('',*,*,#12162,.T.);
#12194 = ORIENTED_EDGE('',*,*,#6148,.T.);
#12195 = ORIENTED_EDGE('',*,*,#12196,.F.);
#12196 = EDGE_CURVE('',#1211,#6141,#12197,.T.);
#12197 = LINE('',#12198,#12199);
#12198 = CARTESIAN_POINT('',(49.999892,-112.99991,0.));
#12199 = VECTOR('',#12200,1.);
#12200 = DIRECTION('',(0.,0.,1.));
#12201 = ORIENTED_EDGE('',*,*,#1218,.F.);
#12202 = PLANE('',#12203);
#12203 = AXIS2_PLACEMENT_3D('',#12204,#12205,#12206);
#12204 = CARTESIAN_POINT('',(49.999892,-110.99991,0.));
#12205 = DIRECTION('',(1.,0.,-0.));
#12206 = DIRECTION('',(0.,-1.,0.));
#12207 = ADVANCED_FACE('',(#12208),#12219,.T.);
#12208 = FACE_BOUND('',#12209,.T.);
#12209 = EDGE_LOOP('',(#12210,#12216,#12217,#12218));
#12210 = ORIENTED_EDGE('',*,*,#12211,.T.);
#12211 = EDGE_CURVE('',#1179,#6109,#12212,.T.);
#12212 = LINE('',#12213,#12214);
#12213 = CARTESIAN_POINT('',(55.999892,-96.99991,0.));
#12214 = VECTOR('',#12215,1.);
#12215 = DIRECTION('',(0.,0.,1.));
#12216 = ORIENTED_EDGE('',*,*,#6108,.T.);
#12217 = ORIENTED_EDGE('',*,*,#12177,.F.);
#12218 = ORIENTED_EDGE('',*,*,#1178,.F.);
#12219 = PLANE('',#12220);
#12220 = AXIS2_PLACEMENT_3D('',#12221,#12222,#12223);
#12221 = CARTESIAN_POINT('',(55.999892,-96.99991,0.));
#12222 = DIRECTION('',(-0.992277876714,0.124034734589,0.));
#12223 = DIRECTION('',(0.124034734589,0.992277876714,0.));
#12224 = ADVANCED_FACE('',(#12225),#12236,.T.);
#12225 = FACE_BOUND('',#12226,.T.);
#12226 = EDGE_LOOP('',(#12227,#12228,#12229,#12235));
#12227 = ORIENTED_EDGE('',*,*,#12196,.T.);
#12228 = ORIENTED_EDGE('',*,*,#6140,.T.);
#12229 = ORIENTED_EDGE('',*,*,#12230,.F.);
#12230 = EDGE_CURVE('',#1203,#6133,#12231,.T.);
#12231 = LINE('',#12232,#12233);
#12232 = CARTESIAN_POINT('',(56.999892,-112.99991,0.));
#12233 = VECTOR('',#12234,1.);
#12234 = DIRECTION('',(0.,0.,1.));
#12235 = ORIENTED_EDGE('',*,*,#1210,.F.);
#12236 = PLANE('',#12237);
#12237 = AXIS2_PLACEMENT_3D('',#12238,#12239,#12240);
#12238 = CARTESIAN_POINT('',(49.999892,-112.99991,0.));
#12239 = DIRECTION('',(0.,1.,0.));
#12240 = DIRECTION('',(1.,0.,0.));
#12241 = ADVANCED_FACE('',(#12242),#12253,.T.);
#12242 = FACE_BOUND('',#12243,.T.);
#12243 = EDGE_LOOP('',(#12244,#12250,#12251,#12252));
#12244 = ORIENTED_EDGE('',*,*,#12245,.T.);
#12245 = EDGE_CURVE('',#1187,#6117,#12246,.T.);
#12246 = LINE('',#12247,#12248);
#12247 = CARTESIAN_POINT('',(55.999892,-103.99991,0.));
#12248 = VECTOR('',#12249,1.);
#12249 = DIRECTION('',(0.,0.,1.));
#12250 = ORIENTED_EDGE('',*,*,#6116,.T.);
#12251 = ORIENTED_EDGE('',*,*,#12211,.F.);
#12252 = ORIENTED_EDGE('',*,*,#1186,.F.);
#12253 = PLANE('',#12254);
#12254 = AXIS2_PLACEMENT_3D('',#12255,#12256,#12257);
#12255 = CARTESIAN_POINT('',(55.999892,-103.99991,0.));
#12256 = DIRECTION('',(-1.,0.,0.));
#12257 = DIRECTION('',(0.,1.,0.));
#12258 = ADVANCED_FACE('',(#12259),#12270,.T.);
#12259 = FACE_BOUND('',#12260,.T.);
#12260 = EDGE_LOOP('',(#12261,#12262,#12263,#12269));
#12261 = ORIENTED_EDGE('',*,*,#12230,.T.);
#12262 = ORIENTED_EDGE('',*,*,#6132,.T.);
#12263 = ORIENTED_EDGE('',*,*,#12264,.F.);
#12264 = EDGE_CURVE('',#1195,#6125,#12265,.T.);
#12265 = LINE('',#12266,#12267);
#12266 = CARTESIAN_POINT('',(56.999892,-110.99991,0.));
#12267 = VECTOR('',#12268,1.);
#12268 = DIRECTION('',(0.,0.,1.));
#12269 = ORIENTED_EDGE('',*,*,#1202,.F.);
#12270 = PLANE('',#12271);
#12271 = AXIS2_PLACEMENT_3D('',#12272,#12273,#12274);
#12272 = CARTESIAN_POINT('',(56.999892,-112.99991,0.));
#12273 = DIRECTION('',(-1.,0.,0.));
#12274 = DIRECTION('',(0.,1.,0.));
#12275 = ADVANCED_FACE('',(#12276),#12282,.T.);
#12276 = FACE_BOUND('',#12277,.T.);
#12277 = EDGE_LOOP('',(#12278,#12279,#12280,#12281));
#12278 = ORIENTED_EDGE('',*,*,#12264,.T.);
#12279 = ORIENTED_EDGE('',*,*,#6124,.T.);
#12280 = ORIENTED_EDGE('',*,*,#12245,.F.);
#12281 = ORIENTED_EDGE('',*,*,#1194,.F.);
#12282 = PLANE('',#12283);
#12283 = AXIS2_PLACEMENT_3D('',#12284,#12285,#12286);
#12284 = CARTESIAN_POINT('',(56.999892,-110.99991,0.));
#12285 = DIRECTION('',(-0.989949493661,-0.141421356237,0.));
#12286 = DIRECTION('',(-0.141421356237,0.989949493661,0.));
#12287 = ADVANCED_FACE('',(#12288),#12299,.F.);
#12288 = FACE_BOUND('',#12289,.T.);
#12289 = EDGE_LOOP('',(#12290,#12291,#12297,#12298));
#12290 = ORIENTED_EDGE('',*,*,#1242,.T.);
#12291 = ORIENTED_EDGE('',*,*,#12292,.T.);
#12292 = EDGE_CURVE('',#1243,#6173,#12293,.T.);
#12293 = LINE('',#12294,#12295);
#12294 = CARTESIAN_POINT('',(23.499892,-87.59991,-4.6E-02));
#12295 = VECTOR('',#12296,1.);
#12296 = DIRECTION('',(0.,0.,1.));
#12297 = ORIENTED_EDGE('',*,*,#6172,.F.);
#12298 = ORIENTED_EDGE('',*,*,#12292,.F.);
#12299 = CYLINDRICAL_SURFACE('',#12300,0.6);
#12300 = AXIS2_PLACEMENT_3D('',#12301,#12302,#12303);
#12301 = CARTESIAN_POINT('',(23.499892,-86.99991,-4.6E-02));
#12302 = DIRECTION('',(-0.,-0.,-1.));
#12303 = DIRECTION('',(-5.921189464668E-15,-1.,0.));
#12304 = ADVANCED_FACE('',(#12305),#12316,.F.);
#12305 = FACE_BOUND('',#12306,.T.);
#12306 = EDGE_LOOP('',(#12307,#12313,#12314,#12315));
#12307 = ORIENTED_EDGE('',*,*,#12308,.T.);
#12308 = EDGE_CURVE('',#1254,#6184,#12309,.T.);
#12309 = LINE('',#12310,#12311);
#12310 = CARTESIAN_POINT('',(23.999892,-83.99991,0.));
#12311 = VECTOR('',#12312,1.);
#12312 = DIRECTION('',(0.,0.,1.));
#12313 = ORIENTED_EDGE('',*,*,#6183,.T.);
#12314 = ORIENTED_EDGE('',*,*,#12308,.F.);
#12315 = ORIENTED_EDGE('',*,*,#1253,.F.);
#12316 = CYLINDRICAL_SURFACE('',#12317,0.5);
#12317 = AXIS2_PLACEMENT_3D('',#12318,#12319,#12320);
#12318 = CARTESIAN_POINT('',(23.499892,-83.99991,0.));
#12319 = DIRECTION('',(-0.,-0.,-1.));
#12320 = DIRECTION('',(1.,0.,-0.));
#12321 = ADVANCED_FACE('',(#12322),#12333,.F.);
#12322 = FACE_BOUND('',#12323,.T.);
#12323 = EDGE_LOOP('',(#12324,#12330,#12331,#12332));
#12324 = ORIENTED_EDGE('',*,*,#12325,.T.);
#12325 = EDGE_CURVE('',#1265,#6195,#12326,.T.);
#12326 = LINE('',#12327,#12328);
#12327 = CARTESIAN_POINT('',(23.999892,-80.99991,0.));
#12328 = VECTOR('',#12329,1.);
#12329 = DIRECTION('',(0.,0.,1.));
#12330 = ORIENTED_EDGE('',*,*,#6194,.T.);
#12331 = ORIENTED_EDGE('',*,*,#12325,.F.);
#12332 = ORIENTED_EDGE('',*,*,#1264,.F.);
#12333 = CYLINDRICAL_SURFACE('',#12334,0.5);
#12334 = AXIS2_PLACEMENT_3D('',#12335,#12336,#12337);
#12335 = CARTESIAN_POINT('',(23.499892,-80.99991,0.));
#12336 = DIRECTION('',(-0.,-0.,-1.));
#12337 = DIRECTION('',(1.,0.,-0.));
#12338 = ADVANCED_FACE('',(#12339),#12355,.F.);
#12339 = FACE_BOUND('',#12340,.T.);
#12340 = EDGE_LOOP('',(#12341,#12347,#12348,#12354));
#12341 = ORIENTED_EDGE('',*,*,#12342,.T.);
#12342 = EDGE_CURVE('',#1276,#6206,#12343,.T.);
#12343 = LINE('',#12344,#12345);
#12344 = CARTESIAN_POINT('',(27.999892,-72.99991,0.));
#12345 = VECTOR('',#12346,1.);
#12346 = DIRECTION('',(0.,0.,1.));
#12347 = ORIENTED_EDGE('',*,*,#6205,.T.);
#12348 = ORIENTED_EDGE('',*,*,#12349,.F.);
#12349 = EDGE_CURVE('',#1278,#6208,#12350,.T.);
#12350 = LINE('',#12351,#12352);
#12351 = CARTESIAN_POINT('',(25.999892,-74.99991,0.));
#12352 = VECTOR('',#12353,1.);
#12353 = DIRECTION('',(0.,0.,1.));
#12354 = ORIENTED_EDGE('',*,*,#1275,.F.);
#12355 = CYLINDRICAL_SURFACE('',#12356,1.99999850585);
#12356 = AXIS2_PLACEMENT_3D('',#12357,#12358,#12359);
#12357 = CARTESIAN_POINT('',(27.99989050585,-74.99990850585,0.));
#12358 = DIRECTION('',(-0.,-0.,-1.));
#12359 = DIRECTION('',(7.47075740283E-07,1.,-0.));
#12360 = ADVANCED_FACE('',(#12361),#12372,.T.);
#12361 = FACE_BOUND('',#12362,.T.);
#12362 = EDGE_LOOP('',(#12363,#12369,#12370,#12371));
#12363 = ORIENTED_EDGE('',*,*,#12364,.T.);
#12364 = EDGE_CURVE('',#1287,#6217,#12365,.T.);
#12365 = LINE('',#12366,#12367);
#12366 = CARTESIAN_POINT('',(30.999892,-72.99991,0.));
#12367 = VECTOR('',#12368,1.);
#12368 = DIRECTION('',(0.,0.,1.));
#12369 = ORIENTED_EDGE('',*,*,#6216,.T.);
#12370 = ORIENTED_EDGE('',*,*,#12342,.F.);
#12371 = ORIENTED_EDGE('',*,*,#1286,.F.);
#12372 = PLANE('',#12373);
#12373 = AXIS2_PLACEMENT_3D('',#12374,#12375,#12376);
#12374 = CARTESIAN_POINT('',(30.999892,-72.99991,0.));
#12375 = DIRECTION('',(0.,-1.,0.));
#12376 = DIRECTION('',(-1.,0.,0.));
#12377 = ADVANCED_FACE('',(#12378),#12389,.T.);
#12378 = FACE_BOUND('',#12379,.T.);
#12379 = EDGE_LOOP('',(#12380,#12381,#12382,#12388));
#12380 = ORIENTED_EDGE('',*,*,#12349,.T.);
#12381 = ORIENTED_EDGE('',*,*,#6257,.T.);
#12382 = ORIENTED_EDGE('',*,*,#12383,.F.);
#12383 = EDGE_CURVE('',#1320,#6250,#12384,.T.);
#12384 = LINE('',#12385,#12386);
#12385 = CARTESIAN_POINT('',(25.999892,-84.99991,0.));
#12386 = VECTOR('',#12387,1.);
#12387 = DIRECTION('',(0.,0.,1.));
#12388 = ORIENTED_EDGE('',*,*,#1327,.F.);
#12389 = PLANE('',#12390);
#12390 = AXIS2_PLACEMENT_3D('',#12391,#12392,#12393);
#12391 = CARTESIAN_POINT('',(25.999892,-74.99991,0.));
#12392 = DIRECTION('',(1.,0.,-0.));
#12393 = DIRECTION('',(0.,-1.,0.));
#12394 = ADVANCED_FACE('',(#12395),#12406,.F.);
#12395 = FACE_BOUND('',#12396,.T.);
#12396 = EDGE_LOOP('',(#12397,#12403,#12404,#12405));
#12397 = ORIENTED_EDGE('',*,*,#12398,.T.);
#12398 = EDGE_CURVE('',#1295,#6225,#12399,.T.);
#12399 = LINE('',#12400,#12401);
#12400 = CARTESIAN_POINT('',(32.999892,-74.99991,0.));
#12401 = VECTOR('',#12402,1.);
#12402 = DIRECTION('',(0.,0.,1.));
#12403 = ORIENTED_EDGE('',*,*,#6224,.T.);
#12404 = ORIENTED_EDGE('',*,*,#12364,.F.);
#12405 = ORIENTED_EDGE('',*,*,#1294,.F.);
#12406 = CYLINDRICAL_SURFACE('',#12407,1.99999850585);
#12407 = AXIS2_PLACEMENT_3D('',#12408,#12409,#12410);
#12408 = CARTESIAN_POINT('',(30.99989349415,-74.99990850585,0.));
#12409 = DIRECTION('',(-0.,-0.,-1.));
#12410 = DIRECTION('',(1.,-7.470757420593E-07,0.));
#12411 = ADVANCED_FACE('',(#12412),#12423,.T.);
#12412 = FACE_BOUND('',#12413,.T.);
#12413 = EDGE_LOOP('',(#12414,#12415,#12416,#12422));
#12414 = ORIENTED_EDGE('',*,*,#12383,.T.);
#12415 = ORIENTED_EDGE('',*,*,#6249,.T.);
#12416 = ORIENTED_EDGE('',*,*,#12417,.F.);
#12417 = EDGE_CURVE('',#1312,#6242,#12418,.T.);
#12418 = LINE('',#12419,#12420);
#12419 = CARTESIAN_POINT('',(25.999892,-85.99991,0.));
#12420 = VECTOR('',#12421,1.);
#12421 = DIRECTION('',(0.,0.,1.));
#12422 = ORIENTED_EDGE('',*,*,#1319,.F.);
#12423 = PLANE('',#12424);
#12424 = AXIS2_PLACEMENT_3D('',#12425,#12426,#12427);
#12425 = CARTESIAN_POINT('',(25.999892,-84.99991,0.));
#12426 = DIRECTION('',(1.,0.,-0.));
#12427 = DIRECTION('',(0.,-1.,0.));
#12428 = ADVANCED_FACE('',(#12429),#12440,.T.);
#12429 = FACE_BOUND('',#12430,.T.);
#12430 = EDGE_LOOP('',(#12431,#12437,#12438,#12439));
#12431 = ORIENTED_EDGE('',*,*,#12432,.T.);
#12432 = EDGE_CURVE('',#1304,#6234,#12433,.T.);
#12433 = LINE('',#12434,#12435);
#12434 = CARTESIAN_POINT('',(32.999892,-85.99991,0.));
#12435 = VECTOR('',#12436,1.);
#12436 = DIRECTION('',(0.,0.,1.));
#12437 = ORIENTED_EDGE('',*,*,#6233,.T.);
#12438 = ORIENTED_EDGE('',*,*,#12398,.F.);
#12439 = ORIENTED_EDGE('',*,*,#1303,.F.);
#12440 = PLANE('',#12441);
#12441 = AXIS2_PLACEMENT_3D('',#12442,#12443,#12444);
#12442 = CARTESIAN_POINT('',(32.999892,-85.99991,0.));
#12443 = DIRECTION('',(-1.,0.,0.));
#12444 = DIRECTION('',(0.,1.,0.));
#12445 = ADVANCED_FACE('',(#12446),#12452,.T.);
#12446 = FACE_BOUND('',#12447,.T.);
#12447 = EDGE_LOOP('',(#12448,#12449,#12450,#12451));
#12448 = ORIENTED_EDGE('',*,*,#12417,.T.);
#12449 = ORIENTED_EDGE('',*,*,#6241,.T.);
#12450 = ORIENTED_EDGE('',*,*,#12432,.F.);
#12451 = ORIENTED_EDGE('',*,*,#1311,.F.);
#12452 = PLANE('',#12453);
#12453 = AXIS2_PLACEMENT_3D('',#12454,#12455,#12456);
#12454 = CARTESIAN_POINT('',(25.999892,-85.99991,0.));
#12455 = DIRECTION('',(0.,1.,0.));
#12456 = DIRECTION('',(1.,0.,0.));
#12457 = ADVANCED_FACE('',(#12458),#12469,.F.);
#12458 = FACE_BOUND('',#12459,.T.);
#12459 = EDGE_LOOP('',(#12460,#12461,#12467,#12468));
#12460 = ORIENTED_EDGE('',*,*,#1335,.T.);
#12461 = ORIENTED_EDGE('',*,*,#12462,.T.);
#12462 = EDGE_CURVE('',#1336,#6266,#12463,.T.);
#12463 = LINE('',#12464,#12465);
#12464 = CARTESIAN_POINT('',(35.499892,-87.59991,-4.6E-02));
#12465 = VECTOR('',#12466,1.);
#12466 = DIRECTION('',(0.,0.,1.));
#12467 = ORIENTED_EDGE('',*,*,#6265,.F.);
#12468 = ORIENTED_EDGE('',*,*,#12462,.F.);
#12469 = CYLINDRICAL_SURFACE('',#12470,0.6);
#12470 = AXIS2_PLACEMENT_3D('',#12471,#12472,#12473);
#12471 = CARTESIAN_POINT('',(35.499892,-86.99991,-4.6E-02));
#12472 = DIRECTION('',(-0.,-0.,-1.));
#12473 = DIRECTION('',(-0.,-1.,0.));
#12474 = ADVANCED_FACE('',(#12475),#12486,.F.);
#12475 = FACE_BOUND('',#12476,.T.);
#12476 = EDGE_LOOP('',(#12477,#12483,#12484,#12485));
#12477 = ORIENTED_EDGE('',*,*,#12478,.T.);
#12478 = EDGE_CURVE('',#1347,#6277,#12479,.T.);
#12479 = LINE('',#12480,#12481);
#12480 = CARTESIAN_POINT('',(35.999892,-83.99991,0.));
#12481 = VECTOR('',#12482,1.);
#12482 = DIRECTION('',(0.,0.,1.));
#12483 = ORIENTED_EDGE('',*,*,#6276,.T.);
#12484 = ORIENTED_EDGE('',*,*,#12478,.F.);
#12485 = ORIENTED_EDGE('',*,*,#1346,.F.);
#12486 = CYLINDRICAL_SURFACE('',#12487,0.5);
#12487 = AXIS2_PLACEMENT_3D('',#12488,#12489,#12490);
#12488 = CARTESIAN_POINT('',(35.499892,-83.99991,0.));
#12489 = DIRECTION('',(-0.,-0.,-1.));
#12490 = DIRECTION('',(1.,0.,-0.));
#12491 = ADVANCED_FACE('',(#12492),#12503,.F.);
#12492 = FACE_BOUND('',#12493,.T.);
#12493 = EDGE_LOOP('',(#12494,#12500,#12501,#12502));
#12494 = ORIENTED_EDGE('',*,*,#12495,.T.);
#12495 = EDGE_CURVE('',#1358,#6288,#12496,.T.);
#12496 = LINE('',#12497,#12498);
#12497 = CARTESIAN_POINT('',(35.999892,-80.99991,0.));
#12498 = VECTOR('',#12499,1.);
#12499 = DIRECTION('',(0.,0.,1.));
#12500 = ORIENTED_EDGE('',*,*,#6287,.T.);
#12501 = ORIENTED_EDGE('',*,*,#12495,.F.);
#12502 = ORIENTED_EDGE('',*,*,#1357,.F.);
#12503 = CYLINDRICAL_SURFACE('',#12504,0.5);
#12504 = AXIS2_PLACEMENT_3D('',#12505,#12506,#12507);
#12505 = CARTESIAN_POINT('',(35.499892,-80.99991,0.));
#12506 = DIRECTION('',(-0.,-0.,-1.));
#12507 = DIRECTION('',(1.,0.,-0.));
#12508 = ADVANCED_FACE('',(#12509),#12525,.F.);
#12509 = FACE_BOUND('',#12510,.T.);
#12510 = EDGE_LOOP('',(#12511,#12517,#12518,#12524));
#12511 = ORIENTED_EDGE('',*,*,#12512,.T.);
#12512 = EDGE_CURVE('',#1369,#6299,#12513,.T.);
#12513 = LINE('',#12514,#12515);
#12514 = CARTESIAN_POINT('',(39.999892,-72.99991,0.));
#12515 = VECTOR('',#12516,1.);
#12516 = DIRECTION('',(0.,0.,1.));
#12517 = ORIENTED_EDGE('',*,*,#6298,.T.);
#12518 = ORIENTED_EDGE('',*,*,#12519,.F.);
#12519 = EDGE_CURVE('',#1371,#6301,#12520,.T.);
#12520 = LINE('',#12521,#12522);
#12521 = CARTESIAN_POINT('',(37.999892,-74.99991,0.));
#12522 = VECTOR('',#12523,1.);
#12523 = DIRECTION('',(0.,0.,1.));
#12524 = ORIENTED_EDGE('',*,*,#1368,.F.);
#12525 = CYLINDRICAL_SURFACE('',#12526,1.99999850585);
#12526 = AXIS2_PLACEMENT_3D('',#12527,#12528,#12529);
#12527 = CARTESIAN_POINT('',(39.99989050585,-74.99990850585,0.));
#12528 = DIRECTION('',(-0.,-0.,-1.));
#12529 = DIRECTION('',(7.470757420593E-07,1.,-0.));
#12530 = ADVANCED_FACE('',(#12531),#12542,.T.);
#12531 = FACE_BOUND('',#12532,.T.);
#12532 = EDGE_LOOP('',(#12533,#12539,#12540,#12541));
#12533 = ORIENTED_EDGE('',*,*,#12534,.T.);
#12534 = EDGE_CURVE('',#1380,#6310,#12535,.T.);
#12535 = LINE('',#12536,#12537);
#12536 = CARTESIAN_POINT('',(42.999892,-72.99991,0.));
#12537 = VECTOR('',#12538,1.);
#12538 = DIRECTION('',(0.,0.,1.));
#12539 = ORIENTED_EDGE('',*,*,#6309,.T.);
#12540 = ORIENTED_EDGE('',*,*,#12512,.F.);
#12541 = ORIENTED_EDGE('',*,*,#1379,.F.);
#12542 = PLANE('',#12543);
#12543 = AXIS2_PLACEMENT_3D('',#12544,#12545,#12546);
#12544 = CARTESIAN_POINT('',(42.999892,-72.99991,0.));
#12545 = DIRECTION('',(0.,-1.,0.));
#12546 = DIRECTION('',(-1.,0.,0.));
#12547 = ADVANCED_FACE('',(#12548),#12559,.T.);
#12548 = FACE_BOUND('',#12549,.T.);
#12549 = EDGE_LOOP('',(#12550,#12551,#12552,#12558));
#12550 = ORIENTED_EDGE('',*,*,#12519,.T.);
#12551 = ORIENTED_EDGE('',*,*,#6350,.T.);
#12552 = ORIENTED_EDGE('',*,*,#12553,.F.);
#12553 = EDGE_CURVE('',#1413,#6343,#12554,.T.);
#12554 = LINE('',#12555,#12556);
#12555 = CARTESIAN_POINT('',(37.999892,-84.99991,0.));
#12556 = VECTOR('',#12557,1.);
#12557 = DIRECTION('',(0.,0.,1.));
#12558 = ORIENTED_EDGE('',*,*,#1420,.F.);
#12559 = PLANE('',#12560);
#12560 = AXIS2_PLACEMENT_3D('',#12561,#12562,#12563);
#12561 = CARTESIAN_POINT('',(37.999892,-74.99991,0.));
#12562 = DIRECTION('',(1.,0.,-0.));
#12563 = DIRECTION('',(0.,-1.,0.));
#12564 = ADVANCED_FACE('',(#12565),#12576,.F.);
#12565 = FACE_BOUND('',#12566,.T.);
#12566 = EDGE_LOOP('',(#12567,#12573,#12574,#12575));
#12567 = ORIENTED_EDGE('',*,*,#12568,.T.);
#12568 = EDGE_CURVE('',#1388,#6318,#12569,.T.);
#12569 = LINE('',#12570,#12571);
#12570 = CARTESIAN_POINT('',(44.999892,-74.99991,0.));
#12571 = VECTOR('',#12572,1.);
#12572 = DIRECTION('',(0.,0.,1.));
#12573 = ORIENTED_EDGE('',*,*,#6317,.T.);
#12574 = ORIENTED_EDGE('',*,*,#12534,.F.);
#12575 = ORIENTED_EDGE('',*,*,#1387,.F.);
#12576 = CYLINDRICAL_SURFACE('',#12577,1.99999850585);
#12577 = AXIS2_PLACEMENT_3D('',#12578,#12579,#12580);
#12578 = CARTESIAN_POINT('',(42.99989349415,-74.99990850585,0.));
#12579 = DIRECTION('',(-0.,-0.,-1.));
#12580 = DIRECTION('',(1.,-7.470757420593E-07,0.));
#12581 = ADVANCED_FACE('',(#12582),#12593,.T.);
#12582 = FACE_BOUND('',#12583,.T.);
#12583 = EDGE_LOOP('',(#12584,#12585,#12586,#12592));
#12584 = ORIENTED_EDGE('',*,*,#12553,.T.);
#12585 = ORIENTED_EDGE('',*,*,#6342,.T.);
#12586 = ORIENTED_EDGE('',*,*,#12587,.F.);
#12587 = EDGE_CURVE('',#1405,#6335,#12588,.T.);
#12588 = LINE('',#12589,#12590);
#12589 = CARTESIAN_POINT('',(37.999892,-85.99991,0.));
#12590 = VECTOR('',#12591,1.);
#12591 = DIRECTION('',(0.,0.,1.));
#12592 = ORIENTED_EDGE('',*,*,#1412,.F.);
#12593 = PLANE('',#12594);
#12594 = AXIS2_PLACEMENT_3D('',#12595,#12596,#12597);
#12595 = CARTESIAN_POINT('',(37.999892,-84.99991,0.));
#12596 = DIRECTION('',(1.,0.,-0.));
#12597 = DIRECTION('',(0.,-1.,0.));
#12598 = ADVANCED_FACE('',(#12599),#12610,.T.);
#12599 = FACE_BOUND('',#12600,.T.);
#12600 = EDGE_LOOP('',(#12601,#12607,#12608,#12609));
#12601 = ORIENTED_EDGE('',*,*,#12602,.T.);
#12602 = EDGE_CURVE('',#1397,#6327,#12603,.T.);
#12603 = LINE('',#12604,#12605);
#12604 = CARTESIAN_POINT('',(44.999892,-85.99991,0.));
#12605 = VECTOR('',#12606,1.);
#12606 = DIRECTION('',(0.,0.,1.));
#12607 = ORIENTED_EDGE('',*,*,#6326,.T.);
#12608 = ORIENTED_EDGE('',*,*,#12568,.F.);
#12609 = ORIENTED_EDGE('',*,*,#1396,.F.);
#12610 = PLANE('',#12611);
#12611 = AXIS2_PLACEMENT_3D('',#12612,#12613,#12614);
#12612 = CARTESIAN_POINT('',(44.999892,-85.99991,0.));
#12613 = DIRECTION('',(-1.,0.,0.));
#12614 = DIRECTION('',(0.,1.,0.));
#12615 = ADVANCED_FACE('',(#12616),#12622,.T.);
#12616 = FACE_BOUND('',#12617,.T.);
#12617 = EDGE_LOOP('',(#12618,#12619,#12620,#12621));
#12618 = ORIENTED_EDGE('',*,*,#12587,.T.);
#12619 = ORIENTED_EDGE('',*,*,#6334,.T.);
#12620 = ORIENTED_EDGE('',*,*,#12602,.F.);
#12621 = ORIENTED_EDGE('',*,*,#1404,.F.);
#12622 = PLANE('',#12623);
#12623 = AXIS2_PLACEMENT_3D('',#12624,#12625,#12626);
#12624 = CARTESIAN_POINT('',(37.999892,-85.99991,0.));
#12625 = DIRECTION('',(0.,1.,0.));
#12626 = DIRECTION('',(1.,0.,0.));
#12627 = ADVANCED_FACE('',(#12628),#12639,.F.);
#12628 = FACE_BOUND('',#12629,.T.);
#12629 = EDGE_LOOP('',(#12630,#12636,#12637,#12638));
#12630 = ORIENTED_EDGE('',*,*,#12631,.T.);
#12631 = EDGE_CURVE('',#1429,#6359,#12632,.T.);
#12632 = LINE('',#12633,#12634);
#12633 = CARTESIAN_POINT('',(23.999892,-77.99991,0.));
#12634 = VECTOR('',#12635,1.);
#12635 = DIRECTION('',(0.,0.,1.));
#12636 = ORIENTED_EDGE('',*,*,#6358,.T.);
#12637 = ORIENTED_EDGE('',*,*,#12631,.F.);
#12638 = ORIENTED_EDGE('',*,*,#1428,.F.);
#12639 = CYLINDRICAL_SURFACE('',#12640,0.5);
#12640 = AXIS2_PLACEMENT_3D('',#12641,#12642,#12643);
#12641 = CARTESIAN_POINT('',(23.499892,-77.99991,0.));
#12642 = DIRECTION('',(-0.,-0.,-1.));
#12643 = DIRECTION('',(1.,0.,-0.));
#12644 = ADVANCED_FACE('',(#12645),#12656,.F.);
#12645 = FACE_BOUND('',#12646,.T.);
#12646 = EDGE_LOOP('',(#12647,#12653,#12654,#12655));
#12647 = ORIENTED_EDGE('',*,*,#12648,.T.);
#12648 = EDGE_CURVE('',#1440,#6370,#12649,.T.);
#12649 = LINE('',#12650,#12651);
#12650 = CARTESIAN_POINT('',(23.999892,-74.99991,0.));
#12651 = VECTOR('',#12652,1.);
#12652 = DIRECTION('',(0.,0.,1.));
#12653 = ORIENTED_EDGE('',*,*,#6369,.T.);
#12654 = ORIENTED_EDGE('',*,*,#12648,.F.);
#12655 = ORIENTED_EDGE('',*,*,#1439,.F.);
#12656 = CYLINDRICAL_SURFACE('',#12657,0.5);
#12657 = AXIS2_PLACEMENT_3D('',#12658,#12659,#12660);
#12658 = CARTESIAN_POINT('',(23.499892,-74.99991,0.));
#12659 = DIRECTION('',(-0.,-0.,-1.));
#12660 = DIRECTION('',(1.,0.,-0.));
#12661 = ADVANCED_FACE('',(#12662),#12673,.F.);
#12662 = FACE_BOUND('',#12663,.T.);
#12663 = EDGE_LOOP('',(#12664,#12670,#12671,#12672));
#12664 = ORIENTED_EDGE('',*,*,#12665,.T.);
#12665 = EDGE_CURVE('',#1451,#6381,#12666,.T.);
#12666 = LINE('',#12667,#12668);
#12667 = CARTESIAN_POINT('',(23.999892,-71.99991,0.));
#12668 = VECTOR('',#12669,1.);
#12669 = DIRECTION('',(0.,0.,1.));
#12670 = ORIENTED_EDGE('',*,*,#6380,.T.);
#12671 = ORIENTED_EDGE('',*,*,#12665,.F.);
#12672 = ORIENTED_EDGE('',*,*,#1450,.F.);
#12673 = CYLINDRICAL_SURFACE('',#12674,0.5);
#12674 = AXIS2_PLACEMENT_3D('',#12675,#12676,#12677);
#12675 = CARTESIAN_POINT('',(23.499892,-71.99991,0.));
#12676 = DIRECTION('',(-0.,-0.,-1.));
#12677 = DIRECTION('',(1.,0.,-0.));
#12678 = ADVANCED_FACE('',(#12679),#12690,.F.);
#12679 = FACE_BOUND('',#12680,.T.);
#12680 = EDGE_LOOP('',(#12681,#12687,#12688,#12689));
#12681 = ORIENTED_EDGE('',*,*,#12682,.T.);
#12682 = EDGE_CURVE('',#1462,#6392,#12683,.T.);
#12683 = LINE('',#12684,#12685);
#12684 = CARTESIAN_POINT('',(22.499892,-70.49991,0.));
#12685 = VECTOR('',#12686,1.);
#12686 = DIRECTION('',(0.,0.,1.));
#12687 = ORIENTED_EDGE('',*,*,#6391,.T.);
#12688 = ORIENTED_EDGE('',*,*,#12682,.F.);
#12689 = ORIENTED_EDGE('',*,*,#1461,.F.);
#12690 = CYLINDRICAL_SURFACE('',#12691,0.5);
#12691 = AXIS2_PLACEMENT_3D('',#12692,#12693,#12694);
#12692 = CARTESIAN_POINT('',(21.999892,-70.49991,0.));
#12693 = DIRECTION('',(-0.,-0.,-1.));
#12694 = DIRECTION('',(1.,0.,-0.));
#12695 = ADVANCED_FACE('',(#12696),#12707,.F.);
#12696 = FACE_BOUND('',#12697,.T.);
#12697 = EDGE_LOOP('',(#12698,#12704,#12705,#12706));
#12698 = ORIENTED_EDGE('',*,*,#12699,.T.);
#12699 = EDGE_CURVE('',#1473,#6403,#12700,.T.);
#12700 = LINE('',#12701,#12702);
#12701 = CARTESIAN_POINT('',(25.499892,-70.49991,0.));
#12702 = VECTOR('',#12703,1.);
#12703 = DIRECTION('',(0.,0.,1.));
#12704 = ORIENTED_EDGE('',*,*,#6402,.T.);
#12705 = ORIENTED_EDGE('',*,*,#12699,.F.);
#12706 = ORIENTED_EDGE('',*,*,#1472,.F.);
#12707 = CYLINDRICAL_SURFACE('',#12708,0.5);
#12708 = AXIS2_PLACEMENT_3D('',#12709,#12710,#12711);
#12709 = CARTESIAN_POINT('',(24.999892,-70.49991,0.));
#12710 = DIRECTION('',(-0.,-0.,-1.));
#12711 = DIRECTION('',(1.,0.,-0.));
#12712 = ADVANCED_FACE('',(#12713),#12724,.F.);
#12713 = FACE_BOUND('',#12714,.T.);
#12714 = EDGE_LOOP('',(#12715,#12721,#12722,#12723));
#12715 = ORIENTED_EDGE('',*,*,#12716,.T.);
#12716 = EDGE_CURVE('',#1484,#6414,#12717,.T.);
#12717 = LINE('',#12718,#12719);
#12718 = CARTESIAN_POINT('',(23.999892,-68.99991,0.));
#12719 = VECTOR('',#12720,1.);
#12720 = DIRECTION('',(0.,0.,1.));
#12721 = ORIENTED_EDGE('',*,*,#6413,.T.);
#12722 = ORIENTED_EDGE('',*,*,#12716,.F.);
#12723 = ORIENTED_EDGE('',*,*,#1483,.F.);
#12724 = CYLINDRICAL_SURFACE('',#12725,0.5);
#12725 = AXIS2_PLACEMENT_3D('',#12726,#12727,#12728);
#12726 = CARTESIAN_POINT('',(23.499892,-68.99991,0.));
#12727 = DIRECTION('',(-0.,-0.,-1.));
#12728 = DIRECTION('',(1.,0.,-0.));
#12729 = ADVANCED_FACE('',(#12730),#12741,.F.);
#12730 = FACE_BOUND('',#12731,.T.);
#12731 = EDGE_LOOP('',(#12732,#12738,#12739,#12740));
#12732 = ORIENTED_EDGE('',*,*,#12733,.T.);
#12733 = EDGE_CURVE('',#1495,#6425,#12734,.T.);
#12734 = LINE('',#12735,#12736);
#12735 = CARTESIAN_POINT('',(23.999892,-65.99991,0.));
#12736 = VECTOR('',#12737,1.);
#12737 = DIRECTION('',(0.,0.,1.));
#12738 = ORIENTED_EDGE('',*,*,#6424,.T.);
#12739 = ORIENTED_EDGE('',*,*,#12733,.F.);
#12740 = ORIENTED_EDGE('',*,*,#1494,.F.);
#12741 = CYLINDRICAL_SURFACE('',#12742,0.5);
#12742 = AXIS2_PLACEMENT_3D('',#12743,#12744,#12745);
#12743 = CARTESIAN_POINT('',(23.499892,-65.99991,0.));
#12744 = DIRECTION('',(-0.,-0.,-1.));
#12745 = DIRECTION('',(1.,0.,-0.));
#12746 = ADVANCED_FACE('',(#12747),#12763,.F.);
#12747 = FACE_BOUND('',#12748,.T.);
#12748 = EDGE_LOOP('',(#12749,#12755,#12756,#12762));
#12749 = ORIENTED_EDGE('',*,*,#12750,.T.);
#12750 = EDGE_CURVE('',#1506,#6436,#12751,.T.);
#12751 = LINE('',#12752,#12753);
#12752 = CARTESIAN_POINT('',(27.999892,-62.99991,0.));
#12753 = VECTOR('',#12754,1.);
#12754 = DIRECTION('',(0.,0.,1.));
#12755 = ORIENTED_EDGE('',*,*,#6435,.T.);
#12756 = ORIENTED_EDGE('',*,*,#12757,.F.);
#12757 = EDGE_CURVE('',#1508,#6438,#12758,.T.);
#12758 = LINE('',#12759,#12760);
#12759 = CARTESIAN_POINT('',(25.999892,-64.99991,0.));
#12760 = VECTOR('',#12761,1.);
#12761 = DIRECTION('',(0.,0.,1.));
#12762 = ORIENTED_EDGE('',*,*,#1505,.F.);
#12763 = CYLINDRICAL_SURFACE('',#12764,1.99999850585);
#12764 = AXIS2_PLACEMENT_3D('',#12765,#12766,#12767);
#12765 = CARTESIAN_POINT('',(27.99989050585,-64.99990850585,0.));
#12766 = DIRECTION('',(-0.,-0.,-1.));
#12767 = DIRECTION('',(7.47075740283E-07,1.,-0.));
#12768 = ADVANCED_FACE('',(#12769),#12780,.T.);
#12769 = FACE_BOUND('',#12770,.T.);
#12770 = EDGE_LOOP('',(#12771,#12777,#12778,#12779));
#12771 = ORIENTED_EDGE('',*,*,#12772,.T.);
#12772 = EDGE_CURVE('',#1517,#6447,#12773,.T.);
#12773 = LINE('',#12774,#12775);
#12774 = CARTESIAN_POINT('',(30.999892,-62.99991,0.));
#12775 = VECTOR('',#12776,1.);
#12776 = DIRECTION('',(0.,0.,1.));
#12777 = ORIENTED_EDGE('',*,*,#6446,.T.);
#12778 = ORIENTED_EDGE('',*,*,#12750,.F.);
#12779 = ORIENTED_EDGE('',*,*,#1516,.F.);
#12780 = PLANE('',#12781);
#12781 = AXIS2_PLACEMENT_3D('',#12782,#12783,#12784);
#12782 = CARTESIAN_POINT('',(30.999892,-62.99991,0.));
#12783 = DIRECTION('',(0.,-1.,0.));
#12784 = DIRECTION('',(-1.,0.,0.));
#12785 = ADVANCED_FACE('',(#12786),#12797,.T.);
#12786 = FACE_BOUND('',#12787,.T.);
#12787 = EDGE_LOOP('',(#12788,#12789,#12790,#12796));
#12788 = ORIENTED_EDGE('',*,*,#12757,.T.);
#12789 = ORIENTED_EDGE('',*,*,#6497,.T.);
#12790 = ORIENTED_EDGE('',*,*,#12791,.F.);
#12791 = EDGE_CURVE('',#1559,#6489,#12792,.T.);
#12792 = LINE('',#12793,#12794);
#12793 = CARTESIAN_POINT('',(25.999892,-66.99991,0.));
#12794 = VECTOR('',#12795,1.);
#12795 = DIRECTION('',(0.,0.,1.));
#12796 = ORIENTED_EDGE('',*,*,#1567,.F.);
#12797 = PLANE('',#12798);
#12798 = AXIS2_PLACEMENT_3D('',#12799,#12800,#12801);
#12799 = CARTESIAN_POINT('',(25.999892,-64.99991,0.));
#12800 = DIRECTION('',(1.,0.,-0.));
#12801 = DIRECTION('',(0.,-1.,0.));
#12802 = ADVANCED_FACE('',(#12803),#12814,.F.);
#12803 = FACE_BOUND('',#12804,.T.);
#12804 = EDGE_LOOP('',(#12805,#12811,#12812,#12813));
#12805 = ORIENTED_EDGE('',*,*,#12806,.T.);
#12806 = EDGE_CURVE('',#1525,#6455,#12807,.T.);
#12807 = LINE('',#12808,#12809);
#12808 = CARTESIAN_POINT('',(32.999892,-64.99991,0.));
#12809 = VECTOR('',#12810,1.);
#12810 = DIRECTION('',(0.,0.,1.));
#12811 = ORIENTED_EDGE('',*,*,#6454,.T.);
#12812 = ORIENTED_EDGE('',*,*,#12772,.F.);
#12813 = ORIENTED_EDGE('',*,*,#1524,.F.);
#12814 = CYLINDRICAL_SURFACE('',#12815,1.99999850585);
#12815 = AXIS2_PLACEMENT_3D('',#12816,#12817,#12818);
#12816 = CARTESIAN_POINT('',(30.99989349415,-64.99990850585,0.));
#12817 = DIRECTION('',(-0.,-0.,-1.));
#12818 = DIRECTION('',(1.,-7.470757420593E-07,0.));
#12819 = ADVANCED_FACE('',(#12820),#12831,.F.);
#12820 = FACE_BOUND('',#12821,.T.);
#12821 = EDGE_LOOP('',(#12822,#12823,#12824,#12830));
#12822 = ORIENTED_EDGE('',*,*,#12791,.T.);
#12823 = ORIENTED_EDGE('',*,*,#6488,.T.);
#12824 = ORIENTED_EDGE('',*,*,#12825,.F.);
#12825 = EDGE_CURVE('',#1551,#6481,#12826,.T.);
#12826 = LINE('',#12827,#12828);
#12827 = CARTESIAN_POINT('',(27.999892,-68.99991,0.));
#12828 = VECTOR('',#12829,1.);
#12829 = DIRECTION('',(0.,0.,1.));
#12830 = ORIENTED_EDGE('',*,*,#1558,.F.);
#12831 = CYLINDRICAL_SURFACE('',#12832,1.99999850585);
#12832 = AXIS2_PLACEMENT_3D('',#12833,#12834,#12835);
#12833 = CARTESIAN_POINT('',(27.99989050585,-66.99991149415,0.));
#12834 = DIRECTION('',(-0.,-0.,-1.));
#12835 = DIRECTION('',(-1.,7.470757420593E-07,0.));
#12836 = ADVANCED_FACE('',(#12837),#12848,.T.);
#12837 = FACE_BOUND('',#12838,.T.);
#12838 = EDGE_LOOP('',(#12839,#12845,#12846,#12847));
#12839 = ORIENTED_EDGE('',*,*,#12840,.T.);
#12840 = EDGE_CURVE('',#1534,#6464,#12841,.T.);
#12841 = LINE('',#12842,#12843);
#12842 = CARTESIAN_POINT('',(32.999892,-66.99991,0.));
#12843 = VECTOR('',#12844,1.);
#12844 = DIRECTION('',(0.,0.,1.));
#12845 = ORIENTED_EDGE('',*,*,#6463,.T.);
#12846 = ORIENTED_EDGE('',*,*,#12806,.F.);
#12847 = ORIENTED_EDGE('',*,*,#1533,.F.);
#12848 = PLANE('',#12849);
#12849 = AXIS2_PLACEMENT_3D('',#12850,#12851,#12852);
#12850 = CARTESIAN_POINT('',(32.999892,-66.99991,0.));
#12851 = DIRECTION('',(-1.,0.,0.));
#12852 = DIRECTION('',(0.,1.,0.));
#12853 = ADVANCED_FACE('',(#12854),#12865,.T.);
#12854 = FACE_BOUND('',#12855,.T.);
#12855 = EDGE_LOOP('',(#12856,#12857,#12858,#12864));
#12856 = ORIENTED_EDGE('',*,*,#12825,.T.);
#12857 = ORIENTED_EDGE('',*,*,#6480,.T.);
#12858 = ORIENTED_EDGE('',*,*,#12859,.F.);
#12859 = EDGE_CURVE('',#1542,#6472,#12860,.T.);
#12860 = LINE('',#12861,#12862);
#12861 = CARTESIAN_POINT('',(30.999892,-68.99991,0.));
#12862 = VECTOR('',#12863,1.);
#12863 = DIRECTION('',(0.,0.,1.));
#12864 = ORIENTED_EDGE('',*,*,#1550,.F.);
#12865 = PLANE('',#12866);
#12866 = AXIS2_PLACEMENT_3D('',#12867,#12868,#12869);
#12867 = CARTESIAN_POINT('',(27.999892,-68.99991,0.));
#12868 = DIRECTION('',(0.,1.,0.));
#12869 = DIRECTION('',(1.,0.,0.));
#12870 = ADVANCED_FACE('',(#12871),#12877,.F.);
#12871 = FACE_BOUND('',#12872,.T.);
#12872 = EDGE_LOOP('',(#12873,#12874,#12875,#12876));
#12873 = ORIENTED_EDGE('',*,*,#12859,.T.);
#12874 = ORIENTED_EDGE('',*,*,#6471,.T.);
#12875 = ORIENTED_EDGE('',*,*,#12840,.F.);
#12876 = ORIENTED_EDGE('',*,*,#1541,.F.);
#12877 = CYLINDRICAL_SURFACE('',#12878,1.99999850585);
#12878 = AXIS2_PLACEMENT_3D('',#12879,#12880,#12881);
#12879 = CARTESIAN_POINT('',(30.99989349415,-66.99991149415,0.));
#12880 = DIRECTION('',(-0.,-0.,-1.));
#12881 = DIRECTION('',(-7.470757385066E-07,-1.,0.));
#12882 = ADVANCED_FACE('',(#12883),#12894,.F.);
#12883 = FACE_BOUND('',#12884,.T.);
#12884 = EDGE_LOOP('',(#12885,#12891,#12892,#12893));
#12885 = ORIENTED_EDGE('',*,*,#12886,.T.);
#12886 = EDGE_CURVE('',#1576,#6506,#12887,.T.);
#12887 = LINE('',#12888,#12889);
#12888 = CARTESIAN_POINT('',(35.999892,-77.99991,0.));
#12889 = VECTOR('',#12890,1.);
#12890 = DIRECTION('',(0.,0.,1.));
#12891 = ORIENTED_EDGE('',*,*,#6505,.T.);
#12892 = ORIENTED_EDGE('',*,*,#12886,.F.);
#12893 = ORIENTED_EDGE('',*,*,#1575,.F.);
#12894 = CYLINDRICAL_SURFACE('',#12895,0.5);
#12895 = AXIS2_PLACEMENT_3D('',#12896,#12897,#12898);
#12896 = CARTESIAN_POINT('',(35.499892,-77.99991,0.));
#12897 = DIRECTION('',(-0.,-0.,-1.));
#12898 = DIRECTION('',(1.,0.,-0.));
#12899 = ADVANCED_FACE('',(#12900),#12911,.F.);
#12900 = FACE_BOUND('',#12901,.T.);
#12901 = EDGE_LOOP('',(#12902,#12908,#12909,#12910));
#12902 = ORIENTED_EDGE('',*,*,#12903,.T.);
#12903 = EDGE_CURVE('',#1587,#6517,#12904,.T.);
#12904 = LINE('',#12905,#12906);
#12905 = CARTESIAN_POINT('',(35.999892,-74.99991,0.));
#12906 = VECTOR('',#12907,1.);
#12907 = DIRECTION('',(0.,0.,1.));
#12908 = ORIENTED_EDGE('',*,*,#6516,.T.);
#12909 = ORIENTED_EDGE('',*,*,#12903,.F.);
#12910 = ORIENTED_EDGE('',*,*,#1586,.F.);
#12911 = CYLINDRICAL_SURFACE('',#12912,0.5);
#12912 = AXIS2_PLACEMENT_3D('',#12913,#12914,#12915);
#12913 = CARTESIAN_POINT('',(35.499892,-74.99991,0.));
#12914 = DIRECTION('',(-0.,-0.,-1.));
#12915 = DIRECTION('',(1.,0.,-0.));
#12916 = ADVANCED_FACE('',(#12917),#12928,.F.);
#12917 = FACE_BOUND('',#12918,.T.);
#12918 = EDGE_LOOP('',(#12919,#12925,#12926,#12927));
#12919 = ORIENTED_EDGE('',*,*,#12920,.T.);
#12920 = EDGE_CURVE('',#1598,#6528,#12921,.T.);
#12921 = LINE('',#12922,#12923);
#12922 = CARTESIAN_POINT('',(34.499892,-70.49991,0.));
#12923 = VECTOR('',#12924,1.);
#12924 = DIRECTION('',(0.,0.,1.));
#12925 = ORIENTED_EDGE('',*,*,#6527,.T.);
#12926 = ORIENTED_EDGE('',*,*,#12920,.F.);
#12927 = ORIENTED_EDGE('',*,*,#1597,.F.);
#12928 = CYLINDRICAL_SURFACE('',#12929,0.5);
#12929 = AXIS2_PLACEMENT_3D('',#12930,#12931,#12932);
#12930 = CARTESIAN_POINT('',(33.999892,-70.49991,0.));
#12931 = DIRECTION('',(-0.,-0.,-1.));
#12932 = DIRECTION('',(1.,0.,-0.));
#12933 = ADVANCED_FACE('',(#12934),#12945,.F.);
#12934 = FACE_BOUND('',#12935,.T.);
#12935 = EDGE_LOOP('',(#12936,#12942,#12943,#12944));
#12936 = ORIENTED_EDGE('',*,*,#12937,.T.);
#12937 = EDGE_CURVE('',#1609,#6539,#12938,.T.);
#12938 = LINE('',#12939,#12940);
#12939 = CARTESIAN_POINT('',(37.499892,-70.49991,0.));
#12940 = VECTOR('',#12941,1.);
#12941 = DIRECTION('',(0.,0.,1.));
#12942 = ORIENTED_EDGE('',*,*,#6538,.T.);
#12943 = ORIENTED_EDGE('',*,*,#12937,.F.);
#12944 = ORIENTED_EDGE('',*,*,#1608,.F.);
#12945 = CYLINDRICAL_SURFACE('',#12946,0.5);
#12946 = AXIS2_PLACEMENT_3D('',#12947,#12948,#12949);
#12947 = CARTESIAN_POINT('',(36.999892,-70.49991,0.));
#12948 = DIRECTION('',(-0.,-0.,-1.));
#12949 = DIRECTION('',(1.,0.,-0.));
#12950 = ADVANCED_FACE('',(#12951),#12962,.F.);
#12951 = FACE_BOUND('',#12952,.T.);
#12952 = EDGE_LOOP('',(#12953,#12959,#12960,#12961));
#12953 = ORIENTED_EDGE('',*,*,#12954,.T.);
#12954 = EDGE_CURVE('',#1620,#6550,#12955,.T.);
#12955 = LINE('',#12956,#12957);
#12956 = CARTESIAN_POINT('',(35.999892,-68.99991,0.));
#12957 = VECTOR('',#12958,1.);
#12958 = DIRECTION('',(0.,0.,1.));
#12959 = ORIENTED_EDGE('',*,*,#6549,.T.);
#12960 = ORIENTED_EDGE('',*,*,#12954,.F.);
#12961 = ORIENTED_EDGE('',*,*,#1619,.F.);
#12962 = CYLINDRICAL_SURFACE('',#12963,0.5);
#12963 = AXIS2_PLACEMENT_3D('',#12964,#12965,#12966);
#12964 = CARTESIAN_POINT('',(35.499892,-68.99991,0.));
#12965 = DIRECTION('',(-0.,-0.,-1.));
#12966 = DIRECTION('',(1.,0.,-0.));
#12967 = ADVANCED_FACE('',(#12968),#12979,.F.);
#12968 = FACE_BOUND('',#12969,.T.);
#12969 = EDGE_LOOP('',(#12970,#12976,#12977,#12978));
#12970 = ORIENTED_EDGE('',*,*,#12971,.T.);
#12971 = EDGE_CURVE('',#1631,#6561,#12972,.T.);
#12972 = LINE('',#12973,#12974);
#12973 = CARTESIAN_POINT('',(35.999892,-65.99991,0.));
#12974 = VECTOR('',#12975,1.);
#12975 = DIRECTION('',(0.,0.,1.));
#12976 = ORIENTED_EDGE('',*,*,#6560,.T.);
#12977 = ORIENTED_EDGE('',*,*,#12971,.F.);
#12978 = ORIENTED_EDGE('',*,*,#1630,.F.);
#12979 = CYLINDRICAL_SURFACE('',#12980,0.5);
#12980 = AXIS2_PLACEMENT_3D('',#12981,#12982,#12983);
#12981 = CARTESIAN_POINT('',(35.499892,-65.99991,0.));
#12982 = DIRECTION('',(-0.,-0.,-1.));
#12983 = DIRECTION('',(1.,0.,-0.));
#12984 = ADVANCED_FACE('',(#12985),#13001,.F.);
#12985 = FACE_BOUND('',#12986,.T.);
#12986 = EDGE_LOOP('',(#12987,#12993,#12994,#13000));
#12987 = ORIENTED_EDGE('',*,*,#12988,.T.);
#12988 = EDGE_CURVE('',#1642,#6572,#12989,.T.);
#12989 = LINE('',#12990,#12991);
#12990 = CARTESIAN_POINT('',(39.999892,-62.99991,0.));
#12991 = VECTOR('',#12992,1.);
#12992 = DIRECTION('',(0.,0.,1.));
#12993 = ORIENTED_EDGE('',*,*,#6571,.T.);
#12994 = ORIENTED_EDGE('',*,*,#12995,.F.);
#12995 = EDGE_CURVE('',#1644,#6574,#12996,.T.);
#12996 = LINE('',#12997,#12998);
#12997 = CARTESIAN_POINT('',(37.999892,-64.99991,0.));
#12998 = VECTOR('',#12999,1.);
#12999 = DIRECTION('',(0.,0.,1.));
#13000 = ORIENTED_EDGE('',*,*,#1641,.F.);
#13001 = CYLINDRICAL_SURFACE('',#13002,1.99999850585);
#13002 = AXIS2_PLACEMENT_3D('',#13003,#13004,#13005);
#13003 = CARTESIAN_POINT('',(39.99989050585,-64.99990850585,0.));
#13004 = DIRECTION('',(-0.,-0.,-1.));
#13005 = DIRECTION('',(7.470757456121E-07,1.,-0.));
#13006 = ADVANCED_FACE('',(#13007),#13018,.T.);
#13007 = FACE_BOUND('',#13008,.T.);
#13008 = EDGE_LOOP('',(#13009,#13015,#13016,#13017));
#13009 = ORIENTED_EDGE('',*,*,#13010,.T.);
#13010 = EDGE_CURVE('',#1653,#6583,#13011,.T.);
#13011 = LINE('',#13012,#13013);
#13012 = CARTESIAN_POINT('',(42.999892,-62.99991,0.));
#13013 = VECTOR('',#13014,1.);
#13014 = DIRECTION('',(0.,0.,1.));
#13015 = ORIENTED_EDGE('',*,*,#6582,.T.);
#13016 = ORIENTED_EDGE('',*,*,#12988,.F.);
#13017 = ORIENTED_EDGE('',*,*,#1652,.F.);
#13018 = PLANE('',#13019);
#13019 = AXIS2_PLACEMENT_3D('',#13020,#13021,#13022);
#13020 = CARTESIAN_POINT('',(42.999892,-62.99991,0.));
#13021 = DIRECTION('',(0.,-1.,0.));
#13022 = DIRECTION('',(-1.,0.,0.));
#13023 = ADVANCED_FACE('',(#13024),#13035,.T.);
#13024 = FACE_BOUND('',#13025,.T.);
#13025 = EDGE_LOOP('',(#13026,#13027,#13028,#13034));
#13026 = ORIENTED_EDGE('',*,*,#12995,.T.);
#13027 = ORIENTED_EDGE('',*,*,#6633,.T.);
#13028 = ORIENTED_EDGE('',*,*,#13029,.F.);
#13029 = EDGE_CURVE('',#1695,#6625,#13030,.T.);
#13030 = LINE('',#13031,#13032);
#13031 = CARTESIAN_POINT('',(37.999892,-66.99991,0.));
#13032 = VECTOR('',#13033,1.);
#13033 = DIRECTION('',(0.,0.,1.));
#13034 = ORIENTED_EDGE('',*,*,#1703,.F.);
#13035 = PLANE('',#13036);
#13036 = AXIS2_PLACEMENT_3D('',#13037,#13038,#13039);
#13037 = CARTESIAN_POINT('',(37.999892,-64.99991,0.));
#13038 = DIRECTION('',(1.,0.,-0.));
#13039 = DIRECTION('',(0.,-1.,0.));
#13040 = ADVANCED_FACE('',(#13041),#13052,.F.);
#13041 = FACE_BOUND('',#13042,.T.);
#13042 = EDGE_LOOP('',(#13043,#13049,#13050,#13051));
#13043 = ORIENTED_EDGE('',*,*,#13044,.T.);
#13044 = EDGE_CURVE('',#1661,#6591,#13045,.T.);
#13045 = LINE('',#13046,#13047);
#13046 = CARTESIAN_POINT('',(44.999892,-64.99991,0.));
#13047 = VECTOR('',#13048,1.);
#13048 = DIRECTION('',(0.,0.,1.));
#13049 = ORIENTED_EDGE('',*,*,#6590,.T.);
#13050 = ORIENTED_EDGE('',*,*,#13010,.F.);
#13051 = ORIENTED_EDGE('',*,*,#1660,.F.);
#13052 = CYLINDRICAL_SURFACE('',#13053,1.99999850585);
#13053 = AXIS2_PLACEMENT_3D('',#13054,#13055,#13056);
#13054 = CARTESIAN_POINT('',(42.99989349415,-64.99990850585,0.));
#13055 = DIRECTION('',(-0.,-0.,-1.));
#13056 = DIRECTION('',(1.,-7.470757420593E-07,0.));
#13057 = ADVANCED_FACE('',(#13058),#13069,.F.);
#13058 = FACE_BOUND('',#13059,.T.);
#13059 = EDGE_LOOP('',(#13060,#13061,#13062,#13068));
#13060 = ORIENTED_EDGE('',*,*,#13029,.T.);
#13061 = ORIENTED_EDGE('',*,*,#6624,.T.);
#13062 = ORIENTED_EDGE('',*,*,#13063,.F.);
#13063 = EDGE_CURVE('',#1687,#6617,#13064,.T.);
#13064 = LINE('',#13065,#13066);
#13065 = CARTESIAN_POINT('',(39.999892,-68.99991,0.));
#13066 = VECTOR('',#13067,1.);
#13067 = DIRECTION('',(0.,0.,1.));
#13068 = ORIENTED_EDGE('',*,*,#1694,.F.);
#13069 = CYLINDRICAL_SURFACE('',#13070,1.99999850585);
#13070 = AXIS2_PLACEMENT_3D('',#13071,#13072,#13073);
#13071 = CARTESIAN_POINT('',(39.99989050585,-66.99991149415,0.));
#13072 = DIRECTION('',(-0.,-0.,-1.));
#13073 = DIRECTION('',(-1.,7.470757491648E-07,0.));
#13074 = ADVANCED_FACE('',(#13075),#13086,.T.);
#13075 = FACE_BOUND('',#13076,.T.);
#13076 = EDGE_LOOP('',(#13077,#13083,#13084,#13085));
#13077 = ORIENTED_EDGE('',*,*,#13078,.T.);
#13078 = EDGE_CURVE('',#1670,#6600,#13079,.T.);
#13079 = LINE('',#13080,#13081);
#13080 = CARTESIAN_POINT('',(44.999892,-66.99991,0.));
#13081 = VECTOR('',#13082,1.);
#13082 = DIRECTION('',(0.,0.,1.));
#13083 = ORIENTED_EDGE('',*,*,#6599,.T.);
#13084 = ORIENTED_EDGE('',*,*,#13044,.F.);
#13085 = ORIENTED_EDGE('',*,*,#1669,.F.);
#13086 = PLANE('',#13087);
#13087 = AXIS2_PLACEMENT_3D('',#13088,#13089,#13090);
#13088 = CARTESIAN_POINT('',(44.999892,-66.99991,0.));
#13089 = DIRECTION('',(-1.,0.,0.));
#13090 = DIRECTION('',(0.,1.,0.));
#13091 = ADVANCED_FACE('',(#13092),#13103,.T.);
#13092 = FACE_BOUND('',#13093,.T.);
#13093 = EDGE_LOOP('',(#13094,#13095,#13096,#13102));
#13094 = ORIENTED_EDGE('',*,*,#13063,.T.);
#13095 = ORIENTED_EDGE('',*,*,#6616,.T.);
#13096 = ORIENTED_EDGE('',*,*,#13097,.F.);
#13097 = EDGE_CURVE('',#1678,#6608,#13098,.T.);
#13098 = LINE('',#13099,#13100);
#13099 = CARTESIAN_POINT('',(42.999892,-68.99991,0.));
#13100 = VECTOR('',#13101,1.);
#13101 = DIRECTION('',(0.,0.,1.));
#13102 = ORIENTED_EDGE('',*,*,#1686,.F.);
#13103 = PLANE('',#13104);
#13104 = AXIS2_PLACEMENT_3D('',#13105,#13106,#13107);
#13105 = CARTESIAN_POINT('',(39.999892,-68.99991,0.));
#13106 = DIRECTION('',(0.,1.,0.));
#13107 = DIRECTION('',(1.,0.,0.));
#13108 = ADVANCED_FACE('',(#13109),#13115,.F.);
#13109 = FACE_BOUND('',#13110,.T.);
#13110 = EDGE_LOOP('',(#13111,#13112,#13113,#13114));
#13111 = ORIENTED_EDGE('',*,*,#13097,.T.);
#13112 = ORIENTED_EDGE('',*,*,#6607,.T.);
#13113 = ORIENTED_EDGE('',*,*,#13078,.F.);
#13114 = ORIENTED_EDGE('',*,*,#1677,.F.);
#13115 = CYLINDRICAL_SURFACE('',#13116,1.99999850585);
#13116 = AXIS2_PLACEMENT_3D('',#13117,#13118,#13119);
#13117 = CARTESIAN_POINT('',(42.99989349415,-66.99991149415,0.));
#13118 = DIRECTION('',(-0.,-0.,-1.));
#13119 = DIRECTION('',(-7.470757349539E-07,-1.,0.));
#13120 = ADVANCED_FACE('',(#13121),#13132,.F.);
#13121 = FACE_BOUND('',#13122,.T.);
#13122 = EDGE_LOOP('',(#13123,#13124,#13130,#13131));
#13123 = ORIENTED_EDGE('',*,*,#1711,.T.);
#13124 = ORIENTED_EDGE('',*,*,#13125,.T.);
#13125 = EDGE_CURVE('',#1712,#6642,#13126,.T.);
#13126 = LINE('',#13127,#13128);
#13127 = CARTESIAN_POINT('',(47.499892,-87.59991,-4.6E-02));
#13128 = VECTOR('',#13129,1.);
#13129 = DIRECTION('',(0.,0.,1.));
#13130 = ORIENTED_EDGE('',*,*,#6641,.F.);
#13131 = ORIENTED_EDGE('',*,*,#13125,.F.);
#13132 = CYLINDRICAL_SURFACE('',#13133,0.6);
#13133 = AXIS2_PLACEMENT_3D('',#13134,#13135,#13136);
#13134 = CARTESIAN_POINT('',(47.499892,-86.99991,-4.6E-02));
#13135 = DIRECTION('',(-0.,-0.,-1.));
#13136 = DIRECTION('',(-0.,-1.,0.));
#13137 = ADVANCED_FACE('',(#13138),#13149,.F.);
#13138 = FACE_BOUND('',#13139,.T.);
#13139 = EDGE_LOOP('',(#13140,#13146,#13147,#13148));
#13140 = ORIENTED_EDGE('',*,*,#13141,.T.);
#13141 = EDGE_CURVE('',#1723,#6653,#13142,.T.);
#13142 = LINE('',#13143,#13144);
#13143 = CARTESIAN_POINT('',(47.999892,-83.99991,0.));
#13144 = VECTOR('',#13145,1.);
#13145 = DIRECTION('',(0.,0.,1.));
#13146 = ORIENTED_EDGE('',*,*,#6652,.T.);
#13147 = ORIENTED_EDGE('',*,*,#13141,.F.);
#13148 = ORIENTED_EDGE('',*,*,#1722,.F.);
#13149 = CYLINDRICAL_SURFACE('',#13150,0.5);
#13150 = AXIS2_PLACEMENT_3D('',#13151,#13152,#13153);
#13151 = CARTESIAN_POINT('',(47.499892,-83.99991,0.));
#13152 = DIRECTION('',(-0.,-0.,-1.));
#13153 = DIRECTION('',(1.,0.,-0.));
#13154 = ADVANCED_FACE('',(#13155),#13166,.F.);
#13155 = FACE_BOUND('',#13156,.T.);
#13156 = EDGE_LOOP('',(#13157,#13163,#13164,#13165));
#13157 = ORIENTED_EDGE('',*,*,#13158,.T.);
#13158 = EDGE_CURVE('',#1734,#6664,#13159,.T.);
#13159 = LINE('',#13160,#13161);
#13160 = CARTESIAN_POINT('',(47.999892,-80.99991,0.));
#13161 = VECTOR('',#13162,1.);
#13162 = DIRECTION('',(0.,0.,1.));
#13163 = ORIENTED_EDGE('',*,*,#6663,.T.);
#13164 = ORIENTED_EDGE('',*,*,#13158,.F.);
#13165 = ORIENTED_EDGE('',*,*,#1733,.F.);
#13166 = CYLINDRICAL_SURFACE('',#13167,0.5);
#13167 = AXIS2_PLACEMENT_3D('',#13168,#13169,#13170);
#13168 = CARTESIAN_POINT('',(47.499892,-80.99991,0.));
#13169 = DIRECTION('',(-0.,-0.,-1.));
#13170 = DIRECTION('',(1.,0.,-0.));
#13171 = ADVANCED_FACE('',(#13172),#13188,.F.);
#13172 = FACE_BOUND('',#13173,.T.);
#13173 = EDGE_LOOP('',(#13174,#13180,#13181,#13187));
#13174 = ORIENTED_EDGE('',*,*,#13175,.T.);
#13175 = EDGE_CURVE('',#1745,#6675,#13176,.T.);
#13176 = LINE('',#13177,#13178);
#13177 = CARTESIAN_POINT('',(51.999892,-72.99991,0.));
#13178 = VECTOR('',#13179,1.);
#13179 = DIRECTION('',(0.,0.,1.));
#13180 = ORIENTED_EDGE('',*,*,#6674,.T.);
#13181 = ORIENTED_EDGE('',*,*,#13182,.F.);
#13182 = EDGE_CURVE('',#1747,#6677,#13183,.T.);
#13183 = LINE('',#13184,#13185);
#13184 = CARTESIAN_POINT('',(49.999892,-74.99991,0.));
#13185 = VECTOR('',#13186,1.);
#13186 = DIRECTION('',(0.,0.,1.));
#13187 = ORIENTED_EDGE('',*,*,#1744,.F.);
#13188 = CYLINDRICAL_SURFACE('',#13189,1.99999850585);
#13189 = AXIS2_PLACEMENT_3D('',#13190,#13191,#13192);
#13190 = CARTESIAN_POINT('',(51.99989050585,-74.99990850585,0.));
#13191 = DIRECTION('',(-0.,-0.,-1.));
#13192 = DIRECTION('',(7.470757420593E-07,1.,-0.));
#13193 = ADVANCED_FACE('',(#13194),#13205,.T.);
#13194 = FACE_BOUND('',#13195,.T.);
#13195 = EDGE_LOOP('',(#13196,#13202,#13203,#13204));
#13196 = ORIENTED_EDGE('',*,*,#13197,.T.);
#13197 = EDGE_CURVE('',#1756,#6686,#13198,.T.);
#13198 = LINE('',#13199,#13200);
#13199 = CARTESIAN_POINT('',(54.999892,-72.99991,0.));
#13200 = VECTOR('',#13201,1.);
#13201 = DIRECTION('',(0.,0.,1.));
#13202 = ORIENTED_EDGE('',*,*,#6685,.T.);
#13203 = ORIENTED_EDGE('',*,*,#13175,.F.);
#13204 = ORIENTED_EDGE('',*,*,#1755,.F.);
#13205 = PLANE('',#13206);
#13206 = AXIS2_PLACEMENT_3D('',#13207,#13208,#13209);
#13207 = CARTESIAN_POINT('',(54.999892,-72.99991,0.));
#13208 = DIRECTION('',(0.,-1.,0.));
#13209 = DIRECTION('',(-1.,0.,0.));
#13210 = ADVANCED_FACE('',(#13211),#13222,.T.);
#13211 = FACE_BOUND('',#13212,.T.);
#13212 = EDGE_LOOP('',(#13213,#13214,#13215,#13221));
#13213 = ORIENTED_EDGE('',*,*,#13182,.T.);
#13214 = ORIENTED_EDGE('',*,*,#6726,.T.);
#13215 = ORIENTED_EDGE('',*,*,#13216,.F.);
#13216 = EDGE_CURVE('',#1789,#6719,#13217,.T.);
#13217 = LINE('',#13218,#13219);
#13218 = CARTESIAN_POINT('',(49.999892,-84.99991,0.));
#13219 = VECTOR('',#13220,1.);
#13220 = DIRECTION('',(0.,0.,1.));
#13221 = ORIENTED_EDGE('',*,*,#1796,.F.);
#13222 = PLANE('',#13223);
#13223 = AXIS2_PLACEMENT_3D('',#13224,#13225,#13226);
#13224 = CARTESIAN_POINT('',(49.999892,-74.99991,0.));
#13225 = DIRECTION('',(1.,0.,-0.));
#13226 = DIRECTION('',(0.,-1.,0.));
#13227 = ADVANCED_FACE('',(#13228),#13239,.F.);
#13228 = FACE_BOUND('',#13229,.T.);
#13229 = EDGE_LOOP('',(#13230,#13236,#13237,#13238));
#13230 = ORIENTED_EDGE('',*,*,#13231,.T.);
#13231 = EDGE_CURVE('',#1764,#6694,#13232,.T.);
#13232 = LINE('',#13233,#13234);
#13233 = CARTESIAN_POINT('',(56.999892,-74.99991,0.));
#13234 = VECTOR('',#13235,1.);
#13235 = DIRECTION('',(0.,0.,1.));
#13236 = ORIENTED_EDGE('',*,*,#6693,.T.);
#13237 = ORIENTED_EDGE('',*,*,#13197,.F.);
#13238 = ORIENTED_EDGE('',*,*,#1763,.F.);
#13239 = CYLINDRICAL_SURFACE('',#13240,1.99999850585);
#13240 = AXIS2_PLACEMENT_3D('',#13241,#13242,#13243);
#13241 = CARTESIAN_POINT('',(54.99989349415,-74.99990850585,0.));
#13242 = DIRECTION('',(-0.,-0.,-1.));
#13243 = DIRECTION('',(1.,-7.470757420593E-07,0.));
#13244 = ADVANCED_FACE('',(#13245),#13256,.T.);
#13245 = FACE_BOUND('',#13246,.T.);
#13246 = EDGE_LOOP('',(#13247,#13248,#13249,#13255));
#13247 = ORIENTED_EDGE('',*,*,#13216,.T.);
#13248 = ORIENTED_EDGE('',*,*,#6718,.T.);
#13249 = ORIENTED_EDGE('',*,*,#13250,.F.);
#13250 = EDGE_CURVE('',#1781,#6711,#13251,.T.);
#13251 = LINE('',#13252,#13253);
#13252 = CARTESIAN_POINT('',(49.999892,-85.99991,0.));
#13253 = VECTOR('',#13254,1.);
#13254 = DIRECTION('',(0.,0.,1.));
#13255 = ORIENTED_EDGE('',*,*,#1788,.F.);
#13256 = PLANE('',#13257);
#13257 = AXIS2_PLACEMENT_3D('',#13258,#13259,#13260);
#13258 = CARTESIAN_POINT('',(49.999892,-84.99991,0.));
#13259 = DIRECTION('',(1.,0.,-0.));
#13260 = DIRECTION('',(0.,-1.,0.));
#13261 = ADVANCED_FACE('',(#13262),#13273,.T.);
#13262 = FACE_BOUND('',#13263,.T.);
#13263 = EDGE_LOOP('',(#13264,#13270,#13271,#13272));
#13264 = ORIENTED_EDGE('',*,*,#13265,.T.);
#13265 = EDGE_CURVE('',#1773,#6703,#13266,.T.);
#13266 = LINE('',#13267,#13268);
#13267 = CARTESIAN_POINT('',(56.999892,-85.99991,0.));
#13268 = VECTOR('',#13269,1.);
#13269 = DIRECTION('',(0.,0.,1.));
#13270 = ORIENTED_EDGE('',*,*,#6702,.T.);
#13271 = ORIENTED_EDGE('',*,*,#13231,.F.);
#13272 = ORIENTED_EDGE('',*,*,#1772,.F.);
#13273 = PLANE('',#13274);
#13274 = AXIS2_PLACEMENT_3D('',#13275,#13276,#13277);
#13275 = CARTESIAN_POINT('',(56.999892,-85.99991,0.));
#13276 = DIRECTION('',(-1.,0.,0.));
#13277 = DIRECTION('',(0.,1.,0.));
#13278 = ADVANCED_FACE('',(#13279),#13285,.T.);
#13279 = FACE_BOUND('',#13280,.T.);
#13280 = EDGE_LOOP('',(#13281,#13282,#13283,#13284));
#13281 = ORIENTED_EDGE('',*,*,#13250,.T.);
#13282 = ORIENTED_EDGE('',*,*,#6710,.T.);
#13283 = ORIENTED_EDGE('',*,*,#13265,.F.);
#13284 = ORIENTED_EDGE('',*,*,#1780,.F.);
#13285 = PLANE('',#13286);
#13286 = AXIS2_PLACEMENT_3D('',#13287,#13288,#13289);
#13287 = CARTESIAN_POINT('',(49.999892,-85.99991,0.));
#13288 = DIRECTION('',(0.,1.,0.));
#13289 = DIRECTION('',(1.,0.,0.));
#13290 = ADVANCED_FACE('',(#13291),#13302,.F.);
#13291 = FACE_BOUND('',#13292,.T.);
#13292 = EDGE_LOOP('',(#13293,#13294,#13300,#13301));
#13293 = ORIENTED_EDGE('',*,*,#1804,.T.);
#13294 = ORIENTED_EDGE('',*,*,#13295,.T.);
#13295 = EDGE_CURVE('',#1805,#6735,#13296,.T.);
#13296 = LINE('',#13297,#13298);
#13297 = CARTESIAN_POINT('',(59.499892,-87.59991,-4.6E-02));
#13298 = VECTOR('',#13299,1.);
#13299 = DIRECTION('',(0.,0.,1.));
#13300 = ORIENTED_EDGE('',*,*,#6734,.F.);
#13301 = ORIENTED_EDGE('',*,*,#13295,.F.);
#13302 = CYLINDRICAL_SURFACE('',#13303,0.6);
#13303 = AXIS2_PLACEMENT_3D('',#13304,#13305,#13306);
#13304 = CARTESIAN_POINT('',(59.499892,-86.99991,-4.6E-02));
#13305 = DIRECTION('',(-0.,-0.,-1.));
#13306 = DIRECTION('',(-0.,-1.,0.));
#13307 = ADVANCED_FACE('',(#13308),#13319,.F.);
#13308 = FACE_BOUND('',#13309,.T.);
#13309 = EDGE_LOOP('',(#13310,#13316,#13317,#13318));
#13310 = ORIENTED_EDGE('',*,*,#13311,.T.);
#13311 = EDGE_CURVE('',#1816,#6746,#13312,.T.);
#13312 = LINE('',#13313,#13314);
#13313 = CARTESIAN_POINT('',(59.999892,-83.99991,0.));
#13314 = VECTOR('',#13315,1.);
#13315 = DIRECTION('',(0.,0.,1.));
#13316 = ORIENTED_EDGE('',*,*,#6745,.T.);
#13317 = ORIENTED_EDGE('',*,*,#13311,.F.);
#13318 = ORIENTED_EDGE('',*,*,#1815,.F.);
#13319 = CYLINDRICAL_SURFACE('',#13320,0.5);
#13320 = AXIS2_PLACEMENT_3D('',#13321,#13322,#13323);
#13321 = CARTESIAN_POINT('',(59.499892,-83.99991,0.));
#13322 = DIRECTION('',(-0.,-0.,-1.));
#13323 = DIRECTION('',(1.,0.,-0.));
#13324 = ADVANCED_FACE('',(#13325),#13336,.F.);
#13325 = FACE_BOUND('',#13326,.T.);
#13326 = EDGE_LOOP('',(#13327,#13333,#13334,#13335));
#13327 = ORIENTED_EDGE('',*,*,#13328,.T.);
#13328 = EDGE_CURVE('',#1827,#6757,#13329,.T.);
#13329 = LINE('',#13330,#13331);
#13330 = CARTESIAN_POINT('',(59.999892,-80.99991,0.));
#13331 = VECTOR('',#13332,1.);
#13332 = DIRECTION('',(0.,0.,1.));
#13333 = ORIENTED_EDGE('',*,*,#6756,.T.);
#13334 = ORIENTED_EDGE('',*,*,#13328,.F.);
#13335 = ORIENTED_EDGE('',*,*,#1826,.F.);
#13336 = CYLINDRICAL_SURFACE('',#13337,0.5);
#13337 = AXIS2_PLACEMENT_3D('',#13338,#13339,#13340);
#13338 = CARTESIAN_POINT('',(59.499892,-80.99991,0.));
#13339 = DIRECTION('',(-0.,-0.,-1.));
#13340 = DIRECTION('',(1.,0.,-0.));
#13341 = ADVANCED_FACE('',(#13342),#13353,.F.);
#13342 = FACE_BOUND('',#13343,.T.);
#13343 = EDGE_LOOP('',(#13344,#13350,#13351,#13352));
#13344 = ORIENTED_EDGE('',*,*,#13345,.T.);
#13345 = EDGE_CURVE('',#1838,#6768,#13346,.T.);
#13346 = LINE('',#13347,#13348);
#13347 = CARTESIAN_POINT('',(47.999892,-77.99991,0.));
#13348 = VECTOR('',#13349,1.);
#13349 = DIRECTION('',(0.,0.,1.));
#13350 = ORIENTED_EDGE('',*,*,#6767,.T.);
#13351 = ORIENTED_EDGE('',*,*,#13345,.F.);
#13352 = ORIENTED_EDGE('',*,*,#1837,.F.);
#13353 = CYLINDRICAL_SURFACE('',#13354,0.5);
#13354 = AXIS2_PLACEMENT_3D('',#13355,#13356,#13357);
#13355 = CARTESIAN_POINT('',(47.499892,-77.99991,0.));
#13356 = DIRECTION('',(-0.,-0.,-1.));
#13357 = DIRECTION('',(1.,0.,-0.));
#13358 = ADVANCED_FACE('',(#13359),#13370,.F.);
#13359 = FACE_BOUND('',#13360,.T.);
#13360 = EDGE_LOOP('',(#13361,#13367,#13368,#13369));
#13361 = ORIENTED_EDGE('',*,*,#13362,.T.);
#13362 = EDGE_CURVE('',#1849,#6779,#13363,.T.);
#13363 = LINE('',#13364,#13365);
#13364 = CARTESIAN_POINT('',(47.999892,-74.99991,0.));
#13365 = VECTOR('',#13366,1.);
#13366 = DIRECTION('',(0.,0.,1.));
#13367 = ORIENTED_EDGE('',*,*,#6778,.T.);
#13368 = ORIENTED_EDGE('',*,*,#13362,.F.);
#13369 = ORIENTED_EDGE('',*,*,#1848,.F.);
#13370 = CYLINDRICAL_SURFACE('',#13371,0.5);
#13371 = AXIS2_PLACEMENT_3D('',#13372,#13373,#13374);
#13372 = CARTESIAN_POINT('',(47.499892,-74.99991,0.));
#13373 = DIRECTION('',(-0.,-0.,-1.));
#13374 = DIRECTION('',(1.,0.,-0.));
#13375 = ADVANCED_FACE('',(#13376),#13387,.F.);
#13376 = FACE_BOUND('',#13377,.T.);
#13377 = EDGE_LOOP('',(#13378,#13384,#13385,#13386));
#13378 = ORIENTED_EDGE('',*,*,#13379,.T.);
#13379 = EDGE_CURVE('',#1860,#6790,#13380,.T.);
#13380 = LINE('',#13381,#13382);
#13381 = CARTESIAN_POINT('',(46.499892,-70.49991,0.));
#13382 = VECTOR('',#13383,1.);
#13383 = DIRECTION('',(0.,0.,1.));
#13384 = ORIENTED_EDGE('',*,*,#6789,.T.);
#13385 = ORIENTED_EDGE('',*,*,#13379,.F.);
#13386 = ORIENTED_EDGE('',*,*,#1859,.F.);
#13387 = CYLINDRICAL_SURFACE('',#13388,0.5);
#13388 = AXIS2_PLACEMENT_3D('',#13389,#13390,#13391);
#13389 = CARTESIAN_POINT('',(45.999892,-70.49991,0.));
#13390 = DIRECTION('',(-0.,-0.,-1.));
#13391 = DIRECTION('',(1.,0.,-0.));
#13392 = ADVANCED_FACE('',(#13393),#13404,.F.);
#13393 = FACE_BOUND('',#13394,.T.);
#13394 = EDGE_LOOP('',(#13395,#13401,#13402,#13403));
#13395 = ORIENTED_EDGE('',*,*,#13396,.T.);
#13396 = EDGE_CURVE('',#1871,#6801,#13397,.T.);
#13397 = LINE('',#13398,#13399);
#13398 = CARTESIAN_POINT('',(47.999892,-68.99991,0.));
#13399 = VECTOR('',#13400,1.);
#13400 = DIRECTION('',(0.,0.,1.));
#13401 = ORIENTED_EDGE('',*,*,#6800,.T.);
#13402 = ORIENTED_EDGE('',*,*,#13396,.F.);
#13403 = ORIENTED_EDGE('',*,*,#1870,.F.);
#13404 = CYLINDRICAL_SURFACE('',#13405,0.5);
#13405 = AXIS2_PLACEMENT_3D('',#13406,#13407,#13408);
#13406 = CARTESIAN_POINT('',(47.499892,-68.99991,0.));
#13407 = DIRECTION('',(-0.,-0.,-1.));
#13408 = DIRECTION('',(1.,0.,-0.));
#13409 = ADVANCED_FACE('',(#13410),#13421,.F.);
#13410 = FACE_BOUND('',#13411,.T.);
#13411 = EDGE_LOOP('',(#13412,#13418,#13419,#13420));
#13412 = ORIENTED_EDGE('',*,*,#13413,.T.);
#13413 = EDGE_CURVE('',#1882,#6812,#13414,.T.);
#13414 = LINE('',#13415,#13416);
#13415 = CARTESIAN_POINT('',(47.999892,-65.99991,0.));
#13416 = VECTOR('',#13417,1.);
#13417 = DIRECTION('',(0.,0.,1.));
#13418 = ORIENTED_EDGE('',*,*,#6811,.T.);
#13419 = ORIENTED_EDGE('',*,*,#13413,.F.);
#13420 = ORIENTED_EDGE('',*,*,#1881,.F.);
#13421 = CYLINDRICAL_SURFACE('',#13422,0.5);
#13422 = AXIS2_PLACEMENT_3D('',#13423,#13424,#13425);
#13423 = CARTESIAN_POINT('',(47.499892,-65.99991,0.));
#13424 = DIRECTION('',(-0.,-0.,-1.));
#13425 = DIRECTION('',(1.,0.,-0.));
#13426 = ADVANCED_FACE('',(#13427),#13438,.F.);
#13427 = FACE_BOUND('',#13428,.T.);
#13428 = EDGE_LOOP('',(#13429,#13435,#13436,#13437));
#13429 = ORIENTED_EDGE('',*,*,#13430,.T.);
#13430 = EDGE_CURVE('',#1893,#6823,#13431,.T.);
#13431 = LINE('',#13432,#13433);
#13432 = CARTESIAN_POINT('',(49.499892,-70.49991,0.));
#13433 = VECTOR('',#13434,1.);
#13434 = DIRECTION('',(0.,0.,1.));
#13435 = ORIENTED_EDGE('',*,*,#6822,.T.);
#13436 = ORIENTED_EDGE('',*,*,#13430,.F.);
#13437 = ORIENTED_EDGE('',*,*,#1892,.F.);
#13438 = CYLINDRICAL_SURFACE('',#13439,0.5);
#13439 = AXIS2_PLACEMENT_3D('',#13440,#13441,#13442);
#13440 = CARTESIAN_POINT('',(48.999892,-70.49991,0.));
#13441 = DIRECTION('',(-0.,-0.,-1.));
#13442 = DIRECTION('',(1.,0.,-0.));
#13443 = ADVANCED_FACE('',(#13444),#13460,.F.);
#13444 = FACE_BOUND('',#13445,.T.);
#13445 = EDGE_LOOP('',(#13446,#13452,#13453,#13459));
#13446 = ORIENTED_EDGE('',*,*,#13447,.T.);
#13447 = EDGE_CURVE('',#1904,#6834,#13448,.T.);
#13448 = LINE('',#13449,#13450);
#13449 = CARTESIAN_POINT('',(51.999892,-62.99991,0.));
#13450 = VECTOR('',#13451,1.);
#13451 = DIRECTION('',(0.,0.,1.));
#13452 = ORIENTED_EDGE('',*,*,#6833,.T.);
#13453 = ORIENTED_EDGE('',*,*,#13454,.F.);
#13454 = EDGE_CURVE('',#1906,#6836,#13455,.T.);
#13455 = LINE('',#13456,#13457);
#13456 = CARTESIAN_POINT('',(49.999892,-64.99991,0.));
#13457 = VECTOR('',#13458,1.);
#13458 = DIRECTION('',(0.,0.,1.));
#13459 = ORIENTED_EDGE('',*,*,#1903,.F.);
#13460 = CYLINDRICAL_SURFACE('',#13461,1.99999850585);
#13461 = AXIS2_PLACEMENT_3D('',#13462,#13463,#13464);
#13462 = CARTESIAN_POINT('',(51.99989050585,-64.99990850585,0.));
#13463 = DIRECTION('',(-0.,-0.,-1.));
#13464 = DIRECTION('',(7.470757456121E-07,1.,-0.));
#13465 = ADVANCED_FACE('',(#13466),#13477,.T.);
#13466 = FACE_BOUND('',#13467,.T.);
#13467 = EDGE_LOOP('',(#13468,#13474,#13475,#13476));
#13468 = ORIENTED_EDGE('',*,*,#13469,.T.);
#13469 = EDGE_CURVE('',#1915,#6845,#13470,.T.);
#13470 = LINE('',#13471,#13472);
#13471 = CARTESIAN_POINT('',(52.999892,-62.99991,0.));
#13472 = VECTOR('',#13473,1.);
#13473 = DIRECTION('',(0.,0.,1.));
#13474 = ORIENTED_EDGE('',*,*,#6844,.T.);
#13475 = ORIENTED_EDGE('',*,*,#13447,.F.);
#13476 = ORIENTED_EDGE('',*,*,#1914,.F.);
#13477 = PLANE('',#13478);
#13478 = AXIS2_PLACEMENT_3D('',#13479,#13480,#13481);
#13479 = CARTESIAN_POINT('',(52.999892,-62.99991,0.));
#13480 = DIRECTION('',(0.,-1.,0.));
#13481 = DIRECTION('',(-1.,0.,0.));
#13482 = ADVANCED_FACE('',(#13483),#13494,.T.);
#13483 = FACE_BOUND('',#13484,.T.);
#13484 = EDGE_LOOP('',(#13485,#13486,#13487,#13493));
#13485 = ORIENTED_EDGE('',*,*,#13454,.T.);
#13486 = ORIENTED_EDGE('',*,*,#6895,.T.);
#13487 = ORIENTED_EDGE('',*,*,#13488,.F.);
#13488 = EDGE_CURVE('',#1957,#6887,#13489,.T.);
#13489 = LINE('',#13490,#13491);
#13490 = CARTESIAN_POINT('',(49.999892,-66.99991,0.));
#13491 = VECTOR('',#13492,1.);
#13492 = DIRECTION('',(0.,0.,1.));
#13493 = ORIENTED_EDGE('',*,*,#1965,.F.);
#13494 = PLANE('',#13495);
#13495 = AXIS2_PLACEMENT_3D('',#13496,#13497,#13498);
#13496 = CARTESIAN_POINT('',(49.999892,-64.99991,0.));
#13497 = DIRECTION('',(1.,0.,-0.));
#13498 = DIRECTION('',(0.,-1.,0.));
#13499 = ADVANCED_FACE('',(#13500),#13511,.F.);
#13500 = FACE_BOUND('',#13501,.T.);
#13501 = EDGE_LOOP('',(#13502,#13508,#13509,#13510));
#13502 = ORIENTED_EDGE('',*,*,#13503,.T.);
#13503 = EDGE_CURVE('',#1923,#6853,#13504,.T.);
#13504 = LINE('',#13505,#13506);
#13505 = CARTESIAN_POINT('',(54.999892,-64.99991,0.));
#13506 = VECTOR('',#13507,1.);
#13507 = DIRECTION('',(0.,0.,1.));
#13508 = ORIENTED_EDGE('',*,*,#6852,.T.);
#13509 = ORIENTED_EDGE('',*,*,#13469,.F.);
#13510 = ORIENTED_EDGE('',*,*,#1922,.F.);
#13511 = CYLINDRICAL_SURFACE('',#13512,1.99999850585);
#13512 = AXIS2_PLACEMENT_3D('',#13513,#13514,#13515);
#13513 = CARTESIAN_POINT('',(52.99989349415,-64.99990850585,0.));
#13514 = DIRECTION('',(-0.,-0.,-1.));
#13515 = DIRECTION('',(1.,-7.470757420593E-07,0.));
#13516 = ADVANCED_FACE('',(#13517),#13528,.F.);
#13517 = FACE_BOUND('',#13518,.T.);
#13518 = EDGE_LOOP('',(#13519,#13520,#13521,#13527));
#13519 = ORIENTED_EDGE('',*,*,#13488,.T.);
#13520 = ORIENTED_EDGE('',*,*,#6886,.T.);
#13521 = ORIENTED_EDGE('',*,*,#13522,.F.);
#13522 = EDGE_CURVE('',#1949,#6879,#13523,.T.);
#13523 = LINE('',#13524,#13525);
#13524 = CARTESIAN_POINT('',(51.999892,-68.99991,0.));
#13525 = VECTOR('',#13526,1.);
#13526 = DIRECTION('',(0.,0.,1.));
#13527 = ORIENTED_EDGE('',*,*,#1956,.F.);
#13528 = CYLINDRICAL_SURFACE('',#13529,1.99999850585);
#13529 = AXIS2_PLACEMENT_3D('',#13530,#13531,#13532);
#13530 = CARTESIAN_POINT('',(51.99989050585,-66.99991149415,0.));
#13531 = DIRECTION('',(-0.,-0.,-1.));
#13532 = DIRECTION('',(-1.,7.470757491648E-07,0.));
#13533 = ADVANCED_FACE('',(#13534),#13545,.T.);
#13534 = FACE_BOUND('',#13535,.T.);
#13535 = EDGE_LOOP('',(#13536,#13542,#13543,#13544));
#13536 = ORIENTED_EDGE('',*,*,#13537,.T.);
#13537 = EDGE_CURVE('',#1932,#6862,#13538,.T.);
#13538 = LINE('',#13539,#13540);
#13539 = CARTESIAN_POINT('',(54.999892,-66.99991,0.));
#13540 = VECTOR('',#13541,1.);
#13541 = DIRECTION('',(0.,0.,1.));
#13542 = ORIENTED_EDGE('',*,*,#6861,.T.);
#13543 = ORIENTED_EDGE('',*,*,#13503,.F.);
#13544 = ORIENTED_EDGE('',*,*,#1931,.F.);
#13545 = PLANE('',#13546);
#13546 = AXIS2_PLACEMENT_3D('',#13547,#13548,#13549);
#13547 = CARTESIAN_POINT('',(54.999892,-66.99991,0.));
#13548 = DIRECTION('',(-1.,0.,0.));
#13549 = DIRECTION('',(0.,1.,0.));
#13550 = ADVANCED_FACE('',(#13551),#13562,.T.);
#13551 = FACE_BOUND('',#13552,.T.);
#13552 = EDGE_LOOP('',(#13553,#13554,#13555,#13561));
#13553 = ORIENTED_EDGE('',*,*,#13522,.T.);
#13554 = ORIENTED_EDGE('',*,*,#6878,.T.);
#13555 = ORIENTED_EDGE('',*,*,#13556,.F.);
#13556 = EDGE_CURVE('',#1940,#6870,#13557,.T.);
#13557 = LINE('',#13558,#13559);
#13558 = CARTESIAN_POINT('',(52.999892,-68.99991,0.));
#13559 = VECTOR('',#13560,1.);
#13560 = DIRECTION('',(0.,0.,1.));
#13561 = ORIENTED_EDGE('',*,*,#1948,.F.);
#13562 = PLANE('',#13563);
#13563 = AXIS2_PLACEMENT_3D('',#13564,#13565,#13566);
#13564 = CARTESIAN_POINT('',(51.999892,-68.99991,0.));
#13565 = DIRECTION('',(0.,1.,0.));
#13566 = DIRECTION('',(1.,0.,0.));
#13567 = ADVANCED_FACE('',(#13568),#13574,.F.);
#13568 = FACE_BOUND('',#13569,.T.);
#13569 = EDGE_LOOP('',(#13570,#13571,#13572,#13573));
#13570 = ORIENTED_EDGE('',*,*,#13556,.T.);
#13571 = ORIENTED_EDGE('',*,*,#6869,.T.);
#13572 = ORIENTED_EDGE('',*,*,#13537,.F.);
#13573 = ORIENTED_EDGE('',*,*,#1939,.F.);
#13574 = CYLINDRICAL_SURFACE('',#13575,1.99999850585);
#13575 = AXIS2_PLACEMENT_3D('',#13576,#13577,#13578);
#13576 = CARTESIAN_POINT('',(52.99989349415,-66.99991149415,0.));
#13577 = DIRECTION('',(-0.,-0.,-1.));
#13578 = DIRECTION('',(-7.470757349539E-07,-1.,0.));
#13579 = ADVANCED_FACE('',(#13580),#13591,.F.);
#13580 = FACE_BOUND('',#13581,.T.);
#13581 = EDGE_LOOP('',(#13582,#13588,#13589,#13590));
#13582 = ORIENTED_EDGE('',*,*,#13583,.T.);
#13583 = EDGE_CURVE('',#1974,#6904,#13584,.T.);
#13584 = LINE('',#13585,#13586);
#13585 = CARTESIAN_POINT('',(59.999892,-77.99991,0.));
#13586 = VECTOR('',#13587,1.);
#13587 = DIRECTION('',(0.,0.,1.));
#13588 = ORIENTED_EDGE('',*,*,#6903,.T.);
#13589 = ORIENTED_EDGE('',*,*,#13583,.F.);
#13590 = ORIENTED_EDGE('',*,*,#1973,.F.);
#13591 = CYLINDRICAL_SURFACE('',#13592,0.5);
#13592 = AXIS2_PLACEMENT_3D('',#13593,#13594,#13595);
#13593 = CARTESIAN_POINT('',(59.499892,-77.99991,0.));
#13594 = DIRECTION('',(-0.,-0.,-1.));
#13595 = DIRECTION('',(1.,0.,-0.));
#13596 = ADVANCED_FACE('',(#13597),#13608,.F.);
#13597 = FACE_BOUND('',#13598,.T.);
#13598 = EDGE_LOOP('',(#13599,#13605,#13606,#13607));
#13599 = ORIENTED_EDGE('',*,*,#13600,.T.);
#13600 = EDGE_CURVE('',#1985,#6915,#13601,.T.);
#13601 = LINE('',#13602,#13603);
#13602 = CARTESIAN_POINT('',(59.999892,-74.99991,0.));
#13603 = VECTOR('',#13604,1.);
#13604 = DIRECTION('',(0.,0.,1.));
#13605 = ORIENTED_EDGE('',*,*,#6914,.T.);
#13606 = ORIENTED_EDGE('',*,*,#13600,.F.);
#13607 = ORIENTED_EDGE('',*,*,#1984,.F.);
#13608 = CYLINDRICAL_SURFACE('',#13609,0.5);
#13609 = AXIS2_PLACEMENT_3D('',#13610,#13611,#13612);
#13610 = CARTESIAN_POINT('',(59.499892,-74.99991,0.));
#13611 = DIRECTION('',(-0.,-0.,-1.));
#13612 = DIRECTION('',(1.,0.,-0.));
#13613 = ADVANCED_FACE('',(#13614),#13625,.F.);
#13614 = FACE_BOUND('',#13615,.T.);
#13615 = EDGE_LOOP('',(#13616,#13617,#13623,#13624));
#13616 = ORIENTED_EDGE('',*,*,#1995,.T.);
#13617 = ORIENTED_EDGE('',*,*,#13618,.T.);
#13618 = EDGE_CURVE('',#1996,#6926,#13619,.T.);
#13619 = LINE('',#13620,#13621);
#13620 = CARTESIAN_POINT('',(71.499892,-114.599909,-4.6E-02));
#13621 = VECTOR('',#13622,1.);
#13622 = DIRECTION('',(0.,0.,1.));
#13623 = ORIENTED_EDGE('',*,*,#6925,.F.);
#13624 = ORIENTED_EDGE('',*,*,#13618,.F.);
#13625 = CYLINDRICAL_SURFACE('',#13626,0.6);
#13626 = AXIS2_PLACEMENT_3D('',#13627,#13628,#13629);
#13627 = CARTESIAN_POINT('',(71.499892,-113.999909,-4.6E-02));
#13628 = DIRECTION('',(-0.,0.,-1.));
#13629 = DIRECTION('',(2.368475785867E-14,-1.,-0.));
#13630 = ADVANCED_FACE('',(#13631),#13642,.F.);
#13631 = FACE_BOUND('',#13632,.T.);
#13632 = EDGE_LOOP('',(#13633,#13634,#13640,#13641));
#13633 = ORIENTED_EDGE('',*,*,#2006,.T.);
#13634 = ORIENTED_EDGE('',*,*,#13635,.T.);
#13635 = EDGE_CURVE('',#2007,#6937,#13636,.T.);
#13636 = LINE('',#13637,#13638);
#13637 = CARTESIAN_POINT('',(83.499892,-114.599909,-4.6E-02));
#13638 = VECTOR('',#13639,1.);
#13639 = DIRECTION('',(0.,0.,1.));
#13640 = ORIENTED_EDGE('',*,*,#6936,.F.);
#13641 = ORIENTED_EDGE('',*,*,#13635,.F.);
#13642 = CYLINDRICAL_SURFACE('',#13643,0.6);
#13643 = AXIS2_PLACEMENT_3D('',#13644,#13645,#13646);
#13644 = CARTESIAN_POINT('',(83.499892,-113.999909,-4.6E-02));
#13645 = DIRECTION('',(-0.,0.,-1.));
#13646 = DIRECTION('',(2.368475785867E-14,-1.,-0.));
#13647 = ADVANCED_FACE('',(#13648),#13664,.T.);
#13648 = FACE_BOUND('',#13649,.T.);
#13649 = EDGE_LOOP('',(#13650,#13656,#13657,#13663));
#13650 = ORIENTED_EDGE('',*,*,#13651,.T.);
#13651 = EDGE_CURVE('',#2018,#6948,#13652,.T.);
#13652 = LINE('',#13653,#13654);
#13653 = CARTESIAN_POINT('',(61.999892,-88.99991,0.));
#13654 = VECTOR('',#13655,1.);
#13655 = DIRECTION('',(0.,0.,1.));
#13656 = ORIENTED_EDGE('',*,*,#6947,.T.);
#13657 = ORIENTED_EDGE('',*,*,#13658,.F.);
#13658 = EDGE_CURVE('',#2020,#6950,#13659,.T.);
#13659 = LINE('',#13660,#13661);
#13660 = CARTESIAN_POINT('',(62.999892,-96.99991,0.));
#13661 = VECTOR('',#13662,1.);
#13662 = DIRECTION('',(0.,0.,1.));
#13663 = ORIENTED_EDGE('',*,*,#2017,.F.);
#13664 = PLANE('',#13665);
#13665 = AXIS2_PLACEMENT_3D('',#13666,#13667,#13668);
#13666 = CARTESIAN_POINT('',(61.999892,-88.99991,0.));
#13667 = DIRECTION('',(0.992277876714,0.124034734589,-0.));
#13668 = DIRECTION('',(0.124034734589,-0.992277876714,0.));
#13669 = ADVANCED_FACE('',(#13670),#13681,.T.);
#13670 = FACE_BOUND('',#13671,.T.);
#13671 = EDGE_LOOP('',(#13672,#13678,#13679,#13680));
#13672 = ORIENTED_EDGE('',*,*,#13673,.T.);
#13673 = EDGE_CURVE('',#2028,#6958,#13674,.T.);
#13674 = LINE('',#13675,#13676);
#13675 = CARTESIAN_POINT('',(61.999892,-87.99991,0.));
#13676 = VECTOR('',#13677,1.);
#13677 = DIRECTION('',(0.,0.,1.));
#13678 = ORIENTED_EDGE('',*,*,#6957,.T.);
#13679 = ORIENTED_EDGE('',*,*,#13651,.F.);
#13680 = ORIENTED_EDGE('',*,*,#2027,.F.);
#13681 = PLANE('',#13682);
#13682 = AXIS2_PLACEMENT_3D('',#13683,#13684,#13685);
#13683 = CARTESIAN_POINT('',(61.999892,-87.99991,0.));
#13684 = DIRECTION('',(1.,0.,-0.));
#13685 = DIRECTION('',(0.,-1.,0.));
#13686 = ADVANCED_FACE('',(#13687),#13698,.T.);
#13687 = FACE_BOUND('',#13688,.T.);
#13688 = EDGE_LOOP('',(#13689,#13690,#13691,#13697));
#13689 = ORIENTED_EDGE('',*,*,#13658,.T.);
#13690 = ORIENTED_EDGE('',*,*,#7037,.T.);
#13691 = ORIENTED_EDGE('',*,*,#13692,.F.);
#13692 = EDGE_CURVE('',#2100,#7030,#13693,.T.);
#13693 = LINE('',#13694,#13695);
#13694 = CARTESIAN_POINT('',(62.999892,-103.99991,0.));
#13695 = VECTOR('',#13696,1.);
#13696 = DIRECTION('',(0.,0.,1.));
#13697 = ORIENTED_EDGE('',*,*,#2107,.F.);
#13698 = PLANE('',#13699);
#13699 = AXIS2_PLACEMENT_3D('',#13700,#13701,#13702);
#13700 = CARTESIAN_POINT('',(62.999892,-96.99991,0.));
#13701 = DIRECTION('',(1.,0.,-0.));
#13702 = DIRECTION('',(0.,-1.,0.));
#13703 = ADVANCED_FACE('',(#13704),#13715,.T.);
#13704 = FACE_BOUND('',#13705,.T.);
#13705 = EDGE_LOOP('',(#13706,#13712,#13713,#13714));
#13706 = ORIENTED_EDGE('',*,*,#13707,.T.);
#13707 = EDGE_CURVE('',#2036,#6966,#13708,.T.);
#13708 = LINE('',#13709,#13710);
#13709 = CARTESIAN_POINT('',(68.999892,-87.99991,0.));
#13710 = VECTOR('',#13711,1.);
#13711 = DIRECTION('',(0.,0.,1.));
#13712 = ORIENTED_EDGE('',*,*,#6965,.T.);
#13713 = ORIENTED_EDGE('',*,*,#13673,.F.);
#13714 = ORIENTED_EDGE('',*,*,#2035,.F.);
#13715 = PLANE('',#13716);
#13716 = AXIS2_PLACEMENT_3D('',#13717,#13718,#13719);
#13717 = CARTESIAN_POINT('',(68.999892,-87.99991,0.));
#13718 = DIRECTION('',(0.,-1.,0.));
#13719 = DIRECTION('',(-1.,0.,0.));
#13720 = ADVANCED_FACE('',(#13721),#13732,.T.);
#13721 = FACE_BOUND('',#13722,.T.);
#13722 = EDGE_LOOP('',(#13723,#13724,#13725,#13731));
#13723 = ORIENTED_EDGE('',*,*,#13692,.T.);
#13724 = ORIENTED_EDGE('',*,*,#7029,.T.);
#13725 = ORIENTED_EDGE('',*,*,#13726,.F.);
#13726 = EDGE_CURVE('',#2092,#7022,#13727,.T.);
#13727 = LINE('',#13728,#13729);
#13728 = CARTESIAN_POINT('',(61.999892,-110.99991,0.));
#13729 = VECTOR('',#13730,1.);
#13730 = DIRECTION('',(0.,0.,1.));
#13731 = ORIENTED_EDGE('',*,*,#2099,.F.);
#13732 = PLANE('',#13733);
#13733 = AXIS2_PLACEMENT_3D('',#13734,#13735,#13736);
#13734 = CARTESIAN_POINT('',(62.999892,-103.99991,0.));
#13735 = DIRECTION('',(0.989949493661,-0.141421356237,0.));
#13736 = DIRECTION('',(-0.141421356237,-0.989949493661,0.));
#13737 = ADVANCED_FACE('',(#13738),#13749,.T.);
#13738 = FACE_BOUND('',#13739,.T.);
#13739 = EDGE_LOOP('',(#13740,#13746,#13747,#13748));
#13740 = ORIENTED_EDGE('',*,*,#13741,.T.);
#13741 = EDGE_CURVE('',#2044,#6974,#13742,.T.);
#13742 = LINE('',#13743,#13744);
#13743 = CARTESIAN_POINT('',(68.999892,-88.99991,0.));
#13744 = VECTOR('',#13745,1.);
#13745 = DIRECTION('',(0.,0.,1.));
#13746 = ORIENTED_EDGE('',*,*,#6973,.T.);
#13747 = ORIENTED_EDGE('',*,*,#13707,.F.);
#13748 = ORIENTED_EDGE('',*,*,#2043,.F.);
#13749 = PLANE('',#13750);
#13750 = AXIS2_PLACEMENT_3D('',#13751,#13752,#13753);
#13751 = CARTESIAN_POINT('',(68.999892,-88.99991,0.));
#13752 = DIRECTION('',(-1.,0.,0.));
#13753 = DIRECTION('',(0.,1.,0.));
#13754 = ADVANCED_FACE('',(#13755),#13766,.T.);
#13755 = FACE_BOUND('',#13756,.T.);
#13756 = EDGE_LOOP('',(#13757,#13758,#13759,#13765));
#13757 = ORIENTED_EDGE('',*,*,#13726,.T.);
#13758 = ORIENTED_EDGE('',*,*,#7021,.T.);
#13759 = ORIENTED_EDGE('',*,*,#13760,.F.);
#13760 = EDGE_CURVE('',#2084,#7014,#13761,.T.);
#13761 = LINE('',#13762,#13763);
#13762 = CARTESIAN_POINT('',(61.999892,-112.99991,0.));
#13763 = VECTOR('',#13764,1.);
#13764 = DIRECTION('',(0.,0.,1.));
#13765 = ORIENTED_EDGE('',*,*,#2091,.F.);
#13766 = PLANE('',#13767);
#13767 = AXIS2_PLACEMENT_3D('',#13768,#13769,#13770);
#13768 = CARTESIAN_POINT('',(61.999892,-110.99991,0.));
#13769 = DIRECTION('',(1.,0.,-0.));
#13770 = DIRECTION('',(0.,-1.,0.));
#13771 = ADVANCED_FACE('',(#13772),#13783,.T.);
#13772 = FACE_BOUND('',#13773,.T.);
#13773 = EDGE_LOOP('',(#13774,#13780,#13781,#13782));
#13774 = ORIENTED_EDGE('',*,*,#13775,.T.);
#13775 = EDGE_CURVE('',#2052,#6982,#13776,.T.);
#13776 = LINE('',#13777,#13778);
#13777 = CARTESIAN_POINT('',(67.999892,-96.99991,0.));
#13778 = VECTOR('',#13779,1.);
#13779 = DIRECTION('',(0.,0.,1.));
#13780 = ORIENTED_EDGE('',*,*,#6981,.T.);
#13781 = ORIENTED_EDGE('',*,*,#13741,.F.);
#13782 = ORIENTED_EDGE('',*,*,#2051,.F.);
#13783 = PLANE('',#13784);
#13784 = AXIS2_PLACEMENT_3D('',#13785,#13786,#13787);
#13785 = CARTESIAN_POINT('',(67.999892,-96.99991,0.));
#13786 = DIRECTION('',(-0.992277876714,0.124034734589,0.));
#13787 = DIRECTION('',(0.124034734589,0.992277876714,0.));
#13788 = ADVANCED_FACE('',(#13789),#13800,.T.);
#13789 = FACE_BOUND('',#13790,.T.);
#13790 = EDGE_LOOP('',(#13791,#13792,#13793,#13799));
#13791 = ORIENTED_EDGE('',*,*,#13760,.T.);
#13792 = ORIENTED_EDGE('',*,*,#7013,.T.);
#13793 = ORIENTED_EDGE('',*,*,#13794,.F.);
#13794 = EDGE_CURVE('',#2076,#7006,#13795,.T.);
#13795 = LINE('',#13796,#13797);
#13796 = CARTESIAN_POINT('',(68.999892,-112.99991,0.));
#13797 = VECTOR('',#13798,1.);
#13798 = DIRECTION('',(0.,0.,1.));
#13799 = ORIENTED_EDGE('',*,*,#2083,.F.);
#13800 = PLANE('',#13801);
#13801 = AXIS2_PLACEMENT_3D('',#13802,#13803,#13804);
#13802 = CARTESIAN_POINT('',(61.999892,-112.99991,0.));
#13803 = DIRECTION('',(0.,1.,0.));
#13804 = DIRECTION('',(1.,0.,0.));
#13805 = ADVANCED_FACE('',(#13806),#13817,.T.);
#13806 = FACE_BOUND('',#13807,.T.);
#13807 = EDGE_LOOP('',(#13808,#13814,#13815,#13816));
#13808 = ORIENTED_EDGE('',*,*,#13809,.T.);
#13809 = EDGE_CURVE('',#2060,#6990,#13810,.T.);
#13810 = LINE('',#13811,#13812);
#13811 = CARTESIAN_POINT('',(67.999892,-103.99991,0.));
#13812 = VECTOR('',#13813,1.);
#13813 = DIRECTION('',(0.,0.,1.));
#13814 = ORIENTED_EDGE('',*,*,#6989,.T.);
#13815 = ORIENTED_EDGE('',*,*,#13775,.F.);
#13816 = ORIENTED_EDGE('',*,*,#2059,.F.);
#13817 = PLANE('',#13818);
#13818 = AXIS2_PLACEMENT_3D('',#13819,#13820,#13821);
#13819 = CARTESIAN_POINT('',(67.999892,-103.99991,0.));
#13820 = DIRECTION('',(-1.,0.,0.));
#13821 = DIRECTION('',(0.,1.,0.));
#13822 = ADVANCED_FACE('',(#13823),#13834,.T.);
#13823 = FACE_BOUND('',#13824,.T.);
#13824 = EDGE_LOOP('',(#13825,#13826,#13827,#13833));
#13825 = ORIENTED_EDGE('',*,*,#13794,.T.);
#13826 = ORIENTED_EDGE('',*,*,#7005,.T.);
#13827 = ORIENTED_EDGE('',*,*,#13828,.F.);
#13828 = EDGE_CURVE('',#2068,#6998,#13829,.T.);
#13829 = LINE('',#13830,#13831);
#13830 = CARTESIAN_POINT('',(68.999892,-110.99991,0.));
#13831 = VECTOR('',#13832,1.);
#13832 = DIRECTION('',(0.,0.,1.));
#13833 = ORIENTED_EDGE('',*,*,#2075,.F.);
#13834 = PLANE('',#13835);
#13835 = AXIS2_PLACEMENT_3D('',#13836,#13837,#13838);
#13836 = CARTESIAN_POINT('',(68.999892,-112.99991,0.));
#13837 = DIRECTION('',(-1.,0.,0.));
#13838 = DIRECTION('',(0.,1.,0.));
#13839 = ADVANCED_FACE('',(#13840),#13846,.T.);
#13840 = FACE_BOUND('',#13841,.T.);
#13841 = EDGE_LOOP('',(#13842,#13843,#13844,#13845));
#13842 = ORIENTED_EDGE('',*,*,#13828,.T.);
#13843 = ORIENTED_EDGE('',*,*,#6997,.T.);
#13844 = ORIENTED_EDGE('',*,*,#13809,.F.);
#13845 = ORIENTED_EDGE('',*,*,#2067,.F.);
#13846 = PLANE('',#13847);
#13847 = AXIS2_PLACEMENT_3D('',#13848,#13849,#13850);
#13848 = CARTESIAN_POINT('',(68.999892,-110.99991,0.));
#13849 = DIRECTION('',(-0.989949493661,-0.141421356237,0.));
#13850 = DIRECTION('',(-0.141421356237,0.989949493661,0.));
#13851 = ADVANCED_FACE('',(#13852),#13868,.T.);
#13852 = FACE_BOUND('',#13853,.T.);
#13853 = EDGE_LOOP('',(#13854,#13860,#13861,#13867));
#13854 = ORIENTED_EDGE('',*,*,#13855,.T.);
#13855 = EDGE_CURVE('',#2116,#7046,#13856,.T.);
#13856 = LINE('',#13857,#13858);
#13857 = CARTESIAN_POINT('',(73.999892,-88.99991,0.));
#13858 = VECTOR('',#13859,1.);
#13859 = DIRECTION('',(0.,0.,1.));
#13860 = ORIENTED_EDGE('',*,*,#7045,.T.);
#13861 = ORIENTED_EDGE('',*,*,#13862,.F.);
#13862 = EDGE_CURVE('',#2118,#7048,#13863,.T.);
#13863 = LINE('',#13864,#13865);
#13864 = CARTESIAN_POINT('',(74.999892,-96.99991,0.));
#13865 = VECTOR('',#13866,1.);
#13866 = DIRECTION('',(0.,0.,1.));
#13867 = ORIENTED_EDGE('',*,*,#2115,.F.);
#13868 = PLANE('',#13869);
#13869 = AXIS2_PLACEMENT_3D('',#13870,#13871,#13872);
#13870 = CARTESIAN_POINT('',(73.999892,-88.99991,0.));
#13871 = DIRECTION('',(0.992277876714,0.124034734589,-0.));
#13872 = DIRECTION('',(0.124034734589,-0.992277876714,0.));
#13873 = ADVANCED_FACE('',(#13874),#13885,.T.);
#13874 = FACE_BOUND('',#13875,.T.);
#13875 = EDGE_LOOP('',(#13876,#13882,#13883,#13884));
#13876 = ORIENTED_EDGE('',*,*,#13877,.T.);
#13877 = EDGE_CURVE('',#2126,#7056,#13878,.T.);
#13878 = LINE('',#13879,#13880);
#13879 = CARTESIAN_POINT('',(73.999892,-87.99991,0.));
#13880 = VECTOR('',#13881,1.);
#13881 = DIRECTION('',(0.,0.,1.));
#13882 = ORIENTED_EDGE('',*,*,#7055,.T.);
#13883 = ORIENTED_EDGE('',*,*,#13855,.F.);
#13884 = ORIENTED_EDGE('',*,*,#2125,.F.);
#13885 = PLANE('',#13886);
#13886 = AXIS2_PLACEMENT_3D('',#13887,#13888,#13889);
#13887 = CARTESIAN_POINT('',(73.999892,-87.99991,0.));
#13888 = DIRECTION('',(1.,0.,-0.));
#13889 = DIRECTION('',(0.,-1.,0.));
#13890 = ADVANCED_FACE('',(#13891),#13902,.T.);
#13891 = FACE_BOUND('',#13892,.T.);
#13892 = EDGE_LOOP('',(#13893,#13894,#13895,#13901));
#13893 = ORIENTED_EDGE('',*,*,#13862,.T.);
#13894 = ORIENTED_EDGE('',*,*,#7135,.T.);
#13895 = ORIENTED_EDGE('',*,*,#13896,.F.);
#13896 = EDGE_CURVE('',#2198,#7128,#13897,.T.);
#13897 = LINE('',#13898,#13899);
#13898 = CARTESIAN_POINT('',(74.999892,-103.99991,0.));
#13899 = VECTOR('',#13900,1.);
#13900 = DIRECTION('',(0.,0.,1.));
#13901 = ORIENTED_EDGE('',*,*,#2205,.F.);
#13902 = PLANE('',#13903);
#13903 = AXIS2_PLACEMENT_3D('',#13904,#13905,#13906);
#13904 = CARTESIAN_POINT('',(74.999892,-96.99991,0.));
#13905 = DIRECTION('',(1.,0.,-0.));
#13906 = DIRECTION('',(0.,-1.,0.));
#13907 = ADVANCED_FACE('',(#13908),#13919,.T.);
#13908 = FACE_BOUND('',#13909,.T.);
#13909 = EDGE_LOOP('',(#13910,#13916,#13917,#13918));
#13910 = ORIENTED_EDGE('',*,*,#13911,.T.);
#13911 = EDGE_CURVE('',#2134,#7064,#13912,.T.);
#13912 = LINE('',#13913,#13914);
#13913 = CARTESIAN_POINT('',(80.999892,-87.99991,0.));
#13914 = VECTOR('',#13915,1.);
#13915 = DIRECTION('',(0.,0.,1.));
#13916 = ORIENTED_EDGE('',*,*,#7063,.T.);
#13917 = ORIENTED_EDGE('',*,*,#13877,.F.);
#13918 = ORIENTED_EDGE('',*,*,#2133,.F.);
#13919 = PLANE('',#13920);
#13920 = AXIS2_PLACEMENT_3D('',#13921,#13922,#13923);
#13921 = CARTESIAN_POINT('',(80.999892,-87.99991,0.));
#13922 = DIRECTION('',(0.,-1.,0.));
#13923 = DIRECTION('',(-1.,0.,0.));
#13924 = ADVANCED_FACE('',(#13925),#13936,.T.);
#13925 = FACE_BOUND('',#13926,.T.);
#13926 = EDGE_LOOP('',(#13927,#13928,#13929,#13935));
#13927 = ORIENTED_EDGE('',*,*,#13896,.T.);
#13928 = ORIENTED_EDGE('',*,*,#7127,.T.);
#13929 = ORIENTED_EDGE('',*,*,#13930,.F.);
#13930 = EDGE_CURVE('',#2190,#7120,#13931,.T.);
#13931 = LINE('',#13932,#13933);
#13932 = CARTESIAN_POINT('',(73.999892,-110.99991,0.));
#13933 = VECTOR('',#13934,1.);
#13934 = DIRECTION('',(0.,0.,1.));
#13935 = ORIENTED_EDGE('',*,*,#2197,.F.);
#13936 = PLANE('',#13937);
#13937 = AXIS2_PLACEMENT_3D('',#13938,#13939,#13940);
#13938 = CARTESIAN_POINT('',(74.999892,-103.99991,0.));
#13939 = DIRECTION('',(0.989949493661,-0.141421356237,0.));
#13940 = DIRECTION('',(-0.141421356237,-0.989949493661,0.));
#13941 = ADVANCED_FACE('',(#13942),#13953,.T.);
#13942 = FACE_BOUND('',#13943,.T.);
#13943 = EDGE_LOOP('',(#13944,#13950,#13951,#13952));
#13944 = ORIENTED_EDGE('',*,*,#13945,.T.);
#13945 = EDGE_CURVE('',#2142,#7072,#13946,.T.);
#13946 = LINE('',#13947,#13948);
#13947 = CARTESIAN_POINT('',(80.999892,-88.99991,0.));
#13948 = VECTOR('',#13949,1.);
#13949 = DIRECTION('',(0.,0.,1.));
#13950 = ORIENTED_EDGE('',*,*,#7071,.T.);
#13951 = ORIENTED_EDGE('',*,*,#13911,.F.);
#13952 = ORIENTED_EDGE('',*,*,#2141,.F.);
#13953 = PLANE('',#13954);
#13954 = AXIS2_PLACEMENT_3D('',#13955,#13956,#13957);
#13955 = CARTESIAN_POINT('',(80.999892,-88.99991,0.));
#13956 = DIRECTION('',(-1.,0.,0.));
#13957 = DIRECTION('',(0.,1.,0.));
#13958 = ADVANCED_FACE('',(#13959),#13970,.T.);
#13959 = FACE_BOUND('',#13960,.T.);
#13960 = EDGE_LOOP('',(#13961,#13962,#13963,#13969));
#13961 = ORIENTED_EDGE('',*,*,#13930,.T.);
#13962 = ORIENTED_EDGE('',*,*,#7119,.T.);
#13963 = ORIENTED_EDGE('',*,*,#13964,.F.);
#13964 = EDGE_CURVE('',#2182,#7112,#13965,.T.);
#13965 = LINE('',#13966,#13967);
#13966 = CARTESIAN_POINT('',(73.999892,-112.99991,0.));
#13967 = VECTOR('',#13968,1.);
#13968 = DIRECTION('',(0.,0.,1.));
#13969 = ORIENTED_EDGE('',*,*,#2189,.F.);
#13970 = PLANE('',#13971);
#13971 = AXIS2_PLACEMENT_3D('',#13972,#13973,#13974);
#13972 = CARTESIAN_POINT('',(73.999892,-110.99991,0.));
#13973 = DIRECTION('',(1.,0.,-0.));
#13974 = DIRECTION('',(0.,-1.,0.));
#13975 = ADVANCED_FACE('',(#13976),#13987,.T.);
#13976 = FACE_BOUND('',#13977,.T.);
#13977 = EDGE_LOOP('',(#13978,#13984,#13985,#13986));
#13978 = ORIENTED_EDGE('',*,*,#13979,.T.);
#13979 = EDGE_CURVE('',#2150,#7080,#13980,.T.);
#13980 = LINE('',#13981,#13982);
#13981 = CARTESIAN_POINT('',(79.999892,-96.99991,0.));
#13982 = VECTOR('',#13983,1.);
#13983 = DIRECTION('',(0.,0.,1.));
#13984 = ORIENTED_EDGE('',*,*,#7079,.T.);
#13985 = ORIENTED_EDGE('',*,*,#13945,.F.);
#13986 = ORIENTED_EDGE('',*,*,#2149,.F.);
#13987 = PLANE('',#13988);
#13988 = AXIS2_PLACEMENT_3D('',#13989,#13990,#13991);
#13989 = CARTESIAN_POINT('',(79.999892,-96.99991,0.));
#13990 = DIRECTION('',(-0.992277876714,0.124034734589,0.));
#13991 = DIRECTION('',(0.124034734589,0.992277876714,0.));
#13992 = ADVANCED_FACE('',(#13993),#14004,.T.);
#13993 = FACE_BOUND('',#13994,.T.);
#13994 = EDGE_LOOP('',(#13995,#13996,#13997,#14003));
#13995 = ORIENTED_EDGE('',*,*,#13964,.T.);
#13996 = ORIENTED_EDGE('',*,*,#7111,.T.);
#13997 = ORIENTED_EDGE('',*,*,#13998,.F.);
#13998 = EDGE_CURVE('',#2174,#7104,#13999,.T.);
#13999 = LINE('',#14000,#14001);
#14000 = CARTESIAN_POINT('',(80.999892,-112.99991,0.));
#14001 = VECTOR('',#14002,1.);
#14002 = DIRECTION('',(0.,0.,1.));
#14003 = ORIENTED_EDGE('',*,*,#2181,.F.);
#14004 = PLANE('',#14005);
#14005 = AXIS2_PLACEMENT_3D('',#14006,#14007,#14008);
#14006 = CARTESIAN_POINT('',(73.999892,-112.99991,0.));
#14007 = DIRECTION('',(0.,1.,0.));
#14008 = DIRECTION('',(1.,0.,0.));
#14009 = ADVANCED_FACE('',(#14010),#14021,.T.);
#14010 = FACE_BOUND('',#14011,.T.);
#14011 = EDGE_LOOP('',(#14012,#14018,#14019,#14020));
#14012 = ORIENTED_EDGE('',*,*,#14013,.T.);
#14013 = EDGE_CURVE('',#2158,#7088,#14014,.T.);
#14014 = LINE('',#14015,#14016);
#14015 = CARTESIAN_POINT('',(79.999892,-103.99991,0.));
#14016 = VECTOR('',#14017,1.);
#14017 = DIRECTION('',(0.,0.,1.));
#14018 = ORIENTED_EDGE('',*,*,#7087,.T.);
#14019 = ORIENTED_EDGE('',*,*,#13979,.F.);
#14020 = ORIENTED_EDGE('',*,*,#2157,.F.);
#14021 = PLANE('',#14022);
#14022 = AXIS2_PLACEMENT_3D('',#14023,#14024,#14025);
#14023 = CARTESIAN_POINT('',(79.999892,-103.99991,0.));
#14024 = DIRECTION('',(-1.,0.,0.));
#14025 = DIRECTION('',(0.,1.,0.));
#14026 = ADVANCED_FACE('',(#14027),#14038,.T.);
#14027 = FACE_BOUND('',#14028,.T.);
#14028 = EDGE_LOOP('',(#14029,#14030,#14031,#14037));
#14029 = ORIENTED_EDGE('',*,*,#13998,.T.);
#14030 = ORIENTED_EDGE('',*,*,#7103,.T.);
#14031 = ORIENTED_EDGE('',*,*,#14032,.F.);
#14032 = EDGE_CURVE('',#2166,#7096,#14033,.T.);
#14033 = LINE('',#14034,#14035);
#14034 = CARTESIAN_POINT('',(80.999892,-110.99991,0.));
#14035 = VECTOR('',#14036,1.);
#14036 = DIRECTION('',(0.,0.,1.));
#14037 = ORIENTED_EDGE('',*,*,#2173,.F.);
#14038 = PLANE('',#14039);
#14039 = AXIS2_PLACEMENT_3D('',#14040,#14041,#14042);
#14040 = CARTESIAN_POINT('',(80.999892,-112.99991,0.));
#14041 = DIRECTION('',(-1.,0.,0.));
#14042 = DIRECTION('',(0.,1.,0.));
#14043 = ADVANCED_FACE('',(#14044),#14050,.T.);
#14044 = FACE_BOUND('',#14045,.T.);
#14045 = EDGE_LOOP('',(#14046,#14047,#14048,#14049));
#14046 = ORIENTED_EDGE('',*,*,#14032,.T.);
#14047 = ORIENTED_EDGE('',*,*,#7095,.T.);
#14048 = ORIENTED_EDGE('',*,*,#14013,.F.);
#14049 = ORIENTED_EDGE('',*,*,#2165,.F.);
#14050 = PLANE('',#14051);
#14051 = AXIS2_PLACEMENT_3D('',#14052,#14053,#14054);
#14052 = CARTESIAN_POINT('',(80.999892,-110.99991,0.));
#14053 = DIRECTION('',(-0.989949493661,-0.141421356237,0.));
#14054 = DIRECTION('',(-0.141421356237,0.989949493661,0.));
#14055 = ADVANCED_FACE('',(#14056),#14067,.F.);
#14056 = FACE_BOUND('',#14057,.T.);
#14057 = EDGE_LOOP('',(#14058,#14059,#14065,#14066));
#14058 = ORIENTED_EDGE('',*,*,#2213,.T.);
#14059 = ORIENTED_EDGE('',*,*,#14060,.T.);
#14060 = EDGE_CURVE('',#2214,#7144,#14061,.T.);
#14061 = LINE('',#14062,#14063);
#14062 = CARTESIAN_POINT('',(95.499892,-114.599909,-4.6E-02));
#14063 = VECTOR('',#14064,1.);
#14064 = DIRECTION('',(0.,0.,1.));
#14065 = ORIENTED_EDGE('',*,*,#7143,.F.);
#14066 = ORIENTED_EDGE('',*,*,#14060,.F.);
#14067 = CYLINDRICAL_SURFACE('',#14068,0.6);
#14068 = AXIS2_PLACEMENT_3D('',#14069,#14070,#14071);
#14069 = CARTESIAN_POINT('',(95.499892,-113.999909,-4.6E-02));
#14070 = DIRECTION('',(-0.,0.,-1.));
#14071 = DIRECTION('',(2.368475785867E-14,-1.,-0.));
#14072 = ADVANCED_FACE('',(#14073),#14084,.F.);
#14073 = FACE_BOUND('',#14074,.T.);
#14074 = EDGE_LOOP('',(#14075,#14076,#14082,#14083));
#14075 = ORIENTED_EDGE('',*,*,#2224,.T.);
#14076 = ORIENTED_EDGE('',*,*,#14077,.T.);
#14077 = EDGE_CURVE('',#2225,#7155,#14078,.T.);
#14078 = LINE('',#14079,#14080);
#14079 = CARTESIAN_POINT('',(107.499892,-114.59991,-4.6E-02));
#14080 = VECTOR('',#14081,1.);
#14081 = DIRECTION('',(0.,0.,1.));
#14082 = ORIENTED_EDGE('',*,*,#7154,.F.);
#14083 = ORIENTED_EDGE('',*,*,#14077,.F.);
#14084 = CYLINDRICAL_SURFACE('',#14085,0.6);
#14085 = AXIS2_PLACEMENT_3D('',#14086,#14087,#14088);
#14086 = CARTESIAN_POINT('',(107.499892,-113.99991,-4.6E-02));
#14087 = DIRECTION('',(-0.,0.,-1.));
#14088 = DIRECTION('',(2.368475785867E-14,-1.,-0.));
#14089 = ADVANCED_FACE('',(#14090),#14106,.T.);
#14090 = FACE_BOUND('',#14091,.T.);
#14091 = EDGE_LOOP('',(#14092,#14098,#14099,#14105));
#14092 = ORIENTED_EDGE('',*,*,#14093,.T.);
#14093 = EDGE_CURVE('',#2236,#7166,#14094,.T.);
#14094 = LINE('',#14095,#14096);
#14095 = CARTESIAN_POINT('',(85.999892,-88.99991,0.));
#14096 = VECTOR('',#14097,1.);
#14097 = DIRECTION('',(0.,0.,1.));
#14098 = ORIENTED_EDGE('',*,*,#7165,.T.);
#14099 = ORIENTED_EDGE('',*,*,#14100,.F.);
#14100 = EDGE_CURVE('',#2238,#7168,#14101,.T.);
#14101 = LINE('',#14102,#14103);
#14102 = CARTESIAN_POINT('',(86.999892,-96.99991,0.));
#14103 = VECTOR('',#14104,1.);
#14104 = DIRECTION('',(0.,0.,1.));
#14105 = ORIENTED_EDGE('',*,*,#2235,.F.);
#14106 = PLANE('',#14107);
#14107 = AXIS2_PLACEMENT_3D('',#14108,#14109,#14110);
#14108 = CARTESIAN_POINT('',(85.999892,-88.99991,0.));
#14109 = DIRECTION('',(0.992277876714,0.124034734589,-0.));
#14110 = DIRECTION('',(0.124034734589,-0.992277876714,0.));
#14111 = ADVANCED_FACE('',(#14112),#14123,.T.);
#14112 = FACE_BOUND('',#14113,.T.);
#14113 = EDGE_LOOP('',(#14114,#14120,#14121,#14122));
#14114 = ORIENTED_EDGE('',*,*,#14115,.T.);
#14115 = EDGE_CURVE('',#2246,#7176,#14116,.T.);
#14116 = LINE('',#14117,#14118);
#14117 = CARTESIAN_POINT('',(85.999892,-87.99991,0.));
#14118 = VECTOR('',#14119,1.);
#14119 = DIRECTION('',(0.,0.,1.));
#14120 = ORIENTED_EDGE('',*,*,#7175,.T.);
#14121 = ORIENTED_EDGE('',*,*,#14093,.F.);
#14122 = ORIENTED_EDGE('',*,*,#2245,.F.);
#14123 = PLANE('',#14124);
#14124 = AXIS2_PLACEMENT_3D('',#14125,#14126,#14127);
#14125 = CARTESIAN_POINT('',(85.999892,-87.99991,0.));
#14126 = DIRECTION('',(1.,0.,-0.));
#14127 = DIRECTION('',(0.,-1.,0.));
#14128 = ADVANCED_FACE('',(#14129),#14140,.T.);
#14129 = FACE_BOUND('',#14130,.T.);
#14130 = EDGE_LOOP('',(#14131,#14132,#14133,#14139));
#14131 = ORIENTED_EDGE('',*,*,#14100,.T.);
#14132 = ORIENTED_EDGE('',*,*,#7255,.T.);
#14133 = ORIENTED_EDGE('',*,*,#14134,.F.);
#14134 = EDGE_CURVE('',#2318,#7248,#14135,.T.);
#14135 = LINE('',#14136,#14137);
#14136 = CARTESIAN_POINT('',(86.999892,-103.99991,0.));
#14137 = VECTOR('',#14138,1.);
#14138 = DIRECTION('',(0.,0.,1.));
#14139 = ORIENTED_EDGE('',*,*,#2325,.F.);
#14140 = PLANE('',#14141);
#14141 = AXIS2_PLACEMENT_3D('',#14142,#14143,#14144);
#14142 = CARTESIAN_POINT('',(86.999892,-96.99991,0.));
#14143 = DIRECTION('',(1.,0.,-0.));
#14144 = DIRECTION('',(0.,-1.,0.));
#14145 = ADVANCED_FACE('',(#14146),#14157,.T.);
#14146 = FACE_BOUND('',#14147,.T.);
#14147 = EDGE_LOOP('',(#14148,#14154,#14155,#14156));
#14148 = ORIENTED_EDGE('',*,*,#14149,.T.);
#14149 = EDGE_CURVE('',#2254,#7184,#14150,.T.);
#14150 = LINE('',#14151,#14152);
#14151 = CARTESIAN_POINT('',(92.999892,-87.99991,0.));
#14152 = VECTOR('',#14153,1.);
#14153 = DIRECTION('',(0.,0.,1.));
#14154 = ORIENTED_EDGE('',*,*,#7183,.T.);
#14155 = ORIENTED_EDGE('',*,*,#14115,.F.);
#14156 = ORIENTED_EDGE('',*,*,#2253,.F.);
#14157 = PLANE('',#14158);
#14158 = AXIS2_PLACEMENT_3D('',#14159,#14160,#14161);
#14159 = CARTESIAN_POINT('',(92.999892,-87.99991,0.));
#14160 = DIRECTION('',(0.,-1.,0.));
#14161 = DIRECTION('',(-1.,0.,0.));
#14162 = ADVANCED_FACE('',(#14163),#14174,.T.);
#14163 = FACE_BOUND('',#14164,.T.);
#14164 = EDGE_LOOP('',(#14165,#14166,#14167,#14173));
#14165 = ORIENTED_EDGE('',*,*,#14134,.T.);
#14166 = ORIENTED_EDGE('',*,*,#7247,.T.);
#14167 = ORIENTED_EDGE('',*,*,#14168,.F.);
#14168 = EDGE_CURVE('',#2310,#7240,#14169,.T.);
#14169 = LINE('',#14170,#14171);
#14170 = CARTESIAN_POINT('',(85.999892,-110.99991,0.));
#14171 = VECTOR('',#14172,1.);
#14172 = DIRECTION('',(0.,0.,1.));
#14173 = ORIENTED_EDGE('',*,*,#2317,.F.);
#14174 = PLANE('',#14175);
#14175 = AXIS2_PLACEMENT_3D('',#14176,#14177,#14178);
#14176 = CARTESIAN_POINT('',(86.999892,-103.99991,0.));
#14177 = DIRECTION('',(0.989949493661,-0.141421356237,0.));
#14178 = DIRECTION('',(-0.141421356237,-0.989949493661,0.));
#14179 = ADVANCED_FACE('',(#14180),#14191,.T.);
#14180 = FACE_BOUND('',#14181,.T.);
#14181 = EDGE_LOOP('',(#14182,#14188,#14189,#14190));
#14182 = ORIENTED_EDGE('',*,*,#14183,.T.);
#14183 = EDGE_CURVE('',#2262,#7192,#14184,.T.);
#14184 = LINE('',#14185,#14186);
#14185 = CARTESIAN_POINT('',(92.999892,-88.99991,0.));
#14186 = VECTOR('',#14187,1.);
#14187 = DIRECTION('',(0.,0.,1.));
#14188 = ORIENTED_EDGE('',*,*,#7191,.T.);
#14189 = ORIENTED_EDGE('',*,*,#14149,.F.);
#14190 = ORIENTED_EDGE('',*,*,#2261,.F.);
#14191 = PLANE('',#14192);
#14192 = AXIS2_PLACEMENT_3D('',#14193,#14194,#14195);
#14193 = CARTESIAN_POINT('',(92.999892,-88.99991,0.));
#14194 = DIRECTION('',(-1.,0.,0.));
#14195 = DIRECTION('',(0.,1.,0.));
#14196 = ADVANCED_FACE('',(#14197),#14208,.T.);
#14197 = FACE_BOUND('',#14198,.T.);
#14198 = EDGE_LOOP('',(#14199,#14200,#14201,#14207));
#14199 = ORIENTED_EDGE('',*,*,#14168,.T.);
#14200 = ORIENTED_EDGE('',*,*,#7239,.T.);
#14201 = ORIENTED_EDGE('',*,*,#14202,.F.);
#14202 = EDGE_CURVE('',#2302,#7232,#14203,.T.);
#14203 = LINE('',#14204,#14205);
#14204 = CARTESIAN_POINT('',(85.999892,-112.99991,0.));
#14205 = VECTOR('',#14206,1.);
#14206 = DIRECTION('',(0.,0.,1.));
#14207 = ORIENTED_EDGE('',*,*,#2309,.F.);
#14208 = PLANE('',#14209);
#14209 = AXIS2_PLACEMENT_3D('',#14210,#14211,#14212);
#14210 = CARTESIAN_POINT('',(85.999892,-110.99991,0.));
#14211 = DIRECTION('',(1.,0.,-0.));
#14212 = DIRECTION('',(0.,-1.,0.));
#14213 = ADVANCED_FACE('',(#14214),#14225,.T.);
#14214 = FACE_BOUND('',#14215,.T.);
#14215 = EDGE_LOOP('',(#14216,#14222,#14223,#14224));
#14216 = ORIENTED_EDGE('',*,*,#14217,.T.);
#14217 = EDGE_CURVE('',#2270,#7200,#14218,.T.);
#14218 = LINE('',#14219,#14220);
#14219 = CARTESIAN_POINT('',(91.999892,-96.99991,0.));
#14220 = VECTOR('',#14221,1.);
#14221 = DIRECTION('',(0.,0.,1.));
#14222 = ORIENTED_EDGE('',*,*,#7199,.T.);
#14223 = ORIENTED_EDGE('',*,*,#14183,.F.);
#14224 = ORIENTED_EDGE('',*,*,#2269,.F.);
#14225 = PLANE('',#14226);
#14226 = AXIS2_PLACEMENT_3D('',#14227,#14228,#14229);
#14227 = CARTESIAN_POINT('',(91.999892,-96.99991,0.));
#14228 = DIRECTION('',(-0.992277876714,0.124034734589,0.));
#14229 = DIRECTION('',(0.124034734589,0.992277876714,0.));
#14230 = ADVANCED_FACE('',(#14231),#14242,.T.);
#14231 = FACE_BOUND('',#14232,.T.);
#14232 = EDGE_LOOP('',(#14233,#14234,#14235,#14241));
#14233 = ORIENTED_EDGE('',*,*,#14202,.T.);
#14234 = ORIENTED_EDGE('',*,*,#7231,.T.);
#14235 = ORIENTED_EDGE('',*,*,#14236,.F.);
#14236 = EDGE_CURVE('',#2294,#7224,#14237,.T.);
#14237 = LINE('',#14238,#14239);
#14238 = CARTESIAN_POINT('',(92.999892,-112.99991,0.));
#14239 = VECTOR('',#14240,1.);
#14240 = DIRECTION('',(0.,0.,1.));
#14241 = ORIENTED_EDGE('',*,*,#2301,.F.);
#14242 = PLANE('',#14243);
#14243 = AXIS2_PLACEMENT_3D('',#14244,#14245,#14246);
#14244 = CARTESIAN_POINT('',(85.999892,-112.99991,0.));
#14245 = DIRECTION('',(0.,1.,0.));
#14246 = DIRECTION('',(1.,0.,0.));
#14247 = ADVANCED_FACE('',(#14248),#14259,.T.);
#14248 = FACE_BOUND('',#14249,.T.);
#14249 = EDGE_LOOP('',(#14250,#14256,#14257,#14258));
#14250 = ORIENTED_EDGE('',*,*,#14251,.T.);
#14251 = EDGE_CURVE('',#2278,#7208,#14252,.T.);
#14252 = LINE('',#14253,#14254);
#14253 = CARTESIAN_POINT('',(91.999892,-103.99991,0.));
#14254 = VECTOR('',#14255,1.);
#14255 = DIRECTION('',(0.,0.,1.));
#14256 = ORIENTED_EDGE('',*,*,#7207,.T.);
#14257 = ORIENTED_EDGE('',*,*,#14217,.F.);
#14258 = ORIENTED_EDGE('',*,*,#2277,.F.);
#14259 = PLANE('',#14260);
#14260 = AXIS2_PLACEMENT_3D('',#14261,#14262,#14263);
#14261 = CARTESIAN_POINT('',(91.999892,-103.99991,0.));
#14262 = DIRECTION('',(-1.,0.,0.));
#14263 = DIRECTION('',(0.,1.,0.));
#14264 = ADVANCED_FACE('',(#14265),#14276,.T.);
#14265 = FACE_BOUND('',#14266,.T.);
#14266 = EDGE_LOOP('',(#14267,#14268,#14269,#14275));
#14267 = ORIENTED_EDGE('',*,*,#14236,.T.);
#14268 = ORIENTED_EDGE('',*,*,#7223,.T.);
#14269 = ORIENTED_EDGE('',*,*,#14270,.F.);
#14270 = EDGE_CURVE('',#2286,#7216,#14271,.T.);
#14271 = LINE('',#14272,#14273);
#14272 = CARTESIAN_POINT('',(92.999892,-110.99991,0.));
#14273 = VECTOR('',#14274,1.);
#14274 = DIRECTION('',(0.,0.,1.));
#14275 = ORIENTED_EDGE('',*,*,#2293,.F.);
#14276 = PLANE('',#14277);
#14277 = AXIS2_PLACEMENT_3D('',#14278,#14279,#14280);
#14278 = CARTESIAN_POINT('',(92.999892,-112.99991,0.));
#14279 = DIRECTION('',(-1.,0.,0.));
#14280 = DIRECTION('',(0.,1.,0.));
#14281 = ADVANCED_FACE('',(#14282),#14288,.T.);
#14282 = FACE_BOUND('',#14283,.T.);
#14283 = EDGE_LOOP('',(#14284,#14285,#14286,#14287));
#14284 = ORIENTED_EDGE('',*,*,#14270,.T.);
#14285 = ORIENTED_EDGE('',*,*,#7215,.T.);
#14286 = ORIENTED_EDGE('',*,*,#14251,.F.);
#14287 = ORIENTED_EDGE('',*,*,#2285,.F.);
#14288 = PLANE('',#14289);
#14289 = AXIS2_PLACEMENT_3D('',#14290,#14291,#14292);
#14290 = CARTESIAN_POINT('',(92.999892,-110.99991,0.));
#14291 = DIRECTION('',(-0.989949493661,-0.141421356237,0.));
#14292 = DIRECTION('',(-0.141421356237,0.989949493661,0.));
#14293 = ADVANCED_FACE('',(#14294),#14310,.T.);
#14294 = FACE_BOUND('',#14295,.T.);
#14295 = EDGE_LOOP('',(#14296,#14302,#14303,#14309));
#14296 = ORIENTED_EDGE('',*,*,#14297,.T.);
#14297 = EDGE_CURVE('',#2334,#7264,#14298,.T.);
#14298 = LINE('',#14299,#14300);
#14299 = CARTESIAN_POINT('',(97.999892,-88.99991,0.));
#14300 = VECTOR('',#14301,1.);
#14301 = DIRECTION('',(0.,0.,1.));
#14302 = ORIENTED_EDGE('',*,*,#7263,.T.);
#14303 = ORIENTED_EDGE('',*,*,#14304,.F.);
#14304 = EDGE_CURVE('',#2336,#7266,#14305,.T.);
#14305 = LINE('',#14306,#14307);
#14306 = CARTESIAN_POINT('',(98.999892,-96.99991,0.));
#14307 = VECTOR('',#14308,1.);
#14308 = DIRECTION('',(0.,0.,1.));
#14309 = ORIENTED_EDGE('',*,*,#2333,.F.);
#14310 = PLANE('',#14311);
#14311 = AXIS2_PLACEMENT_3D('',#14312,#14313,#14314);
#14312 = CARTESIAN_POINT('',(97.999892,-88.99991,0.));
#14313 = DIRECTION('',(0.992277876714,0.124034734589,-0.));
#14314 = DIRECTION('',(0.124034734589,-0.992277876714,0.));
#14315 = ADVANCED_FACE('',(#14316),#14327,.T.);
#14316 = FACE_BOUND('',#14317,.T.);
#14317 = EDGE_LOOP('',(#14318,#14324,#14325,#14326));
#14318 = ORIENTED_EDGE('',*,*,#14319,.T.);
#14319 = EDGE_CURVE('',#2344,#7274,#14320,.T.);
#14320 = LINE('',#14321,#14322);
#14321 = CARTESIAN_POINT('',(97.999892,-87.99991,0.));
#14322 = VECTOR('',#14323,1.);
#14323 = DIRECTION('',(0.,0.,1.));
#14324 = ORIENTED_EDGE('',*,*,#7273,.T.);
#14325 = ORIENTED_EDGE('',*,*,#14297,.F.);
#14326 = ORIENTED_EDGE('',*,*,#2343,.F.);
#14327 = PLANE('',#14328);
#14328 = AXIS2_PLACEMENT_3D('',#14329,#14330,#14331);
#14329 = CARTESIAN_POINT('',(97.999892,-87.99991,0.));
#14330 = DIRECTION('',(1.,0.,-0.));
#14331 = DIRECTION('',(0.,-1.,0.));
#14332 = ADVANCED_FACE('',(#14333),#14344,.T.);
#14333 = FACE_BOUND('',#14334,.T.);
#14334 = EDGE_LOOP('',(#14335,#14336,#14337,#14343));
#14335 = ORIENTED_EDGE('',*,*,#14304,.T.);
#14336 = ORIENTED_EDGE('',*,*,#7353,.T.);
#14337 = ORIENTED_EDGE('',*,*,#14338,.F.);
#14338 = EDGE_CURVE('',#2416,#7346,#14339,.T.);
#14339 = LINE('',#14340,#14341);
#14340 = CARTESIAN_POINT('',(98.999892,-103.99991,0.));
#14341 = VECTOR('',#14342,1.);
#14342 = DIRECTION('',(0.,0.,1.));
#14343 = ORIENTED_EDGE('',*,*,#2423,.F.);
#14344 = PLANE('',#14345);
#14345 = AXIS2_PLACEMENT_3D('',#14346,#14347,#14348);
#14346 = CARTESIAN_POINT('',(98.999892,-96.99991,0.));
#14347 = DIRECTION('',(1.,0.,-0.));
#14348 = DIRECTION('',(0.,-1.,0.));
#14349 = ADVANCED_FACE('',(#14350),#14361,.T.);
#14350 = FACE_BOUND('',#14351,.T.);
#14351 = EDGE_LOOP('',(#14352,#14358,#14359,#14360));
#14352 = ORIENTED_EDGE('',*,*,#14353,.T.);
#14353 = EDGE_CURVE('',#2352,#7282,#14354,.T.);
#14354 = LINE('',#14355,#14356);
#14355 = CARTESIAN_POINT('',(104.999892,-87.99991,0.));
#14356 = VECTOR('',#14357,1.);
#14357 = DIRECTION('',(0.,0.,1.));
#14358 = ORIENTED_EDGE('',*,*,#7281,.T.);
#14359 = ORIENTED_EDGE('',*,*,#14319,.F.);
#14360 = ORIENTED_EDGE('',*,*,#2351,.F.);
#14361 = PLANE('',#14362);
#14362 = AXIS2_PLACEMENT_3D('',#14363,#14364,#14365);
#14363 = CARTESIAN_POINT('',(104.999892,-87.99991,0.));
#14364 = DIRECTION('',(0.,-1.,0.));
#14365 = DIRECTION('',(-1.,0.,0.));
#14366 = ADVANCED_FACE('',(#14367),#14378,.T.);
#14367 = FACE_BOUND('',#14368,.T.);
#14368 = EDGE_LOOP('',(#14369,#14370,#14371,#14377));
#14369 = ORIENTED_EDGE('',*,*,#14338,.T.);
#14370 = ORIENTED_EDGE('',*,*,#7345,.T.);
#14371 = ORIENTED_EDGE('',*,*,#14372,.F.);
#14372 = EDGE_CURVE('',#2408,#7338,#14373,.T.);
#14373 = LINE('',#14374,#14375);
#14374 = CARTESIAN_POINT('',(97.999892,-110.99991,0.));
#14375 = VECTOR('',#14376,1.);
#14376 = DIRECTION('',(0.,0.,1.));
#14377 = ORIENTED_EDGE('',*,*,#2415,.F.);
#14378 = PLANE('',#14379);
#14379 = AXIS2_PLACEMENT_3D('',#14380,#14381,#14382);
#14380 = CARTESIAN_POINT('',(98.999892,-103.99991,0.));
#14381 = DIRECTION('',(0.989949493661,-0.141421356237,0.));
#14382 = DIRECTION('',(-0.141421356237,-0.989949493661,0.));
#14383 = ADVANCED_FACE('',(#14384),#14395,.T.);
#14384 = FACE_BOUND('',#14385,.T.);
#14385 = EDGE_LOOP('',(#14386,#14392,#14393,#14394));
#14386 = ORIENTED_EDGE('',*,*,#14387,.T.);
#14387 = EDGE_CURVE('',#2360,#7290,#14388,.T.);
#14388 = LINE('',#14389,#14390);
#14389 = CARTESIAN_POINT('',(104.999892,-88.99991,0.));
#14390 = VECTOR('',#14391,1.);
#14391 = DIRECTION('',(0.,0.,1.));
#14392 = ORIENTED_EDGE('',*,*,#7289,.T.);
#14393 = ORIENTED_EDGE('',*,*,#14353,.F.);
#14394 = ORIENTED_EDGE('',*,*,#2359,.F.);
#14395 = PLANE('',#14396);
#14396 = AXIS2_PLACEMENT_3D('',#14397,#14398,#14399);
#14397 = CARTESIAN_POINT('',(104.999892,-88.99991,0.));
#14398 = DIRECTION('',(-1.,0.,0.));
#14399 = DIRECTION('',(0.,1.,0.));
#14400 = ADVANCED_FACE('',(#14401),#14412,.T.);
#14401 = FACE_BOUND('',#14402,.T.);
#14402 = EDGE_LOOP('',(#14403,#14404,#14405,#14411));
#14403 = ORIENTED_EDGE('',*,*,#14372,.T.);
#14404 = ORIENTED_EDGE('',*,*,#7337,.T.);
#14405 = ORIENTED_EDGE('',*,*,#14406,.F.);
#14406 = EDGE_CURVE('',#2400,#7330,#14407,.T.);
#14407 = LINE('',#14408,#14409);
#14408 = CARTESIAN_POINT('',(97.999892,-112.99991,0.));
#14409 = VECTOR('',#14410,1.);
#14410 = DIRECTION('',(0.,0.,1.));
#14411 = ORIENTED_EDGE('',*,*,#2407,.F.);
#14412 = PLANE('',#14413);
#14413 = AXIS2_PLACEMENT_3D('',#14414,#14415,#14416);
#14414 = CARTESIAN_POINT('',(97.999892,-110.99991,0.));
#14415 = DIRECTION('',(1.,0.,-0.));
#14416 = DIRECTION('',(0.,-1.,0.));
#14417 = ADVANCED_FACE('',(#14418),#14429,.T.);
#14418 = FACE_BOUND('',#14419,.T.);
#14419 = EDGE_LOOP('',(#14420,#14426,#14427,#14428));
#14420 = ORIENTED_EDGE('',*,*,#14421,.T.);
#14421 = EDGE_CURVE('',#2368,#7298,#14422,.T.);
#14422 = LINE('',#14423,#14424);
#14423 = CARTESIAN_POINT('',(103.999892,-96.99991,0.));
#14424 = VECTOR('',#14425,1.);
#14425 = DIRECTION('',(0.,0.,1.));
#14426 = ORIENTED_EDGE('',*,*,#7297,.T.);
#14427 = ORIENTED_EDGE('',*,*,#14387,.F.);
#14428 = ORIENTED_EDGE('',*,*,#2367,.F.);
#14429 = PLANE('',#14430);
#14430 = AXIS2_PLACEMENT_3D('',#14431,#14432,#14433);
#14431 = CARTESIAN_POINT('',(103.999892,-96.99991,0.));
#14432 = DIRECTION('',(-0.992277876714,0.124034734589,0.));
#14433 = DIRECTION('',(0.124034734589,0.992277876714,0.));
#14434 = ADVANCED_FACE('',(#14435),#14446,.T.);
#14435 = FACE_BOUND('',#14436,.T.);
#14436 = EDGE_LOOP('',(#14437,#14438,#14439,#14445));
#14437 = ORIENTED_EDGE('',*,*,#14406,.T.);
#14438 = ORIENTED_EDGE('',*,*,#7329,.T.);
#14439 = ORIENTED_EDGE('',*,*,#14440,.F.);
#14440 = EDGE_CURVE('',#2392,#7322,#14441,.T.);
#14441 = LINE('',#14442,#14443);
#14442 = CARTESIAN_POINT('',(104.999892,-112.99991,0.));
#14443 = VECTOR('',#14444,1.);
#14444 = DIRECTION('',(0.,0.,1.));
#14445 = ORIENTED_EDGE('',*,*,#2399,.F.);
#14446 = PLANE('',#14447);
#14447 = AXIS2_PLACEMENT_3D('',#14448,#14449,#14450);
#14448 = CARTESIAN_POINT('',(97.999892,-112.99991,0.));
#14449 = DIRECTION('',(0.,1.,0.));
#14450 = DIRECTION('',(1.,0.,0.));
#14451 = ADVANCED_FACE('',(#14452),#14463,.T.);
#14452 = FACE_BOUND('',#14453,.T.);
#14453 = EDGE_LOOP('',(#14454,#14460,#14461,#14462));
#14454 = ORIENTED_EDGE('',*,*,#14455,.T.);
#14455 = EDGE_CURVE('',#2376,#7306,#14456,.T.);
#14456 = LINE('',#14457,#14458);
#14457 = CARTESIAN_POINT('',(103.999892,-103.99991,0.));
#14458 = VECTOR('',#14459,1.);
#14459 = DIRECTION('',(0.,0.,1.));
#14460 = ORIENTED_EDGE('',*,*,#7305,.T.);
#14461 = ORIENTED_EDGE('',*,*,#14421,.F.);
#14462 = ORIENTED_EDGE('',*,*,#2375,.F.);
#14463 = PLANE('',#14464);
#14464 = AXIS2_PLACEMENT_3D('',#14465,#14466,#14467);
#14465 = CARTESIAN_POINT('',(103.999892,-103.99991,0.));
#14466 = DIRECTION('',(-1.,0.,0.));
#14467 = DIRECTION('',(0.,1.,0.));
#14468 = ADVANCED_FACE('',(#14469),#14480,.T.);
#14469 = FACE_BOUND('',#14470,.T.);
#14470 = EDGE_LOOP('',(#14471,#14472,#14473,#14479));
#14471 = ORIENTED_EDGE('',*,*,#14440,.T.);
#14472 = ORIENTED_EDGE('',*,*,#7321,.T.);
#14473 = ORIENTED_EDGE('',*,*,#14474,.F.);
#14474 = EDGE_CURVE('',#2384,#7314,#14475,.T.);
#14475 = LINE('',#14476,#14477);
#14476 = CARTESIAN_POINT('',(104.999892,-110.99991,0.));
#14477 = VECTOR('',#14478,1.);
#14478 = DIRECTION('',(0.,0.,1.));
#14479 = ORIENTED_EDGE('',*,*,#2391,.F.);
#14480 = PLANE('',#14481);
#14481 = AXIS2_PLACEMENT_3D('',#14482,#14483,#14484);
#14482 = CARTESIAN_POINT('',(104.999892,-112.99991,0.));
#14483 = DIRECTION('',(-1.,0.,0.));
#14484 = DIRECTION('',(0.,1.,0.));
#14485 = ADVANCED_FACE('',(#14486),#14492,.T.);
#14486 = FACE_BOUND('',#14487,.T.);
#14487 = EDGE_LOOP('',(#14488,#14489,#14490,#14491));
#14488 = ORIENTED_EDGE('',*,*,#14474,.T.);
#14489 = ORIENTED_EDGE('',*,*,#7313,.T.);
#14490 = ORIENTED_EDGE('',*,*,#14455,.F.);
#14491 = ORIENTED_EDGE('',*,*,#2383,.F.);
#14492 = PLANE('',#14493);
#14493 = AXIS2_PLACEMENT_3D('',#14494,#14495,#14496);
#14494 = CARTESIAN_POINT('',(104.999892,-110.99991,0.));
#14495 = DIRECTION('',(-0.989949493661,-0.141421356237,0.));
#14496 = DIRECTION('',(-0.141421356237,0.989949493661,0.));
#14497 = ADVANCED_FACE('',(#14498),#14509,.F.);
#14498 = FACE_BOUND('',#14499,.T.);
#14499 = EDGE_LOOP('',(#14500,#14501,#14507,#14508));
#14500 = ORIENTED_EDGE('',*,*,#2431,.T.);
#14501 = ORIENTED_EDGE('',*,*,#14502,.T.);
#14502 = EDGE_CURVE('',#2432,#7362,#14503,.T.);
#14503 = LINE('',#14504,#14505);
#14504 = CARTESIAN_POINT('',(71.499892,-87.59991,-4.6E-02));
#14505 = VECTOR('',#14506,1.);
#14506 = DIRECTION('',(0.,0.,1.));
#14507 = ORIENTED_EDGE('',*,*,#7361,.F.);
#14508 = ORIENTED_EDGE('',*,*,#14502,.F.);
#14509 = CYLINDRICAL_SURFACE('',#14510,0.6);
#14510 = AXIS2_PLACEMENT_3D('',#14511,#14512,#14513);
#14511 = CARTESIAN_POINT('',(71.499892,-86.99991,-4.6E-02));
#14512 = DIRECTION('',(-0.,0.,-1.));
#14513 = DIRECTION('',(2.368475785867E-14,-1.,-0.));
#14514 = ADVANCED_FACE('',(#14515),#14531,.F.);
#14515 = FACE_BOUND('',#14516,.T.);
#14516 = EDGE_LOOP('',(#14517,#14523,#14524,#14530));
#14517 = ORIENTED_EDGE('',*,*,#14518,.T.);
#14518 = EDGE_CURVE('',#2443,#7373,#14519,.T.);
#14519 = LINE('',#14520,#14521);
#14520 = CARTESIAN_POINT('',(63.999892,-72.99991,0.));
#14521 = VECTOR('',#14522,1.);
#14522 = DIRECTION('',(0.,0.,1.));
#14523 = ORIENTED_EDGE('',*,*,#7372,.T.);
#14524 = ORIENTED_EDGE('',*,*,#14525,.F.);
#14525 = EDGE_CURVE('',#2445,#7375,#14526,.T.);
#14526 = LINE('',#14527,#14528);
#14527 = CARTESIAN_POINT('',(61.999892,-74.99991,0.));
#14528 = VECTOR('',#14529,1.);
#14529 = DIRECTION('',(0.,0.,1.));
#14530 = ORIENTED_EDGE('',*,*,#2442,.F.);
#14531 = CYLINDRICAL_SURFACE('',#14532,1.99999850585);
#14532 = AXIS2_PLACEMENT_3D('',#14533,#14534,#14535);
#14533 = CARTESIAN_POINT('',(63.99989050585,-74.99990850585,0.));
#14534 = DIRECTION('',(-0.,-0.,-1.));
#14535 = DIRECTION('',(7.470757420593E-07,1.,-0.));
#14536 = ADVANCED_FACE('',(#14537),#14548,.T.);
#14537 = FACE_BOUND('',#14538,.T.);
#14538 = EDGE_LOOP('',(#14539,#14545,#14546,#14547));
#14539 = ORIENTED_EDGE('',*,*,#14540,.T.);
#14540 = EDGE_CURVE('',#2454,#7384,#14541,.T.);
#14541 = LINE('',#14542,#14543);
#14542 = CARTESIAN_POINT('',(66.999892,-72.99991,0.));
#14543 = VECTOR('',#14544,1.);
#14544 = DIRECTION('',(0.,0.,1.));
#14545 = ORIENTED_EDGE('',*,*,#7383,.T.);
#14546 = ORIENTED_EDGE('',*,*,#14518,.F.);
#14547 = ORIENTED_EDGE('',*,*,#2453,.F.);
#14548 = PLANE('',#14549);
#14549 = AXIS2_PLACEMENT_3D('',#14550,#14551,#14552);
#14550 = CARTESIAN_POINT('',(66.999892,-72.99991,0.));
#14551 = DIRECTION('',(0.,-1.,0.));
#14552 = DIRECTION('',(-1.,0.,0.));
#14553 = ADVANCED_FACE('',(#14554),#14565,.T.);
#14554 = FACE_BOUND('',#14555,.T.);
#14555 = EDGE_LOOP('',(#14556,#14557,#14558,#14564));
#14556 = ORIENTED_EDGE('',*,*,#14525,.T.);
#14557 = ORIENTED_EDGE('',*,*,#7424,.T.);
#14558 = ORIENTED_EDGE('',*,*,#14559,.F.);
#14559 = EDGE_CURVE('',#2487,#7417,#14560,.T.);
#14560 = LINE('',#14561,#14562);
#14561 = CARTESIAN_POINT('',(61.999892,-84.99991,0.));
#14562 = VECTOR('',#14563,1.);
#14563 = DIRECTION('',(0.,0.,1.));
#14564 = ORIENTED_EDGE('',*,*,#2494,.F.);
#14565 = PLANE('',#14566);
#14566 = AXIS2_PLACEMENT_3D('',#14567,#14568,#14569);
#14567 = CARTESIAN_POINT('',(61.999892,-74.99991,0.));
#14568 = DIRECTION('',(1.,0.,-0.));
#14569 = DIRECTION('',(0.,-1.,0.));
#14570 = ADVANCED_FACE('',(#14571),#14582,.F.);
#14571 = FACE_BOUND('',#14572,.T.);
#14572 = EDGE_LOOP('',(#14573,#14579,#14580,#14581));
#14573 = ORIENTED_EDGE('',*,*,#14574,.T.);
#14574 = EDGE_CURVE('',#2462,#7392,#14575,.T.);
#14575 = LINE('',#14576,#14577);
#14576 = CARTESIAN_POINT('',(68.999892,-74.99991,0.));
#14577 = VECTOR('',#14578,1.);
#14578 = DIRECTION('',(0.,0.,1.));
#14579 = ORIENTED_EDGE('',*,*,#7391,.T.);
#14580 = ORIENTED_EDGE('',*,*,#14540,.F.);
#14581 = ORIENTED_EDGE('',*,*,#2461,.F.);
#14582 = CYLINDRICAL_SURFACE('',#14583,1.99999850585);
#14583 = AXIS2_PLACEMENT_3D('',#14584,#14585,#14586);
#14584 = CARTESIAN_POINT('',(66.99989349415,-74.99990850585,0.));
#14585 = DIRECTION('',(-0.,-0.,-1.));
#14586 = DIRECTION('',(1.,-7.470757491648E-07,0.));
#14587 = ADVANCED_FACE('',(#14588),#14599,.T.);
#14588 = FACE_BOUND('',#14589,.T.);
#14589 = EDGE_LOOP('',(#14590,#14591,#14592,#14598));
#14590 = ORIENTED_EDGE('',*,*,#14559,.T.);
#14591 = ORIENTED_EDGE('',*,*,#7416,.T.);
#14592 = ORIENTED_EDGE('',*,*,#14593,.F.);
#14593 = EDGE_CURVE('',#2479,#7409,#14594,.T.);
#14594 = LINE('',#14595,#14596);
#14595 = CARTESIAN_POINT('',(61.999892,-85.99991,0.));
#14596 = VECTOR('',#14597,1.);
#14597 = DIRECTION('',(0.,0.,1.));
#14598 = ORIENTED_EDGE('',*,*,#2486,.F.);
#14599 = PLANE('',#14600);
#14600 = AXIS2_PLACEMENT_3D('',#14601,#14602,#14603);
#14601 = CARTESIAN_POINT('',(61.999892,-84.99991,0.));
#14602 = DIRECTION('',(1.,0.,-0.));
#14603 = DIRECTION('',(0.,-1.,0.));
#14604 = ADVANCED_FACE('',(#14605),#14616,.T.);
#14605 = FACE_BOUND('',#14606,.T.);
#14606 = EDGE_LOOP('',(#14607,#14613,#14614,#14615));
#14607 = ORIENTED_EDGE('',*,*,#14608,.T.);
#14608 = EDGE_CURVE('',#2471,#7401,#14609,.T.);
#14609 = LINE('',#14610,#14611);
#14610 = CARTESIAN_POINT('',(68.999892,-85.99991,0.));
#14611 = VECTOR('',#14612,1.);
#14612 = DIRECTION('',(0.,0.,1.));
#14613 = ORIENTED_EDGE('',*,*,#7400,.T.);
#14614 = ORIENTED_EDGE('',*,*,#14574,.F.);
#14615 = ORIENTED_EDGE('',*,*,#2470,.F.);
#14616 = PLANE('',#14617);
#14617 = AXIS2_PLACEMENT_3D('',#14618,#14619,#14620);
#14618 = CARTESIAN_POINT('',(68.999892,-85.99991,0.));
#14619 = DIRECTION('',(-1.,0.,0.));
#14620 = DIRECTION('',(0.,1.,0.));
#14621 = ADVANCED_FACE('',(#14622),#14628,.T.);
#14622 = FACE_BOUND('',#14623,.T.);
#14623 = EDGE_LOOP('',(#14624,#14625,#14626,#14627));
#14624 = ORIENTED_EDGE('',*,*,#14593,.T.);
#14625 = ORIENTED_EDGE('',*,*,#7408,.T.);
#14626 = ORIENTED_EDGE('',*,*,#14608,.F.);
#14627 = ORIENTED_EDGE('',*,*,#2478,.F.);
#14628 = PLANE('',#14629);
#14629 = AXIS2_PLACEMENT_3D('',#14630,#14631,#14632);
#14630 = CARTESIAN_POINT('',(61.999892,-85.99991,0.));
#14631 = DIRECTION('',(0.,1.,0.));
#14632 = DIRECTION('',(1.,0.,0.));
#14633 = ADVANCED_FACE('',(#14634),#14645,.F.);
#14634 = FACE_BOUND('',#14635,.T.);
#14635 = EDGE_LOOP('',(#14636,#14642,#14643,#14644));
#14636 = ORIENTED_EDGE('',*,*,#14637,.T.);
#14637 = EDGE_CURVE('',#2503,#7433,#14638,.T.);
#14638 = LINE('',#14639,#14640);
#14639 = CARTESIAN_POINT('',(71.999892,-83.99991,0.));
#14640 = VECTOR('',#14641,1.);
#14641 = DIRECTION('',(0.,0.,1.));
#14642 = ORIENTED_EDGE('',*,*,#7432,.T.);
#14643 = ORIENTED_EDGE('',*,*,#14637,.F.);
#14644 = ORIENTED_EDGE('',*,*,#2502,.F.);
#14645 = CYLINDRICAL_SURFACE('',#14646,0.5);
#14646 = AXIS2_PLACEMENT_3D('',#14647,#14648,#14649);
#14647 = CARTESIAN_POINT('',(71.499892,-83.99991,0.));
#14648 = DIRECTION('',(-0.,-0.,-1.));
#14649 = DIRECTION('',(1.,0.,-0.));
#14650 = ADVANCED_FACE('',(#14651),#14662,.F.);
#14651 = FACE_BOUND('',#14652,.T.);
#14652 = EDGE_LOOP('',(#14653,#14659,#14660,#14661));
#14653 = ORIENTED_EDGE('',*,*,#14654,.T.);
#14654 = EDGE_CURVE('',#2514,#7444,#14655,.T.);
#14655 = LINE('',#14656,#14657);
#14656 = CARTESIAN_POINT('',(71.999892,-80.99991,0.));
#14657 = VECTOR('',#14658,1.);
#14658 = DIRECTION('',(0.,0.,1.));
#14659 = ORIENTED_EDGE('',*,*,#7443,.T.);
#14660 = ORIENTED_EDGE('',*,*,#14654,.F.);
#14661 = ORIENTED_EDGE('',*,*,#2513,.F.);
#14662 = CYLINDRICAL_SURFACE('',#14663,0.5);
#14663 = AXIS2_PLACEMENT_3D('',#14664,#14665,#14666);
#14664 = CARTESIAN_POINT('',(71.499892,-80.99991,0.));
#14665 = DIRECTION('',(-0.,-0.,-1.));
#14666 = DIRECTION('',(1.,0.,-0.));
#14667 = ADVANCED_FACE('',(#14668),#14679,.F.);
#14668 = FACE_BOUND('',#14669,.T.);
#14669 = EDGE_LOOP('',(#14670,#14671,#14677,#14678));
#14670 = ORIENTED_EDGE('',*,*,#2524,.T.);
#14671 = ORIENTED_EDGE('',*,*,#14672,.T.);
#14672 = EDGE_CURVE('',#2525,#7455,#14673,.T.);
#14673 = LINE('',#14674,#14675);
#14674 = CARTESIAN_POINT('',(83.499892,-87.59991,-4.6E-02));
#14675 = VECTOR('',#14676,1.);
#14676 = DIRECTION('',(0.,0.,1.));
#14677 = ORIENTED_EDGE('',*,*,#7454,.F.);
#14678 = ORIENTED_EDGE('',*,*,#14672,.F.);
#14679 = CYLINDRICAL_SURFACE('',#14680,0.6);
#14680 = AXIS2_PLACEMENT_3D('',#14681,#14682,#14683);
#14681 = CARTESIAN_POINT('',(83.499892,-86.99991,-4.6E-02));
#14682 = DIRECTION('',(-0.,0.,-1.));
#14683 = DIRECTION('',(2.368475785867E-14,-1.,-0.));
#14684 = ADVANCED_FACE('',(#14685),#14701,.F.);
#14685 = FACE_BOUND('',#14686,.T.);
#14686 = EDGE_LOOP('',(#14687,#14693,#14694,#14700));
#14687 = ORIENTED_EDGE('',*,*,#14688,.T.);
#14688 = EDGE_CURVE('',#2536,#7466,#14689,.T.);
#14689 = LINE('',#14690,#14691);
#14690 = CARTESIAN_POINT('',(75.999892,-72.99991,0.));
#14691 = VECTOR('',#14692,1.);
#14692 = DIRECTION('',(0.,0.,1.));
#14693 = ORIENTED_EDGE('',*,*,#7465,.T.);
#14694 = ORIENTED_EDGE('',*,*,#14695,.F.);
#14695 = EDGE_CURVE('',#2538,#7468,#14696,.T.);
#14696 = LINE('',#14697,#14698);
#14697 = CARTESIAN_POINT('',(73.999892,-74.99991,0.));
#14698 = VECTOR('',#14699,1.);
#14699 = DIRECTION('',(0.,0.,1.));
#14700 = ORIENTED_EDGE('',*,*,#2535,.F.);
#14701 = CYLINDRICAL_SURFACE('',#14702,1.99999850585);
#14702 = AXIS2_PLACEMENT_3D('',#14703,#14704,#14705);
#14703 = CARTESIAN_POINT('',(75.99989050585,-74.99990850585,0.));
#14704 = DIRECTION('',(-0.,-0.,-1.));
#14705 = DIRECTION('',(7.470757420593E-07,1.,-0.));
#14706 = ADVANCED_FACE('',(#14707),#14718,.T.);
#14707 = FACE_BOUND('',#14708,.T.);
#14708 = EDGE_LOOP('',(#14709,#14715,#14716,#14717));
#14709 = ORIENTED_EDGE('',*,*,#14710,.T.);
#14710 = EDGE_CURVE('',#2547,#7477,#14711,.T.);
#14711 = LINE('',#14712,#14713);
#14712 = CARTESIAN_POINT('',(78.999892,-72.99991,0.));
#14713 = VECTOR('',#14714,1.);
#14714 = DIRECTION('',(0.,0.,1.));
#14715 = ORIENTED_EDGE('',*,*,#7476,.T.);
#14716 = ORIENTED_EDGE('',*,*,#14688,.F.);
#14717 = ORIENTED_EDGE('',*,*,#2546,.F.);
#14718 = PLANE('',#14719);
#14719 = AXIS2_PLACEMENT_3D('',#14720,#14721,#14722);
#14720 = CARTESIAN_POINT('',(78.999892,-72.99991,0.));
#14721 = DIRECTION('',(0.,-1.,0.));
#14722 = DIRECTION('',(-1.,0.,0.));
#14723 = ADVANCED_FACE('',(#14724),#14735,.T.);
#14724 = FACE_BOUND('',#14725,.T.);
#14725 = EDGE_LOOP('',(#14726,#14727,#14728,#14734));
#14726 = ORIENTED_EDGE('',*,*,#14695,.T.);
#14727 = ORIENTED_EDGE('',*,*,#7517,.T.);
#14728 = ORIENTED_EDGE('',*,*,#14729,.F.);
#14729 = EDGE_CURVE('',#2580,#7510,#14730,.T.);
#14730 = LINE('',#14731,#14732);
#14731 = CARTESIAN_POINT('',(73.999892,-84.99991,0.));
#14732 = VECTOR('',#14733,1.);
#14733 = DIRECTION('',(0.,0.,1.));
#14734 = ORIENTED_EDGE('',*,*,#2587,.F.);
#14735 = PLANE('',#14736);
#14736 = AXIS2_PLACEMENT_3D('',#14737,#14738,#14739);
#14737 = CARTESIAN_POINT('',(73.999892,-74.99991,0.));
#14738 = DIRECTION('',(1.,0.,-0.));
#14739 = DIRECTION('',(0.,-1.,0.));
#14740 = ADVANCED_FACE('',(#14741),#14752,.F.);
#14741 = FACE_BOUND('',#14742,.T.);
#14742 = EDGE_LOOP('',(#14743,#14749,#14750,#14751));
#14743 = ORIENTED_EDGE('',*,*,#14744,.T.);
#14744 = EDGE_CURVE('',#2555,#7485,#14745,.T.);
#14745 = LINE('',#14746,#14747);
#14746 = CARTESIAN_POINT('',(80.999892,-74.99991,0.));
#14747 = VECTOR('',#14748,1.);
#14748 = DIRECTION('',(0.,0.,1.));
#14749 = ORIENTED_EDGE('',*,*,#7484,.T.);
#14750 = ORIENTED_EDGE('',*,*,#14710,.F.);
#14751 = ORIENTED_EDGE('',*,*,#2554,.F.);
#14752 = CYLINDRICAL_SURFACE('',#14753,1.99999850585);
#14753 = AXIS2_PLACEMENT_3D('',#14754,#14755,#14756);
#14754 = CARTESIAN_POINT('',(78.99989349415,-74.99990850585,0.));
#14755 = DIRECTION('',(-0.,-0.,-1.));
#14756 = DIRECTION('',(1.,-7.470757491648E-07,0.));
#14757 = ADVANCED_FACE('',(#14758),#14769,.T.);
#14758 = FACE_BOUND('',#14759,.T.);
#14759 = EDGE_LOOP('',(#14760,#14761,#14762,#14768));
#14760 = ORIENTED_EDGE('',*,*,#14729,.T.);
#14761 = ORIENTED_EDGE('',*,*,#7509,.T.);
#14762 = ORIENTED_EDGE('',*,*,#14763,.F.);
#14763 = EDGE_CURVE('',#2572,#7502,#14764,.T.);
#14764 = LINE('',#14765,#14766);
#14765 = CARTESIAN_POINT('',(73.999892,-85.99991,0.));
#14766 = VECTOR('',#14767,1.);
#14767 = DIRECTION('',(0.,0.,1.));
#14768 = ORIENTED_EDGE('',*,*,#2579,.F.);
#14769 = PLANE('',#14770);
#14770 = AXIS2_PLACEMENT_3D('',#14771,#14772,#14773);
#14771 = CARTESIAN_POINT('',(73.999892,-84.99991,0.));
#14772 = DIRECTION('',(1.,0.,-0.));
#14773 = DIRECTION('',(0.,-1.,0.));
#14774 = ADVANCED_FACE('',(#14775),#14786,.T.);
#14775 = FACE_BOUND('',#14776,.T.);
#14776 = EDGE_LOOP('',(#14777,#14783,#14784,#14785));
#14777 = ORIENTED_EDGE('',*,*,#14778,.T.);
#14778 = EDGE_CURVE('',#2564,#7494,#14779,.T.);
#14779 = LINE('',#14780,#14781);
#14780 = CARTESIAN_POINT('',(80.999892,-85.99991,0.));
#14781 = VECTOR('',#14782,1.);
#14782 = DIRECTION('',(0.,0.,1.));
#14783 = ORIENTED_EDGE('',*,*,#7493,.T.);
#14784 = ORIENTED_EDGE('',*,*,#14744,.F.);
#14785 = ORIENTED_EDGE('',*,*,#2563,.F.);
#14786 = PLANE('',#14787);
#14787 = AXIS2_PLACEMENT_3D('',#14788,#14789,#14790);
#14788 = CARTESIAN_POINT('',(80.999892,-85.99991,0.));
#14789 = DIRECTION('',(-1.,0.,0.));
#14790 = DIRECTION('',(0.,1.,0.));
#14791 = ADVANCED_FACE('',(#14792),#14798,.T.);
#14792 = FACE_BOUND('',#14793,.T.);
#14793 = EDGE_LOOP('',(#14794,#14795,#14796,#14797));
#14794 = ORIENTED_EDGE('',*,*,#14763,.T.);
#14795 = ORIENTED_EDGE('',*,*,#7501,.T.);
#14796 = ORIENTED_EDGE('',*,*,#14778,.F.);
#14797 = ORIENTED_EDGE('',*,*,#2571,.F.);
#14798 = PLANE('',#14799);
#14799 = AXIS2_PLACEMENT_3D('',#14800,#14801,#14802);
#14800 = CARTESIAN_POINT('',(73.999892,-85.99991,0.));
#14801 = DIRECTION('',(0.,1.,0.));
#14802 = DIRECTION('',(1.,0.,0.));
#14803 = ADVANCED_FACE('',(#14804),#14815,.F.);
#14804 = FACE_BOUND('',#14805,.T.);
#14805 = EDGE_LOOP('',(#14806,#14812,#14813,#14814));
#14806 = ORIENTED_EDGE('',*,*,#14807,.T.);
#14807 = EDGE_CURVE('',#2596,#7526,#14808,.T.);
#14808 = LINE('',#14809,#14810);
#14809 = CARTESIAN_POINT('',(83.999892,-83.99991,0.));
#14810 = VECTOR('',#14811,1.);
#14811 = DIRECTION('',(0.,0.,1.));
#14812 = ORIENTED_EDGE('',*,*,#7525,.T.);
#14813 = ORIENTED_EDGE('',*,*,#14807,.F.);
#14814 = ORIENTED_EDGE('',*,*,#2595,.F.);
#14815 = CYLINDRICAL_SURFACE('',#14816,0.5);
#14816 = AXIS2_PLACEMENT_3D('',#14817,#14818,#14819);
#14817 = CARTESIAN_POINT('',(83.499892,-83.99991,0.));
#14818 = DIRECTION('',(-0.,-0.,-1.));
#14819 = DIRECTION('',(1.,0.,-0.));
#14820 = ADVANCED_FACE('',(#14821),#14832,.F.);
#14821 = FACE_BOUND('',#14822,.T.);
#14822 = EDGE_LOOP('',(#14823,#14829,#14830,#14831));
#14823 = ORIENTED_EDGE('',*,*,#14824,.T.);
#14824 = EDGE_CURVE('',#2607,#7537,#14825,.T.);
#14825 = LINE('',#14826,#14827);
#14826 = CARTESIAN_POINT('',(83.999892,-80.99991,0.));
#14827 = VECTOR('',#14828,1.);
#14828 = DIRECTION('',(0.,0.,1.));
#14829 = ORIENTED_EDGE('',*,*,#7536,.T.);
#14830 = ORIENTED_EDGE('',*,*,#14824,.F.);
#14831 = ORIENTED_EDGE('',*,*,#2606,.F.);
#14832 = CYLINDRICAL_SURFACE('',#14833,0.5);
#14833 = AXIS2_PLACEMENT_3D('',#14834,#14835,#14836);
#14834 = CARTESIAN_POINT('',(83.499892,-80.99991,0.));
#14835 = DIRECTION('',(-0.,-0.,-1.));
#14836 = DIRECTION('',(1.,0.,-0.));
#14837 = ADVANCED_FACE('',(#14838),#14849,.F.);
#14838 = FACE_BOUND('',#14839,.T.);
#14839 = EDGE_LOOP('',(#14840,#14846,#14847,#14848));
#14840 = ORIENTED_EDGE('',*,*,#14841,.T.);
#14841 = EDGE_CURVE('',#2618,#7548,#14842,.T.);
#14842 = LINE('',#14843,#14844);
#14843 = CARTESIAN_POINT('',(71.999892,-77.99991,0.));
#14844 = VECTOR('',#14845,1.);
#14845 = DIRECTION('',(0.,0.,1.));
#14846 = ORIENTED_EDGE('',*,*,#7547,.T.);
#14847 = ORIENTED_EDGE('',*,*,#14841,.F.);
#14848 = ORIENTED_EDGE('',*,*,#2617,.F.);
#14849 = CYLINDRICAL_SURFACE('',#14850,0.5);
#14850 = AXIS2_PLACEMENT_3D('',#14851,#14852,#14853);
#14851 = CARTESIAN_POINT('',(71.499892,-77.99991,0.));
#14852 = DIRECTION('',(-0.,-0.,-1.));
#14853 = DIRECTION('',(1.,0.,-0.));
#14854 = ADVANCED_FACE('',(#14855),#14866,.F.);
#14855 = FACE_BOUND('',#14856,.T.);
#14856 = EDGE_LOOP('',(#14857,#14863,#14864,#14865));
#14857 = ORIENTED_EDGE('',*,*,#14858,.T.);
#14858 = EDGE_CURVE('',#2629,#7559,#14859,.T.);
#14859 = LINE('',#14860,#14861);
#14860 = CARTESIAN_POINT('',(71.999892,-74.99991,0.));
#14861 = VECTOR('',#14862,1.);
#14862 = DIRECTION('',(0.,0.,1.));
#14863 = ORIENTED_EDGE('',*,*,#7558,.T.);
#14864 = ORIENTED_EDGE('',*,*,#14858,.F.);
#14865 = ORIENTED_EDGE('',*,*,#2628,.F.);
#14866 = CYLINDRICAL_SURFACE('',#14867,0.5);
#14867 = AXIS2_PLACEMENT_3D('',#14868,#14869,#14870);
#14868 = CARTESIAN_POINT('',(71.499892,-74.99991,0.));
#14869 = DIRECTION('',(-0.,-0.,-1.));
#14870 = DIRECTION('',(1.,0.,-0.));
#14871 = ADVANCED_FACE('',(#14872),#14883,.F.);
#14872 = FACE_BOUND('',#14873,.T.);
#14873 = EDGE_LOOP('',(#14874,#14880,#14881,#14882));
#14874 = ORIENTED_EDGE('',*,*,#14875,.T.);
#14875 = EDGE_CURVE('',#2640,#7570,#14876,.T.);
#14876 = LINE('',#14877,#14878);
#14877 = CARTESIAN_POINT('',(83.999892,-77.99991,0.));
#14878 = VECTOR('',#14879,1.);
#14879 = DIRECTION('',(0.,0.,1.));
#14880 = ORIENTED_EDGE('',*,*,#7569,.T.);
#14881 = ORIENTED_EDGE('',*,*,#14875,.F.);
#14882 = ORIENTED_EDGE('',*,*,#2639,.F.);
#14883 = CYLINDRICAL_SURFACE('',#14884,0.5);
#14884 = AXIS2_PLACEMENT_3D('',#14885,#14886,#14887);
#14885 = CARTESIAN_POINT('',(83.499892,-77.99991,0.));
#14886 = DIRECTION('',(-0.,-0.,-1.));
#14887 = DIRECTION('',(1.,0.,-0.));
#14888 = ADVANCED_FACE('',(#14889),#14900,.F.);
#14889 = FACE_BOUND('',#14890,.T.);
#14890 = EDGE_LOOP('',(#14891,#14897,#14898,#14899));
#14891 = ORIENTED_EDGE('',*,*,#14892,.T.);
#14892 = EDGE_CURVE('',#2651,#7581,#14893,.T.);
#14893 = LINE('',#14894,#14895);
#14894 = CARTESIAN_POINT('',(83.999892,-74.99991,0.));
#14895 = VECTOR('',#14896,1.);
#14896 = DIRECTION('',(0.,0.,1.));
#14897 = ORIENTED_EDGE('',*,*,#7580,.T.);
#14898 = ORIENTED_EDGE('',*,*,#14892,.F.);
#14899 = ORIENTED_EDGE('',*,*,#2650,.F.);
#14900 = CYLINDRICAL_SURFACE('',#14901,0.5);
#14901 = AXIS2_PLACEMENT_3D('',#14902,#14903,#14904);
#14902 = CARTESIAN_POINT('',(83.499892,-74.99991,0.));
#14903 = DIRECTION('',(-0.,-0.,-1.));
#14904 = DIRECTION('',(1.,0.,-0.));
#14905 = ADVANCED_FACE('',(#14906),#14922,.F.);
#14906 = FACE_BOUND('',#14907,.T.);
#14907 = EDGE_LOOP('',(#14908,#14914,#14915,#14921));
#14908 = ORIENTED_EDGE('',*,*,#14909,.T.);
#14909 = EDGE_CURVE('',#2662,#7592,#14910,.T.);
#14910 = LINE('',#14911,#14912);
#14911 = CARTESIAN_POINT('',(77.999892,-62.99991,0.));
#14912 = VECTOR('',#14913,1.);
#14913 = DIRECTION('',(0.,0.,1.));
#14914 = ORIENTED_EDGE('',*,*,#7591,.T.);
#14915 = ORIENTED_EDGE('',*,*,#14916,.F.);
#14916 = EDGE_CURVE('',#2664,#7594,#14917,.T.);
#14917 = LINE('',#14918,#14919);
#14918 = CARTESIAN_POINT('',(75.999892,-64.99991,0.));
#14919 = VECTOR('',#14920,1.);
#14920 = DIRECTION('',(0.,0.,1.));
#14921 = ORIENTED_EDGE('',*,*,#2661,.F.);
#14922 = CYLINDRICAL_SURFACE('',#14923,1.99999850585);
#14923 = AXIS2_PLACEMENT_3D('',#14924,#14925,#14926);
#14924 = CARTESIAN_POINT('',(77.99989050585,-64.99990850585,0.));
#14925 = DIRECTION('',(-0.,-0.,-1.));
#14926 = DIRECTION('',(7.470757420593E-07,1.,-0.));
#14927 = ADVANCED_FACE('',(#14928),#14939,.T.);
#14928 = FACE_BOUND('',#14929,.T.);
#14929 = EDGE_LOOP('',(#14930,#14936,#14937,#14938));
#14930 = ORIENTED_EDGE('',*,*,#14931,.T.);
#14931 = EDGE_CURVE('',#2673,#7603,#14932,.T.);
#14932 = LINE('',#14933,#14934);
#14933 = CARTESIAN_POINT('',(78.999892,-62.99991,0.));
#14934 = VECTOR('',#14935,1.);
#14935 = DIRECTION('',(0.,0.,1.));
#14936 = ORIENTED_EDGE('',*,*,#7602,.T.);
#14937 = ORIENTED_EDGE('',*,*,#14909,.F.);
#14938 = ORIENTED_EDGE('',*,*,#2672,.F.);
#14939 = PLANE('',#14940);
#14940 = AXIS2_PLACEMENT_3D('',#14941,#14942,#14943);
#14941 = CARTESIAN_POINT('',(78.999892,-62.99991,0.));
#14942 = DIRECTION('',(0.,-1.,0.));
#14943 = DIRECTION('',(-1.,0.,0.));
#14944 = ADVANCED_FACE('',(#14945),#14956,.T.);
#14945 = FACE_BOUND('',#14946,.T.);
#14946 = EDGE_LOOP('',(#14947,#14948,#14949,#14955));
#14947 = ORIENTED_EDGE('',*,*,#14916,.T.);
#14948 = ORIENTED_EDGE('',*,*,#7653,.T.);
#14949 = ORIENTED_EDGE('',*,*,#14950,.F.);
#14950 = EDGE_CURVE('',#2715,#7645,#14951,.T.);
#14951 = LINE('',#14952,#14953);
#14952 = CARTESIAN_POINT('',(75.999892,-66.99991,0.));
#14953 = VECTOR('',#14954,1.);
#14954 = DIRECTION('',(0.,0.,1.));
#14955 = ORIENTED_EDGE('',*,*,#2723,.F.);
#14956 = PLANE('',#14957);
#14957 = AXIS2_PLACEMENT_3D('',#14958,#14959,#14960);
#14958 = CARTESIAN_POINT('',(75.999892,-64.99991,0.));
#14959 = DIRECTION('',(1.,0.,-0.));
#14960 = DIRECTION('',(0.,-1.,0.));
#14961 = ADVANCED_FACE('',(#14962),#14973,.F.);
#14962 = FACE_BOUND('',#14963,.T.);
#14963 = EDGE_LOOP('',(#14964,#14970,#14971,#14972));
#14964 = ORIENTED_EDGE('',*,*,#14965,.T.);
#14965 = EDGE_CURVE('',#2681,#7611,#14966,.T.);
#14966 = LINE('',#14967,#14968);
#14967 = CARTESIAN_POINT('',(80.999892,-64.99991,0.));
#14968 = VECTOR('',#14969,1.);
#14969 = DIRECTION('',(0.,0.,1.));
#14970 = ORIENTED_EDGE('',*,*,#7610,.T.);
#14971 = ORIENTED_EDGE('',*,*,#14931,.F.);
#14972 = ORIENTED_EDGE('',*,*,#2680,.F.);
#14973 = CYLINDRICAL_SURFACE('',#14974,1.99999850585);
#14974 = AXIS2_PLACEMENT_3D('',#14975,#14976,#14977);
#14975 = CARTESIAN_POINT('',(78.99989349415,-64.99990850585,0.));
#14976 = DIRECTION('',(-0.,-0.,-1.));
#14977 = DIRECTION('',(1.,-7.470757491648E-07,0.));
#14978 = ADVANCED_FACE('',(#14979),#14990,.F.);
#14979 = FACE_BOUND('',#14980,.T.);
#14980 = EDGE_LOOP('',(#14981,#14982,#14983,#14989));
#14981 = ORIENTED_EDGE('',*,*,#14950,.T.);
#14982 = ORIENTED_EDGE('',*,*,#7644,.T.);
#14983 = ORIENTED_EDGE('',*,*,#14984,.F.);
#14984 = EDGE_CURVE('',#2707,#7637,#14985,.T.);
#14985 = LINE('',#14986,#14987);
#14986 = CARTESIAN_POINT('',(77.999892,-68.99991,0.));
#14987 = VECTOR('',#14988,1.);
#14988 = DIRECTION('',(0.,0.,1.));
#14989 = ORIENTED_EDGE('',*,*,#2714,.F.);
#14990 = CYLINDRICAL_SURFACE('',#14991,1.99999850585);
#14991 = AXIS2_PLACEMENT_3D('',#14992,#14993,#14994);
#14992 = CARTESIAN_POINT('',(77.99989050585,-66.99991149415,0.));
#14993 = DIRECTION('',(-0.,-0.,-1.));
#14994 = DIRECTION('',(-1.,7.470757491648E-07,0.));
#14995 = ADVANCED_FACE('',(#14996),#15007,.T.);
#14996 = FACE_BOUND('',#14997,.T.);
#14997 = EDGE_LOOP('',(#14998,#15004,#15005,#15006));
#14998 = ORIENTED_EDGE('',*,*,#14999,.T.);
#14999 = EDGE_CURVE('',#2690,#7620,#15000,.T.);
#15000 = LINE('',#15001,#15002);
#15001 = CARTESIAN_POINT('',(80.999892,-66.99991,0.));
#15002 = VECTOR('',#15003,1.);
#15003 = DIRECTION('',(0.,0.,1.));
#15004 = ORIENTED_EDGE('',*,*,#7619,.T.);
#15005 = ORIENTED_EDGE('',*,*,#14965,.F.);
#15006 = ORIENTED_EDGE('',*,*,#2689,.F.);
#15007 = PLANE('',#15008);
#15008 = AXIS2_PLACEMENT_3D('',#15009,#15010,#15011);
#15009 = CARTESIAN_POINT('',(80.999892,-66.99991,0.));
#15010 = DIRECTION('',(-1.,0.,0.));
#15011 = DIRECTION('',(0.,1.,0.));
#15012 = ADVANCED_FACE('',(#15013),#15024,.T.);
#15013 = FACE_BOUND('',#15014,.T.);
#15014 = EDGE_LOOP('',(#15015,#15016,#15017,#15023));
#15015 = ORIENTED_EDGE('',*,*,#14984,.T.);
#15016 = ORIENTED_EDGE('',*,*,#7636,.T.);
#15017 = ORIENTED_EDGE('',*,*,#15018,.F.);
#15018 = EDGE_CURVE('',#2698,#7628,#15019,.T.);
#15019 = LINE('',#15020,#15021);
#15020 = CARTESIAN_POINT('',(78.999892,-68.99991,0.));
#15021 = VECTOR('',#15022,1.);
#15022 = DIRECTION('',(0.,0.,1.));
#15023 = ORIENTED_EDGE('',*,*,#2706,.F.);
#15024 = PLANE('',#15025);
#15025 = AXIS2_PLACEMENT_3D('',#15026,#15027,#15028);
#15026 = CARTESIAN_POINT('',(77.999892,-68.99991,0.));
#15027 = DIRECTION('',(0.,1.,0.));
#15028 = DIRECTION('',(1.,0.,0.));
#15029 = ADVANCED_FACE('',(#15030),#15036,.F.);
#15030 = FACE_BOUND('',#15031,.T.);
#15031 = EDGE_LOOP('',(#15032,#15033,#15034,#15035));
#15032 = ORIENTED_EDGE('',*,*,#15018,.T.);
#15033 = ORIENTED_EDGE('',*,*,#7627,.T.);
#15034 = ORIENTED_EDGE('',*,*,#14999,.F.);
#15035 = ORIENTED_EDGE('',*,*,#2697,.F.);
#15036 = CYLINDRICAL_SURFACE('',#15037,1.99999850585);
#15037 = AXIS2_PLACEMENT_3D('',#15038,#15039,#15040);
#15038 = CARTESIAN_POINT('',(78.99989349415,-66.99991149415,0.));
#15039 = DIRECTION('',(-0.,-0.,-1.));
#15040 = DIRECTION('',(-7.470757420593E-07,-1.,0.));
#15041 = ADVANCED_FACE('',(#15042),#15053,.F.);
#15042 = FACE_BOUND('',#15043,.T.);
#15043 = EDGE_LOOP('',(#15044,#15050,#15051,#15052));
#15044 = ORIENTED_EDGE('',*,*,#15045,.T.);
#15045 = EDGE_CURVE('',#2732,#7662,#15046,.T.);
#15046 = LINE('',#15047,#15048);
#15047 = CARTESIAN_POINT('',(82.499892,-70.49991,0.));
#15048 = VECTOR('',#15049,1.);
#15049 = DIRECTION('',(0.,0.,1.));
#15050 = ORIENTED_EDGE('',*,*,#7661,.T.);
#15051 = ORIENTED_EDGE('',*,*,#15045,.F.);
#15052 = ORIENTED_EDGE('',*,*,#2731,.F.);
#15053 = CYLINDRICAL_SURFACE('',#15054,0.5);
#15054 = AXIS2_PLACEMENT_3D('',#15055,#15056,#15057);
#15055 = CARTESIAN_POINT('',(81.999892,-70.49991,0.));
#15056 = DIRECTION('',(-0.,-0.,-1.));
#15057 = DIRECTION('',(1.,0.,-0.));
#15058 = ADVANCED_FACE('',(#15059),#15070,.F.);
#15059 = FACE_BOUND('',#15060,.T.);
#15060 = EDGE_LOOP('',(#15061,#15067,#15068,#15069));
#15061 = ORIENTED_EDGE('',*,*,#15062,.T.);
#15062 = EDGE_CURVE('',#2743,#7673,#15063,.T.);
#15063 = LINE('',#15064,#15065);
#15064 = CARTESIAN_POINT('',(85.499892,-70.49991,0.));
#15065 = VECTOR('',#15066,1.);
#15066 = DIRECTION('',(0.,0.,1.));
#15067 = ORIENTED_EDGE('',*,*,#7672,.T.);
#15068 = ORIENTED_EDGE('',*,*,#15062,.F.);
#15069 = ORIENTED_EDGE('',*,*,#2742,.F.);
#15070 = CYLINDRICAL_SURFACE('',#15071,0.5);
#15071 = AXIS2_PLACEMENT_3D('',#15072,#15073,#15074);
#15072 = CARTESIAN_POINT('',(84.999892,-70.49991,0.));
#15073 = DIRECTION('',(-0.,-0.,-1.));
#15074 = DIRECTION('',(1.,0.,-0.));
#15075 = ADVANCED_FACE('',(#15076),#15087,.F.);
#15076 = FACE_BOUND('',#15077,.T.);
#15077 = EDGE_LOOP('',(#15078,#15084,#15085,#15086));
#15078 = ORIENTED_EDGE('',*,*,#15079,.T.);
#15079 = EDGE_CURVE('',#2754,#7684,#15080,.T.);
#15080 = LINE('',#15081,#15082);
#15081 = CARTESIAN_POINT('',(83.999892,-68.99991,0.));
#15082 = VECTOR('',#15083,1.);
#15083 = DIRECTION('',(0.,0.,1.));
#15084 = ORIENTED_EDGE('',*,*,#7683,.T.);
#15085 = ORIENTED_EDGE('',*,*,#15079,.F.);
#15086 = ORIENTED_EDGE('',*,*,#2753,.F.);
#15087 = CYLINDRICAL_SURFACE('',#15088,0.5);
#15088 = AXIS2_PLACEMENT_3D('',#15089,#15090,#15091);
#15089 = CARTESIAN_POINT('',(83.499892,-68.99991,0.));
#15090 = DIRECTION('',(-0.,-0.,-1.));
#15091 = DIRECTION('',(1.,0.,-0.));
#15092 = ADVANCED_FACE('',(#15093),#15104,.F.);
#15093 = FACE_BOUND('',#15094,.T.);
#15094 = EDGE_LOOP('',(#15095,#15101,#15102,#15103));
#15095 = ORIENTED_EDGE('',*,*,#15096,.T.);
#15096 = EDGE_CURVE('',#2765,#7695,#15097,.T.);
#15097 = LINE('',#15098,#15099);
#15098 = CARTESIAN_POINT('',(83.999892,-65.99991,0.));
#15099 = VECTOR('',#15100,1.);
#15100 = DIRECTION('',(0.,0.,1.));
#15101 = ORIENTED_EDGE('',*,*,#7694,.T.);
#15102 = ORIENTED_EDGE('',*,*,#15096,.F.);
#15103 = ORIENTED_EDGE('',*,*,#2764,.F.);
#15104 = CYLINDRICAL_SURFACE('',#15105,0.5);
#15105 = AXIS2_PLACEMENT_3D('',#15106,#15107,#15108);
#15106 = CARTESIAN_POINT('',(83.499892,-65.99991,0.));
#15107 = DIRECTION('',(-0.,-0.,-1.));
#15108 = DIRECTION('',(1.,0.,-0.));
#15109 = ADVANCED_FACE('',(#15110),#15121,.F.);
#15110 = FACE_BOUND('',#15111,.T.);
#15111 = EDGE_LOOP('',(#15112,#15113,#15119,#15120));
#15112 = ORIENTED_EDGE('',*,*,#2775,.T.);
#15113 = ORIENTED_EDGE('',*,*,#15114,.T.);
#15114 = EDGE_CURVE('',#2776,#7706,#15115,.T.);
#15115 = LINE('',#15116,#15117);
#15116 = CARTESIAN_POINT('',(95.499892,-87.59991,-4.6E-02));
#15117 = VECTOR('',#15118,1.);
#15118 = DIRECTION('',(0.,0.,1.));
#15119 = ORIENTED_EDGE('',*,*,#7705,.F.);
#15120 = ORIENTED_EDGE('',*,*,#15114,.F.);
#15121 = CYLINDRICAL_SURFACE('',#15122,0.6);
#15122 = AXIS2_PLACEMENT_3D('',#15123,#15124,#15125);
#15123 = CARTESIAN_POINT('',(95.499892,-86.99991,-4.6E-02));
#15124 = DIRECTION('',(-0.,0.,-1.));
#15125 = DIRECTION('',(2.368475785867E-14,-1.,-0.));
#15126 = ADVANCED_FACE('',(#15127),#15143,.F.);
#15127 = FACE_BOUND('',#15128,.T.);
#15128 = EDGE_LOOP('',(#15129,#15135,#15136,#15142));
#15129 = ORIENTED_EDGE('',*,*,#15130,.T.);
#15130 = EDGE_CURVE('',#2787,#7717,#15131,.T.);
#15131 = LINE('',#15132,#15133);
#15132 = CARTESIAN_POINT('',(87.999892,-72.99991,0.));
#15133 = VECTOR('',#15134,1.);
#15134 = DIRECTION('',(0.,0.,1.));
#15135 = ORIENTED_EDGE('',*,*,#7716,.T.);
#15136 = ORIENTED_EDGE('',*,*,#15137,.F.);
#15137 = EDGE_CURVE('',#2789,#7719,#15138,.T.);
#15138 = LINE('',#15139,#15140);
#15139 = CARTESIAN_POINT('',(85.999892,-74.99991,0.));
#15140 = VECTOR('',#15141,1.);
#15141 = DIRECTION('',(0.,0.,1.));
#15142 = ORIENTED_EDGE('',*,*,#2786,.F.);
#15143 = CYLINDRICAL_SURFACE('',#15144,1.99999850585);
#15144 = AXIS2_PLACEMENT_3D('',#15145,#15146,#15147);
#15145 = CARTESIAN_POINT('',(87.99989050585,-74.99990850585,0.));
#15146 = DIRECTION('',(-0.,-0.,-1.));
#15147 = DIRECTION('',(7.470757420593E-07,1.,-0.));
#15148 = ADVANCED_FACE('',(#15149),#15160,.T.);
#15149 = FACE_BOUND('',#15150,.T.);
#15150 = EDGE_LOOP('',(#15151,#15157,#15158,#15159));
#15151 = ORIENTED_EDGE('',*,*,#15152,.T.);
#15152 = EDGE_CURVE('',#2798,#7728,#15153,.T.);
#15153 = LINE('',#15154,#15155);
#15154 = CARTESIAN_POINT('',(90.999892,-72.99991,0.));
#15155 = VECTOR('',#15156,1.);
#15156 = DIRECTION('',(0.,0.,1.));
#15157 = ORIENTED_EDGE('',*,*,#7727,.T.);
#15158 = ORIENTED_EDGE('',*,*,#15130,.F.);
#15159 = ORIENTED_EDGE('',*,*,#2797,.F.);
#15160 = PLANE('',#15161);
#15161 = AXIS2_PLACEMENT_3D('',#15162,#15163,#15164);
#15162 = CARTESIAN_POINT('',(90.999892,-72.99991,0.));
#15163 = DIRECTION('',(0.,-1.,0.));
#15164 = DIRECTION('',(-1.,0.,0.));
#15165 = ADVANCED_FACE('',(#15166),#15177,.T.);
#15166 = FACE_BOUND('',#15167,.T.);
#15167 = EDGE_LOOP('',(#15168,#15169,#15170,#15176));
#15168 = ORIENTED_EDGE('',*,*,#15137,.T.);
#15169 = ORIENTED_EDGE('',*,*,#7768,.T.);
#15170 = ORIENTED_EDGE('',*,*,#15171,.F.);
#15171 = EDGE_CURVE('',#2831,#7761,#15172,.T.);
#15172 = LINE('',#15173,#15174);
#15173 = CARTESIAN_POINT('',(85.999892,-84.99991,0.));
#15174 = VECTOR('',#15175,1.);
#15175 = DIRECTION('',(0.,0.,1.));
#15176 = ORIENTED_EDGE('',*,*,#2838,.F.);
#15177 = PLANE('',#15178);
#15178 = AXIS2_PLACEMENT_3D('',#15179,#15180,#15181);
#15179 = CARTESIAN_POINT('',(85.999892,-74.99991,0.));
#15180 = DIRECTION('',(1.,0.,-0.));
#15181 = DIRECTION('',(0.,-1.,0.));
#15182 = ADVANCED_FACE('',(#15183),#15194,.F.);
#15183 = FACE_BOUND('',#15184,.T.);
#15184 = EDGE_LOOP('',(#15185,#15191,#15192,#15193));
#15185 = ORIENTED_EDGE('',*,*,#15186,.T.);
#15186 = EDGE_CURVE('',#2806,#7736,#15187,.T.);
#15187 = LINE('',#15188,#15189);
#15188 = CARTESIAN_POINT('',(92.999892,-74.99991,0.));
#15189 = VECTOR('',#15190,1.);
#15190 = DIRECTION('',(0.,0.,1.));
#15191 = ORIENTED_EDGE('',*,*,#7735,.T.);
#15192 = ORIENTED_EDGE('',*,*,#15152,.F.);
#15193 = ORIENTED_EDGE('',*,*,#2805,.F.);
#15194 = CYLINDRICAL_SURFACE('',#15195,1.99999850585);
#15195 = AXIS2_PLACEMENT_3D('',#15196,#15197,#15198);
#15196 = CARTESIAN_POINT('',(90.99989349415,-74.99990850585,0.));
#15197 = DIRECTION('',(-0.,-0.,-1.));
#15198 = DIRECTION('',(1.,-7.470757491648E-07,0.));
#15199 = ADVANCED_FACE('',(#15200),#15211,.T.);
#15200 = FACE_BOUND('',#15201,.T.);
#15201 = EDGE_LOOP('',(#15202,#15203,#15204,#15210));
#15202 = ORIENTED_EDGE('',*,*,#15171,.T.);
#15203 = ORIENTED_EDGE('',*,*,#7760,.T.);
#15204 = ORIENTED_EDGE('',*,*,#15205,.F.);
#15205 = EDGE_CURVE('',#2823,#7753,#15206,.T.);
#15206 = LINE('',#15207,#15208);
#15207 = CARTESIAN_POINT('',(85.999892,-85.99991,0.));
#15208 = VECTOR('',#15209,1.);
#15209 = DIRECTION('',(0.,0.,1.));
#15210 = ORIENTED_EDGE('',*,*,#2830,.F.);
#15211 = PLANE('',#15212);
#15212 = AXIS2_PLACEMENT_3D('',#15213,#15214,#15215);
#15213 = CARTESIAN_POINT('',(85.999892,-84.99991,0.));
#15214 = DIRECTION('',(1.,0.,-0.));
#15215 = DIRECTION('',(0.,-1.,0.));
#15216 = ADVANCED_FACE('',(#15217),#15228,.T.);
#15217 = FACE_BOUND('',#15218,.T.);
#15218 = EDGE_LOOP('',(#15219,#15225,#15226,#15227));
#15219 = ORIENTED_EDGE('',*,*,#15220,.T.);
#15220 = EDGE_CURVE('',#2815,#7745,#15221,.T.);
#15221 = LINE('',#15222,#15223);
#15222 = CARTESIAN_POINT('',(92.999892,-85.99991,0.));
#15223 = VECTOR('',#15224,1.);
#15224 = DIRECTION('',(0.,0.,1.));
#15225 = ORIENTED_EDGE('',*,*,#7744,.T.);
#15226 = ORIENTED_EDGE('',*,*,#15186,.F.);
#15227 = ORIENTED_EDGE('',*,*,#2814,.F.);
#15228 = PLANE('',#15229);
#15229 = AXIS2_PLACEMENT_3D('',#15230,#15231,#15232);
#15230 = CARTESIAN_POINT('',(92.999892,-85.99991,0.));
#15231 = DIRECTION('',(-1.,0.,0.));
#15232 = DIRECTION('',(0.,1.,0.));
#15233 = ADVANCED_FACE('',(#15234),#15240,.T.);
#15234 = FACE_BOUND('',#15235,.T.);
#15235 = EDGE_LOOP('',(#15236,#15237,#15238,#15239));
#15236 = ORIENTED_EDGE('',*,*,#15205,.T.);
#15237 = ORIENTED_EDGE('',*,*,#7752,.T.);
#15238 = ORIENTED_EDGE('',*,*,#15220,.F.);
#15239 = ORIENTED_EDGE('',*,*,#2822,.F.);
#15240 = PLANE('',#15241);
#15241 = AXIS2_PLACEMENT_3D('',#15242,#15243,#15244);
#15242 = CARTESIAN_POINT('',(85.999892,-85.99991,0.));
#15243 = DIRECTION('',(0.,1.,0.));
#15244 = DIRECTION('',(1.,0.,0.));
#15245 = ADVANCED_FACE('',(#15246),#15257,.F.);
#15246 = FACE_BOUND('',#15247,.T.);
#15247 = EDGE_LOOP('',(#15248,#15254,#15255,#15256));
#15248 = ORIENTED_EDGE('',*,*,#15249,.T.);
#15249 = EDGE_CURVE('',#2847,#7777,#15250,.T.);
#15250 = LINE('',#15251,#15252);
#15251 = CARTESIAN_POINT('',(95.999892,-83.99991,0.));
#15252 = VECTOR('',#15253,1.);
#15253 = DIRECTION('',(0.,0.,1.));
#15254 = ORIENTED_EDGE('',*,*,#7776,.T.);
#15255 = ORIENTED_EDGE('',*,*,#15249,.F.);
#15256 = ORIENTED_EDGE('',*,*,#2846,.F.);
#15257 = CYLINDRICAL_SURFACE('',#15258,0.5);
#15258 = AXIS2_PLACEMENT_3D('',#15259,#15260,#15261);
#15259 = CARTESIAN_POINT('',(95.499892,-83.99991,0.));
#15260 = DIRECTION('',(-0.,-0.,-1.));
#15261 = DIRECTION('',(1.,0.,-0.));
#15262 = ADVANCED_FACE('',(#15263),#15274,.F.);
#15263 = FACE_BOUND('',#15264,.T.);
#15264 = EDGE_LOOP('',(#15265,#15271,#15272,#15273));
#15265 = ORIENTED_EDGE('',*,*,#15266,.T.);
#15266 = EDGE_CURVE('',#2858,#7788,#15267,.T.);
#15267 = LINE('',#15268,#15269);
#15268 = CARTESIAN_POINT('',(95.999892,-80.99991,0.));
#15269 = VECTOR('',#15270,1.);
#15270 = DIRECTION('',(0.,0.,1.));
#15271 = ORIENTED_EDGE('',*,*,#7787,.T.);
#15272 = ORIENTED_EDGE('',*,*,#15266,.F.);
#15273 = ORIENTED_EDGE('',*,*,#2857,.F.);
#15274 = CYLINDRICAL_SURFACE('',#15275,0.5);
#15275 = AXIS2_PLACEMENT_3D('',#15276,#15277,#15278);
#15276 = CARTESIAN_POINT('',(95.499892,-80.99991,0.));
#15277 = DIRECTION('',(-0.,-0.,-1.));
#15278 = DIRECTION('',(1.,0.,-0.));
#15279 = ADVANCED_FACE('',(#15280),#15291,.F.);
#15280 = FACE_BOUND('',#15281,.T.);
#15281 = EDGE_LOOP('',(#15282,#15283,#15289,#15290));
#15282 = ORIENTED_EDGE('',*,*,#2868,.T.);
#15283 = ORIENTED_EDGE('',*,*,#15284,.T.);
#15284 = EDGE_CURVE('',#2869,#7799,#15285,.T.);
#15285 = LINE('',#15286,#15287);
#15286 = CARTESIAN_POINT('',(107.499892,-87.59991,-4.6E-02));
#15287 = VECTOR('',#15288,1.);
#15288 = DIRECTION('',(0.,0.,1.));
#15289 = ORIENTED_EDGE('',*,*,#7798,.F.);
#15290 = ORIENTED_EDGE('',*,*,#15284,.F.);
#15291 = CYLINDRICAL_SURFACE('',#15292,0.6);
#15292 = AXIS2_PLACEMENT_3D('',#15293,#15294,#15295);
#15293 = CARTESIAN_POINT('',(107.499892,-86.99991,-4.6E-02));
#15294 = DIRECTION('',(-0.,0.,-1.));
#15295 = DIRECTION('',(2.368475785867E-14,-1.,-0.));
#15296 = ADVANCED_FACE('',(#15297),#15313,.F.);
#15297 = FACE_BOUND('',#15298,.T.);
#15298 = EDGE_LOOP('',(#15299,#15305,#15306,#15312));
#15299 = ORIENTED_EDGE('',*,*,#15300,.T.);
#15300 = EDGE_CURVE('',#2880,#7810,#15301,.T.);
#15301 = LINE('',#15302,#15303);
#15302 = CARTESIAN_POINT('',(99.999892,-72.99991,0.));
#15303 = VECTOR('',#15304,1.);
#15304 = DIRECTION('',(0.,0.,1.));
#15305 = ORIENTED_EDGE('',*,*,#7809,.T.);
#15306 = ORIENTED_EDGE('',*,*,#15307,.F.);
#15307 = EDGE_CURVE('',#2882,#7812,#15308,.T.);
#15308 = LINE('',#15309,#15310);
#15309 = CARTESIAN_POINT('',(97.999892,-74.99991,0.));
#15310 = VECTOR('',#15311,1.);
#15311 = DIRECTION('',(0.,0.,1.));
#15312 = ORIENTED_EDGE('',*,*,#2879,.F.);
#15313 = CYLINDRICAL_SURFACE('',#15314,1.99999850585);
#15314 = AXIS2_PLACEMENT_3D('',#15315,#15316,#15317);
#15315 = CARTESIAN_POINT('',(99.99989050585,-74.99990850585,0.));
#15316 = DIRECTION('',(-0.,-0.,-1.));
#15317 = DIRECTION('',(7.470757420593E-07,1.,-0.));
#15318 = ADVANCED_FACE('',(#15319),#15330,.T.);
#15319 = FACE_BOUND('',#15320,.T.);
#15320 = EDGE_LOOP('',(#15321,#15327,#15328,#15329));
#15321 = ORIENTED_EDGE('',*,*,#15322,.T.);
#15322 = EDGE_CURVE('',#2891,#7821,#15323,.T.);
#15323 = LINE('',#15324,#15325);
#15324 = CARTESIAN_POINT('',(102.999892,-72.99991,0.));
#15325 = VECTOR('',#15326,1.);
#15326 = DIRECTION('',(0.,0.,1.));
#15327 = ORIENTED_EDGE('',*,*,#7820,.T.);
#15328 = ORIENTED_EDGE('',*,*,#15300,.F.);
#15329 = ORIENTED_EDGE('',*,*,#2890,.F.);
#15330 = PLANE('',#15331);
#15331 = AXIS2_PLACEMENT_3D('',#15332,#15333,#15334);
#15332 = CARTESIAN_POINT('',(102.999892,-72.99991,0.));
#15333 = DIRECTION('',(0.,-1.,0.));
#15334 = DIRECTION('',(-1.,0.,0.));
#15335 = ADVANCED_FACE('',(#15336),#15347,.T.);
#15336 = FACE_BOUND('',#15337,.T.);
#15337 = EDGE_LOOP('',(#15338,#15339,#15340,#15346));
#15338 = ORIENTED_EDGE('',*,*,#15307,.T.);
#15339 = ORIENTED_EDGE('',*,*,#7861,.T.);
#15340 = ORIENTED_EDGE('',*,*,#15341,.F.);
#15341 = EDGE_CURVE('',#2924,#7854,#15342,.T.);
#15342 = LINE('',#15343,#15344);
#15343 = CARTESIAN_POINT('',(97.999892,-84.99991,0.));
#15344 = VECTOR('',#15345,1.);
#15345 = DIRECTION('',(0.,0.,1.));
#15346 = ORIENTED_EDGE('',*,*,#2931,.F.);
#15347 = PLANE('',#15348);
#15348 = AXIS2_PLACEMENT_3D('',#15349,#15350,#15351);
#15349 = CARTESIAN_POINT('',(97.999892,-74.99991,0.));
#15350 = DIRECTION('',(1.,0.,-0.));
#15351 = DIRECTION('',(0.,-1.,0.));
#15352 = ADVANCED_FACE('',(#15353),#15364,.F.);
#15353 = FACE_BOUND('',#15354,.T.);
#15354 = EDGE_LOOP('',(#15355,#15361,#15362,#15363));
#15355 = ORIENTED_EDGE('',*,*,#15356,.T.);
#15356 = EDGE_CURVE('',#2899,#7829,#15357,.T.);
#15357 = LINE('',#15358,#15359);
#15358 = CARTESIAN_POINT('',(104.999892,-74.99991,0.));
#15359 = VECTOR('',#15360,1.);
#15360 = DIRECTION('',(0.,0.,1.));
#15361 = ORIENTED_EDGE('',*,*,#7828,.T.);
#15362 = ORIENTED_EDGE('',*,*,#15322,.F.);
#15363 = ORIENTED_EDGE('',*,*,#2898,.F.);
#15364 = CYLINDRICAL_SURFACE('',#15365,1.99999850585);
#15365 = AXIS2_PLACEMENT_3D('',#15366,#15367,#15368);
#15366 = CARTESIAN_POINT('',(102.99989349415,-74.99990850585,0.));
#15367 = DIRECTION('',(-0.,-0.,-1.));
#15368 = DIRECTION('',(1.,-7.470757491648E-07,0.));
#15369 = ADVANCED_FACE('',(#15370),#15381,.T.);
#15370 = FACE_BOUND('',#15371,.T.);
#15371 = EDGE_LOOP('',(#15372,#15373,#15374,#15380));
#15372 = ORIENTED_EDGE('',*,*,#15341,.T.);
#15373 = ORIENTED_EDGE('',*,*,#7853,.T.);
#15374 = ORIENTED_EDGE('',*,*,#15375,.F.);
#15375 = EDGE_CURVE('',#2916,#7846,#15376,.T.);
#15376 = LINE('',#15377,#15378);
#15377 = CARTESIAN_POINT('',(97.999892,-85.99991,0.));
#15378 = VECTOR('',#15379,1.);
#15379 = DIRECTION('',(0.,0.,1.));
#15380 = ORIENTED_EDGE('',*,*,#2923,.F.);
#15381 = PLANE('',#15382);
#15382 = AXIS2_PLACEMENT_3D('',#15383,#15384,#15385);
#15383 = CARTESIAN_POINT('',(97.999892,-84.99991,0.));
#15384 = DIRECTION('',(1.,0.,-0.));
#15385 = DIRECTION('',(0.,-1.,0.));
#15386 = ADVANCED_FACE('',(#15387),#15398,.T.);
#15387 = FACE_BOUND('',#15388,.T.);
#15388 = EDGE_LOOP('',(#15389,#15395,#15396,#15397));
#15389 = ORIENTED_EDGE('',*,*,#15390,.T.);
#15390 = EDGE_CURVE('',#2908,#7838,#15391,.T.);
#15391 = LINE('',#15392,#15393);
#15392 = CARTESIAN_POINT('',(104.999892,-85.99991,0.));
#15393 = VECTOR('',#15394,1.);
#15394 = DIRECTION('',(0.,0.,1.));
#15395 = ORIENTED_EDGE('',*,*,#7837,.T.);
#15396 = ORIENTED_EDGE('',*,*,#15356,.F.);
#15397 = ORIENTED_EDGE('',*,*,#2907,.F.);
#15398 = PLANE('',#15399);
#15399 = AXIS2_PLACEMENT_3D('',#15400,#15401,#15402);
#15400 = CARTESIAN_POINT('',(104.999892,-85.99991,0.));
#15401 = DIRECTION('',(-1.,0.,0.));
#15402 = DIRECTION('',(0.,1.,0.));
#15403 = ADVANCED_FACE('',(#15404),#15410,.T.);
#15404 = FACE_BOUND('',#15405,.T.);
#15405 = EDGE_LOOP('',(#15406,#15407,#15408,#15409));
#15406 = ORIENTED_EDGE('',*,*,#15375,.T.);
#15407 = ORIENTED_EDGE('',*,*,#7845,.T.);
#15408 = ORIENTED_EDGE('',*,*,#15390,.F.);
#15409 = ORIENTED_EDGE('',*,*,#2915,.F.);
#15410 = PLANE('',#15411);
#15411 = AXIS2_PLACEMENT_3D('',#15412,#15413,#15414);
#15412 = CARTESIAN_POINT('',(97.999892,-85.99991,0.));
#15413 = DIRECTION('',(0.,1.,0.));
#15414 = DIRECTION('',(1.,0.,0.));
#15415 = ADVANCED_FACE('',(#15416),#15427,.F.);
#15416 = FACE_BOUND('',#15417,.T.);
#15417 = EDGE_LOOP('',(#15418,#15424,#15425,#15426));
#15418 = ORIENTED_EDGE('',*,*,#15419,.T.);
#15419 = EDGE_CURVE('',#2940,#7870,#15420,.T.);
#15420 = LINE('',#15421,#15422);
#15421 = CARTESIAN_POINT('',(107.999892,-83.99991,0.));
#15422 = VECTOR('',#15423,1.);
#15423 = DIRECTION('',(0.,0.,1.));
#15424 = ORIENTED_EDGE('',*,*,#7869,.T.);
#15425 = ORIENTED_EDGE('',*,*,#15419,.F.);
#15426 = ORIENTED_EDGE('',*,*,#2939,.F.);
#15427 = CYLINDRICAL_SURFACE('',#15428,0.5);
#15428 = AXIS2_PLACEMENT_3D('',#15429,#15430,#15431);
#15429 = CARTESIAN_POINT('',(107.499892,-83.99991,0.));
#15430 = DIRECTION('',(-0.,-0.,-1.));
#15431 = DIRECTION('',(1.,0.,-0.));
#15432 = ADVANCED_FACE('',(#15433),#15444,.F.);
#15433 = FACE_BOUND('',#15434,.T.);
#15434 = EDGE_LOOP('',(#15435,#15441,#15442,#15443));
#15435 = ORIENTED_EDGE('',*,*,#15436,.T.);
#15436 = EDGE_CURVE('',#2951,#7881,#15437,.T.);
#15437 = LINE('',#15438,#15439);
#15438 = CARTESIAN_POINT('',(107.999892,-80.99991,0.));
#15439 = VECTOR('',#15440,1.);
#15440 = DIRECTION('',(0.,0.,1.));
#15441 = ORIENTED_EDGE('',*,*,#7880,.T.);
#15442 = ORIENTED_EDGE('',*,*,#15436,.F.);
#15443 = ORIENTED_EDGE('',*,*,#2950,.F.);
#15444 = CYLINDRICAL_SURFACE('',#15445,0.5);
#15445 = AXIS2_PLACEMENT_3D('',#15446,#15447,#15448);
#15446 = CARTESIAN_POINT('',(107.499892,-80.99991,0.));
#15447 = DIRECTION('',(-0.,-0.,-1.));
#15448 = DIRECTION('',(1.,0.,-0.));
#15449 = ADVANCED_FACE('',(#15450),#15461,.F.);
#15450 = FACE_BOUND('',#15451,.T.);
#15451 = EDGE_LOOP('',(#15452,#15458,#15459,#15460));
#15452 = ORIENTED_EDGE('',*,*,#15453,.T.);
#15453 = EDGE_CURVE('',#2962,#7892,#15454,.T.);
#15454 = LINE('',#15455,#15456);
#15455 = CARTESIAN_POINT('',(95.999892,-77.99991,0.));
#15456 = VECTOR('',#15457,1.);
#15457 = DIRECTION('',(0.,0.,1.));
#15458 = ORIENTED_EDGE('',*,*,#7891,.T.);
#15459 = ORIENTED_EDGE('',*,*,#15453,.F.);
#15460 = ORIENTED_EDGE('',*,*,#2961,.F.);
#15461 = CYLINDRICAL_SURFACE('',#15462,0.5);
#15462 = AXIS2_PLACEMENT_3D('',#15463,#15464,#15465);
#15463 = CARTESIAN_POINT('',(95.499892,-77.99991,0.));
#15464 = DIRECTION('',(-0.,-0.,-1.));
#15465 = DIRECTION('',(1.,0.,-0.));
#15466 = ADVANCED_FACE('',(#15467),#15478,.F.);
#15467 = FACE_BOUND('',#15468,.T.);
#15468 = EDGE_LOOP('',(#15469,#15475,#15476,#15477));
#15469 = ORIENTED_EDGE('',*,*,#15470,.T.);
#15470 = EDGE_CURVE('',#2973,#7903,#15471,.T.);
#15471 = LINE('',#15472,#15473);
#15472 = CARTESIAN_POINT('',(95.999892,-74.99991,0.));
#15473 = VECTOR('',#15474,1.);
#15474 = DIRECTION('',(0.,0.,1.));
#15475 = ORIENTED_EDGE('',*,*,#7902,.T.);
#15476 = ORIENTED_EDGE('',*,*,#15470,.F.);
#15477 = ORIENTED_EDGE('',*,*,#2972,.F.);
#15478 = CYLINDRICAL_SURFACE('',#15479,0.5);
#15479 = AXIS2_PLACEMENT_3D('',#15480,#15481,#15482);
#15480 = CARTESIAN_POINT('',(95.499892,-74.99991,0.));
#15481 = DIRECTION('',(-0.,-0.,-1.));
#15482 = DIRECTION('',(1.,0.,-0.));
#15483 = ADVANCED_FACE('',(#15484),#15500,.F.);
#15484 = FACE_BOUND('',#15485,.T.);
#15485 = EDGE_LOOP('',(#15486,#15492,#15493,#15499));
#15486 = ORIENTED_EDGE('',*,*,#15487,.T.);
#15487 = EDGE_CURVE('',#2984,#7914,#15488,.T.);
#15488 = LINE('',#15489,#15490);
#15489 = CARTESIAN_POINT('',(87.999892,-62.99991,0.));
#15490 = VECTOR('',#15491,1.);
#15491 = DIRECTION('',(0.,0.,1.));
#15492 = ORIENTED_EDGE('',*,*,#7913,.T.);
#15493 = ORIENTED_EDGE('',*,*,#15494,.F.);
#15494 = EDGE_CURVE('',#2986,#7916,#15495,.T.);
#15495 = LINE('',#15496,#15497);
#15496 = CARTESIAN_POINT('',(85.999892,-64.99991,0.));
#15497 = VECTOR('',#15498,1.);
#15498 = DIRECTION('',(0.,0.,1.));
#15499 = ORIENTED_EDGE('',*,*,#2983,.F.);
#15500 = CYLINDRICAL_SURFACE('',#15501,1.99999850585);
#15501 = AXIS2_PLACEMENT_3D('',#15502,#15503,#15504);
#15502 = CARTESIAN_POINT('',(87.99989050585,-64.99990850585,0.));
#15503 = DIRECTION('',(-0.,-0.,-1.));
#15504 = DIRECTION('',(7.470757420593E-07,1.,-0.));
#15505 = ADVANCED_FACE('',(#15506),#15517,.T.);
#15506 = FACE_BOUND('',#15507,.T.);
#15507 = EDGE_LOOP('',(#15508,#15514,#15515,#15516));
#15508 = ORIENTED_EDGE('',*,*,#15509,.T.);
#15509 = EDGE_CURVE('',#2995,#7925,#15510,.T.);
#15510 = LINE('',#15511,#15512);
#15511 = CARTESIAN_POINT('',(90.999892,-62.99991,0.));
#15512 = VECTOR('',#15513,1.);
#15513 = DIRECTION('',(0.,0.,1.));
#15514 = ORIENTED_EDGE('',*,*,#7924,.T.);
#15515 = ORIENTED_EDGE('',*,*,#15487,.F.);
#15516 = ORIENTED_EDGE('',*,*,#2994,.F.);
#15517 = PLANE('',#15518);
#15518 = AXIS2_PLACEMENT_3D('',#15519,#15520,#15521);
#15519 = CARTESIAN_POINT('',(90.999892,-62.99991,0.));
#15520 = DIRECTION('',(0.,-1.,0.));
#15521 = DIRECTION('',(-1.,0.,0.));
#15522 = ADVANCED_FACE('',(#15523),#15534,.T.);
#15523 = FACE_BOUND('',#15524,.T.);
#15524 = EDGE_LOOP('',(#15525,#15526,#15527,#15533));
#15525 = ORIENTED_EDGE('',*,*,#15494,.T.);
#15526 = ORIENTED_EDGE('',*,*,#7975,.T.);
#15527 = ORIENTED_EDGE('',*,*,#15528,.F.);
#15528 = EDGE_CURVE('',#3037,#7967,#15529,.T.);
#15529 = LINE('',#15530,#15531);
#15530 = CARTESIAN_POINT('',(85.999892,-66.99991,0.));
#15531 = VECTOR('',#15532,1.);
#15532 = DIRECTION('',(0.,0.,1.));
#15533 = ORIENTED_EDGE('',*,*,#3045,.F.);
#15534 = PLANE('',#15535);
#15535 = AXIS2_PLACEMENT_3D('',#15536,#15537,#15538);
#15536 = CARTESIAN_POINT('',(85.999892,-64.99991,0.));
#15537 = DIRECTION('',(1.,0.,-0.));
#15538 = DIRECTION('',(0.,-1.,0.));
#15539 = ADVANCED_FACE('',(#15540),#15551,.F.);
#15540 = FACE_BOUND('',#15541,.T.);
#15541 = EDGE_LOOP('',(#15542,#15548,#15549,#15550));
#15542 = ORIENTED_EDGE('',*,*,#15543,.T.);
#15543 = EDGE_CURVE('',#3003,#7933,#15544,.T.);
#15544 = LINE('',#15545,#15546);
#15545 = CARTESIAN_POINT('',(92.999892,-64.99991,0.));
#15546 = VECTOR('',#15547,1.);
#15547 = DIRECTION('',(0.,0.,1.));
#15548 = ORIENTED_EDGE('',*,*,#7932,.T.);
#15549 = ORIENTED_EDGE('',*,*,#15509,.F.);
#15550 = ORIENTED_EDGE('',*,*,#3002,.F.);
#15551 = CYLINDRICAL_SURFACE('',#15552,1.99999850585);
#15552 = AXIS2_PLACEMENT_3D('',#15553,#15554,#15555);
#15553 = CARTESIAN_POINT('',(90.99989349415,-64.99990850585,0.));
#15554 = DIRECTION('',(-0.,-0.,-1.));
#15555 = DIRECTION('',(1.,-7.470757491648E-07,0.));
#15556 = ADVANCED_FACE('',(#15557),#15568,.F.);
#15557 = FACE_BOUND('',#15558,.T.);
#15558 = EDGE_LOOP('',(#15559,#15560,#15561,#15567));
#15559 = ORIENTED_EDGE('',*,*,#15528,.T.);
#15560 = ORIENTED_EDGE('',*,*,#7966,.T.);
#15561 = ORIENTED_EDGE('',*,*,#15562,.F.);
#15562 = EDGE_CURVE('',#3029,#7959,#15563,.T.);
#15563 = LINE('',#15564,#15565);
#15564 = CARTESIAN_POINT('',(87.999892,-68.99991,0.));
#15565 = VECTOR('',#15566,1.);
#15566 = DIRECTION('',(0.,0.,1.));
#15567 = ORIENTED_EDGE('',*,*,#3036,.F.);
#15568 = CYLINDRICAL_SURFACE('',#15569,1.99999850585);
#15569 = AXIS2_PLACEMENT_3D('',#15570,#15571,#15572);
#15570 = CARTESIAN_POINT('',(87.99989050585,-66.99991149415,0.));
#15571 = DIRECTION('',(-0.,-0.,-1.));
#15572 = DIRECTION('',(-1.,7.470757491648E-07,0.));
#15573 = ADVANCED_FACE('',(#15574),#15585,.T.);
#15574 = FACE_BOUND('',#15575,.T.);
#15575 = EDGE_LOOP('',(#15576,#15582,#15583,#15584));
#15576 = ORIENTED_EDGE('',*,*,#15577,.T.);
#15577 = EDGE_CURVE('',#3012,#7942,#15578,.T.);
#15578 = LINE('',#15579,#15580);
#15579 = CARTESIAN_POINT('',(92.999892,-66.99991,0.));
#15580 = VECTOR('',#15581,1.);
#15581 = DIRECTION('',(0.,0.,1.));
#15582 = ORIENTED_EDGE('',*,*,#7941,.T.);
#15583 = ORIENTED_EDGE('',*,*,#15543,.F.);
#15584 = ORIENTED_EDGE('',*,*,#3011,.F.);
#15585 = PLANE('',#15586);
#15586 = AXIS2_PLACEMENT_3D('',#15587,#15588,#15589);
#15587 = CARTESIAN_POINT('',(92.999892,-66.99991,0.));
#15588 = DIRECTION('',(-1.,0.,0.));
#15589 = DIRECTION('',(0.,1.,0.));
#15590 = ADVANCED_FACE('',(#15591),#15602,.T.);
#15591 = FACE_BOUND('',#15592,.T.);
#15592 = EDGE_LOOP('',(#15593,#15594,#15595,#15601));
#15593 = ORIENTED_EDGE('',*,*,#15562,.T.);
#15594 = ORIENTED_EDGE('',*,*,#7958,.T.);
#15595 = ORIENTED_EDGE('',*,*,#15596,.F.);
#15596 = EDGE_CURVE('',#3020,#7950,#15597,.T.);
#15597 = LINE('',#15598,#15599);
#15598 = CARTESIAN_POINT('',(90.999892,-68.99991,0.));
#15599 = VECTOR('',#15600,1.);
#15600 = DIRECTION('',(0.,0.,1.));
#15601 = ORIENTED_EDGE('',*,*,#3028,.F.);
#15602 = PLANE('',#15603);
#15603 = AXIS2_PLACEMENT_3D('',#15604,#15605,#15606);
#15604 = CARTESIAN_POINT('',(87.999892,-68.99991,0.));
#15605 = DIRECTION('',(0.,1.,0.));
#15606 = DIRECTION('',(1.,0.,0.));
#15607 = ADVANCED_FACE('',(#15608),#15614,.F.);
#15608 = FACE_BOUND('',#15609,.T.);
#15609 = EDGE_LOOP('',(#15610,#15611,#15612,#15613));
#15610 = ORIENTED_EDGE('',*,*,#15596,.T.);
#15611 = ORIENTED_EDGE('',*,*,#7949,.T.);
#15612 = ORIENTED_EDGE('',*,*,#15577,.F.);
#15613 = ORIENTED_EDGE('',*,*,#3019,.F.);
#15614 = CYLINDRICAL_SURFACE('',#15615,1.99999850585);
#15615 = AXIS2_PLACEMENT_3D('',#15616,#15617,#15618);
#15616 = CARTESIAN_POINT('',(90.99989349415,-66.99991149415,0.));
#15617 = DIRECTION('',(-0.,-0.,-1.));
#15618 = DIRECTION('',(-7.470757420593E-07,-1.,0.));
#15619 = ADVANCED_FACE('',(#15620),#15631,.F.);
#15620 = FACE_BOUND('',#15621,.T.);
#15621 = EDGE_LOOP('',(#15622,#15628,#15629,#15630));
#15622 = ORIENTED_EDGE('',*,*,#15623,.T.);
#15623 = EDGE_CURVE('',#3054,#7984,#15624,.T.);
#15624 = LINE('',#15625,#15626);
#15625 = CARTESIAN_POINT('',(94.499892,-70.49991,0.));
#15626 = VECTOR('',#15627,1.);
#15627 = DIRECTION('',(0.,0.,1.));
#15628 = ORIENTED_EDGE('',*,*,#7983,.T.);
#15629 = ORIENTED_EDGE('',*,*,#15623,.F.);
#15630 = ORIENTED_EDGE('',*,*,#3053,.F.);
#15631 = CYLINDRICAL_SURFACE('',#15632,0.5);
#15632 = AXIS2_PLACEMENT_3D('',#15633,#15634,#15635);
#15633 = CARTESIAN_POINT('',(93.999892,-70.49991,0.));
#15634 = DIRECTION('',(-0.,-0.,-1.));
#15635 = DIRECTION('',(1.,0.,-0.));
#15636 = ADVANCED_FACE('',(#15637),#15648,.F.);
#15637 = FACE_BOUND('',#15638,.T.);
#15638 = EDGE_LOOP('',(#15639,#15645,#15646,#15647));
#15639 = ORIENTED_EDGE('',*,*,#15640,.T.);
#15640 = EDGE_CURVE('',#3065,#7995,#15641,.T.);
#15641 = LINE('',#15642,#15643);
#15642 = CARTESIAN_POINT('',(97.499892,-70.49991,0.));
#15643 = VECTOR('',#15644,1.);
#15644 = DIRECTION('',(0.,0.,1.));
#15645 = ORIENTED_EDGE('',*,*,#7994,.T.);
#15646 = ORIENTED_EDGE('',*,*,#15640,.F.);
#15647 = ORIENTED_EDGE('',*,*,#3064,.F.);
#15648 = CYLINDRICAL_SURFACE('',#15649,0.5);
#15649 = AXIS2_PLACEMENT_3D('',#15650,#15651,#15652);
#15650 = CARTESIAN_POINT('',(96.999892,-70.49991,0.));
#15651 = DIRECTION('',(-0.,-0.,-1.));
#15652 = DIRECTION('',(1.,0.,-0.));
#15653 = ADVANCED_FACE('',(#15654),#15665,.F.);
#15654 = FACE_BOUND('',#15655,.T.);
#15655 = EDGE_LOOP('',(#15656,#15662,#15663,#15664));
#15656 = ORIENTED_EDGE('',*,*,#15657,.T.);
#15657 = EDGE_CURVE('',#3076,#8006,#15658,.T.);
#15658 = LINE('',#15659,#15660);
#15659 = CARTESIAN_POINT('',(95.999892,-68.99991,0.));
#15660 = VECTOR('',#15661,1.);
#15661 = DIRECTION('',(0.,0.,1.));
#15662 = ORIENTED_EDGE('',*,*,#8005,.T.);
#15663 = ORIENTED_EDGE('',*,*,#15657,.F.);
#15664 = ORIENTED_EDGE('',*,*,#3075,.F.);
#15665 = CYLINDRICAL_SURFACE('',#15666,0.5);
#15666 = AXIS2_PLACEMENT_3D('',#15667,#15668,#15669);
#15667 = CARTESIAN_POINT('',(95.499892,-68.99991,0.));
#15668 = DIRECTION('',(-0.,-0.,-1.));
#15669 = DIRECTION('',(1.,0.,-0.));
#15670 = ADVANCED_FACE('',(#15671),#15682,.F.);
#15671 = FACE_BOUND('',#15672,.T.);
#15672 = EDGE_LOOP('',(#15673,#15679,#15680,#15681));
#15673 = ORIENTED_EDGE('',*,*,#15674,.T.);
#15674 = EDGE_CURVE('',#3087,#8017,#15675,.T.);
#15675 = LINE('',#15676,#15677);
#15676 = CARTESIAN_POINT('',(95.999892,-65.99991,0.));
#15677 = VECTOR('',#15678,1.);
#15678 = DIRECTION('',(0.,0.,1.));
#15679 = ORIENTED_EDGE('',*,*,#8016,.T.);
#15680 = ORIENTED_EDGE('',*,*,#15674,.F.);
#15681 = ORIENTED_EDGE('',*,*,#3086,.F.);
#15682 = CYLINDRICAL_SURFACE('',#15683,0.5);
#15683 = AXIS2_PLACEMENT_3D('',#15684,#15685,#15686);
#15684 = CARTESIAN_POINT('',(95.499892,-65.99991,0.));
#15685 = DIRECTION('',(-0.,-0.,-1.));
#15686 = DIRECTION('',(1.,0.,-0.));
#15687 = ADVANCED_FACE('',(#15688),#15699,.F.);
#15688 = FACE_BOUND('',#15689,.T.);
#15689 = EDGE_LOOP('',(#15690,#15696,#15697,#15698));
#15690 = ORIENTED_EDGE('',*,*,#15691,.T.);
#15691 = EDGE_CURVE('',#3098,#8028,#15692,.T.);
#15692 = LINE('',#15693,#15694);
#15693 = CARTESIAN_POINT('',(107.999892,-77.99991,0.));
#15694 = VECTOR('',#15695,1.);
#15695 = DIRECTION('',(0.,0.,1.));
#15696 = ORIENTED_EDGE('',*,*,#8027,.T.);
#15697 = ORIENTED_EDGE('',*,*,#15691,.F.);
#15698 = ORIENTED_EDGE('',*,*,#3097,.F.);
#15699 = CYLINDRICAL_SURFACE('',#15700,0.5);
#15700 = AXIS2_PLACEMENT_3D('',#15701,#15702,#15703);
#15701 = CARTESIAN_POINT('',(107.499892,-77.99991,0.));
#15702 = DIRECTION('',(-0.,-0.,-1.));
#15703 = DIRECTION('',(1.,0.,-0.));
#15704 = ADVANCED_FACE('',(#15705),#15716,.F.);
#15705 = FACE_BOUND('',#15706,.T.);
#15706 = EDGE_LOOP('',(#15707,#15713,#15714,#15715));
#15707 = ORIENTED_EDGE('',*,*,#15708,.T.);
#15708 = EDGE_CURVE('',#3109,#8039,#15709,.T.);
#15709 = LINE('',#15710,#15711);
#15710 = CARTESIAN_POINT('',(107.999892,-74.99991,0.));
#15711 = VECTOR('',#15712,1.);
#15712 = DIRECTION('',(0.,0.,1.));
#15713 = ORIENTED_EDGE('',*,*,#8038,.T.);
#15714 = ORIENTED_EDGE('',*,*,#15708,.F.);
#15715 = ORIENTED_EDGE('',*,*,#3108,.F.);
#15716 = CYLINDRICAL_SURFACE('',#15717,0.5);
#15717 = AXIS2_PLACEMENT_3D('',#15718,#15719,#15720);
#15718 = CARTESIAN_POINT('',(107.499892,-74.99991,0.));
#15719 = DIRECTION('',(-0.,-0.,-1.));
#15720 = DIRECTION('',(1.,0.,-0.));
#15721 = ADVANCED_FACE('',(#15722),#15738,.F.);
#15722 = FACE_BOUND('',#15723,.T.);
#15723 = EDGE_LOOP('',(#15724,#15730,#15731,#15737));
#15724 = ORIENTED_EDGE('',*,*,#15725,.T.);
#15725 = EDGE_CURVE('',#3120,#8050,#15726,.T.);
#15726 = LINE('',#15727,#15728);
#15727 = CARTESIAN_POINT('',(99.999892,-62.99991,0.));
#15728 = VECTOR('',#15729,1.);
#15729 = DIRECTION('',(0.,0.,1.));
#15730 = ORIENTED_EDGE('',*,*,#8049,.T.);
#15731 = ORIENTED_EDGE('',*,*,#15732,.F.);
#15732 = EDGE_CURVE('',#3122,#8052,#15733,.T.);
#15733 = LINE('',#15734,#15735);
#15734 = CARTESIAN_POINT('',(97.999892,-64.99991,0.));
#15735 = VECTOR('',#15736,1.);
#15736 = DIRECTION('',(0.,0.,1.));
#15737 = ORIENTED_EDGE('',*,*,#3119,.F.);
#15738 = CYLINDRICAL_SURFACE('',#15739,1.99999850585);
#15739 = AXIS2_PLACEMENT_3D('',#15740,#15741,#15742);
#15740 = CARTESIAN_POINT('',(99.99989050585,-64.99990850585,0.));
#15741 = DIRECTION('',(-0.,-0.,-1.));
#15742 = DIRECTION('',(7.470757420593E-07,1.,-0.));
#15743 = ADVANCED_FACE('',(#15744),#15755,.T.);
#15744 = FACE_BOUND('',#15745,.T.);
#15745 = EDGE_LOOP('',(#15746,#15752,#15753,#15754));
#15746 = ORIENTED_EDGE('',*,*,#15747,.T.);
#15747 = EDGE_CURVE('',#3131,#8061,#15748,.T.);
#15748 = LINE('',#15749,#15750);
#15749 = CARTESIAN_POINT('',(102.999892,-62.99991,0.));
#15750 = VECTOR('',#15751,1.);
#15751 = DIRECTION('',(0.,0.,1.));
#15752 = ORIENTED_EDGE('',*,*,#8060,.T.);
#15753 = ORIENTED_EDGE('',*,*,#15725,.F.);
#15754 = ORIENTED_EDGE('',*,*,#3130,.F.);
#15755 = PLANE('',#15756);
#15756 = AXIS2_PLACEMENT_3D('',#15757,#15758,#15759);
#15757 = CARTESIAN_POINT('',(102.999892,-62.99991,0.));
#15758 = DIRECTION('',(0.,-1.,0.));
#15759 = DIRECTION('',(-1.,0.,0.));
#15760 = ADVANCED_FACE('',(#15761),#15772,.T.);
#15761 = FACE_BOUND('',#15762,.T.);
#15762 = EDGE_LOOP('',(#15763,#15764,#15765,#15771));
#15763 = ORIENTED_EDGE('',*,*,#15732,.T.);
#15764 = ORIENTED_EDGE('',*,*,#8111,.T.);
#15765 = ORIENTED_EDGE('',*,*,#15766,.F.);
#15766 = EDGE_CURVE('',#3173,#8103,#15767,.T.);
#15767 = LINE('',#15768,#15769);
#15768 = CARTESIAN_POINT('',(97.999892,-66.99991,0.));
#15769 = VECTOR('',#15770,1.);
#15770 = DIRECTION('',(0.,0.,1.));
#15771 = ORIENTED_EDGE('',*,*,#3181,.F.);
#15772 = PLANE('',#15773);
#15773 = AXIS2_PLACEMENT_3D('',#15774,#15775,#15776);
#15774 = CARTESIAN_POINT('',(97.999892,-64.99991,0.));
#15775 = DIRECTION('',(1.,0.,-0.));
#15776 = DIRECTION('',(0.,-1.,0.));
#15777 = ADVANCED_FACE('',(#15778),#15789,.F.);
#15778 = FACE_BOUND('',#15779,.T.);
#15779 = EDGE_LOOP('',(#15780,#15786,#15787,#15788));
#15780 = ORIENTED_EDGE('',*,*,#15781,.T.);
#15781 = EDGE_CURVE('',#3139,#8069,#15782,.T.);
#15782 = LINE('',#15783,#15784);
#15783 = CARTESIAN_POINT('',(104.999892,-64.99991,0.));
#15784 = VECTOR('',#15785,1.);
#15785 = DIRECTION('',(0.,0.,1.));
#15786 = ORIENTED_EDGE('',*,*,#8068,.T.);
#15787 = ORIENTED_EDGE('',*,*,#15747,.F.);
#15788 = ORIENTED_EDGE('',*,*,#3138,.F.);
#15789 = CYLINDRICAL_SURFACE('',#15790,1.99999850585);
#15790 = AXIS2_PLACEMENT_3D('',#15791,#15792,#15793);
#15791 = CARTESIAN_POINT('',(102.99989349415,-64.99990850585,0.));
#15792 = DIRECTION('',(-0.,-0.,-1.));
#15793 = DIRECTION('',(1.,-7.470757491648E-07,0.));
#15794 = ADVANCED_FACE('',(#15795),#15806,.F.);
#15795 = FACE_BOUND('',#15796,.T.);
#15796 = EDGE_LOOP('',(#15797,#15798,#15799,#15805));
#15797 = ORIENTED_EDGE('',*,*,#15766,.T.);
#15798 = ORIENTED_EDGE('',*,*,#8102,.T.);
#15799 = ORIENTED_EDGE('',*,*,#15800,.F.);
#15800 = EDGE_CURVE('',#3165,#8095,#15801,.T.);
#15801 = LINE('',#15802,#15803);
#15802 = CARTESIAN_POINT('',(99.999892,-68.99991,0.));
#15803 = VECTOR('',#15804,1.);
#15804 = DIRECTION('',(0.,0.,1.));
#15805 = ORIENTED_EDGE('',*,*,#3172,.F.);
#15806 = CYLINDRICAL_SURFACE('',#15807,1.99999850585);
#15807 = AXIS2_PLACEMENT_3D('',#15808,#15809,#15810);
#15808 = CARTESIAN_POINT('',(99.99989050585,-66.99991149415,0.));
#15809 = DIRECTION('',(-0.,-0.,-1.));
#15810 = DIRECTION('',(-1.,7.470757491648E-07,0.));
#15811 = ADVANCED_FACE('',(#15812),#15823,.T.);
#15812 = FACE_BOUND('',#15813,.T.);
#15813 = EDGE_LOOP('',(#15814,#15820,#15821,#15822));
#15814 = ORIENTED_EDGE('',*,*,#15815,.T.);
#15815 = EDGE_CURVE('',#3148,#8078,#15816,.T.);
#15816 = LINE('',#15817,#15818);
#15817 = CARTESIAN_POINT('',(104.999892,-66.99991,0.));
#15818 = VECTOR('',#15819,1.);
#15819 = DIRECTION('',(0.,0.,1.));
#15820 = ORIENTED_EDGE('',*,*,#8077,.T.);
#15821 = ORIENTED_EDGE('',*,*,#15781,.F.);
#15822 = ORIENTED_EDGE('',*,*,#3147,.F.);
#15823 = PLANE('',#15824);
#15824 = AXIS2_PLACEMENT_3D('',#15825,#15826,#15827);
#15825 = CARTESIAN_POINT('',(104.999892,-66.99991,0.));
#15826 = DIRECTION('',(-1.,0.,0.));
#15827 = DIRECTION('',(0.,1.,0.));
#15828 = ADVANCED_FACE('',(#15829),#15840,.T.);
#15829 = FACE_BOUND('',#15830,.T.);
#15830 = EDGE_LOOP('',(#15831,#15832,#15833,#15839));
#15831 = ORIENTED_EDGE('',*,*,#15800,.T.);
#15832 = ORIENTED_EDGE('',*,*,#8094,.T.);
#15833 = ORIENTED_EDGE('',*,*,#15834,.F.);
#15834 = EDGE_CURVE('',#3156,#8086,#15835,.T.);
#15835 = LINE('',#15836,#15837);
#15836 = CARTESIAN_POINT('',(102.999892,-68.99991,0.));
#15837 = VECTOR('',#15838,1.);
#15838 = DIRECTION('',(0.,0.,1.));
#15839 = ORIENTED_EDGE('',*,*,#3164,.F.);
#15840 = PLANE('',#15841);
#15841 = AXIS2_PLACEMENT_3D('',#15842,#15843,#15844);
#15842 = CARTESIAN_POINT('',(99.999892,-68.99991,0.));
#15843 = DIRECTION('',(0.,1.,0.));
#15844 = DIRECTION('',(1.,0.,0.));
#15845 = ADVANCED_FACE('',(#15846),#15852,.F.);
#15846 = FACE_BOUND('',#15847,.T.);
#15847 = EDGE_LOOP('',(#15848,#15849,#15850,#15851));
#15848 = ORIENTED_EDGE('',*,*,#15834,.T.);
#15849 = ORIENTED_EDGE('',*,*,#8085,.T.);
#15850 = ORIENTED_EDGE('',*,*,#15815,.F.);
#15851 = ORIENTED_EDGE('',*,*,#3155,.F.);
#15852 = CYLINDRICAL_SURFACE('',#15853,1.99999850585);
#15853 = AXIS2_PLACEMENT_3D('',#15854,#15855,#15856);
#15854 = CARTESIAN_POINT('',(102.99989349415,-66.99991149415,0.));
#15855 = DIRECTION('',(-0.,-0.,-1.));
#15856 = DIRECTION('',(-7.470757420593E-07,-1.,0.));
#15857 = ADVANCED_FACE('',(#15858),#15869,.F.);
#15858 = FACE_BOUND('',#15859,.T.);
#15859 = EDGE_LOOP('',(#15860,#15866,#15867,#15868));
#15860 = ORIENTED_EDGE('',*,*,#15861,.T.);
#15861 = EDGE_CURVE('',#3190,#8120,#15862,.T.);
#15862 = LINE('',#15863,#15864);
#15863 = CARTESIAN_POINT('',(106.499892,-70.49991,0.));
#15864 = VECTOR('',#15865,1.);
#15865 = DIRECTION('',(0.,0.,1.));
#15866 = ORIENTED_EDGE('',*,*,#8119,.T.);
#15867 = ORIENTED_EDGE('',*,*,#15861,.F.);
#15868 = ORIENTED_EDGE('',*,*,#3189,.F.);
#15869 = CYLINDRICAL_SURFACE('',#15870,0.5);
#15870 = AXIS2_PLACEMENT_3D('',#15871,#15872,#15873);
#15871 = CARTESIAN_POINT('',(105.999892,-70.49991,0.));
#15872 = DIRECTION('',(-0.,-0.,-1.));
#15873 = DIRECTION('',(1.,0.,-0.));
#15874 = ADVANCED_FACE('',(#15875),#15886,.F.);
#15875 = FACE_BOUND('',#15876,.T.);
#15876 = EDGE_LOOP('',(#15877,#15883,#15884,#15885));
#15877 = ORIENTED_EDGE('',*,*,#15878,.T.);
#15878 = EDGE_CURVE('',#3201,#8131,#15879,.T.);
#15879 = LINE('',#15880,#15881);
#15880 = CARTESIAN_POINT('',(109.499892,-70.49991,0.));
#15881 = VECTOR('',#15882,1.);
#15882 = DIRECTION('',(0.,0.,1.));
#15883 = ORIENTED_EDGE('',*,*,#8130,.T.);
#15884 = ORIENTED_EDGE('',*,*,#15878,.F.);
#15885 = ORIENTED_EDGE('',*,*,#3200,.F.);
#15886 = CYLINDRICAL_SURFACE('',#15887,0.5);
#15887 = AXIS2_PLACEMENT_3D('',#15888,#15889,#15890);
#15888 = CARTESIAN_POINT('',(108.999892,-70.49991,0.));
#15889 = DIRECTION('',(-0.,-0.,-1.));
#15890 = DIRECTION('',(1.,0.,-0.));
#15891 = ADVANCED_FACE('',(#15892),#15903,.F.);
#15892 = FACE_BOUND('',#15893,.T.);
#15893 = EDGE_LOOP('',(#15894,#15900,#15901,#15902));
#15894 = ORIENTED_EDGE('',*,*,#15895,.T.);
#15895 = EDGE_CURVE('',#3212,#8142,#15896,.T.);
#15896 = LINE('',#15897,#15898);
#15897 = CARTESIAN_POINT('',(107.999892,-68.99991,0.));
#15898 = VECTOR('',#15899,1.);
#15899 = DIRECTION('',(0.,0.,1.));
#15900 = ORIENTED_EDGE('',*,*,#8141,.T.);
#15901 = ORIENTED_EDGE('',*,*,#15895,.F.);
#15902 = ORIENTED_EDGE('',*,*,#3211,.F.);
#15903 = CYLINDRICAL_SURFACE('',#15904,0.5);
#15904 = AXIS2_PLACEMENT_3D('',#15905,#15906,#15907);
#15905 = CARTESIAN_POINT('',(107.499892,-68.99991,0.));
#15906 = DIRECTION('',(-0.,-0.,-1.));
#15907 = DIRECTION('',(1.,0.,-0.));
#15908 = ADVANCED_FACE('',(#15909),#15920,.F.);
#15909 = FACE_BOUND('',#15910,.T.);
#15910 = EDGE_LOOP('',(#15911,#15917,#15918,#15919));
#15911 = ORIENTED_EDGE('',*,*,#15912,.T.);
#15912 = EDGE_CURVE('',#3223,#8153,#15913,.T.);
#15913 = LINE('',#15914,#15915);
#15914 = CARTESIAN_POINT('',(107.999892,-65.99991,0.));
#15915 = VECTOR('',#15916,1.);
#15916 = DIRECTION('',(0.,0.,1.));
#15917 = ORIENTED_EDGE('',*,*,#8152,.T.);
#15918 = ORIENTED_EDGE('',*,*,#15912,.F.);
#15919 = ORIENTED_EDGE('',*,*,#3222,.F.);
#15920 = CYLINDRICAL_SURFACE('',#15921,0.5);
#15921 = AXIS2_PLACEMENT_3D('',#15922,#15923,#15924);
#15922 = CARTESIAN_POINT('',(107.499892,-65.99991,0.));
#15923 = DIRECTION('',(-0.,-0.,-1.));
#15924 = DIRECTION('',(1.,0.,-0.));
#15925 = ADVANCED_FACE('',(#15926),#15937,.F.);
#15926 = FACE_BOUND('',#15927,.T.);
#15927 = EDGE_LOOP('',(#15928,#15934,#15935,#15936));
#15928 = ORIENTED_EDGE('',*,*,#15929,.T.);
#15929 = EDGE_CURVE('',#3234,#8164,#15930,.T.);
#15930 = LINE('',#15931,#15932);
#15931 = CARTESIAN_POINT('',(23.999891,-62.99991,0.));
#15932 = VECTOR('',#15933,1.);
#15933 = DIRECTION('',(0.,0.,1.));
#15934 = ORIENTED_EDGE('',*,*,#8163,.T.);
#15935 = ORIENTED_EDGE('',*,*,#15929,.F.);
#15936 = ORIENTED_EDGE('',*,*,#3233,.F.);
#15937 = CYLINDRICAL_SURFACE('',#15938,0.499999);
#15938 = AXIS2_PLACEMENT_3D('',#15939,#15940,#15941);
#15939 = CARTESIAN_POINT('',(23.499892,-62.99991,0.));
#15940 = DIRECTION('',(-0.,-0.,-1.));
#15941 = DIRECTION('',(1.,0.,-0.));
#15942 = ADVANCED_FACE('',(#15943),#15954,.F.);
#15943 = FACE_BOUND('',#15944,.T.);
#15944 = EDGE_LOOP('',(#15945,#15951,#15952,#15953));
#15945 = ORIENTED_EDGE('',*,*,#15946,.T.);
#15946 = EDGE_CURVE('',#3245,#8175,#15947,.T.);
#15947 = LINE('',#15948,#15949);
#15948 = CARTESIAN_POINT('',(22.499892,-61.49991,0.));
#15949 = VECTOR('',#15950,1.);
#15950 = DIRECTION('',(0.,0.,1.));
#15951 = ORIENTED_EDGE('',*,*,#8174,.T.);
#15952 = ORIENTED_EDGE('',*,*,#15946,.F.);
#15953 = ORIENTED_EDGE('',*,*,#3244,.F.);
#15954 = CYLINDRICAL_SURFACE('',#15955,0.5);
#15955 = AXIS2_PLACEMENT_3D('',#15956,#15957,#15958);
#15956 = CARTESIAN_POINT('',(21.999892,-61.49991,0.));
#15957 = DIRECTION('',(-0.,-0.,-1.));
#15958 = DIRECTION('',(1.,0.,-0.));
#15959 = ADVANCED_FACE('',(#15960),#15971,.F.);
#15960 = FACE_BOUND('',#15961,.T.);
#15961 = EDGE_LOOP('',(#15962,#15968,#15969,#15970));
#15962 = ORIENTED_EDGE('',*,*,#15963,.T.);
#15963 = EDGE_CURVE('',#3256,#8186,#15964,.T.);
#15964 = LINE('',#15965,#15966);
#15965 = CARTESIAN_POINT('',(25.499892,-61.49991,0.));
#15966 = VECTOR('',#15967,1.);
#15967 = DIRECTION('',(0.,0.,1.));
#15968 = ORIENTED_EDGE('',*,*,#8185,.T.);
#15969 = ORIENTED_EDGE('',*,*,#15963,.F.);
#15970 = ORIENTED_EDGE('',*,*,#3255,.F.);
#15971 = CYLINDRICAL_SURFACE('',#15972,0.5);
#15972 = AXIS2_PLACEMENT_3D('',#15973,#15974,#15975);
#15973 = CARTESIAN_POINT('',(24.999892,-61.49991,0.));
#15974 = DIRECTION('',(-0.,-0.,-1.));
#15975 = DIRECTION('',(1.,0.,-0.));
#15976 = ADVANCED_FACE('',(#15977),#15988,.F.);
#15977 = FACE_BOUND('',#15978,.T.);
#15978 = EDGE_LOOP('',(#15979,#15985,#15986,#15987));
#15979 = ORIENTED_EDGE('',*,*,#15980,.T.);
#15980 = EDGE_CURVE('',#3267,#8197,#15981,.T.);
#15981 = LINE('',#15982,#15983);
#15982 = CARTESIAN_POINT('',(23.999892,-56.99991,0.));
#15983 = VECTOR('',#15984,1.);
#15984 = DIRECTION('',(0.,0.,1.));
#15985 = ORIENTED_EDGE('',*,*,#8196,.T.);
#15986 = ORIENTED_EDGE('',*,*,#15980,.F.);
#15987 = ORIENTED_EDGE('',*,*,#3266,.F.);
#15988 = CYLINDRICAL_SURFACE('',#15989,0.5);
#15989 = AXIS2_PLACEMENT_3D('',#15990,#15991,#15992);
#15990 = CARTESIAN_POINT('',(23.499892,-56.99991,0.));
#15991 = DIRECTION('',(-0.,-0.,-1.));
#15992 = DIRECTION('',(1.,0.,-0.));
#15993 = ADVANCED_FACE('',(#15994),#16005,.F.);
#15994 = FACE_BOUND('',#15995,.T.);
#15995 = EDGE_LOOP('',(#15996,#16002,#16003,#16004));
#15996 = ORIENTED_EDGE('',*,*,#15997,.T.);
#15997 = EDGE_CURVE('',#3278,#8208,#15998,.T.);
#15998 = LINE('',#15999,#16000);
#15999 = CARTESIAN_POINT('',(23.999892,-53.99991,0.));
#16000 = VECTOR('',#16001,1.);
#16001 = DIRECTION('',(0.,0.,1.));
#16002 = ORIENTED_EDGE('',*,*,#8207,.T.);
#16003 = ORIENTED_EDGE('',*,*,#15997,.F.);
#16004 = ORIENTED_EDGE('',*,*,#3277,.F.);
#16005 = CYLINDRICAL_SURFACE('',#16006,0.5);
#16006 = AXIS2_PLACEMENT_3D('',#16007,#16008,#16009);
#16007 = CARTESIAN_POINT('',(23.499892,-53.99991,0.));
#16008 = DIRECTION('',(-0.,-0.,-1.));
#16009 = DIRECTION('',(1.,0.,-0.));
#16010 = ADVANCED_FACE('',(#16011),#16022,.F.);
#16011 = FACE_BOUND('',#16012,.T.);
#16012 = EDGE_LOOP('',(#16013,#16019,#16020,#16021));
#16013 = ORIENTED_EDGE('',*,*,#16014,.T.);
#16014 = EDGE_CURVE('',#3289,#8219,#16015,.T.);
#16015 = LINE('',#16016,#16017);
#16016 = CARTESIAN_POINT('',(35.999892,-62.99991,0.));
#16017 = VECTOR('',#16018,1.);
#16018 = DIRECTION('',(0.,0.,1.));
#16019 = ORIENTED_EDGE('',*,*,#8218,.T.);
#16020 = ORIENTED_EDGE('',*,*,#16014,.F.);
#16021 = ORIENTED_EDGE('',*,*,#3288,.F.);
#16022 = CYLINDRICAL_SURFACE('',#16023,0.5);
#16023 = AXIS2_PLACEMENT_3D('',#16024,#16025,#16026);
#16024 = CARTESIAN_POINT('',(35.499892,-62.99991,0.));
#16025 = DIRECTION('',(-0.,-0.,-1.));
#16026 = DIRECTION('',(1.,0.,-0.));
#16027 = ADVANCED_FACE('',(#16028),#16039,.F.);
#16028 = FACE_BOUND('',#16029,.T.);
#16029 = EDGE_LOOP('',(#16030,#16036,#16037,#16038));
#16030 = ORIENTED_EDGE('',*,*,#16031,.T.);
#16031 = EDGE_CURVE('',#3300,#8230,#16032,.T.);
#16032 = LINE('',#16033,#16034);
#16033 = CARTESIAN_POINT('',(34.499892,-60.99991,0.));
#16034 = VECTOR('',#16035,1.);
#16035 = DIRECTION('',(0.,0.,1.));
#16036 = ORIENTED_EDGE('',*,*,#8229,.T.);
#16037 = ORIENTED_EDGE('',*,*,#16031,.F.);
#16038 = ORIENTED_EDGE('',*,*,#3299,.F.);
#16039 = CYLINDRICAL_SURFACE('',#16040,0.5);
#16040 = AXIS2_PLACEMENT_3D('',#16041,#16042,#16043);
#16041 = CARTESIAN_POINT('',(33.999892,-60.99991,0.));
#16042 = DIRECTION('',(-0.,-0.,-1.));
#16043 = DIRECTION('',(1.,0.,-0.));
#16044 = ADVANCED_FACE('',(#16045),#16056,.F.);
#16045 = FACE_BOUND('',#16046,.T.);
#16046 = EDGE_LOOP('',(#16047,#16053,#16054,#16055));
#16047 = ORIENTED_EDGE('',*,*,#16048,.T.);
#16048 = EDGE_CURVE('',#3311,#8241,#16049,.T.);
#16049 = LINE('',#16050,#16051);
#16050 = CARTESIAN_POINT('',(37.499892,-60.99991,0.));
#16051 = VECTOR('',#16052,1.);
#16052 = DIRECTION('',(0.,0.,1.));
#16053 = ORIENTED_EDGE('',*,*,#8240,.T.);
#16054 = ORIENTED_EDGE('',*,*,#16048,.F.);
#16055 = ORIENTED_EDGE('',*,*,#3310,.F.);
#16056 = CYLINDRICAL_SURFACE('',#16057,0.5);
#16057 = AXIS2_PLACEMENT_3D('',#16058,#16059,#16060);
#16058 = CARTESIAN_POINT('',(36.999892,-60.99991,0.));
#16059 = DIRECTION('',(-0.,-0.,-1.));
#16060 = DIRECTION('',(1.,0.,-0.));
#16061 = ADVANCED_FACE('',(#16062),#16073,.F.);
#16062 = FACE_BOUND('',#16063,.T.);
#16063 = EDGE_LOOP('',(#16064,#16070,#16071,#16072));
#16064 = ORIENTED_EDGE('',*,*,#16065,.T.);
#16065 = EDGE_CURVE('',#3322,#8252,#16066,.T.);
#16066 = LINE('',#16067,#16068);
#16067 = CARTESIAN_POINT('',(35.999892,-56.99991,0.));
#16068 = VECTOR('',#16069,1.);
#16069 = DIRECTION('',(0.,0.,1.));
#16070 = ORIENTED_EDGE('',*,*,#8251,.T.);
#16071 = ORIENTED_EDGE('',*,*,#16065,.F.);
#16072 = ORIENTED_EDGE('',*,*,#3321,.F.);
#16073 = CYLINDRICAL_SURFACE('',#16074,0.5);
#16074 = AXIS2_PLACEMENT_3D('',#16075,#16076,#16077);
#16075 = CARTESIAN_POINT('',(35.499892,-56.99991,0.));
#16076 = DIRECTION('',(-0.,-0.,-1.));
#16077 = DIRECTION('',(1.,0.,-0.));
#16078 = ADVANCED_FACE('',(#16079),#16090,.F.);
#16079 = FACE_BOUND('',#16080,.T.);
#16080 = EDGE_LOOP('',(#16081,#16087,#16088,#16089));
#16081 = ORIENTED_EDGE('',*,*,#16082,.T.);
#16082 = EDGE_CURVE('',#3333,#8263,#16083,.T.);
#16083 = LINE('',#16084,#16085);
#16084 = CARTESIAN_POINT('',(35.999892,-53.99991,0.));
#16085 = VECTOR('',#16086,1.);
#16086 = DIRECTION('',(0.,0.,1.));
#16087 = ORIENTED_EDGE('',*,*,#8262,.T.);
#16088 = ORIENTED_EDGE('',*,*,#16082,.F.);
#16089 = ORIENTED_EDGE('',*,*,#3332,.F.);
#16090 = CYLINDRICAL_SURFACE('',#16091,0.5);
#16091 = AXIS2_PLACEMENT_3D('',#16092,#16093,#16094);
#16092 = CARTESIAN_POINT('',(35.499892,-53.99991,0.));
#16093 = DIRECTION('',(-0.,-0.,-1.));
#16094 = DIRECTION('',(1.,0.,-0.));
#16095 = ADVANCED_FACE('',(#16096),#16107,.F.);
#16096 = FACE_BOUND('',#16097,.T.);
#16097 = EDGE_LOOP('',(#16098,#16104,#16105,#16106));
#16098 = ORIENTED_EDGE('',*,*,#16099,.T.);
#16099 = EDGE_CURVE('',#3344,#8274,#16100,.T.);
#16100 = LINE('',#16101,#16102);
#16101 = CARTESIAN_POINT('',(23.999892,-50.99991,0.));
#16102 = VECTOR('',#16103,1.);
#16103 = DIRECTION('',(0.,0.,1.));
#16104 = ORIENTED_EDGE('',*,*,#8273,.T.);
#16105 = ORIENTED_EDGE('',*,*,#16099,.F.);
#16106 = ORIENTED_EDGE('',*,*,#3343,.F.);
#16107 = CYLINDRICAL_SURFACE('',#16108,0.5);
#16108 = AXIS2_PLACEMENT_3D('',#16109,#16110,#16111);
#16109 = CARTESIAN_POINT('',(23.499892,-50.99991,0.));
#16110 = DIRECTION('',(-0.,-0.,-1.));
#16111 = DIRECTION('',(1.,0.,-0.));
#16112 = ADVANCED_FACE('',(#16113),#16124,.F.);
#16113 = FACE_BOUND('',#16114,.T.);
#16114 = EDGE_LOOP('',(#16115,#16121,#16122,#16123));
#16115 = ORIENTED_EDGE('',*,*,#16116,.T.);
#16116 = EDGE_CURVE('',#3355,#8285,#16117,.T.);
#16117 = LINE('',#16118,#16119);
#16118 = CARTESIAN_POINT('',(23.999892,-47.99991,0.));
#16119 = VECTOR('',#16120,1.);
#16120 = DIRECTION('',(0.,0.,1.));
#16121 = ORIENTED_EDGE('',*,*,#8284,.T.);
#16122 = ORIENTED_EDGE('',*,*,#16116,.F.);
#16123 = ORIENTED_EDGE('',*,*,#3354,.F.);
#16124 = CYLINDRICAL_SURFACE('',#16125,0.5);
#16125 = AXIS2_PLACEMENT_3D('',#16126,#16127,#16128);
#16126 = CARTESIAN_POINT('',(23.499892,-47.99991,0.));
#16127 = DIRECTION('',(-0.,-0.,-1.));
#16128 = DIRECTION('',(1.,0.,-0.));
#16129 = ADVANCED_FACE('',(#16130),#16146,.T.);
#16130 = FACE_BOUND('',#16131,.T.);
#16131 = EDGE_LOOP('',(#16132,#16138,#16139,#16145));
#16132 = ORIENTED_EDGE('',*,*,#16133,.T.);
#16133 = EDGE_CURVE('',#3366,#8296,#16134,.T.);
#16134 = LINE('',#16135,#16136);
#16135 = CARTESIAN_POINT('',(25.999892,-46.99991,0.));
#16136 = VECTOR('',#16137,1.);
#16137 = DIRECTION('',(0.,0.,1.));
#16138 = ORIENTED_EDGE('',*,*,#8295,.T.);
#16139 = ORIENTED_EDGE('',*,*,#16140,.F.);
#16140 = EDGE_CURVE('',#3368,#8298,#16141,.T.);
#16141 = LINE('',#16142,#16143);
#16142 = CARTESIAN_POINT('',(25.999892,-56.99991,0.));
#16143 = VECTOR('',#16144,1.);
#16144 = DIRECTION('',(0.,0.,1.));
#16145 = ORIENTED_EDGE('',*,*,#3365,.F.);
#16146 = PLANE('',#16147);
#16147 = AXIS2_PLACEMENT_3D('',#16148,#16149,#16150);
#16148 = CARTESIAN_POINT('',(25.999892,-46.99991,0.));
#16149 = DIRECTION('',(1.,0.,-0.));
#16150 = DIRECTION('',(0.,-1.,0.));
#16151 = ADVANCED_FACE('',(#16152),#16163,.T.);
#16152 = FACE_BOUND('',#16153,.T.);
#16153 = EDGE_LOOP('',(#16154,#16160,#16161,#16162));
#16154 = ORIENTED_EDGE('',*,*,#16155,.T.);
#16155 = EDGE_CURVE('',#3376,#8306,#16156,.T.);
#16156 = LINE('',#16157,#16158);
#16157 = CARTESIAN_POINT('',(25.999892,-45.99991,0.));
#16158 = VECTOR('',#16159,1.);
#16159 = DIRECTION('',(0.,0.,1.));
#16160 = ORIENTED_EDGE('',*,*,#8305,.T.);
#16161 = ORIENTED_EDGE('',*,*,#16133,.F.);
#16162 = ORIENTED_EDGE('',*,*,#3375,.F.);
#16163 = PLANE('',#16164);
#16164 = AXIS2_PLACEMENT_3D('',#16165,#16166,#16167);
#16165 = CARTESIAN_POINT('',(25.999892,-45.99991,0.));
#16166 = DIRECTION('',(1.,0.,-0.));
#16167 = DIRECTION('',(0.,-1.,0.));
#16168 = ADVANCED_FACE('',(#16169),#16180,.F.);
#16169 = FACE_BOUND('',#16170,.T.);
#16170 = EDGE_LOOP('',(#16171,#16172,#16173,#16179));
#16171 = ORIENTED_EDGE('',*,*,#16140,.T.);
#16172 = ORIENTED_EDGE('',*,*,#8346,.T.);
#16173 = ORIENTED_EDGE('',*,*,#16174,.F.);
#16174 = EDGE_CURVE('',#3409,#8339,#16175,.T.);
#16175 = LINE('',#16176,#16177);
#16176 = CARTESIAN_POINT('',(27.999892,-58.99991,0.));
#16177 = VECTOR('',#16178,1.);
#16178 = DIRECTION('',(0.,0.,1.));
#16179 = ORIENTED_EDGE('',*,*,#3416,.F.);
#16180 = CYLINDRICAL_SURFACE('',#16181,1.99999850585);
#16181 = AXIS2_PLACEMENT_3D('',#16182,#16183,#16184);
#16182 = CARTESIAN_POINT('',(27.99989050585,-56.99991149415,0.));
#16183 = DIRECTION('',(-0.,-0.,-1.));
#16184 = DIRECTION('',(-1.,7.470757385066E-07,0.));
#16185 = ADVANCED_FACE('',(#16186),#16197,.T.);
#16186 = FACE_BOUND('',#16187,.T.);
#16187 = EDGE_LOOP('',(#16188,#16194,#16195,#16196));
#16188 = ORIENTED_EDGE('',*,*,#16189,.T.);
#16189 = EDGE_CURVE('',#3384,#8314,#16190,.T.);
#16190 = LINE('',#16191,#16192);
#16191 = CARTESIAN_POINT('',(32.999892,-45.99991,0.));
#16192 = VECTOR('',#16193,1.);
#16193 = DIRECTION('',(0.,0.,1.));
#16194 = ORIENTED_EDGE('',*,*,#8313,.T.);
#16195 = ORIENTED_EDGE('',*,*,#16155,.F.);
#16196 = ORIENTED_EDGE('',*,*,#3383,.F.);
#16197 = PLANE('',#16198);
#16198 = AXIS2_PLACEMENT_3D('',#16199,#16200,#16201);
#16199 = CARTESIAN_POINT('',(32.999892,-45.99991,0.));
#16200 = DIRECTION('',(0.,-1.,0.));
#16201 = DIRECTION('',(-1.,0.,0.));
#16202 = ADVANCED_FACE('',(#16203),#16214,.T.);
#16203 = FACE_BOUND('',#16204,.T.);
#16204 = EDGE_LOOP('',(#16205,#16206,#16207,#16213));
#16205 = ORIENTED_EDGE('',*,*,#16174,.T.);
#16206 = ORIENTED_EDGE('',*,*,#8338,.T.);
#16207 = ORIENTED_EDGE('',*,*,#16208,.F.);
#16208 = EDGE_CURVE('',#3400,#8330,#16209,.T.);
#16209 = LINE('',#16210,#16211);
#16210 = CARTESIAN_POINT('',(30.999892,-58.99991,0.));
#16211 = VECTOR('',#16212,1.);
#16212 = DIRECTION('',(0.,0.,1.));
#16213 = ORIENTED_EDGE('',*,*,#3408,.F.);
#16214 = PLANE('',#16215);
#16215 = AXIS2_PLACEMENT_3D('',#16216,#16217,#16218);
#16216 = CARTESIAN_POINT('',(27.999892,-58.99991,0.));
#16217 = DIRECTION('',(0.,1.,0.));
#16218 = DIRECTION('',(1.,0.,0.));
#16219 = ADVANCED_FACE('',(#16220),#16231,.T.);
#16220 = FACE_BOUND('',#16221,.T.);
#16221 = EDGE_LOOP('',(#16222,#16228,#16229,#16230));
#16222 = ORIENTED_EDGE('',*,*,#16223,.T.);
#16223 = EDGE_CURVE('',#3392,#8322,#16224,.T.);
#16224 = LINE('',#16225,#16226);
#16225 = CARTESIAN_POINT('',(32.999892,-56.99991,0.));
#16226 = VECTOR('',#16227,1.);
#16227 = DIRECTION('',(0.,0.,1.));
#16228 = ORIENTED_EDGE('',*,*,#8321,.T.);
#16229 = ORIENTED_EDGE('',*,*,#16189,.F.);
#16230 = ORIENTED_EDGE('',*,*,#3391,.F.);
#16231 = PLANE('',#16232);
#16232 = AXIS2_PLACEMENT_3D('',#16233,#16234,#16235);
#16233 = CARTESIAN_POINT('',(32.999892,-56.99991,0.));
#16234 = DIRECTION('',(-1.,0.,0.));
#16235 = DIRECTION('',(0.,1.,0.));
#16236 = ADVANCED_FACE('',(#16237),#16243,.F.);
#16237 = FACE_BOUND('',#16238,.T.);
#16238 = EDGE_LOOP('',(#16239,#16240,#16241,#16242));
#16239 = ORIENTED_EDGE('',*,*,#16208,.T.);
#16240 = ORIENTED_EDGE('',*,*,#8329,.T.);
#16241 = ORIENTED_EDGE('',*,*,#16223,.F.);
#16242 = ORIENTED_EDGE('',*,*,#3399,.F.);
#16243 = CYLINDRICAL_SURFACE('',#16244,1.99999850585);
#16244 = AXIS2_PLACEMENT_3D('',#16245,#16246,#16247);
#16245 = CARTESIAN_POINT('',(30.99989349415,-56.99991149415,0.));
#16246 = DIRECTION('',(-0.,-0.,-1.));
#16247 = DIRECTION('',(-7.470757385066E-07,-1.,0.));
#16248 = ADVANCED_FACE('',(#16249),#16260,.F.);
#16249 = FACE_BOUND('',#16250,.T.);
#16250 = EDGE_LOOP('',(#16251,#16252,#16258,#16259));
#16251 = ORIENTED_EDGE('',*,*,#3425,.T.);
#16252 = ORIENTED_EDGE('',*,*,#16253,.T.);
#16253 = EDGE_CURVE('',#3426,#8356,#16254,.T.);
#16254 = LINE('',#16255,#16256);
#16255 = CARTESIAN_POINT('',(23.649892,-45.59991,-4.6E-02));
#16256 = VECTOR('',#16257,1.);
#16257 = DIRECTION('',(0.,0.,1.));
#16258 = ORIENTED_EDGE('',*,*,#8355,.F.);
#16259 = ORIENTED_EDGE('',*,*,#16253,.F.);
#16260 = CYLINDRICAL_SURFACE('',#16261,0.6);
#16261 = AXIS2_PLACEMENT_3D('',#16262,#16263,#16264);
#16262 = CARTESIAN_POINT('',(23.649892,-44.99991,-4.6E-02));
#16263 = DIRECTION('',(-0.,-0.,-1.));
#16264 = DIRECTION('',(-0.,-1.,0.));
#16265 = ADVANCED_FACE('',(#16266),#16277,.F.);
#16266 = FACE_BOUND('',#16267,.T.);
#16267 = EDGE_LOOP('',(#16268,#16274,#16275,#16276));
#16268 = ORIENTED_EDGE('',*,*,#16269,.T.);
#16269 = EDGE_CURVE('',#3437,#8367,#16270,.T.);
#16270 = LINE('',#16271,#16272);
#16271 = CARTESIAN_POINT('',(35.999892,-50.99991,0.));
#16272 = VECTOR('',#16273,1.);
#16273 = DIRECTION('',(0.,0.,1.));
#16274 = ORIENTED_EDGE('',*,*,#8366,.T.);
#16275 = ORIENTED_EDGE('',*,*,#16269,.F.);
#16276 = ORIENTED_EDGE('',*,*,#3436,.F.);
#16277 = CYLINDRICAL_SURFACE('',#16278,0.5);
#16278 = AXIS2_PLACEMENT_3D('',#16279,#16280,#16281);
#16279 = CARTESIAN_POINT('',(35.499892,-50.99991,0.));
#16280 = DIRECTION('',(-0.,-0.,-1.));
#16281 = DIRECTION('',(1.,0.,-0.));
#16282 = ADVANCED_FACE('',(#16283),#16294,.F.);
#16283 = FACE_BOUND('',#16284,.T.);
#16284 = EDGE_LOOP('',(#16285,#16291,#16292,#16293));
#16285 = ORIENTED_EDGE('',*,*,#16286,.T.);
#16286 = EDGE_CURVE('',#3448,#8378,#16287,.T.);
#16287 = LINE('',#16288,#16289);
#16288 = CARTESIAN_POINT('',(35.999892,-47.99991,0.));
#16289 = VECTOR('',#16290,1.);
#16290 = DIRECTION('',(0.,0.,1.));
#16291 = ORIENTED_EDGE('',*,*,#8377,.T.);
#16292 = ORIENTED_EDGE('',*,*,#16286,.F.);
#16293 = ORIENTED_EDGE('',*,*,#3447,.F.);
#16294 = CYLINDRICAL_SURFACE('',#16295,0.5);
#16295 = AXIS2_PLACEMENT_3D('',#16296,#16297,#16298);
#16296 = CARTESIAN_POINT('',(35.499892,-47.99991,0.));
#16297 = DIRECTION('',(-0.,-0.,-1.));
#16298 = DIRECTION('',(1.,0.,-0.));
#16299 = ADVANCED_FACE('',(#16300),#16316,.T.);
#16300 = FACE_BOUND('',#16301,.T.);
#16301 = EDGE_LOOP('',(#16302,#16308,#16309,#16315));
#16302 = ORIENTED_EDGE('',*,*,#16303,.T.);
#16303 = EDGE_CURVE('',#3459,#8389,#16304,.T.);
#16304 = LINE('',#16305,#16306);
#16305 = CARTESIAN_POINT('',(37.999892,-46.99991,0.));
#16306 = VECTOR('',#16307,1.);
#16307 = DIRECTION('',(0.,0.,1.));
#16308 = ORIENTED_EDGE('',*,*,#8388,.T.);
#16309 = ORIENTED_EDGE('',*,*,#16310,.F.);
#16310 = EDGE_CURVE('',#3461,#8391,#16311,.T.);
#16311 = LINE('',#16312,#16313);
#16312 = CARTESIAN_POINT('',(37.999892,-56.99991,0.));
#16313 = VECTOR('',#16314,1.);
#16314 = DIRECTION('',(0.,0.,1.));
#16315 = ORIENTED_EDGE('',*,*,#3458,.F.);
#16316 = PLANE('',#16317);
#16317 = AXIS2_PLACEMENT_3D('',#16318,#16319,#16320);
#16318 = CARTESIAN_POINT('',(37.999892,-46.99991,0.));
#16319 = DIRECTION('',(1.,0.,-0.));
#16320 = DIRECTION('',(0.,-1.,0.));
#16321 = ADVANCED_FACE('',(#16322),#16333,.T.);
#16322 = FACE_BOUND('',#16323,.T.);
#16323 = EDGE_LOOP('',(#16324,#16330,#16331,#16332));
#16324 = ORIENTED_EDGE('',*,*,#16325,.T.);
#16325 = EDGE_CURVE('',#3469,#8399,#16326,.T.);
#16326 = LINE('',#16327,#16328);
#16327 = CARTESIAN_POINT('',(37.999892,-45.99991,0.));
#16328 = VECTOR('',#16329,1.);
#16329 = DIRECTION('',(0.,0.,1.));
#16330 = ORIENTED_EDGE('',*,*,#8398,.T.);
#16331 = ORIENTED_EDGE('',*,*,#16303,.F.);
#16332 = ORIENTED_EDGE('',*,*,#3468,.F.);
#16333 = PLANE('',#16334);
#16334 = AXIS2_PLACEMENT_3D('',#16335,#16336,#16337);
#16335 = CARTESIAN_POINT('',(37.999892,-45.99991,0.));
#16336 = DIRECTION('',(1.,0.,-0.));
#16337 = DIRECTION('',(0.,-1.,0.));
#16338 = ADVANCED_FACE('',(#16339),#16350,.F.);
#16339 = FACE_BOUND('',#16340,.T.);
#16340 = EDGE_LOOP('',(#16341,#16342,#16343,#16349));
#16341 = ORIENTED_EDGE('',*,*,#16310,.T.);
#16342 = ORIENTED_EDGE('',*,*,#8439,.T.);
#16343 = ORIENTED_EDGE('',*,*,#16344,.F.);
#16344 = EDGE_CURVE('',#3502,#8432,#16345,.T.);
#16345 = LINE('',#16346,#16347);
#16346 = CARTESIAN_POINT('',(39.999892,-58.99991,0.));
#16347 = VECTOR('',#16348,1.);
#16348 = DIRECTION('',(0.,0.,1.));
#16349 = ORIENTED_EDGE('',*,*,#3509,.F.);
#16350 = CYLINDRICAL_SURFACE('',#16351,1.99999850585);
#16351 = AXIS2_PLACEMENT_3D('',#16352,#16353,#16354);
#16352 = CARTESIAN_POINT('',(39.99989050585,-56.99991149415,0.));
#16353 = DIRECTION('',(-0.,-0.,-1.));
#16354 = DIRECTION('',(-1.,7.470757420593E-07,0.));
#16355 = ADVANCED_FACE('',(#16356),#16367,.T.);
#16356 = FACE_BOUND('',#16357,.T.);
#16357 = EDGE_LOOP('',(#16358,#16364,#16365,#16366));
#16358 = ORIENTED_EDGE('',*,*,#16359,.T.);
#16359 = EDGE_CURVE('',#3477,#8407,#16360,.T.);
#16360 = LINE('',#16361,#16362);
#16361 = CARTESIAN_POINT('',(44.999892,-45.99991,0.));
#16362 = VECTOR('',#16363,1.);
#16363 = DIRECTION('',(0.,0.,1.));
#16364 = ORIENTED_EDGE('',*,*,#8406,.T.);
#16365 = ORIENTED_EDGE('',*,*,#16325,.F.);
#16366 = ORIENTED_EDGE('',*,*,#3476,.F.);
#16367 = PLANE('',#16368);
#16368 = AXIS2_PLACEMENT_3D('',#16369,#16370,#16371);
#16369 = CARTESIAN_POINT('',(44.999892,-45.99991,0.));
#16370 = DIRECTION('',(0.,-1.,0.));
#16371 = DIRECTION('',(-1.,0.,0.));
#16372 = ADVANCED_FACE('',(#16373),#16384,.T.);
#16373 = FACE_BOUND('',#16374,.T.);
#16374 = EDGE_LOOP('',(#16375,#16376,#16377,#16383));
#16375 = ORIENTED_EDGE('',*,*,#16344,.T.);
#16376 = ORIENTED_EDGE('',*,*,#8431,.T.);
#16377 = ORIENTED_EDGE('',*,*,#16378,.F.);
#16378 = EDGE_CURVE('',#3493,#8423,#16379,.T.);
#16379 = LINE('',#16380,#16381);
#16380 = CARTESIAN_POINT('',(42.999892,-58.99991,0.));
#16381 = VECTOR('',#16382,1.);
#16382 = DIRECTION('',(0.,0.,1.));
#16383 = ORIENTED_EDGE('',*,*,#3501,.F.);
#16384 = PLANE('',#16385);
#16385 = AXIS2_PLACEMENT_3D('',#16386,#16387,#16388);
#16386 = CARTESIAN_POINT('',(39.999892,-58.99991,0.));
#16387 = DIRECTION('',(0.,1.,0.));
#16388 = DIRECTION('',(1.,0.,0.));
#16389 = ADVANCED_FACE('',(#16390),#16401,.T.);
#16390 = FACE_BOUND('',#16391,.T.);
#16391 = EDGE_LOOP('',(#16392,#16398,#16399,#16400));
#16392 = ORIENTED_EDGE('',*,*,#16393,.T.);
#16393 = EDGE_CURVE('',#3485,#8415,#16394,.T.);
#16394 = LINE('',#16395,#16396);
#16395 = CARTESIAN_POINT('',(44.999892,-56.99991,0.));
#16396 = VECTOR('',#16397,1.);
#16397 = DIRECTION('',(0.,0.,1.));
#16398 = ORIENTED_EDGE('',*,*,#8414,.T.);
#16399 = ORIENTED_EDGE('',*,*,#16359,.F.);
#16400 = ORIENTED_EDGE('',*,*,#3484,.F.);
#16401 = PLANE('',#16402);
#16402 = AXIS2_PLACEMENT_3D('',#16403,#16404,#16405);
#16403 = CARTESIAN_POINT('',(44.999892,-56.99991,0.));
#16404 = DIRECTION('',(-1.,0.,0.));
#16405 = DIRECTION('',(0.,1.,0.));
#16406 = ADVANCED_FACE('',(#16407),#16413,.F.);
#16407 = FACE_BOUND('',#16408,.T.);
#16408 = EDGE_LOOP('',(#16409,#16410,#16411,#16412));
#16409 = ORIENTED_EDGE('',*,*,#16378,.T.);
#16410 = ORIENTED_EDGE('',*,*,#8422,.T.);
#16411 = ORIENTED_EDGE('',*,*,#16393,.F.);
#16412 = ORIENTED_EDGE('',*,*,#3492,.F.);
#16413 = CYLINDRICAL_SURFACE('',#16414,1.99999850585);
#16414 = AXIS2_PLACEMENT_3D('',#16415,#16416,#16417);
#16415 = CARTESIAN_POINT('',(42.99989349415,-56.99991149415,0.));
#16416 = DIRECTION('',(-0.,-0.,-1.));
#16417 = DIRECTION('',(-7.470757349539E-07,-1.,0.));
#16418 = ADVANCED_FACE('',(#16419),#16430,.F.);
#16419 = FACE_BOUND('',#16420,.T.);
#16420 = EDGE_LOOP('',(#16421,#16422,#16428,#16429));
#16421 = ORIENTED_EDGE('',*,*,#3518,.T.);
#16422 = ORIENTED_EDGE('',*,*,#16423,.T.);
#16423 = EDGE_CURVE('',#3519,#8449,#16424,.T.);
#16424 = LINE('',#16425,#16426);
#16425 = CARTESIAN_POINT('',(35.628463,-45.599909,-4.6E-02));
#16426 = VECTOR('',#16427,1.);
#16427 = DIRECTION('',(0.,0.,1.));
#16428 = ORIENTED_EDGE('',*,*,#8448,.F.);
#16429 = ORIENTED_EDGE('',*,*,#16423,.F.);
#16430 = CYLINDRICAL_SURFACE('',#16431,0.6);
#16431 = AXIS2_PLACEMENT_3D('',#16432,#16433,#16434);
#16432 = CARTESIAN_POINT('',(35.628463,-44.999909,-4.6E-02));
#16433 = DIRECTION('',(-0.,0.,-1.));
#16434 = DIRECTION('',(1.184237892933E-14,-1.,-0.));
#16435 = ADVANCED_FACE('',(#16436),#16447,.F.);
#16436 = FACE_BOUND('',#16437,.T.);
#16437 = EDGE_LOOP('',(#16438,#16444,#16445,#16446));
#16438 = ORIENTED_EDGE('',*,*,#16439,.T.);
#16439 = EDGE_CURVE('',#3530,#8460,#16440,.T.);
#16440 = LINE('',#16441,#16442);
#16441 = CARTESIAN_POINT('',(47.999891,-62.99991,0.));
#16442 = VECTOR('',#16443,1.);
#16443 = DIRECTION('',(0.,0.,1.));
#16444 = ORIENTED_EDGE('',*,*,#8459,.T.);
#16445 = ORIENTED_EDGE('',*,*,#16439,.F.);
#16446 = ORIENTED_EDGE('',*,*,#3529,.F.);
#16447 = CYLINDRICAL_SURFACE('',#16448,0.499999);
#16448 = AXIS2_PLACEMENT_3D('',#16449,#16450,#16451);
#16449 = CARTESIAN_POINT('',(47.499892,-62.99991,0.));
#16450 = DIRECTION('',(-0.,-0.,-1.));
#16451 = DIRECTION('',(1.,0.,-0.));
#16452 = ADVANCED_FACE('',(#16453),#16464,.F.);
#16453 = FACE_BOUND('',#16454,.T.);
#16454 = EDGE_LOOP('',(#16455,#16461,#16462,#16463));
#16455 = ORIENTED_EDGE('',*,*,#16456,.T.);
#16456 = EDGE_CURVE('',#3541,#8471,#16457,.T.);
#16457 = LINE('',#16458,#16459);
#16458 = CARTESIAN_POINT('',(46.499892,-61.49991,0.));
#16459 = VECTOR('',#16460,1.);
#16460 = DIRECTION('',(0.,0.,1.));
#16461 = ORIENTED_EDGE('',*,*,#8470,.T.);
#16462 = ORIENTED_EDGE('',*,*,#16456,.F.);
#16463 = ORIENTED_EDGE('',*,*,#3540,.F.);
#16464 = CYLINDRICAL_SURFACE('',#16465,0.5);
#16465 = AXIS2_PLACEMENT_3D('',#16466,#16467,#16468);
#16466 = CARTESIAN_POINT('',(45.999892,-61.49991,0.));
#16467 = DIRECTION('',(-0.,-0.,-1.));
#16468 = DIRECTION('',(1.,0.,-0.));
#16469 = ADVANCED_FACE('',(#16470),#16481,.F.);
#16470 = FACE_BOUND('',#16471,.T.);
#16471 = EDGE_LOOP('',(#16472,#16478,#16479,#16480));
#16472 = ORIENTED_EDGE('',*,*,#16473,.T.);
#16473 = EDGE_CURVE('',#3552,#8482,#16474,.T.);
#16474 = LINE('',#16475,#16476);
#16475 = CARTESIAN_POINT('',(49.499892,-61.49991,0.));
#16476 = VECTOR('',#16477,1.);
#16477 = DIRECTION('',(0.,0.,1.));
#16478 = ORIENTED_EDGE('',*,*,#8481,.T.);
#16479 = ORIENTED_EDGE('',*,*,#16473,.F.);
#16480 = ORIENTED_EDGE('',*,*,#3551,.F.);
#16481 = CYLINDRICAL_SURFACE('',#16482,0.5);
#16482 = AXIS2_PLACEMENT_3D('',#16483,#16484,#16485);
#16483 = CARTESIAN_POINT('',(48.999892,-61.49991,0.));
#16484 = DIRECTION('',(-0.,-0.,-1.));
#16485 = DIRECTION('',(1.,0.,-0.));
#16486 = ADVANCED_FACE('',(#16487),#16498,.F.);
#16487 = FACE_BOUND('',#16488,.T.);
#16488 = EDGE_LOOP('',(#16489,#16495,#16496,#16497));
#16489 = ORIENTED_EDGE('',*,*,#16490,.T.);
#16490 = EDGE_CURVE('',#3563,#8493,#16491,.T.);
#16491 = LINE('',#16492,#16493);
#16492 = CARTESIAN_POINT('',(47.999892,-56.99991,0.));
#16493 = VECTOR('',#16494,1.);
#16494 = DIRECTION('',(0.,0.,1.));
#16495 = ORIENTED_EDGE('',*,*,#8492,.T.);
#16496 = ORIENTED_EDGE('',*,*,#16490,.F.);
#16497 = ORIENTED_EDGE('',*,*,#3562,.F.);
#16498 = CYLINDRICAL_SURFACE('',#16499,0.5);
#16499 = AXIS2_PLACEMENT_3D('',#16500,#16501,#16502);
#16500 = CARTESIAN_POINT('',(47.499892,-56.99991,0.));
#16501 = DIRECTION('',(-0.,-0.,-1.));
#16502 = DIRECTION('',(1.,0.,-0.));
#16503 = ADVANCED_FACE('',(#16504),#16515,.F.);
#16504 = FACE_BOUND('',#16505,.T.);
#16505 = EDGE_LOOP('',(#16506,#16512,#16513,#16514));
#16506 = ORIENTED_EDGE('',*,*,#16507,.T.);
#16507 = EDGE_CURVE('',#3574,#8504,#16508,.T.);
#16508 = LINE('',#16509,#16510);
#16509 = CARTESIAN_POINT('',(47.999892,-53.99991,0.));
#16510 = VECTOR('',#16511,1.);
#16511 = DIRECTION('',(0.,0.,1.));
#16512 = ORIENTED_EDGE('',*,*,#8503,.T.);
#16513 = ORIENTED_EDGE('',*,*,#16507,.F.);
#16514 = ORIENTED_EDGE('',*,*,#3573,.F.);
#16515 = CYLINDRICAL_SURFACE('',#16516,0.5);
#16516 = AXIS2_PLACEMENT_3D('',#16517,#16518,#16519);
#16517 = CARTESIAN_POINT('',(47.499892,-53.99991,0.));
#16518 = DIRECTION('',(-0.,-0.,-1.));
#16519 = DIRECTION('',(1.,0.,-0.));
#16520 = ADVANCED_FACE('',(#16521),#16532,.F.);
#16521 = FACE_BOUND('',#16522,.T.);
#16522 = EDGE_LOOP('',(#16523,#16529,#16530,#16531));
#16523 = ORIENTED_EDGE('',*,*,#16524,.T.);
#16524 = EDGE_CURVE('',#3585,#8515,#16525,.T.);
#16525 = LINE('',#16526,#16527);
#16526 = CARTESIAN_POINT('',(59.999892,-56.99991,0.));
#16527 = VECTOR('',#16528,1.);
#16528 = DIRECTION('',(0.,0.,1.));
#16529 = ORIENTED_EDGE('',*,*,#8514,.T.);
#16530 = ORIENTED_EDGE('',*,*,#16524,.F.);
#16531 = ORIENTED_EDGE('',*,*,#3584,.F.);
#16532 = CYLINDRICAL_SURFACE('',#16533,0.5);
#16533 = AXIS2_PLACEMENT_3D('',#16534,#16535,#16536);
#16534 = CARTESIAN_POINT('',(59.499892,-56.99991,0.));
#16535 = DIRECTION('',(-0.,-0.,-1.));
#16536 = DIRECTION('',(1.,0.,-0.));
#16537 = ADVANCED_FACE('',(#16538),#16549,.F.);
#16538 = FACE_BOUND('',#16539,.T.);
#16539 = EDGE_LOOP('',(#16540,#16546,#16547,#16548));
#16540 = ORIENTED_EDGE('',*,*,#16541,.T.);
#16541 = EDGE_CURVE('',#3596,#8526,#16542,.T.);
#16542 = LINE('',#16543,#16544);
#16543 = CARTESIAN_POINT('',(59.999892,-53.99991,0.));
#16544 = VECTOR('',#16545,1.);
#16545 = DIRECTION('',(0.,0.,1.));
#16546 = ORIENTED_EDGE('',*,*,#8525,.T.);
#16547 = ORIENTED_EDGE('',*,*,#16541,.F.);
#16548 = ORIENTED_EDGE('',*,*,#3595,.F.);
#16549 = CYLINDRICAL_SURFACE('',#16550,0.5);
#16550 = AXIS2_PLACEMENT_3D('',#16551,#16552,#16553);
#16551 = CARTESIAN_POINT('',(59.499892,-53.99991,0.));
#16552 = DIRECTION('',(-0.,-0.,-1.));
#16553 = DIRECTION('',(1.,0.,-0.));
#16554 = ADVANCED_FACE('',(#16555),#16566,.F.);
#16555 = FACE_BOUND('',#16556,.T.);
#16556 = EDGE_LOOP('',(#16557,#16563,#16564,#16565));
#16557 = ORIENTED_EDGE('',*,*,#16558,.T.);
#16558 = EDGE_CURVE('',#3607,#8537,#16559,.T.);
#16559 = LINE('',#16560,#16561);
#16560 = CARTESIAN_POINT('',(47.999892,-50.99991,0.));
#16561 = VECTOR('',#16562,1.);
#16562 = DIRECTION('',(0.,0.,1.));
#16563 = ORIENTED_EDGE('',*,*,#8536,.T.);
#16564 = ORIENTED_EDGE('',*,*,#16558,.F.);
#16565 = ORIENTED_EDGE('',*,*,#3606,.F.);
#16566 = CYLINDRICAL_SURFACE('',#16567,0.5);
#16567 = AXIS2_PLACEMENT_3D('',#16568,#16569,#16570);
#16568 = CARTESIAN_POINT('',(47.499892,-50.99991,0.));
#16569 = DIRECTION('',(-0.,-0.,-1.));
#16570 = DIRECTION('',(1.,0.,-0.));
#16571 = ADVANCED_FACE('',(#16572),#16583,.F.);
#16572 = FACE_BOUND('',#16573,.T.);
#16573 = EDGE_LOOP('',(#16574,#16580,#16581,#16582));
#16574 = ORIENTED_EDGE('',*,*,#16575,.T.);
#16575 = EDGE_CURVE('',#3618,#8548,#16576,.T.);
#16576 = LINE('',#16577,#16578);
#16577 = CARTESIAN_POINT('',(47.999892,-47.99991,0.));
#16578 = VECTOR('',#16579,1.);
#16579 = DIRECTION('',(0.,0.,1.));
#16580 = ORIENTED_EDGE('',*,*,#8547,.T.);
#16581 = ORIENTED_EDGE('',*,*,#16575,.F.);
#16582 = ORIENTED_EDGE('',*,*,#3617,.F.);
#16583 = CYLINDRICAL_SURFACE('',#16584,0.5);
#16584 = AXIS2_PLACEMENT_3D('',#16585,#16586,#16587);
#16585 = CARTESIAN_POINT('',(47.499892,-47.99991,0.));
#16586 = DIRECTION('',(-0.,-0.,-1.));
#16587 = DIRECTION('',(1.,0.,-0.));
#16588 = ADVANCED_FACE('',(#16589),#16605,.T.);
#16589 = FACE_BOUND('',#16590,.T.);
#16590 = EDGE_LOOP('',(#16591,#16597,#16598,#16604));
#16591 = ORIENTED_EDGE('',*,*,#16592,.T.);
#16592 = EDGE_CURVE('',#3629,#8559,#16593,.T.);
#16593 = LINE('',#16594,#16595);
#16594 = CARTESIAN_POINT('',(49.999892,-46.99991,0.));
#16595 = VECTOR('',#16596,1.);
#16596 = DIRECTION('',(0.,0.,1.));
#16597 = ORIENTED_EDGE('',*,*,#8558,.T.);
#16598 = ORIENTED_EDGE('',*,*,#16599,.F.);
#16599 = EDGE_CURVE('',#3631,#8561,#16600,.T.);
#16600 = LINE('',#16601,#16602);
#16601 = CARTESIAN_POINT('',(49.999892,-56.99991,0.));
#16602 = VECTOR('',#16603,1.);
#16603 = DIRECTION('',(0.,0.,1.));
#16604 = ORIENTED_EDGE('',*,*,#3628,.F.);
#16605 = PLANE('',#16606);
#16606 = AXIS2_PLACEMENT_3D('',#16607,#16608,#16609);
#16607 = CARTESIAN_POINT('',(49.999892,-46.99991,0.));
#16608 = DIRECTION('',(1.,0.,-0.));
#16609 = DIRECTION('',(0.,-1.,0.));
#16610 = ADVANCED_FACE('',(#16611),#16622,.T.);
#16611 = FACE_BOUND('',#16612,.T.);
#16612 = EDGE_LOOP('',(#16613,#16619,#16620,#16621));
#16613 = ORIENTED_EDGE('',*,*,#16614,.T.);
#16614 = EDGE_CURVE('',#3639,#8569,#16615,.T.);
#16615 = LINE('',#16616,#16617);
#16616 = CARTESIAN_POINT('',(49.999892,-45.99991,0.));
#16617 = VECTOR('',#16618,1.);
#16618 = DIRECTION('',(0.,0.,1.));
#16619 = ORIENTED_EDGE('',*,*,#8568,.T.);
#16620 = ORIENTED_EDGE('',*,*,#16592,.F.);
#16621 = ORIENTED_EDGE('',*,*,#3638,.F.);
#16622 = PLANE('',#16623);
#16623 = AXIS2_PLACEMENT_3D('',#16624,#16625,#16626);
#16624 = CARTESIAN_POINT('',(49.999892,-45.99991,0.));
#16625 = DIRECTION('',(1.,0.,-0.));
#16626 = DIRECTION('',(0.,-1.,0.));
#16627 = ADVANCED_FACE('',(#16628),#16639,.F.);
#16628 = FACE_BOUND('',#16629,.T.);
#16629 = EDGE_LOOP('',(#16630,#16631,#16632,#16638));
#16630 = ORIENTED_EDGE('',*,*,#16599,.T.);
#16631 = ORIENTED_EDGE('',*,*,#8609,.T.);
#16632 = ORIENTED_EDGE('',*,*,#16633,.F.);
#16633 = EDGE_CURVE('',#3672,#8602,#16634,.T.);
#16634 = LINE('',#16635,#16636);
#16635 = CARTESIAN_POINT('',(51.999892,-58.99991,0.));
#16636 = VECTOR('',#16637,1.);
#16637 = DIRECTION('',(0.,0.,1.));
#16638 = ORIENTED_EDGE('',*,*,#3679,.F.);
#16639 = CYLINDRICAL_SURFACE('',#16640,1.99999850585);
#16640 = AXIS2_PLACEMENT_3D('',#16641,#16642,#16643);
#16641 = CARTESIAN_POINT('',(51.99989050585,-56.99991149415,0.));
#16642 = DIRECTION('',(-0.,-0.,-1.));
#16643 = DIRECTION('',(-1.,7.470757420593E-07,0.));
#16644 = ADVANCED_FACE('',(#16645),#16656,.T.);
#16645 = FACE_BOUND('',#16646,.T.);
#16646 = EDGE_LOOP('',(#16647,#16653,#16654,#16655));
#16647 = ORIENTED_EDGE('',*,*,#16648,.T.);
#16648 = EDGE_CURVE('',#3647,#8577,#16649,.T.);
#16649 = LINE('',#16650,#16651);
#16650 = CARTESIAN_POINT('',(56.999892,-45.99991,0.));
#16651 = VECTOR('',#16652,1.);
#16652 = DIRECTION('',(0.,0.,1.));
#16653 = ORIENTED_EDGE('',*,*,#8576,.T.);
#16654 = ORIENTED_EDGE('',*,*,#16614,.F.);
#16655 = ORIENTED_EDGE('',*,*,#3646,.F.);
#16656 = PLANE('',#16657);
#16657 = AXIS2_PLACEMENT_3D('',#16658,#16659,#16660);
#16658 = CARTESIAN_POINT('',(56.999892,-45.99991,0.));
#16659 = DIRECTION('',(0.,-1.,0.));
#16660 = DIRECTION('',(-1.,0.,0.));
#16661 = ADVANCED_FACE('',(#16662),#16673,.T.);
#16662 = FACE_BOUND('',#16663,.T.);
#16663 = EDGE_LOOP('',(#16664,#16665,#16666,#16672));
#16664 = ORIENTED_EDGE('',*,*,#16633,.T.);
#16665 = ORIENTED_EDGE('',*,*,#8601,.T.);
#16666 = ORIENTED_EDGE('',*,*,#16667,.F.);
#16667 = EDGE_CURVE('',#3663,#8593,#16668,.T.);
#16668 = LINE('',#16669,#16670);
#16669 = CARTESIAN_POINT('',(54.999892,-58.99991,0.));
#16670 = VECTOR('',#16671,1.);
#16671 = DIRECTION('',(0.,0.,1.));
#16672 = ORIENTED_EDGE('',*,*,#3671,.F.);
#16673 = PLANE('',#16674);
#16674 = AXIS2_PLACEMENT_3D('',#16675,#16676,#16677);
#16675 = CARTESIAN_POINT('',(51.999892,-58.99991,0.));
#16676 = DIRECTION('',(0.,1.,0.));
#16677 = DIRECTION('',(1.,0.,0.));
#16678 = ADVANCED_FACE('',(#16679),#16690,.T.);
#16679 = FACE_BOUND('',#16680,.T.);
#16680 = EDGE_LOOP('',(#16681,#16687,#16688,#16689));
#16681 = ORIENTED_EDGE('',*,*,#16682,.T.);
#16682 = EDGE_CURVE('',#3655,#8585,#16683,.T.);
#16683 = LINE('',#16684,#16685);
#16684 = CARTESIAN_POINT('',(56.999892,-56.99991,0.));
#16685 = VECTOR('',#16686,1.);
#16686 = DIRECTION('',(0.,0.,1.));
#16687 = ORIENTED_EDGE('',*,*,#8584,.T.);
#16688 = ORIENTED_EDGE('',*,*,#16648,.F.);
#16689 = ORIENTED_EDGE('',*,*,#3654,.F.);
#16690 = PLANE('',#16691);
#16691 = AXIS2_PLACEMENT_3D('',#16692,#16693,#16694);
#16692 = CARTESIAN_POINT('',(56.999892,-56.99991,0.));
#16693 = DIRECTION('',(-1.,0.,0.));
#16694 = DIRECTION('',(0.,1.,0.));
#16695 = ADVANCED_FACE('',(#16696),#16702,.F.);
#16696 = FACE_BOUND('',#16697,.T.);
#16697 = EDGE_LOOP('',(#16698,#16699,#16700,#16701));
#16698 = ORIENTED_EDGE('',*,*,#16667,.T.);
#16699 = ORIENTED_EDGE('',*,*,#8592,.T.);
#16700 = ORIENTED_EDGE('',*,*,#16682,.F.);
#16701 = ORIENTED_EDGE('',*,*,#3662,.F.);
#16702 = CYLINDRICAL_SURFACE('',#16703,1.99999850585);
#16703 = AXIS2_PLACEMENT_3D('',#16704,#16705,#16706);
#16704 = CARTESIAN_POINT('',(54.99989349415,-56.99991149415,0.));
#16705 = DIRECTION('',(-0.,-0.,-1.));
#16706 = DIRECTION('',(-7.470757349539E-07,-1.,0.));
#16707 = ADVANCED_FACE('',(#16708),#16719,.F.);
#16708 = FACE_BOUND('',#16709,.T.);
#16709 = EDGE_LOOP('',(#16710,#16711,#16717,#16718));
#16710 = ORIENTED_EDGE('',*,*,#3688,.T.);
#16711 = ORIENTED_EDGE('',*,*,#16712,.T.);
#16712 = EDGE_CURVE('',#3689,#8619,#16713,.T.);
#16713 = LINE('',#16714,#16715);
#16714 = CARTESIAN_POINT('',(47.607034,-45.59991,-4.6E-02));
#16715 = VECTOR('',#16716,1.);
#16716 = DIRECTION('',(0.,0.,1.));
#16717 = ORIENTED_EDGE('',*,*,#8618,.F.);
#16718 = ORIENTED_EDGE('',*,*,#16712,.F.);
#16719 = CYLINDRICAL_SURFACE('',#16720,0.6);
#16720 = AXIS2_PLACEMENT_3D('',#16721,#16722,#16723);
#16721 = CARTESIAN_POINT('',(47.607034,-44.99991,-4.6E-02));
#16722 = DIRECTION('',(-0.,-0.,-1.));
#16723 = DIRECTION('',(-0.,-1.,0.));
#16724 = ADVANCED_FACE('',(#16725),#16736,.F.);
#16725 = FACE_BOUND('',#16726,.T.);
#16726 = EDGE_LOOP('',(#16727,#16733,#16734,#16735));
#16727 = ORIENTED_EDGE('',*,*,#16728,.T.);
#16728 = EDGE_CURVE('',#3700,#8630,#16729,.T.);
#16729 = LINE('',#16730,#16731);
#16730 = CARTESIAN_POINT('',(59.999892,-50.99991,0.));
#16731 = VECTOR('',#16732,1.);
#16732 = DIRECTION('',(0.,0.,1.));
#16733 = ORIENTED_EDGE('',*,*,#8629,.T.);
#16734 = ORIENTED_EDGE('',*,*,#16728,.F.);
#16735 = ORIENTED_EDGE('',*,*,#3699,.F.);
#16736 = CYLINDRICAL_SURFACE('',#16737,0.5);
#16737 = AXIS2_PLACEMENT_3D('',#16738,#16739,#16740);
#16738 = CARTESIAN_POINT('',(59.499892,-50.99991,0.));
#16739 = DIRECTION('',(-0.,-0.,-1.));
#16740 = DIRECTION('',(1.,0.,-0.));
#16741 = ADVANCED_FACE('',(#16742),#16753,.F.);
#16742 = FACE_BOUND('',#16743,.T.);
#16743 = EDGE_LOOP('',(#16744,#16750,#16751,#16752));
#16744 = ORIENTED_EDGE('',*,*,#16745,.T.);
#16745 = EDGE_CURVE('',#3711,#8641,#16746,.T.);
#16746 = LINE('',#16747,#16748);
#16747 = CARTESIAN_POINT('',(59.999892,-47.99991,0.));
#16748 = VECTOR('',#16749,1.);
#16749 = DIRECTION('',(0.,0.,1.));
#16750 = ORIENTED_EDGE('',*,*,#8640,.T.);
#16751 = ORIENTED_EDGE('',*,*,#16745,.F.);
#16752 = ORIENTED_EDGE('',*,*,#3710,.F.);
#16753 = CYLINDRICAL_SURFACE('',#16754,0.5);
#16754 = AXIS2_PLACEMENT_3D('',#16755,#16756,#16757);
#16755 = CARTESIAN_POINT('',(59.499892,-47.99991,0.));
#16756 = DIRECTION('',(-0.,-0.,-1.));
#16757 = DIRECTION('',(1.,0.,-0.));
#16758 = ADVANCED_FACE('',(#16759),#16770,.F.);
#16759 = FACE_BOUND('',#16760,.T.);
#16760 = EDGE_LOOP('',(#16761,#16762,#16768,#16769));
#16761 = ORIENTED_EDGE('',*,*,#3721,.T.);
#16762 = ORIENTED_EDGE('',*,*,#16763,.T.);
#16763 = EDGE_CURVE('',#3722,#8652,#16764,.T.);
#16764 = LINE('',#16765,#16766);
#16765 = CARTESIAN_POINT('',(59.585605,-45.599909,-4.6E-02));
#16766 = VECTOR('',#16767,1.);
#16767 = DIRECTION('',(0.,0.,1.));
#16768 = ORIENTED_EDGE('',*,*,#8651,.F.);
#16769 = ORIENTED_EDGE('',*,*,#16763,.F.);
#16770 = CYLINDRICAL_SURFACE('',#16771,0.6);
#16771 = AXIS2_PLACEMENT_3D('',#16772,#16773,#16774);
#16772 = CARTESIAN_POINT('',(59.585605,-44.999909,-4.6E-02));
#16773 = DIRECTION('',(-0.,-0.,-1.));
#16774 = DIRECTION('',(-0.,-1.,0.));
#16775 = ADVANCED_FACE('',(#16776),#16792,.T.);
#16776 = FACE_BOUND('',#16777,.T.);
#16777 = EDGE_LOOP('',(#16778,#16784,#16785,#16791));
#16778 = ORIENTED_EDGE('',*,*,#16779,.T.);
#16779 = EDGE_CURVE('',#3733,#8663,#16780,.T.);
#16780 = LINE('',#16781,#16782);
#16781 = CARTESIAN_POINT('',(25.999892,-19.99991,0.));
#16782 = VECTOR('',#16783,1.);
#16783 = DIRECTION('',(0.,0.,1.));
#16784 = ORIENTED_EDGE('',*,*,#8662,.T.);
#16785 = ORIENTED_EDGE('',*,*,#16786,.F.);
#16786 = EDGE_CURVE('',#3735,#8665,#16787,.T.);
#16787 = LINE('',#16788,#16789);
#16788 = CARTESIAN_POINT('',(26.999892,-27.99991,0.));
#16789 = VECTOR('',#16790,1.);
#16790 = DIRECTION('',(0.,0.,1.));
#16791 = ORIENTED_EDGE('',*,*,#3732,.F.);
#16792 = PLANE('',#16793);
#16793 = AXIS2_PLACEMENT_3D('',#16794,#16795,#16796);
#16794 = CARTESIAN_POINT('',(25.999892,-19.99991,0.));
#16795 = DIRECTION('',(0.992277876714,0.124034734589,-0.));
#16796 = DIRECTION('',(0.124034734589,-0.992277876714,0.));
#16797 = ADVANCED_FACE('',(#16798),#16809,.T.);
#16798 = FACE_BOUND('',#16799,.T.);
#16799 = EDGE_LOOP('',(#16800,#16806,#16807,#16808));
#16800 = ORIENTED_EDGE('',*,*,#16801,.T.);
#16801 = EDGE_CURVE('',#3743,#8673,#16802,.T.);
#16802 = LINE('',#16803,#16804);
#16803 = CARTESIAN_POINT('',(25.999892,-18.99991,0.));
#16804 = VECTOR('',#16805,1.);
#16805 = DIRECTION('',(0.,0.,1.));
#16806 = ORIENTED_EDGE('',*,*,#8672,.T.);
#16807 = ORIENTED_EDGE('',*,*,#16779,.F.);
#16808 = ORIENTED_EDGE('',*,*,#3742,.F.);
#16809 = PLANE('',#16810);
#16810 = AXIS2_PLACEMENT_3D('',#16811,#16812,#16813);
#16811 = CARTESIAN_POINT('',(25.999892,-18.99991,0.));
#16812 = DIRECTION('',(1.,0.,-0.));
#16813 = DIRECTION('',(0.,-1.,0.));
#16814 = ADVANCED_FACE('',(#16815),#16826,.T.);
#16815 = FACE_BOUND('',#16816,.T.);
#16816 = EDGE_LOOP('',(#16817,#16818,#16819,#16825));
#16817 = ORIENTED_EDGE('',*,*,#16786,.T.);
#16818 = ORIENTED_EDGE('',*,*,#8752,.T.);
#16819 = ORIENTED_EDGE('',*,*,#16820,.F.);
#16820 = EDGE_CURVE('',#3815,#8745,#16821,.T.);
#16821 = LINE('',#16822,#16823);
#16822 = CARTESIAN_POINT('',(26.999892,-34.99991,0.));
#16823 = VECTOR('',#16824,1.);
#16824 = DIRECTION('',(0.,0.,1.));
#16825 = ORIENTED_EDGE('',*,*,#3822,.F.);
#16826 = PLANE('',#16827);
#16827 = AXIS2_PLACEMENT_3D('',#16828,#16829,#16830);
#16828 = CARTESIAN_POINT('',(26.999892,-27.99991,0.));
#16829 = DIRECTION('',(1.,0.,-0.));
#16830 = DIRECTION('',(0.,-1.,0.));
#16831 = ADVANCED_FACE('',(#16832),#16843,.T.);
#16832 = FACE_BOUND('',#16833,.T.);
#16833 = EDGE_LOOP('',(#16834,#16840,#16841,#16842));
#16834 = ORIENTED_EDGE('',*,*,#16835,.T.);
#16835 = EDGE_CURVE('',#3751,#8681,#16836,.T.);
#16836 = LINE('',#16837,#16838);
#16837 = CARTESIAN_POINT('',(32.999892,-18.99991,0.));
#16838 = VECTOR('',#16839,1.);
#16839 = DIRECTION('',(0.,0.,1.));
#16840 = ORIENTED_EDGE('',*,*,#8680,.T.);
#16841 = ORIENTED_EDGE('',*,*,#16801,.F.);
#16842 = ORIENTED_EDGE('',*,*,#3750,.F.);
#16843 = PLANE('',#16844);
#16844 = AXIS2_PLACEMENT_3D('',#16845,#16846,#16847);
#16845 = CARTESIAN_POINT('',(32.999892,-18.99991,0.));
#16846 = DIRECTION('',(0.,-1.,0.));
#16847 = DIRECTION('',(-1.,0.,0.));
#16848 = ADVANCED_FACE('',(#16849),#16860,.T.);
#16849 = FACE_BOUND('',#16850,.T.);
#16850 = EDGE_LOOP('',(#16851,#16852,#16853,#16859));
#16851 = ORIENTED_EDGE('',*,*,#16820,.T.);
#16852 = ORIENTED_EDGE('',*,*,#8744,.T.);
#16853 = ORIENTED_EDGE('',*,*,#16854,.F.);
#16854 = EDGE_CURVE('',#3807,#8737,#16855,.T.);
#16855 = LINE('',#16856,#16857);
#16856 = CARTESIAN_POINT('',(25.999892,-42.99991,0.));
#16857 = VECTOR('',#16858,1.);
#16858 = DIRECTION('',(0.,0.,1.));
#16859 = ORIENTED_EDGE('',*,*,#3814,.F.);
#16860 = PLANE('',#16861);
#16861 = AXIS2_PLACEMENT_3D('',#16862,#16863,#16864);
#16862 = CARTESIAN_POINT('',(26.999892,-34.99991,0.));
#16863 = DIRECTION('',(0.992277876714,-0.124034734589,0.));
#16864 = DIRECTION('',(-0.124034734589,-0.992277876714,0.));
#16865 = ADVANCED_FACE('',(#16866),#16877,.T.);
#16866 = FACE_BOUND('',#16867,.T.);
#16867 = EDGE_LOOP('',(#16868,#16874,#16875,#16876));
#16868 = ORIENTED_EDGE('',*,*,#16869,.T.);
#16869 = EDGE_CURVE('',#3759,#8689,#16870,.T.);
#16870 = LINE('',#16871,#16872);
#16871 = CARTESIAN_POINT('',(32.999892,-20.99991,0.));
#16872 = VECTOR('',#16873,1.);
#16873 = DIRECTION('',(0.,0.,1.));
#16874 = ORIENTED_EDGE('',*,*,#8688,.T.);
#16875 = ORIENTED_EDGE('',*,*,#16835,.F.);
#16876 = ORIENTED_EDGE('',*,*,#3758,.F.);
#16877 = PLANE('',#16878);
#16878 = AXIS2_PLACEMENT_3D('',#16879,#16880,#16881);
#16879 = CARTESIAN_POINT('',(32.999892,-20.99991,0.));
#16880 = DIRECTION('',(-1.,0.,0.));
#16881 = DIRECTION('',(0.,1.,0.));
#16882 = ADVANCED_FACE('',(#16883),#16894,.T.);
#16883 = FACE_BOUND('',#16884,.T.);
#16884 = EDGE_LOOP('',(#16885,#16886,#16887,#16893));
#16885 = ORIENTED_EDGE('',*,*,#16854,.T.);
#16886 = ORIENTED_EDGE('',*,*,#8736,.T.);
#16887 = ORIENTED_EDGE('',*,*,#16888,.F.);
#16888 = EDGE_CURVE('',#3799,#8729,#16889,.T.);
#16889 = LINE('',#16890,#16891);
#16890 = CARTESIAN_POINT('',(25.999892,-43.99991,0.));
#16891 = VECTOR('',#16892,1.);
#16892 = DIRECTION('',(0.,0.,1.));
#16893 = ORIENTED_EDGE('',*,*,#3806,.F.);
#16894 = PLANE('',#16895);
#16895 = AXIS2_PLACEMENT_3D('',#16896,#16897,#16898);
#16896 = CARTESIAN_POINT('',(25.999892,-42.99991,0.));
#16897 = DIRECTION('',(1.,0.,-0.));
#16898 = DIRECTION('',(0.,-1.,0.));
#16899 = ADVANCED_FACE('',(#16900),#16911,.T.);
#16900 = FACE_BOUND('',#16901,.T.);
#16901 = EDGE_LOOP('',(#16902,#16908,#16909,#16910));
#16902 = ORIENTED_EDGE('',*,*,#16903,.T.);
#16903 = EDGE_CURVE('',#3767,#8697,#16904,.T.);
#16904 = LINE('',#16905,#16906);
#16905 = CARTESIAN_POINT('',(31.999892,-27.99991,0.));
#16906 = VECTOR('',#16907,1.);
#16907 = DIRECTION('',(0.,0.,1.));
#16908 = ORIENTED_EDGE('',*,*,#8696,.T.);
#16909 = ORIENTED_EDGE('',*,*,#16869,.F.);
#16910 = ORIENTED_EDGE('',*,*,#3766,.F.);
#16911 = PLANE('',#16912);
#16912 = AXIS2_PLACEMENT_3D('',#16913,#16914,#16915);
#16913 = CARTESIAN_POINT('',(31.999892,-27.99991,0.));
#16914 = DIRECTION('',(-0.989949493661,0.141421356237,0.));
#16915 = DIRECTION('',(0.141421356237,0.989949493661,0.));
#16916 = ADVANCED_FACE('',(#16917),#16928,.T.);
#16917 = FACE_BOUND('',#16918,.T.);
#16918 = EDGE_LOOP('',(#16919,#16920,#16921,#16927));
#16919 = ORIENTED_EDGE('',*,*,#16888,.T.);
#16920 = ORIENTED_EDGE('',*,*,#8728,.T.);
#16921 = ORIENTED_EDGE('',*,*,#16922,.F.);
#16922 = EDGE_CURVE('',#3791,#8721,#16923,.T.);
#16923 = LINE('',#16924,#16925);
#16924 = CARTESIAN_POINT('',(32.999892,-43.99991,0.));
#16925 = VECTOR('',#16926,1.);
#16926 = DIRECTION('',(0.,0.,1.));
#16927 = ORIENTED_EDGE('',*,*,#3798,.F.);
#16928 = PLANE('',#16929);
#16929 = AXIS2_PLACEMENT_3D('',#16930,#16931,#16932);
#16930 = CARTESIAN_POINT('',(25.999892,-43.99991,0.));
#16931 = DIRECTION('',(0.,1.,0.));
#16932 = DIRECTION('',(1.,0.,0.));
#16933 = ADVANCED_FACE('',(#16934),#16945,.T.);
#16934 = FACE_BOUND('',#16935,.T.);
#16935 = EDGE_LOOP('',(#16936,#16942,#16943,#16944));
#16936 = ORIENTED_EDGE('',*,*,#16937,.T.);
#16937 = EDGE_CURVE('',#3775,#8705,#16938,.T.);
#16938 = LINE('',#16939,#16940);
#16939 = CARTESIAN_POINT('',(31.999892,-34.99991,0.));
#16940 = VECTOR('',#16941,1.);
#16941 = DIRECTION('',(0.,0.,1.));
#16942 = ORIENTED_EDGE('',*,*,#8704,.T.);
#16943 = ORIENTED_EDGE('',*,*,#16903,.F.);
#16944 = ORIENTED_EDGE('',*,*,#3774,.F.);
#16945 = PLANE('',#16946);
#16946 = AXIS2_PLACEMENT_3D('',#16947,#16948,#16949);
#16947 = CARTESIAN_POINT('',(31.999892,-34.99991,0.));
#16948 = DIRECTION('',(-1.,0.,0.));
#16949 = DIRECTION('',(0.,1.,0.));
#16950 = ADVANCED_FACE('',(#16951),#16962,.T.);
#16951 = FACE_BOUND('',#16952,.T.);
#16952 = EDGE_LOOP('',(#16953,#16954,#16955,#16961));
#16953 = ORIENTED_EDGE('',*,*,#16922,.T.);
#16954 = ORIENTED_EDGE('',*,*,#8720,.T.);
#16955 = ORIENTED_EDGE('',*,*,#16956,.F.);
#16956 = EDGE_CURVE('',#3783,#8713,#16957,.T.);
#16957 = LINE('',#16958,#16959);
#16958 = CARTESIAN_POINT('',(32.999892,-42.99991,0.));
#16959 = VECTOR('',#16960,1.);
#16960 = DIRECTION('',(0.,0.,1.));
#16961 = ORIENTED_EDGE('',*,*,#3790,.F.);
#16962 = PLANE('',#16963);
#16963 = AXIS2_PLACEMENT_3D('',#16964,#16965,#16966);
#16964 = CARTESIAN_POINT('',(32.999892,-43.99991,0.));
#16965 = DIRECTION('',(-1.,0.,0.));
#16966 = DIRECTION('',(0.,1.,0.));
#16967 = ADVANCED_FACE('',(#16968),#16974,.T.);
#16968 = FACE_BOUND('',#16969,.T.);
#16969 = EDGE_LOOP('',(#16970,#16971,#16972,#16973));
#16970 = ORIENTED_EDGE('',*,*,#16956,.T.);
#16971 = ORIENTED_EDGE('',*,*,#8712,.T.);
#16972 = ORIENTED_EDGE('',*,*,#16937,.F.);
#16973 = ORIENTED_EDGE('',*,*,#3782,.F.);
#16974 = PLANE('',#16975);
#16975 = AXIS2_PLACEMENT_3D('',#16976,#16977,#16978);
#16976 = CARTESIAN_POINT('',(32.999892,-42.99991,0.));
#16977 = DIRECTION('',(-0.992277876714,-0.124034734589,0.));
#16978 = DIRECTION('',(-0.124034734589,0.992277876714,0.));
#16979 = ADVANCED_FACE('',(#16980),#16996,.T.);
#16980 = FACE_BOUND('',#16981,.T.);
#16981 = EDGE_LOOP('',(#16982,#16988,#16989,#16995));
#16982 = ORIENTED_EDGE('',*,*,#16983,.T.);
#16983 = EDGE_CURVE('',#3831,#8761,#16984,.T.);
#16984 = LINE('',#16985,#16986);
#16985 = CARTESIAN_POINT('',(37.999892,-19.99991,0.));
#16986 = VECTOR('',#16987,1.);
#16987 = DIRECTION('',(0.,0.,1.));
#16988 = ORIENTED_EDGE('',*,*,#8760,.T.);
#16989 = ORIENTED_EDGE('',*,*,#16990,.F.);
#16990 = EDGE_CURVE('',#3833,#8763,#16991,.T.);
#16991 = LINE('',#16992,#16993);
#16992 = CARTESIAN_POINT('',(38.999892,-27.99991,0.));
#16993 = VECTOR('',#16994,1.);
#16994 = DIRECTION('',(0.,0.,1.));
#16995 = ORIENTED_EDGE('',*,*,#3830,.F.);
#16996 = PLANE('',#16997);
#16997 = AXIS2_PLACEMENT_3D('',#16998,#16999,#17000);
#16998 = CARTESIAN_POINT('',(37.999892,-19.99991,0.));
#16999 = DIRECTION('',(0.992277876714,0.124034734589,-0.));
#17000 = DIRECTION('',(0.124034734589,-0.992277876714,0.));
#17001 = ADVANCED_FACE('',(#17002),#17013,.T.);
#17002 = FACE_BOUND('',#17003,.T.);
#17003 = EDGE_LOOP('',(#17004,#17010,#17011,#17012));
#17004 = ORIENTED_EDGE('',*,*,#17005,.T.);
#17005 = EDGE_CURVE('',#3841,#8771,#17006,.T.);
#17006 = LINE('',#17007,#17008);
#17007 = CARTESIAN_POINT('',(37.999892,-18.99991,0.));
#17008 = VECTOR('',#17009,1.);
#17009 = DIRECTION('',(0.,0.,1.));
#17010 = ORIENTED_EDGE('',*,*,#8770,.T.);
#17011 = ORIENTED_EDGE('',*,*,#16983,.F.);
#17012 = ORIENTED_EDGE('',*,*,#3840,.F.);
#17013 = PLANE('',#17014);
#17014 = AXIS2_PLACEMENT_3D('',#17015,#17016,#17017);
#17015 = CARTESIAN_POINT('',(37.999892,-18.99991,0.));
#17016 = DIRECTION('',(1.,0.,-0.));
#17017 = DIRECTION('',(0.,-1.,0.));
#17018 = ADVANCED_FACE('',(#17019),#17030,.T.);
#17019 = FACE_BOUND('',#17020,.T.);
#17020 = EDGE_LOOP('',(#17021,#17022,#17023,#17029));
#17021 = ORIENTED_EDGE('',*,*,#16990,.T.);
#17022 = ORIENTED_EDGE('',*,*,#8850,.T.);
#17023 = ORIENTED_EDGE('',*,*,#17024,.F.);
#17024 = EDGE_CURVE('',#3913,#8843,#17025,.T.);
#17025 = LINE('',#17026,#17027);
#17026 = CARTESIAN_POINT('',(38.999892,-34.99991,0.));
#17027 = VECTOR('',#17028,1.);
#17028 = DIRECTION('',(0.,0.,1.));
#17029 = ORIENTED_EDGE('',*,*,#3920,.F.);
#17030 = PLANE('',#17031);
#17031 = AXIS2_PLACEMENT_3D('',#17032,#17033,#17034);
#17032 = CARTESIAN_POINT('',(38.999892,-27.99991,0.));
#17033 = DIRECTION('',(1.,0.,-0.));
#17034 = DIRECTION('',(0.,-1.,0.));
#17035 = ADVANCED_FACE('',(#17036),#17047,.T.);
#17036 = FACE_BOUND('',#17037,.T.);
#17037 = EDGE_LOOP('',(#17038,#17044,#17045,#17046));
#17038 = ORIENTED_EDGE('',*,*,#17039,.T.);
#17039 = EDGE_CURVE('',#3849,#8779,#17040,.T.);
#17040 = LINE('',#17041,#17042);
#17041 = CARTESIAN_POINT('',(44.999892,-18.99991,0.));
#17042 = VECTOR('',#17043,1.);
#17043 = DIRECTION('',(0.,0.,1.));
#17044 = ORIENTED_EDGE('',*,*,#8778,.T.);
#17045 = ORIENTED_EDGE('',*,*,#17005,.F.);
#17046 = ORIENTED_EDGE('',*,*,#3848,.F.);
#17047 = PLANE('',#17048);
#17048 = AXIS2_PLACEMENT_3D('',#17049,#17050,#17051);
#17049 = CARTESIAN_POINT('',(44.999892,-18.99991,0.));
#17050 = DIRECTION('',(0.,-1.,0.));
#17051 = DIRECTION('',(-1.,0.,0.));
#17052 = ADVANCED_FACE('',(#17053),#17064,.T.);
#17053 = FACE_BOUND('',#17054,.T.);
#17054 = EDGE_LOOP('',(#17055,#17056,#17057,#17063));
#17055 = ORIENTED_EDGE('',*,*,#17024,.T.);
#17056 = ORIENTED_EDGE('',*,*,#8842,.T.);
#17057 = ORIENTED_EDGE('',*,*,#17058,.F.);
#17058 = EDGE_CURVE('',#3905,#8835,#17059,.T.);
#17059 = LINE('',#17060,#17061);
#17060 = CARTESIAN_POINT('',(37.999892,-42.99991,0.));
#17061 = VECTOR('',#17062,1.);
#17062 = DIRECTION('',(0.,0.,1.));
#17063 = ORIENTED_EDGE('',*,*,#3912,.F.);
#17064 = PLANE('',#17065);
#17065 = AXIS2_PLACEMENT_3D('',#17066,#17067,#17068);
#17066 = CARTESIAN_POINT('',(38.999892,-34.99991,0.));
#17067 = DIRECTION('',(0.992277876714,-0.124034734589,0.));
#17068 = DIRECTION('',(-0.124034734589,-0.992277876714,0.));
#17069 = ADVANCED_FACE('',(#17070),#17081,.T.);
#17070 = FACE_BOUND('',#17071,.T.);
#17071 = EDGE_LOOP('',(#17072,#17078,#17079,#17080));
#17072 = ORIENTED_EDGE('',*,*,#17073,.T.);
#17073 = EDGE_CURVE('',#3857,#8787,#17074,.T.);
#17074 = LINE('',#17075,#17076);
#17075 = CARTESIAN_POINT('',(44.999892,-20.99991,0.));
#17076 = VECTOR('',#17077,1.);
#17077 = DIRECTION('',(0.,0.,1.));
#17078 = ORIENTED_EDGE('',*,*,#8786,.T.);
#17079 = ORIENTED_EDGE('',*,*,#17039,.F.);
#17080 = ORIENTED_EDGE('',*,*,#3856,.F.);
#17081 = PLANE('',#17082);
#17082 = AXIS2_PLACEMENT_3D('',#17083,#17084,#17085);
#17083 = CARTESIAN_POINT('',(44.999892,-20.99991,0.));
#17084 = DIRECTION('',(-1.,0.,0.));
#17085 = DIRECTION('',(0.,1.,0.));
#17086 = ADVANCED_FACE('',(#17087),#17098,.T.);
#17087 = FACE_BOUND('',#17088,.T.);
#17088 = EDGE_LOOP('',(#17089,#17090,#17091,#17097));
#17089 = ORIENTED_EDGE('',*,*,#17058,.T.);
#17090 = ORIENTED_EDGE('',*,*,#8834,.T.);
#17091 = ORIENTED_EDGE('',*,*,#17092,.F.);
#17092 = EDGE_CURVE('',#3897,#8827,#17093,.T.);
#17093 = LINE('',#17094,#17095);
#17094 = CARTESIAN_POINT('',(37.999892,-43.99991,0.));
#17095 = VECTOR('',#17096,1.);
#17096 = DIRECTION('',(0.,0.,1.));
#17097 = ORIENTED_EDGE('',*,*,#3904,.F.);
#17098 = PLANE('',#17099);
#17099 = AXIS2_PLACEMENT_3D('',#17100,#17101,#17102);
#17100 = CARTESIAN_POINT('',(37.999892,-42.99991,0.));
#17101 = DIRECTION('',(1.,0.,-0.));
#17102 = DIRECTION('',(0.,-1.,0.));
#17103 = ADVANCED_FACE('',(#17104),#17115,.T.);
#17104 = FACE_BOUND('',#17105,.T.);
#17105 = EDGE_LOOP('',(#17106,#17112,#17113,#17114));
#17106 = ORIENTED_EDGE('',*,*,#17107,.T.);
#17107 = EDGE_CURVE('',#3865,#8795,#17108,.T.);
#17108 = LINE('',#17109,#17110);
#17109 = CARTESIAN_POINT('',(43.999892,-27.99991,0.));
#17110 = VECTOR('',#17111,1.);
#17111 = DIRECTION('',(0.,0.,1.));
#17112 = ORIENTED_EDGE('',*,*,#8794,.T.);
#17113 = ORIENTED_EDGE('',*,*,#17073,.F.);
#17114 = ORIENTED_EDGE('',*,*,#3864,.F.);
#17115 = PLANE('',#17116);
#17116 = AXIS2_PLACEMENT_3D('',#17117,#17118,#17119);
#17117 = CARTESIAN_POINT('',(43.999892,-27.99991,0.));
#17118 = DIRECTION('',(-0.989949493661,0.141421356237,0.));
#17119 = DIRECTION('',(0.141421356237,0.989949493661,0.));
#17120 = ADVANCED_FACE('',(#17121),#17132,.T.);
#17121 = FACE_BOUND('',#17122,.T.);
#17122 = EDGE_LOOP('',(#17123,#17124,#17125,#17131));
#17123 = ORIENTED_EDGE('',*,*,#17092,.T.);
#17124 = ORIENTED_EDGE('',*,*,#8826,.T.);
#17125 = ORIENTED_EDGE('',*,*,#17126,.F.);
#17126 = EDGE_CURVE('',#3889,#8819,#17127,.T.);
#17127 = LINE('',#17128,#17129);
#17128 = CARTESIAN_POINT('',(44.999892,-43.99991,0.));
#17129 = VECTOR('',#17130,1.);
#17130 = DIRECTION('',(0.,0.,1.));
#17131 = ORIENTED_EDGE('',*,*,#3896,.F.);
#17132 = PLANE('',#17133);
#17133 = AXIS2_PLACEMENT_3D('',#17134,#17135,#17136);
#17134 = CARTESIAN_POINT('',(37.999892,-43.99991,0.));
#17135 = DIRECTION('',(0.,1.,0.));
#17136 = DIRECTION('',(1.,0.,0.));
#17137 = ADVANCED_FACE('',(#17138),#17149,.T.);
#17138 = FACE_BOUND('',#17139,.T.);
#17139 = EDGE_LOOP('',(#17140,#17146,#17147,#17148));
#17140 = ORIENTED_EDGE('',*,*,#17141,.T.);
#17141 = EDGE_CURVE('',#3873,#8803,#17142,.T.);
#17142 = LINE('',#17143,#17144);
#17143 = CARTESIAN_POINT('',(43.999892,-34.99991,0.));
#17144 = VECTOR('',#17145,1.);
#17145 = DIRECTION('',(0.,0.,1.));
#17146 = ORIENTED_EDGE('',*,*,#8802,.T.);
#17147 = ORIENTED_EDGE('',*,*,#17107,.F.);
#17148 = ORIENTED_EDGE('',*,*,#3872,.F.);
#17149 = PLANE('',#17150);
#17150 = AXIS2_PLACEMENT_3D('',#17151,#17152,#17153);
#17151 = CARTESIAN_POINT('',(43.999892,-34.99991,0.));
#17152 = DIRECTION('',(-1.,0.,0.));
#17153 = DIRECTION('',(0.,1.,0.));
#17154 = ADVANCED_FACE('',(#17155),#17166,.T.);
#17155 = FACE_BOUND('',#17156,.T.);
#17156 = EDGE_LOOP('',(#17157,#17158,#17159,#17165));
#17157 = ORIENTED_EDGE('',*,*,#17126,.T.);
#17158 = ORIENTED_EDGE('',*,*,#8818,.T.);
#17159 = ORIENTED_EDGE('',*,*,#17160,.F.);
#17160 = EDGE_CURVE('',#3881,#8811,#17161,.T.);
#17161 = LINE('',#17162,#17163);
#17162 = CARTESIAN_POINT('',(44.999892,-42.99991,0.));
#17163 = VECTOR('',#17164,1.);
#17164 = DIRECTION('',(0.,0.,1.));
#17165 = ORIENTED_EDGE('',*,*,#3888,.F.);
#17166 = PLANE('',#17167);
#17167 = AXIS2_PLACEMENT_3D('',#17168,#17169,#17170);
#17168 = CARTESIAN_POINT('',(44.999892,-43.99991,0.));
#17169 = DIRECTION('',(-1.,0.,0.));
#17170 = DIRECTION('',(0.,1.,0.));
#17171 = ADVANCED_FACE('',(#17172),#17178,.T.);
#17172 = FACE_BOUND('',#17173,.T.);
#17173 = EDGE_LOOP('',(#17174,#17175,#17176,#17177));
#17174 = ORIENTED_EDGE('',*,*,#17160,.T.);
#17175 = ORIENTED_EDGE('',*,*,#8810,.T.);
#17176 = ORIENTED_EDGE('',*,*,#17141,.F.);
#17177 = ORIENTED_EDGE('',*,*,#3880,.F.);
#17178 = PLANE('',#17179);
#17179 = AXIS2_PLACEMENT_3D('',#17180,#17181,#17182);
#17180 = CARTESIAN_POINT('',(44.999892,-42.99991,0.));
#17181 = DIRECTION('',(-0.992277876714,-0.124034734589,0.));
#17182 = DIRECTION('',(-0.124034734589,0.992277876714,0.));
#17183 = ADVANCED_FACE('',(#17184),#17195,.F.);
#17184 = FACE_BOUND('',#17185,.T.);
#17185 = EDGE_LOOP('',(#17186,#17187,#17193,#17194));
#17186 = ORIENTED_EDGE('',*,*,#3928,.T.);
#17187 = ORIENTED_EDGE('',*,*,#17188,.T.);
#17188 = EDGE_CURVE('',#3929,#8859,#17189,.T.);
#17189 = LINE('',#17190,#17191);
#17190 = CARTESIAN_POINT('',(23.499892,-18.59991,-4.6E-02));
#17191 = VECTOR('',#17192,1.);
#17192 = DIRECTION('',(0.,0.,1.));
#17193 = ORIENTED_EDGE('',*,*,#8858,.F.);
#17194 = ORIENTED_EDGE('',*,*,#17188,.F.);
#17195 = CYLINDRICAL_SURFACE('',#17196,0.6);
#17196 = AXIS2_PLACEMENT_3D('',#17197,#17198,#17199);
#17197 = CARTESIAN_POINT('',(23.499892,-17.99991,-4.6E-02));
#17198 = DIRECTION('',(-0.,-0.,-1.));
#17199 = DIRECTION('',(-5.921189464668E-15,-1.,0.));
#17200 = ADVANCED_FACE('',(#17201),#17212,.F.);
#17201 = FACE_BOUND('',#17202,.T.);
#17202 = EDGE_LOOP('',(#17203,#17204,#17210,#17211));
#17203 = ORIENTED_EDGE('',*,*,#3939,.T.);
#17204 = ORIENTED_EDGE('',*,*,#17205,.T.);
#17205 = EDGE_CURVE('',#3940,#8870,#17206,.T.);
#17206 = LINE('',#17207,#17208);
#17207 = CARTESIAN_POINT('',(35.499892,-18.59991,-4.6E-02));
#17208 = VECTOR('',#17209,1.);
#17209 = DIRECTION('',(0.,0.,1.));
#17210 = ORIENTED_EDGE('',*,*,#8869,.F.);
#17211 = ORIENTED_EDGE('',*,*,#17205,.F.);
#17212 = CYLINDRICAL_SURFACE('',#17213,0.6);
#17213 = AXIS2_PLACEMENT_3D('',#17214,#17215,#17216);
#17214 = CARTESIAN_POINT('',(35.499892,-17.99991,-4.6E-02));
#17215 = DIRECTION('',(-0.,-0.,-1.));
#17216 = DIRECTION('',(-0.,-1.,0.));
#17217 = ADVANCED_FACE('',(#17218),#17234,.T.);
#17218 = FACE_BOUND('',#17219,.T.);
#17219 = EDGE_LOOP('',(#17220,#17226,#17227,#17233));
#17220 = ORIENTED_EDGE('',*,*,#17221,.T.);
#17221 = EDGE_CURVE('',#3951,#8881,#17222,.T.);
#17222 = LINE('',#17223,#17224);
#17223 = CARTESIAN_POINT('',(49.999892,-19.99991,0.));
#17224 = VECTOR('',#17225,1.);
#17225 = DIRECTION('',(0.,0.,1.));
#17226 = ORIENTED_EDGE('',*,*,#8880,.T.);
#17227 = ORIENTED_EDGE('',*,*,#17228,.F.);
#17228 = EDGE_CURVE('',#3953,#8883,#17229,.T.);
#17229 = LINE('',#17230,#17231);
#17230 = CARTESIAN_POINT('',(50.999892,-27.99991,0.));
#17231 = VECTOR('',#17232,1.);
#17232 = DIRECTION('',(0.,0.,1.));
#17233 = ORIENTED_EDGE('',*,*,#3950,.F.);
#17234 = PLANE('',#17235);
#17235 = AXIS2_PLACEMENT_3D('',#17236,#17237,#17238);
#17236 = CARTESIAN_POINT('',(49.999892,-19.99991,0.));
#17237 = DIRECTION('',(0.992277876714,0.124034734589,-0.));
#17238 = DIRECTION('',(0.124034734589,-0.992277876714,0.));
#17239 = ADVANCED_FACE('',(#17240),#17251,.T.);
#17240 = FACE_BOUND('',#17241,.T.);
#17241 = EDGE_LOOP('',(#17242,#17248,#17249,#17250));
#17242 = ORIENTED_EDGE('',*,*,#17243,.T.);
#17243 = EDGE_CURVE('',#3961,#8891,#17244,.T.);
#17244 = LINE('',#17245,#17246);
#17245 = CARTESIAN_POINT('',(49.999892,-18.99991,0.));
#17246 = VECTOR('',#17247,1.);
#17247 = DIRECTION('',(0.,0.,1.));
#17248 = ORIENTED_EDGE('',*,*,#8890,.T.);
#17249 = ORIENTED_EDGE('',*,*,#17221,.F.);
#17250 = ORIENTED_EDGE('',*,*,#3960,.F.);
#17251 = PLANE('',#17252);
#17252 = AXIS2_PLACEMENT_3D('',#17253,#17254,#17255);
#17253 = CARTESIAN_POINT('',(49.999892,-18.99991,0.));
#17254 = DIRECTION('',(1.,0.,-0.));
#17255 = DIRECTION('',(0.,-1.,0.));
#17256 = ADVANCED_FACE('',(#17257),#17268,.T.);
#17257 = FACE_BOUND('',#17258,.T.);
#17258 = EDGE_LOOP('',(#17259,#17260,#17261,#17267));
#17259 = ORIENTED_EDGE('',*,*,#17228,.T.);
#17260 = ORIENTED_EDGE('',*,*,#8970,.T.);
#17261 = ORIENTED_EDGE('',*,*,#17262,.F.);
#17262 = EDGE_CURVE('',#4033,#8963,#17263,.T.);
#17263 = LINE('',#17264,#17265);
#17264 = CARTESIAN_POINT('',(50.999892,-34.99991,0.));
#17265 = VECTOR('',#17266,1.);
#17266 = DIRECTION('',(0.,0.,1.));
#17267 = ORIENTED_EDGE('',*,*,#4040,.F.);
#17268 = PLANE('',#17269);
#17269 = AXIS2_PLACEMENT_3D('',#17270,#17271,#17272);
#17270 = CARTESIAN_POINT('',(50.999892,-27.99991,0.));
#17271 = DIRECTION('',(1.,0.,-0.));
#17272 = DIRECTION('',(0.,-1.,0.));
#17273 = ADVANCED_FACE('',(#17274),#17285,.T.);
#17274 = FACE_BOUND('',#17275,.T.);
#17275 = EDGE_LOOP('',(#17276,#17282,#17283,#17284));
#17276 = ORIENTED_EDGE('',*,*,#17277,.T.);
#17277 = EDGE_CURVE('',#3969,#8899,#17278,.T.);
#17278 = LINE('',#17279,#17280);
#17279 = CARTESIAN_POINT('',(56.999892,-18.99991,0.));
#17280 = VECTOR('',#17281,1.);
#17281 = DIRECTION('',(0.,0.,1.));
#17282 = ORIENTED_EDGE('',*,*,#8898,.T.);
#17283 = ORIENTED_EDGE('',*,*,#17243,.F.);
#17284 = ORIENTED_EDGE('',*,*,#3968,.F.);
#17285 = PLANE('',#17286);
#17286 = AXIS2_PLACEMENT_3D('',#17287,#17288,#17289);
#17287 = CARTESIAN_POINT('',(56.999892,-18.99991,0.));
#17288 = DIRECTION('',(0.,-1.,0.));
#17289 = DIRECTION('',(-1.,0.,0.));
#17290 = ADVANCED_FACE('',(#17291),#17302,.T.);
#17291 = FACE_BOUND('',#17292,.T.);
#17292 = EDGE_LOOP('',(#17293,#17294,#17295,#17301));
#17293 = ORIENTED_EDGE('',*,*,#17262,.T.);
#17294 = ORIENTED_EDGE('',*,*,#8962,.T.);
#17295 = ORIENTED_EDGE('',*,*,#17296,.F.);
#17296 = EDGE_CURVE('',#4025,#8955,#17297,.T.);
#17297 = LINE('',#17298,#17299);
#17298 = CARTESIAN_POINT('',(49.999892,-42.99991,0.));
#17299 = VECTOR('',#17300,1.);
#17300 = DIRECTION('',(0.,0.,1.));
#17301 = ORIENTED_EDGE('',*,*,#4032,.F.);
#17302 = PLANE('',#17303);
#17303 = AXIS2_PLACEMENT_3D('',#17304,#17305,#17306);
#17304 = CARTESIAN_POINT('',(50.999892,-34.99991,0.));
#17305 = DIRECTION('',(0.992277876714,-0.124034734589,0.));
#17306 = DIRECTION('',(-0.124034734589,-0.992277876714,0.));
#17307 = ADVANCED_FACE('',(#17308),#17319,.T.);
#17308 = FACE_BOUND('',#17309,.T.);
#17309 = EDGE_LOOP('',(#17310,#17316,#17317,#17318));
#17310 = ORIENTED_EDGE('',*,*,#17311,.T.);
#17311 = EDGE_CURVE('',#3977,#8907,#17312,.T.);
#17312 = LINE('',#17313,#17314);
#17313 = CARTESIAN_POINT('',(56.999892,-20.99991,0.));
#17314 = VECTOR('',#17315,1.);
#17315 = DIRECTION('',(0.,0.,1.));
#17316 = ORIENTED_EDGE('',*,*,#8906,.T.);
#17317 = ORIENTED_EDGE('',*,*,#17277,.F.);
#17318 = ORIENTED_EDGE('',*,*,#3976,.F.);
#17319 = PLANE('',#17320);
#17320 = AXIS2_PLACEMENT_3D('',#17321,#17322,#17323);
#17321 = CARTESIAN_POINT('',(56.999892,-20.99991,0.));
#17322 = DIRECTION('',(-1.,0.,0.));
#17323 = DIRECTION('',(0.,1.,0.));
#17324 = ADVANCED_FACE('',(#17325),#17336,.T.);
#17325 = FACE_BOUND('',#17326,.T.);
#17326 = EDGE_LOOP('',(#17327,#17328,#17329,#17335));
#17327 = ORIENTED_EDGE('',*,*,#17296,.T.);
#17328 = ORIENTED_EDGE('',*,*,#8954,.T.);
#17329 = ORIENTED_EDGE('',*,*,#17330,.F.);
#17330 = EDGE_CURVE('',#4017,#8947,#17331,.T.);
#17331 = LINE('',#17332,#17333);
#17332 = CARTESIAN_POINT('',(49.999892,-43.99991,0.));
#17333 = VECTOR('',#17334,1.);
#17334 = DIRECTION('',(0.,0.,1.));
#17335 = ORIENTED_EDGE('',*,*,#4024,.F.);
#17336 = PLANE('',#17337);
#17337 = AXIS2_PLACEMENT_3D('',#17338,#17339,#17340);
#17338 = CARTESIAN_POINT('',(49.999892,-42.99991,0.));
#17339 = DIRECTION('',(1.,0.,-0.));
#17340 = DIRECTION('',(0.,-1.,0.));
#17341 = ADVANCED_FACE('',(#17342),#17353,.T.);
#17342 = FACE_BOUND('',#17343,.T.);
#17343 = EDGE_LOOP('',(#17344,#17350,#17351,#17352));
#17344 = ORIENTED_EDGE('',*,*,#17345,.T.);
#17345 = EDGE_CURVE('',#3985,#8915,#17346,.T.);
#17346 = LINE('',#17347,#17348);
#17347 = CARTESIAN_POINT('',(55.999892,-27.99991,0.));
#17348 = VECTOR('',#17349,1.);
#17349 = DIRECTION('',(0.,0.,1.));
#17350 = ORIENTED_EDGE('',*,*,#8914,.T.);
#17351 = ORIENTED_EDGE('',*,*,#17311,.F.);
#17352 = ORIENTED_EDGE('',*,*,#3984,.F.);
#17353 = PLANE('',#17354);
#17354 = AXIS2_PLACEMENT_3D('',#17355,#17356,#17357);
#17355 = CARTESIAN_POINT('',(55.999892,-27.99991,0.));
#17356 = DIRECTION('',(-0.989949493661,0.141421356237,0.));
#17357 = DIRECTION('',(0.141421356237,0.989949493661,0.));
#17358 = ADVANCED_FACE('',(#17359),#17370,.T.);
#17359 = FACE_BOUND('',#17360,.T.);
#17360 = EDGE_LOOP('',(#17361,#17362,#17363,#17369));
#17361 = ORIENTED_EDGE('',*,*,#17330,.T.);
#17362 = ORIENTED_EDGE('',*,*,#8946,.T.);
#17363 = ORIENTED_EDGE('',*,*,#17364,.F.);
#17364 = EDGE_CURVE('',#4009,#8939,#17365,.T.);
#17365 = LINE('',#17366,#17367);
#17366 = CARTESIAN_POINT('',(56.999892,-43.99991,0.));
#17367 = VECTOR('',#17368,1.);
#17368 = DIRECTION('',(0.,0.,1.));
#17369 = ORIENTED_EDGE('',*,*,#4016,.F.);
#17370 = PLANE('',#17371);
#17371 = AXIS2_PLACEMENT_3D('',#17372,#17373,#17374);
#17372 = CARTESIAN_POINT('',(49.999892,-43.99991,0.));
#17373 = DIRECTION('',(0.,1.,0.));
#17374 = DIRECTION('',(1.,0.,0.));
#17375 = ADVANCED_FACE('',(#17376),#17387,.T.);
#17376 = FACE_BOUND('',#17377,.T.);
#17377 = EDGE_LOOP('',(#17378,#17384,#17385,#17386));
#17378 = ORIENTED_EDGE('',*,*,#17379,.T.);
#17379 = EDGE_CURVE('',#3993,#8923,#17380,.T.);
#17380 = LINE('',#17381,#17382);
#17381 = CARTESIAN_POINT('',(55.999892,-34.99991,0.));
#17382 = VECTOR('',#17383,1.);
#17383 = DIRECTION('',(0.,0.,1.));
#17384 = ORIENTED_EDGE('',*,*,#8922,.T.);
#17385 = ORIENTED_EDGE('',*,*,#17345,.F.);
#17386 = ORIENTED_EDGE('',*,*,#3992,.F.);
#17387 = PLANE('',#17388);
#17388 = AXIS2_PLACEMENT_3D('',#17389,#17390,#17391);
#17389 = CARTESIAN_POINT('',(55.999892,-34.99991,0.));
#17390 = DIRECTION('',(-1.,0.,0.));
#17391 = DIRECTION('',(0.,1.,0.));
#17392 = ADVANCED_FACE('',(#17393),#17404,.T.);
#17393 = FACE_BOUND('',#17394,.T.);
#17394 = EDGE_LOOP('',(#17395,#17396,#17397,#17403));
#17395 = ORIENTED_EDGE('',*,*,#17364,.T.);
#17396 = ORIENTED_EDGE('',*,*,#8938,.T.);
#17397 = ORIENTED_EDGE('',*,*,#17398,.F.);
#17398 = EDGE_CURVE('',#4001,#8931,#17399,.T.);
#17399 = LINE('',#17400,#17401);
#17400 = CARTESIAN_POINT('',(56.999892,-42.99991,0.));
#17401 = VECTOR('',#17402,1.);
#17402 = DIRECTION('',(0.,0.,1.));
#17403 = ORIENTED_EDGE('',*,*,#4008,.F.);
#17404 = PLANE('',#17405);
#17405 = AXIS2_PLACEMENT_3D('',#17406,#17407,#17408);
#17406 = CARTESIAN_POINT('',(56.999892,-43.99991,0.));
#17407 = DIRECTION('',(-1.,0.,0.));
#17408 = DIRECTION('',(0.,1.,0.));
#17409 = ADVANCED_FACE('',(#17410),#17416,.T.);
#17410 = FACE_BOUND('',#17411,.T.);
#17411 = EDGE_LOOP('',(#17412,#17413,#17414,#17415));
#17412 = ORIENTED_EDGE('',*,*,#17398,.T.);
#17413 = ORIENTED_EDGE('',*,*,#8930,.T.);
#17414 = ORIENTED_EDGE('',*,*,#17379,.F.);
#17415 = ORIENTED_EDGE('',*,*,#4000,.F.);
#17416 = PLANE('',#17417);
#17417 = AXIS2_PLACEMENT_3D('',#17418,#17419,#17420);
#17418 = CARTESIAN_POINT('',(56.999892,-42.99991,0.));
#17419 = DIRECTION('',(-0.992277876714,-0.124034734589,0.));
#17420 = DIRECTION('',(-0.124034734589,0.992277876714,0.));
#17421 = ADVANCED_FACE('',(#17422),#17433,.F.);
#17422 = FACE_BOUND('',#17423,.T.);
#17423 = EDGE_LOOP('',(#17424,#17425,#17431,#17432));
#17424 = ORIENTED_EDGE('',*,*,#4048,.T.);
#17425 = ORIENTED_EDGE('',*,*,#17426,.T.);
#17426 = EDGE_CURVE('',#4049,#8979,#17427,.T.);
#17427 = LINE('',#17428,#17429);
#17428 = CARTESIAN_POINT('',(47.499892,-18.59991,-4.6E-02));
#17429 = VECTOR('',#17430,1.);
#17430 = DIRECTION('',(0.,0.,1.));
#17431 = ORIENTED_EDGE('',*,*,#8978,.F.);
#17432 = ORIENTED_EDGE('',*,*,#17426,.F.);
#17433 = CYLINDRICAL_SURFACE('',#17434,0.6);
#17434 = AXIS2_PLACEMENT_3D('',#17435,#17436,#17437);
#17435 = CARTESIAN_POINT('',(47.499892,-17.99991,-4.6E-02));
#17436 = DIRECTION('',(-0.,-0.,-1.));
#17437 = DIRECTION('',(-0.,-1.,0.));
#17438 = ADVANCED_FACE('',(#17439),#17450,.F.);
#17439 = FACE_BOUND('',#17440,.T.);
#17440 = EDGE_LOOP('',(#17441,#17442,#17448,#17449));
#17441 = ORIENTED_EDGE('',*,*,#4059,.T.);
#17442 = ORIENTED_EDGE('',*,*,#17443,.T.);
#17443 = EDGE_CURVE('',#4060,#8990,#17444,.T.);
#17444 = LINE('',#17445,#17446);
#17445 = CARTESIAN_POINT('',(59.499892,-18.599909,-4.6E-02));
#17446 = VECTOR('',#17447,1.);
#17447 = DIRECTION('',(0.,0.,1.));
#17448 = ORIENTED_EDGE('',*,*,#8989,.F.);
#17449 = ORIENTED_EDGE('',*,*,#17443,.F.);
#17450 = CYLINDRICAL_SURFACE('',#17451,0.6);
#17451 = AXIS2_PLACEMENT_3D('',#17452,#17453,#17454);
#17452 = CARTESIAN_POINT('',(59.499892,-17.999909,-4.6E-02));
#17453 = DIRECTION('',(-0.,-0.,-1.));
#17454 = DIRECTION('',(-0.,-1.,0.));
#17455 = ADVANCED_FACE('',(#17456),#17467,.F.);
#17456 = FACE_BOUND('',#17457,.T.);
#17457 = EDGE_LOOP('',(#17458,#17464,#17465,#17466));
#17458 = ORIENTED_EDGE('',*,*,#17459,.T.);
#17459 = EDGE_CURVE('',#4071,#9001,#17460,.T.);
#17460 = LINE('',#17461,#17462);
#17461 = CARTESIAN_POINT('',(71.999892,-56.99991,0.));
#17462 = VECTOR('',#17463,1.);
#17463 = DIRECTION('',(0.,0.,1.));
#17464 = ORIENTED_EDGE('',*,*,#9000,.T.);
#17465 = ORIENTED_EDGE('',*,*,#17459,.F.);
#17466 = ORIENTED_EDGE('',*,*,#4070,.F.);
#17467 = CYLINDRICAL_SURFACE('',#17468,0.5);
#17468 = AXIS2_PLACEMENT_3D('',#17469,#17470,#17471);
#17469 = CARTESIAN_POINT('',(71.499892,-56.99991,0.));
#17470 = DIRECTION('',(-0.,-0.,-1.));
#17471 = DIRECTION('',(1.,0.,-0.));
#17472 = ADVANCED_FACE('',(#17473),#17484,.F.);
#17473 = FACE_BOUND('',#17474,.T.);
#17474 = EDGE_LOOP('',(#17475,#17481,#17482,#17483));
#17475 = ORIENTED_EDGE('',*,*,#17476,.T.);
#17476 = EDGE_CURVE('',#4082,#9012,#17477,.T.);
#17477 = LINE('',#17478,#17479);
#17478 = CARTESIAN_POINT('',(71.999892,-53.99991,0.));
#17479 = VECTOR('',#17480,1.);
#17480 = DIRECTION('',(0.,0.,1.));
#17481 = ORIENTED_EDGE('',*,*,#9011,.T.);
#17482 = ORIENTED_EDGE('',*,*,#17476,.F.);
#17483 = ORIENTED_EDGE('',*,*,#4081,.F.);
#17484 = CYLINDRICAL_SURFACE('',#17485,0.5);
#17485 = AXIS2_PLACEMENT_3D('',#17486,#17487,#17488);
#17486 = CARTESIAN_POINT('',(71.499892,-53.99991,0.));
#17487 = DIRECTION('',(-0.,-0.,-1.));
#17488 = DIRECTION('',(1.,0.,-0.));
#17489 = ADVANCED_FACE('',(#17490),#17501,.F.);
#17490 = FACE_BOUND('',#17491,.T.);
#17491 = EDGE_LOOP('',(#17492,#17498,#17499,#17500));
#17492 = ORIENTED_EDGE('',*,*,#17493,.T.);
#17493 = EDGE_CURVE('',#4093,#9023,#17494,.T.);
#17494 = LINE('',#17495,#17496);
#17495 = CARTESIAN_POINT('',(83.999891,-62.99991,0.));
#17496 = VECTOR('',#17497,1.);
#17497 = DIRECTION('',(0.,0.,1.));
#17498 = ORIENTED_EDGE('',*,*,#9022,.T.);
#17499 = ORIENTED_EDGE('',*,*,#17493,.F.);
#17500 = ORIENTED_EDGE('',*,*,#4092,.F.);
#17501 = CYLINDRICAL_SURFACE('',#17502,0.499999);
#17502 = AXIS2_PLACEMENT_3D('',#17503,#17504,#17505);
#17503 = CARTESIAN_POINT('',(83.499892,-62.99991,0.));
#17504 = DIRECTION('',(-0.,-0.,-1.));
#17505 = DIRECTION('',(1.,0.,-0.));
#17506 = ADVANCED_FACE('',(#17507),#17518,.F.);
#17507 = FACE_BOUND('',#17508,.T.);
#17508 = EDGE_LOOP('',(#17509,#17515,#17516,#17517));
#17509 = ORIENTED_EDGE('',*,*,#17510,.T.);
#17510 = EDGE_CURVE('',#4104,#9034,#17511,.T.);
#17511 = LINE('',#17512,#17513);
#17512 = CARTESIAN_POINT('',(82.499892,-61.49991,0.));
#17513 = VECTOR('',#17514,1.);
#17514 = DIRECTION('',(0.,0.,1.));
#17515 = ORIENTED_EDGE('',*,*,#9033,.T.);
#17516 = ORIENTED_EDGE('',*,*,#17510,.F.);
#17517 = ORIENTED_EDGE('',*,*,#4103,.F.);
#17518 = CYLINDRICAL_SURFACE('',#17519,0.5);
#17519 = AXIS2_PLACEMENT_3D('',#17520,#17521,#17522);
#17520 = CARTESIAN_POINT('',(81.999892,-61.49991,0.));
#17521 = DIRECTION('',(-0.,-0.,-1.));
#17522 = DIRECTION('',(1.,0.,-0.));
#17523 = ADVANCED_FACE('',(#17524),#17535,.F.);
#17524 = FACE_BOUND('',#17525,.T.);
#17525 = EDGE_LOOP('',(#17526,#17532,#17533,#17534));
#17526 = ORIENTED_EDGE('',*,*,#17527,.T.);
#17527 = EDGE_CURVE('',#4115,#9045,#17528,.T.);
#17528 = LINE('',#17529,#17530);
#17529 = CARTESIAN_POINT('',(85.499892,-61.49991,0.));
#17530 = VECTOR('',#17531,1.);
#17531 = DIRECTION('',(0.,0.,1.));
#17532 = ORIENTED_EDGE('',*,*,#9044,.T.);
#17533 = ORIENTED_EDGE('',*,*,#17527,.F.);
#17534 = ORIENTED_EDGE('',*,*,#4114,.F.);
#17535 = CYLINDRICAL_SURFACE('',#17536,0.5);
#17536 = AXIS2_PLACEMENT_3D('',#17537,#17538,#17539);
#17537 = CARTESIAN_POINT('',(84.999892,-61.49991,0.));
#17538 = DIRECTION('',(-0.,-0.,-1.));
#17539 = DIRECTION('',(1.,0.,-0.));
#17540 = ADVANCED_FACE('',(#17541),#17552,.F.);
#17541 = FACE_BOUND('',#17542,.T.);
#17542 = EDGE_LOOP('',(#17543,#17549,#17550,#17551));
#17543 = ORIENTED_EDGE('',*,*,#17544,.T.);
#17544 = EDGE_CURVE('',#4126,#9056,#17545,.T.);
#17545 = LINE('',#17546,#17547);
#17546 = CARTESIAN_POINT('',(83.999892,-56.99991,0.));
#17547 = VECTOR('',#17548,1.);
#17548 = DIRECTION('',(0.,0.,1.));
#17549 = ORIENTED_EDGE('',*,*,#9055,.T.);
#17550 = ORIENTED_EDGE('',*,*,#17544,.F.);
#17551 = ORIENTED_EDGE('',*,*,#4125,.F.);
#17552 = CYLINDRICAL_SURFACE('',#17553,0.5);
#17553 = AXIS2_PLACEMENT_3D('',#17554,#17555,#17556);
#17554 = CARTESIAN_POINT('',(83.499892,-56.99991,0.));
#17555 = DIRECTION('',(-0.,-0.,-1.));
#17556 = DIRECTION('',(1.,0.,-0.));
#17557 = ADVANCED_FACE('',(#17558),#17569,.F.);
#17558 = FACE_BOUND('',#17559,.T.);
#17559 = EDGE_LOOP('',(#17560,#17566,#17567,#17568));
#17560 = ORIENTED_EDGE('',*,*,#17561,.T.);
#17561 = EDGE_CURVE('',#4137,#9067,#17562,.T.);
#17562 = LINE('',#17563,#17564);
#17563 = CARTESIAN_POINT('',(83.999892,-53.99991,0.));
#17564 = VECTOR('',#17565,1.);
#17565 = DIRECTION('',(0.,0.,1.));
#17566 = ORIENTED_EDGE('',*,*,#9066,.T.);
#17567 = ORIENTED_EDGE('',*,*,#17561,.F.);
#17568 = ORIENTED_EDGE('',*,*,#4136,.F.);
#17569 = CYLINDRICAL_SURFACE('',#17570,0.5);
#17570 = AXIS2_PLACEMENT_3D('',#17571,#17572,#17573);
#17571 = CARTESIAN_POINT('',(83.499892,-53.99991,0.));
#17572 = DIRECTION('',(-0.,-0.,-1.));
#17573 = DIRECTION('',(1.,0.,-0.));
#17574 = ADVANCED_FACE('',(#17575),#17591,.T.);
#17575 = FACE_BOUND('',#17576,.T.);
#17576 = EDGE_LOOP('',(#17577,#17583,#17584,#17590));
#17577 = ORIENTED_EDGE('',*,*,#17578,.T.);
#17578 = EDGE_CURVE('',#4148,#9078,#17579,.T.);
#17579 = LINE('',#17580,#17581);
#17580 = CARTESIAN_POINT('',(61.999892,-46.99991,0.));
#17581 = VECTOR('',#17582,1.);
#17582 = DIRECTION('',(0.,0.,1.));
#17583 = ORIENTED_EDGE('',*,*,#9077,.T.);
#17584 = ORIENTED_EDGE('',*,*,#17585,.F.);
#17585 = EDGE_CURVE('',#4150,#9080,#17586,.T.);
#17586 = LINE('',#17587,#17588);
#17587 = CARTESIAN_POINT('',(61.999892,-56.99991,0.));
#17588 = VECTOR('',#17589,1.);
#17589 = DIRECTION('',(0.,0.,1.));
#17590 = ORIENTED_EDGE('',*,*,#4147,.F.);
#17591 = PLANE('',#17592);
#17592 = AXIS2_PLACEMENT_3D('',#17593,#17594,#17595);
#17593 = CARTESIAN_POINT('',(61.999892,-46.99991,0.));
#17594 = DIRECTION('',(1.,0.,-0.));
#17595 = DIRECTION('',(0.,-1.,0.));
#17596 = ADVANCED_FACE('',(#17597),#17608,.T.);
#17597 = FACE_BOUND('',#17598,.T.);
#17598 = EDGE_LOOP('',(#17599,#17605,#17606,#17607));
#17599 = ORIENTED_EDGE('',*,*,#17600,.T.);
#17600 = EDGE_CURVE('',#4158,#9088,#17601,.T.);
#17601 = LINE('',#17602,#17603);
#17602 = CARTESIAN_POINT('',(61.999892,-45.99991,0.));
#17603 = VECTOR('',#17604,1.);
#17604 = DIRECTION('',(0.,0.,1.));
#17605 = ORIENTED_EDGE('',*,*,#9087,.T.);
#17606 = ORIENTED_EDGE('',*,*,#17578,.F.);
#17607 = ORIENTED_EDGE('',*,*,#4157,.F.);
#17608 = PLANE('',#17609);
#17609 = AXIS2_PLACEMENT_3D('',#17610,#17611,#17612);
#17610 = CARTESIAN_POINT('',(61.999892,-45.99991,0.));
#17611 = DIRECTION('',(1.,0.,-0.));
#17612 = DIRECTION('',(0.,-1.,0.));
#17613 = ADVANCED_FACE('',(#17614),#17625,.F.);
#17614 = FACE_BOUND('',#17615,.T.);
#17615 = EDGE_LOOP('',(#17616,#17617,#17618,#17624));
#17616 = ORIENTED_EDGE('',*,*,#17585,.T.);
#17617 = ORIENTED_EDGE('',*,*,#9128,.T.);
#17618 = ORIENTED_EDGE('',*,*,#17619,.F.);
#17619 = EDGE_CURVE('',#4191,#9121,#17620,.T.);
#17620 = LINE('',#17621,#17622);
#17621 = CARTESIAN_POINT('',(63.999892,-58.99991,0.));
#17622 = VECTOR('',#17623,1.);
#17623 = DIRECTION('',(0.,0.,1.));
#17624 = ORIENTED_EDGE('',*,*,#4198,.F.);
#17625 = CYLINDRICAL_SURFACE('',#17626,1.99999850585);
#17626 = AXIS2_PLACEMENT_3D('',#17627,#17628,#17629);
#17627 = CARTESIAN_POINT('',(63.99989050585,-56.99991149415,0.));
#17628 = DIRECTION('',(-0.,-0.,-1.));
#17629 = DIRECTION('',(-1.,7.470757420593E-07,0.));
#17630 = ADVANCED_FACE('',(#17631),#17642,.T.);
#17631 = FACE_BOUND('',#17632,.T.);
#17632 = EDGE_LOOP('',(#17633,#17639,#17640,#17641));
#17633 = ORIENTED_EDGE('',*,*,#17634,.T.);
#17634 = EDGE_CURVE('',#4166,#9096,#17635,.T.);
#17635 = LINE('',#17636,#17637);
#17636 = CARTESIAN_POINT('',(68.999892,-45.99991,0.));
#17637 = VECTOR('',#17638,1.);
#17638 = DIRECTION('',(0.,0.,1.));
#17639 = ORIENTED_EDGE('',*,*,#9095,.T.);
#17640 = ORIENTED_EDGE('',*,*,#17600,.F.);
#17641 = ORIENTED_EDGE('',*,*,#4165,.F.);
#17642 = PLANE('',#17643);
#17643 = AXIS2_PLACEMENT_3D('',#17644,#17645,#17646);
#17644 = CARTESIAN_POINT('',(68.999892,-45.99991,0.));
#17645 = DIRECTION('',(0.,-1.,0.));
#17646 = DIRECTION('',(-1.,0.,0.));
#17647 = ADVANCED_FACE('',(#17648),#17659,.T.);
#17648 = FACE_BOUND('',#17649,.T.);
#17649 = EDGE_LOOP('',(#17650,#17651,#17652,#17658));
#17650 = ORIENTED_EDGE('',*,*,#17619,.T.);
#17651 = ORIENTED_EDGE('',*,*,#9120,.T.);
#17652 = ORIENTED_EDGE('',*,*,#17653,.F.);
#17653 = EDGE_CURVE('',#4182,#9112,#17654,.T.);
#17654 = LINE('',#17655,#17656);
#17655 = CARTESIAN_POINT('',(66.999892,-58.99991,0.));
#17656 = VECTOR('',#17657,1.);
#17657 = DIRECTION('',(0.,0.,1.));
#17658 = ORIENTED_EDGE('',*,*,#4190,.F.);
#17659 = PLANE('',#17660);
#17660 = AXIS2_PLACEMENT_3D('',#17661,#17662,#17663);
#17661 = CARTESIAN_POINT('',(63.999892,-58.99991,0.));
#17662 = DIRECTION('',(0.,1.,0.));
#17663 = DIRECTION('',(1.,0.,0.));
#17664 = ADVANCED_FACE('',(#17665),#17676,.T.);
#17665 = FACE_BOUND('',#17666,.T.);
#17666 = EDGE_LOOP('',(#17667,#17673,#17674,#17675));
#17667 = ORIENTED_EDGE('',*,*,#17668,.T.);
#17668 = EDGE_CURVE('',#4174,#9104,#17669,.T.);
#17669 = LINE('',#17670,#17671);
#17670 = CARTESIAN_POINT('',(68.999892,-56.99991,0.));
#17671 = VECTOR('',#17672,1.);
#17672 = DIRECTION('',(0.,0.,1.));
#17673 = ORIENTED_EDGE('',*,*,#9103,.T.);
#17674 = ORIENTED_EDGE('',*,*,#17634,.F.);
#17675 = ORIENTED_EDGE('',*,*,#4173,.F.);
#17676 = PLANE('',#17677);
#17677 = AXIS2_PLACEMENT_3D('',#17678,#17679,#17680);
#17678 = CARTESIAN_POINT('',(68.999892,-56.99991,0.));
#17679 = DIRECTION('',(-1.,0.,0.));
#17680 = DIRECTION('',(0.,1.,0.));
#17681 = ADVANCED_FACE('',(#17682),#17688,.F.);
#17682 = FACE_BOUND('',#17683,.T.);
#17683 = EDGE_LOOP('',(#17684,#17685,#17686,#17687));
#17684 = ORIENTED_EDGE('',*,*,#17653,.T.);
#17685 = ORIENTED_EDGE('',*,*,#9111,.T.);
#17686 = ORIENTED_EDGE('',*,*,#17668,.F.);
#17687 = ORIENTED_EDGE('',*,*,#4181,.F.);
#17688 = CYLINDRICAL_SURFACE('',#17689,1.99999850585);
#17689 = AXIS2_PLACEMENT_3D('',#17690,#17691,#17692);
#17690 = CARTESIAN_POINT('',(66.99989349415,-56.99991149415,0.));
#17691 = DIRECTION('',(-0.,-0.,-1.));
#17692 = DIRECTION('',(-7.470757420593E-07,-1.,0.));
#17693 = ADVANCED_FACE('',(#17694),#17705,.F.);
#17694 = FACE_BOUND('',#17695,.T.);
#17695 = EDGE_LOOP('',(#17696,#17702,#17703,#17704));
#17696 = ORIENTED_EDGE('',*,*,#17697,.T.);
#17697 = EDGE_CURVE('',#4208,#9138,#17698,.T.);
#17698 = LINE('',#17699,#17700);
#17699 = CARTESIAN_POINT('',(71.999892,-50.99991,0.));
#17700 = VECTOR('',#17701,1.);
#17701 = DIRECTION('',(0.,0.,1.));
#17702 = ORIENTED_EDGE('',*,*,#9137,.T.);
#17703 = ORIENTED_EDGE('',*,*,#17697,.F.);
#17704 = ORIENTED_EDGE('',*,*,#4207,.F.);
#17705 = CYLINDRICAL_SURFACE('',#17706,0.5);
#17706 = AXIS2_PLACEMENT_3D('',#17707,#17708,#17709);
#17707 = CARTESIAN_POINT('',(71.499892,-50.99991,0.));
#17708 = DIRECTION('',(-0.,-0.,-1.));
#17709 = DIRECTION('',(1.,0.,-0.));
#17710 = ADVANCED_FACE('',(#17711),#17722,.F.);
#17711 = FACE_BOUND('',#17712,.T.);
#17712 = EDGE_LOOP('',(#17713,#17719,#17720,#17721));
#17713 = ORIENTED_EDGE('',*,*,#17714,.T.);
#17714 = EDGE_CURVE('',#4219,#9149,#17715,.T.);
#17715 = LINE('',#17716,#17717);
#17716 = CARTESIAN_POINT('',(71.999892,-47.99991,0.));
#17717 = VECTOR('',#17718,1.);
#17718 = DIRECTION('',(0.,0.,1.));
#17719 = ORIENTED_EDGE('',*,*,#9148,.T.);
#17720 = ORIENTED_EDGE('',*,*,#17714,.F.);
#17721 = ORIENTED_EDGE('',*,*,#4218,.F.);
#17722 = CYLINDRICAL_SURFACE('',#17723,0.5);
#17723 = AXIS2_PLACEMENT_3D('',#17724,#17725,#17726);
#17724 = CARTESIAN_POINT('',(71.499892,-47.99991,0.));
#17725 = DIRECTION('',(-0.,-0.,-1.));
#17726 = DIRECTION('',(1.,0.,-0.));
#17727 = ADVANCED_FACE('',(#17728),#17739,.F.);
#17728 = FACE_BOUND('',#17729,.T.);
#17729 = EDGE_LOOP('',(#17730,#17731,#17737,#17738));
#17730 = ORIENTED_EDGE('',*,*,#4229,.T.);
#17731 = ORIENTED_EDGE('',*,*,#17732,.T.);
#17732 = EDGE_CURVE('',#4230,#9160,#17733,.T.);
#17733 = LINE('',#17734,#17735);
#17734 = CARTESIAN_POINT('',(71.564176,-45.59991,-4.6E-02));
#17735 = VECTOR('',#17736,1.);
#17736 = DIRECTION('',(0.,0.,1.));
#17737 = ORIENTED_EDGE('',*,*,#9159,.F.);
#17738 = ORIENTED_EDGE('',*,*,#17732,.F.);
#17739 = CYLINDRICAL_SURFACE('',#17740,0.6);
#17740 = AXIS2_PLACEMENT_3D('',#17741,#17742,#17743);
#17741 = CARTESIAN_POINT('',(71.564176,-44.99991,-4.6E-02));
#17742 = DIRECTION('',(-0.,-0.,-1.));
#17743 = DIRECTION('',(-0.,-1.,0.));
#17744 = ADVANCED_FACE('',(#17745),#17761,.T.);
#17745 = FACE_BOUND('',#17746,.T.);
#17746 = EDGE_LOOP('',(#17747,#17753,#17754,#17760));
#17747 = ORIENTED_EDGE('',*,*,#17748,.T.);
#17748 = EDGE_CURVE('',#4241,#9171,#17749,.T.);
#17749 = LINE('',#17750,#17751);
#17750 = CARTESIAN_POINT('',(73.999892,-46.99991,0.));
#17751 = VECTOR('',#17752,1.);
#17752 = DIRECTION('',(0.,0.,1.));
#17753 = ORIENTED_EDGE('',*,*,#9170,.T.);
#17754 = ORIENTED_EDGE('',*,*,#17755,.F.);
#17755 = EDGE_CURVE('',#4243,#9173,#17756,.T.);
#17756 = LINE('',#17757,#17758);
#17757 = CARTESIAN_POINT('',(73.999892,-56.99991,0.));
#17758 = VECTOR('',#17759,1.);
#17759 = DIRECTION('',(0.,0.,1.));
#17760 = ORIENTED_EDGE('',*,*,#4240,.F.);
#17761 = PLANE('',#17762);
#17762 = AXIS2_PLACEMENT_3D('',#17763,#17764,#17765);
#17763 = CARTESIAN_POINT('',(73.999892,-46.99991,0.));
#17764 = DIRECTION('',(1.,0.,-0.));
#17765 = DIRECTION('',(0.,-1.,0.));
#17766 = ADVANCED_FACE('',(#17767),#17778,.T.);
#17767 = FACE_BOUND('',#17768,.T.);
#17768 = EDGE_LOOP('',(#17769,#17775,#17776,#17777));
#17769 = ORIENTED_EDGE('',*,*,#17770,.T.);
#17770 = EDGE_CURVE('',#4251,#9181,#17771,.T.);
#17771 = LINE('',#17772,#17773);
#17772 = CARTESIAN_POINT('',(73.999892,-45.99991,0.));
#17773 = VECTOR('',#17774,1.);
#17774 = DIRECTION('',(0.,0.,1.));
#17775 = ORIENTED_EDGE('',*,*,#9180,.T.);
#17776 = ORIENTED_EDGE('',*,*,#17748,.F.);
#17777 = ORIENTED_EDGE('',*,*,#4250,.F.);
#17778 = PLANE('',#17779);
#17779 = AXIS2_PLACEMENT_3D('',#17780,#17781,#17782);
#17780 = CARTESIAN_POINT('',(73.999892,-45.99991,0.));
#17781 = DIRECTION('',(1.,0.,-0.));
#17782 = DIRECTION('',(0.,-1.,0.));
#17783 = ADVANCED_FACE('',(#17784),#17795,.F.);
#17784 = FACE_BOUND('',#17785,.T.);
#17785 = EDGE_LOOP('',(#17786,#17787,#17788,#17794));
#17786 = ORIENTED_EDGE('',*,*,#17755,.T.);
#17787 = ORIENTED_EDGE('',*,*,#9221,.T.);
#17788 = ORIENTED_EDGE('',*,*,#17789,.F.);
#17789 = EDGE_CURVE('',#4284,#9214,#17790,.T.);
#17790 = LINE('',#17791,#17792);
#17791 = CARTESIAN_POINT('',(75.999892,-58.99991,0.));
#17792 = VECTOR('',#17793,1.);
#17793 = DIRECTION('',(0.,0.,1.));
#17794 = ORIENTED_EDGE('',*,*,#4291,.F.);
#17795 = CYLINDRICAL_SURFACE('',#17796,1.99999850585);
#17796 = AXIS2_PLACEMENT_3D('',#17797,#17798,#17799);
#17797 = CARTESIAN_POINT('',(75.99989050585,-56.99991149415,0.));
#17798 = DIRECTION('',(-0.,-0.,-1.));
#17799 = DIRECTION('',(-1.,7.470757420593E-07,0.));
#17800 = ADVANCED_FACE('',(#17801),#17812,.T.);
#17801 = FACE_BOUND('',#17802,.T.);
#17802 = EDGE_LOOP('',(#17803,#17809,#17810,#17811));
#17803 = ORIENTED_EDGE('',*,*,#17804,.T.);
#17804 = EDGE_CURVE('',#4259,#9189,#17805,.T.);
#17805 = LINE('',#17806,#17807);
#17806 = CARTESIAN_POINT('',(80.999892,-45.99991,0.));
#17807 = VECTOR('',#17808,1.);
#17808 = DIRECTION('',(0.,0.,1.));
#17809 = ORIENTED_EDGE('',*,*,#9188,.T.);
#17810 = ORIENTED_EDGE('',*,*,#17770,.F.);
#17811 = ORIENTED_EDGE('',*,*,#4258,.F.);
#17812 = PLANE('',#17813);
#17813 = AXIS2_PLACEMENT_3D('',#17814,#17815,#17816);
#17814 = CARTESIAN_POINT('',(80.999892,-45.99991,0.));
#17815 = DIRECTION('',(0.,-1.,0.));
#17816 = DIRECTION('',(-1.,0.,0.));
#17817 = ADVANCED_FACE('',(#17818),#17829,.T.);
#17818 = FACE_BOUND('',#17819,.T.);
#17819 = EDGE_LOOP('',(#17820,#17821,#17822,#17828));
#17820 = ORIENTED_EDGE('',*,*,#17789,.T.);
#17821 = ORIENTED_EDGE('',*,*,#9213,.T.);
#17822 = ORIENTED_EDGE('',*,*,#17823,.F.);
#17823 = EDGE_CURVE('',#4275,#9205,#17824,.T.);
#17824 = LINE('',#17825,#17826);
#17825 = CARTESIAN_POINT('',(78.999892,-58.99991,0.));
#17826 = VECTOR('',#17827,1.);
#17827 = DIRECTION('',(0.,0.,1.));
#17828 = ORIENTED_EDGE('',*,*,#4283,.F.);
#17829 = PLANE('',#17830);
#17830 = AXIS2_PLACEMENT_3D('',#17831,#17832,#17833);
#17831 = CARTESIAN_POINT('',(75.999892,-58.99991,0.));
#17832 = DIRECTION('',(0.,1.,0.));
#17833 = DIRECTION('',(1.,0.,0.));
#17834 = ADVANCED_FACE('',(#17835),#17846,.T.);
#17835 = FACE_BOUND('',#17836,.T.);
#17836 = EDGE_LOOP('',(#17837,#17843,#17844,#17845));
#17837 = ORIENTED_EDGE('',*,*,#17838,.T.);
#17838 = EDGE_CURVE('',#4267,#9197,#17839,.T.);
#17839 = LINE('',#17840,#17841);
#17840 = CARTESIAN_POINT('',(80.999892,-56.99991,0.));
#17841 = VECTOR('',#17842,1.);
#17842 = DIRECTION('',(0.,0.,1.));
#17843 = ORIENTED_EDGE('',*,*,#9196,.T.);
#17844 = ORIENTED_EDGE('',*,*,#17804,.F.);
#17845 = ORIENTED_EDGE('',*,*,#4266,.F.);
#17846 = PLANE('',#17847);
#17847 = AXIS2_PLACEMENT_3D('',#17848,#17849,#17850);
#17848 = CARTESIAN_POINT('',(80.999892,-56.99991,0.));
#17849 = DIRECTION('',(-1.,0.,0.));
#17850 = DIRECTION('',(0.,1.,0.));
#17851 = ADVANCED_FACE('',(#17852),#17858,.F.);
#17852 = FACE_BOUND('',#17853,.T.);
#17853 = EDGE_LOOP('',(#17854,#17855,#17856,#17857));
#17854 = ORIENTED_EDGE('',*,*,#17823,.T.);
#17855 = ORIENTED_EDGE('',*,*,#9204,.T.);
#17856 = ORIENTED_EDGE('',*,*,#17838,.F.);
#17857 = ORIENTED_EDGE('',*,*,#4274,.F.);
#17858 = CYLINDRICAL_SURFACE('',#17859,1.99999850585);
#17859 = AXIS2_PLACEMENT_3D('',#17860,#17861,#17862);
#17860 = CARTESIAN_POINT('',(78.99989349415,-56.99991149415,0.));
#17861 = DIRECTION('',(-0.,-0.,-1.));
#17862 = DIRECTION('',(-7.470757420593E-07,-1.,0.));
#17863 = ADVANCED_FACE('',(#17864),#17875,.F.);
#17864 = FACE_BOUND('',#17865,.T.);
#17865 = EDGE_LOOP('',(#17866,#17872,#17873,#17874));
#17866 = ORIENTED_EDGE('',*,*,#17867,.T.);
#17867 = EDGE_CURVE('',#4301,#9231,#17868,.T.);
#17868 = LINE('',#17869,#17870);
#17869 = CARTESIAN_POINT('',(83.999892,-50.99991,0.));
#17870 = VECTOR('',#17871,1.);
#17871 = DIRECTION('',(0.,0.,1.));
#17872 = ORIENTED_EDGE('',*,*,#9230,.T.);
#17873 = ORIENTED_EDGE('',*,*,#17867,.F.);
#17874 = ORIENTED_EDGE('',*,*,#4300,.F.);
#17875 = CYLINDRICAL_SURFACE('',#17876,0.5);
#17876 = AXIS2_PLACEMENT_3D('',#17877,#17878,#17879);
#17877 = CARTESIAN_POINT('',(83.499892,-50.99991,0.));
#17878 = DIRECTION('',(-0.,-0.,-1.));
#17879 = DIRECTION('',(1.,0.,-0.));
#17880 = ADVANCED_FACE('',(#17881),#17892,.F.);
#17881 = FACE_BOUND('',#17882,.T.);
#17882 = EDGE_LOOP('',(#17883,#17889,#17890,#17891));
#17883 = ORIENTED_EDGE('',*,*,#17884,.T.);
#17884 = EDGE_CURVE('',#4312,#9242,#17885,.T.);
#17885 = LINE('',#17886,#17887);
#17886 = CARTESIAN_POINT('',(83.999892,-47.99991,0.));
#17887 = VECTOR('',#17888,1.);
#17888 = DIRECTION('',(0.,0.,1.));
#17889 = ORIENTED_EDGE('',*,*,#9241,.T.);
#17890 = ORIENTED_EDGE('',*,*,#17884,.F.);
#17891 = ORIENTED_EDGE('',*,*,#4311,.F.);
#17892 = CYLINDRICAL_SURFACE('',#17893,0.5);
#17893 = AXIS2_PLACEMENT_3D('',#17894,#17895,#17896);
#17894 = CARTESIAN_POINT('',(83.499892,-47.99991,0.));
#17895 = DIRECTION('',(-0.,-0.,-1.));
#17896 = DIRECTION('',(1.,0.,-0.));
#17897 = ADVANCED_FACE('',(#17898),#17909,.F.);
#17898 = FACE_BOUND('',#17899,.T.);
#17899 = EDGE_LOOP('',(#17900,#17901,#17907,#17908));
#17900 = ORIENTED_EDGE('',*,*,#4322,.T.);
#17901 = ORIENTED_EDGE('',*,*,#17902,.T.);
#17902 = EDGE_CURVE('',#4323,#9253,#17903,.T.);
#17903 = LINE('',#17904,#17905);
#17904 = CARTESIAN_POINT('',(83.542747,-45.599909,-4.6E-02));
#17905 = VECTOR('',#17906,1.);
#17906 = DIRECTION('',(0.,0.,1.));
#17907 = ORIENTED_EDGE('',*,*,#9252,.F.);
#17908 = ORIENTED_EDGE('',*,*,#17902,.F.);
#17909 = CYLINDRICAL_SURFACE('',#17910,0.6);
#17910 = AXIS2_PLACEMENT_3D('',#17911,#17912,#17913);
#17911 = CARTESIAN_POINT('',(83.542747,-44.999909,-4.6E-02));
#17912 = DIRECTION('',(-0.,0.,-1.));
#17913 = DIRECTION('',(2.368475785867E-14,-1.,-0.));
#17914 = ADVANCED_FACE('',(#17915),#17926,.F.);
#17915 = FACE_BOUND('',#17916,.T.);
#17916 = EDGE_LOOP('',(#17917,#17923,#17924,#17925));
#17917 = ORIENTED_EDGE('',*,*,#17918,.T.);
#17918 = EDGE_CURVE('',#4334,#9264,#17919,.T.);
#17919 = LINE('',#17920,#17921);
#17920 = CARTESIAN_POINT('',(95.999891,-62.99991,0.));
#17921 = VECTOR('',#17922,1.);
#17922 = DIRECTION('',(0.,0.,1.));
#17923 = ORIENTED_EDGE('',*,*,#9263,.T.);
#17924 = ORIENTED_EDGE('',*,*,#17918,.F.);
#17925 = ORIENTED_EDGE('',*,*,#4333,.F.);
#17926 = CYLINDRICAL_SURFACE('',#17927,0.499999);
#17927 = AXIS2_PLACEMENT_3D('',#17928,#17929,#17930);
#17928 = CARTESIAN_POINT('',(95.499892,-62.99991,0.));
#17929 = DIRECTION('',(-0.,-0.,-1.));
#17930 = DIRECTION('',(1.,0.,-0.));
#17931 = ADVANCED_FACE('',(#17932),#17943,.F.);
#17932 = FACE_BOUND('',#17933,.T.);
#17933 = EDGE_LOOP('',(#17934,#17940,#17941,#17942));
#17934 = ORIENTED_EDGE('',*,*,#17935,.T.);
#17935 = EDGE_CURVE('',#4345,#9275,#17936,.T.);
#17936 = LINE('',#17937,#17938);
#17937 = CARTESIAN_POINT('',(94.499892,-61.49991,0.));
#17938 = VECTOR('',#17939,1.);
#17939 = DIRECTION('',(0.,0.,1.));
#17940 = ORIENTED_EDGE('',*,*,#9274,.T.);
#17941 = ORIENTED_EDGE('',*,*,#17935,.F.);
#17942 = ORIENTED_EDGE('',*,*,#4344,.F.);
#17943 = CYLINDRICAL_SURFACE('',#17944,0.5);
#17944 = AXIS2_PLACEMENT_3D('',#17945,#17946,#17947);
#17945 = CARTESIAN_POINT('',(93.999892,-61.49991,0.));
#17946 = DIRECTION('',(-0.,-0.,-1.));
#17947 = DIRECTION('',(1.,0.,-0.));
#17948 = ADVANCED_FACE('',(#17949),#17960,.F.);
#17949 = FACE_BOUND('',#17950,.T.);
#17950 = EDGE_LOOP('',(#17951,#17957,#17958,#17959));
#17951 = ORIENTED_EDGE('',*,*,#17952,.T.);
#17952 = EDGE_CURVE('',#4356,#9286,#17953,.T.);
#17953 = LINE('',#17954,#17955);
#17954 = CARTESIAN_POINT('',(97.499892,-61.49991,0.));
#17955 = VECTOR('',#17956,1.);
#17956 = DIRECTION('',(0.,0.,1.));
#17957 = ORIENTED_EDGE('',*,*,#9285,.T.);
#17958 = ORIENTED_EDGE('',*,*,#17952,.F.);
#17959 = ORIENTED_EDGE('',*,*,#4355,.F.);
#17960 = CYLINDRICAL_SURFACE('',#17961,0.5);
#17961 = AXIS2_PLACEMENT_3D('',#17962,#17963,#17964);
#17962 = CARTESIAN_POINT('',(96.999892,-61.49991,0.));
#17963 = DIRECTION('',(-0.,-0.,-1.));
#17964 = DIRECTION('',(1.,0.,-0.));
#17965 = ADVANCED_FACE('',(#17966),#17977,.F.);
#17966 = FACE_BOUND('',#17967,.T.);
#17967 = EDGE_LOOP('',(#17968,#17974,#17975,#17976));
#17968 = ORIENTED_EDGE('',*,*,#17969,.T.);
#17969 = EDGE_CURVE('',#4367,#9297,#17970,.T.);
#17970 = LINE('',#17971,#17972);
#17971 = CARTESIAN_POINT('',(95.999892,-56.99991,0.));
#17972 = VECTOR('',#17973,1.);
#17973 = DIRECTION('',(0.,0.,1.));
#17974 = ORIENTED_EDGE('',*,*,#9296,.T.);
#17975 = ORIENTED_EDGE('',*,*,#17969,.F.);
#17976 = ORIENTED_EDGE('',*,*,#4366,.F.);
#17977 = CYLINDRICAL_SURFACE('',#17978,0.5);
#17978 = AXIS2_PLACEMENT_3D('',#17979,#17980,#17981);
#17979 = CARTESIAN_POINT('',(95.499892,-56.99991,0.));
#17980 = DIRECTION('',(-0.,-0.,-1.));
#17981 = DIRECTION('',(1.,0.,-0.));
#17982 = ADVANCED_FACE('',(#17983),#17994,.F.);
#17983 = FACE_BOUND('',#17984,.T.);
#17984 = EDGE_LOOP('',(#17985,#17991,#17992,#17993));
#17985 = ORIENTED_EDGE('',*,*,#17986,.T.);
#17986 = EDGE_CURVE('',#4378,#9308,#17987,.T.);
#17987 = LINE('',#17988,#17989);
#17988 = CARTESIAN_POINT('',(95.999892,-53.99991,0.));
#17989 = VECTOR('',#17990,1.);
#17990 = DIRECTION('',(0.,0.,1.));
#17991 = ORIENTED_EDGE('',*,*,#9307,.T.);
#17992 = ORIENTED_EDGE('',*,*,#17986,.F.);
#17993 = ORIENTED_EDGE('',*,*,#4377,.F.);
#17994 = CYLINDRICAL_SURFACE('',#17995,0.5);
#17995 = AXIS2_PLACEMENT_3D('',#17996,#17997,#17998);
#17996 = CARTESIAN_POINT('',(95.499892,-53.99991,0.));
#17997 = DIRECTION('',(-0.,-0.,-1.));
#17998 = DIRECTION('',(1.,0.,-0.));
#17999 = ADVANCED_FACE('',(#18000),#18011,.F.);
#18000 = FACE_BOUND('',#18001,.T.);
#18001 = EDGE_LOOP('',(#18002,#18008,#18009,#18010));
#18002 = ORIENTED_EDGE('',*,*,#18003,.T.);
#18003 = EDGE_CURVE('',#4389,#9319,#18004,.T.);
#18004 = LINE('',#18005,#18006);
#18005 = CARTESIAN_POINT('',(107.999891,-62.99991,0.));
#18006 = VECTOR('',#18007,1.);
#18007 = DIRECTION('',(0.,0.,1.));
#18008 = ORIENTED_EDGE('',*,*,#9318,.T.);
#18009 = ORIENTED_EDGE('',*,*,#18003,.F.);
#18010 = ORIENTED_EDGE('',*,*,#4388,.F.);
#18011 = CYLINDRICAL_SURFACE('',#18012,0.499999);
#18012 = AXIS2_PLACEMENT_3D('',#18013,#18014,#18015);
#18013 = CARTESIAN_POINT('',(107.499892,-62.99991,0.));
#18014 = DIRECTION('',(-0.,-0.,-1.));
#18015 = DIRECTION('',(1.,0.,-0.));
#18016 = ADVANCED_FACE('',(#18017),#18028,.F.);
#18017 = FACE_BOUND('',#18018,.T.);
#18018 = EDGE_LOOP('',(#18019,#18025,#18026,#18027));
#18019 = ORIENTED_EDGE('',*,*,#18020,.T.);
#18020 = EDGE_CURVE('',#4400,#9330,#18021,.T.);
#18021 = LINE('',#18022,#18023);
#18022 = CARTESIAN_POINT('',(106.499892,-61.49991,0.));
#18023 = VECTOR('',#18024,1.);
#18024 = DIRECTION('',(0.,0.,1.));
#18025 = ORIENTED_EDGE('',*,*,#9329,.T.);
#18026 = ORIENTED_EDGE('',*,*,#18020,.F.);
#18027 = ORIENTED_EDGE('',*,*,#4399,.F.);
#18028 = CYLINDRICAL_SURFACE('',#18029,0.5);
#18029 = AXIS2_PLACEMENT_3D('',#18030,#18031,#18032);
#18030 = CARTESIAN_POINT('',(105.999892,-61.49991,0.));
#18031 = DIRECTION('',(-0.,-0.,-1.));
#18032 = DIRECTION('',(1.,0.,-0.));
#18033 = ADVANCED_FACE('',(#18034),#18045,.F.);
#18034 = FACE_BOUND('',#18035,.T.);
#18035 = EDGE_LOOP('',(#18036,#18042,#18043,#18044));
#18036 = ORIENTED_EDGE('',*,*,#18037,.T.);
#18037 = EDGE_CURVE('',#4411,#9341,#18038,.T.);
#18038 = LINE('',#18039,#18040);
#18039 = CARTESIAN_POINT('',(109.499892,-61.49991,0.));
#18040 = VECTOR('',#18041,1.);
#18041 = DIRECTION('',(0.,0.,1.));
#18042 = ORIENTED_EDGE('',*,*,#9340,.T.);
#18043 = ORIENTED_EDGE('',*,*,#18037,.F.);
#18044 = ORIENTED_EDGE('',*,*,#4410,.F.);
#18045 = CYLINDRICAL_SURFACE('',#18046,0.5);
#18046 = AXIS2_PLACEMENT_3D('',#18047,#18048,#18049);
#18047 = CARTESIAN_POINT('',(108.999892,-61.49991,0.));
#18048 = DIRECTION('',(-0.,-0.,-1.));
#18049 = DIRECTION('',(1.,0.,-0.));
#18050 = ADVANCED_FACE('',(#18051),#18062,.F.);
#18051 = FACE_BOUND('',#18052,.T.);
#18052 = EDGE_LOOP('',(#18053,#18059,#18060,#18061));
#18053 = ORIENTED_EDGE('',*,*,#18054,.T.);
#18054 = EDGE_CURVE('',#4422,#9352,#18055,.T.);
#18055 = LINE('',#18056,#18057);
#18056 = CARTESIAN_POINT('',(107.999892,-56.99991,0.));
#18057 = VECTOR('',#18058,1.);
#18058 = DIRECTION('',(0.,0.,1.));
#18059 = ORIENTED_EDGE('',*,*,#9351,.T.);
#18060 = ORIENTED_EDGE('',*,*,#18054,.F.);
#18061 = ORIENTED_EDGE('',*,*,#4421,.F.);
#18062 = CYLINDRICAL_SURFACE('',#18063,0.5);
#18063 = AXIS2_PLACEMENT_3D('',#18064,#18065,#18066);
#18064 = CARTESIAN_POINT('',(107.499892,-56.99991,0.));
#18065 = DIRECTION('',(-0.,-0.,-1.));
#18066 = DIRECTION('',(1.,0.,-0.));
#18067 = ADVANCED_FACE('',(#18068),#18079,.F.);
#18068 = FACE_BOUND('',#18069,.T.);
#18069 = EDGE_LOOP('',(#18070,#18076,#18077,#18078));
#18070 = ORIENTED_EDGE('',*,*,#18071,.T.);
#18071 = EDGE_CURVE('',#4433,#9363,#18072,.T.);
#18072 = LINE('',#18073,#18074);
#18073 = CARTESIAN_POINT('',(107.999892,-53.99991,0.));
#18074 = VECTOR('',#18075,1.);
#18075 = DIRECTION('',(0.,0.,1.));
#18076 = ORIENTED_EDGE('',*,*,#9362,.T.);
#18077 = ORIENTED_EDGE('',*,*,#18071,.F.);
#18078 = ORIENTED_EDGE('',*,*,#4432,.F.);
#18079 = CYLINDRICAL_SURFACE('',#18080,0.5);
#18080 = AXIS2_PLACEMENT_3D('',#18081,#18082,#18083);
#18081 = CARTESIAN_POINT('',(107.499892,-53.99991,0.));
#18082 = DIRECTION('',(-0.,-0.,-1.));
#18083 = DIRECTION('',(1.,0.,-0.));
#18084 = ADVANCED_FACE('',(#18085),#18101,.T.);
#18085 = FACE_BOUND('',#18086,.T.);
#18086 = EDGE_LOOP('',(#18087,#18093,#18094,#18100));
#18087 = ORIENTED_EDGE('',*,*,#18088,.T.);
#18088 = EDGE_CURVE('',#4444,#9374,#18089,.T.);
#18089 = LINE('',#18090,#18091);
#18090 = CARTESIAN_POINT('',(85.999892,-46.99991,0.));
#18091 = VECTOR('',#18092,1.);
#18092 = DIRECTION('',(0.,0.,1.));
#18093 = ORIENTED_EDGE('',*,*,#9373,.T.);
#18094 = ORIENTED_EDGE('',*,*,#18095,.F.);
#18095 = EDGE_CURVE('',#4446,#9376,#18096,.T.);
#18096 = LINE('',#18097,#18098);
#18097 = CARTESIAN_POINT('',(85.999892,-56.99991,0.));
#18098 = VECTOR('',#18099,1.);
#18099 = DIRECTION('',(0.,0.,1.));
#18100 = ORIENTED_EDGE('',*,*,#4443,.F.);
#18101 = PLANE('',#18102);
#18102 = AXIS2_PLACEMENT_3D('',#18103,#18104,#18105);
#18103 = CARTESIAN_POINT('',(85.999892,-46.99991,0.));
#18104 = DIRECTION('',(1.,0.,-0.));
#18105 = DIRECTION('',(0.,-1.,0.));
#18106 = ADVANCED_FACE('',(#18107),#18118,.T.);
#18107 = FACE_BOUND('',#18108,.T.);
#18108 = EDGE_LOOP('',(#18109,#18115,#18116,#18117));
#18109 = ORIENTED_EDGE('',*,*,#18110,.T.);
#18110 = EDGE_CURVE('',#4454,#9384,#18111,.T.);
#18111 = LINE('',#18112,#18113);
#18112 = CARTESIAN_POINT('',(85.999892,-45.99991,0.));
#18113 = VECTOR('',#18114,1.);
#18114 = DIRECTION('',(0.,0.,1.));
#18115 = ORIENTED_EDGE('',*,*,#9383,.T.);
#18116 = ORIENTED_EDGE('',*,*,#18088,.F.);
#18117 = ORIENTED_EDGE('',*,*,#4453,.F.);
#18118 = PLANE('',#18119);
#18119 = AXIS2_PLACEMENT_3D('',#18120,#18121,#18122);
#18120 = CARTESIAN_POINT('',(85.999892,-45.99991,0.));
#18121 = DIRECTION('',(1.,0.,-0.));
#18122 = DIRECTION('',(0.,-1.,0.));
#18123 = ADVANCED_FACE('',(#18124),#18135,.F.);
#18124 = FACE_BOUND('',#18125,.T.);
#18125 = EDGE_LOOP('',(#18126,#18127,#18128,#18134));
#18126 = ORIENTED_EDGE('',*,*,#18095,.T.);
#18127 = ORIENTED_EDGE('',*,*,#9424,.T.);
#18128 = ORIENTED_EDGE('',*,*,#18129,.F.);
#18129 = EDGE_CURVE('',#4487,#9417,#18130,.T.);
#18130 = LINE('',#18131,#18132);
#18131 = CARTESIAN_POINT('',(87.999892,-58.99991,0.));
#18132 = VECTOR('',#18133,1.);
#18133 = DIRECTION('',(0.,0.,1.));
#18134 = ORIENTED_EDGE('',*,*,#4494,.F.);
#18135 = CYLINDRICAL_SURFACE('',#18136,1.99999850585);
#18136 = AXIS2_PLACEMENT_3D('',#18137,#18138,#18139);
#18137 = CARTESIAN_POINT('',(87.99989050585,-56.99991149415,0.));
#18138 = DIRECTION('',(-0.,-0.,-1.));
#18139 = DIRECTION('',(-1.,7.470757420593E-07,0.));
#18140 = ADVANCED_FACE('',(#18141),#18152,.T.);
#18141 = FACE_BOUND('',#18142,.T.);
#18142 = EDGE_LOOP('',(#18143,#18149,#18150,#18151));
#18143 = ORIENTED_EDGE('',*,*,#18144,.T.);
#18144 = EDGE_CURVE('',#4462,#9392,#18145,.T.);
#18145 = LINE('',#18146,#18147);
#18146 = CARTESIAN_POINT('',(92.999892,-45.99991,0.));
#18147 = VECTOR('',#18148,1.);
#18148 = DIRECTION('',(0.,0.,1.));
#18149 = ORIENTED_EDGE('',*,*,#9391,.T.);
#18150 = ORIENTED_EDGE('',*,*,#18110,.F.);
#18151 = ORIENTED_EDGE('',*,*,#4461,.F.);
#18152 = PLANE('',#18153);
#18153 = AXIS2_PLACEMENT_3D('',#18154,#18155,#18156);
#18154 = CARTESIAN_POINT('',(92.999892,-45.99991,0.));
#18155 = DIRECTION('',(0.,-1.,0.));
#18156 = DIRECTION('',(-1.,0.,0.));
#18157 = ADVANCED_FACE('',(#18158),#18169,.T.);
#18158 = FACE_BOUND('',#18159,.T.);
#18159 = EDGE_LOOP('',(#18160,#18161,#18162,#18168));
#18160 = ORIENTED_EDGE('',*,*,#18129,.T.);
#18161 = ORIENTED_EDGE('',*,*,#9416,.T.);
#18162 = ORIENTED_EDGE('',*,*,#18163,.F.);
#18163 = EDGE_CURVE('',#4478,#9408,#18164,.T.);
#18164 = LINE('',#18165,#18166);
#18165 = CARTESIAN_POINT('',(90.999892,-58.99991,0.));
#18166 = VECTOR('',#18167,1.);
#18167 = DIRECTION('',(0.,0.,1.));
#18168 = ORIENTED_EDGE('',*,*,#4486,.F.);
#18169 = PLANE('',#18170);
#18170 = AXIS2_PLACEMENT_3D('',#18171,#18172,#18173);
#18171 = CARTESIAN_POINT('',(87.999892,-58.99991,0.));
#18172 = DIRECTION('',(0.,1.,0.));
#18173 = DIRECTION('',(1.,0.,0.));
#18174 = ADVANCED_FACE('',(#18175),#18186,.T.);
#18175 = FACE_BOUND('',#18176,.T.);
#18176 = EDGE_LOOP('',(#18177,#18183,#18184,#18185));
#18177 = ORIENTED_EDGE('',*,*,#18178,.T.);
#18178 = EDGE_CURVE('',#4470,#9400,#18179,.T.);
#18179 = LINE('',#18180,#18181);
#18180 = CARTESIAN_POINT('',(92.999892,-56.99991,0.));
#18181 = VECTOR('',#18182,1.);
#18182 = DIRECTION('',(0.,0.,1.));
#18183 = ORIENTED_EDGE('',*,*,#9399,.T.);
#18184 = ORIENTED_EDGE('',*,*,#18144,.F.);
#18185 = ORIENTED_EDGE('',*,*,#4469,.F.);
#18186 = PLANE('',#18187);
#18187 = AXIS2_PLACEMENT_3D('',#18188,#18189,#18190);
#18188 = CARTESIAN_POINT('',(92.999892,-56.99991,0.));
#18189 = DIRECTION('',(-1.,0.,0.));
#18190 = DIRECTION('',(0.,1.,0.));
#18191 = ADVANCED_FACE('',(#18192),#18198,.F.);
#18192 = FACE_BOUND('',#18193,.T.);
#18193 = EDGE_LOOP('',(#18194,#18195,#18196,#18197));
#18194 = ORIENTED_EDGE('',*,*,#18163,.T.);
#18195 = ORIENTED_EDGE('',*,*,#9407,.T.);
#18196 = ORIENTED_EDGE('',*,*,#18178,.F.);
#18197 = ORIENTED_EDGE('',*,*,#4477,.F.);
#18198 = CYLINDRICAL_SURFACE('',#18199,1.99999850585);
#18199 = AXIS2_PLACEMENT_3D('',#18200,#18201,#18202);
#18200 = CARTESIAN_POINT('',(90.99989349415,-56.99991149415,0.));
#18201 = DIRECTION('',(-0.,-0.,-1.));
#18202 = DIRECTION('',(-7.470757420593E-07,-1.,0.));
#18203 = ADVANCED_FACE('',(#18204),#18215,.F.);
#18204 = FACE_BOUND('',#18205,.T.);
#18205 = EDGE_LOOP('',(#18206,#18212,#18213,#18214));
#18206 = ORIENTED_EDGE('',*,*,#18207,.T.);
#18207 = EDGE_CURVE('',#4504,#9434,#18208,.T.);
#18208 = LINE('',#18209,#18210);
#18209 = CARTESIAN_POINT('',(95.999892,-50.99991,0.));
#18210 = VECTOR('',#18211,1.);
#18211 = DIRECTION('',(0.,0.,1.));
#18212 = ORIENTED_EDGE('',*,*,#9433,.T.);
#18213 = ORIENTED_EDGE('',*,*,#18207,.F.);
#18214 = ORIENTED_EDGE('',*,*,#4503,.F.);
#18215 = CYLINDRICAL_SURFACE('',#18216,0.5);
#18216 = AXIS2_PLACEMENT_3D('',#18217,#18218,#18219);
#18217 = CARTESIAN_POINT('',(95.499892,-50.99991,0.));
#18218 = DIRECTION('',(-0.,-0.,-1.));
#18219 = DIRECTION('',(1.,0.,-0.));
#18220 = ADVANCED_FACE('',(#18221),#18232,.F.);
#18221 = FACE_BOUND('',#18222,.T.);
#18222 = EDGE_LOOP('',(#18223,#18229,#18230,#18231));
#18223 = ORIENTED_EDGE('',*,*,#18224,.T.);
#18224 = EDGE_CURVE('',#4515,#9445,#18225,.T.);
#18225 = LINE('',#18226,#18227);
#18226 = CARTESIAN_POINT('',(95.999892,-47.99991,0.));
#18227 = VECTOR('',#18228,1.);
#18228 = DIRECTION('',(0.,0.,1.));
#18229 = ORIENTED_EDGE('',*,*,#9444,.T.);
#18230 = ORIENTED_EDGE('',*,*,#18224,.F.);
#18231 = ORIENTED_EDGE('',*,*,#4514,.F.);
#18232 = CYLINDRICAL_SURFACE('',#18233,0.5);
#18233 = AXIS2_PLACEMENT_3D('',#18234,#18235,#18236);
#18234 = CARTESIAN_POINT('',(95.499892,-47.99991,0.));
#18235 = DIRECTION('',(-0.,-0.,-1.));
#18236 = DIRECTION('',(1.,0.,-0.));
#18237 = ADVANCED_FACE('',(#18238),#18249,.F.);
#18238 = FACE_BOUND('',#18239,.T.);
#18239 = EDGE_LOOP('',(#18240,#18241,#18247,#18248));
#18240 = ORIENTED_EDGE('',*,*,#4525,.T.);
#18241 = ORIENTED_EDGE('',*,*,#18242,.T.);
#18242 = EDGE_CURVE('',#4526,#9456,#18243,.T.);
#18243 = LINE('',#18244,#18245);
#18244 = CARTESIAN_POINT('',(95.521318,-45.599909,-4.6E-02));
#18245 = VECTOR('',#18246,1.);
#18246 = DIRECTION('',(0.,0.,1.));
#18247 = ORIENTED_EDGE('',*,*,#9455,.F.);
#18248 = ORIENTED_EDGE('',*,*,#18242,.F.);
#18249 = CYLINDRICAL_SURFACE('',#18250,0.6);
#18250 = AXIS2_PLACEMENT_3D('',#18251,#18252,#18253);
#18251 = CARTESIAN_POINT('',(95.521318,-44.999909,-4.6E-02));
#18252 = DIRECTION('',(-0.,-0.,-1.));
#18253 = DIRECTION('',(-2.368475785867E-14,-1.,0.));
#18254 = ADVANCED_FACE('',(#18255),#18271,.T.);
#18255 = FACE_BOUND('',#18256,.T.);
#18256 = EDGE_LOOP('',(#18257,#18263,#18264,#18270));
#18257 = ORIENTED_EDGE('',*,*,#18258,.T.);
#18258 = EDGE_CURVE('',#4537,#9467,#18259,.T.);
#18259 = LINE('',#18260,#18261);
#18260 = CARTESIAN_POINT('',(97.999892,-46.99991,0.));
#18261 = VECTOR('',#18262,1.);
#18262 = DIRECTION('',(0.,0.,1.));
#18263 = ORIENTED_EDGE('',*,*,#9466,.T.);
#18264 = ORIENTED_EDGE('',*,*,#18265,.F.);
#18265 = EDGE_CURVE('',#4539,#9469,#18266,.T.);
#18266 = LINE('',#18267,#18268);
#18267 = CARTESIAN_POINT('',(97.999892,-56.99991,0.));
#18268 = VECTOR('',#18269,1.);
#18269 = DIRECTION('',(0.,0.,1.));
#18270 = ORIENTED_EDGE('',*,*,#4536,.F.);
#18271 = PLANE('',#18272);
#18272 = AXIS2_PLACEMENT_3D('',#18273,#18274,#18275);
#18273 = CARTESIAN_POINT('',(97.999892,-46.99991,0.));
#18274 = DIRECTION('',(1.,0.,-0.));
#18275 = DIRECTION('',(0.,-1.,0.));
#18276 = ADVANCED_FACE('',(#18277),#18288,.T.);
#18277 = FACE_BOUND('',#18278,.T.);
#18278 = EDGE_LOOP('',(#18279,#18285,#18286,#18287));
#18279 = ORIENTED_EDGE('',*,*,#18280,.T.);
#18280 = EDGE_CURVE('',#4547,#9477,#18281,.T.);
#18281 = LINE('',#18282,#18283);
#18282 = CARTESIAN_POINT('',(97.999892,-45.99991,0.));
#18283 = VECTOR('',#18284,1.);
#18284 = DIRECTION('',(0.,0.,1.));
#18285 = ORIENTED_EDGE('',*,*,#9476,.T.);
#18286 = ORIENTED_EDGE('',*,*,#18258,.F.);
#18287 = ORIENTED_EDGE('',*,*,#4546,.F.);
#18288 = PLANE('',#18289);
#18289 = AXIS2_PLACEMENT_3D('',#18290,#18291,#18292);
#18290 = CARTESIAN_POINT('',(97.999892,-45.99991,0.));
#18291 = DIRECTION('',(1.,0.,-0.));
#18292 = DIRECTION('',(0.,-1.,0.));
#18293 = ADVANCED_FACE('',(#18294),#18305,.F.);
#18294 = FACE_BOUND('',#18295,.T.);
#18295 = EDGE_LOOP('',(#18296,#18297,#18298,#18304));
#18296 = ORIENTED_EDGE('',*,*,#18265,.T.);
#18297 = ORIENTED_EDGE('',*,*,#9517,.T.);
#18298 = ORIENTED_EDGE('',*,*,#18299,.F.);
#18299 = EDGE_CURVE('',#4580,#9510,#18300,.T.);
#18300 = LINE('',#18301,#18302);
#18301 = CARTESIAN_POINT('',(99.999892,-58.99991,0.));
#18302 = VECTOR('',#18303,1.);
#18303 = DIRECTION('',(0.,0.,1.));
#18304 = ORIENTED_EDGE('',*,*,#4587,.F.);
#18305 = CYLINDRICAL_SURFACE('',#18306,1.99999850585);
#18306 = AXIS2_PLACEMENT_3D('',#18307,#18308,#18309);
#18307 = CARTESIAN_POINT('',(99.99989050585,-56.99991149415,0.));
#18308 = DIRECTION('',(-0.,-0.,-1.));
#18309 = DIRECTION('',(-1.,7.470757420593E-07,0.));
#18310 = ADVANCED_FACE('',(#18311),#18322,.T.);
#18311 = FACE_BOUND('',#18312,.T.);
#18312 = EDGE_LOOP('',(#18313,#18319,#18320,#18321));
#18313 = ORIENTED_EDGE('',*,*,#18314,.T.);
#18314 = EDGE_CURVE('',#4555,#9485,#18315,.T.);
#18315 = LINE('',#18316,#18317);
#18316 = CARTESIAN_POINT('',(104.999892,-45.99991,0.));
#18317 = VECTOR('',#18318,1.);
#18318 = DIRECTION('',(0.,0.,1.));
#18319 = ORIENTED_EDGE('',*,*,#9484,.T.);
#18320 = ORIENTED_EDGE('',*,*,#18280,.F.);
#18321 = ORIENTED_EDGE('',*,*,#4554,.F.);
#18322 = PLANE('',#18323);
#18323 = AXIS2_PLACEMENT_3D('',#18324,#18325,#18326);
#18324 = CARTESIAN_POINT('',(104.999892,-45.99991,0.));
#18325 = DIRECTION('',(0.,-1.,0.));
#18326 = DIRECTION('',(-1.,0.,0.));
#18327 = ADVANCED_FACE('',(#18328),#18339,.T.);
#18328 = FACE_BOUND('',#18329,.T.);
#18329 = EDGE_LOOP('',(#18330,#18331,#18332,#18338));
#18330 = ORIENTED_EDGE('',*,*,#18299,.T.);
#18331 = ORIENTED_EDGE('',*,*,#9509,.T.);
#18332 = ORIENTED_EDGE('',*,*,#18333,.F.);
#18333 = EDGE_CURVE('',#4571,#9501,#18334,.T.);
#18334 = LINE('',#18335,#18336);
#18335 = CARTESIAN_POINT('',(102.999892,-58.99991,0.));
#18336 = VECTOR('',#18337,1.);
#18337 = DIRECTION('',(0.,0.,1.));
#18338 = ORIENTED_EDGE('',*,*,#4579,.F.);
#18339 = PLANE('',#18340);
#18340 = AXIS2_PLACEMENT_3D('',#18341,#18342,#18343);
#18341 = CARTESIAN_POINT('',(99.999892,-58.99991,0.));
#18342 = DIRECTION('',(0.,1.,0.));
#18343 = DIRECTION('',(1.,0.,0.));
#18344 = ADVANCED_FACE('',(#18345),#18356,.T.);
#18345 = FACE_BOUND('',#18346,.T.);
#18346 = EDGE_LOOP('',(#18347,#18353,#18354,#18355));
#18347 = ORIENTED_EDGE('',*,*,#18348,.T.);
#18348 = EDGE_CURVE('',#4563,#9493,#18349,.T.);
#18349 = LINE('',#18350,#18351);
#18350 = CARTESIAN_POINT('',(104.999892,-56.99991,0.));
#18351 = VECTOR('',#18352,1.);
#18352 = DIRECTION('',(0.,0.,1.));
#18353 = ORIENTED_EDGE('',*,*,#9492,.T.);
#18354 = ORIENTED_EDGE('',*,*,#18314,.F.);
#18355 = ORIENTED_EDGE('',*,*,#4562,.F.);
#18356 = PLANE('',#18357);
#18357 = AXIS2_PLACEMENT_3D('',#18358,#18359,#18360);
#18358 = CARTESIAN_POINT('',(104.999892,-56.99991,0.));
#18359 = DIRECTION('',(-1.,0.,0.));
#18360 = DIRECTION('',(0.,1.,0.));
#18361 = ADVANCED_FACE('',(#18362),#18368,.F.);
#18362 = FACE_BOUND('',#18363,.T.);
#18363 = EDGE_LOOP('',(#18364,#18365,#18366,#18367));
#18364 = ORIENTED_EDGE('',*,*,#18333,.T.);
#18365 = ORIENTED_EDGE('',*,*,#9500,.T.);
#18366 = ORIENTED_EDGE('',*,*,#18348,.F.);
#18367 = ORIENTED_EDGE('',*,*,#4570,.F.);
#18368 = CYLINDRICAL_SURFACE('',#18369,1.99999850585);
#18369 = AXIS2_PLACEMENT_3D('',#18370,#18371,#18372);
#18370 = CARTESIAN_POINT('',(102.99989349415,-56.99991149415,0.));
#18371 = DIRECTION('',(-0.,-0.,-1.));
#18372 = DIRECTION('',(-7.470757420593E-07,-1.,0.));
#18373 = ADVANCED_FACE('',(#18374),#18385,.F.);
#18374 = FACE_BOUND('',#18375,.T.);
#18375 = EDGE_LOOP('',(#18376,#18382,#18383,#18384));
#18376 = ORIENTED_EDGE('',*,*,#18377,.T.);
#18377 = EDGE_CURVE('',#4597,#9527,#18378,.T.);
#18378 = LINE('',#18379,#18380);
#18379 = CARTESIAN_POINT('',(107.999892,-50.99991,0.));
#18380 = VECTOR('',#18381,1.);
#18381 = DIRECTION('',(0.,0.,1.));
#18382 = ORIENTED_EDGE('',*,*,#9526,.T.);
#18383 = ORIENTED_EDGE('',*,*,#18377,.F.);
#18384 = ORIENTED_EDGE('',*,*,#4596,.F.);
#18385 = CYLINDRICAL_SURFACE('',#18386,0.5);
#18386 = AXIS2_PLACEMENT_3D('',#18387,#18388,#18389);
#18387 = CARTESIAN_POINT('',(107.499892,-50.99991,0.));
#18388 = DIRECTION('',(-0.,-0.,-1.));
#18389 = DIRECTION('',(1.,0.,-0.));
#18390 = ADVANCED_FACE('',(#18391),#18402,.F.);
#18391 = FACE_BOUND('',#18392,.T.);
#18392 = EDGE_LOOP('',(#18393,#18399,#18400,#18401));
#18393 = ORIENTED_EDGE('',*,*,#18394,.T.);
#18394 = EDGE_CURVE('',#4608,#9538,#18395,.T.);
#18395 = LINE('',#18396,#18397);
#18396 = CARTESIAN_POINT('',(107.999892,-47.99991,0.));
#18397 = VECTOR('',#18398,1.);
#18398 = DIRECTION('',(0.,0.,1.));
#18399 = ORIENTED_EDGE('',*,*,#9537,.T.);
#18400 = ORIENTED_EDGE('',*,*,#18394,.F.);
#18401 = ORIENTED_EDGE('',*,*,#4607,.F.);
#18402 = CYLINDRICAL_SURFACE('',#18403,0.5);
#18403 = AXIS2_PLACEMENT_3D('',#18404,#18405,#18406);
#18404 = CARTESIAN_POINT('',(107.499892,-47.99991,0.));
#18405 = DIRECTION('',(-0.,-0.,-1.));
#18406 = DIRECTION('',(1.,0.,-0.));
#18407 = ADVANCED_FACE('',(#18408),#18419,.F.);
#18408 = FACE_BOUND('',#18409,.T.);
#18409 = EDGE_LOOP('',(#18410,#18411,#18417,#18418));
#18410 = ORIENTED_EDGE('',*,*,#4618,.T.);
#18411 = ORIENTED_EDGE('',*,*,#18412,.T.);
#18412 = EDGE_CURVE('',#4619,#9549,#18413,.T.);
#18413 = LINE('',#18414,#18415);
#18414 = CARTESIAN_POINT('',(107.499892,-45.59991,-4.6E-02));
#18415 = VECTOR('',#18416,1.);
#18416 = DIRECTION('',(0.,0.,1.));
#18417 = ORIENTED_EDGE('',*,*,#9548,.F.);
#18418 = ORIENTED_EDGE('',*,*,#18412,.F.);
#18419 = CYLINDRICAL_SURFACE('',#18420,0.6);
#18420 = AXIS2_PLACEMENT_3D('',#18421,#18422,#18423);
#18421 = CARTESIAN_POINT('',(107.499892,-44.99991,-4.6E-02));
#18422 = DIRECTION('',(-0.,0.,-1.));
#18423 = DIRECTION('',(2.368475785867E-14,-1.,-0.));
#18424 = ADVANCED_FACE('',(#18425),#18441,.T.);
#18425 = FACE_BOUND('',#18426,.T.);
#18426 = EDGE_LOOP('',(#18427,#18433,#18434,#18440));
#18427 = ORIENTED_EDGE('',*,*,#18428,.T.);
#18428 = EDGE_CURVE('',#4630,#9560,#18429,.T.);
#18429 = LINE('',#18430,#18431);
#18430 = CARTESIAN_POINT('',(61.999892,-19.99991,0.));
#18431 = VECTOR('',#18432,1.);
#18432 = DIRECTION('',(0.,0.,1.));
#18433 = ORIENTED_EDGE('',*,*,#9559,.T.);
#18434 = ORIENTED_EDGE('',*,*,#18435,.F.);
#18435 = EDGE_CURVE('',#4632,#9562,#18436,.T.);
#18436 = LINE('',#18437,#18438);
#18437 = CARTESIAN_POINT('',(62.999892,-27.99991,0.));
#18438 = VECTOR('',#18439,1.);
#18439 = DIRECTION('',(0.,0.,1.));
#18440 = ORIENTED_EDGE('',*,*,#4629,.F.);
#18441 = PLANE('',#18442);
#18442 = AXIS2_PLACEMENT_3D('',#18443,#18444,#18445);
#18443 = CARTESIAN_POINT('',(61.999892,-19.99991,0.));
#18444 = DIRECTION('',(0.992277876714,0.124034734589,-0.));
#18445 = DIRECTION('',(0.124034734589,-0.992277876714,0.));
#18446 = ADVANCED_FACE('',(#18447),#18458,.T.);
#18447 = FACE_BOUND('',#18448,.T.);
#18448 = EDGE_LOOP('',(#18449,#18455,#18456,#18457));
#18449 = ORIENTED_EDGE('',*,*,#18450,.T.);
#18450 = EDGE_CURVE('',#4640,#9570,#18451,.T.);
#18451 = LINE('',#18452,#18453);
#18452 = CARTESIAN_POINT('',(61.999892,-18.99991,0.));
#18453 = VECTOR('',#18454,1.);
#18454 = DIRECTION('',(0.,0.,1.));
#18455 = ORIENTED_EDGE('',*,*,#9569,.T.);
#18456 = ORIENTED_EDGE('',*,*,#18428,.F.);
#18457 = ORIENTED_EDGE('',*,*,#4639,.F.);
#18458 = PLANE('',#18459);
#18459 = AXIS2_PLACEMENT_3D('',#18460,#18461,#18462);
#18460 = CARTESIAN_POINT('',(61.999892,-18.99991,0.));
#18461 = DIRECTION('',(1.,0.,-0.));
#18462 = DIRECTION('',(0.,-1.,0.));
#18463 = ADVANCED_FACE('',(#18464),#18475,.T.);
#18464 = FACE_BOUND('',#18465,.T.);
#18465 = EDGE_LOOP('',(#18466,#18467,#18468,#18474));
#18466 = ORIENTED_EDGE('',*,*,#18435,.T.);
#18467 = ORIENTED_EDGE('',*,*,#9649,.T.);
#18468 = ORIENTED_EDGE('',*,*,#18469,.F.);
#18469 = EDGE_CURVE('',#4712,#9642,#18470,.T.);
#18470 = LINE('',#18471,#18472);
#18471 = CARTESIAN_POINT('',(62.999892,-34.99991,0.));
#18472 = VECTOR('',#18473,1.);
#18473 = DIRECTION('',(0.,0.,1.));
#18474 = ORIENTED_EDGE('',*,*,#4719,.F.);
#18475 = PLANE('',#18476);
#18476 = AXIS2_PLACEMENT_3D('',#18477,#18478,#18479);
#18477 = CARTESIAN_POINT('',(62.999892,-27.99991,0.));
#18478 = DIRECTION('',(1.,0.,-0.));
#18479 = DIRECTION('',(0.,-1.,0.));
#18480 = ADVANCED_FACE('',(#18481),#18492,.T.);
#18481 = FACE_BOUND('',#18482,.T.);
#18482 = EDGE_LOOP('',(#18483,#18489,#18490,#18491));
#18483 = ORIENTED_EDGE('',*,*,#18484,.T.);
#18484 = EDGE_CURVE('',#4648,#9578,#18485,.T.);
#18485 = LINE('',#18486,#18487);
#18486 = CARTESIAN_POINT('',(68.999892,-18.99991,0.));
#18487 = VECTOR('',#18488,1.);
#18488 = DIRECTION('',(0.,0.,1.));
#18489 = ORIENTED_EDGE('',*,*,#9577,.T.);
#18490 = ORIENTED_EDGE('',*,*,#18450,.F.);
#18491 = ORIENTED_EDGE('',*,*,#4647,.F.);
#18492 = PLANE('',#18493);
#18493 = AXIS2_PLACEMENT_3D('',#18494,#18495,#18496);
#18494 = CARTESIAN_POINT('',(68.999892,-18.99991,0.));
#18495 = DIRECTION('',(0.,-1.,0.));
#18496 = DIRECTION('',(-1.,0.,0.));
#18497 = ADVANCED_FACE('',(#18498),#18509,.T.);
#18498 = FACE_BOUND('',#18499,.T.);
#18499 = EDGE_LOOP('',(#18500,#18501,#18502,#18508));
#18500 = ORIENTED_EDGE('',*,*,#18469,.T.);
#18501 = ORIENTED_EDGE('',*,*,#9641,.T.);
#18502 = ORIENTED_EDGE('',*,*,#18503,.F.);
#18503 = EDGE_CURVE('',#4704,#9634,#18504,.T.);
#18504 = LINE('',#18505,#18506);
#18505 = CARTESIAN_POINT('',(61.999892,-42.99991,0.));
#18506 = VECTOR('',#18507,1.);
#18507 = DIRECTION('',(0.,0.,1.));
#18508 = ORIENTED_EDGE('',*,*,#4711,.F.);
#18509 = PLANE('',#18510);
#18510 = AXIS2_PLACEMENT_3D('',#18511,#18512,#18513);
#18511 = CARTESIAN_POINT('',(62.999892,-34.99991,0.));
#18512 = DIRECTION('',(0.992277876714,-0.124034734589,0.));
#18513 = DIRECTION('',(-0.124034734589,-0.992277876714,0.));
#18514 = ADVANCED_FACE('',(#18515),#18526,.T.);
#18515 = FACE_BOUND('',#18516,.T.);
#18516 = EDGE_LOOP('',(#18517,#18523,#18524,#18525));
#18517 = ORIENTED_EDGE('',*,*,#18518,.T.);
#18518 = EDGE_CURVE('',#4656,#9586,#18519,.T.);
#18519 = LINE('',#18520,#18521);
#18520 = CARTESIAN_POINT('',(68.999892,-20.99991,0.));
#18521 = VECTOR('',#18522,1.);
#18522 = DIRECTION('',(0.,0.,1.));
#18523 = ORIENTED_EDGE('',*,*,#9585,.T.);
#18524 = ORIENTED_EDGE('',*,*,#18484,.F.);
#18525 = ORIENTED_EDGE('',*,*,#4655,.F.);
#18526 = PLANE('',#18527);
#18527 = AXIS2_PLACEMENT_3D('',#18528,#18529,#18530);
#18528 = CARTESIAN_POINT('',(68.999892,-20.99991,0.));
#18529 = DIRECTION('',(-1.,0.,0.));
#18530 = DIRECTION('',(0.,1.,0.));
#18531 = ADVANCED_FACE('',(#18532),#18543,.T.);
#18532 = FACE_BOUND('',#18533,.T.);
#18533 = EDGE_LOOP('',(#18534,#18535,#18536,#18542));
#18534 = ORIENTED_EDGE('',*,*,#18503,.T.);
#18535 = ORIENTED_EDGE('',*,*,#9633,.T.);
#18536 = ORIENTED_EDGE('',*,*,#18537,.F.);
#18537 = EDGE_CURVE('',#4696,#9626,#18538,.T.);
#18538 = LINE('',#18539,#18540);
#18539 = CARTESIAN_POINT('',(61.999892,-43.99991,0.));
#18540 = VECTOR('',#18541,1.);
#18541 = DIRECTION('',(0.,0.,1.));
#18542 = ORIENTED_EDGE('',*,*,#4703,.F.);
#18543 = PLANE('',#18544);
#18544 = AXIS2_PLACEMENT_3D('',#18545,#18546,#18547);
#18545 = CARTESIAN_POINT('',(61.999892,-42.99991,0.));
#18546 = DIRECTION('',(1.,0.,-0.));
#18547 = DIRECTION('',(0.,-1.,0.));
#18548 = ADVANCED_FACE('',(#18549),#18560,.T.);
#18549 = FACE_BOUND('',#18550,.T.);
#18550 = EDGE_LOOP('',(#18551,#18557,#18558,#18559));
#18551 = ORIENTED_EDGE('',*,*,#18552,.T.);
#18552 = EDGE_CURVE('',#4664,#9594,#18553,.T.);
#18553 = LINE('',#18554,#18555);
#18554 = CARTESIAN_POINT('',(67.999892,-27.99991,0.));
#18555 = VECTOR('',#18556,1.);
#18556 = DIRECTION('',(0.,0.,1.));
#18557 = ORIENTED_EDGE('',*,*,#9593,.T.);
#18558 = ORIENTED_EDGE('',*,*,#18518,.F.);
#18559 = ORIENTED_EDGE('',*,*,#4663,.F.);
#18560 = PLANE('',#18561);
#18561 = AXIS2_PLACEMENT_3D('',#18562,#18563,#18564);
#18562 = CARTESIAN_POINT('',(67.999892,-27.99991,0.));
#18563 = DIRECTION('',(-0.989949493661,0.141421356237,0.));
#18564 = DIRECTION('',(0.141421356237,0.989949493661,0.));
#18565 = ADVANCED_FACE('',(#18566),#18577,.T.);
#18566 = FACE_BOUND('',#18567,.T.);
#18567 = EDGE_LOOP('',(#18568,#18569,#18570,#18576));
#18568 = ORIENTED_EDGE('',*,*,#18537,.T.);
#18569 = ORIENTED_EDGE('',*,*,#9625,.T.);
#18570 = ORIENTED_EDGE('',*,*,#18571,.F.);
#18571 = EDGE_CURVE('',#4688,#9618,#18572,.T.);
#18572 = LINE('',#18573,#18574);
#18573 = CARTESIAN_POINT('',(68.999892,-43.99991,0.));
#18574 = VECTOR('',#18575,1.);
#18575 = DIRECTION('',(0.,0.,1.));
#18576 = ORIENTED_EDGE('',*,*,#4695,.F.);
#18577 = PLANE('',#18578);
#18578 = AXIS2_PLACEMENT_3D('',#18579,#18580,#18581);
#18579 = CARTESIAN_POINT('',(61.999892,-43.99991,0.));
#18580 = DIRECTION('',(0.,1.,0.));
#18581 = DIRECTION('',(1.,0.,0.));
#18582 = ADVANCED_FACE('',(#18583),#18594,.T.);
#18583 = FACE_BOUND('',#18584,.T.);
#18584 = EDGE_LOOP('',(#18585,#18591,#18592,#18593));
#18585 = ORIENTED_EDGE('',*,*,#18586,.T.);
#18586 = EDGE_CURVE('',#4672,#9602,#18587,.T.);
#18587 = LINE('',#18588,#18589);
#18588 = CARTESIAN_POINT('',(67.999892,-34.99991,0.));
#18589 = VECTOR('',#18590,1.);
#18590 = DIRECTION('',(0.,0.,1.));
#18591 = ORIENTED_EDGE('',*,*,#9601,.T.);
#18592 = ORIENTED_EDGE('',*,*,#18552,.F.);
#18593 = ORIENTED_EDGE('',*,*,#4671,.F.);
#18594 = PLANE('',#18595);
#18595 = AXIS2_PLACEMENT_3D('',#18596,#18597,#18598);
#18596 = CARTESIAN_POINT('',(67.999892,-34.99991,0.));
#18597 = DIRECTION('',(-1.,0.,0.));
#18598 = DIRECTION('',(0.,1.,0.));
#18599 = ADVANCED_FACE('',(#18600),#18611,.T.);
#18600 = FACE_BOUND('',#18601,.T.);
#18601 = EDGE_LOOP('',(#18602,#18603,#18604,#18610));
#18602 = ORIENTED_EDGE('',*,*,#18571,.T.);
#18603 = ORIENTED_EDGE('',*,*,#9617,.T.);
#18604 = ORIENTED_EDGE('',*,*,#18605,.F.);
#18605 = EDGE_CURVE('',#4680,#9610,#18606,.T.);
#18606 = LINE('',#18607,#18608);
#18607 = CARTESIAN_POINT('',(68.999892,-42.99991,0.));
#18608 = VECTOR('',#18609,1.);
#18609 = DIRECTION('',(0.,0.,1.));
#18610 = ORIENTED_EDGE('',*,*,#4687,.F.);
#18611 = PLANE('',#18612);
#18612 = AXIS2_PLACEMENT_3D('',#18613,#18614,#18615);
#18613 = CARTESIAN_POINT('',(68.999892,-43.99991,0.));
#18614 = DIRECTION('',(-1.,0.,0.));
#18615 = DIRECTION('',(0.,1.,0.));
#18616 = ADVANCED_FACE('',(#18617),#18623,.T.);
#18617 = FACE_BOUND('',#18618,.T.);
#18618 = EDGE_LOOP('',(#18619,#18620,#18621,#18622));
#18619 = ORIENTED_EDGE('',*,*,#18605,.T.);
#18620 = ORIENTED_EDGE('',*,*,#9609,.T.);
#18621 = ORIENTED_EDGE('',*,*,#18586,.F.);
#18622 = ORIENTED_EDGE('',*,*,#4679,.F.);
#18623 = PLANE('',#18624);
#18624 = AXIS2_PLACEMENT_3D('',#18625,#18626,#18627);
#18625 = CARTESIAN_POINT('',(68.999892,-42.99991,0.));
#18626 = DIRECTION('',(-0.992277876714,-0.124034734589,0.));
#18627 = DIRECTION('',(-0.124034734589,0.992277876714,0.));
#18628 = ADVANCED_FACE('',(#18629),#18645,.T.);
#18629 = FACE_BOUND('',#18630,.T.);
#18630 = EDGE_LOOP('',(#18631,#18637,#18638,#18644));
#18631 = ORIENTED_EDGE('',*,*,#18632,.T.);
#18632 = EDGE_CURVE('',#4728,#9658,#18633,.T.);
#18633 = LINE('',#18634,#18635);
#18634 = CARTESIAN_POINT('',(73.999892,-19.99991,0.));
#18635 = VECTOR('',#18636,1.);
#18636 = DIRECTION('',(0.,0.,1.));
#18637 = ORIENTED_EDGE('',*,*,#9657,.T.);
#18638 = ORIENTED_EDGE('',*,*,#18639,.F.);
#18639 = EDGE_CURVE('',#4730,#9660,#18640,.T.);
#18640 = LINE('',#18641,#18642);
#18641 = CARTESIAN_POINT('',(74.999892,-27.99991,0.));
#18642 = VECTOR('',#18643,1.);
#18643 = DIRECTION('',(0.,0.,1.));
#18644 = ORIENTED_EDGE('',*,*,#4727,.F.);
#18645 = PLANE('',#18646);
#18646 = AXIS2_PLACEMENT_3D('',#18647,#18648,#18649);
#18647 = CARTESIAN_POINT('',(73.999892,-19.99991,0.));
#18648 = DIRECTION('',(0.992277876714,0.124034734589,-0.));
#18649 = DIRECTION('',(0.124034734589,-0.992277876714,0.));
#18650 = ADVANCED_FACE('',(#18651),#18662,.T.);
#18651 = FACE_BOUND('',#18652,.T.);
#18652 = EDGE_LOOP('',(#18653,#18659,#18660,#18661));
#18653 = ORIENTED_EDGE('',*,*,#18654,.T.);
#18654 = EDGE_CURVE('',#4738,#9668,#18655,.T.);
#18655 = LINE('',#18656,#18657);
#18656 = CARTESIAN_POINT('',(73.999892,-18.99991,0.));
#18657 = VECTOR('',#18658,1.);
#18658 = DIRECTION('',(0.,0.,1.));
#18659 = ORIENTED_EDGE('',*,*,#9667,.T.);
#18660 = ORIENTED_EDGE('',*,*,#18632,.F.);
#18661 = ORIENTED_EDGE('',*,*,#4737,.F.);
#18662 = PLANE('',#18663);
#18663 = AXIS2_PLACEMENT_3D('',#18664,#18665,#18666);
#18664 = CARTESIAN_POINT('',(73.999892,-18.99991,0.));
#18665 = DIRECTION('',(1.,0.,-0.));
#18666 = DIRECTION('',(0.,-1.,0.));
#18667 = ADVANCED_FACE('',(#18668),#18679,.T.);
#18668 = FACE_BOUND('',#18669,.T.);
#18669 = EDGE_LOOP('',(#18670,#18671,#18672,#18678));
#18670 = ORIENTED_EDGE('',*,*,#18639,.T.);
#18671 = ORIENTED_EDGE('',*,*,#9747,.T.);
#18672 = ORIENTED_EDGE('',*,*,#18673,.F.);
#18673 = EDGE_CURVE('',#4810,#9740,#18674,.T.);
#18674 = LINE('',#18675,#18676);
#18675 = CARTESIAN_POINT('',(74.999892,-34.99991,0.));
#18676 = VECTOR('',#18677,1.);
#18677 = DIRECTION('',(0.,0.,1.));
#18678 = ORIENTED_EDGE('',*,*,#4817,.F.);
#18679 = PLANE('',#18680);
#18680 = AXIS2_PLACEMENT_3D('',#18681,#18682,#18683);
#18681 = CARTESIAN_POINT('',(74.999892,-27.99991,0.));
#18682 = DIRECTION('',(1.,0.,-0.));
#18683 = DIRECTION('',(0.,-1.,0.));
#18684 = ADVANCED_FACE('',(#18685),#18696,.T.);
#18685 = FACE_BOUND('',#18686,.T.);
#18686 = EDGE_LOOP('',(#18687,#18693,#18694,#18695));
#18687 = ORIENTED_EDGE('',*,*,#18688,.T.);
#18688 = EDGE_CURVE('',#4746,#9676,#18689,.T.);
#18689 = LINE('',#18690,#18691);
#18690 = CARTESIAN_POINT('',(80.999892,-18.99991,0.));
#18691 = VECTOR('',#18692,1.);
#18692 = DIRECTION('',(0.,0.,1.));
#18693 = ORIENTED_EDGE('',*,*,#9675,.T.);
#18694 = ORIENTED_EDGE('',*,*,#18654,.F.);
#18695 = ORIENTED_EDGE('',*,*,#4745,.F.);
#18696 = PLANE('',#18697);
#18697 = AXIS2_PLACEMENT_3D('',#18698,#18699,#18700);
#18698 = CARTESIAN_POINT('',(80.999892,-18.99991,0.));
#18699 = DIRECTION('',(0.,-1.,0.));
#18700 = DIRECTION('',(-1.,0.,0.));
#18701 = ADVANCED_FACE('',(#18702),#18713,.T.);
#18702 = FACE_BOUND('',#18703,.T.);
#18703 = EDGE_LOOP('',(#18704,#18705,#18706,#18712));
#18704 = ORIENTED_EDGE('',*,*,#18673,.T.);
#18705 = ORIENTED_EDGE('',*,*,#9739,.T.);
#18706 = ORIENTED_EDGE('',*,*,#18707,.F.);
#18707 = EDGE_CURVE('',#4802,#9732,#18708,.T.);
#18708 = LINE('',#18709,#18710);
#18709 = CARTESIAN_POINT('',(73.999892,-42.99991,0.));
#18710 = VECTOR('',#18711,1.);
#18711 = DIRECTION('',(0.,0.,1.));
#18712 = ORIENTED_EDGE('',*,*,#4809,.F.);
#18713 = PLANE('',#18714);
#18714 = AXIS2_PLACEMENT_3D('',#18715,#18716,#18717);
#18715 = CARTESIAN_POINT('',(74.999892,-34.99991,0.));
#18716 = DIRECTION('',(0.992277876714,-0.124034734589,0.));
#18717 = DIRECTION('',(-0.124034734589,-0.992277876714,0.));
#18718 = ADVANCED_FACE('',(#18719),#18730,.T.);
#18719 = FACE_BOUND('',#18720,.T.);
#18720 = EDGE_LOOP('',(#18721,#18727,#18728,#18729));
#18721 = ORIENTED_EDGE('',*,*,#18722,.T.);
#18722 = EDGE_CURVE('',#4754,#9684,#18723,.T.);
#18723 = LINE('',#18724,#18725);
#18724 = CARTESIAN_POINT('',(80.999892,-20.99991,0.));
#18725 = VECTOR('',#18726,1.);
#18726 = DIRECTION('',(0.,0.,1.));
#18727 = ORIENTED_EDGE('',*,*,#9683,.T.);
#18728 = ORIENTED_EDGE('',*,*,#18688,.F.);
#18729 = ORIENTED_EDGE('',*,*,#4753,.F.);
#18730 = PLANE('',#18731);
#18731 = AXIS2_PLACEMENT_3D('',#18732,#18733,#18734);
#18732 = CARTESIAN_POINT('',(80.999892,-20.99991,0.));
#18733 = DIRECTION('',(-1.,0.,0.));
#18734 = DIRECTION('',(0.,1.,0.));
#18735 = ADVANCED_FACE('',(#18736),#18747,.T.);
#18736 = FACE_BOUND('',#18737,.T.);
#18737 = EDGE_LOOP('',(#18738,#18739,#18740,#18746));
#18738 = ORIENTED_EDGE('',*,*,#18707,.T.);
#18739 = ORIENTED_EDGE('',*,*,#9731,.T.);
#18740 = ORIENTED_EDGE('',*,*,#18741,.F.);
#18741 = EDGE_CURVE('',#4794,#9724,#18742,.T.);
#18742 = LINE('',#18743,#18744);
#18743 = CARTESIAN_POINT('',(73.999892,-43.99991,0.));
#18744 = VECTOR('',#18745,1.);
#18745 = DIRECTION('',(0.,0.,1.));
#18746 = ORIENTED_EDGE('',*,*,#4801,.F.);
#18747 = PLANE('',#18748);
#18748 = AXIS2_PLACEMENT_3D('',#18749,#18750,#18751);
#18749 = CARTESIAN_POINT('',(73.999892,-42.99991,0.));
#18750 = DIRECTION('',(1.,0.,-0.));
#18751 = DIRECTION('',(0.,-1.,0.));
#18752 = ADVANCED_FACE('',(#18753),#18764,.T.);
#18753 = FACE_BOUND('',#18754,.T.);
#18754 = EDGE_LOOP('',(#18755,#18761,#18762,#18763));
#18755 = ORIENTED_EDGE('',*,*,#18756,.T.);
#18756 = EDGE_CURVE('',#4762,#9692,#18757,.T.);
#18757 = LINE('',#18758,#18759);
#18758 = CARTESIAN_POINT('',(79.999892,-27.99991,0.));
#18759 = VECTOR('',#18760,1.);
#18760 = DIRECTION('',(0.,0.,1.));
#18761 = ORIENTED_EDGE('',*,*,#9691,.T.);
#18762 = ORIENTED_EDGE('',*,*,#18722,.F.);
#18763 = ORIENTED_EDGE('',*,*,#4761,.F.);
#18764 = PLANE('',#18765);
#18765 = AXIS2_PLACEMENT_3D('',#18766,#18767,#18768);
#18766 = CARTESIAN_POINT('',(79.999892,-27.99991,0.));
#18767 = DIRECTION('',(-0.989949493661,0.141421356237,0.));
#18768 = DIRECTION('',(0.141421356237,0.989949493661,0.));
#18769 = ADVANCED_FACE('',(#18770),#18781,.T.);
#18770 = FACE_BOUND('',#18771,.T.);
#18771 = EDGE_LOOP('',(#18772,#18773,#18774,#18780));
#18772 = ORIENTED_EDGE('',*,*,#18741,.T.);
#18773 = ORIENTED_EDGE('',*,*,#9723,.T.);
#18774 = ORIENTED_EDGE('',*,*,#18775,.F.);
#18775 = EDGE_CURVE('',#4786,#9716,#18776,.T.);
#18776 = LINE('',#18777,#18778);
#18777 = CARTESIAN_POINT('',(80.999892,-43.99991,0.));
#18778 = VECTOR('',#18779,1.);
#18779 = DIRECTION('',(0.,0.,1.));
#18780 = ORIENTED_EDGE('',*,*,#4793,.F.);
#18781 = PLANE('',#18782);
#18782 = AXIS2_PLACEMENT_3D('',#18783,#18784,#18785);
#18783 = CARTESIAN_POINT('',(73.999892,-43.99991,0.));
#18784 = DIRECTION('',(0.,1.,0.));
#18785 = DIRECTION('',(1.,0.,0.));
#18786 = ADVANCED_FACE('',(#18787),#18798,.T.);
#18787 = FACE_BOUND('',#18788,.T.);
#18788 = EDGE_LOOP('',(#18789,#18795,#18796,#18797));
#18789 = ORIENTED_EDGE('',*,*,#18790,.T.);
#18790 = EDGE_CURVE('',#4770,#9700,#18791,.T.);
#18791 = LINE('',#18792,#18793);
#18792 = CARTESIAN_POINT('',(79.999892,-34.99991,0.));
#18793 = VECTOR('',#18794,1.);
#18794 = DIRECTION('',(0.,0.,1.));
#18795 = ORIENTED_EDGE('',*,*,#9699,.T.);
#18796 = ORIENTED_EDGE('',*,*,#18756,.F.);
#18797 = ORIENTED_EDGE('',*,*,#4769,.F.);
#18798 = PLANE('',#18799);
#18799 = AXIS2_PLACEMENT_3D('',#18800,#18801,#18802);
#18800 = CARTESIAN_POINT('',(79.999892,-34.99991,0.));
#18801 = DIRECTION('',(-1.,0.,0.));
#18802 = DIRECTION('',(0.,1.,0.));
#18803 = ADVANCED_FACE('',(#18804),#18815,.T.);
#18804 = FACE_BOUND('',#18805,.T.);
#18805 = EDGE_LOOP('',(#18806,#18807,#18808,#18814));
#18806 = ORIENTED_EDGE('',*,*,#18775,.T.);
#18807 = ORIENTED_EDGE('',*,*,#9715,.T.);
#18808 = ORIENTED_EDGE('',*,*,#18809,.F.);
#18809 = EDGE_CURVE('',#4778,#9708,#18810,.T.);
#18810 = LINE('',#18811,#18812);
#18811 = CARTESIAN_POINT('',(80.999892,-42.99991,0.));
#18812 = VECTOR('',#18813,1.);
#18813 = DIRECTION('',(0.,0.,1.));
#18814 = ORIENTED_EDGE('',*,*,#4785,.F.);
#18815 = PLANE('',#18816);
#18816 = AXIS2_PLACEMENT_3D('',#18817,#18818,#18819);
#18817 = CARTESIAN_POINT('',(80.999892,-43.99991,0.));
#18818 = DIRECTION('',(-1.,0.,0.));
#18819 = DIRECTION('',(0.,1.,0.));
#18820 = ADVANCED_FACE('',(#18821),#18827,.T.);
#18821 = FACE_BOUND('',#18822,.T.);
#18822 = EDGE_LOOP('',(#18823,#18824,#18825,#18826));
#18823 = ORIENTED_EDGE('',*,*,#18809,.T.);
#18824 = ORIENTED_EDGE('',*,*,#9707,.T.);
#18825 = ORIENTED_EDGE('',*,*,#18790,.F.);
#18826 = ORIENTED_EDGE('',*,*,#4777,.F.);
#18827 = PLANE('',#18828);
#18828 = AXIS2_PLACEMENT_3D('',#18829,#18830,#18831);
#18829 = CARTESIAN_POINT('',(80.999892,-42.99991,0.));
#18830 = DIRECTION('',(-0.992277876714,-0.124034734589,0.));
#18831 = DIRECTION('',(-0.124034734589,0.992277876714,0.));
#18832 = ADVANCED_FACE('',(#18833),#18844,.F.);
#18833 = FACE_BOUND('',#18834,.T.);
#18834 = EDGE_LOOP('',(#18835,#18836,#18842,#18843));
#18835 = ORIENTED_EDGE('',*,*,#4825,.T.);
#18836 = ORIENTED_EDGE('',*,*,#18837,.T.);
#18837 = EDGE_CURVE('',#4826,#9756,#18838,.T.);
#18838 = LINE('',#18839,#18840);
#18839 = CARTESIAN_POINT('',(71.499892,-18.59991,-4.6E-02));
#18840 = VECTOR('',#18841,1.);
#18841 = DIRECTION('',(0.,0.,1.));
#18842 = ORIENTED_EDGE('',*,*,#9755,.F.);
#18843 = ORIENTED_EDGE('',*,*,#18837,.F.);
#18844 = CYLINDRICAL_SURFACE('',#18845,0.6);
#18845 = AXIS2_PLACEMENT_3D('',#18846,#18847,#18848);
#18846 = CARTESIAN_POINT('',(71.499892,-17.99991,-4.6E-02));
#18847 = DIRECTION('',(-0.,0.,-1.));
#18848 = DIRECTION('',(2.368475785867E-14,-1.,-0.));
#18849 = ADVANCED_FACE('',(#18850),#18861,.F.);
#18850 = FACE_BOUND('',#18851,.T.);
#18851 = EDGE_LOOP('',(#18852,#18853,#18859,#18860));
#18852 = ORIENTED_EDGE('',*,*,#4836,.T.);
#18853 = ORIENTED_EDGE('',*,*,#18854,.T.);
#18854 = EDGE_CURVE('',#4837,#9767,#18855,.T.);
#18855 = LINE('',#18856,#18857);
#18856 = CARTESIAN_POINT('',(83.499892,-18.59991,-4.6E-02));
#18857 = VECTOR('',#18858,1.);
#18858 = DIRECTION('',(0.,0.,1.));
#18859 = ORIENTED_EDGE('',*,*,#9766,.F.);
#18860 = ORIENTED_EDGE('',*,*,#18854,.F.);
#18861 = CYLINDRICAL_SURFACE('',#18862,0.6);
#18862 = AXIS2_PLACEMENT_3D('',#18863,#18864,#18865);
#18863 = CARTESIAN_POINT('',(83.499892,-17.99991,-4.6E-02));
#18864 = DIRECTION('',(-0.,0.,-1.));
#18865 = DIRECTION('',(2.368475785867E-14,-1.,-0.));
#18866 = ADVANCED_FACE('',(#18867),#18883,.T.);
#18867 = FACE_BOUND('',#18868,.T.);
#18868 = EDGE_LOOP('',(#18869,#18875,#18876,#18882));
#18869 = ORIENTED_EDGE('',*,*,#18870,.T.);
#18870 = EDGE_CURVE('',#4848,#9778,#18871,.T.);
#18871 = LINE('',#18872,#18873);
#18872 = CARTESIAN_POINT('',(85.999892,-19.99991,0.));
#18873 = VECTOR('',#18874,1.);
#18874 = DIRECTION('',(0.,0.,1.));
#18875 = ORIENTED_EDGE('',*,*,#9777,.T.);
#18876 = ORIENTED_EDGE('',*,*,#18877,.F.);
#18877 = EDGE_CURVE('',#4850,#9780,#18878,.T.);
#18878 = LINE('',#18879,#18880);
#18879 = CARTESIAN_POINT('',(86.999892,-27.99991,0.));
#18880 = VECTOR('',#18881,1.);
#18881 = DIRECTION('',(0.,0.,1.));
#18882 = ORIENTED_EDGE('',*,*,#4847,.F.);
#18883 = PLANE('',#18884);
#18884 = AXIS2_PLACEMENT_3D('',#18885,#18886,#18887);
#18885 = CARTESIAN_POINT('',(85.999892,-19.99991,0.));
#18886 = DIRECTION('',(0.992277876714,0.124034734589,-0.));
#18887 = DIRECTION('',(0.124034734589,-0.992277876714,0.));
#18888 = ADVANCED_FACE('',(#18889),#18900,.T.);
#18889 = FACE_BOUND('',#18890,.T.);
#18890 = EDGE_LOOP('',(#18891,#18897,#18898,#18899));
#18891 = ORIENTED_EDGE('',*,*,#18892,.T.);
#18892 = EDGE_CURVE('',#4858,#9788,#18893,.T.);
#18893 = LINE('',#18894,#18895);
#18894 = CARTESIAN_POINT('',(85.999892,-18.99991,0.));
#18895 = VECTOR('',#18896,1.);
#18896 = DIRECTION('',(0.,0.,1.));
#18897 = ORIENTED_EDGE('',*,*,#9787,.T.);
#18898 = ORIENTED_EDGE('',*,*,#18870,.F.);
#18899 = ORIENTED_EDGE('',*,*,#4857,.F.);
#18900 = PLANE('',#18901);
#18901 = AXIS2_PLACEMENT_3D('',#18902,#18903,#18904);
#18902 = CARTESIAN_POINT('',(85.999892,-18.99991,0.));
#18903 = DIRECTION('',(1.,0.,-0.));
#18904 = DIRECTION('',(0.,-1.,0.));
#18905 = ADVANCED_FACE('',(#18906),#18917,.T.);
#18906 = FACE_BOUND('',#18907,.T.);
#18907 = EDGE_LOOP('',(#18908,#18909,#18910,#18916));
#18908 = ORIENTED_EDGE('',*,*,#18877,.T.);
#18909 = ORIENTED_EDGE('',*,*,#9867,.T.);
#18910 = ORIENTED_EDGE('',*,*,#18911,.F.);
#18911 = EDGE_CURVE('',#4930,#9860,#18912,.T.);
#18912 = LINE('',#18913,#18914);
#18913 = CARTESIAN_POINT('',(86.999892,-34.99991,0.));
#18914 = VECTOR('',#18915,1.);
#18915 = DIRECTION('',(0.,0.,1.));
#18916 = ORIENTED_EDGE('',*,*,#4937,.F.);
#18917 = PLANE('',#18918);
#18918 = AXIS2_PLACEMENT_3D('',#18919,#18920,#18921);
#18919 = CARTESIAN_POINT('',(86.999892,-27.99991,0.));
#18920 = DIRECTION('',(1.,0.,-0.));
#18921 = DIRECTION('',(0.,-1.,0.));
#18922 = ADVANCED_FACE('',(#18923),#18934,.T.);
#18923 = FACE_BOUND('',#18924,.T.);
#18924 = EDGE_LOOP('',(#18925,#18931,#18932,#18933));
#18925 = ORIENTED_EDGE('',*,*,#18926,.T.);
#18926 = EDGE_CURVE('',#4866,#9796,#18927,.T.);
#18927 = LINE('',#18928,#18929);
#18928 = CARTESIAN_POINT('',(92.999892,-18.99991,0.));
#18929 = VECTOR('',#18930,1.);
#18930 = DIRECTION('',(0.,0.,1.));
#18931 = ORIENTED_EDGE('',*,*,#9795,.T.);
#18932 = ORIENTED_EDGE('',*,*,#18892,.F.);
#18933 = ORIENTED_EDGE('',*,*,#4865,.F.);
#18934 = PLANE('',#18935);
#18935 = AXIS2_PLACEMENT_3D('',#18936,#18937,#18938);
#18936 = CARTESIAN_POINT('',(92.999892,-18.99991,0.));
#18937 = DIRECTION('',(0.,-1.,0.));
#18938 = DIRECTION('',(-1.,0.,0.));
#18939 = ADVANCED_FACE('',(#18940),#18951,.T.);
#18940 = FACE_BOUND('',#18941,.T.);
#18941 = EDGE_LOOP('',(#18942,#18943,#18944,#18950));
#18942 = ORIENTED_EDGE('',*,*,#18911,.T.);
#18943 = ORIENTED_EDGE('',*,*,#9859,.T.);
#18944 = ORIENTED_EDGE('',*,*,#18945,.F.);
#18945 = EDGE_CURVE('',#4922,#9852,#18946,.T.);
#18946 = LINE('',#18947,#18948);
#18947 = CARTESIAN_POINT('',(85.999892,-42.99991,0.));
#18948 = VECTOR('',#18949,1.);
#18949 = DIRECTION('',(0.,0.,1.));
#18950 = ORIENTED_EDGE('',*,*,#4929,.F.);
#18951 = PLANE('',#18952);
#18952 = AXIS2_PLACEMENT_3D('',#18953,#18954,#18955);
#18953 = CARTESIAN_POINT('',(86.999892,-34.99991,0.));
#18954 = DIRECTION('',(0.992277876714,-0.124034734589,0.));
#18955 = DIRECTION('',(-0.124034734589,-0.992277876714,0.));
#18956 = ADVANCED_FACE('',(#18957),#18968,.T.);
#18957 = FACE_BOUND('',#18958,.T.);
#18958 = EDGE_LOOP('',(#18959,#18965,#18966,#18967));
#18959 = ORIENTED_EDGE('',*,*,#18960,.T.);
#18960 = EDGE_CURVE('',#4874,#9804,#18961,.T.);
#18961 = LINE('',#18962,#18963);
#18962 = CARTESIAN_POINT('',(92.999892,-20.99991,0.));
#18963 = VECTOR('',#18964,1.);
#18964 = DIRECTION('',(0.,0.,1.));
#18965 = ORIENTED_EDGE('',*,*,#9803,.T.);
#18966 = ORIENTED_EDGE('',*,*,#18926,.F.);
#18967 = ORIENTED_EDGE('',*,*,#4873,.F.);
#18968 = PLANE('',#18969);
#18969 = AXIS2_PLACEMENT_3D('',#18970,#18971,#18972);
#18970 = CARTESIAN_POINT('',(92.999892,-20.99991,0.));
#18971 = DIRECTION('',(-1.,0.,0.));
#18972 = DIRECTION('',(0.,1.,0.));
#18973 = ADVANCED_FACE('',(#18974),#18985,.T.);
#18974 = FACE_BOUND('',#18975,.T.);
#18975 = EDGE_LOOP('',(#18976,#18977,#18978,#18984));
#18976 = ORIENTED_EDGE('',*,*,#18945,.T.);
#18977 = ORIENTED_EDGE('',*,*,#9851,.T.);
#18978 = ORIENTED_EDGE('',*,*,#18979,.F.);
#18979 = EDGE_CURVE('',#4914,#9844,#18980,.T.);
#18980 = LINE('',#18981,#18982);
#18981 = CARTESIAN_POINT('',(85.999892,-43.99991,0.));
#18982 = VECTOR('',#18983,1.);
#18983 = DIRECTION('',(0.,0.,1.));
#18984 = ORIENTED_EDGE('',*,*,#4921,.F.);
#18985 = PLANE('',#18986);
#18986 = AXIS2_PLACEMENT_3D('',#18987,#18988,#18989);
#18987 = CARTESIAN_POINT('',(85.999892,-42.99991,0.));
#18988 = DIRECTION('',(1.,0.,-0.));
#18989 = DIRECTION('',(0.,-1.,0.));
#18990 = ADVANCED_FACE('',(#18991),#19002,.T.);
#18991 = FACE_BOUND('',#18992,.T.);
#18992 = EDGE_LOOP('',(#18993,#18999,#19000,#19001));
#18993 = ORIENTED_EDGE('',*,*,#18994,.T.);
#18994 = EDGE_CURVE('',#4882,#9812,#18995,.T.);
#18995 = LINE('',#18996,#18997);
#18996 = CARTESIAN_POINT('',(91.999892,-27.99991,0.));
#18997 = VECTOR('',#18998,1.);
#18998 = DIRECTION('',(0.,0.,1.));
#18999 = ORIENTED_EDGE('',*,*,#9811,.T.);
#19000 = ORIENTED_EDGE('',*,*,#18960,.F.);
#19001 = ORIENTED_EDGE('',*,*,#4881,.F.);
#19002 = PLANE('',#19003);
#19003 = AXIS2_PLACEMENT_3D('',#19004,#19005,#19006);
#19004 = CARTESIAN_POINT('',(91.999892,-27.99991,0.));
#19005 = DIRECTION('',(-0.989949493661,0.141421356237,0.));
#19006 = DIRECTION('',(0.141421356237,0.989949493661,0.));
#19007 = ADVANCED_FACE('',(#19008),#19019,.T.);
#19008 = FACE_BOUND('',#19009,.T.);
#19009 = EDGE_LOOP('',(#19010,#19011,#19012,#19018));
#19010 = ORIENTED_EDGE('',*,*,#18979,.T.);
#19011 = ORIENTED_EDGE('',*,*,#9843,.T.);
#19012 = ORIENTED_EDGE('',*,*,#19013,.F.);
#19013 = EDGE_CURVE('',#4906,#9836,#19014,.T.);
#19014 = LINE('',#19015,#19016);
#19015 = CARTESIAN_POINT('',(92.999892,-43.99991,0.));
#19016 = VECTOR('',#19017,1.);
#19017 = DIRECTION('',(0.,0.,1.));
#19018 = ORIENTED_EDGE('',*,*,#4913,.F.);
#19019 = PLANE('',#19020);
#19020 = AXIS2_PLACEMENT_3D('',#19021,#19022,#19023);
#19021 = CARTESIAN_POINT('',(85.999892,-43.99991,0.));
#19022 = DIRECTION('',(0.,1.,0.));
#19023 = DIRECTION('',(1.,0.,0.));
#19024 = ADVANCED_FACE('',(#19025),#19036,.T.);
#19025 = FACE_BOUND('',#19026,.T.);
#19026 = EDGE_LOOP('',(#19027,#19033,#19034,#19035));
#19027 = ORIENTED_EDGE('',*,*,#19028,.T.);
#19028 = EDGE_CURVE('',#4890,#9820,#19029,.T.);
#19029 = LINE('',#19030,#19031);
#19030 = CARTESIAN_POINT('',(91.999892,-34.99991,0.));
#19031 = VECTOR('',#19032,1.);
#19032 = DIRECTION('',(0.,0.,1.));
#19033 = ORIENTED_EDGE('',*,*,#9819,.T.);
#19034 = ORIENTED_EDGE('',*,*,#18994,.F.);
#19035 = ORIENTED_EDGE('',*,*,#4889,.F.);
#19036 = PLANE('',#19037);
#19037 = AXIS2_PLACEMENT_3D('',#19038,#19039,#19040);
#19038 = CARTESIAN_POINT('',(91.999892,-34.99991,0.));
#19039 = DIRECTION('',(-1.,0.,0.));
#19040 = DIRECTION('',(0.,1.,0.));
#19041 = ADVANCED_FACE('',(#19042),#19053,.T.);
#19042 = FACE_BOUND('',#19043,.T.);
#19043 = EDGE_LOOP('',(#19044,#19045,#19046,#19052));
#19044 = ORIENTED_EDGE('',*,*,#19013,.T.);
#19045 = ORIENTED_EDGE('',*,*,#9835,.T.);
#19046 = ORIENTED_EDGE('',*,*,#19047,.F.);
#19047 = EDGE_CURVE('',#4898,#9828,#19048,.T.);
#19048 = LINE('',#19049,#19050);
#19049 = CARTESIAN_POINT('',(92.999892,-42.99991,0.));
#19050 = VECTOR('',#19051,1.);
#19051 = DIRECTION('',(0.,0.,1.));
#19052 = ORIENTED_EDGE('',*,*,#4905,.F.);
#19053 = PLANE('',#19054);
#19054 = AXIS2_PLACEMENT_3D('',#19055,#19056,#19057);
#19055 = CARTESIAN_POINT('',(92.999892,-43.99991,0.));
#19056 = DIRECTION('',(-1.,0.,0.));
#19057 = DIRECTION('',(0.,1.,0.));
#19058 = ADVANCED_FACE('',(#19059),#19065,.T.);
#19059 = FACE_BOUND('',#19060,.T.);
#19060 = EDGE_LOOP('',(#19061,#19062,#19063,#19064));
#19061 = ORIENTED_EDGE('',*,*,#19047,.T.);
#19062 = ORIENTED_EDGE('',*,*,#9827,.T.);
#19063 = ORIENTED_EDGE('',*,*,#19028,.F.);
#19064 = ORIENTED_EDGE('',*,*,#4897,.F.);
#19065 = PLANE('',#19066);
#19066 = AXIS2_PLACEMENT_3D('',#19067,#19068,#19069);
#19067 = CARTESIAN_POINT('',(92.999892,-42.99991,0.));
#19068 = DIRECTION('',(-0.992277876714,-0.124034734589,0.));
#19069 = DIRECTION('',(-0.124034734589,0.992277876714,0.));
#19070 = ADVANCED_FACE('',(#19071),#19087,.T.);
#19071 = FACE_BOUND('',#19072,.T.);
#19072 = EDGE_LOOP('',(#19073,#19079,#19080,#19086));
#19073 = ORIENTED_EDGE('',*,*,#19074,.T.);
#19074 = EDGE_CURVE('',#4946,#9876,#19075,.T.);
#19075 = LINE('',#19076,#19077);
#19076 = CARTESIAN_POINT('',(97.999892,-19.99991,0.));
#19077 = VECTOR('',#19078,1.);
#19078 = DIRECTION('',(0.,0.,1.));
#19079 = ORIENTED_EDGE('',*,*,#9875,.T.);
#19080 = ORIENTED_EDGE('',*,*,#19081,.F.);
#19081 = EDGE_CURVE('',#4948,#9878,#19082,.T.);
#19082 = LINE('',#19083,#19084);
#19083 = CARTESIAN_POINT('',(98.999892,-27.99991,0.));
#19084 = VECTOR('',#19085,1.);
#19085 = DIRECTION('',(0.,0.,1.));
#19086 = ORIENTED_EDGE('',*,*,#4945,.F.);
#19087 = PLANE('',#19088);
#19088 = AXIS2_PLACEMENT_3D('',#19089,#19090,#19091);
#19089 = CARTESIAN_POINT('',(97.999892,-19.99991,0.));
#19090 = DIRECTION('',(0.992277876714,0.124034734589,-0.));
#19091 = DIRECTION('',(0.124034734589,-0.992277876714,0.));
#19092 = ADVANCED_FACE('',(#19093),#19104,.T.);
#19093 = FACE_BOUND('',#19094,.T.);
#19094 = EDGE_LOOP('',(#19095,#19101,#19102,#19103));
#19095 = ORIENTED_EDGE('',*,*,#19096,.T.);
#19096 = EDGE_CURVE('',#4956,#9886,#19097,.T.);
#19097 = LINE('',#19098,#19099);
#19098 = CARTESIAN_POINT('',(97.999892,-18.99991,0.));
#19099 = VECTOR('',#19100,1.);
#19100 = DIRECTION('',(0.,0.,1.));
#19101 = ORIENTED_EDGE('',*,*,#9885,.T.);
#19102 = ORIENTED_EDGE('',*,*,#19074,.F.);
#19103 = ORIENTED_EDGE('',*,*,#4955,.F.);
#19104 = PLANE('',#19105);
#19105 = AXIS2_PLACEMENT_3D('',#19106,#19107,#19108);
#19106 = CARTESIAN_POINT('',(97.999892,-18.99991,0.));
#19107 = DIRECTION('',(1.,0.,-0.));
#19108 = DIRECTION('',(0.,-1.,0.));
#19109 = ADVANCED_FACE('',(#19110),#19121,.T.);
#19110 = FACE_BOUND('',#19111,.T.);
#19111 = EDGE_LOOP('',(#19112,#19113,#19114,#19120));
#19112 = ORIENTED_EDGE('',*,*,#19081,.T.);
#19113 = ORIENTED_EDGE('',*,*,#9965,.T.);
#19114 = ORIENTED_EDGE('',*,*,#19115,.F.);
#19115 = EDGE_CURVE('',#5028,#9958,#19116,.T.);
#19116 = LINE('',#19117,#19118);
#19117 = CARTESIAN_POINT('',(98.999892,-34.99991,0.));
#19118 = VECTOR('',#19119,1.);
#19119 = DIRECTION('',(0.,0.,1.));
#19120 = ORIENTED_EDGE('',*,*,#5035,.F.);
#19121 = PLANE('',#19122);
#19122 = AXIS2_PLACEMENT_3D('',#19123,#19124,#19125);
#19123 = CARTESIAN_POINT('',(98.999892,-27.99991,0.));
#19124 = DIRECTION('',(1.,0.,-0.));
#19125 = DIRECTION('',(0.,-1.,0.));
#19126 = ADVANCED_FACE('',(#19127),#19138,.T.);
#19127 = FACE_BOUND('',#19128,.T.);
#19128 = EDGE_LOOP('',(#19129,#19135,#19136,#19137));
#19129 = ORIENTED_EDGE('',*,*,#19130,.T.);
#19130 = EDGE_CURVE('',#4964,#9894,#19131,.T.);
#19131 = LINE('',#19132,#19133);
#19132 = CARTESIAN_POINT('',(104.999892,-18.99991,0.));
#19133 = VECTOR('',#19134,1.);
#19134 = DIRECTION('',(0.,0.,1.));
#19135 = ORIENTED_EDGE('',*,*,#9893,.T.);
#19136 = ORIENTED_EDGE('',*,*,#19096,.F.);
#19137 = ORIENTED_EDGE('',*,*,#4963,.F.);
#19138 = PLANE('',#19139);
#19139 = AXIS2_PLACEMENT_3D('',#19140,#19141,#19142);
#19140 = CARTESIAN_POINT('',(104.999892,-18.99991,0.));
#19141 = DIRECTION('',(0.,-1.,0.));
#19142 = DIRECTION('',(-1.,0.,0.));
#19143 = ADVANCED_FACE('',(#19144),#19155,.T.);
#19144 = FACE_BOUND('',#19145,.T.);
#19145 = EDGE_LOOP('',(#19146,#19147,#19148,#19154));
#19146 = ORIENTED_EDGE('',*,*,#19115,.T.);
#19147 = ORIENTED_EDGE('',*,*,#9957,.T.);
#19148 = ORIENTED_EDGE('',*,*,#19149,.F.);
#19149 = EDGE_CURVE('',#5020,#9950,#19150,.T.);
#19150 = LINE('',#19151,#19152);
#19151 = CARTESIAN_POINT('',(97.999892,-42.99991,0.));
#19152 = VECTOR('',#19153,1.);
#19153 = DIRECTION('',(0.,0.,1.));
#19154 = ORIENTED_EDGE('',*,*,#5027,.F.);
#19155 = PLANE('',#19156);
#19156 = AXIS2_PLACEMENT_3D('',#19157,#19158,#19159);
#19157 = CARTESIAN_POINT('',(98.999892,-34.99991,0.));
#19158 = DIRECTION('',(0.992277876714,-0.124034734589,0.));
#19159 = DIRECTION('',(-0.124034734589,-0.992277876714,0.));
#19160 = ADVANCED_FACE('',(#19161),#19172,.T.);
#19161 = FACE_BOUND('',#19162,.T.);
#19162 = EDGE_LOOP('',(#19163,#19169,#19170,#19171));
#19163 = ORIENTED_EDGE('',*,*,#19164,.T.);
#19164 = EDGE_CURVE('',#4972,#9902,#19165,.T.);
#19165 = LINE('',#19166,#19167);
#19166 = CARTESIAN_POINT('',(104.999892,-20.99991,0.));
#19167 = VECTOR('',#19168,1.);
#19168 = DIRECTION('',(0.,0.,1.));
#19169 = ORIENTED_EDGE('',*,*,#9901,.T.);
#19170 = ORIENTED_EDGE('',*,*,#19130,.F.);
#19171 = ORIENTED_EDGE('',*,*,#4971,.F.);
#19172 = PLANE('',#19173);
#19173 = AXIS2_PLACEMENT_3D('',#19174,#19175,#19176);
#19174 = CARTESIAN_POINT('',(104.999892,-20.99991,0.));
#19175 = DIRECTION('',(-1.,0.,0.));
#19176 = DIRECTION('',(0.,1.,0.));
#19177 = ADVANCED_FACE('',(#19178),#19189,.T.);
#19178 = FACE_BOUND('',#19179,.T.);
#19179 = EDGE_LOOP('',(#19180,#19181,#19182,#19188));
#19180 = ORIENTED_EDGE('',*,*,#19149,.T.);
#19181 = ORIENTED_EDGE('',*,*,#9949,.T.);
#19182 = ORIENTED_EDGE('',*,*,#19183,.F.);
#19183 = EDGE_CURVE('',#5012,#9942,#19184,.T.);
#19184 = LINE('',#19185,#19186);
#19185 = CARTESIAN_POINT('',(97.999892,-43.99991,0.));
#19186 = VECTOR('',#19187,1.);
#19187 = DIRECTION('',(0.,0.,1.));
#19188 = ORIENTED_EDGE('',*,*,#5019,.F.);
#19189 = PLANE('',#19190);
#19190 = AXIS2_PLACEMENT_3D('',#19191,#19192,#19193);
#19191 = CARTESIAN_POINT('',(97.999892,-42.99991,0.));
#19192 = DIRECTION('',(1.,0.,-0.));
#19193 = DIRECTION('',(0.,-1.,0.));
#19194 = ADVANCED_FACE('',(#19195),#19206,.T.);
#19195 = FACE_BOUND('',#19196,.T.);
#19196 = EDGE_LOOP('',(#19197,#19203,#19204,#19205));
#19197 = ORIENTED_EDGE('',*,*,#19198,.T.);
#19198 = EDGE_CURVE('',#4980,#9910,#19199,.T.);
#19199 = LINE('',#19200,#19201);
#19200 = CARTESIAN_POINT('',(103.999892,-27.99991,0.));
#19201 = VECTOR('',#19202,1.);
#19202 = DIRECTION('',(0.,0.,1.));
#19203 = ORIENTED_EDGE('',*,*,#9909,.T.);
#19204 = ORIENTED_EDGE('',*,*,#19164,.F.);
#19205 = ORIENTED_EDGE('',*,*,#4979,.F.);
#19206 = PLANE('',#19207);
#19207 = AXIS2_PLACEMENT_3D('',#19208,#19209,#19210);
#19208 = CARTESIAN_POINT('',(103.999892,-27.99991,0.));
#19209 = DIRECTION('',(-0.989949493661,0.141421356237,0.));
#19210 = DIRECTION('',(0.141421356237,0.989949493661,0.));
#19211 = ADVANCED_FACE('',(#19212),#19223,.T.);
#19212 = FACE_BOUND('',#19213,.T.);
#19213 = EDGE_LOOP('',(#19214,#19215,#19216,#19222));
#19214 = ORIENTED_EDGE('',*,*,#19183,.T.);
#19215 = ORIENTED_EDGE('',*,*,#9941,.T.);
#19216 = ORIENTED_EDGE('',*,*,#19217,.F.);
#19217 = EDGE_CURVE('',#5004,#9934,#19218,.T.);
#19218 = LINE('',#19219,#19220);
#19219 = CARTESIAN_POINT('',(104.999892,-43.99991,0.));
#19220 = VECTOR('',#19221,1.);
#19221 = DIRECTION('',(0.,0.,1.));
#19222 = ORIENTED_EDGE('',*,*,#5011,.F.);
#19223 = PLANE('',#19224);
#19224 = AXIS2_PLACEMENT_3D('',#19225,#19226,#19227);
#19225 = CARTESIAN_POINT('',(97.999892,-43.99991,0.));
#19226 = DIRECTION('',(0.,1.,0.));
#19227 = DIRECTION('',(1.,0.,0.));
#19228 = ADVANCED_FACE('',(#19229),#19240,.T.);
#19229 = FACE_BOUND('',#19230,.T.);
#19230 = EDGE_LOOP('',(#19231,#19237,#19238,#19239));
#19231 = ORIENTED_EDGE('',*,*,#19232,.T.);
#19232 = EDGE_CURVE('',#4988,#9918,#19233,.T.);
#19233 = LINE('',#19234,#19235);
#19234 = CARTESIAN_POINT('',(103.999892,-34.99991,0.));
#19235 = VECTOR('',#19236,1.);
#19236 = DIRECTION('',(0.,0.,1.));
#19237 = ORIENTED_EDGE('',*,*,#9917,.T.);
#19238 = ORIENTED_EDGE('',*,*,#19198,.F.);
#19239 = ORIENTED_EDGE('',*,*,#4987,.F.);
#19240 = PLANE('',#19241);
#19241 = AXIS2_PLACEMENT_3D('',#19242,#19243,#19244);
#19242 = CARTESIAN_POINT('',(103.999892,-34.99991,0.));
#19243 = DIRECTION('',(-1.,0.,0.));
#19244 = DIRECTION('',(0.,1.,0.));
#19245 = ADVANCED_FACE('',(#19246),#19257,.T.);
#19246 = FACE_BOUND('',#19247,.T.);
#19247 = EDGE_LOOP('',(#19248,#19249,#19250,#19256));
#19248 = ORIENTED_EDGE('',*,*,#19217,.T.);
#19249 = ORIENTED_EDGE('',*,*,#9933,.T.);
#19250 = ORIENTED_EDGE('',*,*,#19251,.F.);
#19251 = EDGE_CURVE('',#4996,#9926,#19252,.T.);
#19252 = LINE('',#19253,#19254);
#19253 = CARTESIAN_POINT('',(104.999892,-42.99991,0.));
#19254 = VECTOR('',#19255,1.);
#19255 = DIRECTION('',(0.,0.,1.));
#19256 = ORIENTED_EDGE('',*,*,#5003,.F.);
#19257 = PLANE('',#19258);
#19258 = AXIS2_PLACEMENT_3D('',#19259,#19260,#19261);
#19259 = CARTESIAN_POINT('',(104.999892,-43.99991,0.));
#19260 = DIRECTION('',(-1.,0.,0.));
#19261 = DIRECTION('',(0.,1.,0.));
#19262 = ADVANCED_FACE('',(#19263),#19269,.T.);
#19263 = FACE_BOUND('',#19264,.T.);
#19264 = EDGE_LOOP('',(#19265,#19266,#19267,#19268));
#19265 = ORIENTED_EDGE('',*,*,#19251,.T.);
#19266 = ORIENTED_EDGE('',*,*,#9925,.T.);
#19267 = ORIENTED_EDGE('',*,*,#19232,.F.);
#19268 = ORIENTED_EDGE('',*,*,#4995,.F.);
#19269 = PLANE('',#19270);
#19270 = AXIS2_PLACEMENT_3D('',#19271,#19272,#19273);
#19271 = CARTESIAN_POINT('',(104.999892,-42.99991,0.));
#19272 = DIRECTION('',(-0.992277876714,-0.124034734589,0.));
#19273 = DIRECTION('',(-0.124034734589,0.992277876714,0.));
#19274 = ADVANCED_FACE('',(#19275),#19286,.F.);
#19275 = FACE_BOUND('',#19276,.T.);
#19276 = EDGE_LOOP('',(#19277,#19278,#19284,#19285));
#19277 = ORIENTED_EDGE('',*,*,#5043,.T.);
#19278 = ORIENTED_EDGE('',*,*,#19279,.T.);
#19279 = EDGE_CURVE('',#5044,#9974,#19280,.T.);
#19280 = LINE('',#19281,#19282);
#19281 = CARTESIAN_POINT('',(95.499892,-18.59991,-4.6E-02));
#19282 = VECTOR('',#19283,1.);
#19283 = DIRECTION('',(0.,0.,1.));
#19284 = ORIENTED_EDGE('',*,*,#9973,.F.);
#19285 = ORIENTED_EDGE('',*,*,#19279,.F.);
#19286 = CYLINDRICAL_SURFACE('',#19287,0.6);
#19287 = AXIS2_PLACEMENT_3D('',#19288,#19289,#19290);
#19288 = CARTESIAN_POINT('',(95.499892,-17.99991,-4.6E-02));
#19289 = DIRECTION('',(-0.,0.,-1.));
#19290 = DIRECTION('',(2.368475785867E-14,-1.,-0.));
#19291 = ADVANCED_FACE('',(#19292),#19303,.F.);
#19292 = FACE_BOUND('',#19293,.T.);
#19293 = EDGE_LOOP('',(#19294,#19295,#19301,#19302));
#19294 = ORIENTED_EDGE('',*,*,#5054,.T.);
#19295 = ORIENTED_EDGE('',*,*,#19296,.T.);
#19296 = EDGE_CURVE('',#5055,#9985,#19297,.T.);
#19297 = LINE('',#19298,#19299);
#19298 = CARTESIAN_POINT('',(107.499892,-18.59991,-4.6E-02));
#19299 = VECTOR('',#19300,1.);
#19300 = DIRECTION('',(0.,0.,1.));
#19301 = ORIENTED_EDGE('',*,*,#9984,.F.);
#19302 = ORIENTED_EDGE('',*,*,#19296,.F.);
#19303 = CYLINDRICAL_SURFACE('',#19304,0.6);
#19304 = AXIS2_PLACEMENT_3D('',#19305,#19306,#19307);
#19305 = CARTESIAN_POINT('',(107.499892,-17.99991,-4.6E-02));
#19306 = DIRECTION('',(-0.,0.,-1.));
#19307 = DIRECTION('',(2.368475785867E-14,-1.,-0.));
#19308 = ( GEOMETRIC_REPRESENTATION_CONTEXT(3) 
GLOBAL_UNCERTAINTY_ASSIGNED_CONTEXT((#19312)) 
GLOBAL_UNIT_ASSIGNED_CONTEXT((#19309,#19310,#19311)) 
REPRESENTATION_CONTEXT('Context #1',
  '3D Context with UNIT and UNCERTAINTY') );
#19309 = ( LENGTH_UNIT() NAMED_UNIT(*) SI_UNIT(.MILLI.,.METRE.) );
#19310 = ( NAMED_UNIT(*) PLANE_ANGLE_UNIT() SI_UNIT($,.RADIAN.) );
#19311 = ( NAMED_UNIT(*) SI_UNIT($,.STERADIAN.) SOLID_ANGLE_UNIT() );
#19312 = UNCERTAINTY_MEASURE_WITH_UNIT(LENGTH_MEASURE(1.E-07),#19309,
  'distance_accuracy_value','confusion accuracy');
#19313 = CONTEXT_DEPENDENT_SHAPE_REPRESENTATION(#19314,#19316);
#19314 = ( REPRESENTATION_RELATIONSHIP('','',#32,#10) 
REPRESENTATION_RELATIONSHIP_WITH_TRANSFORMATION(#19315) 
SHAPE_REPRESENTATION_RELATIONSHIP() );
#19315 = ITEM_DEFINED_TRANSFORMATION('','',#11,#15);
#19316 = PRODUCT_DEFINITION_SHAPE('Placement','Placement of an item',
  #19317);
#19317 = NEXT_ASSEMBLY_USAGE_OCCURRENCE('175','=>[0:1:1:2]','',#5,#27,$
  );
#19318 = PRODUCT_RELATED_PRODUCT_CATEGORY('part',$,(#29));
#19319 = MECHANICAL_DESIGN_GEOMETRIC_PRESENTATION_REPRESENTATION('',(
    #19320),#19308);
#19320 = STYLED_ITEM('color',(#19321),#33);
#19321 = PRESENTATION_STYLE_ASSIGNMENT((#19322));
#19322 = SURFACE_STYLE_USAGE(.BOTH.,#19323);
#19323 = SURFACE_SIDE_STYLE('',(#19324));
#19324 = SURFACE_STYLE_FILL_AREA(#19325);
#19325 = FILL_AREA_STYLE('',(#19326));
#19326 = FILL_AREA_STYLE_COLOUR('',#19327);
#19327 = COLOUR_RGB('',0.313304153717,0.484529207832,0.410020903123);
ENDSEC;
END-ISO-10303-21;
